step,filter,seed,graph_degree,n_nodes,slab,n_slab,J,L,cells,xdeg,cv2,ari
0,xcoord,0,1.64,100,0,131,10,10,9,0.9,0.2497523454344152,0.7123632191916583
0,xcoord,0,1.64,100,1,131,10,10,8,0.8,0.49408542625721114,0.7718577568987424
0,xcoord,0,1.64,100,2,131,10,10,10,1.0,0.37812481790105473,0.709833249894245
0,xcoord,0,1.64,100,3,132,10,10,9,0.9,0.5268595041322315,0.6571650633879085
0,xcoord,0,1.64,100,4,132,10,10,8,0.8,0.23875114784205692,0.8586335395887303
0,xcoord,0,1.64,100,5,132,10,10,10,1.0,0.1696510560146924,0.5665439955641999
0,xcoord,0,1.64,100,6,131,10,10,11,1.1,0.36338208729095045,0.5225012319454564
0,xcoord,0,1.64,100,7,131,10,10,7,0.7,0.38564186236233317,0.9104740202440793
0,xcoord,0,1.64,100,8,131,10,10,10,1.0,0.3722976516520017,0.6615340003844612
0,xcoord,1,1.64,100,0,131,10,10,8,0.8,0.2153137929025115,0.7670334794301825
0,xcoord,1,1.64,100,1,131,10,10,8,0.8,0.4950177728570596,0.8276208808213968
0,xcoord,1,1.64,100,2,131,10,10,10,1.0,0.16601596643552244,0.5365679891905172
0,xcoord,1,1.64,100,3,132,10,10,9,0.9,0.37603305785123975,0.589763758923316
0,xcoord,1,1.64,100,4,132,10,10,9,0.9,0.2882231404958678,0.7721355460030941
0,xcoord,1,1.64,100,5,132,10,10,10,1.0,0.18457300275482094,0.5445795871243115
0,xcoord,1,1.64,100,6,131,10,10,11,1.1,0.6454169337451199,0.7409601979925834
0,xcoord,1,1.64,100,7,131,10,10,7,0.7,0.38564186236233317,0.9104740202440793
0,xcoord,1,1.64,100,8,131,10,10,10,1.0,0.3757939514014334,0.6456620805542334
0,xcoord,2,1.62,100,0,131,10,10,8,0.8,0.13419963871569257,0.7025619404397089
0,xcoord,2,1.62,100,1,131,10,10,8,0.8,0.6441932288328186,0.8879201294299245
0,xcoord,2,1.62,100,2,131,10,10,9,0.9,0.19416117941844882,0.6595078198149569
0,xcoord,2,1.62,100,3,132,10,10,10,1.0,0.1191460055096419,0.44126237110908717
0,xcoord,2,1.62,100,4,132,10,10,8,0.8,0.08172635445362718,0.6533307860639327
0,xcoord,2,1.62,100,5,132,10,10,10,1.0,0.4267676767676768,0.7485932965841235
0,xcoord,2,1.62,100,6,131,10,10,11,1.1,0.44799254122720134,0.5558618022707998
0,xcoord,2,1.62,100,7,131,10,10,7,0.7,0.37585222306392396,0.9100173865642083
0,xcoord,2,1.62,100,8,131,10,10,10,1.0,0.46203601188741916,0.721912850367115
0,knn_k1,0,2.78,100,0,131,10,10,15,1.5,0.2612901346075404,0.7454173435273211
0,knn_k1,0,2.78,100,1,131,10,10,16,1.6,0.40504632597168,0.7931924862538897
0,knn_k1,0,2.78,100,2,131,10,10,14,1.4,0.2669424858691218,0.8279223255416008
0,knn_k1,0,2.78,100,3,132,10,10,16,1.6,0.3204775022956841,0.6653851952674238
0,knn_k1,0,2.78,100,4,132,10,10,14,1.4,0.3064738292011019,0.7648071280459079
0,knn_k1,0,2.78,100,5,132,10,10,16,1.6,0.3755739210284665,0.7858902303872322
0,knn_k1,0,2.78,100,6,131,10,10,14,1.4,0.34036478060719066,0.8017016238128162
0,knn_k1,0,2.78,100,7,131,10,10,16,1.6,0.37894062117592214,0.7753419479267116
0,knn_k1,0,2.78,100,8,131,10,10,18,1.8,0.30796573626245555,0.6532394659505294
0,knn_k1,1,2.86,100,0,131,10,10,14,1.4,0.3175222889109026,0.8496546168943192
0,knn_k1,1,2.86,100,1,131,10,10,19,1.9,0.4603461336751937,0.6621234542227449
0,knn_k1,1,2.86,100,2,131,10,10,11,1.1,0.13647223355282326,0.9627335273099734
0,knn_k1,1,2.86,100,3,132,10,10,17,1.7,0.4791092745638201,0.6896123377023379
0,knn_k1,1,2.86,100,4,132,10,10,17,1.7,0.49471992653810837,0.7348013215193665
0,knn_k1,1,2.86,100,5,132,10,10,13,1.3,0.18778696051423327,0.8526344720030424
0,knn_k1,1,2.86,100,6,131,10,10,15,1.5,0.36792727696521177,0.8284328917770557
0,knn_k1,1,2.86,100,7,131,10,10,18,1.8,0.21776120272711377,0.5690262555469738
0,knn_k1,1,2.86,100,8,131,10,10,19,1.9,0.4847036885962357,0.7072885836126809
0,knn_k1,2,2.84,100,0,131,10,10,15,1.5,0.2875123827282793,0.7822598689467796
0,knn_k1,2,2.84,100,1,131,10,10,15,1.5,0.23331973661208558,0.6915533150554393
0,knn_k1,2,2.84,100,2,131,10,10,15,1.5,0.33121612959617747,0.8048103489248826
0,knn_k1,2,2.84,100,3,132,10,10,17,1.7,0.35227272727272724,0.606548756957163
0,knn_k1,2,2.84,100,4,132,10,10,14,1.4,0.39807162534435264,0.827873297075239
0,knn_k1,2,2.84,100,5,132,10,10,17,1.7,0.42642332415059686,0.7549660550231123
0,knn_k1,2,2.84,100,6,131,10,10,15,1.5,0.20360118874191482,0.6663961317441128
0,knn_k1,2,2.84,100,7,131,10,10,16,1.6,0.36775246197774025,0.7881705726245218
0,knn_k1,2,2.84,100,8,131,10,10,18,1.8,0.26810791911893245,0.6002065100079385
0,dtm_k10,0,2.44,100,0,131,10,10,14,1.4,0.3991026163976457,0.8002818435357058
0,dtm_k10,0,2.44,100,1,131,10,10,12,1.2,0.26216420954489833,0.8629441300364292
0,dtm_k10,0,2.44,100,2,131,10,10,10,1.0,0.13571470194044638,1.0
0,dtm_k10,0,2.44,100,3,132,10,10,13,1.3,0.3205922865013774,0.8181871951778809
0,dtm_k10,0,2.44,100,4,132,10,10,16,1.6,0.45821854912764004,0.7522484499561432
0,dtm_k10,0,2.44,100,5,132,10,10,16,1.6,0.7594123048668503,0.8179741317795459
0,dtm_k10,0,2.44,100,6,131,10,10,15,1.5,0.5951867606782824,0.874232203759231
0,dtm_k10,0,2.44,100,7,131,10,10,13,1.3,0.40976633063341295,0.8211245096255786
0,dtm_k10,0,2.44,100,8,131,10,10,13,1.3,0.287046209428355,0.8407294374502436
0,dtm_k10,1,2.5,100,0,131,10,10,14,1.4,0.3305751413087814,0.7445064147731261
0,dtm_k10,1,2.5,100,1,131,10,10,13,1.3,0.3128022842491696,0.8209185924696749
0,dtm_k10,1,2.5,100,2,131,10,10,11,1.1,0.17749548394615702,0.9287061759590532
0,dtm_k10,1,2.5,100,3,132,10,10,14,1.4,0.222910927456382,0.728000347955781
0,dtm_k10,1,2.5,100,4,132,10,10,16,1.6,0.5867768595041323,0.7839860659198531
0,dtm_k10,1,2.5,100,5,132,10,10,15,1.5,0.6649449035812672,0.8380374034249822
0,dtm_k10,1,2.5,100,6,131,10,10,14,1.4,0.31915389546063755,0.7236000254554017
0,dtm_k10,1,2.5,100,7,131,10,10,13,1.3,0.44915797447701183,0.8489254976757444
0,dtm_k10,1,2.5,100,8,131,10,10,15,1.5,0.41337917370782595,0.8044300675578376
0,dtm_k10,2,2.4,100,0,131,10,10,12,1.2,0.34467688363149,0.9281954619570665
0,dtm_k10,2,2.4,100,1,131,10,10,10,1.0,0.16834683293514363,1.0
0,dtm_k10,2,2.4,100,2,131,10,10,11,1.1,0.16595769477303188,0.914204560911739
0,dtm_k10,2,2.4,100,3,132,10,10,13,1.3,0.3384986225895317,0.8923170541377812
0,dtm_k10,2,2.4,100,4,132,10,10,18,1.8,0.6157024793388431,0.6892765480104723
0,dtm_k10,2,2.4,100,5,132,10,10,16,1.6,0.768595041322314,0.8242747369474405
0,dtm_k10,2,2.4,100,6,131,10,10,13,1.3,0.2961365887768778,0.7969603266220934
0,dtm_k10,2,2.4,100,7,131,10,10,14,1.4,0.6715809102033681,0.9210703159319993
0,dtm_k10,2,2.4,100,8,131,10,10,13,1.3,0.2461395023600024,0.806087849638387
0,random,0,3.14,100,0,131,10,10,20,2.0,0.3227667385350505,0.4917787833936433
0,random,0,3.14,100,1,131,10,10,19,1.9,0.32527242002214324,0.5849028547251204
0,random,0,3.14,100,2,131,10,10,16,1.6,0.2092535400034963,0.6581660518977058
0,random,0,3.14,100,3,132,10,10,19,1.9,0.42194674012855826,0.6188396407456981
0,random,0,3.14,100,4,132,10,10,17,1.7,0.48691460055096425,0.770318087065743
0,random,0,3.14,100,5,132,10,10,17,1.7,0.41666666666666674,0.754726892583958
0,random,0,3.14,100,6,131,10,10,16,1.6,0.33232329118349746,0.7530269130321151
0,random,0,3.14,100,7,131,10,10,16,1.6,0.543033622749257,0.9049092606569968
0,random,0,3.14,100,8,131,10,10,17,1.7,0.253132101858866,0.6484414875560537
0,random,1,3.1,100,0,131,10,10,19,1.9,0.30755783462502184,0.5225876143771305
0,random,1,3.1,100,1,131,10,10,20,2.0,0.4766039275100519,0.6080938917746072
0,random,1,3.1,100,2,131,10,10,18,1.8,0.5827748965677989,0.7761744307805051
0,random,1,3.1,100,3,132,10,10,17,1.7,0.32495408631772266,0.6805966834302715
0,random,1,3.1,100,4,132,10,10,17,1.7,0.17860422405876952,0.6000043828731926
0,random,1,3.1,100,5,132,10,10,15,1.5,0.22761707988980712,0.7335999482901783
0,random,1,3.1,100,6,131,10,10,17,1.7,0.4354058621292465,0.7524739759569834
0,random,1,3.1,100,7,131,10,10,17,1.7,0.26105704795757817,0.6561831046436817
0,random,1,3.1,100,8,131,10,10,15,1.5,0.30324573160072266,0.7583077692771304
0,random,2,3.16,100,0,131,10,10,14,1.4,0.3452596002563953,0.8792980125194
0,random,2,3.16,100,1,131,10,10,19,1.9,0.41384534700775016,0.6426809358967673
0,random,2,3.16,100,2,131,10,10,17,1.7,0.2848318862537147,0.6615305068021058
0,random,2,3.16,100,3,132,10,10,20,2.0,0.28558310376492196,0.5404478344281886
0,random,2,3.16,100,4,132,10,10,18,1.8,0.4483471074380166,0.6759561374033851
0,random,2,3.16,100,5,132,10,10,19,1.9,0.27146464646464635,0.552990098745128
0,random,2,3.16,100,6,131,10,10,17,1.7,0.3878561855369733,0.6914262015228966
0,random,2,3.16,100,7,131,10,10,20,2.0,0.39735446652293,0.5949923920811954
0,random,2,3.16,100,8,131,10,10,14,1.4,0.25552124002097776,0.8387666866538328
0,ecc_p1,0,1.62,100,0,131,10,10,9,0.9,0.41862362333197367,0.7196953164351837
0,ecc_p1,0,1.62,100,1,131,10,10,9,0.9,0.1742322708466873,0.5324417770488015
0,ecc_p1,0,1.62,100,2,131,10,10,9,0.9,0.31268574092418855,0.7985732455076782
0,ecc_p1,0,1.62,100,3,132,10,10,10,1.0,0.21900826446280997,0.5063801590845104
0,ecc_p1,0,1.62,100,4,132,10,10,8,0.8,0.24242424242424243,0.6689675502890923
0,ecc_p1,0,1.62,100,5,132,10,10,10,1.0,0.3429752066115704,0.5308130800632158
0,ecc_p1,0,1.62,100,6,131,10,10,8,0.8,0.27311928209311814,0.7413661267997869
0,ecc_p1,0,1.62,100,7,131,10,10,9,0.9,0.2445078958102674,0.7370582278575621
0,ecc_p1,0,1.62,100,8,131,10,10,9,0.9,0.6210593788240779,0.8100149937859299
0,ecc_p1,1,1.62,100,0,131,10,10,8,0.8,0.3057514130878154,0.7641954626937024
0,ecc_p1,1,1.62,100,1,131,10,10,10,1.0,0.30004079016374346,0.5142300295483405
0,ecc_p1,1,1.62,100,2,131,10,10,10,1.0,0.18466289843249228,0.5837367961232479
0,ecc_p1,1,1.62,100,3,132,10,10,7,0.7,0.4398530762167125,0.8720556235028545
0,ecc_p1,1,1.62,100,4,132,10,10,9,0.9,0.27066115702479343,0.5899936895795915
0,ecc_p1,1,1.62,100,5,132,10,10,10,1.0,0.353305785123967,0.5326308224814162
0,ecc_p1,1,1.62,100,6,131,10,10,10,1.0,0.5704213041198066,0.8337037931266226
0,ecc_p1,1,1.62,100,7,131,10,10,8,0.8,0.28057805489190607,0.8348805017244608
0,ecc_p1,1,1.62,100,8,131,10,10,9,0.9,0.4805081288969174,0.7185351200693394
0,ecc_p1,2,1.58,100,0,131,10,10,9,0.9,0.40184138453470075,0.7135464488784105
0,ecc_p1,2,1.58,100,1,131,10,10,8,0.8,0.1696288095099353,0.6387397839024576
0,ecc_p1,2,1.58,100,2,131,10,10,8,0.8,0.32533069168463374,0.9446881202172379
0,ecc_p1,2,1.58,100,3,132,10,10,10,1.0,0.2304866850321396,0.5189077430077619
0,ecc_p1,2,1.58,100,4,132,10,10,8,0.8,0.43526170798898073,0.76589993676908
0,ecc_p1,2,1.58,100,5,132,10,10,10,1.0,0.37511478420569333,0.6346804146230085
0,ecc_p1,2,1.58,100,6,131,10,10,8,0.8,0.48662665345842315,0.8867669144309029
0,ecc_p1,2,1.58,100,7,131,10,10,9,0.9,0.3693257968649845,0.780920083953942
0,ecc_p1,2,1.58,100,8,131,10,10,9,0.9,0.481557018821747,0.7505026627157161
0,gauss_0.1,0,1.9,100,0,131,10,10,11,1.1,0.2646698910319912,0.8628353272192272
0,gauss_0.1,0,1.9,100,1,131,10,10,13,1.3,0.479459238972088,0.6859859892043283
0,gauss_0.1,0,1.9,100,2,131,10,10,9,0.9,0.44379698152788294,1.0
0,gauss_0.1,0,1.9,100,3,132,10,10,10,1.0,0.1524334251606979,0.9450688968352883
0,gauss_0.1,0,1.9,100,4,132,10,10,11,1.1,0.43813131313131315,0.9567595244800378
0,gauss_0.1,0,1.9,100,5,132,10,10,10,1.0,0.19260789715335172,0.9531203101042197
0,gauss_0.1,0,1.9,100,6,131,10,10,12,1.2,0.45376143581376394,0.7152647006811106
0,gauss_0.1,0,1.9,100,7,131,10,10,9,0.9,0.6808461045393625,0.996040415568965
0,gauss_0.1,0,1.9,100,8,131,10,10,10,1.0,0.28139385816677354,0.8229071589565286
0,gauss_0.1,1,1.9,100,0,131,10,10,11,1.1,0.26466989103199123,0.8628353272192272
0,gauss_0.1,1,1.9,100,1,131,10,10,13,1.3,0.4779441757473341,0.6828315111060277
0,gauss_0.1,1,1.9,100,2,131,10,10,9,0.9,0.44379698152788294,1.0
0,gauss_0.1,1,1.9,100,3,132,10,10,10,1.0,0.1524334251606979,0.9450688968352883
0,gauss_0.1,1,1.9,100,4,132,10,10,12,1.2,0.46143250688705234,0.8644059442541341
0,gauss_0.1,1,1.9,100,5,132,10,10,10,1.0,0.1926078971533517,0.9531203101042197
0,gauss_0.1,1,1.9,100,6,131,10,10,12,1.2,0.45376143581376394,0.7152647006811106
0,gauss_0.1,1,1.9,100,7,131,10,10,9,0.9,0.6808461045393625,0.996040415568965
0,gauss_0.1,1,1.9,100,8,131,10,10,9,0.9,0.16793893129770993,0.7167396598097823
0,gauss_0.1,2,1.9,100,0,131,10,10,11,1.1,0.2646698910319912,0.8628353272192272
0,gauss_0.1,2,1.9,100,1,131,10,10,13,1.3,0.479459238972088,0.6859859892043283
0,gauss_0.1,2,1.9,100,2,131,10,10,9,0.9,0.4437969815278829,1.0
0,gauss_0.1,2,1.9,100,3,132,10,10,10,1.0,0.1524334251606979,0.9450688968352883
0,gauss_0.1,2,1.9,100,4,132,10,10,12,1.2,0.46143250688705234,0.8644059442541341
0,gauss_0.1,2,1.9,100,5,132,10,10,10,1.0,0.19260789715335172,0.9531203101042197
0,gauss_0.1,2,1.9,100,6,131,10,10,12,1.2,0.4537614358137638,0.7152647006811106
0,gauss_0.1,2,1.9,100,7,131,10,10,9,0.9,0.6808461045393623,0.996040415568965
0,gauss_0.1,2,1.9,100,8,131,10,10,9,0.9,0.19730784919293748,0.8622477249124725
0,dm_eig0,0,1.7,100,0,131,10,10,9,0.9,0.38086358603810966,0.6765538573752311
0,dm_eig0,0,1.7,100,1,131,10,10,10,1.0,0.30004079016374346,0.6615213806509386
0,dm_eig0,0,1.7,100,2,131,10,10,10,1.0,0.25225802692150806,0.5113276735729254
0,dm_eig0,0,1.7,100,3,132,10,10,9,0.9,0.21590909090909094,0.7164254888483707
0,dm_eig0,0,1.7,100,4,132,10,10,10,1.0,0.3383838383838384,0.5481616954401959
0,dm_eig0,0,1.7,100,5,132,10,10,8,0.8,0.26078971533516987,0.8531357194292237
0,dm_eig0,0,1.7,100,6,131,10,10,9,0.9,0.7165083619835672,0.7643644522331792
0,dm_eig0,0,1.7,100,7,131,10,10,11,1.1,0.3954315016607423,0.670401784556325
0,dm_eig0,0,1.7,100,8,131,10,10,9,0.9,0.1962589592681079,0.5943944439853945
0,dm_eig0,1,1.76,100,0,131,10,10,10,1.0,0.48184837713419976,0.738599052496388
0,dm_eig0,1,1.76,100,1,131,10,10,10,1.0,0.12172950294271898,0.513180567766303
0,dm_eig0,1,1.76,100,2,131,10,10,10,1.0,0.2254530621758639,0.5112514255712322
0,dm_eig0,1,1.76,100,3,132,10,10,10,1.0,0.252295684113866,0.6315456963744819
0,dm_eig0,1,1.76,100,4,132,10,10,9,0.9,0.42045454545454547,0.6427193738807455
0,dm_eig0,1,1.76,100,5,132,10,10,9,0.9,0.2809917355371901,0.7317276553050361
0,dm_eig0,1,1.76,100,6,131,10,10,10,1.0,0.8023425208321194,0.7314825917773341
0,dm_eig0,1,1.76,100,7,131,10,10,10,1.0,0.19981353068003035,0.5630116049519241
0,dm_eig0,1,1.76,100,8,131,10,10,10,1.0,0.30819882291241774,0.6875156047223502
0,dm_eig0,2,1.74,100,0,131,10,10,9,0.9,0.3861080356622574,0.6315125429684443
0,dm_eig0,2,1.74,100,1,131,10,10,10,1.0,0.3093642561622283,0.6555800969402309
0,dm_eig0,2,1.74,100,2,131,10,10,10,1.0,0.20330983042946218,0.5786826908407542
0,dm_eig0,2,1.74,100,3,132,10,10,10,1.0,0.23507805325987147,0.5958491469311793
0,dm_eig0,2,1.74,100,4,132,10,10,10,1.0,0.2821395775941231,0.5456898078999606
0,dm_eig0,2,1.74,100,5,132,10,10,9,0.9,0.30578512396694213,0.771174473021181
0,dm_eig0,2,1.74,100,6,131,10,10,9,0.9,0.693432783637317,0.7648796364331403
0,dm_eig0,2,1.74,100,7,131,10,10,10,1.0,0.21729502942718956,0.5742048045364362
0,dm_eig0,2,1.74,100,8,131,10,10,10,1.0,0.371132218402191,0.7398905516005617
1,xcoord,0,1.9,100,0,131,10,10,13,1.3,1.00215605151215,0.7817853308480668
1,xcoord,0,1.9,100,1,131,10,10,10,1.0,0.3571470194044637,0.6215517320664289
1,xcoord,0,1.9,100,2,131,10,10,9,0.9,0.6116193695006119,0.7237570791032701
1,xcoord,0,1.9,100,3,132,10,10,11,1.1,0.4974747474747475,0.6413082242561445
1,xcoord,0,1.9,100,4,132,10,10,8,0.8,0.11202938475665748,0.7633370499802131
1,xcoord,0,1.9,100,5,132,10,10,10,1.0,0.20982552800734622,0.5112298652252288
1,xcoord,0,1.9,100,6,131,10,10,10,1.0,0.40376434939688827,0.6480403406144482
1,xcoord,0,1.9,100,7,131,10,10,10,1.0,0.2837247246663948,0.5340224413584181
1,xcoord,0,1.9,100,8,131,10,10,14,1.4,0.3664704854029485,0.510265774560726
1,xcoord,1,1.86,100,0,131,10,10,11,1.1,0.6159314725249113,0.7014267108690504
1,xcoord,1,1.86,100,1,131,10,10,11,1.1,0.804382029019288,0.7866636744564617
1,xcoord,1,1.86,100,2,131,10,10,9,0.9,0.6881883340131693,0.8166589133863581
1,xcoord,1,1.86,100,3,132,10,10,9,0.9,0.44731404958677695,0.8220273566554481
1,xcoord,1,1.86,100,4,132,10,10,10,1.0,0.23966942148760337,0.5872739390441051
1,xcoord,1,1.86,100,5,132,10,10,10,1.0,0.0674931129476584,0.44351895764550486
1,xcoord,1,1.86,100,6,131,10,10,10,1.0,0.386282850649729,0.5478147098781797
1,xcoord,1,1.86,100,7,131,10,10,10,1.0,0.5541052386224579,0.7699704485661907
1,xcoord,1,1.86,100,8,131,10,10,13,1.3,0.5249111357147019,0.6298496333656207
1,xcoord,2,1.92,100,0,131,10,10,13,1.3,0.6279354349979605,0.5648815638597888
1,xcoord,2,1.92,100,1,131,10,10,11,1.1,0.4403006817784512,0.6369263015979341
1,xcoord,2,1.92,100,2,131,10,10,8,0.8,0.3048190664879669,0.6660049791029803
1,xcoord,2,1.92,100,3,132,10,10,9,0.9,0.4349173553719009,0.8164367607231723
1,xcoord,2,1.92,100,4,132,10,10,10,1.0,0.318870523415978,0.6421167864695692
1,xcoord,2,1.92,100,5,132,10,10,10,1.0,0.14554637281910013,0.48616640069211836
1,xcoord,2,1.92,100,6,131,10,10,11,1.1,0.5428588077617855,0.7892465059964515
1,xcoord,2,1.92,100,7,131,10,10,10,1.0,0.6485053318571179,0.6626816769593985
1,xcoord,2,1.92,100,8,131,10,10,14,1.4,0.3207855020103723,0.45958213136349235
1,knn_k1,0,2.66,100,0,131,10,10,14,1.4,0.4415243866907522,0.8615845423056073
1,knn_k1,0,2.66,100,1,131,10,10,16,1.6,0.49641629275683236,0.7261794861488003
1,knn_k1,0,2.66,100,2,131,10,10,15,1.5,0.3294679797214615,0.768657306851176
1,knn_k1,0,2.66,100,3,132,10,10,12,1.2,0.3195592286501377,0.9495860898190923
1,knn_k1,0,2.66,100,4,132,10,10,13,1.3,0.3578971533516988,0.8930736324747429
1,knn_k1,0,2.66,100,5,132,10,10,15,1.5,0.5616391184573002,0.860050185401534
1,knn_k1,0,2.66,100,6,131,10,10,19,1.9,0.5090612435172776,0.6413681901247371
1,knn_k1,0,2.66,100,7,131,10,10,11,1.1,0.13262630382844826,0.9670854525817916
1,knn_k1,0,2.66,100,8,131,10,10,18,1.8,0.4778859040848435,0.6994011028371813
1,knn_k1,1,2.8,100,0,131,10,10,15,1.5,0.4500903210768603,0.7991579564719877
1,knn_k1,1,2.8,100,1,131,10,10,14,1.4,0.44641920633995674,0.8312125342664616
1,knn_k1,1,2.8,100,2,131,10,10,19,1.9,0.3850591457374279,0.5996516561679872
1,knn_k1,1,2.8,100,3,132,10,10,13,1.3,0.25941230486685035,0.830438584684202
1,knn_k1,1,2.8,100,4,132,10,10,16,1.6,0.3755739210284665,0.7367671189549561
1,knn_k1,1,2.8,100,5,132,10,10,14,1.4,0.2871900826446281,0.7457952191630602
1,knn_k1,1,2.8,100,6,131,10,10,18,1.8,0.3688013519025697,0.6150573238905876
1,knn_k1,1,2.8,100,7,131,10,10,15,1.5,0.24555678573509707,0.7435303121234789
1,knn_k1,1,2.8,100,8,131,10,10,16,1.6,0.259600256395315,0.677614152994663
1,knn_k1,2,2.7,100,0,131,10,10,15,1.5,0.6126682594254413,0.79309401973488
1,knn_k1,2,2.7,100,1,131,10,10,13,1.3,0.3946156983858749,0.8312677651204292
1,knn_k1,2,2.7,100,2,131,10,10,16,1.6,0.36775246197774025,0.7298629925290604
1,knn_k1,2,2.7,100,3,132,10,10,14,1.4,0.3209366391184572,0.8056801267653216
1,knn_k1,2,2.7,100,4,132,10,10,15,1.5,0.4428374655647382,0.8040475718187001
1,knn_k1,2,2.7,100,5,132,10,10,13,1.3,0.4131083562901745,0.9123434349400127
1,knn_k1,2,2.7,100,6,131,10,10,19,1.9,0.49134665812015615,0.6224878652791309
1,knn_k1,2,2.7,100,7,131,10,10,13,1.3,0.24613950236000237,0.8903785924434137
1,knn_k1,2,2.7,100,8,131,10,10,17,1.7,0.3838937124876172,0.7118727027371575
1,dtm_k10,0,2.92,100,0,131,10,10,16,1.6,0.5579511683468329,0.7569796172438947
1,dtm_k10,0,2.92,100,1,131,10,10,12,1.2,0.19503525435580676,0.9087665330097117
1,dtm_k10,0,2.92,100,2,131,10,10,16,1.6,0.3416467571819824,0.6650694821259415
1,dtm_k10,0,2.92,100,3,132,10,10,17,1.7,0.525941230486685,0.7214277405793991
1,dtm_k10,0,2.92,100,4,132,10,10,18,1.8,0.48140495867768607,0.7093335052267437
1,dtm_k10,0,2.92,100,5,132,10,10,18,1.8,0.38223140495867775,0.6463842867205741
1,dtm_k10,0,2.92,100,6,131,10,10,17,1.7,0.5681487092826757,0.8593910740901466
1,dtm_k10,0,2.92,100,7,131,10,10,15,1.5,0.46057922032515597,0.8466758834708051
1,dtm_k10,0,2.92,100,8,131,10,10,17,1.7,0.35813763766680257,0.6872540446578603
1,dtm_k10,1,2.86,100,0,131,10,10,13,1.3,0.35976924421653755,0.8024468116116472
1,dtm_k10,1,2.86,100,1,131,10,10,15,1.5,0.23856418623623335,0.7498446284938611
1,dtm_k10,1,2.86,100,2,131,10,10,16,1.6,0.4497989627644077,0.7250418119909302
1,dtm_k10,1,2.86,100,3,132,10,10,17,1.7,0.47910927456381996,0.6904130339508513
1,dtm_k10,1,2.86,100,4,132,10,10,16,1.6,0.4692378328741965,0.767843407523183
1,dtm_k10,1,2.86,100,5,132,10,10,18,1.8,0.2541322314049588,0.6012675654433225
1,dtm_k10,1,2.86,100,6,131,10,10,18,1.8,0.4380280869413204,0.7099374579475135
1,dtm_k10,1,2.86,100,7,131,10,10,16,1.6,0.27451780199289083,0.6693821215947975
1,dtm_k10,1,2.86,100,8,131,10,10,14,1.4,0.3664704854029485,0.889126126726378
1,dtm_k10,2,2.9,100,0,131,10,10,15,1.5,0.47106811957345157,0.7763225438549446
1,dtm_k10,2,2.9,100,1,131,10,10,10,1.0,0.07627760620010489,1.0
1,dtm_k10,2,2.9,100,2,131,10,10,16,1.6,0.4759046675601655,0.7331915501758764
1,dtm_k10,2,2.9,100,3,132,10,10,16,1.6,0.3627180899908173,0.6944215677130104
1,dtm_k10,2,2.9,100,4,132,10,10,18,1.8,0.5330578512396695,0.7107390906733779
1,dtm_k10,2,2.9,100,5,132,10,10,18,1.8,0.25619834710743805,0.6025791852938379
1,dtm_k10,2,2.9,100,6,131,10,10,17,1.7,0.45323699085134894,0.7804428445049805
1,dtm_k10,2,2.9,100,7,131,10,10,19,1.9,0.2588427247829381,0.5341851629202667
1,dtm_k10,2,2.9,100,8,131,10,10,16,1.6,0.3118116659868306,0.737909291605266
1,random,0,3.12,100,0,131,10,10,19,1.9,0.19905599906765342,0.5241348907594403
1,random,0,3.12,100,1,131,10,10,18,1.8,0.34782355340597865,0.6446128307539267
1,random,0,3.12,100,2,131,10,10,17,1.7,0.32841908979663187,0.698638825117529
1,random,0,3.12,100,3,132,10,10,18,1.8,0.4669421487603306,0.7327645452004893
1,random,0,3.12,100,4,132,10,10,19,1.9,0.09481175390266296,0.46994640412602356
1,random,0,3.12,100,5,132,10,10,18,1.8,0.3223140495867769,0.6445745830808918
1,random,0,3.12,100,6,131,10,10,17,1.7,0.5661674727579976,0.8193195138459043
1,random,0,3.12,100,7,131,10,10,16,1.6,0.25027679039683004,0.7103829902279278
1,random,0,3.12,100,8,131,10,10,14,1.4,0.31425907581143286,0.8661548445535654
1,random,1,2.9,100,0,131,10,10,15,1.5,0.36967542683992777,0.83201291961706
1,random,1,2.9,100,1,131,10,10,17,1.7,0.46314317347473916,0.7649624751527346
1,random,1,2.9,100,2,131,10,10,20,2.0,0.3857001340248237,0.5797261551464589
1,random,1,2.9,100,3,132,10,10,16,1.6,0.3168044077134986,0.7502671598473267
1,random,1,2.9,100,4,132,10,10,17,1.7,0.3464187327823692,0.7264926376162857
1,random,1,2.9,100,5,132,10,10,14,1.4,0.27112029384756653,0.8594726579199988
1,random,1,2.9,100,6,131,10,10,14,1.4,0.1462036011887419,0.7423560617450577
1,random,1,2.9,100,7,131,10,10,17,1.7,0.35219392809276845,0.6733158269717662
1,random,1,2.9,100,8,131,10,10,15,1.5,0.21933453761435817,0.7191528765094757
1,random,2,3.1,100,0,131,10,10,19,1.9,0.4736320727230348,0.6229100571353898
1,random,2,3.1,100,1,131,10,10,16,1.6,0.4516636559641047,0.7784429937179219
1,random,2,3.1,100,2,131,10,10,17,1.7,0.3462502185187343,0.7209771376350054
1,random,2,3.1,100,3,132,10,10,17,1.7,0.4576446280991736,0.7402206551433487
1,random,2,3.1,100,4,132,10,10,16,1.6,0.30945821854912764,0.7209836661896386
1,random,2,3.1,100,5,132,10,10,13,1.3,0.28030303030303033,0.9379606914304619
1,random,2,3.1,100,6,131,10,10,18,1.8,0.32265019521006927,0.646240632092609
1,random,2,3.1,100,7,131,10,10,19,1.9,0.36291591399102624,0.6083685224266404
1,random,2,3.1,100,8,131,10,10,20,2.0,0.24351727754792846,0.48233749159587735
1,ecc_p1,0,2.98,100,0,131,10,10,17,1.7,0.5205990326904025,0.7476631396908068
1,ecc_p1,0,2.98,100,1,131,10,10,16,1.6,0.33045859798380045,0.6851093121924068
1,ecc_p1,0,2.98,100,2,131,10,10,16,1.6,0.2987588135889517,0.6249902722275674
1,ecc_p1,0,2.98,100,3,132,10,10,17,1.7,0.48691460055096425,0.7034286203524116
1,ecc_p1,0,2.98,100,4,132,10,10,18,1.8,0.5929752066115704,0.7148679417434906
1,ecc_p1,0,2.98,100,5,132,10,10,18,1.8,0.35743801652892565,0.623300856109129
1,ecc_p1,0,2.98,100,6,131,10,10,16,1.6,0.43488141716683176,0.7717602398123157
1,ecc_p1,0,2.98,100,7,131,10,10,15,1.5,0.320727230347882,0.7925303852013967
1,ecc_p1,0,2.98,100,8,131,10,10,16,1.6,0.36775246197774025,0.6928973904518037
1,ecc_p1,1,3.08,100,0,131,10,10,15,1.5,0.42386807295612144,0.8093397649108747
1,ecc_p1,1,3.08,100,1,131,10,10,17,1.7,0.36011887419148064,0.6570973400579572
1,ecc_p1,1,3.08,100,2,131,10,10,17,1.7,0.3621001107161587,0.6239490922174445
1,ecc_p1,1,3.08,100,3,132,10,10,18,1.8,0.15495867768595045,0.5069398084777461
1,ecc_p1,1,3.08,100,4,132,10,10,17,1.7,0.3620293847566575,0.6215567225979793
1,ecc_p1,1,3.08,100,5,132,10,10,18,1.8,0.37190082644628103,0.5971618754236543
1,ecc_p1,1,3.08,100,6,131,10,10,18,1.8,0.37509469145154706,0.6240202142895738
1,ecc_p1,1,3.08,100,7,131,10,10,18,1.8,0.5009614824310938,0.7422517314888151
1,ecc_p1,1,3.08,100,8,131,10,10,16,1.6,0.27638249519258784,0.6302613977851063
1,ecc_p1,2,3.14,100,0,131,10,10,18,1.8,0.5009614824310937,0.6535908863968612
1,ecc_p1,2,3.14,100,1,131,10,10,17,1.7,0.40172484120971963,0.7003287445299341
1,ecc_p1,2,3.14,100,2,131,10,10,18,1.8,0.4548103257385933,0.6415653104769221
1,ecc_p1,2,3.14,100,3,132,10,10,17,1.7,0.24494949494949497,0.58659083323138
1,ecc_p1,2,3.14,100,4,132,10,10,18,1.8,0.5909090909090909,0.6885256900877663
1,ecc_p1,2,3.14,100,5,132,10,10,18,1.8,0.5227272727272728,0.7112119337026038
1,ecc_p1,2,3.14,100,6,131,10,10,18,1.8,0.33523687430802396,0.6027479845040391
1,ecc_p1,2,3.14,100,7,131,10,10,17,1.7,0.31455043412388556,0.6759797169652944
1,ecc_p1,2,3.14,100,8,131,10,10,16,1.6,0.27824718839228485,0.6314736554972862
1,gauss_0.1,0,2.02,100,0,131,10,10,10,1.0,0.10424800419555971,0.9117754448320408
1,gauss_0.1,0,2.02,100,1,131,10,10,11,1.1,0.16339374162344855,0.8564106733300146
1,gauss_0.1,0,2.02,100,2,131,10,10,12,1.2,0.2775479284423985,0.793403473922096
1,gauss_0.1,0,2.02,100,3,132,10,10,11,1.1,0.6578282828282829,0.9760494353564569
1,gauss_0.1,0,2.02,100,4,132,10,10,11,1.1,0.3169191919191919,0.9789984303082465
1,gauss_0.1,0,2.02,100,5,132,10,10,12,1.2,0.47520661157024796,0.8465664052790549
1,gauss_0.1,0,2.02,100,6,131,10,10,12,1.2,0.34747392343103556,0.8274445929831605
1,gauss_0.1,0,2.02,100,7,131,10,10,11,1.1,0.32107686032282506,0.7811917467816757
1,gauss_0.1,0,2.02,100,8,131,10,10,11,1.1,0.38773964221199225,0.8979422837000758
1,gauss_0.1,1,2.02,100,0,131,10,10,10,1.0,0.10424800419555968,0.9117754448320408
1,gauss_0.1,1,2.02,100,1,131,10,10,11,1.1,0.16339374162344855,0.8564106733300146
1,gauss_0.1,1,2.02,100,2,131,10,10,12,1.2,0.27754792844239845,0.793403473922096
1,gauss_0.1,1,2.02,100,3,132,10,10,11,1.1,0.6578282828282829,0.9760494353564569
1,gauss_0.1,1,2.02,100,4,132,10,10,10,1.0,0.20867768595041325,0.9960092498996082
1,gauss_0.1,1,2.02,100,5,132,10,10,12,1.2,0.47520661157024796,0.8465664052790549
1,gauss_0.1,1,2.02,100,6,131,10,10,12,1.2,0.3838354408251269,0.8430782712477215
1,gauss_0.1,1,2.02,100,7,131,10,10,11,1.1,0.32107686032282506,0.7811917467816757
1,gauss_0.1,1,2.02,100,8,131,10,10,12,1.2,0.5782297068935377,0.9379794774833506
1,gauss_0.1,2,2.04,100,0,131,10,10,10,1.0,0.10424800419555971,0.9117754448320408
1,gauss_0.1,2,2.04,100,1,131,10,10,11,1.1,0.16339374162344855,0.8564106733300146
1,gauss_0.1,2,2.04,100,2,131,10,10,12,1.2,0.2775479284423984,0.793403473922096
1,gauss_0.1,2,2.04,100,3,132,10,10,11,1.1,0.6578282828282829,0.9760494353564569
1,gauss_0.1,2,2.04,100,4,132,10,10,12,1.2,0.29614325068870523,0.9168636259613184
1,gauss_0.1,2,2.04,100,5,132,10,10,12,1.2,0.49724517906336085,0.8900077355317463
1,gauss_0.1,2,2.04,100,6,131,10,10,12,1.2,0.35586504282967196,0.8424447626721154
1,gauss_0.1,2,2.04,100,7,131,10,10,11,1.1,0.32107686032282506,0.7811917467816757
1,gauss_0.1,2,2.04,100,8,131,10,10,11,1.1,0.44671056465240966,0.9384691500288084
1,dm_eig0,0,1.78,100,0,131,10,10,11,1.1,0.6518268166190783,0.7138862397419142
1,dm_eig0,0,1.78,100,1,131,10,10,9,0.9,0.2696812540061768,0.6206580628529651
1,dm_eig0,0,1.78,100,2,131,10,10,10,1.0,0.23477652817434883,0.5526032724964612
1,dm_eig0,0,1.78,100,3,132,10,10,9,0.9,0.27272727272727276,0.6604976515170145
1,dm_eig0,0,1.78,100,4,132,10,10,10,1.0,0.16505968778696054,0.47822565646679405
1,dm_eig0,0,1.78,100,5,132,10,10,10,1.0,0.30853994490358133,0.619105828923151
1,dm_eig0,0,1.78,100,6,131,10,10,10,1.0,0.21846046267700017,0.48934815887717725
1,dm_eig0,0,1.78,100,7,131,10,10,10,1.0,0.4224112813938582,0.5892201552207996
1,dm_eig0,0,1.78,100,8,131,10,10,10,1.0,0.3291766214090088,0.6853662622409574
1,dm_eig0,1,1.78,100,0,131,10,10,11,1.1,0.5556785735097024,0.7237917789113267
1,dm_eig0,1,1.78,100,1,131,10,10,9,0.9,0.26968125400617676,0.6206580628529651
1,dm_eig0,1,1.78,100,2,131,10,10,10,1.0,0.335003787658062,0.6309146897624307
1,dm_eig0,1,1.78,100,3,132,10,10,10,1.0,0.40840220385674936,0.6424162261718567
1,dm_eig0,1,1.78,100,4,132,10,10,9,0.9,0.1539256198347108,0.6512736388131719
1,dm_eig0,1,1.78,100,5,132,10,10,10,1.0,0.4038108356290175,0.5664250063677048
1,dm_eig0,1,1.78,100,6,131,10,10,10,1.0,0.12988753569139327,0.5086865457490091
1,dm_eig0,1,1.78,100,7,131,10,10,10,1.0,0.2930481906648797,0.5417506323464557
1,dm_eig0,1,1.78,100,8,131,10,10,10,1.0,0.3291766214090088,0.6853662622409574
1,dm_eig0,2,1.76,100,0,131,10,10,10,1.0,0.3012062234135541,0.5740455533675367
1,dm_eig0,2,1.76,100,1,131,10,10,10,1.0,0.07860847269972615,0.46237457255031555
1,dm_eig0,2,1.76,100,2,131,10,10,10,1.0,0.2755666919177205,0.5791255201754054
1,dm_eig0,2,1.76,100,3,132,10,10,9,0.9,0.3099173553719009,0.6666382731638287
1,dm_eig0,2,1.76,100,4,132,10,10,10,1.0,0.46579430670339766,0.8023370206466348
1,dm_eig0,2,1.76,100,5,132,10,10,10,1.0,0.46235078053259887,0.5950641558735633
1,dm_eig0,2,1.76,100,6,131,10,10,9,0.9,0.20674785851640345,0.5584529529369815
1,dm_eig0,2,1.76,100,7,131,10,10,10,1.0,0.3688013519025698,0.6512257540111575
1,dm_eig0,2,1.76,100,8,131,10,10,10,1.0,0.3291766214090088,0.6853662622409574
2,xcoord,0,2.2,100,0,131,10,10,14,1.4,0.5948954023658293,0.716505009325327
2,xcoord,0,2.2,100,1,131,10,10,12,1.2,0.6453586620826294,0.6275937255900813
2,xcoord,0,2.2,100,2,131,10,10,12,1.2,1.0495309131169515,0.7546836434974007
2,xcoord,0,2.2,100,3,132,10,10,10,1.0,0.4439853076216713,0.6168177262662398
2,xcoord,0,2.2,100,4,132,10,10,10,1.0,0.5013774104683196,0.654866310645784
2,xcoord,0,2.2,100,5,132,10,10,12,1.2,0.5509641873278237,0.6106954586861401
2,xcoord,0,2.2,100,6,131,10,10,12,1.2,0.8341588485519493,0.6547072053103252
2,xcoord,0,2.2,100,7,131,10,10,12,1.2,0.5866208262921744,0.6292754121759544
2,xcoord,0,2.2,100,8,131,10,10,16,1.6,0.9215663422877455,0.7094772229122968
2,xcoord,1,2.14,100,0,131,10,10,14,1.4,0.6878969757007166,0.7639280522027251
2,xcoord,1,2.14,100,1,131,10,10,12,1.2,0.6425616222830839,0.672153323771549
2,xcoord,1,2.14,100,2,131,10,10,11,1.1,0.5300390420138688,0.48230343612751236
2,xcoord,1,2.14,100,3,132,10,10,10,1.0,0.28673094582185493,0.5343074910343933
2,xcoord,1,2.14,100,4,132,10,10,11,1.1,0.36616161616161613,0.5799721156425361
2,xcoord,1,2.14,100,5,132,10,10,10,1.0,0.7412764003673096,0.8361448523116438
2,xcoord,1,2.14,100,6,131,10,10,11,1.1,0.6069576365013696,0.6384254821356524
2,xcoord,1,2.14,100,7,131,10,10,11,1.1,0.33646057922032524,0.5491618426274248
2,xcoord,1,2.14,100,8,131,10,10,17,1.7,0.6691917720412562,0.48476530966229603
2,xcoord,2,2.16,100,0,131,10,10,15,1.5,0.5969349105529982,0.6386978024291005
2,xcoord,2,2.16,100,1,131,10,10,12,1.2,0.7166831769710391,0.6274822285232827
2,xcoord,2,2.16,100,2,131,10,10,12,1.2,0.7152846570712663,0.6067226466758393
2,xcoord,2,2.16,100,3,132,10,10,11,1.1,0.40404040404040403,0.6655754554353007
2,xcoord,2,2.16,100,4,132,10,10,11,1.1,0.29924242424242425,0.46569645154888695
2,xcoord,2,2.16,100,5,132,10,10,10,1.0,0.7803030303030304,0.8198010283221262
2,xcoord,2,2.16,100,6,131,10,10,11,1.1,0.6979779733115787,0.6972877092015017
2,xcoord,2,2.16,100,7,131,10,10,12,1.2,0.31950352543558075,0.46390277191498747
2,xcoord,2,2.16,100,8,131,10,10,14,1.4,0.6764757298525725,0.661593421725209
2,knn_k1,0,2.86,100,0,131,10,10,13,1.3,0.44006759512848903,0.8831134120068862
2,knn_k1,0,2.86,100,1,131,10,10,16,1.6,0.3155410523862246,0.7007097025082637
2,knn_k1,0,2.86,100,2,131,10,10,16,1.6,0.39199347357380104,0.7298707271739007
2,knn_k1,0,2.86,100,3,132,10,10,18,1.8,0.19834710743801653,0.5557432106000433
2,knn_k1,0,2.86,100,4,132,10,10,17,1.7,0.35422405876951335,0.6301410996834841
2,knn_k1,0,2.86,100,5,132,10,10,15,1.5,0.3860192837465564,0.8019561440129387
2,knn_k1,0,2.86,100,6,131,10,10,18,1.8,0.2534234601713187,0.5896621958605104
2,knn_k1,0,2.86,100,7,131,10,10,14,1.4,0.18046733873317403,0.6998061428887271
2,knn_k1,0,2.86,100,8,131,10,10,16,1.6,0.539304236349863,0.8358092253823498
2,knn_k1,1,2.9,100,0,131,10,10,16,1.6,0.4442048831653167,0.7289471204559868
2,knn_k1,1,2.9,100,1,131,10,10,13,1.3,0.25068469203426375,0.8706580641241318
2,knn_k1,1,2.9,100,2,131,10,10,17,1.7,0.2868131227783928,0.6430305719266497
2,knn_k1,1,2.9,100,3,132,10,10,19,1.9,0.21476124885215792,0.5204079128817436
2,knn_k1,1,2.9,100,4,132,10,10,16,1.6,0.18640955004591367,0.6095559179509263
2,knn_k1,1,2.9,100,5,132,10,10,17,1.7,0.33471074380165294,0.6737086311072622
2,knn_k1,1,2.9,100,6,131,10,10,17,1.7,0.22737602703805138,0.6208858238070036
2,knn_k1,1,2.9,100,7,131,10,10,14,1.4,0.11683468329351433,0.6495405139754368
2,knn_k1,1,2.9,100,8,131,10,10,16,1.6,0.4572577355631956,0.7668322126445652
2,knn_k1,2,2.76,100,0,131,10,10,17,1.7,0.5780548919060661,0.7447989370368722
2,knn_k1,2,2.76,100,1,131,10,10,14,1.4,0.28162694481673556,0.8145145370011095
2,knn_k1,2,2.76,100,2,131,10,10,12,1.2,0.2901346075403532,0.9371311969053837
2,knn_k1,2,2.76,100,3,132,10,10,14,1.4,0.18916437098255276,0.7735708015300976
2,knn_k1,2,2.76,100,4,132,10,10,17,1.7,0.3132460973370064,0.6500588406663474
2,knn_k1,2,2.76,100,5,132,10,10,18,1.8,0.39669421487603307,0.6579574437092427
2,knn_k1,2,2.76,100,6,131,10,10,17,1.7,0.2412446827107977,0.6089256256780567
2,knn_k1,2,2.76,100,7,131,10,10,14,1.4,0.348522813355865,0.7955063299075424
2,knn_k1,2,2.76,100,8,131,10,10,15,1.5,0.40463842433424635,0.8098187818368311
2,dtm_k10,0,2.7,100,0,131,10,10,14,1.4,0.2799953382670007,0.7221915321361452
2,dtm_k10,0,2.7,100,1,131,10,10,15,1.5,0.46232737019987197,0.8257903929048843
2,dtm_k10,0,2.7,100,2,131,10,10,14,1.4,0.408892255696055,0.8851352312624241
2,dtm_k10,0,2.7,100,3,132,10,10,19,1.9,0.33034894398530756,0.5501543631602207
2,dtm_k10,0,2.7,100,4,132,10,10,13,1.3,0.29970156106519746,0.9456537659193136
2,dtm_k10,0,2.7,100,5,132,10,10,11,1.1,0.22601010101010102,0.9926381371063945
2,dtm_k10,0,2.7,100,6,131,10,10,15,1.5,0.37142357671464377,0.7922638647529633
2,dtm_k10,0,2.7,100,7,131,10,10,18,1.8,0.38977915039916083,0.6422953767269959
2,dtm_k10,0,2.7,100,8,131,10,10,16,1.6,0.42742264436804384,0.7646629257406932
2,dtm_k10,1,2.5,100,0,131,10,10,13,1.3,0.3006817784511392,0.8039647777503287
2,dtm_k10,1,2.5,100,1,131,10,10,11,1.1,0.16980362449740694,0.9448481137130441
2,dtm_k10,1,2.5,100,2,131,10,10,12,1.2,0.2649612493444438,0.9324450793966087
2,dtm_k10,1,2.5,100,3,132,10,10,16,1.6,0.3204775022956841,0.71673570046818
2,dtm_k10,1,2.5,100,4,132,10,10,17,1.7,0.21567952249770433,0.6154638760968205
2,dtm_k10,1,2.5,100,5,132,10,10,14,1.4,0.5266299357208447,0.9526966344150734
2,dtm_k10,1,2.5,100,6,131,10,10,15,1.5,0.25779383485810853,0.7175146224173539
2,dtm_k10,1,2.5,100,7,131,10,10,13,1.3,0.19159722626886544,0.8480465420123625
2,dtm_k10,1,2.5,100,8,131,10,10,14,1.4,0.3158906823611677,0.8093174061308154
2,dtm_k10,2,2.72,100,0,131,10,10,14,1.4,0.3713653050521532,0.7784504738190086
2,dtm_k10,2,2.72,100,1,131,10,10,11,1.1,0.16980362449740694,0.9448481137130441
2,dtm_k10,2,2.72,100,2,131,10,10,15,1.5,0.1931122894936193,0.6457075635846459
2,dtm_k10,2,2.72,100,3,132,10,10,17,1.7,0.2273875114784206,0.5887733651497074
2,dtm_k10,2,2.72,100,4,132,10,10,18,1.8,0.3367768595041323,0.6411503219643346
2,dtm_k10,2,2.72,100,5,132,10,10,15,1.5,0.5323691460055097,0.8843326238695826
2,dtm_k10,2,2.72,100,6,131,10,10,15,1.5,0.37666802633879143,0.7960460136632029
2,dtm_k10,2,2.72,100,7,131,10,10,18,1.8,0.39607248994813815,0.6415551513644119
2,dtm_k10,2,2.72,100,8,131,10,10,13,1.3,0.35067886486801475,0.9103694038442561
2,random,0,3.2,100,0,131,10,10,20,2.0,0.2668259425441408,0.5297008274984086
2,random,0,3.2,100,1,131,10,10,16,1.6,0.397587553172892,0.7819757435835243
2,random,0,3.2,100,2,131,10,10,15,1.5,0.3049938814754386,0.7721924938041623
2,random,0,3.2,100,3,132,10,10,19,1.9,0.3630624426078971,0.588810255157248
2,random,0,3.2,100,4,132,10,10,18,1.8,0.3078512396694216,0.6221209745417967
2,random,0,3.2,100,5,132,10,10,15,1.5,0.4359504132231405,0.877713962600902
2,random,0,3.2,100,6,131,10,10,18,1.8,0.35831245265427425,0.6578569943757918
2,random,0,3.2,100,7,131,10,10,19,1.9,0.3142008041489423,0.5761444260686472
2,random,0,3.2,100,8,131,10,10,20,2.0,0.388031000524445,0.5630516002220655
2,random,1,2.88,100,0,131,10,10,15,1.5,0.5060311170677699,0.8608389278149169
2,random,1,2.88,100,1,131,10,10,14,1.4,0.3583124526542742,0.8791292291447715
2,random,1,2.88,100,2,131,10,10,16,1.6,0.5057397587553173,0.8473760288147106
2,random,1,2.88,100,3,132,10,10,15,1.5,0.2947658402203857,0.7980422816597187
2,random,1,2.88,100,4,132,10,10,15,1.5,0.2706611570247933,0.7619512322475199
2,random,1,2.88,100,5,132,10,10,18,1.8,0.3553719008264463,0.6349427794833
2,random,1,2.88,100,6,131,10,10,12,1.2,0.19783229415535228,0.9428430532950731
2,random,1,2.88,100,7,131,10,10,19,1.9,0.4470601946273527,0.672041665204798
2,random,1,2.88,100,8,131,10,10,20,2.0,0.3553988695297477,0.5639132735253782
2,random,2,3.02,100,0,131,10,10,13,1.3,0.39310063516112115,0.935771598827068
2,random,2,3.02,100,1,131,10,10,20,2.0,0.3367519375327778,0.5645113265408989
2,random,2,3.02,100,2,131,10,10,12,1.2,0.323699085134899,0.9751757340832798
2,random,2,3.02,100,3,132,10,10,19,1.9,0.3761478420569329,0.6258670091531242
2,random,2,3.02,100,4,132,10,10,16,1.6,0.22497704315886133,0.6746381079578919
2,random,2,3.02,100,5,132,10,10,20,2.0,0.3383838383838384,0.5550352470646066
2,random,2,3.02,100,6,131,10,10,19,1.9,0.1769127673212517,0.5052408637384724
2,random,2,3.02,100,7,131,10,10,16,1.6,0.24654740399743605,0.6614904857388109
2,random,2,3.02,100,8,131,10,10,16,1.6,0.4180991783695589,0.805146692741528
2,ecc_p1,0,3.16,100,0,131,10,10,18,1.8,0.6058504749140494,0.6734662916869162
2,ecc_p1,0,3.16,100,1,131,10,10,17,1.7,0.5443738709865392,0.8376028548984904
2,ecc_p1,0,3.16,100,2,131,10,10,15,1.5,0.21583823786492634,0.7267672570569171
2,ecc_p1,0,3.16,100,3,132,10,10,18,1.8,0.4421487603305786,0.7283117280292981
2,ecc_p1,0,3.16,100,4,132,10,10,19,1.9,0.5266299357208447,0.7067015052430089
2,ecc_p1,0,3.16,100,5,132,10,10,19,1.9,0.29327364554637275,0.5738480686173673
2,ecc_p1,0,3.16,100,6,131,10,10,18,1.8,0.4443214264902978,0.7118718874822536
2,ecc_p1,0,3.16,100,7,131,10,10,17,1.7,0.33436279937066593,0.694578619688182
2,ecc_p1,0,3.16,100,8,131,10,10,17,1.7,0.27492570363032454,0.566607052781217
2,ecc_p1,1,3.04,100,0,131,10,10,17,1.7,0.2987005419264611,0.6147176451138288
2,ecc_p1,1,3.04,100,1,131,10,10,13,1.3,0.28704620942835496,0.9329097568496968
2,ecc_p1,1,3.04,100,2,131,10,10,16,1.6,0.2689237223937999,0.7038469188425099
2,ecc_p1,1,3.04,100,3,132,10,10,19,1.9,0.4241276400367309,0.670758690672867
2,ecc_p1,1,3.04,100,4,132,10,10,20,2.0,0.38659320477502307,0.5761262646227727
2,ecc_p1,1,3.04,100,5,132,10,10,20,2.0,0.3659320477502296,0.5974951395439135
2,ecc_p1,1,3.04,100,6,131,10,10,16,1.6,0.2987588135889517,0.7317360705302473
2,ecc_p1,1,3.04,100,7,131,10,10,15,1.5,0.2892605326029953,0.7775857208661675
2,ecc_p1,1,3.04,100,8,131,10,10,16,1.6,0.254006176796224,0.6048785570526847
2,ecc_p1,2,3.04,100,0,131,10,10,18,1.8,0.40865916904609284,0.5989736897619176
2,ecc_p1,2,3.04,100,1,131,10,10,12,1.2,0.20762193345376143,0.9521477621656049
2,ecc_p1,2,3.04,100,2,131,10,10,16,1.6,0.25773556319561797,0.6984151621707647
2,ecc_p1,2,3.04,100,3,132,10,10,19,1.9,0.3630624426078971,0.6331929937092989
2,ecc_p1,2,3.04,100,4,132,10,10,17,1.7,0.5122819100091827,0.8001472228411838
2,ecc_p1,2,3.04,100,5,132,10,10,19,1.9,0.20167584940312214,0.5229691710801767
2,ecc_p1,2,3.04,100,6,131,10,10,18,1.8,0.4149525085950702,0.6914249813067842
2,ecc_p1,2,3.04,100,7,131,10,10,17,1.7,0.48493677524619766,0.7928626710288498
2,ecc_p1,2,3.04,100,8,131,10,10,16,1.6,0.3435114503816794,0.6494561691821995
2,gauss_0.1,0,2.54,100,0,131,10,10,12,1.2,0.31111240603694423,0.7611270553538301
2,gauss_0.1,0,2.54,100,1,131,10,10,15,1.5,0.6371423576714644,0.8272690330907093
2,gauss_0.1,0,2.54,100,2,131,10,10,17,1.7,0.36011887419148064,0.6675594166316563
2,gauss_0.1,0,2.54,100,3,132,10,10,13,1.3,0.18927915518824612,0.8373678627842817
2,gauss_0.1,0,2.54,100,4,132,10,10,17,1.7,0.35227272727272724,0.6775839841460946
2,gauss_0.1,0,2.54,100,5,132,10,10,14,1.4,0.42217630853994487,0.8102929051463863
2,gauss_0.1,0,2.54,100,6,131,10,10,15,1.5,0.49903851756890616,0.8287196151162778
2,gauss_0.1,0,2.54,100,7,131,10,10,12,1.2,0.35166948313035373,0.8858458186185408
2,gauss_0.1,0,2.54,100,8,131,10,10,12,1.2,0.33628576423285356,0.9453652840171113
2,gauss_0.1,1,2.3,100,0,131,10,10,11,1.1,0.15057397587553173,0.8591447780416622
2,gauss_0.1,1,2.3,100,1,131,10,10,14,1.4,0.6389487792086707,0.8804167393328769
2,gauss_0.1,1,2.3,100,2,131,10,10,12,1.2,0.2929316473398986,0.9611033323833822
2,gauss_0.1,1,2.3,100,3,132,10,10,13,1.3,0.18927915518824612,0.8373678627842817
2,gauss_0.1,1,2.3,100,4,132,10,10,14,1.4,0.32736455463728187,0.835555887254836
2,gauss_0.1,1,2.3,100,5,132,10,10,13,1.3,0.44444444444444453,0.8912573655338086
2,gauss_0.1,1,2.3,100,6,131,10,10,15,1.5,0.4885496183206108,0.8143077874026763
2,gauss_0.1,1,2.3,100,7,131,10,10,12,1.2,0.25657012994580736,0.8226107472357208
2,gauss_0.1,1,2.3,100,8,131,10,10,11,1.1,0.21851873433949073,0.9370787878506376
2,gauss_0.1,2,2.32,100,0,131,10,10,11,1.1,0.15057397587553176,0.8591447780416622
2,gauss_0.1,2,2.32,100,1,131,10,10,12,1.2,0.4411747567158093,0.9142691764003936
2,gauss_0.1,2,2.32,100,2,131,10,10,14,1.4,0.43173474739234297,0.9079467502616415
2,gauss_0.1,2,2.32,100,3,132,10,10,14,1.4,0.24701561065197433,0.8123580403725182
2,gauss_0.1,2,2.32,100,4,132,10,10,14,1.4,0.34504132231404955,0.8482106075670658
2,gauss_0.1,2,2.32,100,5,132,10,10,13,1.3,0.44444444444444453,0.8912573655338086
2,gauss_0.1,2,2.32,100,6,131,10,10,15,1.5,0.48854961832061067,0.8199522889424274
2,gauss_0.1,2,2.32,100,7,131,10,10,12,1.2,0.25657012994580736,0.8226107472357208
2,gauss_0.1,2,2.32,100,8,131,10,10,11,1.1,0.21851873433949073,0.9370787878506376
2,dm_eig0,0,2.0,100,0,131,10,10,13,1.3,0.8203484645416934,0.7167239938407443
2,dm_eig0,0,2.0,100,1,131,10,10,12,1.2,0.4369791970164909,0.5302919838888955
2,dm_eig0,0,2.0,100,2,131,10,10,10,1.0,0.49117184313268464,0.5383042222860189
2,dm_eig0,0,2.0,100,3,132,10,10,10,1.0,0.4015151515151516,0.6222660344822688
2,dm_eig0,0,2.0,100,4,132,10,10,11,1.1,0.34090909090909094,0.5557262775815136
2,dm_eig0,0,2.0,100,5,132,10,10,10,1.0,0.4784205693296602,0.6279030874204307
2,dm_eig0,0,2.0,100,6,131,10,10,11,1.1,0.5595245032340772,0.688139903916787
2,dm_eig0,0,2.0,100,7,131,10,10,10,1.0,0.16018880018646933,0.5109781749729146
2,dm_eig0,0,2.0,100,8,131,10,10,13,1.3,0.7976225161703864,0.6936032837161142
2,dm_eig0,1,1.92,100,0,131,10,10,11,1.1,0.8800186469319972,0.9385456974626698
2,dm_eig0,1,1.92,100,1,131,10,10,10,1.0,0.35365071965503175,0.6798099014556017
2,dm_eig0,1,1.92,100,2,131,10,10,10,1.0,0.7510634578404524,0.7595421553371696
2,dm_eig0,1,1.92,100,3,132,10,10,9,0.9,0.26756198347107446,0.7000576517260598
2,dm_eig0,1,1.92,100,4,132,10,10,10,1.0,0.5518824609733701,0.7676361474670497
2,dm_eig0,1,1.92,100,5,132,10,10,10,1.0,0.5817263544536272,0.6158506537005646
2,dm_eig0,1,1.92,100,6,131,10,10,11,1.1,0.39799545481032583,0.630536354380497
2,dm_eig0,1,1.92,100,7,131,10,10,13,1.3,0.6476312569197599,0.5963026637110918
2,dm_eig0,1,1.92,100,8,131,10,10,12,1.2,0.7362624555678576,0.6671199582513334
2,dm_eig0,2,1.96,100,0,131,10,10,12,1.2,0.8649262863469495,0.8674397382030893
2,dm_eig0,2,1.96,100,1,131,10,10,12,1.2,0.3209020453353534,0.526555778264367
2,dm_eig0,2,1.96,100,2,131,10,10,9,0.9,0.35569022784220033,0.5394840727821667
2,dm_eig0,2,1.96,100,3,132,10,10,13,1.3,1.0995179063360885,0.7868404726607298
2,dm_eig0,2,1.96,100,4,132,10,10,10,1.0,0.5851698806244261,0.7481610752406895
2,dm_eig0,2,1.96,100,5,132,10,10,10,1.0,0.4095500459136822,0.670465064838186
2,dm_eig0,2,1.96,100,6,131,10,10,10,1.0,0.31052968941203896,0.5825064538586354
2,dm_eig0,2,1.96,100,7,131,10,10,11,1.1,0.44927451780199307,0.5233674415249623
2,dm_eig0,2,1.96,100,8,131,10,10,11,1.1,0.7556669191772043,0.8367182526652556
3,xcoord,0,2.3,100,0,131,10,10,11,1.1,0.40825126740865914,0.8624697885196375
3,xcoord,0,2.3,100,1,131,10,10,13,1.3,0.48400442864634935,0.614048725292541
3,xcoord,0,2.3,100,2,131,10,10,14,1.4,0.4121554687955246,0.45036813738968007
3,xcoord,0,2.3,100,3,132,10,10,10,1.0,0.32805325987144174,0.634970873128461
3,xcoord,0,2.3,100,4,132,10,10,15,1.5,0.47382920110192844,0.46054337063180756
3,xcoord,0,2.3,100,5,132,10,10,12,1.2,0.25757575757575757,0.437075081691134
3,xcoord,0,2.3,100,6,131,10,10,12,1.2,0.7544432142649031,0.6245747970813369
3,xcoord,0,2.3,100,7,131,10,10,15,1.5,0.5619719130586798,0.5712363815961702
3,xcoord,0,2.3,100,8,131,10,10,13,1.3,0.4188567099819358,0.7069718061597952
3,xcoord,1,2.38,100,0,131,10,10,14,1.4,0.2979430103140842,0.6053078973777266
3,xcoord,1,2.38,100,1,131,10,10,11,1.1,0.3621001107161587,0.6297200614087279
3,xcoord,1,2.38,100,2,131,10,10,14,1.4,0.5312627469261697,0.4488350540799015
3,xcoord,1,2.38,100,3,132,10,10,14,1.4,1.0890725436179978,0.7285717922027118
3,xcoord,1,2.38,100,4,132,10,10,16,1.6,0.7098255280073462,0.5055625007652597
3,xcoord,1,2.38,100,5,132,10,10,10,1.0,0.43939393939393945,0.7030223045987551
3,xcoord,1,2.38,100,6,131,10,10,11,1.1,0.6813122778392868,0.6372981359493161
3,xcoord,1,2.38,100,7,131,10,10,17,1.7,0.7048540294854612,0.5097412128394256
3,xcoord,1,2.38,100,8,131,10,10,12,1.2,0.40900879902103604,0.7821706917075932
3,xcoord,2,2.4,100,0,131,10,10,12,1.2,0.3712487617271722,0.7425246455914595
3,xcoord,2,2.4,100,1,131,10,10,13,1.3,0.3415884855194919,0.5190704946607301
3,xcoord,2,2.4,100,2,131,10,10,15,1.5,0.4535866208262922,0.4095292194000701
3,xcoord,2,2.4,100,3,132,10,10,12,1.2,0.5151515151515151,0.6088495451407103
3,xcoord,2,2.4,100,4,132,10,10,14,1.4,0.9348025711662071,0.6313279914131297
3,xcoord,2,2.4,100,5,132,10,10,12,1.2,0.3815426997245179,0.5573351200428146
3,xcoord,2,2.4,100,6,131,10,10,12,1.2,0.4397762368160365,0.44995412051695804
3,xcoord,2,2.4,100,7,131,10,10,17,1.7,0.413612260357788,0.41703757972155114
3,xcoord,2,2.4,100,8,131,10,10,13,1.3,0.3961307616106287,0.6987869748287378
3,knn_k1,0,2.9,100,0,131,10,10,15,1.5,0.48854961832061083,0.8051872099428247
3,knn_k1,0,2.9,100,1,131,10,10,17,1.7,0.36011887419148064,0.6879571790079981
3,knn_k1,0,2.9,100,2,131,10,10,12,1.2,0.1055299807703514,0.8215201458618436
3,knn_k1,0,2.9,100,3,132,10,10,20,2.0,0.2006427915518825,0.48155852112432496
3,knn_k1,0,2.9,100,4,132,10,10,16,1.6,0.3590449954086318,0.7489980614981261
3,knn_k1,0,2.9,100,5,132,10,10,15,1.5,0.3722451790633608,0.825103243827933
3,knn_k1,0,2.9,100,6,131,10,10,18,1.8,0.4170502884447293,0.6776304756263196
3,knn_k1,0,2.9,100,7,131,10,10,14,1.4,0.2506264203717732,0.8312567236856178
3,knn_k1,0,2.9,100,8,131,10,10,18,1.8,0.4548103257385933,0.717954317889526
3,knn_k1,1,2.9,100,0,131,10,10,16,1.6,0.543033622749257,0.7831645663312314
3,knn_k1,1,2.9,100,1,131,10,10,18,1.8,0.27649903851756885,0.5376707131099147
3,knn_k1,1,2.9,100,2,131,10,10,10,1.0,0.05879610745294564,1.0
3,knn_k1,1,2.9,100,3,132,10,10,20,2.0,0.182277318640955,0.4689621203131752
3,knn_k1,1,2.9,100,4,132,10,10,17,1.7,0.5220385674931131,0.7774988419440073
3,knn_k1,1,2.9,100,5,132,10,10,14,1.4,0.30486685032139577,0.8585251586989672
3,knn_k1,1,2.9,100,6,131,10,10,17,1.7,0.4512557543266709,0.7391145279202394
3,knn_k1,1,2.9,100,7,131,10,10,14,1.4,0.2440999941728337,0.7880997090365582
3,knn_k1,1,2.9,100,8,131,10,10,19,1.9,0.32748674319678345,0.5989998299189332
3,knn_k1,2,3.02,100,0,131,10,10,16,1.6,0.5467630091486511,0.7850624779960892
3,knn_k1,2,3.02,100,1,131,10,10,16,1.6,0.44047549676592274,0.7617252716847505
3,knn_k1,2,3.02,100,2,131,10,10,13,1.3,0.1552357088747742,0.7951220529400842
3,knn_k1,2,3.02,100,3,132,10,10,20,2.0,0.27410468319559234,0.5213802674096655
3,knn_k1,2,3.02,100,4,132,10,10,17,1.7,0.4693526170798898,0.7568500323851937
3,knn_k1,2,3.02,100,5,132,10,10,15,1.5,0.2586088154269972,0.6811998900932994
3,knn_k1,2,3.02,100,6,131,10,10,18,1.8,0.37299691160188797,0.6325865880058853
3,knn_k1,2,3.02,100,7,131,10,10,18,1.8,0.35831245265427414,0.6616643198159449
3,knn_k1,2,3.02,100,8,131,10,10,18,1.8,0.3625080123535924,0.661885616194324
3,dtm_k10,0,2.76,100,0,131,10,10,14,1.4,0.4611036652875705,0.8536234727029112
3,dtm_k10,0,2.76,100,1,131,10,10,12,1.2,0.2537730901462618,0.9189267259316853
3,dtm_k10,0,2.76,100,2,131,10,10,11,1.1,0.18775129654449044,0.9697361643950032
3,dtm_k10,0,2.76,100,3,132,10,10,17,1.7,0.3639807162534435,0.6814788376139524
3,dtm_k10,0,2.76,100,4,132,10,10,17,1.7,0.43813131313131304,0.7497720302487364
3,dtm_k10,0,2.76,100,5,132,10,10,18,1.8,0.5103305785123967,0.7250382319263975
3,dtm_k10,0,2.76,100,6,131,10,10,17,1.7,0.4393683351786026,0.7180321332713127
3,dtm_k10,0,2.76,100,7,131,10,10,19,1.9,0.27212866383077905,0.5667016170289698
3,dtm_k10,0,2.76,100,8,131,10,10,13,1.3,0.371889750014568,0.9342919244273533
3,dtm_k10,1,2.98,100,0,131,10,10,15,1.5,0.2997494318512907,0.7189310059619498
3,dtm_k10,1,2.98,100,1,131,10,10,15,1.5,0.40463842433424624,0.7717137234886916
3,dtm_k10,1,2.98,100,2,131,10,10,11,1.1,0.209544898315949,0.9576561208701232
3,dtm_k10,1,2.98,100,3,132,10,10,17,1.7,0.2859274563820019,0.6469577853239944
3,dtm_k10,1,2.98,100,4,132,10,10,16,1.6,0.3957759412304867,0.7708924401041575
3,dtm_k10,1,2.98,100,5,132,10,10,20,2.0,0.5472910927456383,0.6522254156709708
3,dtm_k10,1,2.98,100,6,131,10,10,19,1.9,0.39170211526134846,0.6021695797602571
3,dtm_k10,1,2.98,100,7,131,10,10,19,1.9,0.2366994930365363,0.5455126309584615
3,dtm_k10,1,2.98,100,8,131,10,10,17,1.7,0.5859798380047782,0.822222313683775
3,dtm_k10,2,2.88,100,0,131,10,10,14,1.4,0.34199638715692554,0.8065614151726866
3,dtm_k10,2,2.88,100,1,131,10,10,13,1.3,0.33249810617096903,0.9034862448523445
3,dtm_k10,2,2.88,100,2,131,10,10,11,1.1,0.21980071091428238,0.9844468193005712
3,dtm_k10,2,2.88,100,3,132,10,10,17,1.7,0.3639807162534436,0.6824225100101465
3,dtm_k10,2,2.88,100,4,132,10,10,18,1.8,0.4194214876033059,0.7007205757366199
3,dtm_k10,2,2.88,100,5,132,10,10,15,1.5,0.44111570247933873,0.8643634065249165
3,dtm_k10,2,2.88,100,6,131,10,10,19,1.9,0.5090612435172776,0.6435767895865914
3,dtm_k10,2,2.88,100,7,131,10,10,20,2.0,0.20389254705436746,0.500046821381369
3,dtm_k10,2,2.88,100,8,131,10,10,17,1.7,0.44333080822795873,0.7457190131627689
3,random,0,2.9,100,0,131,10,10,13,1.3,0.22947380688771046,0.9032501457828801
3,random,0,2.9,100,1,131,10,10,20,2.0,0.31577413903618673,0.5475313998537975
3,random,0,2.9,100,2,131,10,10,13,1.3,0.3067420313501545,0.9215453879174955
3,random,0,2.9,100,3,132,10,10,20,2.0,0.453168044077135,0.5754851977559096
3,random,0,2.9,100,4,132,10,10,15,1.5,0.36191460055096414,0.8185241646335955
3,random,0,2.9,100,5,132,10,10,20,2.0,0.3337924701561066,0.5599658638260752
3,random,0,2.9,100,6,131,10,10,17,1.7,0.26700075753161234,0.6065305776617238
3,random,0,2.9,100,7,131,10,10,11,1.1,0.12108851465532311,0.9785254364188044
3,random,0,2.9,100,8,131,10,10,16,1.6,0.3546996095798613,0.7421184484228927
3,random,1,3.04,100,0,131,10,10,20,2.0,0.29246547403997436,0.481677735851182
3,random,1,3.04,100,1,131,10,10,17,1.7,0.4235184429811782,0.7404633409839505
3,random,1,3.04,100,2,131,10,10,17,1.7,0.44333080822795873,0.7360076960192786
3,random,1,3.04,100,3,132,10,10,15,1.5,0.3429752066115702,0.8489099456585026
3,random,1,3.04,100,4,132,10,10,16,1.6,0.34067952249770433,0.7599742748694794
3,random,1,3.04,100,5,132,10,10,14,1.4,0.32415059687786946,0.870032198674211
3,random,1,3.04,100,6,131,10,10,18,1.8,0.40865916904609284,0.6964341087690242
3,random,1,3.04,100,7,131,10,10,17,1.7,0.5839986014801002,0.8370285666719477
3,random,1,3.04,100,8,131,10,10,18,1.8,0.4128547287454111,0.6847073020124288
3,random,2,3.18,100,0,131,10,10,20,2.0,0.23419381154944352,0.50618057108659
3,random,2,3.18,100,1,131,10,10,20,2.0,0.28547287454111064,0.5316495705506263
3,random,2,3.18,100,2,131,10,10,15,1.5,0.3486976283433367,0.8112520641135589
3,random,2,3.18,100,3,132,10,10,17,1.7,0.4713039485766759,0.759655382488559
3,random,2,3.18,100,4,132,10,10,18,1.8,0.25000000000000006,0.5929126458903896
3,random,2,3.18,100,5,132,10,10,18,1.8,0.4338842975206612,0.6897652926565746
3,random,2,3.18,100,6,131,10,10,18,1.8,0.2995746168638191,0.6172351197665712
3,random,2,3.18,100,7,131,10,10,15,1.5,0.41337917370782595,0.8642351951811873
3,random,2,3.18,100,8,131,10,10,18,1.8,0.4086591690460929,0.6889581970924091
3,ecc_p1,0,3.06,100,0,131,10,10,18,1.8,0.3373346541576831,0.6252985003578331
3,ecc_p1,0,3.06,100,1,131,10,10,14,1.4,0.28325855136647043,0.8509670545427951
3,ecc_p1,0,3.06,100,2,131,10,10,16,1.6,0.35097022318046733,0.7593746508755914
3,ecc_p1,0,3.06,100,3,132,10,10,18,1.8,0.22933884297520665,0.5859652323557567
3,ecc_p1,0,3.06,100,4,132,10,10,19,1.9,0.2932736455463728,0.5654202214423226
3,ecc_p1,0,3.06,100,5,132,10,10,20,2.0,0.34756657483930214,0.541514436663517
3,ecc_p1,0,3.06,100,6,131,10,10,13,1.3,0.3506788648680147,0.9467347913470009
3,ecc_p1,0,3.06,100,7,131,10,10,19,1.9,0.25219975525901756,0.5590383231529725
3,ecc_p1,0,3.06,100,8,131,10,10,16,1.6,0.5169279179534992,0.8310682208702921
3,ecc_p1,1,3.12,100,0,131,10,10,18,1.8,0.31006351611211475,0.6071668426322843
3,ecc_p1,1,3.12,100,1,131,10,10,13,1.3,0.24462443913524853,0.8981508937668624
3,ecc_p1,1,3.12,100,2,131,10,10,18,1.8,0.33943243400734224,0.6540583955178694
3,ecc_p1,1,3.12,100,3,132,10,10,20,2.0,0.36363636363636365,0.5842390240838954
3,ecc_p1,1,3.12,100,4,132,10,10,14,1.4,0.29843893480257117,0.8749286851321723
3,ecc_p1,1,3.12,100,5,132,10,10,20,2.0,0.19605142332415065,0.44922888473079586
3,ecc_p1,1,3.12,100,6,131,10,10,18,1.8,0.4632014451372297,0.7041257474108622
3,ecc_p1,1,3.12,100,7,131,10,10,18,1.8,0.3562146728046151,0.6377601668774652
3,ecc_p1,1,3.12,100,8,131,10,10,17,1.7,0.572111182332032,0.8303894474749587
3,ecc_p1,2,3.2,100,0,131,10,10,18,1.8,0.278596818367228,0.5935274625087317
3,ecc_p1,2,3.2,100,1,131,10,10,17,1.7,0.45918070042538306,0.7894099190913573
3,ecc_p1,2,3.2,100,2,131,10,10,18,1.8,0.31845463551075115,0.6421782035190773
3,ecc_p1,2,3.2,100,3,132,10,10,20,2.0,0.1914600550964187,0.4812697683379175
3,ecc_p1,2,3.2,100,4,132,10,10,18,1.8,0.3367768595041323,0.6289045440124462
3,ecc_p1,2,3.2,100,5,132,10,10,20,2.0,0.3498622589531681,0.5336068470787153
3,ecc_p1,2,3.2,100,6,131,10,10,14,1.4,0.4105238622457898,0.9014350053542078
3,ecc_p1,2,3.2,100,7,131,10,10,19,1.9,0.33412971272070396,0.59138091387709
3,ecc_p1,2,3.2,100,8,131,10,10,16,1.6,0.5747334071441058,0.8817603715393831
3,gauss_0.1,0,2.8,100,0,131,10,10,17,1.7,0.4037060777343977,0.717375927746593
3,gauss_0.1,0,2.8,100,1,131,10,10,17,1.7,0.34426898199405626,0.6630408091554642
3,gauss_0.1,0,2.8,100,2,131,10,10,14,1.4,0.27510051861779616,0.7858511291432122
3,gauss_0.1,0,2.8,100,3,132,10,10,17,1.7,0.20202020202020196,0.6085804454106442
3,gauss_0.1,0,2.8,100,4,132,10,10,19,1.9,0.27582644628099173,0.5369312124462943
3,gauss_0.1,0,2.8,100,5,132,10,10,16,1.6,0.3443526170798898,0.7022415857815879
3,gauss_0.1,0,2.8,100,6,131,10,10,13,1.3,0.32795291649670766,0.9256709958403931
3,gauss_0.1,0,2.8,100,7,131,10,10,14,1.4,0.4692616980362449,0.9071547857349532
3,gauss_0.1,0,2.8,100,8,131,10,10,13,1.3,0.40976633063341295,0.8168608417593922
3,gauss_0.1,1,2.82,100,0,131,10,10,17,1.7,0.39181865858632936,0.7081769642360658
3,gauss_0.1,1,2.82,100,1,131,10,10,16,1.6,0.4162344851698619,0.7994173102848138
3,gauss_0.1,1,2.82,100,2,131,10,10,15,1.5,0.3207272303478819,0.7930719548568729
3,gauss_0.1,1,2.82,100,3,132,10,10,17,1.7,0.34251606978879706,0.6859224917554042
3,gauss_0.1,1,2.82,100,4,132,10,10,18,1.8,0.4008264462809918,0.6712174923583238
3,gauss_0.1,1,2.82,100,5,132,10,10,18,1.8,0.3760330578512397,0.6057210673327424
3,gauss_0.1,1,2.82,100,6,131,10,10,12,1.2,0.2104189732533069,0.8859420670221085
3,gauss_0.1,1,2.82,100,7,131,10,10,15,1.5,0.45183847095157625,0.8131983312817285
3,gauss_0.1,1,2.82,100,8,131,10,10,13,1.3,0.3385583590699843,0.792115223225096
3,gauss_0.1,2,2.82,100,0,131,10,10,17,1.7,0.4056873142590757,0.7196843482115522
3,gauss_0.1,2,2.82,100,1,131,10,10,15,1.5,0.3801643260882233,0.8450585963103655
3,gauss_0.1,2,2.82,100,2,131,10,10,17,1.7,0.34823145504341235,0.6860255521442012
3,gauss_0.1,2,2.82,100,3,132,10,10,17,1.7,0.21958218549127642,0.5888127070576941
3,gauss_0.1,2,2.82,100,4,132,10,10,17,1.7,0.3971533516988063,0.7056400398401437
3,gauss_0.1,2,2.82,100,5,132,10,10,18,1.8,0.3966942148760331,0.614133038903726
3,gauss_0.1,2,2.82,100,6,131,10,10,12,1.2,0.26356272944467113,0.9671364024892984
3,gauss_0.1,2,2.82,100,7,131,10,10,15,1.5,0.5165200163160657,0.879366854719547
3,gauss_0.1,2,2.82,100,8,131,10,10,13,1.3,0.26886545073130935,0.7538531598922869
3,dm_eig0,0,2.18,100,0,131,10,10,12,1.2,0.5013111124060371,0.672592516690548
3,dm_eig0,0,2.18,100,1,131,10,10,10,1.0,0.5249694073771924,0.6150407208239866
3,dm_eig0,0,2.18,100,2,131,10,10,15,1.5,0.32422353009731375,0.34849021984107226
3,dm_eig0,0,2.18,100,3,132,10,10,14,1.4,0.5491276400367308,0.538009918680181
3,dm_eig0,0,2.18,100,4,132,10,10,11,1.1,0.5037878787878788,0.5904824919878531
3,dm_eig0,0,2.18,100,5,132,10,10,13,1.3,0.6354453627180902,0.6012968808301651
3,dm_eig0,0,2.18,100,6,131,10,10,11,1.1,0.517219276265952,0.7010705958166134
3,dm_eig0,0,2.18,100,7,131,10,10,12,1.2,0.7670298933628578,0.7056971947296566
3,dm_eig0,0,2.18,100,8,131,10,10,11,1.1,0.2928733756774081,0.5941650051997167
3,dm_eig0,1,2.24,100,0,131,10,10,15,1.5,0.8853796398811259,0.687076387824527
3,dm_eig0,1,2.24,100,1,131,10,10,9,0.9,0.4186236233319736,0.6600181449274121
3,dm_eig0,1,2.24,100,2,131,10,10,17,1.7,0.49484295786958793,0.4069275582114636
3,dm_eig0,1,2.24,100,3,132,10,10,11,1.1,0.33207070707070707,0.5872706454107608
3,dm_eig0,1,2.24,100,4,132,10,10,12,1.2,0.5950413223140496,0.5164618537663178
3,dm_eig0,1,2.24,100,5,132,10,10,13,1.3,0.24747474747474751,0.33629682862208327
3,dm_eig0,1,2.24,100,6,131,10,10,11,1.1,0.5095274168172018,0.7738305675853188
3,dm_eig0,1,2.24,100,7,131,10,10,12,1.2,0.7712254530621758,0.6947964309373672
3,dm_eig0,1,2.24,100,8,131,10,10,12,1.2,0.4034147194219452,0.5977542032006243
3,dm_eig0,2,2.24,100,0,131,10,10,12,1.2,0.7782180525610396,0.768350795489028
3,dm_eig0,2,2.24,100,1,131,10,10,11,1.1,0.6582366994930366,0.6773484967505519
3,dm_eig0,2,2.24,100,2,131,10,10,14,1.4,0.5084202552298815,0.5104449333702956
3,dm_eig0,2,2.24,100,3,132,10,10,16,1.6,0.26538108356290174,0.3669896262458675
3,dm_eig0,2,2.24,100,4,132,10,10,11,1.1,0.5921717171717171,0.5703691036858062
3,dm_eig0,2,2.24,100,5,132,10,10,12,1.2,0.4696969696969697,0.5347866913937088
3,dm_eig0,2,2.24,100,6,131,10,10,12,1.2,0.48173183380921875,0.5771795700958529
3,dm_eig0,2,2.24,100,7,131,10,10,13,1.3,0.9627644076685509,0.713662824222712
3,dm_eig0,2,2.24,100,8,131,10,10,11,1.1,0.23646640638657423,0.5598359787596696
4,xcoord,0,2.54,100,0,131,10,10,13,1.3,0.4824893654215955,0.6921028346295992
4,xcoord,0,2.54,100,1,131,10,10,15,1.5,1.0060019812365248,0.68
4,xcoord,0,2.54,100,2,131,10,10,17,1.7,1.5607482081463782,0.6479613645093717
4,xcoord,0,2.54,100,3,132,10,10,14,1.4,0.45270890725436175,0.49896253707342597
4,xcoord,0,2.54,100,4,132,10,10,12,1.2,0.6129476584022039,0.5867813492842292
4,xcoord,0,2.54,100,5,132,10,10,15,1.5,0.615013774104683,0.5528419236907738
4,xcoord,0,2.54,100,6,131,10,10,11,1.1,0.8646349280344969,0.7303288379017427
4,xcoord,0,2.54,100,7,131,10,10,16,1.6,1.1173591282559292,0.7143386754334806
4,xcoord,0,2.54,100,8,131,10,10,14,1.4,0.6422119923081403,0.728828410070048
4,xcoord,1,2.46,100,0,131,10,10,14,1.4,0.240836781073364,0.4871557388692627
4,xcoord,1,2.46,100,1,131,10,10,16,1.6,0.8059553639065322,0.5855957116119492
4,xcoord,1,2.46,100,2,131,10,10,13,1.3,0.6370258143464833,0.5092189300551004
4,xcoord,1,2.46,100,3,132,10,10,14,1.4,0.5443067033976124,0.547365270033151
4,xcoord,1,2.46,100,4,132,10,10,13,1.3,0.5787419651056015,0.5211797924409017
4,xcoord,1,2.46,100,5,132,10,10,13,1.3,0.893595041322314,0.7185292969443163
4,xcoord,1,2.46,100,6,131,10,10,11,1.1,0.5787541518559526,0.5943598112028485
4,xcoord,1,2.46,100,7,131,10,10,17,1.7,1.0099644542858806,0.6561933830270575
4,xcoord,1,2.46,100,8,131,10,10,12,1.2,0.5488607889983101,0.7567750533438153
4,xcoord,2,2.48,100,0,131,10,10,15,1.5,0.46232737019987197,0.5984219011326677
4,xcoord,2,2.48,100,1,131,10,10,15,1.5,0.6161645591748733,0.5515632375709257
4,xcoord,2,2.48,100,2,131,10,10,11,1.1,0.2877454693782414,0.5426162249052597
4,xcoord,2,2.48,100,3,132,10,10,14,1.4,0.7371441689623506,0.5413849576411406
4,xcoord,2,2.48,100,4,132,10,10,14,1.4,0.7901744719926538,0.6450197756313091
4,xcoord,2,2.48,100,5,132,10,10,13,1.3,0.7652662993572085,0.6156429340339262
4,xcoord,2,2.48,100,6,131,10,10,12,1.2,0.6803216595769479,0.6304534861351618
4,xcoord,2,2.48,100,7,131,10,10,15,1.5,0.48854961832061083,0.5230691321188563
4,xcoord,2,2.48,100,8,131,10,10,15,1.5,0.5374978148126568,0.5825833196222803
4,knn_k1,0,2.86,100,0,131,10,10,16,1.6,0.1943359944059204,0.6095458850450567
4,knn_k1,0,2.86,100,1,131,10,10,14,1.4,0.29141658411514476,0.8328619016359387
4,knn_k1,0,2.86,100,2,131,10,10,17,1.7,0.3779500029135831,0.6761442359622746
4,knn_k1,0,2.86,100,3,132,10,10,16,1.6,0.34067952249770433,0.7082723296991751
4,knn_k1,0,2.86,100,4,132,10,10,17,1.7,0.5161845730027548,0.6975070334856652
4,knn_k1,0,2.86,100,5,132,10,10,14,1.4,0.30486685032139577,0.8261189670911577
4,knn_k1,0,2.86,100,6,131,10,10,15,1.5,0.30149758172600666,0.7529286491741345
4,knn_k1,0,2.86,100,7,131,10,10,16,1.6,0.3080822795874366,0.7300512925294194
4,knn_k1,0,2.86,100,8,131,10,10,18,1.8,0.42544140784336576,0.6775074482590642
4,knn_k1,1,2.86,100,0,131,10,10,17,1.7,0.3165316706485636,0.6282256835979853
4,knn_k1,1,2.86,100,1,131,10,10,14,1.4,0.31425907581143286,0.873858461373408
4,knn_k1,1,2.86,100,2,131,10,10,15,1.5,0.2577938348581086,0.7655917837577705
4,knn_k1,1,2.86,100,3,132,10,10,16,1.6,0.2580348943985308,0.6782665669035376
4,knn_k1,1,2.86,100,4,132,10,10,19,1.9,0.4372130394857668,0.5802137222154331
4,knn_k1,1,2.86,100,5,132,10,10,16,1.6,0.38475665748393023,0.7550595191156859
4,knn_k1,1,2.86,100,6,131,10,10,15,1.5,0.3014975817260067,0.7529267966988676
4,knn_k1,1,2.86,100,7,131,10,10,16,1.6,0.13280111881591983,0.6001299193800822
4,knn_k1,1,2.86,100,8,131,10,10,15,1.5,0.36268282734106405,0.8290246473570604
4,knn_k1,2,2.76,100,0,131,10,10,16,1.6,0.25587086999592096,0.6412219714569174
4,knn_k1,2,2.76,100,1,131,10,10,13,1.3,0.23553405978672573,0.8877404034616304
4,knn_k1,2,2.76,100,2,131,10,10,18,1.8,0.48627702348347995,0.7114331876799236
4,knn_k1,2,2.76,100,3,132,10,10,14,1.4,0.29843893480257117,0.8298005493091327
4,knn_k1,2,2.76,100,4,132,10,10,17,1.7,0.24885215794306706,0.5084321058866581
4,knn_k1,2,2.76,100,5,132,10,10,14,1.4,0.39485766758494023,0.9001560295008898
4,knn_k1,2,2.76,100,6,131,10,10,15,1.5,0.46757181982401963,0.854450857529266
4,knn_k1,2,2.76,100,7,131,10,10,16,1.6,0.14212458481440476,0.6044463984875583
4,knn_k1,2,2.76,100,8,131,10,10,15,1.5,0.2840160829788474,0.7763164173694238
4,dtm_k10,0,2.88,100,0,131,10,10,16,1.6,0.40877571237107396,0.7137026736447403
4,dtm_k10,0,2.88,100,1,131,10,10,15,1.5,0.29275683235242717,0.7568201274731279
4,dtm_k10,0,2.88,100,2,131,10,10,20,2.0,0.6420954489831596,0.7176855616117759
4,dtm_k10,0,2.88,100,3,132,10,10,18,1.8,0.3698347107438017,0.6255475613257911
4,dtm_k10,0,2.88,100,4,132,10,10,15,1.5,0.3205922865013774,0.7914979702844281
4,dtm_k10,0,2.88,100,5,132,10,10,14,1.4,0.3016528925619834,0.8570781094745675
4,dtm_k10,0,2.88,100,6,131,10,10,16,1.6,0.24468271079773907,0.6851710161894907
4,dtm_k10,0,2.88,100,7,131,10,10,16,1.6,0.4497989627644077,0.7524181273982277
4,dtm_k10,0,2.88,100,8,131,10,10,14,1.4,0.3158906823611677,0.8309846822413155
4,dtm_k10,1,3.0,100,0,131,10,10,16,1.6,0.5971097255404697,0.7692557215273875
4,dtm_k10,1,3.0,100,1,131,10,10,15,1.5,0.25429753510867675,0.7284383916874982
4,dtm_k10,1,3.0,100,2,131,10,10,17,1.7,0.5879610745294562,0.8137250750665126
4,dtm_k10,1,3.0,100,3,132,10,10,18,1.8,0.3780991735537191,0.6371366540113467
4,dtm_k10,1,3.0,100,4,132,10,10,18,1.8,0.506198347107438,0.7200661223889915
4,dtm_k10,1,3.0,100,5,132,10,10,15,1.5,0.4204545454545455,0.8604101605200059
4,dtm_k10,1,3.0,100,6,131,10,10,17,1.7,0.45125575432667087,0.7677542038312971
4,dtm_k10,1,3.0,100,7,131,10,10,17,1.7,0.4988054309189441,0.7305447885471944
4,dtm_k10,1,3.0,100,8,131,10,10,17,1.7,0.4631431734747392,0.7406901732285063
4,dtm_k10,2,2.92,100,0,131,10,10,17,1.7,0.4631431734747392,0.6426287505296646
4,dtm_k10,2,2.92,100,1,131,10,10,14,1.4,0.28162694481673556,0.8289726769337388
4,dtm_k10,2,2.92,100,2,131,10,10,19,1.9,0.66849251209137,0.7577016018497551
4,dtm_k10,2,2.92,100,3,132,10,10,13,1.3,0.37431129476584024,0.9435982356571876
4,dtm_k10,2,2.92,100,4,132,10,10,18,1.8,0.44628099173553726,0.6841280205591169
4,dtm_k10,2,2.92,100,5,132,10,10,17,1.7,0.43227731864095503,0.7689121393048728
4,dtm_k10,2,2.92,100,6,131,10,10,17,1.7,0.46908688304877344,0.7839420937295754
4,dtm_k10,2,2.92,100,7,131,10,10,14,1.4,0.3305751413087814,0.8041793470345187
4,dtm_k10,2,2.92,100,8,131,10,10,17,1.7,0.6038109667268807,0.8178828045406467
4,random,0,3.12,100,0,131,10,10,20,2.0,0.3041198065380805,0.5413451380854167
4,random,0,3.12,100,1,131,10,10,15,1.5,0.16514189149816447,0.6635893393905197
4,random,0,3.12,100,2,131,10,10,18,1.8,0.3750946914515471,0.6850951357619578
4,random,0,3.12,100,3,132,10,10,17,1.7,0.1864095500459137,0.5765771926674235
4,random,0,3.12,100,4,132,10,10,16,1.6,0.4820936639118457,0.8753910110616152
4,random,0,3.12,100,5,132,10,10,19,1.9,0.30635904499540856,0.5643085293232261
4,random,0,3.12,100,6,131,10,10,16,1.6,0.40691101917137695,0.7901296922740616
4,random,0,3.12,100,7,131,10,10,17,1.7,0.28483188625371475,0.6572353855383847
4,random,0,3.12,100,8,131,10,10,18,1.8,0.5701882174698444,0.717356202619417
4,random,1,2.9,100,0,131,10,10,17,1.7,0.3997436046850416,0.7213156151096467
4,random,1,2.9,100,1,131,10,10,16,1.6,0.3099469727871336,0.7226569305654438
4,random,1,2.9,100,2,131,10,10,14,1.4,0.24573160072256853,0.7475389343194958
4,random,1,2.9,100,3,132,10,10,14,1.4,0.3000459136822773,0.7975117700883079
4,random,1,2.9,100,4,132,10,10,19,1.9,0.25837924701561066,0.5489534335431158
4,random,1,2.9,100,5,132,10,10,17,1.7,0.6098484848484849,0.8408530662935793
4,random,1,2.9,100,6,131,10,10,12,1.2,0.20622341355398868,0.9161006171089711
4,random,1,2.9,100,7,131,10,10,20,2.0,0.36472233552823263,0.5564748442647681
4,random,1,2.9,100,8,131,10,10,16,1.6,0.3155410523862246,0.7490244522985529
4,random,2,3.14,100,0,131,10,10,20,2.0,0.2551716100460346,0.5064988907735882
4,random,2,3.14,100,1,131,10,10,13,1.3,0.3052269681254006,0.9232922238223844
4,random,2,3.14,100,2,131,10,10,19,1.9,0.3762018530388673,0.6583902069394204
4,random,2,3.14,100,3,132,10,10,14,1.4,0.35146923783287415,0.8997452602995194
4,random,2,3.14,100,4,132,10,10,18,1.8,0.19834710743801653,0.5290550188825861
4,random,2,3.14,100,5,132,10,10,18,1.8,0.3491735537190083,0.64105938545016
4,random,2,3.14,100,6,131,10,10,17,1.7,0.3977623681603636,0.6807248371101133
4,random,2,3.14,100,7,131,10,10,19,1.9,0.4293456092302313,0.6528058359311579
4,random,2,3.14,100,8,131,10,10,19,1.9,0.37177320668958685,0.6273634893189804
4,ecc_p1,0,2.84,100,0,131,10,10,15,1.5,0.4378532719538489,0.872587083637181
4,ecc_p1,0,2.84,100,1,131,10,10,17,1.7,0.44333080822795873,0.7608867186306636
4,ecc_p1,0,2.84,100,2,131,10,10,17,1.7,0.42351844298117813,0.7089239235754333
4,ecc_p1,0,2.84,100,3,132,10,10,17,1.7,0.42252066115702475,0.7244860281935714
4,ecc_p1,0,2.84,100,4,132,10,10,13,1.3,0.26687327823691465,0.9035585710018573
4,ecc_p1,0,2.84,100,5,132,10,10,17,1.7,0.30153810835629025,0.6789940185023176
4,ecc_p1,0,2.84,100,6,131,10,10,17,1.7,0.2987005419264611,0.6470593930343126
4,ecc_p1,0,2.84,100,7,131,10,10,13,1.3,0.23401899656197186,0.9117070142095116
4,ecc_p1,0,2.84,100,8,131,10,10,16,1.6,0.3826700075753161,0.8091012080088722
4,ecc_p1,1,2.84,100,0,131,10,10,14,1.4,0.29957461686381903,0.8642786577786973
4,ecc_p1,1,2.84,100,1,131,10,10,17,1.7,0.35813763766680257,0.7160596736959353
4,ecc_p1,1,2.84,100,2,131,10,10,16,1.6,0.4180991783695589,0.769172450962462
4,ecc_p1,1,2.84,100,3,132,10,10,17,1.7,0.38544536271809005,0.6890939977497139
4,ecc_p1,1,2.84,100,4,132,10,10,15,1.5,0.349862258953168,0.8172062707619293
4,ecc_p1,1,2.84,100,5,132,10,10,17,1.7,0.342516069788797,0.7060082979934778
4,ecc_p1,1,2.84,100,6,131,10,10,17,1.7,0.36804382029019284,0.6911754705433444
4,ecc_p1,1,2.84,100,7,131,10,10,13,1.3,0.22947380688771052,0.9114149157451374
4,ecc_p1,1,2.84,100,8,131,10,10,16,1.6,0.37334654157683117,0.7989295875182887
4,ecc_p1,2,3.06,100,0,131,10,10,14,1.4,0.2865217644659402,0.8483797828928282
4,ecc_p1,2,3.06,100,1,131,10,10,18,1.8,0.30586795641279646,0.6257724539201807
4,ecc_p1,2,3.06,100,2,131,10,10,18,1.8,0.410756948895752,0.6680110721912369
4,ecc_p1,2,3.06,100,3,132,10,10,17,1.7,0.4010560146923784,0.709611226181339
4,ecc_p1,2,3.06,100,4,132,10,10,18,1.8,0.36776859504132237,0.6600704824793903
4,ecc_p1,2,3.06,100,5,132,10,10,17,1.7,0.4147153351698806,0.7507945246162288
4,ecc_p1,2,3.06,100,6,131,10,10,20,2.0,0.1852456150573976,0.47680515936148365
4,ecc_p1,2,3.06,100,7,131,10,10,16,1.6,0.4180991783695589,0.8330681441804599
4,ecc_p1,2,3.06,100,8,131,10,10,15,1.5,0.3591865275916322,0.8453999375143687
4,gauss_0.1,0,2.7,100,0,131,10,10,16,1.6,0.43488141716683176,0.7286396340785242
4,gauss_0.1,0,2.7,100,1,131,10,10,18,1.8,0.43173474739234297,0.6329668989828174
4,gauss_0.1,0,2.7,100,2,131,10,10,11,1.1,0.11339665520657306,0.9639565474980133
4,gauss_0.1,0,2.7,100,3,132,10,10,18,1.8,0.22107438016528927,0.590387928035924
4,gauss_0.1,0,2.7,100,4,132,10,10,18,1.8,0.25826446280991744,0.5674363810397658
4,gauss_0.1,0,2.7,100,5,132,10,10,12,1.2,0.2809917355371901,0.9365045470106329
4,gauss_0.1,0,2.7,100,6,131,10,10,17,1.7,0.23331973661208555,0.5826020082810653
4,gauss_0.1,0,2.7,100,7,131,10,10,14,1.4,0.2799953382670007,0.6950645805141286
4,gauss_0.1,0,2.7,100,8,131,10,10,11,1.1,0.6261872851232447,0.9771481402336646
4,gauss_0.1,1,2.82,100,0,131,10,10,17,1.7,0.3799312394382611,0.6056160856352844
4,gauss_0.1,1,2.82,100,1,131,10,10,17,1.7,0.40370607773439776,0.6706694457957975
4,gauss_0.1,1,2.82,100,2,131,10,10,18,1.8,0.335236874308024,0.6504119448875219
4,gauss_0.1,1,2.82,100,3,132,10,10,17,1.7,0.338613406795225,0.7124445209014278
4,gauss_0.1,1,2.82,100,4,132,10,10,17,1.7,0.36007805325987147,0.6673000108979431
4,gauss_0.1,1,2.82,100,5,132,10,10,14,1.4,0.42699724517906334,0.8824507265017052
4,gauss_0.1,1,2.82,100,6,131,10,10,17,1.7,0.6672105355165782,0.7577294003450453
4,gauss_0.1,1,2.82,100,7,131,10,10,10,1.0,0.19981353068003035,0.9564797832827222
4,gauss_0.1,1,2.82,100,8,131,10,10,14,1.4,0.5638948779208669,0.8691150180406007
4,gauss_0.1,2,2.74,100,0,131,10,10,15,1.5,0.4693199696987356,0.821740156516586
4,gauss_0.1,2,2.74,100,1,131,10,10,14,1.4,0.2538896334712429,0.7830310186727772
4,gauss_0.1,2,2.74,100,2,131,10,10,14,1.4,0.3224171085601072,0.8835063978157327
4,gauss_0.1,2,2.74,100,3,132,10,10,17,1.7,0.22933884297520662,0.643114218927875
4,gauss_0.1,2,2.74,100,4,132,10,10,18,1.8,0.20454545454545456,0.5316676061007238
4,gauss_0.1,2,2.74,100,5,132,10,10,15,1.5,0.47727272727272724,0.8464407502131287
4,gauss_0.1,2,2.74,100,6,131,10,10,17,1.7,0.5384301614125049,0.6951076060369495
4,gauss_0.1,2,2.74,100,7,131,10,10,13,1.3,0.4597634170502885,0.8159508222326182
4,gauss_0.1,2,2.74,100,8,131,10,10,14,1.4,0.5328943534759046,0.88513611748536
4,dm_eig0,0,2.06,100,0,131,10,10,10,1.0,0.3641396189033273,0.7597783896758783
4,dm_eig0,0,2.06,100,1,131,10,10,11,1.1,0.3467163918186587,0.6015321942125103
4,dm_eig0,0,2.06,100,2,131,10,10,11,1.1,0.6902861138628287,0.7130270869612931
4,dm_eig0,0,2.06,100,3,132,10,10,13,1.3,0.6429063360881543,0.6404781914950356
4,dm_eig0,0,2.06,100,4,132,10,10,10,1.0,0.5507346189164372,0.7312997698664586
4,dm_eig0,0,2.06,100,5,132,10,10,12,1.2,0.7011019283746556,0.7331189077912662
4,dm_eig0,0,2.06,100,6,131,10,10,13,1.3,0.8036827690694016,0.6789542467619323
4,dm_eig0,0,2.06,100,7,131,10,10,12,1.2,0.4173999184196725,0.607318303624814
4,dm_eig0,0,2.06,100,8,131,10,10,11,1.1,0.5684983392576191,0.7249526930439448
4,dm_eig0,1,1.96,100,0,131,10,10,10,1.0,0.4923372763824952,0.8700389903003638
4,dm_eig0,1,1.96,100,1,131,10,10,11,1.1,0.32748674319678345,0.5282133803214802
4,dm_eig0,1,1.96,100,2,131,10,10,10,1.0,0.8011770875823087,0.8642980883602435
4,dm_eig0,1,1.96,100,3,132,10,10,10,1.0,0.4474288337924702,0.7430571745160331
4,dm_eig0,1,1.96,100,4,132,10,10,10,1.0,0.5484389348025712,0.7164656409783231
4,dm_eig0,1,1.96,100,5,132,10,10,11,1.1,0.7727272727272727,0.735047213319804
4,dm_eig0,1,1.96,100,6,131,10,10,12,1.2,0.6159897441874019,0.6665228619846798
4,dm_eig0,1,1.96,100,7,131,10,10,12,1.2,0.44257327661558193,0.6131759216031942
4,dm_eig0,1,1.96,100,8,131,10,10,12,1.2,0.7152846570712663,0.733770794697149
4,dm_eig0,2,2.26,100,0,131,10,10,15,1.5,0.7158091020336811,0.647370372104494
4,dm_eig0,2,2.26,100,1,131,10,10,11,1.1,0.3197948837480334,0.5461672630248521
4,dm_eig0,2,2.26,100,2,131,10,10,11,1.1,0.4915797447701183,0.6575892169780931
4,dm_eig0,2,2.26,100,3,132,10,10,13,1.3,0.7592975206611571,0.646757662558804
4,dm_eig0,2,2.26,100,4,132,10,10,15,1.5,0.7286501377410467,0.5754570418374207
4,dm_eig0,2,2.26,100,5,132,10,10,10,1.0,0.6012396694214877,0.7220218812413678
4,dm_eig0,2,2.26,100,6,131,10,10,12,1.2,0.6383660625837657,0.6897872372163328
4,dm_eig0,2,2.26,100,7,131,10,10,13,1.3,0.4930948079948722,0.5674837160919407
4,dm_eig0,2,2.26,100,8,131,10,10,13,1.3,0.6658120156168057,0.6548712117238845
5,xcoord,0,2.36,100,0,131,10,10,14,1.4,0.6683176971038983,0.7662289210565587
5,xcoord,0,2.36,100,1,131,10,10,15,1.5,0.38016432608822337,0.6147145399201484
5,xcoord,0,2.36,100,2,131,10,10,15,1.5,0.7612609987762952,0.5647827532782749
5,xcoord,0,2.36,100,3,132,10,10,14,1.4,0.7275022956841138,0.551979967080526
5,xcoord,0,2.36,100,4,132,10,10,12,1.2,0.6859504132231405,0.626328339211809
5,xcoord,0,2.36,100,5,132,10,10,12,1.2,0.8374655647382919,0.7513064502404573
5,xcoord,0,2.36,100,6,131,10,10,13,1.3,0.42037177320668967,0.4963612541957871
5,xcoord,0,2.36,100,7,131,10,10,13,1.3,0.4794592389720879,0.7096698783516748
5,xcoord,0,2.36,100,8,131,10,10,10,1.0,0.25225802692150806,0.8202135201016726
5,xcoord,1,2.4,100,0,131,10,10,14,1.4,0.48231455043412386,0.6322450095133149
5,xcoord,1,2.4,100,1,131,10,10,14,1.4,0.6079482547637084,0.7373608036395812
5,xcoord,1,2.4,100,2,131,10,10,13,1.3,0.7218693549326964,0.5881437502888038
5,xcoord,1,2.4,100,3,132,10,10,13,1.3,0.7966023875114784,0.6844485716026271
5,xcoord,1,2.4,100,4,132,10,10,12,1.2,0.9311294765840221,0.7039881051365072
5,xcoord,1,2.4,100,5,132,10,10,11,1.1,0.6704545454545454,0.7298294332256641
5,xcoord,1,2.4,100,6,131,10,10,14,1.4,1.2083794650661384,0.7747590892147597
5,xcoord,1,2.4,100,7,131,10,10,16,1.6,0.7593380339141076,0.6581636199575979
5,xcoord,1,2.4,100,8,131,10,10,13,1.3,0.40976633063341295,0.7284816944053168
5,xcoord,2,2.3,100,0,131,10,10,13,1.3,0.5764232853563311,0.7588415258967635
5,xcoord,2,2.3,100,1,131,10,10,15,1.5,0.624905308548453,0.7063307443525143
5,xcoord,2,2.3,100,2,131,10,10,14,1.4,0.6242643202610569,0.5476487050689207
5,xcoord,2,2.3,100,3,132,10,10,12,1.2,0.6969696969696969,0.6882289667238691
5,xcoord,2,2.3,100,4,132,10,10,11,1.1,0.4356060606060606,0.6029554016448582
5,xcoord,2,2.3,100,5,132,10,10,10,1.0,0.8342516069788797,0.8592463310362457
5,xcoord,2,2.3,100,6,131,10,10,14,1.4,0.9897441874016665,0.6879552757549984
5,xcoord,2,2.3,100,7,131,10,10,15,1.5,0.33995687896975707,0.5569458594936355
5,xcoord,2,2.3,100,8,131,10,10,11,1.1,0.4403006817784512,0.8697275515451733
5,knn_k1,0,2.92,100,0,131,10,10,19,1.9,0.2809859565293398,0.5445904594689915
5,knn_k1,0,2.92,100,1,131,10,10,14,1.4,0.3061010430627585,0.8184149866522947
5,knn_k1,0,2.92,100,2,131,10,10,12,1.2,0.18664413495717036,0.9410724789949009
5,knn_k1,0,2.92,100,3,132,10,10,17,1.7,0.3678833792470156,0.6953123930927841
5,knn_k1,0,2.92,100,4,132,10,10,15,1.5,0.3601928374655647,0.7450601544342429
5,knn_k1,0,2.92,100,5,132,10,10,15,1.5,0.349862258953168,0.7799139194347867
5,knn_k1,0,2.92,100,6,131,10,10,19,1.9,0.5467047374861604,0.7103720733790074
5,knn_k1,0,2.92,100,7,131,10,10,17,1.7,0.41559349688246594,0.7240694550106361
5,knn_k1,0,2.92,100,8,131,10,10,18,1.8,0.3037701765631373,0.6267611927886786
5,knn_k1,1,2.84,100,0,131,10,10,14,1.4,0.2897849775654099,0.8469564042517653
5,knn_k1,1,2.84,100,1,131,10,10,17,1.7,0.3957811316356855,0.685532210536403
5,knn_k1,1,2.84,100,2,131,10,10,14,1.4,0.27346891206806134,0.8383518841544918
5,knn_k1,1,2.84,100,3,132,10,10,16,1.6,0.3608815426997245,0.7564592841279366
5,knn_k1,1,2.84,100,4,132,10,10,15,1.5,0.3860192837465565,0.7387147217799592
5,knn_k1,1,2.84,100,5,132,10,10,17,1.7,0.33471074380165294,0.6616040086492158
5,knn_k1,1,2.84,100,6,131,10,10,15,1.5,0.4658236699493038,0.8792898216078473
5,knn_k1,1,2.84,100,7,131,10,10,18,1.8,0.316356855661092,0.6118807997964771
5,knn_k1,1,2.84,100,8,131,10,10,16,1.6,0.2968941203892547,0.7351124582315504
5,knn_k1,2,2.98,100,0,131,10,10,17,1.7,0.292756832352427,0.6459679732204774
5,knn_k1,2,2.98,100,1,131,10,10,15,1.5,0.36443097721578,0.7851088197364939
5,knn_k1,2,2.98,100,2,131,10,10,13,1.3,0.20674785851640348,0.8595516370522633
5,knn_k1,2,2.98,100,3,132,10,10,16,1.6,0.33884297520661155,0.7549903749061118
5,knn_k1,2,2.98,100,4,132,10,10,16,1.6,0.5849403122130394,0.828286786157451
5,knn_k1,2,2.98,100,5,132,10,10,18,1.8,0.5723140495867771,0.7502335181162944
5,knn_k1,2,2.98,100,6,131,10,10,16,1.6,0.4180991783695589,0.7398697249696953
5,knn_k1,2,2.98,100,7,131,10,10,18,1.8,0.41285472874541096,0.6655243138885034
5,knn_k1,2,2.98,100,8,131,10,10,20,2.0,0.2761494085426257,0.5337744270756092
5,dtm_k10,0,2.88,100,0,131,10,10,14,1.4,0.2033098304294621,0.660433686694435
5,dtm_k10,0,2.88,100,1,131,10,10,15,1.5,0.4465940213274286,0.7547008778095603
5,dtm_k10,0,2.88,100,2,131,10,10,15,1.5,0.436105122079133,0.8264712160833136
5,dtm_k10,0,2.88,100,3,132,10,10,18,1.8,0.45247933884297525,0.6902445085931675
5,dtm_k10,0,2.88,100,4,132,10,10,15,1.5,0.16735537190082644,0.6586913175335337
5,dtm_k10,0,2.88,100,5,132,10,10,15,1.5,0.26205234159779617,0.7390434010387156
5,dtm_k10,0,2.88,100,6,131,10,10,17,1.7,0.45125575432667087,0.7091094807334704
5,dtm_k10,0,2.88,100,7,131,10,10,17,1.7,0.4849367752461977,0.7961745520902713
5,dtm_k10,0,2.88,100,8,131,10,10,18,1.8,0.5030592622807528,0.7467078060686284
5,dtm_k10,1,2.8,100,0,131,10,10,14,1.4,0.22778392867548508,0.6876902042873062
5,dtm_k10,1,2.8,100,1,131,10,10,14,1.4,0.3811549443505622,0.7654752869020012
5,dtm_k10,1,2.8,100,2,131,10,10,16,1.6,0.5169279179534992,0.8229180893563686
5,dtm_k10,1,2.8,100,3,132,10,10,14,1.4,0.40128558310376483,0.9394880918246861
5,dtm_k10,1,2.8,100,4,132,10,10,13,1.3,0.16092745638200184,0.770967711748806
5,dtm_k10,1,2.8,100,5,132,10,10,17,1.7,0.5571625344352616,0.8138383878478972
5,dtm_k10,1,2.8,100,6,131,10,10,17,1.7,0.6018297302022025,0.8166261747295797
5,dtm_k10,1,2.8,100,7,131,10,10,17,1.7,0.5285239787891148,0.7900953744353344
5,dtm_k10,1,2.8,100,8,131,10,10,18,1.8,0.4170502884447293,0.6863551602679702
5,dtm_k10,2,2.86,100,0,131,10,10,16,1.6,0.554221781947439,0.7878339288574626
5,dtm_k10,2,2.86,100,1,131,10,10,14,1.4,0.3354699609579861,0.7829386777747139
5,dtm_k10,2,2.86,100,2,131,10,10,14,1.4,0.33546996095798604,0.8319121494311383
5,dtm_k10,2,2.86,100,3,132,10,10,17,1.7,0.32690541781450877,0.6747604189683842
5,dtm_k10,2,2.86,100,4,132,10,10,18,1.8,0.3037190082644629,0.6111083656597897
5,dtm_k10,2,2.86,100,5,132,10,10,17,1.7,0.5356978879706151,0.7609394963694774
5,dtm_k10,2,2.86,100,6,131,10,10,16,1.6,0.403181632771983,0.7468629378341445
5,dtm_k10,2,2.86,100,7,131,10,10,15,1.5,0.38540877571237114,0.8120960777251277
5,dtm_k10,2,2.86,100,8,131,10,10,16,1.6,0.3491055299807703,0.7362149136829431
5,random,0,3.04,100,0,131,10,10,16,1.6,0.27824718839228485,0.7074130901581505
5,random,0,3.04,100,1,131,10,10,20,2.0,0.20622341355398868,0.4752954652743936
5,random,0,3.04,100,2,131,10,10,18,1.8,0.12126332964279472,0.506009327012463
5,random,0,3.04,100,3,132,10,10,15,1.5,0.37741046831955927,0.8056784809939365
5,random,0,3.04,100,4,132,10,10,14,1.4,0.2502295684113866,0.8398359439242941
5,random,0,3.04,100,5,132,10,10,20,2.0,0.2626262626262627,0.5200601133217349
5,random,0,3.04,100,6,131,10,10,15,1.5,0.40114212458481446,0.8469972651771885
5,random,0,3.04,100,7,131,10,10,19,1.9,0.258842724782938,0.5325853798601493
5,random,0,3.04,100,8,131,10,10,15,1.5,0.21583823786492629,0.7134818124480001
5,random,1,2.92,100,0,131,10,10,16,1.6,0.4386108035662257,0.7800111338137139
5,random,1,2.92,100,1,131,10,10,14,1.4,0.30773264961249336,0.7752765794529698
5,random,1,2.92,100,2,131,10,10,17,1.7,0.2868131227783928,0.6533075273892393
5,random,1,2.92,100,3,132,10,10,15,1.5,0.22589531680440766,0.7161950264563595
5,random,1,2.92,100,4,132,10,10,18,1.8,0.481404958677686,0.7646769545960025
5,random,1,2.92,100,5,132,10,10,16,1.6,0.581267217630854,0.7977944546580404
5,random,1,2.92,100,6,131,10,10,16,1.6,0.4236932579686499,0.7808630330182226
5,random,1,2.92,100,7,131,10,10,19,1.9,0.37177320668958685,0.5894113972861557
5,random,1,2.92,100,8,131,10,10,15,1.5,0.339956878969757,0.8417675127343754
5,random,2,3.08,100,0,131,10,10,13,1.3,0.33401316939572284,0.9241743105226558
5,random,2,3.08,100,1,131,10,10,16,1.6,0.40504632597168,0.7981373966317884
5,random,2,3.08,100,2,131,10,10,19,1.9,0.681778451139211,0.7391497571186775
5,random,2,3.08,100,3,132,10,10,16,1.6,0.4214876033057851,0.7881814352131761
5,random,2,3.08,100,4,132,10,10,17,1.7,0.4400826446280992,0.7007068929998939
5,random,2,3.08,100,5,132,10,10,18,1.8,0.5000000000000002,0.6751353813452098
5,random,2,3.08,100,6,131,10,10,18,1.8,0.39607248994813815,0.6699093821216351
5,random,2,3.08,100,7,131,10,10,19,1.9,0.2344851698618962,0.544141615374395
5,random,2,3.08,100,8,131,10,10,18,1.8,0.5827748965677989,0.7559059386896354
5,ecc_p1,0,3.0,100,0,131,10,10,17,1.7,0.4651244099994171,0.7521585526522162
5,ecc_p1,0,3.0,100,1,131,10,10,15,1.5,0.5444904143115205,0.8969825400386185
5,ecc_p1,0,3.0,100,2,131,10,10,16,1.6,0.44234018996561975,0.805037740532234
5,ecc_p1,0,3.0,100,3,132,10,10,18,1.8,0.541322314049587,0.7218446363007978
5,ecc_p1,0,3.0,100,4,132,10,10,17,1.7,0.3952020202020203,0.71018834278854
5,ecc_p1,0,3.0,100,5,132,10,10,17,1.7,0.28202479338842973,0.6237591383970549
5,ecc_p1,0,3.0,100,6,131,10,10,18,1.8,0.5827748965677991,0.7368946903938243
5,ecc_p1,0,3.0,100,7,131,10,10,16,1.6,0.33791737078258843,0.7438392948989754
5,ecc_p1,0,3.0,100,8,131,10,10,16,1.6,0.27824718839228485,0.6866783738884032
5,ecc_p1,1,2.92,100,0,131,10,10,15,1.5,0.43610512207913305,0.7991344183508342
5,ecc_p1,1,2.92,100,1,131,10,10,13,1.3,0.25826000815803274,0.9213564746090243
5,ecc_p1,1,2.92,100,2,131,10,10,17,1.7,0.4096497873084319,0.7083230619739918
5,ecc_p1,1,2.92,100,3,132,10,10,13,1.3,0.30268595041322316,0.9076466006580763
5,ecc_p1,1,2.92,100,4,132,10,10,18,1.8,0.34297520661157027,0.6538811196100345
5,ecc_p1,1,2.92,100,5,132,10,10,19,1.9,0.46556473829201095,0.6497099555970612
5,ecc_p1,1,2.92,100,6,131,10,10,17,1.7,0.3957811316356855,0.7096896123300828
5,ecc_p1,1,2.92,100,7,131,10,10,18,1.8,0.3813880310005244,0.647279338044259
5,ecc_p1,1,2.92,100,8,131,10,10,16,1.6,0.39199347357380104,0.7743111238144327
5,ecc_p1,2,2.94,100,0,131,10,10,17,1.7,0.44729328127731477,0.6646131113322249
5,ecc_p1,2,2.94,100,1,131,10,10,19,1.9,0.42934560923023135,0.6518446881464339
5,ecc_p1,2,2.94,100,2,131,10,10,16,1.6,0.37334654157683117,0.7457453618500447
5,ecc_p1,2,2.94,100,3,132,10,10,13,1.3,0.2594123048668503,0.8647477020664486
5,ecc_p1,2,2.94,100,4,132,10,10,14,1.4,0.39646464646464646,0.933736015234468
5,ecc_p1,2,2.94,100,5,132,10,10,16,1.6,0.3204775022956841,0.6927300152731615
5,ecc_p1,2,2.94,100,6,131,10,10,15,1.5,0.1913641396189034,0.6743843828976137
5,ecc_p1,2,2.94,100,7,131,10,10,19,1.9,0.33412971272070396,0.588300546690556
5,ecc_p1,2,2.94,100,8,131,10,10,18,1.8,0.25342346017131867,0.5706593495844136
5,gauss_0.1,0,2.84,100,0,131,10,10,18,1.8,0.31845463551075115,0.5978470375476146
5,gauss_0.1,0,2.84,100,1,131,10,10,19,1.9,0.8367810733640229,0.825137624358628
5,gauss_0.1,0,2.84,100,2,131,10,10,18,1.8,0.5848726764174581,0.7145376321278577
5,gauss_0.1,0,2.84,100,3,132,10,10,18,1.8,0.3884297520661158,0.6150856265009509
5,gauss_0.1,0,2.84,100,4,132,10,10,17,1.7,0.46740128558310384,0.686960406712783
5,gauss_0.1,0,2.84,100,5,132,10,10,15,1.5,0.2758264462809917,0.716226456020081
5,gauss_0.1,0,2.84,100,6,131,10,10,14,1.4,0.24573160072256858,0.7626571387104447
5,gauss_0.1,0,2.84,100,7,131,10,10,12,1.2,0.2831420080414894,0.8997273821344298
5,gauss_0.1,0,2.84,100,8,131,10,10,11,1.1,0.37235592331449224,0.9888144557953599
5,gauss_0.1,1,2.88,100,0,131,10,10,19,1.9,0.35184429811782536,0.5775487093151499
5,gauss_0.1,1,2.88,100,1,131,10,10,16,1.6,0.4628518151622866,0.768017273860244
5,gauss_0.1,1,2.88,100,2,131,10,10,18,1.8,0.35831245265427414,0.5864844061442724
5,gauss_0.1,1,2.88,100,3,132,10,10,20,2.0,0.6666666666666669,0.6549325264423401
5,gauss_0.1,1,2.88,100,4,132,10,10,16,1.6,0.4196510560146924,0.7004409302936253
5,gauss_0.1,1,2.88,100,5,132,10,10,16,1.6,0.3186409550045914,0.7057864767565436
5,gauss_0.1,1,2.88,100,6,131,10,10,13,1.3,0.26129013460754036,0.8517581259201568
5,gauss_0.1,1,2.88,100,7,131,10,10,15,1.5,0.45183847095157637,0.8013429429369803
5,gauss_0.1,1,2.88,100,8,131,10,10,11,1.1,0.3723559233144922,0.9888144557953599
5,gauss_0.1,2,2.8,100,0,131,10,10,18,1.8,0.31845463551075115,0.5965702863901908
5,gauss_0.1,2,2.8,100,1,131,10,10,18,1.8,0.5093526018297301,0.6953122626672867
5,gauss_0.1,2,2.8,100,2,131,10,10,16,1.6,0.4106404055707709,0.7911245727896521
5,gauss_0.1,2,2.8,100,3,132,10,10,19,1.9,0.3826905417814509,0.5482690040675009
5,gauss_0.1,2,2.8,100,4,132,10,10,17,1.7,0.3991046831955922,0.6345927080248831
5,gauss_0.1,2,2.8,100,5,132,10,10,14,1.4,0.19719926538108354,0.7790418727033526
5,gauss_0.1,2,2.8,100,6,131,10,10,12,1.2,0.24817901054717093,0.9370462986784341
5,gauss_0.1,2,2.8,100,7,131,10,10,15,1.5,0.45183847095157625,0.8013429429369803
5,gauss_0.1,2,2.8,100,8,131,10,10,11,1.1,0.3723559233144922,0.9888144557953599
5,dm_eig0,0,2.14,100,0,131,10,10,11,1.1,0.5864460113047026,0.7973450040327379
5,dm_eig0,0,2.14,100,1,131,10,10,14,1.4,1.0680613017889395,0.7082909634855427
5,dm_eig0,0,2.14,100,2,131,10,10,12,1.2,0.9404463609346778,0.7246504751117528
5,dm_eig0,0,2.14,100,3,132,10,10,14,1.4,0.9573002754820935,0.6798242856864152
5,dm_eig0,0,2.14,100,4,132,10,10,11,1.1,0.9255050505050506,0.7726073055703782
5,dm_eig0,0,2.14,100,5,132,10,10,10,1.0,0.33149678604224064,0.6076032735310986
5,dm_eig0,0,2.14,100,6,131,10,10,13,1.3,0.7127789755841735,0.5501446815091241
5,dm_eig0,0,2.14,100,7,131,10,10,12,1.2,0.7474506147660395,0.8102643476192927
5,dm_eig0,0,2.14,100,8,131,10,10,10,1.0,0.5680904376201853,0.9058859077497835
5,dm_eig0,1,2.24,100,0,131,10,10,11,1.1,0.5402948546122021,0.7274591616390791
5,dm_eig0,1,2.24,100,1,131,10,10,16,1.6,1.126682594254414,0.6507841563729069
5,dm_eig0,1,2.24,100,2,131,10,10,11,1.1,0.5954198473282444,0.6735430039317727
5,dm_eig0,1,2.24,100,3,132,10,10,12,1.2,0.6818181818181818,0.6352622623733061
5,dm_eig0,1,2.24,100,4,132,10,10,10,1.0,0.7539026629935722,0.7659828427505733
5,dm_eig0,1,2.24,100,5,132,10,10,13,1.3,0.4832415059687787,0.5612665459788636
5,dm_eig0,1,2.24,100,6,131,10,10,11,1.1,0.4902977681953268,0.582337584247457
5,dm_eig0,1,2.24,100,7,131,10,10,15,1.5,1.019987180234252,0.6820215279989071
5,dm_eig0,1,2.24,100,8,131,10,10,13,1.3,0.46885379639881125,0.5930858061545239
5,dm_eig0,2,2.24,100,0,131,10,10,12,1.2,0.5404696695996738,0.6807859809207798
5,dm_eig0,2,2.24,100,1,131,10,10,15,1.5,1.0706835266010142,0.6616025920063913
5,dm_eig0,2,2.24,100,2,131,10,10,11,1.1,0.856943068585747,0.8397625635087747
5,dm_eig0,2,2.24,100,3,132,10,10,10,1.0,0.7217630853994491,0.7061966676690987
5,dm_eig0,2,2.24,100,4,132,10,10,14,1.4,0.6085858585858585,0.519337695769395
5,dm_eig0,2,2.24,100,5,132,10,10,12,1.2,0.8801652892561983,0.7080335967650949
5,dm_eig0,2,2.24,100,6,131,10,10,13,1.3,0.7188392284831885,0.6273982678239335
5,dm_eig0,2,2.24,100,7,131,10,10,13,1.3,0.8748907406328302,0.80520496913854
5,dm_eig0,2,2.24,100,8,131,10,10,12,1.2,0.5208903910028554,0.7001234141939593
6,xcoord,0,2.56,100,0,131,10,10,15,1.5,0.8311869937649322,0.7220003312076902
6,xcoord,0,2.56,100,1,131,10,10,16,1.6,0.5318454635510751,0.5811109577179149
6,xcoord,0,2.56,100,2,131,10,10,13,1.3,0.7021735330108969,0.7303629142644673
6,xcoord,0,2.56,100,3,132,10,10,15,1.5,0.4480027548209366,0.48770642456775926
6,xcoord,0,2.56,100,4,132,10,10,13,1.3,1.017447199265381,0.6757627961717628
6,xcoord,0,2.56,100,5,132,10,10,10,1.0,0.37167125803489437,0.7402507064370556
6,xcoord,0,2.56,100,6,131,10,10,16,1.6,0.8040906707068353,0.5048787542237556
6,xcoord,0,2.56,100,7,131,10,10,15,1.5,0.7297943010314083,0.7646282752708595
6,xcoord,0,2.56,100,8,131,10,10,15,1.5,0.5200163160654974,0.6304180520333391
6,xcoord,1,2.58,100,0,131,10,10,15,1.5,0.37142357671464377,0.5289637229109818
6,xcoord,1,2.58,100,1,131,10,10,14,1.4,0.3697336985024183,0.6222746661144741
6,xcoord,1,2.58,100,2,131,10,10,13,1.3,0.7900472000466174,0.7213626511011915
6,xcoord,1,2.58,100,3,132,10,10,15,1.5,0.6081267217630854,0.4973964662148174
6,xcoord,1,2.58,100,4,132,10,10,12,1.2,1.044077134986226,0.779872824145041
6,xcoord,1,2.58,100,5,132,10,10,11,1.1,0.3042929292929293,0.5334490512275809
6,xcoord,1,2.58,100,6,131,10,10,16,1.6,1.1583823786492629,0.7677085462995504
6,xcoord,1,2.58,100,7,131,10,10,17,1.7,0.5859798380047784,0.6382436366817029
6,xcoord,1,2.58,100,8,131,10,10,16,1.6,0.7425557951168347,0.6510364147801952
6,xcoord,2,2.46,100,0,131,10,10,13,1.3,0.4915797447701183,0.7014692889755245
6,xcoord,2,2.46,100,1,131,10,10,16,1.6,0.37334654157683117,0.5111509930409553
6,xcoord,2,2.46,100,2,131,10,10,11,1.1,0.6518268166190783,0.8080648642217059
6,xcoord,2,2.46,100,3,132,10,10,15,1.5,0.5977961432506886,0.547679524000651
6,xcoord,2,2.46,100,4,132,10,10,16,1.6,1.086317722681359,0.565864498992257
6,xcoord,2,2.46,100,5,132,10,10,11,1.1,0.3560606060606061,0.5928005930236688
6,xcoord,2,2.46,100,6,131,10,10,13,1.3,0.808227958743663,0.7791296664815813
6,xcoord,2,2.46,100,7,131,10,10,13,1.3,0.6309655614474682,0.8121885257320774
6,xcoord,2,2.46,100,8,131,10,10,15,1.5,0.5881941611794186,0.5294095410005235
6,knn_k1,0,2.8,100,0,131,10,10,15,1.5,0.3172309305984501,0.7475609572628797
6,knn_k1,0,2.8,100,1,131,10,10,16,1.6,0.4162344851698619,0.7794349480189363
6,knn_k1,0,2.8,100,2,131,10,10,17,1.7,0.2689819940562904,0.5401746449722785
6,knn_k1,0,2.8,100,3,132,10,10,13,1.3,0.3728191000918274,0.9225764718474705
6,knn_k1,0,2.8,100,4,132,10,10,13,1.3,0.12362258953168047,0.7507895243288788
6,knn_k1,0,2.8,100,5,132,10,10,15,1.5,0.3016528925619834,0.7815607175436535
6,knn_k1,0,2.8,100,6,131,10,10,15,1.5,0.47631256919759934,0.8668983132049565
6,knn_k1,0,2.8,100,7,131,10,10,17,1.7,0.4512557543266708,0.7251023533798755
6,knn_k1,0,2.8,100,8,131,10,10,19,1.9,0.41163102383311,0.6145069153900832
6,knn_k1,1,2.98,100,0,131,10,10,15,1.5,0.3294679797214615,0.7791593283312022
6,knn_k1,1,2.98,100,1,131,10,10,18,1.8,0.20727230347881825,0.5324118003608493
6,knn_k1,1,2.98,100,2,131,10,10,17,1.7,0.27888817667968063,0.5534960443571668
6,knn_k1,1,2.98,100,3,132,10,10,12,1.2,0.2796143250688705,0.9295183087699858
6,knn_k1,1,2.98,100,4,132,10,10,13,1.3,0.3265610651974289,0.9497463726429407
6,knn_k1,1,2.98,100,5,132,10,10,20,2.0,0.5633608815426998,0.6221673525377229
6,knn_k1,1,2.98,100,6,131,10,10,17,1.7,0.42748091603053423,0.7099709311925675
6,knn_k1,1,2.98,100,7,131,10,10,17,1.7,0.5463551075112173,0.7814641039218492
6,knn_k1,1,2.98,100,8,131,10,10,20,2.0,0.3460754035312627,0.5433076156928479
6,knn_k1,2,2.92,100,0,131,10,10,13,1.3,0.27492570363032465,0.9130139485079847
6,knn_k1,2,2.92,100,1,131,10,10,19,1.9,0.3961307616106289,0.6004105988190729
6,knn_k1,2,2.92,100,2,131,10,10,20,2.0,0.3134432725365655,0.45438767665488816
6,knn_k1,2,2.92,100,3,132,10,10,12,1.2,0.2988980716253443,0.9418918175315028
6,knn_k1,2,2.92,100,4,132,10,10,13,1.3,0.12362258953168047,0.7507895243288788
6,knn_k1,2,2.92,100,5,132,10,10,18,1.8,0.29958677685950424,0.6094274867500116
6,knn_k1,2,2.92,100,6,131,10,10,15,1.5,0.41512732358254195,0.84036744245263
6,knn_k1,2,2.92,100,7,131,10,10,16,1.6,0.5523570887477419,0.8489809986231229
6,knn_k1,2,2.92,100,8,131,10,10,20,2.0,0.26915680904376205,0.5064240007405013
6,dtm_k10,0,2.68,100,0,131,10,10,14,1.4,0.16578287978556025,0.6816342678604035
6,dtm_k10,0,2.68,100,1,131,10,10,14,1.4,0.36810209195268334,0.8405867582741028
6,dtm_k10,0,2.68,100,2,131,10,10,13,1.3,0.41128139385816675,0.8451841193601369
6,dtm_k10,0,2.68,100,3,132,10,10,14,1.4,0.3418273645546372,0.8184117316722223
6,dtm_k10,0,2.68,100,4,132,10,10,15,1.5,0.2672176308539944,0.7604056975004156
6,dtm_k10,0,2.68,100,5,132,10,10,15,1.5,0.2964876033057851,0.7237312568042589
6,dtm_k10,0,2.68,100,6,131,10,10,12,1.2,0.2523745702464892,0.9543427118449761
6,dtm_k10,0,2.68,100,7,131,10,10,16,1.6,0.34724083678107337,0.72286353657709
6,dtm_k10,0,2.68,100,8,131,10,10,21,2.1,0.6556727463434531,0.611711705988278
6,dtm_k10,1,2.8,100,0,131,10,10,16,1.6,0.2987588135889517,0.6518056924507061
6,dtm_k10,1,2.8,100,1,131,10,10,15,1.5,0.4273643727055534,0.8059443196629126
6,dtm_k10,1,2.8,100,2,131,10,10,14,1.4,0.3517860264553347,0.769236179854545
6,dtm_k10,1,2.8,100,3,132,10,10,12,1.2,0.1446280991735537,0.8352697419420798
6,dtm_k10,1,2.8,100,4,132,10,10,17,1.7,0.42252066115702486,0.7405139318581858
6,dtm_k10,1,2.8,100,5,132,10,10,14,1.4,0.38682277318640956,0.914443107677679
6,dtm_k10,1,2.8,100,6,131,10,10,18,1.8,0.2995746168638191,0.5971869936043109
6,dtm_k10,1,2.8,100,7,131,10,10,17,1.7,0.32643785327195385,0.666059065882691
6,dtm_k10,1,2.8,100,8,131,10,10,17,1.7,0.4096497873084319,0.656388419315225
6,dtm_k10,2,2.76,100,0,131,10,10,13,1.3,0.2370491230114795,0.8054545659619744
6,dtm_k10,2,2.76,100,1,131,10,10,14,1.4,0.4725249111357147,0.864528136116662
6,dtm_k10,2,2.76,100,2,131,10,10,14,1.4,0.3664704854029485,0.7965982002298101
6,dtm_k10,2,2.76,100,3,132,10,10,13,1.3,0.21613865932047746,0.8153773083929758
6,dtm_k10,2,2.76,100,4,132,10,10,17,1.7,0.5396005509641872,0.8132184830715766
6,dtm_k10,2,2.76,100,5,132,10,10,16,1.6,0.4765840220385675,0.8263553739789442
6,dtm_k10,2,2.76,100,6,131,10,10,19,1.9,0.3806304993881476,0.6111798169675983
6,dtm_k10,2,2.76,100,7,131,10,10,15,1.5,0.3049938814754385,0.7632498758269202
6,dtm_k10,2,2.76,100,8,131,10,10,17,1.7,0.500786667443622,0.6801106191960228
6,random,0,3.3,100,0,131,10,10,20,2.0,0.28547287454111064,0.4912613695012488
6,random,0,3.3,100,1,131,10,10,17,1.7,0.49286172134490985,0.7659598403370129
6,random,0,3.3,100,2,131,10,10,18,1.8,0.4422236466406386,0.6907341449579365
6,random,0,3.3,100,3,132,10,10,17,1.7,0.40300734618916434,0.6640371398077195
6,random,0,3.3,100,4,132,10,10,17,1.7,0.3561753902662994,0.7131594543038166
6,random,0,3.3,100,5,132,10,10,20,2.0,0.485307621671258,0.5803154990212316
6,random,0,3.3,100,6,131,10,10,18,1.8,0.48627702348348,0.7264062807441982
6,random,0,3.3,100,7,131,10,10,19,1.9,0.31862945049822267,0.5701968662350452
6,random,0,3.3,100,8,131,10,10,19,1.9,0.38284482256278773,0.5872196711939802
6,random,1,3.16,100,0,131,10,10,18,1.8,0.31006351611211475,0.6410821733746647
6,random,1,3.16,100,1,131,10,10,18,1.8,0.32474797505972847,0.6215455901654641
6,random,1,3.16,100,2,131,10,10,18,1.8,0.20517452362915914,0.5776497847265136
6,random,1,3.16,100,3,132,10,10,18,1.8,0.4979338842975207,0.7456030394039848
6,random,1,3.16,100,4,132,10,10,16,1.6,0.5280073461891643,0.8734041378215452
6,random,1,3.16,100,5,132,10,10,18,1.8,0.5268595041322315,0.714257794403987
6,random,1,3.16,100,6,131,10,10,18,1.8,0.3478235534059787,0.6637244104855641
6,random,1,3.16,100,7,131,10,10,16,1.6,0.3826700075753161,0.7779666498281328
6,random,1,3.16,100,8,131,10,10,18,1.8,0.35831245265427425,0.643667769771176
6,random,2,2.94,100,0,131,10,10,17,1.7,0.4116310238331099,0.7008450969803226
6,random,2,2.94,100,1,131,10,10,14,1.4,0.33220674785851634,0.8848514098923287
6,random,2,2.94,100,2,131,10,10,16,1.6,0.4292873375677408,0.7981457088321986
6,random,2,2.94,100,3,132,10,10,17,1.7,0.3561753902662994,0.6983179649344278
6,random,2,2.94,100,4,132,10,10,18,1.8,0.2809917355371901,0.62518607729714
6,random,2,2.94,100,5,132,10,10,14,1.4,0.34504132231404955,0.8711823062315596
6,random,2,2.94,100,6,131,10,10,16,1.6,0.4180991783695589,0.7692365580889551
6,random,2,2.94,100,7,131,10,10,17,1.7,0.6018297302022025,0.8435767269669264
6,random,2,2.94,100,8,131,10,10,18,1.8,0.24503234077268224,0.553925807989325
6,ecc_p1,0,3.08,100,0,131,10,10,17,1.7,0.48691801177087574,0.7579881777183679
6,ecc_p1,0,3.08,100,1,131,10,10,18,1.8,0.5030592622807528,0.7246343325093968
6,ecc_p1,0,3.08,100,2,131,10,10,18,1.8,0.4946681428821164,0.7105716901841845
6,ecc_p1,0,3.08,100,3,132,10,10,17,1.7,0.3327594123048669,0.7100060097810565
6,ecc_p1,0,3.08,100,4,132,10,10,17,1.7,0.5337465564738292,0.7383992244297446
6,ecc_p1,0,3.08,100,5,132,10,10,17,1.7,0.31910009182736465,0.6977271068741284
6,ecc_p1,0,3.08,100,6,131,10,10,17,1.7,0.35219392809276845,0.6910607452275154
6,ecc_p1,0,3.08,100,7,131,10,10,19,1.9,0.5201328593904785,0.73944572820966
6,ecc_p1,0,3.08,100,8,131,10,10,14,1.4,0.31425907581143286,0.8391733339377319
6,ecc_p1,1,3.12,100,0,131,10,10,18,1.8,0.4736903443855253,0.6949201882489933
6,ecc_p1,1,3.12,100,1,131,10,10,18,1.8,0.6184371540120037,0.7842253612091157
6,ecc_p1,1,3.12,100,2,131,10,10,14,1.4,0.38768137054950175,0.8917661462517437
6,ecc_p1,1,3.12,100,3,132,10,10,17,1.7,0.4849632690541782,0.8099221474444411
6,ecc_p1,1,3.12,100,4,132,10,10,19,1.9,0.28891184573002754,0.5534503075337741
6,ecc_p1,1,3.12,100,5,132,10,10,18,1.8,0.32851239669421495,0.6541643295457981
6,ecc_p1,1,3.12,100,6,131,10,10,18,1.8,0.35411689295495596,0.6542172099526039
6,ecc_p1,1,3.12,100,7,131,10,10,16,1.6,0.2968941203892547,0.7185753895513308
6,ecc_p1,1,3.12,100,8,131,10,10,18,1.8,0.33943243400734224,0.6188982447034115
6,ecc_p1,2,2.96,100,0,131,10,10,17,1.7,0.5562612901346075,0.8068861717843675
6,ecc_p1,2,2.96,100,1,131,10,10,15,1.5,0.24555678573509707,0.742488651290436
6,ecc_p1,2,2.96,100,2,131,10,10,19,1.9,0.6087057863760852,0.7545663438542336
6,ecc_p1,2,2.96,100,3,132,10,10,19,1.9,0.22130394857667585,0.5496490989506387
6,ecc_p1,2,2.96,100,4,132,10,10,14,1.4,0.43342516069788795,0.8544135385560621
6,ecc_p1,2,2.96,100,5,132,10,10,16,1.6,0.2892561983471074,0.737244951209659
6,ecc_p1,2,2.96,100,6,131,10,10,15,1.5,0.38016432608822337,0.8364622217168951
6,ecc_p1,2,2.96,100,7,131,10,10,16,1.6,0.40877571237107396,0.8303921087453693
6,ecc_p1,2,2.96,100,8,131,10,10,17,1.7,0.4096497873084319,0.7191973176352774
6,gauss_0.1,0,3.04,100,0,131,10,10,22,2.2,0.4063283025464717,0.5026302574875753
6,gauss_0.1,0,3.04,100,1,131,10,10,20,2.0,0.3297593380339142,0.5323333447786898
6,gauss_0.1,0,3.04,100,2,131,10,10,20,2.0,0.4626187285123245,0.5846725030125588
6,gauss_0.1,0,3.04,100,3,132,10,10,17,1.7,0.49276859504132237,0.7077386362933694
6,gauss_0.1,0,3.04,100,4,132,10,10,16,1.6,0.38292011019283745,0.6885372170806683
6,gauss_0.1,0,3.04,100,5,132,10,10,14,1.4,0.3836088154269972,0.8506403244259657
6,gauss_0.1,0,3.04,100,6,131,10,10,14,1.4,0.45457723908863107,0.888790608905018
6,gauss_0.1,0,3.04,100,7,131,10,10,16,1.6,0.6698327603286521,0.7646301534823218
6,gauss_0.1,0,3.04,100,8,131,10,10,13,1.3,0.35976924421653744,0.8698317174524948
6,gauss_0.1,1,3.08,100,0,131,10,10,21,2.1,0.3130353708991318,0.4763639002523096
6,gauss_0.1,1,3.08,100,1,131,10,10,19,1.9,0.5068469203426373,0.6613780073027155
6,gauss_0.1,1,3.08,100,2,131,10,10,19,1.9,0.4847036885962357,0.6406190257704366
6,gauss_0.1,1,3.08,100,3,132,10,10,18,1.8,0.5082644628099174,0.6899840103605087
6,gauss_0.1,1,3.08,100,4,132,10,10,16,1.6,0.31313131313131315,0.6318399560121161
6,gauss_0.1,1,3.08,100,5,132,10,10,17,1.7,0.38544536271809005,0.7102198685165187
6,gauss_0.1,1,3.08,100,6,131,10,10,15,1.5,0.38191247596293926,0.7270343847578769
6,gauss_0.1,1,3.08,100,7,131,10,10,15,1.5,0.5794534118058391,0.7546539297194708
6,gauss_0.1,1,3.08,100,8,131,10,10,14,1.4,0.4170502884447292,0.8356494539101516
6,gauss_0.1,2,2.98,100,0,131,10,10,20,2.0,0.3320902045335352,0.49481104548512633
6,gauss_0.1,2,2.98,100,1,131,10,10,19,1.9,0.66849251209137,0.7249724988360039
6,gauss_0.1,2,2.98,100,2,131,10,10,18,1.8,0.4632014451372297,0.6749317485285892
6,gauss_0.1,2,2.98,100,3,132,10,10,15,1.5,0.4617768595041321,0.8136310683421561
6,gauss_0.1,2,2.98,100,4,132,10,10,16,1.6,0.36455463728191,0.6610666136274054
6,gauss_0.1,2,2.98,100,5,132,10,10,15,1.5,0.3515840220385675,0.7899969587794626
6,gauss_0.1,2,2.98,100,6,131,10,10,16,1.6,0.5859215663422878,0.6979518417072074
6,gauss_0.1,2,2.98,100,7,131,10,10,16,1.6,0.8600314666977449,0.8014794432901503
6,gauss_0.1,2,2.98,100,8,131,10,10,14,1.4,0.4105238622457898,0.8402866562464323
6,dm_eig0,0,2.44,100,0,131,10,10,15,1.5,0.6983276032865218,0.5578889551180055
6,dm_eig0,0,2.44,100,1,131,10,10,13,1.3,0.20371773206689592,0.5117115026873023
6,dm_eig0,0,2.44,100,2,131,10,10,16,1.6,0.5821921799428937,0.4422956363300592
6,dm_eig0,0,2.44,100,3,132,10,10,11,1.1,1.053030303030303,0.8065000951461121
6,dm_eig0,0,2.44,100,4,132,10,10,15,1.5,0.6064049586776858,0.5667511546099205
6,dm_eig0,0,2.44,100,5,132,10,10,11,1.1,0.8333333333333334,0.7551273223998385
6,dm_eig0,0,2.44,100,6,131,10,10,12,1.2,0.7656313734630849,0.7862414023238112
6,dm_eig0,0,2.44,100,7,131,10,10,14,1.4,0.45620884563836606,0.7216385524452223
6,dm_eig0,0,2.44,100,8,131,10,10,15,1.5,0.6563720062933396,0.6522984767929502
6,dm_eig0,1,2.4,100,0,131,10,10,14,1.4,0.4382611735912824,0.5603299978200432
6,dm_eig0,1,2.4,100,1,131,10,10,16,1.6,0.6082978847386515,0.5677537671794085
6,dm_eig0,1,2.4,100,2,131,10,10,14,1.4,0.5785793368684806,0.48966132528860157
6,dm_eig0,1,2.4,100,3,132,10,10,9,0.9,0.7737603305785126,0.8363985877151864
6,dm_eig0,1,2.4,100,4,132,10,10,15,1.5,0.3911845730027548,0.47707474497544483
6,dm_eig0,1,2.4,100,5,132,10,10,11,1.1,0.962121212121212,0.8078555078415541
6,dm_eig0,1,2.4,100,6,131,10,10,15,1.5,0.6144164093001575,0.5540142894875508
6,dm_eig0,1,2.4,100,7,131,10,10,13,1.3,0.576423285356331,0.770669402141509
6,dm_eig0,1,2.4,100,8,131,10,10,13,1.3,0.5324864518384709,0.6617953112526421
6,dm_eig0,2,2.38,100,0,131,10,10,13,1.3,0.5006701241186411,0.6021000670393412
6,dm_eig0,2,2.38,100,1,131,10,10,15,1.5,0.5095274168172017,0.5179250174138497
6,dm_eig0,2,2.38,100,2,131,10,10,14,1.4,0.40236582949711547,0.42672161950807036
6,dm_eig0,2,2.38,100,3,132,10,10,11,1.1,1.176767676767677,0.8236959233876424
6,dm_eig0,2,2.38,100,4,132,10,10,13,1.3,0.6533516988062444,0.6973367372421801
6,dm_eig0,2,2.38,100,5,132,10,10,11,1.1,0.914141414141414,0.7932574522529996
6,dm_eig0,2,2.38,100,6,131,10,10,15,1.5,0.577705261931123,0.5363543157967431
6,dm_eig0,2,2.38,100,7,131,10,10,15,1.5,0.8609055416351029,0.765552500931182
6,dm_eig0,2,2.38,100,8,131,10,10,12,1.2,0.46355107511217297,0.7014174860995541
7,xcoord,0,2.6,100,0,131,10,10,15,1.5,1.2420022143231746,0.8454893375898495
7,xcoord,0,2.6,100,1,131,10,10,16,1.6,0.9215663422877455,0.7192661624803495
7,xcoord,0,2.6,100,2,131,10,10,14,1.4,0.4611036652875707,0.6524135614725803
7,xcoord,0,2.6,100,3,132,10,10,15,1.5,0.5943526170798897,0.5408682465404657
7,xcoord,0,2.6,100,4,132,10,10,11,1.1,0.7361111111111112,0.7489096957271221
7,xcoord,0,2.6,100,5,132,10,10,13,1.3,0.6264921946740128,0.5543630142160086
7,xcoord,0,2.6,100,6,131,10,10,14,1.4,0.38931297709923657,0.5392323394036422
7,xcoord,0,2.6,100,7,131,10,10,16,1.6,0.7127207039216829,0.6881217006284867
7,xcoord,0,2.6,100,8,131,10,10,16,1.6,0.35097022318046733,0.4703407988513504
7,xcoord,1,2.5,100,0,131,10,10,15,1.5,0.670357205291067,0.5945264900634889
7,xcoord,1,2.5,100,1,131,10,10,15,1.5,0.8154536448924888,0.7036078867889105
7,xcoord,1,2.5,100,2,131,10,10,14,1.4,0.7482664180409065,0.7994980790680382
7,xcoord,1,2.5,100,3,132,10,10,15,1.5,0.8457300275482091,0.6782067681906221
7,xcoord,1,2.5,100,4,132,10,10,12,1.2,0.9944903581267217,0.8540394506075983
7,xcoord,1,2.5,100,5,132,10,10,13,1.3,1.0726584022038568,0.792897603113356
7,xcoord,1,2.5,100,6,131,10,10,13,1.3,0.5218810092651944,0.6222436032444032
7,xcoord,1,2.5,100,7,131,10,10,13,1.3,0.5340015150632247,0.761709012397517
7,xcoord,1,2.5,100,8,131,10,10,15,1.5,0.8154536448924887,0.6695724457594342
7,xcoord,2,2.64,100,0,131,10,10,19,1.9,1.5254355806771172,0.7387639596229137
7,xcoord,2,2.64,100,1,131,10,10,15,1.5,0.6214090087990212,0.6721069673371814
7,xcoord,2,2.64,100,2,131,10,10,16,1.6,0.6120272711380456,0.6255405007900527
7,xcoord,2,2.64,100,3,132,10,10,16,1.6,0.5041322314049587,0.4307763112096101
7,xcoord,2,2.64,100,4,132,10,10,9,0.9,0.6260330578512397,0.9150121190967071
7,xcoord,2,2.64,100,5,132,10,10,15,1.5,1.4225206611570245,0.6925026268315913
7,xcoord,2,2.64,100,6,131,10,10,14,1.4,0.8722685158207563,0.759064365633825
7,xcoord,2,2.64,100,7,131,10,10,14,1.4,0.8053726472816267,0.8601747672085824
7,xcoord,2,2.64,100,8,131,10,10,14,1.4,0.6210011071615873,0.6727526240203692
7,knn_k1,0,3.1,100,0,131,10,10,17,1.7,0.4096497873084319,0.6639283497449877
7,knn_k1,0,3.1,100,1,131,10,10,20,2.0,0.7772857059611912,0.6944389610488385
7,knn_k1,0,3.1,100,2,131,10,10,20,2.0,0.1968999475555038,0.4716010133624758
7,knn_k1,0,3.1,100,3,132,10,10,16,1.6,0.45454545454545453,0.8078489383178881
7,knn_k1,0,3.1,100,4,132,10,10,18,1.8,0.2479338842975207,0.5673438176955327
7,knn_k1,0,3.1,100,5,132,10,10,16,1.6,0.5573921028466483,0.8093814750199698
7,knn_k1,0,3.1,100,6,131,10,10,14,1.4,0.40073422294738065,0.9187837574382252
7,knn_k1,0,3.1,100,7,131,10,10,18,1.8,0.4967659227317755,0.645187903407336
7,knn_k1,0,3.1,100,8,131,10,10,16,1.6,0.4460695763650137,0.8005508247259099
7,knn_k1,1,3.04,100,0,131,10,10,16,1.6,0.5262513839519841,0.8089493062275586
7,knn_k1,1,3.04,100,1,131,10,10,18,1.8,0.58067711671814,0.6569447784057184
7,knn_k1,1,3.04,100,2,131,10,10,18,1.8,0.48627702348347995,0.6737877958447737
7,knn_k1,1,3.04,100,3,132,10,10,18,1.8,0.334710743801653,0.6280308997582055
7,knn_k1,1,3.04,100,4,132,10,10,18,1.8,0.38016528925619836,0.6433117969692124
7,knn_k1,1,3.04,100,5,132,10,10,14,1.4,0.45752984389348017,0.9089924954805457
7,knn_k1,1,3.04,100,6,131,10,10,16,1.6,0.41436979197016494,0.7802675597179757
7,knn_k1,1,3.04,100,7,131,10,10,17,1.7,0.6216420954489831,0.7914057600768872
7,knn_k1,1,3.04,100,8,131,10,10,17,1.7,0.534467688363149,0.7419004498491091
7,knn_k1,2,3.16,100,0,131,10,10,15,1.5,0.4098828739583941,0.7778405879027699
7,knn_k1,2,3.16,100,1,131,10,10,20,2.0,0.7702931064623274,0.6976149695369355
7,knn_k1,2,3.16,100,2,131,10,10,21,2.1,0.2542975351086767,0.46623972683144765
7,knn_k1,2,3.16,100,3,132,10,10,18,1.8,0.38223140495867775,0.6374288059023886
7,knn_k1,2,3.16,100,4,132,10,10,18,1.8,0.18801652892561985,0.538231301200558
7,knn_k1,2,3.16,100,5,132,10,10,18,1.8,0.6053719008264465,0.7371185028697145
7,knn_k1,2,3.16,100,6,131,10,10,16,1.6,0.5113338383544083,0.8338633339286324
7,knn_k1,2,3.16,100,7,131,10,10,16,1.6,0.3006235067886487,0.6647487264735933
7,knn_k1,2,3.16,100,8,131,10,10,16,1.6,0.3826700075753161,0.7139971956819002
7,dtm_k10,0,3.02,100,0,131,10,10,17,1.7,0.334362799370666,0.5590728440937299
7,dtm_k10,0,3.02,100,1,131,10,10,16,1.6,0.34537614358137636,0.7112305159253535
7,dtm_k10,0,3.02,100,2,131,10,10,16,1.6,0.23535924479925413,0.6570743452475669
7,dtm_k10,0,3.02,100,3,132,10,10,17,1.7,0.297635445362718,0.6817479097649471
7,dtm_k10,0,3.02,100,4,132,10,10,15,1.5,0.24827823691460052,0.7508065582161497
7,dtm_k10,0,3.02,100,5,132,10,10,19,1.9,0.65530303030303,0.7649668611265268
7,dtm_k10,0,3.02,100,6,131,10,10,16,1.6,0.5840568731425908,0.866436143125883
7,dtm_k10,0,3.02,100,7,131,10,10,15,1.5,0.36443097721578005,0.7904093519415355
7,dtm_k10,0,3.02,100,8,131,10,10,20,2.0,0.4882582600081581,0.5949935175027425
7,dtm_k10,1,3.06,100,0,131,10,10,15,1.5,0.3679272769652119,0.6514735182987523
7,dtm_k10,1,3.06,100,1,131,10,10,17,1.7,0.45521822737602696,0.7271371602022311
7,dtm_k10,1,3.06,100,2,131,10,10,14,1.4,0.3305751413087814,0.8036593025186437
7,dtm_k10,1,3.06,100,3,132,10,10,17,1.7,0.4498393021120294,0.7472411142725179
7,dtm_k10,1,3.06,100,4,132,10,10,17,1.7,0.3151974288337925,0.6950838172712952
7,dtm_k10,1,3.06,100,5,132,10,10,18,1.8,0.5103305785123968,0.7275039893506167
7,dtm_k10,1,3.06,100,6,131,10,10,17,1.7,0.5087116135423343,0.7626945278705924
7,dtm_k10,1,3.06,100,7,131,10,10,17,1.7,0.457199463900705,0.7409638292416875
7,dtm_k10,1,3.06,100,8,131,10,10,21,2.1,0.6801468445894762,0.6670948503336663
7,dtm_k10,2,2.96,100,0,131,10,10,15,1.5,0.32247538022259786,0.6380531941487553
7,dtm_k10,2,2.96,100,1,131,10,10,14,1.4,0.27510051861779616,0.765873290807952
7,dtm_k10,2,2.96,100,2,131,10,10,14,1.4,0.48068294388438887,0.8844527925926942
7,dtm_k10,2,2.96,100,3,132,10,10,14,1.4,0.3562901744719926,0.8870724686897448
7,dtm_k10,2,2.96,100,4,132,10,10,17,1.7,0.38349403122130393,0.7454801363341567
7,dtm_k10,2,2.96,100,5,132,10,10,17,1.7,0.39129935720844816,0.7224755272399421
7,dtm_k10,2,2.96,100,6,131,10,10,18,1.8,0.4191480682943885,0.6174707783267087
7,dtm_k10,2,2.96,100,7,131,10,10,18,1.8,0.5785793368684808,0.7699161065593877
7,dtm_k10,2,2.96,100,8,131,10,10,21,2.1,0.5528815337101569,0.599374235400851
7,random,0,3.28,100,0,131,10,10,19,1.9,0.5068469203426375,0.6811833599089028
7,random,0,3.28,100,1,131,10,10,19,1.9,0.39613076161062877,0.6202446001684693
7,random,0,3.28,100,2,131,10,10,20,2.0,0.6001398519899772,0.7225544438986002
7,random,0,3.28,100,3,132,10,10,17,1.7,0.3073921028466483,0.6422412062646664
7,random,0,3.28,100,4,132,10,10,17,1.7,0.4498393021120294,0.6993140933516555
7,random,0,3.28,100,5,132,10,10,20,2.0,0.3360881542699725,0.5621154428793127
7,random,0,3.28,100,6,131,10,10,20,2.0,0.36472233552823263,0.5606561246254412
7,random,0,3.28,100,7,131,10,10,17,1.7,0.21152613484062696,0.5618884076007088
7,random,0,3.28,100,8,131,10,10,15,1.5,0.4483421712021444,0.8149280203265175
7,random,1,3.2,100,0,131,10,10,18,1.8,0.29747683701416006,0.6330810366725526
7,random,1,3.2,100,1,131,10,10,14,1.4,0.15273002738768135,0.7387361382778852
7,random,1,3.2,100,2,131,10,10,19,1.9,0.42934560923023135,0.6566013005998891
7,random,1,3.2,100,3,132,10,10,18,1.8,0.24586776859504134,0.5673280795248742
7,random,1,3.2,100,4,132,10,10,19,1.9,0.3303489439853076,0.593283623947916
7,random,1,3.2,100,5,132,10,10,20,2.0,0.4003673094582187,0.5867888780787547
7,random,1,3.2,100,6,131,10,10,18,1.8,0.18839228483188622,0.5573740550961392
7,random,1,3.2,100,7,131,10,10,17,1.7,0.44134957170328054,0.7197769161392771
7,random,1,3.2,100,8,131,10,10,17,1.7,0.213507371365305,0.6072335616116092
7,random,2,2.98,100,0,131,10,10,17,1.7,0.22341355398869525,0.6074026939531828
7,random,2,2.98,100,1,131,10,10,16,1.6,0.5169279179534992,0.888711983478092
7,random,2,2.98,100,2,131,10,10,15,1.5,0.45883107045044,0.9216953829314319
7,random,2,2.98,100,3,132,10,10,17,1.7,0.19421487603305787,0.6083102252598928
7,random,2,2.98,100,4,132,10,10,13,1.3,0.2862718089990818,0.8794339338812092
7,random,2,2.98,100,5,132,10,10,20,2.0,0.33149678604224064,0.5680083118760446
7,random,2,2.98,100,6,131,10,10,20,2.0,0.6374337159839168,0.7046495842141164
7,random,2,2.98,100,7,131,10,10,14,1.4,0.3876813705495017,0.8733323628277001
7,random,2,2.98,100,8,131,10,10,17,1.7,0.5245615057397587,0.7874857301709703
7,ecc_p1,0,3.0,100,0,131,10,10,14,1.4,0.24736320727230346,0.827421346375406
7,ecc_p1,0,3.0,100,1,131,10,10,20,2.0,0.22953207855020105,0.5015565900042854
7,ecc_p1,0,3.0,100,2,131,10,10,18,1.8,0.42124584814404764,0.7177484653427945
7,ecc_p1,0,3.0,100,3,132,10,10,19,1.9,0.3390725436179982,0.5837943240050428
7,ecc_p1,0,3.0,100,4,132,10,10,13,1.3,0.32805325987144174,0.9485640117334259
7,ecc_p1,0,3.0,100,5,132,10,10,17,1.7,0.3795913682277319,0.6938068024569748
7,ecc_p1,0,3.0,100,6,131,10,10,18,1.8,0.5408192995746168,0.7555643544754881
7,ecc_p1,0,3.0,100,7,131,10,10,16,1.6,0.3099469727871336,0.7397189507375371
7,ecc_p1,0,3.0,100,8,131,10,10,15,1.5,0.36268282734106405,0.8155741486855542
7,ecc_p1,1,3.04,100,0,131,10,10,17,1.7,0.46512440999941723,0.7705251594146327
7,ecc_p1,1,3.04,100,1,131,10,10,20,2.0,0.22020861255171612,0.4903966748391795
7,ecc_p1,1,3.04,100,2,131,10,10,17,1.7,0.30464425150049523,0.6660792530152944
7,ecc_p1,1,3.04,100,3,132,10,10,17,1.7,0.293732782369146,0.658078892393397
7,ecc_p1,1,3.04,100,4,132,10,10,17,1.7,0.7152203856749312,0.8374721601051487
7,ecc_p1,1,3.04,100,5,132,10,10,15,1.5,0.2672176308539944,0.7363269978746264
7,ecc_p1,1,3.04,100,6,131,10,10,17,1.7,0.3561564011421245,0.7188492631941203
7,ecc_p1,1,3.04,100,7,131,10,10,15,1.5,0.3749198764640756,0.8411002340388052
7,ecc_p1,1,3.04,100,8,131,10,10,17,1.7,0.35219392809276845,0.6653459111693611
7,ecc_p1,2,2.86,100,0,131,10,10,14,1.4,0.19515179768078778,0.7736763103300184
7,ecc_p1,2,2.86,100,1,131,10,10,19,1.9,0.5134898898665579,0.6948158159511965
7,ecc_p1,2,2.86,100,2,131,10,10,17,1.7,0.4076685507837538,0.746662845135297
7,ecc_p1,2,2.86,100,3,132,10,10,17,1.7,0.33080808080808083,0.6922626467761066
7,ecc_p1,2,2.86,100,4,132,10,10,13,1.3,0.34595959595959597,0.9559305927556665
7,ecc_p1,2,2.86,100,5,132,10,10,17,1.7,0.4049586776859504,0.6907119020102085
7,ecc_p1,2,2.86,100,6,131,10,10,17,1.7,0.36804382029019284,0.686351684530542
7,ecc_p1,2,2.86,100,7,131,10,10,17,1.7,0.46710564652409525,0.7892064203579716
7,ecc_p1,2,2.86,100,8,131,10,10,12,1.2,0.25936716974535284,0.9558095807996808
7,gauss_0.1,0,3.22,100,0,131,10,10,22,2.2,0.3909445836489716,0.4885458571598912
7,gauss_0.1,0,3.22,100,1,131,10,10,19,1.9,0.21455626129013458,0.5215957923250606
7,gauss_0.1,0,3.22,100,2,131,10,10,19,1.9,0.949711555270672,0.6752650940734747
7,gauss_0.1,0,3.22,100,3,132,10,10,19,1.9,0.5528007346189163,0.5602464202289207
7,gauss_0.1,0,3.22,100,4,132,10,10,20,2.0,0.8296602387511479,0.6483984732358544
7,gauss_0.1,0,3.22,100,5,132,10,10,17,1.7,0.6352157943067034,0.7625741041120784
7,gauss_0.1,0,3.22,100,6,131,10,10,17,1.7,0.39776236816036353,0.694402402251561
7,gauss_0.1,0,3.22,100,7,131,10,10,15,1.5,0.6214090087990212,0.7468874450696428
7,gauss_0.1,0,3.22,100,8,131,10,10,13,1.3,0.49460987121962585,0.9243663720446677
7,gauss_0.1,1,3.26,100,0,131,10,10,19,1.9,0.41384534700775016,0.6048618787796386
7,gauss_0.1,1,3.26,100,1,131,10,10,22,2.2,0.42427597459355515,0.5178943246668377
7,gauss_0.1,1,3.26,100,2,131,10,10,21,2.1,1.340947497232096,0.7611798275892162
7,gauss_0.1,1,3.26,100,3,132,10,10,16,1.6,0.4857667584940312,0.7055686005682795
7,gauss_0.1,1,3.26,100,4,132,10,10,18,1.8,0.8016528925619836,0.7155472966166952
7,gauss_0.1,1,3.26,100,5,132,10,10,18,1.8,0.4400826446280993,0.6311865760127027
7,gauss_0.1,1,3.26,100,6,131,10,10,18,1.8,0.4401258667909795,0.6542767798318945
7,gauss_0.1,1,3.26,100,7,131,10,10,16,1.6,0.5971097255404697,0.6870610625387855
7,gauss_0.1,1,3.26,100,8,131,10,10,15,1.5,0.5532311636850998,0.7991675768208559
7,gauss_0.1,2,3.16,100,0,131,10,10,20,2.0,0.29246547403997436,0.5046066235567428
7,gauss_0.1,2,3.16,100,1,131,10,10,21,2.1,0.5235126158149294,0.5924225576540798
7,gauss_0.1,2,3.16,100,2,131,10,10,21,2.1,1.3115785793368688,0.7793240662411596
7,gauss_0.1,2,3.16,100,3,132,10,10,18,1.8,0.35743801652892565,0.583434076868249
7,gauss_0.1,2,3.16,100,4,132,10,10,16,1.6,0.9393939393939394,0.8463018620402091
7,gauss_0.1,2,3.16,100,5,132,10,10,16,1.6,0.5408631772268135,0.7674503934959559
7,gauss_0.1,2,3.16,100,6,131,10,10,18,1.8,0.46110366528757063,0.6417756016444177
7,gauss_0.1,2,3.16,100,7,131,10,10,15,1.5,0.3958976749606668,0.6497777932693145
7,gauss_0.1,2,3.16,100,8,131,10,10,13,1.3,0.46733873317405744,0.8500359948064636
7,dm_eig0,0,2.42,100,0,131,10,10,14,1.4,0.9359011712604158,0.7119203176659071
7,dm_eig0,0,2.42,100,1,131,10,10,14,1.4,0.7743721228366645,0.7428960625705273
7,dm_eig0,0,2.42,100,2,131,10,10,15,1.5,0.9290833867490242,0.7285724363248136
7,dm_eig0,0,2.42,100,3,132,10,10,12,1.2,0.7920110192837465,0.7412376470308252
7,dm_eig0,0,2.42,100,4,132,10,10,13,1.3,1.0219237832874197,0.7599802672632888
7,dm_eig0,0,2.42,100,5,132,10,10,11,1.1,0.8952020202020202,0.8707562618033643
7,dm_eig0,0,2.42,100,6,131,10,10,13,1.3,0.5991492337276383,0.624856760302244
7,dm_eig0,0,2.42,100,7,131,10,10,13,1.3,0.5415768311869938,0.692537512028288
7,dm_eig0,0,2.42,100,8,131,10,10,16,1.6,0.7779849659110775,0.6072127217647763
7,dm_eig0,1,2.42,100,0,131,10,10,15,1.5,0.8084610453936251,0.6251702411286632
7,dm_eig0,1,2.42,100,1,131,10,10,13,1.3,0.9491288386457665,0.8999703180665862
7,dm_eig0,1,2.42,100,2,131,10,10,14,1.4,1.0011654332498106,0.713153442399583
7,dm_eig0,1,2.42,100,3,132,10,10,12,1.2,0.9559228650137741,0.8584845270764128
7,dm_eig0,1,2.42,100,4,132,10,10,15,1.5,0.5134297520661156,0.4565088447387341
7,dm_eig0,1,2.42,100,5,132,10,10,10,1.0,0.8078512396694217,0.9157416553636637
7,dm_eig0,1,2.42,100,6,131,10,10,14,1.4,0.5720529106695412,0.5790837369464287
7,dm_eig0,1,2.42,100,7,131,10,10,13,1.3,0.6521764465940213,0.761986545289373
7,dm_eig0,1,2.42,100,8,131,10,10,15,1.5,0.7560165491521476,0.6513202302823136
7,dm_eig0,2,2.32,100,0,131,10,10,12,1.2,0.4537614358137637,0.6749897187048005
7,dm_eig0,2,2.32,100,1,131,10,10,14,1.4,0.5018938290309422,0.6388606233807472
7,dm_eig0,2,2.32,100,2,131,10,10,16,1.6,0.8824077850941088,0.6157265311298963
7,dm_eig0,2,2.32,100,3,132,10,10,10,1.0,0.7320936639118459,0.8810123763536637
7,dm_eig0,2,2.32,100,4,132,10,10,14,1.4,0.6696510560146922,0.5429171396480121
7,dm_eig0,2,2.32,100,5,132,10,10,12,1.2,1.0316804407713498,0.8560581313382036
7,dm_eig0,2,2.32,100,6,131,10,10,14,1.4,0.6960550084493909,0.5933879689562738
7,dm_eig0,2,2.32,100,7,131,10,10,11,1.1,0.33774255579511697,0.7039754098947977
7,dm_eig0,2,2.32,100,8,131,10,10,13,1.3,0.7885321368218636,0.797679251782557
8,xcoord,0,2.56,100,0,131,10,10,17,1.7,0.7524037060777342,0.647053048041388
8,xcoord,0,2.56,100,1,131,10,10,12,1.2,0.420196958219218,0.7603199049934126
8,xcoord,0,2.56,100,2,131,10,10,17,1.7,0.6275858050230173,0.5448277355800606
8,xcoord,0,2.56,100,3,132,10,10,15,1.5,0.8044077134986223,0.6736678721380679
8,xcoord,0,2.56,100,4,132,10,10,9,0.9,0.5454545454545455,0.7969583780489727
8,xcoord,0,2.56,100,5,132,10,10,15,1.5,0.2741046831955923,0.44333664571647863
8,xcoord,0,2.56,100,6,131,10,10,14,1.4,0.4382611735912826,0.7494562672009348
8,xcoord,0,2.56,100,7,131,10,10,16,1.6,0.36588776877804324,0.6276357587783736
8,xcoord,0,2.56,100,8,131,10,10,13,1.3,0.5779383485810851,0.768347732923479
8,xcoord,1,2.7,100,0,131,10,10,16,1.6,0.6847503059262281,0.6994975248859449
8,xcoord,1,2.7,100,1,131,10,10,13,1.3,0.3855253190373522,0.6411361460047219
8,xcoord,1,2.7,100,2,131,10,10,15,1.5,0.7088165025348174,0.7193325408571258
8,xcoord,1,2.7,100,3,132,10,10,17,1.7,1.1991505968778695,0.6888314684704435
8,xcoord,1,2.7,100,4,132,10,10,11,1.1,0.8737373737373737,0.8302576961005405
8,xcoord,1,2.7,100,5,132,10,10,17,1.7,0.7483930211202938,0.5791799792549114
8,xcoord,1,2.7,100,6,131,10,10,15,1.5,0.5427422644368045,0.7179293009818087
8,xcoord,1,2.7,100,7,131,10,10,18,1.8,0.43173474739234297,0.5357001086183657
8,xcoord,1,2.7,100,8,131,10,10,13,1.3,0.35219392809276845,0.5608422538343927
8,xcoord,2,2.58,100,0,131,10,10,14,1.4,0.5785793368684808,0.7466548972581677
8,xcoord,2,2.58,100,1,131,10,10,14,1.4,0.3942077967484412,0.6829261646424444
8,xcoord,2,2.58,100,2,131,10,10,16,1.6,0.5672746343453179,0.5998094014865811
8,xcoord,2,2.58,100,3,132,10,10,13,1.3,0.7936179981634527,0.8335227327281844
8,xcoord,2,2.58,100,4,132,10,10,11,1.1,0.5290404040404041,0.6431738141736965
8,xcoord,2,2.58,100,5,132,10,10,18,1.8,1.2768595041322317,0.6460570385230807
8,xcoord,2,2.58,100,6,131,10,10,14,1.4,0.5100518617796166,0.6892185974900424
8,xcoord,2,2.58,100,7,131,10,10,18,1.8,0.5890682361167764,0.6361205175583804
8,xcoord,2,2.58,100,8,131,10,10,11,1.1,0.4377367286288679,0.8727964465053296
8,knn_k1,0,3.2,100,0,131,10,10,18,1.8,0.5135481615290484,0.7073587080326402
8,knn_k1,0,3.2,100,1,131,10,10,16,1.6,0.33791737078258843,0.6771124839181776
8,knn_k1,0,3.2,100,2,131,10,10,13,1.3,0.3506788648680147,0.9046130891113394
8,knn_k1,0,3.2,100,3,132,10,10,15,1.5,0.33436639118457295,0.7155311354208891
8,knn_k1,0,3.2,100,4,132,10,10,20,2.0,0.3383838383838385,0.5476504516327273
8,knn_k1,0,3.2,100,5,132,10,10,19,1.9,0.650941230486685,0.80076428986128
8,knn_k1,0,3.2,100,6,131,10,10,20,2.0,0.6420954489831594,0.6354423156772107
8,knn_k1,0,3.2,100,7,131,10,10,20,2.0,0.6141250509877046,0.660840322942102
8,knn_k1,0,3.2,100,8,131,10,10,19,1.9,0.4094167006584699,0.6475558630313566
8,knn_k1,1,3.12,100,0,131,10,10,17,1.7,0.30464425150049523,0.6168489004448023
8,knn_k1,1,3.12,100,1,131,10,10,17,1.7,0.30464425150049523,0.635386667182094
8,knn_k1,1,3.12,100,2,131,10,10,13,1.3,0.3340131693957229,0.8825547350113068
8,knn_k1,1,3.12,100,3,132,10,10,17,1.7,0.44788797061524344,0.6867609625615207
8,knn_k1,1,3.12,100,4,132,10,10,16,1.6,0.4196510560146924,0.803531080161063
8,knn_k1,1,3.12,100,5,132,10,10,20,2.0,0.4256198347107438,0.6119608387066219
8,knn_k1,1,3.12,100,6,131,10,10,20,2.0,0.5511916554979315,0.6307952643989246
8,knn_k1,1,3.12,100,7,131,10,10,19,1.9,0.5157042130411982,0.6517781703383413
8,knn_k1,1,3.12,100,8,131,10,10,17,1.7,0.4373870986539245,0.7622618488666605
8,knn_k1,2,3.12,100,0,131,10,10,17,1.7,0.3383252724200221,0.6348709650526768
8,knn_k1,2,3.12,100,1,131,10,10,14,1.4,0.26694248586912184,0.7536649793507303
8,knn_k1,2,3.12,100,2,131,10,10,17,1.7,0.3957811316356855,0.6761886903426777
8,knn_k1,2,3.12,100,3,132,10,10,17,1.7,0.2683654729109275,0.5919447458366726
8,knn_k1,2,3.12,100,4,132,10,10,17,1.7,0.36007805325987147,0.7122781043927459
8,knn_k1,2,3.12,100,5,132,10,10,18,1.8,0.43595041322314054,0.7027139917184847
8,knn_k1,2,3.12,100,6,131,10,10,18,1.8,0.3520191131052969,0.5886369335317894
8,knn_k1,2,3.12,100,7,131,10,10,21,2.1,0.6140667793252143,0.6122142271609436
8,knn_k1,2,3.12,100,8,131,10,10,17,1.7,0.22341355398869525,0.6146178600229133
8,dtm_k10,0,3.3,100,0,131,10,10,17,1.7,0.5305052153137928,0.726159599323178
8,dtm_k10,0,3.3,100,1,131,10,10,15,1.5,0.45183847095157625,0.8492348599783722
8,dtm_k10,0,3.3,100,2,131,10,10,16,1.6,0.6661033739292582,0.8581023816537877
8,dtm_k10,0,3.3,100,3,132,10,10,19,1.9,0.4088613406795225,0.6697412086517713
8,dtm_k10,0,3.3,100,4,132,10,10,19,1.9,0.3194444444444444,0.6053552562828086
8,dtm_k10,0,3.3,100,5,132,10,10,19,1.9,0.38050964187327824,0.648064233013187
8,dtm_k10,0,3.3,100,6,131,10,10,19,1.9,0.5976341705028844,0.6978074538914824
8,dtm_k10,0,3.3,100,7,131,10,10,20,2.0,0.4346483305168697,0.5717353224790536
8,dtm_k10,0,3.3,100,8,131,10,10,21,2.1,0.4745644193228833,0.5467187363644297
8,dtm_k10,1,3.22,100,0,131,10,10,14,1.4,0.36810209195268334,0.8167364198033248
8,dtm_k10,1,3.22,100,1,131,10,10,16,1.6,0.3360526775828914,0.7117384442894116
8,dtm_k10,1,3.22,100,2,131,10,10,20,2.0,0.409008799021036,0.5953783848413853
8,dtm_k10,1,3.22,100,3,132,10,10,17,1.7,0.5161845730027548,0.7883324097773791
8,dtm_k10,1,3.22,100,4,132,10,10,21,2.1,0.4366391184573002,0.5912415839011169
8,dtm_k10,1,3.22,100,5,132,10,10,19,1.9,0.23002754820936638,0.530271589855156
8,dtm_k10,1,3.22,100,6,131,10,10,18,1.8,0.41285472874541107,0.6312208313658235
8,dtm_k10,1,3.22,100,7,131,10,10,17,1.7,0.6771167181399685,0.8538059975029704
8,dtm_k10,1,3.22,100,8,131,10,10,19,1.9,0.3053435114503817,0.5484789450022479
8,dtm_k10,2,3.14,100,0,131,10,10,14,1.4,0.324048715109842,0.7660782156606524
8,dtm_k10,2,3.14,100,1,131,10,10,14,1.4,0.252258026921508,0.7718230322142975
8,dtm_k10,2,3.14,100,2,131,10,10,17,1.7,0.35615640114212455,0.6853784556489715
8,dtm_k10,2,3.14,100,3,132,10,10,18,1.8,0.5123966942148761,0.7858353398627009
8,dtm_k10,2,3.14,100,4,132,10,10,17,1.7,0.3659320477502296,0.7141619319270447
8,dtm_k10,2,3.14,100,5,132,10,10,18,1.8,0.34297520661157027,0.6197975957867174
8,dtm_k10,2,3.14,100,6,131,10,10,17,1.7,0.576073655381388,0.8246236049772118
8,dtm_k10,2,3.14,100,7,131,10,10,22,2.2,0.37043295845230456,0.47065892201998705
8,dtm_k10,2,3.14,100,8,131,10,10,20,2.0,0.30178894003845924,0.5379539138351506
8,random,0,3.64,100,0,131,10,10,21,2.1,0.3668783870403823,0.5421111233282511
8,random,0,3.64,100,1,131,10,10,22,2.2,0.26531087931938707,0.45770880895761407
8,random,0,3.64,100,2,131,10,10,15,1.5,0.23331973661208558,0.7154591515357352
8,random,0,3.64,100,3,132,10,10,23,2.3,0.5153810835629018,0.5377986406038093
8,random,0,3.64,100,4,132,10,10,19,1.9,0.30635904499540867,0.5676625052438176
8,random,0,3.64,100,5,132,10,10,19,1.9,0.3412534435261708,0.6172063701535349
8,random,0,3.64,100,6,131,10,10,20,2.0,0.4975817260066431,0.6348934807587832
8,random,0,3.64,100,7,131,10,10,21,2.1,0.36687838704038234,0.5526963945317169
8,random,0,3.64,100,8,131,10,10,22,2.2,0.91655497931356,0.6983337772982752
8,random,1,3.54,100,0,131,10,10,20,2.0,0.5441990559990676,0.6098571962878848
8,random,1,3.54,100,1,131,10,10,22,2.2,0.2986422702639706,0.41699802331910507
8,random,1,3.54,100,2,131,10,10,18,1.8,0.6247304935609813,0.7981855258116555
8,random,1,3.54,100,3,132,10,10,21,2.1,0.5426997245179064,0.591077244289254
8,random,1,3.54,100,4,132,10,10,20,2.0,0.4302112029384757,0.5960971678004204
8,random,1,3.54,100,5,132,10,10,16,1.6,0.3333333333333333,0.7412440985853621
8,random,1,3.54,100,6,131,10,10,19,1.9,0.44041722510343223,0.6555599253548727
8,random,1,3.54,100,7,131,10,10,20,2.0,0.46728046151156694,0.6444349125579992
8,random,1,3.54,100,8,131,10,10,21,2.1,0.4574325505506673,0.5968122154391662
8,random,2,3.62,100,0,131,10,10,21,2.1,0.29100868247771117,0.503528882422612
8,random,2,3.62,100,1,131,10,10,21,2.1,0.4451955014276558,0.5153159016700711
8,random,2,3.62,100,2,131,10,10,21,2.1,0.7902802866965796,0.7357994875789687
8,random,2,3.62,100,3,132,10,10,20,2.0,0.5013774104683195,0.6315043289694572
8,random,2,3.62,100,4,132,10,10,20,2.0,0.5174471992653811,0.6545752301628032
8,random,2,3.62,100,5,132,10,10,20,2.0,0.38429752066115713,0.568139533757933
8,random,2,3.62,100,6,131,10,10,20,2.0,0.34607540353126276,0.536433497430997
8,random,2,3.62,100,7,131,10,10,20,2.0,0.4532952625138395,0.6098760481188926
8,random,2,3.62,100,8,131,10,10,18,1.8,0.4401258667909796,0.675532280527678
8,ecc_p1,0,2.98,100,0,131,10,10,16,1.6,0.36029368917895227,0.7444715992406761
8,ecc_p1,0,2.98,100,1,131,10,10,16,1.6,0.3565643027795583,0.7403246961937162
8,ecc_p1,0,2.98,100,2,131,10,10,19,1.9,0.2654856943068586,0.564889264485408
8,ecc_p1,0,2.98,100,3,132,10,10,16,1.6,0.35537190082644626,0.7806493636897299
8,ecc_p1,0,2.98,100,4,132,10,10,20,2.0,0.19834710743801656,0.48252948199195067
8,ecc_p1,0,2.98,100,5,132,10,10,13,1.3,0.30268595041322316,0.9340115363756194
8,ecc_p1,0,2.98,100,6,131,10,10,14,1.4,0.30120622341355396,0.8763898411125514
8,ecc_p1,0,2.98,100,7,131,10,10,16,1.6,0.4180991783695589,0.8007273571555812
8,ecc_p1,0,2.98,100,8,131,10,10,19,1.9,0.3651302371656664,0.6313085540981531
8,ecc_p1,1,2.94,100,0,131,10,10,14,1.4,0.408892255696055,0.8823003494624249
8,ecc_p1,1,2.94,100,1,131,10,10,16,1.6,0.44047549676592274,0.7956180964299571
8,ecc_p1,1,2.94,100,2,131,10,10,18,1.8,0.28489015791620537,0.6189821891893474
8,ecc_p1,1,2.94,100,3,132,10,10,16,1.6,0.34251606978879706,0.7681774098750559
8,ecc_p1,1,2.94,100,4,132,10,10,18,1.8,0.37190082644628103,0.6863218636427997
8,ecc_p1,1,2.94,100,5,132,10,10,17,1.7,0.3483700642791551,0.6681262973831372
8,ecc_p1,1,2.94,100,6,131,10,10,13,1.3,0.25674494493327893,0.9175029508382665
8,ecc_p1,1,2.94,100,7,131,10,10,18,1.8,0.36670357205291065,0.6535541603283916
8,ecc_p1,1,2.94,100,8,131,10,10,17,1.7,0.34823145504341235,0.7063750820728718
8,ecc_p1,2,2.86,100,0,131,10,10,14,1.4,0.5084202552298815,0.9250905858582853
8,ecc_p1,2,2.86,100,1,131,10,10,11,1.1,0.14544606957636502,0.9854561518466876
8,ecc_p1,2,2.86,100,2,131,10,10,19,1.9,0.30312918827574153,0.5787192620289504
8,ecc_p1,2,2.86,100,3,132,10,10,16,1.6,0.32966023875114786,0.7578968369736374
8,ecc_p1,2,2.86,100,4,132,10,10,20,2.0,0.19834710743801656,0.48252948199195067
8,ecc_p1,2,2.86,100,5,132,10,10,14,1.4,0.37718089990817266,0.9049407473143849
8,ecc_p1,2,2.86,100,6,131,10,10,14,1.4,0.30120622341355396,0.8763898411125514
8,ecc_p1,2,2.86,100,7,131,10,10,17,1.7,0.3878561855369733,0.7149769012965079
8,ecc_p1,2,2.86,100,8,131,10,10,18,1.8,0.5198415010780257,0.7535236152004805
8,gauss_0.1,0,3.06,100,0,131,10,10,16,1.6,0.30435289318804265,0.7248493589143977
8,gauss_0.1,0,3.06,100,1,131,10,10,22,2.2,0.3396655206573045,0.4772515778746331
8,gauss_0.1,0,3.06,100,2,131,10,10,18,1.8,0.6310238331099586,0.5479035330995873
8,gauss_0.1,0,3.06,100,3,132,10,10,18,1.8,0.6280991735537191,0.775676754750674
8,gauss_0.1,0,3.06,100,4,132,10,10,18,1.8,0.65702479338843,0.6885624017410926
8,gauss_0.1,0,3.06,100,5,132,10,10,14,1.4,0.23737373737373732,0.7747527559496418
8,gauss_0.1,0,3.06,100,6,131,10,10,18,1.8,0.4338325272420022,0.6759792532693063
8,gauss_0.1,0,3.06,100,7,131,10,10,14,1.4,0.29467979721461446,0.8105950111442362
8,gauss_0.1,0,3.06,100,8,131,10,10,15,1.5,0.575957112056407,0.737896068962333
8,gauss_0.1,1,2.96,100,0,131,10,10,14,1.4,0.31262746926169804,0.8683741283932608
8,gauss_0.1,1,2.96,100,1,131,10,10,21,2.1,0.3913524852864052,0.5399045204752819
8,gauss_0.1,1,2.96,100,2,131,10,10,21,2.1,0.5479867140609523,0.44420887630562417
8,gauss_0.1,1,2.96,100,3,132,10,10,15,1.5,0.5513085399449036,0.8645453765538292
8,gauss_0.1,1,2.96,100,4,132,10,10,15,1.5,0.45488980716253447,0.6756866285485004
8,gauss_0.1,1,2.96,100,5,132,10,10,15,1.5,0.47555096418732784,0.8436225002895982
8,gauss_0.1,1,2.96,100,6,131,10,10,18,1.8,0.4548103257385933,0.6525854858257247
8,gauss_0.1,1,2.96,100,7,131,10,10,15,1.5,0.3749198764640756,0.8000925072206984
8,gauss_0.1,1,2.96,100,8,131,10,10,14,1.4,0.43662956704154765,0.7132174809948137
8,gauss_0.1,2,2.96,100,0,131,10,10,14,1.4,0.27020569896859153,0.824320321141486
8,gauss_0.1,2,2.96,100,1,131,10,10,22,2.2,0.3422294738068878,0.4915558247805869
8,gauss_0.1,2,2.96,100,2,131,10,10,20,2.0,0.48825826000815803,0.4784305262205775
8,gauss_0.1,2,2.96,100,3,132,10,10,19,1.9,0.5833333333333333,0.6737916744457434
8,gauss_0.1,2,2.96,100,4,132,10,10,15,1.5,0.44283746556473824,0.6508788812251474
8,gauss_0.1,2,2.96,100,5,132,10,10,13,1.3,0.3131313131313132,0.8950492864847767
8,gauss_0.1,2,2.96,100,6,131,10,10,17,1.7,0.4096497873084319,0.7277635703883838
8,gauss_0.1,2,2.96,100,7,131,10,10,14,1.4,0.28815337101567495,0.8092855845345129
8,gauss_0.1,2,2.96,100,8,131,10,10,14,1.4,0.5818425499679506,0.7990048596446883
8,dm_eig0,0,2.48,100,0,131,10,10,16,1.6,0.8786783986947148,0.5941718587746625
8,dm_eig0,0,2.48,100,1,131,10,10,16,1.6,0.9980187634753219,0.8110157579344529
8,dm_eig0,0,2.48,100,2,131,10,10,14,1.4,0.8428995979255287,0.7830556055096324
8,dm_eig0,0,2.48,100,3,132,10,10,14,1.4,0.7564279155188244,0.6831530248878627
8,dm_eig0,0,2.48,100,4,132,10,10,12,1.2,0.9049586776859504,0.806717466917549
8,dm_eig0,0,2.48,100,5,132,10,10,10,1.0,0.39921946740128567,0.6928784073380171
8,dm_eig0,0,2.48,100,6,131,10,10,12,1.2,0.6020045451896743,0.5790414707926482
8,dm_eig0,0,2.48,100,7,131,10,10,13,1.3,0.7521706194277723,0.7809406104615583
8,dm_eig0,0,2.48,100,8,131,10,10,17,1.7,1.3606433191538951,0.7738799994749485
8,dm_eig0,1,2.48,100,0,131,10,10,14,1.4,0.8053726472816267,0.65733660352445
8,dm_eig0,1,2.48,100,1,131,10,10,14,1.4,0.5002622224812073,0.664740800345432
8,dm_eig0,1,2.48,100,2,131,10,10,14,1.4,0.8037410407318919,0.8149286458325516
8,dm_eig0,1,2.48,100,3,132,10,10,13,1.3,0.7786960514233242,0.8019144390274364
8,dm_eig0,1,2.48,100,4,132,10,10,13,1.3,0.7727272727272728,0.6465158430921023
8,dm_eig0,1,2.48,100,5,132,10,10,13,1.3,0.8682277318640956,0.7153839636445564
8,dm_eig0,1,2.48,100,6,131,10,10,14,1.4,0.7743721228366645,0.6921186819112756
8,dm_eig0,1,2.48,100,7,131,10,10,14,1.4,0.7645824835382552,0.7634256312413957
8,dm_eig0,1,2.48,100,8,131,10,10,15,1.5,0.8923722393799898,0.6699722471848334
8,dm_eig0,2,2.58,100,0,131,10,10,14,1.4,0.9881125808519317,0.750368755280825
8,dm_eig0,2,2.58,100,1,131,10,10,15,1.5,0.5654682128081115,0.6746042515124677
8,dm_eig0,2,2.58,100,2,131,10,10,15,1.5,0.7228017015325449,0.6701919985816417
8,dm_eig0,2,2.58,100,3,132,10,10,15,1.5,0.8353994490358126,0.6841807260031816
8,dm_eig0,2,2.58,100,4,132,10,10,14,1.4,0.9460514233241503,0.6127610826334852
8,dm_eig0,2,2.58,100,5,132,10,10,13,1.3,0.4772727272727274,0.5548788282282697
8,dm_eig0,2,2.58,100,6,131,10,10,16,1.6,0.6642386807295612,0.5226550963261848
8,dm_eig0,2,2.58,100,7,131,10,10,13,1.3,0.7339898607307269,0.79364786109881
8,dm_eig0,2,2.58,100,8,131,10,10,14,1.4,0.7515296311403763,0.6508398080316952
9,xcoord,0,2.64,100,0,131,10,10,11,1.1,0.5351669483130354,0.8985441306500108
9,xcoord,0,2.64,100,1,131,10,10,16,1.6,0.9085134898898666,0.7639029971158043
9,xcoord,0,2.64,100,2,131,10,10,15,1.5,0.5497348639356683,0.752140185023518
9,xcoord,0,2.64,100,3,132,10,10,14,1.4,0.6503673094582185,0.6611005552707154
9,xcoord,0,2.64,100,4,132,10,10,11,1.1,0.27651515151515155,0.5885583033334479
9,xcoord,0,2.64,100,5,132,10,10,17,1.7,0.7893709825528008,0.7025216917659514
9,xcoord,0,2.64,100,6,131,10,10,15,1.5,0.45883107045044,0.7372925106959679
9,xcoord,0,2.64,100,7,131,10,10,17,1.7,0.572111182332032,0.5866116461044227
9,xcoord,0,2.64,100,8,131,10,10,16,1.6,0.5560864751471359,0.5634379956690106
9,xcoord,1,2.64,100,0,131,10,10,13,1.3,0.6415710040207446,0.7354672103353502
9,xcoord,1,2.64,100,1,131,10,10,19,1.9,1.1910727813064506,0.7038520935932788
9,xcoord,1,2.64,100,2,131,10,10,14,1.4,0.43336635394207795,0.6606806994617829
9,xcoord,1,2.64,100,3,132,10,10,15,1.5,0.7441460055096418,0.6269131028492444
9,xcoord,1,2.64,100,4,132,10,10,11,1.1,0.22095959595959594,0.5282101304593994
9,xcoord,1,2.64,100,5,132,10,10,14,1.4,0.5185950413223139,0.7226028239118114
9,xcoord,1,2.64,100,6,131,10,10,16,1.6,0.5728687139444089,0.7259200196326691
9,xcoord,1,2.64,100,7,131,10,10,15,1.5,0.436105122079133,0.5560990026504268
9,xcoord,1,2.64,100,8,131,10,10,15,1.5,0.5637200629333956,0.5891927010091237
9,xcoord,2,2.66,100,0,131,10,10,13,1.3,0.5309713886137171,0.7332407213263985
9,xcoord,2,2.66,100,1,131,10,10,17,1.7,0.8891090262805197,0.6983861246216394
9,xcoord,2,2.66,100,2,131,10,10,12,1.2,0.312510925936717,0.7083365955138493
9,xcoord,2,2.66,100,3,132,10,10,14,1.4,0.6487603305785122,0.6664989230677512
9,xcoord,2,2.66,100,4,132,10,10,12,1.2,0.3195592286501377,0.5547243132962741
9,xcoord,2,2.66,100,5,132,10,10,19,1.9,1.0609504132231404,0.5947101177011846
9,xcoord,2,2.66,100,6,131,10,10,15,1.5,0.5689645125575434,0.7489534210910617
9,xcoord,2,2.66,100,7,131,10,10,15,1.5,0.23506788648680152,0.4913660875835897
9,xcoord,2,2.66,100,8,131,10,10,16,1.6,0.6493211351319853,0.5740402262619656
9,knn_k1,0,3.5,100,0,131,10,10,22,2.2,0.38068877105063803,0.49944967344962243
9,knn_k1,0,3.5,100,1,131,10,10,19,1.9,0.526775828914399,0.6621170287666079
9,knn_k1,0,3.5,100,2,131,10,10,18,1.8,0.48627702348347995,0.6806964299393378
9,knn_k1,0,3.5,100,3,132,10,10,19,1.9,0.42194674012855826,0.5480605202748788
9,knn_k1,0,3.5,100,4,132,10,10,19,1.9,0.42848943985307614,0.6139300485821916
9,knn_k1,0,3.5,100,5,132,10,10,18,1.8,0.4421487603305786,0.6599746910304494
9,knn_k1,0,3.5,100,6,131,10,10,18,1.8,0.5240370607773438,0.5729579413313416
9,knn_k1,0,3.5,100,7,131,10,10,19,1.9,0.6219917254239263,0.743170762788867
9,knn_k1,0,3.5,100,8,131,10,10,23,2.3,0.4729328127731483,0.5192512337219317
9,knn_k1,1,3.7,100,0,131,10,10,20,2.0,0.35073713653050526,0.5086171986082549
9,knn_k1,1,3.7,100,1,131,10,10,21,2.1,0.28611386282850654,0.47213511098652744
9,knn_k1,1,3.7,100,2,131,10,10,19,1.9,0.49577530446943663,0.6415212193353893
9,knn_k1,1,3.7,100,3,132,10,10,17,1.7,0.4342286501377411,0.662478597183071
9,knn_k1,1,3.7,100,4,132,10,10,22,2.2,0.5025252525252525,0.5290056087032744
9,knn_k1,1,3.7,100,5,132,10,10,20,2.0,0.3705234159779614,0.5261178098832897
9,knn_k1,1,3.7,100,6,131,10,10,22,2.2,0.6781073364023076,0.5181944845722161
9,knn_k1,1,3.7,100,7,131,10,10,20,2.0,0.77495483946157,0.7105432756188075
9,knn_k1,1,3.7,100,8,131,10,10,24,2.4,0.5621467280461512,0.4825455773126266
9,knn_k1,2,3.38,100,0,131,10,10,20,2.0,0.34374453703164154,0.5002795846383234
9,knn_k1,2,3.38,100,1,131,10,10,15,1.5,0.4256162228308374,0.8068184544534076
9,knn_k1,2,3.38,100,2,131,10,10,17,1.7,0.498805430918944,0.7457958936736526
9,knn_k1,2,3.38,100,3,132,10,10,19,1.9,0.3957759412304867,0.611124797437102
9,knn_k1,2,3.38,100,4,132,10,10,19,1.9,0.6487603305785122,0.6641721922987697
9,knn_k1,2,3.38,100,5,132,10,10,19,1.9,0.2431129476584022,0.5154104068465434
9,knn_k1,2,3.38,100,6,131,10,10,21,2.1,0.8465707126624322,0.650111598953518
9,knn_k1,2,3.38,100,7,131,10,10,18,1.8,0.42963696754268393,0.6853799990511884
9,knn_k1,2,3.38,100,8,131,10,10,21,2.1,0.4696695996736787,0.5762151893506601
9,dtm_k10,0,3.24,100,0,131,10,10,17,1.7,0.8653341879843831,0.7218991355662454
9,dtm_k10,0,3.24,100,1,131,10,10,17,1.7,0.36606258376551476,0.6742025411195104
9,dtm_k10,0,3.24,100,2,131,10,10,15,1.5,0.31373463084901815,0.6683882691770062
9,dtm_k10,0,3.24,100,3,132,10,10,19,1.9,0.40886134067952246,0.6311772181522483
9,dtm_k10,0,3.24,100,4,132,10,10,22,2.2,0.36868686868686873,0.5100505133286645
9,dtm_k10,0,3.24,100,5,132,10,10,17,1.7,0.40691000918273645,0.6749420693753425
9,dtm_k10,0,3.24,100,6,131,10,10,18,1.8,0.5492104189732533,0.7282176708878861
9,dtm_k10,0,3.24,100,7,131,10,10,16,1.6,0.39199347357380104,0.6689576034060586
9,dtm_k10,0,3.24,100,8,131,10,10,21,2.1,0.33750946914515473,0.5169563936832606
9,dtm_k10,1,3.44,100,0,131,10,10,18,1.8,0.7065439076976866,0.5881356138646724
9,dtm_k10,1,3.44,100,1,131,10,10,17,1.7,0.5087116135423343,0.7699194905196467
9,dtm_k10,1,3.44,100,2,131,10,10,18,1.8,0.4443214264902978,0.6352822921038545
9,dtm_k10,1,3.44,100,3,132,10,10,17,1.7,0.34251606978879706,0.6941508898029954
9,dtm_k10,1,3.44,100,4,132,10,10,20,2.0,0.418732782369146,0.6010026163572202
9,dtm_k10,1,3.44,100,5,132,10,10,23,2.3,0.615702479338843,0.569991020146453
9,dtm_k10,1,3.44,100,6,131,10,10,20,2.0,0.7376609754676302,0.768768225108785
9,dtm_k10,1,3.44,100,7,131,10,10,18,1.8,0.39397471009847906,0.6208762338249804
9,dtm_k10,1,3.44,100,8,131,10,10,21,2.1,0.5479867140609522,0.6329075120007156
9,dtm_k10,2,3.46,100,0,131,10,10,17,1.7,0.8772216071324515,0.758287851678712
9,dtm_k10,2,3.46,100,1,131,10,10,18,1.8,0.42544140784336576,0.6596569432220113
9,dtm_k10,2,3.46,100,2,131,10,10,17,1.7,0.23133850008740744,0.5624235464211592
9,dtm_k10,2,3.46,100,3,132,10,10,20,2.0,0.423324150596878,0.6035629818847782
9,dtm_k10,2,3.46,100,4,132,10,10,17,1.7,0.32690541781450877,0.6399947296101793
9,dtm_k10,2,3.46,100,5,132,10,10,19,1.9,0.44157483930211194,0.6072779655957796
9,dtm_k10,2,3.46,100,6,131,10,10,22,2.2,0.7601538371889751,0.6879707872467525
9,dtm_k10,2,3.46,100,7,131,10,10,21,2.1,0.6165141891498165,0.6374542247500775
9,dtm_k10,2,3.46,100,8,131,10,10,22,2.2,0.5832410698677234,0.5696940186608181
9,random,0,3.62,100,0,131,10,10,17,1.7,0.45918070042538306,0.7427651154340931
9,random,0,3.62,100,1,131,10,10,23,2.3,0.8053143756191364,0.6930841052529342
9,random,0,3.62,100,2,131,10,10,18,1.8,0.48837480333313915,0.7538431566320523
9,random,0,3.62,100,3,132,10,10,23,2.3,0.3569788797061525,0.48388646126872914
9,random,0,3.62,100,4,132,10,10,21,2.1,0.6415289256198348,0.6624446062550654
9,random,0,3.62,100,5,132,10,10,22,2.2,0.38383838383838387,0.4919651439659276
9,random,0,3.62,100,6,131,10,10,18,1.8,0.24713012062234138,0.5783654335889807
9,random,0,3.62,100,7,131,10,10,20,2.0,0.4882582600081581,0.6521183863774579
9,random,0,3.62,100,8,131,10,10,19,1.9,0.373987529864227,0.5834462280055214
9,random,1,3.72,100,0,131,10,10,20,2.0,0.8495425674494493,0.7542141548513366
9,random,1,3.72,100,1,131,10,10,21,2.1,0.4109317638832238,0.542898554614631
9,random,1,3.72,100,2,131,10,10,20,2.0,0.6187867839869473,0.7202944780789292
9,random,1,3.72,100,3,132,10,10,24,2.4,0.5206611570247934,0.45895929898293736
9,random,1,3.72,100,4,132,10,10,22,2.2,0.44696969696969696,0.5503904216318825
9,random,1,3.72,100,5,132,10,10,22,2.2,0.4595959595959596,0.5266653960169185
9,random,1,3.72,100,6,131,10,10,19,1.9,0.3828448225627877,0.5817501451732545
9,random,1,3.72,100,7,131,10,10,20,2.0,0.2505098770467921,0.519119592194629
9,random,1,3.72,100,8,131,10,10,18,1.8,0.33523687430802396,0.648510127506642
9,random,2,3.78,100,0,131,10,10,20,2.0,0.5535225219975526,0.6873058343259626
9,random,2,3.78,100,1,131,10,10,21,2.1,0.339956878969757,0.5044567009293298
9,random,2,3.78,100,2,131,10,10,22,2.2,0.38581667734980485,0.5047824305654804
9,random,2,3.78,100,3,132,10,10,22,2.2,0.5833333333333334,0.5858416954233552
9,random,2,3.78,100,4,132,10,10,21,2.1,0.37155647382920104,0.5168237356161252
9,random,2,3.78,100,5,132,10,10,20,2.0,0.450872359963269,0.5984451304115638
9,random,2,3.78,100,6,131,10,10,24,2.4,0.4642503350620593,0.48080120939562454
9,random,2,3.78,100,7,131,10,10,20,2.0,0.27148767554338327,0.5377978350743207
9,random,2,3.78,100,8,131,10,10,19,1.9,0.36734456034030655,0.5685701073484299
9,ecc_p1,0,3.1,100,0,131,10,10,18,1.8,0.4632014451372297,0.7325605288426605
9,ecc_p1,0,3.1,100,1,131,10,10,16,1.6,0.34724083678107337,0.7567127975463419
9,ecc_p1,0,3.1,100,2,131,10,10,18,1.8,0.3394324340073422,0.6135775130464016
9,ecc_p1,0,3.1,100,3,132,10,10,18,1.8,0.3202479338842976,0.6107403054095469
9,ecc_p1,0,3.1,100,4,132,10,10,18,1.8,0.4710743801652893,0.7181833503980826
9,ecc_p1,0,3.1,100,5,132,10,10,18,1.8,0.3842975206611571,0.6982980031289936
9,ecc_p1,0,3.1,100,6,131,10,10,15,1.5,0.1878678398694715,0.6955302212626091
9,ecc_p1,0,3.1,100,7,131,10,10,16,1.6,0.3546996095798613,0.7727595554794161
9,ecc_p1,0,3.1,100,8,131,10,10,18,1.8,0.38768137054950186,0.6699803767377215
9,ecc_p1,1,3.02,100,0,131,10,10,13,1.3,0.2340189965619719,0.91170697195473
9,ecc_p1,1,3.02,100,1,131,10,10,17,1.7,0.45719946390070504,0.7579028888806736
9,ecc_p1,1,3.02,100,2,131,10,10,20,2.0,0.2831420080414894,0.5142859526838264
9,ecc_p1,1,3.02,100,3,132,10,10,15,1.5,0.4979338842975207,0.8882883650225245
9,ecc_p1,1,3.02,100,4,132,10,10,18,1.8,0.347107438016529,0.6343312757914208
9,ecc_p1,1,3.02,100,5,132,10,10,16,1.6,0.2764003673094582,0.7295184676339651
9,ecc_p1,1,3.02,100,6,131,10,10,15,1.5,0.1476603927510052,0.6605597368253205
9,ecc_p1,1,3.02,100,7,131,10,10,18,1.8,0.29328127731484177,0.630833943985451
9,ecc_p1,1,3.02,100,8,131,10,10,19,1.9,0.3917021152613483,0.6262977275869832
9,ecc_p1,2,2.92,100,0,131,10,10,16,1.6,0.27638249519258784,0.7173058441071349
9,ecc_p1,2,2.92,100,1,131,10,10,16,1.6,0.4386108035662257,0.7964812280984397
9,ecc_p1,2,2.92,100,2,131,10,10,17,1.7,0.2650195210069343,0.6206724514052611
9,ecc_p1,2,2.92,100,3,132,10,10,18,1.8,0.3367768595041322,0.6279552579353237
9,ecc_p1,2,2.92,100,4,132,10,10,17,1.7,0.3717860422405877,0.7120569106577405
9,ecc_p1,2,2.92,100,5,132,10,10,16,1.6,0.3314967860422406,0.7710194333966177
9,ecc_p1,2,2.92,100,6,131,10,10,15,1.5,0.21583823786492634,0.7195850087880201
9,ecc_p1,2,2.92,100,7,131,10,10,13,1.3,0.22341355398869528,0.8978380535720429
9,ecc_p1,2,2.92,100,8,131,10,10,18,1.8,0.2576190198706369,0.5958902739243538
9,gauss_0.1,0,3.06,100,0,131,10,10,18,1.8,0.2806945982168872,0.623730125653689
9,gauss_0.1,0,3.06,100,1,131,10,10,18,1.8,0.5030592622807529,0.7404379021759202
9,gauss_0.1,0,3.06,100,2,131,10,10,20,2.0,0.516228658003613,0.39901820987875614
9,gauss_0.1,0,3.06,100,3,132,10,10,19,1.9,0.6836547291092746,0.6752462496174693
9,gauss_0.1,0,3.06,100,4,132,10,10,16,1.6,0.5867768595041323,0.7878087433129328
9,gauss_0.1,0,3.06,100,5,132,10,10,16,1.6,0.4288337924701561,0.7340532771376297
9,gauss_0.1,0,3.06,100,6,131,10,10,17,1.7,0.45521822737602696,0.7222247791156999
9,gauss_0.1,0,3.06,100,7,131,10,10,17,1.7,0.5820173649554221,0.7005779917929609
9,gauss_0.1,0,3.06,100,8,131,10,10,12,1.2,0.45935551541285485,0.8519689420724234
9,gauss_0.1,1,3.06,100,0,131,10,10,19,1.9,0.3319153895460638,0.6162858816637375
9,gauss_0.1,1,3.06,100,1,131,10,10,19,1.9,0.4669891031991143,0.675147231382754
9,gauss_0.1,1,3.06,100,2,131,10,10,20,2.0,0.6304411164850533,0.45210526469993645
9,gauss_0.1,1,3.06,100,3,132,10,10,16,1.6,0.3957759412304867,0.6413086524355223
9,gauss_0.1,1,3.06,100,4,132,10,10,16,1.6,0.566574839302112,0.7826943791110412
9,gauss_0.1,1,3.06,100,5,132,10,10,16,1.6,0.4214876033057851,0.7161410857833047
9,gauss_0.1,1,3.06,100,6,131,10,10,16,1.6,0.3882640871744071,0.731304038970436
9,gauss_0.1,1,3.06,100,7,131,10,10,16,1.6,0.5896509527416817,0.7427875591534261
9,gauss_0.1,1,3.06,100,8,131,10,10,15,1.5,0.60043121030243,0.7079855993289784
9,gauss_0.1,2,3.1,100,0,131,10,10,19,1.9,0.33412971272070385,0.6007290665848519
9,gauss_0.1,2,3.1,100,1,131,10,10,17,1.7,0.4849367752461977,0.7734401369583925
9,gauss_0.1,2,3.1,100,2,131,10,10,20,2.0,0.5908163859914924,0.41760994924702316
9,gauss_0.1,2,3.1,100,3,132,10,10,20,2.0,0.5817263544536272,0.5410323459636404
9,gauss_0.1,2,3.1,100,4,132,10,10,19,1.9,0.709825528007346,0.7417518954365319
9,gauss_0.1,2,3.1,100,5,132,10,10,17,1.7,0.7640036730945823,0.756980530998435
9,gauss_0.1,2,3.1,100,6,131,10,10,16,1.6,0.44047549676592274,0.7577065292641905
9,gauss_0.1,2,3.1,100,7,131,10,10,14,1.4,0.4921041897325329,0.7821348142188232
9,gauss_0.1,2,3.1,100,8,131,10,10,13,1.3,0.5037002505681487,0.8208601097014048
9,dm_eig0,0,2.8,100,0,131,10,10,16,1.6,1.0875240370607773,0.711122049480133
9,dm_eig0,0,2.8,100,1,131,10,10,17,1.7,0.8514655323116366,0.6324484069701317
9,dm_eig0,0,2.8,100,2,131,10,10,14,1.4,0.8559524503234076,0.8314542985696873
9,dm_eig0,0,2.8,100,3,132,10,10,13,1.3,1.0293847566574839,0.7892569067559175
9,dm_eig0,0,2.8,100,4,132,10,10,13,1.3,1.0323691460055096,0.8920020378459607
9,dm_eig0,0,2.8,100,5,132,10,10,15,1.5,0.5203168044077133,0.552672621050777
9,dm_eig0,0,2.8,100,6,131,10,10,16,1.6,0.42742264436804384,0.5419444188119771
9,dm_eig0,0,2.8,100,7,131,10,10,18,1.8,0.7694773031874599,0.5829029380348151
9,dm_eig0,0,2.8,100,8,131,10,10,18,1.8,1.0149175455975759,0.6627754729245955
9,dm_eig0,1,2.6,100,0,131,10,10,15,1.5,0.44484587145271265,0.5147355987726652
9,dm_eig0,1,2.6,100,1,131,10,10,13,1.3,0.5415768311869938,0.6902416241609696
9,dm_eig0,1,2.6,100,2,131,10,10,17,1.7,0.8831653167064856,0.6834123483323815
9,dm_eig0,1,2.6,100,3,132,10,10,14,1.4,0.9123048668503211,0.7259384919968104
9,dm_eig0,1,2.6,100,4,132,10,10,13,1.3,0.9592516069788798,0.860375378132278
9,dm_eig0,1,2.6,100,5,132,10,10,12,1.2,0.5909090909090909,0.7170701903737512
9,dm_eig0,1,2.6,100,6,131,10,10,13,1.3,0.3355282326204767,0.6620712368913424
9,dm_eig0,1,2.6,100,7,131,10,10,16,1.6,0.7891731251092594,0.677427654214154
9,dm_eig0,1,2.6,100,8,131,10,10,17,1.7,0.906940155002622,0.6482174346463089
9,dm_eig0,2,2.58,100,0,131,10,10,13,1.3,0.24916962880950994,0.4632528797081371
9,dm_eig0,2,2.58,100,1,131,10,10,14,1.4,0.8951110075170443,0.8522995682734505
9,dm_eig0,2,2.58,100,2,131,10,10,15,1.5,0.7228017015325451,0.6961879686748332
9,dm_eig0,2,2.58,100,3,132,10,10,15,1.5,1.086776859504132,0.6548478137420405
9,dm_eig0,2,2.58,100,4,132,10,10,12,1.2,0.790633608815427,0.8721415910802615
9,dm_eig0,2,2.58,100,5,132,10,10,12,1.2,0.6143250688705234,0.7103471143290248
9,dm_eig0,2,2.58,100,6,131,10,10,14,1.4,0.4431559932404871,0.650868937993068
9,dm_eig0,2,2.58,100,7,131,10,10,18,1.8,0.8135306800303012,0.6082259959147783
9,dm_eig0,2,2.58,100,8,131,10,10,16,1.6,0.7388264087174408,0.6326222346110231
10,xcoord,0,2.72,100,0,131,10,10,17,1.7,0.6949478468620709,0.5414086113414037
10,xcoord,0,2.72,100,1,131,10,10,17,1.7,0.7107977390594953,0.6370170470742508
10,xcoord,0,2.72,100,2,131,10,10,16,1.6,1.0185303886719888,0.8108671705082425
10,xcoord,0,2.72,100,3,132,10,10,13,1.3,0.7130394857667587,0.8168378859583869
10,xcoord,0,2.72,100,4,132,10,10,12,1.2,0.5523415977961432,0.8127036917006067
10,xcoord,0,2.72,100,5,132,10,10,19,1.9,0.5637052341597796,0.5752716975888147
10,xcoord,0,2.72,100,6,131,10,10,15,1.5,0.4745644193228834,0.6793742926218573
10,xcoord,0,2.72,100,7,131,10,10,15,1.5,0.5951867606782822,0.7100545590195092
10,xcoord,0,2.72,100,8,131,10,10,12,1.2,0.3418798438319446,0.6256946214253649
10,xcoord,1,2.64,100,0,131,10,10,15,1.5,0.623157158673737,0.6832132561320162
10,xcoord,1,2.64,100,1,131,10,10,17,1.7,0.9307149932987586,0.7121087502894654
10,xcoord,1,2.64,100,2,131,10,10,15,1.5,0.49554221781947444,0.7145693563442478
10,xcoord,1,2.64,100,3,132,10,10,17,1.7,1.0020661157024793,0.7387133716643008
10,xcoord,1,2.64,100,4,132,10,10,13,1.3,0.6443985307621671,0.7144923602548005
10,xcoord,1,2.64,100,5,132,10,10,15,1.5,0.5530303030303031,0.7389747817791191
10,xcoord,1,2.64,100,6,131,10,10,15,1.5,0.37317172658935965,0.6140959147776416
10,xcoord,1,2.64,100,7,131,10,10,14,1.4,0.696055008449391,0.8015869657632413
10,xcoord,1,2.64,100,8,131,10,10,11,1.1,0.4915797447701183,0.8357714246260501
10,xcoord,2,2.9,100,0,131,10,10,15,1.5,0.43960142182856493,0.5221897641563928
10,xcoord,2,2.9,100,1,131,10,10,17,1.7,0.4393683351786026,0.5334150418907894
10,xcoord,2,2.9,100,2,131,10,10,15,1.5,0.5427422644368045,0.6811120291473212
10,xcoord,2,2.9,100,3,132,10,10,14,1.4,0.7644628099173553,0.7718284037471856
10,xcoord,2,2.9,100,4,132,10,10,16,1.6,0.6253443526170799,0.5883783335753067
10,xcoord,2,2.9,100,5,132,10,10,19,1.9,0.5811524334251605,0.5858501185543554
10,xcoord,2,2.9,100,6,131,10,10,19,1.9,0.6618495425674493,0.6269160846477805
10,xcoord,2,2.9,100,7,131,10,10,16,1.6,0.3285939047841035,0.5406334556132127
10,xcoord,2,2.9,100,8,131,10,10,14,1.4,0.6568964512557542,0.715373935561634
10,knn_k1,0,3.48,100,0,131,10,10,16,1.6,0.33232329118349746,0.7301738440233214
10,knn_k1,0,3.48,100,1,131,10,10,17,1.7,0.28285064972903673,0.6037026745827782
10,knn_k1,0,3.48,100,2,131,10,10,19,1.9,0.4714177495483946,0.634424132648887
10,knn_k1,0,3.48,100,3,132,10,10,18,1.8,0.25826446280991744,0.5469358239102522
10,knn_k1,0,3.48,100,4,132,10,10,21,2.1,0.5451101928374656,0.5384840756287231
10,knn_k1,0,3.48,100,5,132,10,10,21,2.1,0.41735537190082644,0.568209253357281
10,knn_k1,0,3.48,100,6,131,10,10,20,2.0,0.6957053784744479,0.6976773540205539
10,knn_k1,0,3.48,100,7,131,10,10,19,1.9,0.4913466581201562,0.6530450235040995
10,knn_k1,0,3.48,100,8,131,10,10,23,2.3,0.6659285589417865,0.6117110689256954
10,knn_k1,1,3.62,100,0,131,10,10,18,1.8,0.33733465415768304,0.6531936168704165
10,knn_k1,1,3.62,100,1,131,10,10,19,1.9,0.41163102383311,0.6092490903312605
10,knn_k1,1,3.62,100,2,131,10,10,20,2.0,0.6537497814812658,0.6852219018780579
10,knn_k1,1,3.62,100,3,132,10,10,17,1.7,0.2839761248852158,0.6115730958336792
10,knn_k1,1,3.62,100,4,132,10,10,20,2.0,0.34527089072543626,0.4958145737334794
10,knn_k1,1,3.62,100,5,132,10,10,20,2.0,0.36593204775022964,0.5781666030424456
10,knn_k1,1,3.62,100,6,131,10,10,21,2.1,0.4084843540586214,0.5645764953086356
10,knn_k1,1,3.62,100,7,131,10,10,22,2.2,0.4319678340423053,0.5249126289841688
10,knn_k1,1,3.62,100,8,131,10,10,24,2.4,0.5705378474447876,0.5153187647230538
10,knn_k1,2,3.82,100,0,131,10,10,19,1.9,0.3540586212924655,0.5973761920160094
10,knn_k1,2,3.82,100,1,131,10,10,19,1.9,0.32305809684750303,0.5299043624685058
10,knn_k1,2,3.82,100,2,131,10,10,16,1.6,0.45352834916380164,0.7416949671757195
10,knn_k1,2,3.82,100,3,132,10,10,22,2.2,0.4116161616161616,0.48790744506525047
10,knn_k1,2,3.82,100,4,132,10,10,22,2.2,0.40909090909090906,0.49073034193202825
10,knn_k1,2,3.82,100,5,132,10,10,24,2.4,0.5206611570247934,0.5178784221547392
10,knn_k1,2,3.82,100,6,131,10,10,23,2.3,0.4675718198240195,0.513126760031499
10,knn_k1,2,3.82,100,7,131,10,10,22,2.2,0.44478759979022214,0.523400155143301
10,knn_k1,2,3.82,100,8,131,10,10,24,2.4,0.6796223996270614,0.5817968805264806
10,dtm_k10,0,3.46,100,0,131,10,10,20,2.0,0.6024707184895984,0.6550736666873708
10,dtm_k10,0,3.46,100,1,131,10,10,13,1.3,0.2521997552590176,0.9103672522359679
10,dtm_k10,0,3.46,100,2,131,10,10,19,1.9,0.5002039508187169,0.7064354798952769
10,dtm_k10,0,3.46,100,3,132,10,10,22,2.2,0.702020202020202,0.6188094038594711
10,dtm_k10,0,3.46,100,4,132,10,10,21,2.1,0.7186639118457302,0.6468760881008998
10,dtm_k10,0,3.46,100,5,132,10,10,21,2.1,0.5692148760330579,0.6552018129463975
10,dtm_k10,0,3.46,100,6,131,10,10,20,2.0,0.4160013985198998,0.601970827130306
10,dtm_k10,0,3.46,100,7,131,10,10,19,1.9,0.5976341705028844,0.720059033726214
10,dtm_k10,0,3.46,100,8,131,10,10,18,1.8,0.6729794301031409,0.7394973653272108
10,dtm_k10,1,3.34,100,0,131,10,10,13,1.3,0.16887127789755843,0.7943248513972897
10,dtm_k10,1,3.34,100,1,131,10,10,17,1.7,0.5285239787891148,0.8230171541562917
10,dtm_k10,1,3.34,100,2,131,10,10,20,2.0,0.4532952625138396,0.6121686238607577
10,dtm_k10,1,3.34,100,3,132,10,10,19,1.9,0.48737373737373735,0.6433586286166458
10,dtm_k10,1,3.34,100,4,132,10,10,20,2.0,0.6046831955922867,0.640492311235288
10,dtm_k10,1,3.34,100,5,132,10,10,19,1.9,0.3979568411386593,0.6365849360066556
10,dtm_k10,1,3.34,100,6,131,10,10,22,2.2,0.5499096789231397,0.5857259101319571
10,dtm_k10,1,3.34,100,7,131,10,10,18,1.8,0.4443214264902978,0.7103591481624357
10,dtm_k10,1,3.34,100,8,131,10,10,19,1.9,0.6552065730435289,0.6884232928259021
10,dtm_k10,2,3.48,100,0,131,10,10,17,1.7,0.3819124759629392,0.6871980086875885
10,dtm_k10,2,3.48,100,1,131,10,10,17,1.7,0.4354058621292465,0.7744559320332697
10,dtm_k10,2,3.48,100,2,131,10,10,22,2.2,0.40889225569605503,0.47823243268300314
10,dtm_k10,2,3.48,100,3,132,10,10,20,2.0,0.5794306703397614,0.6388237626256542
10,dtm_k10,2,3.48,100,4,132,10,10,19,1.9,0.4808310376492193,0.6143540977866027
10,dtm_k10,2,3.48,100,5,132,10,10,21,2.1,0.5668044077134988,0.6264167723939459
10,dtm_k10,2,3.48,100,6,131,10,10,22,2.2,0.6524678049064742,0.5999617601267379
10,dtm_k10,2,3.48,100,7,131,10,10,16,1.6,0.3901287803741041,0.7614483735138686
10,dtm_k10,2,3.48,100,8,131,10,10,20,2.0,0.8565351669483131,0.732201973965897
10,random,0,3.86,100,0,131,10,10,18,1.8,0.4632014451372297,0.7268480965828351
10,random,0,3.86,100,1,131,10,10,23,2.3,0.5587086999592098,0.5387774222273015
10,random,0,3.86,100,2,131,10,10,22,2.2,0.39350853679855496,0.5301001747889137
10,random,0,3.86,100,3,132,10,10,22,2.2,0.5959595959595959,0.6062219129764326
10,random,0,3.86,100,4,132,10,10,21,2.1,0.31611570247933884,0.5144727601422987
10,random,0,3.86,100,5,132,10,10,23,2.3,0.6209825528007346,0.5701114373977484
10,random,0,3.86,100,6,131,10,10,22,2.2,0.4165841151448051,0.5280256880649192
10,random,0,3.86,100,7,131,10,10,20,2.0,0.7003671114736904,0.7228129471143133
10,random,0,3.86,100,8,131,10,10,22,2.2,0.6422119923081405,0.6679038441289302
10,random,1,3.8,100,0,131,10,10,22,2.2,0.6627236175048076,0.6174877842010231
10,random,1,3.8,100,1,131,10,10,21,2.1,0.3937998951110076,0.521124655962554
10,random,1,3.8,100,2,131,10,10,21,2.1,0.3179301905483363,0.5017908657087652
10,random,1,3.8,100,3,132,10,10,21,2.1,0.496900826446281,0.6013415714749668
10,random,1,3.8,100,4,132,10,10,21,2.1,0.5161845730027548,0.6183095640722506
10,random,1,3.8,100,5,132,10,10,20,2.0,0.4600550964187328,0.6100501399621439
10,random,1,3.8,100,6,131,10,10,22,2.2,0.38325272420022144,0.46760670773219176
10,random,1,3.8,100,7,131,10,10,23,2.3,0.3844764291125226,0.4920839237376748
10,random,1,3.8,100,8,131,10,10,19,1.9,0.6131344327253657,0.7488434721695164
10,random,2,3.82,100,0,131,10,10,21,2.1,0.2959035021269157,0.46377781126911233
10,random,2,3.82,100,1,131,10,10,22,2.2,0.8678398694714762,0.6817872659383979
10,random,2,3.82,100,2,131,10,10,22,2.2,0.516578287978556,0.5835249391440339
10,random,2,3.82,100,3,132,10,10,21,2.1,0.5330578512396695,0.6402376158956087
10,random,2,3.82,100,4,132,10,10,21,2.1,0.49449035812672176,0.5953104249888594
10,random,2,3.82,100,5,132,10,10,23,2.3,0.5681818181818182,0.5567422758988623
10,random,2,3.82,100,6,131,10,10,19,1.9,0.3186294504982227,0.5874687959291046
10,random,2,3.82,100,7,131,10,10,20,2.0,0.4929199930074006,0.6259530000490605
10,random,2,3.82,100,8,131,10,10,22,2.2,0.48581085018355585,0.5019750904016427
10,ecc_p1,0,2.9,100,0,131,10,10,16,1.6,0.3770759279762252,0.7238501306778077
10,ecc_p1,0,2.9,100,1,131,10,10,13,1.3,0.2840160829788474,0.947428203248802
10,ecc_p1,0,2.9,100,2,131,10,10,15,1.5,0.3941495250859507,0.8355654703073424
10,ecc_p1,0,2.9,100,3,132,10,10,14,1.4,0.29683195592286493,0.886224883389446
10,ecc_p1,0,2.9,100,4,132,10,10,16,1.6,0.4214876033057851,0.8048231719878571
10,ecc_p1,0,2.9,100,5,132,10,10,19,1.9,0.3914141414141414,0.6000386268501712
10,ecc_p1,0,2.9,100,6,131,10,10,17,1.7,0.5522988170852515,0.8528399771243268
10,ecc_p1,0,2.9,100,7,131,10,10,18,1.8,0.48627702348348,0.7429528361222603
10,ecc_p1,0,2.9,100,8,131,10,10,17,1.7,0.3026630149758172,0.6445927476938472
10,ecc_p1,1,2.94,100,0,131,10,10,16,1.6,0.42182856476895286,0.7533017123157304
10,ecc_p1,1,2.94,100,1,131,10,10,15,1.5,0.32422353009731375,0.8197719821907067
10,ecc_p1,1,2.94,100,2,131,10,10,16,1.6,0.46844589476137755,0.8237305575660436
10,ecc_p1,1,2.94,100,3,132,10,10,17,1.7,0.4478879706152433,0.7981005261573164
10,ecc_p1,1,2.94,100,4,132,10,10,13,1.3,0.2877640036730946,0.9228930936576187
10,ecc_p1,1,2.94,100,5,132,10,10,17,1.7,0.35422405876951335,0.6695520052366121
10,ecc_p1,1,2.94,100,6,131,10,10,17,1.7,0.4037060777343977,0.7450600392589576
10,ecc_p1,1,2.94,100,7,131,10,10,18,1.8,0.4002680496474565,0.696642326235231
10,ecc_p1,1,2.94,100,8,131,10,10,18,1.8,0.4611036652875706,0.6999170232177688
10,ecc_p1,2,3.06,100,0,131,10,10,17,1.7,0.3204941436979196,0.6356379337751304
10,ecc_p1,2,3.06,100,1,131,10,10,18,1.8,0.4170502884447293,0.7012571408255945
10,ecc_p1,2,3.06,100,2,131,10,10,18,1.8,0.3352368743080239,0.6097150069367354
10,ecc_p1,2,3.06,100,3,132,10,10,16,1.6,0.4563820018365473,0.8698806329173627
10,ecc_p1,2,3.06,100,4,132,10,10,17,1.7,0.4830119375573921,0.7878005647601236
10,ecc_p1,2,3.06,100,5,132,10,10,18,1.8,0.3491735537190083,0.6306611278490011
10,ecc_p1,2,3.06,100,6,131,10,10,14,1.4,0.2310471417749548,0.8112072054087887
10,ecc_p1,2,3.06,100,7,131,10,10,16,1.6,0.3714818483771342,0.7831034315709529
10,ecc_p1,2,3.06,100,8,131,10,10,19,1.9,0.5068469203426375,0.6768813242008065
10,gauss_0.1,0,2.96,100,0,131,10,10,17,1.7,0.292756832352427,0.6487610633343212
10,gauss_0.1,0,2.96,100,1,131,10,10,15,1.5,0.5374978148126567,0.924097438668242
10,gauss_0.1,0,2.96,100,2,131,10,10,17,1.7,0.8494842957869587,0.7823756962766232
10,gauss_0.1,0,2.96,100,3,132,10,10,20,2.0,0.39807162534435264,0.5296354002289482
10,gauss_0.1,0,2.96,100,4,132,10,10,15,1.5,0.2448347107438016,0.6991015908046848
10,gauss_0.1,0,2.96,100,5,132,10,10,16,1.6,0.4563820018365473,0.6291754069806342
10,gauss_0.1,0,2.96,100,6,131,10,10,19,1.9,0.4204883165316706,0.5880559874103094
10,gauss_0.1,0,2.96,100,7,131,10,10,15,1.5,0.5112755666919179,0.6925119452994275
10,gauss_0.1,0,2.96,100,8,131,10,10,14,1.4,0.48231455043412375,0.784499614594039
10,gauss_0.1,1,2.94,100,0,131,10,10,18,1.8,0.3520191131052969,0.6365478351969628
10,gauss_0.1,1,2.94,100,1,131,10,10,15,1.5,0.47631256919759934,0.8657783408700788
10,gauss_0.1,1,2.94,100,2,131,10,10,17,1.7,0.9128838645766564,0.8142177365988998
10,gauss_0.1,1,2.94,100,3,132,10,10,20,2.0,0.4256198347107438,0.5397007477513325
10,gauss_0.1,1,2.94,100,4,132,10,10,18,1.8,0.44008264462809926,0.6835681758113831
10,gauss_0.1,1,2.94,100,5,132,10,10,14,1.4,0.5041322314049587,0.8754864601886382
10,gauss_0.1,1,2.94,100,6,131,10,10,15,1.5,0.4553347707010083,0.7901298398665919
10,gauss_0.1,1,2.94,100,7,131,10,10,17,1.7,0.6691917720412563,0.6338471863798751
10,gauss_0.1,1,2.94,100,8,131,10,10,13,1.3,0.44006759512848903,0.8142920723720498
10,gauss_0.1,2,3.04,100,0,131,10,10,19,1.9,0.2411281393858167,0.5299267261731758
10,gauss_0.1,2,3.04,100,1,131,10,10,17,1.7,0.5998484936775245,0.830593675678724
10,gauss_0.1,2,3.04,100,2,131,10,10,13,1.3,0.5067303770176564,0.8612674610288519
10,gauss_0.1,2,3.04,100,3,132,10,10,22,2.2,0.40404040404040403,0.4473087785771569
10,gauss_0.1,2,3.04,100,4,132,10,10,18,1.8,0.5206611570247934,0.6972931764512282
10,gauss_0.1,2,3.04,100,5,132,10,10,15,1.5,0.5134297520661157,0.817713002677725
10,gauss_0.1,2,3.04,100,6,131,10,10,19,1.9,0.42270263970631095,0.5974703478426501
10,gauss_0.1,2,3.04,100,7,131,10,10,16,1.6,0.6605092943301673,0.7717677242719533
10,gauss_0.1,2,3.04,100,8,131,10,10,13,1.3,0.33249810617096903,0.7337803525281046
10,dm_eig0,0,2.7,100,0,131,10,10,16,1.6,0.6325388963347124,0.5644620048764675
10,dm_eig0,0,2.7,100,1,131,10,10,11,1.1,0.4146611502826175,0.7940090362517344
10,dm_eig0,0,2.7,100,2,131,10,10,13,1.3,0.6036944234018997,0.7609852505360707
10,dm_eig0,0,2.7,100,3,132,10,10,16,1.6,0.610651974288338,0.6543990182374303
10,dm_eig0,0,2.7,100,4,132,10,10,16,1.6,1.036730945821855,0.6873781132093149
10,dm_eig0,0,2.7,100,5,132,10,10,19,1.9,0.9519054178145087,0.6723533708151836
10,dm_eig0,0,2.7,100,6,131,10,10,16,1.6,0.41436979197016494,0.5816020819091855
10,dm_eig0,0,2.7,100,7,131,10,10,14,1.4,0.6503700250568146,0.6857748193759823
10,dm_eig0,0,2.7,100,8,131,10,10,14,1.4,0.6944234018996559,0.6100933960699935
10,dm_eig0,1,2.5,100,0,131,10,10,15,1.5,0.9063574383777172,0.6892626599988693
10,dm_eig0,1,2.5,100,1,131,10,10,10,1.0,0.4084260823961308,0.8698541263592404
10,dm_eig0,1,2.5,100,2,131,10,10,14,1.4,0.6046850416642386,0.6909247373516441
10,dm_eig0,1,2.5,100,3,132,10,10,17,1.7,0.5044765840220387,0.5762120830182338
10,dm_eig0,1,2.5,100,4,132,10,10,11,1.1,0.5959595959595959,0.7791708762330719
10,dm_eig0,1,2.5,100,5,132,10,10,16,1.6,0.7557392102846648,0.7254870350714221
10,dm_eig0,1,2.5,100,6,131,10,10,14,1.4,0.39583940329817613,0.7103739845555341
10,dm_eig0,1,2.5,100,7,131,10,10,16,1.6,1.0185303886719888,0.7150073567796341
10,dm_eig0,1,2.5,100,8,131,10,10,12,1.2,0.7740224928617214,0.7936191553110885
10,dm_eig0,2,2.7,100,0,131,10,10,16,1.6,0.6642386807295612,0.5970078517942444
10,dm_eig0,2,2.7,100,1,131,10,10,10,1.0,0.2627469261698037,0.7101797496242543
10,dm_eig0,2,2.7,100,2,131,10,10,16,1.6,0.7779849659110775,0.6868148450681819
10,dm_eig0,2,2.7,100,3,132,10,10,19,1.9,0.4590220385674931,0.4833110312026808
10,dm_eig0,2,2.7,100,4,132,10,10,14,1.4,0.8319559228650136,0.7290441228527303
10,dm_eig0,2,2.7,100,5,132,10,10,16,1.6,0.7373737373737373,0.6778158857878721
10,dm_eig0,2,2.7,100,6,131,10,10,13,1.3,0.4930948079948721,0.8225127787422196
10,dm_eig0,2,2.7,100,7,131,10,10,16,1.6,0.7891731251092594,0.6545168813148593
10,dm_eig0,2,2.7,100,8,131,10,10,15,1.5,0.7979721461453296,0.5958630688114707
11,xcoord,0,2.66,100,0,131,10,10,13,1.3,0.43703746867898147,0.6191112046046328
11,xcoord,0,2.66,100,1,131,10,10,14,1.4,0.25878445312044746,0.6028505684390719
11,xcoord,0,2.66,100,2,131,10,10,15,1.5,0.6878387040382263,0.759879023615721
11,xcoord,0,2.66,100,3,132,10,10,16,1.6,0.5316804407713499,0.7234102631410916
11,xcoord,0,2.66,100,4,132,10,10,12,1.2,0.4628099173553719,0.8289088359777829
11,xcoord,0,2.66,100,5,132,10,10,15,1.5,0.6546143250688704,0.7895621856497507
11,xcoord,0,2.66,100,6,131,10,10,15,1.5,0.5147718664413496,0.8576920067105848
11,xcoord,0,2.66,100,7,131,10,10,18,1.8,0.9960375269506437,0.6944635904167438
11,xcoord,0,2.66,100,8,131,10,10,15,1.5,0.5899423110541345,0.5206552080549247
11,xcoord,1,2.74,100,0,131,10,10,13,1.3,0.7536856826525262,0.830381956717714
11,xcoord,1,2.74,100,1,131,10,10,12,1.2,0.2845405279412622,0.7961030434110923
11,xcoord,1,2.74,100,2,131,10,10,14,1.4,0.4872093700833284,0.7583833833598703
11,xcoord,1,2.74,100,3,132,10,10,16,1.6,0.5004591368227732,0.675821610790936
11,xcoord,1,2.74,100,4,132,10,10,14,1.4,0.5234159779614325,0.6733962319390747
11,xcoord,1,2.74,100,5,132,10,10,17,1.7,0.7269283746556472,0.7147972156336461
11,xcoord,1,2.74,100,6,131,10,10,19,1.9,0.5134898898665579,0.6354719376156178
11,xcoord,1,2.74,100,7,131,10,10,18,1.8,0.8324106986772334,0.6823005392011584
11,xcoord,1,2.74,100,8,131,10,10,14,1.4,0.42194510809393393,0.5134695003857075
11,xcoord,2,2.66,100,0,131,10,10,13,1.3,0.4188567099819358,0.616570772728418
11,xcoord,2,2.66,100,1,131,10,10,15,1.5,0.37491987646407554,0.6613432698670128
11,xcoord,2,2.66,100,2,131,10,10,14,1.4,0.3664704854029484,0.7056128698097469
11,xcoord,2,2.66,100,3,132,10,10,14,1.4,0.42699724517906334,0.7671971569113201
11,xcoord,2,2.66,100,4,132,10,10,15,1.5,0.4944903581267217,0.6586320910475855
11,xcoord,2,2.66,100,5,132,10,10,16,1.6,0.5078053259871441,0.7379231490933427
11,xcoord,2,2.66,100,6,131,10,10,13,1.3,0.302196841675893,0.8540551323432615
11,xcoord,2,2.66,100,7,131,10,10,18,1.8,0.6184371540120039,0.548114879929822
11,xcoord,2,2.66,100,8,131,10,10,15,1.5,0.483305168696463,0.5192755314451524
11,knn_k1,0,3.56,100,0,131,10,10,19,1.9,0.40498805430918944,0.604566788729755
11,knn_k1,0,3.56,100,1,131,10,10,17,1.7,0.5047491404929781,0.7406263074425035
11,knn_k1,0,3.56,100,2,131,10,10,21,2.1,0.555328943534759,0.553704894056932
11,knn_k1,0,3.56,100,3,132,10,10,21,2.1,0.5113636363636364,0.6117001666396308
11,knn_k1,0,3.56,100,4,132,10,10,23,2.3,0.4361799816345271,0.48433651225150975
11,knn_k1,0,3.56,100,5,132,10,10,18,1.8,0.38636363636363646,0.6215573958632534
11,knn_k1,0,3.56,100,6,131,10,10,17,1.7,0.5067303770176562,0.7498106827328365
11,knn_k1,0,3.56,100,7,131,10,10,25,2.5,0.493211351319853,0.4696211341807601
11,knn_k1,0,3.56,100,8,131,10,10,17,1.7,0.4472932812773149,0.784700787882249
11,knn_k1,1,3.34,100,0,131,10,10,21,2.1,0.5357496649379406,0.5669520409201164
11,knn_k1,1,3.34,100,1,131,10,10,13,1.3,0.29007633587786263,0.8410040723181188
11,knn_k1,1,3.34,100,2,131,10,10,17,1.7,0.49682419439426606,0.7400836547293372
11,knn_k1,1,3.34,100,3,132,10,10,20,2.0,0.4692378328741965,0.5767071028017717
11,knn_k1,1,3.34,100,4,132,10,10,17,1.7,0.39129935720844816,0.6408687901956747
11,knn_k1,1,3.34,100,5,132,10,10,22,2.2,0.4595959595959596,0.5469938941017043
11,knn_k1,1,3.34,100,6,131,10,10,16,1.6,0.401316939572286,0.7450346852952934
11,knn_k1,1,3.34,100,7,131,10,10,23,2.3,0.354990967892314,0.4630925831050775
11,knn_k1,1,3.34,100,8,131,10,10,18,1.8,0.40656138919643375,0.6971140770177261
11,knn_k1,2,3.32,100,0,131,10,10,19,1.9,0.4359885787541518,0.6267334124379206
11,knn_k1,2,3.32,100,1,131,10,10,17,1.7,0.3858749490122952,0.6498741453232459
11,knn_k1,2,3.32,100,2,131,10,10,15,1.5,0.4728162694481674,0.780284333884034
11,knn_k1,2,3.32,100,3,132,10,10,18,1.8,0.42355371900826455,0.689616789875486
11,knn_k1,2,3.32,100,4,132,10,10,20,2.0,0.33838383838383845,0.5207651445014709
11,knn_k1,2,3.32,100,5,132,10,10,20,2.0,0.33149678604224064,0.5057742420081327
11,knn_k1,2,3.32,100,6,131,10,10,16,1.6,0.45539304236349865,0.7872255943091593
11,knn_k1,2,3.32,100,7,131,10,10,19,1.9,0.4979896276440767,0.6925696343641392
11,knn_k1,2,3.32,100,8,131,10,10,22,2.2,0.4396596934910553,0.5632157981718221
11,dtm_k10,0,3.3,100,0,131,10,10,15,1.5,0.2770234834799837,0.6848195909274624
11,dtm_k10,0,3.3,100,1,131,10,10,15,1.5,0.28576423285356334,0.7727887435536756
11,dtm_k10,0,3.3,100,2,131,10,10,20,2.0,0.6304411164850534,0.6998344540712864
11,dtm_k10,0,3.3,100,3,132,10,10,17,1.7,0.38154269972451793,0.637099235867646
11,dtm_k10,0,3.3,100,4,132,10,10,19,1.9,0.5288108356290174,0.7317616873935154
11,dtm_k10,0,3.3,100,5,132,10,10,20,2.0,0.4256198347107438,0.5741989669786015
11,dtm_k10,0,3.3,100,6,131,10,10,20,2.0,0.516228658003613,0.6011346336512563
11,dtm_k10,0,3.3,100,7,131,10,10,19,1.9,0.5887768778043239,0.6738931631044227
11,dtm_k10,0,3.3,100,8,131,10,10,20,2.0,0.6537497814812656,0.6810115308452479
11,dtm_k10,1,3.32,100,0,131,10,10,15,1.5,0.29450498222714294,0.672199845915737
11,dtm_k10,1,3.32,100,1,131,10,10,15,1.5,0.29800128197657483,0.7722987274945837
11,dtm_k10,1,3.32,100,2,131,10,10,17,1.7,0.498805430918944,0.7787639377291361
11,dtm_k10,1,3.32,100,3,132,10,10,20,2.0,0.5105601469237834,0.5912084024470425
11,dtm_k10,1,3.32,100,4,132,10,10,21,2.1,0.5137741046831957,0.6076947230183062
11,dtm_k10,1,3.32,100,5,132,10,10,21,2.1,0.5306473829201103,0.5767378381528615
11,dtm_k10,1,3.32,100,6,131,10,10,19,1.9,0.6928500670124118,0.7385461731729499
11,dtm_k10,1,3.32,100,7,131,10,10,21,2.1,0.6336460579220327,0.6324569784778992
11,dtm_k10,1,3.32,100,8,131,10,10,17,1.7,0.4354058621292465,0.6569562943331123
11,dtm_k10,2,3.2,100,0,131,10,10,15,1.5,0.27702348347998373,0.6848195909274624
11,dtm_k10,2,3.2,100,1,131,10,10,17,1.7,0.4037060777343977,0.7163866818468098
11,dtm_k10,2,3.2,100,2,131,10,10,18,1.8,0.526134840627003,0.7553610153645951
11,dtm_k10,2,3.2,100,3,132,10,10,17,1.7,0.34446740128558306,0.6039108021078591
11,dtm_k10,2,3.2,100,4,132,10,10,20,2.0,0.5036730945821857,0.607194977482368
11,dtm_k10,2,3.2,100,5,132,10,10,16,1.6,0.4361799816345271,0.7637600030055979
11,dtm_k10,2,3.2,100,6,131,10,10,17,1.7,0.7405162869296661,0.8123709517267645
11,dtm_k10,2,3.2,100,7,131,10,10,22,2.2,0.7370782588427249,0.6493949850336275
11,dtm_k10,2,3.2,100,8,131,10,10,18,1.8,0.42334362799370656,0.648378831047904
11,random,0,3.76,100,0,131,10,10,23,2.3,0.4488083445020685,0.51273059853087
11,random,0,3.76,100,1,131,10,10,20,2.0,0.6351028494842957,0.7218447640329706
11,random,0,3.76,100,2,131,10,10,18,1.8,0.5827748965677991,0.7688032847388123
11,random,0,3.76,100,3,132,10,10,21,2.1,0.6150137741046833,0.6494576544425787
11,random,0,3.76,100,4,132,10,10,23,2.3,0.26193755739210284,0.3964477311539137
11,random,0,3.76,100,5,132,10,10,24,2.4,0.5647382920110192,0.5086893635606926
11,random,0,3.76,100,6,131,10,10,20,2.0,0.5092360585047492,0.6611662766684044
11,random,0,3.76,100,7,131,10,10,20,2.0,0.3600606025289902,0.5725488564157062
11,random,0,3.76,100,8,131,10,10,19,1.9,0.4891323349455159,0.620393055059216
11,random,1,3.76,100,0,131,10,10,19,1.9,0.3939164384359887,0.6653670115482005
11,random,1,3.76,100,1,131,10,10,23,2.3,0.6954140201619952,0.6183286561517406
11,random,1,3.76,100,2,131,10,10,19,1.9,0.22119923081405518,0.5275284717501977
11,random,1,3.76,100,3,132,10,10,18,1.8,0.6239669421487605,0.8164752031381339
11,random,1,3.76,100,4,132,10,10,24,2.4,0.8980716253443527,0.6578986032711985
11,random,1,3.76,100,5,132,10,10,26,2.6,0.450413223140496,0.443655465115166
11,random,1,3.76,100,6,131,10,10,18,1.8,0.6268282734106403,0.8226363275177726
11,random,1,3.76,100,7,131,10,10,22,2.2,0.6781073364023077,0.638509692265689
11,random,1,3.76,100,8,131,10,10,19,1.9,0.4315599324048715,0.6754873189385551
11,random,2,3.88,100,0,131,10,10,24,2.4,0.6908105588252433,0.5372748412672694
11,random,2,3.88,100,1,131,10,10,18,1.8,0.33104131460870573,0.616114738565503
11,random,2,3.88,100,2,131,10,10,24,2.4,0.5341763300506964,0.5038266302225693
11,random,2,3.88,100,3,132,10,10,24,2.4,0.3526170798898071,0.440817968532316
11,random,2,3.88,100,4,132,10,10,23,2.3,0.3622589531680441,0.4654602322310675
11,random,2,3.88,100,5,132,10,10,22,2.2,0.3383838383838384,0.5002834501089125
11,random,2,3.88,100,6,131,10,10,17,1.7,0.6018297302022027,0.8481017318539441
11,random,2,3.88,100,7,131,10,10,24,2.4,0.6096964046384244,0.5535547194408358
11,random,2,3.88,100,8,131,10,10,18,1.8,0.5345259600256395,0.7905016453061013
11,ecc_p1,0,2.92,100,0,131,10,10,15,1.5,0.4500903210768603,0.7589467106893698
11,ecc_p1,0,2.92,100,1,131,10,10,17,1.7,0.4413495717032806,0.6783613025331325
11,ecc_p1,0,2.92,100,2,131,10,10,16,1.6,0.23349455159955715,0.6936641003238947
11,ecc_p1,0,2.92,100,3,132,10,10,16,1.6,0.5133149678604224,0.8101873608942878
11,ecc_p1,0,2.92,100,4,132,10,10,18,1.8,0.5309917355371903,0.744175753885119
11,ecc_p1,0,2.92,100,5,132,10,10,15,1.5,0.22933884297520654,0.7182682619003784
11,ecc_p1,0,2.92,100,6,131,10,10,16,1.6,0.34724083678107337,0.7338772737134438
11,ecc_p1,0,2.92,100,7,131,10,10,15,1.5,0.5025348173183382,0.889274751760328
11,ecc_p1,0,2.92,100,8,131,10,10,18,1.8,0.19888118408018177,0.5385426978320123
11,ecc_p1,1,2.94,100,0,131,10,10,13,1.3,0.22947380688771055,0.7492807098143088
11,ecc_p1,1,2.94,100,1,131,10,10,15,1.5,0.4745644193228834,0.8661997887872224
11,ecc_p1,1,2.94,100,2,131,10,10,18,1.8,0.4820814637841617,0.7147919034161953
11,ecc_p1,1,2.94,100,3,132,10,10,13,1.3,0.23553719008264462,0.867710203675999
11,ecc_p1,1,2.94,100,4,132,10,10,16,1.6,0.4325068870523416,0.795283029551032
11,ecc_p1,1,2.94,100,5,132,10,10,16,1.6,0.2745638200183655,0.7169053804771521
11,ecc_p1,1,2.94,100,6,131,10,10,16,1.6,0.39199347357380104,0.7427559116337101
11,ecc_p1,1,2.94,100,7,131,10,10,20,2.0,0.7166831769710391,0.7442192114952663
11,ecc_p1,1,2.94,100,8,131,10,10,20,2.0,0.0826874890740633,0.42787820594366527
11,ecc_p1,2,2.84,100,0,131,10,10,16,1.6,0.40504632597168,0.6321717769345023
11,ecc_p1,2,2.84,100,1,131,10,10,12,1.2,0.3712487617271721,0.9000274813237441
11,ecc_p1,2,2.84,100,2,131,10,10,16,1.6,0.33418798438319447,0.7651272919052632
11,ecc_p1,2,2.84,100,3,132,10,10,16,1.6,0.4637281910009183,0.8098857654556035
11,ecc_p1,2,2.84,100,4,132,10,10,15,1.5,0.37052341597796135,0.7985678700351607
11,ecc_p1,2,2.84,100,5,132,10,10,18,1.8,0.3367768595041323,0.6570613269967691
11,ecc_p1,2,2.84,100,6,131,10,10,16,1.6,0.4125050987704679,0.7710952752830925
11,ecc_p1,2,2.84,100,7,131,10,10,14,1.4,0.3583124526542742,0.8590418277398119
11,ecc_p1,2,2.84,100,8,131,10,10,19,1.9,0.3452013285939048,0.5910032148285403
11,gauss_0.1,0,3.0,100,0,131,10,10,17,1.7,0.3224753802225977,0.6584383212381156
11,gauss_0.1,0,3.0,100,1,131,10,10,15,1.5,0.6406386574208963,0.8175604739356802
11,gauss_0.1,0,3.0,100,2,131,10,10,17,1.7,0.7464599965037002,0.761886637097338
11,gauss_0.1,0,3.0,100,3,132,10,10,19,1.9,0.65530303030303,0.6383953734374156
11,gauss_0.1,0,3.0,100,4,132,10,10,16,1.6,0.660238751147842,0.717228794343917
11,gauss_0.1,0,3.0,100,5,132,10,10,17,1.7,0.570821854912764,0.6461816520254742
11,gauss_0.1,0,3.0,100,6,131,10,10,17,1.7,0.7345725773556319,0.7638285940685451
11,gauss_0.1,0,3.0,100,7,131,10,10,17,1.7,0.5126740865916904,0.6960516053838437
11,gauss_0.1,0,3.0,100,8,131,10,10,15,1.5,0.4553347707010083,0.7204634026875653
11,gauss_0.1,1,3.16,100,0,131,10,10,18,1.8,0.34153021385700133,0.6212502240920647
11,gauss_0.1,1,3.16,100,1,131,10,10,17,1.7,0.9267525202494026,0.8543250098628514
11,gauss_0.1,1,3.16,100,2,131,10,10,18,1.8,0.6499038517568907,0.6719891245685227
11,gauss_0.1,1,3.16,100,3,132,10,10,20,2.0,0.6184573002754821,0.5925796339295496
11,gauss_0.1,1,3.16,100,4,132,10,10,18,1.8,0.46694214876033063,0.5531317175694205
11,gauss_0.1,1,3.16,100,5,132,10,10,19,1.9,0.6596648301193756,0.698449842374586
11,gauss_0.1,1,3.16,100,6,131,10,10,17,1.7,0.8871277897558415,0.8206134250544642
11,gauss_0.1,1,3.16,100,7,131,10,10,16,1.6,0.5076044519550142,0.7925058811400508
11,gauss_0.1,1,3.16,100,8,131,10,10,15,1.5,0.5951867606782825,0.8779679605109555
11,gauss_0.1,2,3.1,100,0,131,10,10,19,1.9,0.2699143406561389,0.5416134576024884
11,gauss_0.1,2,3.1,100,1,131,10,10,19,1.9,0.900996445428588,0.7418131865343265
11,gauss_0.1,2,3.1,100,2,131,10,10,18,1.8,0.7443039449915506,0.7119310935115989
11,gauss_0.1,2,3.1,100,3,132,10,10,19,1.9,0.6509412304866851,0.6319126686495661
11,gauss_0.1,2,3.1,100,4,132,10,10,18,1.8,0.46900826446280997,0.5702277724228617
11,gauss_0.1,2,3.1,100,5,132,10,10,15,1.5,0.540977961432507,0.7582513912504008
11,gauss_0.1,2,3.1,100,6,131,10,10,15,1.5,0.8591573917603871,0.9046724694334184
11,gauss_0.1,2,3.1,100,7,131,10,10,16,1.6,0.397587553172892,0.6934308920699629
11,gauss_0.1,2,3.1,100,8,131,10,10,16,1.6,0.3099469727871336,0.5921967507917577
11,dm_eig0,0,2.62,100,0,131,10,10,12,1.2,0.6062001048889926,0.7600097596229954
11,dm_eig0,0,2.62,100,1,131,10,10,14,1.4,0.43662956704154765,0.6073758867943657
11,dm_eig0,0,2.62,100,2,131,10,10,15,1.5,0.5479867140609522,0.7212496372956766
11,dm_eig0,0,2.62,100,3,132,10,10,14,1.4,0.4800275482093663,0.7015089416127831
11,dm_eig0,0,2.62,100,4,132,10,10,16,1.6,0.3608815426997245,0.4875373147037436
11,dm_eig0,0,2.62,100,5,132,10,10,16,1.6,0.5720844811753902,0.6630713518548441
11,dm_eig0,0,2.62,100,6,131,10,10,15,1.5,0.35394207796748445,0.5923447330016044
11,dm_eig0,0,2.62,100,7,131,10,10,17,1.7,0.7563661791270904,0.7160198562676375
11,dm_eig0,0,2.62,100,8,131,10,10,12,1.2,0.5530563486976284,0.7004205093741946
11,dm_eig0,1,2.62,100,0,131,10,10,11,1.1,0.6274692616980364,0.8298315713289349
11,dm_eig0,1,2.62,100,1,131,10,10,12,1.2,0.614591224287629,0.827212514497374
11,dm_eig0,1,2.62,100,2,131,10,10,16,1.6,0.4460695763650137,0.6108693716815629
11,dm_eig0,1,2.62,100,3,132,10,10,16,1.6,0.6510560146923783,0.7408587597022571
11,dm_eig0,1,2.62,100,4,132,10,10,17,1.7,0.49862258953168037,0.5292241025066308
11,dm_eig0,1,2.62,100,5,132,10,10,15,1.5,0.5616391184573004,0.6952025975106607
11,dm_eig0,1,2.62,100,6,131,10,10,12,1.2,0.26775828914398925,0.7802620424396747
11,dm_eig0,1,2.62,100,7,131,10,10,16,1.6,0.4572577355631956,0.6283951112526495
11,dm_eig0,1,2.62,100,8,131,10,10,16,1.6,0.5374395431501661,0.5014811391792151
11,dm_eig0,2,2.64,100,0,131,10,10,13,1.3,0.662781889167298,0.6912060515550925
11,dm_eig0,2,2.64,100,1,131,10,10,15,1.5,0.6004312103024299,0.6510334943808732
11,dm_eig0,2,2.64,100,2,131,10,10,13,1.3,0.25826000815803274,0.6650046573097015
11,dm_eig0,2,2.64,100,3,132,10,10,16,1.6,0.581267217630854,0.6848743953114438
11,dm_eig0,2,2.64,100,4,132,10,10,16,1.6,0.5977961432506887,0.574313577043905
11,dm_eig0,2,2.64,100,5,132,10,10,13,1.3,0.5369605142332415,0.7778536242201477
11,dm_eig0,2,2.64,100,6,131,10,10,17,1.7,0.6513606433191538,0.6682317656430512
11,dm_eig0,2,2.64,100,7,131,10,10,15,1.5,0.47631256919759923,0.6637572692466777
11,dm_eig0,2,2.64,100,8,131,10,10,14,1.4,0.6764757298525725,0.7314773700971098
12,xcoord,0,2.88,100,0,131,10,10,15,1.5,0.6353942077967484,0.6186345105740686
12,xcoord,0,2.88,100,1,131,10,10,14,1.4,0.611211467863178,0.7674525644926901
12,xcoord,0,2.88,100,2,131,10,10,17,1.7,0.6394732241710854,0.677283445442963
12,xcoord,0,2.88,100,3,132,10,10,19,1.9,0.8428604224058768,0.7227705487796732
12,xcoord,0,2.88,100,4,132,10,10,14,1.4,0.5073461891643709,0.8374784410281975
12,xcoord,0,2.88,100,5,132,10,10,14,1.4,0.24058769513314962,0.6961043116550676
12,xcoord,0,2.88,100,6,131,10,10,18,1.8,0.4652992249868888,0.5345156821074144
12,xcoord,0,2.88,100,7,131,10,10,19,1.9,0.7659227317755375,0.5393341000870866
12,xcoord,0,2.88,100,8,131,10,10,14,1.4,0.6503700250568147,0.6626312941973703
12,xcoord,1,2.88,100,0,131,10,10,12,1.2,0.6761260998776294,0.8339357164053939
12,xcoord,1,2.88,100,1,131,10,10,18,1.8,0.6100460346133675,0.5983381980458492
12,xcoord,1,2.88,100,2,131,10,10,17,1.7,0.5740924188567099,0.7035328547221794
12,xcoord,1,2.88,100,3,132,10,10,19,1.9,0.7338154269972451,0.6786469467175653
12,xcoord,1,2.88,100,4,132,10,10,13,1.3,0.31611570247933884,0.7972122100689405
12,xcoord,1,2.88,100,5,132,10,10,16,1.6,0.24701561065197428,0.6197913067514339
12,xcoord,1,2.88,100,6,131,10,10,16,1.6,0.3360526775828914,0.5595482419755129
12,xcoord,1,2.88,100,7,131,10,10,16,1.6,0.5989744187401667,0.603028091236167
12,xcoord,1,2.88,100,8,131,10,10,17,1.7,0.6473981702697977,0.5405303821759856
12,xcoord,2,2.78,100,0,131,10,10,14,1.4,0.45947205873783575,0.5905935560157876
12,xcoord,2,2.78,100,1,131,10,10,16,1.6,0.996154070275625,0.796002506419297
12,xcoord,2,2.78,100,2,131,10,10,17,1.7,0.4789930656721636,0.6217026217520143
12,xcoord,2,2.78,100,3,132,10,10,15,1.5,0.5564738292011019,0.767514312035517
12,xcoord,2,2.78,100,4,132,10,10,13,1.3,0.3265610651974289,0.7946629639341446
12,xcoord,2,2.78,100,5,132,10,10,15,1.5,0.38601928374655636,0.6833039511334531
12,xcoord,2,2.78,100,6,131,10,10,14,1.4,0.28652176446594013,0.5414260123455381
12,xcoord,2,2.78,100,7,131,10,10,18,1.8,0.6415127323582541,0.5284109934708332
12,xcoord,2,2.78,100,8,131,10,10,17,1.7,1.138744828389954,0.7060558851990224
12,knn_k1,0,3.32,100,0,131,10,10,21,2.1,0.6214090087990212,0.6285007258146653
12,knn_k1,0,3.32,100,1,131,10,10,13,1.3,0.25826000815803274,0.8205445258711282
12,knn_k1,0,3.32,100,2,131,10,10,13,1.3,0.20220266884214208,0.8662181610221152
12,knn_k1,0,3.32,100,3,132,10,10,18,1.8,0.7066115702479341,0.746812191222205
12,knn_k1,0,3.32,100,4,132,10,10,25,2.5,0.7619375573921027,0.5728775891538561
12,knn_k1,0,3.32,100,5,132,10,10,18,1.8,0.4917355371900827,0.6889898430800874
12,knn_k1,0,3.32,100,6,131,10,10,20,2.0,0.7376609754676302,0.7256947405322949
12,knn_k1,0,3.32,100,7,131,10,10,17,1.7,0.659285589417866,0.8280794523578469
12,knn_k1,0,3.32,100,8,131,10,10,21,2.1,0.37177320668958685,0.5380989720810747
12,knn_k1,1,3.36,100,0,131,10,10,20,2.0,0.807586970456267,0.7096775576729445
12,knn_k1,1,3.36,100,1,131,10,10,18,1.8,0.3667035720529106,0.6274115865097756
12,knn_k1,1,3.36,100,2,131,10,10,15,1.5,0.27527533360526774,0.7585030832018322
12,knn_k1,1,3.36,100,3,132,10,10,17,1.7,0.48691460055096414,0.731390428612825
12,knn_k1,1,3.36,100,4,132,10,10,22,2.2,0.7045454545454546,0.5951312174495699
12,knn_k1,1,3.36,100,5,132,10,10,20,2.0,0.5863177226813591,0.6321170304822941
12,knn_k1,1,3.36,100,6,131,10,10,18,1.8,0.5743837771691628,0.761085920573284
12,knn_k1,1,3.36,100,7,131,10,10,17,1.7,0.5067303770176562,0.7187138688542641
12,knn_k1,1,3.36,100,8,131,10,10,21,2.1,0.31793019054833643,0.5128643216080402
12,knn_k1,2,3.34,100,0,131,10,10,17,1.7,0.49484295786958793,0.7418088708454761
12,knn_k1,2,3.34,100,1,131,10,10,17,1.7,0.5126740865916904,0.7771906225475755
12,knn_k1,2,3.34,100,2,131,10,10,18,1.8,0.4841792436338208,0.7175364318341833
12,knn_k1,2,3.34,100,3,132,10,10,14,1.4,0.4061065197428833,0.85528944203753
12,knn_k1,2,3.34,100,4,132,10,10,22,2.2,0.5757575757575757,0.5312371208406048
12,knn_k1,2,3.34,100,5,132,10,10,17,1.7,0.5981404958677685,0.7622244943248111
12,knn_k1,2,3.34,100,6,131,10,10,21,2.1,0.8955189091544784,0.779624415965603
12,knn_k1,2,3.34,100,7,131,10,10,19,1.9,0.692850067012412,0.7389242977675922
12,knn_k1,2,3.34,100,8,131,10,10,22,2.2,0.552473632072723,0.6087502257434517
12,dtm_k10,0,3.38,100,0,131,10,10,12,1.2,0.3223005652351262,0.8266591852130056
12,dtm_k10,0,3.38,100,1,131,10,10,16,1.6,0.6213507371365306,0.7753248106718543
12,dtm_k10,0,3.38,100,2,131,10,10,19,1.9,0.4315599324048715,0.6442845515857109
12,dtm_k10,0,3.38,100,3,132,10,10,21,2.1,0.4872589531680442,0.5737366885156024
12,dtm_k10,0,3.38,100,4,132,10,10,21,2.1,0.6776859504132234,0.6780724279440351
12,dtm_k10,0,3.38,100,5,132,10,10,20,2.0,0.39118457300275494,0.6026407706945187
12,dtm_k10,0,3.38,100,6,131,10,10,25,2.5,0.6767670881650253,0.5170578920387245
12,dtm_k10,0,3.38,100,7,131,10,10,21,2.1,0.41337917370782595,0.5090308909806409
12,dtm_k10,0,3.38,100,8,131,10,10,14,1.4,0.32731192820931176,0.8117291015832941
12,dtm_k10,1,3.58,100,0,131,10,10,14,1.4,0.1902569780315832,0.6922723376286625
12,dtm_k10,1,3.58,100,1,131,10,10,20,2.0,0.46728046151156694,0.6038797915891329
12,dtm_k10,1,3.58,100,2,131,10,10,23,2.3,0.3817959326379582,0.4857073076208854
12,dtm_k10,1,3.58,100,3,132,10,10,22,2.2,0.47979797979797983,0.5527355539540358
12,dtm_k10,1,3.58,100,4,132,10,10,21,2.1,0.5426997245179064,0.6146245337462172
12,dtm_k10,1,3.58,100,5,132,10,10,18,1.8,0.5371900826446282,0.7655516274544635
12,dtm_k10,1,3.58,100,6,131,10,10,21,2.1,0.6018297302022028,0.6518168166533195
12,dtm_k10,1,3.58,100,7,131,10,10,20,2.0,0.5208903910028554,0.6336376273284386
12,dtm_k10,1,3.58,100,8,131,10,10,20,2.0,0.6304411164850533,0.6528476923781309
12,dtm_k10,2,3.32,100,0,131,10,10,14,1.4,0.18699376493211353,0.6599171155775677
12,dtm_k10,2,3.32,100,1,131,10,10,16,1.6,0.3118116659868306,0.6786572298596754
12,dtm_k10,2,3.32,100,2,131,10,10,21,2.1,0.6409882873958395,0.6730622112432726
12,dtm_k10,2,3.32,100,3,132,10,10,16,1.6,0.4361799816345271,0.8308010392835151
12,dtm_k10,2,3.32,100,4,132,10,10,16,1.6,0.44352617079889806,0.7803635987854229
12,dtm_k10,2,3.32,100,5,132,10,10,17,1.7,0.4088613406795225,0.7330759281739325
12,dtm_k10,2,3.32,100,6,131,10,10,25,2.5,0.7262980012819766,0.5437265603884476
12,dtm_k10,2,3.32,100,7,131,10,10,22,2.2,0.4242759745935552,0.4938814243507116
12,dtm_k10,2,3.32,100,8,131,10,10,19,1.9,0.5157042130411981,0.6563359160209947
12,random,0,3.56,100,0,131,10,10,24,2.4,0.41949769826933164,0.4686706280554748
12,random,0,3.56,100,1,131,10,10,20,2.0,0.4556261290134607,0.6183451898250515
12,random,0,3.56,100,2,131,10,10,17,1.7,0.47503059262280745,0.7884525922010682
12,random,0,3.56,100,3,132,10,10,22,2.2,0.4116161616161616,0.5317682886652653
12,random,0,3.56,100,4,132,10,10,20,2.0,0.40266299357208457,0.5482041213631755
12,random,0,3.56,100,5,132,10,10,20,2.0,0.5863177226813591,0.7024654713194203
12,random,0,3.56,100,6,131,10,10,18,1.8,0.6624905308548453,0.7997087986048843
12,random,0,3.56,100,7,131,10,10,18,1.8,0.4967659227317755,0.7516989845778779
12,random,0,3.56,100,8,131,10,10,19,1.9,0.5444904143115203,0.697250465226153
12,random,1,3.44,100,0,131,10,10,21,2.1,0.7095157624847038,0.7034367987013577
12,random,1,3.44,100,1,131,10,10,19,1.9,0.3584872676417459,0.6147994297388564
12,random,1,3.44,100,2,131,10,10,18,1.8,0.4548103257385933,0.7308648939092971
12,random,1,3.44,100,3,132,10,10,16,1.6,0.4765840220385675,0.8619890014433059
12,random,1,3.44,100,4,132,10,10,17,1.7,0.6410697887970616,0.847154965115893
12,random,1,3.44,100,5,132,10,10,23,2.3,0.6843434343434344,0.5970344589023502
12,random,1,3.44,100,6,131,10,10,20,2.0,0.5302138570013403,0.6615083715623964
12,random,1,3.44,100,7,131,10,10,14,1.4,0.3305751413087814,0.8554379773928571
12,random,1,3.44,100,8,131,10,10,24,2.4,0.3216013052852398,0.41692891560477136
12,random,2,3.96,100,0,131,10,10,22,2.2,0.5627294446710565,0.5987569162899532
12,random,2,3.96,100,1,131,10,10,19,1.9,0.3762018530388673,0.6198644593931398
12,random,2,3.96,100,2,131,10,10,25,2.5,0.4932113513198531,0.48522818530966266
12,random,2,3.96,100,3,132,10,10,25,2.5,0.4835858585858585,0.4801729439491144
12,random,2,3.96,100,4,132,10,10,22,2.2,0.5656565656565656,0.616060949695017
12,random,2,3.96,100,5,132,10,10,21,2.1,0.6101928374655649,0.6697168789950613
12,random,2,3.96,100,6,131,10,10,22,2.2,0.716566633646058,0.696789754951699
12,random,2,3.96,100,7,131,10,10,22,2.2,0.6524678049064742,0.6229933885780955
12,random,2,3.96,100,8,131,10,10,20,2.0,0.597808985490356,0.6857334741058274
12,ecc_p1,0,3.06,100,0,131,10,10,18,1.8,0.2555212400209778,0.4966202133822234
12,ecc_p1,0,3.06,100,1,131,10,10,15,1.5,0.35569022784220033,0.8277309716058002
12,ecc_p1,0,3.06,100,2,131,10,10,19,1.9,0.3651302371656664,0.6065503289164157
12,ecc_p1,0,3.06,100,3,132,10,10,14,1.4,0.32093663911845727,0.8703409107268827
12,ecc_p1,0,3.06,100,4,132,10,10,14,1.4,0.30325987144168964,0.8520787439482874
12,ecc_p1,0,3.06,100,5,132,10,10,19,1.9,0.29545454545454536,0.5921433271212171
12,ecc_p1,0,3.06,100,6,131,10,10,18,1.8,0.4044636093467747,0.694778199095436
12,ecc_p1,0,3.06,100,7,131,10,10,18,1.8,0.4632014451372297,0.6642946093706811
12,ecc_p1,0,3.06,100,8,131,10,10,18,1.8,0.3058679564127965,0.6063181012498774
12,ecc_p1,1,3.06,100,0,131,10,10,17,1.7,0.39181865858632936,0.6342118773814367
12,ecc_p1,1,3.06,100,1,131,10,10,20,2.0,0.28081114154186815,0.5356087927158463
12,ecc_p1,1,3.06,100,2,131,10,10,18,1.8,0.5240370607773439,0.7329582558105516
12,ecc_p1,1,3.06,100,3,132,10,10,15,1.5,0.2964876033057851,0.7814104563707214
12,ecc_p1,1,3.06,100,4,132,10,10,15,1.5,0.33608815426997235,0.7880885152053779
12,ecc_p1,1,3.06,100,5,132,10,10,16,1.6,0.2837465564738292,0.71486268721852
12,ecc_p1,1,3.06,100,6,131,10,10,19,1.9,0.5467047374861606,0.7009873031890081
12,ecc_p1,1,3.06,100,7,131,10,10,18,1.8,0.6750772099527999,0.8009051204376342
12,ecc_p1,1,3.06,100,8,131,10,10,15,1.5,0.22807528698793778,0.7170727925391438
12,ecc_p1,2,2.94,100,0,131,10,10,16,1.6,0.1812831420080415,0.5513254610920678
12,ecc_p1,2,2.94,100,1,131,10,10,16,1.6,0.36029368917895227,0.764331512535918
12,ecc_p1,2,2.94,100,2,131,10,10,20,2.0,0.3833692675252025,0.5727184322378005
12,ecc_p1,2,2.94,100,3,132,10,10,13,1.3,0.32059228650137744,0.9520260506364194
12,ecc_p1,2,2.94,100,4,132,10,10,15,1.5,0.3309228650137741,0.7832311629999855
12,ecc_p1,2,2.94,100,5,132,10,10,16,1.6,0.30945821854912764,0.7366827206107401
12,ecc_p1,2,2.94,100,6,131,10,10,20,2.0,0.2481790105471709,0.5173952685094799
12,ecc_p1,2,2.94,100,7,131,10,10,16,1.6,0.6250801235359245,0.879279088019735
12,ecc_p1,2,2.94,100,8,131,10,10,15,1.5,0.20534933861663077,0.697204377155936
12,gauss_0.1,0,2.86,100,0,131,10,10,19,1.9,0.3983450847852689,0.642818325408819
12,gauss_0.1,0,2.86,100,1,131,10,10,16,1.6,0.6138919643377425,0.8712980719272225
12,gauss_0.1,0,2.86,100,2,131,10,10,17,1.7,0.42946215255521236,0.7290536130508009
12,gauss_0.1,0,2.86,100,3,132,10,10,16,1.6,0.6179981634527089,0.8465985612365707
12,gauss_0.1,0,2.86,100,4,132,10,10,18,1.8,0.6239669421487605,0.7757426957805104
12,gauss_0.1,0,2.86,100,5,132,10,10,17,1.7,0.527892561983471,0.774652306632744
12,gauss_0.1,0,2.86,100,6,131,10,10,15,1.5,0.33296427947089335,0.717520740133737
12,gauss_0.1,0,2.86,100,7,131,10,10,14,1.4,0.4137870753452596,0.8358663225532678
12,gauss_0.1,0,2.86,100,8,131,10,10,11,1.1,0.13134432725365658,0.899166640716932
12,gauss_0.1,1,3.04,100,0,131,10,10,18,1.8,0.4380280869413204,0.6910408146018207
12,gauss_0.1,1,3.04,100,1,131,10,10,19,1.9,0.7703513781248178,0.7619566629026647
12,gauss_0.1,1,3.04,100,2,131,10,10,18,1.8,0.6226327137113221,0.7001105792873125
12,gauss_0.1,1,3.04,100,3,132,10,10,19,1.9,0.5266299357208447,0.633091039157083
12,gauss_0.1,1,3.04,100,4,132,10,10,21,2.1,0.6511707988980717,0.6628743404563251
12,gauss_0.1,1,3.04,100,5,132,10,10,17,1.7,0.5259412304866852,0.762821414835036
12,gauss_0.1,1,3.04,100,6,131,10,10,18,1.8,0.5009614824310936,0.593666439038036
12,gauss_0.1,1,3.04,100,7,131,10,10,11,1.1,0.27492570363032465,0.96474754578334
12,gauss_0.1,1,3.04,100,8,131,10,10,11,1.1,0.12108851465532311,0.8937709432799729
12,gauss_0.1,2,3.0,100,0,131,10,10,18,1.8,0.33104131460870584,0.6200135117064142
12,gauss_0.1,2,3.0,100,1,131,10,10,18,1.8,0.696055008449391,0.777263460778432
12,gauss_0.1,2,3.0,100,2,131,10,10,19,1.9,0.513489889866558,0.6505744813341029
12,gauss_0.1,2,3.0,100,3,132,10,10,17,1.7,0.523989898989899,0.7670627299596133
12,gauss_0.1,2,3.0,100,4,132,10,10,20,2.0,0.5128558310376493,0.652933431977561
12,gauss_0.1,2,3.0,100,5,132,10,10,17,1.7,0.4713039485766759,0.6734469878881648
12,gauss_0.1,2,3.0,100,6,131,10,10,19,1.9,0.45591748732591353,0.5843419677000538
12,gauss_0.1,2,3.0,100,7,131,10,10,11,1.1,0.25441407843365776,0.9271014961285091
12,gauss_0.1,2,3.0,100,8,131,10,10,11,1.1,0.13134432725365658,0.899166640716932
12,dm_eig0,0,2.8,100,0,131,10,10,17,1.7,0.8217469844414659,0.5951084943000845
12,dm_eig0,0,2.8,100,1,131,10,10,13,1.3,0.6961132801118817,0.8191284876156166
12,dm_eig0,0,2.8,100,2,131,10,10,16,1.6,0.4236932579686499,0.6145459215559866
12,dm_eig0,0,2.8,100,3,132,10,10,15,1.5,0.5874655647382919,0.8130086461364969
12,dm_eig0,0,2.8,100,4,132,10,10,17,1.7,0.5513085399449035,0.7053741823117714
12,dm_eig0,0,2.8,100,5,132,10,10,17,1.7,0.6293617998163452,0.6402817851308594
12,dm_eig0,0,2.8,100,6,131,10,10,15,1.5,0.8032165957694775,0.7808682642984699
12,dm_eig0,0,2.8,100,7,131,10,10,16,1.6,0.7350970223180467,0.6233692490143382
12,dm_eig0,0,2.8,100,8,131,10,10,14,1.4,0.6307907464599963,0.6227087095464036
12,dm_eig0,1,2.8,100,0,131,10,10,17,1.7,0.782122253947905,0.588031935633187
12,dm_eig0,1,2.8,100,1,131,10,10,12,1.2,0.5264844706019464,0.8211854470363824
12,dm_eig0,1,2.8,100,2,131,10,10,17,1.7,0.4809743021968416,0.5543886692533764
12,dm_eig0,1,2.8,100,3,132,10,10,19,1.9,0.6967401285583104,0.6576590463578165
12,dm_eig0,1,2.8,100,4,132,10,10,14,1.4,0.5909090909090908,0.8099718540434705
12,dm_eig0,1,2.8,100,5,132,10,10,17,1.7,0.4361799816345271,0.5836384495885734
12,dm_eig0,1,2.8,100,6,131,10,10,17,1.7,0.6989103199114269,0.640687380714301
12,dm_eig0,1,2.8,100,7,131,10,10,15,1.5,0.504282967193054,0.5927351890095084
12,dm_eig0,1,2.8,100,8,131,10,10,12,1.2,0.7460520948662667,0.8052097957461073
12,dm_eig0,2,2.66,100,0,131,10,10,19,1.9,0.7902802866965793,0.5550442087417358
12,dm_eig0,2,2.66,100,1,131,10,10,15,1.5,0.8574092418856712,0.7582436314346804
12,dm_eig0,2,2.66,100,2,131,10,10,15,1.5,0.3032457316007226,0.5297038397477754
12,dm_eig0,2,2.66,100,3,132,10,10,10,1.0,0.19260789715335178,0.8630386930884987
12,dm_eig0,2,2.66,100,4,132,10,10,15,1.5,0.4600550964187327,0.6843031382518643
12,dm_eig0,2,2.66,100,5,132,10,10,14,1.4,0.4719926538108356,0.859620897011634
12,dm_eig0,2,2.66,100,6,131,10,10,16,1.6,0.7462851815162287,0.7111830360085002
12,dm_eig0,2,2.66,100,7,131,10,10,16,1.6,0.49641629275683236,0.592720820005359
12,dm_eig0,2,2.66,100,8,131,10,10,13,1.3,0.4143115203076744,0.5363869695982775
13,xcoord,0,2.84,100,0,131,10,10,16,1.6,0.48149874715925645,0.5384843451999167
13,xcoord,0,2.84,100,1,131,10,10,14,1.4,0.647106811957345,0.7984719987543468
13,xcoord,0,2.84,100,2,131,10,10,17,1.7,0.5205990326904025,0.5382720057429786
13,xcoord,0,2.84,100,3,132,10,10,18,1.8,0.34090909090909094,0.5575382454232618
13,xcoord,0,2.84,100,4,132,10,10,14,1.4,0.5732323232323232,0.8288389824422998
13,xcoord,0,2.84,100,5,132,10,10,16,1.6,0.6124885215794307,0.7309944231582105
13,xcoord,0,2.84,100,6,131,10,10,19,1.9,1.0205698968591572,0.7669339923282358
13,xcoord,0,2.84,100,7,131,10,10,14,1.4,0.6291591399102614,0.7511111778485194
13,xcoord,0,2.84,100,8,131,10,10,14,1.4,0.7009498280985956,0.7240083168407909
13,xcoord,1,2.88,100,0,131,10,10,14,1.4,0.5279995338267,0.6772223514791086
13,xcoord,1,2.88,100,1,131,10,10,15,1.5,0.6563720062933396,0.7453635228028087
13,xcoord,1,2.88,100,2,131,10,10,16,1.6,0.4796340539595595,0.629455102573037
13,xcoord,1,2.88,100,3,132,10,10,18,1.8,0.7520661157024795,0.7124544153388024
13,xcoord,1,2.88,100,4,132,10,10,15,1.5,0.5926308539944903,0.749903639428504
13,xcoord,1,2.88,100,5,132,10,10,18,1.8,0.7644628099173555,0.719410147820281
13,xcoord,1,2.88,100,6,131,10,10,16,1.6,0.45539304236349865,0.6720071002815492
13,xcoord,1,2.88,100,7,131,10,10,15,1.5,0.5357496649379407,0.681670113222453
13,xcoord,1,2.88,100,8,131,10,10,17,1.7,1.1704446127848023,0.750992537097575
13,xcoord,2,2.86,100,0,131,10,10,16,1.6,0.5672746343453179,0.5643649191474236
13,xcoord,2,2.86,100,1,131,10,10,14,1.4,0.6683176971038983,0.8021076432515789
13,xcoord,2,2.86,100,2,131,10,10,16,1.6,0.7201794767204709,0.6910197943570353
13,xcoord,2,2.86,100,3,132,10,10,19,1.9,0.5920569329660238,0.6394530535348913
13,xcoord,2,2.86,100,4,132,10,10,15,1.5,0.5995179063360879,0.7872794474435816
13,xcoord,2,2.86,100,5,132,10,10,13,1.3,0.4205693296602388,0.8345972588328033
13,xcoord,2,2.86,100,6,131,10,10,18,1.8,0.4632014451372297,0.6011363034632206
13,xcoord,2,2.86,100,7,131,10,10,18,1.8,0.3855835906998427,0.4887367697498613
13,xcoord,2,2.86,100,8,131,10,10,14,1.4,0.8282151389779149,0.7433019180473142
13,knn_k1,0,3.46,100,0,131,10,10,16,1.6,0.38080531437561915,0.7288239098349678
13,knn_k1,0,3.46,100,1,131,10,10,19,1.9,0.2632713711322184,0.5533321504886949
13,knn_k1,0,3.46,100,2,131,10,10,20,2.0,0.35539886952974764,0.5738099786565353
13,knn_k1,0,3.46,100,3,132,10,10,17,1.7,0.5825298438934804,0.69817900248749
13,knn_k1,0,3.46,100,4,132,10,10,19,1.9,0.3216253443526171,0.6013253496944148
13,knn_k1,0,3.46,100,5,132,10,10,20,2.0,0.6643709825528009,0.6936726810779753
13,knn_k1,0,3.46,100,6,131,10,10,22,2.2,0.5704213041198067,0.5982342777690246
13,knn_k1,0,3.46,100,7,131,10,10,19,1.9,0.6419206339956879,0.7785117183541224
13,knn_k1,0,3.46,100,8,131,10,10,21,2.1,0.8074121554687955,0.7381761227630897
13,knn_k1,1,3.42,100,0,131,10,10,17,1.7,0.3284190897966319,0.6478465913596836
13,knn_k1,1,3.42,100,1,131,10,10,15,1.5,0.27352718373055185,0.7727018702866233
13,knn_k1,1,3.42,100,2,131,10,10,17,1.7,0.4373870986539245,0.7687188051135028
13,knn_k1,1,3.42,100,3,132,10,10,18,1.8,0.6136363636363638,0.6705454420818571
13,knn_k1,1,3.42,100,4,132,10,10,19,1.9,0.43503213957759407,0.6832990967178347
13,knn_k1,1,3.42,100,5,132,10,10,20,2.0,0.593204775022957,0.6536680120767303
13,knn_k1,1,3.42,100,6,131,10,10,20,2.0,0.36705320202785396,0.5536355513063912
13,knn_k1,1,3.42,100,7,131,10,10,22,2.2,0.5934968824660568,0.5895003166319879
13,knn_k1,1,3.42,100,8,131,10,10,23,2.3,0.5587086999592098,0.5411232967426018
13,knn_k1,2,3.64,100,0,131,10,10,19,1.9,0.4315599324048715,0.6419064556915349
13,knn_k1,2,3.64,100,1,131,10,10,20,2.0,0.54886078899831,0.6836664127295402
13,knn_k1,2,3.64,100,2,131,10,10,21,2.1,0.36932579686498457,0.5426201364350973
13,knn_k1,2,3.64,100,3,132,10,10,19,1.9,0.7796143250688707,0.7085416828464782
13,knn_k1,2,3.64,100,4,132,10,10,21,2.1,0.3787878787878788,0.5470178609039155
13,knn_k1,2,3.64,100,5,132,10,10,20,2.0,0.4049586776859504,0.5671296480254141
13,knn_k1,2,3.64,100,6,131,10,10,22,2.2,0.38325272420022144,0.5042599894136446
13,knn_k1,2,3.64,100,7,131,10,10,19,1.9,0.43155993240487145,0.6522084583716733
13,knn_k1,2,3.64,100,8,131,10,10,21,2.1,0.6385408775712372,0.6641685492584225
13,dtm_k10,0,3.58,100,0,131,10,10,13,1.3,0.23553405978672565,0.8889504960701343
13,dtm_k10,0,3.58,100,1,131,10,10,18,1.8,0.5555037585222306,0.7054686610813143
13,dtm_k10,0,3.58,100,2,131,10,10,19,1.9,0.5976341705028845,0.7216170897797426
13,dtm_k10,0,3.58,100,3,132,10,10,21,2.1,0.3378099173553719,0.5265708418891171
13,dtm_k10,0,3.58,100,4,132,10,10,23,2.3,0.37281910009182745,0.4803262055999269
13,dtm_k10,0,3.58,100,5,132,10,10,19,1.9,0.3630624426078971,0.5930643496380714
13,dtm_k10,0,3.58,100,6,131,10,10,26,2.6,0.4438552531903735,0.4341494316139555
13,dtm_k10,0,3.58,100,7,131,10,10,20,2.0,0.5208903910028554,0.6845702181955766
13,dtm_k10,0,3.58,100,8,131,10,10,20,2.0,0.6887127789755841,0.7374726032497566
13,dtm_k10,1,3.56,100,0,131,10,10,11,1.1,0.14544606957636505,0.9848030967245317
13,dtm_k10,1,3.56,100,1,131,10,10,19,1.9,0.5821339082804031,0.6626492080577321
13,dtm_k10,1,3.56,100,2,131,10,10,21,2.1,0.6679097954664648,0.6796456729913517
13,dtm_k10,1,3.56,100,3,132,10,10,21,2.1,0.5426997245179064,0.6573709465115195
13,dtm_k10,1,3.56,100,4,132,10,10,25,2.5,0.34584481175390264,0.41333157192332465
13,dtm_k10,1,3.56,100,5,132,10,10,21,2.1,0.571625344352617,0.5913563448205641
13,dtm_k10,1,3.56,100,6,131,10,10,19,1.9,0.40277373113454934,0.6464297678414824
13,dtm_k10,1,3.56,100,7,131,10,10,22,2.2,0.5781131635685568,0.6179186582626943
13,dtm_k10,1,3.56,100,8,131,10,10,19,1.9,0.7393508536798554,0.7893513518503134
13,dtm_k10,2,3.4,100,0,131,10,10,11,1.1,0.12108851465532314,0.9622580165798627
13,dtm_k10,2,3.4,100,1,131,10,10,20,2.0,0.5395373229998252,0.6299871110292764
13,dtm_k10,2,3.4,100,2,131,10,10,21,2.1,0.454985140726065,0.5440858451598631
13,dtm_k10,2,3.4,100,3,132,10,10,17,1.7,0.46740128558310384,0.7811914764387305
13,dtm_k10,2,3.4,100,4,132,10,10,24,2.4,0.3278236914600551,0.436957713950586
13,dtm_k10,2,3.4,100,5,132,10,10,20,2.0,0.6574839302112031,0.6903665090401595
13,dtm_k10,2,3.4,100,6,131,10,10,20,2.0,0.5185595245032342,0.6802258933129047
13,dtm_k10,2,3.4,100,7,131,10,10,20,2.0,0.7586387739642213,0.7967000493658967
13,dtm_k10,2,3.4,100,8,131,10,10,17,1.7,0.5958860206281683,0.8275033603192955
13,random,0,3.74,100,0,131,10,10,23,2.3,0.572111182332032,0.5704476114095204
13,random,0,3.74,100,1,131,10,10,19,1.9,0.5666336460579221,0.7185452290736865
13,random,0,3.74,100,2,131,10,10,23,2.3,0.49973777751879267,0.5314814107217913
13,random,0,3.74,100,3,132,10,10,17,1.7,0.4634986225895317,0.8133375911669006
13,random,0,3.74,100,4,132,10,10,22,2.2,0.9545454545454546,0.7674552523997848
13,random,0,3.74,100,5,132,10,10,23,2.3,0.4124196510560148,0.45843449226325045
13,random,0,3.74,100,6,131,10,10,19,1.9,0.46477478002447414,0.654320742191844
13,random,0,3.74,100,7,131,10,10,23,2.3,0.4488083445020687,0.48837394804189865
13,random,0,3.74,100,8,131,10,10,18,1.8,0.7212283666453003,0.820917626285161
13,random,1,3.7,100,0,131,10,10,20,2.0,0.6094633179884622,0.6801380194052542
13,random,1,3.7,100,1,131,10,10,20,2.0,0.31810500553580795,0.5243283211536199
13,random,1,3.7,100,2,131,10,10,17,1.7,0.5186177961657246,0.7889935330293887
13,random,1,3.7,100,3,132,10,10,23,2.3,0.6500229568411386,0.592206078990872
13,random,1,3.7,100,4,132,10,10,22,2.2,0.5429292929292929,0.5663739415217458
13,random,1,3.7,100,5,132,10,10,16,1.6,0.37006427915518825,0.7808814671479934
13,random,1,3.7,100,6,131,10,10,21,2.1,0.4598799603752695,0.562874739036229
13,random,1,3.7,100,7,131,10,10,20,2.0,0.6793893129770994,0.7148493127360535
13,random,1,3.7,100,8,131,10,10,26,2.6,0.3044694365130237,0.37791925084457545
13,random,2,3.96,100,0,131,10,10,20,2.0,0.3996853330225512,0.6149382479924509
13,random,2,3.96,100,1,131,10,10,23,2.3,0.5292232387390011,0.5208493540121704
13,random,2,3.96,100,2,131,10,10,27,2.7,0.5497348639356682,0.46278395064247213
13,random,2,3.96,100,3,132,10,10,26,2.6,0.5936639118457302,0.4750895601789369
13,random,2,3.96,100,4,132,10,10,23,2.3,0.3833792470156107,0.4939578256381567
13,random,2,3.96,100,5,132,10,10,23,2.3,0.42033976124885225,0.48087941279211854
13,random,2,3.96,100,6,131,10,10,16,1.6,0.41996387156925585,0.8059065512590063
13,random,2,3.96,100,7,131,10,10,21,2.1,0.5479867140609522,0.6246704588524457
13,random,2,3.96,100,8,131,10,10,19,1.9,0.2167705844647748,0.5233078479044038
13,ecc_p1,0,3.0,100,0,131,10,10,16,1.6,0.3714818483771342,0.6875341367806163
13,ecc_p1,0,3.0,100,1,131,10,10,16,1.6,0.38080531437561915,0.7493356931770597
13,ecc_p1,0,3.0,100,2,131,10,10,17,1.7,0.2095448983159489,0.6022880391111494
13,ecc_p1,0,3.0,100,3,132,10,10,19,1.9,0.44375573921028466,0.6676394491093681
13,ecc_p1,0,3.0,100,4,132,10,10,16,1.6,0.27089072543618,0.7127557756451478
13,ecc_p1,0,3.0,100,5,132,10,10,14,1.4,0.3321854912764004,0.8924471722577383
13,ecc_p1,0,3.0,100,6,131,10,10,13,1.3,0.2931064623273702,0.9226507504748638
13,ecc_p1,0,3.0,100,7,131,10,10,19,1.9,0.4382029019287921,0.6316125541101197
13,ecc_p1,0,3.0,100,8,131,10,10,20,2.0,0.24817901054717087,0.4932576085672664
13,ecc_p1,1,3.18,100,0,131,10,10,18,1.8,0.4946681428821164,0.6566524256772249
13,ecc_p1,1,3.18,100,1,131,10,10,20,2.0,0.34374453703164154,0.5552903042116559
13,ecc_p1,1,3.18,100,2,131,10,10,17,1.7,0.35219392809276845,0.6999779263727726
13,ecc_p1,1,3.18,100,3,132,10,10,17,1.7,0.3073921028466483,0.6775839008688979
13,ecc_p1,1,3.18,100,4,132,10,10,18,1.8,0.2623966942148761,0.6069655819002514
13,ecc_p1,1,3.18,100,5,132,10,10,14,1.4,0.3353994490358126,0.8932719182137452
13,ecc_p1,1,3.18,100,6,131,10,10,17,1.7,0.2491696288095099,0.6462581013514297
13,ecc_p1,1,3.18,100,7,131,10,10,18,1.8,0.5806771167181399,0.7505719120926397
13,ecc_p1,1,3.18,100,8,131,10,10,20,2.0,0.26216420954489833,0.4975108974779772
13,ecc_p1,2,3.14,100,0,131,10,10,16,1.6,0.33791737078258843,0.6679812277663544
13,ecc_p1,2,3.14,100,1,131,10,10,17,1.7,0.4254996795058562,0.7417738735144267
13,ecc_p1,2,3.14,100,2,131,10,10,18,1.8,0.4380280869413205,0.7150333318641388
13,ecc_p1,2,3.14,100,3,132,10,10,17,1.7,0.43227731864095503,0.7161636110117613
13,ecc_p1,2,3.14,100,4,132,10,10,15,1.5,0.22761707988980714,0.7413377810924375
13,ecc_p1,2,3.14,100,5,132,10,10,16,1.6,0.2874196510560147,0.7395936794165074
13,ecc_p1,2,3.14,100,6,131,10,10,18,1.8,0.5848726764174581,0.7700823545294991
13,ecc_p1,2,3.14,100,7,131,10,10,20,2.0,0.46261872851232444,0.5914758398100436
13,ecc_p1,2,3.14,100,8,131,10,10,20,2.0,0.18757648155701892,0.472410452747395
13,gauss_0.1,0,2.84,100,0,131,10,10,17,1.7,0.48691801177087574,0.7202920320501055
13,gauss_0.1,0,2.84,100,1,131,10,10,14,1.4,0.4398927801410173,0.8455923912527975
13,gauss_0.1,0,2.84,100,2,131,10,10,17,1.7,1.0357205291066953,0.7986941115411756
13,gauss_0.1,0,2.84,100,3,132,10,10,18,1.8,0.638429752066116,0.7292890986762774
13,gauss_0.1,0,2.84,100,4,132,10,10,20,2.0,0.7378328741965107,0.6208744895330108
13,gauss_0.1,0,2.84,100,5,132,10,10,14,1.4,0.5475206611570247,0.8677900277220639
13,gauss_0.1,0,2.84,100,6,131,10,10,17,1.7,0.46710564652409525,0.6660001189133303
13,gauss_0.1,0,2.84,100,7,131,10,10,14,1.4,0.3305751413087816,0.72253326528934
13,gauss_0.1,0,2.84,100,8,131,10,10,11,1.1,0.2377483829613659,0.8847065195315145
13,gauss_0.1,1,2.86,100,0,131,10,10,18,1.8,0.5303304003263213,0.6931349876891167
13,gauss_0.1,1,2.86,100,1,131,10,10,13,1.3,0.38552531903735215,0.8650196761169443
13,gauss_0.1,1,2.86,100,2,131,10,10,16,1.6,0.9364838878853213,0.826083926926566
13,gauss_0.1,1,2.86,100,3,132,10,10,16,1.6,0.3370064279155188,0.5969003714358084
13,gauss_0.1,1,2.86,100,4,132,10,10,21,2.1,0.6608126721763087,0.5316483927836935
13,gauss_0.1,1,2.86,100,5,132,10,10,16,1.6,0.6308539944903582,0.8088460595721899
13,gauss_0.1,1,2.86,100,6,131,10,10,18,1.8,0.7317172658935959,0.7101367507238716
13,gauss_0.1,1,2.86,100,7,131,10,10,14,1.4,0.2261523221257502,0.6320128529865447
13,gauss_0.1,1,2.86,100,8,131,10,10,11,1.1,0.23774838296136586,0.8847065195315145
13,gauss_0.1,2,2.7,100,0,131,10,10,17,1.7,0.4869180117708757,0.7202920320501055
13,gauss_0.1,2,2.7,100,1,131,10,10,13,1.3,0.3749198764640755,0.8615142016271741
13,gauss_0.1,2,2.7,100,2,131,10,10,16,1.6,1.1043062758580502,0.9050560966268785
13,gauss_0.1,2,2.7,100,3,132,10,10,15,1.5,0.32403581267217624,0.646384856549314
13,gauss_0.1,2,2.7,100,4,132,10,10,16,1.6,0.5298438934802571,0.6668623129864825
13,gauss_0.1,2,2.7,100,5,132,10,10,18,1.8,0.6115702479338846,0.735514494141953
13,gauss_0.1,2,2.7,100,6,131,10,10,18,1.8,0.5072548219800711,0.629755577855007
13,gauss_0.1,2,2.7,100,7,131,10,10,11,1.1,0.37491987646407565,0.9058742870562191
13,gauss_0.1,2,2.7,100,8,131,10,10,11,1.1,0.2377483829613659,0.8847065195315145
13,dm_eig0,0,2.72,100,0,131,10,10,13,1.3,0.3658294971155528,0.6125671552504347
13,dm_eig0,0,2.72,100,1,131,10,10,18,1.8,0.8156284598799605,0.6350830838736278
13,dm_eig0,0,2.72,100,2,131,10,10,17,1.7,0.44134957170328054,0.5882464369172588
13,dm_eig0,0,2.72,100,3,132,10,10,15,1.5,0.34125344352617076,0.6289256055231842
13,dm_eig0,0,2.72,100,4,132,10,10,13,1.3,0.5414370982552802,0.8178180292060204
13,dm_eig0,0,2.72,100,5,132,10,10,17,1.7,0.7425390266299359,0.6923833816537127
13,dm_eig0,0,2.72,100,6,131,10,10,16,1.6,0.4367461103665288,0.5834034764545459
13,dm_eig0,0,2.72,100,7,131,10,10,13,1.3,0.8506497290367695,0.7607708572641005
13,dm_eig0,0,2.72,100,8,131,10,10,14,1.4,0.8086358603810964,0.7483281399823974
13,dm_eig0,1,2.86,100,0,131,10,10,18,1.8,0.4527125458889342,0.38801185213452777
13,dm_eig0,1,2.86,100,1,131,10,10,16,1.6,0.533710156750772,0.6076476699813294
13,dm_eig0,1,2.86,100,2,131,10,10,15,1.5,0.5130237165666338,0.7682635257497442
13,dm_eig0,1,2.86,100,3,132,10,10,16,1.6,0.44352617079889806,0.7142180651062642
13,dm_eig0,1,2.86,100,4,132,10,10,17,1.7,0.4088613406795225,0.6619013363835868
13,dm_eig0,1,2.86,100,5,132,10,10,16,1.6,0.6639118457300276,0.7878154866854911
13,dm_eig0,1,2.86,100,6,131,10,10,14,1.4,0.4219451080939338,0.7258115760153492
13,dm_eig0,1,2.86,100,7,131,10,10,12,1.2,0.8117825301555854,0.8585777256055069
13,dm_eig0,1,2.86,100,8,131,10,10,19,1.9,0.5909912009789638,0.45624526983504393
13,dm_eig0,2,2.74,100,0,131,10,10,16,1.6,0.6530505215313793,0.529915198334724
13,dm_eig0,2,2.74,100,1,131,10,10,15,1.5,0.4291125225802694,0.5991289173251578
13,dm_eig0,2,2.74,100,2,131,10,10,14,1.4,0.514946681428821,0.8104374198440033
13,dm_eig0,2,2.74,100,3,132,10,10,15,1.5,0.4445592286501377,0.7779700029599674
13,dm_eig0,2,2.74,100,4,132,10,10,17,1.7,0.7347337006427915,0.7913236969182486
13,dm_eig0,2,2.74,100,5,132,10,10,18,1.8,0.7747933884297522,0.6596052142441517
13,dm_eig0,2,2.74,100,6,131,10,10,13,1.3,0.5218810092651943,0.7741334936303002
13,dm_eig0,2,2.74,100,7,131,10,10,10,1.0,0.5622632713711323,0.8798090471492509
13,dm_eig0,2,2.74,100,8,131,10,10,19,1.9,0.8567099819357845,0.5554471042546048
