step,filter,seed,graph_degree,n_nodes,slab,n_slab,J,L,cells,xdeg,cv2,ari
0,xcoord,0,2.06,100,0,131,10,10,14,1.4,0.7466348114911717,0.7028551060328191
0,xcoord,0,2.06,100,1,131,10,10,9,0.9,0.9136996678515238,0.8452100510593014
0,xcoord,0,2.06,100,2,131,10,10,12,1.2,0.5069051920051281,0.6434848808731738
0,xcoord,0,2.06,100,3,132,10,10,9,0.9,0.5278925619834711,0.626364854817493
0,xcoord,0,2.06,100,4,132,10,10,11,1.1,0.4747474747474747,0.7951221193526345
0,xcoord,0,2.06,100,5,132,10,10,7,0.7,0.2936179981634527,0.5938180456873362
0,xcoord,0,2.06,100,6,131,10,10,14,1.4,0.8135306800303012,0.7381756835719899
0,xcoord,0,2.06,100,7,131,10,10,13,1.3,0.5703630324573161,0.4819122116710944
0,xcoord,0,2.06,100,8,131,10,10,14,1.4,0.8641104830720819,0.6147201620349686
0,xcoord,1,1.98,100,0,131,10,10,14,1.4,0.6552648447060193,0.6853567579696204
0,xcoord,1,1.98,100,1,131,10,10,10,1.0,1.007458772798788,0.8194109897208018
0,xcoord,1,1.98,100,2,131,10,10,12,1.2,0.44257327661558193,0.5661480367640166
0,xcoord,1,1.98,100,3,132,10,10,8,0.8,0.3939393939393939,0.6634051985127486
0,xcoord,1,1.98,100,4,132,10,10,12,1.2,0.31267217630853994,0.5936123062916675
0,xcoord,1,1.98,100,5,132,10,10,8,0.8,0.37373737373737376,0.5800980611594191
0,xcoord,1,1.98,100,6,131,10,10,12,1.2,0.36006060252899025,0.6594377747938445
0,xcoord,1,1.98,100,7,131,10,10,12,1.2,0.8187751296544492,0.6285645539637026
0,xcoord,1,1.98,100,8,131,10,10,11,1.1,0.8813006235067888,0.9207033848376001
0,xcoord,2,2.04,100,0,131,10,10,15,1.5,0.3958976749606667,0.4905953552860138
0,xcoord,2,2.04,100,1,131,10,10,9,0.9,0.6000815803274867,0.6439572386301866
0,xcoord,2,2.04,100,2,131,10,10,13,1.3,0.5491521473107629,0.6918471562365343
0,xcoord,2,2.04,100,3,132,10,10,6,0.6,0.14325068870523416,0.5081952649973713
0,xcoord,2,2.04,100,4,132,10,10,13,1.3,0.6041092745638201,0.7366208730585103
0,xcoord,2,2.04,100,5,132,10,10,8,0.8,0.3921028466483012,0.649199246189353
0,xcoord,2,2.04,100,6,131,10,10,13,1.3,0.5521822737602704,0.724601512926693
0,xcoord,2,2.04,100,7,131,10,10,12,1.2,0.4369791970164909,0.4627266675260038
0,xcoord,2,2.04,100,8,131,10,10,13,1.3,0.4461278480275042,0.5224040892815607
0,knn_k1,0,1.8,100,0,131,10,10,10,1.0,0.0960899714468854,1.0
0,knn_k1,0,1.8,100,1,131,10,10,10,1.0,0.09375910494726415,1.0
0,knn_k1,0,1.8,100,2,131,10,10,10,1.0,0.08093933919934737,1.0
0,knn_k1,0,1.8,100,3,132,10,10,10,1.0,0.05716253443526171,1.0
0,knn_k1,0,1.8,100,4,132,10,10,10,1.0,0.061753902662993576,1.0
0,knn_k1,0,1.8,100,5,132,10,10,10,1.0,0.15932047750229572,1.0
0,knn_k1,0,1.8,100,6,131,10,10,10,1.0,0.18815919818192414,1.0
0,knn_k1,0,1.8,100,7,131,10,10,10,1.0,0.14853446768836315,1.0
0,knn_k1,0,1.8,100,8,131,10,10,10,1.0,0.1182332031932871,1.0
0,knn_k1,1,1.8,100,0,131,10,10,10,1.0,0.0960899714468854,1.0
0,knn_k1,1,1.8,100,1,131,10,10,10,1.0,0.09375910494726414,1.0
0,knn_k1,1,1.8,100,2,131,10,10,10,1.0,0.08093933919934737,1.0
0,knn_k1,1,1.8,100,3,132,10,10,10,1.0,0.05716253443526171,1.0
0,knn_k1,1,1.8,100,4,132,10,10,10,1.0,0.061753902662993576,1.0
0,knn_k1,1,1.8,100,5,132,10,10,10,1.0,0.15932047750229572,1.0
0,knn_k1,1,1.8,100,6,131,10,10,10,1.0,0.18815919818192414,1.0
0,knn_k1,1,1.8,100,7,131,10,10,10,1.0,0.14853446768836318,1.0
0,knn_k1,1,1.8,100,8,131,10,10,10,1.0,0.1182332031932871,1.0
0,knn_k1,2,1.8,100,0,131,10,10,10,1.0,0.09608997144688537,1.0
0,knn_k1,2,1.8,100,1,131,10,10,10,1.0,0.09375910494726414,1.0
0,knn_k1,2,1.8,100,2,131,10,10,10,1.0,0.08093933919934737,1.0
0,knn_k1,2,1.8,100,3,132,10,10,10,1.0,0.05716253443526171,1.0
0,knn_k1,2,1.8,100,4,132,10,10,10,1.0,0.061753902662993576,1.0
0,knn_k1,2,1.8,100,5,132,10,10,10,1.0,0.15932047750229572,1.0
0,knn_k1,2,1.8,100,6,131,10,10,10,1.0,0.18815919818192414,1.0
0,knn_k1,2,1.8,100,7,131,10,10,10,1.0,0.14853446768836318,1.0
0,knn_k1,2,1.8,100,8,131,10,10,10,1.0,0.1182332031932871,1.0
0,dtm_k10,0,1.8,100,0,131,10,10,10,1.0,0.13571470194044638,1.0
0,dtm_k10,0,1.8,100,1,131,10,10,10,1.0,0.19398636443097722,1.0
0,dtm_k10,0,1.8,100,2,131,10,10,10,1.0,0.1776702989336286,1.0
0,dtm_k10,0,1.8,100,3,132,10,10,10,1.0,0.04224058769513315,1.0
0,dtm_k10,0,1.8,100,4,132,10,10,10,1.0,0.025022956841138665,1.0
0,dtm_k10,0,1.8,100,5,132,10,10,10,1.0,0.061753902662993576,1.0
0,dtm_k10,0,1.8,100,6,131,10,10,10,1.0,0.05879610745294564,1.0
0,dtm_k10,0,1.8,100,7,131,10,10,10,1.0,0.07977390594953673,1.0
0,dtm_k10,0,1.8,100,8,131,10,10,10,1.0,0.03082570945749082,1.0
0,dtm_k10,1,1.8,100,0,131,10,10,10,1.0,0.13571470194044638,1.0
0,dtm_k10,1,1.8,100,1,131,10,10,10,1.0,0.19398636443097722,1.0
0,dtm_k10,1,1.8,100,2,131,10,10,10,1.0,0.1776702989336286,1.0
0,dtm_k10,1,1.8,100,3,132,10,10,10,1.0,0.04224058769513315,1.0
0,dtm_k10,1,1.8,100,4,132,10,10,10,1.0,0.025022956841138658,1.0
0,dtm_k10,1,1.8,100,5,132,10,10,10,1.0,0.061753902662993576,1.0
0,dtm_k10,1,1.8,100,6,131,10,10,10,1.0,0.05879610745294564,1.0
0,dtm_k10,1,1.8,100,7,131,10,10,10,1.0,0.07977390594953673,1.0
0,dtm_k10,1,1.8,100,8,131,10,10,10,1.0,0.030825709457490826,1.0
0,dtm_k10,2,1.8,100,0,131,10,10,10,1.0,0.13571470194044638,1.0
0,dtm_k10,2,1.8,100,1,131,10,10,10,1.0,0.19398636443097722,1.0
0,dtm_k10,2,1.8,100,2,131,10,10,10,1.0,0.1776702989336286,1.0
0,dtm_k10,2,1.8,100,3,132,10,10,10,1.0,0.04224058769513315,1.0
0,dtm_k10,2,1.8,100,4,132,10,10,10,1.0,0.025022956841138665,1.0
0,dtm_k10,2,1.8,100,5,132,10,10,10,1.0,0.061753902662993576,1.0
0,dtm_k10,2,1.8,100,6,131,10,10,10,1.0,0.05879610745294564,1.0
0,dtm_k10,2,1.8,100,7,131,10,10,10,1.0,0.07977390594953676,1.0
0,dtm_k10,2,1.8,100,8,131,10,10,10,1.0,0.030825709457490826,1.0
0,random,0,1.8,100,0,131,10,10,10,1.0,0.09492453819707476,1.0
0,random,0,1.8,100,1,131,10,10,10,1.0,0.03199114270730145,1.0
0,random,0,1.8,100,2,131,10,10,10,1.0,0.0832702056989686,1.0
0,random,0,1.8,100,3,132,10,10,10,1.0,0.1352157943067034,1.0
0,random,0,1.8,100,4,132,10,10,10,1.0,0.03650137741046832,1.0
0,random,0,1.8,100,5,132,10,10,10,1.0,0.11570247933884299,1.0
0,random,0,1.8,100,6,131,10,10,10,1.0,0.07394673970048367,1.0
0,random,0,1.8,100,7,131,10,10,10,1.0,0.07744303944991551,1.0
0,random,0,1.8,100,8,131,10,10,10,1.0,0.036652875706543915,1.0
0,random,1,1.8,100,0,131,10,10,10,1.0,0.10191713769593849,1.0
0,random,1,1.8,100,1,131,10,10,10,1.0,0.043645475205407624,1.0
0,random,1,1.8,100,2,131,10,10,10,1.0,0.13105296894120388,1.0
0,random,1,1.8,100,3,132,10,10,10,1.0,0.07093663911845731,1.0
0,random,1,1.8,100,4,132,10,10,10,1.0,0.06404958677685951,1.0
0,random,1,1.8,100,5,132,10,10,10,1.0,0.05601469237832875,1.0
0,random,1,1.8,100,6,131,10,10,10,1.0,0.0354874424567333,1.0
0,random,1,1.8,100,7,131,10,10,10,1.0,0.03432200920692268,1.0
0,random,1,1.8,100,8,131,10,10,10,1.0,0.018005943709574035,1.0
0,random,2,1.8,100,0,131,10,10,10,1.0,0.05529980770351379,1.0
0,random,2,1.8,100,1,131,10,10,10,1.0,0.05296894120389256,1.0
0,random,2,1.8,100,2,131,10,10,10,1.0,0.042480041955597,1.0
0,random,2,1.8,100,3,132,10,10,10,1.0,0.07782369146005512,1.0
0,random,2,1.8,100,4,132,10,10,10,1.0,0.17424242424242428,1.0
0,random,2,1.8,100,5,132,10,10,10,1.0,0.07552800734618917,1.0
0,random,2,1.8,100,6,131,10,10,10,1.0,0.19049006468154536,1.0
0,random,2,1.8,100,7,131,10,10,10,1.0,0.0844356389487792,1.0
0,random,2,1.8,100,8,131,10,10,10,1.0,0.06112697395256686,1.0
0,ecc_p1,0,2.38,100,0,131,10,10,15,1.5,0.4937940679447585,0.5974061461309036
0,ecc_p1,0,2.38,100,1,131,10,10,12,1.2,0.24817901054717093,0.5130530228998162
0,ecc_p1,0,2.38,100,2,131,10,10,13,1.3,0.8961016257793833,0.809958525572443
0,ecc_p1,0,2.38,100,3,132,10,10,11,1.1,0.5303030303030303,0.7182002779241512
0,ecc_p1,0,2.38,100,4,132,10,10,13,1.3,0.49667125803489437,0.6029169359646881
0,ecc_p1,0,2.38,100,5,132,10,10,14,1.4,0.6519742883379246,0.5661418939966779
0,ecc_p1,0,2.38,100,6,131,10,10,12,1.2,0.6929083386749023,0.6264760440601279
0,ecc_p1,0,2.38,100,7,131,10,10,13,1.3,0.44309772157799665,0.7734858063006936
0,ecc_p1,0,2.38,100,8,131,10,10,16,1.6,0.5243866907522872,0.5265489190767749
0,ecc_p1,1,2.38,100,0,131,10,10,16,1.6,0.8003612843074412,0.6628883278566708
0,ecc_p1,1,2.38,100,1,131,10,10,12,1.2,0.5376726298001282,0.6679196541060477
0,ecc_p1,1,2.38,100,2,131,10,10,12,1.2,0.8761144455451315,0.8234716328120364
0,ecc_p1,1,2.38,100,3,132,10,10,11,1.1,0.44065656565656564,0.7954839176600739
0,ecc_p1,1,2.38,100,4,132,10,10,13,1.3,0.2907483930211204,0.5430232558139535
0,ecc_p1,1,2.38,100,5,132,10,10,14,1.4,0.5651974288337924,0.6153886793443889
0,ecc_p1,1,2.38,100,6,131,10,10,11,1.1,0.5479867140609521,0.5853770373563834
0,ecc_p1,1,2.38,100,7,131,10,10,14,1.4,0.1510984208379465,0.5369332033154559
0,ecc_p1,1,2.38,100,8,131,10,10,16,1.6,0.5001456791562263,0.5076902004808727
0,ecc_p1,2,2.32,100,0,131,10,10,14,1.4,0.5655264844706018,0.72521918973045
0,ecc_p1,2,2.32,100,1,131,10,10,12,1.2,0.6873142590758116,0.7218920868244766
0,ecc_p1,2,2.32,100,2,131,10,10,13,1.3,0.8173183380921858,0.7242998485270851
0,ecc_p1,2,2.32,100,3,132,10,10,11,1.1,0.49368686868686873,0.8186255999945571
0,ecc_p1,2,2.32,100,4,132,10,10,13,1.3,0.5802341597796143,0.6748858736333829
0,ecc_p1,2,2.32,100,5,132,10,10,13,1.3,0.6846877869605142,0.7326432740919656
0,ecc_p1,2,2.32,100,6,131,10,10,11,1.1,0.7877163335469962,0.7572771074479415
0,ecc_p1,2,2.32,100,7,131,10,10,14,1.4,0.31099586271196317,0.630649824424382
0,ecc_p1,2,2.32,100,8,131,10,10,15,1.5,0.6546238564186236,0.6572738189184293
0,gauss_0.1,0,1.82,100,0,131,10,10,10,1.0,0.8617796165724608,1.0
0,gauss_0.1,0,1.82,100,1,131,10,10,9,0.9,1.9835673911776701,0.9946680990267074
0,gauss_0.1,0,1.82,100,2,131,10,10,10,1.0,1.2312219567624267,1.0
0,gauss_0.1,0,1.82,100,3,132,10,10,9,0.9,1.4638429752066118,0.9976454801408872
0,gauss_0.1,0,1.82,100,4,132,10,10,9,0.9,1.3460743801652897,0.9866943647054405
0,gauss_0.1,0,1.82,100,5,132,10,10,10,1.0,0.8962350780532601,0.6440914364623683
0,gauss_0.1,0,1.82,100,6,131,10,10,12,1.2,0.5446652292989919,0.7503101648636213
0,gauss_0.1,0,1.82,100,7,131,10,10,8,0.8,0.6665695472291825,0.6993282810074387
0,gauss_0.1,0,1.82,100,8,131,10,10,14,1.4,0.5247363207272302,0.6420609449253003
0,gauss_0.1,1,1.84,100,0,131,10,10,10,1.0,0.8617796165724609,1.0
0,gauss_0.1,1,1.84,100,1,131,10,10,9,0.9,1.98356739117767,0.9946680990267074
0,gauss_0.1,1,1.84,100,2,131,10,10,10,1.0,1.2312219567624267,1.0
0,gauss_0.1,1,1.84,100,3,132,10,10,10,1.0,1.735307621671258,0.9961744250865245
0,gauss_0.1,1,1.84,100,4,132,10,10,8,0.8,1.125803489439853,1.0
0,gauss_0.1,1,1.84,100,5,132,10,10,10,1.0,0.8962350780532601,0.6440914364623683
0,gauss_0.1,1,1.84,100,6,131,10,10,12,1.2,0.7040964978730845,0.8616326958478923
0,gauss_0.1,1,1.84,100,7,131,10,10,9,0.9,1.1874599382320377,0.8227458676346834
0,gauss_0.1,1,1.84,100,8,131,10,10,14,1.4,0.7140026804964744,0.7550286382442388
0,gauss_0.1,2,1.88,100,0,131,10,10,10,1.0,0.8617796165724609,1.0
0,gauss_0.1,2,1.88,100,1,131,10,10,9,0.9,1.9835673911776701,0.9946680990267074
0,gauss_0.1,2,1.88,100,2,131,10,10,10,1.0,1.2312219567624263,1.0
0,gauss_0.1,2,1.88,100,3,132,10,10,9,0.9,1.4638429752066118,0.9976454801408872
0,gauss_0.1,2,1.88,100,4,132,10,10,9,0.9,1.3460743801652897,1.0
0,gauss_0.1,2,1.88,100,5,132,10,10,11,1.1,0.9633838383838383,0.9087291880610859
0,gauss_0.1,2,1.88,100,6,131,10,10,13,1.3,0.9021618786783987,0.8992977430224454
0,gauss_0.1,2,1.88,100,7,131,10,10,10,1.0,1.0960316997843949,0.715278858081652
0,gauss_0.1,2,1.88,100,8,131,10,10,13,1.3,0.4340073422294738,0.6260583042852436
0,dm_eig0,0,1.84,100,0,131,10,10,11,1.1,0.6736204183905369,0.787554031805541
0,dm_eig0,0,1.84,100,1,131,10,10,9,0.9,0.34205465881941605,0.6196152162220697
0,dm_eig0,0,1.84,100,2,131,10,10,9,0.9,0.6451838470951575,0.7281226524808178
0,dm_eig0,0,1.84,100,3,132,10,10,9,0.9,0.7830578512396695,0.6221434919999438
0,dm_eig0,0,1.84,100,4,132,10,10,9,0.9,0.7675619834710745,0.7547553785917676
0,dm_eig0,0,1.84,100,5,132,10,10,10,1.0,0.6161616161616161,0.5898864221821467
0,dm_eig0,0,1.84,100,6,131,10,10,10,1.0,0.5354583066254881,0.49946696510638533
0,dm_eig0,0,1.84,100,7,131,10,10,10,1.0,1.1752811607715168,0.6825275200337082
0,dm_eig0,0,1.84,100,8,131,10,10,15,1.5,1.2472466639473228,0.5567018077447374
0,dm_eig0,1,1.78,100,0,131,10,10,13,1.3,0.5006701241186411,0.4850582580864053
0,dm_eig0,1,1.78,100,1,131,10,10,9,0.9,0.5801526717557252,0.7900426367798535
0,dm_eig0,1,1.78,100,2,131,10,10,8,0.8,0.32719538488433075,0.5375390257844623
0,dm_eig0,1,1.78,100,3,132,10,10,9,0.9,0.71900826446281,0.8854263447996736
0,dm_eig0,1,1.78,100,4,132,10,10,8,0.8,0.7860422405876951,0.7775686989374956
0,dm_eig0,1,1.78,100,5,132,10,10,11,1.1,0.25126262626262624,0.35544410282098027
0,dm_eig0,1,1.78,100,6,131,10,10,9,0.9,0.48155701882174695,0.4764881372132445
0,dm_eig0,1,1.78,100,7,131,10,10,8,0.8,1.2026688421420664,0.9228829962822631
0,dm_eig0,1,1.78,100,8,131,10,10,14,1.4,0.8967426140667789,0.5212901428770087
0,dm_eig0,2,1.9,100,0,131,10,10,15,1.5,1.0339723792319795,0.5978237740537788
0,dm_eig0,2,1.9,100,1,131,10,10,9,0.9,0.4448458714527126,0.7170528052781037
0,dm_eig0,2,1.9,100,2,131,10,10,10,1.0,0.8442981178253017,0.6983281796012771
0,dm_eig0,2,1.9,100,3,132,10,10,9,0.9,0.4483471074380166,0.6376686131641485
0,dm_eig0,2,1.9,100,4,132,10,10,7,0.7,0.1522038567493113,0.6025746090307464
0,dm_eig0,2,1.9,100,5,132,10,10,12,1.2,0.3622589531680441,0.38798083449266796
0,dm_eig0,2,1.9,100,6,131,10,10,8,0.8,0.35516578287978556,0.47828062583870806
0,dm_eig0,2,1.9,100,7,131,10,10,10,1.0,1.2533651885088282,0.6975506841233252
0,dm_eig0,2,1.9,100,8,131,10,10,15,1.5,0.651127556669192,0.4088535487155363
1,xcoord,0,1.76,100,0,131,10,10,10,1.0,0.5179768078783289,0.6448438059504629
1,xcoord,0,1.76,100,1,131,10,10,8,0.8,0.4344152438669075,0.7410338065487342
1,xcoord,0,1.76,100,2,131,10,10,11,1.1,0.37235592331449224,0.7898689611489961
1,xcoord,0,1.76,100,3,132,10,10,6,0.6,0.31129476584022037,0.5924000326228274
1,xcoord,0,1.76,100,4,132,10,10,10,1.0,0.22130394857667587,0.7546616428609828
1,xcoord,0,1.76,100,5,132,10,10,7,0.7,0.4824380165289255,0.7787781949496781
1,xcoord,0,1.76,100,6,131,10,10,12,1.2,0.42159547811899084,0.7288045028259184
1,xcoord,0,1.76,100,7,131,10,10,10,1.0,0.8979080473165899,0.7039650269404452
1,xcoord,0,1.76,100,8,131,10,10,14,1.4,0.3583124526542742,0.6081057263563463
1,xcoord,1,1.68,100,0,131,10,10,11,1.1,0.31723093059845003,0.45630308199890074
1,xcoord,1,1.68,100,1,131,10,10,7,0.7,0.398694714760212,0.8030910737507784
1,xcoord,1,1.68,100,2,131,10,10,11,1.1,0.536448924887827,0.8571496258639202
1,xcoord,1,1.68,100,3,132,10,10,7,0.7,0.33218549127640035,0.5511712875146946
1,xcoord,1,1.68,100,4,132,10,10,9,0.9,0.22933884297520668,0.7658444397196638
1,xcoord,1,1.68,100,5,132,10,10,7,0.7,0.43663911845730013,0.7342818582639371
1,xcoord,1,1.68,100,6,131,10,10,11,1.1,0.20313501544199056,0.6489783892333075
1,xcoord,1,1.68,100,7,131,10,10,8,0.8,0.4260241244682711,0.5663039674039277
1,xcoord,1,1.68,100,8,131,10,10,13,1.3,0.26432026105704803,0.6330100211414031
1,xcoord,2,1.8,100,0,131,10,10,11,1.1,0.345434415243867,0.49057066019969575
1,xcoord,2,1.8,100,1,131,10,10,10,1.0,0.32684575490938755,0.5683243111096823
1,xcoord,2,1.8,100,2,131,10,10,11,1.1,0.38004778276324225,0.7859678681161292
1,xcoord,2,1.8,100,3,132,10,10,7,0.7,0.2855831037649219,0.5583528753553789
1,xcoord,2,1.8,100,4,132,10,10,11,1.1,0.32954545454545453,0.6807932760917497
1,xcoord,2,1.8,100,5,132,10,10,6,0.6,0.3360881542699724,0.7757265043331942
1,xcoord,2,1.8,100,6,131,10,10,10,1.0,0.3699667851523804,0.8881729913708741
1,xcoord,2,1.8,100,7,131,10,10,9,0.9,0.6640638657420895,0.6555324360018973
1,xcoord,2,1.8,100,8,131,10,10,15,1.5,0.4500903210768603,0.5733587724786722
1,knn_k1,0,1.8,100,0,131,10,10,10,1.0,0.2056406969290834,1.0
1,knn_k1,0,1.8,100,1,131,10,10,10,1.0,0.11007517044461278,1.0
1,knn_k1,0,1.8,100,2,131,10,10,10,1.0,0.08560107219858984,1.0
1,knn_k1,0,1.8,100,3,132,10,10,10,1.0,0.10307621671258037,1.0
1,knn_k1,0,1.8,100,4,132,10,10,10,1.0,0.06864095500459137,1.0
1,knn_k1,0,1.8,100,5,132,10,10,10,1.0,0.08585858585858586,1.0
1,knn_k1,0,1.8,100,6,131,10,10,10,1.0,0.10191713769593849,1.0
1,knn_k1,0,1.8,100,7,131,10,10,10,1.0,0.14037643493968882,1.0
1,knn_k1,0,1.8,100,8,131,10,10,10,1.0,0.08210477244915798,1.0
1,knn_k1,1,1.8,100,0,131,10,10,10,1.0,0.20564069692908343,1.0
1,knn_k1,1,1.8,100,1,131,10,10,10,1.0,0.11007517044461278,1.0
1,knn_k1,1,1.8,100,2,131,10,10,10,1.0,0.08560107219858984,1.0
1,knn_k1,1,1.8,100,3,132,10,10,10,1.0,0.10307621671258037,1.0
1,knn_k1,1,1.8,100,4,132,10,10,10,1.0,0.06864095500459137,1.0
1,knn_k1,1,1.8,100,5,132,10,10,10,1.0,0.08585858585858586,1.0
1,knn_k1,1,1.8,100,6,131,10,10,10,1.0,0.10191713769593849,1.0
1,knn_k1,1,1.8,100,7,131,10,10,10,1.0,0.14037643493968882,1.0
1,knn_k1,1,1.8,100,8,131,10,10,10,1.0,0.08210477244915797,1.0
1,knn_k1,2,1.8,100,0,131,10,10,10,1.0,0.2056406969290834,1.0
1,knn_k1,2,1.8,100,1,131,10,10,10,1.0,0.11007517044461279,1.0
1,knn_k1,2,1.8,100,2,131,10,10,10,1.0,0.08560107219858983,1.0
1,knn_k1,2,1.8,100,3,132,10,10,10,1.0,0.10307621671258037,1.0
1,knn_k1,2,1.8,100,4,132,10,10,10,1.0,0.06864095500459139,1.0
1,knn_k1,2,1.8,100,5,132,10,10,10,1.0,0.08585858585858586,1.0
1,knn_k1,2,1.8,100,6,131,10,10,10,1.0,0.10191713769593849,1.0
1,knn_k1,2,1.8,100,7,131,10,10,10,1.0,0.14037643493968885,1.0
1,knn_k1,2,1.8,100,8,131,10,10,10,1.0,0.08210477244915798,1.0
1,dtm_k10,0,1.8,100,0,131,10,10,10,1.0,0.20214439717965157,1.0
1,dtm_k10,0,1.8,100,1,131,10,10,10,1.0,0.0960899714468854,1.0
1,dtm_k10,0,1.8,100,2,131,10,10,10,1.0,0.11124060369442342,1.0
1,dtm_k10,0,1.8,100,3,132,10,10,10,1.0,0.1317722681359045,1.0
1,dtm_k10,0,1.8,100,4,132,10,10,10,1.0,0.24311294765840222,1.0
1,dtm_k10,0,1.8,100,5,132,10,10,10,1.0,0.07782369146005509,1.0
1,dtm_k10,0,1.8,100,6,131,10,10,10,1.0,0.09958627119631722,1.0
1,dtm_k10,0,1.8,100,7,131,10,10,10,1.0,0.18582833168230295,1.0
1,dtm_k10,0,1.8,100,8,131,10,10,10,1.0,0.07161587320086243,1.0
1,dtm_k10,1,1.8,100,0,131,10,10,10,1.0,0.20214439717965157,1.0
1,dtm_k10,1,1.8,100,1,131,10,10,10,1.0,0.09608997144688537,1.0
1,dtm_k10,1,1.8,100,2,131,10,10,10,1.0,0.11124060369442342,1.0
1,dtm_k10,1,1.8,100,3,132,10,10,10,1.0,0.1317722681359045,1.0
1,dtm_k10,1,1.8,100,4,132,10,10,10,1.0,0.24311294765840222,1.0
1,dtm_k10,1,1.8,100,5,132,10,10,10,1.0,0.07782369146005512,1.0
1,dtm_k10,1,1.8,100,6,131,10,10,10,1.0,0.09958627119631724,1.0
1,dtm_k10,1,1.8,100,7,131,10,10,10,1.0,0.1858283316823029,1.0
1,dtm_k10,1,1.8,100,8,131,10,10,10,1.0,0.07161587320086243,1.0
1,dtm_k10,2,1.8,100,0,131,10,10,10,1.0,0.20214439717965157,1.0
1,dtm_k10,2,1.8,100,1,131,10,10,10,1.0,0.09608997144688537,1.0
1,dtm_k10,2,1.8,100,2,131,10,10,10,1.0,0.11124060369442342,1.0
1,dtm_k10,2,1.8,100,3,132,10,10,10,1.0,0.13177226813590454,1.0
1,dtm_k10,2,1.8,100,4,132,10,10,10,1.0,0.24311294765840222,1.0
1,dtm_k10,2,1.8,100,5,132,10,10,10,1.0,0.07782369146005509,1.0
1,dtm_k10,2,1.8,100,6,131,10,10,10,1.0,0.09958627119631724,1.0
1,dtm_k10,2,1.8,100,7,131,10,10,10,1.0,0.1858283316823029,1.0
1,dtm_k10,2,1.8,100,8,131,10,10,10,1.0,0.07161587320086243,1.0
1,random,0,1.8,100,0,131,10,10,10,1.0,0.06462327370199872,1.0
1,random,0,1.8,100,1,131,10,10,10,1.0,0.07744303944991551,1.0
1,random,0,1.8,100,2,131,10,10,10,1.0,0.1182332031932871,1.0
1,random,0,1.8,100,3,132,10,10,10,1.0,0.03305785123966942,1.0
1,random,0,1.8,100,4,132,10,10,10,1.0,0.021579430670339766,1.0
1,random,0,1.8,100,5,132,10,10,10,1.0,0.0847107438016529,1.0
1,random,0,1.8,100,6,131,10,10,10,1.0,0.11939863644309773,1.0
1,random,0,1.8,100,7,131,10,10,10,1.0,0.06811957345143058,1.0
1,random,0,1.8,100,8,131,10,10,10,1.0,0.052968941203892554,1.0
1,random,1,1.8,100,0,131,10,10,10,1.0,0.0494726414544607,1.0
1,random,1,1.8,100,1,131,10,10,10,1.0,0.0494726414544607,1.0
1,random,1,1.8,100,2,131,10,10,10,1.0,0.059961540702756264,1.0
1,random,1,1.8,100,3,132,10,10,10,1.0,0.061753902662993576,1.0
1,random,1,1.8,100,4,132,10,10,10,1.0,0.022727272727272728,1.0
1,random,1,1.8,100,5,132,10,10,10,1.0,0.09963269054178146,1.0
1,random,1,1.8,100,6,131,10,10,10,1.0,0.0622924072023775,1.0
1,random,1,1.8,100,7,131,10,10,10,1.0,0.136880135190257,1.0
1,random,1,1.8,100,8,131,10,10,10,1.0,0.08210477244915798,1.0
1,random,2,1.8,100,0,131,10,10,10,1.0,0.057630674203135016,1.0
1,random,2,1.8,100,1,131,10,10,10,1.0,0.06928500670124119,1.0
1,random,2,1.8,100,2,131,10,10,10,1.0,0.11357147019404466,1.0
1,random,2,1.8,100,3,132,10,10,10,1.0,0.02961432506887052,1.0
1,random,2,1.8,100,4,132,10,10,10,1.0,0.1225895316804408,1.0
1,random,2,1.8,100,5,132,10,10,10,1.0,0.04797979797979798,1.0
1,random,2,1.8,100,6,131,10,10,10,1.0,0.15902336693665872,1.0
1,random,2,1.8,100,7,131,10,10,10,1.0,0.07045043995105181,1.0
1,random,2,1.8,100,8,131,10,10,10,1.0,0.07511217295029428,1.0
1,ecc_p1,0,2.1,100,0,131,10,10,12,1.2,0.20902045335353414,0.7520991371066341
1,ecc_p1,0,2.1,100,1,131,10,10,13,1.3,0.2218984907639415,0.8455191845393252
1,ecc_p1,0,2.1,100,2,131,10,10,14,1.4,0.42683992774313834,0.8014114730213192
1,ecc_p1,0,2.1,100,3,132,10,10,11,1.1,0.25631313131313127,0.7207531630300537
1,ecc_p1,0,2.1,100,4,132,10,10,10,1.0,1.3186409550045919,0.971363619940021
1,ecc_p1,0,2.1,100,5,132,10,10,9,0.9,0.5351239669421488,0.8486095400853781
1,ecc_p1,0,2.1,100,6,131,10,10,11,1.1,0.6915680904376202,0.7062404370718272
1,ecc_p1,0,2.1,100,7,131,10,10,12,1.2,0.3097138861371715,0.6254177121205049
1,ecc_p1,0,2.1,100,8,131,10,10,13,1.3,0.3264378532719538,0.7531124612425565
1,ecc_p1,1,2.12,100,0,131,10,10,13,1.3,0.21583823786492629,0.6853409385600627
1,ecc_p1,1,2.12,100,1,131,10,10,14,1.4,0.312627469261698,0.7855117418871944
1,ecc_p1,1,2.12,100,2,131,10,10,14,1.4,0.47741973078491917,0.7760135413415219
1,ecc_p1,1,2.12,100,3,132,10,10,11,1.1,0.22348484848484848,0.7448352329408519
1,ecc_p1,1,2.12,100,4,132,10,10,10,1.0,0.9180440771349863,0.8487296104574334
1,ecc_p1,1,2.12,100,5,132,10,10,9,0.9,0.5351239669421488,0.8486095400853781
1,ecc_p1,1,2.12,100,6,131,10,10,11,1.1,0.5761901987063692,0.6670674443070986
1,ecc_p1,1,2.12,100,7,131,10,10,11,1.1,0.35056232154303363,0.7609185036905641
1,ecc_p1,1,2.12,100,8,131,10,10,13,1.3,0.24462443913524848,0.7095262886646633
1,ecc_p1,2,2.1,100,0,131,10,10,12,1.2,0.41320435872035427,0.9376849608692291
1,ecc_p1,2,2.1,100,1,131,10,10,14,1.4,0.22288910902628048,0.6751113795318777
1,ecc_p1,2,2.1,100,2,131,10,10,13,1.3,0.3673445603403066,0.8316297074383997
1,ecc_p1,2,2.1,100,3,132,10,10,11,1.1,0.25883838383838387,0.7655303238333175
1,ecc_p1,2,2.1,100,4,132,10,10,10,1.0,0.9696969696969697,0.8654128401895417
1,ecc_p1,2,2.1,100,5,132,10,10,9,0.9,0.5847107438016529,0.8681631264022379
1,ecc_p1,2,2.1,100,6,131,10,10,10,1.0,0.6671522638540877,0.7528158067546112
1,ecc_p1,2,2.1,100,7,131,10,10,12,1.2,0.4509643960142184,0.7537839296591321
1,ecc_p1,2,2.1,100,8,131,10,10,14,1.4,0.4039974360468503,0.7494274448995415
1,gauss_0.1,0,1.8,100,0,131,10,10,10,1.0,0.13454926869063574,1.0
1,gauss_0.1,0,1.8,100,1,131,10,10,10,1.0,0.5214731076277607,1.0
1,gauss_0.1,0,1.8,100,2,131,10,10,10,1.0,0.7533943243400735,1.0
1,gauss_0.1,0,1.8,100,3,132,10,10,10,1.0,0.6907713498622591,0.9949242020632537
1,gauss_0.1,0,1.8,100,4,132,10,10,10,1.0,0.8434343434343435,1.0
1,gauss_0.1,0,1.8,100,5,132,10,10,10,1.0,0.5438475665748395,0.9954267678271689
1,gauss_0.1,0,1.8,100,6,131,10,10,10,1.0,1.3862245789872383,0.9673698629440528
1,gauss_0.1,0,1.8,100,7,131,10,10,10,1.0,0.40959151564594143,0.9756980332027183
1,gauss_0.1,0,1.8,100,8,131,10,10,10,1.0,0.28022842491696287,0.7248866699625913
1,gauss_0.1,1,1.8,100,0,131,10,10,10,1.0,0.13454926869063574,1.0
1,gauss_0.1,1,1.8,100,1,131,10,10,10,1.0,0.5214731076277606,1.0
1,gauss_0.1,1,1.8,100,2,131,10,10,10,1.0,0.7533943243400733,1.0
1,gauss_0.1,1,1.8,100,3,132,10,10,10,1.0,0.6907713498622591,0.9949242020632537
1,gauss_0.1,1,1.8,100,4,132,10,10,10,1.0,0.8434343434343434,1.0
1,gauss_0.1,1,1.8,100,5,132,10,10,10,1.0,0.5438475665748395,0.9954267678271689
1,gauss_0.1,1,1.8,100,6,131,10,10,10,1.0,1.3862245789872383,0.9673698629440528
1,gauss_0.1,1,1.8,100,7,131,10,10,10,1.0,0.3140259891614708,0.888889352846703
1,gauss_0.1,1,1.8,100,8,131,10,10,10,1.0,0.42707301439310064,0.8492265373280449
1,gauss_0.1,2,1.82,100,0,131,10,10,10,1.0,0.13454926869063574,1.0
1,gauss_0.1,2,1.82,100,1,131,10,10,10,1.0,0.5214731076277607,1.0
1,gauss_0.1,2,1.82,100,2,131,10,10,10,1.0,0.7533943243400733,1.0
1,gauss_0.1,2,1.82,100,3,132,10,10,10,1.0,0.6907713498622591,0.9949242020632537
1,gauss_0.1,2,1.82,100,4,132,10,10,10,1.0,0.8434343434343434,1.0
1,gauss_0.1,2,1.82,100,5,132,10,10,10,1.0,0.5048209366391184,0.9796557677874861
1,gauss_0.1,2,1.82,100,6,131,10,10,10,1.0,1.3862245789872383,0.9814439923446122
1,gauss_0.1,2,1.82,100,7,131,10,10,10,1.0,0.36297418565351675,0.9303706611172673
1,gauss_0.1,2,1.82,100,8,131,10,10,11,1.1,0.3467163918186587,0.7033041211157357
1,dm_eig0,0,1.54,100,0,131,10,10,10,1.0,0.2475962939222656,0.4424278231610756
1,dm_eig0,0,1.54,100,1,131,10,10,10,1.0,0.9491871103082571,0.6643408528268493
1,dm_eig0,0,1.54,100,2,131,10,10,7,0.7,0.48272245207155745,0.8078319410771883
1,dm_eig0,0,1.54,100,3,132,10,10,9,0.9,0.6250000000000001,0.5251847210137904
1,dm_eig0,0,1.54,100,4,132,10,10,7,0.7,0.5483241505968778,0.7846144820766798
1,dm_eig0,0,1.54,100,5,132,10,10,9,0.9,0.756198347107438,0.8158035182790402
1,dm_eig0,0,1.54,100,6,131,10,10,8,0.8,0.4549268690635744,0.59327625215563
1,dm_eig0,0,1.54,100,7,131,10,10,7,0.7,0.6377250742963695,0.9923605610771864
1,dm_eig0,0,1.54,100,8,131,10,10,10,1.0,0.7801992890857176,0.7689369306503901
1,dm_eig0,1,1.62,100,0,131,10,10,10,1.0,0.2918827574150691,0.4999938903397446
1,dm_eig0,1,1.62,100,1,131,10,10,10,1.0,0.40376434939688827,0.5142378131290324
1,dm_eig0,1,1.62,100,2,131,10,10,7,0.7,0.37585222306392396,0.7741417323005639
1,dm_eig0,1,1.62,100,3,132,10,10,9,0.9,0.6012396694214878,0.5260469062481061
1,dm_eig0,1,1.62,100,4,132,10,10,7,0.7,0.33620293847566574,0.6843019217664054
1,dm_eig0,1,1.62,100,5,132,10,10,11,1.1,0.5555555555555556,0.5521350148939869
1,dm_eig0,1,1.62,100,6,131,10,10,8,0.8,0.5985082454402424,0.7434190044590168
1,dm_eig0,1,1.62,100,7,131,10,10,8,0.8,0.8511741739991842,0.9849942285494421
1,dm_eig0,1,1.62,100,8,131,10,10,11,1.1,0.5941378707534527,0.4981955327946537
1,dm_eig0,2,1.64,100,0,131,10,10,10,1.0,0.26041605967018244,0.45040797349371614
1,dm_eig0,2,1.64,100,1,131,10,10,10,1.0,0.3757939514014335,0.4709691678365824
1,dm_eig0,2,1.64,100,2,131,10,10,8,0.8,0.29642794708933046,0.5032311134787987
1,dm_eig0,2,1.64,100,3,132,10,10,9,0.9,1.0950413223140496,0.8510347964521264
1,dm_eig0,2,1.64,100,4,132,10,10,7,0.7,0.6294765840220384,0.8086544499754293
1,dm_eig0,2,1.64,100,5,132,10,10,11,1.1,1.1111111111111112,0.8258178811577327
1,dm_eig0,2,1.64,100,6,131,10,10,7,0.7,0.18740166656954718,0.5280804893233783
1,dm_eig0,2,1.64,100,7,131,10,10,9,0.9,0.45428588077617854,0.7234800582821875
1,dm_eig0,2,1.64,100,8,131,10,10,11,1.1,0.9428354990967894,0.7483109475623997
2,xcoord,0,1.68,100,0,131,10,10,12,1.2,1.0201619952217238,0.7122231623899136
2,xcoord,0,1.68,100,1,131,10,10,8,0.8,0.7103898374220616,0.7239678663363571
2,xcoord,0,1.68,100,2,131,10,10,9,0.9,0.4039391643843599,0.8560600619791002
2,xcoord,0,1.68,100,3,132,10,10,7,0.7,0.5772497704315885,0.8509554148362369
2,xcoord,0,1.68,100,4,132,10,10,9,0.9,0.4349173553719009,0.9368385638138765
2,xcoord,0,1.68,100,5,132,10,10,7,0.7,0.5145775941230486,0.7589205164460234
2,xcoord,0,1.68,100,6,131,10,10,10,1.0,0.43406561389196424,0.6705880622913695
2,xcoord,0,1.68,100,7,131,10,10,8,0.8,0.4968824660567566,0.5472133390322298
2,xcoord,0,1.68,100,8,131,10,10,14,1.4,0.9505856302080296,0.7311307524248167
2,xcoord,1,1.66,100,0,131,10,10,12,1.2,1.020161995221724,0.7274817142247453
2,xcoord,1,1.66,100,1,131,10,10,7,0.7,0.716042188683643,0.892382006061032
2,xcoord,1,1.66,100,2,131,10,10,9,0.9,0.39135248528640515,0.8607844445714422
2,xcoord,1,1.66,100,3,132,10,10,7,0.7,0.5025252525252525,0.785453549232641
2,xcoord,1,1.66,100,4,132,10,10,10,1.0,0.34412304866850324,0.7957002897208776
2,xcoord,1,1.66,100,5,132,10,10,7,0.7,0.3755739210284665,0.6072164137450505
2,xcoord,1,1.66,100,6,131,10,10,10,1.0,0.28022842491696287,0.608013921437255
2,xcoord,1,1.66,100,7,131,10,10,8,0.8,0.5742672338441815,0.6480395744090472
2,xcoord,1,1.66,100,8,131,10,10,13,1.3,0.7218693549326964,0.6697113252191159
2,xcoord,2,1.62,100,0,131,10,10,11,1.1,0.83643144338908,0.7256058146550204
2,xcoord,2,1.62,100,1,131,10,10,7,0.7,0.7160421886836429,0.892382006061032
2,xcoord,2,1.62,100,2,131,10,10,10,1.0,0.5168113746285182,0.8492546076121316
2,xcoord,2,1.62,100,3,132,10,10,7,0.7,0.7620523415977961,0.9174535453593926
2,xcoord,2,1.62,100,4,132,10,10,9,0.9,0.45557851239669434,0.9207661290322581
2,xcoord,2,1.62,100,5,132,10,10,7,0.7,0.6359044995408631,0.7336579730750433
2,xcoord,2,1.62,100,6,131,10,10,9,0.9,0.4375036419789056,0.8019551720635072
2,xcoord,2,1.62,100,7,131,10,10,8,0.8,0.6852164792261524,0.7226936811587736
2,xcoord,2,1.62,100,8,131,10,10,13,1.3,0.677932521414836,0.6526303345434566
2,knn_k1,0,1.8,100,0,131,10,10,10,1.0,0.19631723093059844,1.0
2,knn_k1,0,1.8,100,1,131,10,10,10,1.0,0.06695414020161995,1.0
2,knn_k1,0,1.8,100,2,131,10,10,10,1.0,0.13921100168987824,1.0
2,knn_k1,0,1.8,100,3,132,10,10,10,1.0,0.08126721763085401,1.0
2,knn_k1,0,1.8,100,4,132,10,10,10,1.0,0.09504132231404959,1.0
2,knn_k1,0,1.8,100,5,132,10,10,10,1.0,0.1765381083562902,1.0
2,knn_k1,0,1.8,100,6,131,10,10,10,1.0,0.12639123594196144,1.0
2,knn_k1,0,1.8,100,7,131,10,10,10,1.0,0.07394673970048367,1.0
2,knn_k1,0,1.8,100,8,131,10,10,10,1.0,0.1030825709457491,1.0
2,knn_k1,1,1.8,100,0,131,10,10,10,1.0,0.19631723093059844,1.0
2,knn_k1,1,1.8,100,1,131,10,10,10,1.0,0.06695414020161995,1.0
2,knn_k1,1,1.8,100,2,131,10,10,10,1.0,0.13921100168987824,1.0
2,knn_k1,1,1.8,100,3,132,10,10,10,1.0,0.08126721763085401,1.0
2,knn_k1,1,1.8,100,4,132,10,10,10,1.0,0.09504132231404959,1.0
2,knn_k1,1,1.8,100,5,132,10,10,10,1.0,0.1765381083562902,1.0
2,knn_k1,1,1.8,100,6,131,10,10,10,1.0,0.12639123594196147,1.0
2,knn_k1,1,1.8,100,7,131,10,10,10,1.0,0.07394673970048367,1.0
2,knn_k1,1,1.8,100,8,131,10,10,10,1.0,0.1030825709457491,1.0
2,knn_k1,2,1.8,100,0,131,10,10,10,1.0,0.1963172309305985,1.0
2,knn_k1,2,1.8,100,1,131,10,10,10,1.0,0.06695414020161997,1.0
2,knn_k1,2,1.8,100,2,131,10,10,10,1.0,0.13921100168987824,1.0
2,knn_k1,2,1.8,100,3,132,10,10,10,1.0,0.08126721763085401,1.0
2,knn_k1,2,1.8,100,4,132,10,10,10,1.0,0.09504132231404962,1.0
2,knn_k1,2,1.8,100,5,132,10,10,10,1.0,0.1765381083562902,1.0
2,knn_k1,2,1.8,100,6,131,10,10,10,1.0,0.12639123594196144,1.0
2,knn_k1,2,1.8,100,7,131,10,10,10,1.0,0.07394673970048367,1.0
2,knn_k1,2,1.8,100,8,131,10,10,10,1.0,0.1030825709457491,1.0
2,dtm_k10,0,1.8,100,0,131,10,10,10,1.0,0.28489015791620537,1.0
2,dtm_k10,0,1.8,100,1,131,10,10,10,1.0,0.06695414020161997,1.0
2,dtm_k10,0,1.8,100,2,131,10,10,10,1.0,0.057630674203135016,1.0
2,dtm_k10,0,1.8,100,3,132,10,10,10,1.0,0.10996326905417818,1.0
2,dtm_k10,0,1.8,100,4,132,10,10,10,1.0,0.1421028466483012,1.0
2,dtm_k10,0,1.8,100,5,132,10,10,10,1.0,0.04568411386593206,1.0
2,dtm_k10,0,1.8,100,6,131,10,10,10,1.0,0.07511217295029428,1.0
2,dtm_k10,0,1.8,100,7,131,10,10,10,1.0,0.08093933919934737,1.0
2,dtm_k10,0,1.8,100,8,131,10,10,10,1.0,0.04597634170502885,1.0
2,dtm_k10,1,1.8,100,0,131,10,10,10,1.0,0.28489015791620537,1.0
2,dtm_k10,1,1.8,100,1,131,10,10,10,1.0,0.06695414020161995,1.0
2,dtm_k10,1,1.8,100,2,131,10,10,10,1.0,0.057630674203135016,1.0
2,dtm_k10,1,1.8,100,3,132,10,10,10,1.0,0.10996326905417816,1.0
2,dtm_k10,1,1.8,100,4,132,10,10,10,1.0,0.14210284664830122,1.0
2,dtm_k10,1,1.8,100,5,132,10,10,10,1.0,0.04568411386593205,1.0
2,dtm_k10,1,1.8,100,6,131,10,10,10,1.0,0.07511217295029428,1.0
2,dtm_k10,1,1.8,100,7,131,10,10,10,1.0,0.08093933919934737,1.0
2,dtm_k10,1,1.8,100,8,131,10,10,10,1.0,0.04597634170502885,1.0
2,dtm_k10,2,1.8,100,0,131,10,10,10,1.0,0.28489015791620537,1.0
2,dtm_k10,2,1.8,100,1,131,10,10,10,1.0,0.06695414020161997,1.0
2,dtm_k10,2,1.8,100,2,131,10,10,10,1.0,0.057630674203135016,1.0
2,dtm_k10,2,1.8,100,3,132,10,10,10,1.0,0.10996326905417818,1.0
2,dtm_k10,2,1.8,100,4,132,10,10,10,1.0,0.14210284664830122,1.0
2,dtm_k10,2,1.8,100,5,132,10,10,10,1.0,0.04568411386593205,1.0
2,dtm_k10,2,1.8,100,6,131,10,10,10,1.0,0.07511217295029428,1.0
2,dtm_k10,2,1.8,100,7,131,10,10,10,1.0,0.08093933919934737,1.0
2,dtm_k10,2,1.8,100,8,131,10,10,10,1.0,0.04597634170502885,1.0
2,random,0,1.8,100,0,131,10,10,10,1.0,0.12988753569139327,1.0
2,random,0,1.8,100,1,131,10,10,10,1.0,0.14969990093817376,1.0
2,random,0,1.8,100,2,131,10,10,10,1.0,0.06578870695180934,1.0
2,random,0,1.8,100,3,132,10,10,10,1.0,0.05027548209366391,1.0
2,random,0,1.8,100,4,132,10,10,10,1.0,0.061753902662993576,1.0
2,random,0,1.8,100,5,132,10,10,10,1.0,0.059458218549127646,1.0
2,random,0,1.8,100,6,131,10,10,10,1.0,0.021502243459005886,1.0
2,random,0,1.8,100,7,131,10,10,10,1.0,0.054134374453703164,1.0
2,random,0,1.8,100,8,131,10,10,10,1.0,0.09026280519783231,1.0
2,random,1,1.8,100,0,131,10,10,10,1.0,0.04947264145446069,1.0
2,random,1,1.8,100,1,131,10,10,10,1.0,0.034322009206922674,1.0
2,random,1,1.8,100,2,131,10,10,10,1.0,0.0354874424567333,1.0
2,random,1,1.8,100,3,132,10,10,10,1.0,0.07552800734618917,1.0
2,random,1,1.8,100,4,132,10,10,10,1.0,0.02617079889807163,1.0
2,random,1,1.8,100,5,132,10,10,10,1.0,0.06519742883379248,1.0
2,random,1,1.8,100,6,131,10,10,10,1.0,0.07394673970048367,1.0
2,random,1,1.8,100,7,131,10,10,10,1.0,0.07278130645067304,1.0
2,random,1,1.8,100,8,131,10,10,10,1.0,0.02033681020919527,1.0
2,random,2,1.8,100,0,131,10,10,10,1.0,0.03898374220616515,1.0
2,random,2,1.8,100,1,131,10,10,10,1.0,0.02383310995862712,1.0
2,random,2,1.8,100,2,131,10,10,10,1.0,0.10308257094574907,1.0
2,random,2,1.8,100,3,132,10,10,10,1.0,0.028466483011937556,1.0
2,random,2,1.8,100,4,132,10,10,10,1.0,0.05027548209366391,1.0
2,random,2,1.8,100,5,132,10,10,10,1.0,0.09044995408631774,1.0
2,random,2,1.8,100,6,131,10,10,10,1.0,0.07860847269972615,1.0
2,random,2,1.8,100,7,131,10,10,10,1.0,0.03315657595711206,1.0
2,random,2,1.8,100,8,131,10,10,10,1.0,0.05063807470427133,1.0
2,ecc_p1,0,2.18,100,0,131,10,10,12,1.2,0.1852456150573976,0.6418813630756977
2,ecc_p1,0,2.18,100,1,131,10,10,12,1.2,0.2789464483421712,0.7682489581069204
2,ecc_p1,0,2.18,100,2,131,10,10,13,1.3,0.4855194918711031,0.8825429633287242
2,ecc_p1,0,2.18,100,3,132,10,10,13,1.3,0.43698347107438024,0.8457869018939929
2,ecc_p1,0,2.18,100,4,132,10,10,10,1.0,0.9352617079889807,0.9168273919330283
2,ecc_p1,0,2.18,100,5,132,10,10,12,1.2,0.6074380165289256,0.6720799507154125
2,ecc_p1,0,2.18,100,6,131,10,10,11,1.1,0.32235883689761674,0.8390071698352697
2,ecc_p1,0,2.18,100,7,131,10,10,13,1.3,0.923372763824952,0.7952802236416128
2,ecc_p1,0,2.18,100,8,131,10,10,13,1.3,0.29007633587786263,0.5822987038971239
2,ecc_p1,1,2.2,100,0,131,10,10,12,1.2,0.2272012120505798,0.648823596990898
2,ecc_p1,1,2.2,100,1,131,10,10,13,1.3,0.31280228424916967,0.6835396379856057
2,ecc_p1,1,2.2,100,2,131,10,10,13,1.3,0.40370607773439776,0.8326986465803331
2,ecc_p1,1,2.2,100,3,132,10,10,12,1.2,0.3939393939393939,0.9721311371928792
2,ecc_p1,1,2.2,100,4,132,10,10,10,1.0,0.9398530762167128,0.9965954729336729
2,ecc_p1,1,2.2,100,5,132,10,10,13,1.3,0.6085858585858587,0.6296960654615232
2,ecc_p1,1,2.2,100,6,131,10,10,12,1.2,0.34887244333080825,0.7888526674304991
2,ecc_p1,1,2.2,100,7,131,10,10,13,1.3,0.937008332847736,0.8115054372207192
2,ecc_p1,1,2.2,100,8,131,10,10,12,1.2,0.28454052794126217,0.6540032765149711
2,ecc_p1,2,2.18,100,0,131,10,10,12,1.2,0.23838937124876172,0.6548617785146236
2,ecc_p1,2,2.18,100,1,131,10,10,13,1.3,0.3128022842491696,0.6835396379856057
2,ecc_p1,2,2.18,100,2,131,10,10,13,1.3,0.46127848027504226,0.8713076644764207
2,ecc_p1,2,2.18,100,3,132,10,10,12,1.2,0.38705234159779617,0.9618179913034017
2,ecc_p1,2,2.18,100,4,132,10,10,12,1.2,0.6845730027548209,0.7164393407520683
2,ecc_p1,2,2.18,100,5,132,10,10,12,1.2,0.6005509641873279,0.7500775120128771
2,ecc_p1,2,2.18,100,6,131,10,10,10,1.0,0.21962589592681084,0.8590042653278042
2,ecc_p1,2,2.18,100,7,131,10,10,12,1.2,0.8285647689528582,0.8349551771987401
2,ecc_p1,2,2.18,100,8,131,10,10,13,1.3,0.24613950236000234,0.5558735402376987
2,gauss_0.1,0,1.82,100,0,131,10,10,10,1.0,0.11357147019404466,1.0
2,gauss_0.1,0,1.82,100,1,131,10,10,10,1.0,0.13454926869063574,1.0
2,gauss_0.1,0,1.82,100,2,131,10,10,10,1.0,0.4608705786376085,1.0
2,gauss_0.1,0,1.82,100,3,132,10,10,10,1.0,0.1673553719008265,1.0
2,gauss_0.1,0,1.82,100,4,132,10,10,10,1.0,0.8606519742883381,0.9921980641345116
2,gauss_0.1,0,1.82,100,5,132,10,10,10,1.0,0.6219008264462811,1.0
2,gauss_0.1,0,1.82,100,6,131,10,10,11,1.1,0.4838878853213683,0.8654343754277759
2,gauss_0.1,0,1.82,100,7,131,10,10,10,1.0,0.32451488840976633,0.8676870334507634
2,gauss_0.1,0,1.82,100,8,131,10,10,10,1.0,0.19515179768078786,0.9227149566040689
2,gauss_0.1,1,1.84,100,0,131,10,10,10,1.0,0.11357147019404466,1.0
2,gauss_0.1,1,1.84,100,1,131,10,10,10,1.0,0.13454926869063574,1.0
2,gauss_0.1,1,1.84,100,2,131,10,10,10,1.0,0.4608705786376085,1.0
2,gauss_0.1,1,1.84,100,3,132,10,10,10,1.0,0.1673553719008265,1.0
2,gauss_0.1,1,1.84,100,4,132,10,10,10,1.0,0.8606519742883383,0.9921980641345116
2,gauss_0.1,1,1.84,100,5,132,10,10,10,1.0,0.6219008264462811,1.0
2,gauss_0.1,1,1.84,100,6,131,10,10,11,1.1,0.4838878853213683,0.8654343754277759
2,gauss_0.1,1,1.84,100,7,131,10,10,10,1.0,0.32451488840976633,0.8676870334507634
2,gauss_0.1,1,1.84,100,8,131,10,10,11,1.1,0.26851582075636615,0.9013307548950451
2,gauss_0.1,2,1.86,100,0,131,10,10,10,1.0,0.11357147019404466,1.0
2,gauss_0.1,2,1.86,100,1,131,10,10,10,1.0,0.13454926869063574,1.0
2,gauss_0.1,2,1.86,100,2,131,10,10,10,1.0,0.4608705786376085,1.0
2,gauss_0.1,2,1.86,100,3,132,10,10,10,1.0,0.1673553719008265,1.0
2,gauss_0.1,2,1.86,100,4,132,10,10,10,1.0,0.8721303948576677,0.9961086814749205
2,gauss_0.1,2,1.86,100,5,132,10,10,11,1.1,0.7462121212121212,0.9710325557085565
2,gauss_0.1,2,1.86,100,6,131,10,10,10,1.0,0.3979371831478352,0.9633707789140413
2,gauss_0.1,2,1.86,100,7,131,10,10,11,1.1,0.245440242410116,0.745121495353329
2,gauss_0.1,2,1.86,100,8,131,10,10,11,1.1,0.25569605500844944,0.9036119211055368
2,dm_eig0,0,1.42,100,0,131,10,10,8,0.8,0.8968591573917604,0.8107459103874344
2,dm_eig0,0,1.42,100,1,131,10,10,7,0.7,0.4900646815453644,0.9506287360820874
2,dm_eig0,0,1.42,100,2,131,10,10,9,0.9,0.34625021851873433,0.652637267982908
2,dm_eig0,0,1.42,100,3,132,10,10,6,0.6,0.3891184573002755,0.7937453468995245
2,dm_eig0,0,1.42,100,4,132,10,10,10,1.0,1.363406795224977,0.8688181065876064
2,dm_eig0,0,1.42,100,5,132,10,10,7,0.7,0.8191000918273644,0.9776738845613748
2,dm_eig0,0,1.42,100,6,131,10,10,9,0.9,0.5088281568673154,0.6776544460682179
2,dm_eig0,0,1.42,100,7,131,10,10,7,0.7,0.3032457316007225,0.6557115743387755
2,dm_eig0,0,1.42,100,8,131,10,10,8,0.8,0.7896392984091836,0.9842816574177422
2,dm_eig0,1,1.52,100,0,131,10,10,8,0.8,0.8968591573917604,0.8107459103874344
2,dm_eig0,1,1.52,100,1,131,10,10,7,0.7,0.519433599440592,0.9634015271617931
2,dm_eig0,1,1.52,100,2,131,10,10,8,0.8,0.7439543150166075,0.9089933771261726
2,dm_eig0,1,1.52,100,3,132,10,10,7,0.7,0.30325987144168964,0.6417052033797465
2,dm_eig0,1,1.52,100,4,132,10,10,11,1.1,1.023989898989899,0.7198897550347919
2,dm_eig0,1,1.52,100,5,132,10,10,8,0.8,0.3241505968778696,0.4704300026641104
2,dm_eig0,1,1.52,100,6,131,10,10,9,0.9,0.5413437445370316,0.7131246554582185
2,dm_eig0,1,1.52,100,7,131,10,10,8,0.8,0.142590758114329,0.5043202248648994
2,dm_eig0,1,1.52,100,8,131,10,10,10,1.0,0.9969698735504924,0.8563791880176302
2,dm_eig0,2,1.48,100,0,131,10,10,8,0.8,0.8642270263970631,0.787407862336883
2,dm_eig0,2,1.48,100,1,131,10,10,6,0.6,0.335236874308024,0.904105049325711
2,dm_eig0,2,1.48,100,2,131,10,10,10,1.0,0.7906881883340132,0.7716622555754882
2,dm_eig0,2,1.48,100,3,132,10,10,7,0.7,0.360307621671258,0.8605699695497303
2,dm_eig0,2,1.48,100,4,132,10,10,10,1.0,0.720615243342516,0.5466356900649668
2,dm_eig0,2,1.48,100,5,132,10,10,8,0.8,0.26905417814508725,0.4522304519423397
2,dm_eig0,2,1.48,100,6,131,10,10,9,0.9,0.26968125400617676,0.46564888924277287
2,dm_eig0,2,1.48,100,7,131,10,10,8,0.8,0.4241594312685741,0.6921113779217236
2,dm_eig0,2,1.48,100,8,131,10,10,8,0.8,0.7178486102208496,0.9032093287716617
3,xcoord,0,1.62,100,0,131,10,10,14,1.4,1.1055882524328415,0.7549939248747186
3,xcoord,0,1.62,100,1,131,10,10,7,0.7,0.5814346483305167,0.8778646643169777
3,xcoord,0,1.62,100,2,131,10,10,11,1.1,0.9274517801992892,0.784046353641278
3,xcoord,0,1.62,100,3,132,10,10,6,0.6,0.128099173553719,0.59387255408156
3,xcoord,0,1.62,100,4,132,10,10,9,0.9,0.237603305785124,0.7890379620436447
3,xcoord,0,1.62,100,5,132,10,10,6,0.6,0.20316804407713498,0.5824993347055814
3,xcoord,0,1.62,100,6,131,10,10,10,1.0,0.4095915156459414,0.866740428805137
3,xcoord,0,1.62,100,7,131,10,10,6,0.6,0.3044694365130237,0.7326603902721776
3,xcoord,0,1.62,100,8,131,10,10,12,1.2,0.9670182390303597,0.6842338074508778
3,xcoord,1,1.74,100,0,131,10,10,12,1.2,0.765631373463085,0.7119040585340817
3,xcoord,1,1.74,100,1,131,10,10,9,0.9,0.9514597051453877,0.83060904345282
3,xcoord,1,1.74,100,2,131,10,10,9,0.9,0.3672280170153255,0.7232435965492285
3,xcoord,1,1.74,100,3,132,10,10,6,0.6,0.10330578512396695,0.41923069639629595
3,xcoord,1,1.74,100,4,132,10,10,12,1.2,0.30027548209366395,0.6318357226234713
3,xcoord,1,1.74,100,5,132,10,10,6,0.6,0.20041322314049587,0.5792199741383591
3,xcoord,1,1.74,100,6,131,10,10,14,1.4,0.684633762601247,0.7256383638350423
3,xcoord,1,1.74,100,7,131,10,10,6,0.6,0.20657304352893188,0.5944951247413982
3,xcoord,1,1.74,100,8,131,10,10,13,1.3,1.0233669366587028,0.6655412988178961
3,xcoord,2,1.68,100,0,131,10,10,13,1.3,1.0642736437270552,0.7619323539172255
3,xcoord,2,1.68,100,1,131,10,10,6,0.6,0.3296427947089331,0.8374816389051588
3,xcoord,2,1.68,100,2,131,10,10,10,1.0,0.7230930598449974,0.8483500077272768
3,xcoord,2,1.68,100,3,132,10,10,6,0.6,0.12672176308539945,0.5657447866086981
3,xcoord,2,1.68,100,4,132,10,10,12,1.2,0.12258953168044077,0.5553791090520385
3,xcoord,2,1.68,100,5,132,10,10,6,0.6,0.05991735537190083,0.45799687342054846
3,xcoord,2,1.68,100,6,131,10,10,11,1.1,0.40440533768428416,0.8010923472257726
3,xcoord,2,1.68,100,7,131,10,10,7,0.7,0.5047491404929781,0.7198235044673584
3,xcoord,2,1.68,100,8,131,10,10,13,1.3,0.9824602295903503,0.6202922649186733
3,knn_k1,0,2.02,100,0,131,10,10,10,1.0,0.1182332031932871,1.0
3,knn_k1,0,2.02,100,1,131,10,10,10,1.0,0.026163976458248358,1.0
3,knn_k1,0,2.02,100,2,131,10,10,10,1.0,0.02849484295786959,1.0
3,knn_k1,0,2.02,100,3,132,10,10,10,1.0,0.1696510560146924,1.0
3,knn_k1,0,2.02,100,4,132,10,10,10,1.0,0.09733700642791554,1.0
3,knn_k1,0,2.02,100,5,132,10,10,10,1.0,0.09504132231404962,1.0
3,knn_k1,0,2.02,100,6,131,10,10,12,1.2,0.2537730901462618,0.9295248410008052
3,knn_k1,0,2.02,100,7,131,10,10,11,1.1,0.17621350737136532,0.9608305731796006
3,knn_k1,0,2.02,100,8,131,10,10,18,1.8,0.29328127731484177,0.6133008676825548
3,knn_k1,1,1.98,100,0,131,10,10,10,1.0,0.1182332031932871,1.0
3,knn_k1,1,1.98,100,1,131,10,10,10,1.0,0.026163976458248358,1.0
3,knn_k1,1,1.98,100,2,131,10,10,10,1.0,0.02849484295786959,1.0
3,knn_k1,1,1.98,100,3,132,10,10,10,1.0,0.1696510560146924,1.0
3,knn_k1,1,1.98,100,4,132,10,10,10,1.0,0.09733700642791554,1.0
3,knn_k1,1,1.98,100,5,132,10,10,10,1.0,0.09504132231404962,1.0
3,knn_k1,1,1.98,100,6,131,10,10,12,1.2,0.2537730901462619,0.9295248410008052
3,knn_k1,1,1.98,100,7,131,10,10,11,1.1,0.17621350737136532,0.9608305731796006
3,knn_k1,1,1.98,100,8,131,10,10,16,1.6,0.2726531087931939,0.7059770650975822
3,knn_k1,2,2.02,100,0,131,10,10,10,1.0,0.1182332031932871,1.0
3,knn_k1,2,2.02,100,1,131,10,10,10,1.0,0.026163976458248358,1.0
3,knn_k1,2,2.02,100,2,131,10,10,10,1.0,0.02849484295786959,1.0
3,knn_k1,2,2.02,100,3,132,10,10,10,1.0,0.1696510560146924,1.0
3,knn_k1,2,2.02,100,4,132,10,10,10,1.0,0.09733700642791554,1.0
3,knn_k1,2,2.02,100,5,132,10,10,10,1.0,0.09504132231404962,1.0
3,knn_k1,2,2.02,100,6,131,10,10,12,1.2,0.25377309014626187,0.9295248410008052
3,knn_k1,2,2.02,100,7,131,10,10,11,1.1,0.17621350737136532,0.9608305731796006
3,knn_k1,2,2.02,100,8,131,10,10,18,1.8,0.3436279937066604,0.6523793879046729
3,dtm_k10,0,2.0,100,0,131,10,10,10,1.0,0.191655497931356,0.9746104349174355
3,dtm_k10,0,2.0,100,1,131,10,10,10,1.0,0.1030825709457491,1.0
3,dtm_k10,0,2.0,100,2,131,10,10,10,1.0,0.14387273468912073,1.0
3,dtm_k10,0,2.0,100,3,132,10,10,10,1.0,0.10307621671258037,1.0
3,dtm_k10,0,2.0,100,4,132,10,10,10,1.0,0.0881542699724518,1.0
3,dtm_k10,0,2.0,100,5,132,10,10,10,1.0,0.09504132231404962,1.0
3,dtm_k10,0,2.0,100,6,131,10,10,10,1.0,0.11240603694423403,1.0
3,dtm_k10,0,2.0,100,7,131,10,10,10,1.0,0.0984208379465066,1.0
3,dtm_k10,0,2.0,100,8,131,10,10,20,2.0,0.29246547403997436,0.4708674751194866
3,dtm_k10,1,2.0,100,0,131,10,10,10,1.0,0.191655497931356,0.9746104349174355
3,dtm_k10,1,2.0,100,1,131,10,10,10,1.0,0.1030825709457491,1.0
3,dtm_k10,1,2.0,100,2,131,10,10,10,1.0,0.14387273468912068,1.0
3,dtm_k10,1,2.0,100,3,132,10,10,10,1.0,0.10307621671258037,1.0
3,dtm_k10,1,2.0,100,4,132,10,10,10,1.0,0.0881542699724518,1.0
3,dtm_k10,1,2.0,100,5,132,10,10,10,1.0,0.09504132231404959,1.0
3,dtm_k10,1,2.0,100,6,131,10,10,10,1.0,0.11240603694423403,1.0
3,dtm_k10,1,2.0,100,7,131,10,10,10,1.0,0.09842083794650662,1.0
3,dtm_k10,1,2.0,100,8,131,10,10,20,2.0,0.29246547403997436,0.4708674751194866
3,dtm_k10,2,2.0,100,0,131,10,10,10,1.0,0.191655497931356,0.9746104349174355
3,dtm_k10,2,2.0,100,1,131,10,10,10,1.0,0.10308257094574912,1.0
3,dtm_k10,2,2.0,100,2,131,10,10,10,1.0,0.14387273468912068,1.0
3,dtm_k10,2,2.0,100,3,132,10,10,10,1.0,0.10307621671258037,1.0
3,dtm_k10,2,2.0,100,4,132,10,10,10,1.0,0.0881542699724518,1.0
3,dtm_k10,2,2.0,100,5,132,10,10,10,1.0,0.09504132231404962,1.0
3,dtm_k10,2,2.0,100,6,131,10,10,10,1.0,0.11240603694423403,1.0
3,dtm_k10,2,2.0,100,7,131,10,10,10,1.0,0.0984208379465066,1.0
3,dtm_k10,2,2.0,100,8,131,10,10,20,2.0,0.29246547403997436,0.4708674751194866
3,random,0,1.92,100,0,131,10,10,11,1.1,0.1351902569780316,0.9787776691356994
3,random,0,1.92,100,1,131,10,10,10,1.0,0.07627760620010489,1.0
3,random,0,1.92,100,2,131,10,10,11,1.1,0.16723967134782355,0.9857133487489552
3,random,0,1.92,100,3,132,10,10,10,1.0,0.10537190082644629,1.0
3,random,0,1.92,100,4,132,10,10,11,1.1,0.11363636363636363,0.9826554379718723
3,random,0,1.92,100,5,132,10,10,12,1.2,0.21074380165289255,0.9695430958959499
3,random,0,1.92,100,6,131,10,10,11,1.1,0.11467863178136471,0.9857451083635633
3,random,0,1.92,100,7,131,10,10,10,1.0,0.1030825709457491,1.0
3,random,0,1.92,100,8,131,10,10,10,1.0,0.062292407202377484,1.0
3,random,1,1.96,100,0,131,10,10,13,1.3,0.2825010197540936,0.9486643318089331
3,random,1,1.96,100,1,131,10,10,10,1.0,0.07045043995105181,1.0
3,random,1,1.96,100,2,131,10,10,11,1.1,0.16723967134782358,0.985071664319818
3,random,1,1.96,100,3,132,10,10,10,1.0,0.0881542699724518,1.0
3,random,1,1.96,100,4,132,10,10,10,1.0,0.02961432506887052,1.0
3,random,1,1.96,100,5,132,10,10,11,1.1,0.1553030303030303,0.9845212942604126
3,random,1,1.96,100,6,131,10,10,10,1.0,0.05763067420313502,1.0
3,random,1,1.96,100,7,131,10,10,12,1.2,0.2160130528523979,0.9678924191795819
3,random,1,1.96,100,8,131,10,10,11,1.1,0.11211467863178137,0.982360770877098
3,random,2,1.92,100,0,131,10,10,11,1.1,0.1300623506788649,0.9832862653103894
3,random,2,1.92,100,1,131,10,10,10,1.0,0.0494726414544607,1.0
3,random,2,1.92,100,2,131,10,10,11,1.1,0.19416117941844885,0.9847612786745743
3,random,2,1.92,100,3,132,10,10,10,1.0,0.02846648301193756,1.0
3,random,2,1.92,100,4,132,10,10,11,1.1,0.125,0.9598056401313149
3,random,2,1.92,100,5,132,10,10,11,1.1,0.25252525252525254,0.9832896744948862
3,random,2,1.92,100,6,131,10,10,10,1.0,0.05763067420313502,1.0
3,random,2,1.92,100,7,131,10,10,10,1.0,0.10774430394499156,1.0
3,random,2,1.92,100,8,131,10,10,12,1.2,0.21461453295262514,0.9659041418539702
3,ecc_p1,0,2.38,100,0,131,10,10,14,1.4,0.5720529106695413,0.7809096283469089
3,ecc_p1,0,2.38,100,1,131,10,10,14,1.4,0.4969990093817375,0.871091207116993
3,ecc_p1,0,2.38,100,2,131,10,10,14,1.4,0.3534176330050696,0.7449053268161192
3,ecc_p1,0,2.38,100,3,132,10,10,12,1.2,0.2190082644628099,0.8535243152352849
3,ecc_p1,0,2.38,100,4,132,10,10,13,1.3,0.6220156106519744,0.9340569345379849
3,ecc_p1,0,2.38,100,5,132,10,10,12,1.2,1.0633608815426996,0.8241482439488216
3,ecc_p1,0,2.38,100,6,131,10,10,12,1.2,0.6831186993764933,0.7844977323241651
3,ecc_p1,0,2.38,100,7,131,10,10,13,1.3,0.27189557718081697,0.5937372176001382
3,ecc_p1,0,2.38,100,8,131,10,10,15,1.5,0.4256162228308374,0.6434749254484027
3,ecc_p1,1,2.4,100,0,131,10,10,14,1.4,0.6210011071615872,0.7879916662868549
3,ecc_p1,1,2.4,100,1,131,10,10,15,1.5,0.47631256919759923,0.7410420750595128
3,ecc_p1,1,2.4,100,2,131,10,10,13,1.3,0.3991608880601364,0.8904637719151551
3,ecc_p1,1,2.4,100,3,132,10,10,13,1.3,0.21912304866850327,0.6976207386363636
3,ecc_p1,1,2.4,100,4,132,10,10,13,1.3,0.44295224977043157,0.829047225611591
3,ecc_p1,1,2.4,100,5,132,10,10,14,1.4,0.7483930211202935,0.6269459913914205
3,ecc_p1,1,2.4,100,6,131,10,10,12,1.2,0.6831186993764933,0.7844977323241651
3,ecc_p1,1,2.4,100,7,131,10,10,13,1.3,0.2597750713827865,0.5651090066380434
3,ecc_p1,1,2.4,100,8,131,10,10,13,1.3,0.5052153137929025,0.9226901303140355
3,ecc_p1,2,2.52,100,0,131,10,10,14,1.4,0.5361575665753743,0.7419597800572935
3,ecc_p1,2,2.52,100,1,131,10,10,15,1.5,0.504282967193054,0.775243751508185
3,ecc_p1,2,2.52,100,2,131,10,10,15,1.5,0.6563720062933396,0.8227288814439842
3,ecc_p1,2,2.52,100,3,132,10,10,14,1.4,0.22933884297520657,0.7199547260710437
3,ecc_p1,2,2.52,100,4,132,10,10,14,1.4,0.5860881542699724,0.8425150031138013
3,ecc_p1,2,2.52,100,5,132,10,10,12,1.2,0.559228650137741,0.6483798971687157
3,ecc_p1,2,2.52,100,6,131,10,10,12,1.2,0.6831186993764933,0.7844977323241651
3,ecc_p1,2,2.52,100,7,131,10,10,14,1.4,0.5312627469261697,0.6645517982350604
3,ecc_p1,2,2.52,100,8,131,10,10,16,1.6,0.4908222131577414,0.5968553198947788
3,gauss_0.1,0,2.04,100,0,131,10,10,12,1.2,0.21181749315307966,0.8604195508969464
3,gauss_0.1,0,2.04,100,1,131,10,10,18,1.8,0.26601013926927336,0.5720299452038274
3,gauss_0.1,0,2.04,100,2,131,10,10,10,1.0,0.2639123594196143,1.0
3,gauss_0.1,0,2.04,100,3,132,10,10,10,1.0,0.09733700642791554,1.0
3,gauss_0.1,0,2.04,100,4,132,10,10,10,1.0,0.3337924701561066,1.0
3,gauss_0.1,0,2.04,100,5,132,10,10,10,1.0,0.35904499540863183,0.9524290736892685
3,gauss_0.1,0,2.04,100,6,131,10,10,11,1.1,0.5902919410290777,0.9449995556487072
3,gauss_0.1,0,2.04,100,7,131,10,10,11,1.1,0.7146436687838705,0.9808510193995671
3,gauss_0.1,0,2.04,100,8,131,10,10,10,1.0,0.45970514538779794,0.9735923241275289
3,gauss_0.1,1,2.04,100,0,131,10,10,13,1.3,0.17644659402132742,0.75917423707869
3,gauss_0.1,1,2.04,100,1,131,10,10,17,1.7,0.29077559582774887,0.6225694581907775
3,gauss_0.1,1,2.04,100,2,131,10,10,10,1.0,0.2639123594196143,1.0
3,gauss_0.1,1,2.04,100,3,132,10,10,10,1.0,0.09733700642791554,1.0
3,gauss_0.1,1,2.04,100,4,132,10,10,10,1.0,0.33379247015610647,1.0
3,gauss_0.1,1,2.04,100,5,132,10,10,10,1.0,0.35904499540863183,0.9524290736892685
3,gauss_0.1,1,2.04,100,6,131,10,10,11,1.1,0.5608064798088691,0.9335752774330818
3,gauss_0.1,1,2.04,100,7,131,10,10,11,1.1,0.7146436687838703,0.9772614800017988
3,gauss_0.1,1,2.04,100,8,131,10,10,10,1.0,0.45970514538779794,0.9633087699177746
3,gauss_0.1,2,2.04,100,0,131,10,10,10,1.0,0.16834683293514363,1.0
3,gauss_0.1,2,2.04,100,1,131,10,10,20,2.0,0.10599615407027566,0.43148894016228756
3,gauss_0.1,2,2.04,100,2,131,10,10,10,1.0,0.2639123594196143,1.0
3,gauss_0.1,2,2.04,100,3,132,10,10,10,1.0,0.09733700642791554,1.0
3,gauss_0.1,2,2.04,100,4,132,10,10,10,1.0,0.33379247015610647,1.0
3,gauss_0.1,2,2.04,100,5,132,10,10,10,1.0,0.35904499540863183,0.9524290736892685
3,gauss_0.1,2,2.04,100,6,131,10,10,11,1.1,0.5608064798088691,0.9335752774330818
3,gauss_0.1,2,2.04,100,7,131,10,10,11,1.1,0.7146436687838703,0.971022507327324
3,gauss_0.1,2,2.04,100,8,131,10,10,10,1.0,0.45970514538779794,0.9735923241275289
3,dm_eig0,0,1.64,100,0,131,10,10,11,1.1,0.7184895985082457,0.62646547096013
3,dm_eig0,0,1.64,100,1,131,10,10,6,0.6,0.29747683701416,0.7868892560187817
3,dm_eig0,0,1.64,100,2,131,10,10,10,1.0,0.45970514538779805,0.8331019529385479
3,dm_eig0,0,1.64,100,3,132,10,10,8,0.8,0.5785123966942148,0.7685975308049624
3,dm_eig0,0,1.64,100,4,132,10,10,12,1.2,0.6914600550964187,0.7275143089235616
3,dm_eig0,0,1.64,100,5,132,10,10,6,0.6,0.4194214876033058,0.6938118152851991
3,dm_eig0,0,1.64,100,6,131,10,10,10,1.0,0.2825592914165841,0.8073191780122948
3,dm_eig0,0,1.64,100,7,131,10,10,6,0.6,0.18419672513256805,0.4346162309726018
3,dm_eig0,0,1.64,100,8,131,10,10,13,1.3,0.50824544024241,0.6115691499102431
3,dm_eig0,1,1.54,100,0,131,10,10,12,1.2,0.648155701882175,0.6163005307880208
3,dm_eig0,1,1.54,100,1,131,10,10,6,0.6,0.28908571761552365,0.7655145148788537
3,dm_eig0,1,1.54,100,2,131,10,10,8,0.8,0.2740516286929666,0.8979547671752512
3,dm_eig0,1,1.54,100,3,132,10,10,7,0.7,0.41896235078053257,0.7301201762132787
3,dm_eig0,1,1.54,100,4,132,10,10,12,1.2,0.6322314049586777,0.6837241237394858
3,dm_eig0,1,1.54,100,5,132,10,10,6,0.6,0.162534435261708,0.5477646186043512
3,dm_eig0,1,1.54,100,6,131,10,10,11,1.1,0.5890099644542861,0.893220577687441
3,dm_eig0,1,1.54,100,7,131,10,10,6,0.6,0.4058621292465475,0.5509167867851245
3,dm_eig0,1,1.54,100,8,131,10,10,9,0.9,0.47211700949828095,0.8535246712102851
3,dm_eig0,2,1.56,100,0,131,10,10,11,1.1,0.6633646057922034,0.6282737842050331
3,dm_eig0,2,1.56,100,1,131,10,10,8,0.8,0.8204067362041839,0.8731419353281609
3,dm_eig0,2,1.56,100,2,131,10,10,10,1.0,0.48767554338325286,0.8531267201209444
3,dm_eig0,2,1.56,100,3,132,10,10,7,0.7,0.4044995408631772,0.7489557884984086
3,dm_eig0,2,1.56,100,4,132,10,10,10,1.0,0.4026629935720845,0.7296280380195671
3,dm_eig0,2,1.56,100,5,132,10,10,6,0.6,0.162534435261708,0.5028437802795499
3,dm_eig0,2,1.56,100,6,131,10,10,9,0.9,0.25709457490822213,0.8582753625974097
3,dm_eig0,2,1.56,100,7,131,10,10,6,0.6,0.3128605559116602,0.7076616427502821
3,dm_eig0,2,1.56,100,8,131,10,10,11,1.1,0.6454169337451199,0.7722855943810802
4,xcoord,0,1.64,100,0,131,10,10,11,1.1,0.3646640638657421,0.5967207137328291
4,xcoord,0,1.64,100,1,131,10,10,10,1.0,0.3991026163976458,0.5540508831642171
4,xcoord,0,1.64,100,2,131,10,10,9,0.9,0.3955480449857235,0.8941256568213385
4,xcoord,0,1.64,100,3,132,10,10,7,0.7,0.4454775022956842,0.8136744783085387
4,xcoord,0,1.64,100,4,132,10,10,8,0.8,0.31313131313131315,0.9467206039265121
4,xcoord,0,1.64,100,5,132,10,10,8,0.8,0.5785123966942148,0.8230465975980046
4,xcoord,0,1.64,100,6,131,10,10,10,1.0,0.3338383544082513,0.7056897254236478
4,xcoord,0,1.64,100,7,131,10,10,8,0.8,0.5444321426490297,0.7381156988897366
4,xcoord,0,1.64,100,8,131,10,10,11,1.1,0.46337626012470134,0.6328481148990498
4,xcoord,1,1.66,100,0,131,10,10,12,1.2,0.263562729444671,0.47218695440419595
4,xcoord,1,1.66,100,1,131,10,10,9,0.9,0.22772565701299458,0.5509444508702624
4,xcoord,1,1.66,100,2,131,10,10,9,0.9,0.35359244799254125,0.8843098160030163
4,xcoord,1,1.66,100,3,132,10,10,8,0.8,0.6097337006427915,0.8017766453245694
4,xcoord,1,1.66,100,4,132,10,10,9,0.9,0.36466942148760334,0.8682655706083502
4,xcoord,1,1.66,100,5,132,10,10,8,0.8,0.6262626262626263,0.8411947313789871
4,xcoord,1,1.66,100,6,131,10,10,9,0.9,0.15010780257560746,0.643543494422639
4,xcoord,1,1.66,100,7,131,10,10,8,0.8,0.7141192238214557,0.8511861485426565
4,xcoord,1,1.66,100,8,131,10,10,11,1.1,0.5774721752811609,0.7151423259389218
4,xcoord,2,1.6,100,0,131,10,10,11,1.1,0.4595303304003263,0.6930361995124795
4,xcoord,2,1.6,100,1,131,10,10,9,0.9,0.18577006001981236,0.5400148999873491
4,xcoord,2,1.6,100,2,131,10,10,10,1.0,0.4771866441349572,0.8657361393777174
4,xcoord,2,1.6,100,3,132,10,10,7,0.7,0.5129706152433426,0.8648526435597335
4,xcoord,2,1.6,100,4,132,10,10,8,0.8,0.2874196510560147,0.9438148215538977
4,xcoord,2,1.6,100,5,132,10,10,7,0.7,0.23576675849403123,0.7067800930449791
4,xcoord,2,1.6,100,6,131,10,10,9,0.9,0.21933453761435812,0.7204818800128681
4,xcoord,2,1.6,100,7,131,10,10,8,0.8,0.654449041431152,0.8075780455897598
4,xcoord,2,1.6,100,8,131,10,10,11,1.1,0.6005477536274111,0.7235546358294367
4,knn_k1,0,2.48,100,0,131,10,10,13,1.3,0.340073422294738,0.8563659690524751
4,knn_k1,0,2.48,100,1,131,10,10,13,1.3,0.39310063516112115,0.9060234980165988
4,knn_k1,0,2.48,100,2,131,10,10,10,1.0,0.15552706718722686,1.0
4,knn_k1,0,2.48,100,3,132,10,10,14,1.4,0.41414141414141414,0.834026723216131
4,knn_k1,0,2.48,100,4,132,10,10,10,1.0,0.20179063360881547,1.0
4,knn_k1,0,2.48,100,5,132,10,10,13,1.3,0.2877640036730946,0.8601532428427863
4,knn_k1,0,2.48,100,6,131,10,10,17,1.7,0.45125575432667087,0.7119576188583192
4,knn_k1,0,2.48,100,7,131,10,10,14,1.4,0.3583124526542742,0.8861792312854061
4,knn_k1,0,2.48,100,8,131,10,10,20,2.0,0.12464308606724551,0.44571097272962706
4,knn_k1,1,2.32,100,0,131,10,10,10,1.0,0.17883573218343923,1.0
4,knn_k1,1,2.32,100,1,131,10,10,13,1.3,0.39310063516112115,0.9060234980165988
4,knn_k1,1,2.32,100,2,131,10,10,10,1.0,0.15552706718722686,1.0
4,knn_k1,1,2.32,100,3,132,10,10,14,1.4,0.4141414141414141,0.834026723216131
4,knn_k1,1,2.32,100,4,132,10,10,11,1.1,0.30934343434343436,0.9873630905140267
4,knn_k1,1,2.32,100,5,132,10,10,13,1.3,0.26985766758494034,0.8448779333793713
4,knn_k1,1,2.32,100,6,131,10,10,13,1.3,0.25826000815803274,0.8431616489691364
4,knn_k1,1,2.32,100,7,131,10,10,12,1.2,0.24678049064739813,0.9485816785923155
4,knn_k1,1,2.32,100,8,131,10,10,20,2.0,0.1712604160596702,0.47421591211907893
4,knn_k1,2,2.44,100,0,131,10,10,13,1.3,0.3400734222947381,0.8563659690524751
4,knn_k1,2,2.44,100,1,131,10,10,13,1.3,0.3446186119689995,0.8973978130154644
4,knn_k1,2,2.44,100,2,131,10,10,10,1.0,0.15552706718722686,1.0
4,knn_k1,2,2.44,100,3,132,10,10,13,1.3,0.32506887052341604,0.8698752387142374
4,knn_k1,2,2.44,100,4,132,10,10,13,1.3,0.428030303030303,0.9213477608262204
4,knn_k1,2,2.44,100,5,132,10,10,12,1.2,0.23553719008264462,0.9464868413587402
4,knn_k1,2,2.44,100,6,131,10,10,13,1.3,0.26280519783229417,0.8614454009325697
4,knn_k1,2,2.44,100,7,131,10,10,16,1.6,0.5169279179534992,0.8534235029106306
4,knn_k1,2,2.44,100,8,131,10,10,19,1.9,0.32748674319678345,0.6035003769404332
4,dtm_k10,0,2.16,100,0,131,10,10,10,1.0,0.04714177495483946,1.0
4,dtm_k10,0,2.16,100,1,131,10,10,10,1.0,0.16718139968533302,1.0
4,dtm_k10,0,2.16,100,2,131,10,10,10,1.0,0.12172950294271898,1.0
4,dtm_k10,0,2.16,100,3,132,10,10,10,1.0,0.18686868686868685,1.0
4,dtm_k10,0,2.16,100,4,132,10,10,11,1.1,0.21464646464646464,0.9882812817669973
4,dtm_k10,0,2.16,100,5,132,10,10,12,1.2,0.31542699724517903,0.9351608384988086
4,dtm_k10,0,2.16,100,6,131,10,10,14,1.4,0.312627469261698,0.8572458422746781
4,dtm_k10,0,2.16,100,7,131,10,10,17,1.7,0.22539479051337333,0.6232464074335552
4,dtm_k10,0,2.16,100,8,131,10,10,14,1.4,0.27999533826700074,0.8110450854256367
4,dtm_k10,1,2.1,100,0,131,10,10,10,1.0,0.04714177495483946,1.0
4,dtm_k10,1,2.1,100,1,131,10,10,10,1.0,0.16718139968533302,1.0
4,dtm_k10,1,2.1,100,2,131,10,10,10,1.0,0.12172950294271895,1.0
4,dtm_k10,1,2.1,100,3,132,10,10,10,1.0,0.18686868686868685,1.0
4,dtm_k10,1,2.1,100,4,132,10,10,11,1.1,0.21464646464646464,0.9882812817669973
4,dtm_k10,1,2.1,100,5,132,10,10,12,1.2,0.31542699724517903,0.9351607314344278
4,dtm_k10,1,2.1,100,6,131,10,10,11,1.1,0.15698385874949017,0.9836547797340001
4,dtm_k10,1,2.1,100,7,131,10,10,17,1.7,0.23530097313676357,0.6224787354779273
4,dtm_k10,1,2.1,100,8,131,10,10,14,1.4,0.3191538954606375,0.8407724765274146
4,dtm_k10,2,2.3,100,0,131,10,10,10,1.0,0.04714177495483946,1.0
4,dtm_k10,2,2.3,100,1,131,10,10,10,1.0,0.16718139968533302,1.0
4,dtm_k10,2,2.3,100,2,131,10,10,10,1.0,0.12172950294271895,1.0
4,dtm_k10,2,2.3,100,3,132,10,10,10,1.0,0.1868686868686869,1.0
4,dtm_k10,2,2.3,100,4,132,10,10,11,1.1,0.21464646464646464,0.9882812817669973
4,dtm_k10,2,2.3,100,5,132,10,10,15,1.5,0.4634986225895317,0.8046968104134321
4,dtm_k10,2,2.3,100,6,131,10,10,18,1.8,0.3939747100984792,0.6768139476577115
4,dtm_k10,2,2.3,100,7,131,10,10,17,1.7,0.23133850008740747,0.6258264520556879
4,dtm_k10,2,2.3,100,8,131,10,10,14,1.4,0.3044694365130236,0.8297701860734702
4,random,0,2.3,100,0,131,10,10,13,1.3,0.38704038226210596,0.9564736238094579
4,random,0,2.3,100,1,131,10,10,13,1.3,0.31583241069867724,0.9226340464710585
4,random,0,2.3,100,2,131,10,10,14,1.4,0.4398927801410174,0.9345749969868627
4,random,0,2.3,100,3,132,10,10,13,1.3,0.2743342516069789,0.9358099993984067
4,random,0,2.3,100,4,132,10,10,12,1.2,0.25068870523415976,0.9263162327385916
4,random,0,2.3,100,5,132,10,10,15,1.5,0.30165289256198347,0.8000046263098239
4,random,0,2.3,100,6,131,10,10,13,1.3,0.3446186119689995,0.9135085552976424
4,random,0,2.3,100,7,131,10,10,11,1.1,0.10314084260823961,0.967577488153313
4,random,0,2.3,100,8,131,10,10,11,1.1,0.15185595245032346,0.9822915362855784
4,random,1,2.28,100,0,131,10,10,14,1.4,0.27836373171726586,0.8406074132817382
4,random,1,2.28,100,1,131,10,10,13,1.3,0.3067420313501544,0.9546607243728793
4,random,1,2.28,100,2,131,10,10,11,1.1,0.16211176504865685,0.9766943611514904
4,random,1,2.28,100,3,132,10,10,11,1.1,0.1515151515151515,0.9831966768295691
4,random,1,2.28,100,4,132,10,10,11,1.1,0.16666666666666666,0.98403282818023
4,random,1,2.28,100,5,132,10,10,15,1.5,0.384297520661157,0.8672717310628932
4,random,1,2.28,100,6,131,10,10,16,1.6,0.40504632597168,0.7975843663355903
4,random,1,2.28,100,7,131,10,10,12,1.2,0.2509760503467164,0.9630420197284365
4,random,1,2.28,100,8,131,10,10,11,1.1,0.13647223355282329,0.9723225171642494
4,random,2,2.24,100,0,131,10,10,13,1.3,0.2840160829788474,0.9020937715612966
4,random,2,2.24,100,1,131,10,10,10,1.0,0.06811957345143058,1.0
4,random,2,2.24,100,2,131,10,10,11,1.1,0.2005710622924072,0.9829679246100729
4,random,2,2.24,100,3,132,10,10,14,1.4,0.5410927456382001,0.933715535195551
4,random,2,2.24,100,4,132,10,10,11,1.1,0.13257575757575757,0.9848764512432905
4,random,2,2.24,100,5,132,10,10,12,1.2,0.19008264462809918,0.9321534831415911
4,random,2,2.24,100,6,131,10,10,13,1.3,0.3173474739234311,0.9423750445460624
4,random,2,2.24,100,7,131,10,10,12,1.2,0.1544781772623973,0.9337194293301084
4,random,2,2.24,100,8,131,10,10,16,1.6,0.24654740399743605,0.7087140491569969
4,ecc_p1,0,2.78,100,0,131,10,10,17,1.7,0.5859798380047782,0.6497221452138426
4,ecc_p1,0,2.78,100,1,131,10,10,16,1.6,0.30621758638773966,0.5859541388200729
4,ecc_p1,0,2.78,100,2,131,10,10,16,1.6,0.539304236349863,0.7788347205707491
4,ecc_p1,0,2.78,100,3,132,10,10,15,1.5,0.25000000000000006,0.5893170753762769
4,ecc_p1,0,2.78,100,4,132,10,10,14,1.4,0.5426997245179063,0.7430875392215421
4,ecc_p1,0,2.78,100,5,132,10,10,14,1.4,0.7033976124885214,0.8048579845478294
4,ecc_p1,0,2.78,100,6,131,10,10,14,1.4,0.8918477944175747,0.7142167477018169
4,ecc_p1,0,2.78,100,7,131,10,10,16,1.6,0.9234310354874424,0.6701659925359711
4,ecc_p1,0,2.78,100,8,131,10,10,17,1.7,0.865334187984383,0.6965888902990657
4,ecc_p1,1,2.74,100,0,131,10,10,17,1.7,0.536448924887827,0.6347663570041376
4,ecc_p1,1,2.74,100,1,131,10,10,17,1.7,0.36606258376551476,0.5689069472727594
4,ecc_p1,1,2.74,100,2,131,10,10,14,1.4,0.40726064914632004,0.8172279804533583
4,ecc_p1,1,2.74,100,3,132,10,10,14,1.4,0.4607438016528925,0.8592507091550406
4,ecc_p1,1,2.74,100,4,132,10,10,15,1.5,0.40323691460055094,0.5875112928531345
4,ecc_p1,1,2.74,100,5,132,10,10,17,1.7,0.6976584022038567,0.6641944571533348
4,ecc_p1,1,2.74,100,6,131,10,10,17,1.7,1.3606433191538951,0.7466067450655338
4,ecc_p1,1,2.74,100,7,131,10,10,13,1.3,0.6673270788415592,0.7232839149443426
4,ecc_p1,1,2.74,100,8,131,10,10,13,1.3,0.6173299924246839,0.7779054898636514
4,ecc_p1,2,2.84,100,0,131,10,10,17,1.7,0.3621001107161587,0.551705280675905
4,ecc_p1,2,2.84,100,1,131,10,10,17,1.7,0.23331973661208552,0.5046410831917857
4,ecc_p1,2,2.84,100,2,131,10,10,16,1.6,0.539304236349863,0.7788347205707491
4,ecc_p1,2,2.84,100,3,132,10,10,14,1.4,0.5202020202020202,0.8987016418451335
4,ecc_p1,2,2.84,100,4,132,10,10,16,1.6,0.4674012855831038,0.5406209684526565
4,ecc_p1,2,2.84,100,5,132,10,10,15,1.5,0.6890495867768595,0.7076093842814274
4,ecc_p1,2,2.84,100,6,131,10,10,15,1.5,0.8906240895052736,0.6282725925086512
4,ecc_p1,2,2.84,100,7,131,10,10,17,1.7,0.8712778975584172,0.6423776569993129
4,ecc_p1,2,2.84,100,8,131,10,10,15,1.5,0.7245498514072608,0.7288768123537214
4,gauss_0.1,0,2.06,100,0,131,10,10,11,1.1,0.3633820872909505,0.9678904910160081
4,gauss_0.1,0,2.06,100,1,131,10,10,12,1.2,0.4369791970164909,0.965770312026821
4,gauss_0.1,0,2.06,100,2,131,10,10,11,1.1,0.09288503000990621,0.9008174011831026
4,gauss_0.1,0,2.06,100,3,132,10,10,16,1.6,0.6951331496786042,0.7576063084295445
4,gauss_0.1,0,2.06,100,4,132,10,10,11,1.1,0.28914141414141414,0.9701045335925029
4,gauss_0.1,0,2.06,100,5,132,10,10,10,1.0,0.1994949494949495,0.9571234862299528
4,gauss_0.1,0,2.06,100,6,131,10,10,11,1.1,0.3403065089447002,0.9265234013882077
4,gauss_0.1,0,2.06,100,7,131,10,10,10,1.0,0.5424509061243518,1.0
4,gauss_0.1,0,2.06,100,8,131,10,10,11,1.1,0.26595186760678285,0.7704220621557272
4,gauss_0.1,1,2.04,100,0,131,10,10,11,1.1,0.36338208729095045,0.9678904910160081
4,gauss_0.1,1,2.04,100,1,131,10,10,10,1.0,0.23011479517510633,1.0
4,gauss_0.1,1,2.04,100,2,131,10,10,13,1.3,0.2764407668550784,0.84179648774036
4,gauss_0.1,1,2.04,100,3,132,10,10,15,1.5,0.6856060606060606,0.7689944518318126
4,gauss_0.1,1,2.04,100,4,132,10,10,12,1.2,0.33195592286501374,0.8916866681384916
4,gauss_0.1,1,2.04,100,5,132,10,10,10,1.0,0.19949494949494956,0.9571234862299528
4,gauss_0.1,1,2.04,100,6,131,10,10,11,1.1,0.3403065089447002,0.9265234013882077
4,gauss_0.1,1,2.04,100,7,131,10,10,10,1.0,0.5424509061243518,1.0
4,gauss_0.1,1,2.04,100,8,131,10,10,10,1.0,0.36880135190256974,0.9558721094441412
4,gauss_0.1,2,2.04,100,0,131,10,10,11,1.1,0.36338208729095045,0.9678904910160081
4,gauss_0.1,2,2.04,100,1,131,10,10,12,1.2,0.43697919701649096,0.965770312026821
4,gauss_0.1,2,2.04,100,2,131,10,10,12,1.2,0.14189149816444266,0.7871114525469802
4,gauss_0.1,2,2.04,100,3,132,10,10,14,1.4,0.6712580348943984,0.817118678668474
4,gauss_0.1,2,2.04,100,4,132,10,10,12,1.2,0.33195592286501374,0.9123008689754194
4,gauss_0.1,2,2.04,100,5,132,10,10,10,1.0,0.19949494949494956,0.9571234862299528
4,gauss_0.1,2,2.04,100,6,131,10,10,11,1.1,0.3403065089447002,0.9265234013882077
4,gauss_0.1,2,2.04,100,7,131,10,10,10,1.0,0.5424509061243518,1.0
4,gauss_0.1,2,2.04,100,8,131,10,10,10,1.0,0.36880135190256974,0.9558721094441412
4,dm_eig0,0,1.74,100,0,131,10,10,10,1.0,0.4468853796398812,0.5953064922737862
4,dm_eig0,0,1.74,100,1,131,10,10,9,0.9,0.179476720470835,0.6799193324801449
4,dm_eig0,0,1.74,100,2,131,10,10,10,1.0,0.4177495483946158,0.7299259390415621
4,dm_eig0,0,1.74,100,3,132,10,10,10,1.0,0.10651974288337925,0.44045042156066505
4,dm_eig0,0,1.74,100,4,132,10,10,10,1.0,0.34412304866850324,0.6989432686636831
4,dm_eig0,0,1.74,100,5,132,10,10,10,1.0,0.1730945821854913,0.4946762922273104
4,dm_eig0,0,1.74,100,6,131,10,10,10,1.0,0.4072606491463202,0.6186988469828967
4,dm_eig0,0,1.74,100,7,131,10,10,8,0.8,0.509002971854787,0.8023593815840503
4,dm_eig0,0,1.74,100,8,131,10,10,10,1.0,0.3501544199055999,0.6212609375680729
4,dm_eig0,1,1.66,100,0,131,10,10,8,0.8,0.3719480216770584,0.8212811349135677
4,dm_eig0,1,1.66,100,1,131,10,10,10,1.0,0.0774430394499155,0.43779460942167303
4,dm_eig0,1,1.66,100,2,131,10,10,10,1.0,0.559932404871511,0.838024864212432
4,dm_eig0,1,1.66,100,3,132,10,10,8,0.8,0.494949494949495,0.7715501632169797
4,dm_eig0,1,1.66,100,4,132,10,10,10,1.0,0.35445362718089996,0.7253224730006453
4,dm_eig0,1,1.66,100,5,132,10,10,10,1.0,0.2764003673094582,0.5225082536343352
4,dm_eig0,1,1.66,100,6,131,10,10,9,0.9,0.2340189965619719,0.6607778127344449
4,dm_eig0,1,1.66,100,7,131,10,10,8,0.8,0.4027154594720587,0.661619115112928
4,dm_eig0,1,1.66,100,8,131,10,10,10,1.0,0.35248528640522114,0.6500377756168015
4,dm_eig0,2,1.66,100,0,131,10,10,8,0.8,0.4549268690635744,0.8606980772272532
4,dm_eig0,2,1.66,100,1,131,10,10,9,0.9,0.18891672979430105,0.5763729997082984
4,dm_eig0,2,1.66,100,2,131,10,10,10,1.0,0.5121496416292757,0.7950554753533704
4,dm_eig0,2,1.66,100,3,132,10,10,9,0.9,0.5082644628099174,0.69009391093608
4,dm_eig0,2,1.66,100,4,132,10,10,9,0.9,0.23140495867768596,0.6686282488382677
4,dm_eig0,2,1.66,100,5,132,10,10,10,1.0,0.11455463728191002,0.4925420623395658
4,dm_eig0,2,1.66,100,6,131,10,10,10,1.0,0.1788357321834392,0.5108707682485207
4,dm_eig0,2,1.66,100,7,131,10,10,8,0.8,0.26659285589417864,0.622055659520377
4,dm_eig0,2,1.66,100,8,131,10,10,10,1.0,0.41192238214556265,0.6695153006686868
5,xcoord,0,1.8,100,0,131,10,10,10,1.0,0.23594196142415946,0.5807214403084627
5,xcoord,0,1.8,100,1,131,10,10,10,1.0,0.1566925004370375,0.5355596998289697
5,xcoord,0,1.8,100,2,131,10,10,10,1.0,0.4457199463900705,0.6698909872562567
5,xcoord,0,1.8,100,3,132,10,10,10,1.0,0.21441689623507806,0.5100447294145295
5,xcoord,0,1.8,100,4,132,10,10,10,1.0,0.3682277318640955,0.6459360480917864
5,xcoord,0,1.8,100,5,132,10,10,10,1.0,0.08356290174471993,0.4678827529257832
5,xcoord,0,1.8,100,6,131,10,10,10,1.0,0.43523104714177496,0.7214357647814804
5,xcoord,0,1.8,100,7,131,10,10,10,1.0,0.7044461278480276,0.8019032945519511
5,xcoord,0,1.8,100,8,131,10,10,10,1.0,0.2580851931705612,0.5091861178437834
5,xcoord,1,1.82,100,0,131,10,10,11,1.1,0.36979197016490883,0.6108117803675392
5,xcoord,1,1.82,100,1,131,10,10,10,1.0,0.16018880018646933,0.514555687734054
5,xcoord,1,1.82,100,2,131,10,10,10,1.0,0.4701940446360935,0.7561117068455132
5,xcoord,1,1.82,100,3,132,10,10,9,0.9,0.5444214876033059,0.7138330594269019
5,xcoord,1,1.82,100,4,132,10,10,10,1.0,0.35330578512396693,0.6913998444859452
5,xcoord,1,1.82,100,5,132,10,10,10,1.0,0.19375573921028472,0.5010800253537465
5,xcoord,1,1.82,100,6,131,10,10,10,1.0,0.08676650544840045,0.473481597432793
5,xcoord,1,1.82,100,7,131,10,10,11,1.1,0.8338674902394967,0.7838120319881179
5,xcoord,1,1.82,100,8,131,10,10,10,1.0,0.3326729211584407,0.5233845748238275
5,xcoord,2,1.8,100,0,131,10,10,10,1.0,0.3571470194044637,0.6726334399878263
5,xcoord,2,1.8,100,1,131,10,10,10,1.0,0.1986480974302197,0.5448192782631315
5,xcoord,2,1.8,100,2,131,10,10,10,1.0,0.2417691276732125,0.5515093435553426
5,xcoord,2,1.8,100,3,132,10,10,10,1.0,0.28673094582185493,0.541664193804562
5,xcoord,2,1.8,100,4,132,10,10,9,0.9,0.43595041322314054,0.874696728753971
5,xcoord,2,1.8,100,5,132,10,10,10,1.0,0.08930211202938475,0.4529122661852621
5,xcoord,2,1.8,100,6,131,10,10,10,1.0,0.1741739991841967,0.5227167305655486
5,xcoord,2,1.8,100,7,131,10,10,11,1.1,0.4620942835499097,0.625217555304346
5,xcoord,2,1.8,100,8,131,10,10,10,1.0,0.45504341238855545,0.6040469209086083
5,knn_k1,0,2.88,100,0,131,10,10,16,1.6,0.3621583823786493,0.6929677943469694
5,knn_k1,0,2.88,100,1,131,10,10,15,1.5,0.26653458423168813,0.7189373702542533
5,knn_k1,0,2.88,100,2,131,10,10,13,1.3,0.2173533010896801,0.8658714346959877
5,knn_k1,0,2.88,100,3,132,10,10,17,1.7,0.5064279155188247,0.7504640931845942
5,knn_k1,0,2.88,100,4,132,10,10,16,1.6,0.566574839302112,0.8214876266678713
5,knn_k1,0,2.88,100,5,132,10,10,19,1.9,0.3761478420569329,0.611524227134017
5,knn_k1,0,2.88,100,6,131,10,10,14,1.4,0.3175222889109025,0.8456756677850605
5,knn_k1,0,2.88,100,7,131,10,10,16,1.6,0.13280111881591983,0.5979286981196555
5,knn_k1,0,2.88,100,8,131,10,10,18,1.8,0.23873900122370495,0.5497241856897559
5,knn_k1,1,3.04,100,0,131,10,10,17,1.7,0.3204941436979196,0.6138066057760685
5,knn_k1,1,3.04,100,1,131,10,10,18,1.8,0.33104131460870584,0.5942649595585414
5,knn_k1,1,3.04,100,2,131,10,10,17,1.7,0.39974360468504155,0.7466388162770056
5,knn_k1,1,3.04,100,3,132,10,10,17,1.7,0.5103305785123967,0.7489729436673038
5,knn_k1,1,3.04,100,4,132,10,10,18,1.8,0.5516528925619836,0.7029621829190758
5,knn_k1,1,3.04,100,5,132,10,10,17,1.7,0.3620293847566574,0.6872013632380948
5,knn_k1,1,3.04,100,6,131,10,10,14,1.4,0.3175222889109025,0.8513673327283655
5,knn_k1,1,3.04,100,7,131,10,10,17,1.7,0.2174698444146611,0.6071170150653965
5,knn_k1,1,3.04,100,8,131,10,10,17,1.7,0.20558242526659284,0.568747048411166
5,knn_k1,2,2.94,100,0,131,10,10,16,1.6,0.403181632771983,0.7057807263052417
5,knn_k1,2,2.94,100,1,131,10,10,15,1.5,0.20360118874191485,0.677144831848288
5,knn_k1,2,2.94,100,2,131,10,10,16,1.6,0.4516636559641047,0.8153802696471378
5,knn_k1,2,2.94,100,3,132,10,10,17,1.7,0.4830119375573921,0.7415719426245533
5,knn_k1,2,2.94,100,4,132,10,10,14,1.4,0.39807162534435253,0.8408056197685343
5,knn_k1,2,2.94,100,5,132,10,10,20,2.0,0.22819100091827366,0.4796694996645769
5,knn_k1,2,2.94,100,6,131,10,10,18,1.8,0.39397471009847906,0.671963711436917
5,knn_k1,2,2.94,100,7,131,10,10,14,1.4,0.2751005186177961,0.858460995344169
5,knn_k1,2,2.94,100,8,131,10,10,17,1.7,0.30068177845113914,0.6624612929127427
5,dtm_k10,0,2.64,100,0,131,10,10,13,1.3,0.2264436804382029,0.8488272314468128
5,dtm_k10,0,2.64,100,1,131,10,10,15,1.5,0.3976458248353826,0.6977851361392884
5,dtm_k10,0,2.64,100,2,131,10,10,10,1.0,0.18815919818192417,1.0
5,dtm_k10,0,2.64,100,3,132,10,10,16,1.6,0.44536271808999084,0.7841728674099093
5,dtm_k10,0,2.64,100,4,132,10,10,15,1.5,0.3326446280991735,0.8282192499344349
5,dtm_k10,0,2.64,100,5,132,10,10,14,1.4,0.3209366391184573,0.8209099576366853
5,dtm_k10,0,2.64,100,6,131,10,10,18,1.8,0.5534059786725715,0.7544760697330746
5,dtm_k10,0,2.64,100,7,131,10,10,14,1.4,0.40726064914632004,0.8884568568184226
5,dtm_k10,0,2.64,100,8,131,10,10,17,1.7,0.3046442515004953,0.6546590770311348
5,dtm_k10,1,2.5,100,0,131,10,10,10,1.0,0.12522580269215083,1.0
5,dtm_k10,1,2.5,100,1,131,10,10,10,1.0,0.2778975584173417,1.0
5,dtm_k10,1,2.5,100,2,131,10,10,11,1.1,0.29287337567740807,0.989356238173598
5,dtm_k10,1,2.5,100,3,132,10,10,13,1.3,0.23255280073461893,0.8426729025892336
5,dtm_k10,1,2.5,100,4,132,10,10,16,1.6,0.3608815426997245,0.7580369507482636
5,dtm_k10,1,2.5,100,5,132,10,10,19,1.9,0.5375344352617081,0.6477668603203343
5,dtm_k10,1,2.5,100,6,131,10,10,14,1.4,0.4464192063399568,0.9403182679029558
5,dtm_k10,1,2.5,100,7,131,10,10,15,1.5,0.5077792669424861,0.8571630156390333
5,dtm_k10,1,2.5,100,8,131,10,10,17,1.7,0.46116193695006114,0.7465219821672184
5,dtm_k10,2,2.54,100,0,131,10,10,11,1.1,0.14031816327719832,0.9509525575095171
5,dtm_k10,2,2.54,100,1,131,10,10,13,1.3,0.4764291125225801,0.9000308184499787
5,dtm_k10,2,2.54,100,2,131,10,10,13,1.3,0.4400675951284889,0.9620777701300718
5,dtm_k10,2,2.54,100,3,132,10,10,15,1.5,0.3119834710743802,0.7484992755123163
5,dtm_k10,2,2.54,100,4,132,10,10,14,1.4,0.29683195592286504,0.8712331788664072
5,dtm_k10,2,2.54,100,5,132,10,10,15,1.5,0.39634986225895313,0.7927430649396493
5,dtm_k10,2,2.54,100,6,131,10,10,15,1.5,0.5200163160654975,0.9197003009649695
5,dtm_k10,2,2.54,100,7,131,10,10,16,1.6,0.5020103723559233,0.784705382078128
5,dtm_k10,2,2.54,100,8,131,10,10,15,1.5,0.3976458248353827,0.8325494417457516
5,random,0,3.3,100,0,131,10,10,20,2.0,0.3833692675252025,0.5945990950933735
5,random,0,3.3,100,1,131,10,10,19,1.9,0.30977215779966205,0.5861644960395812
5,random,0,3.3,100,2,131,10,10,16,1.6,0.37334654157683117,0.7296530312813957
5,random,0,3.3,100,3,132,10,10,16,1.6,0.27823691460055094,0.700564448292869
5,random,0,3.3,100,4,132,10,10,19,1.9,0.4612029384756657,0.6751853314507156
5,random,0,3.3,100,5,132,10,10,20,2.0,0.4462809917355372,0.6356054235310203
5,random,0,3.3,100,6,131,10,10,18,1.8,0.44851698618961594,0.6882693381121655
5,random,0,3.3,100,7,131,10,10,20,2.0,0.22953207855020105,0.5003541240354219
5,random,0,3.3,100,8,131,10,10,17,1.7,0.5879610745294562,0.7742690601704558
5,random,1,3.1,100,0,131,10,10,20,2.0,0.3297593380339141,0.5758076235986965
5,random,1,3.1,100,1,131,10,10,20,2.0,0.3787075345259602,0.5514582506230429
5,random,1,3.1,100,2,131,10,10,16,1.6,0.23349455159955715,0.6628309130925094
5,random,1,3.1,100,3,132,10,10,18,1.8,0.27892561983471076,0.6089116789285355
5,random,1,3.1,100,4,132,10,10,14,1.4,0.43021120293847565,0.944876388587818
5,random,1,3.1,100,5,132,10,10,16,1.6,0.3149678604224059,0.7426789221933994
5,random,1,3.1,100,6,131,10,10,18,1.8,0.31845463551075104,0.6421462794499896
5,random,1,3.1,100,7,131,10,10,15,1.5,0.33646057922032524,0.7923090091865127
5,random,1,3.1,100,8,131,10,10,18,1.8,0.21566342287745466,0.5664149738294413
5,random,2,2.98,100,0,131,10,10,15,1.5,0.2910086824777111,0.7591827183391622
5,random,2,2.98,100,1,131,10,10,20,2.0,0.2178777460520949,0.4772955525086388
5,random,2,2.98,100,2,131,10,10,15,1.5,0.4745644193228833,0.8939402408859665
5,random,2,2.98,100,3,132,10,10,17,1.7,0.36983471074380164,0.7336022639470229
5,random,2,2.98,100,4,132,10,10,17,1.7,0.41276400367309457,0.7280628622005492
5,random,2,2.98,100,5,132,10,10,14,1.4,0.3771808999081726,0.877138652499392
5,random,2,2.98,100,6,131,10,10,20,2.0,0.2878037410407319,0.5163836948865498
5,random,2,2.98,100,7,131,10,10,17,1.7,0.3125691975992075,0.685468503430011
5,random,2,2.98,100,8,131,10,10,14,1.4,0.5214731076277606,0.9313772343968871
5,ecc_p1,0,2.9,100,0,131,10,10,16,1.6,0.48149874715925645,0.6467811205076276
5,ecc_p1,0,2.9,100,1,131,10,10,15,1.5,0.3294679797214615,0.6557741162179145
5,ecc_p1,0,2.9,100,2,131,10,10,13,1.3,0.5021851873433949,0.9704069542510627
5,ecc_p1,0,2.9,100,3,132,10,10,17,1.7,0.5317952249770431,0.704558977587277
5,ecc_p1,0,2.9,100,4,132,10,10,19,1.9,0.5920569329660239,0.6544561938147144
5,ecc_p1,0,2.9,100,5,132,10,10,16,1.6,0.30578512396694213,0.6917238658959711
5,ecc_p1,0,2.9,100,6,131,10,10,19,1.9,0.43377425557951177,0.5242408163785333
5,ecc_p1,0,2.9,100,7,131,10,10,18,1.8,0.5156459413787075,0.6514538568434403
5,ecc_p1,0,2.9,100,8,131,10,10,12,1.2,0.29992424683876234,0.8689129077081845
5,ecc_p1,1,2.88,100,0,131,10,10,14,1.4,0.4594720587378357,0.8248894126337821
5,ecc_p1,1,2.88,100,1,131,10,10,15,1.5,0.5497348639356682,0.788200416598242
5,ecc_p1,1,2.88,100,2,131,10,10,17,1.7,0.6969290833867489,0.8322196980199802
5,ecc_p1,1,2.88,100,3,132,10,10,16,1.6,0.37373737373737376,0.6730055057997699
5,ecc_p1,1,2.88,100,4,132,10,10,18,1.8,0.5247933884297521,0.7044561117094466
5,ecc_p1,1,2.88,100,5,132,10,10,18,1.8,0.46694214876033063,0.7082423832145953
5,ecc_p1,1,2.88,100,6,131,10,10,16,1.6,0.49455159955713535,0.7186796795673187
5,ecc_p1,1,2.88,100,7,131,10,10,18,1.8,0.39817026979779735,0.6126793731409036
5,ecc_p1,1,2.88,100,8,131,10,10,12,1.2,0.2789464483421712,0.8546736549749334
5,ecc_p1,2,2.9,100,0,131,10,10,15,1.5,0.623157158673737,0.8271001892062938
5,ecc_p1,2,2.9,100,1,131,10,10,16,1.6,0.4740399743604685,0.6876565777333937
5,ecc_p1,2,2.9,100,2,131,10,10,16,1.6,0.550492395548045,0.7994969843883148
5,ecc_p1,2,2.9,100,3,132,10,10,16,1.6,0.4637281910009183,0.7344790165974056
5,ecc_p1,2,2.9,100,4,132,10,10,16,1.6,0.6859504132231405,0.8697657786373938
5,ecc_p1,2,2.9,100,5,132,10,10,18,1.8,0.1673553719008265,0.5091158891555787
5,ecc_p1,2,2.9,100,6,131,10,10,18,1.8,0.5135481615290484,0.6160200663973484
5,ecc_p1,2,2.9,100,7,131,10,10,16,1.6,0.4591224287628926,0.7401700611559017
5,ecc_p1,2,2.9,100,8,131,10,10,14,1.4,0.37952333780082737,0.7757017418295775
5,gauss_0.1,0,2.06,100,0,131,10,10,11,1.1,0.41466115028261763,0.7746774003347933
5,gauss_0.1,0,2.06,100,1,131,10,10,12,1.2,0.457956995513082,0.8716109625037496
5,gauss_0.1,0,2.06,100,2,131,10,10,11,1.1,0.3672280170153254,0.9562257721987129
5,gauss_0.1,0,2.06,100,3,132,10,10,12,1.2,0.48209366391184577,0.7436747885981695
5,gauss_0.1,0,2.06,100,4,132,10,10,12,1.2,1.0,0.9268778343311893
5,gauss_0.1,0,2.06,100,5,132,10,10,10,1.0,0.32690541781450877,0.981367334145233
5,gauss_0.1,0,2.06,100,6,131,10,10,12,1.2,0.3460754035312628,0.7717433829211746
5,gauss_0.1,0,2.06,100,7,131,10,10,11,1.1,0.2877454693782414,0.9160393198267895
5,gauss_0.1,0,2.06,100,8,131,10,10,12,1.2,0.2691568090437621,0.828933989212495
5,gauss_0.1,1,2.12,100,0,131,10,10,12,1.2,0.4831303537089915,0.77142732274478
5,gauss_0.1,1,2.12,100,1,131,10,10,13,1.3,0.5052153137929025,0.8403070398512914
5,gauss_0.1,1,2.12,100,2,131,10,10,11,1.1,0.37748382961365895,0.9502321120724706
5,gauss_0.1,1,2.12,100,3,132,10,10,11,1.1,0.4734848484848485,0.9547335109539156
5,gauss_0.1,1,2.12,100,4,132,10,10,14,1.4,0.8705234159779613,0.7830470761517091
5,gauss_0.1,1,2.12,100,5,132,10,10,10,1.0,0.32690541781450877,0.981367334145233
5,gauss_0.1,1,2.12,100,6,131,10,10,12,1.2,0.3460754035312628,0.7717433829211746
5,gauss_0.1,1,2.12,100,7,131,10,10,11,1.1,0.32620476662199177,0.9464016649159871
5,gauss_0.1,1,2.12,100,8,131,10,10,12,1.2,0.23559233144921626,0.8313069651639308
5,gauss_0.1,2,2.1,100,0,131,10,10,12,1.2,0.41320435872035427,0.7272754873230233
5,gauss_0.1,2,2.1,100,1,131,10,10,12,1.2,0.46075403531262765,0.9127462253157963
5,gauss_0.1,2,2.1,100,2,131,10,10,12,1.2,0.41879843831944535,0.9054191449866942
5,gauss_0.1,2,2.1,100,3,132,10,10,12,1.2,0.48209366391184577,0.7436747885981695
5,gauss_0.1,2,2.1,100,4,132,10,10,12,1.2,1.0,0.9268778343311893
5,gauss_0.1,2,2.1,100,5,132,10,10,10,1.0,0.3269054178145087,0.981367334145233
5,gauss_0.1,2,2.1,100,6,131,10,10,12,1.2,0.3460754035312628,0.7717433829211746
5,gauss_0.1,2,2.1,100,7,131,10,10,11,1.1,0.32620476662199177,0.9464016649159871
5,gauss_0.1,2,2.1,100,8,131,10,10,12,1.2,0.23559233144921624,0.8313069651639308
5,dm_eig0,0,1.74,100,0,131,10,10,11,1.1,0.36594604044053386,0.569593024136638
5,dm_eig0,0,1.74,100,1,131,10,10,10,1.0,0.1695122661849543,0.5132995702815824
5,dm_eig0,0,1.74,100,2,131,10,10,10,1.0,0.5855719363673445,0.710668644190666
5,dm_eig0,0,1.74,100,3,132,10,10,8,0.8,0.4086317722681359,0.8234079782697956
5,dm_eig0,0,1.74,100,4,132,10,10,9,0.9,0.23037190082644632,0.6834319985036982
5,dm_eig0,0,1.74,100,5,132,10,10,10,1.0,0.21671258034894403,0.6028985436245146
5,dm_eig0,0,1.74,100,6,131,10,10,10,1.0,0.19515179768078783,0.5773989923484314
5,dm_eig0,0,1.74,100,7,131,10,10,9,0.9,0.6357438377716915,0.7593910344905818
5,dm_eig0,0,1.74,100,8,131,10,10,10,1.0,0.49699900938173763,0.6688161475246188
5,dm_eig0,1,1.76,100,0,131,10,10,11,1.1,0.3364605792203252,0.5617485278300199
5,dm_eig0,1,1.76,100,1,131,10,10,10,1.0,0.04131460870578638,0.46126676412438583
5,dm_eig0,1,1.76,100,2,131,10,10,10,1.0,0.5506089388730261,0.6845824097930895
5,dm_eig0,1,1.76,100,3,132,10,10,8,0.8,0.40312213039485767,0.8056104008955899
5,dm_eig0,1,1.76,100,4,132,10,10,9,0.9,0.26342975206611574,0.690500405485677
5,dm_eig0,1,1.76,100,5,132,10,10,10,1.0,0.14095500459136825,0.559542488354582
5,dm_eig0,1,1.76,100,6,131,10,10,10,1.0,0.15785793368684808,0.5147876639134689
5,dm_eig0,1,1.76,100,7,131,10,10,10,1.0,0.4981644426315483,0.6219041198286896
5,dm_eig0,1,1.76,100,8,131,10,10,10,1.0,0.25691975992075056,0.5664100690540013
5,dm_eig0,2,1.8,100,0,131,10,10,11,1.1,0.33261464949595015,0.6026101536416689
5,dm_eig0,2,1.8,100,1,131,10,10,10,1.0,0.09608997144688537,0.48067837418786685
5,dm_eig0,2,1.8,100,2,131,10,10,11,1.1,0.30184721170094986,0.5477806206538574
5,dm_eig0,2,1.8,100,3,132,10,10,9,0.9,0.17252066115702483,0.5335340626372727
5,dm_eig0,2,1.8,100,4,132,10,10,10,1.0,0.32690541781450877,0.5842025071373065
5,dm_eig0,2,1.8,100,5,132,10,10,10,1.0,0.13865932047750235,0.5593519431540849
5,dm_eig0,2,1.8,100,6,131,10,10,9,0.9,0.19521006934327836,0.6437923008803792
5,dm_eig0,2,1.8,100,7,131,10,10,10,1.0,0.5634287046209429,0.6434539377102011
5,dm_eig0,2,1.8,100,8,131,10,10,10,1.0,0.5599324048715111,0.7184759915477645
6,xcoord,0,1.74,100,0,131,10,10,9,0.9,0.32002797039799546,0.616810031641861
6,xcoord,0,1.74,100,1,131,10,10,10,1.0,0.7044461278480275,0.8532046338825494
6,xcoord,0,1.74,100,2,131,10,10,9,0.9,0.6357438377716915,0.7620069304248094
6,xcoord,0,1.74,100,3,132,10,10,10,1.0,0.4405417814508724,0.7325162206679305
6,xcoord,0,1.74,100,4,132,10,10,10,1.0,0.12947658402203857,0.4586222550170562
6,xcoord,0,1.74,100,5,132,10,10,10,1.0,0.5495867768595042,0.7296277691120383
6,xcoord,0,1.74,100,6,131,10,10,9,0.9,0.17947672047083502,0.65847580440461
6,xcoord,0,1.74,100,7,131,10,10,10,1.0,0.514480508128897,0.6062767694116759
6,xcoord,0,1.74,100,8,131,10,10,10,1.0,0.25458889342112934,0.5962742442680998
6,xcoord,1,1.74,100,0,131,10,10,9,0.9,0.44589476137754197,0.6621327102224992
6,xcoord,1,1.74,100,1,131,10,10,10,1.0,0.7627177903385585,0.8988302808157737
6,xcoord,1,1.74,100,2,131,10,10,9,0.9,0.6399393974710099,0.7570426331297394
6,xcoord,1,1.74,100,3,132,10,10,10,1.0,0.49219467401285594,0.7595816893504669
6,xcoord,1,1.74,100,4,132,10,10,10,1.0,0.2649219467401286,0.5271589327345895
6,xcoord,1,1.74,100,5,132,10,10,10,1.0,0.555325987144169,0.7286979866515436
6,xcoord,1,1.74,100,6,131,10,10,9,0.9,0.1564011421245848,0.6542818121868081
6,xcoord,1,1.74,100,7,131,10,10,10,1.0,0.5715867373696172,0.6258832203611704
6,xcoord,1,1.74,100,8,131,10,10,10,1.0,0.4294038808927219,0.7350554469986433
6,xcoord,2,1.7,100,0,131,10,10,10,1.0,0.10075170444612787,0.4282216503722
6,xcoord,2,1.7,100,1,131,10,10,10,1.0,0.36996678515238046,0.6865396707021146
6,xcoord,2,1.7,100,2,131,10,10,9,0.9,0.5581259833343045,0.6998837542056241
6,xcoord,2,1.7,100,3,132,10,10,10,1.0,0.2959136822773187,0.6267855180610904
6,xcoord,2,1.7,100,4,132,10,10,10,1.0,0.2614784205693297,0.5942083032681099
6,xcoord,2,1.7,100,5,132,10,10,8,0.8,0.5224977043158862,0.8621246208370587
6,xcoord,2,1.7,100,6,131,10,10,8,0.8,0.10436454752054077,0.7056459062560856
6,xcoord,2,1.7,100,7,131,10,10,10,1.0,0.46669774488666166,0.5885823781482755
6,xcoord,2,1.7,100,8,131,10,10,10,1.0,0.2988753569139328,0.6249688691929534
6,knn_k1,0,2.9,100,0,131,10,10,15,1.5,0.44309772157799665,0.8298431436762759
6,knn_k1,0,2.9,100,1,131,10,10,19,1.9,0.25884272478293807,0.5234450192212604
6,knn_k1,0,2.9,100,2,131,10,10,15,1.5,0.22108268748907411,0.7375429373698115
6,knn_k1,0,2.9,100,3,132,10,10,16,1.6,0.3884297520661157,0.7346652716380501
6,knn_k1,0,2.9,100,4,132,10,10,16,1.6,0.3957759412304867,0.7323627477022792
6,knn_k1,0,2.9,100,5,132,10,10,16,1.6,0.20844811753902662,0.6220094025856319
6,knn_k1,0,2.9,100,6,131,10,10,16,1.6,0.39199347357380104,0.7452718918734745
6,knn_k1,0,2.9,100,7,131,10,10,15,1.5,0.44134957170328076,0.8378180729343614
6,knn_k1,0,2.9,100,8,131,10,10,17,1.7,0.3977623681603636,0.6677937447168216
6,knn_k1,1,2.84,100,0,131,10,10,13,1.3,0.3037119049006468,0.9219917108749266
6,knn_k1,1,2.84,100,1,131,10,10,15,1.5,0.20709748849134668,0.6183946640047189
6,knn_k1,1,2.84,100,2,131,10,10,17,1.7,0.24322591923547576,0.61278029658801
6,knn_k1,1,2.84,100,3,132,10,10,17,1.7,0.33471074380165294,0.6280508901039512
6,knn_k1,1,2.84,100,4,132,10,10,14,1.4,0.3562901744719926,0.878958206783009
6,knn_k1,1,2.84,100,5,132,10,10,18,1.8,0.4152892561983471,0.6624887733235156
6,knn_k1,1,2.84,100,6,131,10,10,16,1.6,0.4125050987704679,0.7515770203770881
6,knn_k1,1,2.84,100,7,131,10,10,15,1.5,0.2892605326029952,0.7177216019889265
6,knn_k1,1,2.84,100,8,131,10,10,17,1.7,0.6097546763009148,0.7618966264222944
6,knn_k1,2,2.98,100,0,131,10,10,16,1.6,0.39572285997319506,0.7338278437552045
6,knn_k1,2,2.98,100,1,131,10,10,15,1.5,0.32946797972146147,0.75684775466549
6,knn_k1,2,2.98,100,2,131,10,10,16,1.6,0.2372239379989511,0.6823487169443551
6,knn_k1,2,2.98,100,3,132,10,10,18,1.8,0.4235537190082646,0.6293252232113962
6,knn_k1,2,2.98,100,4,132,10,10,18,1.8,0.38223140495867775,0.65322230294518
6,knn_k1,2,2.98,100,5,132,10,10,17,1.7,0.2683654729109275,0.6567263764991168
6,knn_k1,2,2.98,100,6,131,10,10,16,1.6,0.44047549676592274,0.7698741349766675
6,knn_k1,2,2.98,100,7,131,10,10,17,1.7,0.5404113979371831,0.7623917440548885
6,knn_k1,2,2.98,100,8,131,10,10,16,1.6,0.682885612726531,0.8618843660818819
6,dtm_k10,0,2.98,100,0,131,10,10,12,1.2,0.28593904784103497,0.8873525734594767
6,dtm_k10,0,2.98,100,1,131,10,10,15,1.5,0.3049938814754386,0.7437800654073851
6,dtm_k10,0,2.98,100,2,131,10,10,16,1.6,0.4162344851698619,0.7510471684945897
6,dtm_k10,0,2.98,100,3,132,10,10,18,1.8,0.5082644628099174,0.735220110841697
6,dtm_k10,0,2.98,100,4,132,10,10,18,1.8,0.35743801652892565,0.6308234560663273
6,dtm_k10,0,2.98,100,5,132,10,10,18,1.8,0.2603305785123967,0.5880876070996481
6,dtm_k10,0,2.98,100,6,131,10,10,16,1.6,0.3211351319853155,0.714478143567953
6,dtm_k10,0,2.98,100,7,131,10,10,17,1.7,0.3462502185187343,0.694041876008366
6,dtm_k10,0,2.98,100,8,131,10,10,19,1.9,0.28541460287862014,0.5099727739302209
6,dtm_k10,1,3.0,100,0,131,10,10,11,1.1,0.18903327311928209,0.9061895573652728
6,dtm_k10,1,3.0,100,1,131,10,10,17,1.7,0.4076685507837538,0.6902590355031191
6,dtm_k10,1,3.0,100,2,131,10,10,13,1.3,0.19159722626886544,0.8229909956393373
6,dtm_k10,1,3.0,100,3,132,10,10,19,1.9,0.2758264462809917,0.5424862531082805
6,dtm_k10,1,3.0,100,4,132,10,10,19,1.9,0.393595041322314,0.6021886203433001
6,dtm_k10,1,3.0,100,5,132,10,10,19,1.9,0.35433884297520657,0.5978588593469446
6,dtm_k10,1,3.0,100,6,131,10,10,17,1.7,0.5582425266592855,0.8509667750671578
6,dtm_k10,1,3.0,100,7,131,10,10,17,1.7,0.3621001107161587,0.7085443671989649
6,dtm_k10,1,3.0,100,8,131,10,10,18,1.8,0.3750946914515471,0.5896428584590324
6,dtm_k10,2,2.92,100,0,131,10,10,13,1.3,0.287046209428355,0.8150182564308792
6,dtm_k10,2,2.92,100,1,131,10,10,18,1.8,0.41285472874541107,0.63812593348661
6,dtm_k10,2,2.92,100,2,131,10,10,15,1.5,0.2542975351086767,0.7381278793822841
6,dtm_k10,2,2.92,100,3,132,10,10,14,1.4,0.30004591368227723,0.8180318931522501
6,dtm_k10,2,2.92,100,4,132,10,10,19,1.9,0.393595041322314,0.605169880508424
6,dtm_k10,2,2.92,100,5,132,10,10,17,1.7,0.35032139577594124,0.6606491817384826
6,dtm_k10,2,2.92,100,6,131,10,10,15,1.5,0.30849018122487043,0.7937412773960415
6,dtm_k10,2,2.92,100,7,131,10,10,18,1.8,0.41285472874541107,0.6812995563811003
6,dtm_k10,2,2.92,100,8,131,10,10,17,1.7,0.43738709865392444,0.645406158857744
6,random,0,2.98,100,0,131,10,10,18,1.8,0.35831245265427414,0.6245995527896564
6,random,0,2.98,100,1,131,10,10,19,1.9,0.4049880543091895,0.6328093324498019
6,random,0,2.98,100,2,131,10,10,10,1.0,0.10774430394499157,1.0
6,random,0,2.98,100,3,132,10,10,16,1.6,0.39026629935720847,0.8107973965532571
6,random,0,2.98,100,4,132,10,10,17,1.7,0.45179063360881544,0.7771948897637331
6,random,0,2.98,100,5,132,10,10,20,2.0,0.16391184573002757,0.4553361738013405
6,random,0,2.98,100,6,131,10,10,14,1.4,0.4056290425965853,0.8900752314814815
6,random,0,2.98,100,7,131,10,10,17,1.7,0.37200629333954893,0.7290149192333415
6,random,0,2.98,100,8,131,10,10,18,1.8,0.4757881242351844,0.6961928054594038
6,random,1,3.18,100,0,131,10,10,19,1.9,0.32527242002214324,0.5892242207737463
6,random,1,3.18,100,1,131,10,10,19,1.9,0.2566284016082979,0.5548592938253587
6,random,1,3.18,100,2,131,10,10,16,1.6,0.40691101917137695,0.8220642653885883
6,random,1,3.18,100,3,132,10,10,19,1.9,0.4939164370982553,0.6564655092221019
6,random,1,3.18,100,4,132,10,10,15,1.5,0.4703856749311294,0.888797493035925
6,random,1,3.18,100,5,132,10,10,20,2.0,0.37281910009182745,0.6060193353636997
6,random,1,3.18,100,6,131,10,10,16,1.6,0.5523570887477419,0.8229966112460437
6,random,1,3.18,100,7,131,10,10,18,1.8,0.6687838704038225,0.7924384357992393
6,random,1,3.18,100,8,131,10,10,17,1.7,0.44927451780199285,0.7978272969759705
6,random,2,3.02,100,0,131,10,10,17,1.7,0.5859798380047782,0.7529308366700285
6,random,2,3.02,100,1,131,10,10,18,1.8,0.4778859040848436,0.7171657548518978
6,random,2,3.02,100,2,131,10,10,15,1.5,0.4465940213274285,0.8640214892418202
6,random,2,3.02,100,3,132,10,10,13,1.3,0.24449035812672174,0.8662169653917468
6,random,2,3.02,100,4,132,10,10,16,1.6,0.20293847566574838,0.6450566596780235
6,random,2,3.02,100,5,132,10,10,16,1.6,0.2598714416896235,0.6724762434412555
6,random,2,3.02,100,6,131,10,10,18,1.8,0.41495250859507016,0.6673540454749406
6,random,2,3.02,100,7,131,10,10,18,1.8,0.4212458481440476,0.6711532272483461
6,random,2,3.02,100,8,131,10,10,20,2.0,0.17825301555853387,0.46490562269050234
6,ecc_p1,0,2.9,100,0,131,10,10,15,1.5,0.6353942077967484,0.7595527848347444
6,ecc_p1,0,2.9,100,1,131,10,10,15,1.5,0.4081347240836781,0.7867697080897582
6,ecc_p1,0,2.9,100,2,131,10,10,15,1.5,0.49554221781947444,0.852381976732175
6,ecc_p1,0,2.9,100,3,132,10,10,16,1.6,0.4765840220385675,0.8074953243139147
6,ecc_p1,0,2.9,100,4,132,10,10,17,1.7,0.7210743801652892,0.8196768232826082
6,ecc_p1,0,2.9,100,5,132,10,10,18,1.8,0.4504132231404959,0.6305037106437535
6,ecc_p1,0,2.9,100,6,131,10,10,16,1.6,0.39385816677349805,0.7128567810370174
6,ecc_p1,0,2.9,100,7,131,10,10,15,1.5,0.25779383485810853,0.6884189442904963
6,ecc_p1,0,2.9,100,8,131,10,10,18,1.8,0.450614766039275,0.7052712670154502
6,ecc_p1,1,3.0,100,0,131,10,10,17,1.7,0.6374919876464075,0.6984240584352528
6,ecc_p1,1,3.0,100,1,131,10,10,16,1.6,0.34724083678107337,0.678705606486832
6,ecc_p1,1,3.0,100,2,131,10,10,15,1.5,0.44309772157799665,0.8218358595871984
6,ecc_p1,1,3.0,100,3,132,10,10,16,1.6,0.3039485766758494,0.7053263241770059
6,ecc_p1,1,3.0,100,4,132,10,10,18,1.8,0.7169421487603308,0.7827023784332376
6,ecc_p1,1,3.0,100,5,132,10,10,19,1.9,0.29109274563820015,0.48827717494662115
6,ecc_p1,1,3.0,100,6,131,10,10,17,1.7,0.3244566167472757,0.6183975176770556
6,ecc_p1,1,3.0,100,7,131,10,10,15,1.5,0.40813472408367824,0.7782470286610886
6,ecc_p1,1,3.0,100,8,131,10,10,17,1.7,0.3185129071732416,0.6273074983776313
6,ecc_p1,2,2.8,100,0,131,10,10,15,1.5,0.6546238564186238,0.8138299799349045
6,ecc_p1,2,2.8,100,1,131,10,10,17,1.7,0.5701299458073539,0.807708088081575
6,ecc_p1,2,2.8,100,2,131,10,10,15,1.5,0.6353942077967485,0.925870265018872
6,ecc_p1,2,2.8,100,3,132,10,10,16,1.6,0.3921028466483012,0.7525041492443817
6,ecc_p1,2,2.8,100,4,132,10,10,18,1.8,0.7107438016528927,0.7641715137868138
6,ecc_p1,2,2.8,100,5,132,10,10,15,1.5,0.2603305785123967,0.6721426083474465
6,ecc_p1,2,2.8,100,6,131,10,10,15,1.5,0.32247538022259775,0.7564173348263946
6,ecc_p1,2,2.8,100,7,131,10,10,15,1.5,0.343453178719189,0.8045729247090512
6,ecc_p1,2,2.8,100,8,131,10,10,14,1.4,0.42683992774313834,0.8603917855095449
6,gauss_0.1,0,2.0,100,0,131,10,10,10,1.0,0.6275275333605267,0.9876386016988653
6,gauss_0.1,0,2.0,100,1,131,10,10,10,1.0,0.38744828389953956,0.7280110220296275
6,gauss_0.1,0,2.0,100,2,131,10,10,10,1.0,0.5319620068760562,1.0
6,gauss_0.1,0,2.0,100,3,132,10,10,11,1.1,0.8964646464646465,0.843473320651023
6,gauss_0.1,0,2.0,100,4,132,10,10,13,1.3,0.7891414141414143,0.8148953356205925
6,gauss_0.1,0,2.0,100,5,132,10,10,11,1.1,0.23106060606060608,0.8791433044864275
6,gauss_0.1,0,2.0,100,6,131,10,10,13,1.3,1.1779033855835905,0.9492258646372289
6,gauss_0.1,0,2.0,100,7,131,10,10,11,1.1,0.5787541518559526,0.878429514881546
6,gauss_0.1,0,2.0,100,8,131,10,10,11,1.1,0.3890216187867841,0.7503930968226908
6,gauss_0.1,1,2.02,100,0,131,10,10,11,1.1,0.6774663481149118,0.8919535334497783
6,gauss_0.1,1,2.02,100,1,131,10,10,10,1.0,0.3524852864052212,0.7136823591828231
6,gauss_0.1,1,2.02,100,2,131,10,10,10,1.0,0.5319620068760562,1.0
6,gauss_0.1,1,2.02,100,3,132,10,10,11,1.1,0.8964646464646465,0.843473320651023
6,gauss_0.1,1,2.02,100,4,132,10,10,13,1.3,0.7891414141414144,0.8148953356205925
6,gauss_0.1,1,2.02,100,5,132,10,10,11,1.1,0.23106060606060608,0.8791433044864275
6,gauss_0.1,1,2.02,100,6,131,10,10,13,1.3,1.176388322358837,0.9500090456697537
6,gauss_0.1,1,2.02,100,7,131,10,10,11,1.1,0.5787541518559526,0.878429514881546
6,gauss_0.1,1,2.02,100,8,131,10,10,11,1.1,0.3890216187867841,0.7503930968226908
6,gauss_0.1,2,2.0,100,0,131,10,10,11,1.1,0.7672047083503293,0.9743476191336936
6,gauss_0.1,2,2.0,100,1,131,10,10,10,1.0,0.361808752403706,0.7175234053196199
6,gauss_0.1,2,2.0,100,2,131,10,10,10,1.0,0.5319620068760562,1.0
6,gauss_0.1,2,2.0,100,3,132,10,10,11,1.1,0.8964646464646465,0.843473320651023
6,gauss_0.1,2,2.0,100,4,132,10,10,13,1.3,0.7891414141414144,0.8148953356205925
6,gauss_0.1,2,2.0,100,5,132,10,10,11,1.1,0.21085858585858586,0.8379047533198171
6,gauss_0.1,2,2.0,100,6,131,10,10,12,1.2,1.014567915622633,0.9493111299340552
6,gauss_0.1,2,2.0,100,7,131,10,10,11,1.1,0.5467047374861606,0.8537169036784945
6,gauss_0.1,2,2.0,100,8,131,10,10,11,1.1,0.32107686032282506,0.7111116729593672
6,dm_eig0,0,1.78,100,0,131,10,10,10,1.0,0.18699376493211356,0.5825001325394862
6,dm_eig0,0,1.78,100,1,131,10,10,9,0.9,0.14381446302663015,0.6174474381434149
6,dm_eig0,0,1.78,100,2,131,10,10,10,1.0,0.28255929141658415,0.5565521331367003
6,dm_eig0,0,1.78,100,3,132,10,10,10,1.0,0.4795684113865933,0.6030412256076029
6,dm_eig0,0,1.78,100,4,132,10,10,10,1.0,0.44628099173553726,0.7658459346366588
6,dm_eig0,0,1.78,100,5,132,10,10,10,1.0,0.3957759412304867,0.697275103403925
6,dm_eig0,0,1.78,100,6,131,10,10,10,1.0,0.15436163393741625,0.473541440586199
6,dm_eig0,0,1.78,100,7,131,10,10,9,0.9,0.10290775595827749,0.5184560343372749
6,dm_eig0,0,1.78,100,8,131,10,10,11,1.1,0.2697977973311579,0.5055363649115773
6,dm_eig0,1,1.8,100,0,131,10,10,10,1.0,0.14154186818949946,0.5241193688887463
6,dm_eig0,1,1.8,100,1,131,10,10,10,1.0,0.22661849542567453,0.5848711485403094
6,dm_eig0,1,1.8,100,2,131,10,10,10,1.0,0.4492162461395024,0.6451194102006816
6,dm_eig0,1,1.8,100,3,132,10,10,10,1.0,0.5691000918273647,0.6117176813067566
6,dm_eig0,1,1.8,100,4,132,10,10,9,0.9,0.1539256198347108,0.6311060187589466
6,dm_eig0,1,1.8,100,5,132,10,10,10,1.0,0.5461432506887053,0.7367792921929303
6,dm_eig0,1,1.8,100,6,131,10,10,10,1.0,0.23128022842491697,0.5830548670177217
6,dm_eig0,1,1.8,100,7,131,10,10,10,1.0,0.3454926869063575,0.49254208011907397
6,dm_eig0,1,1.8,100,8,131,10,10,11,1.1,0.2377483829613659,0.4780317092786328
6,dm_eig0,2,1.72,100,0,131,10,10,10,1.0,0.4352310471417749,0.6371293376634176
6,dm_eig0,2,1.72,100,1,131,10,10,8,0.8,0.05308548452887361,0.6509437469791421
6,dm_eig0,2,1.72,100,2,131,10,10,10,1.0,0.09842083794650662,0.4785683453764998
6,dm_eig0,2,1.72,100,3,132,10,10,10,1.0,0.6724058769513316,0.642140017300501
6,dm_eig0,2,1.72,100,4,132,10,10,9,0.9,0.3233471074380166,0.7526014102856639
6,dm_eig0,2,1.72,100,5,132,10,10,9,0.9,0.5185950413223142,0.808882400618071
6,dm_eig0,2,1.72,100,6,131,10,10,10,1.0,0.40026804964745644,0.7220278876831213
6,dm_eig0,2,1.72,100,7,131,10,10,10,1.0,0.40492978264669893,0.5821886704687128
6,dm_eig0,2,1.72,100,8,131,10,10,10,1.0,0.18000116543324982,0.5211226465737036
7,xcoord,0,1.74,100,0,131,10,10,9,0.9,0.445894761377542,0.6310099317917638
7,xcoord,0,1.74,100,1,131,10,10,9,0.9,0.20884563836606257,0.7165035998882281
7,xcoord,0,1.74,100,2,131,10,10,10,1.0,0.3093642561622283,0.6251912886627868
7,xcoord,0,1.74,100,3,132,10,10,10,1.0,0.6930670339761251,0.7627148893625051
7,xcoord,0,1.74,100,4,132,10,10,10,1.0,0.18112947658402206,0.5603651041710564
7,xcoord,0,1.74,100,5,132,10,10,8,0.8,0.472910927456382,0.7202208914368221
7,xcoord,0,1.74,100,6,131,10,10,10,1.0,0.3116951226618496,0.5606520685796265
7,xcoord,0,1.74,100,7,131,10,10,10,1.0,0.27906299166715226,0.6057008583917458
7,xcoord,0,1.74,100,8,131,10,10,11,1.1,0.5082454402424101,0.69706618617628
7,xcoord,1,1.7,100,0,131,10,10,10,1.0,0.5319620068760562,0.590726115547643
7,xcoord,1,1.7,100,1,131,10,10,9,0.9,0.21828564768952857,0.7303258325079587
7,xcoord,1,1.7,100,2,131,10,10,9,0.9,0.33261464949595004,0.6002484579123677
7,xcoord,1,1.7,100,3,132,10,10,9,0.9,0.4152892561983471,0.8473722947035146
7,xcoord,1,1.7,100,4,132,10,10,10,1.0,0.1857208448117539,0.5588394477225187
7,xcoord,1,1.7,100,5,132,10,10,9,0.9,0.5361570247933886,0.694660383232654
7,xcoord,1,1.7,100,6,131,10,10,10,1.0,0.3781248179010547,0.6302558410295519
7,xcoord,1,1.7,100,7,131,10,10,8,0.8,0.21158440650311752,0.697174404248876
7,xcoord,1,1.7,100,8,131,10,10,11,1.1,0.4185070800069926,0.6377436556022299
7,xcoord,2,1.8,100,0,131,10,10,10,1.0,0.5214731076277607,0.5895864584322159
7,xcoord,2,1.8,100,1,131,10,10,9,0.9,0.2508012353592448,0.7530717313322555
7,xcoord,2,1.8,100,2,131,10,10,10,1.0,0.2802284249169629,0.58430343739542
7,xcoord,2,1.8,100,3,132,10,10,10,1.0,0.5541781450872361,0.654359706428638
7,xcoord,2,1.8,100,4,132,10,10,10,1.0,0.10307621671258037,0.5224256683633784
7,xcoord,2,1.8,100,5,132,10,10,10,1.0,0.9375573921028467,0.7889077341793931
7,xcoord,2,1.8,100,6,131,10,10,10,1.0,0.26624322591923555,0.5948508785958343
7,xcoord,2,1.8,100,7,131,10,10,9,0.9,0.1826233902453237,0.6320831323609322
7,xcoord,2,1.8,100,8,131,10,10,12,1.2,0.5936134257910379,0.6737018412057804
7,knn_k1,0,2.82,100,0,131,10,10,14,1.4,0.38604976399976687,0.7983959904746358
7,knn_k1,0,2.82,100,1,131,10,10,16,1.6,0.4386108035662257,0.7686443719983286
7,knn_k1,0,2.82,100,2,131,10,10,13,1.3,0.21886836431443393,0.8196862070787193
7,knn_k1,0,2.82,100,3,132,10,10,15,1.5,0.44283746556473824,0.7801932062565667
7,knn_k1,0,2.82,100,4,132,10,10,19,1.9,0.3150826446280992,0.5216854860782733
7,knn_k1,0,2.82,100,5,132,10,10,16,1.6,0.5610651974288338,0.8051984979268219
7,knn_k1,0,2.82,100,6,131,10,10,15,1.5,0.41337917370782595,0.8086306034519046
7,knn_k1,0,2.82,100,7,131,10,10,17,1.7,0.46116193695006114,0.7359007495476867
7,knn_k1,0,2.82,100,8,131,10,10,16,1.6,0.3863993939747101,0.7256592104998804
7,knn_k1,1,2.86,100,0,131,10,10,13,1.3,0.5006701241186411,0.9300337159321587
7,knn_k1,1,2.86,100,1,131,10,10,13,1.3,0.41279645708292056,0.9331060039691461
7,knn_k1,1,2.86,100,2,131,10,10,14,1.4,0.42683992774313834,0.8852437663458108
7,knn_k1,1,2.86,100,3,132,10,10,17,1.7,0.6391184573002754,0.771927036047159
7,knn_k1,1,2.86,100,4,132,10,10,16,1.6,0.29476584022038566,0.6451539103400827
7,knn_k1,1,2.86,100,5,132,10,10,19,1.9,0.30417814508723595,0.5299635073090444
7,knn_k1,1,2.86,100,6,131,10,10,19,1.9,0.30312918827574153,0.5525036536929436
7,knn_k1,1,2.86,100,7,131,10,10,15,1.5,0.32422353009731375,0.7758173119320863
7,knn_k1,1,2.86,100,8,131,10,10,17,1.7,0.4017248412097196,0.6725527719891586
7,knn_k1,2,2.78,100,0,131,10,10,15,1.5,0.49554221781947444,0.8064539377668871
7,knn_k1,2,2.78,100,1,131,10,10,17,1.7,0.5423926344618611,0.7487381688106385
7,knn_k1,2,2.78,100,2,131,10,10,14,1.4,0.2653108793193869,0.781423598823473
7,knn_k1,2,2.78,100,3,132,10,10,17,1.7,0.4888659320477502,0.693161632355378
7,knn_k1,2,2.78,100,4,132,10,10,15,1.5,0.515151515151515,0.8183657089883871
7,knn_k1,2,2.78,100,5,132,10,10,14,1.4,0.5684113865932047,0.9414119754572692
7,knn_k1,2,2.78,100,6,131,10,10,16,1.6,0.3416467571819824,0.7014873323084655
7,knn_k1,2,2.78,100,7,131,10,10,14,1.4,0.33873317405745584,0.8471577443366993
7,knn_k1,2,2.78,100,8,131,10,10,17,1.7,0.37596876638890503,0.6748836624323984
7,dtm_k10,0,2.96,100,0,131,10,10,14,1.4,0.2179942893770759,0.768477934782196
7,dtm_k10,0,2.96,100,1,131,10,10,16,1.6,0.3285939047841035,0.7179860102212281
7,dtm_k10,0,2.96,100,2,131,10,10,18,1.8,0.335236874308024,0.6049599467587223
7,dtm_k10,0,2.96,100,3,132,10,10,16,1.6,0.4674012855831038,0.8108022588188336
7,dtm_k10,0,2.96,100,4,132,10,10,15,1.5,0.453168044077135,0.8184140931170919
7,dtm_k10,0,2.96,100,5,132,10,10,18,1.8,0.4586776859504133,0.7260076348929426
7,dtm_k10,0,2.96,100,6,131,10,10,16,1.6,0.4180991783695589,0.7388940942363211
7,dtm_k10,0,2.96,100,7,131,10,10,18,1.8,0.4652992249868888,0.6789635231247801
7,dtm_k10,0,2.96,100,8,131,10,10,17,1.7,0.4888992482955538,0.777073442411451
7,dtm_k10,1,2.82,100,0,131,10,10,12,1.2,0.1474855777635336,0.8746657508034247
7,dtm_k10,1,2.82,100,1,131,10,10,16,1.6,0.3285939047841035,0.7179860102212281
7,dtm_k10,1,2.82,100,2,131,10,10,16,1.6,0.35097022318046733,0.7072785251789154
7,dtm_k10,1,2.82,100,3,132,10,10,14,1.4,0.45270890725436175,0.9161619726594669
7,dtm_k10,1,2.82,100,4,132,10,10,15,1.5,0.3498622589531681,0.7622453312982328
7,dtm_k10,1,2.82,100,5,132,10,10,16,1.6,0.26721763085399447,0.7223493518743732
7,dtm_k10,1,2.82,100,6,131,10,10,17,1.7,0.43738709865392444,0.7382453887488577
7,dtm_k10,1,2.82,100,7,131,10,10,18,1.8,0.39187693024881987,0.6296423566810072
7,dtm_k10,1,2.82,100,8,131,10,10,17,1.7,0.34823145504341235,0.690421155816638
7,dtm_k10,2,2.82,100,0,131,10,10,14,1.4,0.25715284657071263,0.8104953359604928
7,dtm_k10,2,2.82,100,1,131,10,10,14,1.4,0.22452071557601538,0.721297895717322
7,dtm_k10,2,2.82,100,2,131,10,10,16,1.6,0.33791737078258843,0.7028165537789738
7,dtm_k10,2,2.82,100,3,132,10,10,17,1.7,0.3093434343434343,0.6562262012642682
7,dtm_k10,2,2.82,100,4,132,10,10,14,1.4,0.4141414141414141,0.8640021856404596
7,dtm_k10,2,2.82,100,5,132,10,10,17,1.7,0.47910927456382,0.810999926827102
7,dtm_k10,2,2.82,100,6,131,10,10,16,1.6,0.4236932579686499,0.7530565652603579
7,dtm_k10,2,2.82,100,7,131,10,10,16,1.6,0.27638249519258784,0.6815375091332585
7,dtm_k10,2,2.82,100,8,131,10,10,17,1.7,0.4235184429811782,0.7378870297601066
7,random,0,3.02,100,0,131,10,10,17,1.7,0.4235184429811782,0.7461837698196147
7,random,0,3.02,100,1,131,10,10,16,1.6,0.4311520307674378,0.7713051608527273
7,random,0,3.02,100,2,131,10,10,18,1.8,0.33104131460870584,0.622720699696068
7,random,0,3.02,100,3,132,10,10,18,1.8,0.378099173553719,0.6248189137867612
7,random,0,3.02,100,4,132,10,10,18,1.8,0.3223140495867769,0.6275438042265679
7,random,0,3.02,100,5,132,10,10,11,1.1,0.10984848484848485,0.9492215718190973
7,random,0,3.02,100,6,131,10,10,14,1.4,0.4545772390886311,0.9448946527593309
7,random,0,3.02,100,7,131,10,10,20,2.0,0.09900355457141193,0.4380056047606795
7,random,0,3.02,100,8,131,10,10,19,1.9,0.34298700541926463,0.6091677434291771
7,random,1,2.96,100,0,131,10,10,15,1.5,0.4396014218285648,0.8797662488153204
7,random,1,2.96,100,1,131,10,10,16,1.6,0.4460695763650137,0.7726026570870184
7,random,1,2.96,100,2,131,10,10,15,1.5,0.43435697220441716,0.881757259774062
7,random,1,2.96,100,3,132,10,10,20,2.0,0.16391184573002757,0.4411223255734728
7,random,1,2.96,100,4,132,10,10,18,1.8,0.5991735537190083,0.7674508254846063
7,random,1,2.96,100,5,132,10,10,20,2.0,0.3223140495867769,0.5419839014330632
7,random,1,2.96,100,6,131,10,10,13,1.3,0.3461336751937534,0.9307566414902704
7,random,1,2.96,100,7,131,10,10,11,1.1,0.14544606957636505,0.9815483533441578
7,random,1,2.96,100,8,131,10,10,20,2.0,0.388031000524445,0.5618163311029166
7,random,2,2.84,100,0,131,10,10,14,1.4,0.37136530505215304,0.9221990206614155
7,random,2,2.84,100,1,131,10,10,18,1.8,0.3646057922032516,0.6646553207388589
7,random,2,2.84,100,2,131,10,10,17,1.7,0.36606258376551476,0.6932867864569277
7,random,2,2.84,100,3,132,10,10,14,1.4,0.3209366391184572,0.8797130104789435
7,random,2,2.84,100,4,132,10,10,17,1.7,0.33666207529843895,0.6806460280555426
7,random,2,2.84,100,5,132,10,10,14,1.4,0.36593204775022964,0.8930116841677993
7,random,2,2.84,100,6,131,10,10,15,1.5,0.3364605792203252,0.8037692286183357
7,random,2,2.84,100,7,131,10,10,18,1.8,0.18419672513256802,0.5208522257880466
7,random,2,2.84,100,8,131,10,10,15,1.5,0.41687547345725784,0.8950847960703516
7,ecc_p1,0,2.94,100,0,131,10,10,16,1.6,0.3546996095798613,0.702275243012224
7,ecc_p1,0,2.94,100,1,131,10,10,16,1.6,0.31927043878561856,0.7175649892633018
7,ecc_p1,0,2.94,100,2,131,10,10,16,1.6,0.4367461103665288,0.7776950752649479
7,ecc_p1,0,2.94,100,3,132,10,10,17,1.7,0.41471533516988063,0.555843876634329
7,ecc_p1,0,2.94,100,4,132,10,10,15,1.5,0.5323691460055096,0.6149833164136714
7,ecc_p1,0,2.94,100,5,132,10,10,15,1.5,0.4480027548209367,0.5584469375075874
7,ecc_p1,0,2.94,100,6,131,10,10,18,1.8,0.32474797505972847,0.5833749564231733
7,ecc_p1,0,2.94,100,7,131,10,10,17,1.7,0.4651244099994172,0.7201857526990473
7,ecc_p1,0,2.94,100,8,131,10,10,17,1.7,0.46116193695006114,0.7063578305324022
7,ecc_p1,1,2.88,100,0,131,10,10,16,1.6,0.3826700075753161,0.7257485550668881
7,ecc_p1,1,2.88,100,1,131,10,10,17,1.7,0.3977623681603636,0.7270860812675517
7,ecc_p1,1,2.88,100,2,131,10,10,17,1.7,0.415593496882466,0.6923917971341307
7,ecc_p1,1,2.88,100,3,132,10,10,17,1.7,0.42642332415059686,0.5821120651752134
7,ecc_p1,1,2.88,100,4,132,10,10,15,1.5,0.702823691460055,0.7297239665001873
7,ecc_p1,1,2.88,100,5,132,10,10,14,1.4,0.46877869605142325,0.6120447585158569
7,ecc_p1,1,2.88,100,6,131,10,10,15,1.5,0.3207272303478819,0.7526171545888574
7,ecc_p1,1,2.88,100,7,131,10,10,15,1.5,0.3347124293456093,0.7256548022634309
7,ecc_p1,1,2.88,100,8,131,10,10,18,1.8,0.6687838704038225,0.7771061517849744
7,ecc_p1,2,2.9,100,0,131,10,10,16,1.6,0.30435289318804265,0.6469133291108224
7,ecc_p1,2,2.9,100,1,131,10,10,17,1.7,0.34426898199405626,0.6786949246395796
7,ecc_p1,2,2.9,100,2,131,10,10,15,1.5,0.2805197832294156,0.7038467318437657
7,ecc_p1,2,2.9,100,3,132,10,10,16,1.6,0.6804407713498623,0.7002018107323629
7,ecc_p1,2,2.9,100,4,132,10,10,14,1.4,0.6696510560146924,0.7699661385597497
7,ecc_p1,2,2.9,100,5,132,10,10,15,1.5,0.5203168044077133,0.5970040620964436
7,ecc_p1,2,2.9,100,6,131,10,10,18,1.8,0.35831245265427414,0.5881553026004684
7,ecc_p1,2,2.9,100,7,131,10,10,18,1.8,0.46320144513722966,0.6570519737644619
7,ecc_p1,2,2.9,100,8,131,10,10,16,1.6,0.42182856476895286,0.7493574424232694
7,gauss_0.1,0,1.98,100,0,131,10,10,11,1.1,0.6287512382728281,0.8334916930111989
7,gauss_0.1,0,1.98,100,1,131,10,10,10,1.0,0.3151914224112814,0.9187441295513443
7,gauss_0.1,0,1.98,100,2,131,10,10,11,1.1,0.4069692908338675,0.9440188370699385
7,gauss_0.1,0,1.98,100,3,132,10,10,11,1.1,0.41287878787878785,0.7548587141400293
7,gauss_0.1,0,1.98,100,4,132,10,10,12,1.2,0.5550964187327824,0.9289026453051159
7,gauss_0.1,0,1.98,100,5,132,10,10,10,1.0,0.3326446280991736,0.9916865314670337
7,gauss_0.1,0,1.98,100,6,131,10,10,11,1.1,0.3518442981178253,0.970370920400494
7,gauss_0.1,0,1.98,100,7,131,10,10,12,1.2,0.23978789114853447,0.6666234918878025
7,gauss_0.1,0,1.98,100,8,131,10,10,11,1.1,0.5082454402424101,0.8887889436280821
7,gauss_0.1,1,2.0,100,0,131,10,10,11,1.1,0.5441407843365772,0.8017008567611406
7,gauss_0.1,1,2.0,100,1,131,10,10,10,1.0,0.3151914224112815,0.9187441295513443
7,gauss_0.1,1,2.0,100,2,131,10,10,11,1.1,0.4069692908338675,0.9440188370699385
7,gauss_0.1,1,2.0,100,3,132,10,10,12,1.2,0.5192837465564738,0.7189902925243379
7,gauss_0.1,1,2.0,100,4,132,10,10,11,1.1,0.5164141414141414,0.9859480846249334
7,gauss_0.1,1,2.0,100,5,132,10,10,11,1.1,0.29924242424242425,0.8967299741195374
7,gauss_0.1,1,2.0,100,6,131,10,10,11,1.1,0.3518442981178254,0.970370920400494
7,gauss_0.1,1,2.0,100,7,131,10,10,12,1.2,0.23978789114853447,0.6666234918878025
7,gauss_0.1,1,2.0,100,8,131,10,10,11,1.1,0.5095274168172018,0.8893004176074155
7,gauss_0.1,2,2.0,100,0,131,10,10,11,1.1,0.6287512382728281,0.8334916930111989
7,gauss_0.1,2,2.0,100,1,131,10,10,10,1.0,0.3151914224112814,0.9187441295513443
7,gauss_0.1,2,2.0,100,2,131,10,10,12,1.2,0.5278829905017192,0.9397464049327615
7,gauss_0.1,2,2.0,100,3,132,10,10,11,1.1,0.4027777777777778,0.7204235248701747
7,gauss_0.1,2,2.0,100,4,132,10,10,11,1.1,0.5164141414141414,0.9859480846249334
7,gauss_0.1,2,2.0,100,5,132,10,10,11,1.1,0.29924242424242425,0.8967299741195374
7,gauss_0.1,2,2.0,100,6,131,10,10,11,1.1,0.3518442981178253,0.970370920400494
7,gauss_0.1,2,2.0,100,7,131,10,10,12,1.2,0.23978789114853455,0.6666234918878025
7,gauss_0.1,2,2.0,100,8,131,10,10,11,1.1,0.5133733465415768,0.8895267965290613
7,dm_eig0,0,1.6,100,0,131,10,10,8,0.8,0.3439776236816036,0.8758844357527649
7,dm_eig0,0,1.6,100,1,131,10,10,7,0.7,0.3717732066895868,0.8115318762537266
7,dm_eig0,0,1.6,100,2,131,10,10,10,1.0,0.2475962939222656,0.6364531216138546
7,dm_eig0,0,1.6,100,3,132,10,10,10,1.0,0.06634527089072544,0.43291504010107656
7,dm_eig0,0,1.6,100,4,132,10,10,10,1.0,0.5289256198347108,0.7654593860505056
7,dm_eig0,0,1.6,100,5,132,10,10,10,1.0,0.5656565656565656,0.6874052135619911
7,dm_eig0,0,1.6,100,6,131,10,10,8,0.8,0.16030534351145037,0.8227518644616846
7,dm_eig0,0,1.6,100,7,131,10,10,9,0.9,0.4469436513023716,0.7142730006258872
7,dm_eig0,0,1.6,100,8,131,10,10,8,0.8,0.3943243400734223,0.777027744788502
7,dm_eig0,1,1.68,100,0,131,10,10,10,1.0,0.5016607423809801,0.7551574739920054
7,dm_eig0,1,1.68,100,1,131,10,10,7,0.7,0.2942718955771808,0.9123052028245158
7,dm_eig0,1,1.68,100,2,131,10,10,9,0.9,0.2109434182157217,0.5907336931439949
7,dm_eig0,1,1.68,100,3,132,10,10,10,1.0,0.11340679522497704,0.4576023642474051
7,dm_eig0,1,1.68,100,4,132,10,10,10,1.0,0.12029384756657485,0.4682858677217117
7,dm_eig0,1,1.68,100,5,132,10,10,10,1.0,0.12718089990817266,0.4875945561887619
7,dm_eig0,1,1.68,100,6,131,10,10,10,1.0,0.3886137171493503,0.7755734397175947
7,dm_eig0,1,1.68,100,7,131,10,10,9,0.9,0.34729910844356393,0.6678278205764405
7,dm_eig0,1,1.68,100,8,131,10,10,9,0.9,0.37457024648913234,0.6129030117231101
7,dm_eig0,2,1.7,100,0,131,10,10,9,0.9,0.41862362333197367,0.722427955771863
7,dm_eig0,2,1.7,100,1,131,10,10,7,0.7,0.345667501893829,0.7886503920860285
7,dm_eig0,2,1.7,100,2,131,10,10,10,1.0,0.2907173241652585,0.5871519302045543
7,dm_eig0,2,1.7,100,3,132,10,10,10,1.0,0.1937557392102847,0.575267056626156
7,dm_eig0,2,1.7,100,4,132,10,10,10,1.0,0.16161616161616166,0.4872470957344229
7,dm_eig0,2,1.7,100,5,132,10,10,10,1.0,0.14554637281910007,0.5321449740791881
7,dm_eig0,2,1.7,100,6,131,10,10,10,1.0,0.2475962939222656,0.6666577320671124
7,dm_eig0,2,1.7,100,7,131,10,10,9,0.9,0.48365479867140604,0.7379743083444393
7,dm_eig0,2,1.7,100,8,131,10,10,10,1.0,0.26158149291999305,0.5522100678146158
8,xcoord,0,1.72,100,0,131,10,10,9,0.9,0.7500728395781132,0.9140740081934864
8,xcoord,0,1.72,100,1,131,10,10,8,0.8,0.3439776236816036,0.7871902938871028
8,xcoord,0,1.72,100,2,131,10,10,10,1.0,0.35947788590408497,0.6537978383121739
8,xcoord,0,1.72,100,3,132,10,10,10,1.0,0.3039485766758494,0.5799989425187012
8,xcoord,0,1.72,100,4,132,10,10,10,1.0,0.5128558310376492,0.679069068936125
8,xcoord,0,1.72,100,5,132,10,10,10,1.0,0.20752984389348025,0.5143302250191946
8,xcoord,0,1.72,100,6,131,10,10,9,0.9,0.2749257036303246,0.6280020954000127
8,xcoord,0,1.72,100,7,131,10,10,10,1.0,0.3338383544082513,0.5820467993844414
8,xcoord,0,1.72,100,8,131,10,10,10,1.0,0.2452654274226444,0.501183186830024
8,xcoord,1,1.76,100,0,131,10,10,10,1.0,0.5331274401258668,0.6036584228077922
8,xcoord,1,1.76,100,1,131,10,10,8,0.8,0.15004953091311696,0.7491206769223067
8,xcoord,1,1.76,100,2,131,10,10,10,1.0,0.18466289843249228,0.5415967549063284
8,xcoord,1,1.76,100,3,132,10,10,10,1.0,0.21441689623507806,0.5254348970320913
8,xcoord,1,1.76,100,4,132,10,10,10,1.0,0.2947658402203857,0.5564104594982971
8,xcoord,1,1.76,100,5,132,10,10,10,1.0,0.19146005509641875,0.4920843462764741
8,xcoord,1,1.76,100,6,131,10,10,9,0.9,0.15430336227492572,0.5940661157851025
8,xcoord,1,1.76,100,7,131,10,10,10,1.0,0.3151914224112814,0.49411864190517046
8,xcoord,1,1.76,100,8,131,10,10,11,1.1,0.4108152205582426,0.5897789114484764
8,xcoord,2,1.76,100,0,131,10,10,10,1.0,0.5995571353650719,0.6566680942645581
8,xcoord,2,1.76,100,1,131,10,10,8,0.8,0.12021443971796515,0.7656833264205724
8,xcoord,2,1.76,100,2,131,10,10,10,1.0,0.3419963871569257,0.6308803623284718
8,xcoord,2,1.76,100,3,132,10,10,10,1.0,0.20408631772268143,0.5079827976277534
8,xcoord,2,1.76,100,4,132,10,10,10,1.0,0.5266299357208448,0.7115415862158073
8,xcoord,2,1.76,100,5,132,10,10,10,1.0,0.3154269972451791,0.6487826711217861
8,xcoord,2,1.76,100,6,131,10,10,10,1.0,0.4352310471417751,0.5870334132387232
8,xcoord,2,1.76,100,7,131,10,10,10,1.0,0.31169512266184957,0.5437309357561814
8,xcoord,2,1.76,100,8,131,10,10,10,1.0,0.23594196142415946,0.5051075221472727
8,knn_k1,0,2.72,100,0,131,10,10,12,1.2,0.3474739234310355,0.9696215779768963
8,knn_k1,0,2.72,100,1,131,10,10,15,1.5,0.5077792669424861,0.8177461346575188
8,knn_k1,0,2.72,100,2,131,10,10,18,1.8,0.26810791911893245,0.5843842692663154
8,knn_k1,0,2.72,100,3,132,10,10,14,1.4,0.35146923783287415,0.8320753061235774
8,knn_k1,0,2.72,100,4,132,10,10,14,1.4,0.36753902662993565,0.8336745491738364
8,knn_k1,0,2.72,100,5,132,10,10,14,1.4,0.38682277318640945,0.8195776728781323
8,knn_k1,0,2.72,100,6,131,10,10,18,1.8,0.24713012062234135,0.5741017134961374
8,knn_k1,0,2.72,100,7,131,10,10,15,1.5,0.27527533360526774,0.7485785237224216
8,knn_k1,0,2.72,100,8,131,10,10,16,1.6,0.27824718839228485,0.7034015140411075
8,knn_k1,1,2.84,100,0,131,10,10,12,1.2,0.3474739234310355,0.9696215779768963
8,knn_k1,1,2.84,100,1,131,10,10,14,1.4,0.4937357962822679,0.8815339125348807
8,knn_k1,1,2.84,100,2,131,10,10,16,1.6,0.3267292115844065,0.7000724712856723
8,knn_k1,1,2.84,100,3,132,10,10,14,1.4,0.34182736455463725,0.8279015733035593
8,knn_k1,1,2.84,100,4,132,10,10,16,1.6,0.5059687786960514,0.7824469627053481
8,knn_k1,1,2.84,100,5,132,10,10,17,1.7,0.5317952249770431,0.7352754619927369
8,knn_k1,1,2.84,100,6,131,10,10,17,1.7,0.45521822737602696,0.774148581263483
8,knn_k1,1,2.84,100,7,131,10,10,18,1.8,0.27440125866790976,0.5917637567031856
8,knn_k1,1,2.84,100,8,131,10,10,18,1.8,0.5345259600256395,0.7637632527705451
8,knn_k1,2,2.6,100,0,131,10,10,14,1.4,0.3991026163976458,0.7934406114894532
8,knn_k1,2,2.6,100,1,131,10,10,12,1.2,0.39082804032399043,0.9357104278160664
8,knn_k1,2,2.6,100,2,131,10,10,15,1.5,0.3207272303478819,0.7495748650628232
8,knn_k1,2,2.6,100,3,132,10,10,14,1.4,0.35146923783287415,0.8320753061235774
8,knn_k1,2,2.6,100,4,132,10,10,14,1.4,0.36753902662993565,0.8336745491738364
8,knn_k1,2,2.6,100,5,132,10,10,13,1.3,0.3220844811753902,0.8653124359753795
8,knn_k1,2,2.6,100,6,131,10,10,16,1.6,0.3006235067886487,0.7457640273468669
8,knn_k1,2,2.6,100,7,131,10,10,18,1.8,0.35831245265427425,0.6450859659946859
8,knn_k1,2,2.6,100,8,131,10,10,14,1.4,0.3338383544082512,0.8672491707371949
8,dtm_k10,0,2.4,100,0,131,10,10,10,1.0,0.07860847269972614,1.0
8,dtm_k10,0,2.4,100,1,131,10,10,12,1.2,0.3334887244333082,0.9651531483072042
8,dtm_k10,0,2.4,100,2,131,10,10,11,1.1,0.13134432725365655,0.9437660050031825
8,dtm_k10,0,2.4,100,3,132,10,10,12,1.2,0.290633608815427,0.9604300078733231
8,dtm_k10,0,2.4,100,4,132,10,10,13,1.3,0.283287419651056,0.9208260062443762
8,dtm_k10,0,2.4,100,5,132,10,10,17,1.7,0.2605601469237833,0.6311754699978137
8,dtm_k10,0,2.4,100,6,131,10,10,16,1.6,0.259600256395315,0.668086396852714
8,dtm_k10,0,2.4,100,7,131,10,10,17,1.7,0.5503175805605733,0.8324010250798137
8,dtm_k10,0,2.4,100,8,131,10,10,12,1.2,0.28454052794126217,0.9433893175368587
8,dtm_k10,1,2.42,100,0,131,10,10,11,1.1,0.1646757181982402,0.8728353672195907
8,dtm_k10,1,2.42,100,1,131,10,10,12,1.2,0.3334887244333081,0.9651531483072042
8,dtm_k10,1,2.42,100,2,131,10,10,13,1.3,0.24765456558475613,0.8577573071010356
8,dtm_k10,1,2.42,100,3,132,10,10,12,1.2,0.30991735537190085,0.9722990802243755
8,dtm_k10,1,2.42,100,4,132,10,10,13,1.3,0.3414830119375574,0.9539443720885636
8,dtm_k10,1,2.42,100,5,132,10,10,16,1.6,0.29660238751147844,0.7134495432659187
8,dtm_k10,1,2.42,100,6,131,10,10,18,1.8,0.26601013926927336,0.5848145903028636
8,dtm_k10,1,2.42,100,7,131,10,10,15,1.5,0.42561622283083744,0.8745975550469132
8,dtm_k10,1,2.42,100,8,131,10,10,11,1.1,0.21339082804032403,0.9837528382446402
8,dtm_k10,2,2.46,100,0,131,10,10,10,1.0,0.07860847269972614,1.0
8,dtm_k10,2,2.46,100,1,131,10,10,12,1.2,0.33348872443330807,0.9651531483072042
8,dtm_k10,2,2.46,100,2,131,10,10,13,1.3,0.24765456558475613,0.8577573071010356
8,dtm_k10,2,2.46,100,3,132,10,10,12,1.2,0.290633608815427,0.9544695299303683
8,dtm_k10,2,2.46,100,4,132,10,10,15,1.5,0.4152892561983471,0.8611231415027889
8,dtm_k10,2,2.46,100,5,132,10,10,15,1.5,0.28443526170798894,0.7525766779727451
8,dtm_k10,2,2.46,100,6,131,10,10,20,2.0,0.3297593380339141,0.5424789892814664
8,dtm_k10,2,2.46,100,7,131,10,10,14,1.4,0.3566808461045394,0.8950061490453374
8,dtm_k10,2,2.46,100,8,131,10,10,12,1.2,0.30132276673853503,0.9680201853594286
8,random,0,2.98,100,0,131,10,10,18,1.8,0.4422236466406387,0.7285920024716632
8,random,0,2.98,100,1,131,10,10,17,1.7,0.5186177961657246,0.7453124039271207
8,random,0,2.98,100,2,131,10,10,16,1.6,0.3285939047841035,0.7164918671719694
8,random,0,2.98,100,3,132,10,10,18,1.8,0.5020661157024793,0.7349091359909636
8,random,0,2.98,100,4,132,10,10,18,1.8,0.31404958677685957,0.6130842615574558
8,random,0,2.98,100,5,132,10,10,19,1.9,0.43067033976124874,0.6476684585126964
8,random,0,2.98,100,6,131,10,10,16,1.6,0.42182856476895286,0.7934986196482773
8,random,0,2.98,100,7,131,10,10,12,1.2,0.20062933395489777,0.9435980614456367
8,random,0,2.98,100,8,131,10,10,15,1.5,0.40114212458481446,0.8441589340946942
8,random,1,2.84,100,0,131,10,10,18,1.8,0.29118349746518263,0.6211122738734066
8,random,1,2.84,100,1,131,10,10,16,1.6,0.4255579511683468,0.8308946354530992
8,random,1,2.84,100,2,131,10,10,14,1.4,0.3632072723034788,0.9087703078783753
8,random,1,2.84,100,3,132,10,10,18,1.8,0.390495867768595,0.655078895138661
8,random,1,2.84,100,4,132,10,10,18,1.8,0.46074380165289264,0.6853372361595462
8,random,1,2.84,100,5,132,10,10,10,1.0,0.05142332415059688,1.0
8,random,1,2.84,100,6,131,10,10,18,1.8,0.28069459821688714,0.6072089520835495
8,random,1,2.84,100,7,131,10,10,13,1.3,0.24765456558475613,0.8365589905474562
8,random,1,2.84,100,8,131,10,10,17,1.7,0.4254996795058562,0.7532786198149045
8,random,2,2.7,100,0,131,10,10,16,1.6,0.35283491638016434,0.7692605283735194
8,random,2,2.7,100,1,131,10,10,13,1.3,0.309772157799662,0.9126777432907832
8,random,2,2.7,100,2,131,10,10,18,1.8,0.5911660159664355,0.8008602993758469
8,random,2,2.7,100,3,132,10,10,18,1.8,0.3574380165289256,0.6615970407574575
8,random,2,2.7,100,4,132,10,10,14,1.4,0.37396694214876025,0.8746226425765032
8,random,2,2.7,100,5,132,10,10,19,1.9,0.5004591368227731,0.6708130746642276
8,random,2,2.7,100,6,131,10,10,12,1.2,0.2439834508478527,0.9590668888141953
8,random,2,2.7,100,7,131,10,10,12,1.2,0.24538197074762544,0.975656060872404
8,random,2,2.7,100,8,131,10,10,13,1.3,0.20674785851640348,0.8654599468732498
8,ecc_p1,0,2.76,100,0,131,10,10,15,1.5,0.33471242934560935,0.7080351884652504
8,ecc_p1,0,2.76,100,1,131,10,10,15,1.5,0.5025348173183382,0.6673474906995978
8,ecc_p1,0,2.76,100,2,131,10,10,14,1.4,0.44968241943942644,0.7605217862331538
8,ecc_p1,0,2.76,100,3,132,10,10,14,1.4,0.698576675849403,0.6825069353336471
8,ecc_p1,0,2.76,100,4,132,10,10,14,1.4,0.49770431588613395,0.6444602767572558
8,ecc_p1,0,2.76,100,5,132,10,10,15,1.5,0.6528925619834711,0.8132032885999005
8,ecc_p1,0,2.76,100,6,131,10,10,18,1.8,0.3037701765631373,0.5282996423854535
8,ecc_p1,0,2.76,100,7,131,10,10,18,1.8,0.5974593555154128,0.6759958622271677
8,ecc_p1,0,2.76,100,8,131,10,10,15,1.5,0.5270089155643611,0.801223268490531
8,ecc_p1,1,2.7,100,0,131,10,10,15,1.5,0.3452013285939049,0.6952518329835696
8,ecc_p1,1,2.7,100,1,131,10,10,15,1.5,0.6091719596760097,0.8159994526593061
8,ecc_p1,1,2.7,100,2,131,10,10,14,1.4,0.5328943534759045,0.801876018712257
8,ecc_p1,1,2.7,100,3,132,10,10,15,1.5,0.8887741046831955,0.7483634236369867
8,ecc_p1,1,2.7,100,4,132,10,10,14,1.4,0.5346648301193755,0.6634874547297994
8,ecc_p1,1,2.7,100,5,132,10,10,14,1.4,0.5780532598714416,0.8489789196310935
8,ecc_p1,1,2.7,100,6,131,10,10,18,1.8,0.5030592622807527,0.6587991019677472
8,ecc_p1,1,2.7,100,7,131,10,10,16,1.6,0.5933803391410757,0.8027268750723991
8,ecc_p1,1,2.7,100,8,131,10,10,14,1.4,0.4349979604918128,0.8096091497643787
8,ecc_p1,2,2.86,100,0,131,10,10,18,1.8,0.5659926577705261,0.6572324416554163
8,ecc_p1,2,2.86,100,1,131,10,10,15,1.5,0.3049938814754386,0.6426447544837586
8,ecc_p1,2,2.86,100,2,131,10,10,16,1.6,0.5113338383544083,0.6343674641623492
8,ecc_p1,2,2.86,100,3,132,10,10,15,1.5,0.8508953168044078,0.7334690976554835
8,ecc_p1,2,2.86,100,4,132,10,10,14,1.4,0.497704315886134,0.6444602767572558
8,ecc_p1,2,2.86,100,5,132,10,10,15,1.5,0.7131542699724518,0.8548393631846566
8,ecc_p1,2,2.86,100,6,131,10,10,17,1.7,0.40172484120971963,0.6283379950965158
8,ecc_p1,2,2.86,100,7,131,10,10,17,1.7,0.5305052153137928,0.7246560388825152
8,ecc_p1,2,2.86,100,8,131,10,10,16,1.6,0.6008391119398636,0.7422984700457422
8,gauss_0.1,0,2.02,100,0,131,10,10,11,1.1,0.18262339024532373,0.807064023605096
8,gauss_0.1,0,2.02,100,1,131,10,10,11,1.1,0.764640755200746,0.9691149768500935
8,gauss_0.1,0,2.02,100,2,131,10,10,11,1.1,0.16211176504865685,0.8111563144458845
8,gauss_0.1,0,2.02,100,3,132,10,10,13,1.3,0.8264462809917357,0.8966306254317279
8,gauss_0.1,0,2.02,100,4,132,10,10,12,1.2,0.7617079889807163,0.9465067077828586
8,gauss_0.1,0,2.02,100,5,132,10,10,11,1.1,0.8522727272727273,0.9091450456778715
8,gauss_0.1,0,2.02,100,6,131,10,10,12,1.2,0.3083153662373988,0.8528173846608578
8,gauss_0.1,0,2.02,100,7,131,10,10,10,1.0,0.4632014451372297,0.9335012851701495
8,gauss_0.1,0,2.02,100,8,131,10,10,10,1.0,0.2977099236641222,0.8503896748129697
8,gauss_0.1,1,2.0,100,0,131,10,10,10,1.0,0.2429345609230231,1.0
8,gauss_0.1,1,2.0,100,1,131,10,10,11,1.1,0.764640755200746,0.9691149768500935
8,gauss_0.1,1,2.0,100,2,131,10,10,12,1.2,0.2174115727521706,0.7895162215558196
8,gauss_0.1,1,2.0,100,3,132,10,10,12,1.2,0.7245179063360881,0.9250962359448354
8,gauss_0.1,1,2.0,100,4,132,10,10,12,1.2,0.8126721763085399,0.9671155036555762
8,gauss_0.1,1,2.0,100,5,132,10,10,11,1.1,0.912878787878788,0.9537810700271013
8,gauss_0.1,1,2.0,100,6,131,10,10,12,1.2,0.2341938115494435,0.7956902874305871
8,gauss_0.1,1,2.0,100,7,131,10,10,10,1.0,0.4632014451372297,0.9335012851701495
8,gauss_0.1,1,2.0,100,8,131,10,10,10,1.0,0.2977099236641222,0.8503896748129697
8,gauss_0.1,2,2.02,100,0,131,10,10,11,1.1,0.1826233902453237,0.807064023605096
8,gauss_0.1,2,2.02,100,1,131,10,10,11,1.1,0.764640755200746,0.9691149768500935
8,gauss_0.1,2,2.02,100,2,131,10,10,11,1.1,0.16211176504865685,0.8111563144458845
8,gauss_0.1,2,2.02,100,3,132,10,10,13,1.3,0.8145087235996328,0.9003960913474567
8,gauss_0.1,2,2.02,100,4,132,10,10,12,1.2,0.8016528925619835,0.9366762454187015
8,gauss_0.1,2,2.02,100,5,132,10,10,11,1.1,0.7840909090909091,0.8659189000091936
8,gauss_0.1,2,2.02,100,6,131,10,10,12,1.2,0.3083153662373988,0.8528173846608578
8,gauss_0.1,2,2.02,100,7,131,10,10,10,1.0,0.4632014451372297,0.9335012851701495
8,gauss_0.1,2,2.02,100,8,131,10,10,10,1.0,0.2977099236641222,0.8503896748129697
8,dm_eig0,0,1.74,100,0,131,10,10,10,1.0,0.2627469261698036,0.6056220414917469
8,dm_eig0,0,1.74,100,1,131,10,10,9,0.9,0.26968125400617676,0.7324987222755757
8,dm_eig0,0,1.74,100,2,131,10,10,9,0.9,0.5245615057397587,0.7067766411031795
8,dm_eig0,0,1.74,100,3,132,10,10,10,1.0,0.25688705234159787,0.619194814412195
8,dm_eig0,0,1.74,100,4,132,10,10,10,1.0,0.34527089072543615,0.6339968762959999
8,dm_eig0,0,1.74,100,5,132,10,10,10,1.0,0.16391184573002757,0.4969994761838585
8,dm_eig0,0,1.74,100,6,131,10,10,10,1.0,0.49000640988287403,0.7200203512654054
8,dm_eig0,0,1.74,100,7,131,10,10,10,1.0,0.4084260823961308,0.6595036320302605
8,dm_eig0,0,1.74,100,8,131,10,10,9,0.9,0.5864460113047025,0.7280031938370761
8,dm_eig0,1,1.66,100,0,131,10,10,10,1.0,0.18116659868306045,0.5427875798994353
8,dm_eig0,1,1.66,100,1,131,10,10,10,1.0,0.46669774488666166,0.7247455620008246
8,dm_eig0,1,1.66,100,2,131,10,10,9,0.9,0.41442806363265544,0.6628279821868664
8,dm_eig0,1,1.66,100,3,132,10,10,7,0.7,0.23737373737373738,0.8366420187336013
8,dm_eig0,1,1.66,100,4,132,10,10,8,0.8,0.40312213039485767,0.8534588784725088
8,dm_eig0,1,1.66,100,5,132,10,10,10,1.0,0.26262626262626265,0.5269898249779263
8,dm_eig0,1,1.66,100,6,131,10,10,10,1.0,0.5972262688654508,0.7713364031381063
8,dm_eig0,1,1.66,100,7,131,10,10,10,1.0,0.21846046267700017,0.5434424151257541
8,dm_eig0,1,1.66,100,8,131,10,10,9,0.9,0.48155701882174695,0.6894255967136482
8,dm_eig0,2,1.7,100,0,131,10,10,10,1.0,0.22894936192529575,0.6212212735958361
8,dm_eig0,2,1.7,100,1,131,10,10,10,1.0,0.386282850649729,0.6852796359488719
8,dm_eig0,2,1.7,100,2,131,10,10,9,0.9,0.4857525785210652,0.7034540804846152
8,dm_eig0,2,1.7,100,3,132,10,10,8,0.8,0.2938475665748393,0.8913731367393275
8,dm_eig0,2,1.7,100,4,132,10,10,10,1.0,0.36248852157943073,0.6283853578287393
8,dm_eig0,2,1.7,100,5,132,10,10,10,1.0,0.26606978879706156,0.5285650223946973
8,dm_eig0,2,1.7,100,6,131,10,10,10,1.0,0.6228658003612845,0.788578999878111
8,dm_eig0,2,1.7,100,7,131,10,10,9,0.9,0.1301788940038459,0.5879434674710882
8,dm_eig0,2,1.7,100,8,131,10,10,9,0.9,0.6200104888992483,0.7406233579855548
9,xcoord,0,1.68,100,0,131,10,10,11,1.1,0.3556902278422004,0.5193956755712728
9,xcoord,0,1.68,100,1,131,10,10,8,0.8,0.17615523570887479,0.7458904359915863
9,xcoord,0,1.68,100,2,131,10,10,10,1.0,0.34199638715692554,0.6109553566197526
9,xcoord,0,1.68,100,3,132,10,10,10,1.0,0.2752525252525253,0.5439676034869173
9,xcoord,0,1.68,100,4,132,10,10,9,0.9,0.5526859504132233,0.6792666839165051
9,xcoord,0,1.68,100,5,132,10,10,8,0.8,0.12947658402203857,0.737392870914434
9,xcoord,0,1.68,100,6,131,10,10,10,1.0,0.33150748790863,0.5948170993831485
9,xcoord,0,1.68,100,7,131,10,10,8,0.8,0.22463725890099645,0.7053437789205147
9,xcoord,0,1.68,100,8,131,10,10,10,1.0,0.48884097663306336,0.7291840566673488
9,xcoord,1,1.74,100,0,131,10,10,10,1.0,0.5645941378707535,0.774246869640801
9,xcoord,1,1.74,100,1,131,10,10,10,1.0,0.18582833168230295,0.5895046437677769
9,xcoord,1,1.74,100,2,131,10,10,8,0.8,0.1556436105122079,0.6382715297366632
9,xcoord,1,1.74,100,3,132,10,10,10,1.0,0.29017447199265384,0.5416246530024778
9,xcoord,1,1.74,100,4,132,10,10,10,1.0,0.09618916437098257,0.46037689988886826
9,xcoord,1,1.74,100,5,132,10,10,11,1.1,0.5328282828282829,0.6667001360890621
9,xcoord,1,1.74,100,6,131,10,10,8,0.8,0.39712137987296775,0.8297824062193049
9,xcoord,1,1.74,100,7,131,10,10,10,1.0,0.5645941378707534,0.7296392165638032
9,xcoord,1,1.74,100,8,131,10,10,10,1.0,0.2336110949245382,0.5530657267365195
9,xcoord,2,1.74,100,0,131,10,10,9,0.9,0.6200104888992483,0.8462448255470136
9,xcoord,2,1.74,100,1,131,10,10,10,1.0,0.1718431326845755,0.572505487179021
9,xcoord,2,1.74,100,2,131,10,10,9,0.9,0.3703746867898141,0.6905062909589988
9,xcoord,2,1.74,100,3,132,10,10,10,1.0,0.3131313131313132,0.5564838081451343
9,xcoord,2,1.74,100,4,132,10,10,10,1.0,0.19375573921028472,0.4878054328879385
9,xcoord,2,1.74,100,5,132,10,10,10,1.0,0.22245179063360887,0.556657901383132
9,xcoord,2,1.74,100,6,131,10,10,10,1.0,0.26857409241885666,0.5525566867435946
9,xcoord,2,1.74,100,7,131,10,10,8,0.8,0.3234659984849368,0.7833805060086263
9,xcoord,2,1.74,100,8,131,10,10,11,1.1,0.389021618786784,0.5792817586520466
9,knn_k1,0,2.78,100,0,131,10,10,12,1.2,0.2020278538546705,0.8739036406023195
9,knn_k1,0,2.78,100,1,131,10,10,15,1.5,0.34694947846862073,0.7887692394429723
9,knn_k1,0,2.78,100,2,131,10,10,11,1.1,0.23774838296136586,0.9661373707533235
9,knn_k1,0,2.78,100,3,132,10,10,17,1.7,0.2859274563820019,0.6623255536747678
9,knn_k1,0,2.78,100,4,132,10,10,15,1.5,0.35674931129476584,0.7927750528815161
9,knn_k1,0,2.78,100,5,132,10,10,18,1.8,0.35743801652892565,0.5630923721567652
9,knn_k1,0,2.78,100,6,131,10,10,16,1.6,0.27824718839228485,0.6989101700459948
9,knn_k1,0,2.78,100,7,131,10,10,15,1.5,0.3924013752112349,0.8047532034336039
9,knn_k1,0,2.78,100,8,131,10,10,20,2.0,0.2714876755433833,0.5152573030964208
9,knn_k1,1,2.84,100,0,131,10,10,12,1.2,0.3041198065380805,0.951828699120301
9,knn_k1,1,2.84,100,1,131,10,10,13,1.3,0.20674785851640348,0.822601351450448
9,knn_k1,1,2.84,100,2,131,10,10,14,1.4,0.3648388788532137,0.8343282023925354
9,knn_k1,1,2.84,100,3,132,10,10,18,1.8,0.37809917355371897,0.6622796464253939
9,knn_k1,1,2.84,100,4,132,10,10,16,1.6,0.4839302112029385,0.8114451300831115
9,knn_k1,1,2.84,100,5,132,10,10,18,1.8,0.41115702479338845,0.5845855585104466
9,knn_k1,1,2.84,100,6,131,10,10,17,1.7,0.3601188741914806,0.6778900789852186
9,knn_k1,1,2.84,100,7,131,10,10,14,1.4,0.37462851815162274,0.8559933586867965
9,knn_k1,1,2.84,100,8,131,10,10,20,2.0,0.2668259425441408,0.5142428800571731
9,knn_k1,2,2.92,100,0,131,10,10,14,1.4,0.324048715109842,0.8236385841082401
9,knn_k1,2,2.92,100,1,131,10,10,12,1.2,0.14189149816444263,0.8504792175762725
9,knn_k1,2,2.92,100,2,131,10,10,13,1.3,0.31128722102441586,0.8859336047359786
9,knn_k1,2,2.92,100,3,132,10,10,19,1.9,0.3717860422405876,0.6089762958201584
9,knn_k1,2,2.92,100,4,132,10,10,15,1.5,0.4944903581267217,0.8586330935251798
9,knn_k1,2,2.92,100,5,132,10,10,18,1.8,0.669421487603306,0.714445193152988
9,knn_k1,2,2.92,100,6,131,10,10,18,1.8,0.17370782588427247,0.5250234568855622
9,knn_k1,2,2.92,100,7,131,10,10,17,1.7,0.5027679039683002,0.7568792335266835
9,knn_k1,2,2.92,100,8,131,10,10,20,2.0,0.3530680030301265,0.550865390953263
9,dtm_k10,0,2.66,100,0,131,10,10,12,1.2,0.23978789114853444,0.8910575074077974
9,dtm_k10,0,2.66,100,1,131,10,10,12,1.2,0.2789464483421712,0.9401874629574074
9,dtm_k10,0,2.66,100,2,131,10,10,12,1.2,0.2523745702464892,0.9500203103395808
9,dtm_k10,0,2.66,100,3,132,10,10,19,1.9,0.1951331496786042,0.4999089394153866
9,dtm_k10,0,2.66,100,4,132,10,10,14,1.4,0.25183654729109267,0.8212573202133863
9,dtm_k10,0,2.66,100,5,132,10,10,18,1.8,0.40702479338842973,0.6333265430841312
9,dtm_k10,0,2.66,100,6,131,10,10,19,1.9,0.48691801177087585,0.6767552388626216
9,dtm_k10,0,2.66,100,7,131,10,10,13,1.3,0.2825010197540936,0.923934845084512
9,dtm_k10,0,2.66,100,8,131,10,10,14,1.4,0.5492104189732531,0.9353039543507425
9,dtm_k10,1,2.84,100,0,131,10,10,11,1.1,0.2339024532369909,0.9821851399242244
9,dtm_k10,1,2.84,100,1,131,10,10,12,1.2,0.2705553289435348,0.9338919304927398
9,dtm_k10,1,2.84,100,2,131,10,10,11,1.1,0.12108851465532314,0.9231081697532012
9,dtm_k10,1,2.84,100,3,132,10,10,19,1.9,0.27582644628099173,0.5522337706382189
9,dtm_k10,1,2.84,100,4,132,10,10,19,1.9,0.3347107438016529,0.6046947556381005
9,dtm_k10,1,2.84,100,5,132,10,10,18,1.8,0.33677685950413233,0.6112720868132493
9,dtm_k10,1,2.84,100,6,131,10,10,20,2.0,0.409008799021036,0.5835223107617757
9,dtm_k10,1,2.84,100,7,131,10,10,17,1.7,0.413612260357788,0.7511678405790946
9,dtm_k10,1,2.84,100,8,131,10,10,15,1.5,0.4273643727055533,0.8213659862364763
9,dtm_k10,2,2.9,100,0,131,10,10,14,1.4,0.37462851815162285,0.8153169046778956
9,dtm_k10,2,2.9,100,1,131,10,10,12,1.2,0.3013227667385351,0.9481740718198417
9,dtm_k10,2,2.9,100,2,131,10,10,11,1.1,0.12108851465532311,0.9231081697532012
9,dtm_k10,2,2.9,100,3,132,10,10,19,1.9,0.2758264462809917,0.5522337706382189
9,dtm_k10,2,2.9,100,4,132,10,10,19,1.9,0.3041781450872359,0.5672001097432743
9,dtm_k10,2,2.9,100,5,132,10,10,16,1.6,0.32598714416896235,0.7103198454227508
9,dtm_k10,2,2.9,100,6,131,10,10,20,2.0,0.4206631315191422,0.5733560733632099
9,dtm_k10,2,2.9,100,7,131,10,10,17,1.7,0.38587494901229524,0.7197358868983168
9,dtm_k10,2,2.9,100,8,131,10,10,17,1.7,0.37398752986422695,0.7261783483438387
9,random,0,3.0,100,0,131,10,10,14,1.4,0.31425907581143286,0.8708826481380406
9,random,0,3.0,100,1,131,10,10,20,2.0,0.5954781189907348,0.6655193053752896
9,random,0,3.0,100,2,131,10,10,11,1.1,0.1351902569780316,0.9761756242143451
9,random,0,3.0,100,3,132,10,10,17,1.7,0.21958218549127642,0.6016624862338095
9,random,0,3.0,100,4,132,10,10,19,1.9,0.44593663911845727,0.6429061231567684
9,random,0,3.0,100,5,132,10,10,19,1.9,0.2365702479338843,0.5417603191378515
9,random,0,3.0,100,6,131,10,10,15,1.5,0.33471242934560924,0.8301290014853397
9,random,0,3.0,100,7,131,10,10,20,2.0,0.6351028494842957,0.7014044710880087
9,random,0,3.0,100,8,131,10,10,15,1.5,0.48854961832061083,0.8995289963155942
9,random,1,3.1,100,0,131,10,10,18,1.8,0.19888118408018185,0.5683495521992186
9,random,1,3.1,100,1,131,10,10,19,1.9,0.6197774022492862,0.754797993473664
9,random,1,3.1,100,2,131,10,10,15,1.5,0.37142357671464377,0.8254379503137423
9,random,1,3.1,100,3,132,10,10,17,1.7,0.2839761248852158,0.6456551610059139
9,random,1,3.1,100,4,132,10,10,18,1.8,0.4421487603305786,0.6881676730143985
9,random,1,3.1,100,5,132,10,10,18,1.8,0.6384297520661159,0.7979432980824293
9,random,1,3.1,100,6,131,10,10,16,1.6,0.4572577355631956,0.854890773598711
9,random,1,3.1,100,7,131,10,10,18,1.8,0.33313909445836487,0.6240495468397125
9,random,1,3.1,100,8,131,10,10,16,1.6,0.18687722160713244,0.6172122301563365
9,random,2,3.22,100,0,131,10,10,17,1.7,0.4849367752461977,0.7415397282711118
9,random,2,3.22,100,1,131,10,10,17,1.7,0.28086941320435876,0.6608172539056337
9,random,2,3.22,100,2,131,10,10,15,1.5,0.3469494784686208,0.8296779113541287
9,random,2,3.22,100,3,132,10,10,19,1.9,0.44375573921028466,0.6572826957740837
9,random,2,3.22,100,4,132,10,10,19,1.9,0.36742424242424243,0.6179664674313498
9,random,2,3.22,100,5,132,10,10,17,1.7,0.44593663911845727,0.7611231249887992
9,random,2,3.22,100,6,131,10,10,19,1.9,0.44263154827807233,0.6502703130219909
9,random,2,3.22,100,7,131,10,10,19,1.9,0.30312918827574153,0.568802439935172
9,random,2,3.22,100,8,131,10,10,19,1.9,0.21012761494085427,0.52061955909382
9,ecc_p1,0,2.96,100,0,131,10,10,17,1.7,0.623623331973661,0.6874610174903452
9,ecc_p1,0,2.96,100,1,131,10,10,18,1.8,0.38977915039916083,0.5072616831626127
9,ecc_p1,0,2.96,100,2,131,10,10,15,1.5,0.34520132859390484,0.5481250472720494
9,ecc_p1,0,2.96,100,3,132,10,10,16,1.6,0.5426997245179064,0.5800957183611608
9,ecc_p1,0,2.96,100,4,132,10,10,16,1.6,0.6161616161616161,0.5472192781607208
9,ecc_p1,0,2.96,100,5,132,10,10,17,1.7,0.6430211202938476,0.6039791869648474
9,ecc_p1,0,2.96,100,6,131,10,10,16,1.6,0.5952450323407726,0.8627792128717293
9,ecc_p1,0,2.96,100,7,131,10,10,18,1.8,0.17370782588427247,0.4881829863149519
9,ecc_p1,0,2.96,100,8,131,10,10,15,1.5,0.24555678573509707,0.6524866411381174
9,ecc_p1,1,2.78,100,0,131,10,10,16,1.6,0.6120272711380456,0.6925354966654317
9,ecc_p1,1,2.78,100,1,131,10,10,15,1.5,0.5095274168172019,0.694158629973248
9,ecc_p1,1,2.78,100,2,131,10,10,15,1.5,0.2770234834799837,0.5036238469876161
9,ecc_p1,1,2.78,100,3,132,10,10,13,1.3,0.6682736455463728,0.8019674137004852
9,ecc_p1,1,2.78,100,4,132,10,10,15,1.5,0.8543388429752066,0.7257025049603174
9,ecc_p1,1,2.78,100,5,132,10,10,15,1.5,0.618457300275482,0.6757602749118932
9,ecc_p1,1,2.78,100,6,131,10,10,16,1.6,0.5933803391410757,0.8287546290762355
9,ecc_p1,1,2.78,100,7,131,10,10,18,1.8,0.16741448633529515,0.4911078896752982
9,ecc_p1,1,2.78,100,8,131,10,10,16,1.6,0.4796340539595595,0.7832619854794802
9,ecc_p1,2,2.86,100,0,131,10,10,15,1.5,0.6091719596760097,0.7866017952645318
9,ecc_p1,2,2.86,100,1,131,10,10,16,1.6,0.46844589476137755,0.6241187783923516
9,ecc_p1,2,2.86,100,2,131,10,10,17,1.7,0.700891556436105,0.5921812364385275
9,ecc_p1,2,2.86,100,3,132,10,10,15,1.5,0.6201790633608815,0.595416210152264
9,ecc_p1,2,2.86,100,4,132,10,10,15,1.5,0.42217630853994487,0.5491871011969822
9,ecc_p1,2,2.86,100,5,132,10,10,17,1.7,0.7132690541781451,0.6281465710368247
9,ecc_p1,2,2.86,100,6,131,10,10,17,1.7,0.36408134724083674,0.6752780896131414
9,ecc_p1,2,2.86,100,7,131,10,10,17,1.7,0.13822038342753917,0.5112681823624255
9,ecc_p1,2,2.86,100,8,131,10,10,14,1.4,0.2783637317172658,0.7668380607978302
9,gauss_0.1,0,1.96,100,0,131,10,10,10,1.0,0.33267292115844066,0.90250707009797
9,gauss_0.1,0,1.96,100,1,131,10,10,12,1.2,0.6062001048889926,0.9594679756426445
9,gauss_0.1,0,1.96,100,2,131,10,10,12,1.2,0.9782063982285417,0.840229489059198
9,gauss_0.1,0,1.96,100,3,132,10,10,11,1.1,0.4684343434343434,0.9066505478888641
9,gauss_0.1,0,1.96,100,4,132,10,10,12,1.2,0.16942148760330578,0.7092760413878858
9,gauss_0.1,0,1.96,100,5,132,10,10,12,1.2,0.46556473829201106,0.9252303427282363
9,gauss_0.1,0,1.96,100,6,131,10,10,10,1.0,0.5261348406270031,0.965555085892361
9,gauss_0.1,0,1.96,100,7,131,10,10,11,1.1,0.8813006235067888,0.9822813784287934
9,gauss_0.1,0,1.96,100,8,131,10,10,8,0.8,0.2442165374978148,0.8666239778538648
9,gauss_0.1,1,1.98,100,0,131,10,10,10,1.0,0.33267292115844066,0.90250707009797
9,gauss_0.1,1,1.98,100,1,131,10,10,12,1.2,0.6062001048889927,0.9594679756426445
9,gauss_0.1,1,1.98,100,2,131,10,10,12,1.2,0.9782063982285416,0.840229489059198
9,gauss_0.1,1,1.98,100,3,132,10,10,11,1.1,0.44696969696969696,0.8861059213082003
9,gauss_0.1,1,1.98,100,4,132,10,10,12,1.2,0.16942148760330578,0.7092760413878858
9,gauss_0.1,1,1.98,100,5,132,10,10,12,1.2,0.46556473829201106,0.9252303427282363
9,gauss_0.1,1,1.98,100,6,131,10,10,11,1.1,0.6415710040207449,0.9411187862794325
9,gauss_0.1,1,1.98,100,7,131,10,10,11,1.1,0.8428413262630385,0.9545145638271038
9,gauss_0.1,1,1.98,100,8,131,10,10,8,0.8,0.28057805489190607,0.9149100394761457
9,gauss_0.1,2,2.02,100,0,131,10,10,10,1.0,0.33267292115844066,0.8704840972690033
9,gauss_0.1,2,2.02,100,1,131,10,10,13,1.3,0.6536915098187752,0.8157878278559721
9,gauss_0.1,2,2.02,100,2,131,10,10,12,1.2,0.9782063982285416,0.840229489059198
9,gauss_0.1,2,2.02,100,3,132,10,10,11,1.1,0.3787878787878788,0.8299353848877349
9,gauss_0.1,2,2.02,100,4,132,10,10,12,1.2,0.16942148760330578,0.7092760413878858
9,gauss_0.1,2,2.02,100,5,132,10,10,12,1.2,0.46556473829201106,0.9252303427282363
9,gauss_0.1,2,2.02,100,6,131,10,10,10,1.0,0.5261348406270031,0.965555085892361
9,gauss_0.1,2,2.02,100,7,131,10,10,11,1.1,0.8633529514597054,0.9679916161122748
9,gauss_0.1,2,2.02,100,8,131,10,10,10,1.0,0.4177495483946157,0.7972443883661772
9,dm_eig0,0,1.74,100,0,131,10,10,11,1.1,0.7313093642561623,0.6821016537565227
9,dm_eig0,0,1.74,100,1,131,10,10,10,1.0,0.20330983042946218,0.509966762856397
9,dm_eig0,0,1.74,100,2,131,10,10,8,0.8,0.19853155410523862,0.7881736020097423
9,dm_eig0,0,1.74,100,3,132,10,10,10,1.0,0.13636363636363635,0.4474541004144772
9,dm_eig0,0,1.74,100,4,132,10,10,10,1.0,0.25,0.5432586973168932
9,dm_eig0,0,1.74,100,5,132,10,10,10,1.0,0.16850321395775944,0.4924670242144254
9,dm_eig0,0,1.74,100,6,131,10,10,9,0.9,0.29275683235242694,0.7265424060414492
9,dm_eig0,0,1.74,100,7,131,10,10,9,0.9,0.528757065439077,0.7887035497329158
9,dm_eig0,0,1.74,100,8,131,10,10,10,1.0,0.2056406969290834,0.5497566216187119
9,dm_eig0,1,1.78,100,0,131,10,10,11,1.1,0.5800361284307443,0.6172247456947707
9,dm_eig0,1,1.78,100,1,131,10,10,10,1.0,0.19631723093059844,0.5146917495625931
9,dm_eig0,1,1.78,100,2,131,10,10,9,0.9,0.35044577821805256,0.8163507352931084
9,dm_eig0,1,1.78,100,3,132,10,10,9,0.9,0.3884297520661158,0.6532857833471122
9,dm_eig0,1,1.78,100,4,132,10,10,10,1.0,0.37281910009182745,0.567793415887954
9,dm_eig0,1,1.78,100,5,132,10,10,10,1.0,0.10422405876951335,0.46596254966668565
9,dm_eig0,1,1.78,100,6,131,10,10,10,1.0,0.404929782646699,0.689633287602349
9,dm_eig0,1,1.78,100,7,131,10,10,10,1.0,0.5879028028669657,0.7255677449441151
9,dm_eig0,1,1.78,100,8,131,10,10,10,1.0,0.4853446768836315,0.6742273731295974
9,dm_eig0,2,1.76,100,0,131,10,10,11,1.1,0.5595245032340774,0.6239478752803644
9,dm_eig0,2,1.76,100,1,131,10,10,10,1.0,0.16135423343627997,0.4773767997776121
9,dm_eig0,2,1.76,100,2,131,10,10,9,0.9,0.415476953557485,0.879232231279045
9,dm_eig0,2,1.76,100,3,132,10,10,10,1.0,0.5151515151515152,0.615886386876016
9,dm_eig0,2,1.76,100,4,132,10,10,10,1.0,0.4175849403122131,0.6682478658684639
9,dm_eig0,2,1.76,100,5,132,10,10,10,1.0,0.3728191000918274,0.6212746801010303
9,dm_eig0,2,1.76,100,6,131,10,10,10,1.0,0.3175222889109026,0.6461394726073258
9,dm_eig0,2,1.76,100,7,131,10,10,9,0.9,0.5224637258900996,0.7900789306145981
9,dm_eig0,2,1.76,100,8,131,10,10,9,0.9,0.4427480916030535,0.7888738156239283
10,xcoord,0,1.64,100,0,131,10,10,12,1.2,0.7796165724608124,0.7035748321382006
10,xcoord,0,1.64,100,1,131,10,10,10,1.0,0.24176912767321254,0.5282456567408274
10,xcoord,0,1.64,100,2,131,10,10,10,1.0,0.3093642561622283,0.5402327439524647
10,xcoord,0,1.64,100,3,132,10,10,7,0.7,0.23094582185491275,0.8769264169485306
10,xcoord,0,1.64,100,4,132,10,10,8,0.8,0.5674931129476584,0.9412648283399807
10,xcoord,0,1.64,100,5,132,10,10,10,1.0,0.4795684113865933,0.666491599114793
10,xcoord,0,1.64,100,6,131,10,10,6,0.6,0.20447526367927277,0.9590869536940575
10,xcoord,0,1.64,100,7,131,10,10,9,0.9,0.5434415243866907,0.8556584336120169
10,xcoord,0,1.64,100,8,131,10,10,10,1.0,0.9445253773090148,0.8865711738564321
10,xcoord,1,1.68,100,0,131,10,10,11,1.1,0.7889983101217879,0.8064946698384637
10,xcoord,1,1.68,100,1,131,10,10,10,1.0,0.25342346017131867,0.5517528625935145
10,xcoord,1,1.68,100,2,131,10,10,10,1.0,0.40376434939688827,0.5872555483973435
10,xcoord,1,1.68,100,3,132,10,10,8,0.8,0.11753902662993572,0.7495052951940271
10,xcoord,1,1.68,100,4,132,10,10,9,0.9,0.4493801652892563,0.6882377320486719
10,xcoord,1,1.68,100,5,132,10,10,10,1.0,0.5426997245179064,0.7039140089975272
10,xcoord,1,1.68,100,6,131,10,10,7,0.7,0.33914107569488944,0.8961426046742729
10,xcoord,1,1.68,100,7,131,10,10,9,0.9,0.25080123535924476,0.7306283545421581
10,xcoord,1,1.68,100,8,131,10,10,10,1.0,0.6368509993590117,0.6713293079672794
10,xcoord,2,1.74,100,0,131,10,10,12,1.2,0.8873026047433135,0.7628221721331964
10,xcoord,2,1.74,100,1,131,10,10,10,1.0,0.25925062642037183,0.5734259972901614
10,xcoord,2,1.74,100,2,131,10,10,10,1.0,0.6380164326088222,0.6886680568299599
10,xcoord,2,1.74,100,3,132,10,10,9,0.9,0.19524793388429754,0.6959315550686794
10,xcoord,2,1.74,100,4,132,10,10,10,1.0,0.47497704315886136,0.620928547008547
10,xcoord,2,1.74,100,5,132,10,10,10,1.0,0.2063820018365473,0.5496312283164174
10,xcoord,2,1.74,100,6,131,10,10,7,0.7,0.38319445253773077,0.9383046539839155
10,xcoord,2,1.74,100,7,131,10,10,10,1.0,0.657828797855603,0.8891793240763275
10,xcoord,2,1.74,100,8,131,10,10,9,0.9,0.6357438377716915,0.7351988234900078
10,knn_k1,0,3.02,100,0,131,10,10,15,1.5,0.4221199230814055,0.8545708310931149
10,knn_k1,0,3.02,100,1,131,10,10,14,1.4,0.2555212400209777,0.8141981799209943
10,knn_k1,0,3.02,100,2,131,10,10,15,1.5,0.33471242934560924,0.7367733458562178
10,knn_k1,0,3.02,100,3,132,10,10,17,1.7,0.31129476584022037,0.6488000595176653
10,knn_k1,0,3.02,100,4,132,10,10,18,1.8,0.3842975206611571,0.6307052160687663
10,knn_k1,0,3.02,100,5,132,10,10,19,1.9,0.4502984389348025,0.6203014224402574
10,knn_k1,0,3.02,100,6,131,10,10,20,2.0,0.199230814055125,0.4606580214904427
10,knn_k1,0,3.02,100,7,131,10,10,15,1.5,0.44309772157799676,0.8407313496184545
10,knn_k1,0,3.02,100,8,131,10,10,18,1.8,0.4820814637841618,0.6786869612050482
10,knn_k1,1,2.82,100,0,131,10,10,13,1.3,0.2991667152263854,0.8896306390906031
10,knn_k1,1,2.82,100,1,131,10,10,13,1.3,0.16584115144805087,0.8186845244294365
10,knn_k1,1,2.82,100,2,131,10,10,15,1.5,0.528757065439077,0.8685589883653282
10,knn_k1,1,2.82,100,3,132,10,10,16,1.6,0.30945821854912764,0.6989894344080148
10,knn_k1,1,2.82,100,4,132,10,10,15,1.5,0.37396694214876025,0.7565751780294125
10,knn_k1,1,2.82,100,5,132,10,10,19,1.9,0.3674242424242424,0.5759172665543072
10,knn_k1,1,2.82,100,6,131,10,10,19,1.9,0.25441407843365776,0.5280142574470695
10,knn_k1,1,2.82,100,7,131,10,10,17,1.7,0.3700250568148708,0.6837918385615173
10,knn_k1,1,2.82,100,8,131,10,10,14,1.4,0.37462851815162285,0.8632534959904946
10,knn_k1,2,2.78,100,0,131,10,10,13,1.3,0.2961365887768779,0.9088643874850187
10,knn_k1,2,2.78,100,1,131,10,10,12,1.2,0.1656663364605792,0.9006520687115734
10,knn_k1,2,2.78,100,2,131,10,10,16,1.6,0.5672746343453179,0.8269869474762227
10,knn_k1,2,2.78,100,3,132,10,10,16,1.6,0.5059687786960514,0.8433617760432551
10,knn_k1,2,2.78,100,4,132,10,10,17,1.7,0.5083792470156107,0.739941746200031
10,knn_k1,2,2.78,100,5,132,10,10,15,1.5,0.6012396694214873,0.8795474696395649
10,knn_k1,2,2.78,100,6,131,10,10,17,1.7,0.28086941320435865,0.6474985050827188
10,knn_k1,2,2.78,100,7,131,10,10,15,1.5,0.4553347707010081,0.82141136385799
10,knn_k1,2,2.78,100,8,131,10,10,18,1.8,0.31845463551075104,0.562211889555271
10,dtm_k10,0,2.94,100,0,131,10,10,13,1.3,0.24310937591049472,0.8647760045195353
10,dtm_k10,0,2.94,100,1,131,10,10,15,1.5,0.2875123827282793,0.7871939618313344
10,dtm_k10,0,2.94,100,2,131,10,10,17,1.7,0.28879435930307085,0.6556001831307766
10,dtm_k10,0,2.94,100,3,132,10,10,16,1.6,0.27823691460055094,0.6790527212820364
10,dtm_k10,0,2.94,100,4,132,10,10,15,1.5,0.3085399449035812,0.7480144506170556
10,dtm_k10,0,2.94,100,5,132,10,10,17,1.7,0.3288567493112947,0.6656969502043786
10,dtm_k10,0,2.94,100,6,131,10,10,18,1.8,0.36041023250393334,0.6572569944237139
10,dtm_k10,0,2.94,100,7,131,10,10,20,2.0,0.6933745119748268,0.7214679751362626
10,dtm_k10,0,2.94,100,8,131,10,10,16,1.6,0.254006176796224,0.6977773364341451
10,dtm_k10,1,2.84,100,0,131,10,10,12,1.2,0.08874774197307848,0.7863597824574916
10,dtm_k10,1,2.84,100,1,131,10,10,16,1.6,0.22044169920167822,0.656067344680967
10,dtm_k10,1,2.84,100,2,131,10,10,17,1.7,0.253132101858866,0.6460460907844997
10,dtm_k10,1,2.84,100,3,132,10,10,18,1.8,0.48760330578512406,0.6888322015907633
10,dtm_k10,1,2.84,100,4,132,10,10,11,1.1,0.17929292929292928,0.9848184593440326
10,dtm_k10,1,2.84,100,5,132,10,10,17,1.7,0.4732552800734618,0.7252205389481373
10,dtm_k10,1,2.84,100,6,131,10,10,19,1.9,0.5444904143115203,0.6861830295037129
10,dtm_k10,1,2.84,100,7,131,10,10,18,1.8,0.6687838704038227,0.8218668309758784
10,dtm_k10,1,2.84,100,8,131,10,10,14,1.4,0.17230930598449976,0.7615577276268487
10,dtm_k10,2,2.76,100,0,131,10,10,14,1.4,0.28652176446594024,0.8323429149749494
10,dtm_k10,2,2.76,100,1,131,10,10,15,1.5,0.29450498222714294,0.7702516831305523
10,dtm_k10,2,2.76,100,2,131,10,10,14,1.4,0.26694248586912184,0.8517213478990943
10,dtm_k10,2,2.76,100,3,132,10,10,18,1.8,0.34090909090909094,0.6124417579831715
10,dtm_k10,2,2.76,100,4,132,10,10,11,1.1,0.16035353535353536,0.9646120308394908
10,dtm_k10,2,2.76,100,5,132,10,10,17,1.7,0.2605601469237833,0.6267374584361853
10,dtm_k10,2,2.76,100,6,131,10,10,18,1.8,0.30796573626245555,0.620672510860631
10,dtm_k10,2,2.76,100,7,131,10,10,18,1.8,0.6582949711555272,0.8237205092748646
10,dtm_k10,2,2.76,100,8,131,10,10,13,1.3,0.17947672047083507,0.8328460487819412
10,random,0,3.0,100,0,131,10,10,18,1.8,0.28908571761552354,0.6013159096777362
10,random,0,3.0,100,1,131,10,10,14,1.4,0.32078550201037237,0.8370199761383719
10,random,0,3.0,100,2,131,10,10,16,1.6,0.34724083678107337,0.7168932229479676
10,random,0,3.0,100,3,132,10,10,15,1.5,0.246556473829201,0.7718548343043163
10,random,0,3.0,100,4,132,10,10,17,1.7,0.5122819100091827,0.7556388777474645
10,random,0,3.0,100,5,132,10,10,14,1.4,0.41574839302112027,0.8805434053897564
10,random,0,3.0,100,6,131,10,10,20,2.0,0.6211176504865684,0.7549633805969066
10,random,0,3.0,100,7,131,10,10,20,2.0,0.35073713653050526,0.5803833960280566
10,random,0,3.0,100,8,131,10,10,16,1.6,0.3770759279762252,0.7644309477740913
10,random,1,3.02,100,0,131,10,10,18,1.8,0.40656138919643375,0.7108991317660964
10,random,1,3.02,100,1,131,10,10,19,1.9,0.4537031641512732,0.6441947424551396
10,random,1,3.02,100,2,131,10,10,15,1.5,0.3626828273410641,0.8504305297861706
10,random,1,3.02,100,3,132,10,10,20,2.0,0.33149678604224064,0.5524426806997151
10,random,1,3.02,100,4,132,10,10,18,1.8,0.25000000000000006,0.5955651679101517
10,random,1,3.02,100,5,132,10,10,14,1.4,0.30647382920110183,0.8973243787364182
10,random,1,3.02,100,6,131,10,10,16,1.6,0.4497989627644077,0.834378476787701
10,random,1,3.02,100,7,131,10,10,16,1.6,0.3845347007750131,0.7437399136597355
10,random,1,3.02,100,8,131,10,10,15,1.5,0.2630382844822563,0.7530091984717866
10,random,2,3.06,100,0,131,10,10,18,1.8,0.33733465415768304,0.6413644410674545
10,random,2,3.06,100,1,131,10,10,18,1.8,0.5659926577705261,0.7695581105306746
10,random,2,3.06,100,2,131,10,10,17,1.7,0.37398752986422695,0.6897238684991637
10,random,2,3.06,100,3,132,10,10,14,1.4,0.2679063360881543,0.8411268303772579
10,random,2,3.06,100,4,132,10,10,19,1.9,0.3477961432506886,0.5962085122553057
10,random,2,3.06,100,5,132,10,10,17,1.7,0.3912993572084481,0.7164832529332997
10,random,2,3.06,100,6,131,10,10,15,1.5,0.4396014218285648,0.8376632349535507
10,random,2,3.06,100,7,131,10,10,17,1.7,0.3145504341238855,0.6968510124753777
10,random,2,3.06,100,8,131,10,10,18,1.8,0.2827923780665462,0.5877949799124109
10,ecc_p1,0,3.04,100,0,131,10,10,16,1.6,0.4759046675601655,0.7480252714525167
10,ecc_p1,0,3.04,100,1,131,10,10,18,1.8,0.16741448633529515,0.5207489038608656
10,ecc_p1,0,3.04,100,2,131,10,10,18,1.8,0.469494784686207,0.678224351230254
10,ecc_p1,0,3.04,100,3,132,10,10,17,1.7,0.5474058769513316,0.8048323821676934
10,ecc_p1,0,3.04,100,4,132,10,10,16,1.6,0.4214876033057851,0.7504348515561536
10,ecc_p1,0,3.04,100,5,132,10,10,16,1.6,0.22865013774104684,0.6587937092213918
10,ecc_p1,0,3.04,100,6,131,10,10,17,1.7,0.5007866674436221,0.7400953648154023
10,ecc_p1,0,3.04,100,7,131,10,10,14,1.4,0.34036478060719066,0.8089584809971342
10,ecc_p1,0,3.04,100,8,131,10,10,20,2.0,0.44164093001573335,0.5954700329280352
10,ecc_p1,1,3.06,100,0,131,10,10,15,1.5,0.49204591807004266,0.806641025792377
10,ecc_p1,1,3.06,100,1,131,10,10,19,1.9,0.32305809684750314,0.547579631829336
10,ecc_p1,1,3.06,100,2,131,10,10,18,1.8,0.467397004836548,0.6667775693886375
10,ecc_p1,1,3.06,100,3,132,10,10,17,1.7,0.5552112029384758,0.8196196470710524
10,ecc_p1,1,3.06,100,4,132,10,10,18,1.8,0.46487603305785136,0.6450818743572574
10,ecc_p1,1,3.06,100,5,132,10,10,13,1.3,0.2101698806244261,0.8515095239908692
10,ecc_p1,1,3.06,100,6,131,10,10,16,1.6,0.4180991783695589,0.7453061673529948
10,ecc_p1,1,3.06,100,7,131,10,10,17,1.7,0.49286172134490985,0.7196572695830198
10,ecc_p1,1,3.06,100,8,131,10,10,20,2.0,0.5208903910028554,0.6363305211514871
10,ecc_p1,2,2.96,100,0,131,10,10,15,1.5,0.4308606724549851,0.7614365627024952
10,ecc_p1,2,2.96,100,1,131,10,10,17,1.7,0.37596876638890503,0.6771895779669566
10,ecc_p1,2,2.96,100,2,131,10,10,17,1.7,0.3957811316356855,0.6748502238225813
10,ecc_p1,2,2.96,100,3,132,10,10,14,1.4,0.32575757575757575,0.8587082951715207
10,ecc_p1,2,2.96,100,4,132,10,10,18,1.8,0.31611570247933896,0.5941400071685299
10,ecc_p1,2,2.96,100,5,132,10,10,15,1.5,0.30681818181818177,0.7701385749767907
10,ecc_p1,2,2.96,100,6,131,10,10,16,1.6,0.3565643027795583,0.7158639654014889
10,ecc_p1,2,2.96,100,7,131,10,10,17,1.7,0.3244566167472757,0.6192513346650882
10,ecc_p1,2,2.96,100,8,131,10,10,19,1.9,0.5179185362158383,0.6737816628819909
10,gauss_0.1,0,2.08,100,0,131,10,10,12,1.2,0.5013111124060371,0.9001102838970235
10,gauss_0.1,0,2.08,100,1,131,10,10,12,1.2,0.8761144455451315,0.9636105562652084
10,gauss_0.1,0,2.08,100,2,131,10,10,13,1.3,1.5809102033681015,0.8885911719080525
10,gauss_0.1,0,2.08,100,3,132,10,10,12,1.2,0.4297520661157025,0.9200304082296015
10,gauss_0.1,0,2.08,100,4,132,10,10,13,1.3,1.1905417814508723,0.8887717379344097
10,gauss_0.1,0,2.08,100,5,132,10,10,12,1.2,0.5192837465564738,0.8748379602901463
10,gauss_0.1,0,2.08,100,6,131,10,10,11,1.1,0.16723967134782355,0.860892849665818
10,gauss_0.1,0,2.08,100,7,131,10,10,10,1.0,0.554105238622458,0.9880548268287112
10,gauss_0.1,0,2.08,100,8,131,10,10,9,0.9,0.2948546122020861,0.8565295812717699
10,gauss_0.1,1,2.02,100,0,131,10,10,11,1.1,0.5108093933919934,0.9618251533742331
10,gauss_0.1,1,2.02,100,1,131,10,10,11,1.1,0.7107977390594956,0.9727479885039078
10,gauss_0.1,1,2.02,100,2,131,10,10,13,1.3,0.608239613076161,0.8396633964623837
10,gauss_0.1,1,2.02,100,3,132,10,10,12,1.2,0.290633608815427,0.8882222755512892
10,gauss_0.1,1,2.02,100,4,132,10,10,13,1.3,1.277089072543618,0.9292625722700992
10,gauss_0.1,1,2.02,100,5,132,10,10,12,1.2,0.5027548209366391,0.8884686563338008
10,gauss_0.1,1,2.02,100,6,131,10,10,10,1.0,0.1170677699434765,1.0
10,gauss_0.1,1,2.02,100,7,131,10,10,10,1.0,0.5541052386224579,0.9880548268287112
10,gauss_0.1,1,2.02,100,8,131,10,10,9,0.9,0.2948546122020861,0.8565295812717699
10,gauss_0.1,2,2.04,100,0,131,10,10,11,1.1,0.5108093933919935,0.9618251533742331
10,gauss_0.1,2,2.04,100,1,131,10,10,12,1.2,0.8523396072489949,0.9557393230869763
10,gauss_0.1,2,2.04,100,2,131,10,10,13,1.3,0.5749082221315773,0.8155364931002199
10,gauss_0.1,2,2.04,100,3,132,10,10,11,1.1,0.27020202020202017,0.9069853935623479
10,gauss_0.1,2,2.04,100,4,132,10,10,14,1.4,0.8576675849403118,0.7445594401946015
10,gauss_0.1,2,2.04,100,5,132,10,10,12,1.2,0.5027548209366391,0.8884686563338008
10,gauss_0.1,2,2.04,100,6,131,10,10,10,1.0,0.1170677699434765,1.0
10,gauss_0.1,2,2.04,100,7,131,10,10,10,1.0,0.5541052386224579,0.9880548268287112
10,gauss_0.1,2,2.04,100,8,131,10,10,9,0.9,0.2948546122020861,0.8565295812717699
10,dm_eig0,0,1.7,100,0,131,10,10,8,0.8,0.3495717032806946,0.7292778319819668
10,dm_eig0,0,1.7,100,1,131,10,10,9,0.9,0.5203659460404405,0.7860565945387883
10,dm_eig0,0,1.7,100,2,131,10,10,10,1.0,0.18000116543324984,0.535789222158871
10,dm_eig0,0,1.7,100,3,132,10,10,9,0.9,0.22004132231404963,0.5612161385099037
10,dm_eig0,0,1.7,100,4,132,10,10,10,1.0,0.4256198347107438,0.6065168909160525
10,dm_eig0,0,1.7,100,5,132,10,10,9,0.9,0.47830578512396704,0.755648674632652
10,dm_eig0,0,1.7,100,6,131,10,10,10,1.0,0.3734630849018123,0.6465612736847722
10,dm_eig0,0,1.7,100,7,131,10,10,10,1.0,0.43056931414253263,0.6360312811341919
10,dm_eig0,0,1.7,100,8,131,10,10,10,1.0,0.35714701940446364,0.6068554913995075
10,dm_eig0,1,1.66,100,0,131,10,10,8,0.8,0.21904317930190548,0.6693418857130474
10,dm_eig0,1,1.66,100,1,131,10,10,9,0.9,0.5832993415302138,0.8502906737930525
10,dm_eig0,1,1.66,100,2,131,10,10,9,0.9,0.6955305634869763,0.9064472313955868
10,dm_eig0,1,1.66,100,3,132,10,10,9,0.9,0.2840909090909091,0.606662014340736
10,dm_eig0,1,1.66,100,4,132,10,10,10,1.0,0.4853076216712582,0.6304873152890123
10,dm_eig0,1,1.66,100,5,132,10,10,10,1.0,0.148989898989899,0.5546864649830414
10,dm_eig0,1,1.66,100,6,131,10,10,10,1.0,0.371132218402191,0.7204641149236954
10,dm_eig0,1,1.66,100,7,131,10,10,8,0.8,0.19480216770584466,0.6415829645654912
10,dm_eig0,1,1.66,100,8,131,10,10,10,1.0,0.47135947788590415,0.704687049226096
10,dm_eig0,2,1.72,100,0,131,10,10,9,0.9,0.4689703397237923,0.6927179237904867
10,dm_eig0,2,1.72,100,1,131,10,10,9,0.9,0.5392459646873725,0.776751962948601
10,dm_eig0,2,1.72,100,2,131,10,10,10,1.0,0.8454635510751121,0.885396758587443
10,dm_eig0,2,1.72,100,3,132,10,10,9,0.9,0.3791322314049587,0.6310628910038474
10,dm_eig0,2,1.72,100,4,132,10,10,10,1.0,0.22933884297520665,0.554958496493316
10,dm_eig0,2,1.72,100,5,132,10,10,10,1.0,0.09389348025711662,0.46390490012314084
10,dm_eig0,2,1.72,100,6,131,10,10,10,1.0,0.5622632713711322,0.8382653988004997
10,dm_eig0,2,1.72,100,7,131,10,10,9,0.9,0.30219684167589295,0.5965521550328277
10,dm_eig0,2,1.72,100,8,131,10,10,10,1.0,0.340830953907115,0.7324861930830524
11,xcoord,0,1.7,100,0,131,10,10,12,1.2,0.6481557018821748,0.6740549077868091
11,xcoord,0,1.7,100,1,131,10,10,10,1.0,0.5506089388730261,0.7352143942049305
11,xcoord,0,1.7,100,2,131,10,10,10,1.0,0.25225802692150806,0.5674522752513838
11,xcoord,0,1.7,100,3,132,10,10,9,0.9,0.34090909090909094,0.7391734192440836
11,xcoord,0,1.7,100,4,132,10,10,7,0.7,0.349862258953168,0.890998048469349
11,xcoord,0,1.7,100,5,132,10,10,10,1.0,0.5507346189164372,0.6226339693575647
11,xcoord,0,1.7,100,6,131,10,10,8,0.8,0.3365188508828157,0.7553039236757421
11,xcoord,0,1.7,100,7,131,10,10,10,1.0,0.35947788590408486,0.6590789693445286
11,xcoord,0,1.7,100,8,131,10,10,9,0.9,0.7060194627352717,0.8348976067854962
11,xcoord,1,1.72,100,0,131,10,10,11,1.1,0.6466989103199116,0.7515473813287765
11,xcoord,1,1.72,100,1,131,10,10,10,1.0,0.5820756366179127,0.749720108292646
11,xcoord,1,1.72,100,2,131,10,10,10,1.0,0.2825592914165841,0.5568548728646268
11,xcoord,1,1.72,100,3,132,10,10,9,0.9,0.3739669421487604,0.6961064327842896
11,xcoord,1,1.72,100,4,132,10,10,10,1.0,0.40495867768595045,0.5818954761579362
11,xcoord,1,1.72,100,5,132,10,10,9,0.9,0.396694214876033,0.7892325234037162
11,xcoord,1,1.72,100,6,131,10,10,8,0.8,0.5891847794417575,0.8536904702178757
11,xcoord,1,1.72,100,7,131,10,10,10,1.0,0.3699667851523804,0.7397567639089225
11,xcoord,1,1.72,100,8,131,10,10,9,0.9,0.5801526717557252,0.7717665332587648
11,xcoord,2,1.78,100,0,131,10,10,11,1.1,0.6595186760678284,0.7534669115583207
11,xcoord,2,1.78,100,1,131,10,10,10,1.0,0.6706485636035197,0.8015845629154768
11,xcoord,2,1.78,100,2,131,10,10,10,1.0,0.24876172717207623,0.5316964699449968
11,xcoord,2,1.78,100,3,132,10,10,10,1.0,0.19260789715335172,0.4931245009369245
11,xcoord,2,1.78,100,4,132,10,10,10,1.0,0.40495867768595045,0.5516644867305177
11,xcoord,2,1.78,100,5,132,10,10,9,0.9,0.253099173553719,0.7023062939916183
11,xcoord,2,1.78,100,6,131,10,10,10,1.0,0.3921100168987821,0.6164504961548074
11,xcoord,2,1.78,100,7,131,10,10,10,1.0,0.5074879086300332,0.6434371010688982
11,xcoord,2,1.78,100,8,131,10,10,9,0.9,0.5161703863411223,0.7782081710647072
11,knn_k1,0,2.78,100,0,131,10,10,12,1.2,0.13769593846512437,0.8608853239326469
11,knn_k1,0,2.78,100,1,131,10,10,17,1.7,0.3997436046850416,0.6398746220933327
11,knn_k1,0,2.78,100,2,131,10,10,15,1.5,0.35918652759163233,0.7955874250857321
11,knn_k1,0,2.78,100,3,132,10,10,12,1.2,0.2644628099173554,0.9482003464484129
11,knn_k1,0,2.78,100,4,132,10,10,17,1.7,0.45569329660238755,0.6901176707497921
11,knn_k1,0,2.78,100,5,132,10,10,16,1.6,0.3351698806244261,0.7190111647438407
11,knn_k1,0,2.78,100,6,131,10,10,17,1.7,0.42748091603053423,0.6867427427803643
11,knn_k1,0,2.78,100,7,131,10,10,16,1.6,0.37894062117592214,0.7812968077007448
11,knn_k1,0,2.78,100,8,131,10,10,17,1.7,0.42351844298117824,0.7456563685757027
11,knn_k1,1,2.82,100,0,131,10,10,13,1.3,0.3249227900472,0.8869425020700422
11,knn_k1,1,2.82,100,1,131,10,10,16,1.6,0.33791737078258843,0.6595946374224826
11,knn_k1,1,2.82,100,2,131,10,10,17,1.7,0.42748091603053434,0.715912171320141
11,knn_k1,1,2.82,100,3,132,10,10,14,1.4,0.3884297520661157,0.8640904274228688
11,knn_k1,1,2.82,100,4,132,10,10,17,1.7,0.29763544536271813,0.6082791796598255
11,knn_k1,1,2.82,100,5,132,10,10,16,1.6,0.3351698806244261,0.7190111647438407
11,knn_k1,1,2.82,100,6,131,10,10,16,1.6,0.3546996095798613,0.6992864912942346
11,knn_k1,1,2.82,100,7,131,10,10,15,1.5,0.34520132859390484,0.8283465189551974
11,knn_k1,1,2.82,100,8,131,10,10,17,1.7,0.2590758114329002,0.6172689391814745
11,knn_k1,2,3.02,100,0,131,10,10,18,1.8,0.24083678107336398,0.5761372992902557
11,knn_k1,2,3.02,100,1,131,10,10,16,1.6,0.42742264436804384,0.728549369938255
11,knn_k1,2,3.02,100,2,131,10,10,17,1.7,0.46908688304877333,0.7445106088744727
11,knn_k1,2,3.02,100,3,132,10,10,14,1.4,0.37557392102846643,0.8646851607600836
11,knn_k1,2,3.02,100,4,132,10,10,15,1.5,0.44283746556473824,0.821020559733745
11,knn_k1,2,3.02,100,5,132,10,10,17,1.7,0.3932506887052342,0.6950074078700379
11,knn_k1,2,3.02,100,6,131,10,10,18,1.8,0.48627702348347995,0.6747131235210914
11,knn_k1,2,3.02,100,7,131,10,10,17,1.7,0.4334246256045684,0.7622920881501064
11,knn_k1,2,3.02,100,8,131,10,10,19,1.9,0.3075578346250218,0.5809251000063741
11,dtm_k10,0,2.66,100,0,131,10,10,16,1.6,0.5635452479459239,0.8095241196488167
11,dtm_k10,0,2.66,100,1,131,10,10,10,1.0,0.09259367169745351,1.0
11,dtm_k10,0,2.66,100,2,131,10,10,12,1.2,0.12510925936716977,0.8595712438134082
11,dtm_k10,0,2.66,100,3,132,10,10,18,1.8,0.5681818181818182,0.6960947190346904
11,dtm_k10,0,2.66,100,4,132,10,10,14,1.4,0.31611570247933884,0.8681901139393728
11,dtm_k10,0,2.66,100,5,132,10,10,17,1.7,0.5103305785123968,0.7588732918099842
11,dtm_k10,0,2.66,100,6,131,10,10,12,1.2,0.17265893595944296,0.9121251188643955
11,dtm_k10,0,2.66,100,7,131,10,10,18,1.8,0.526134840627003,0.6819378817025569
11,dtm_k10,0,2.66,100,8,131,10,10,16,1.6,0.3696171551774372,0.6873206788171746
11,dtm_k10,1,2.6,100,0,131,10,10,14,1.4,0.4349979604918128,0.8461971984810637
11,dtm_k10,1,2.6,100,1,131,10,10,13,1.3,0.2855311462036012,0.8562976816904135
11,dtm_k10,1,2.6,100,2,131,10,10,12,1.2,0.12790629916671523,0.8529318258588829
11,dtm_k10,1,2.6,100,3,132,10,10,17,1.7,0.6976584022038567,0.789296625138972
11,dtm_k10,1,2.6,100,4,132,10,10,11,1.1,0.14393939393939392,0.9716516647560319
11,dtm_k10,1,2.6,100,5,132,10,10,18,1.8,0.5000000000000001,0.7099953460391236
11,dtm_k10,1,2.6,100,6,131,10,10,12,1.2,0.11531962006876056,0.8739736078461628
11,dtm_k10,1,2.6,100,7,131,10,10,16,1.6,0.36029368917895227,0.731288582122199
11,dtm_k10,1,2.6,100,8,131,10,10,17,1.7,0.2491696288095099,0.6055781501586545
11,dtm_k10,2,2.68,100,0,131,10,10,14,1.4,0.4349979604918128,0.8461971984810637
11,dtm_k10,2,2.68,100,1,131,10,10,14,1.4,0.33383835440825127,0.8405479843683287
11,dtm_k10,2,2.68,100,2,131,10,10,11,1.1,0.14544606957636505,0.981548367624126
11,dtm_k10,2,2.68,100,3,132,10,10,17,1.7,0.5825298438934804,0.7648145998032392
11,dtm_k10,2,2.68,100,4,132,10,10,16,1.6,0.3351698806244261,0.7645165085217013
11,dtm_k10,2,2.68,100,5,132,10,10,18,1.8,0.38016528925619836,0.6451783614183191
11,dtm_k10,2,2.68,100,6,131,10,10,14,1.4,0.25225802692150806,0.8443027997909462
11,dtm_k10,2,2.68,100,7,131,10,10,13,1.3,0.27947089330458597,0.888164087297244
11,dtm_k10,2,2.68,100,8,131,10,10,17,1.7,0.2967193054017831,0.6569980473144486
11,random,0,3.16,100,0,131,10,10,18,1.8,0.39187693024882003,0.694322092141715
11,random,0,3.16,100,1,131,10,10,19,1.9,0.3673445603403065,0.6132837607429731
11,random,0,3.16,100,2,131,10,10,18,1.8,0.45900588543791154,0.7180411126991896
11,random,0,3.16,100,3,132,10,10,17,1.7,0.28202479338842973,0.6644663890548544
11,random,0,3.16,100,4,132,10,10,19,1.9,0.5375344352617079,0.7018658033313759
11,random,0,3.16,100,5,132,10,10,15,1.5,0.4084022038567493,0.8697994314906474
11,random,0,3.16,100,6,131,10,10,17,1.7,0.26501952100693427,0.632913227515246
11,random,0,3.16,100,7,131,10,10,17,1.7,0.49286172134490996,0.7602936402999665
11,random,0,3.16,100,8,131,10,10,18,1.8,0.3457257735563196,0.6165506813732142
11,random,1,3.02,100,0,131,10,10,17,1.7,0.21945108093933918,0.6252874495651689
11,random,1,3.02,100,1,131,10,10,17,1.7,0.2887943593030709,0.6651484351951992
11,random,1,3.02,100,2,131,10,10,20,2.0,0.22487034555095864,0.4961767215272045
11,random,1,3.02,100,3,132,10,10,19,1.9,0.2758264462809917,0.540952808257162
11,random,1,3.02,100,4,132,10,10,15,1.5,0.365358126721763,0.8227354514388813
11,random,1,3.02,100,5,132,10,10,17,1.7,0.44788797061524344,0.7470064099990869
11,random,1,3.02,100,6,131,10,10,15,1.5,0.3731717265893597,0.8123295014449023
11,random,1,3.02,100,7,131,10,10,11,1.1,0.13647223355282326,0.9807569976661523
11,random,1,3.02,100,8,131,10,10,20,2.0,0.09900355457141193,0.4424415194084203
11,random,2,2.94,100,0,131,10,10,17,1.7,0.46512440999941723,0.8012784380272024
11,random,2,2.94,100,1,131,10,10,13,1.3,0.3703746867898141,0.8695593986237761
11,random,2,2.94,100,2,131,10,10,18,1.8,0.5848726764174581,0.7485521283501535
11,random,2,2.94,100,3,132,10,10,16,1.6,0.26538108356290174,0.6944670443731108
11,random,2,2.94,100,4,132,10,10,19,1.9,0.3521579430670339,0.6062246169461317
11,random,2,2.94,100,5,132,10,10,15,1.5,0.44628099173553704,0.8613960255959595
11,random,2,2.94,100,6,131,10,10,15,1.5,0.24730493560981295,0.7303642144255078
11,random,2,2.94,100,7,131,10,10,17,1.7,0.36804382029019284,0.7124918475529292
11,random,2,2.94,100,8,131,10,10,17,1.7,0.334362799370666,0.6911222100404705
11,ecc_p1,0,2.88,100,0,131,10,10,16,1.6,0.3118116659868306,0.6236467207347618
11,ecc_p1,0,2.88,100,1,131,10,10,18,1.8,0.43173474739234313,0.6426631310247145
11,ecc_p1,0,2.88,100,2,131,10,10,16,1.6,0.4460695763650137,0.7495101702121202
11,ecc_p1,0,2.88,100,3,132,10,10,15,1.5,0.23450413223140498,0.6514393984035393
11,ecc_p1,0,2.88,100,4,132,10,10,17,1.7,0.4108126721763085,0.47308552764981204
11,ecc_p1,0,2.88,100,5,132,10,10,15,1.5,0.422176308539945,0.5211252748070471
11,ecc_p1,0,2.88,100,6,131,10,10,14,1.4,0.30446943651302366,0.677703458316629
11,ecc_p1,0,2.88,100,7,131,10,10,17,1.7,0.39776236816036353,0.6425910008911575
11,ecc_p1,0,2.88,100,8,131,10,10,16,1.6,0.7145853971213799,0.8233297881498747
11,ecc_p1,1,2.88,100,0,131,10,10,16,1.6,0.28384126799137577,0.6285644847699287
11,ecc_p1,1,2.88,100,1,131,10,10,17,1.7,0.28086941320435865,0.6118537526642419
11,ecc_p1,1,2.88,100,2,131,10,10,18,1.8,0.21356564302779557,0.536088106266643
11,ecc_p1,1,2.88,100,3,132,10,10,17,1.7,0.3308080808080808,0.6191554611281176
11,ecc_p1,1,2.88,100,4,132,10,10,18,1.8,0.46900826446280997,0.47193126297808174
11,ecc_p1,1,2.88,100,5,132,10,10,15,1.5,0.43767217630853983,0.5188030222631187
11,ecc_p1,1,2.88,100,6,131,10,10,13,1.3,0.3961307616106287,0.7859724399702945
11,ecc_p1,1,2.88,100,7,131,10,10,15,1.5,0.39589767496066663,0.750544918833376
11,ecc_p1,1,2.88,100,8,131,10,10,15,1.5,0.6528757065439078,0.7864715978039235
11,ecc_p1,2,2.88,100,0,131,10,10,15,1.5,0.2962531321018589,0.6593191916769865
11,ecc_p1,2,2.88,100,1,131,10,10,15,1.5,0.23506788648680152,0.694768325333462
11,ecc_p1,2,2.88,100,2,131,10,10,16,1.6,0.6194860439368335,0.8361945627583957
11,ecc_p1,2,2.88,100,3,132,10,10,18,1.8,0.3698347107438017,0.5733172491895733
11,ecc_p1,2,2.88,100,4,132,10,10,17,1.7,0.5415518824609734,0.5226940371237422
11,ecc_p1,2,2.88,100,5,132,10,10,16,1.6,0.4986225895316804,0.5208643011549337
11,ecc_p1,2,2.88,100,6,131,10,10,15,1.5,0.3749198764640755,0.6679467616141065
11,ecc_p1,2,2.88,100,7,131,10,10,18,1.8,0.5848726764174581,0.68357546824896
11,ecc_p1,2,2.88,100,8,131,10,10,14,1.4,0.6275275333605267,0.9118707776035732
11,gauss_0.1,0,1.98,100,0,131,10,10,11,1.1,0.49542567449449343,0.8995125867985619
11,gauss_0.1,0,1.98,100,1,131,10,10,13,1.3,0.5612726531087933,0.7351573169436191
11,gauss_0.1,0,1.98,100,2,131,10,10,10,1.0,0.06112697395256686,1.0
11,gauss_0.1,0,1.98,100,3,132,10,10,10,1.0,0.3567493112947659,1.0
11,gauss_0.1,0,1.98,100,4,132,10,10,13,1.3,0.48771808999081734,0.7598456930130726
11,gauss_0.1,0,1.98,100,5,132,10,10,12,1.2,0.3884297520661157,0.828671317367786
11,gauss_0.1,0,1.98,100,6,131,10,10,10,1.0,0.43406561389196435,0.8735662051301087
11,gauss_0.1,0,1.98,100,7,131,10,10,11,1.1,0.46337626012470146,0.878476805508702
11,gauss_0.1,0,1.98,100,8,131,10,10,9,0.9,0.5245615057397587,0.9771159201250504
11,gauss_0.1,1,2.0,100,0,131,10,10,11,1.1,0.6479808868947033,0.9586708081207185
11,gauss_0.1,1,2.0,100,1,131,10,10,13,1.3,0.5612726531087933,0.709029835334038
11,gauss_0.1,1,2.0,100,2,131,10,10,10,1.0,0.061126973952566874,1.0
11,gauss_0.1,1,2.0,100,3,132,10,10,10,1.0,0.3567493112947659,1.0
11,gauss_0.1,1,2.0,100,4,132,10,10,14,1.4,0.5057392102846648,0.7075650278663922
11,gauss_0.1,1,2.0,100,5,132,10,10,12,1.2,0.36363636363636365,0.8737074180686593
11,gauss_0.1,1,2.0,100,6,131,10,10,11,1.1,0.4338907989044928,0.8119651485668059
11,gauss_0.1,1,2.0,100,7,131,10,10,11,1.1,0.42107103315657607,0.8091611312691034
11,gauss_0.1,1,2.0,100,8,131,10,10,8,0.8,0.3784744478759979,1.0
11,gauss_0.1,2,2.02,100,0,131,10,10,10,1.0,0.40609521589650954,0.9199691719182492
11,gauss_0.1,2,2.02,100,1,131,10,10,13,1.3,0.5612726531087933,0.7351573169436191
11,gauss_0.1,2,2.02,100,2,131,10,10,11,1.1,0.11596060835615642,0.8764267521931893
11,gauss_0.1,2,2.02,100,3,132,10,10,13,1.3,0.4444444444444444,0.8559962406803697
11,gauss_0.1,2,2.02,100,4,132,10,10,13,1.3,0.4653351698806244,0.9029216236340039
11,gauss_0.1,2,2.02,100,5,132,10,10,11,1.1,0.3939393939393939,0.9509794561661679
11,gauss_0.1,2,2.02,100,6,131,10,10,10,1.0,0.42474214789347936,0.8696427337433488
11,gauss_0.1,2,2.02,100,7,131,10,10,11,1.1,0.6749023949653284,0.9681864066962352
11,gauss_0.1,2,2.02,100,8,131,10,10,9,0.9,0.47526367927276963,0.9340398400676911
11,dm_eig0,0,1.7,100,0,131,10,10,11,1.1,0.44927451780199296,0.6646123666326076
11,dm_eig0,0,1.7,100,1,131,10,10,10,1.0,0.21379872967775776,0.48432186736759364
11,dm_eig0,0,1.7,100,2,131,10,10,10,1.0,0.590233669366587,0.7025799421418195
11,dm_eig0,0,1.7,100,3,132,10,10,8,0.8,0.35353535353535354,0.7976644849326847
11,dm_eig0,0,1.7,100,4,132,10,10,9,0.9,0.42975206611570255,0.8975750772551349
11,dm_eig0,0,1.7,100,5,132,10,10,10,1.0,0.44857667584940314,0.6158061388886372
11,dm_eig0,0,1.7,100,6,131,10,10,9,0.9,0.6640638657420895,0.832053674449082
11,dm_eig0,0,1.7,100,7,131,10,10,10,1.0,0.3012062234135541,0.6244645966122663
11,dm_eig0,0,1.7,100,8,131,10,10,8,0.8,0.45306217586387737,0.75674218477445
11,dm_eig0,1,1.74,100,0,131,10,10,11,1.1,0.2787716333546996,0.5457892217635771
11,dm_eig0,1,1.74,100,1,131,10,10,10,1.0,0.5855719363673445,0.6212143525165053
11,dm_eig0,1,1.74,100,2,131,10,10,10,1.0,0.16368509993590116,0.5287232908412846
11,dm_eig0,1,1.74,100,3,132,10,10,8,0.8,0.22589531680440772,0.6955037749093879
11,dm_eig0,1,1.74,100,4,132,10,10,10,1.0,0.35560146923783287,0.7018042222436027
11,dm_eig0,1,1.74,100,5,132,10,10,10,1.0,0.2947658402203857,0.5895275333091163
11,dm_eig0,1,1.74,100,6,131,10,10,9,0.9,0.7049705728104423,0.7963034561592254
11,dm_eig0,1,1.74,100,7,131,10,10,10,1.0,0.3921100168987821,0.7810949983528015
11,dm_eig0,1,1.74,100,8,131,10,10,9,0.9,0.5423926344618613,0.6824064495344737
11,dm_eig0,2,1.72,100,0,131,10,10,10,1.0,0.3151914224112814,0.6992892960288046
11,dm_eig0,2,1.72,100,1,131,10,10,10,1.0,0.40959151564594143,0.547485506802686
11,dm_eig0,2,1.72,100,2,131,10,10,10,1.0,0.2336110949245382,0.5127021449641453
11,dm_eig0,2,1.72,100,3,132,10,10,8,0.8,0.23783287419651056,0.7096621518087708
11,dm_eig0,2,1.72,100,4,132,10,10,9,0.9,0.2035123966942149,0.6390746973007035
11,dm_eig0,2,1.72,100,5,132,10,10,10,1.0,0.5713957759412305,0.7493673940604857
11,dm_eig0,2,1.72,100,6,131,10,10,10,1.0,0.5284657071266244,0.6454787161050386
11,dm_eig0,2,1.72,100,7,131,10,10,10,1.0,0.1240603694423402,0.5216976142689802
11,dm_eig0,2,1.72,100,8,131,10,10,9,0.9,0.6546238564186235,0.8040221485566293
12,xcoord,0,1.7,100,0,131,10,10,9,0.9,0.6839927743138511,0.7639291259821868
12,xcoord,0,1.7,100,1,131,10,10,10,1.0,0.3419963871569256,0.6697810768707877
12,xcoord,0,1.7,100,2,131,10,10,10,1.0,0.33034205465881944,0.6582115155876144
12,xcoord,0,1.7,100,3,132,10,10,10,1.0,0.1524334251606979,0.5280213362843613
12,xcoord,0,1.7,100,4,132,10,10,9,0.9,0.3760330578512397,0.7167979841846304
12,xcoord,0,1.7,100,5,132,10,10,9,0.9,0.24586776859504134,0.5422083166531029
12,xcoord,0,1.7,100,6,131,10,10,9,0.9,0.40498805430918944,0.7113176095766021
12,xcoord,0,1.7,100,7,131,10,10,10,1.0,0.2988753569139328,0.62728856430309
12,xcoord,0,1.7,100,8,131,10,10,9,0.9,0.3483479983683934,0.614117272322875
12,xcoord,1,1.7,100,0,131,10,10,10,1.0,0.37462851815162285,0.6461071267296599
12,xcoord,1,1.7,100,1,131,10,10,10,1.0,0.19049006468154542,0.5130140328566992
12,xcoord,1,1.7,100,2,131,10,10,10,1.0,0.13454926869063574,0.4782353402312625
12,xcoord,1,1.7,100,3,132,10,10,10,1.0,0.18457300275482103,0.5025188511149244
12,xcoord,1,1.7,100,4,132,10,10,7,0.7,0.24139118457300263,0.879641775586585
12,xcoord,1,1.7,100,5,132,10,10,8,0.8,0.5941230486685032,0.785928800521742
12,xcoord,1,1.7,100,6,131,10,10,10,1.0,0.4608705786376086,0.7626307436611974
12,xcoord,1,1.7,100,7,131,10,10,10,1.0,0.4946681428821166,0.7033587583845765
12,xcoord,1,1.7,100,8,131,10,10,10,1.0,0.2604160596701824,0.5036863049866599
12,xcoord,2,1.72,100,0,131,10,10,9,0.9,0.37666802633879143,0.6292555471756363
12,xcoord,2,1.72,100,1,131,10,10,10,1.0,0.24876172717207626,0.566668006212231
12,xcoord,2,1.72,100,2,131,10,10,10,1.0,0.09375910494726415,0.45514747809918793
12,xcoord,2,1.72,100,3,132,10,10,10,1.0,0.17079889807162538,0.5176216359460097
12,xcoord,2,1.72,100,4,132,10,10,9,0.9,0.4163223140495868,0.7597006127727223
12,xcoord,2,1.72,100,5,132,10,10,9,0.9,0.43904958677685957,0.6348098841602915
12,xcoord,2,1.72,100,6,131,10,10,9,0.9,0.42072140318163276,0.7475373919393962
12,xcoord,2,1.72,100,7,131,10,10,10,1.0,0.34782355340597876,0.630155213009885
12,xcoord,2,1.72,100,8,131,10,10,10,1.0,0.19282093118116658,0.4923056188039055
12,knn_k1,0,2.9,100,0,131,10,10,15,1.5,0.6388905075461805,0.8440155564692983
12,knn_k1,0,2.9,100,1,131,10,10,18,1.8,0.35831245265427414,0.5634369605547039
12,knn_k1,0,2.9,100,2,131,10,10,16,1.6,0.259600256395315,0.6300607444496807
12,knn_k1,0,2.9,100,3,132,10,10,17,1.7,0.36398071625344347,0.6771857171841774
12,knn_k1,0,2.9,100,4,132,10,10,14,1.4,0.23898071625344353,0.8058563163982536
12,knn_k1,0,2.9,100,5,132,10,10,16,1.6,0.4288337924701561,0.7450514429757507
12,knn_k1,0,2.9,100,6,131,10,10,16,1.6,0.5299807703513781,0.8113926350481256
12,knn_k1,0,2.9,100,7,131,10,10,14,1.4,0.37789173125109254,0.8976102955166404
12,knn_k1,0,2.9,100,8,131,10,10,19,1.9,0.34077268224462437,0.5961798244214991
12,knn_k1,1,2.86,100,0,131,10,10,15,1.5,0.37142357671464377,0.7468084984079838
12,knn_k1,1,2.86,100,1,131,10,10,15,1.5,0.22108268748907411,0.6058911642760616
12,knn_k1,1,2.86,100,2,131,10,10,16,1.6,0.33418798438319447,0.7007772288484198
12,knn_k1,1,2.86,100,3,132,10,10,17,1.7,0.4576446280991736,0.7187504261499229
12,knn_k1,1,2.86,100,4,132,10,10,13,1.3,0.23702938475665747,0.8753346405426029
12,knn_k1,1,2.86,100,5,132,10,10,17,1.7,0.3952020202020202,0.6859117500124786
12,knn_k1,1,2.86,100,6,131,10,10,19,1.9,0.6064914632014452,0.7085412895493867
12,knn_k1,1,2.86,100,7,131,10,10,15,1.5,0.2857642328535634,0.7605285380756048
12,knn_k1,1,2.86,100,8,131,10,10,16,1.6,0.4516636559641047,0.8159347133070751
12,knn_k1,2,2.98,100,0,131,10,10,15,1.5,0.6126682594254417,0.8494986828879194
12,knn_k1,2,2.98,100,1,131,10,10,17,1.7,0.23530097313676357,0.5479109428444061
12,knn_k1,2,2.98,100,2,131,10,10,17,1.7,0.3621001107161587,0.6849018495223218
12,knn_k1,2,2.98,100,3,132,10,10,18,1.8,0.5475206611570248,0.7240943083510056
12,knn_k1,2,2.98,100,4,132,10,10,13,1.3,0.28477961432506893,0.9106764674796948
12,knn_k1,2,2.98,100,5,132,10,10,17,1.7,0.39715335169880633,0.6862201027489839
12,knn_k1,2,2.98,100,6,131,10,10,17,1.7,0.44729328127731477,0.7483012240882674
12,knn_k1,2,2.98,100,7,131,10,10,19,1.9,0.4426315482780724,0.6460770997456351
12,knn_k1,2,2.98,100,8,131,10,10,16,1.6,0.37334654157683117,0.77247474061013
12,dtm_k10,0,2.68,100,0,131,10,10,10,1.0,0.27207039216828854,1.0
12,dtm_k10,0,2.68,100,1,131,10,10,15,1.5,0.551483013810384,0.8431446499416343
12,dtm_k10,0,2.68,100,2,131,10,10,12,1.2,0.25377309014626187,0.9562493029598629
12,dtm_k10,0,2.68,100,3,132,10,10,13,1.3,0.3101469237832874,0.8409554282476109
12,dtm_k10,0,2.68,100,4,132,10,10,18,1.8,0.39256198347107446,0.6712875768880683
12,dtm_k10,0,2.68,100,5,132,10,10,17,1.7,0.31910009182736465,0.7012312715293226
12,dtm_k10,0,2.68,100,6,131,10,10,17,1.7,0.496824194394266,0.8057862713683988
12,dtm_k10,0,2.68,100,7,131,10,10,17,1.7,0.6117359128255929,0.7366165847339218
12,dtm_k10,0,2.68,100,8,131,10,10,15,1.5,0.33820872909504107,0.7426442995083643
12,dtm_k10,1,2.54,100,0,131,10,10,11,1.1,0.3762018530388672,0.98608326765856
12,dtm_k10,1,2.54,100,1,131,10,10,16,1.6,0.5989744187401667,0.8138136302090834
12,dtm_k10,1,2.54,100,2,131,10,10,10,1.0,0.08909737194802168,1.0
12,dtm_k10,1,2.54,100,3,132,10,10,13,1.3,0.428030303030303,0.9055753186812392
12,dtm_k10,1,2.54,100,4,132,10,10,13,1.3,0.40863177226813585,0.8937025632426275
12,dtm_k10,1,2.54,100,5,132,10,10,19,1.9,0.21694214876033052,0.5333196240702651
12,dtm_k10,1,2.54,100,6,131,10,10,17,1.7,0.4314433890798904,0.7593648609934683
12,dtm_k10,1,2.54,100,7,131,10,10,14,1.4,0.37462851815162285,0.800065577014837
12,dtm_k10,1,2.54,100,8,131,10,10,14,1.4,0.3632072723034788,0.8315061919034514
12,dtm_k10,2,2.96,100,0,131,10,10,15,1.5,0.6756016549152147,0.8620380109565121
12,dtm_k10,2,2.96,100,1,131,10,10,13,1.3,0.26280519783229417,0.8168598486385542
12,dtm_k10,2,2.96,100,2,131,10,10,18,1.8,0.4736903443855253,0.6987865664630437
12,dtm_k10,2,2.96,100,3,132,10,10,17,1.7,0.5454545454545455,0.723964733823484
12,dtm_k10,2,2.96,100,4,132,10,10,17,1.7,0.6215564738292011,0.8068326460598069
12,dtm_k10,2,2.96,100,5,132,10,10,20,2.0,0.2718089990817264,0.5264772739086473
12,dtm_k10,2,2.96,100,6,131,10,10,16,1.6,0.4908222131577414,0.8541685246004838
12,dtm_k10,2,2.96,100,7,131,10,10,18,1.8,0.6436105122079134,0.7104231591262945
12,dtm_k10,2,2.96,100,8,131,10,10,14,1.4,0.3713653050521531,0.8409131008109281
12,random,0,3.06,100,0,131,10,10,16,1.6,0.3136763591865276,0.7201845133788248
12,random,0,3.06,100,1,131,10,10,14,1.4,0.2587844531204475,0.8473440067218486
12,random,0,3.06,100,2,131,10,10,18,1.8,0.5135481615290485,0.7025547994314024
12,random,0,3.06,100,3,132,10,10,19,1.9,0.465564738292011,0.6801940056292429
12,random,0,3.06,100,4,132,10,10,20,2.0,0.1868686868686869,0.4708089942623981
12,random,0,3.06,100,5,132,10,10,15,1.5,0.3946280991735537,0.8496505610234149
12,random,0,3.06,100,6,131,10,10,15,1.5,0.29275683235242717,0.8104055807525933
12,random,0,3.06,100,7,131,10,10,19,1.9,0.3607015908163859,0.5754775878061806
12,random,0,3.06,100,8,131,10,10,17,1.7,0.3621001107161587,0.6655814626483112
12,random,1,3.12,100,0,131,10,10,18,1.8,0.2995746168638191,0.6334561896323109
12,random,1,3.12,100,1,131,10,10,16,1.6,0.3826700075753161,0.7414683021617683
12,random,1,3.12,100,2,131,10,10,15,1.5,0.5025348173183382,0.8705343404314109
12,random,1,3.12,100,3,132,10,10,14,1.4,0.23576675849403123,0.7462607404716619
12,random,1,3.12,100,4,132,10,10,19,1.9,0.3630624426078971,0.5956254830041904
12,random,1,3.12,100,5,132,10,10,20,2.0,0.423324150596878,0.5709095592921215
12,random,1,3.12,100,6,131,10,10,17,1.7,0.36408134724083674,0.6881467955639523
12,random,1,3.12,100,7,131,10,10,19,1.9,0.35627294446710567,0.6139413268078789
12,random,1,3.12,100,8,131,10,10,18,1.8,0.48417924363382087,0.7246027422397825
12,random,2,3.12,100,0,131,10,10,16,1.6,0.3845347007750131,0.7685754089289488
12,random,2,3.12,100,1,131,10,10,15,1.5,0.44484587145271265,0.8348715721651984
12,random,2,3.12,100,2,131,10,10,18,1.8,0.32684575490938766,0.6522743715829151
12,random,2,3.12,100,3,132,10,10,19,1.9,0.4088613406795225,0.6495958022776981
12,random,2,3.12,100,4,132,10,10,20,2.0,0.33379247015610647,0.5500301794059891
12,random,2,3.12,100,5,132,10,10,17,1.7,0.3112947658402204,0.6672926156003471
12,random,2,3.12,100,6,131,10,10,15,1.5,0.30324573160072255,0.7897780277330246
12,random,2,3.12,100,7,131,10,10,17,1.7,0.31058796107452946,0.6361668105884041
12,random,2,3.12,100,8,131,10,10,19,1.9,0.33412971272070396,0.5715852410451386
12,ecc_p1,0,2.8,100,0,131,10,10,18,1.8,0.2576190198706369,0.4963359808655254
12,ecc_p1,0,2.8,100,1,131,10,10,16,1.6,0.3267292115844065,0.6577521156717256
12,ecc_p1,0,2.8,100,2,131,10,10,19,1.9,0.5666336460579221,0.6085167686807744
12,ecc_p1,0,2.8,100,3,132,10,10,14,1.4,0.9010560146923782,0.8190117119341981
12,ecc_p1,0,2.8,100,4,132,10,10,15,1.5,0.9473140495867767,0.7109481246492968
12,ecc_p1,0,2.8,100,5,132,10,10,14,1.4,0.7644628099173553,0.7302506768206645
12,ecc_p1,0,2.8,100,6,131,10,10,15,1.5,0.41512732358254184,0.47928608203192036
12,ecc_p1,0,2.8,100,7,131,10,10,13,1.3,1.053668201153779,0.9152464530004849
12,ecc_p1,0,2.8,100,8,131,10,10,16,1.6,0.49828098595652937,0.6774904170218166
12,ecc_p1,1,2.7,100,0,131,10,10,17,1.7,0.28483188625371475,0.5856474808576828
12,ecc_p1,1,2.7,100,1,131,10,10,16,1.6,0.4796340539595595,0.7806736704720985
12,ecc_p1,1,2.7,100,2,131,10,10,17,1.7,0.7722160713245149,0.798126741156321
12,ecc_p1,1,2.7,100,3,132,10,10,11,1.1,0.5303030303030303,0.8847518883841634
12,ecc_p1,1,2.7,100,4,132,10,10,16,1.6,0.783287419651056,0.6513096112483059
12,ecc_p1,1,2.7,100,5,132,10,10,15,1.5,0.9266528925619832,0.6333343200858864
12,ecc_p1,1,2.7,100,6,131,10,10,12,1.2,0.6229823436862656,0.8635765335682717
12,ecc_p1,1,2.7,100,7,131,10,10,14,1.4,0.6568964512557544,0.8063303195939145
12,ecc_p1,1,2.7,100,8,131,10,10,17,1.7,0.5562612901346075,0.6340728781667835
12,ecc_p1,2,2.7,100,0,131,10,10,16,1.6,0.34724083678107337,0.6427038434711069
12,ecc_p1,2,2.7,100,1,131,10,10,14,1.4,0.41052386224578985,0.8429857042451803
12,ecc_p1,2,2.7,100,2,131,10,10,19,1.9,0.7548511159023367,0.6787556968231871
12,ecc_p1,2,2.7,100,3,132,10,10,14,1.4,0.7741046831955922,0.7290813274462328
12,ecc_p1,2,2.7,100,4,132,10,10,14,1.4,0.7901744719926538,0.6737153751858355
12,ecc_p1,2,2.7,100,5,132,10,10,14,1.4,0.6053719008264461,0.650036521926133
12,ecc_p1,2,2.7,100,6,131,10,10,14,1.4,0.7368451721927627,0.7289538016454595
12,ecc_p1,2,2.7,100,7,131,10,10,13,1.3,0.48551949187110316,0.7017227280850562
12,ecc_p1,2,2.7,100,8,131,10,10,17,1.7,0.5602237631839635,0.6366068185195711
12,gauss_0.1,0,1.96,100,0,131,10,10,11,1.1,0.756948895751996,0.8906942124835279
12,gauss_0.1,0,1.96,100,1,131,10,10,10,1.0,0.4923372763824952,0.916071965114375
12,gauss_0.1,0,1.96,100,2,131,10,10,12,1.2,0.37963988112580865,0.8786095089585184
12,gauss_0.1,0,1.96,100,3,132,10,10,10,1.0,0.794077134986226,0.9840112331905052
12,gauss_0.1,0,1.96,100,4,132,10,10,11,1.1,0.4861111111111111,0.9493019658414369
12,gauss_0.1,0,1.96,100,5,132,10,10,15,1.5,0.4531680440771349,0.5773118243932539
12,gauss_0.1,0,1.96,100,6,131,10,10,11,1.1,0.4274809160305344,0.7724265668889234
12,gauss_0.1,0,1.96,100,7,131,10,10,10,1.0,0.4387273468912068,0.9761274718109518
12,gauss_0.1,0,1.96,100,8,131,10,10,8,0.8,0.43161820406736207,0.9670118821100112
12,gauss_0.1,1,1.92,100,0,131,10,10,10,1.0,0.6554979313559817,0.9333751947181824
12,gauss_0.1,1,1.92,100,1,131,10,10,10,1.0,0.49233727638249514,0.916071965114375
12,gauss_0.1,1,1.92,100,2,131,10,10,12,1.2,0.37963988112580865,0.8786095089585184
12,gauss_0.1,1,1.92,100,3,132,10,10,11,1.1,0.3926767676767677,0.7356538073831653
12,gauss_0.1,1,1.92,100,4,132,10,10,11,1.1,0.44065656565656564,0.9598141933503225
12,gauss_0.1,1,1.92,100,5,132,10,10,14,1.4,0.3820018365472911,0.5881993602852499
12,gauss_0.1,1,1.92,100,6,131,10,10,11,1.1,0.5505506672105356,0.9598092431315439
12,gauss_0.1,1,1.92,100,7,131,10,10,10,1.0,0.4387273468912068,0.9761274718109518
12,gauss_0.1,1,1.92,100,8,131,10,10,7,0.7,0.2836664530039042,1.0
12,gauss_0.1,2,1.96,100,0,131,10,10,10,1.0,0.6554979313559817,0.9333751947181824
12,gauss_0.1,2,1.96,100,1,131,10,10,10,1.0,0.49233727638249514,0.916071965114375
12,gauss_0.1,2,1.96,100,2,131,10,10,12,1.2,0.37963988112580865,0.8786095089585184
12,gauss_0.1,2,1.96,100,3,132,10,10,11,1.1,0.3926767676767677,0.7356538073831653
12,gauss_0.1,2,1.96,100,4,132,10,10,11,1.1,0.44065656565656564,0.9598141933503225
12,gauss_0.1,2,1.96,100,5,132,10,10,15,1.5,0.5082644628099173,0.5941514152920853
12,gauss_0.1,2,1.96,100,6,131,10,10,11,1.1,0.3723559233144922,0.7505142289376963
12,gauss_0.1,2,1.96,100,7,131,10,10,10,1.0,0.4387273468912069,0.9761274718109518
12,gauss_0.1,2,1.96,100,8,131,10,10,8,0.8,0.44746809626478645,0.9830772675600262
12,dm_eig0,0,1.78,100,0,131,10,10,10,1.0,0.4224112813938582,0.6744043073731595
12,dm_eig0,0,1.78,100,1,131,10,10,10,1.0,0.3396655206573044,0.5863238408166777
12,dm_eig0,0,1.78,100,2,131,10,10,10,1.0,0.3396655206573044,0.6584502661882925
12,dm_eig0,0,1.78,100,3,132,10,10,9,0.9,0.23657024793388434,0.603934246674425
12,dm_eig0,0,1.78,100,4,132,10,10,10,1.0,0.2798438934802572,0.5669431762192821
12,dm_eig0,0,1.78,100,5,132,10,10,10,1.0,0.16391184573002757,0.47182687239104726
12,dm_eig0,0,1.78,100,6,131,10,10,10,1.0,0.5133150748790863,0.7284166781183807
12,dm_eig0,0,1.78,100,7,131,10,10,10,1.0,0.21729502942718962,0.5155175681191067
12,dm_eig0,0,1.78,100,8,131,10,10,10,1.0,0.38278655090029723,0.5728274125274238
12,dm_eig0,1,1.72,100,0,131,10,10,9,0.9,0.37457024648913234,0.717569051783753
12,dm_eig0,1,1.72,100,1,131,10,10,8,0.8,0.25354000349629974,0.6802749882013537
12,dm_eig0,1,1.72,100,2,131,10,10,10,1.0,0.40376434939688827,0.6828345022797085
12,dm_eig0,1,1.72,100,3,132,10,10,9,0.9,0.3698347107438017,0.6040403047518077
12,dm_eig0,1,1.72,100,4,132,10,10,10,1.0,0.32460973370064283,0.6840425299562033
12,dm_eig0,1,1.72,100,5,132,10,10,10,1.0,0.20523415977961434,0.5576324149342521
12,dm_eig0,1,1.72,100,6,131,10,10,10,1.0,0.20913699667851526,0.4495831814301781
12,dm_eig0,1,1.72,100,7,131,10,10,10,1.0,0.5144805081288969,0.63826206270467
12,dm_eig0,1,1.72,100,8,131,10,10,10,1.0,0.23128022842491697,0.5214097068960903
12,dm_eig0,2,1.76,100,0,131,10,10,9,0.9,0.5507837538604976,0.7931527032145028
12,dm_eig0,2,1.76,100,1,131,10,10,10,1.0,0.32101858866033445,0.5496889141049551
12,dm_eig0,2,1.76,100,2,131,10,10,10,1.0,0.4294038808927219,0.7079848434605401
12,dm_eig0,2,1.76,100,3,132,10,10,10,1.0,0.3969237832874197,0.6276138904860925
12,dm_eig0,2,1.76,100,4,132,10,10,10,1.0,0.41643709825528,0.6348354628866094
12,dm_eig0,2,1.76,100,5,132,10,10,10,1.0,0.16276400367309457,0.5381984731477035
12,dm_eig0,2,1.76,100,6,131,10,10,10,1.0,0.27789755841734165,0.4844016214692515
12,dm_eig0,2,1.76,100,7,131,10,10,11,1.1,0.3838937124876173,0.5980706197661386
12,dm_eig0,2,1.76,100,8,131,10,10,8,0.8,0.39991841967251324,0.6712660348759685
13,xcoord,0,1.68,100,0,131,10,10,9,0.9,0.8895751995804438,0.9072092501347389
13,xcoord,0,1.68,100,1,131,10,10,10,1.0,0.1706776994347649,0.5398838264712706
13,xcoord,0,1.68,100,2,131,10,10,9,0.9,0.3420546588194161,0.7871892225202751
13,xcoord,0,1.68,100,3,132,10,10,7,0.7,0.455922865013774,0.8052844476100027
13,xcoord,0,1.68,100,4,132,10,10,10,1.0,0.4359504132231405,0.7506596876757364
13,xcoord,0,1.68,100,5,132,10,10,11,1.1,0.5315656565656566,0.6839830968709463
13,xcoord,0,1.68,100,6,131,10,10,7,0.7,0.3187459938232037,0.8881350558974749
13,xcoord,0,1.68,100,7,131,10,10,10,1.0,0.23477652817434883,0.5043132406374978
13,xcoord,0,1.68,100,8,131,10,10,11,1.1,0.6338791445719948,0.7817211549971963
13,xcoord,1,1.7,100,0,131,10,10,10,1.0,0.6659868306042771,0.7562938676930671
13,xcoord,1,1.7,100,1,131,10,10,10,1.0,0.2639123594196143,0.5735726697203386
13,xcoord,1,1.7,100,2,131,10,10,9,0.9,0.3378590991200979,0.7839089022508381
13,xcoord,1,1.7,100,3,132,10,10,9,0.9,0.7458677685950414,0.7605943426210403
13,xcoord,1,1.7,100,4,132,10,10,10,1.0,0.4187327823691461,0.6643572676438655
13,xcoord,1,1.7,100,5,132,10,10,10,1.0,0.45890725436179985,0.7546212398821036
13,xcoord,1,1.7,100,6,131,10,10,7,0.7,0.25837655148301375,0.8471890138621623
13,xcoord,1,1.7,100,7,131,10,10,10,1.0,0.2592506264203718,0.5181539416816144
13,xcoord,1,1.7,100,8,131,10,10,10,1.0,0.22312219567624267,0.5552976631709421
13,xcoord,2,1.72,100,0,131,10,10,10,1.0,0.7988462210826874,0.8115490388082219
13,xcoord,2,1.72,100,1,131,10,10,10,1.0,0.3548161529048424,0.6516517336001577
13,xcoord,2,1.72,100,2,131,10,10,9,0.9,0.41128139385816675,0.8314258894324914
13,xcoord,2,1.72,100,3,132,10,10,9,0.9,0.5247933884297521,0.6636577706794576
13,xcoord,2,1.72,100,4,132,10,10,10,1.0,0.18916437098255282,0.538879749688753
13,xcoord,2,1.72,100,5,132,10,10,10,1.0,0.2373737373737374,0.5852785313792513
13,xcoord,2,1.72,100,6,131,10,10,8,0.8,0.38127148767554336,0.7760650873225082
13,xcoord,2,1.72,100,7,131,10,10,10,1.0,0.11590233669366587,0.46617259913750886
13,xcoord,2,1.72,100,8,131,10,10,10,1.0,0.24060369442340196,0.48988889070338815
13,knn_k1,0,2.84,100,0,131,10,10,13,1.3,0.317347473923431,0.8668268080027232
13,knn_k1,0,2.84,100,1,131,10,10,16,1.6,0.3080822795874366,0.7143004425270036
13,knn_k1,0,2.84,100,2,131,10,10,12,1.2,0.28034496824194394,0.9390613934169918
13,knn_k1,0,2.84,100,3,132,10,10,15,1.5,0.35847107438016523,0.6967516078811109
13,knn_k1,0,2.84,100,4,132,10,10,16,1.6,0.3351698806244261,0.6712909505280018
13,knn_k1,0,2.84,100,5,132,10,10,17,1.7,0.47325528007346185,0.7359165311738411
13,knn_k1,0,2.84,100,6,131,10,10,18,1.8,0.3541168929549559,0.655170931914892
13,knn_k1,0,2.84,100,7,131,10,10,15,1.5,0.32597167997202964,0.7781464418130718
13,knn_k1,0,2.84,100,8,131,10,10,20,2.0,0.5022434590058855,0.6189991802271168
13,knn_k1,1,2.64,100,0,131,10,10,10,1.0,0.13454926869063577,1.0
13,knn_k1,1,2.64,100,1,131,10,10,16,1.6,0.3080822795874366,0.7143004425270036
13,knn_k1,1,2.64,100,2,131,10,10,16,1.6,0.27451780199289083,0.6855509278655396
13,knn_k1,1,2.64,100,3,132,10,10,14,1.4,0.39807162534435264,0.7835514316401535
13,knn_k1,1,2.64,100,4,132,10,10,15,1.5,0.34125344352617076,0.7075697813510257
13,knn_k1,1,2.64,100,5,132,10,10,15,1.5,0.43767217630853994,0.8194689576302105
13,knn_k1,1,2.64,100,6,131,10,10,15,1.5,0.3049938814754386,0.7894532085987404
13,knn_k1,1,2.64,100,7,131,10,10,19,1.9,0.48913233494551606,0.6549418486850104
13,knn_k1,1,2.64,100,8,131,10,10,12,1.2,0.25796864984558016,0.9701589622458953
13,knn_k1,2,2.78,100,0,131,10,10,11,1.1,0.21980071091428238,0.9752964928562912
13,knn_k1,2,2.78,100,1,131,10,10,16,1.6,0.3080822795874366,0.7143004425270036
13,knn_k1,2,2.78,100,2,131,10,10,13,1.3,0.3446186119689995,0.9135107070310355
13,knn_k1,2,2.78,100,3,132,10,10,15,1.5,0.5392561983471073,0.77373369961248
13,knn_k1,2,2.78,100,4,132,10,10,16,1.6,0.40312213039485767,0.7392280915900519
13,knn_k1,2,2.78,100,5,132,10,10,16,1.6,0.31129476584022037,0.6907483637679476
13,knn_k1,2,2.78,100,6,131,10,10,18,1.8,0.39817026979779735,0.6707251293571934
13,knn_k1,2,2.78,100,7,131,10,10,18,1.8,0.37719247130120614,0.654410465179941
13,knn_k1,2,2.78,100,8,131,10,10,16,1.6,0.46844589476137755,0.8259634880394036
13,dtm_k10,0,2.76,100,0,131,10,10,14,1.4,0.2979430103140842,0.682230611646875
13,dtm_k10,0,2.76,100,1,131,10,10,14,1.4,0.28652176446594013,0.8222478409180707
13,dtm_k10,0,2.76,100,2,131,10,10,17,1.7,0.3819124759629392,0.7120709519576357
13,dtm_k10,0,2.76,100,3,132,10,10,16,1.6,0.3516988062442608,0.7449077365313881
13,dtm_k10,0,2.76,100,4,132,10,10,16,1.6,0.34251606978879706,0.7523669223344167
13,dtm_k10,0,2.76,100,5,132,10,10,14,1.4,0.27915518824609725,0.8140030017634369
13,dtm_k10,0,2.76,100,6,131,10,10,16,1.6,0.3229998251850125,0.721123147341469
13,dtm_k10,0,2.76,100,7,131,10,10,15,1.5,0.23331973661208558,0.7522416870402634
13,dtm_k10,0,2.76,100,8,131,10,10,16,1.6,0.533710156750772,0.8720036314554916
13,dtm_k10,1,2.72,100,0,131,10,10,14,1.4,0.2979430103140842,0.682230611646875
13,dtm_k10,1,2.72,100,1,131,10,10,14,1.4,0.2865217644659402,0.8222478409180707
13,dtm_k10,1,2.72,100,2,131,10,10,17,1.7,0.4413495717032806,0.7480348469098649
13,dtm_k10,1,2.72,100,3,132,10,10,16,1.6,0.3682277318640955,0.7457106823707893
13,dtm_k10,1,2.72,100,4,132,10,10,12,1.2,0.1887052341597796,0.937042552800938
13,dtm_k10,1,2.72,100,5,132,10,10,16,1.6,0.29660238751147844,0.7036163699358149
13,dtm_k10,1,2.72,100,6,131,10,10,16,1.6,0.401316939572286,0.7707304219236699
13,dtm_k10,1,2.72,100,7,131,10,10,13,1.3,0.20674785851640348,0.8619091793532423
13,dtm_k10,1,2.72,100,8,131,10,10,18,1.8,0.37509469145154706,0.6821266215304873
13,dtm_k10,2,2.82,100,0,131,10,10,14,1.4,0.2979430103140842,0.682230611646875
13,dtm_k10,2,2.82,100,1,131,10,10,13,1.3,0.3112872210244158,0.9346533534993416
13,dtm_k10,2,2.82,100,2,131,10,10,15,1.5,0.3137346308490182,0.7781371544861377
13,dtm_k10,2,2.82,100,3,132,10,10,14,1.4,0.34986225895316797,0.8597179980032243
13,dtm_k10,2,2.82,100,4,132,10,10,20,2.0,0.558769513314968,0.6772449339415395
13,dtm_k10,2,2.82,100,5,132,10,10,19,1.9,0.3412534435261708,0.5859130210364913
13,dtm_k10,2,2.82,100,6,131,10,10,17,1.7,0.34823145504341235,0.6821487436264806
13,dtm_k10,2,2.82,100,7,131,10,10,15,1.5,0.2542975351086767,0.7667259189749613
13,dtm_k10,2,2.82,100,8,131,10,10,14,1.4,0.37952333780082737,0.9048923895244918
13,random,0,2.9,100,0,131,10,10,19,1.9,0.30534351145038163,0.59646443160792
13,random,0,2.9,100,1,131,10,10,16,1.6,0.1924713012062234,0.6496246602377423
13,random,0,2.9,100,2,131,10,10,11,1.1,0.13519025697803158,0.968435334138153
13,random,0,2.9,100,3,132,10,10,18,1.8,0.4194214876033059,0.6770286596687317
13,random,0,2.9,100,4,132,10,10,17,1.7,0.3171487603305785,0.6880075093492397
13,random,0,2.9,100,5,132,10,10,15,1.5,0.40151515151515144,0.8497070304665137
13,random,0,2.9,100,6,131,10,10,17,1.7,0.46908688304877333,0.7994583926881438
13,random,0,2.9,100,7,131,10,10,16,1.6,0.5654099411456209,0.8753679925293979
13,random,0,2.9,100,8,131,10,10,16,1.6,0.4721752811607715,0.8308061374139376
13,random,1,3.06,100,0,131,10,10,20,2.0,0.21321601305285243,0.4986052705925392
13,random,1,3.06,100,1,131,10,10,20,2.0,0.2062234135539887,0.47908471829436483
13,random,1,3.06,100,2,131,10,10,16,1.6,0.35283491638016434,0.740289901606926
13,random,1,3.06,100,3,132,10,10,16,1.6,0.48943985307621674,0.804101711676824
13,random,1,3.06,100,4,132,10,10,20,2.0,0.3957759412304867,0.5985816065432537
13,random,1,3.06,100,5,132,10,10,17,1.7,0.29958677685950413,0.6695013201731073
13,random,1,3.06,100,6,131,10,10,13,1.3,0.25674494493327893,0.8917850781059911
13,random,1,3.06,100,7,131,10,10,15,1.5,0.17213449099702818,0.6644954528148587
13,random,1,3.06,100,8,131,10,10,16,1.6,0.2223063924013752,0.6597436523802639
13,random,2,2.9,100,0,131,10,10,17,1.7,0.5879610745294562,0.8544736908960315
13,random,2,2.9,100,1,131,10,10,16,1.6,0.30435289318804265,0.6874221139411457
13,random,2,2.9,100,2,131,10,10,15,1.5,0.30324573160072255,0.7756853437792344
13,random,2,2.9,100,3,132,10,10,13,1.3,0.3131313131313132,0.9302414819852636
13,random,2,2.9,100,4,132,10,10,17,1.7,0.42252066115702486,0.7502765652286575
13,random,2,2.9,100,5,132,10,10,16,1.6,0.31129476584022037,0.732856417501976
13,random,2,2.9,100,6,131,10,10,20,2.0,0.3437445370316415,0.557826661819983
13,random,2,2.9,100,7,131,10,10,13,1.3,0.27341064040557084,0.9019807072553385
13,random,2,2.9,100,8,131,10,10,18,1.8,0.31216129596177383,0.649626510407578
13,ecc_p1,0,2.92,100,0,131,10,10,15,1.5,0.32247538022259775,0.5230038339914247
13,ecc_p1,0,2.92,100,1,131,10,10,19,1.9,0.5068469203426375,0.6214712768139218
13,ecc_p1,0,2.92,100,2,131,10,10,12,1.2,0.29712720703921686,0.9679244975029982
13,ecc_p1,0,2.92,100,3,132,10,10,19,1.9,0.7752525252525251,0.7208447440031596
13,ecc_p1,0,2.92,100,4,132,10,10,15,1.5,0.37396694214876025,0.8036972435045298
13,ecc_p1,0,2.92,100,5,132,10,10,16,1.6,0.4123048668503214,0.8016212364154641
13,ecc_p1,0,2.92,100,6,131,10,10,18,1.8,0.7505972845405278,0.7762782687706058
13,ecc_p1,0,2.92,100,7,131,10,10,18,1.8,0.39607248994813815,0.5889608301561013
13,ecc_p1,0,2.92,100,8,131,10,10,14,1.4,0.4953674028320028,0.8477132060670003
13,ecc_p1,1,2.96,100,0,131,10,10,18,1.8,0.4443214264902977,0.4995479844888079
13,ecc_p1,1,2.96,100,1,131,10,10,15,1.5,0.4570829205757242,0.8366137244194246
13,ecc_p1,1,2.96,100,2,131,10,10,16,1.6,0.5001456791562263,0.8025988380686
13,ecc_p1,1,2.96,100,3,132,10,10,20,2.0,0.7447199265381083,0.6381258744603757
13,ecc_p1,1,2.96,100,4,132,10,10,15,1.5,0.3360881542699725,0.7694689098448194
13,ecc_p1,1,2.96,100,5,132,10,10,19,1.9,0.38050964187327824,0.6127746304768862
13,ecc_p1,1,2.96,100,6,131,10,10,13,1.3,0.4112813938581668,0.9553599448486929
13,ecc_p1,1,2.96,100,7,131,10,10,15,1.5,0.4658236699493038,0.8288034331480644
13,ecc_p1,1,2.96,100,8,131,10,10,17,1.7,0.5463551075112173,0.7193466756289767
13,ecc_p1,2,3.0,100,0,131,10,10,17,1.7,0.39776236816036353,0.5318470171597783
13,ecc_p1,2,3.0,100,1,131,10,10,15,1.5,0.4745644193228834,0.8446674372977956
13,ecc_p1,2,3.0,100,2,131,10,10,13,1.3,0.3688596235650603,0.9329720962845293
13,ecc_p1,2,3.0,100,3,132,10,10,19,1.9,0.8908402203856748,0.777336701930163
13,ecc_p1,2,3.0,100,4,132,10,10,15,1.5,0.2792699724517906,0.7366809863656366
13,ecc_p1,2,3.0,100,5,132,10,10,18,1.8,0.48347107438016546,0.7023784073191932
13,ecc_p1,2,3.0,100,6,131,10,10,19,1.9,0.6884214206631315,0.691722023896504
13,ecc_p1,2,3.0,100,7,131,10,10,15,1.5,0.5479867140609523,0.8683238518069993
13,ecc_p1,2,3.0,100,8,131,10,10,19,1.9,0.36291591399102624,0.5165561238762941
13,gauss_0.1,0,2.04,100,0,131,10,10,11,1.1,0.8146378416176216,0.9319707057256991
13,gauss_0.1,0,2.04,100,1,131,10,10,13,1.3,0.4643086067245499,0.705834735670843
13,gauss_0.1,0,2.04,100,2,131,10,10,11,1.1,0.25569605500844944,0.8937281982622993
13,gauss_0.1,0,2.04,100,3,132,10,10,12,1.2,1.0110192837465564,0.8210082681503343
13,gauss_0.1,0,2.04,100,4,132,10,10,11,1.1,0.3244949494949495,0.9117338389688737
13,gauss_0.1,0,2.04,100,5,132,10,10,11,1.1,0.43686868686868685,0.9522558637946802
13,gauss_0.1,0,2.04,100,6,131,10,10,11,1.1,0.5043995105180352,0.9505141135026846
13,gauss_0.1,0,2.04,100,7,131,10,10,11,1.1,0.38261173591282566,0.7856354832299995
13,gauss_0.1,0,2.04,100,8,131,10,10,11,1.1,0.364664063865742,0.6871492160501342
13,gauss_0.1,1,2.02,100,0,131,10,10,11,1.1,0.8146378416176215,0.9319707057256991
13,gauss_0.1,1,2.02,100,1,131,10,10,12,1.2,0.6062001048889926,0.6770376260183828
13,gauss_0.1,1,2.02,100,2,131,10,10,10,1.0,0.2965444904143115,1.0
13,gauss_0.1,1,2.02,100,3,132,10,10,12,1.2,1.3209366391184574,0.9208226594735494
13,gauss_0.1,1,2.02,100,4,132,10,10,12,1.2,0.38980716253443526,0.8747636881226558
13,gauss_0.1,1,2.02,100,5,132,10,10,10,1.0,0.320018365472911,1.0
13,gauss_0.1,1,2.02,100,6,131,10,10,11,1.1,0.5043995105180351,0.9505141135026846
13,gauss_0.1,1,2.02,100,7,131,10,10,11,1.1,0.4390187052036595,0.8088692989047213
13,gauss_0.1,1,2.02,100,8,131,10,10,12,1.2,0.45376143581376377,0.8290569009677884
13,gauss_0.1,2,2.02,100,0,131,10,10,11,1.1,0.8146378416176215,0.9319707057256991
13,gauss_0.1,2,2.02,100,1,131,10,10,12,1.2,0.4733407144105822,0.8060577546356875
13,gauss_0.1,2,2.02,100,2,131,10,10,10,1.0,0.25342346017131867,1.0
13,gauss_0.1,2,2.02,100,3,132,10,10,12,1.2,1.3209366391184574,0.9187585126386922
13,gauss_0.1,2,2.02,100,4,132,10,10,11,1.1,0.3244949494949495,0.8959313651032541
13,gauss_0.1,2,2.02,100,5,132,10,10,12,1.2,0.5482093663911846,0.9209769226010023
13,gauss_0.1,2,2.02,100,6,131,10,10,11,1.1,0.5043995105180351,0.9505141135026846
13,gauss_0.1,2,2.02,100,7,131,10,10,11,1.1,0.313385000874075,0.7562444514943453
13,gauss_0.1,2,2.02,100,8,131,10,10,11,1.1,0.3646640638657421,0.6871492160501342
13,dm_eig0,0,1.62,100,0,131,10,10,10,1.0,0.17067769943476488,0.4576732462922258
13,dm_eig0,0,1.62,100,1,131,10,10,10,1.0,0.23477652817434883,0.5368303462750259
13,dm_eig0,0,1.62,100,2,131,10,10,8,0.8,0.38873026047433135,0.6962625006409296
13,dm_eig0,0,1.62,100,3,132,10,10,8,0.8,0.22038567493112948,0.8700178736113393
13,dm_eig0,0,1.62,100,4,132,10,10,10,1.0,0.5426997245179064,0.6079099989943595
13,dm_eig0,0,1.62,100,5,132,10,10,8,0.8,0.07988980716253444,0.7033642240695985
13,dm_eig0,0,1.62,100,6,131,10,10,8,0.8,0.4204300448691801,0.7852701589729615
13,dm_eig0,0,1.62,100,7,131,10,10,9,0.9,0.7427306101043064,0.9093172564376436
13,dm_eig0,0,1.62,100,8,131,10,10,10,1.0,0.49699900938173763,0.7236441643645539
13,dm_eig0,1,1.74,100,0,131,10,10,11,1.1,0.5582425266592856,0.7517015323914531
13,dm_eig0,1,1.74,100,1,131,10,10,10,1.0,0.335003787658062,0.519924201240521
13,dm_eig0,1,1.74,100,2,131,10,10,10,1.0,0.2662432259192355,0.5974541334874646
13,dm_eig0,1,1.74,100,3,132,10,10,10,1.0,0.26951331496786046,0.6089012623853877
13,dm_eig0,1,1.74,100,4,132,10,10,10,1.0,0.46235078053259876,0.5818026074625036
13,dm_eig0,1,1.74,100,5,132,10,10,9,0.9,0.17768595041322313,0.6819013654383288
13,dm_eig0,1,1.74,100,6,131,10,10,9,0.9,0.47211700949828095,0.6641583278251799
13,dm_eig0,1,1.74,100,7,131,10,10,9,0.9,0.7427306101043063,0.9093172564376436
13,dm_eig0,1,1.74,100,8,131,10,10,9,0.9,0.34310354874424565,0.7221356507914625
13,dm_eig0,2,1.68,100,0,131,10,10,10,1.0,0.2942136239146903,0.6032559937723212
13,dm_eig0,2,1.68,100,1,131,10,10,9,0.9,0.729095041081522,0.7658257879535827
13,dm_eig0,2,1.68,100,2,131,10,10,9,0.9,0.4375036419789056,0.6588211237744702
13,dm_eig0,2,1.68,100,3,132,10,10,9,0.9,0.39772727272727276,0.8863769218630949
13,dm_eig0,2,1.68,100,4,132,10,10,10,1.0,0.488751147842057,0.6056373685314264
13,dm_eig0,2,1.68,100,5,132,10,10,9,0.9,0.19008264462809918,0.6963975674926264
13,dm_eig0,2,1.68,100,6,131,10,10,10,1.0,0.32218402191014517,0.5455445510129221
13,dm_eig0,2,1.68,100,7,131,10,10,9,0.9,0.7427306101043063,0.9093172564376436
13,dm_eig0,2,1.68,100,8,131,10,10,9,0.9,0.2948546122020861,0.6922174036346045
