step,x1,x2
0,-2.51145,-0.0771367
0,-1.51333,-3.2104
0,-2.91732,0.212417
0,-2.90434,0.559159
0,-1.47793,2.71767
0,-2.3406,-0.620006
0,-1.68233,3.16854
0,1.87445,-2.32672
0,1.83306,-2.46725
0,-0.847361,2.74918
0,-1.40405,-2.53449
0,-2.92285,-0.462807
0,-2.69173,-0.0521759
0,2.22877,-2.62834
0,3.16837,0.0986409
0,2.74978,0.396855
0,3.76203,-0.00591089
0,-1.62019,-2.74009
0,-2.25694,-2.6692
0,1.6004,-2.17617
0,1.88402,-2.76468
0,-1.61073,-2.14851
0,-1.56939,2.39406
0,-0.942993,-2.18304
0,3.00752,-0.237511
0,-3.80475,0.235881
0,2.64145,-0.785093
0,2.13393,-2.33889
0,-3.4556,-0.485761
0,-1.15162,2.24689
0,2.01846,2.84466
0,-1.28536,-2.4362
0,-1.42342,2.95028
0,-3.18163,0.0343808
0,3.30078,0.225196
0,-3.47799,-0.200164
0,-2.89888,-0.163206
0,-2.29014,-0.157261
0,1.43511,-2.2903
0,-1.36779,-2.65619
0,-1.8026,2.71868
0,-1.08436,2.78971
0,-1.81127,-1.90337
0,2.42137,-0.633074
0,-1.11578,-2.50774
0,-1.7198,-3.0375
0,2.42832,2.64491
0,3.21368,0.127154
0,1.67392,2.81411
0,-1.20703,2.44799
0,-3.11666,-0.696409
0,-1.81212,2.70652
0,1.91801,-2.35846
0,2.86372,-0.505269
0,0.389056,3.05877
0,2.76431,-0.179386
0,-2.94737,-0.562224
0,1.36009,3.40746
0,-1.29785,2.74178
0,0.867002,3.49552
0,2.43088,0.76893
0,2.15398,0.562146
0,-2.35278,-0.329764
0,3.16903,0.218992
0,1.17448,2.01843
0,-2.02709,2.81448
0,-1.53405,-2.8238
0,3.38671,0.203227
0,1.19781,-3.07856
0,3.2093,-0.215033
0,1.53968,-1.96756
0,-1.29907,2.25317
0,1.56426,-2.97913
0,-2.35659,-0.224631
0,-1.41709,-2.47498
0,3.0637,-0.78342
0,0.921432,2.41714
0,3.12777,-0.0551117
0,1.11714,2.05871
0,2.83938,-0.18739
0,1.70513,2.46755
0,-1.25892,2.36022
0,2.89762,-0.139219
0,-1.81295,-2.34803
0,-3.32544,-0.208657
0,1.47075,2.07912
0,-3.12997,-0.284523
0,2.84474,-0.0239712
0,-3.31997,-0.0880303
0,2.02347,-2.6084
0,1.9581,2.73667
0,-1.19034,-2.90786
0,3.04196,0.0535652
0,-1.74505,-2.92721
0,0.903894,3.19653
0,1.11104,3.13656
0,-3.187,-0.344997
0,3.24901,-0.252477
0,-1.27262,-2.7312
0,3.19217,-0.387274
0,-1.16746,-2.40289
0,1.13214,3.65525
0,-1.28395,-1.68189
0,2.14011,-2.67361
0,1.33509,2.43669
0,-3.73201,-0.278334
0,-2.90129,0.610383
0,-3.30911,0.352823
0,0.998963,2.36355
0,1.31694,-2.44935
0,-1.31708,2.98301
0,1.80833,-2.50081
0,-1.34385,-1.96266
0,1.29563,2.90797
0,-2.22326,-2.43354
0,-1.6933,2.5991
0,1.91603,-2.53222
0,-2.64592,0.589506
0,1.65564,-2.12966
0,-1.63062,-2.60136
0,-1.70905,-2.18089
0,-2.83436,-0.202894
0,1.56187,-2.18145
0,-3.01571,-0.379573
0,-1.44724,1.80585
0,-2.69249,-0.168531
0,2.81228,0.350278
0,0.953935,3.37692
0,-3.1921,-0.2093
0,1.90849,2.88155
0,-2.01951,-0.0844824
0,-1.54816,2.00635
0,2.86716,-0.288573
0,1.32049,1.9004
0,-2.33576,-0.566641
0,-4.12088,-0.47537
0,-3.24154,-0.459822
0,-2.56068,-0.0551357
0,-2.98985,0.244157
0,-1.38559,2.9895
0,1.05621,-2.81708
0,-1.23361,1.58425
0,-2.05007,2.79847
0,1.3079,-2.22363
0,-1.17633,-3.07731
0,-1.33734,-2.1174
0,3.05897,-0.390986
0,1.85176,-2.34391
0,-1.28296,-2.3117
0,0.302155,-2.2457
0,3.72325,0.174655
0,1.57709,-2.3195
0,3.13529,0.260713
0,-2.99941,-0.306682
0,2.59827,-0.399277
0,0.950783,-3.02517
0,-0.795494,-2.29644
0,-3.25001,-0.156157
0,-1.45498,2.33586
0,3.02701,0.311042
0,-1.5143,-2.46367
0,-1.1454,2.48922
0,-1.38608,-2.72183
0,1.48859,-2.72797
0,1.28845,-2.52859
0,1.72662,-2.53955
0,3.19949,-0.295173
0,-1.98149,2.76489
0,-1.22485,-2.57813
0,2.03921,2.96116
0,-1.92777,-0.0803234
0,2.60046,-0.296055
0,1.2738,2.78849
0,2.13677,0.52742
0,-1.59572,-2.69679
0,1.06826,2.55239
0,-1.4947,2.5493
0,1.63562,-2.83393
0,-1.85833,-2.37874
0,3.03947,0.0788724
0,3.42361,-0.409026
0,-3.3421,0.502888
0,-3.59315,-0.523765
0,1.82714,2.69336
0,1.54209,-2.63474
0,-2.98749,-0.0368448
0,-2.45782,-0.159259
0,-3.06455,0.71778
0,-1.489,-1.70527
0,1.45801,3.14504
0,-2.16214,2.65953
0,0.866211,2.93586
0,1.01485,2.71158
0,1.38712,-3.06136
0,-2.14774,-2.80249
0,-0.803748,2.48068
0,1.86689,2.57526
0,1.85069,1.86731
0,2.83872,0.379762
0,-1.5653,2.56349
0,1.32782,3.05783
0,-1.38099,-2.58047
0,-1.24278,2.83337
0,1.58503,3.21689
0,2.97588,0.111232
0,2.74282,0.0600461
0,-0.864895,-2.85538
0,-1.95344,2.99678
0,-3.05951,0.0384017
0,1.48195,-2.56643
0,1.84021,-2.93373
0,1.09529,2.63206
0,-3.64258,-0.549221
0,2.24667,2.90106
0,2.99598,0.495203
0,-1.91624,-2.72432
0,1.74938,2.95434
0,-1.29483,1.58158
0,-3.38723,0.190827
0,-1.64238,-1.58198
0,-2.62938,0.223233
0,1.05322,-2.61219
0,1.59648,3.04919
0,-1.14755,-2.18488
0,1.13044,3.16294
0,0.947828,-2.81244
0,-1.32769,-2.65803
0,1.09759,2.26946
0,0.880698,-2.38529
0,-0.995772,-2.63823
0,1.33986,2.00915
0,1.86528,3.4826
0,-3.71898,-0.425373
0,2.72816,-0.225727
0,1.59094,3.24378
0,-1.09656,2.80912
0,-1.78957,2.15022
0,-1.81871,3.2173
0,1.4753,2.41934
0,-3.0735,0.329847
0,0.97486,-2.03213
0,3.06259,-0.0865376
0,-2.82286,0.0873588
0,2.86232,-0.101084
0,-1.84755,-2.33552
0,-1.7128,2.21557
0,-2.93365,0.531657
0,1.48066,2.35484
0,3.16156,0.774685
0,-2.08076,2.75096
0,-1.41797,3.06269
0,1.89636,-2.67276
0,-2.17381,-2.27545
0,-1.83408,-2.97677
0,1.95934,-2.96242
0,3.56114,0.134338
0,-2.87235,0.122906
0,-3.65537,-0.710555
0,1.58622,-2.37087
0,1.53304,2.26946
0,1.50757,2.56526
0,2.61714,0.405589
0,2.30789,0.235497
0,1.65373,-2.19419
0,-1.90212,-2.55751
0,-0.631534,-2.33325
0,1.54023,2.81374
0,-2.96553,0.876359
0,3.39345,-0.034246
0,-1.39907,2.44176
0,1.98394,-3.16052
0,0.858105,-2.01459
0,-0.638752,2.7854
0,1.5451,-2.33517
0,1.24118,2.66657
0,1.51556,-2.34745
0,0.876801,-2.80089
0,-1.162,-2.86831
0,-3.39734,0.816829
0,1.51525,-2.82964
0,0.823052,2.88981
0,1.77965,-2.71758
0,-3.44089,-0.00981977
0,2.66566,-0.376837
0,-1.54129,2.17752
0,3.09866,0.243197
0,1.16415,-3.14537
0,-0.875488,2.22197
0,-1.76398,2.68328
0,-2.76025,-0.102527
0,-1.31568,2.43768
0,2.61153,0.570527
0,-0.504623,-1.91969
0,1.55672,3.33145
0,-2.85772,-0.190915
0,1.68655,2.56032
0,2.60675,-0.359329
0,1.82082,-3.33669
0,1.74165,-3.24991
0,0.651529,-3.33361
0,2.28671,-2.67657
0,-1.46537,-2.03037
0,1.87367,2.04147
0,3.3476,0.0736725
0,-1.63667,2.60779
0,2.01192,2.24369
0,3.16035,-0.00386289
0,2.28113,-0.320901
0,-1.42271,-2.07914
0,3.40053,0.238885
0,-1.82611,-1.87759
0,3.0861,-0.402546
0,2.92684,0.358499
0,3.00305,0.354746
0,-1.05852,-2.43786
0,1.15692,2.65226
0,-1.48193,3.34181
0,-3.65053,-0.053929
0,1.26636,-2.46403
0,-2.47503,-2.15211
0,1.5055,1.8602
0,2.85555,0.243585
0,2.36342,0.00128889
0,1.07701,2.37568
0,1.5107,2.67146
0,-1.6883,2.70719
0,-1.17281,-2.70964
0,-0.927373,-2.01319
0,1.32852,2.34294
0,-2.16567,2.54745
0,1.35462,2.9097
0,-2.10386,-2.70903
0,3.3875,-0.292143
0,-1.80494,-3.17685
0,-0.45177,-2.89707
0,-2.02014,-2.91962
0,1.19028,2.49032
0,-1.16985,2.47875
0,-3.36913,-0.580535
0,1.50874,2.61509
0,-0.887627,2.63506
0,1.4604,2.17781
0,-1.62238,2.42269
0,2.85193,-0.383702
0,-1.28467,-2.65505
0,2.91986,-0.685618
0,-2.80254,0.194806
0,1.16435,2.99412
0,-3.5459,-0.00874796
0,1.39152,-3.12495
0,-2.92412,0.681028
0,3.02705,-0.185209
0,-1.32119,2.64036
0,-2.9889,-0.170217
0,-2.43121,0.182545
0,-1.71147,-2.64128
0,1.20365,2.35476
0,2.74371,-0.453725
0,-1.18909,2.48166
0,1.72165,-2.86613
0,1.47586,2.31366
0,1.78787,-2.69744
0,-3.29235,-0.656681
0,-1.38973,2.31472
0,1.49369,-2.79477
0,-1.11832,2.81573
0,-1.32112,-2.84452
0,-1.31348,3.28401
0,1.16713,-2.52914
0,-2.15969,-2.03865
0,-1.65916,-2.28504
0,0.810709,3.31709
0,-1.64275,-2.37981
0,-2.93967,-0.102188
0,2.17432,1.93886
0,3.11949,0.364258
0,-1.51194,-2.64534
0,1.44292,-3.08913
0,-1.48475,2.80316
0,-2.97256,-0.10891
0,1.30411,-2.70979
0,-0.996902,1.76342
0,1.51603,-2.72918
0,-2.41768,0.0221969
0,-0.90603,-3.44763
0,1.68383,-2.48605
0,-0.943786,-3.25462
0,2.93799,0.0264241
0,-3.19832,0.486631
0,-1.63547,3.41198
0,3.42167,0.380333
0,-1.27628,2.1726
0,1.32756,2.82718
0,1.77102,-2.0752
0,2.81302,-0.344061
0,1.84364,-2.92193
0,-1.15068,3.07797
0,-1.31754,2.45504
0,3.01643,0.237386
0,1.50407,3.47739
0,-1.89627,2.19701
0,1.10924,-2.83391
0,2.12843,-0.25186
0,1.23869,-2.56667
0,1.66712,-3.09416
0,-1.13998,3.31897
0,1.41669,3.22782
0,1.5796,3.39357
0,-2.55309,-0.625562
0,3.00745,0.42173
0,3.01222,-0.0147534
0,-0.992094,2.31413
0,3.00701,0.12945
0,1.36648,2.59002
0,1.81001,2.77121
0,1.17651,2.15643
0,2.68436,0.000499382
0,2.93602,-0.332783
0,2.76074,-0.608016
0,-2.83286,-0.0160075
0,0.996085,-2.58663
0,2.03705,-2.89405
0,-0.973945,2.46869
0,3.07913,0.0391003
0,-2.43939,0.0633735
0,-1.95676,2.07369
0,0.886832,-3.28286
0,3.01845,-0.38335
0,-1.53232,-2.87962
0,1.19169,2.40574
0,1.78143,2.96973
0,-2.85153,-0.395929
0,1.75745,2.87363
0,-2.89014,-0.241448
0,-2.71646,0.169127
0,-2.74674,2.85586
0,-3.7655,0.265425
0,1.43837,3.07552
0,-1.53926,-2.95272
0,-1.55894,3.022
0,-1.4895,2.55234
0,-1.20258,-2.51393
0,1.49763,-2.05165
0,3.62205,0.24533
0,1.38562,3.19684
0,-1.02675,2.88564
0,-1.98643,-2.54181
0,1.20253,-2.66168
0,1.59602,-2.55801
0,1.30993,-2.08889
0,0.821547,2.89015
0,0.757007,-2.44504
0,1.14524,2.9494
0,3.03458,0.0990826
0,1.09269,-2.8599
0,1.58289,2.8315
0,-0.328362,-2.50893
0,3.39042,-0.622774
0,-2.03196,-2.74027
0,1.02103,-2.00352
0,1.33591,3.15095
0,-0.905287,2.61519
0,-1.29928,2.57564
0,-1.28463,-2.40474
0,1.45054,2.80006
0,2.18948,2.88328
0,-1.36968,2.64798
0,1.09493,2.18716
0,1.62934,-3.14583
0,1.19347,3.11068
0,-2.23431,-0.666382
0,2.15066,-2.68265
0,-3.006,-0.0453647
0,1.93222,-3.24115
0,1.68247,-2.97602
0,-1.27168,-1.98096
0,-1.50017,-2.44841
0,1.66382,-2.91791
0,2.10466,-1.91549
0,-1.21929,2.62739
0,2.81524,-0.250596
0,2.18433,3.16384
0,2.97454,-0.631972
0,-2.6328,2.16471
0,2.94775,0.560276
0,-3.26066,0.201926
0,-0.978728,2.64949
0,1.44302,-3.12158
0,1.01901,-2.43164
0,-3.08036,0.0490125
0,1.48109,2.86373
0,-3.31387,-0.134232
0,2.25847,-2.91799
0,-1.61263,2.36232
0,-2.82209,0.408957
0,1.30072,2.42551
0,-1.61159,2.81001
0,-1.79576,2.44769
0,0.551122,2.04538
0,-3.04498,0.359146
0,1.61803,2.15857
0,-2.0601,2.66795
0,-3.66112,0.426371
0,-1.47444,-3.241
0,-1.88638,2.30835
0,1.19072,-3.19405
0,1.15013,-2.87184
0,2.71549,0.451183
0,1.54193,2.20077
0,-1.63385,2.24625
0,2.88,0.350204
0,-1.39909,3.51232
0,-1.34963,-2.96351
0,-1.1761,-2.1661
0,-2.56233,-0.437696
0,-1.55905,-2.14535
0,0.826108,2.39831
0,-2.07078,2.22505
0,-1.90498,-2.09785
0,1.40618,-2.94342
0,-3.41424,0.0566669
0,1.49555,3.13571
0,3.20001,-0.572719
0,-1.75159,-2.17005
0,2.75157,0.693829
0,-1.93932,2.82712
0,-3.34449,-0.203838
0,1.93943,-2.6489
0,3.32538,0.189316
0,-1.19845,2.2428
0,2.91137,0.169701
0,-1.83963,3.24988
0,-3.31089,-0.120001
0,1.09738,1.74075
0,2.21877,2.51634
0,2.82083,-0.079486
0,-2.43205,-0.386043
0,-1.22817,-2.76759
0,-1.73867,-2.37125
0,1.8953,-2.80364
0,2.69246,-0.467638
0,-2.5586,-0.230102
0,-3.73965,0.563981
0,-3.54794,0.311784
0,1.57337,-2.48291
0,2.76625,0.146237
0,-2.16711,-2.36286
0,-0.877196,-2.24447
0,-3.80782,-0.393684
0,-1.57512,2.79285
0,-1.54266,-2.79536
0,3.23812,0.465661
0,-1.59292,2.88965
0,-4.03162,-0.375004
0,-1.6285,-2.7935
0,3.13312,0.4055
0,1.70267,2.34919
0,-2.10911,2.82086
0,-3.73527,0.261215
0,1.42462,-3.06841
0,-2.8851,-0.00115044
0,2.98536,-0.0336893
0,1.66781,-2.2283
0,1.69865,-2.19322
0,-3.01766,0.647384
0,1.72844,-2.81555
0,-3.43756,0.0823187
0,0.977391,-2.98743
0,-1.40437,-2.84123
0,1.12667,-2.61187
0,1.52907,-2.68041
0,2.84898,0.341857
0,1.63697,2.50871
0,-0.514271,2.67561
0,1.9528,-2.82247
0,0.954824,2.28137
0,2.8928,-0.198643
0,2.03455,-2.64609
0,-1.31541,2.57948
0,1.32658,-2.58288
0,3.68562,-0.307179
0,-2.6932,-0.410403
0,-1.68385,2.59951
0,3.13055,0.593251
0,-1.52003,-2.93552
0,1.76002,2.45241
0,3.09547,-0.046489
0,2.22262,0.20332
0,3.23335,0.370642
0,2.22019,-3.07612
0,-1.2934,-2.43436
0,1.33237,-2.43923
0,-1.30014,-3.08555
0,-2.90151,-0.367194
0,1.23926,1.88818
0,1.31066,-2.6795
0,-1.28006,2.59844
0,-2.11692,2.94294
0,-1.54743,2.79342
0,1.88637,-2.02903
0,2.28449,2.56918
0,1.62445,2.16673
0,-1.07536,-3.07203
0,2.2779,0.332154
0,-3.20868,0.311043
0,-1.33677,1.94608
0,0.412128,2.15944
0,1.5066,2.10937
0,-3.2611,-0.583576
0,-1.43205,2.63441
0,-1.69256,3.1569
0,-0.900914,2.82418
0,0.780092,-3.03995
0,3.16285,-0.251423
0,2.80516,0.359587
0,-1.29565,3.12374
0,-3.17168,0.55009
0,-3.22165,0.599797
0,-1.45767,2.25387
0,0.847512,-2.71867
0,-1.60249,2.94114
0,-1.54424,-2.77105
0,-2.56919,-0.0899306
0,-1.7305,-2.36823
0,1.30407,-2.33456
0,1.26123,-2.68726
0,-1.43913,-2.74773
0,-1.50538,-2.27189
0,-1.33576,2.79046
0,2.74583,0.341132
0,3.26782,0.401768
0,1.20945,2.52909
0,-1.24659,2.35455
0,-3.09045,0.770322
0,-0.719296,-2.1021
0,1.87543,-3.00578
0,3.20502,-0.143647
0,2.57657,-0.203602
0,-2.95373,-0.218942
0,-1.72032,-2.28126
0,1.55764,-2.50469
0,1.54475,-2.86836
0,0.951771,-2.47385
0,-1.70281,1.79376
0,-1.65703,2.16119
0,3.27946,0.20865
0,-1.30124,-2.86409
0,-2.70738,0.12786
0,1.33606,-2.77941
0,3.35708,-0.189442
0,-1.37854,3.01166
0,-2.23626,0.665549
0,1.86033,1.99571
0,1.22438,2.37884
0,2.16126,-2.8778
0,3.15447,0.0403468
0,-1.87405,2.75081
0,3.15932,-0.50231
0,-1.01085,1.76347
0,1.2637,-2.20929
0,-1.9773,2.73818
0,0.981456,-2.63529
0,2.07449,-0.337029
0,0.882831,2.43737
0,-1.66609,2.32861
0,-1.18083,2.24332
0,-1.24625,-1.94637
0,-1.44437,2.25501
0,-1.99974,-2.88199
0,-2.71814,0.0622363
0,-1.12528,2.90621
0,-1.44368,2.78747
0,-2.2579,0.566262
0,2.8789,0.395872
0,-1.26566,-2.14352
0,-2.73135,-0.389667
0,-2.14787,-2.36903
0,-2.23895,-0.310266
0,2.92476,-0.414299
0,-1.02887,1.67601
0,-2.40546,2.74808
0,1.46706,2.40623
0,2.87956,0.214795
0,-1.66552,-3.03685
0,2.62905,0.355336
0,-3.2099,-0.554111
0,-1.45913,-2.39608
0,-2.46842,0.0871614
0,1.23612,-2.40847
0,3.29087,-0.0155621
0,1.48216,-2.49402
0,2.97206,0.100046
0,-3.40877,-0.460175
0,-1.83444,2.85496
0,-2.89648,0.416096
0,-1.57468,2.14062
0,1.95782,2.59057
0,3.51338,0.239179
0,-2.12455,-0.0879092
0,1.86029,-2.24153
0,-1.72205,2.52908
0,0.915305,1.97856
0,3.05063,0.317203
0,3.25521,0.13601
0,1.84521,2.3622
0,2.89099,0.295009
0,1.67325,2.514
0,3.52832,-0.516801
0,2.79253,-0.113359
0,1.82661,-2.59712
0,2.4954,0.205602
0,-2.56498,0.295722
0,-1.25234,-3.3478
0,-1.85995,2.79091
0,2.97804,0.209023
0,0.993463,2.57348
0,-2.05591,1.8166
0,-2.88169,0.337036
0,-1.40175,2.58488
0,-2.12481,-2.19563
0,-1.51762,-1.81425
0,1.87693,-3.40013
0,3.30202,-0.558614
0,1.1962,-2.69838
0,-1.53762,2.7571
0,1.09086,-3.05835
0,-1.25976,-2.60338
0,1.56975,-3.47555
0,-1.57085,-2.95437
0,-1.86825,2.96685
0,-3.43827,-0.437159
0,-1.6324,2.77819
0,-1.85361,3.09173
0,2.07994,2.2455
0,-1.59803,2.28661
0,-2.17415,-2.47687
0,1.79344,3.40282
0,-3.35896,0.534494
0,3.53694,0.0791413
0,3.24087,0.349309
0,3.78964,0.191123
0,1.47594,-2.94454
0,3.12213,0.409666
0,1.59784,2.28611
0,-2.96437,-0.0516614
0,3.1059,-0.664739
0,1.72032,-2.35991
0,-1.32206,-2.59958
0,0.777625,-2.60581
0,-2.57571,-0.344052
0,0.704292,1.98185
0,-2.87439,0.14915
0,1.85452,-2.62018
0,-3.60013,-0.327402
0,1.82754,2.65427
0,1.75993,-2.42416
0,-1.58198,2.52847
0,3.74284,0.16587
0,1.44856,2.78024
0,1.58916,1.73513
0,1.76003,-1.8697
0,-1.81211,3.17969
0,-1.60275,2.71546
0,-1.07186,2.31008
0,1.997,-3.08376
0,1.14994,-2.83548
0,1.7648,-2.73443
0,-2.10799,2.51146
0,1.18631,-2.30556
0,-1.63729,-2.56977
0,-1.66219,-2.4245
0,1.42656,2.72816
0,0.462645,2.63698
0,3.16557,-0.079712
0,1.76776,-2.30263
0,2.02169,2.64
0,-2.26552,1.68388
0,-2.14074,2.58291
0,-1.56292,-2.48758
0,1.2499,-2.89267
0,3.22202,0.26237
0,-1.60266,2.58269
0,1.66173,-2.39634
0,-1.95759,-2.88591
0,2.50778,-0.202763
0,3.32493,0.218509
0,1.06076,2.80298
0,3.03434,-0.197571
0,-2.06258,2.52815
0,3.27198,-0.865239
0,-3.15845,0.901713
0,1.76905,2.70201
0,-3.29487,-0.271332
0,2.96668,0.641145
0,1.68624,-2.94694
0,1.97071,-2.71511
0,-0.821061,2.37144
0,1.09869,2.66793
0,1.89293,3.01305
0,-1.43632,2.20284
0,2.79786,-0.807313
0,-3.36525,-0.0713827
0,-1.3444,2.46229
0,-1.52279,2.4396
0,-1.19959,-2.95772
0,-1.16498,-1.81372
0,1.68912,-2.80891
0,-1.71451,3.08201
0,1.04936,-2.9796
0,-1.96578,-3.10948
0,-1.91793,2.91404
0,-2.55909,-0.278829
0,1.58293,2.90174
0,1.54023,-2.98005
0,2.41184,0.404171
0,1.69847,2.82886
0,1.05694,2.69207
0,-1.2484,2.72369
0,-1.79801,-2.19317
0,-3.61105,0.371497
0,-1.06758,3.22701
0,2.863,-0.399772
0,-1.18245,2.31839
0,3.0176,-0.126985
0,1.13917,2.72648
0,0.943194,-2.36119
0,1.11323,1.90538
0,1.47996,-2.42542
0,-1.26923,-2.27073
0,2.05854,-0.402058
0,-2.95734,0.607601
0,3.3135,0.760536
0,-1.70998,-2.48831
0,-3.43999,-0.161741
0,-1.79412,-2.85167
0,-1.65738,2.59916
0,1.50889,-2.38069
0,3.056,-0.137618
0,1.29097,2.47522
0,-1.67961,-2.40169
0,-1.15379,3.10769
0,1.18092,2.78583
0,2.44213,0.14927
0,-1.06693,-2.65791
0,-1.07095,2.14265
0,1.14454,-2.6524
0,-1.09112,-2.76505
0,-1.68142,2.20142
0,-1.41885,3.09675
0,-2.71973,0.27866
0,1.41721,-2.8234
0,-1.2291,-2.61084
0,2.93056,0.359296
0,-1.57911,-2.93319
0,1.86368,-2.56579
0,-1.91481,-3.04324
0,1.53816,3.53304
0,-1.65713,2.46357
0,3.60951,-0.0229125
0,-2.07939,1.96896
0,1.99067,-2.33153
0,1.83045,-2.62118
0,1.20932,2.51121
0,-1.44559,2.26275
0,-2.77542,-0.503838
0,1.3669,-2.67968
0,2.72359,-0.882202
0,1.67915,2.29578
0,2.03028,-2.73487
0,-1.71654,2.63468
0,1.92138,-2.82344
0,1.9059,3.1742
0,-2.60387,0.650573
0,2.01706,3.20403
0,2.14173,2.6813
0,-1.67169,1.69318
0,-2.02909,2.41876
0,-1.65269,2.53696
0,1.0997,-3.23639
0,-1.55209,-2.67384
0,-1.82302,-2.89494
0,1.12394,2.43947
0,-3.34252,0.50395
0,-1.4036,-2.987
0,-1.61218,-3.07019
0,-1.09513,3.15175
0,-0.999199,-3.05595
0,-1.53651,-2.7587
0,3.22481,-0.403164
0,1.22964,-2.76336
0,-1.43868,2.87573
0,-1.63149,2.86366
0,-1.17117,2.51279
0,-3.49826,-0.468476
0,-2.76331,-0.19049
0,-2.18505,2.84326
0,1.55182,-3.16046
0,-2.52823,0.334654
0,-1.4445,2.08835
0,-2.06093,2.47525
0,-2.18557,-2.43604
0,-2.06433,2.66404
0,1.38475,2.88279
0,2.62482,0.109492
0,0.942064,-2.27986
0,1.45402,-2.39974
0,2.47179,0.199634
0,-1.37752,2.74356
0,1.62505,2.52069
0,3.49652,-0.0623592
0,1.20433,-2.62157
0,2.61979,-0.185599
0,1.4291,-2.7499
0,3.07976,0.778305
0,1.72838,-2.16916
0,-3.20148,-0.234807
0,-1.65127,2.93923
0,-2.35925,2.18481
0,-1.45907,-2.68771
0,2.28709,2.77715
0,-3.26488,-0.631043
0,-3.13622,-0.521288
0,-1.3133,2.66252
0,1.62801,-1.76641
0,-3.36299,-0.0769617
0,-1.98501,-2.63032
0,-0.862691,-2.37059
0,2.95421,0.100652
0,-1.98434,-2.75557
0,1.5341,2.63785
0,0.887754,-2.46703
0,3.11168,-0.15082
0,1.50167,2.00468
0,2.40808,0.0538749
0,-1.76709,2.59345
0,-1.1642,-2.66765
0,0.375733,2.53781
0,2.80758,-0.0938777
0,1.85989,1.96666
0,-1.40242,-1.96995
0,2.74962,0.188931
0,1.88652,2.68217
0,2.72596,-0.283808
0,-1.20248,-2.36122
0,-1.81459,2.12749
0,0.987677,3.26274
0,-1.52718,-1.65398
0,-1.27778,2.77389
0,-1.37749,-2.19842
0,-1.88643,-1.73407
0,1.45988,2.31672
0,1.62102,-2.16114
0,2.59698,0.226748
0,1.21342,2.39557
0,1.30421,2.90349
0,-1.94363,2.67512
0,-1.63737,2.25919
0,-3.48541,-0.481155
0,0.846482,-2.23961
0,1.40334,-2.53462
0,1.97128,2.11003
0,-3.37662,0.101886
0,2.27037,-0.231483
0,-1.86996,2.72989
0,1.32967,3.40134
0,1.87516,2.25678
0,-1.65493,2.45904
0,-0.17737,-3.20216
0,3.08142,-0.833773
0,1.49723,-1.83412
0,-1.66338,-2.15625
0,1.47355,2.42908
0,1.39934,-2.83284
0,-3.25042,-0.532078
0,2.10272,-2.75531
0,1.61751,2.24746
0,-2.5532,-0.109422
0,1.46359,1.86649
0,1.65839,3.32268
0,-3.34763,-0.183292
0,1.04467,-2.54641
0,-1.47439,-2.31604
0,-1.27941,-2.92308
0,-2.91002,-0.13132
0,1.06359,-2.64882
0,0.0206641,3.52414
0,1.55593,-1.90253
0,1.48185,-2.61933
0,0.720171,2.21403
0,-1.8134,-2.55507
0,3.00559,-0.231577
0,1.26447,2.53161
0,0.947435,2.35302
0,-3.15252,-0.49958
0,-1.6321,-2.932
0,3.49415,-0.0975215
0,-3.07582,0.171211
0,1.72279,-3.29257
0,1.34929,2.23446
0,-1.55807,-2.81261
0,-2.93717,-0.392184
0,2.77289,-0.236464
0,-1.06696,2.74528
0,-1.35244,-2.7126
0,2.84611,0.224401
0,1.81097,-2.59202
0,-2.54334,0.509662
0,2.33412,0.172152
0,1.48296,2.75339
0,1.94639,-2.96629
0,-3.64811,0.442477
0,2.60061,-0.274488
0,1.58185,2.32364
0,-2.13688,2.61175
0,2.68741,0.239144
0,-1.70243,2.3227
0,-1.584,3.01894
0,1.86316,2.16079
0,-1.88012,-0.130311
0,-1.96097,-2.24278
0,1.35533,3.45956
0,-2.66104,-0.0794879
0,-2.36988,0.339646
0,1.00844,-2.24272
0,-1.70659,-2.63141
0,1.55242,-2.94971
0,-2.03334,2.74519
0,0.944707,1.568
0,1.16556,-2.46564
0,2.89205,0.506852
0,-1.4265,2.29155
0,2.82417,-0.574617
0,1.93432,-3.15052
0,1.13184,-2.66219
0,-1.49906,-3.19914
0,-1.86221,2.70409
0,1.95189,2.73768
0,1.48968,1.97311
0,2.75306,0.208598
0,-2.56762,0.35575
0,3.05523,0.48184
0,2.65258,2.36053
0,-3.30525,0.607393
0,-1.40581,-2.55315
0,3.15695,-0.261795
0,-1.91392,2.28722
0,-2.50162,-0.574656
0,1.69946,-2.82115
0,-1.64135,2.89526
0,1.8376,-2.46089
0,0.750752,3.22646
0,3.52408,0.0365747
0,-1.4959,3.31866
0,1.87889,2.58636
0,-1.61694,-2.67549
0,1.97089,3.01407
0,0.854631,2.78393
0,-1.15435,-3.20066
0,-1.50119,-3.30889
0,-2.9482,-0.833294
0,-1.7727,-2.8425
0,-1.78354,3.17869
0,3.2142,-0.159828
0,2.62677,-0.0955105
0,-3.41165,0.389232
0,3.79871,0.42128
0,3.13268,-0.0662515
0,1.33796,-1.89996
0,1.26963,-1.97364
0,2.54738,-0.118493
0,2.31438,0.0636937
0,0.994509,-1.93206
0,1.66491,2.81303
0,1.61307,2.16106
0,-1.45035,-1.86324
0,3.00342,-0.406806
0,0.759063,2.31275
0,0.795108,-2.26587
0,-2.68753,-0.350273
0,-2.75441,-0.230582
0,-1.51825,2.74686
0,-1.67758,-2.43079
0,2.32571,0.04699
0,1.48602,-3.41663
0,0.776124,-3.34189
0,-2.83428,0.0495839
0,3.10958,-0.530551
0,-1.04441,-2.20494
0,1.19321,-2.12765
0,-3.10037,-0.710482
0,-2.15308,2.89157
0,2.95838,0.35249
0,-1.53535,-2.49101
0,2.34941,-2.03934
0,2.82687,0.149987
0,-1.30222,-2.29352
0,3.0284,-0.197413
0,1.49855,-2.79019
0,-2.32665,0.49629
0,-3.08145,0.171317
0,1.43382,3.07537
0,1.91955,-2.37063
0,1.84851,2.8623
0,-1.03038,-2.38562
0,1.56076,-2.82897
0,-2.1287,-2.60922
0,-3.29642,0.0240036
0,3.4562,0.0691299
0,-1.666,2.25682
0,-2.07205,3.1312
0,0.789324,2.22416
0,-2.42528,2.47162
0,-1.63691,2.43636
0,2.97475,-0.328506
0,-1.86546,3.32521
0,1.36637,2.96114
0,-3.33471,0.645091
0,3.60567,0.0924075
0,1.06019,-2.56328
0,-1.48108,-2.50223
0,-3.39129,-0.6092
0,1.56495,-2.60219
0,1.50083,-2.18736
0,2.40994,0.404277
0,-3.29729,-0.158089
0,1.16969,-2.56223
0,0.737673,-2.82531
0,-3.2063,0.505572
0,3.06028,0.278207
0,-2.99762,-0.41956
0,3.36288,-0.338177
0,1.2895,2.67092
0,1.87822,-2.67863
0,2.10421,2.36948
0,-2.73376,0.00144652
0,2.11867,2.68384
0,0.749075,-2.16274
0,-1.53262,-2.8193
0,1.98919,2.46555
0,-1.26001,-2.90543
0,2.66555,0.724233
0,-1.81481,2.36417
0,0.816672,3.25007
0,-1.3408,-2.50296
0,3.39006,-0.531735
0,-1.71642,2.5615
0,0.880612,3.12265
0,-3.00737,-0.129315
0,-1.40551,2.29704
0,-1.48195,-1.22706
0,3.24187,0.667324
0,-3.14203,-0.300628
0,1.62388,2.06139
0,0.577217,2.89071
0,-1.24346,-2.26454
0,1.51127,-1.80673
0,1.46507,2.37649
0,-2.7026,-2.61694
0,3.33275,0.00274448
0,-2.55031,0.917952
0,-1.56934,-2.10557
0,2.36566,0.412528
0,-1.4746,2.50952
0,1.43464,-2.6606
0,2.87648,0.0794692
0,2.93028,-0.462317
0,-2.83318,-0.243147
0,-1.08081,2.58455
0,-1.44919,-3.41777
0,0.997328,-2.22223
0,1.20647,2.3851
0,-1.61118,3.14357
0,-1.35034,3.12218
0,-3.1071,0.0852705
0,1.0187,-2.12686
0,-1.45654,-2.58042
0,-1.36467,3.17679
0,1.4142,3.26329
0,1.15939,-2.4292
0,3.80369,-0.195926
0,-1.4019,-2.24707
0,1.44484,-3.19822
0,-3.42238,0.232373
0,-1.14339,2.9119
0,1.95857,2.62687
0,-1.41671,1.99053
0,-1.37307,-2.353
0,-3.23328,0.257601
0,0.773644,-2.29764
0,1.62011,-1.75383
0,-0.934766,-1.99528
0,1.82696,-2.33943
0,1.02735,2.46404
0,-0.769309,2.01561
0,-1.68011,2.03038
0,-2.41962,-0.226313
0,-0.882186,-2.76358
0,1.29835,3.10949
0,3.37553,-1.08651
0,-1.31954,2.83814
0,1.58392,2.33501
0,1.51136,-2.7573
0,1.58453,-2.67903
0,1.25123,-2.53257
0,-2.67902,0.115602
0,-1.72146,2.73258
0,-2.57208,0.638162
0,-1.01698,-2.38312
0,2.59635,-0.546221
0,-1.58095,-3.16175
0,2.68609,-0.0680489
0,-1.69368,-2.72924
0,-2.0312,-2.50549
0,3.3986,-0.219255
0,-2.7097,1.06509
0,-3.03672,0.260484
0,1.57871,2.98593
0,2.31254,-0.422783
0,-1.44261,-2.24329
0,-2.94779,-0.665829
0,1.17055,-2.91596
0,1.6556,-2.90289
0,1.22768,-2.16418
0,3.53413,-0.16531
0,1.66996,-3.35067
0,1.57933,3.07407
0,-1.28929,2.6385
0,-1.65546,-2.85679
0,1.42837,1.9775
0,-2.35582,0.225684
0,1.45903,2.35015
0,2.97186,0.319118
0,3.40458,-0.361476
0,-1.88941,3.42937
0,3.45464,0.283408
0,-1.55546,2.96768
0,-3.50929,0.612707
0,-1.51431,2.91442
0,3.25849,-0.0526284
0,2.92985,0.488633
0,1.9106,1.88918
0,0.823038,2.21959
0,1.14258,-3.04549
0,3.10884,-0.185482
0,-1.01755,-2.01693
0,-3.01147,0.673383
0,-2.99031,-0.173916
0,-2.97409,0.377944
0,0.854216,-2.68152
0,-1.38104,2.74331
0,-1.64737,-2.40256
0,-2.88315,-0.236763
0,-0.627361,2.7739
0,1.36753,-2.82676
0,-2.58824,0.0408239
0,4.01925,-0.17437
0,-1.99704,2.587
0,-1.42997,-3.44546
0,-1.62367,-2.74544
0,1.35249,-2.85017
0,0.962723,2.90129
0,-1.73354,-3.00756
0,-1.80397,2.40915
0,-2.95654,0.267336
0,1.11873,-2.7898
0,0.961797,-3.955
0,1.56232,-1.99007
0,-1.29117,2.39525
0,1.53859,-3.068
0,-3.04892,-0.171084
0,-1.84109,2.76034
0,4.03995,0.66618
0,-1.52883,-2.24443
0,-2.65492,-0.259015
0,-1.24244,-3.17447
0,-1.82212,-2.50258
0,-1.66592,-1.89548
0,1.75922,2.44526
0,-1.68823,-2.52329
0,-3.42221,0.238245
0,-2.05012,2.84728
0,-1.56584,-2.43223
0,2.59497,0.0979941
0,3.96494,-0.182887
0,1.62696,3.2003
0,1.80468,-2.42532
0,2.59452,-0.511035
0,1.52137,2.41278
0,2.99238,0.0822627
0,1.22943,2.79572
0,2.24342,2.19434
0,1.31218,-2.61792
0,1.95618,-3.07263
0,-1.92606,1.73261
0,2.82386,0.272058
0,-1.07391,-2.45521
0,-3.24038,0.282589
0,3.08173,-0.768282
0,1.00876,-1.99333
0,3.12888,-0.549918
0,1.82798,-2.1735
0,1.32599,2.86115
0,-2.99604,2.98751
0,-1.02994,-3.04796
0,-1.38717,-2.73332
0,1.45899,-2.76803
0,-3.53292,0.756161
0,2.87588,0.041902
0,1.09624,-3.01282
0,-1.33496,-2.38752
0,-1.14883,-2.15657
0,2.91592,-0.177681
0,-1.20127,2.3431
0,1.8487,2.74788
0,-1.03799,-2.32992
0,-1.92178,-2.94433
0,1.79299,-1.83525
0,0.970875,-2.58879
0,-1.38733,-3.20839
0,1.69125,-2.63533
0,-3.83862,0.648691
0,2.65472,-0.513001
0,3.16806,0.222995
0,-1.20544,2.44367
0,-1.50437,-2.8904
0,0.975921,-2.16642
0,1.45889,-2.671
0,2.20029,-0.0713484
0,2.663,-0.0698455
0,1.4123,-2.77666
0,1.87554,2.7769
0,-2.54914,-0.529931
0,1.24042,-2.61419
0,-1.66266,2.56637
0,-3.47284,-0.286471
0,-2.15662,2.24207
0,-1.22233,-2.68376
0,-2.3977,-0.238214
0,1.54763,2.11278
0,2.54027,2.52663
0,1.83185,2.76343
0,-3.23355,-0.532361
0,-1.43754,-2.82079
0,1.4378,-2.33756
0,-1.4687,-2.44723
0,-1.43998,-3.18498
0,2.05842,3.06842
0,-1.95447,2.8002
0,-1.76481,2.29931
0,-1.50194,-1.89901
0,1.92318,2.84016
0,1.03976,3.61986
0,-1.15051,1.65854
0,-1.34021,-2.79355
0,-2.83601,0.160256
0,2.63259,0.730354
0,3.07991,0.376539
0,-0.959431,2.30281
0,-1.86471,-2.14931
0,-0.942865,-3.14888
0,-0.695503,-2.69228
0,-1.22329,-2.37232
0,1.11146,2.25246
0,-3.83344,-0.46046
0,-3.59299,0.0160762
0,-0.952239,-2.60893
0,1.63554,-2.28687
0,1.77188,2.44374
0,-2.08534,-2.77
0,-2.97482,-0.348658
0,-2.85522,-0.117085
0,-1.25127,-2.91937
0,1.13121,-1.88845
0,3.0115,0.221186
0,2.56063,-0.150906
0,-1.22713,-1.97183
0,2.71021,-0.321167
0,-3.00907,-0.609758
0,1.48795,2.57218
0,1.7899,3.16392
0,-1.27206,-2.30146
0,3.02091,-0.143898
0,0.701609,-2.95256
0,-1.41309,1.93984
0,-2.90284,-0.160334
0,-3.40862,-0.18801
0,-2.70849,0.3542
0,-2.27481,2.53828
0,3.36555,-0.103158
0,1.54353,1.99991
0,1.30799,3.32959
0,-3.31523,-0.576253
0,1.55979,2.91353
0,1.97752,-2.80517
0,1.58899,-2.38033
0,-2.74032,-0.218881
0,-2.31491,-0.274919
0,1.78315,-2.60684
0,1.26511,-2.85522
0,-1.73454,-2.77682
0,1.09245,2.87704
0,-1.78141,2.35207
0,1.69548,2.55489
0,-2.06876,2.22367
0,1.42138,-2.82807
0,1.80019,-2.90384
0,2.61315,-0.404218
0,3.16266,0.193389
0,0.831022,-2.34925
0,-2.65561,-0.676399
0,1.22383,3.16963
0,-1.09756,-2.58816
0,-2.7995,0.844808
0,3.20112,-0.488324
0,2.04598,2.2497
0,3.39756,0.262508
0,1.85581,3.21445
0,2.41363,-0.0278354
0,2.27842,2.98863
0,-1.42914,-3.00735
0,3.04269,-0.364753
0,2.41265,0.230591
0,3.02612,-0.309405
0,1.65798,2.39652
0,2.21182,2.58585
0,2.13084,2.27296
0,-1.25466,-1.8606
0,1.60844,-2.1435
0,-3.69533,0.282854
0,1.51215,-2.29208
0,-1.15293,1.69558
0,2.82256,-0.268009
0,-1.43913,1.82186
0,1.0638,2.99884
0,-1.42924,2.16287
0,-3.10129,0.439309
0,-2.23583,2.5135
0,1.40813,-2.52328
0,1.70151,-1.83394
0,-1.27849,-2.83307
0,-0.99682,2.25461
0,3.17447,0.628585
0,-1.06907,2.92251
0,-2.39262,-2.63848
0,1.26505,3.12802
0,3.33626,0.104442
0,1.81778,-2.85792
0,-1.24629,-2.56008
0,-3.67328,0.137618
0,-1.21714,-2.12071
0,1.71096,-2.19539
0,-2.19293,2.44871
0,1.443,-2.72997
0,1.46438,-2.82903
0,1.79447,2.20159
0,-2.94993,0.0292611
0,-2.94243,-0.37909
0,-2.44031,-0.0904495
0,0.924458,-2.27756
0,1.49867,2.5593
0,1.46165,-2.4399
0,1.4787,-2.90748
0,-2.06767,2.71946
0,-2.10728,-2.15019
0,-1.88154,-2.93792
0,-1.89276,-3.14331
0,1.19096,2.48463
0,0.568958,1.61999
0,-1.78635,-2.24472
0,0.979824,-2.62861
0,3.57222,-0.529363
0,-3.17534,-0.297261
0,-1.14321,2.78363
0,1.74706,-1.59951
0,2.15179,2.55846
0,-1.5808,2.01855
0,-3.68567,-0.0198566
0,2.48024,0.250142
0,-1.81669,-2.83125
0,-2.12107,-1.75401
0,3.30353,-0.283972
0,1.56046,3.12731
0,2.62887,0.762639
0,1.08713,-2.66902
0,-2.16015,-3.61348
0,1.90404,-2.5638
0,-3.69354,-0.65624
0,-1.04186,-2.65831
0,-0.927423,2.85271
0,-1.52663,2.61101
0,-1.72203,2.63719
0,-3.02439,0.335007
0,-1.56537,2.9275
0,1.86825,-2.52577
0,0.974813,-2.66227
0,2.23757,-0.482649
0,1.79217,2.79603
0,2.99872,-0.120973
0,2.70424,-0.205125
0,1.8861,2.78875
1,-3.15685,0.301576
1,3.8947,1.22557
1,1.50727,-2.75239
1,-0.674997,2.69057
1,1.11568,-2.5909
1,1.65873,2.37114
1,3.25473,0.722355
1,-1.23884,2.73612
1,0.983601,2.27291
1,-2.1411,-2.50339
1,3.28748,-0.640786
1,-1.59361,-2.44646
1,-1.91203,2.76307
1,2.70705,0.269275
1,-1.58178,-2.41212
1,3.3844,0.101807
1,1.60634,-3.03928
1,2.10872,-2.69184
1,1.16526,-2.69975
1,-1.91564,2.8119
1,3.51226,0.361251
1,2.20334,-2.5739
1,1.56362,2.76943
1,-1.75369,-2.36953
1,1.26352,3.03528
1,2.17561,-0.053824
1,1.70659,-2.66686
1,-3.51967,0.794175
1,-1.68577,-2.54997
1,-2.87034,0.640568
1,1.86115,-2.63182
1,1.94785,-2.68793
1,3.20445,0.0553918
1,2.83261,0.332611
1,1.18456,2.5379
1,2.90686,-0.674248
1,-1.19884,-2.68046
1,-1.95954,2.4512
1,1.67456,-2.45485
1,3.64439,-0.292259
1,-1.73837,2.38574
1,2.4526,-0.643465
1,-0.646746,-2.88727
1,-1.83195,2.59367
1,2.33612,-0.163315
1,1.35235,-2.22541
1,1.75732,-1.96571
1,3.18174,-0.232423
1,2.86551,0.214871
1,-1.04419,3.37449
1,-3.12783,-0.450194
1,2.0233,2.70843
1,-3.507,0.0253006
1,2.65199,-0.630824
1,-1.00421,2.3996
1,-2.64547,0.12718
1,-1.82077,2.5681
1,3.05498,0.53905
1,1.8035,3.28557
1,2.85234,-0.151833
1,1.72945,2.81738
1,0.719582,3.04723
1,-3.23528,-0.106624
1,-3.04703,-0.455614
1,-1.83022,1.66607
1,1.98427,2.97584
1,-3.18799,0.640026
1,1.64795,-2.46646
1,1.93564,-3.06195
1,3.18495,-0.291076
1,1.28425,2.60422
1,-1.7063,2.10066
1,-1.42696,-2.22058
1,-1.52209,-2.29753
1,-1.39068,2.76688
1,-2.27434,2.3231
1,-1.71058,-2.7751
1,-3.31021,0.541662
1,1.53695,-3.44196
1,2.89263,-0.0972852
1,1.45555,2.4378
1,1.26352,-2.59223
1,-1.54287,-2.28108
1,1.79814,-2.55107
1,1.5932,2.78142
1,-1.54433,-2.39295
1,2.79808,0.368309
1,-3.74393,-0.281234
1,1.96198,2.64092
1,-2.19271,3.20114
1,-2.06394,-3.57648
1,1.35873,2.61802
1,-2.63515,-0.474224
1,-1.90608,2.56057
1,1.77557,-2.72065
1,-2.9406,-0.9044
1,-2.8522,-0.872682
1,1.44334,2.80346
1,-2.30757,2.92657
1,3.31102,-0.512407
1,2.81925,0.622648
1,1.56421,-3.27327
1,3.51073,-0.174696
1,1.51539,-2.79182
1,-1.46184,-2.69915
1,-3.0446,0.337931
1,-1.56319,-1.96881
1,3.90835,0.386752
1,-1.15038,-2.95738
1,-2.20896,-2.4944
1,-3.50405,-0.130775
1,-1.12591,2.37051
1,-1.45833,2.40369
1,-2.13801,2.6026
1,-2.08054,-2.51916
1,1.6501,2.91334
1,3.10489,0.179834
1,1.58964,-2.48889
1,-1.56133,2.38015
1,-1.33987,-2.76037
1,-2.8064,0.0692104
1,-3.06032,0.0646738
1,3.10137,0.0172342
1,1.36715,2.79895
1,-1.80865,2.2755
1,-3.08655,-0.280889
1,-2.16122,-2.16157
1,1.80345,1.75795
1,-1.47406,2.41998
1,1.91109,-2.63863
1,-2.08677,-2.3644
1,3.11761,0.491955
1,3.46015,-0.0525431
1,-2.66592,-0.141106
1,-3.85289,-0.347487
1,1.56769,-2.71403
1,-1.05666,-2.74082
1,-1.21956,-2.54639
1,1.63213,2.52639
1,-1.80945,3.14139
1,-2.28859,-0.111949
1,3.50794,-0.298342
1,-1.44131,2.854
1,-1.84444,3.06916
1,1.67301,1.46215
1,1.22536,2.50305
1,0.875447,-2.33443
1,3.64145,0.707166
1,1.00825,2.44068
1,0.740281,2.91185
1,1.21143,-2.76011
1,2.00618,0.206529
1,-1.13454,1.96904
1,1.81143,3.0526
1,-1.86016,-2.64782
1,-1.49818,-1.97337
1,-3.12777,-0.450561
1,1.03565,-3.3202
1,1.85744,-2.23658
1,3.14291,-0.432225
1,3.37549,-0.0438944
1,3.09596,-0.105918
1,0.879293,-2.34424
1,0.992544,-2.52523
1,-1.13572,2.89289
1,3.21047,-0.0744057
1,3.18423,0.341423
1,1.41698,-3.37213
1,-1.60461,1.96706
1,2.30779,0.356417
1,-3.25884,-0.163521
1,-1.87931,-2.4445
1,-1.07512,2.30217
1,2.53415,-0.612625
1,-1.47993,1.87657
1,1.43084,-2.62779
1,2.62186,0.0221054
1,2.79454,0.556227
1,-0.518681,-1.69622
1,3.44234,0.818205
1,3.4392,0.288758
1,1.89017,1.89148
1,2.36879,2.87027
1,2.04621,1.70387
1,-1.27136,-3.02613
1,2.00163,2.15819
1,3.0633,-0.325183
1,2.96365,0.628859
1,0.932509,2.90976
1,0.884834,2.61332
1,-1.63194,-2.99674
1,-3.71981,0.145589
1,1.52042,2.75929
1,1.42149,-2.4978
1,-1.34654,2.92464
1,2.66763,-2.62337
1,1.97433,2.52233
1,1.83031,3.11589
1,1.63266,-1.84965
1,4.15669,0.351064
1,1.35246,-2.0097
1,1.20922,-2.50525
1,1.65665,2.46915
1,1.68151,-2.51965
1,1.83983,-2.38662
1,1.7955,-3.38572
1,2.8509,-0.528499
1,-3.32984,0.235792
1,-1.07916,-2.26148
1,-1.31829,-2.28858
1,-1.37611,-2.92483
1,3.33802,0.267898
1,1.76853,-2.83585
1,3.08062,0.248255
1,2.8494,0.292983
1,0.586727,-2.18627
1,2.87397,0.476764
1,-0.79238,-2.60643
1,3.16495,0.0943134
1,2.75348,-0.0145699
1,2.18975,0.285383
1,-3.52545,-0.0308022
1,1.38705,1.78446
1,-1.3477,2.74428
1,1.60897,-1.99545
1,2.95505,0.590253
1,1.82468,2.31642
1,-1.82804,2.80568
1,2.42995,2.6396
1,-0.801463,2.8424
1,-2.0344,3.32302
1,1.87205,2.90484
1,2.7353,-0.142824
1,-1.0806,-2.45382
1,1.8676,-3.7482
1,1.94827,2.81882
1,-1.60793,2.39024
1,3.0915,-0.40924
1,-1.79536,-3.26678
1,1.27459,2.5671
1,2.77294,-0.283758
1,3.0539,-0.120758
1,1.89936,0.235823
1,-1.73463,-2.68861
1,-1.75738,2.21401
1,-1.70098,-2.79119
1,3.96532,0.127069
1,1.17088,2.72557
1,-1.22598,-3.10037
1,3.66824,0.0623034
1,1.05436,3.36841
1,-1.88214,-3.23353
1,-2.61979,0.00185764
1,1.91797,3.03235
1,-1.3808,-3.29515
1,3.45333,-0.414974
1,-3.35286,0.129376
1,-2.97079,0.318908
1,1.8351,-2.37697
1,-2.68746,0.531333
1,1.40243,2.74551
1,-1.17351,2.6072
1,1.92487,2.04655
1,1.23947,-2.0801
1,-1.32143,2.30444
1,2.89712,-0.539215
1,1.78485,-2.18432
1,1.05125,-2.1441
1,-3.35024,-0.640504
1,3.56831,0.312945
1,-1.69012,-2.51371
1,1.03747,-2.21203
1,-3.19366,-0.0750094
1,1.5274,2.86319
1,1.62354,-2.60904
1,2.73545,0.250449
1,1.93534,3.30884
1,1.7857,2.74901
1,1.69841,-3.00761
1,2.82992,-0.100006
1,-2.53376,-0.478918
1,-3.01061,0.428838
1,1.93433,2.19766
1,3.01424,0.10089
1,2.77455,0.0830851
1,-3.52994,0.171758
1,3.00068,-1.10538
1,2.807,0.142045
1,-1.82026,2.8562
1,-0.885563,2.0341
1,3.50788,0.613253
1,-2.73042,0.0616871
1,3.33751,0.209826
1,3.05485,-0.259059
1,-1.70129,-2.02444
1,0.938151,2.96244
1,-1.93027,-2.45093
1,2.20397,-4.04194
1,-3.97465,-0.594955
1,1.39111,-1.69184
1,-1.73668,2.02667
1,-2.06131,2.66755
1,-1.2671,3.25174
1,-1.82295,2.32246
1,-1.21553,-2.33992
1,2.02676,2.65574
1,-2.18212,2.64284
1,-1.73135,-2.35925
1,-2.70193,-0.23136
1,-3.12131,0.0401501
1,-1.63456,3.08784
1,-1.04741,-2.91162
1,1.02586,-2.79204
1,2.64264,-0.396062
1,-2.02869,-3.10698
1,-2.1582,2.90016
1,1.45088,2.31185
1,2.08593,-1.97505
1,2.6914,-0.268844
1,-1.72735,2.27127
1,-3.11263,0.529121
1,1.55527,2.33669
1,0.93709,2.722
1,-1.6508,2.83328
1,1.35801,-3.29619
1,1.31889,2.80823
1,2.01316,-2.63452
1,0.829323,2.52554
1,-3.38261,0.199987
1,1.30024,-2.64721
1,2.43738,-0.0296058
1,-1.46217,-2.476
1,0.936049,2.36656
1,-2.82131,-0.593814
1,-0.814821,-2.32964
1,-0.977033,2.41084
1,-2.03463,2.35999
1,3.64975,0.070872
1,3.74272,-0.0994964
1,2.24019,0.297432
1,3.29719,-1.21192
1,-1.73293,2.94194
1,1.64813,-2.56399
1,2.41498,0.227312
1,-1.3687,2.91304
1,3.08217,-0.174679
1,-3.074,0.3226
1,1.57723,3.05058
1,3.34742,0.288739
1,1.6506,3.1897
1,-1.81614,2.87081
1,-1.73347,-3.04555
1,-1.4578,-2.61035
1,3.11736,0.591407
1,-0.92763,-2.54976
1,-3.14794,-0.206079
1,1.15118,2.43903
1,1.451,-2.38348
1,1.38775,-3.02885
1,3.61393,0.621553
1,-1.64676,-2.37184
1,3.64258,0.405414
1,1.17307,2.24981
1,1.85173,-2.91068
1,-2.26965,2.19978
1,-1.35208,2.29593
1,1.83006,2.63117
1,1.2311,-2.18756
1,-1.13473,-3.24536
1,-1.32242,-2.43299
1,-3.08219,0.318646
1,0.964212,2.99348
1,2.74881,2.27318
1,-1.2556,3.27968
1,-1.68227,2.49332
1,3.18367,-0.348412
1,3.48097,0.224036
1,3.21773,-0.377187
1,-3.48126,-0.0315696
1,-1.80399,2.07573
1,1.88083,-2.8149
1,1.74463,2.81641
1,-1.5344,2.49071
1,-0.840062,2.4007
1,2.01144,-2.84039
1,2.8172,0.459729
1,-1.76055,3.11321
1,-3.70111,-0.0130475
1,-3.04288,-0.217846
1,-1.78597,-2.70421
1,2.81279,-0.0998802
1,2.67607,0.0150171
1,2.54874,0.569396
1,-1.47841,2.49739
1,1.60743,-2.70537
1,-0.840443,3.0524
1,-2.30799,-0.215615
1,1.28399,-2.53164
1,2.65876,-0.181946
1,1.38225,2.48724
1,2.30945,0.878954
1,-1.27986,2.90326
1,2.86672,0.419262
1,4.15382,-0.126848
1,2.3964,0.149583
1,-1.04666,-2.24699
1,-2.9518,0.968216
1,2.88882,0.239362
1,2.87013,-0.184334
1,1.30193,-2.60314
1,-1.99159,2.57313
1,2.66237,-0.237541
1,1.5517,-2.61126
1,1.62751,-2.8084
1,-1.21912,-2.76774
1,-3.84454,0.366314
1,-1.34573,2.6562
1,-3.02205,-0.0671144
1,0.468555,2.30786
1,-2.96865,-0.471235
1,-1.85838,-2.42695
1,0.974404,-3.1201
1,-1.4793,2.63431
1,-0.865023,-2.53173
1,3.07874,-0.40632
1,-3.17576,-0.621958
1,-1.03185,-2.07096
1,-0.721522,2.48796
1,-1.1463,-2.84857
1,0.915932,-2.79828
1,-1.84029,1.69332
1,-1.66785,2.35477
1,2.73674,0.48811
1,-1.93758,2.44766
1,1.47807,2.35094
1,-1.33606,-3.39344
1,2.87395,-0.450631
1,-1.3134,-2.67734
1,0.753136,-2.22012
1,0.765902,2.20231
1,-0.576066,-2.56439
1,-1.41269,-2.546
1,1.84159,-2.13538
1,1.51183,2.96531
1,1.93073,2.64823
1,1.83224,-2.06127
1,-1.74398,-2.85951
1,3.09094,0.2954
1,1.62969,2.2184
1,-1.31504,2.17267
1,-2.84188,0.576075
1,-3.09055,-0.834472
1,-1.53402,2.38293
1,-1.31063,2.06283
1,-1.24522,2.74186
1,-1.95038,2.23455
1,2.14429,0.087103
1,1.69422,-2.97779
1,1.12266,-2.88107
1,1.24846,-3.01842
1,-3.15913,0.0544605
1,-1.20762,-2.82976
1,2.91054,0.178289
1,2.00959,-2.17784
1,1.6866,2.55226
1,1.36909,-2.80337
1,0.934523,2.78279
1,2.075,0.509615
1,2.02569,-3.27997
1,-1.23702,-2.86945
1,2.1224,2.57617
1,1.69942,2.58074
1,1.67978,-2.95839
1,1.65897,-2.84833
1,-1.70742,3.1441
1,3.46559,-0.693068
1,1.93628,-2.65525
1,-2.91348,-0.207028
1,-1.65133,-2.70608
1,-3.7326,0.247165
1,3.05305,-0.776934
1,-1.18828,-2.26523
1,1.57815,-2.58868
1,4.02865,-0.517209
1,1.70853,2.76705
1,1.15123,2.2001
1,-3.14816,0.24465
1,1.34355,3.34994
1,3.2746,-0.191106
1,-3.11737,0.0197894
1,2.084,-2.74912
1,1.80063,-1.91324
1,0.942086,2.93707
1,2.44418,0.200751
1,-3.40181,0.402221
1,1.60594,3.09329
1,-1.27823,-2.09134
1,1.42055,-2.38318
1,-1.19485,-2.23061
1,1.65696,2.51684
1,2.98118,-0.323482
1,-2.07204,2.57702
1,1.36661,-2.75712
1,-2.48269,-0.337763
1,2.41004,-0.539015
1,1.3828,1.98021
1,0.414785,-2.25588
1,-1.86874,-2.55717
1,-2.71863,0.393168
1,1.63832,-2.85442
1,2.96921,0.562388
1,2.42526,0.043518
1,1.39896,-1.97002
1,-1.63338,2.57947
1,-2.62573,-0.0836941
1,-1.68627,2.66509
1,-3.06583,-0.0903683
1,-2.93336,-0.488452
1,1.38351,2.5569
1,-2.33694,-3.22527
1,2.26457,0.555231
1,2.14594,-2.29232
1,3.38096,0.0906933
1,2.48954,1.42434
1,3.28666,-0.0260052
1,-1.29886,2.41003
1,-2.196,-0.188565
1,-0.945811,2.56055
1,1.19645,3.04469
1,-2.4919,0.546296
1,2.86362,-0.536264
1,-1.32664,2.93065
1,1.17447,-2.40021
1,-1.27488,-2.40995
1,-1.25031,-2.59368
1,-1.82558,-3.06272
1,2.50619,0.543922
1,-0.921876,3.31419
1,-1.90129,-2.74048
1,-1.60142,2.24625
1,-1.08577,2.91698
1,1.22228,-2.50061
1,3.23061,0.546035
1,1.32942,2.98865
1,-2.27342,-2.69941
1,-1.98588,2.588
1,-1.51346,3.00708
1,1.10585,2.18215
1,-3.14118,-0.163698
1,-1.48068,-3.05034
1,3.65336,0.523267
1,1.36392,-2.47148
1,1.54877,-2.90759
1,1.93551,-3.05995
1,1.84408,2.77326
1,2.82468,0.351439
1,2.25165,-3.03047
1,2.93332,-0.365315
1,-2.15437,-1.95294
1,-1.34191,2.41934
1,-2.82862,-0.387345
1,-2.38509,-1.82255
1,3.1466,-0.354929
1,4.24171,-0.00830472
1,3.03052,-0.644083
1,-3.55256,-0.397574
1,1.82742,2.8657
1,-2.30993,0.347131
1,-2.56143,0.738426
1,-2.86687,0.271545
1,-1.57464,-3.45462
1,-3.0796,-0.108087
1,3.25646,-0.383326
1,-2.78686,0.00258538
1,1.9929,-2.43473
1,-1.87135,-2.53661
1,-1.80558,2.27653
1,1.96205,-2.74715
1,2.7471,0.511577
1,3.03029,0.48252
1,-1.29912,-2.90023
1,-1.75742,-2.58338
1,3.42035,0.396521
1,-2.76953,-0.908329
1,1.27388,-2.35047
1,-2.6405,-0.93292
1,1.79545,-2.36951
1,1.84915,2.80543
1,-3.03883,0.00930759
1,-3.15244,0.567418
1,1.6706,2.78413
1,2.09349,2.55789
1,-3.16466,0.19847
1,1.64209,3.49837
1,2.40388,-0.125453
1,-1.47295,-2.15757
1,-1.23123,2.50436
1,-1.33101,-2.61921
1,-3.10374,-0.469704
1,-3.28513,0.0510366
1,-1.5119,2.19611
1,1.73812,-2.56883
1,-1.06312,-2.43642
1,1.04952,2.9025
1,2.13338,-0.775903
1,1.33452,2.7645
1,-1.59752,2.50311
1,3.129,-0.301338
1,-1.53178,-2.2697
1,-1.49707,3.04572
1,1.75711,-2.19231
1,-1.42261,2.79879
1,-2.11422,-2.66946
1,-3.3454,0.0157418
1,-3.09165,-0.108691
1,2.1677,0.76885
1,2.69177,0.00878389
1,1.61373,1.9955
1,2.77474,-0.147197
1,-1.31453,2.55952
1,3.54762,0.0363228
1,-1.53426,-2.42349
1,-1.31021,3.2336
1,1.67976,-2.24027
1,1.76019,-3.06687
1,1.06273,-2.92482
1,1.59097,-3.24199
1,2.52722,-0.54071
1,2.56421,-0.133807
1,3.37701,0.190703
1,1.16858,-3.03557
1,2.76634,2.39994
1,-2.83224,-0.24494
1,1.6771,2.19067
1,2.51175,-0.439608
1,2.6068,-0.00265383
1,-1.45251,2.26533
1,1.34801,-2.83208
1,2.00769,-0.249015
1,1.49194,-3.03405
1,3.65744,-0.775358
1,1.58342,-2.13881
1,3.05509,0.364822
1,2.97713,0.538856
1,-3.45781,0.105997
1,-3.13114,-0.0359572
1,1.80096,3.54374
1,-1.43654,2.15168
1,3.24172,-0.11064
1,1.45617,3.05896
1,-1.47281,2.75245
1,2.65923,0.0144594
1,-1.3657,3.00505
1,-2.09664,1.41008
1,3.10583,0.250325
1,1.88491,2.32473
1,-2.48038,-2.33803
1,-1.19647,-2.67423
1,-3.08061,-0.307778
1,2.54361,-0.451254
1,-1.42332,-2.56272
1,-0.829877,2.29825
1,1.70726,-2.73174
1,-2.95331,0.443363
1,3.01468,-0.170921
1,-1.36661,3.02725
1,3.15846,0.361516
1,1.70592,2.89974
1,1.12886,1.91612
1,3.38451,0.266487
1,-1.41385,2.5903
1,-1.33299,2.83195
1,2.40893,-0.607887
1,0.798092,-2.84888
1,3.38916,0.20209
1,2.65101,0.157781
1,1.97422,-3.29143
1,-1.30338,2.02355
1,1.64869,-2.41031
1,-1.28945,2.7772
1,1.22121,-2.83565
1,-1.26987,2.80531
1,-2.89959,-0.180118
1,-0.924612,-3.25351
1,2.51675,-0.366411
1,-0.949081,-2.51091
1,-1.22611,3.3413
1,2.5993,0.616996
1,-1.80009,-2.32438
1,-1.73312,2.50168
1,1.1098,2.60918
1,-3.00494,0.22502
1,-2.64103,0.440107
1,-1.32165,-2.84422
1,-2.94069,-1.18662
1,-3.21001,-0.254869
1,-1.4494,2.18696
1,-1.5476,-2.75814
1,1.01335,-2.97739
1,1.45108,-2.88124
1,-1.35263,-2.89809
1,-1.98694,2.7352
1,-1.8923,-2.0267
1,3.05725,0.400771
1,1.14534,2.47086
1,-3.03465,0.345228
1,1.5781,3.02445
1,-1.75124,2.00712
1,0.99463,2.41445
1,-3.22442,-0.268948
1,-1.07755,2.33689
1,-2.75167,-0.221469
1,1.60842,3.13792
1,1.53756,2.1239
1,1.24847,2.85019
1,2.00903,3.2437
1,1.03161,-2.60972
1,-2.06427,2.54121
1,1.64854,-3.02788
1,3.35728,0.379496
1,2.63165,-0.356618
1,3.40128,-0.210187
1,-2.79469,-0.0995396
1,-2.49819,-0.749486
1,-2.60356,-0.555841
1,-1.47335,-2.61479
1,-1.80696,-2.4863
1,2.15252,-2.66597
1,-2.37912,2.28081
1,-1.5816,-3.22311
1,1.77556,1.98844
1,-3.63121,-0.00185283
1,-1.99606,-1.86951
1,0.943248,-3.54125
1,-3.5322,0.061818
1,1.38305,-3.12729
1,-3.34109,0.184716
1,-2.89652,0.464331
1,-1.47493,2.4107
1,0.680312,-2.54806
1,-1.92833,2.32392
1,3.24271,-0.0641544
1,-1.0049,2.66482
1,-1.71965,2.52029
1,-1.48779,-2.25857
1,-3.4251,-0.541415
1,-1.10765,2.9409
1,-3.12124,-0.0334631
1,2.84433,-0.00555371
1,-1.25771,-2.42098
1,-1.23709,-2.22063
1,1.2471,2.93176
1,-1.61074,2.26435
1,-1.17287,2.91229
1,1.21707,2.56769
1,3.17927,0.343195
1,-1.23819,-2.41848
1,-1.55278,2.774
1,2.85203,0.051769
1,-1.2605,1.84789
1,1.10364,2.88148
1,-1.44111,-3.06122
1,-1.50958,-3.0713
1,3.25651,-0.882148
1,1.6064,-2.58177
1,2.47831,0.293385
1,2.82864,-0.497277
1,2.69454,-0.176195
1,1.05642,2.52117
1,1.49713,-2.95534
1,2.90298,-0.185152
1,-1.37139,-2.63071
1,-2.50508,-2.66816
1,2.74717,0.0649939
1,-1.45657,1.98008
1,0.714116,-2.89838
1,-2.27891,-0.85701
1,2.316,1.90888
1,2.78437,-0.740821
1,0.96455,2.1495
1,1.47883,1.61117
1,0.87684,2.59178
1,-1.24869,2.9783
1,2.61904,0.487462
1,1.56059,1.99271
1,2.46219,0.80402
1,-1.68232,-2.65218
1,-3.33393,-0.0965091
1,-3.17201,0.29297
1,3.23557,0.0468825
1,3.00373,0.182379
1,3.43771,0.180248
1,-3.19582,0.505477
1,1.6819,-2.69646
1,-2.67635,0.593138
1,3.43734,-0.516675
1,-1.0483,-2.34976
1,1.35134,-1.94403
1,-4.03456,-0.128177
1,-2.78426,-0.736059
1,3.58765,0.737171
1,3.43922,-0.139128
1,0.846074,-1.8901
1,3.21876,0.59607
1,3.18079,0.983836
1,2.65528,0.0471453
1,1.08387,-2.40378
1,-2.51028,-0.192527
1,-1.54565,-2.32648
1,1.97801,-2.17107
1,-1.47846,2.45262
1,1.35253,-2.70328
1,-1.15091,2.45455
1,-1.54946,-2.0853
1,2.50092,0.216597
1,3.03808,-0.67126
1,1.8264,2.8271
1,2.85364,-0.380044
1,-3.17633,0.0603195
1,1.35322,-2.29758
1,3.64324,-0.359558
1,2.71436,0.151114
1,-0.936313,-2.78635
1,1.47745,-2.84927
1,-1.74541,2.45451
1,1.57428,-2.33682
1,-3.3497,-0.301083
1,-1.96964,2.26289
1,-1.56325,-2.77947
1,2.64175,0.22638
1,-2.77992,0.133063
1,1.47728,2.56282
1,0.975712,2.33164
1,1.76856,-2.88541
1,-3.35078,-0.0612423
1,-1.35791,2.35957
1,1.31124,-2.02126
1,-1.7062,2.23831
1,2.1181,0.346812
1,2.8737,0.912805
1,1.31723,2.41581
1,1.22298,-2.91023
1,-3.04319,-0.888325
1,3.0845,0.0760929
1,-0.825591,-2.47759
1,-1.85592,-2.41388
1,2.43974,-0.425426
1,-2.6069,0.0570749
1,-1.95248,2.62238
1,-1.23932,2.74403
1,1.87531,-2.2611
1,3.03672,-0.228628
1,-2.94629,0.279193
1,-1.7225,-2.25102
1,-1.93192,3.128
1,-3.05845,0.169644
1,1.22509,2.51304
1,2.18402,-2.70733
1,1.45359,-2.59826
1,1.95595,2.2442
1,-1.74496,2.9618
1,2.01625,2.32701
1,1.28642,-2.99498
1,1.1853,2.65484
1,1.39901,-2.7067
1,1.66425,-3.05482
1,-3.088,0.239653
1,-1.48519,-3.14585
1,-2.96398,0.118586
1,2.75915,-2.17443
1,1.10757,-2.51313
1,-3.38773,0.192158
1,1.30756,-2.85588
1,-1.04833,-2.03818
1,1.75554,2.82289
1,-1.58385,2.98864
1,-3.61004,0.439567
1,-3.08387,0.198827
1,2.67801,0.43991
1,-1.17369,2.72142
1,1.70638,-2.87259
1,-1.81388,2.81715
1,-2.71272,-0.582434
1,-1.23087,1.83413
1,-1.35387,2.59349
1,-1.88958,2.97185
1,1.35978,-2.27918
1,-2.62834,-0.101646
1,3.24835,0.12728
1,2.63204,-0.356779
1,-3.01603,0.170003
1,1.9057,-3.33457
1,2.81411,-0.438122
1,2.64874,0.140989
1,-1.43735,2.52832
1,2.00972,2.13026
1,3.42265,0.253863
1,-1.51311,2.89823
1,1.08375,2.55892
1,-1.82755,2.65227
1,2.87497,-0.504741
1,-1.96037,-3.63961
1,3.18099,-0.154907
1,-1.57508,-2.30409
1,1.14986,2.36121
1,3.69691,0.0877472
1,1.7907,-2.40908
1,-2.49246,2.88488
1,2.63851,0.412139
1,2.53344,-0.727253
1,-1.56101,1.87649
1,2.94605,-0.684862
1,2.05532,-2.87199
1,2.55628,0.202897
1,0.967167,-3.19538
1,-1.23274,-2.73149
1,1.89722,2.0009
1,1.42038,1.69511
1,-1.72935,-3.10346
1,2.99274,0.594858
1,-2.49113,-0.4603
1,-2.97031,-0.0399043
1,-1.68987,2.45567
1,1.61117,-2.45541
1,1.84566,-3.20128
1,2.87564,0.450395
1,-2.67334,0.29564
1,-3.04726,0.420631
1,1.25563,-2.66997
1,-1.30719,2.31316
1,2.7276,0.176912
1,2.44679,0.141488
1,3.14418,0.325468
1,-2.44234,2.54602
1,1.36249,-2.53944
1,-1.15583,2.19215
1,-1.95399,2.68279
1,2.09382,2.78662
1,2.06018,-2.53416
1,-2.69954,-0.163134
1,2.36649,-0.2593
1,1.56504,-2.04847
1,3.71607,-0.835614
1,1.60848,-3.27379
1,1.66653,3.18908
1,1.18672,-2.3027
1,-1.47438,-2.32352
1,3.51968,0.25093
1,0.982158,2.07613
1,2.46634,2.31603
1,3.28996,-0.682706
1,-0.853947,-3.13999
1,-2.95084,-0.141129
1,1.57716,2.66197
1,-1.32607,-3.27218
1,-1.30835,2.24529
1,1.45342,-3.008
1,1.47171,3.05389
1,1.33419,2.2589
1,-1.20691,2.42488
1,1.44128,2.73397
1,0.962581,3.07207
1,-2.97157,0.29812
1,-1.51476,2.118
1,1.45769,-3.05352
1,-1.80171,-2.32684
1,-1.66025,-2.71334
1,1.44662,-3.00978
1,-1.87761,-2.76414
1,3.36489,0.142108
1,3.98674,-0.0106684
1,1.36475,-2.71506
1,-1.04863,2.10017
1,-2.87135,-0.835187
1,2.01057,2.38717
1,3.22716,0.33876
1,1.41803,2.96675
1,2.93329,0.0456577
1,1.29087,2.53042
1,2.37439,-0.457985
1,1.543,2.94659
1,-2.79754,0.126615
1,2.92738,0.148961
1,-2.82312,-0.0165683
1,1.7209,-2.58488
1,3.65796,0.777227
1,-2.05686,2.87667
1,-1.4544,-2.83638
1,1.16859,2.3455
1,1.92891,2.26213
1,1.23555,-2.79468
1,-3.26971,-0.122881
1,1.22188,-2.21017
1,-1.48032,3.76277
1,1.84444,-3.12294
1,1.44179,-2.87478
1,3.16251,-0.432746
1,-2.48835,2.67088
1,1.59469,2.80068
1,1.73682,-2.79578
1,2.46625,0.45658
1,-3.25115,0.386756
1,-2.74981,0.103777
1,0.982794,2.93916
1,3.02727,0.631465
1,-0.659158,2.25362
1,0.871143,2.8993
1,3.23962,-0.641237
1,3.9161,0.0871696
1,3.63848,0.671652
1,2.47801,-2.79485
1,-1.48912,-3.23357
1,2.90869,-0.433623
1,2.94972,0.104348
1,1.32306,2.16677
1,-1.28308,-2.16144
1,-1.80142,2.61228
1,-1.23145,2.76745
1,-1.60045,2.42747
1,2.00856,2.1407
1,-1.2238,2.56273
1,-3.03203,-0.592688
1,-3.15904,0.317021
1,1.74024,2.5861
1,1.64556,-2.50952
1,1.43731,-2.48581
1,2.43393,1.02284
1,-3.51386,0.478135
1,0.575687,-2.57011
1,-1.72023,-2.2833
1,1.8302,1.76279
1,1.93219,-2.72666
1,-2.08199,-2.13396
1,3.37451,-0.188369
1,-1.69735,3.09916
1,-1.31398,-2.75645
1,1.33392,1.98659
1,1.27397,2.29758
1,2.90413,0.243951
1,-1.32349,2.04668
1,-1.04124,-2.47705
1,-2.95584,-0.421546
1,2.29024,0.193878
1,-2.93784,-0.298979
1,-2.48726,2.35645
1,0.937967,2.59548
1,-1.57522,-1.84693
1,2.47938,0.510065
1,-1.59253,-3.13981
1,1.37208,2.58043
1,-2.73546,-0.0696063
1,-1.20766,-2.90737
1,0.887421,-2.31065
1,0.845177,-2.48431
1,2.75296,-0.525915
1,2.90148,-0.228672
1,3.61559,-0.606981
1,2.58978,-3.00625
1,2.76996,-0.229579
1,3.80904,-0.183675
1,2.28111,-0.931666
1,-2.0042,2.52385
1,-1.74934,2.48682
1,3.36557,0.302342
1,-3.01379,0.289974
1,1.73451,-2.39647
1,-2.78799,-0.183515
1,-2.36376,2.88433
1,3.2851,-0.534082
1,2.9545,0.37789
1,2.90725,0.469739
1,-0.943704,-2.86986
1,3.41973,-0.0177142
1,2.88938,0.0840064
1,-1.59499,2.93209
1,-1.01667,2.49315
1,-1.84738,-2.494
1,1.89186,2.27733
1,-0.714534,-2.87536
1,-3.11924,-0.44165
1,-3.13233,-0.0184772
1,-1.61004,2.81886
1,1.38581,-2.71439
1,3.8364,0.592599
1,1.70227,-2.95029
1,-1.84049,-2.88785
1,-2.79458,-0.238518
1,2.10126,2.84326
1,-1.26492,-2.65586
1,-2.31038,2.22647
1,2.58382,0.241563
1,-2.34045,-1.69767
1,3.13054,0.202036
1,1.36364,-2.23136
1,-1.50077,-2.46745
1,-1.62003,-2.76829
1,-2.67088,0.385909
1,1.82302,2.33529
1,1.5217,-2.54273
1,3.23553,0.567279
1,-1.34918,2.35617
1,1.73382,-2.72652
1,1.65511,1.91021
1,0.799653,2.64487
1,-2.85685,0.675674
1,1.4831,-3.14151
1,-1.49005,-2.82044
1,-2.8541,0.530409
1,-1.36604,-2.45636
1,-1.45067,2.50237
1,-2.88539,-0.0546672
1,2.85908,-0.0387872
1,3.12241,0.362851
1,1.71442,-2.94502
1,1.74748,-3.18851
1,2.0846,-2.29383
1,-2.57661,0.2328
1,2.33309,3.11448
1,-3.08538,0.244174
1,1.5774,2.547
1,-1.29788,-3.03013
1,1.03343,2.9121
1,2.61877,0.0918057
1,2.68797,0.555524
1,-1.2116,2.69605
1,-1.59836,-2.88864
1,-1.55518,-2.60767
1,-1.37051,2.28613
1,3.79503,0.18046
1,-2.87612,-0.488626
1,1.65869,2.67792
1,1.38039,-2.84931
1,-1.38489,-3.00091
1,-3.01111,-0.0632658
1,-2.80855,0.140189
1,1.67989,-2.89019
1,-2.49555,-0.404674
1,1.01633,2.38217
1,0.99812,-3.07923
1,0.968958,-1.92472
1,1.69353,-3.26076
1,1.41634,-3.19734
1,2.19031,0.243316
1,-3.01625,-0.144223
1,-1.46291,-2.72206
1,2.99695,0.675437
1,2.2569,2.63857
1,3.15163,0.264418
1,1.75878,2.67001
1,3.09881,0.0411705
1,-1.48252,3.05093
1,-1.82194,-2.15499
1,1.46709,-2.85874
1,1.7724,2.80484
1,-2.9373,0.302249
1,1.35551,-2.82687
1,2.07684,-2.57328
1,-3.03949,0.140477
1,3.14049,-0.306345
1,-1.47068,2.5314
1,2.29732,-0.257149
1,1.9652,2.50913
1,2.76746,0.0739141
1,0.849024,-2.58432
1,1.54116,3.36502
1,1.55112,-2.32628
1,-2.00812,3.10254
1,2.95361,0.582546
1,-1.80596,2.35882
1,-1.42837,3.64176
1,-1.72641,3.5773
1,-3.60067,0.0462394
1,-1.5478,-2.98781
1,-1.71199,2.72282
1,-1.69664,-2.55912
1,1.51347,2.27047
1,1.39263,-2.65057
1,3.21584,-0.24082
1,1.3051,2.98856
1,-2.75242,-0.037407
1,3.05493,-0.279597
1,3.93975,-0.421197
1,1.2631,2.03114
1,-2.69175,-0.229462
1,-2.67054,0.372745
1,3.5681,0.1515
1,-0.760045,-2.43597
1,1.30121,-2.79671
1,1.50049,2.80176
1,-1.82789,-2.67515
1,-1.58957,-2.45695
1,1.23635,-2.39493
1,1.64649,3.54046
1,1.87501,-2.16748
1,-1.26688,-2.44254
1,-1.26872,-2.52692
1,1.7646,2.29932
1,2.92644,0.0979304
1,1.71761,2.66886
1,-2.19393,-2.96356
1,2.02369,2.86372
1,-2.24042,2.03893
1,-1.37792,2.90477
1,-1.12589,2.72466
1,0.282493,2.22793
1,-2.99763,0.60787
1,2.05234,-2.24861
1,-3.22804,0.0768371
1,3.34174,0.421533
1,3.21983,-0.122603
1,-1.31285,-2.60611
1,-3.37396,0.304184
1,1.93835,-1.64155
1,-1.39769,-2.37613
1,2.1869,-3.08559
1,3.10218,0.0282315
1,-2.06694,-2.94082
1,1.42445,-3.12657
1,1.76794,2.63108
1,3.09904,-0.693509
1,-2.8218,0.227035
1,-2.90076,-0.0244459
1,-1.84982,-3.00129
1,1.58386,-2.52562
1,-0.924691,2.64444
1,2.23995,2.54973
1,0.900847,2.26438
1,1.71596,-3.59146
1,-1.25797,2.45105
1,2.87374,-0.0273263
1,3.11095,-0.525447
1,-3.30512,0.111044
1,1.51422,2.25011
1,3.03685,-0.154896
1,-1.27726,-2.19796
1,-2.01329,-2.42534
1,-1.25442,-1.98851
1,3.11021,-0.697038
1,-0.958203,-2.29253
1,1.11483,-2.61259
1,-3.13746,-0.588856
1,1.68086,-2.6319
1,-1.65254,-2.60461
1,3.22061,0.813286
1,-2.38011,-0.904376
1,2.35632,-1.93197
1,-1.22061,-2.62191
1,-1.21867,2.13968
1,1.79267,-2.75393
1,-1.92372,-2.25195
1,-2.81266,-0.348442
1,-1.99183,-1.89004
1,-1.54343,2.10924
1,1.60571,-2.50898
1,3.66408,-0.497579
1,1.83941,-3.18923
1,-1.80967,2.43081
1,-2.53549,0.533354
1,-2.58837,-1.02
1,2.3857,2.51548
1,-2.83283,-0.219485
1,3.15515,0.604601
1,-3.54525,-0.0392515
1,1.51377,-2.47037
1,1.51407,2.88801
1,-1.9195,2.32
1,-2.23508,2.63681
1,1.51714,3.10909
1,-1.60537,2.50712
1,1.57638,2.61925
1,-3.36275,0.160788
1,-2.78246,0.417562
1,-3.15691,-0.0772412
1,-2.88344,-0.0194879
1,3.4081,0.0591344
1,-1.43041,2.23934
1,-1.38831,-2.83905
1,2.0457,2.73833
1,3.35312,0.185024
1,1.92373,-2.26595
1,1.85357,-2.26586
1,-1.56585,2.21806
1,-0.830187,-2.50438
1,-2.25901,-2.66968
1,1.35846,-2.76229
1,2.65189,-0.284746
1,-2.37028,3.0319
1,-2.50382,-0.568619
1,2.38206,-0.0876329
1,1.6186,-3.46177
1,-1.88942,2.62047
1,1.63351,-2.14815
1,3.9511,-0.904315
1,-0.936392,2.66963
1,1.43237,2.34162
1,2.29547,-0.68232
1,2.03303,2.66768
1,-2.46879,-0.0532845
1,1.10192,2.81015
1,3.23683,0.766916
1,2.40428,0.230641
1,-1.63278,2.03911
1,-3.16501,-0.49184
1,2.09954,-2.29524
1,3.62225,0.0634147
1,-1.93553,2.71647
1,3.56802,0.750299
1,1.40078,2.64934
1,-1.21026,2.33442
1,1.50296,-2.05071
1,1.10412,-2.3542
1,-2.74433,-0.282632
1,-1.32987,-2.45059
1,-0.736163,2.56709
1,-1.80998,1.70003
1,3.58329,-0.379792
1,-2.86853,0.243848
1,3.48207,-0.258141
1,-1.25359,-2.94955
1,-1.54947,2.96814
1,1.48607,-3.3688
1,3.04269,0.0445351
1,-1.65272,2.60832
1,2.62776,-2.19569
1,-1.67216,-2.12725
1,1.83296,2.61433
1,2.21664,0.425831
1,-3.50078,0.155935
1,-2.10699,-3.02491
1,-3.15867,-0.338905
1,1.72917,-3.00052
1,-2.45829,-0.495801
1,3.85478,-0.231931
1,-1.02599,2.03459
1,-2.84226,-0.660745
1,-2.18073,-2.69178
1,3.01472,-0.244341
1,1.70336,3.02105
1,1.78843,2.35162
1,2.97977,0.323539
1,-1.87071,1.98265
1,-2.594,-0.22411
1,2.05843,-2.76616
1,-1.62874,2.49089
1,-1.22315,2.25968
1,1.22766,-2.48291
1,-1.78864,-2.03723
1,0.291172,-2.73655
1,3.56195,-0.17087
1,-1.39199,2.31829
1,3.1586,-0.714555
1,2.87703,-0.0755201
1,-1.53574,2.42613
1,-1.88121,-2.70312
1,-2.99763,0.217238
1,-1.97383,-2.02873
1,-1.48631,-3.31316
1,1.1222,-2.68304
1,1.11001,2.75166
1,-2.29894,2.32567
1,-2.96027,0.256513
1,-1.64781,-2.51884
1,1.74205,2.64945
1,-2.08141,2.36026
1,1.67856,2.16479
1,-3.24274,0.312047
1,-1.32789,2.28888
1,-1.33553,-2.92739
1,1.65143,-2.24726
1,2.37829,0.448155
1,1.91089,2.79448
1,-2.89096,0.413341
1,-1.82656,3.07303
1,2.36188,-0.898818
1,-1.48909,2.40916
1,0.962844,1.98696
1,3.30948,0.564697
1,1.62787,1.91228
1,3.69708,-0.194589
1,-3.30967,0.0104749
1,-1.30484,2.54316
1,2.68832,0.769174
1,-1.46591,-2.13183
1,2.81519,0.839937
1,-1.6619,-3.65884
1,-0.720555,-2.56807
1,1.95218,2.37406
1,3.36999,-0.331476
1,-1.21999,3.15665
1,2.28373,0.472029
1,1.89103,2.38078
1,3.21466,-0.162307
1,-1.12833,2.47716
1,-1.93743,-3.06279
1,-1.5118,-2.2018
1,1.6525,2.73248
1,-2.9602,-0.270777
1,1.9276,-2.97934
1,-3.49467,0.383178
1,-3.24465,-0.363739
1,1.80167,2.73813
1,-1.79801,2.38378
1,-2.0243,2.51913
1,1.75111,-3.31594
1,-1.34721,-2.30706
1,-1.61816,3.42651
1,-1.8427,-2.25893
1,1.54176,-2.44017
1,-2.86569,-0.237016
1,-3.03218,-0.368803
1,2.99357,-1.16378
1,1.30284,2.75399
1,-1.52951,-2.97774
1,1.28148,2.32276
1,-2.78647,0.619863
1,3.0553,0.074807
1,-1.33938,2.63076
1,2.57897,-0.193834
1,1.9123,2.805
1,-1.90108,-2.31066
1,-0.544579,-3.52466
1,1.61654,2.6691
1,2.68347,-0.272264
1,1.65882,-2.48462
1,-1.28161,-2.64999
1,-1.61464,2.24178
1,-1.26728,-2.85824
1,-0.874444,-2.29185
1,-1.91209,-2.45628
1,1.68213,2.78545
1,-1.59713,-2.63354
1,-1.56044,-2.74026
1,-3.10503,0.0754171
1,-1.24858,-2.02054
1,-3.55673,-0.0590516
1,1.85392,-2.89973
1,-1.5551,3.18556
1,-1.44615,-3.1994
1,-2.98392,-0.381535
1,1.60756,-3.12127
1,3.08357,-0.294313
1,-1.15829,2.3925
1,-2.27685,0.0870822
1,-3.64471,0.0337757
1,-3.60127,-0.0898351
1,-3.33942,-0.306013
1,1.35815,2.62346
1,-2.72477,-0.265775
1,-1.72001,2.50132
1,2.90956,0.199111
1,-1.12823,-3.19842
1,-1.96367,-3.5774
1,3.40317,0.291414
1,-1.03838,-3.30725
1,1.33465,2.831
1,-1.2579,-1.86499
1,1.35024,2.99013
1,-2.48655,-0.101153
1,2.73429,0.397543
1,2.49037,-0.400104
1,1.56927,2.33075
1,-1.84507,2.82059
1,-1.53555,2.34044
1,3.25007,0.365691
1,-1.505,2.27836
1,0.987349,2.22186
1,-0.850278,-2.61483
1,-1.74318,-3.18667
1,-0.94165,2.12493
1,-2.09689,3.20244
1,1.3037,2.12558
1,-3.29433,-0.36119
1,2.61608,0.27836
1,2.98747,-0.153599
1,1.02564,-2.57771
1,1.93648,-2.51379
1,-1.78713,2.49031
1,-2.52746,-0.249634
1,1.74521,3.33307
1,1.21899,3.14538
1,2.9011,0.678051
1,-1.75215,-1.95835
1,-1.16992,3.44306
1,1.37221,-3.2698
1,2.99711,0.833574
1,1.50359,2.29798
1,3.09362,-0.721219
1,-1.80106,-2.76373
1,2.61232,0.34447
1,-3.25279,-0.0573099
1,-1.34823,-2.90196
1,-1.86247,2.81629
1,2.62634,-0.40627
1,2.68388,-0.309242
1,-2.73834,0.580399
1,-2.20057,2.33519
1,0.821201,-2.86634
1,1.19624,-2.53613
1,1.40281,2.62447
1,1.49594,-2.64411
2,-3.29453,-0.401141
2,-2.67416,0.615673
2,-1.90624,2.69985
2,1.55326,2.7797
2,1.0961,2.77961
2,-1.48041,2.087
2,2.20371,-0.136897
2,-2.55738,0.0580745
2,3.22394,-0.460899
2,2.49717,0.329189
2,3.09869,0.182354
2,3.47231,-0.666458
2,0.763663,2.34901
2,-3.04493,0.209223
2,1.61302,2.0198
2,1.81333,-2.53453
2,2.65337,-0.227635
2,3.1505,-0.32613
2,-2.12667,2.26641
2,1.68095,-2.16489
2,1.82671,2.52625
2,-1.81228,2.69755
2,-1.11373,2.48504
2,-1.62216,2.5566
2,-2.72082,-1.11629
2,1.97772,2.5421
2,2.95921,0.813922
2,1.67765,-2.68475
2,3.34428,-0.598278
2,-1.6841,-2.22288
2,1.73786,2.67611
2,1.92097,3.2647
2,-1.49927,-3.18876
2,1.74049,-1.948
2,1.77371,-2.36907
2,-1.09677,2.01427
2,-1.1945,-2.35558
2,-0.860213,-2.67723
2,-1.80866,3.09762
2,-1.212,2.71098
2,1.94386,-2.41417
2,-0.716437,-2.73604
2,2.59202,-0.643187
2,2.80934,1.01217
2,-1.21626,2.94224
2,-1.11363,-3.3766
2,3.86112,0.363423
2,0.994787,2.11518
2,2.51372,0.486492
2,1.276,-2.23808
2,-1.06391,2.63139
2,-3.26266,-0.692978
2,-1.28625,-2.62031
2,-2.70229,0.292865
2,-1.0286,-2.22397
2,-1.90782,2.26089
2,-1.59002,2.67295
2,-1.39166,2.584
2,-2.09992,2.6691
2,-2.78086,0.337741
2,-1.20359,-2.57481
2,-2.90274,0.226654
2,3.02686,-0.492996
2,-1.36596,-2.22532
2,1.39199,-2.6955
2,-0.885202,-2.88781
2,1.38625,2.46979
2,1.27723,-2.69465
2,-1.02693,-3.06146
2,-1.86517,-2.7435
2,-1.50299,-2.24212
2,1.21489,-2.557
2,0.887535,-2.33769
2,2.2965,0.298489
2,1.5586,3.1109
2,1.31359,2.88294
2,1.56087,2.09325
2,-1.86823,-2.8729
2,-1.64734,-2.70047
2,-1.37873,2.6901
2,-1.17761,-1.97174
2,2.72357,-0.190998
2,1.89623,-2.80393
2,-2.88676,-0.428149
2,1.44905,2.39775
2,3.14094,-0.0924691
2,-1.33596,2.98133
2,-3.26831,-0.341087
2,2.93779,-0.655543
2,-1.32128,-2.21546
2,1.89316,-2.11837
2,3.10974,-0.712547
2,-1.20876,-2.43196
2,1.96128,-2.62853
2,1.12278,2.75083
2,0.989926,-3.00975
2,-3.03181,-0.101458
2,1.82754,2.49064
2,-1.68161,3.48598
2,-2.659,-0.0844625
2,-1.4848,-2.62607
2,-1.0193,-2.5837
2,-3.07097,-0.314052
2,-1.99953,2.64852
2,-2.15984,-2.58309
2,2.02698,-2.68607
2,2.96387,0.272005
2,1.63123,-2.81714
2,-1.44801,-2.87492
2,1.87736,2.80196
2,2.0886,-2.00278
2,-1.9612,2.31751
2,2.94453,0.189277
2,-1.99587,1.76507
2,1.51512,-3.23309
2,-1.47138,-2.92206
2,-2.10284,2.38498
2,2.46139,-0.749181
2,2.65029,0.279546
2,1.36762,2.66407
2,1.54473,2.63919
2,1.07419,-2.63178
2,1.67182,-2.31813
2,1.77939,-3.44681
2,-2.52679,0.0551941
2,1.31016,2.50659
2,1.70025,-2.92002
2,-1.20319,2.63622
2,-1.27009,2.0186
2,-2.41927,-0.502325
2,-3.51475,-0.470342
2,-1.2437,2.27084
2,-1.57718,2.57435
2,1.87736,2.6695
2,-1.30416,3.02601
2,-1.53405,-2.54158
2,3.47363,0.0611537
2,-2.68073,0.105624
2,-1.96997,-2.50768
2,1.30767,-2.1899
2,-1.61108,-3.03885
2,-2.05388,-2.42178
2,-1.20443,2.62742
2,-3.20974,-0.0578191
2,-1.5047,-2.64817
2,-3.25829,0.165631
2,1.27987,-3.18545
2,-1.44098,2.48453
2,1.19603,2.27728
2,-2.05212,-2.52302
2,1.38384,2.34854
2,-2.13556,-0.737511
2,-1.31498,-2.52757
2,1.55812,2.52397
2,-2.54405,0.40423
2,-1.59141,-2.33927
2,-1.68292,-2.43574
2,2.11006,-3.17785
2,1.90288,-2.16568
2,-2.85627,0.501191
2,2.79401,0.842208
2,-3.42403,-0.550868
2,-1.82076,-2.78957
2,-2.58187,0.298437
2,1.78522,2.29549
2,2.89649,-1.1225
2,1.55671,-2.29418
2,3.59317,0.332351
2,1.37903,-1.89383
2,-1.39919,-2.75218
2,-3.05708,-0.110237
2,-1.61811,-2.14477
2,3.1354,-1.17158
2,-1.54816,-2.41701
2,1.89526,2.90602
2,1.18501,-2.31222
2,3.5129,0.551265
2,1.99056,2.75563
2,-1.2083,-2.22664
2,3.58506,-0.0417181
2,1.75455,2.93922
2,-3.0241,-0.0148692
2,1.66365,-2.95447
2,2.25865,2.74249
2,2.30351,2.85099
2,-1.16537,2.77232
2,1.9533,-2.28239
2,3.35105,0.376058
2,2.48664,-0.434891
2,1.5096,-2.13896
2,2.91677,-1.02101
2,2.59598,0.129801
2,1.82933,-2.13769
2,1.38043,2.97614
2,-2.68821,0.108845
2,1.33043,-2.9604
2,2.69829,-0.339162
2,-1.0544,-2.35819
2,2.55477,-0.0747032
2,3.57709,-0.0682661
2,2.81666,-0.22462
2,-3.06019,-0.0717347
2,1.03782,2.70089
2,1.64472,2.38675
2,2.60575,0.661787
2,1.45701,2.77363
2,1.02763,2.49398
2,-1.23612,2.53634
2,1.00059,-2.40702
2,1.47473,2.14271
2,1.51277,-1.84244
2,-1.51491,3.00003
2,-1.51458,-2.19168
2,0.992165,-1.7731
2,1.22709,2.58617
2,-1.72172,-2.4584
2,1.29156,-2.68977
2,1.41742,-2.89198
2,2.57038,0.586639
2,-1.15325,-2.80607
2,0.411553,-2.18633
2,1.19837,-2.78722
2,-1.82505,3.3724
2,-3.09519,-0.411989
2,-1.38608,2.90068
2,-2.86178,-0.507024
2,-1.45003,2.75876
2,2.69725,0.117026
2,-1.86464,2.54801
2,1.37994,-2.72404
2,1.18313,-2.89372
2,-0.856836,3.33729
2,0.984196,-2.91786
2,3.32401,-0.675855
2,3.13366,0.446229
2,2.74212,0.144409
2,3.04276,-0.869367
2,3.03208,-0.468823
2,-1.38681,-2.99265
2,1.51254,2.70847
2,-3.27178,0.727483
2,1.58516,2.59441
2,-1.35148,-2.18065
2,-1.75321,-2.81159
2,-1.11027,-2.07588
2,-2.94718,0.0106636
2,-1.59478,2.77237
2,3.17242,-0.181691
2,1.60137,2.50224
2,2.31577,0.145574
2,3.30588,0.40944
2,-3.62471,-0.00610654
2,-1.69878,2.27439
2,-1.99041,2.94499
2,0.654995,-2.8683
2,1.65886,3.19329
2,-2.88025,-0.412153
2,1.71878,-2.24897
2,1.4065,-2.94999
2,2.19499,2.44521
2,1.45429,2.75323
2,1.25887,-2.21353
2,-1.24678,1.69922
2,-2.86155,0.265862
2,-2.67951,0.206183
2,2.97775,0.412855
2,0.888829,-2.44641
2,1.01982,2.21051
2,1.14553,-2.99376
2,1.66155,-2.49684
2,-1.57102,-2.70729
2,3.48952,0.103769
2,1.97992,2.88126
2,1.4293,-2.81207
2,2.19312,0.0720524
2,-1.69438,-2.9035
2,-1.66234,2.58585
2,2.9394,-0.197462
2,4.11427,-0.0160684
2,-1.58726,-3.07364
2,-2.32887,-2.23717
2,1.33209,2.51346
2,3.02713,-0.267463
2,1.41356,1.97877
2,1.53176,-2.56751
2,3.21624,0.836826
2,-1.68996,-1.90656
2,2.09669,-3.07853
2,-1.52945,2.32034
2,-1.09625,2.44646
2,-1.69134,-2.31495
2,-1.58732,-2.10979
2,-0.709992,-2.5104
2,1.97009,2.85493
2,-2.63011,-0.51987
2,-1.79614,-3.03235
2,-3.21896,0.581779
2,-3.48094,-0.273485
2,2.07658,2.62108
2,-0.958772,-2.21162
2,1.11681,-2.76107
2,2.43934,-0.619197
2,-1.74056,-3.1068
2,2.4036,-0.0308331
2,1.5172,2.53117
2,-1.07695,2.79271
2,1.39731,-2.1947
2,2.07682,2.38544
2,-2.48653,-0.0834621
2,3.97536,0.408695
2,-1.65898,2.73585
2,0.95726,2.32047
2,2.84965,-0.893993
2,1.78495,2.707
2,1.87759,3.78814
2,3.2204,-0.971702
2,1.50065,2.79302
2,1.43788,-2.43469
2,1.45761,2.20248
2,1.67301,3.52101
2,2.01514,-2.18871
2,1.42652,-2.63253
2,-1.26783,-2.48472
2,-1.31068,-2.62127
2,1.56336,2.73623
2,0.929092,-2.62229
2,-2.87183,0.202693
2,2.8204,0.14763
2,1.41479,2.90315
2,-3.00538,0.214538
2,2.79846,0.55321
2,2.90134,-0.422355
2,1.42059,2.48762
2,-2.47151,0.0268375
2,0.831254,-2.64687
2,1.24504,-1.82321
2,2.88483,0.32154
2,1.84733,-2.12123
2,0.948039,2.88519
2,-2.82232,-0.0872247
2,-1.07328,-2.23535
2,-3.01128,0.21297
2,1.44262,2.31777
2,2.85601,0.286104
2,-1.26919,2.69467
2,-1.28717,-2.22861
2,3.56666,0.171013
2,-1.97166,-2.58875
2,3.32393,0.473329
2,1.49889,2.37362
2,-1.22653,-2.56895
2,1.26334,2.00252
2,-2.7593,0.230871
2,1.45915,2.7293
2,2.87014,0.492718
2,1.83247,-2.44626
2,1.36219,-2.08139
2,-1.79209,-2.611
2,-1.45291,2.65015
2,3.51224,0.395478
2,-1.20216,-1.74299
2,2.81957,-0.300735
2,-1.66809,-2.48209
2,-2.93044,-0.418346
2,2.78007,-0.371452
2,-3.2705,0.064892
2,-2.18126,0.345238
2,-1.40615,2.58085
2,1.90627,2.53174
2,1.2105,2.20639
2,3.15685,0.557247
2,1.48279,-2.96967
2,-3.13963,-0.0705963
2,1.71536,-2.85281
2,2.81343,-0.578543
2,2.69787,0.547739
2,1.61563,-2.86309
2,2.83863,0.181111
2,1.82551,-2.77435
2,-1.53172,-2.54031
2,1.94616,2.65532
2,-2.72105,-0.0619613
2,-2.0109,3.14041
2,-1.77843,2.63647
2,3.44131,-0.271458
2,-1.27723,-2.16272
2,-2.02771,-2.68509
2,1.71089,-2.98725
2,3.00128,0.81542
2,3.50321,0.145932
2,-2.444,0.641211
2,1.43062,2.6723
2,-1.15199,-2.42516
2,-1.34224,-2.41913
2,2.95632,-0.169773
2,3.23953,-0.538587
2,3.31878,-0.054331
2,2.98606,0.579022
2,1.06558,-2.37709
2,-0.912079,-2.35531
2,-1.59006,2.84828
2,-1.75918,2.14689
2,-3.03658,-0.393835
2,-2.96075,-0.0308243
2,-1.88235,1.97662
2,-1.0357,-2.32507
2,-1.41085,2.31681
2,1.05946,2.55584
2,3.52819,-0.260689
2,3.4642,-0.699487
2,-1.894,-2.52201
2,2.58183,-0.19529
2,2.89848,0.149673
2,-1.43372,2.30708
2,-1.58851,3.06459
2,-1.60253,-2.56454
2,-3.4792,0.386146
2,-1.46343,2.93765
2,3.08121,0.405563
2,1.89398,-3.02175
2,-2.77546,-0.634391
2,3.55383,-0.425304
2,-1.53887,-3.11811
2,-1.5671,2.4035
2,3.28426,-0.968794
2,-1.38724,2.56304
2,-3.89416,0.420479
2,3.25385,-0.216133
2,1.53897,-2.7471
2,2.69036,-0.399528
2,-1.75848,-2.64643
2,-1.07242,2.395
2,-1.1132,-2.27788
2,1.66878,2.62606
2,3.74123,0.276862
2,2.68158,-0.329412
2,1.48283,-2.43944
2,-3.1572,-0.219419
2,-1.33055,-2.81966
2,3.5562,-0.348076
2,-1.38968,2.63972
2,1.5303,2.23516
2,1.59818,2.95122
2,-1.3717,1.82005
2,-1.45229,-2.81152
2,-1.30648,-2.08485
2,-2.93704,-0.24189
2,1.77913,2.84762
2,3.0314,0.47249
2,2.19702,0.854226
2,-2.72711,-2.27192
2,1.81111,2.57733
2,-1.69522,1.7392
2,3.37982,-0.149393
2,-1.62455,-2.04334
2,-1.31664,-2.57673
2,-2.83588,-0.27382
2,-2.84181,-0.37217
2,2.27516,-0.0233228
2,1.11523,2.88914
2,3.02702,0.103199
2,0.991569,2.96493
2,2.41394,0.0855042
2,1.15055,3.09798
2,3.20284,0.549144
2,-2.47144,-0.48975
2,-2.70402,-0.473026
2,-1.34921,-3.025
2,-3.08844,0.599022
2,-1.23349,3.0187
2,1.51477,2.57579
2,-1.40449,2.74297
2,-2.77721,-0.215124
2,1.28821,2.56205
2,1.45691,-2.3962
2,1.85732,-0.186619
2,1.04034,-2.88414
2,-0.970314,-2.25084
2,-1.17694,-2.52311
2,-1.40375,-2.79005
2,-1.31623,3.78042
2,-1.6274,-2.39682
2,-1.89773,2.00056
2,-1.71183,2.88257
2,2.79426,-0.493563
2,0.955457,-2.72049
2,2.03242,0.118664
2,-1.58377,-2.41005
2,-2.10065,2.76116
2,3.27012,-0.814595
2,1.12959,-2.58459
2,-1.95444,2.6482
2,2.07189,-3.65001
2,2.36402,0.174535
2,2.37608,-0.539079
2,-1.12182,2.70716
2,-1.67456,2.88782
2,1.50321,-0.625853
2,1.51042,-2.71282
2,0.594998,-2.40701
2,-2.54998,-0.258849
2,-1.42768,2.21207
2,1.5015,-2.50212
2,3.36052,0.48025
2,1.48032,-2.62143
2,1.76703,2.82656
2,2.77307,0.116886
2,-0.735685,-2.95655
2,2.43106,-0.139909
2,3.57111,0.167225
2,1.6842,-2.58913
2,1.2015,-2.42621
2,-1.08851,-2.7231
2,-3.32901,0.44651
2,2.2551,-0.696369
2,1.00002,2.58981
2,-1.51459,2.45177
2,-2.95617,0.302937
2,3.27724,-0.247189
2,1.4675,2.51644
2,-1.37429,-2.52903
2,-2.33504,-1.92935
2,-3.49945,-0.133464
2,1.15877,2.7744
2,-2.83185,0.705731
2,2.48898,-0.513145
2,2.52068,0.395832
2,-3.00249,0.00916616
2,1.71055,2.46601
2,1.57826,-2.65314
2,-2.65892,0.376257
2,3.3377,0.163815
2,1.73407,-2.6279
2,-1.27682,2.58361
2,1.42007,-2.93214
2,-2.86549,0.306655
2,2.59342,-0.0986448
2,3.42948,-0.150408
2,0.92372,-2.94842
2,-1.71973,-2.52028
2,3.40362,0.324353
2,2.05104,-2.96846
2,-1.62487,3.12482
2,-3.29894,-0.410117
2,-1.39842,2.87199
2,-1.0141,1.73162
2,1.8956,2.05342
2,-2.86229,0.402711
2,0.809996,2.75492
2,1.74151,-1.92925
2,-3.09842,-0.285086
2,2.4156,-0.273545
2,1.58913,-2.31604
2,-1.50054,-2.6513
2,-0.934355,-3.17388
2,1.3408,2.8269
2,-2.00127,-2.60847
2,3.86069,-0.639562
2,-1.33521,-2.56265
2,-1.76612,-2.72308
2,1.83208,-2.38023
2,-3.95781,-0.00762427
2,-1.69241,-3.17774
2,-2.94751,-0.0579373
2,1.55587,-2.84118
2,2.43979,0.465984
2,3.08082,-0.0288565
2,2.60845,0.996147
2,2.1686,-2.47432
2,-3.11214,-0.132454
2,1.79211,2.84834
2,1.83941,2.57904
2,-3.50294,0.0374886
2,-1.29995,-2.32831
2,3.04803,-0.0661975
2,1.65855,3.03433
2,-1.44102,2.22879
2,2.88783,-0.120208
2,2.02085,-2.81145
2,1.41981,-2.60619
2,1.61726,-3.1832
2,-1.89149,2.46731
2,1.81591,-2.12014
2,-1.7383,2.29928
2,1.72613,-2.39227
2,2.95727,0.367301
2,3.24229,0.909411
2,1.70926,-1.78337
2,-1.55537,2.76795
2,3.66437,-0.404523
2,-1.16682,-2.73782
2,1.73038,3.12686
2,1.57055,2.52594
2,-3.58296,0.619723
2,-3.29219,0.059135
2,-2.87362,-0.0813622
2,1.85885,2.51199
2,0.888716,-2.40336
2,-1.45715,-3.11487
2,2.25245,-0.138469
2,1.22353,-2.24909
2,1.30712,2.63015
2,1.29188,2.78076
2,2.2704,-0.420648
2,-1.19602,2.99086
2,-2.55441,0.512766
2,-3.04164,0.432314
2,1.26508,3.19182
2,-1.3683,2.85717
2,-1.15204,-3.06712
2,1.77409,-2.16078
2,3.47812,0.493085
2,3.04788,0.701321
2,1.35571,2.8708
2,-3.13257,0.0180821
2,-2.8112,0.469112
2,-2.56258,-0.153134
2,-1.83993,-2.50007
2,-3.47949,-0.558577
2,-3.0783,-0.61253
2,-0.742065,-2.67262
2,-3.39488,-0.580519
2,-3.03468,-0.268108
2,-3.36393,0.133708
2,2.95078,-0.491215
2,2.83969,0.128215
2,-1.51169,-2.6777
2,-1.85707,-2.87516
2,1.38429,-2.47825
2,3.25784,-0.0921545
2,2.05121,-3.0593
2,-1.46128,-2.12404
2,-1.47661,1.95341
2,1.51344,-2.37898
2,1.54213,3.07776
2,1.44624,-2.96881
2,-1.47071,3.27934
2,-1.27004,-2.40575
2,1.67973,2.42331
2,3.95834,-0.109756
2,3.32197,0.258485
2,1.41326,-2.2399
2,1.83986,3.10347
2,-1.77507,-3.04055
2,1.85543,-2.95878
2,-1.27829,-2.64324
2,-2.93197,0.442642
2,-3.0942,0.346346
2,-1.11871,-2.84842
2,-2.85822,0.0117221
2,3.26773,0.355053
2,2.2402,-0.641248
2,-1.78667,2.81647
2,1.73235,-2.85067
2,1.49092,-1.81721
2,-1.37487,2.46611
2,-1.79943,-2.31867
2,0.957839,-2.81652
2,-1.41943,-2.69629
2,2.20575,-0.0962934
2,3.36709,-1.14937
2,3.20712,0.00358171
2,1.9298,-0.861811
2,-1.49339,-3.27958
2,1.65931,-2.69815
2,-3.2371,0.468052
2,-1.28538,-2.8316
2,-1.6858,2.68664
2,1.43979,-1.65213
2,-1.51196,2.38489
2,-2.92295,0.282535
2,-1.70931,2.24646
2,-1.49071,-2.87502
2,-1.47828,-2.71082
2,3.30393,-0.423831
2,2.52237,0.0260965
2,-3.38385,-0.450328
2,-1.18195,2.20507
2,-1.84819,3.08818
2,-3.09556,0.552525
2,1.71414,-2.44431
2,2.23143,2.1761
2,3.27004,0.899363
2,-2.3335,0.430634
2,3.94859,-0.147459
2,-1.59479,-2.17383
2,2.50409,0.264612
2,-1.38019,2.32315
2,2.82141,-0.679736
2,-1.24033,-2.56073
2,-1.62174,-2.5366
2,-3.34794,0.459612
2,-0.710387,-2.67808
2,1.62052,-2.7124
2,1.35201,-1.53042
2,-1.71045,2.35416
2,0.807895,-2.682
2,2.29398,2.72415
2,2.08305,2.31651
2,1.71957,2.32807
2,1.65149,2.48094
2,-3.17757,0.616251
2,1.03588,-3.03293
2,-0.915772,-2.09877
2,-1.2083,2.96513
2,-3.35221,0.317843
2,-3.1983,0.117378
2,1.982,-3.06641
2,-1.74847,-2.88106
2,1.55197,2.34505
2,-2.89753,0.516914
2,-1.46805,2.80763
2,1.78977,-2.16415
2,-3.31176,0.2218
2,1.43891,-3.21832
2,-1.67571,2.4173
2,-2.01251,2.89624
2,0.992955,2.59002
2,-2.89417,0.632667
2,-3.13121,0.231508
2,0.800518,-2.52946
2,0.710859,1.80536
2,1.86852,-0.372015
2,2.55528,-0.203237
2,3.11751,-0.124295
2,1.6041,-2.97389
2,3.50218,0.555357
2,3.75564,-0.416622
2,-3.14235,-0.179071
2,1.31627,2.47409
2,2.52676,-0.23606
2,-1.47676,2.05634
2,-1.42795,-2.66846
2,3.26314,-0.00134738
2,1.30289,2.18887
2,-1.5098,2.73371
2,-2.19249,-2.88282
2,1.26266,2.69476
2,2.55056,0.23045
2,3.2147,0.126931
2,1.63531,2.32693
2,-1.19289,-2.51508
2,-2.9828,-0.172558
2,2.69103,-0.565868
2,-2.97002,0.281701
2,1.55425,-2.84338
2,1.90418,2.49752
2,1.97731,2.09362
2,3.2033,-1.53183
2,1.4874,2.16714
2,1.5127,2.37877
2,2.65849,0.0709978
2,1.98793,2.73193
2,-3.04909,-0.126085
2,2.66176,-0.20675
2,3.37401,-0.874207
2,2.61682,-0.492231
2,2.61187,0.128585
2,1.33238,2.29055
2,3.37753,-0.545797
2,-1.24472,-2.58595
2,2.89293,-0.103512
2,-1.43781,-2.55075
2,-0.838943,2.76925
2,-2.29618,-0.0565743
2,3.3507,-0.468712
2,1.39724,-2.61384
2,1.21863,-2.55867
2,3.3155,-0.194748
2,1.60454,2.28574
2,2.12602,0.906721
2,-1.34934,-3.01303
2,1.56651,-2.66837
2,-2.845,0.330709
2,1.15539,-2.237
2,2.79875,0.513441
2,1.64421,2.25813
2,2.69616,-0.483348
2,-1.55153,3.03408
2,1.65607,-3.10305
2,2.66722,0.421044
2,-1.52826,2.71754
2,2.55143,0.177179
2,-1.5741,2.4587
2,1.1437,2.36154
2,-1.51008,2.67349
2,1.38773,2.50129
2,3.41674,-0.498386
2,2.86763,0.0252542
2,1.02644,-1.80366
2,1.50319,2.10929
2,2.77185,-0.23292
2,-1.0776,2.23149
2,2.93498,0.247475
2,1.7919,2.42411
2,-1.57256,-2.48609
2,1.92245,-0.0497403
2,-1.44147,-1.97849
2,-0.985167,2.47712
2,2.8921,0.441273
2,2.58008,0.342028
2,-1.21774,-2.76377
2,-1.70025,3.08313
2,3.21582,-1.05901
2,1.69483,-2.75604
2,1.05239,-2.68781
2,-3.03545,0.408824
2,-1.53195,-2.71818
2,1.14239,-2.9743
2,-1.67497,2.1547
2,-1.16485,-2.76628
2,-1.2666,-2.36405
2,-1.34405,-2.66346
2,2.07724,-2.22434
2,1.80871,2.90012
2,3.02784,0.13236
2,-0.991826,-1.86899
2,-3.22556,-0.0147484
2,1.66484,2.13508
2,2.474,0.00556824
2,1.2748,3.07636
2,3.48642,0.685222
2,1.04097,3.01954
2,-1.27498,-2.26922
2,3.07489,0.168423
2,1.60283,-2.51954
2,-1.31883,-2.67136
2,-1.54914,-2.05141
2,-1.42036,-2.18993
2,-3.27502,-0.0716217
2,1.73416,-3.15793
2,-1.83932,-2.59036
2,-2.01652,2.7225
2,-1.65278,2.84635
2,3.03556,-0.0108932
2,-1.10472,-2.85257
2,-1.39673,-2.76391
2,-2.78746,0.518203
2,2.71416,0.463056
2,1.70099,2.50348
2,1.28343,2.62655
2,2.84785,0.178293
2,2.93381,-0.024789
2,0.643215,-2.89718
2,-3.18724,0.0203559
2,-1.08183,2.63933
2,-0.941008,-2.82096
2,-2.99115,-0.206658
2,3.23508,-0.0523596
2,2.79651,-0.0250884
2,-1.35886,3.20045
2,2.58396,-0.155294
2,3.20388,-0.177275
2,1.88735,3.04931
2,1.22488,-2.89395
2,2.49021,0.076539
2,1.72795,-2.17891
2,1.83024,1.97471
2,-2.99674,0.561278
2,2.7623,-0.689273
2,1.93486,2.19303
2,-1.94747,2.866
2,1.77032,-2.55557
2,-1.0915,2.52568
2,1.63233,-2.56599
2,-1.14848,2.56828
2,-2.75877,0.159001
2,-2.81176,-0.579973
2,3.58235,0.203062
2,-1.31787,-2.89781
2,1.75473,2.41925
2,2.98356,0.556438
2,2.20194,2.32941
2,-1.39625,-1.7123
2,3.20901,0.236985
2,-2.7254,0.301566
2,-3.49997,-0.139387
2,-1.49475,-3.06051
2,0.207049,2.2971
2,1.38878,-2.4381
2,-1.48544,2.87416
2,-1.18462,-2.60741
2,-1.7367,2.87504
2,3.08921,-0.769506
2,2.98435,-0.17253
2,2.83965,1.88554
2,1.10389,-3.63289
2,3.63434,0.38717
2,2.15952,2.12371
2,1.14111,2.90469
2,2.03849,3.11442
2,-1.22689,-2.15522
2,0.865786,2.65571
2,1.40713,-3.43116
2,-3.2975,0.457925
2,-1.76733,-2.42091
2,-3.52434,0.662409
2,1.27152,-2.48469
2,-3.05472,-0.63478
2,1.78678,2.62147
2,1.6279,2.76551
2,2.59801,-1.25274
2,2.80683,-0.137487
2,1.67764,-2.62424
2,4.34214,0.0719865
2,-1.31416,-2.86799
2,1.09219,-1.70886
2,1.53878,-2.86717
2,1.71713,-2.76375
2,-1.19799,-3.19065
2,-1.28248,2.74397
2,1.99808,2.07836
2,-1.4504,2.48022
2,-3.37578,-0.138643
2,-1.48457,-1.76254
2,2.42915,0.137458
2,1.54061,-2.78677
2,-2.64046,-0.6878
2,-1.20615,-2.73724
2,-2.8739,-0.152827
2,1.11848,-2.36096
2,-1.73047,2.47875
2,3.67759,0.81211
2,-2.74844,0.387233
2,-2.94529,-0.0276579
2,-1.14466,2.57937
2,1.30761,2.4602
2,-1.85533,-3.21783
2,1.02855,-2.04124
2,-0.961611,-2.64792
2,2.61733,0.0938308
2,1.85219,-2.2607
2,1.61409,-2.80632
2,-2.34239,-0.590771
2,-1.20017,-1.99108
2,1.98641,2.3919
2,-3.18119,0.0114198
2,1.26057,2.11048
2,1.27427,-2.93338
2,-1.18432,-2.79197
2,2.81607,-0.0229641
2,1.14295,-2.62554
2,1.09286,-2.86111
2,-1.2384,-2.88057
2,-1.132,2.69396
2,2.54804,-0.284527
2,3.44754,-0.618563
2,1.46961,-3.3519
2,-1.28896,2.25138
2,-0.980401,3.03176
2,1.39592,1.932
2,2.43819,0.430014
2,-1.79462,2.68841
2,2.57331,-0.353251
2,1.17545,2.97281
2,0.856204,-3.07905
2,-1.57592,2.56298
2,1.86455,2.41972
2,2.05668,2.23196
2,-3.1666,-0.196008
2,2.91505,0.069699
2,-1.54437,2.4684
2,1.92112,1.26767
2,-1.06432,-2.3058
2,-1.47306,2.31592
2,0.915245,-2.6429
2,2.20798,2.78935
2,1.15436,2.82182
2,-0.999851,-3.21151
2,-1.15558,3.08952
2,-3.74558,-0.312805
2,-1.36763,-2.8092
2,2.2328,-3.37502
2,3.19879,0.00256454
2,-1.55285,2.46287
2,3.33506,0.612652
2,2.35545,-0.53049
2,3.13911,-0.12274
2,-2.88719,-0.127781
2,3.31322,-0.148857
2,2.68125,-0.845769
2,1.37635,-2.03561
2,-3.25957,0.137091
2,1.05417,-3.07479
2,-3.01776,0.411755
2,0.902792,2.46071
2,-1.14439,-2.59232
2,2.54925,-0.634797
2,2.64576,-0.437826
2,2.6298,0.432814
2,-3.45141,0.331584
2,1.66635,2.97978
2,0.911942,2.90249
2,-2.40716,-2.21062
2,-2.92944,0.246853
2,-2.78661,-0.222214
2,-3.54583,-0.295737
2,-1.41998,1.74524
2,2.70787,0.10759
2,1.32335,3.06847
2,3.66284,0.836065
2,2.38497,0.195688
2,3.46154,0.230683
2,-2.73404,-0.0586707
2,1.29966,2.7487
2,-1.91411,-2.23228
2,1.35391,2.40057
2,-3.6433,-0.0168916
2,1.39251,-2.2899
2,1.92489,2.61552
2,3.2772,0.0337802
2,-2.27636,-3.12705
2,-2.62515,-0.0295674
2,1.73996,-2.49559
2,-1.53823,-2.52473
2,3.8368,0.369468
2,-3.19961,-0.0165424
2,-1.10258,-2.11439
2,-1.85996,2.73961
2,-2.12034,2.57865
2,-1.85428,2.18595
2,-3.3039,-0.332183
2,1.62392,2.52
2,3.31432,-0.747553
2,1.64958,-2.81191
2,-1.53656,2.65103
2,-1.3124,2.40316
2,1.5749,2.34195
2,1.79129,-2.37672
2,-1.62091,3.13464
2,-0.817334,2.9228
2,3.43848,-0.341006
2,-0.829051,2.52039
2,3.02169,-0.221578
2,-1.65411,2.26206
2,1.41979,-2.80324
2,1.29779,-2.71758
2,-2.91706,-0.0965942
2,-1.38595,2.82965
2,1.33206,-3.14232
2,-1.50607,-2.70529
2,1.60416,-2.20685
2,1.11246,-2.87725
2,-1.95595,-2.99958
2,-3.41353,-0.169721
2,2.80637,0.313023
2,1.58621,-2.84072
2,2.35486,-0.506058
2,-2.9727,-0.395461
2,2.22472,-3.0524
2,1.31469,3.10727
2,0.911757,2.26587
2,1.45174,-2.43237
2,2.80855,-0.155262
2,1.44817,-2.54683
2,1.30419,-2.51706
2,3.57656,0.166336
2,2.2572,-3.06201
2,3.05501,-0.496741
2,-3.27375,-0.0276417
2,-1.38878,-2.82596
2,-1.17146,-1.99574
2,-0.756668,2.60438
2,3.33759,-0.227474
2,-2.87962,-0.48058
2,-1.66324,3.27597
2,1.42282,-2.39936
2,1.72771,1.87587
2,-1.55505,-2.56347
2,0.912659,-2.91993
2,1.696,-2.6055
2,-2.78643,0.772969
2,-3.42621,-0.204369
2,-1.36073,1.95123
2,-1.7837,2.89704
2,-0.951921,2.32638
2,1.73665,-3.23345
2,0.479302,2.64819
2,-1.64267,-2.966
2,-1.15329,2.16655
2,-3.40895,0.850629
2,-0.598897,-2.37822
2,3.15275,0.307093
2,-1.0869,-3.59047
2,3.03484,-0.157224
2,1.23904,2.77138
2,-1.71967,2.15462
2,1.50108,-2.1333
2,-1.2335,-2.3741
2,3.11523,0.747182
2,-2.23666,-2.23361
2,2.17483,-2.3977
2,-1.68749,-2.41546
2,1.7692,2.42511
2,-1.67953,2.65018
2,1.59812,-2.75381
2,1.17889,-2.30132
2,3.39495,-0.498119
2,-1.6793,-3.20653
2,-1.58812,2.57672
2,-1.5111,-3.13951
2,-3.07405,0.197697
2,-2.72815,-0.287673
2,-1.86604,2.74709
2,-3.19604,-0.062243
2,1.39646,2.32425
2,1.50807,-2.44663
2,-1.46743,2.35302
2,1.55713,3.0026
2,3.30004,-0.254581
2,3.03415,-0.794144
2,2.40243,0.362828
2,-1.68167,2.86526
2,0.802691,2.52475
2,-1.43283,2.62355
2,-2.24963,0.0879119
2,2.66035,-0.00605478
2,-2.7004,0.0218045
2,2.00642,2.41964
2,1.48394,2.98374
2,2.95557,0.000713609
2,-1.27862,-2.76688
2,3.75055,0.417244
2,1.67024,2.08764
2,-1.27487,3.29892
2,1.66203,2.52146
2,-2.94317,-0.43323
2,-1.08832,2.28739
2,1.99466,2.63831
2,1.58111,3.02885
2,3.12078,0.546242
2,1.43803,2.38989
2,1.35941,-2.52371
2,2.16938,-3.01117
2,-3.25251,0.327631
2,3.47786,-0.634021
2,1.77566,3.39407
2,-2.54046,0.29756
2,3.26069,0.651803
2,3.30896,-0.340359
2,3.01511,0.263438
2,1.4133,2.61962
2,-3.497,0.369467
2,2.88747,0.856369
2,-1.36842,2.51413
2,2.81887,-0.276516
2,-1.84706,-2.07901
2,-1.77331,2.10883
2,2.98908,0.0702906
2,1.19882,2.35359
2,-3.08236,-0.334309
2,-3.20253,0.558746
2,3.42063,0.228896
2,-3.12909,-0.109993
2,2.79819,0.307974
2,-1.45637,-2.98933
2,1.37284,2.78651
2,3.65102,-0.155438
2,1.21601,2.86737
2,2.97268,-0.105513
2,2.64335,0.198928
2,1.05293,2.60977
2,-2.95156,0.104208
2,2.74838,-0.169339
2,-1.41238,-2.4485
2,1.06295,-2.3794
2,1.76142,-2.98763
2,-1.83176,2.98097
2,2.71895,-0.676781
2,1.8913,0.150181
2,-2.67143,-0.709301
2,3.05265,-0.557037
2,1.92199,-0.333836
2,-1.5232,2.33325
2,-1.42277,2.74955
2,-2.33088,-3.10448
2,3.35692,0.152753
2,-1.8107,2.61
2,1.89547,-2.86066
2,3.4768,-0.412558
2,-1.19538,2.40993
2,-2.90804,0.00914115
2,1.25328,2.81815
2,1.86551,-2.86363
2,-1.80377,-3.01985
2,-3.4704,-0.172927
2,-3.08276,0.161005
2,2.82055,-0.667789
2,3.25957,0.582789
2,-3.23118,-0.428865
2,-1.64173,-2.65346
2,2.59314,0.104064
2,1.45616,-2.65124
2,-2.85296,-0.715887
2,3.33747,0.270008
2,1.31263,-2.34482
2,-1.47684,3.14348
2,2.88255,0.60279
2,-1.47173,2.55352
2,3.60701,0.308263
2,-3.13848,-0.668595
2,1.33546,-3.04691
2,1.87015,2.74157
2,2.69743,0.323868
2,2.28066,0.106007
2,1.76653,2.32145
2,-3.21343,-0.382321
2,-2.79715,-0.0739576
2,1.43804,3.04224
2,-3.45858,-0.35272
2,-2.48763,0.246024
2,2.97762,-0.0321625
2,3.60634,1.28868
2,-3.37327,0.0735871
2,-2.01066,2.59071
2,-2.10595,2.96296
2,-0.937268,2.03306
2,-1.7914,-2.70494
2,-1.55529,2.68076
2,2.43448,-0.471744
2,3.3506,0.51633
2,3.22251,0.695676
2,1.20561,-3.1765
2,3.60292,-0.0701432
2,2.92163,0.211942
2,-3.26137,0.214871
2,-1.43137,2.29154
2,-2.50776,-0.137903
2,-2.67437,-0.0710647
2,-1.90475,2.48679
2,-3.44854,0.536346
2,2.46458,-0.67066
2,1.11275,-2.69612
2,2.55925,-0.544115
2,-1.56694,2.72364
2,-1.8597,2.45449
2,2.06448,-2.60367
2,-2.70404,-0.766531
2,-1.71861,3.41985
2,2.21282,2.21078
2,-1.87552,2.22485
2,1.67336,-2.07724
2,1.67054,-2.46155
2,1.89812,2.56181
2,-2.58664,0.209057
2,-2.75394,0.385957
2,-1.90222,-2.49315
2,-2.03483,-3.10161
2,1.31544,2.00052
2,-1.50095,-2.97006
2,1.82253,3.00878
2,-3.53935,-0.357047
2,-1.55621,-2.61972
2,1.49978,2.83283
2,-1.12851,-2.57632
2,-3.02706,0.0491544
2,1.6279,2.22293
2,-3.19632,-0.142059
2,0.889255,2.93819
2,-1.76709,2.11128
2,3.90601,-0.0218879
2,-0.638999,2.8111
2,-2.65023,0.0634892
2,2.63416,0.27596
2,3.17652,-0.220494
2,2.21337,-1.08061
2,1.87298,-2.33303
2,-1.26561,2.65596
2,-1.75601,-2.47126
2,2.52188,0.0415151
2,1.41515,-2.46197
2,3.14943,1.19007
2,-2.97208,-0.911511
2,3.77252,0.283201
2,-3.16397,0.0618662
2,-2.62018,0.123149
2,3.52233,0.00182104
2,-1.50371,-2.80645
2,1.58042,-2.90983
2,2.62837,0.543503
2,2.80433,0.572851
2,-2.9552,0.325096
2,1.51597,2.42116
2,1.37591,2.44675
2,-1.45782,2.36755
2,-0.853351,-2.43082
2,2.4014,2.62327
2,-1.34673,2.30543
2,1.429,2.76446
2,3.61715,0.16713
2,3.0306,-0.379851
2,1.01347,-3.06235
2,1.18519,-2.96011
2,2.76087,0.701524
2,1.29849,-2.06919
2,-2.80553,0.186142
2,-3.36802,0.290755
2,1.28425,2.68012
2,-2.7939,-0.753585
2,-1.34787,2.6556
2,1.97843,-3.09494
2,2.03377,-2.33781
2,1.56875,2.8041
2,3.58624,-0.79435
2,3.12078,0.584183
2,-3.01765,-0.182531
2,1.2587,2.37761
2,-3.16901,0.176636
2,-3.4935,-0.247778
2,-1.86426,-3.17804
2,1.49131,-2.41289
2,3.9928,0.499091
2,2.14654,2.58896
2,-1.14089,-3.18545
2,1.19967,2.45508
2,1.22573,-3.06278
2,1.62611,-2.19971
2,-1.31586,-2.484
2,1.47053,-2.77956
2,-3.37204,0.292413
2,-1.33082,-3.20705
2,1.65668,-2.94347
2,1.20696,-2.80878
2,1.93351,2.62557
2,1.3917,-2.8471
2,2.6254,-0.0930832
2,-3.24816,-0.209267
2,-2.43205,-0.550065
2,1.23531,2.85204
2,-1.57745,3.03658
2,1.58976,2.10851
2,-1.18827,-3.22471
2,-1.45613,-2.64071
2,1.41379,-3.04852
2,2.48107,-0.2722
2,-3.16137,0.321491
2,1.65433,-2.30801
2,1.34401,-2.05125
2,2.30244,-0.0254084
2,-2.76367,-0.519398
2,-1.02962,-3.02193
2,-1.49689,-2.04582
2,1.76122,-3.03249
2,-3.08286,-0.26816
2,-0.606821,2.59559
2,-2.03598,-2.42537
2,1.89588,-2.79177
2,-1.96565,2.96761
2,2.82604,-0.97091
2,-1.56326,2.99783
2,3.54433,-0.129626
2,1.50465,2.40251
2,-3.35768,-0.0728842
2,2.51908,0.903974
2,2.69294,-0.30091
2,-1.74171,-2.48437
2,3.76365,-0.523333
2,3.25031,-0.114108
2,-1.31967,2.49039
2,3.50555,1.0183
2,2.94383,-0.742282
2,-1.5516,-2.84537
2,1.82808,2.69668
2,1.23679,-2.65354
2,2.58449,-0.0780229
2,3.16823,0.182622
2,-2.66184,0.134572
2,1.80229,2.66071
2,-1.64539,-2.39469
2,1.35826,-2.53031
2,2.27694,-0.437652
2,1.52543,-3.0107
2,1.13348,-2.3358
2,-1.42038,2.98182
2,-2.68701,0.590478
2,1.10795,-2.19827
2,1.72695,-2.07757
2,-1.10944,3.14928
2,2.78701,-0.230268
2,-3.19378,0.0237188
2,1.73676,-2.19563
2,-3.25965,-0.0906331
2,-1.30447,-2.40213
2,-1.68588,-2.35503
2,-2.47222,0.369768
2,2.67292,0.0250406
2,-1.27798,2.7206
2,-1.74609,3.18664
2,-1.50783,1.94942
2,-1.60068,2.45647
2,-2.27111,0.256487
2,-2.70723,-0.099647
2,1.60429,1.60852
2,3.05525,-0.128649
2,-1.35102,3.13057
2,2.89984,-0.95346
2,-1.90071,2.43732
2,2.66077,0.900868
2,-1.92234,-2.51948
2,-2.87021,-0.206297
2,-1.75395,-2.40876
2,-2.65976,0.209141
2,-1.74474,2.49798
2,3.6588,0.173093
2,2.38873,1.8887
2,-1.41111,2.96115
2,1.477,2.69319
2,-2.1239,-2.3754
2,2.96289,-0.658323
2,3.36964,0.103049
2,1.39482,3.04755
2,1.83428,-0.275763
2,3.50185,0.175595
2,-0.749147,-3.04051
2,-1.08966,3.24039
2,-1.04485,2.90791
2,2.48992,-0.250029
2,1.39739,-2.76132
2,-0.653908,3.2085
2,-3.10244,0.556991
2,1.67511,2.45912
2,-1.9301,-3.13425
2,-3.02956,-0.484599
2,1.85597,-1.70646
2,-1.24419,2.58089
2,0.982431,3.25858
2,2.22238,0.0256877
2,-3.45575,-0.102015
2,-1.3175,-2.92981
2,3.66476,-0.0446967
2,1.42601,-2.39831
2,3.17484,0.621089
2,1.13566,2.15309
2,-1.06293,1.85752
2,-2.4805,1.86033
2,1.16347,2.13665
2,-2.69092,-0.247939
2,-1.68755,2.48101
2,-1.85343,3.07118
2,1.27587,-2.52256
2,-0.973768,2.19286
2,-1.43117,-2.664
2,0.783031,-2.40927
2,3.09753,-0.252415
2,-1.34406,2.31511
2,-0.991299,-2.91707
2,2.82441,-0.848714
2,-2.56813,0.336392
2,3.1206,0.59801
2,2.38814,-0.403944
2,-1.50532,-2.95757
2,-2.5139,0.0671454
2,-3.05051,-0.0496877
2,-2.68901,-0.0486141
2,3.31039,0.0336205
2,-1.45941,-3.00189
2,0.701043,2.82471
2,3.11889,0.743399
2,-0.961524,-2.89812
2,-2.1363,2.7002
2,1.07502,3.06541
2,-1.73282,-2.70768
2,3.0543,-0.470502
2,-1.68213,-2.89395
2,0.890646,-3.03484
2,-3.12389,-0.250975
2,-3.19965,0.0435199
2,1.812,2.17049
2,-1.24837,-2.88787
2,-1.83469,2.16825
2,2.68277,-0.319692
2,3.67669,-0.828801
2,2.59131,-0.708478
2,-3.18675,0.128106
2,3.38844,0.368302
2,1.32095,-3.34457
2,2.36634,0.51327
2,-3.11276,0.325632
2,-1.01201,-2.37228
2,3.24052,0.466506
2,2.73419,-0.470639
2,-1.50466,-2.57121
2,4.22894,-0.53599
2,-2.74367,0.473621
2,-1.30514,-2.37207
2,-1.14083,-2.28974
2,-1.70202,-2.62701
2,1.77117,3.30625
2,1.29023,2.51135
2,-1.1826,1.84653
2,-1.4105,2.36979
2,1.40373,-2.09788
2,-2.48706,-0.855028
2,-1.72821,-3.11079
2,1.91067,2.66149
2,-2.01461,2.08368
2,-1.32631,2.25131
2,1.44849,3.36157
2,-3.19368,0.119166
2,1.62668,3.25624
3,-1.18131,2.62881
3,-2.94098,-0.392829
3,-3.01793,0.0858405
3,2.02983,2.8369
3,-1.43687,2.63264
3,-1.54948,-2.06568
3,-1.6413,-2.94546
3,3.43373,0.0918997
3,-2.08581,2.45121
3,-0.555824,2.62683
3,-1.16307,2.47844
3,-2.8857,0.739991
3,2.95073,0.100888
3,-1.67112,-1.94326
3,2.64768,0.338439
3,1.26378,3.25885
3,1.77444,-2.6461
3,-0.578664,-2.12039
3,2.17011,2.52307
3,1.26491,3.18266
3,-2.41377,-0.283159
3,-3.02085,-0.232639
3,-1.98373,2.52701
3,-1.3986,2.60757
3,2.11792,-3.25957
3,1.04305,-3.18452
3,1.2646,-2.69801
3,2.97573,1.08018
3,-3.42332,-0.150655
3,-0.511857,-2.59297
3,-0.9475,-2.56457
3,-1.63421,2.23935
3,3.32601,0.0917712
3,1.23235,-2.28371
3,-1.56523,-3.00044
3,3.14644,-0.0363108
3,1.16278,3.06189
3,0.933595,2.57199
3,1.35432,2.3913
3,-2.99613,0.473073
3,4.31477,-0.190113
3,1.81376,2.46073
3,-1.17455,-2.7142
3,3.01661,1.25249
3,1.4621,-2.75951
3,-1.39926,3.03724
3,1.46082,3.20506
3,1.28711,2.16645
3,-3.24409,-0.555801
3,1.82195,2.60192
3,3.61781,0.713361
3,1.34004,-2.56098
3,2.74964,-0.331636
3,1.53577,-2.8853
3,-3.1551,-0.279497
3,-2.44912,-0.3273
3,-1.91599,2.80705
3,1.19365,2.47538
3,2.64308,0.0493994
3,3.14296,0.394888
3,-3.47316,-0.418719
3,3.13563,0.790964
3,3.26871,0.0685642
3,2.65779,-0.154625
3,2.24594,-0.489658
3,-1.41837,2.86415
3,-1.64643,2.98175
3,-1.50312,-2.41642
3,1.48739,2.89854
3,1.4754,-2.89408
3,1.28474,-2.21455
3,1.47297,-2.66337
3,-2.57066,0.37611
3,3.22714,0.0701203
3,1.69489,-2.49803
3,-1.75702,3.02849
3,-1.5191,-1.82785
3,1.87163,-2.534
3,-0.959662,-2.76345
3,2.88288,0.419477
3,-1.49704,-2.3565
3,-2.56598,0.437084
3,1.37775,2.26865
3,2.11004,-0.118689
3,2.73792,0.406333
3,-2.99536,-0.50223
3,2.47365,0.786288
3,-2.77479,-0.372256
3,1.3399,-2.78519
3,1.55228,-1.74751
3,-0.698987,-3.04758
3,1.72356,2.5471
3,-1.7378,-2.63226
3,2.77974,-0.0987613
3,3.25894,0.575349
3,3.53655,-1.22091
3,-1.41882,2.78764
3,3.66337,0.129777
3,-1.81685,2.39351
3,3.04437,0.718637
3,1.36372,2.78636
3,3.16205,0.169879
3,-1.78707,2.79986
3,-2.47354,-0.306308
3,-3.22815,-0.551843
3,1.70924,3.207
3,1.36027,-3.05639
3,-1.34213,3.27258
3,2.61374,0.80471
3,3.69623,0.468577
3,1.04247,2.38918
3,1.62503,1.88637
3,1.89933,-1.82576
3,-3.22769,0.673448
3,-3.15878,-0.236882
3,2.99769,-0.015929
3,3.28789,-0.878188
3,2.79447,0.268222
3,3.37897,-0.498166
3,2.69459,-0.90174
3,3.66873,-0.557877
3,-3.02594,0.0206806
3,1.23851,1.76305
3,-1.43304,2.29517
3,2.69552,0.744149
3,0.841694,2.40903
3,3.54438,0.368547
3,-2.7523,-0.371396
3,2.86093,-0.0606319
3,2.79014,-0.449476
3,3.3739,0.763335
3,2.57288,-0.339687
3,1.34548,2.41134
3,-1.71037,2.50456
3,3.22228,-0.380478
3,1.23057,-2.56202
3,-2.58343,0.0470482
3,-3.24259,0.00120239
3,3.34888,-0.0966029
3,3.3002,0.764158
3,-0.981775,-1.97845
3,-2.76131,-0.0825453
3,-3.42486,-0.299474
3,-1.33733,-2.85638
3,-2.02846,-2.39235
3,-3.80006,-0.265651
3,1.79382,1.8164
3,-0.789649,-2.85869
3,-1.89569,2.07012
3,-1.85887,2.25765
3,1.43413,2.44237
3,-3.58327,-0.208916
3,-1.27877,2.6969
3,2.4956,-0.407443
3,3.23717,-1.04973
3,3.26261,-0.385502
3,1.40082,-2.53321
3,-1.40011,-2.44213
3,1.50826,2.91641
3,-2.68313,-0.29159
3,0.981265,-2.18991
3,3.15029,0.843656
3,1.14555,2.37394
3,3.18134,0.338951
3,2.99522,-1.34411
3,3.30487,-0.886513
3,-2.74855,0.135663
3,-1.70793,-2.80048
3,-1.57411,-2.30883
3,1.75654,-2.50005
3,-1.22612,2.35714
3,2.4922,0.501873
3,-2.96345,0.301514
3,-3.48828,0.0189702
3,1.60411,2.47779
3,1.18551,-2.77461
3,-1.67385,2.31005
3,2.90722,0.374911
3,1.09874,-3.23222
3,1.65752,-2.44777
3,1.75438,-2.84966
3,-0.565514,-2.14233
3,-2.66786,0.0263612
3,1.18748,2.87674
3,-1.68182,-2.51177
3,1.56139,-2.19504
3,-1.93905,-2.16024
3,3.34762,0.136261
3,-1.65802,-2.59216
3,1.79293,2.93626
3,2.19247,0.193768
3,3.80659,0.169272
3,1.5085,2.45913
3,2.30207,-0.956018
3,1.46582,2.46764
3,1.45004,3.0664
3,1.29584,2.79177
3,1.75468,3.06432
3,2.82316,-0.0162358
3,-2.01207,-2.93734
3,1.41916,2.5318
3,-1.58951,2.57102
3,2.5997,0.63064
3,-3.1645,0.205751
3,1.30587,2.72873
3,-1.58041,-2.68978
3,1.42248,-2.21094
3,-2.84259,0.424823
3,2.01935,2.49113
3,-2.48134,-0.0384126
3,-1.40881,-2.94935
3,1.33864,-2.90817
3,1.33282,-2.72851
3,1.94132,-2.83163
3,1.60442,-2.95905
3,1.52954,2.42874
3,-1.41848,2.41376
3,1.6516,-2.49543
3,1.3998,2.3997
3,-1.52574,2.31896
3,-1.7898,-2.84707
3,2.74097,-0.22267
3,3.48533,0.564572
3,2.82391,-0.135161
3,3.25778,-0.329803
3,-1.57899,3.00318
3,3.21081,-0.728969
3,-1.81999,-2.26164
3,1.31123,-2.89461
3,-2.79639,0.399839
3,2.74101,-0.476092
3,-3.10056,-0.229668
3,1.8759,-2.11031
3,-3.1072,-0.0438489
3,0.782879,3.0175
3,1.3865,2.19024
3,-1.70228,-2.88396
3,3.56356,-0.442827
3,1.3702,2.88654
3,-2.72042,-0.108809
3,1.29965,-2.39219
3,3.11232,0.970631
3,1.73511,-2.35834
3,-3.10315,-0.0996101
3,2.78859,-0.256711
3,-3.21279,-0.550966
3,-1.38731,-1.73825
3,2.26051,1.43109
3,-3.28197,-0.117442
3,3.56574,-0.183724
3,1.92543,2.08206
3,1.73432,-2.51216
3,2.75067,0.559486
3,2.88663,-0.0659427
3,2.60454,0.980824
3,1.55983,3.28772
3,-3.20931,-0.278462
3,-0.952238,-2.89076
3,-3.12401,0.170568
3,-2.74367,-0.584341
3,1.34104,-2.72127
3,2.80373,-0.98572
3,-1.12178,-2.76154
3,1.65789,-0.00297116
3,1.39734,-2.54205
3,1.06263,2.53979
3,2.47455,-0.173242
3,3.78287,0.476971
3,1.9043,-0.58685
3,1.46575,-2.44766
3,-2.90166,0.310386
3,3.29256,-0.341781
3,-1.8156,-2.40565
3,-2.44715,-2.50928
3,-1.61984,2.24327
3,1.8116,-2.21694
3,1.44221,3.18105
3,-0.895251,-3.12278
3,-2.86506,0.638506
3,3.10357,-0.108696
3,-2.69633,0.0290792
3,-2.74516,-0.193926
3,-1.7227,-3.13917
3,-1.57745,-2.39296
3,-3.00049,0.0440038
3,-1.5739,-2.33027
3,-1.85405,-2.8622
3,3.72114,-0.281253
3,-1.31064,2.66728
3,1.55893,2.5044
3,-1.51352,-2.39883
3,-1.73245,-2.76207
3,1.3886,2.87999
3,1.83526,2.40419
3,1.03941,2.51071
3,2.3233,0.265574
3,1.59653,2.70644
3,3.00179,-0.150895
3,-1.8663,2.96212
3,2.16241,-0.171302
3,3.41988,0.0278007
3,1.33311,3.08396
3,-1.82656,-2.66629
3,3.25146,0.66216
3,2.93261,-0.0831466
3,1.37765,-2.70661
3,-0.746903,2.188
3,2.25793,0.31478
3,1.48492,2.83164
3,-1.11731,2.71173
3,3.43527,0.728535
3,3.59998,-0.253908
3,2.0469,1.10935
3,1.3684,2.20388
3,2.17944,-0.628354
3,2.66581,0.18162
3,-1.4022,-3.36096
3,-1.77135,2.89354
3,1.70052,-2.07838
3,-1.20827,2.5113
3,1.66884,-2.24995
3,3.3192,0.417099
3,3.02439,-0.179499
3,-1.667,-1.97024
3,3.74974,0.24134
3,2.65622,-0.174008
3,-1.77008,-2.24627
3,1.40565,2.51424
3,2.86967,-0.150623
3,-1.44154,-2.56858
3,1.38921,-2.46757
3,1.85203,2.42367
3,2.28731,-0.46719
3,1.1075,2.00817
3,3.48025,0.0185154
3,1.38127,3.0647
3,-1.48007,-2.54527
3,3.79439,0.578109
3,1.56958,-2.69723
3,2.90196,-0.778041
3,-2.26061,-2.24585
3,-1.29849,2.8928
3,-1.13277,2.50227
3,-1.11803,-2.65706
3,0.99479,2.5497
3,1.62866,-2.13201
3,1.65089,-3.11777
3,2.44259,-0.0959514
3,2.68416,-0.231466
3,2.76154,0.661908
3,-0.914982,2.46654
3,1.26546,2.71746
3,3.28605,-0.0537382
3,3.15752,0.319787
3,-3.27067,0.047939
3,0.833474,-2.7824
3,1.56973,-2.29348
3,1.57381,-2.91143
3,-3.61101,0.267872
3,1.71583,-2.60315
3,-1.82468,-3.13188
3,1.52508,2.56124
3,3.89783,1.21345
3,2.08552,2.17313
3,1.15509,3.16744
3,3.28607,-0.151975
3,-1.54237,-2.50604
3,2.7565,-0.00100632
3,-1.63684,-2.61133
3,2.97684,-0.666723
3,1.0757,-2.66512
3,-1.26112,-2.60401
3,3.93154,-0.225013
3,1.32325,-2.82277
3,0.924619,2.46667
3,-1.59867,-2.02756
3,3.24308,1.0723
3,-2.88152,0.357512
3,-2.74925,-0.0325543
3,1.47082,2.07237
3,-1.88496,2.47849
3,2.0283,2.22984
3,-1.6007,-2.38251
3,-1.13732,2.14986
3,-3.31958,-0.0552199
3,3.26671,-0.148753
3,1.53565,2.76167
3,-1.12773,2.98065
3,1.44127,-2.59064
3,3.19823,-0.34377
3,2.7114,0.589234
3,1.43767,2.48198
3,3.52929,-0.643913
3,3.18805,-0.648749
3,3.13213,-0.166111
3,-1.70621,2.52077
3,2.07295,-0.362428
3,-1.17694,1.98461
3,-2.14562,2.79663
3,-2.97882,-0.0876575
3,2.85823,1.0336
3,-2.82663,-0.0942993
3,3.71851,-1.71929
3,1.82317,-0.0380423
3,-1.7271,-2.82762
3,-2.76161,0.195066
3,-1.43075,-2.87703
3,-1.27787,-2.01588
3,3.26392,-0.0252157
3,-2.71574,0.186252
3,-1.54596,-2.54261
3,1.49493,-2.42426
3,1.84069,-0.356551
3,-1.00275,-2.99298
3,-1.20035,2.59921
3,3.45866,0.055536
3,2.15331,-0.017557
3,3.37563,0.223273
3,-3.30688,-0.514501
3,-3.01057,0.00267793
3,-1.745,-2.8743
3,1.32375,-3.22537
3,1.2893,2.81054
3,-1.66366,-2.26011
3,-1.42516,1.85598
3,2.9123,1.1479
3,2.21738,-0.13611
3,1.20391,-2.4265
3,1.11428,-2.89934
3,1.9525,3.06069
3,1.41879,-2.96177
3,-1.17736,1.94845
3,3.53682,0.478098
3,-1.60175,2.28587
3,2.16326,2.25298
3,2.18218,-2.2218
3,-2.45477,0.642741
3,3.93628,0.333507
3,-1.07025,2.86874
3,-1.53157,2.31295
3,-1.4422,2.17869
3,2.68999,-0.23546
3,2.9181,-0.432828
3,2.0159,-2.21164
3,2.24672,-0.153907
3,-3.19513,-0.0623612
3,-1.60692,2.71862
3,-1.58762,-2.16038
3,1.11982,2.6548
3,1.61517,-2.49905
3,2.19807,0.292164
3,1.67087,2.98818
3,-1.72968,-2.76517
3,-1.56166,2.37966
3,1.40459,-2.64841
3,-3.15683,-0.397492
3,-1.81649,-2.87559
3,3.08571,0.872373
3,-1.39865,2.78287
3,-2.96871,0.0087604
3,2.93181,0.710832
3,3.7712,0.816022
3,2.3818,0.412224
3,3.10419,-0.474606
3,-1.30772,-2.64773
3,-3.08147,0.0289051
3,1.78938,2.50946
3,1.95543,2.77322
3,-1.58504,-2.38723
3,2.75575,0.0398076
3,3.19053,-0.025648
3,2.70202,-0.160148
3,3.38467,0.249426
3,-1.24413,2.61925
3,-1.81588,3.48828
3,3.67884,-1.17453
3,1.18459,2.44885
3,3.12621,-0.584277
3,2.783,0.517838
3,1.80184,2.5355
3,-2.70808,0.585821
3,1.8651,0.0324037
3,1.44949,2.53854
3,-2.18898,-0.103606
3,0.861607,-2.3576
3,1.47443,2.89282
3,-3.16528,-0.0968656
3,-1.38708,2.78809
3,2.52016,0.185087
3,-1.1842,2.62696
3,-1.52735,2.92595
3,1.29925,2.53431
3,3.5426,0.146131
3,3.24353,0.818744
3,-2.56003,0.654374
3,2.83343,1.36653
3,1.47774,-2.86393
3,-2.70449,-0.214375
3,-1.31257,2.25075
3,-2.65804,0.164277
3,-1.5114,2.89335
3,2.87738,0.38673
3,-2.5373,0.104444
3,-2.7578,0.208601
3,2.86845,0.526622
3,1.43333,2.94351
3,-1.23124,2.99207
3,1.75777,-2.16995
3,1.19535,-2.8597
3,-1.58993,2.16966
3,-0.903838,2.99803
3,1.59279,-2.46534
3,-2.77161,0.24915
3,3.56607,-0.263714
3,-2.56273,-0.195496
3,-2.90419,0.47669
3,-1.27765,2.44551
3,-1.73565,-2.38731
3,1.23039,-2.21319
3,-2.7716,-0.263087
3,-2.12788,3.15348
3,-3.13237,-0.10199
3,-1.03326,-2.74267
3,-2.28916,0.433218
3,-3.02333,-0.220285
3,1.26846,-3.10456
3,1.28695,-2.07339
3,-1.64905,2.25123
3,3.40575,-1.02028
3,-1.00564,2.44751
3,1.73046,2.51805
3,-1.24105,3.21159
3,1.33968,2.84539
3,3.10248,-0.429591
3,2.79252,-1.01862
3,-1.05629,1.69086
3,-1.45148,2.64172
3,3.68744,0.855935
3,3.21709,-1.09674
3,-3.5448,-0.20336
3,1.53689,-2.42185
3,2.03354,-2.36291
3,1.4741,2.0608
3,1.61713,2.846
3,1.52095,-2.57913
3,-2.5665,0.117992
3,-1.30913,-2.77876
3,-1.51547,-2.2424
3,-3.51476,0.0433764
3,2.89359,0.16652
3,2.15834,0.998452
3,-1.76318,2.39633
3,1.92023,-2.59653
3,-1.32523,-3.09547
3,1.17889,2.52529
3,-1.48519,-2.92161
3,-1.67863,2.62091
3,3.01425,0.472805
3,-3.00307,-0.0319956
3,-1.97903,-2.46509
3,2.95162,-0.449514
3,-1.74467,-2.6484
3,1.26693,2.40776
3,-1.83244,-3.29481
3,1.33614,2.57278
3,3.20736,0.0206493
3,3.12157,-0.065338
3,-1.44375,3.17898
3,1.21641,-2.52055
3,1.96941,-2.39904
3,-2.76788,-0.338608
3,-2.65962,0.655391
3,-3.14665,-0.177828
3,3.75199,-0.568551
3,-1.6484,2.0042
3,-0.922839,-2.95502
3,2.01466,2.62565
3,2.94123,0.700059
3,3.2754,-0.691491
3,3.54731,0.404546
3,1.62764,-2.82575
3,3.94429,0.344453
3,2.82266,0.462827
3,3.47507,0.235307
3,-2.54752,0.0110188
3,1.26395,3.34088
3,2.7817,-0.168924
3,-1.72686,2.7922
3,2.72774,-0.182497
3,1.12092,-2.17696
3,1.30601,2.35911
3,3.25827,-0.521625
3,1.30976,-2.341
3,3.29623,-0.61574
3,-1.71072,3.58137
3,1.67016,-2.84313
3,-1.59737,-2.76891
3,2.99312,0.151299
3,2.96057,0.200868
3,1.83658,2.26955
3,-2.44958,0.229241
3,3.19768,-1.22994
3,1.30209,2.59459
3,-1.66844,-2.45848
3,1.64289,2.46431
3,1.3135,-3.00003
3,1.69031,-2.47624
3,1.18009,2.72268
3,1.95392,2.46057
3,-0.988895,2.55578
3,2.01391,2.18453
3,2.74061,-0.0245963
3,-3.27164,0.0732182
3,-1.51649,-2.18806
3,1.7467,2.96295
3,1.18986,-2.67185
3,-1.74948,2.91898
3,-1.59964,-2.75935
3,3.7977,0.540864
3,-2.33466,0.410537
3,0.882535,2.08587
3,-1.74796,3.68631
3,-2.8669,0.154307
3,-1.65041,-1.9493
3,-3.19558,0.29117
3,1.54264,-2.30138
3,2.59906,0.17755
3,1.19511,2.64463
3,2.25759,-0.35625
3,3.0305,0.115739
3,3.01288,0.702729
3,-1.72935,-2.77846
3,-1.77639,2.40631
3,1.65998,2.50627
3,0.750284,-2.55476
3,-1.52141,-2.35699
3,3.5286,-0.0942582
3,-3.14009,0.246201
3,2.40118,-0.605448
3,1.62404,2.89598
3,-1.25872,2.2608
3,-1.31483,-2.90981
3,1.7576,-2.6336
3,-1.20298,-2.95813
3,2.81937,-0.821205
3,2.71088,0.346535
3,3.59489,1.27677
3,1.44927,-2.91847
3,1.60585,2.19674
3,1.15799,-2.66935
3,2.71981,-0.553051
3,-2.60895,-0.0973028
3,2.47718,0.155176
3,-1.64332,2.66548
3,1.36725,2.62189
3,-1.46624,-2.25116
3,3.36027,0.42126
3,3.85658,-1.16271
3,3.11676,1.22013
3,3.28301,0.238604
3,-1.82787,2.67062
3,-2.85702,-0.410803
3,1.11818,2.237
3,-1.41518,-2.06793
3,3.50786,-0.266804
3,1.42328,3.25609
3,-3.33539,0.681022
3,-3.45775,0.626594
3,1.59672,2.61917
3,-1.53645,-2.66581
3,3.40953,-0.430895
3,-3.00298,0.170339
3,1.39508,2.62857
3,2.59732,0.338896
3,3.28092,-0.152881
3,3.89611,-1.06629
3,-1.06773,-2.19577
3,1.689,-2.28764
3,1.16128,-2.89106
3,-1.42682,2.72887
3,-1.67991,-2.71337
3,-1.90097,-2.46783
3,-3.09317,0.372495
3,1.23547,-2.06079
3,3.16574,-0.374781
3,1.5444,-2.2677
3,-3.12612,0.603263
3,3.5409,0.00377343
3,2.07542,2.71731
3,-1.55676,-3.43402
3,3.49253,-0.411494
3,3.38042,-0.0384314
3,3.2494,-0.247613
3,-2.76979,-0.053225
3,-1.31806,-3.06478
3,-2.42471,2.92303
3,-1.7069,2.38975
3,1.48159,-2.89864
3,3.0045,0.377695
3,-1.15987,-2.48925
3,1.41696,3.11197
3,3.05038,0.198927
3,2.45521,0.250533
3,2.63791,0.717532
3,3.10418,0.829978
3,-1.21022,2.89345
3,-2.01726,-2.30533
3,-2.8765,0.14049
3,3.50007,0.355525
3,2.58261,-0.0338084
3,-2.55631,0.121305
3,1.28601,2.42006
3,1.80597,2.40813
3,-1.59811,3.03022
3,1.36349,2.56377
3,-1.50281,-2.62293
3,-1.16241,-2.6316
3,3.57837,-0.765157
3,-1.92101,2.79909
3,2.62371,0.287774
3,2.16625,-0.356313
3,1.11137,2.61781
3,-1.24436,3.19499
3,-1.09966,2.44346
3,2.1422,2.63947
3,-1.71124,2.98359
3,1.5481,-2.71551
3,-0.927438,2.58017
3,-3.01351,0.262098
3,-2.93206,-0.0439273
3,-1.10344,-2.60517
3,1.61164,-1.98966
3,2.88425,-0.181424
3,1.81704,0.0879707
3,3.15882,-0.137626
3,1.81063,2.6569
3,-1.75891,2.72836
3,3.70395,-0.895506
3,1.93559,0.091287
3,2.83816,0.299662
3,2.78603,0.427183
3,2.61406,-0.317949
3,3.55488,0.558376
3,3.01355,-0.599
3,3.40101,-0.358682
3,1.33708,-2.7902
3,-1.81743,-2.72994
3,3.17942,-0.340502
3,-1.46436,3.16539
3,-1.23205,3.08031
3,1.70499,2.78127
3,1.29075,-2.28881
3,3.22514,-0.41196
3,-1.12466,-2.20039
3,2.91678,0.733997
3,3.03659,-0.304022
3,-3.20749,-0.0595959
3,-2.05251,2.84684
3,-3.33091,0.175673
3,3.3074,-0.125277
3,2.83836,-0.195172
3,-0.852366,2.35009
3,-3.07402,-0.296203
3,-1.57903,-2.25906
3,-2.01452,2.52098
3,-1.7435,-2.91884
3,-2.67699,0.146995
3,-2.61653,-0.982265
3,-3.58034,-0.062316
3,-1.17093,-2.48908
3,3.26726,0.218989
3,3.05091,-0.235799
3,3.01248,-0.14384
3,1.83647,2.95133
3,-1.52503,-3.26954
3,-1.26649,2.82716
3,0.831026,2.73888
3,-1.06866,-2.34108
3,-1.08509,2.31918
3,-3.24389,-0.254859
3,2.00912,2.55361
3,0.89883,2.47222
3,-1.55164,-2.86857
3,-0.883872,-3.06351
3,-1.54138,2.32217
3,1.40704,-2.77911
3,2.61602,0.660348
3,-2.25248,-2.5252
3,1.62057,2.75027
3,1.1755,-2.53345
3,2.7989,0.168501
3,-3.16327,0.100876
3,-2.34252,-0.0725253
3,-1.69019,2.35156
3,-1.51537,-2.19835
3,-1.80645,2.7382
3,-1.53607,2.60942
3,2.61422,-0.334494
3,-3.10178,-0.00957674
3,-1.31089,2.38515
3,1.28269,2.88197
3,2.7716,-0.340563
3,2.09868,2.06884
3,1.87279,2.50314
3,1.43411,2.45554
3,-2.64312,0.572595
3,-3.04261,0.119175
3,1.5571,-2.42589
3,-1.53306,2.35425
3,4.04819,0.208514
3,4.06363,-0.587319
3,4.05342,-0.303545
3,1.96751,-0.127651
3,2.77154,-0.0467975
3,3.99209,-0.714305
3,3.8533,-0.671486
3,-2.62414,0.153278
3,-1.02997,-2.40163
3,-1.41422,2.42383
3,-1.64138,2.68155
3,2.6334,-0.24763
3,-1.70502,-2.90675
3,-1.2379,-2.82623
3,-2.86098,0.224274
3,-1.84835,-2.20415
3,-1.88162,2.32866
3,1.37262,2.38576
3,-2.97307,0.0696099
3,0.653612,-2.42144
3,2.90652,-0.253743
3,1.74269,2.03668
3,2.90886,-0.418214
3,-1.54964,-2.29245
3,3.22499,0.156371
3,2.32169,-0.521251
3,3.66766,-0.177711
3,-2.49125,-0.590358
3,1.45773,2.23463
3,3.33168,0.0149441
3,-1.65027,1.86477
3,1.16148,2.56482
3,-1.4697,2.43384
3,3.57417,0.180952
3,3.18881,-0.389361
3,-1.28495,2.43202
3,-2.33858,-0.320348
3,-1.04924,2.62044
3,3.41619,0.361871
3,1.4731,-2.8578
3,2.56612,0.243337
3,3.28712,-0.777536
3,1.76436,-2.82153
3,3.17893,0.366486
3,3.18518,-0.964619
3,2.51563,-0.409779
3,-2.30401,-0.088306
3,1.76039,3.19183
3,3.33692,0.503941
3,2.75889,0.285269
3,-1.63535,-2.55043
3,-1.64826,2.62527
3,2.69882,-0.650058
3,3.21017,-0.116425
3,1.33342,2.68928
3,-1.53968,-2.81711
3,-2.95597,0.55448
3,3.3126,-0.356036
3,1.20627,-3.09355
3,1.53748,-2.08878
3,-1.40606,-2.42385
3,3.11987,0.0906768
3,-1.35014,2.70281
3,-3.19151,0.365157
3,-1.39156,-2.72278
3,2.70942,0.075
3,1.59211,-2.84213
3,-1.44899,-2.58578
3,-1.50063,-1.98669
3,3.40214,-0.824155
3,3.67942,-0.254294
3,1.61667,2.71145
3,2.56764,1.1085
3,-1.32963,2.21093
3,-1.13206,3.00903
3,-1.59259,-2.64013
3,1.69264,1.68466
3,-1.66503,-2.72992
3,3.21954,-0.051239
3,2.08365,3.21641
3,3.39003,-0.313079
3,-2.01174,-2.73778
3,2.86468,-0.880525
3,-1.374,2.08806
3,1.45219,-2.71152
3,1.95455,2.46219
3,2.91183,-0.485449
3,-0.993841,-2.45561
3,1.64867,-2.40045
3,1.21755,-2.09585
3,1.19469,2.02192
3,2.79195,-0.818198
3,-2.65476,-0.0679767
3,-1.18894,2.27466
3,-1.0654,-2.6224
3,-3.02579,0.229169
3,2.8247,0.498408
3,-1.09633,2.20944
3,3.63305,0.473114
3,1.31749,-2.82355
3,3.24828,-0.428044
3,4.05347,-0.469034
3,2.67525,-0.257776
3,1.34477,-2.80171
3,-1.45986,1.89979
3,2.97165,0.446875
3,-1.21307,-2.83998
3,3.33212,-0.124468
3,3.2363,-0.331465
3,1.04424,2.57628
3,1.4392,-2.5854
3,-2.99329,-0.115951
3,2.09292,1.17452
3,-2.84321,-0.634789
3,-2.60514,0.368287
3,-1.25357,2.01349
3,-3.06956,-0.579866
3,-2.32385,0.0502713
3,2.08773,-2.14401
3,-1.80437,-3.03047
3,-1.77186,-3.72795
3,-1.4066,-2.35326
3,-2.80038,-0.0740303
3,3.58848,-0.0415937
3,1.3564,2.92999
3,2.93191,0.925974
3,1.1635,2.53948
3,-2.50593,-0.168225
3,2.31183,0.433474
3,-0.639521,2.56637
3,1.88828,2.87732
3,2.99521,0.400017
3,3.61945,-1.21667
3,3.16434,0.629761
3,3.64223,-0.12116
3,3.10866,-0.792679
3,1.55209,-2.37438
3,3.50938,0.167121
3,-1.52599,2.34534
3,-1.12914,-2.48038
3,1.40554,-2.52165
3,3.5461,0.799896
3,-3.37635,0.326753
3,2.64683,-0.627554
3,1.58764,2.19669
3,3.63509,0.391109
3,-1.09954,2.61917
3,3.41652,0.016229
3,2.41355,0.648351
3,-1.41831,3.07392
3,-2.67189,-0.326098
3,-1.25614,-2.62492
3,4.0424,0.76976
3,-1.33449,2.88541
3,1.56238,-1.92361
3,1.74246,-2.18531
3,3.9998,0.118386
3,-1.33509,2.84946
3,1.62304,2.48141
3,-0.771193,-2.16668
3,1.46095,-2.77372
3,2.79353,1.02878
3,-1.72157,2.11174
3,3.15351,-0.0815699
3,1.56198,-2.61415
3,1.53047,2.84558
3,-1.47816,2.29856
3,2.74428,0.0342722
3,1.46875,-2.87397
3,1.70216,2.67027
3,1.06694,-1.98507
3,-1.40131,2.86954
3,-1.88801,2.99594
3,2.22175,-0.0643415
3,3.11017,-1.41612
3,2.79067,-0.169635
3,-1.48956,-2.77752
3,1.62594,-2.89147
3,-1.76124,-2.60506
3,1.85886,2.89163
3,2.70303,0.0586774
3,-1.13839,-3.09555
3,2.30079,-3.06217
3,2.80435,0.242229
3,-2.05921,-2.6752
3,1.81562,0.917847
3,-1.21326,2.80393
3,2.93011,-0.0353796
3,1.31874,2.51876
3,3.64604,-1.0732
3,-1.0832,-2.51634
3,3.30363,0.581353
3,2.99241,0.125819
3,-2.10894,-2.92294
3,-1.52834,-2.84945
3,-2.68039,-0.0129278
3,1.51457,2.6652
3,1.04143,-2.63522
3,-3.13312,0.698485
3,1.65452,-2.63395
3,1.71507,-1.92239
3,-2.7382,-0.00313539
3,1.61362,-2.26475
3,-1.74232,-2.30116
3,-3.58088,0.243689
3,1.24536,-3.06776
3,2.41845,-0.0275388
3,1.82887,-3.57712
3,-3.49843,0.0193594
3,-1.53217,2.55071
3,-2.02748,2.51304
3,1.97132,-0.802046
3,-3.12345,0.404463
3,2.89308,-0.24628
3,2.77733,0.111463
3,-2.9523,-0.0503168
3,-3.27641,-0.119934
3,3.53026,0.727444
3,-1.21423,-2.65658
3,2.41831,0.0411221
3,1.30442,2.37348
3,2.20613,0.473814
3,3.70718,-1.01016
3,2.73525,1.09843
3,-1.47069,-2.42265
3,-1.74482,2.93796
3,1.39351,2.69801
3,-1.85232,-2.17074
3,-3.48971,0.0270738
3,0.440737,2.33172
3,-1.4753,-2.92818
3,1.51556,-2.67534
3,1.51107,-2.49973
3,1.94822,-3.14076
3,-1.19376,2.47028
3,0.96526,-2.2613
3,-1.67273,-3.15545
3,-1.52082,2.31127
3,1.63571,2.53644
3,1.52995,-2.10999
3,-1.71584,2.58754
3,1.618,-2.45171
3,-1.76682,-2.81896
3,2.11166,-0.520245
3,3.47713,0.101314
3,-1.06749,-2.74638
3,3.05903,0.801983
3,-1.16014,2.62732
3,3.65408,0.123343
3,1.52669,-2.67707
3,2.49848,1.11921
3,-1.47614,-2.80684
3,-1.50853,-2.12717
3,-2.0319,2.70958
3,-2.33943,0.400224
3,2.62373,0.919096
3,2.66194,0.403165
3,-1.66162,-2.38927
3,1.1173,2.53517
3,-3.10196,-0.232905
3,-1.68252,-2.93009
3,1.70888,2.59482
3,1.42963,2.93975
3,-1.42694,-2.87434
3,-3.23274,0.328855
3,-1.8048,-2.58816
3,2.76263,0.31192
3,-3.44081,0.656346
3,1.8581,-1.88552
3,-3.52561,-0.214584
3,-1.49901,2.76856
3,-1.998,2.39536
3,1.44234,-2.38249
3,2.64224,-0.462315
3,2.02598,2.64235
3,-1.1254,-2.60671
3,-2.23718,-2.31977
3,-1.40674,-3.20659
3,2.98011,0.119534
3,3.05587,-1.49013
3,2.83406,0.113308
3,-3.42052,0.176289
3,2.74805,-0.631474
3,2.1534,0.345238
3,1.77723,2.39482
3,-1.09705,2.4029
3,-1.69302,2.45424
3,-3.24826,0.493834
3,-1.17287,-2.74425
3,3.49496,0.717401
3,3.42234,-0.601521
3,-1.70765,-2.25653
3,2.87688,-0.268208
3,3.43976,0.072651
3,-2.40432,0.0134023
3,-2.1535,2.46833
3,1.2017,2.00373
3,3.5301,-0.439016
3,2.72296,0.504552
3,-0.900226,2.91573
3,0.849592,2.71598
3,2.59897,-0.282893
3,3.1139,-0.233402
3,-3.27199,-0.271842
3,-3.57626,0.0652428
3,3.38581,0.0977282
3,1.50105,2.8311
3,-1.80734,-2.6157
3,3.29295,0.0793622
3,-1.59034,-2.01998
3,3.2305,0.388409
3,1.70842,-1.97575
3,2.46852,0.144716
3,1.45115,2.49252
3,-3.47734,-0.615603
3,2.56187,0.208823
3,3.38232,0.352369
3,3.32286,0.638436
3,1.28935,-2.63254
3,2.90915,0.366221
3,-1.3338,2.86308
3,2.3126,-0.257779
3,1.27198,2.56918
3,2.32184,-0.301234
3,1.41143,-2.95861
3,-1.64506,2.78615
3,1.60329,3.08161
3,2.84637,0.925906
3,1.48841,2.81084
3,3.01952,0.816823
3,1.53398,-2.42457
3,-1.82179,2.52887
3,-3.08437,-0.511747
3,-1.73383,2.07015
3,-2.8288,-0.0871304
3,-1.67249,2.2042
3,1.94133,-2.74918
3,0.93988,-2.63135
3,3.36157,0.246811
3,0.928502,-2.47348
3,1.3844,2.81665
3,1.13505,-2.66077
3,1.98468,-2.94589
3,1.68939,-2.35249
3,3.46719,0.647456
3,3.13576,0.379137
3,-1.20552,-2.50045
3,-1.18494,2.72762
3,1.8269,2.60517
3,-1.30201,-3.02192
3,-1.67551,3.10911
3,1.80689,-2.83357
3,-1.0163,-2.74879
3,-3.22558,-0.116835
3,-1.8491,-3.08084
3,2.51531,0.00181257
3,2.92619,0.466902
3,-1.34732,2.49993
3,1.43699,1.95748
3,3.16758,-0.849718
3,-1.31099,2.55744
3,2.35037,-0.482437
3,1.57336,-2.85618
3,1.74157,-2.5623
3,2.75979,-0.676547
3,-1.42102,2.92443
3,1.37803,3.08874
3,-1.98702,-2.36071
3,1.32594,2.91916
3,2.25363,-0.116921
3,-1.19342,3.19915
3,1.47574,-2.17216
3,-1.84253,1.91166
3,-2.94988,-0.0464079
3,1.59785,-1.95671
3,1.60456,-2.36734
3,-1.47252,2.55989
3,-0.966689,2.70351
3,-3.00611,-0.092393
3,-2.70535,0.165933
3,-2.8545,-0.410755
3,-1.15813,2.12312
3,1.26158,-2.85717
3,-1.30736,2.39777
3,2.8025,-0.00905383
3,3.06014,0.0818078
3,-3.35442,0.13941
3,-1.71407,2.53861
3,-2.71194,-0.151758
3,1.88512,2.4342
3,-2.46367,-0.177941
3,-1.83454,2.53895
3,3.93812,-1.17879
3,1.29604,2.45347
3,-0.99338,2.19377
3,-1.68309,2.27231
3,-1.96394,2.17434
3,-1.13849,2.54088
3,3.26667,0.173173
3,1.31914,2.50659
3,-1.4983,-2.81999
3,-1.55318,3.00469
3,1.17943,1.9532
3,1.28634,2.70259
3,1.45449,-2.24946
3,1.19068,-2.48498
3,1.62495,-2.83809
3,-1.27818,-2.50934
3,-1.03889,-2.7025
3,1.9724,2.32804
3,-2.2684,-0.47704
3,-1.8664,-2.49189
3,1.37142,2.88219
3,-1.66016,3.23762
3,-1.45095,-2.1742
3,-2.96757,-0.442485
3,2.60591,-0.154204
3,1.16704,2.55291
3,2.60685,-0.343094
3,-3.1414,0.171179
3,2.43253,-0.444786
3,1.58703,-2.33712
3,1.36969,2.94542
3,-3.30041,0.0840893
3,3.09482,0.312759
3,2.26031,0.363178
3,-2.95648,-0.494633
3,-1.57256,-2.18302
3,4.18924,-0.580046
3,-1.86063,2.46278
3,3.14162,0.177839
3,1.43443,2.36756
3,-3.21479,0.0910431
3,2.71462,0.0665346
3,-3.09866,-0.535803
3,1.98501,-0.302009
3,-1.74575,-2.87004
3,-2.12275,2.29052
3,2.09452,2.19386
3,-1.06241,-3.51027
3,3.43928,-0.26694
3,-1.63148,2.59366
3,-3.07392,0.0920001
3,1.64229,2.69733
3,-3.28706,0.486336
3,-3.09818,0.0525385
3,3.43154,0.690477
3,3.59131,0.608854
3,-2.90571,0.370532
3,1.18577,-2.59035
3,-1.03727,-2.28404
3,3.23279,-0.488001
3,1.96469,-3.13574
3,-1.22077,-2.52467
3,1.30354,-3.02178
3,3.72139,-0.516938
3,-3.28119,-0.245382
3,-1.38368,-2.4825
3,3.12123,0.0647513
3,3.25988,-0.0242351
3,3.12053,0.00438449
3,-3.33546,-0.144218
3,-1.04528,-2.54195
3,2.73409,0.212256
3,1.35559,2.57517
3,3.35908,-0.383774
3,-1.82699,-2.14553
3,2.71662,-0.215876
3,-3.27395,-0.163447
3,-3.04532,0.657544
3,-3.17011,0.260469
3,2.33436,0.930668
3,1.37549,2.89018
3,3.38333,-0.280754
3,1.22788,2.7198
3,-1.19651,-2.45059
3,1.93772,2.63898
3,-1.68106,-2.25581
3,1.65527,-2.35649
3,-3.24417,-0.206198
3,-1.27595,2.87471
3,-1.73278,-2.54804
3,3.05945,0.303841
3,-1.27048,2.67953
3,-3.53733,-0.0753792
3,1.0176,-2.15765
3,-3.15829,0.117509
3,1.38769,2.45312
3,-1.59045,-2.14613
3,2.80174,-0.691454
3,-1.54298,2.90896
3,-2.15834,-2.75869
3,3.251,0.64564
3,-2.97341,0.287877
3,-1.32039,-2.49737
3,-2.58058,0.478801
3,-3.43281,-0.280007
3,-0.584901,3.24481
3,-1.60121,2.5501
3,1.64034,-2.34383
3,2.41644,-0.175898
3,1.6321,2.25426
3,3.14749,-0.806351
3,-3.30889,-0.172126
3,1.32918,2.17969
3,3.59708,0.7294
3,1.86086,3.16078
3,-3.13902,0.0984428
3,1.67608,-2.36926
3,1.6215,1.91243
3,-1.67935,-2.59676
3,-3.03398,-0.278167
3,-2.66603,-0.0283655
3,-3.25403,-0.126642
3,3.0007,0.402868
3,1.76668,2.43225
3,2.95626,-0.00714618
3,2.26102,0.374431
3,3.32527,0.441715
3,1.47624,-2.69236
3,1.69555,2.0298
3,-1.08651,2.29104
3,3.09765,-0.219071
3,-2.40257,-0.495262
3,1.51624,2.70072
3,3.05549,-0.516922
3,-1.26167,-2.98447
3,-1.54951,-2.72049
3,1.41145,-2.77622
3,1.34961,-3.00412
3,3.94535,-0.167456
3,3.26886,-0.880167
3,1.42539,2.39518
3,1.69823,2.94967
3,3.50501,0.887982
3,2.87052,-0.24206
3,-1.25535,-2.43984
3,-1.42802,-3.1198
3,3.36132,0.762964
3,3.02972,0.0298529
3,2.4297,0.059116
3,2.8707,0.307187
3,3.22654,-0.217375
3,-1.28019,-2.59656
3,2.73707,-0.525974
3,1.28078,2.43141
3,3.22688,0.304335
3,1.45785,2.39936
3,-1.756,2.41803
3,1.70069,3.21359
3,3.10693,-0.3705
3,-0.783187,2.85804
3,1.1925,2.29085
3,1.68559,-2.41787
3,-2.91595,-0.239856
3,3.02415,0.043329
3,-2.72929,-0.560255
3,-1.71407,-2.56847
3,2.18352,-0.750214
3,-3.23821,-0.0188137
3,2.08219,1.92339
3,1.56044,-2.71835
3,1.67152,2.60479
3,1.42975,-2.85117
3,-2.75685,0.0186048
3,1.9873,-1.96904
3,-0.770907,-2.22943
3,-1.52484,2.59432
3,1.25331,-2.15326
3,1.17171,-2.7231
3,2.44822,0.540987
3,2.74215,0.474603
3,-1.38007,-2.29117
3,1.63367,-2.5605
3,-1.92573,-2.43494
3,2.55584,-0.375802
3,1.21768,-2.82035
3,-1.4303,-2.22002
3,-0.832216,2.45464
3,3.42487,0.51635
3,-3.23027,-0.060323
3,3.5465,-0.218601
3,1.69629,2.79728
3,3.24448,-0.0711571
3,3.23771,-0.0172975
3,2.82814,-0.207811
3,-3.37379,-0.0388271
3,-2.14117,2.25779
3,-1.17732,2.54282
3,1.89582,2.56223
3,-1.62142,2.3439
3,3.12639,-0.305024
3,2.15772,-2.08266
3,-2.90631,-0.239785
3,-3.00605,0.0758006
3,1.09593,-3.07566
3,3.08604,-0.460837
3,-1.71487,3.28327
3,-0.85658,2.90196
3,-1.33858,1.94817
3,1.04376,2.9639
3,1.75816,-2.67361
3,-1.34642,2.49748
3,1.09638,2.09694
3,-1.38984,2.66231
3,3.25366,0.230835
3,1.52676,2.57711
3,-2.98724,-0.00790752
3,-0.833781,2.76674
3,2.71872,-0.0564736
3,2.5169,-0.228577
3,3.59441,0.436452
3,0.909663,2.40959
3,2.55258,0.204584
3,-1.71567,3.07542
3,1.55209,2.60563
3,-1.42706,-2.13085
3,2.59377,0.0763742
3,3.18899,-0.079259
3,3.5386,-0.574612
3,2.49833,0.609048
3,-1.24358,-2.4436
3,3.26827,-0.00136832
3,1.46619,2.86366
3,-3.38308,0.111478
3,2.18992,0.59407
3,3.44095,-0.333202
3,-0.971102,1.98134
3,-2.93104,-0.0849286
3,-0.975672,2.38994
3,1.15608,-2.78298
3,-1.98688,2.47443
3,1.44119,2.52964
3,3.03701,-0.123605
3,-3.19776,0.113326
3,1.77581,2.91489
3,-3.37732,0.268393
3,2.71444,0.040284
3,-1.76498,2.68304
3,-3.12373,0.0197059
3,-3.10716,0.0269243
3,2.95176,0.3801
3,1.36087,-2.4335
3,3.27219,-0.648838
3,-2.00709,-1.37705
3,-1.59776,-2.90881
3,2.26374,0.179434
3,-1.53061,-2.65559
3,0.932003,2.46948
3,3.66903,-0.056273
3,1.12177,-2.7889
3,-1.07894,-2.73299
3,-1.34434,-2.52174
3,4.4041,0.089609
3,-3.24271,-0.558524
3,2.01773,-0.224992
3,-2.46552,-0.548188
3,-2.38034,0.0378751
3,1.84158,3.01913
3,0.880684,-2.23082
3,3.06667,-0.491422
3,2.85551,0.159631
3,3.133,-0.556946
3,1.47713,-2.93489
3,1.22034,3.06198
3,2.31925,0.661461
3,-1.38916,-2.31038
3,-1.43659,2.32665
3,-1.70801,2.8593
3,2.13056,-0.386966
3,2.1377,2.43048
3,1.74432,2.77435
3,-1.36848,2.59053
3,2.55167,-0.280849
3,3.41777,0.396789
3,-1.75564,3.04652
3,2.3267,2.21856
3,-3.07157,0.128641
3,1.71487,-2.69163
3,-1.02783,-2.59629
3,1.8046,2.3308
3,3.58857,0.687334
3,2.83237,-0.576016
3,1.57609,-3.2335
3,-2.74503,0.698115
3,1.23048,-2.66658
3,-1.81094,-2.49486
3,3.09486,0.194569
3,-1.69472,-2.81581
3,3.15984,-0.449794
3,0.848422,2.64429
4,-3.28678,0.185276
4,-1.55284,-2.63628
4,3.1984,-0.00878258
4,2.95312,0.0790724
4,-2.88646,-0.874873
4,2.87986,0.722901
4,-3.50995,-0.566614
4,1.18269,2.72233
4,-1.01657,-3.18918
4,1.22608,2.82338
4,-1.72887,-2.86388
4,1.58811,-2.57341
4,-1.88829,-2.34178
4,-1.43113,2.94338
4,3.14971,0.323941
4,3.53954,0.134812
4,2.81726,0.349576
4,-1.53776,-2.16328
4,-2.57979,0.239308
4,-1.73257,-2.68422
4,-1.32873,-2.90401
4,1.28911,-2.351
4,1.67502,2.72425
4,0.826537,2.49978
4,-3.01948,0.00747999
4,1.80066,2.37935
4,1.8528,0.18453
4,1.03669,-3.21436
4,1.60999,-2.54982
4,-1.62028,-2.71492
4,-1.66327,-2.73371
4,1.4938,-2.6313
4,-1.05707,-2.5563
4,1.17597,-2.8879
4,1.41588,2.47362
4,4.16122,0.221327
4,-1.59139,-2.80813
4,-3.38139,-0.41281
4,1.75329,0.53002
4,-1.82576,2.95537
4,3.20028,0.094742
4,1.4318,2.95133
4,2.81178,0.324727
4,1.289,2.50939
4,4.06008,1.58086
4,-1.11346,2.50121
4,-2.81796,-0.417971
4,-3.17473,-0.0496225
4,2.2374,-0.340416
4,1.07784,2.47441
4,1.34042,2.54832
4,-1.34831,2.98043
4,1.50861,2.96779
4,2.13167,-0.262657
4,2.63674,-0.415216
4,2.99812,0.284752
4,1.41156,-2.48864
4,2.74187,0.521062
4,1.92087,-2.79793
4,1.38577,-3.06996
4,2.46111,-0.0216849
4,-3.16202,-0.476993
4,3.09072,-0.288347
4,3.31413,-0.759445
4,2.87634,-0.861387
4,1.56342,-2.45912
4,-0.804974,-2.47241
4,3.1367,0.957242
4,-1.75605,-2.41071
4,-1.55444,2.60075
4,-2.63812,-0.137684
4,-1.60735,-2.75632
4,2.94078,-0.0379318
4,-1.26487,2.46971
4,1.35053,-3.17448
4,3.38052,0.626829
4,-1.6852,-2.77376
4,1.0762,2.7614
4,1.7118,-2.71565
4,-1.51712,-2.96063
4,-1.86905,1.99283
4,-1.48072,2.75852
4,1.74783,2.73182
4,0.939432,2.81365
4,2.54518,0.608664
4,0.969377,-2.10566
4,-2.10317,-2.33995
4,3.81208,-0.139077
4,-1.46642,2.31662
4,1.48974,-2.33323
4,3.48072,-0.412445
4,-2.3044,0.306305
4,1.51914,1.99299
4,3.44437,-0.0741891
4,3.87232,-1.21035
4,2.58301,0.417553
4,3.71737,-0.410615
4,-1.46237,2.4392
4,-2.64798,0.282563
4,-1.56445,-2.83609
4,1.3934,2.61207
4,2.9801,0.742955
4,-1.87549,2.90002
4,-1.84784,-3.19065
4,2.74066,0.0428618
4,3.17999,-0.205208
4,-1.44097,-2.2971
4,-3.04283,-0.162518
4,-1.44662,2.55507
4,1.92482,2.42088
4,1.78065,2.99251
4,1.61505,2.62548
4,1.16981,-3.02385
4,1.57079,-2.97119
4,-1.4525,3.1617
4,2.19868,0.00337693
4,1.43017,2.23264
4,2.89166,-0.29138
4,1.24995,2.40004
4,-1.48726,-2.36483
4,-3.11138,0.619224
4,0.714167,2.55633
4,-3.39413,-0.0874011
4,-3.12951,-0.554769
4,-2.54872,0.162897
4,1.35184,2.52264
4,-1.78975,-2.34597
4,4.21083,-0.277542
4,3.04643,0.12122
4,-1.26999,2.68606
4,1.53241,3.36851
4,-1.04312,-2.40911
4,1.30579,1.90454
4,1.15259,2.26329
4,2.64898,0.745684
4,-1.54363,-2.90944
4,-2.76484,0.582981
4,1.17454,2.38525
4,1.65868,-2.38966
4,-2.78791,-7.71046e-05
4,-3.27564,0.332149
4,-2.52734,0.147803
4,1.43157,-2.45518
4,3.22104,-0.127845
4,-3.26175,0.102446
4,1.62843,-2.57979
4,-1.4617,-2.24949
4,1.44603,2.69249
4,1.50888,2.62257
4,-1.89622,2.75496
4,3.02833,0.0499924
4,-2.71297,-0.256134
4,1.01117,-2.76037
4,3.35464,-0.29936
4,1.44267,2.23956
4,1.96443,2.57414
4,3.83809,0.483971
4,3.43965,-0.148437
4,2.01101,-2.337
4,-0.917738,-2.82817
4,3.70939,0.24911
4,1.54114,-2.57369
4,1.41009,-2.60152
4,3.20467,-0.433832
4,3.38058,-0.58043
4,-2.05553,2.67615
4,-1.65127,2.43142
4,-2.59469,0.0653267
4,1.47786,-2.52848
4,-3.0143,-0.237473
4,3.43241,0.177117
4,1.70523,2.23249
4,-2.11476,2.80639
4,-1.44683,2.26011
4,1.75011,-2.36097
4,-2.92161,6.33721e-05
4,-2.57185,0.100835
4,2.97806,0.322202
4,1.2038,-3.04619
4,2.53803,-0.0135319
4,2.55986,-0.209941
4,2.51185,0.156582
4,-1.62963,-2.47932
4,-2.93032,0.392482
4,1.56171,1.95099
4,1.64215,-3.31978
4,2.28137,-0.160994
4,0.983165,2.26013
4,2.92129,-0.577274
4,-1.1958,-2.40486
4,-1.86826,-2.41318
4,1.63444,2.77103
4,-1.69486,-3.17863
4,-2.53614,-0.102485
4,2.20204,-3.05505
4,-3.16023,0.482724
4,3.23485,0.302079
4,-3.33663,-0.401755
4,2.97122,0.5708
4,2.04679,-0.676067
4,1.37276,2.68053
4,-1.57466,-1.86893
4,-1.52025,2.46592
4,-2.80498,-0.401642
4,-1.81775,-2.78789
4,-2.96702,-0.942044
4,1.53097,2.24574
4,2.42364,2.67333
4,2.10364,-2.98417
4,3.10952,0.0690163
4,3.25771,0.158592
4,0.655026,2.58595
4,-1.71611,-2.51635
4,1.4563,-2.21763
4,0.984567,3.05429
4,-1.6788,2.64406
4,3.40243,-0.13667
4,2.67996,-0.604903
4,-0.976263,-2.06954
4,-1.53661,-2.14428
4,1.64607,2.24011
4,3.58751,0.780785
4,3.37977,-0.151887
4,1.38473,-2.33248
4,-1.40657,2.3688
4,1.40937,2.51402
4,1.05783,3.16581
4,2.89021,-0.152244
4,2.71732,-0.444209
4,3.46717,1.03647
4,2.06505,0.238873
4,-3.15982,0.22017
4,-2.76392,-0.0897762
4,-1.52479,-2.5798
4,4.56472,0.0460729
4,-1.87433,-2.37446
4,1.73608,2.90509
4,-0.801623,-2.48559
4,2.60426,-1.33038
4,3.04526,0.475466
4,3.54265,0.816774
4,1.89373,-2.89031
4,2.61482,-0.528282
4,2.75921,0.231316
4,-3.07613,0.033718
4,1.39081,-2.49927
4,1.32484,-2.53573
4,-3.26161,0.349966
4,-3.66253,-0.192736
4,-3.23946,-0.371408
4,-2.81962,0.0848277
4,2.7183,0.862238
4,-2.95177,0.365254
4,-1.85967,-3.1785
4,1.33875,2.70364
4,2.87053,0.384886
4,1.91073,-2.74533
4,3.58513,0.803483
4,4.08743,0.502148
4,2.35902,-0.627751
4,2.63088,0.0106606
4,0.378432,-3.09799
4,3.20214,-0.241167
4,2.84171,0.69248
4,2.73573,-1.44024
4,4.30264,0.132407
4,1.45852,2.34286
4,2.76866,-1.04028
4,2.7915,-0.279623
4,2.39656,-0.260699
4,1.51845,2.5137
4,-1.28857,2.93011
4,-1.2764,2.65437
4,3.27513,0.274478
4,-1.82278,2.64426
4,1.4655,-2.32409
4,1.58723,-0.50534
4,3.15779,-0.779678
4,1.18206,-2.57492
4,-3.01735,-0.0669621
4,1.00093,-2.56052
4,1.56004,3.14612
4,-3.40381,-0.141692
4,-2.95687,0.185019
4,-2.76574,-0.691088
4,-1.55387,-3.02434
4,1.90407,-2.26543
4,-1.88763,-2.57442
4,2.40727,0.0153006
4,1.27076,-2.79312
4,2.24288,0.1347
4,1.7501,2.69506
4,3.3537,0.154208
4,2.47726,0.0475156
4,1.77918,-2.51185
4,1.22641,2.20593
4,3.1432,-0.227483
4,2.67516,0.171764
4,1.47245,2.53993
4,3.24652,-0.653942
4,-2.9871,-0.0838131
4,4.15203,0.216747
4,-1.44726,2.52866
4,2.62851,-0.308876
4,1.8463,-2.70947
4,-1.24945,2.96339
4,-1.56508,-2.88634
4,1.26869,-2.87585
4,2.42851,0.15928
4,-2.06912,-3.06251
4,2.11921,2.60402
4,-2.72425,-0.150433
4,-1.16906,2.16089
4,-1.12872,-2.18253
4,1.37866,2.46001
4,2.43276,-0.521087
4,1.15471,-2.81215
4,-1.78805,3.03429
4,-3.42289,0.398241
4,1.85027,2.6273
4,2.44215,-0.635576
4,1.45237,2.56899
4,1.27278,-2.26942
4,4.06893,-0.721718
4,1.45518,-2.1961
4,-3.218,-0.420381
4,2.13158,0.275963
4,1.03581,2.9405
4,3.63772,-0.220507
4,-1.91824,2.97653
4,2.20364,0.333109
4,-1.49352,2.68057
4,1.80819,-2.76617
4,1.59395,2.36612
4,2.83279,-0.83883
4,-1.08911,-2.56795
4,-2.86671,-0.344167
4,1.27982,2.35052
4,2.49439,-0.103356
4,-1.49696,2.42375
4,1.26061,2.50848
4,-1.49433,-2.76925
4,2.80079,1.30172
4,1.43942,3.23773
4,1.89475,2.36125
4,2.24034,0.0351643
4,3.22742,0.59436
4,1.67458,2.57002
4,-1.82356,2.51122
4,2.48443,0.73268
4,-1.50992,2.40359
4,-3.58676,0.57408
4,-2.51927,0.533545
4,-1.34333,-2.36536
4,1.7564,-2.70306
4,-1.26197,2.57853
4,3.14737,1.33157
4,-1.62566,2.64531
4,3.02151,-1.21947
4,1.56091,2.67232
4,-1.16179,-2.74167
4,1.5811,-2.89916
4,3.28836,0.267504
4,1.44585,2.37737
4,3.1693,-0.142906
4,3.08815,-0.105321
4,2.83731,-0.0087868
4,3.33245,0.662801
4,3.10737,0.534356
4,0.868793,2.64521
4,-1.69653,2.64391
4,2.30858,0.477795
4,1.61698,-3.10991
4,-1.06703,-2.62037
4,-1.35324,2.75723
4,1.73414,2.82342
4,-2.20034,-0.623095
4,1.75417,-2.298
4,1.51352,2.84655
4,1.07984,2.58927
4,2.10265,-2.58667
4,-2.7593,0.185208
4,2.64761,0.420853
4,2.84064,0.764514
4,2.33486,-0.447401
4,-2.90038,0.838029
4,1.87412,-2.84782
4,-3.49866,0.413757
4,-1.50481,2.33653
4,1.53783,-2.50423
4,-1.60042,3.125
4,1.61742,2.56064
4,3.48002,0.23422
4,3.68413,-0.314106
4,2.80026,1.10652
4,-1.66581,-2.20715
4,1.30381,2.09355
4,2.75599,-0.141333
4,-0.863576,3.35348
4,1.23532,3.13001
4,-1.49335,2.31354
4,-1.05505,2.48184
4,-1.67896,2.12808
4,2.84136,-0.122843
4,3.04937,-0.549055
4,1.6875,-2.74215
4,3.14336,0.0817388
4,2.79692,-0.527796
4,-1.40228,-2.07775
4,1.75463,2.89332
4,1.4363,2.31009
4,-1.53878,-3.08017
4,1.32468,-3.26008
4,2.9254,0.0479245
4,1.93589,2.44192
4,-1.28099,3.12393
4,1.35529,-2.11686
4,-1.13734,2.56198
4,-1.60562,-2.78634
4,1.84067,2.96839
4,3.69577,-0.274308
4,2.38236,0.0701476
4,-1.56139,-2.16224
4,1.41518,2.70443
4,-1.39176,-2.47401
4,-1.68454,-2.76255
4,2.44293,-0.50082
4,-1.85127,3.04969
4,0.863337,-2.41158
4,-1.59172,-2.11884
4,0.748159,3.16769
4,1.61512,2.84382
4,-2.8443,0.264365
4,-2.8284,0.156642
4,1.62538,-2.43313
4,3.8482,-0.433046
4,-1.19231,2.44049
4,2.58458,-0.525172
4,-2.00333,2.5851
4,2.34164,-0.483906
4,-1.61254,-2.71182
4,-1.369,-2.56319
4,2.63782,-0.0921159
4,1.42808,2.674
4,3.16694,-0.047225
4,1.69026,-3.20237
4,-1.68506,2.38411
4,-1.71854,-2.30771
4,1.31834,-3.16818
4,2.42232,-0.91206
4,3.32152,0.0281553
4,1.96319,3.14455
4,-1.88295,-2.69871
4,2.843,-0.631105
4,2.42824,0.209486
4,-1.12509,2.74405
4,-1.84745,2.31693
4,3.24875,-0.1027
4,1.87153,-2.51973
4,3.71581,0.440979
4,-1.35516,-2.55906
4,2.47131,2.76002
4,-1.53471,-2.81109
4,-1.74484,2.65194
4,1.45485,2.65568
4,2.89125,0.838289
4,2.21407,0.135208
4,-1.93291,2.44081
4,0.95624,-2.27297
4,3.27389,0.29412
4,-1.2655,2.55895
4,2.39747,-0.882034
4,1.41703,-2.73001
4,2.61217,0.595127
4,-1.12195,3.24447
4,-1.76606,2.02618
4,0.976347,2.0507
4,3.86084,0.189996
4,-3.53509,0.00506487
4,3.79921,-0.0992776
4,2.80745,0.496779
4,2.72756,-0.0112122
4,-1.85642,-2.73794
4,-1.58741,-1.95066
4,1.30957,-1.46727
4,-1.24402,2.55013
4,-2.97517,0.27797
4,-1.59464,-2.35354
4,4.20688,-0.815355
4,1.82884,0.0729662
4,3.46338,-0.233576
4,1.68044,-3.07675
4,1.31301,-2.63669
4,3.18904,0.667273
4,-1.61619,-2.79791
4,2.27116,-0.127638
4,2.42388,-0.12878
4,-1.78193,2.20454
4,2.8224,-0.0930035
4,-1.50688,2.67224
4,3.29699,0.918012
4,1.93085,2.61106
4,1.51019,0.00896787
4,1.1696,2.89401
4,-1.60291,-2.14729
4,-1.11702,-2.43227
4,2.95736,-0.312616
4,2.65021,0.292402
4,-2.86704,-0.279369
4,2.72339,0.2439
4,2.95617,0.62952
4,2.30302,0.429673
4,-2.59237,0.0122539
4,1.32159,-2.62987
4,-1.37219,2.62918
4,3.05763,-0.970467
4,1.85759,2.48582
4,0.892038,2.15552
4,-1.78351,-2.87623
4,-3.03796,0.202583
4,2.75278,0.419421
4,2.78747,-0.0394971
4,1.51768,2.39367
4,1.7323,-2.86079
4,2.65997,0.347948
4,-1.43574,-1.9364
4,3.60975,-0.741231
4,-2.98753,-0.146781
4,3.27413,0.396347
4,-1.2154,-3.04779
4,-3.03023,-0.207373
4,2.7905,-0.450676
4,-1.42011,-2.58687
4,-3.00894,-0.127493
4,-1.81784,2.42363
4,3.69549,0.324671
4,2.77933,-0.764665
4,1.2294,2.57218
4,1.28976,1.93204
4,-2.15537,2.50926
4,3.68367,-0.600527
4,2.82739,0.0786954
4,1.64197,2.60191
4,1.95838,2.32839
4,3.30243,0.0621086
4,-1.22713,2.27794
4,3.24387,-0.362734
4,3.47199,-0.397905
4,-2.57716,0.149408
4,1.57176,0.305362
4,2.93793,0.265554
4,1.28107,2.53545
4,3.26498,-0.208727
4,2.76419,0.0640488
4,-2.90156,0.209616
4,1.35429,2.48001
4,4.09252,0.171558
4,-1.6009,2.693
4,1.32681,-2.17423
4,-2.91638,-0.126228
4,1.12327,-3.43931
4,-1.67032,2.0932
4,-1.34174,2.34974
4,2.38009,0.24707
4,-2.94981,0.575232
4,1.51426,-2.57546
4,3.73711,0.45675
4,-1.46175,2.93705
4,-1.96488,-2.53641
4,1.848,-0.183205
4,2.82455,-0.34509
4,2.85175,0.443707
4,1.2846,-2.57335
4,3.17678,-1.00567
4,3.03532,0.102693
4,-2.0158,-2.51671
4,2.48143,0.0811269
4,2.67163,-0.323186
4,2.15521,0.0494615
4,1.38398,-2.45766
4,-3.02402,0.0891843
4,-0.909856,2.57372
4,2.99962,0.11226
4,3.18789,-0.94253
4,-1.31772,-2.83054
4,-2.69571,0.403523
4,1.66454,2.96066
4,-1.76394,2.22043
4,2.86356,0.434042
4,1.00863,-3.05786
4,2.82896,0.379974
4,2.44783,-0.144922
4,1.38467,2.46527
4,1.5049,-2.87991
4,-2.89033,0.261969
4,1.42793,2.15925
4,-4.0742,0.208125
4,-1.24733,2.1366
4,-2.68703,0.216549
4,-1.19209,-2.61254
4,-1.27878,-2.46351
4,-3.19194,0.110785
4,2.64467,0.0416348
4,-2.84466,0.155053
4,1.13038,-2.44539
4,2.67992,0.0275459
4,-1.79478,-2.77897
4,2.79735,-0.642702
4,1.31607,2.3842
4,1.1931,-2.40117
4,1.19789,-1.98983
4,-1.77114,-2.86895
4,1.60906,-2.59405
4,-1.6847,-2.53357
4,2.73714,0.289881
4,1.76949,-2.87549
4,3.39299,0.367427
4,3.35613,0.220074
4,-1.61342,1.89454
4,1.43073,-2.6845
4,1.36483,3.02522
4,2.42805,-0.0143972
4,-3.14363,0.335025
4,3.70288,-0.428189
4,2.5899,0.690481
4,3.93765,-0.117647
4,-3.00306,0.237413
4,3.24702,0.446972
4,1.46509,2.83876
4,2.4354,0.369222
4,3.58837,-0.150138
4,-1.58698,-2.6577
4,-1.55262,2.9522
4,3.32244,0.679218
4,2.87402,0.1452
4,1.16879,2.96397
4,-1.02154,2.53864
4,2.38666,0.155093
4,2.65227,1.0714
4,1.04345,2.73294
4,-1.24539,2.6308
4,1.30863,2.62896
4,3.29213,0.0143129
4,-2.72714,0.25941
4,1.39037,2.57497
4,1.01286,-2.95383
4,-1.79755,2.18685
4,-2.7873,0.199738
4,-3.53688,-0.315501
4,3.61624,0.636453
4,2.88265,-0.320661
4,3.54586,-0.840734
4,3.31075,0.670073
4,3.1191,-0.127537
4,-1.26942,-3.01355
4,-1.75145,-2.21189
4,2.78485,0.849999
4,1.57052,-2.67796
4,1.91575,-2.551
4,-1.81483,-2.36142
4,-1.48724,-2.58687
4,2.88742,0.54023
4,1.43515,-2.19374
4,-3.00313,0.0245532
4,2.38579,0.219935
4,1.96507,-2.52541
4,1.55913,3.14987
4,-2.65007,0.0806202
4,-3.48151,0.302254
4,-2.86247,-0.41447
4,-1.58128,-2.82239
4,2.71819,-0.0979786
4,-3.06336,0.268555
4,0.913781,2.17499
4,2.97127,0.66414
4,-1.26086,-2.36671
4,-1.14892,-2.45543
4,3.30761,0.508472
4,-1.36309,-2.74966
4,1.64394,2.62789
4,2.90651,0.206052
4,-2.03603,2.38159
4,-1.3436,2.93155
4,2.97182,0.00530113
4,-2.68251,-0.378831
4,1.6397,3.31027
4,4.24327,0.128164
4,2.08922,0.0589585
4,3.22466,0.310006
4,-2.22627,-3.07644
4,-1.50531,2.01154
4,-0.836444,-1.97789
4,3.34403,0.312323
4,1.70541,2.28132
4,1.05389,2.55424
4,-1.00069,2.30309
4,2.37931,-0.150046
4,1.39737,-2.35327
4,1.50215,2.86743
4,2.73278,-0.108628
4,-1.42167,2.81589
4,-3.2097,0.00981095
4,3.62262,-1.18256
4,1.36432,-2.93567
4,-1.3234,2.36104
4,-1.44264,2.53243
4,-2.09081,-2.08202
4,1.74022,-2.4957
4,-1.24556,3.14731
4,2.97649,0.303634
4,2.46812,1.80832
4,-2.59612,0.693253
4,4.48811,0.123015
4,1.28033,2.60254
4,1.16159,2.35546
4,3.38561,0.152656
4,-2.71191,0.0336523
4,-1.56854,-2.28249
4,2.68145,-0.0106413
4,1.3925,-2.74465
4,3.57474,0.27039
4,-1.33255,3.05827
4,1.803,2.39122
4,3.67727,-0.639619
4,3.71266,-0.00688047
4,3.18539,-0.0998551
4,0.875645,-2.54216
4,-1.48413,-2.88089
4,1.6557,-1.9226
4,1.25377,2.69991
4,-3.04278,0.400631
4,-1.56509,2.95532
4,3.65969,0.377658
4,1.66167,-2.58389
4,2.09231,-0.527523
4,1.69464,-0.241421
4,3.67726,1.00334
4,1.60141,2.68466
4,3.37503,0.351272
4,-2.78711,0.220397
4,-1.28256,2.38397
4,1.69336,0.351765
4,1.91346,-2.76813
4,-1.86118,-3.0215
4,3.0886,-0.593298
4,1.36044,2.54236
4,-2.58471,-0.651238
4,-1.02402,-2.06871
4,1.73439,2.48971
4,2.17302,2.06654
4,2.7767,-0.189947
4,-1.5962,-2.49646
4,3.046,-0.600895
4,1.92561,-2.49566
4,2.91161,1.1925
4,3.06705,-0.320064
4,-1.55505,-2.82202
4,2.61695,-0.11874
4,1.90315,2.78769
4,1.17354,2.84883
4,-1.84529,-2.7163
4,-1.7793,2.41704
4,1.61965,-2.91196
4,2.88208,0.24497
4,2.52978,0.279222
4,-1.36853,2.56121
4,1.37773,-1.92191
4,-1.61929,2.67162
4,-1.64758,-2.43379
4,-1.59723,2.69996
4,-3.46365,-0.348421
4,-1.51294,2.75156
4,-1.45456,-2.83594
4,1.57559,-2.60548
4,-1.71014,2.6245
4,-2.69297,0.00451751
4,-2.92177,0.130006
4,2.66943,0.0970912
4,2.93267,-0.236212
4,-1.6341,-2.37217
4,1.5381,-2.70945
4,-2.88644,-0.0555059
4,3.9364,0.492759
4,1.67133,2.26535
4,-3.12822,0.122975
4,1.71789,-2.70817
4,-1.28272,2.55865
4,1.14981,2.98125
4,2.7528,-0.0547443
4,-0.888158,2.99326
4,-1.31153,2.98936
4,-3.21804,0.29534
4,2.61444,0.599665
4,-1.92625,2.46264
4,-3.5498,0.300511
4,-1.19093,-2.28542
4,3.27484,-0.0834231
4,1.26478,2.03138
4,-2.96997,0.0751801
4,3.74551,0.843989
4,3.43095,0.643117
4,3.25263,0.175392
4,3.19004,0.258001
4,-3.30217,-0.118876
4,3.23099,0.495828
4,2.76121,0.567452
4,-2.70762,0.227674
4,-1.24973,2.15588
4,3.23722,0.729154
4,2.8312,0.0422695
4,-1.75769,-2.76516
4,2.30555,0.241498
4,3.05854,0.412816
4,-1.38227,2.29838
4,-2.78296,0.075348
4,-1.78476,-2.48755
4,-1.55733,-3.1957
4,-2.01499,2.65453
4,-1.89049,-2.52885
4,1.27925,2.4364
4,-3.08183,0.204599
4,-1.49315,2.63009
4,2.89896,0.785415
4,2.99913,0.502619
4,-1.00259,3.07316
4,2.88753,0.553751
4,-1.86423,-3.14565
4,1.66728,-2.35556
4,-1.50389,-2.81331
4,3.35393,-0.35951
4,2.2256,-0.370187
4,3.05596,-0.799985
4,-1.68823,2.83267
4,3.04186,1.06516
4,-1.33547,2.62605
4,-0.794157,-2.87429
4,-1.76125,2.99618
4,1.37748,-2.84075
4,1.43008,-2.79064
4,2.80608,1.43836
4,3.6088,-1.35106
4,-2.65176,0.394107
4,-3.19575,-0.148156
4,2.96487,-0.744907
4,2.75091,-0.14332
4,1.44611,2.58076
4,-1.10151,-2.07284
4,2.56812,-0.0958346
4,3.21231,0.905625
4,2.88831,0.153191
4,2.84088,-0.344604
4,-3.11892,-0.684878
4,-2.90445,0.572829
4,1.75088,-2.91484
4,3.34385,0.0243611
4,1.56305,-2.55694
4,-1.37909,2.73757
4,-1.29596,2.4684
4,1.24076,-2.94927
4,1.30693,2.85448
4,-1.48776,3.02371
4,-2.66172,0.235878
4,3.70599,1.04094
4,3.2306,-0.358157
4,-3.45468,0.395886
4,1.83431,-2.7178
4,1.75315,2.68862
4,1.1915,-2.63161
4,3.39493,0.28234
4,3.22685,0.254029
4,-1.35083,-1.84579
4,-1.06835,-2.23807
4,-1.14485,2.99256
4,1.04043,2.16243
4,1.62856,2.64214
4,1.38486,2.84739
4,-1.7699,-2.9128
4,1.62178,2.69261
4,2.98037,0.138142
4,-0.857395,-2.62906
4,1.97067,2.96138
4,2.45431,-0.201329
4,2.70015,0.116097
4,1.04057,-2.62193
4,-2.75909,-0.375792
4,3.65311,0.946585
4,1.46658,-3.19589
4,-1.41052,2.57597
4,3.14453,-0.778467
4,2.71225,-0.466027
4,-1.54202,-2.69118
4,-1.97932,-3.07768
4,1.46667,2.3913
4,2.1317,-1.16925
4,1.59933,2.06906
4,-1.41961,-2.51928
4,1.27825,2.65656
4,1.29587,2.47697
4,2.00554,0.451837
4,-1.25289,-2.59621
4,-2.90424,-0.484793
4,1.75599,-2.01176
4,3.07738,-0.207744
4,2.75055,-0.63036
4,1.32198,-2.76699
4,2.70664,0.608252
4,-1.27339,-2.79855
4,3.39844,-0.167425
4,1.44079,3.39379
4,-2.58227,0.293241
4,2.76684,0.0716069
4,-2.61645,0.111517
4,1.71491,2.081
4,3.17226,0.213692
4,1.53576,-2.45796
4,1.31904,-2.84902
4,-1.41149,2.29838
4,-1.47349,2.21686
4,1.57118,-2.63685
4,1.53119,-3.18545
4,2.68701,0.50728
4,1.45596,-2.81883
4,2.70133,1.1473
4,-1.21168,3.31755
4,-1.15243,2.82468
4,1.13059,2.74997
4,-1.83078,2.06097
4,-1.52474,2.14909
4,3.5533,0.533598
4,2.41567,-0.391418
4,3.9392,0.984553
4,2.97136,0.414266
4,-1.81851,2.42805
4,1.98718,2.42316
4,0.960521,2.68955
4,2.16439,0.358372
4,2.88419,0.334319
4,2.81003,0.48305
4,1.10374,3.53625
4,-3.0093,-0.0347689
4,2.23008,-0.681447
4,1.42081,2.80234
4,2.70271,0.119026
4,3.01115,0.757181
4,2.61123,0.240112
4,1.70687,-2.58679
4,3.19552,0.262908
4,1.44456,-2.80101
4,-2.8486,-0.230631
4,2.90748,1.08935
4,1.56817,2.60023
4,-1.16587,2.65339
4,2.19236,1.18052
4,-3.25603,0.0326437
4,4.28338,0.555662
4,3.28785,-0.0522772
4,2.19251,0.163599
4,1.94755,2.66776
4,-1.98099,-3.36752
4,-3.16756,0.0602837
4,2.69557,0.0700632
4,-2.81754,0.295299
4,-0.625335,-2.86528
4,1.83709,2.46805
4,-2.943,0.30363
4,1.68586,2.4451
4,3.22003,0.61839
4,1.29749,2.83432
4,1.44776,3.01267
4,2.05593,2.79546
4,-3.22288,-0.255416
4,3.96707,0.653348
4,-1.44196,2.53557
4,-1.22167,-3.0352
4,-1.14971,2.46074
4,-1.60173,-2.06317
4,-1.80779,2.91591
4,-1.94209,2.23056
4,1.41422,3.03252
4,-3.05847,0.00823373
4,1.25866,-2.9122
4,3.17213,0.500614
4,-3.25929,-0.525995
4,1.71736,-3.13087
4,3.00354,-0.796539
4,-1.47512,-3.40548
4,3.05131,1.10971
4,-1.8958,2.43992
4,-1.00597,-2.64527
4,1.8189,2.37847
4,3.13789,0.401213
4,1.23828,3.08439
4,2.49165,0.0282867
4,3.08626,0.0273725
4,1.67811,2.35898
4,1.532,2.46818
4,-2.72728,0.0095359
4,3.33298,0.414566
4,-3.21593,0.363082
4,-1.73965,-2.78844
4,-1.49217,-2.07314
4,2.62102,-0.551881
4,1.68699,-2.95616
4,-1.11206,2.3964
4,1.57738,2.63946
4,-0.896979,-2.07148
4,-1.45104,3.06372
4,3.06294,0.548038
4,1.5326,-2.31363
4,3.7801,-0.325656
4,-1.78925,2.7301
4,1.37452,-2.54265
4,3.21821,-0.868331
4,3.09044,-0.846373
4,2.30334,-0.912874
4,-2.29184,0.104092
4,0.530494,2.96347
4,-3.18484,-0.216979
4,-2.03165,-2.37993
4,3.103,0.105913
4,-1.24428,-1.51667
4,-1.34668,2.7909
4,-3.49555,-0.0896583
4,-1.31237,-2.00854
4,-1.21506,2.47076
4,1.59877,2.38526
4,-1.72436,2.49888
4,-2.03084,-3.09834
4,1.4505,-2.7754
4,-1.25422,2.62325
4,1.28248,-1.96993
4,-1.19792,-2.69003
4,2.12129,0.642046
4,-1.42038,-2.78331
4,2.88407,0.960814
4,1.32266,-2.24028
4,3.513,0.64182
4,4.44081,0.10722
4,-3.39577,0.108139
4,2.29929,-0.000176315
4,3.27092,-0.0813149
4,1.57325,2.15131
4,-1.62026,2.51616
4,1.75396,-2.75982
4,1.4598,3.20265
4,-1.69782,3.10947
4,-1.68506,-2.45397
4,-1.31931,-2.45981
4,1.57,-2.95756
4,1.39446,3.37191
4,-1.60996,2.89692
4,2.52001,-0.466652
4,2.99764,-0.0163861
4,-1.04288,3.1039
4,-1.61385,-1.97295
4,2.36765,-0.0699163
4,-3.01004,0.350007
4,3.26636,-1.17141
4,-1.50371,2.35807
4,-2.00517,-2.2077
4,1.73995,2.58146
4,3.62392,-0.0488284
4,3.46939,0.202727
4,-3.15058,-0.109369
4,2.97099,-0.113903
4,-0.887699,-2.2729
4,1.40149,2.45516
4,1.53993,2.57154
4,-0.895268,-3.17585
4,1.56728,2.17513
4,1.50125,-2.68518
4,1.37092,2.20683
4,3.1696,-0.0154226
4,-1.37962,-2.60352
4,1.04448,2.76613
4,3.22679,0.341566
4,-1.71222,-2.21135
4,1.84054,-2.54706
4,3.20179,-0.400693
4,1.53613,-2.6018
4,4.18436,-0.978731
4,2.28502,-0.355797
4,-3.4118,0.188165
4,-3.20452,0.598743
4,-1.80796,-2.65743
4,2.22999,-0.223747
4,-2.92591,0.167923
4,-1.42237,2.22289
4,3.32178,0.586697
4,1.10755,-2.83448
4,1.74735,-2.8128
4,1.1469,-2.22851
4,1.78655,0.669934
4,1.15272,-2.6245
4,-1.36798,-2.04365
4,-2.8644,-0.0148563
4,3.11631,-0.272436
4,-2.68816,0.402995
4,0.754889,-2.43932
4,1.73765,3.01636
4,3.34946,-0.463117
4,-1.23721,2.51159
4,2.76383,0.70481
4,-3.08791,0.263941
4,-1.39218,-2.49422
4,1.15217,2.3093
4,3.99021,0.269123
4,-3.31461,-0.510008
4,1.42485,-2.4593
4,4.15685,-0.0787231
4,2.3777,0.00658541
4,3.23487,-0.0437745
4,-1.31106,2.63939
4,-1.46023,-2.80476
4,1.40789,-2.35084
4,2.27609,0.882558
4,1.62358,2.87569
4,3.23498,-0.579097
4,-1.71841,2.3833
4,1.51762,-2.763
4,2.94451,0.425425
4,-3.25473,0.286068
4,1.36596,-2.33184
4,1.0957,2.74722
4,2.17783,-0.679392
4,-1.51354,-1.95684
4,1.14855,-2.71602
4,-3.41262,0.0828833
4,2.88425,-0.120663
4,1.61517,-2.54252
4,2.91825,0.624164
4,3.56895,-1.34248
4,2.32821,0.125629
4,3.27375,0.533247
4,-2.20088,2.83662
4,3.23825,-0.21155
4,1.20038,2.17217
4,1.54775,2.60724
4,2.54821,-0.101836
4,2.7708,-0.103898
4,1.75039,2.95932
4,2.8407,1.0584
4,2.71784,0.144389
4,-1.00872,-2.31892
4,2.41752,0.214894
4,4.33912,-1.12943
4,1.4443,2.84012
4,1.15613,-2.70356
4,2.4906,0.799144
4,1.47515,-2.07129
4,1.58047,-2.67869
4,1.43255,2.75063
4,-1.46217,2.71228
4,4.0146,0.798149
4,-0.935654,-3.31992
4,2.91296,-0.628435
4,-1.59003,-3.22613
4,-1.43574,2.65283
4,-1.59411,2.23159
4,3.09491,0.288072
4,1.43218,2.70077
4,-3.38234,-0.17793
4,-0.827379,2.3946
4,-1.59563,3.13117
4,-3.08711,0.0260735
4,-1.08487,2.44392
4,-1.76242,2.68694
4,1.2941,-2.94559
4,2.61336,0.0226846
4,1.68028,-2.4349
4,-2.62485,0.228788
4,-1.49779,-2.25599
4,1.12313,-2.89007
4,2.24854,0.449084
4,3.31471,0.0580994
4,-1.2179,2.47411
4,1.64638,2.58138
4,-1.21676,2.99322
4,-1.28931,2.96389
4,1.57294,2.24774
4,-2.04671,-2.38307
4,-3.18046,0.161797
4,-3.22996,-0.217271
4,3.2165,-0.0838488
4,3.54388,-0.151333
4,1.32836,2.10728
4,3.08643,0.487817
4,-1.67925,-2.5563
4,1.31986,2.89827
4,2.56352,-1.08893
4,1.56992,2.36915
4,-2.807,-0.0855936
4,2.74783,-0.419445
4,2.85516,0.0409456
4,-3.03791,-0.295788
4,-1.05159,2.30788
4,1.39877,2.95731
4,1.66392,2.46607
4,-1.1243,-2.58743
4,3.12238,-0.730264
4,-1.63653,-2.43561
4,2.84711,0.315107
4,-2.66523,-0.0863747
4,-1.64885,-2.67241
4,1.55307,-2.25496
4,1.32965,-2.90415
4,1.3054,-2.47721
4,-2.11646,-3.15524
4,2.89886,0.327897
4,-3.07154,0.296217
4,1.57414,-2.51268
4,0.890996,-2.52743
4,1.43441,-2.6729
4,-1.28325,-2.87975
4,1.31345,-2.51634
4,-1.59367,-2.14339
4,-1.72407,2.49942
4,-1.36156,2.943
4,1.16663,2.45014
4,-2.75985,0.133899
4,2.01504,-0.847973
4,-1.521,-2.13334
4,1.6146,2.17732
4,-0.931841,-2.56112
4,3.09329,0.061913
4,-2.1947,3.18904
4,-1.53333,-2.12912
4,1.11701,-3.12476
4,-3.09548,-0.478714
4,1.46712,-2.24755
4,-1.24121,2.3078
4,-1.66755,-2.58442
4,3.46883,0.807328
4,3.78301,-1.37087
4,2.81934,-0.218869
4,2.52176,-0.652165
4,-2.84377,0.0508356
4,-1.59869,2.75184
4,2.52974,-0.674448
4,-1.87581,2.84552
4,-1.02641,-3.17893
4,3.95092,0.0910369
4,3.49146,-0.00357836
4,1.35779,-2.7293
4,1.23047,3.15348
4,2.77505,0.252864
4,1.44172,2.25079
4,3.70808,-0.561937
4,3.87614,-0.940298
4,2.63812,0.166881
4,1.62854,-3.16463
4,-2.94758,0.184496
4,-1.95515,2.87707
4,1.61375,-2.75439
4,2.29078,0.579123
4,1.29592,-2.28748
4,-1.78263,-2.53593
4,1.75125,-2.81015
4,1.4149,2.97278
4,2.97661,-1.08177
4,3.97073,0.602051
4,1.34339,2.69747
4,3.71789,0.279892
4,-3.55558,0.162945
4,-3.22457,-0.181295
4,-2.06744,1.97405
4,-1.4571,3.37705
4,2.01308,-0.566046
4,-1.43045,2.35406
4,-1.38335,2.57396
4,-1.88635,-3.0827
4,1.37291,2.55951
4,-2.92211,-0.248702
4,1.73435,2.96879
4,1.90451,0.0297723
4,2.22039,2.58955
4,1.11368,-2.31329
4,2.34063,-0.931643
4,-1.24109,-2.81816
4,1.42424,3.15968
4,2.16355,-0.318296
4,-2.89388,-0.352099
4,1.19008,2.88976
4,1.27598,-2.39983
4,0.745151,2.83802
4,-2.87192,0.515843
4,-1.18448,2.32501
4,1.34125,-2.90823
4,0.759174,2.76578
4,3.3535,0.0473947
4,1.33178,2.65206
4,3.09611,0.327562
4,1.11842,3.30132
4,3.66531,-0.0765295
4,-2.8153,0.200954
4,1.26947,-2.28773
4,1.51357,2.72681
4,3.61227,-0.0236331
4,-1.52266,2.80401
4,1.42545,-1.8083
4,3.19298,-0.360279
4,4.38331,1.28633
4,1.69185,0.607195
4,1.43761,2.7043
4,1.51945,3.08184
4,1.85535,-3.07308
4,-1.75507,3.16595
4,2.30127,-0.381661
4,2.72662,0.484897
4,1.52389,-2.15365
4,-3.54903,0.188584
4,-2.38628,-2.96816
4,0.978847,2.66893
4,1.32042,2.69373
4,-2.62915,-0.582879
4,-3.51992,0.0338495
4,2.10212,-1.58123
4,-1.7664,-2.56027
4,-1.92517,-2.41506
4,-1.90492,2.19355
4,-2.81402,0.0346307
4,-1.86047,2.91799
4,1.63611,2.87759
4,1.03688,-2.78326
4,3.7488,-1.62058
4,2.05055,-0.249328
4,1.06439,2.44602
4,1.35057,-3.18314
4,2.73314,0.422109
4,2.77057,-0.565731
4,-2.20599,2.65641
4,1.85313,-2.72526
4,-1.52498,3.28203
4,1.66924,2.78032
4,-1.63492,3.61374
4,3.30516,0.0471068
4,-1.07588,-3.38695
4,-2.45781,-0.563036
4,1.613,-2.97355
4,-2.5417,-0.371819
4,3.5695,0.556408
4,3.33161,-0.0434509
4,2.49537,0.67142
4,2.67609,0.171798
4,3.57877,-0.510818
4,-3.10553,0.0771299
4,-3.63064,-0.505072
4,-0.778524,-2.73755
4,2.76436,0.0970838
4,3.10002,0.151373
4,-1.787,2.01612
4,-1.698,-2.54096
4,-3.30039,-0.489742
4,1.59547,2.637
4,3.47039,0.621718
4,1.70744,-3.1876
4,-1.27058,-2.52889
4,-3.41003,0.0888998
4,2.88466,-0.633738
4,-1.6265,-2.78977
4,3.49116,0.436264
4,-1.79037,1.74544
4,1.19441,2.65054
4,-0.851368,2.73155
4,3.08079,0.390551
4,-1.87269,2.08624
4,2.90109,0.195356
4,-1.60556,2.97235
4,2.7159,-0.861804
4,1.34309,2.53208
4,1.834,2.92398
4,3.47341,-0.930702
4,2.66091,0.0308724
4,3.17213,-0.376934
4,-2.74555,0.220225
4,1.38242,2.96783
4,-1.1827,2.52222
4,-1.4795,-3.19559
4,-2.8632,0.566024
4,1.27305,-2.40623
4,3.48275,0.601554
4,3.026,-0.332996
4,2.94066,-0.705359
4,3.32622,0.787663
4,-1.40272,2.61191
4,3.81763,-0.171657
4,-2.97597,-0.314856
4,3.52574,0.172973
4,2.76122,-0.43709
4,3.05864,-0.168011
4,3.01426,0.0171998
4,-2.81012,0.157574
4,-1.74802,2.9115
4,2.5869,-0.493766
4,1.47961,-2.80489
4,1.51025,-1.95369
4,-1.37764,2.66497
4,-2.51342,0.302828
4,-1.31514,-3.02234
4,3.4823,-0.592673
4,1.14009,2.98278
4,-1.80276,2.2113
4,-1.19568,-3.23582
4,1.54769,-2.44569
4,-3.10889,-0.125954
4,-1.98839,-2.7357
4,-1.43537,2.4822
4,1.07005,-3.08637
4,-2.52729,0.0101979
4,1.55743,2.7616
4,1.54968,-2.46736
4,-1.60271,-2.80363
4,3.08729,-0.360098
4,1.40429,2.66115
4,-3.33275,-0.252366
4,2.6093,-0.6244
4,3.15803,1.14516
4,1.63486,2.44003
4,-1.45425,-2.90631
4,1.04457,-2.27093
4,3.03796,-0.177965
4,-1.72958,-2.90345
4,2.48809,0.071723
4,-1.68479,-3.23069
4,-3.464,-0.0978621
4,-1.6412,2.2982
4,1.19057,2.59387
4,-1.74758,2.33815
4,-3.1954,-0.0871576
4,2.64354,-0.627658
4,-3.06794,-0.160227
4,1.35489,-1.91267
4,2.89857,-0.552622
4,-1.55754,-2.47623
4,1.14962,-2.59177
4,-0.93519,2.2771
4,1.63336,2.45865
4,-3.02165,0.127252
4,1.56547,-2.33085
4,2.68,-0.384132
4,1.60145,2.29002
4,0.936031,-2.54634
4,-2.0262,-2.82441
4,2.09199,2.66484
4,-0.929133,-2.52291
4,1.75798,2.70613
4,-1.23074,-3.29189
4,2.71942,0.510193
4,-3.17363,-0.262917
4,-1.48209,2.67064
4,-2.79749,0.10655
4,1.53561,-2.31295
4,-1.98313,2.80238
4,-1.51692,-2.73997
4,1.65901,-2.53597
4,2.82985,-0.518083
4,-1.49599,2.2924
4,-1.9415,2.24375
4,2.24714,-2.54244
4,1.08244,-2.93208
4,4.03059,-0.0336599
4,-2.62148,-0.418083
4,3.47706,-0.164465
4,1.60142,-3.03694
4,1.65736,-2.8502
4,1.17759,2.38996
4,1.45574,2.60081
4,-3.11352,-0.0701529
4,1.03276,-2.88339
4,1.11682,-1.7824
4,-1.44661,2.81556
4,2.2169,-0.364196
4,1.09725,-2.55233
4,1.41262,-2.58944
4,1.49937,2.52018
4,3.60137,0.439445
4,2.77248,-0.261835
4,2.30131,0.347734
4,2.77179,-0.168635
4,-1.94886,3.07345
4,-2.08011,-2.72079
4,3.23852,-0.919546
4,1.06996,-2.148
4,-3.25404,0.513118
4,3.73879,0.450798
4,1.75612,2.88588
4,2.67435,1.00298
4,1.71075,2.16097
4,-1.10594,-2.43413
4,2.68088,0.521008
4,3.54819,0.119263
4,2.95292,-0.813955
4,1.523,2.48567
4,1.40737,-2.214
4,1.63581,-2.18989
4,1.84967,2.59786
4,2.52302,0.493217
4,2.65813,0.0396611
4,3.05184,-1.78407
4,1.04042,-2.29165
5,3.38624,0.0344238
5,1.77368,0.581454
5,-2.89323,-0.390647
5,2.12323,-0.774731
5,-1.23048,2.25567
5,-1.88114,-2.55573
5,1.82332,-2.63711
5,2.43792,-0.462527
5,-1.73179,-2.3432
5,3.31977,0.441778
5,1.84504,2.06332
5,-3.53839,0.136053
5,1.96153,-2.78642
5,1.20344,2.20338
5,3.61655,0.390117
5,-1.81398,2.58182
5,3.25986,0.260112
5,-1.97785,2.75624
5,1.45314,2.63031
5,-1.49246,2.43419
5,-1.28676,2.58222
5,1.70346,2.50279
5,-2.99137,-0.106187
5,3.15681,-0.584426
5,2.23739,0.255191
5,3.30345,0.673978
5,3.70648,-0.243664
5,2.75622,-0.421301
5,2.88138,0.728828
5,-3.27894,0.0811916
5,-2.53274,0.187561
5,1.53178,-2.51871
5,1.76608,2.40695
5,-1.11073,2.48151
5,-2.77243,-0.00469501
5,2.4391,-0.978882
5,1.6833,2.94657
5,3.54765,-1.0468
5,-1.65497,2.46896
5,3.17734,1.09841
5,2.80036,1.22943
5,2.70941,-0.278176
5,-1.2481,-2.86026
5,1.70919,-3.19035
5,-1.71074,-3.07478
5,-1.4759,2.35887
5,2.6918,-1.00093
5,1.28395,3.19123
5,-1.25803,2.42786
5,-1.70614,-2.36909
5,1.79711,-2.14828
5,1.18879,-2.74634
5,-3.43751,-0.335674
5,3.91561,-0.214947
5,-1.96976,-2.51921
5,3.02606,-0.430807
5,1.97989,2.85819
5,-1.41731,-2.28658
5,-1.77036,2.84345
5,1.21798,-2.72454
5,1.64844,2.33907
5,2.21352,2.82989
5,-2.93746,0.529622
5,-3.06834,-0.0201473
5,1.10143,-2.73579
5,2.89243,-0.247568
5,0.886377,2.63436
5,1.56123,2.52754
5,3.48532,-0.132619
5,2.73145,1.80349
5,3.39437,-0.283095
5,-1.46279,2.5146
5,1.54261,-2.52033
5,3.02803,0.415636
5,1.76228,2.30867
5,-2.10599,2.49198
5,2.59807,0.0927545
5,1.99636,0.835317
5,2.90445,0.0603051
5,-1.31626,-2.04854
5,-2.69639,-0.112752
5,1.42481,2.30344
5,1.47271,-3.3671
5,1.48607,-2.8027
5,2.41626,-0.712985
5,-1.75897,2.14286
5,1.51321,2.84814
5,-2.92519,0.175954
5,2.01699,2.791
5,3.02759,0.677849
5,1.72805,-2.21247
5,-1.61285,-2.29755
5,1.57404,2.82821
5,3.02752,0.367136
5,1.06646,-2.88779
5,1.40336,2.75097
5,-1.5941,2.81344
5,1.92743,0.60368
5,3.00941,-0.453445
5,3.88568,0.44935
5,-3.37953,-0.275823
5,2.67842,-0.181049
5,3.36367,0.771891
5,-1.24522,2.02849
5,-2.74896,0.34597
5,1.13522,-2.11966
5,-1.35956,-2.59705
5,2.96949,-0.457031
5,1.42597,-3.07886
5,-2.91688,-0.00652405
5,2.4581,0.411332
5,3.0506,-0.226643
5,2.85287,-0.0496887
5,-1.60409,-2.79479
5,2.04025,-2.44721
5,3.30892,-0.11731
5,1.98121,1.34899
5,-1.4417,-2.4101
5,-1.31777,2.70071
5,-1.3107,2.50741
5,-1.26766,2.81845
5,-3.10204,-0.562897
5,3.40379,1.31905
5,3.4729,-0.196416
5,3.60035,0.381435
5,1.25306,2.74659
5,-1.23716,3.1227
5,2.46457,0.242704
5,-3.26938,0.268544
5,1.66837,-2.39316
5,-1.4246,2.89696
5,-3.03264,-0.0176848
5,1.56836,-2.57647
5,1.33794,-2.82755
5,-2.85567,-0.0191993
5,-0.633194,1.94618
5,0.887207,-2.73983
5,-1.71513,-2.75874
5,-1.07579,2.58608
5,1.59336,3.1239
5,-1.59446,-2.37762
5,-1.96619,2.6567
5,3.44793,1.05126
5,3.30923,-0.512086
5,3.55533,-0.896748
5,2.61697,-0.145408
5,-1.77424,3.0681
5,3.97848,0.178085
5,1.57612,2.60076
5,2.80518,0.00748269
5,2.10507,0.353995
5,-3.06037,0.359674
5,-3.08242,0.34439
5,1.79677,-2.28654
5,-3.47922,-0.173355
5,-1.40138,-2.98244
5,-1.55998,-2.51086
5,-2.43936,-2.76118
5,2.88469,0.72959
5,1.58165,-2.29362
5,1.94297,-3.08974
5,2.97089,0.228197
5,1.16675,2.61901
5,3.32271,-0.0390446
5,1.57965,-2.49214
5,2.03881,-0.630259
5,3.55945,-0.0113519
5,4.06641,0.245245
5,-1.82204,2.66941
5,-1.70745,2.86328
5,2.73595,0.200775
5,2.83628,-0.263145
5,1.8722,2.85434
5,-1.51521,2.30844
5,-3.24349,-0.341603
5,2.47205,-0.491498
5,2.73762,-0.695151
5,-2.12296,2.51147
5,1.36306,-2.98417
5,1.61747,-2.58926
5,-1.59574,-2.77404
5,1.24569,2.85312
5,-1.74677,-2.15247
5,2.13873,-0.493583
5,3.42962,-0.593524
5,3.15477,0.779616
5,-3.1976,0.176483
5,-1.16876,-2.67786
5,-1.58212,-2.79477
5,-3.12744,0.334917
5,2.08344,-0.163849
5,-3.22047,0.337562
5,2.21852,0.276515
5,1.64592,-1.98613
5,-1.7492,-2.84736
5,4.1898,-0.79269
5,-3.05416,-0.0217115
5,1.83182,2.48002
5,3.6328,0.319443
5,1.72823,2.05896
5,-1.54561,2.91218
5,3.14642,-0.673705
5,3.23262,-0.351909
5,-1.55244,-2.97616
5,2.43374,0.249994
5,-2.84859,-0.036427
5,3.16915,-0.515088
5,-1.67745,2.45023
5,1.24308,2.76988
5,2.70939,-0.483047
5,-1.44795,-2.74342
5,3.58155,-0.286761
5,4.58675,0.416764
5,1.3815,-2.92757
5,-1.22386,-2.71184
5,2.7979,-0.218658
5,-2.8745,-0.658956
5,1.54461,-2.58024
5,-1.32095,2.58097
5,2.50739,-0.0179545
5,1.04765,2.80297
5,-1.60404,-2.17064
5,-1.35305,2.38825
5,-3.41811,0.111625
5,-2.67214,0.627112
5,2.06301,-2.54275
5,-1.41596,-2.68686
5,-1.41725,2.65303
5,1.47595,2.86992
5,1.02501,-2.60603
5,-1.43242,2.5682
5,1.91734,2.64435
5,3.7802,0.697368
5,1.96759,2.8507
5,1.53507,2.25399
5,2.15038,-0.476215
5,2.46319,0.394456
5,1.86244,2.81407
5,-1.33823,-2.18518
5,3.23013,-0.621189
5,-2.75877,-0.149449
5,-1.04802,2.57845
5,1.49939,-2.61712
5,3.38881,0.684609
5,1.08296,-2.2951
5,-1.01976,-2.52826
5,3.87269,-0.333288
5,2.42216,-0.251429
5,2.40293,-0.194388
5,2.89152,-0.858062
5,2.83845,0.114403
5,-1.21438,-2.59206
5,1.35679,-2.656
5,-2.7916,-0.304724
5,-1.87335,-2.78424
5,-1.85206,-2.70281
5,-1.77527,-2.99772
5,-3.60071,-0.142563
5,3.14519,0.571424
5,2.5188,-0.386728
5,-1.17059,2.55646
5,2.70725,0.250143
5,-1.3365,-2.57023
5,-1.46148,3.1176
5,1.31045,2.82815
5,2.00815,3.21016
5,3.93177,0.223264
5,-1.33489,2.23024
5,1.19696,2.7425
5,3.81253,0.58498
5,-1.95066,-2.55886
5,1.50273,-2.48412
5,1.58214,-2.46841
5,-1.86888,-2.38001
5,4.15209,-0.194617
5,-1.51605,-2.2605
5,3.37247,-0.44295
5,-3.12469,0.037139
5,3.1941,1.69968
5,-2.75649,0.187861
5,-3.67653,0.430591
5,-0.899019,-3.30076
5,3.33003,-0.00178888
5,-1.61084,2.49199
5,2.94322,1.19548
5,-2.76868,-0.13926
5,-3.58394,0.0451923
5,1.35328,2.29077
5,1.3938,2.7636
5,1.93007,0.180671
5,3.66926,-0.871414
5,2.92217,0.882079
5,2.49225,1.16485
5,-1.31492,-2.60029
5,2.13677,1.05476
5,2.63144,-0.339598
5,-1.07185,3.21072
5,3.19786,-0.566508
5,1.32608,2.76353
5,3.4137,-0.121537
5,1.77966,-0.753229
5,-3.04374,-0.0911273
5,2.28652,-0.891988
5,-1.1823,-2.13778
5,3.29395,0.0844928
5,-3.54968,0.0670884
5,-3.49616,-0.251903
5,3.42398,0.589919
5,2.95669,0.143818
5,1.61969,3.03522
5,1.13604,2.83332
5,-2.7384,-0.401336
5,-1.4201,-2.84604
5,-3.12835,-0.735829
5,1.36609,2.85619
5,3.95704,0.000997174
5,3.0452,0.854051
5,3.18216,1.51731
5,-1.67321,2.29261
5,-1.40478,2.71533
5,-3.42617,-0.304229
5,-3.3549,-0.410922
5,2.61859,-0.345521
5,1.52841,-2.64971
5,1.12975,-2.561
5,3.89827,-0.302348
5,2.86369,0.856129
5,-1.54815,-2.7624
5,-1.39453,-2.21789
5,2.95918,-0.278858
5,-1.46369,-2.51216
5,3.35056,-1.10876
5,2.06815,0.108251
5,-2.062,2.81202
5,-3.04837,-0.330557
5,2.29481,2.0412
5,-2.98424,-0.0877786
5,2.83404,0.384735
5,1.41349,-3.0926
5,3.74764,0.505754
5,2.25527,0.503617
5,2.29669,-1.1459
5,-3.46558,0.0382008
5,-2.97693,-0.156314
5,2.26681,-1.37115
5,1.26741,2.78655
5,-1.68538,2.22932
5,-1.69342,-2.9927
5,-1.3634,-2.63905
5,1.28424,-2.71504
5,1.95959,-2.41729
5,-1.17317,-2.36264
5,-1.56701,-2.78965
5,1.39676,2.68376
5,1.6757,2.70165
5,1.52747,2.78682
5,2.90108,0.321447
5,2.32085,-0.250771
5,2.42092,0.0249515
5,1.70148,-2.59202
5,2.49768,0.76605
5,0.980702,2.85967
5,-2.48517,-0.0735645
5,3.1529,-0.665231
5,-2.04243,-2.17933
5,1.42168,2.66962
5,-1.72636,-2.65599
5,-0.617549,-3.11908
5,1.15371,-2.74528
5,-2.94132,-0.140447
5,-1.2034,2.67137
5,-1.69672,2.50076
5,-1.53297,2.98474
5,1.66537,3.02372
5,-2.76693,0.103605
5,-1.46605,2.22144
5,2.94219,-1.44394
5,2.84374,0.0766993
5,-1.63639,2.43726
5,2.34826,0.711169
5,2.70984,0.527799
5,-1.56191,2.473
5,1.195,2.36403
5,2.20319,-0.238227
5,-3.21666,0.287344
5,1.09852,-2.76965
5,-1.6976,2.89369
5,2.73869,-0.0600191
5,3.01445,0.0943338
5,2.17023,0.202534
5,-2.72511,-0.23766
5,1.44592,-2.28975
5,2.98169,0.545552
5,3.04149,0.477499
5,-2.94238,0.436948
5,2.38086,0.621414
5,2.6997,0.316783
5,-1.291,2.66894
5,1.85978,-3.06168
5,2.02573,-0.873814
5,3.08321,0.512284
5,2.79135,-0.381408
5,2.90449,0.404951
5,-1.09631,1.98458
5,2.09938,-0.425952
5,2.61724,-0.214799
5,-1.70995,-2.91201
5,1.29815,-2.08903
5,-3.17446,0.0162583
5,3.34067,0.750224
5,2.75892,0.560582
5,-2.12013,2.18884
5,-1.75978,-2.65806
5,3.34006,-0.515714
5,-1.69801,-2.38253
5,-3.29046,-0.609027
5,2.46542,0.297174
5,2.60197,0.0702252
5,-1.51815,-2.39787
5,1.39633,2.45981
5,-1.81727,-2.73978
5,3.16703,0.40325
5,-1.56992,-2.81137
5,-1.61037,-2.49209
5,3.01756,0.422899
5,3.1292,-0.0473429
5,1.45571,-2.81934
5,3.10755,-0.111766
5,-2.76006,-0.0673598
5,-3.09931,-0.25047
5,-2.89231,-0.037833
5,1.10609,0.082744
5,-1.55849,2.60762
5,2.70659,0.048284
5,-2.01204,-3.35266
5,1.18414,2.4586
5,3.31586,-1.44852
5,2.77377,-0.434259
5,-1.3518,-3.21984
5,3.34694,0.423111
5,2.45659,-0.290344
5,1.33429,-2.28981
5,-1.60366,-2.16775
5,1.53995,-2.53114
5,1.90638,-1.14717
5,1.93433,-3.42722
5,3.21124,0.393055
5,1.17391,2.38789
5,-1.44762,2.66135
5,-1.91428,-2.87464
5,-2.96768,-0.338499
5,3.09927,0.1009
5,3.23837,-0.36157
5,1.82099,2.49821
5,2.49041,0.0494211
5,1.76564,-2.37167
5,-1.58539,-2.83424
5,-2.82909,0.0140779
5,2.07059,0.131128
5,1.82462,-2.50468
5,2.13113,-0.142361
5,3.41825,0.494692
5,-3.25013,-0.164993
5,3.12914,-0.475116
5,2.84151,0.693419
5,1.63438,2.32614
5,1.94623,2.04846
5,-3.00434,0.767473
5,3.27314,-0.0146718
5,1.93911,-2.44159
5,2.73977,0.0352815
5,1.47868,3.18232
5,-3.0095,-0.215289
5,2.66621,0.678078
5,2.63867,0.742226
5,2.65362,-0.53875
5,-1.78346,-1.86504
5,1.65613,-2.76725
5,1.34562,2.28686
5,-0.986991,-2.35566
5,1.22525,2.43352
5,1.98422,2.21371
5,1.20824,-2.34666
5,-2.98305,-0.176939
5,-1.03417,2.83531
5,2.80608,0.166763
5,1.51184,-2.77886
5,2.24102,0.184683
5,2.04893,-3.22631
5,0.861881,2.79519
5,2.98492,-0.447371
5,-2.62775,0.0960717
5,-1.96735,-2.76734
5,3.712,-0.0492353
5,1.7025,-2.24339
5,-1.48128,2.07675
5,2.86316,-0.238707
5,1.39383,2.65298
5,-1.7571,-2.77745
5,1.42239,-2.2681
5,2.6372,0.447819
5,-1.74805,-2.60128
5,1.88592,-2.21107
5,-1.33993,-2.00595
5,2.06639,0.417234
5,-2.87476,0.299173
5,3.85299,-0.24745
5,3.62305,0.0206521
5,1.7489,2.34746
5,3.55146,-0.048893
5,-1.48734,2.75915
5,-1.25881,-2.17613
5,-1.19202,2.35116
5,-1.44896,-2.23347
5,1.06304,-2.92922
5,3.02608,-0.93765
5,-3.53804,0.00169598
5,2.19434,-1.36349
5,1.94688,2.97746
5,-1.24628,-2.39224
5,1.81092,1.2333
5,2.48882,0.721525
5,3.21519,-0.0926148
5,-1.52559,-2.4898
5,3.4515,-0.0293583
5,-1.62445,-2.80374
5,3.13672,-0.0393498
5,2.15018,-2.40517
5,2.10993,-2.73449
5,3.16336,0.177034
5,-1.53098,2.28427
5,2.2452,0.515697
5,1.1022,2.5943
5,2.82585,0.566277
5,3.07521,-0.308732
5,-1.35145,-2.01391
5,1.19682,-2.33746
5,1.54185,-3.06464
5,-1.09317,2.45856
5,-2.9182,-0.345543
5,2.50665,0.0793095
5,2.97155,-0.172023
5,3.69482,-1.02061
5,-1.36307,2.70459
5,3.08372,-0.673995
5,2.07206,-0.654631
5,1.20304,2.31915
5,-1.16,2.74508
5,1.4216,-0.322218
5,1.53063,-2.39152
5,-2.93071,0.369275
5,-1.19705,2.41137
5,2.7821,-0.509203
5,1.31848,2.56349
5,3.05382,-0.377043
5,1.90177,-2.78908
5,1.35379,2.76775
5,1.50095,-2.74812
5,1.76709,2.67342
5,3.17016,1.12339
5,1.34951,2.8688
5,3.3929,0.0457164
5,-1.79474,-2.33215
5,3.12082,-0.350138
5,1.28923,2.80312
5,1.82251,2.69234
5,2.38291,0.300558
5,3.75194,0.274791
5,4.30973,0.412349
5,3.88233,0.655006
5,-2.76324,0.145769
5,3.62079,0.762825
5,-1.53374,2.86107
5,-1.23212,2.98899
5,2.98447,-1.38208
5,-1.5779,-3.13885
5,-1.99486,2.70609
5,-1.4127,2.24502
5,-2.63578,0.227273
5,3.05744,-0.414205
5,-1.64736,-2.71389
5,2.82563,-0.235871
5,-1.78246,2.59941
5,1.66993,2.7647
5,-1.82576,2.27461
5,1.89672,-0.585171
5,2.71633,0.324681
5,1.35407,-2.62368
5,-2.4004,-2.61014
5,1.3738,2.59164
5,-1.55645,-2.69001
5,2.62761,-0.128585
5,2.08495,0.283741
5,-3.53496,0.22733
5,2.78828,0.0767166
5,-1.42831,2.13558
5,-1.73398,-2.25402
5,-3.27241,-0.360186
5,-1.41079,-2.48357
5,1.39665,2.79971
5,-3.27178,-0.570579
5,-0.683179,-2.72181
5,1.3213,2.61198
5,1.35998,2.8558
5,2.05413,-0.818555
5,-1.24134,-2.94901
5,-0.781001,2.51611
5,1.78451,-2.69708
5,1.553,-2.7046
5,-1.6748,2.4132
5,-2.92078,-0.0327383
5,1.22217,-2.53229
5,1.59274,2.80382
5,2.68787,0.602434
5,-1.57286,3.39967
5,1.64163,2.26628
5,2.84745,-0.209908
5,2.44282,0.236466
5,2.82493,0.561054
5,-0.949922,-2.31479
5,2.82057,-0.0693925
5,3.6303,0.183794
5,-1.41539,-2.90744
5,-1.42498,2.47706
5,2.95397,0.0210781
5,3.17204,1.0158
5,1.31952,1.99941
5,-1.34224,2.53208
5,1.16193,2.58122
5,-1.11576,2.61378
5,-3.2983,0.0283372
5,1.83039,0.0694012
5,-1.45236,-2.76992
5,3.56111,0.438061
5,3.3762,0.109557
5,3.59107,-0.247409
5,2.93379,-0.0598353
5,1.4885,-2.86377
5,1.52431,-3.07135
5,1.25763,-2.03949
5,-2.03297,2.44678
5,4.39816,-0.14731
5,-2.99267,0.0565825
5,3.73131,0.145773
5,-1.20351,-2.52691
5,1.32579,2.83453
5,-1.32521,2.8721
5,2.85105,-0.0146126
5,1.84729,2.91002
5,2.17657,0.190403
5,2.81631,0.809189
5,2.92632,0.279979
5,3.33495,-1.17422
5,3.8992,-0.433464
5,2.78622,-0.373805
5,0.875481,-2.58099
5,2.82164,0.52548
5,-1.48291,3.10384
5,-2.836,-0.00840405
5,-0.987433,2.75832
5,-0.989861,2.77311
5,1.67507,-2.48665
5,-1.97218,-2.34475
5,-3.26048,0.58136
5,3.09785,0.773711
5,3.78012,-0.102906
5,2.8794,0.616441
5,-1.35713,2.47813
5,-3.25016,-0.210343
5,-1.9074,-2.10835
5,3.72719,0.151993
5,-2.70257,0.385791
5,1.17477,-3.05522
5,3.27362,-0.671692
5,-1.75178,-2.35552
5,2.32661,-0.569877
5,0.983711,-2.68331
5,4.00382,-0.133864
5,2.71121,-0.031834
5,-1.64109,2.57207
5,4.12548,0.457208
5,2.30409,-0.472499
5,1.26823,2.33691
5,3.45692,0.713723
5,1.43899,2.61424
5,-1.53763,2.7124
5,-2.72538,0.409456
5,-3.28447,-0.780634
5,2.65553,0.24237
5,3.8165,0.600528
5,1.13091,-2.13908
5,2.51245,0.355831
5,-1.36649,-2.58047
5,-1.63968,2.79614
5,1.87101,-0.915269
5,3.95342,0.134454
5,1.19977,-3.04644
5,3.69246,0.170874
5,-1.389,-2.56572
5,-1.75484,3.05186
5,1.92173,-2.4014
5,1.88572,-2.26174
5,1.66265,2.1573
5,1.56019,-2.61014
5,2.46324,0.216292
5,1.31352,-2.67738
5,2.74399,-0.458215
5,2.70959,-0.491414
5,-0.968713,-2.57258
5,1.35424,-2.92386
5,2.83992,0.393907
5,3.61111,-0.537642
5,-1.8085,-2.8462
5,-1.26893,2.9176
5,3.23946,0.160569
5,3.02153,-0.0911248
5,-2.67786,-0.0393234
5,2.49607,0.483241
5,-3.41759,-0.23658
5,1.36271,-3.00527
5,-1.98945,2.71148
5,-3.86459,0.0408564
5,3.2266,0.215688
5,1.47748,-2.49009
5,1.96633,0.323286
5,1.37757,-2.82125
5,-1.84946,2.34486
5,1.72865,-2.88606
5,3.85427,-1.27342
5,1.76217,2.41219
5,2.01022,-2.21225
5,2.01429,-0.459997
5,-1.09898,2.44729
5,-1.54305,-2.12523
5,3.0446,-0.48202
5,3.78276,0.792575
5,-1.75546,2.99267
5,-1.24202,-2.47978
5,-1.16931,2.87055
5,-1.52084,-2.90707
5,3.00325,-0.135494
5,2.43497,-1.10226
5,2.92546,0.455488
5,3.14951,-0.354163
5,-3.36105,-0.636831
5,2.48606,0.376984
5,3.33152,-0.600816
5,1.93084,-2.66947
5,3.74355,0.703996
5,-3.15057,-0.0318767
5,4.22388,-1.0456
5,3.02937,0.601449
5,-1.7754,2.8459
5,1.56664,2.38068
5,2.61679,-0.268626
5,1.07546,2.34349
5,-1.6196,2.21993
5,3.48681,0.667917
5,2.79971,-0.293738
5,-1.13233,3.28707
5,-1.09091,2.60095
5,2.7573,-0.864959
5,-1.38048,2.47633
5,-1.02875,-2.4292
5,2.57543,0.270917
5,-1.62587,2.4031
5,-1.00981,-2.52436
5,2.4062,0.634818
5,2.78857,0.496233
5,-1.47816,-2.22061
5,-1.13858,2.75522
5,-3.12713,0.475052
5,3.52722,0.680188
5,1.2795,-2.89246
5,-2.00746,-1.95253
5,1.3841,2.80771
5,3.79359,0.509315
5,1.08911,-2.23448
5,2.62714,0.0372034
5,1.37077,-2.83577
5,-2.6935,-0.201637
5,1.97637,2.81348
5,1.93644,-0.0603603
5,1.44122,-2.54972
5,1.8242,-2.72102
5,-1.3795,2.73024
5,-1.69737,-2.57006
5,1.69002,2.3222
5,-2.8485,-0.10143
5,1.83961,2.59262
5,2.74883,0.742584
5,3.69151,-0.963663
5,1.71427,-2.49294
5,2.86339,-0.737316
5,3.28736,-0.708042
5,1.45501,-2.87884
5,3.08209,0.246464
5,2.48828,0.808897
5,-1.80658,2.86402
5,-1.54653,-2.61552
5,-1.08937,-2.8465
5,-1.39889,-2.83705
5,-2.90094,0.184962
5,1.64112,2.59678
5,2.45553,-0.0626625
5,2.367,0.0262428
5,2.51228,-0.0709366
5,-3.35129,-0.165748
5,3.49753,-0.115107
5,3.00919,-0.698656
5,1.67757,-2.80151
5,2.10546,2.46899
5,1.01186,-2.31914
5,-1.26413,-3.11119
5,-1.18435,2.14074
5,1.55397,-2.5231
5,1.58265,-2.63324
5,1.41298,2.62311
5,-1.71582,-2.5861
5,-1.12394,-2.76465
5,-1.13924,-2.29165
5,1.2115,-2.71925
5,4.04988,0.832967
5,2.73921,-0.0504256
5,-1.50947,-2.84449
5,-1.51431,2.45448
5,2.42096,0.0802713
5,-3.06618,-0.159299
5,3.23515,0.66441
5,-2.17635,-0.200978
5,-1.69488,-2.22095
5,-3.32493,-0.513983
5,2.78251,-0.0509513
5,-3.55544,0.21912
5,1.71714,2.3333
5,2.23233,0.180797
5,1.56268,2.59502
5,3.13529,0.878513
5,-1.56576,-2.5802
5,-1.27377,-2.46946
5,1.82506,0.159467
5,1.40839,-2.47817
5,-0.981279,-2.64756
5,2.19112,-0.357418
5,1.47013,-3.0594
5,2.4758,-0.132754
5,1.23809,2.6152
5,-1.49254,-1.93717
5,1.9484,0.450038
5,-1.7963,2.75531
5,3.82488,-0.632071
5,-0.983418,2.363
5,3.99227,0.263719
5,1.34824,2.57211
5,-1.38784,-2.32376
5,-2.54449,-0.416917
5,-1.37109,-2.8808
5,3.32367,-0.383503
5,1.41633,-2.65208
5,4.15098,0.18214
5,-0.816723,-2.23298
5,-1.65275,2.53982
5,3.84356,-0.77311
5,3.41145,0.0456558
5,3.58337,-1.50188
5,1.91875,-0.621021
5,2.67023,-0.592396
5,3.28066,0.548238
5,3.77327,0.971365
5,2.50263,0.605833
5,-1.87953,2.87711
5,1.42267,-2.80938
5,-2.91798,-0.219766
5,3.64523,-0.201376
5,1.55874,-1.96935
5,-1.59104,-2.4924
5,1.98534,-0.352433
5,4.1547,-0.250944
5,2.97158,-0.975437
5,3.64488,-0.72092
5,2.30218,-0.6164
5,-1.93476,-2.19848
5,2.56224,-0.0479479
5,2.56154,-0.800326
5,3.58691,-0.111531
5,1.45873,-2.6385
5,2.14333,0.229838
5,1.27034,3.27998
5,4.25755,0.825622
5,2.4046,0.940754
5,1.93187,0.299665
5,-1.38226,1.72189
5,2.94875,0.455808
5,1.31059,2.00439
5,1.65819,2.05817
5,-1.48639,-2.50592
5,-2.06766,2.70002
5,-3.18274,0.153708
5,-1.32773,-2.43253
5,-2.67812,0.165327
5,1.45365,-2.62767
5,1.92746,-2.69871
5,3.40901,0.401937
5,-1.27471,2.40555
5,-1.64787,-2.4613
5,-1.33733,-2.50064
5,-1.3205,-2.34282
5,-3.29067,-0.145823
5,2.67636,-0.218876
5,1.97703,0.150735
5,-1.00528,-3.13576
5,1.50106,-2.69615
5,2.04547,-2.70083
5,3.08229,-0.997143
5,1.43013,-2.71472
5,3.68274,0.381127
5,1.23354,-2.96082
5,-1.70017,-3.30404
5,-3.16409,0.213429
5,2.98421,-0.589
5,1.26862,-2.6914
5,3.50744,-0.42221
5,3.07679,0.659521
5,-2.89776,0.0549716
5,1.45647,-2.70414
5,3.07196,0.275751
5,1.61913,-2.67257
5,1.45561,-2.39819
5,2.41131,-0.352825
5,-1.73456,2.59613
5,2.1932,0.695217
5,1.87077,2.29051
5,1.49916,-2.49629
5,-1.47264,-2.53206
5,1.78741,-3.00363
5,-1.42826,2.58151
5,-3.06498,-0.215213
5,2.95524,0.316982
5,-2.03133,-2.50037
5,-0.947495,2.31497
5,2.21585,-0.390497
5,-1.09317,-2.39567
5,2.95738,0.0413932
5,-1.93803,-2.73613
5,-1.09187,2.55993
5,1.26686,-3.12176
5,-1.38809,2.33521
5,3.2299,0.556792
5,1.56047,2.66031
5,1.40444,-2.87384
5,-1.31212,-2.46817
5,-1.48273,-2.37177
5,3.01959,0.130467
5,1.78835,-2.3948
5,1.66235,-2.04621
5,1.06908,2.99468
5,1.20817,2.46799
5,1.38833,-3.17984
5,1.33184,2.71479
5,1.48214,-2.64964
5,-3.76449,-0.113795
5,2.45395,-0.79429
5,1.46926,-2.59165
5,3.20768,0.387064
5,3.56794,-0.624653
5,4.92462,-0.00963575
5,1.95437,-2.77126
5,1.68012,2.88582
5,-1.61573,-2.3332
5,2.73759,-0.500829
5,2.34313,0.210743
5,1.53158,2.05003
5,3.58252,0.497524
5,1.89301,2.70457
5,2.58,-0.509769
5,-1.71533,2.72405
5,2.65063,0.0542259
5,1.32689,2.5953
5,3.01371,-0.383036
5,-3.30777,-0.146069
5,-3.21103,-0.264047
5,-1.23828,-2.43536
5,3.37861,0.139579
5,3.87192,0.312802
5,2.86104,-0.68775
5,-1.3235,2.3511
5,1.71305,-1.17489
5,-1.50493,-2.44747
5,2.61721,-0.0709587
5,-1.22318,-2.64451
5,2.99795,-0.620391
5,-1.56855,2.53107
5,-2.81182,-0.0732538
5,1.51861,-2.56048
5,3.74359,0.661952
5,2.66178,0.452709
5,2.97762,0.237728
5,2.29152,-0.34375
5,3.42718,0.585984
5,-3.20303,0.192846
5,3.31582,-1.75832
5,3.61128,-0.236436
5,2.32921,-0.583677
5,1.70381,-2.87607
5,1.63472,-2.42028
5,1.73618,2.14039
5,1.28974,2.97496
5,2.9902,-0.0486381
5,3.70423,0.756629
5,-2.83219,-0.213412
5,3.87827,0.476148
5,2.71291,-0.992599
5,1.54238,2.84527
5,2.94032,0.722696
5,2.52355,0.111517
5,-1.2944,2.87675
5,3.32501,0.807966
5,2.56193,-0.188452
5,1.17692,-3.16959
5,-3.05023,0.077419
5,1.19249,-2.56445
5,-2.89966,0.210556
5,2.74618,0.43576
5,1.41411,2.86745
5,2.19881,0.807708
5,3.03884,0.361128
5,-1.84558,-3.00181
5,-1.22487,2.81949
5,1.40891,-2.48296
5,1.92011,2.74305
5,-0.866239,2.48824
5,2.53812,-0.30211
5,-1.23202,-2.8336
5,-1.66821,-2.65306
5,1.98746,-2.56541
5,1.25053,-2.63573
5,3.34216,-0.01245
5,-3.01147,0.036708
5,-1.70115,2.4855
5,-1.69302,3.10048
5,1.55925,2.75706
5,-1.88019,-2.81132
5,1.45669,-2.5772
5,1.60111,2.6355
5,-1.50525,2.48296
5,-1.52227,-2.30679
5,1.41351,2.83675
5,3.35031,-0.0941013
5,-2.87144,0.579685
5,1.84842,2.12902
5,3.29248,-0.417727
5,1.1026,-2.97161
5,-0.986841,1.92773
5,3.98033,0.775441
5,3.01197,-0.155229
5,1.48653,1.82488
5,-3.33722,-0.478199
5,-1.91247,1.95354
5,2.83324,0.669193
5,-1.42892,2.34173
5,2.47634,-0.00528491
5,2.87114,1.04053
5,3.017,-0.44896
5,-3.06217,-0.102247
5,-1.81414,2.87811
5,2.91476,-0.00368673
5,1.66033,-3.01469
5,-1.98261,-2.92271
5,-3.02047,0.453733
5,0.987779,2.17898
5,-2.98399,-0.266959
5,1.28363,2.31541
5,1.85297,-2.93295
5,-1.16166,-2.83062
5,-1.27209,2.50528
5,3.67322,0.377225
5,3.16103,0.300781
5,1.27977,-2.41084
5,2.68051,0.401315
5,-2.99006,-0.209706
5,3.5157,0.446591
5,2.23264,-0.532767
5,3.12858,0.401954
5,3.58671,0.156732
5,2.80155,-0.801467
5,-1.35498,2.45152
5,1.99074,2.36347
5,4.49857,0.266028
5,3.37489,0.500722
5,2.09891,0.646168
5,2.3251,-0.600198
5,3.51608,-0.331297
5,-1.41993,-2.56918
5,1.29238,2.50235
5,-1.37488,2.75567
5,1.41121,-2.00585
5,3.89876,-0.0500784
5,-1.28736,-3.04226
5,3.90504,0.273729
5,1.74752,3.14332
5,-1.54101,-2.5921
5,3.03816,-0.0993461
5,2.86404,-0.202116
5,-1.42453,-2.80801
5,3.40308,0.399011
5,3.49467,-0.742212
5,-1.53204,2.59759
5,-1.13598,2.14279
5,-2.97731,0.285934
5,-3.20086,0.323154
5,3.49558,-0.48433
5,-1.09052,3.10714
5,-3.07811,0.191896
5,-1.6236,2.71837
5,-1.28736,2.81492
5,2.38538,0.883461
5,2.26363,-3.04467
5,-3.84475,0.22478
5,-1.87638,-1.94368
5,2.71094,-1.3838
5,2.64184,0.0982935
5,-1.47473,2.42181
5,3.1399,0.187835
5,1.81593,2.21659
5,1.51806,2.72774
5,2.31957,2.71113
5,3.01641,-0.53763
5,2.1104,2.91837
5,2.85051,0.255857
5,1.89653,-0.288936
5,3.44599,0.877802
5,1.94308,-0.088304
5,2.49511,0.0903518
5,1.36305,2.68402
5,3.31508,0.867259
5,2.85342,0.717213
5,4.13769,-0.201735
5,-1.49806,2.67799
5,1.86721,-2.7577
5,4.00491,0.786549
5,-1.84992,2.67397
5,-1.50974,2.9667
5,-1.43597,2.01485
5,-1.14993,2.31256
5,2.40253,0.527712
5,3.01266,0.738125
5,-2.81141,0.0582473
5,3.39159,-0.648572
5,-1.26572,2.54201
5,-1.36276,-2.79481
5,2.46192,1.51449
5,1.35299,2.2125
5,1.46497,-3.0692
5,-2.93258,-0.0905854
5,-3.09512,0.368054
5,1.43898,2.99295
5,3.06783,0.252912
5,1.54834,-2.4786
5,-1.42548,-2.41013
5,-1.60852,-2.40768
5,-1.16281,3.00692
5,3.13995,-0.825807
5,-1.49366,2.31647
5,1.43733,2.76078
5,4.62757,-0.486957
5,3.52735,-0.393769
5,3.30058,-0.613089
5,3.22868,-0.182618
5,3.4241,-0.0203497
5,1.12838,2.50154
5,-1.40326,-3.02806
5,-1.67451,-2.5874
5,3.43171,0.489369
5,-0.806616,2.71328
5,3.98946,-0.964693
5,-2.02614,-2.25975
5,3.45463,-0.158695
5,-1.5206,3.02539
5,1.74365,2.65246
5,2.87063,-0.277597
5,1.97701,0.406412
5,1.56102,2.23444
5,2.40596,0.855618
5,2.42806,0.26519
5,1.28313,2.73828
5,-1.18186,2.80433
5,3.40552,0.260141
5,1.10748,2.81547
5,1.37567,2.37664
5,1.54273,2.35397
5,-2.69833,-0.0652775
5,2.57881,0.274991
5,2.75227,-0.191853
5,2.22415,-0.469583
5,2.45651,-0.162223
5,-1.32794,2.39519
5,1.38981,2.40461
5,1.50034,-3.08558
5,-1.12826,-2.5711
5,-1.39746,-2.41236
5,-1.41115,2.98496
5,-1.35191,2.55733
5,2.43864,-0.611494
5,-3.31431,-0.238107
5,-1.69772,2.21639
5,2.83391,-0.11139
5,1.59573,2.73597
5,2.22968,0.42635
5,1.8248,-2.33366
5,1.94969,2.71663
5,1.60635,-2.62842
5,-3.32846,0.0793028
5,1.48578,2.448
5,2.96327,-1.00509
5,2.78822,0.165276
5,0.767835,2.42368
5,-3.26517,-0.300505
5,1.89072,2.15834
5,1.59575,2.54189
5,-3.08384,-0.212841
5,-2.85213,0.13332
5,2.25829,0.581996
5,0.888761,-2.66613
5,3.39533,0.278064
5,2.7646,0.519566
5,-2.93674,-0.0467735
5,1.93144,-0.485843
5,-3.14415,-0.172672
5,1.89946,-2.19839
5,1.84542,3.2025
5,-2.62366,-0.300797
5,2.95577,0.677653
5,3.54196,-0.368167
5,-2.76236,-0.201482
5,3.7935,-0.585394
5,-1.01922,2.29026
5,-1.69087,-2.35373
5,2.37538,-2.34267
5,2.86625,0.861684
5,3.87226,-0.379501
5,1.46426,2.77198
5,1.36144,2.56462
5,-2.87338,0.41153
5,2.59745,-1.03699
5,1.62219,-2.52572
5,-1.25525,-2.43991
5,-1.44189,-2.65751
5,-1.56265,2.3591
5,-1.6767,3.10955
5,-1.26882,2.46659
5,-3.14648,0.0187541
5,3.39554,0.246707
5,2.63389,0.81502
5,-1.77982,2.21962
5,1.71409,-2.59044
5,-3.02611,0.45011
5,1.56763,-0.317291
5,-3.04755,0.0422184
5,-1.9415,-2.89822
5,4.04709,0.556029
5,-1.52374,-2.48065
5,-1.24346,1.68661
5,3.36182,-0.48996
5,3.11496,0.455033
5,2.82217,0.390497
5,1.62232,-2.12546
5,-1.65397,-3.02746
5,-1.10063,2.58849
5,3.01218,0.767227
5,-3.3184,-0.705365
5,2.57925,0.0306296
5,2.07657,-2.29426
5,1.90421,2.43695
5,-1.96644,2.76733
5,-1.40383,2.53073
5,1.50125,-2.83458
5,-0.757882,2.77444
5,-0.946129,2.89862
5,-1.74393,-2.56433
5,1.79505,-2.70367
5,-1.23945,-2.76168
5,1.28624,-2.78871
5,3.38639,-0.610485
5,1.34542,-2.60189
5,3.50715,-0.191878
5,5.00354,0.929477
5,1.54495,2.99836
5,0.954359,-2.4608
5,-1.56692,2.62491
5,1.547,-2.39974
5,-3.37568,0.290033
5,2.23833,-2.76849
5,1.14587,2.4548
5,3.17683,-0.469257
5,2.73389,0.727652
5,0.837725,-3.06353
5,-3.25583,0.347787
5,1.11611,-2.11082
5,-1.26147,2.56483
5,2.55595,-0.186977
5,1.63722,3.09428
5,2.9422,-0.499535
5,3.08506,-0.298879
5,3.05702,1.03045
5,1.72023,2.66715
5,3.62397,0.436807
5,3.03165,0.536051
5,-3.0179,0.22611
5,1.56394,-2.47018
5,1.52636,2.44019
5,-1.74777,-2.59513
5,3.12745,-1.03981
5,2.25951,2.9139
5,2.885,-1.33447
5,1.81385,-1.98328
5,-2.92975,-0.350577
5,-3.15465,-0.353626
5,-1.64103,-2.65296
5,-1.26285,-2.55633
5,3.52573,-0.437735
5,3.05615,0.181863
5,2.58436,-0.876864
5,-1.50028,2.2493
5,-1.90482,-2.42589
5,3.01156,-0.301123
5,-3.07293,-0.324692
5,-1.5758,-2.65137
5,3.64313,-0.258312
5,1.43658,-2.7339
5,1.73393,-2.61191
5,-1.25968,2.19898
5,-1.55233,-2.77296
5,-1.67225,2.60514
5,2.49599,0.210592
5,1.00978,2.63708
5,-2.22126,2.97797
5,-1.50077,-2.5204
5,2.10004,0.57499
5,-1.27273,2.6018
5,1.7482,-2.61111
5,0.951029,2.11914
5,-2.93818,-0.193868
5,1.75948,2.68043
5,-1.65293,-2.14488
5,1.78588,2.88366
5,-1.36463,2.72758
5,-1.34474,2.48713
5,1.67998,-2.81766
5,2.65073,0.977718
5,-1.6367,3.63913
5,1.94329,2.79661
5,-1.63882,2.86206
5,-3.08434,-0.164999
5,1.36607,-3.23089
5,1.09242,-2.80294
5,1.34011,3.12827
5,1.34139,-2.35926
5,2.59543,-0.337418
5,-1.34719,-2.59729
5,1.42153,2.70847
5,-2.85656,0.334287
5,3.75162,0.624817
5,1.52022,2.89481
5,-1.19444,2.59919
5,3.4995,-0.981579
5,1.78779,-2.59049
5,1.46779,-2.75313
5,2.9921,1.31658
5,2.04876,1.93495
5,2.33352,0.283449
5,-1.40296,3.29719
5,-1.22802,2.38402
5,1.41692,-2.40054
5,-1.41327,-2.60882
5,-1.56027,-2.56318
5,1.89336,2.83814
5,3.09447,0.168597
5,-1.5811,-2.60138
5,3.31838,0.167617
5,3.69528,-0.383654
5,1.45307,2.61507
5,3.49842,0.00306546
5,3.02413,-0.153465
5,-1.20783,2.35255
5,-3.05658,-0.201221
5,1.61518,2.71924
5,3.3562,1.08349
5,-1.1196,-2.7969
5,3.02184,0.138421
5,-1.57618,2.5046
5,1.52286,2.93564
5,1.72706,3.13364
5,2.75682,0.200259
5,-1.53965,2.3959
5,-1.81607,2.61759
5,-2.7668,0.138746
5,-2.8062,0.127726
5,1.34354,-2.80003
5,-2.97577,-0.133981
5,-3.51473,-0.325936
5,-3.03609,0.15413
5,1.2128,-2.49454
5,1.45713,-2.43397
5,2.9759,0.0582421
5,1.93213,-2.71231
5,-1.13844,-2.36734
5,2.83998,-0.281851
5,-3.05003,-0.0128699
5,1.25245,2.49125
5,1.91248,-2.80989
5,1.52475,-2.64737
5,-1.80222,2.80639
5,1.44805,2.61061
5,2.55454,0.0460291
5,-2.86489,-0.126517
5,-1.33511,2.81716
5,3.10252,0.887196
5,1.41894,2.54691
5,-1.59149,2.17259
5,3.38858,0.175928
5,-2.91248,-0.0821301
5,3.1402,-0.125047
5,-1.49842,-3.09519
5,1.47324,-2.64723
5,-1.58502,-2.55032
5,-1.53241,2.54727
5,1.04686,2.1463
5,-1.17026,2.90453
5,3.25894,-0.17289
5,3.59933,-0.179527
5,2.97782,-0.279996
5,-1.76043,2.48356
5,-1.67656,1.91023
5,1.31109,2.48649
5,3.42339,1.08998
5,3.03703,0.458239
5,-3.01553,0.533997
5,3.59615,-0.171234
5,2.3735,-0.264927
5,-1.6167,-2.60071
5,-3.29214,0.0221393
5,-1.19083,-3.077
5,1.93334,0.116644
5,1.46097,-2.49346
5,3.48764,0.0185218
5,-3.14204,0.103171
5,1.18646,-2.60807
5,2.00884,-0.186292
5,1.9827,2.39667
5,2.56414,-0.545207
5,1.89525,-0.65656
5,3.23657,0.75675
5,2.93851,-0.935467
5,1.38595,-2.94807
5,3.04663,-0.34811
5,-3.08176,0.0235451
5,-1.49625,2.20012
5,3.77258,-0.0609501
5,2.08452,-2.87888
5,1.76523,2.43481
5,3.45883,0.181852
5,-1.5773,-2.28845
5,2.98076,-0.951568
5,3.35707,0.160293
5,2.85083,-1.19554
5,-1.59014,-2.72081
5,-1.0768,-2.76283
5,3.13789,-0.191371
5,3.39545,0.590091
5,3.46959,0.0310391
5,1.62123,2.70447
5,-1.46081,2.17974
5,-2.15882,-2.29479
5,1.58991,-2.8042
5,-1.48293,-2.75401
5,-2.78828,0.795918
5,-1.21761,-2.7206
5,-1.96103,-2.7991
5,1.6493,-3.15243
5,3.0278,1.12846
5,2.73101,0.0232306
5,1.29513,2.76166
5,-1.71702,2.8027
5,2.64053,0.785215
5,1.33205,-2.18429
5,1.35326,3.35521
5,3.59747,-0.811446
5,1.46551,-2.89192
5,-3.06399,0.167271
5,1.69183,-2.66812
5,2.38248,0.481893
5,2.74264,1.06537
5,2.41984,-0.368366
5,1.78139,-2.2938
5,1.74827,-3.2173
5,-3.37163,-0.347037
5,3.26359,-0.852508
5,-1.79045,2.64745
5,2.67102,0.121704
5,-2.08937,2.55631
6,1.11363,-0.6044
6,1.93379,-0.308309
6,-2.75634,-0.0145444
6,3.16186,-1.35233
6,-2.70944,-0.0703283
6,1.26047,2.99807
6,2.15039,1.18731
6,3.67923,-0.852368
6,2.61029,0.570849
6,-2.8088,-0.174554
6,-3.41918,0.0267117
6,2.90066,-0.68983
6,1.72548,2.69983
6,-3.05331,0.339904
6,-2.6618,0.375207
6,-1.41326,2.61009
6,1.54452,2.66006
6,1.42583,-2.16801
6,2.88935,-0.284697
6,2.42152,-0.129555
6,2.89115,0.0993671
6,3.39582,0.369892
6,1.39772,-2.65745
6,-2.52869,-0.0753092
6,1.41496,2.63216
6,-1.48701,2.76319
6,1.25193,2.94477
6,-2.7503,-0.185317
6,1.2002,3.19069
6,-1.52049,2.39455
6,4.32581,-1.45326
6,-2.95497,0.530028
6,1.44598,2.31741
6,3.04857,0.373504
6,1.80651,0.606043
6,3.89748,-0.777773
6,2.77809,-0.642037
6,3.58722,-0.947212
6,-1.96762,-2.84059
6,-1.68983,-2.96008
6,1.21158,2.87256
6,-1.69577,2.63741
6,4.45866,-0.355018
6,1.50364,2.82587
6,-1.61364,2.53645
6,-1.49881,-2.54588
6,-1.57247,-2.35739
6,1.65408,2.32142
6,1.07627,2.36765
6,3.67799,0.757752
6,-3.29617,0.086068
6,-1.16068,-2.88884
6,1.42213,-2.1762
6,1.86345,-2.70857
6,3.58147,-0.482627
6,1.46667,2.6247
6,2.66688,0.239544
6,-2.84988,0.254161
6,1.57635,2.1824
6,-1.06455,-2.72939
6,-1.51388,-2.96635
6,1.41408,2.13157
6,2.7276,-0.850166
6,1.72291,2.23488
6,-1.72894,-2.55886
6,2.61783,0.760644
6,1.35247,-2.82169
6,-2.86735,-0.544095
6,-1.43646,-2.72034
6,-1.54088,-2.69579
6,3.07286,1.50385
6,1.3538,2.68519
6,2.79854,1.34382
6,-1.19332,-2.43094
6,3.52277,0.500192
6,2.70515,-0.762902
6,3.45688,0.129571
6,4.46278,-0.0242019
6,-2.51017,0.0914009
6,-3.69752,0.199621
6,-1.50168,2.4013
6,-1.46785,-2.98009
6,-1.16052,-3.12439
6,3.43298,-1.20446
6,1.46676,-3.1715
6,1.57695,-2.4995
6,1.27866,2.67235
6,-1.27838,-2.54299
6,2.56348,-0.910798
6,2.70248,-0.281068
6,3.26753,0.108234
6,2.5241,0.048137
6,-1.38405,2.27351
6,3.81444,-0.991779
6,-1.29016,-2.80565
6,-1.5148,3.08362
6,1.03899,2.50892
6,-0.791316,2.47883
6,3.11053,-0.0282138
6,2.33948,-0.188277
6,1.647,-2.57801
6,-2.66657,0.0617265
6,-3.08265,-0.105612
6,2.98705,0.190386
6,-1.18231,-2.76933
6,2.55954,-0.826698
6,-1.63225,3.145
6,1.99945,-3.00449
6,2.67404,-0.770467
6,-2.63313,0.391378
6,-3.09524,-0.348989
6,-1.60057,-2.61906
6,-1.60226,2.57938
6,3.1049,0.0844353
6,-1.6064,2.43145
6,3.36164,0.0739634
6,1.41263,2.61058
6,-3.10361,0.158555
6,1.41764,-2.16839
6,1.20283,-2.67937
6,-3.33901,0.196709
6,2.39293,1.34031
6,-1.66193,2.29491
6,3.2235,-0.597524
6,1.6663,2.09195
6,1.64263,2.14242
6,3.8851,-0.620939
6,-1.27105,2.60118
6,2.86443,-0.116431
6,2.98792,-1.58666
6,1.5454,-2.55212
6,2.98051,0.794379
6,-1.39123,2.22932
6,-1.62561,-2.54185
6,2.30231,1.12139
6,3.0677,-0.0893993
6,-1.15046,-2.37243
6,-1.25673,2.86357
6,1.00712,-2.72459
6,4.03565,-0.755071
6,-1.63226,2.79509
6,1.48131,2.80533
6,1.72553,2.49841
6,2.87596,1.1994
6,-2.51983,0.334362
6,-2.79697,0.0280433
6,-1.76137,2.40867
6,-3.42674,0.0428792
6,3.13197,-1.00465
6,-2.05574,2.87919
6,2.59547,0.056941
6,-1.22391,2.13287
6,-2.99999,-0.144743
6,1.75841,2.68282
6,1.4698,-2.19623
6,-1.66295,2.71829
6,-1.42784,3.07946
6,4.95749,0.205439
6,-1.18624,-2.98684
6,-1.6812,-2.81144
6,2.45962,-0.719527
6,1.17579,-2.57803
6,2.54971,0.176055
6,-0.962437,2.78879
6,-1.30511,-2.86834
6,3.61011,-0.48212
6,2.27727,-0.130427
6,-3.14124,0.00483822
6,3.419,0.886084
6,-2.93995,-0.282512
6,3.1566,0.972149
6,2.52496,-0.495623
6,3.76561,-0.155281
6,-3.00351,0.646591
6,1.84576,-2.55664
6,-1.79768,-2.71812
6,-1.68328,2.83872
6,-1.7143,3.03184
6,2.25307,0.588755
6,3.4694,-0.476021
6,1.33152,-0.00651025
6,3.74941,0.856698
6,3.36762,-0.745583
6,-1.37406,3.27604
6,-1.59309,-2.83441
6,2.23795,0.539727
6,3.32786,0.82214
6,-1.52406,2.42691
6,2.80573,-0.874836
6,1.45974,-2.58917
6,-2.49274,0.0152055
6,1.56517,-2.63133
6,3.38871,-0.927521
6,1.61524,-2.6806
6,1.72717,-2.83604
6,3.51819,0.713965
6,1.88277,3.11638
6,-1.46506,-2.62163
6,-1.52843,-2.53032
6,3.51618,-0.259239
6,3.08759,-0.572943
6,-1.07957,2.47097
6,2.98632,0.618689
6,3.30988,-0.430402
6,2.28902,-0.827208
6,-1.51705,-2.95823
6,-1.46548,-2.38664
6,2.02178,0.00867245
6,-1.56591,-2.61258
6,1.69356,3.02221
6,1.49893,2.29147
6,1.50807,2.68121
6,1.68337,-2.4734
6,-3.31712,-0.0578395
6,3.15196,0.0887562
6,-2.91203,-0.514546
6,-1.35058,2.69672
6,3.24793,-0.120769
6,-1.34636,1.90187
6,-3.28222,0.172046
6,3.82326,-0.180833
6,1.21645,1.94411
6,3.45209,-0.267656
6,1.68922,-2.76347
6,-1.38741,-1.89064
6,1.4247,2.50672
6,-1.53439,-2.51852
6,1.68678,-2.33497
6,1.12253,2.5889
6,2.5221,-0.546695
6,-1.22531,-2.45579
6,2.51893,0.597491
6,2.38387,0.276745
6,3.00829,0.790732
6,-3.01183,-0.0172623
6,2.09079,0.108438
6,1.19107,2.73374
6,-1.36342,-2.79982
6,2.83084,0.434044
6,-1.32137,2.50615
6,2.63704,1.16321
6,3.47314,0.306348
6,2.85274,-0.62001
6,3.40093,-1.43146
6,4.40643,-0.591908
6,3.71683,0.471116
6,2.86832,-0.16321
6,-1.07922,2.54149
6,2.69209,0.455164
6,2.5071,-0.207189
6,1.31503,-2.68112
6,-2.86232,0.290172
6,-3.39644,-0.0784849
6,-1.44709,-2.31471
6,-1.0108,-2.74863
6,-2.73637,-0.0665479
6,2.94508,-0.197568
6,3.41808,-0.921959
6,-1.75447,-2.70064
6,-3.14549,-0.591153
6,1.1295,2.56698
6,3.09419,0.331876
6,1.27499,2.54022
6,-1.49867,2.74429
6,3.33885,0.69405
6,2.85929,0.9969
6,3.32922,-0.75733
6,1.35465,2.52999
6,1.66362,2.57537
6,3.41853,1.0603
6,-2.96806,0.0862029
6,-2.57056,-0.0129409
6,-2.40926,-0.109659
6,2.72497,-0.916937
6,-1.44537,-2.1391
6,1.87611,2.93502
6,-2.84322,-0.0558264
6,-3.0422,-0.0356785
6,3.77495,0.338846
6,-2.96476,-0.68694
6,1.75714,-2.63837
6,2.90867,-0.342323
6,3.35279,0.113572
6,-1.41764,-2.45373
6,1.61128,2.36623
6,2.69105,0.379936
6,1.42374,-2.94736
6,2.9946,-0.374829
6,-1.59203,2.78253
6,-2.94758,-0.146437
6,2.99204,0.350856
6,2.84996,1.09599
6,3.16263,0.551898
6,2.49797,0.460118
6,3.4683,-0.682001
6,3.58856,0.0259222
6,2.69358,-0.753829
6,2.56083,1.26455
6,1.61686,2.77223
6,1.69287,-2.45787
6,4.02018,0.460232
6,-1.58195,2.7513
6,2.80466,0.770329
6,-2.85226,0.236937
6,-1.72091,-2.95601
6,3.26973,0.196688
6,2.95161,-0.223281
6,3.27727,-0.133666
6,-1.79866,2.56775
6,-1.54774,-2.59848
6,1.43322,2.56565
6,-1.18828,-2.44155
6,1.36182,2.4083
6,2.29717,0.190378
6,1.39445,2.54092
6,1.27897,2.87449
6,-1.89814,2.83181
6,3.28072,0.736127
6,2.5174,-0.192656
6,2.88885,0.573523
6,2.77233,0.232391
6,2.3831,0.297534
6,2.70646,-0.0353174
6,2.60419,0.130006
6,2.97728,-0.312916
6,-3.11062,-0.0850441
6,1.29422,0.346028
6,1.19598,2.24517
6,3.66352,-0.522165
6,3.37481,0.570747
6,-1.76388,2.33462
6,2.03801,0.674886
6,1.22975,-3.02727
6,3.33956,-0.232618
6,1.34178,2.48885
6,1.55763,-2.74684
6,-1.48297,-2.7279
6,1.58447,-2.18233
6,-2.88076,-0.439663
6,-1.52129,2.73757
6,-3.34125,-0.205893
6,-2.76081,-0.335876
6,2.76454,-0.193416
6,3.21377,-0.492251
6,2.73552,0.25307
6,-1.65945,2.60105
6,-1.61645,-2.98242
6,2.78695,0.249554
6,-1.38757,2.70128
6,-3.11163,-0.489183
6,-1.58336,3.09154
6,2.50874,-1.32785
6,2.50074,-0.275553
6,4.18071,0.735921
6,2.89487,0.512092
6,1.42257,2.40436
6,-1.38616,-2.98812
6,-1.99417,-2.63376
6,2.5282,0.0177695
6,3.18457,0.845499
6,3.27925,0.315375
6,-3.18278,-0.0609612
6,3.31136,0.266188
6,-1.19183,2.68671
6,1.49609,2.78599
6,2.72828,0.816981
6,1.63299,-2.5185
6,2.74385,0.702692
6,3.40034,0.329398
6,2.59615,-0.75529
6,-1.66499,-2.25169
6,-1.15287,2.51062
6,-2.5944,-0.444515
6,3.34165,0.184841
6,1.64008,2.71766
6,1.19238,-2.28619
6,-1.97423,2.48542
6,2.2403,0.50937
6,2.85424,0.553503
6,2.58932,1.15399
6,-1.50898,-2.74044
6,1.5067,2.74012
6,1.28108,2.42418
6,-3.62638,-0.170389
6,-1.78939,-2.2325
6,-1.4286,-2.55202
6,3.12707,0.41037
6,-1.8488,-2.78182
6,1.76598,2.52211
6,2.25408,0.338268
6,1.46918,2.47486
6,1.51042,-2.23146
6,3.01538,-0.122783
6,-1.19671,-2.61572
6,1.26766,-0.447551
6,2.77801,0.0337892
6,1.37547,2.86504
6,-1.58764,2.93276
6,1.08322,2.30259
6,1.90491,0.215151
6,1.85993,-2.81715
6,3.5485,0.191988
6,1.49855,2.28896
6,1.44469,2.41697
6,1.57127,2.4464
6,-1.69154,2.61641
6,3.68002,0.929086
6,1.54447,-2.49352
6,-2.42167,-0.0121246
6,2.39858,0.865136
6,-1.58579,2.65695
6,1.5438,-2.64317
6,2.73421,0.38961
6,3.10254,0.704561
6,2.41874,0.0560255
6,3.30994,0.468646
6,3.00582,-0.236513
6,2.47621,-0.487823
6,-1.73549,2.50498
6,2.57743,-0.260795
6,1.51472,-2.36779
6,1.59889,2.50376
6,1.757,2.60892
6,3.78183,0.0168566
6,-1.18837,-2.96347
6,-0.841341,-2.38203
6,-1.71537,2.60559
6,3.16808,-0.898262
6,-1.3141,-2.42911
6,1.90008,3.30321
6,-1.20405,3.21075
6,1.4455,2.62041
6,2.60394,-0.22444
6,-2.87847,-0.206638
6,-1.32134,-2.5305
6,2.51737,-0.453662
6,-3.14754,-0.263072
6,4.36934,-0.43682
6,-1.44321,2.98449
6,1.26623,2.67789
6,1.52309,2.46149
6,1.5618,3.02975
6,-3.14972,-0.0325291
6,-2.68822,0.467993
6,3.1217,0.568515
6,1.81862,-0.290006
6,1.90299,-2.68032
6,-1.66291,2.7648
6,3.2436,-0.0150902
6,-2.58527,0.122728
6,3.02501,-0.54454
6,-2.84786,0.0116437
6,3.65137,-0.612563
6,-3.00912,-0.183251
6,-2.82598,0.270746
6,1.33387,-2.83426
6,-3.35224,-0.586989
6,1.61617,-2.6016
6,3.94871,0.933819
6,-3.28725,-0.028805
6,2.6076,1.96879
6,1.95092,-2.21113
6,2.6055,-1.11054
6,1.4237,-2.85816
6,2.44111,-1.00931
6,-2.99265,-0.172568
6,3.47352,-0.707489
6,1.37341,2.56492
6,-2.88575,-0.0388329
6,-3.11612,-0.303584
6,2.89182,0.669373
6,-1.58037,2.65545
6,2.88586,0.212979
6,3.5233,-1.21704
6,1.63706,-2.79897
6,-1.12586,-2.87116
6,2.74007,0.93963
6,-1.7425,2.64478
6,2.40402,0.892613
6,1.61182,2.8715
6,1.548,2.67927
6,1.59795,-2.55408
6,1.32816,2.28843
6,-3.10693,-0.160004
6,2.53819,0.215205
6,1.82453,-0.540782
6,-3.02157,0.0417507
6,2.64407,-0.055357
6,-2.95494,0.35815
6,4.22851,0.251399
6,-2.78869,0.206521
6,-1.61649,-2.67868
6,1.62148,-2.57327
6,1.70087,2.7949
6,1.55107,3.05091
6,1.9777,2.67607
6,1.87858,-0.570713
6,4.08664,-0.549433
6,-2.72547,-0.060325
6,-1.49688,-2.5131
6,2.53653,-0.0512953
6,2.97378,1.10937
6,0.994578,2.92255
6,1.18486,2.54342
6,-1.29788,2.53281
6,1.94847,2.76312
6,2.54921,0.0761329
6,1.6126,2.15007
6,3.89633,-0.0716427
6,-1.86133,-2.30773
6,1.42408,-2.51685
6,3.74932,1.31082
6,2.0228,0.750833
6,-1.96409,2.783
6,3.80202,0.259199
6,-1.44241,-2.32915
6,2.56516,0.568145
6,-2.66186,0.143575
6,1.35503,-2.57136
6,2.70759,0.805703
6,3.75829,-0.142699
6,1.52984,2.33953
6,3.75806,-0.239619
6,1.63193,-2.30327
6,-1.57176,-2.75393
6,-3.19221,0.109284
6,2.56646,-0.390267
6,-2.95933,0.327743
6,1.4211,2.59975
6,-1.3029,2.27591
6,-1.52839,2.7499
6,2.14964,-0.662253
6,1.98703,-3.03873
6,1.40828,2.61845
6,-2.8171,0.098158
6,-1.54663,2.18223
6,1.59736,2.73662
6,3.46765,-0.57161
6,2.53147,1.12818
6,3.37686,0.308106
6,4.14613,0.532637
6,1.65701,0.550433
6,1.48385,2.71271
6,3.35825,0.654643
6,2.26543,-0.207816
6,0.973883,2.81111
6,1.59418,2.57372
6,1.52263,-2.1267
6,3.8381,-0.0256542
6,1.65173,-0.0531594
6,-3.34853,0.550729
6,-3.17328,-0.290468
6,-1.16293,-3.0936
6,2.45501,0.855307
6,2.22702,0.348772
6,-1.16188,-2.78276
6,-1.06555,2.65112
6,1.37444,2.8112
6,3.43827,0.114949
6,1.6531,2.60886
6,-1.89117,-2.42009
6,1.62118,-2.60266
6,1.81092,2.28506
6,-2.76848,-0.381006
6,-2.57111,0.265606
6,3.48828,-0.539928
6,-1.19072,2.65503
6,1.38588,2.66756
6,-1.31282,2.34322
6,2.48728,0.668288
6,2.37184,-0.00228194
6,1.62309,-2.35785
6,4.0174,-1.65036
6,3.4787,-0.228818
6,4.44114,-0.555999
6,2.29585,0.49406
6,3.14132,-0.734095
6,-1.5227,2.66678
6,3.40635,-0.69883
6,3.26355,-0.492589
6,1.40589,-2.87551
6,4.55991,-0.622099
6,-1.49759,2.26793
6,1.58133,2.41543
6,3.02614,0.318366
6,1.23064,2.80523
6,-1.15615,2.5491
6,1.11853,2.60172
6,2.37004,-0.113639
6,1.64405,3.00761
6,2.36819,-1.24299
6,2.70776,-0.369872
6,1.59113,2.87658
6,2.79203,0.682184
6,3.89315,0.129773
6,2.70961,0.0364458
6,2.84076,0.0891363
6,3.69907,-0.362345
6,1.29123,-2.49237
6,1.24901,2.73667
6,-1.5224,2.49314
6,1.6897,2.60552
6,-2.9753,-0.221304
6,1.1216,2.27263
6,-1.81416,-2.4872
6,2.92299,-0.479071
6,-1.68525,2.73487
6,3.60772,-0.85864
6,3.48897,-0.184021
6,-2.97938,-0.184361
6,3.71233,-0.426908
6,2.32735,1.57105
6,3.50808,0.147458
6,-1.05983,-3.17235
6,-3.0622,0.0426799
6,1.49505,0.577773
6,2.51532,0.215854
6,2.78083,0.273963
6,3.99048,0.265994
6,1.46561,-2.39603
6,2.8693,-0.249714
6,1.6601,-2.82754
6,0.740293,-2.47207
6,-2.7558,-0.0580376
6,2.98621,-1.22553
6,-1.2727,2.59881
6,3.1188,0.821658
6,1.22509,-2.92901
6,0.9714,2.42161
6,3.28895,-0.377041
6,2.91434,-0.0586369
6,-1.04337,-2.43828
6,1.57107,2.49761
6,3.11605,-0.309499
6,2.79603,0.0256322
6,1.67254,0.683136
6,-2.8701,-0.241765
6,-1.21047,2.5907
6,1.97493,3.00548
6,1.92881,0.631794
6,1.4581,2.76982
6,1.80334,-2.72691
6,1.64543,2.81315
6,3.87888,0.405259
6,1.13343,-2.43098
6,-1.25864,2.66715
6,1.69596,2.41696
6,3.50655,0.98069
6,-3.24109,-0.111193
6,3.27025,-0.152004
6,-1.85254,2.64069
6,3.1397,-0.545316
6,3.38758,0.734803
6,1.52454,-2.8628
6,2.04716,1.04856
6,0.987182,-2.51585
6,2.41411,-0.623561
6,2.89702,-0.868951
6,-1.60092,2.4939
6,3.18409,-0.183592
6,1.71482,-2.45934
6,3.06873,-0.618498
6,1.56517,-3.21437
6,-1.52774,-2.49787
6,3.11128,-1.13598
6,-1.49766,-2.20604
6,-3.04746,0.00139529
6,1.31691,2.40186
6,2.21245,0.554754
6,1.63458,2.73294
6,1.38706,-2.32741
6,-2.91275,0.43852
6,1.93874,2.43373
6,-2.44565,0.254891
6,2.61427,-1.11594
6,-1.21986,-2.65105
6,2.08618,0.480267
6,2.04445,0.136422
6,2.80242,-0.520499
6,3.45903,0.261519
6,1.93303,-2.56908
6,-1.62536,2.80569
6,-1.73773,-2.69803
6,2.00632,-0.107028
6,3.23809,-0.106608
6,1.35411,2.55455
6,4.02722,-0.507192
6,2.67711,-0.197859
6,-3.12524,-0.399108
6,1.42511,2.52346
6,3.4714,0.401929
6,1.38811,-3.00182
6,-1.36349,2.74698
6,1.70855,-2.44377
6,2.95134,-0.902212
6,2.95975,0.391921
6,-1.8965,2.19159
6,-3.01037,-0.12726
6,-2.73008,-0.319108
6,-1.33891,-2.94701
6,4.3372,-0.0566248
6,2.53417,-0.239256
6,3.24997,-0.558434
6,-3.14873,-0.0200151
6,-1.51075,2.36167
6,3.0773,-0.352199
6,2.11074,0.546789
6,2.20444,2.83423
6,1.80858,-3.17849
6,1.35692,-2.33045
6,3.23421,-1.12292
6,1.38882,-2.95736
6,1.49483,2.30998
6,2.6882,-0.573203
6,-3.17017,-0.538274
6,1.44017,2.10993
6,-3.29315,-0.0837995
6,3.24022,0.416932
6,2.27987,-1.18201
6,1.64956,3.40219
6,-0.894416,-2.26943
6,3.85563,0.806504
6,3.28263,-0.941556
6,3.13928,0.0986854
6,2.82496,-1.08965
6,-1.63482,-2.48432
6,-1.40662,-2.39847
6,-2.86584,0.488174
6,1.69112,2.76852
6,-1.37462,-2.77424
6,1.46137,2.19218
6,2.40472,0.70028
6,2.33217,-0.53897
6,2.73054,-0.322046
6,-1.29219,2.70494
6,1.43826,-2.39595
6,1.86209,-1.17858
6,2.54413,0.249161
6,-1.24197,2.2481
6,2.73337,-0.686433
6,3.92098,1.14419
6,-2.72095,-0.0792256
6,1.61969,0.259557
6,-2.86406,-0.0784976
6,3.24212,-0.793802
6,3.53244,-0.135281
6,3.34249,0.900446
6,2.09761,-0.716343
6,-3.71251,0.0242672
6,-1.48917,2.83817
6,3.05379,0.643105
6,2.52711,0.182751
6,3.45677,0.565063
6,-2.71428,0.278613
6,1.96727,-0.53532
6,3.44593,1.02121
6,-3.02177,-0.0170563
6,3.26978,0.350926
6,3.58298,-1.24408
6,-1.73667,-2.82597
6,2.37326,-0.484415
6,1.43173,-2.4235
6,3.13128,-0.855616
6,1.79783,-0.485352
6,2.81554,0.311615
6,0.796553,-2.68171
6,1.26047,2.60236
6,2.47593,-1.32755
6,-1.71637,-2.81906
6,-1.33218,-3.20427
6,3.94972,-0.439718
6,2.71934,-0.168548
6,1.79411,2.34793
6,1.76335,0.440042
6,1.57103,1.62977
6,-3.39779,0.264559
6,3.36577,0.129987
6,1.26887,2.71157
6,1.63717,2.48451
6,-1.71086,-2.65867
6,3.82405,-0.139168
6,-1.71669,2.94955
6,1.50127,-2.83074
6,1.94129,-2.55976
6,-1.31568,2.66032
6,3.38543,-0.121709
6,1.5379,2.35282
6,1.25824,-2.82655
6,1.29922,2.4691
6,3.60413,0.9162
6,-1.39594,-2.79708
6,1.61284,0.604631
6,-1.67054,2.64925
6,1.26912,-2.0203
6,-2.79033,0.0815763
6,-1.19658,2.88851
6,2.86201,0.0386896
6,-1.63374,-2.88484
6,2.61155,-0.1512
6,1.96683,-0.290627
6,2.81278,-0.895823
6,2.25855,-0.464828
6,-2.64722,-0.0197423
6,-3.03084,0.174483
6,-2.02493,-2.70634
6,-1.42399,-2.49684
6,-1.63756,-2.48759
6,3.12749,-0.703713
6,2.39557,0.956648
6,2.73257,0.835984
6,-1.62783,-2.02856
6,3.92756,-0.133467
6,3.2593,-0.335516
6,-1.6218,2.77253
6,-1.31751,-2.29818
6,1.69873,-2.92604
6,2.83446,-0.00332895
6,-2.92702,-0.0807558
6,1.44771,2.4533
6,2.67006,-0.693621
6,-2.01823,2.51333
6,-1.64965,-2.52082
6,1.83419,0.368084
6,3.07429,-0.0259553
6,-2.88032,-0.298595
6,-1.53353,2.97873
6,1.35656,2.74631
6,2.86731,-0.393886
6,1.45432,2.40827
6,1.72509,2.565
6,2.604,0.495946
6,3.01555,0.510624
6,-1.148,2.22009
6,2.90393,0.683524
6,-1.11258,2.69661
6,-1.35387,-2.43796
6,-1.39615,2.73254
6,2.75722,0.101998
6,1.90744,0.0874796
6,0.99708,2.75215
6,2.70438,-0.221853
6,1.74851,3.03544
6,2.64736,0.786287
6,-3.41639,0.147153
6,3.69853,-0.449709
6,4.25956,0.153323
6,-1.46381,-2.53756
6,1.44458,2.43506
6,0.943289,3.208
6,-1.35213,2.51859
6,1.02503,-2.64052
6,-3.16959,0.356531
6,-1.65306,2.73856
6,1.56802,2.45454
6,1.52015,2.25286
6,1.45802,2.8032
6,1.33475,-2.5295
6,2.94733,-0.421349
6,1.30854,2.77353
6,-3.20914,-0.389314
6,1.58744,2.57382
6,4.00964,-0.243928
6,1.35238,2.74101
6,-2.89353,0.271763
6,2.5261,-0.14883
6,1.848,2.34222
6,-2.86044,-0.146802
6,-1.40433,2.7392
6,1.53131,-2.13216
6,2.81886,0.0108356
6,3.04466,0.690904
6,-1.24455,2.86772
6,-2.03691,3.0017
6,-1.51995,-2.79605
6,-1.85726,-2.84756
6,1.34663,-2.52452
6,-1.50565,2.62508
6,-2.79324,0.187083
6,-1.29327,-2.70131
6,2.85993,0.323547
6,1.71448,2.95422
6,2.75805,0.329993
6,1.38509,-2.58976
6,3.58362,-1.12439
6,-3.0533,0.125287
6,-1.30381,-2.89446
6,1.24964,-2.50418
6,-1.08874,-2.73845
6,1.57432,-2.78638
6,-3.12302,0.317412
6,3.65699,1.25277
6,2.37128,0.0167201
6,-3.01782,0.0323391
6,2.9199,-0.101146
6,2.9576,-1.41587
6,1.48998,-2.56701
6,2.78132,0.869134
6,1.31186,2.42778
6,-1.16323,2.80298
6,2.47949,-0.0499056
6,4.0172,-0.449021
6,-1.5065,2.24046
6,-1.75771,-2.62957
6,3.24799,0.030067
6,3.25558,0.432599
6,1.48213,0.450903
6,-1.63405,2.44636
6,-2.65151,-0.427616
6,1.74396,-2.25989
6,1.45542,-2.7305
6,4.0435,1.88424
6,-1.67704,2.44915
6,3.52455,-1.10095
6,3.05646,1.60573
6,-3.30644,0.291361
6,3.21342,-0.347338
6,2.47494,-0.677455
6,1.26579,2.4673
6,2.83466,-0.884145
6,-1.27057,-2.45419
6,-1.04225,-2.37126
6,3.77762,0.534022
6,0.965089,-2.91746
6,1.96697,0.719138
6,-2.99763,-0.130036
6,-3.08981,-0.0281534
6,-1.1803,-2.84812
6,-1.36443,-2.42736
6,-2.69873,-0.319179
6,3.6753,0.225551
6,1.00285,2.80548
6,2.88927,-0.0757754
6,4.01158,-0.183006
6,1.36258,1.98762
6,3.6981,-0.291849
6,3.36045,-0.235871
6,2.6331,0.2521
6,3.04425,-0.354418
6,-1.70111,-2.70809
6,3.388,0.854789
6,-1.48438,-2.45351
6,2.52972,0.167816
6,1.6919,2.72669
6,2.8596,-0.446532
6,2.92341,-0.430309
6,1.74491,-2.58928
6,-1.54738,2.65252
6,4.20836,0.10901
6,2.33392,0.511264
6,3.88968,-0.858393
6,1.07699,1.81384
6,-1.92826,-2.89048
6,-1.3612,2.70685
6,2.85647,0.403947
6,-1.85909,2.42689
6,-1.04518,-2.99999
6,2.95846,-0.0466949
6,-1.50153,2.08548
6,-1.57817,2.32925
6,1.69373,2.42403
6,-1.41809,2.25719
6,3.7214,-0.429863
6,-1.35665,-2.78696
6,-3.08478,0.486769
6,-1.52108,2.69768
6,1.954,2.44258
6,1.62247,-1.35974
6,2.93362,0.16168
6,3.39721,0.204154
6,3.01923,0.239017
6,-1.49196,-2.49951
6,-3.39902,0.233928
6,-2.99588,-0.0959022
6,2.02565,2.75193
6,3.06772,0.496493
6,2.40833,-1.01707
6,4.03702,0.955292
6,1.30034,2.35586
6,3.17708,0.0832356
6,3.74041,-1.83337
6,3.50189,0.601888
6,3.19873,-0.0522019
6,1.02114,3.0758
6,3.86801,-0.751011
6,-1.71285,-2.69041
6,-2.56372,0.228137
6,3.63661,-0.020365
6,1.16744,3.02204
6,-1.50582,-2.80593
6,3.09753,-0.45877
6,-1.36122,-2.57841
6,2.80861,-0.0887851
6,3.41554,-0.38099
6,3.22644,0.153896
6,-1.57029,2.37551
6,3.41899,0.854149
6,-1.53131,2.26877
6,-3.05766,0.190641
6,1.28203,-2.77352
6,1.42346,2.33051
6,1.89726,2.43098
6,3.03332,-0.379954
6,2.4647,0.0658851
6,-1.45361,2.89997
6,3.91509,0.197359
6,3.99559,0.38333
6,4.319,-0.387754
6,3.95273,-0.665409
6,2.3516,2.89089
6,1.18158,2.39822
6,3.37832,-0.507502
6,1.72734,-3.08716
6,1.56064,-2.03361
6,-1.6829,2.94443
6,-2.80088,-0.0851897
6,2.69301,0.152022
6,3.51734,-0.759105
6,2.7647,-0.833889
6,2.95532,-0.303555
6,1.44298,3.03501
6,-3.46523,-0.28528
6,3.35427,0.449494
6,2.52503,0.126279
6,2.92361,-0.0598006
6,-2.0369,2.27753
6,1.88505,-1.82641
6,2.61976,-0.443177
6,1.64914,-2.65403
6,2.53414,0.000400089
6,1.52813,2.67962
6,1.18077,-2.54199
6,1.49344,-2.87704
6,-1.56124,2.57341
6,-3.08586,0.117029
6,-1.25571,-2.44508
6,-1.53297,-2.3319
6,1.50379,2.26282
6,4.16952,0.000357604
6,-1.59255,-2.25047
6,2.86068,0.381599
6,3.34555,-0.980421
6,3.34967,0.273462
6,1.85327,-0.432591
6,1.44098,2.64633
6,-3.24762,-0.0983563
6,3.44724,0.260092
6,-1.52644,-2.72317
6,2.69105,-1.38646
6,-1.77564,2.40069
6,1.84416,2.6151
6,2.93329,-0.648992
6,1.93936,-0.4063
6,-1.6204,2.74838
6,-2.65406,-0.57241
6,-3.26801,-0.152552
6,1.26831,-2.3363
6,-3.59669,-0.156445
6,1.31459,2.92653
6,3.28466,0.063999
6,-1.49183,-2.27093
6,1.89869,-2.46309
6,-1.5943,-2.30333
6,-1.55771,-2.28068
6,2.04824,0.0656993
6,3.34516,-0.470531
6,-2.72788,-0.341288
6,3.97944,0.336973
6,2.84234,0.855242
6,2.65946,-0.492209
6,-1.97083,-2.43852
6,1.06485,-2.3924
6,2.69266,0.35007
6,-1.76394,-2.92574
6,1.58512,-2.63191
6,3.50452,0.194179
6,1.60781,-2.70528
6,1.57378,2.78194
6,1.32034,-2.38409
6,3.35531,0.0352275
6,1.67475,2.19429
6,3.05586,-0.311379
6,-1.81089,-2.49246
6,-1.4028,-2.42968
6,1.94801,-0.459111
6,3.78586,-0.745535
6,-2.2883,-0.0222102
6,2.17742,2.66414
6,3.10274,0.772853
6,-3.01683,-0.182598
6,2.93453,-0.974863
6,-1.00559,-2.50381
6,1.87553,-2.80235
6,-2.64445,-0.186887
6,1.41888,-3.26011
6,1.02725,2.78043
6,-1.05377,-2.48607
6,-2.99402,-0.147282
6,1.49244,-2.46207
6,3.08462,0.653231
6,2.57112,0.429922
6,-1.42957,2.49229
6,1.53358,-2.89065
6,1.19839,2.83077
6,-1.09947,2.40103
6,1.2557,-2.8048
6,3.39692,-0.911119
6,3.5397,-0.358359
6,1.1385,2.72509
6,1.05583,2.67843
6,-1.46486,2.21631
6,2.4589,0.373734
6,3.85443,0.0997243
6,-3.27469,0.121258
6,-1.72853,-2.37919
6,2.60936,-0.538542
6,2.73459,-1.63008
6,-1.66092,-2.25046
6,-1.5355,-3.02329
6,1.60295,2.85736
6,1.28804,-2.50123
6,3.59212,0.913471
6,-1.13294,-2.4937
6,1.84448,-0.901396
6,3.63327,-0.69954
6,1.58151,-2.93534
6,-1.5304,-2.88671
6,3.79206,0.605401
6,1.28479,2.32266
6,3.56539,-0.374239
6,3.42022,-0.739318
6,0.940492,-2.54955
6,-3.19863,-0.360767
6,2.37702,0.658678
6,4.79796,0.251074
6,-2.16595,-2.62605
6,1.66285,0.210177
6,1.09766,-2.28303
6,1.66237,-2.9332
6,1.13243,-0.827283
6,-1.76802,2.52093
6,1.55081,-2.81052
6,-1.82678,2.68056
6,1.47685,2.93149
6,2.52201,0.0462655
6,1.63553,-3.19665
6,3.75396,-0.343574
6,3.06516,0.172243
6,3.55459,-0.0669336
6,3.51641,-0.119706
6,-1.43088,2.82835
6,2.02644,-0.858243
6,1.16536,2.74024
6,-1.68785,-2.56767
6,1.27192,-2.39285
6,1.27154,-2.49562
6,1.66371,2.07777
6,3.75045,0.709337
6,3.28642,-0.373159
6,1.50987,2.20081
6,-1.11656,-2.72288
6,1.7137,2.71916
6,3.89894,-0.753975
6,3.21554,0.38654
6,-1.41563,-2.2905
6,-3.52066,0.130272
6,1.50306,2.44143
6,1.74833,2.73045
6,-2.74285,0.0471069
6,-1.3953,2.93569
6,3.53137,-0.359875
6,1.84557,0.609955
6,1.87547,-1.05315
6,3.33183,0.358544
6,1.44598,-2.85226
6,-1.40732,2.75875
6,3.33138,0.25772
6,3.05375,0.13493
6,1.58582,2.71788
6,4.10235,-0.457123
6,3.94009,0.951986
6,2.51826,0.633622
6,3.27354,0.409718
6,1.62593,2.79139
6,3.03375,0.546162
6,1.28946,2.59432
6,1.21915,2.60224
6,-3.0435,-0.0204218
6,1.35504,2.51568
6,1.97526,2.56533
6,-2.59056,-0.379557
6,-1.50661,2.9864
6,-3.03962,-0.188565
6,-1.47704,2.40202
6,2.52511,-0.337909
6,3.68062,-0.230439
6,-2.6527,-0.419017
6,2.86631,0.19167
6,3.1809,0.306024
6,1.37241,2.65569
6,-1.76854,2.03179
6,-3.20425,0.487053
6,-1.36504,2.35851
6,2.33927,0.224832
6,-3.2075,-0.122126
6,3.17211,-0.455401
6,1.33049,2.78959
6,2.85185,-1.13376
6,-3.124,0.0400301
6,2.82232,-0.546877
6,3.01694,0.335841
6,-1.26019,-2.55025
6,1.79667,-2.21255
6,-3.02513,0.0848941
6,2.19223,-0.825708
6,1.6628,2.32172
6,1.45862,2.62443
6,2.44853,-1.27838
6,-2.42988,-0.329283
6,2.90511,0.497027
6,3.9966,0.321621
6,3.40154,-0.171423
6,3.31214,0.502633
6,-1.10732,1.8636
6,-1.41585,2.23032
6,2.99221,-0.712999
6,1.50003,-2.18582
6,2.28695,1.01555
6,2.05045,0.358574
6,1.13087,2.51369
6,2.99023,-0.368837
6,1.16218,2.24968
6,2.29921,0.517433
6,2.52872,-0.478997
6,-1.64,-3.05765
6,3.3249,-0.120951
6,2.28517,0.167908
6,2.85407,-0.96046
6,1.46983,2.54271
6,2.19283,-0.90087
6,-1.4641,-2.16751
6,2.69474,-1.24196
6,-1.38436,2.71202
6,3.43749,0.417647
6,-1.82054,2.87804
6,-1.60875,2.60571
6,-3.17554,-0.111765
6,-2.7544,-0.276483
6,3.31172,0.0596186
6,2.85101,0.84904
6,1.6522,-2.63401
6,2.60473,0.253965
6,-1.66988,-2.4564
6,1.35793,2.98788
6,2.82718,-0.252324
6,-3.01698,-0.226572
6,3.66879,-0.818692
6,3.26083,-0.00196245
6,3.99859,-0.0932518
6,2.89537,-0.519054
6,2.59975,0.830508
6,2.66904,-0.452388
6,-2.98894,-0.0956293
6,1.52681,-2.3278
6,2.81891,0.363507
6,2.58061,1.13543
6,-1.072,2.81014
6,1.64421,2.18485
6,2.38882,-0.478644
6,2.66817,-0.592149
6,2.24668,0.670714
6,-1.50124,2.94319
6,-1.38658,2.43267
6,-2.00149,2.74587
6,3.63456,-0.226906
6,1.81877,-0.663986
6,-2.7398,0.136459
6,3.2275,-0.259033
6,1.66555,-2.36769
6,-1.25938,2.7653
6,1.82831,2.60271
6,2.95994,0.0812382
6,1.13663,-2.87964
6,-3.12233,-0.257866
6,3.00483,0.460514
6,-3.30752,0.22148
6,3.24978,-0.565536
6,1.62077,2.701
6,3.74356,-0.0612524
6,1.24373,3.02728
6,2.90356,0.228803
6,1.4637,2.27182
6,-2.99592,-0.317646
6,3.8769,0.0621287
6,2.35685,0.258315
6,2.45807,0.921244
6,1.57738,2.35961
6,-2.8315,-0.279488
6,1.60336,-2.44619
6,-1.79478,-2.19703
6,2.56014,-0.637585
6,-2.01032,2.4949
6,-1.40147,-2.33036
6,3.58147,-0.718294
6,1.46904,2.58981
6,2.02108,0.337731
6,-3.05892,-0.061067
6,3.36297,0.311605
6,3.12248,-0.108466
6,-1.52538,2.32084
6,3.12855,-0.409371
6,-1.96448,2.95413
6,3.41941,-0.194315
6,-1.5914,-3.00141
6,-1.41582,2.57961
6,2.06151,0.220835
6,1.60815,-2.62874
6,1.79612,2.63778
6,1.57299,-2.25698
6,1.91119,2.74922
6,1.39774,3.00188
6,2.10576,-0.521599
6,3.48076,0.161486
6,3.05637,-0.492298
6,2.37907,0.233738
6,2.83535,-0.121617
6,1.25849,-3.24701
6,3.40216,0.477105
6,2.82052,-0.662687
6,-3.62441,-0.230603
6,3.77512,-0.699317
6,-2.88144,0.47238
6,-1.4622,2.46332
6,2.0004,-0.39183
6,-1.63868,2.983
6,3.45893,0.531294
6,1.9283,-0.165378
6,2.72687,0.321901
6,3.42476,-0.81948
6,-1.80974,-2.33379
6,1.7497,0.572387
6,2.77357,0.60913
6,1.44796,-2.05297
6,3.16077,-0.0467201
6,-1.39631,2.31262
6,3.34778,-0.818834
6,-1.54226,-2.68004
6,1.30651,-2.41534
6,1.33252,-2.46339
6,-2.94416,-0.145871
6,-1.61061,-2.64151
6,1.65038,-2.26316
6,3.59368,0.982154
6,2.56182,-0.136124
6,2.99238,-1.19271
6,3.64209,-0.573946
6,1.5113,2.4063
6,1.58176,-2.44083
6,-3.17027,0.0492948
6,-1.50782,-3.35674
6,1.72409,2.44349
6,1.47464,3.05068
6,-0.939233,2.7473
6,3.63892,-0.700716
6,2.81036,-0.977209
6,3.763,-0.406361
6,-1.26476,-2.37974
6,-3.25895,0.0383963
6,3.39451,-1.07355
6,1.30605,2.77578
6,-2.44739,0.203266
6,1.34397,2.55601
6,0.889096,2.4114
6,2.52078,0.695107
6,-1.38521,-2.67412
6,1.65695,2.92448
6,2.32189,-0.99519
6,1.50688,2.45842
6,2.68487,-0.410481
6,-1.64603,-2.46045
6,3.32262,0.412461
6,-3.32116,-0.119388
6,-1.60371,-2.02093
6,3.26505,0.196502
6,2.71012,-0.578724
6,1.20714,-2.61989
6,1.01801,2.58336
6,-1.83869,-2.91019
6,3.64297,-0.548506
6,2.93742,-0.284763
6,1.28049,-2.51436
6,3.41692,-0.255638
6,3.41186,-0.0360766
6,2.52031,0.388139
6,3.4444,0.44608
6,3.66128,0.249479
6,1.5172,3.06211
6,3.58021,1.08037
6,3.90515,-0.295458
6,3.42847,0.187991
6,2.33859,0.432911
6,4.61084,0.130697
6,3.11287,0.68773
6,-2.75895,0.145533
6,3.36308,-0.234978
6,-1.31097,2.32789
6,3.60558,-0.345457
6,-2.76137,-0.143554
6,1.24158,2.67433
6,1.71402,-2.71708
6,2.68002,0.335253
6,-1.73217,2.68442
6,4.1454,-0.467316
6,0.818171,1.89059
6,-1.3858,2.79188
6,3.56279,0.592238
6,2.9353,-0.94669
6,-1.34352,-2.37405
6,1.71614,-2.42128
6,1.84131,2.64795
6,-1.2857,2.66046
6,2.76945,-0.358088
6,3.59368,-0.248555
6,3.37708,0.45798
6,3.7872,0.00381772
6,1.51501,-2.62371
6,3.01006,0.656283
6,3.07873,0.114867
6,-1.76718,2.53561
6,2.81101,-0.0715188
6,1.7628,-1.05295
6,3.09902,0.78606
6,-1.34608,-2.23207
6,2.45612,0.412957
6,0.91896,-2.78489
6,1.2293,3.02939
6,-1.41991,-2.65377
6,2.00897,-0.275852
6,3.70236,0.584919
6,-1.39102,2.56208
6,1.5397,-2.71182
6,1.48244,2.90585
6,2.084,0.666594
6,3.16228,1.42747
6,3.57482,-0.550006
6,1.55821,2.45976
6,2.70179,0.0228889
6,2.88716,-1.44923
6,3.034,0.310197
6,1.89593,-2.96707
6,1.45333,2.94011
6,-1.36043,2.68146
6,1.44198,2.49295
6,3.55,0.540733
6,-3.14081,0.319808
6,1.5536,-2.569
6,1.4836,-2.51141
6,2.11662,-0.523025
6,3.61088,-0.279362
6,3.52207,0.391878
6,2.60667,0.361837
6,3.49648,1.47514
6,-2.90408,-0.442763
6,-3.37114,-0.143277
6,1.31639,2.72673
6,1.9535,-3.08608
6,-3.14781,-0.0464433
6,2.44444,1.25174
6,3.1052,0.718518
6,-3.56151,0.134309
6,2.3148,0.468257
6,3.01159,-0.379578
6,2.43191,0.307234
6,3.4234,-0.0194371
6,-1.5788,-3.14393
6,2.47464,-0.2793
6,2.92968,0.723971
6,-3.13618,0.0164972
6,1.22158,-2.80468
6,1.98134,-2.62451
6,1.09244,2.43349
6,1.41065,2.99625
6,3.26055,0.905416
6,1.6665,-0.0595364
6,-1.66417,3.21555
6,3.06644,-0.0515593
6,-1.47552,-2.75933
6,2.79905,-0.891288
6,1.09557,-2.39662
6,1.53124,2.6429
6,3.23651,-0.392025
6,1.39861,2.36377
6,1.53216,-2.90723
6,1.31527,2.68307
6,1.59383,2.60735
6,2.34023,0.633132
6,1.64719,-2.86302
6,3.72395,0.152316
6,2.20491,-0.0670035
6,1.60925,-2.5465
6,-1.33556,-2.7777
7,3.32028,0.419226
7,1.65513,-2.36077
7,-2.87118,-0.184812
7,1.45973,-2.63165
7,-1.55609,2.72274
7,3.43042,-0.0579116
7,3.47978,-0.0225082
7,-1.5718,-2.55768
7,-2.04679,3.01549
7,-1.49303,2.7469
7,2.33268,-0.656776
7,1.78788,-0.127409
7,2.3182,-0.273883
7,1.35302,2.51446
7,1.64294,2.27064
7,1.97432,-2.81262
7,-1.34842,-2.66893
7,4.04783,0.675726
7,1.99425,-1.78561
7,-1.54238,-2.7673
7,-2.91905,-0.328607
7,-1.60293,2.537
7,1.58407,-2.65852
7,2.61161,-0.100429
7,3.12675,0.210323
7,3.62222,-0.818572
7,-3.48223,-0.0970432
7,-3.14557,-0.28149
7,-1.53181,2.30415
7,1.43184,2.08712
7,2.72426,-0.605952
7,3.2692,-0.545361
7,1.46633,0.409033
7,1.63437,-2.43211
7,1.5378,-0.244616
7,3.66842,0.16836
7,0.848429,2.09419
7,-3.12784,0.200022
7,-3.29038,0.127846
7,1.30837,1.96304
7,1.44914,2.9544
7,3.12239,-1.77568
7,1.5765,2.35297
7,2.63901,0.0493989
7,-3.22614,-0.290804
7,3.57454,1.00136
7,-1.26415,-2.42347
7,4.70462,-0.274126
7,1.6974,2.36256
7,2.67834,0.133666
7,2.34383,-0.374899
7,4.28059,0.119035
7,-3.03633,0.379974
7,1.35679,-2.55849
7,2.80676,-0.451939
7,3.4825,1.6758
7,-1.36047,-2.48129
7,2.1704,0.777175
7,1.70822,2.82141
7,1.50636,3.14237
7,-2.74086,-0.0054679
7,-2.87978,-0.304482
7,1.02019,2.66311
7,1.57942,-2.69292
7,2.84847,-0.309921
7,1.83896,0.149992
7,2.44302,-1.05745
7,-3.0281,0.301487
7,3.74222,1.16131
7,-1.23749,-2.55446
7,2.70831,-0.399641
7,-2.87342,-0.168437
7,1.92471,-2.82453
7,3.07152,-0.407042
7,-2.94225,-0.221291
7,2.05915,0.610463
7,-1.59437,-2.66347
7,-1.62102,2.40592
7,1.60612,2.62485
7,1.0358,-2.6317
7,3.00424,-0.829665
7,3.4593,0.262788
7,3.30923,0.0069307
7,1.44373,2.41932
7,2.25034,-0.569823
7,3.09469,1.59242
7,1.59942,2.62333
7,-1.67154,2.28654
7,2.21228,0.885574
7,-1.50319,2.66192
7,3.29202,2.074
7,1.38689,0.427374
7,1.59847,-0.294418
7,-1.1805,2.23119
7,2.1868,2.26873
7,-3.17749,-0.266568
7,-0.867377,-2.34169
7,1.9058,2.63547
7,-1.40991,-2.70707
7,2.21067,-0.465271
7,1.21943,-2.60146
7,2.77902,1.05447
7,3.72766,-1.44225
7,2.62078,-0.480165
7,-1.42969,-3.03963
7,2.9608,0.532314
7,3.61154,-0.726278
7,3.84164,0.550269
7,2.89486,-0.539219
7,2.39065,0.228329
7,1.73604,-1.33049
7,1.25642,2.17314
7,-1.79774,2.45675
7,1.42397,0.939428
7,3.99121,0.529337
7,-1.05916,2.78886
7,2.36267,-0.444559
7,-1.87035,2.47798
7,1.77248,-2.25525
7,2.80868,0.330894
7,2.22914,-0.732061
7,-3.27263,-0.0622148
7,2.51305,0.674846
7,2.71682,0.385622
7,-2.86151,-0.204493
7,-1.89432,2.71042
7,-2.69554,-0.276902
7,1.46656,2.3832
7,2.5674,0.778281
7,1.25536,2.79166
7,-1.60737,2.78345
7,3.25029,-0.00371499
7,-1.44371,-2.82439
7,-3.2303,-0.457766
7,1.58762,-2.4882
7,1.86181,-2.44525
7,2.84131,-1.46379
7,-1.21219,2.67103
7,-1.53835,2.61711
7,2.97949,0.530866
7,3.12606,-0.702837
7,1.33563,-3.01852
7,-1.4863,-2.81381
7,2.6355,0.408203
7,3.68608,0.262841
7,3.80834,0.261517
7,2.04652,1.18248
7,3.50884,0.349947
7,3.28592,0.0890116
7,2.82714,0.362309
7,3.51749,-0.567787
7,-3.02749,-0.00663859
7,1.41218,2.60248
7,1.15427,-2.60261
7,-2.90665,-0.12478
7,2.56877,-0.446703
7,-1.80293,-2.73789
7,2.83389,-0.849024
7,-2.93502,-0.498985
7,2.95811,-0.365895
7,1.55859,-0.108689
7,-1.41331,2.46134
7,2.00395,-2.6201
7,3.22469,-0.441895
7,-3.03143,0.338031
7,-1.60672,2.69069
7,-1.51399,-2.33838
7,1.69563,2.56194
7,2.13699,-0.394554
7,1.2332,2.84072
7,3.73376,-0.47534
7,3.36468,0.386842
7,1.37566,2.56227
7,2.4631,-0.982261
7,3.13412,0.98282
7,3.00535,0.688701
7,2.35755,-0.0506247
7,4.4691,-0.855554
7,1.55965,-2.63454
7,2.53522,-0.325031
7,1.43451,-2.9384
7,3.08409,0.440925
7,3.45252,-0.674181
7,2.91895,-0.0963149
7,2.41729,-0.358215
7,2.49239,-0.649064
7,3.7755,0.133867
7,3.22097,-1.75005
7,-2.64858,0.262285
7,3.52117,-0.139054
7,3.7928,0.268511
7,-1.37463,-2.05597
7,-1.50699,-2.42021
7,3.80454,-0.207806
7,1.76369,-2.37168
7,1.45259,-0.00986928
7,1.76206,2.90676
7,3.58402,0.542497
7,1.69172,-2.69878
7,2.75492,-0.491784
7,-1.79238,2.52426
7,2.85257,-0.697738
7,2.69553,-0.345889
7,2.22342,-0.195742
7,3.16123,0.696222
7,-1.40435,2.31469
7,4.42255,0.957603
7,2.40891,-0.43331
7,2.24662,-1.1254
7,1.79343,2.71599
7,2.81983,-0.706088
7,3.30888,-0.265495
7,1.82116,-0.101887
7,2.22372,0.449638
7,3.31042,0.667455
7,0.986598,2.40049
7,-1.55506,-2.70384
7,2.67653,0.753634
7,2.2351,-0.89064
7,4.28731,0.579469
7,1.55276,-2.58142
7,-1.69436,-2.11446
7,4.41994,0.842059
7,3.25183,0.650752
7,2.8344,0.118676
7,1.38171,3.02563
7,1.74009,-0.608573
7,-1.47846,-2.64402
7,2.38155,-0.212222
7,3.10452,0.206127
7,-3.27646,-0.189158
7,2.6648,-0.579391
7,2.71762,0.727006
7,3.67682,-0.54005
7,3.04473,-0.225523
7,2.77485,0.275296
7,-2.86995,-0.766229
7,3.49308,-0.837511
7,3.11595,0.591438
7,3.13528,0.988644
7,-1.33915,3.44841
7,-1.52686,-3.28421
7,3.58456,-1.03459
7,-1.48893,-3.01235
7,-3.31741,-0.112789
7,2.79078,-0.247502
7,-1.49395,-2.7144
7,-2.47484,-0.00865657
7,4.46912,1.16886
7,-3.16735,-0.415346
7,1.44025,-2.99488
7,-1.30507,-2.80229
7,-1.35314,2.59101
7,-1.20049,-2.34101
7,-1.39594,-2.66182
7,-1.46748,-2.70699
7,1.33719,2.50231
7,1.3081,-2.69875
7,3.00127,0.098113
7,3.54276,0.464714
7,-1.4679,3.14647
7,-2.95601,0.130959
7,1.64809,2.23389
7,-1.81294,-2.30173
7,1.35609,2.76334
7,-2.69868,0.112922
7,2.10145,0.723461
7,-2.99855,-0.260591
7,3.41328,0.247304
7,-2.84003,-0.185987
7,3.58225,0.125537
7,1.47506,-2.60404
7,-2.68268,-0.237984
7,3.14585,-1.26847
7,1.58979,2.16387
7,-1.63823,-2.36803
7,1.52391,2.52098
7,-1.43522,-2.3124
7,-1.59189,2.54035
7,-1.47299,2.56679
7,1.2429,2.71135
7,3.71388,0.72858
7,4.44833,1.18668
7,1.29298,2.36684
7,2.10548,2.43745
7,-1.36711,2.65218
7,-2.79287,-0.144899
7,1.3402,2.8433
7,-1.51596,2.78104
7,-2.87192,0.234614
7,1.77234,-2.33696
7,-1.67572,2.44439
7,3.21206,0.969103
7,3.34412,1.34621
7,3.67023,-0.468117
7,-1.61677,-2.49091
7,1.50161,2.74657
7,-1.63904,2.68727
7,4.5795,0.773083
7,-1.40066,2.54141
7,-2.93673,-0.0463459
7,-3.18677,-0.0422763
7,3.41559,-0.43396
7,-1.25839,-2.76686
7,2.98078,-0.219641
7,-1.8271,2.57346
7,-3.23194,0.0974853
7,1.33655,2.31357
7,1.69743,2.3476
7,3.98185,0.216339
7,1.68325,0.474055
7,2.93311,-0.10093
7,1.47917,2.22841
7,0.972148,2.66444
7,-2.99933,0.0220614
7,2.44587,-1.30534
7,3.21549,1.09085
7,2.23771,-0.293133
7,2.58218,0.581155
7,3.47283,0.74598
7,2.46913,0.935006
7,-2.8525,-0.365403
7,1.90089,-0.19299
7,3.0176,0.753921
7,-1.24542,2.54905
7,3.50576,0.297542
7,1.72801,2.80741
7,1.42864,-2.62578
7,2.9125,0.210602
7,3.32152,0.543186
7,0.834792,-1.86632
7,2.92099,-0.721929
7,2.71839,-0.276602
7,3.83352,1.1221
7,2.62867,-0.0132323
7,2.51262,1.05776
7,3.59282,0.00896367
7,2.63583,-0.199043
7,3.50897,-0.426027
7,-1.49428,2.70712
7,1.1613,2.57819
7,3.4139,0.0223111
7,2.52986,0.338134
7,-3.06076,-0.416851
7,-1.58842,-2.74816
7,-1.6716,-2.51045
7,-1.74849,-2.88166
7,-3.26404,0.181267
7,-1.39552,1.92402
7,3.68595,0.150992
7,2.19119,0.986713
7,2.50655,0.68997
7,3.29721,-0.79493
7,4.17241,-0.265035
7,-2.77741,0.327949
7,-1.33541,2.25772
7,4.37179,0.0472195
7,2.56007,-0.43072
7,2.86377,0.456845
7,-1.4576,2.71155
7,-1.0766,-2.67997
7,1.95836,-0.792372
7,2.55303,-0.216086
7,1.65596,-2.66678
7,1.67122,-0.0398588
7,2.31769,0.0463439
7,3.55925,0.88416
7,-3.11878,-0.222861
7,4.57569,-0.0320131
7,-1.65503,2.78301
7,3.19807,-0.0222169
7,1.61386,2.77865
7,-1.60154,2.9475
7,3.29207,-0.160902
7,-1.62101,2.42537
7,1.87867,-2.72303
7,1.15237,2.43515
7,-1.69349,2.27355
7,5.01423,0.475379
7,1.41309,-2.65795
7,3.17503,0.399027
7,-2.10259,2.7597
7,2.74914,-0.667723
7,3.32639,1.24209
7,1.63215,2.90199
7,1.67546,2.72113
7,3.01001,-0.389662
7,4.09887,0.213001
7,-1.69418,-2.63225
7,-1.20123,-2.23317
7,1.37404,-2.9531
7,2.29794,1.55402
7,-3.22328,0.0272369
7,2.18425,0.20391
7,2.89601,-0.90581
7,2.29458,-0.401691
7,2.76822,0.327799
7,3.78975,-1.14154
7,1.2846,2.59155
7,3.51551,0.189211
7,1.52035,-2.64005
7,-1.41831,2.4888
7,1.10366,-2.71537
7,1.51683,-2.59121
7,-1.28826,-2.40711
7,-1.35907,3.13059
7,-1.86387,2.47417
7,1.4876,-3.3993
7,-1.7546,-2.81251
7,1.94256,2.82769
7,1.26912,-2.37114
7,1.37474,2.08524
7,1.36,-2.42447
7,-1.55554,2.55649
7,1.21995,2.68071
7,2.37278,1.04868
7,3.09821,-0.119035
7,-1.41428,3.10743
7,1.73349,-2.6362
7,3.94468,0.181375
7,-1.57699,-2.69106
7,1.53509,2.87706
7,3.47732,-0.227347
7,3.1442,0.0768607
7,-1.74907,2.67269
7,2.97513,-0.431903
7,3.32272,0.0494294
7,3.96716,0.104206
7,3.19508,0.0410101
7,2.80122,0.929733
7,-2.4936,-0.229084
7,-2.94302,-0.428269
7,2.709,-0.237543
7,-1.70799,-2.57788
7,3.73392,0.0763043
7,3.10772,-0.618275
7,3.00915,1.08465
7,-1.40912,-2.80838
7,3.5782,-0.337112
7,4.09302,-1.10198
7,-1.20921,2.59135
7,1.46723,2.20052
7,3.56182,0.0412977
7,1.169,-2.18172
7,-3.33565,-0.0530148
7,-3.07267,-0.132471
7,-2.92113,0.3323
7,-1.66185,2.8035
7,3.19138,-0.403952
7,1.44163,2.86171
7,3.16559,-0.47235
7,2.77456,0.0641113
7,-1.03818,2.64554
7,-1.03956,2.55038
7,2.35593,0.43765
7,3.00256,0.487507
7,1.4,2.8149
7,-1.51472,-2.99029
7,1.66916,-0.488416
7,-1.65213,2.70393
7,2.25561,1.46661
7,-3.09716,0.0099044
7,2.65062,-0.366516
7,2.43222,1.12292
7,1.23407,2.70317
7,2.92509,-0.0212054
7,1.53136,-2.67544
7,1.92117,2.93229
7,2.88288,-0.655312
7,-3.17279,-0.0269644
7,-1.16533,-2.47035
7,2.50086,0.764695
7,1.75971,-2.51143
7,3.00154,-1.1902
7,3.29301,-0.103548
7,-1.07221,-1.98393
7,-1.38207,-2.19619
7,1.53228,-2.3336
7,-1.53163,-2.49497
7,-2.87379,-0.0420012
7,-1.16345,-2.75802
7,3.42424,-0.754438
7,2.23189,0.0274017
7,2.04964,0.0134771
7,1.11441,-2.56328
7,2.86187,-0.630399
7,-1.14196,2.54591
7,2.931,-0.106153
7,-1.40099,2.40656
7,-3.19299,-0.0896842
7,-2.68406,0.598196
7,1.50213,-2.67238
7,3.3839,-0.0326926
7,-1.36527,2.22255
7,4.05365,-0.49554
7,-2.97549,0.456277
7,2.87235,0.84134
7,1.34835,2.22369
7,1.76446,-2.20265
7,-3.08861,-0.210958
7,1.17049,-2.11989
7,-1.5924,-2.73049
7,2.78594,-0.421541
7,3.30611,0.105933
7,2.4588,0.248061
7,2.80643,-0.0819833
7,-1.61127,-2.69884
7,3.83255,0.11356
7,3.72178,0.607709
7,2.64276,-0.374276
7,2.24563,-0.242897
7,-1.5934,-2.76452
7,-2.97662,-0.17557
7,-1.35989,2.81215
7,0.889972,2.8218
7,1.78997,2.63986
7,3.13596,-0.326621
7,3.2237,-1.02558
7,-2.77453,-0.117797
7,3.74007,-0.687026
7,-1.44985,2.53988
7,2.36432,0.00783983
7,-1.39312,2.36214
7,2.95748,0.352157
7,1.04864,2.38177
7,3.155,0.804949
7,1.34123,2.68276
7,3.10934,0.476266
7,-2.94791,0.0938809
7,3.31222,1.13779
7,3.06838,0.255834
7,1.4901,0.311907
7,3.81067,-0.0743652
7,3.89427,0.467622
7,1.66379,-2.91624
7,2.9233,-0.620655
7,-1.54475,2.15157
7,2.27824,-0.360676
7,1.44288,-2.44644
7,3.2279,-0.0730933
7,2.35009,-0.291893
7,3.42817,0.819316
7,2.93367,0.543904
7,-1.41716,2.42719
7,2.58194,0.377584
7,3.11677,0.401634
7,3.05371,0.83349
7,2.6927,0.402914
7,-1.45821,-2.86682
7,2.12579,-0.932463
7,2.6129,0.165617
7,-3.35342,-0.248068
7,-1.41474,3.03979
7,4.17651,0.729384
7,-1.29936,2.50264
7,1.19943,-2.608
7,-1.46828,-2.95568
7,2.23477,0.0214417
7,4.13824,0.634554
7,2.43339,-1.85312
7,1.55245,-2.94084
7,1.68525,2.67003
7,-3.23471,0.076967
7,1.52467,2.86815
7,3.11531,-0.0967735
7,1.19247,-2.61292
7,1.73989,0.0233925
7,3.38979,-1.54587
7,2.3134,1.65433
7,-1.63694,2.06753
7,3.09196,-1.01791
7,-1.41907,2.4966
7,2.43918,1.08822
7,2.10247,-0.534075
7,2.89439,-0.487083
7,3.19659,-0.383636
7,1.88891,-3.11
7,-2.89602,-0.0132175
7,3.55216,1.10811
7,2.81943,0.588174
7,3.25406,0.645805
7,3.1233,-1.18208
7,1.97228,0.220475
7,-1.37586,-2.27223
7,3.39428,-0.300641
7,2.53058,-0.330518
7,3.68625,0.587907
7,-2.6212,-0.130707
7,3.08955,-0.211712
7,3.23675,-0.114117
7,-1.22053,2.6408
7,1.63091,2.7457
7,1.2508,-2.46977
7,1.02127,2.65749
7,2.76478,0.18983
7,1.75012,2.63601
7,-1.48198,-2.57814
7,-3.00063,0.200315
7,-1.52439,2.31458
7,-1.78646,2.6219
7,2.42746,0.066943
7,-0.868952,2.37085
7,1.8026,-2.27604
7,-1.13949,-2.52681
7,-3.37724,-0.0276201
7,-2.84937,0.233413
7,-2.85938,-0.0382276
7,-1.40626,2.15077
7,-3.31242,-0.224379
7,3.50332,0.341599
7,-3.05128,0.0511647
7,3.9027,-1.45987
7,2.70014,-0.184524
7,-2.9624,0.276859
7,-1.5704,2.7911
7,-1.75895,-2.69133
7,1.38013,2.47151
7,3.61428,0.168613
7,-2.42014,0.224734
7,3.19763,-0.80947
7,2.76837,-0.555929
7,3.91815,0.611855
7,4.1671,-0.0182335
7,-3.06423,-0.405139
7,2.92487,-0.590832
7,2.80718,0.122194
7,1.38904,-2.10797
7,-1.53762,2.28436
7,3.06025,0.726438
7,-1.44675,-2.33755
7,-2.9478,0.112786
7,1.57901,-2.04656
7,3.76405,0.533183
7,1.36913,0.472178
7,3.58242,0.868345
7,2.95903,0.0859351
7,3.75519,-0.0311617
7,2.46695,0.410511
7,2.59627,-1.14592
7,2.64638,-0.881057
7,-1.59434,2.62669
7,3.09917,-0.909649
7,1.21747,2.73055
7,4.16242,0.747612
7,-1.28471,2.36635
7,2.66849,-0.191049
7,-1.60516,-2.08511
7,-1.60293,-2.81445
7,2.15,2.69027
7,2.62628,0.329769
7,-1.32012,2.78159
7,2.02579,0.0167884
7,2.82117,0.188416
7,1.91429,-2.86088
7,3.00222,-1.20284
7,1.51097,2.66069
7,2.7922,0.67532
7,3.33988,0.0499523
7,1.44748,-2.80742
7,2.29555,-0.715811
7,-1.29475,-2.78481
7,2.68561,0.849475
7,1.3174,3.29768
7,-1.48838,-2.24414
7,1.67837,2.45643
7,-1.59386,-2.78403
7,3.69197,-0.416743
7,-1.71227,2.81511
7,2.17486,0.64561
7,1.163,2.81154
7,1.9376,-2.95499
7,-3.06802,0.590898
7,-3.17311,0.0883446
7,4.19212,0.460945
7,3.49514,-0.0051943
7,2.36542,0.7749
7,3.42566,0.922333
7,3.50063,-0.912875
7,2.7739,0.0419606
7,4.29182,-0.586614
7,3.34528,-0.445093
7,-1.55542,-2.6196
7,2.3491,-0.293243
7,3.99092,0.431716
7,3.55275,-0.121177
7,2.98684,-0.18029
7,2.15588,0.173651
7,-2.84102,0.43199
7,3.88016,-0.425099
7,1.382,2.81162
7,2.28712,0.584264
7,2.66322,-1.23946
7,3.74646,0.695964
7,1.13434,0.0663793
7,3.08457,-0.696697
7,2.19477,0.373935
7,-1.56178,-2.68048
7,2.68953,-0.939351
7,4.25305,-0.709126
7,1.11742,-2.40854
7,2.49242,0.101545
7,-3.11354,0.0343249
7,-1.79347,-2.36721
7,1.90294,2.75612
7,1.61882,-2.55205
7,-3.33703,0.00458431
7,-3.19878,-0.433912
7,3.7377,0.195701
7,3.43151,-0.446258
7,2.55678,-0.0936295
7,3.56036,0.173504
7,2.74898,0.367906
7,2.05716,0.474408
7,1.26948,-2.73525
7,2.89118,-0.425081
7,2.96638,-0.549078
7,1.39111,-2.62327
7,-1.7063,2.91028
7,-1.39352,2.76219
7,2.97897,-0.453196
7,3.18177,-0.409863
7,3.33475,-0.192043
7,3.94292,-0.61422
7,2.51618,-0.140299
7,1.83335,-2.71356
7,-1.43036,2.86864
7,3.37421,-0.339277
7,0.704432,-2.49879
7,-2.95473,-0.244622
7,1.17684,-2.92917
7,3.11583,-0.0968236
7,1.46255,2.59218
7,2.33237,-2.12363
7,1.30299,-2.7202
7,3.45064,-0.146746
7,-1.43306,2.13361
7,-3.24239,0.0864676
7,3.83858,-0.0539515
7,3.36081,0.951701
7,1.49483,-2.8989
7,3.54225,-0.374991
7,4.42299,-1.04364
7,-2.7824,-0.0740615
7,3.63187,-0.523578
7,-1.20815,-2.32436
7,2.85447,-0.479869
7,3.56587,0.243659
7,3.27569,-0.114069
7,3.31677,0.76994
7,-1.86856,2.50783
7,1.30638,2.54592
7,1.07387,2.5102
7,3.26927,0.65781
7,1.38125,2.79794
7,-2.734,-0.351926
7,1.14789,-0.263221
7,-2.73726,-0.242238
7,2.84204,-0.28564
7,2.82725,-0.473154
7,-1.81821,-2.7764
7,1.90477,-0.334519
7,-1.00416,3.17184
7,2.72296,-0.656232
7,1.48311,-2.19084
7,3.09211,-0.92791
7,2.09503,0.474501
7,1.21483,2.30339
7,3.0962,0.383963
7,-1.27964,2.17419
7,-1.39297,2.41293
7,-3.01725,-0.123006
7,2.39277,0.264582
7,1.30408,-0.0727465
7,1.69631,2.28709
7,1.78251,-2.60386
7,-1.50362,-2.37832
7,4.14245,0.667707
7,-1.49411,2.3883
7,3.35925,-0.639153
7,1.38788,-2.68062
7,-1.84827,3.18041
7,1.50382,2.57096
7,3.52862,0.195025
7,-1.61846,-2.68449
7,2.38976,2.06371
7,3.1571,2.12863
7,1.28887,-2.3746
7,1.2643,2.91827
7,3.07587,-0.404006
7,3.79864,-0.881305
7,-1.16672,2.61589
7,-3.1072,-0.215106
7,1.0856,2.55151
7,-1.51045,2.83671
7,2.54035,0.81514
7,3.41946,-0.647791
7,1.36425,2.22058
7,-1.62046,2.8834
7,1.63705,0.47928
7,1.04062,-2.87272
7,1.73618,0.58828
7,1.44879,2.6102
7,1.22797,-2.32098
7,-3.44313,-0.0227673
7,2.10671,0.810693
7,-3.3002,0.00793411
7,3.56587,-0.236545
7,-3.48205,-0.16024
7,2.62659,-0.135893
7,-2.0361,2.45346
7,3.3017,-0.601893
7,-3.31059,0.436308
7,1.42266,-2.69478
7,1.60413,2.23377
7,1.34522,-2.65925
7,-2.91866,0.080976
7,1.7509,-0.259073
7,-3.58264,0.0367192
7,2.37811,0.468598
7,-1.40993,2.6681
7,1.34572,-2.50123
7,2.13639,-0.14004
7,1.235,-2.70094
7,-1.38375,-2.87331
7,2.24898,-0.0479802
7,1.35274,2.7323
7,-1.6538,-2.60698
7,2.84601,-0.558279
7,-2.62351,0.164196
7,-1.83736,2.60203
7,-3.39852,0.161381
7,1.80937,-2.82475
7,-2.8506,0.0328732
7,3.32484,-0.0506618
7,2.49377,-1.25835
7,-2.92038,0.516406
7,-3.00968,-0.1856
7,2.72632,0.338783
7,2.84083,-0.165227
7,1.71265,2.20521
7,2.3455,-0.0747948
7,1.08639,2.80086
7,1.67397,-2.59464
7,2.87048,1.35141
7,1.95226,-0.0454331
7,3.17245,0.0920161
7,1.1129,-2.49464
7,1.82573,-2.48499
7,3.00151,0.148227
7,2.94012,-1.40618
7,-1.55949,2.35607
7,-1.72998,-2.40428
7,-1.1542,2.22084
7,2.86316,-1.01348
7,1.21109,2.78125
7,1.74337,-2.28325
7,-2.6204,0.196804
7,2.79879,-0.56307
7,1.85941,0.569647
7,2.99759,0.0852167
7,2.64667,-0.527182
7,3.21261,0.952711
7,2.92927,-0.669264
7,2.74838,-0.241354
7,1.31167,2.39916
7,2.16822,0.5485
7,3.33408,-0.921772
7,-1.63716,2.54984
7,2.68079,0.41831
7,-1.43773,2.53389
7,1.21759,2.61781
7,-3.27757,-0.342388
7,1.70212,2.74943
7,0.748163,1.17585
7,3.40511,0.951754
7,3.48493,-0.0957008
7,2.19363,0.609998
7,3.25376,-0.476146
7,-1.68442,-2.67033
7,-1.46862,-2.52114
7,-1.6259,2.60116
7,-1.40662,2.7075
7,3.22503,-0.514678
7,2.90009,1.14096
7,1.79219,-2.00029
7,2.87091,-0.224702
7,4.26032,1.18898
7,1.46708,2.53672
7,1.66288,2.75256
7,1.48667,-2.667
7,1.69319,-2.55816
7,-1.60249,-2.30898
7,-1.50115,2.6244
7,1.47117,-0.336462
7,2.79139,0.750089
7,-2.94283,-0.375176
7,-1.43558,2.47444
7,1.53207,-2.43541
7,-2.88164,0.246579
7,1.48496,2.56135
7,2.18263,0.912008
7,3.13932,0.307928
7,3.90722,-0.730787
7,1.91798,-2.57609
7,3.57838,1.35294
7,-1.77328,2.60853
7,2.1575,1.01719
7,-2.94573,0.251835
7,1.31072,2.73178
7,1.24429,2.83889
7,-2.5851,-0.608725
7,-2.88525,-0.0365652
7,-1.74175,2.7441
7,1.31516,2.81503
7,1.20803,2.47503
7,2.05137,-0.37111
7,2.68289,1.33762
7,3.16725,-1.23654
7,-2.86047,0.400318
7,-2.96622,-0.171279
7,2.67806,1.15178
7,1.96937,0.381093
7,1.46655,2.65951
7,1.1373,-2.74433
7,1.8556,-2.45793
7,1.48197,2.69349
7,-1.9425,-2.697
7,4.18679,0.62495
7,-3.13479,0.0148828
7,-1.44299,-2.93896
7,1.79038,-0.268517
7,-3.03628,-0.223743
7,-1.46281,2.76579
7,-1.7222,-2.77382
7,3.76219,0.000820217
7,-3.26571,-0.285986
7,1.62865,2.55726
7,3.09164,0.305419
7,2.36598,0.0650707
7,1.33604,-2.68511
7,-1.16274,-2.73646
7,3.95803,-0.462255
7,1.4637,-2.39155
7,2.80789,-1.36087
7,-1.40507,2.55569
7,2.08067,0.281396
7,2.40388,0.431173
7,1.52369,-2.81943
7,1.73665,0.312988
7,2.96935,-0.416546
7,-3.00372,-0.246458
7,3.07547,1.25365
7,1.8904,-2.5744
7,-2.70417,0.235821
7,-1.48846,-2.54886
7,3.13542,-0.101155
7,1.39631,2.73539
7,1.48134,-0.854087
7,-1.50178,-2.01571
7,1.35908,-2.37189
7,-1.64987,-2.67171
7,2.92405,0.834654
7,1.16024,-2.1391
7,3.75034,-0.0754254
7,2.98991,-0.0399566
7,2.79204,0.460578
7,-1.35108,2.2063
7,2.27917,0.543097
7,1.30051,2.55427
7,2.1824,-0.927274
7,2.81216,-0.361755
7,1.78815,-0.257216
7,2.42971,0.0261464
7,1.26463,-2.92402
7,1.78256,-2.50944
7,1.97829,2.95241
7,-1.79936,2.47957
7,3.52411,0.397849
7,3.16366,-0.21299
7,4.21504,0.627521
7,2.72288,1.06521
7,-1.3355,2.62236
7,-1.59973,2.56443
7,3.27642,-0.698792
7,2.41869,0.859055
7,3.413,-0.501783
7,-2.90496,-0.316172
7,3.61288,0.960432
7,1.48156,2.83096
7,-3.62475,-0.208922
7,-2.79152,-0.369752
7,3.4505,-0.746981
7,-2.83763,-0.123946
7,2.4871,-1.51238
7,1.5275,2.77724
7,-1.71656,-2.50473
7,3.6706,-1.68348
7,3.49415,-0.897177
7,-1.31706,-2.71574
7,3.28637,0.235939
7,-1.04046,-2.57847
7,4.34123,0.391244
7,1.506,-2.44339
7,2.9744,-1.76314
7,2.95983,0.210286
7,3.01815,1.49232
7,-1.61031,-1.96334
7,2.64065,-1.00848
7,1.80299,0.242825
7,1.25209,-2.61546
7,2.68848,0.886944
7,2.12513,1.07092
7,3.46032,-1.38851
7,-3.16255,0.0774022
7,3.66566,0.55115
7,4.76313,-0.183039
7,1.76536,2.80712
7,-1.21436,-2.86041
7,-1.97862,-2.33996
7,3.5103,0.10064
7,2.45134,0.84725
7,3.03491,0.934357
7,1.66895,-2.82288
7,1.41022,3.02388
7,1.46593,-2.4537
7,-1.47491,2.66593
7,3.07575,0.385753
7,3.43078,0.0569774
7,1.87075,-2.73832
7,1.69506,-2.74297
7,2.97402,-0.183827
7,1.90477,-0.665477
7,1.36209,-0.569129
7,2.65033,-0.0927589
7,1.31054,-2.50121
7,1.28693,2.69976
7,-3.4621,0.108243
7,2.7419,-0.271639
7,0.962887,2.10073
7,1.8028,2.36791
7,2.77521,-0.228459
7,2.87474,-0.534694
7,1.39225,-2.9982
7,2.60727,-0.0974211
7,3.66022,0.241675
7,-2.7019,0.115815
7,2.67186,0.0169467
7,3.41652,0.842484
7,3.46639,0.420075
7,-1.97317,3.26211
7,1.60939,-2.43149
7,2.7029,0.188077
7,3.41583,-0.942215
7,1.48457,2.68629
7,2.24624,1.11431
7,2.46188,-0.792416
7,2.46406,-0.252443
7,2.00649,-2.27012
7,3.67658,-0.513969
7,1.69694,2.99784
7,4.12987,1.1924
7,-3.27229,0.532991
7,-1.61235,-2.81474
7,3.87187,-0.873154
7,3.01066,-0.672083
7,-1.36305,2.70088
7,1.97244,2.65025
7,2.99561,-0.208636
7,1.91651,-2.87686
7,2.28587,1.09039
7,3.09741,1.82056
7,1.0652,-2.67788
7,2.32836,0.183747
7,4.38011,-0.112724
7,-3.19248,-0.296531
7,-1.63854,-2.66387
7,2.38518,0.693032
7,1.32476,2.35735
7,-1.68692,2.77175
7,1.43604,-2.88404
7,3.29864,0.803676
7,-3.2454,-0.139686
7,-1.48646,2.28869
7,-3.12986,0.272751
7,-3.03862,-0.0211904
7,2.81151,-0.880631
7,2.80219,-1.58511
7,1.5056,0.107043
7,2.49163,0.703796
7,2.08043,-0.471841
7,2.10999,0.746089
7,-1.56732,-2.41443
7,-1.5602,2.59914
7,2.49864,-0.504973
7,2.87978,0.484204
7,1.81648,-3.09001
7,-1.45957,-2.47541
7,1.05151,-0.157162
7,2.71276,0.86749
7,3.09179,-0.320115
7,2.65224,-0.0309398
7,2.32374,-0.26281
7,-1.06856,-2.54355
7,3.53855,-0.260259
7,1.83154,-2.64983
7,-1.37385,2.45622
7,3.42094,0.420379
7,-2.93016,-0.10229
7,-1.75073,-2.76658
7,2.94726,0.513454
7,1.57118,-2.12745
7,3.58914,0.554866
7,3.16629,-0.494135
7,3.39931,-0.672438
7,3.07494,-0.221617
7,2.34563,-0.578163
7,2.3126,0.601565
7,2.78486,-0.157177
7,1.9529,0.108542
7,-2.85433,0.0637131
7,3.09304,0.45888
7,-3.08099,-0.307523
7,2.74668,-0.0159717
7,1.55595,-2.72017
7,2.63575,-0.196516
7,2.2884,0.239973
7,2.81444,0.226909
7,3.27358,0.359242
7,2.75009,-0.00313558
7,3.48573,-0.853906
7,1.95082,0.486808
7,2.6128,-0.325519
7,3.11435,0.176115
7,2.99114,-1.60814
7,1.75375,2.31747
7,-2.8668,0.0217921
7,-1.25202,2.4236
7,0.995623,-2.47876
7,3.94185,-0.484472
7,-3.17742,-0.300883
7,3.02493,-0.154953
7,-2.60069,0.0531807
7,-1.52931,2.78987
7,1.85557,-2.57159
7,1.81158,-2.60392
7,1.4437,-2.64866
7,3.01146,0.707926
7,-1.57627,-2.63765
7,2.49116,0.120959
7,-1.295,2.674
7,1.06099,-2.46716
7,-1.2482,2.45035
7,-2.88331,0.125916
7,1.71169,2.09119
7,3.26029,-0.400447
7,3.56192,0.267374
7,2.78858,-0.368563
7,3.18096,0.78098
7,3.94267,0.295873
7,2.68559,1.25509
7,-2.89763,-0.25018
7,4.43674,0.165447
7,-1.22409,2.00924
7,-1.20921,2.95819
7,3.15018,-0.921546
7,2.66808,0.868644
7,-1.23529,-2.81085
7,-1.3739,-2.685
7,2.76506,0.216161
7,1.597,2.93335
7,0.982753,0.0551917
7,3.09988,-0.212589
7,1.83129,-2.32816
7,2.94462,-1.61072
7,-1.29186,-2.83672
7,3.2756,-0.291664
7,-1.70195,-2.53425
7,2.55877,0.773916
7,2.97597,0.713288
7,3.3666,-0.681057
7,-0.953964,2.51926
7,2.34927,-0.254516
7,1.87916,2.89764
7,-3.31528,0.179615
7,2.82615,-0.267708
7,-1.18672,2.05674
7,3.22315,0.632966
7,2.50009,0.231477
7,2.54149,0.289037
7,2.42635,-1.3807
7,1.27519,-2.9992
7,-1.41074,-2.97523
7,2.88415,0.684317
7,3.58699,-1.39382
7,-1.29044,2.5734
7,1.68057,0.405767
7,2.72181,0.229229
7,1.54381,-2.23033
7,2.32819,1.32839
7,-1.29385,2.35594
7,3.51965,0.509434
7,3.2711,-0.909616
7,1.52539,2.47905
7,3.14079,-0.805243
7,3.15062,0.748656
7,2.18304,-0.532911
7,-1.33691,-2.39247
7,1.45712,-2.59475
7,4.4589,-1.06981
7,2.08793,0.519133
7,-1.56034,2.47106
7,-3.31973,0.431199
7,-1.78784,-2.62661
7,1.93802,-2.92891
7,1.95356,-0.245834
7,-3.29159,-0.238718
7,-1.67389,2.72298
7,3.07205,-0.289429
7,3.74069,0.871268
7,3.03553,-0.88628
7,2.80761,0.862778
7,2.83466,-1.29785
7,3.40208,0.845491
7,-1.29542,3.00059
7,2.3434,-0.103674
7,-1.42249,2.54242
7,2.15099,-0.429797
7,-1.21952,2.62643
7,-1.72254,-2.59379
7,1.75189,0.157268
7,4.18143,-0.201596
7,2.19393,0.0574983
7,1.56372,-2.55562
7,1.4204,-2.66736
7,-1.52459,-2.79151
7,-1.67231,2.2216
7,2.09448,1.27628
7,-1.43137,-2.28949
7,2.7489,-0.117266
7,2.59267,0.0937047
7,2.09788,1.18946
7,2.88411,0.618356
7,1.38128,2.80351
7,2.5438,-0.175836
7,-1.24893,-2.6346
7,2.32497,-0.3402
7,1.13188,-2.55785
7,-1.7202,-2.71314
7,3.48011,-0.751904
7,1.15935,-2.75689
7,-2.6835,0.045069
7,2.59738,0.245514
7,1.78209,2.38803
7,2.70022,0.186055
7,3.43727,0.523733
7,-1.76604,-2.76656
7,3.03734,0.230629
7,4.12946,-0.831157
7,1.47603,-2.31194
7,3.39571,-0.749334
7,3.26146,0.260459
7,-1.04398,-2.74699
7,4.00122,0.360513
7,1.94038,2.66619
7,-1.27837,-2.82831
7,1.19418,-3.05467
7,1.53754,-2.88546
7,3.24034,-0.404581
7,1.42043,2.37729
7,3.11398,1.22933
7,-2.64046,-0.258074
7,4.06583,0.0604329
7,1.97147,0.487537
7,-3.04641,0.561389
7,1.61192,2.79713
7,2.02255,-2.45973
7,1.80888,2.98599
7,1.35866,-0.264395
7,2.30353,0.840755
7,-3.54152,0.0550915
7,-3.21959,-0.0273756
7,2.15057,-0.124073
7,3.11274,-0.565986
7,4.27775,-0.135015
7,2.90685,0.339386
7,3.50101,0.0832428
7,-1.77628,2.70945
7,-1.32263,2.57545
7,3.68327,0.57503
7,2.37474,0.327573
7,2.98709,-1.34921
7,3.18845,-0.715179
7,-2.73176,-0.423269
7,-2.89509,0.294232
7,1.39248,-2.53455
7,2.09197,-0.348597
7,-3.05734,-0.0528425
7,-1.57118,2.44939
7,1.43208,-0.954928
7,-2.8894,0.0589198
7,1.92527,2.76493
7,-1.53087,-2.49307
7,-1.99908,2.13903
7,-1.41383,2.27246
7,1.44522,2.23583
7,2.80169,2.04146
7,1.62936,2.40023
7,-1.27008,2.36665
7,1.55521,2.62566
7,3.19123,0.132317
7,1.68932,2.72826
7,3.08272,-0.275975
7,-3.19086,0.114878
7,2.45069,-0.236985
7,3.54035,0.236234
7,-2.80799,-0.0329517
7,3.34978,-0.0270932
7,4.35478,-0.192676
7,3.48423,0.417792
7,2.39443,-0.135081
7,1.37419,-2.76245
7,-3.33612,0.280011
7,-1.74022,2.18257
7,-3.15704,-0.155443
7,-1.58321,2.5296
7,-1.42029,2.68386
7,3.15557,-0.636924
7,2.50732,0.407208
7,1.66846,-3.05348
7,-1.74851,-2.55377
7,-2.8955,0.452269
7,2.95608,-1.34562
7,1.91418,-2.40192
7,1.08958,-2.74366
7,-1.80699,2.30066
7,-1.70793,-2.55441
7,1.24066,2.58192
7,3.52806,0.145641
7,3.68446,0.242043
7,1.7404,-2.78834
7,4.41935,0.856557
7,1.50495,2.37748
7,2.43381,1.18082
7,1.95324,0.341331
7,3.09634,0.618679
7,3.82251,-0.481028
7,1.52328,2.32912
7,-1.48681,-2.45315
7,-1.76645,2.4354
7,-3.24161,-0.322368
7,1.53259,-3.04792
7,1.19687,2.68844
7,-3.13647,0.275308
7,0.970651,-2.51298
7,-3.2248,0.285649
7,1.54992,-0.318686
7,-1.29848,3.07275
7,3.50992,0.832301
7,3.25171,0.630099
7,2.11015,0.247747
7,3.27878,1.54604
7,1.49592,2.76891
7,2.89942,-0.694663
7,2.487,-0.394733
7,3.52001,0.290425
7,-1.46897,-2.80832
7,3.6781,0.35945
7,-1.71308,-2.88351
7,2.17625,-0.676909
7,3.11803,0.489959
7,3.85664,0.114412
7,3.23694,1.32306
7,1.56475,2.37943
7,3.67478,-0.273132
7,-1.49947,-2.89695
7,-1.85707,2.85919
7,2.14167,-0.352292
7,-1.38087,-2.83337
7,2.28455,-1.46957
7,2.10052,0.304222
7,-1.31559,2.563
7,-1.94869,2.74425
7,1.67622,2.37532
7,3.08567,-1.39607
7,1.25152,-2.79444
7,4.19892,-0.41788
7,2.41128,0.428477
7,-3.23259,-0.100498
7,-2.83221,0.516172
7,1.18474,2.29649
7,1.44142,-2.66261
7,-1.67513,2.59622
7,3.48878,0.575506
7,-2.98305,-0.151086
7,1.62835,2.60208
7,-1.57517,2.42786
7,-1.25418,2.58182
7,-1.98934,2.05117
7,2.60458,-1.02362
7,3.05892,0.664649
7,0.89195,2.75342
7,-1.75766,2.59314
7,1.42488,-2.40775
7,1.83172,2.40823
7,1.2975,2.74973
7,1.5347,-2.31232
7,3.3085,-0.347919
7,2.14005,-1.35821
7,1.42829,2.19218
7,-1.64076,3.0306
7,3.3847,-0.861797
7,1.01934,-0.542406
7,2.49745,1.30781
7,2.10342,0.933263
7,-1.57436,2.58434
7,-1.47054,2.73194
7,-1.25235,2.58996
7,3.8563,-0.52253
7,-1.56595,-2.64612
7,2.29105,-0.807951
7,-1.75667,2.53019
7,3.88407,0.286772
7,2.66256,1.02681
7,1.53717,3.25895
7,-1.48593,2.27342
7,-1.61806,-2.65969
7,1.55983,2.72537
7,1.55439,2.37001
7,1.71705,2.79754
7,1.55594,-2.79255
7,1.06911,-2.8023
7,2.89848,-0.998792
7,2.52225,-0.102707
7,-1.4288,2.42889
7,3.77572,1.16464
7,0.970264,2.90128
7,1.45866,-2.90958
7,-0.772918,-2.00172
7,1.53046,-0.170767
7,-3.0505,0.089218
7,1.23156,-2.64942
7,3.20318,-0.475404
7,3.1081,0.584107
7,4.66302,-0.0645251
7,2.24922,0.93909
7,1.15072,2.41463
7,-1.81611,-2.43168
7,-1.43143,-2.56258
7,2.74825,-0.645035
7,-1.56592,2.42255
7,3.37986,-0.0915592
7,3.62913,0.153687
7,-1.7049,-2.82167
7,-0.866111,2.90117
7,-1.33387,2.42902
7,1.8615,-0.0390516
7,2.6386,0.701735
7,2.09011,0.420111
7,-3.33113,0.0376237
7,2.70097,-0.179081
7,3.34069,0.779007
7,2.84635,-0.935923
7,2.90351,0.4912
7,-1.36777,2.15672
7,1.90602,0.491079
7,3.38889,0.341905
7,2.73321,-0.30818
7,0.849164,2.45807
7,3.0562,-0.421101
7,-3.00025,0.12319
7,-1.56809,2.56522
7,2.10708,0.784134
7,3.49811,-0.177869
7,3.70879,0.219241
7,1.44367,-2.23414
7,-1.52426,3.20186
7,1.63419,-2.5531
7,-1.2383,2.27225
7,-1.70121,2.54441
7,-1.26597,2.4051
7,2.14266,-0.242986
7,1.81849,2.51938
7,-1.36902,-2.37852
7,1.33372,2.85407
7,2.48033,-1.15859
7,1.69477,-2.71753
7,-1.18895,-2.52415
7,3.20651,-0.415178
7,3.40635,-0.722787
7,2.32184,-0.146427
7,1.26086,-2.49005
7,-1.67225,3.02814
7,2.25241,-0.705784
7,1.35307,2.49849
7,3.75629,0.343858
7,2.22461,0.284731
7,-2.79982,0.247444
7,1.64804,-2.72966
7,2.41333,-0.9649
7,1.59409,2.81982
8,-1.22051,-2.59205
8,1.74458,-2.51096
8,3.72389,-0.176037
8,3.54342,0.718078
8,2.22695,-1.37802
8,1.49067,-2.31121
8,-1.43781,-2.29888
8,3.51183,0.298527
8,2.35931,-0.362046
8,-1.50498,-2.83984
8,3.24632,0.319137
8,1.37124,-2.56953
8,-1.50809,-2.40796
8,3.18835,1.33766
8,1.1161,1.0958
8,2.33303,0.315333
8,2.49937,0.148208
8,3.57069,0.0215503
8,3.00349,-0.659764
8,1.53327,-2.91052
8,2.06687,0.559381
8,1.80656,-2.79533
8,1.88491,3.02864
8,1.8086,0.287036
8,3.38794,0.407283
8,-2.73117,0.11135
8,-1.79426,2.68927
8,3.32246,0.51109
8,2.97685,0.12045
8,2.88266,1.48571
8,-2.63186,-0.214086
8,-1.35981,2.52047
8,2.92184,-0.770688
8,4.2731,-0.296972
8,3.14907,0.208766
8,4.67617,0.213802
8,-1.40921,-2.25023
8,2.84677,-0.230876
8,2.15253,0.429561
8,3.00163,0.0754723
8,4.2338,0.461224
8,-3.04702,-0.0551576
8,-2.86414,-0.0144457
8,2.39956,0.0729632
8,-1.71464,2.55775
8,-2.81878,-0.183911
8,2.236,-1.023
8,3.05207,0.0606362
8,1.83745,-0.0976292
8,2.1784,0.411291
8,-3.76247,0.392212
8,3.07249,-0.0474377
8,1.20205,2.87634
8,2.81414,-0.343672
8,4.68428,0.290843
8,-1.75,-2.89472
8,-2.88936,0.426132
8,1.7271,-2.51171
8,2.34025,-0.0468935
8,0.85269,-2.27849
8,-1.57744,-2.71771
8,1.34389,0.457968
8,-2.15207,2.89837
8,-3.08357,-0.460516
8,-2.88527,0.0890063
8,1.63693,-1.3998
8,2.66254,0.376229
8,3.46265,-0.00143757
8,-1.26928,2.47741
8,2.43576,-0.0829856
8,3.27601,0.0090777
8,3.83679,-0.369315
8,-2.91603,0.300087
8,-3.16856,-0.224922
8,-1.13041,2.56618
8,-1.40215,-2.08039
8,-1.53804,-3.01205
8,1.33006,-0.273784
8,-3.23294,-0.291189
8,2.71337,-0.773903
8,-1.66338,2.81996
8,2.5585,-0.822583
8,2.21011,1.03208
8,-1.47681,2.66421
8,-2.86451,-0.13659
8,1.29225,2.79056
8,1.65872,2.53337
8,1.45068,2.33279
8,-3.13738,-0.337409
8,1.72441,-2.94094
8,-1.31935,-2.20671
8,-1.11898,2.16175
8,2.45743,-0.0432517
8,2.34628,0.14494
8,3.46905,-0.215634
8,2.82905,-0.0943955
8,3.95361,-0.606973
8,2.75715,-0.479749
8,-1.49702,-2.57109
8,-1.29595,-2.73381
8,2.75346,-0.10092
8,-1.61867,2.89396
8,2.78514,-0.0136673
8,2.13221,0.229193
8,2.78644,-0.271199
8,-1.62032,-2.46372
8,-2.76538,0.340098
8,3.40515,-0.363797
8,-1.71614,-2.54881
8,3.32065,-0.0174818
8,3.52026,-0.0428979
8,2.45402,-0.188111
8,-1.77487,-2.52873
8,-1.44605,2.12719
8,4.52302,-0.464939
8,2.9635,-0.0808606
8,3.7347,-1.18037
8,2.92641,1.04597
8,1.94919,2.61167
8,3.28959,-0.240817
8,1.49012,2.52252
8,3.23719,0.416784
8,-1.24342,2.40562
8,1.90427,2.64701
8,3.46754,0.11071
8,3.15531,0.566544
8,2.62318,-1.06512
8,-1.511,2.46518
8,2.5992,-0.476474
8,-1.90412,-2.43953
8,-1.34713,2.94198
8,3.84544,-0.948703
8,-3.20121,-0.0874435
8,1.79775,2.36345
8,2.71369,0.393218
8,2.3236,0.324448
8,2.50798,0.329313
8,3.54206,0.627365
8,2.85638,-0.299405
8,3.55034,1.6632
8,2.56128,-0.649773
8,-1.73578,-3.28249
8,-1.46575,2.39774
8,2.27231,0.879045
8,4.30873,0.594069
8,-1.39726,-2.61396
8,3.03975,0.350155
8,3.14575,0.678065
8,1.62978,2.98332
8,1.48653,-2.32161
8,2.845,2.26364
8,-3.06768,-0.181243
8,-1.42918,-2.67712
8,1.06466,-2.72822
8,1.46739,2.83177
8,2.86776,-0.0900158
8,2.39257,0.87577
8,2.72388,0.0278282
8,1.31606,-2.66637
8,3.51042,0.325451
8,1.96594,0.873083
8,-1.45484,2.59512
8,2.34813,-0.28885
8,-1.39332,-2.53212
8,3.59285,0.576039
8,1.91995,0.202743
8,-1.71116,-2.52394
8,-1.21169,2.31447
8,3.09391,-0.324262
8,1.244,-2.52794
8,-1.31978,2.82552
8,2.50901,0.860171
8,1.6241,-2.44685
8,-1.39747,-2.60197
8,2.70349,-0.67507
8,1.78362,-2.2503
8,2.38298,-0.799878
8,-1.64701,-2.66222
8,1.35832,-2.91503
8,-1.35525,2.85993
8,1.48998,2.60286
8,3.06745,0.257559
8,-1.39018,2.77762
8,2.5354,0.561407
8,-3.00456,0.37426
8,3.56597,1.41491
8,-3.30395,0.0186956
8,1.87695,2.63722
8,2.95595,-0.540343
8,-1.76424,2.83918
8,3.94041,0.173885
8,3.00701,-0.65787
8,2.49188,-0.16253
8,3.54822,-0.505397
8,1.35748,2.30246
8,3.13336,-0.154695
8,-1.32495,-2.52809
8,-1.68098,2.73823
8,2.83318,0.0956876
8,3.45894,-0.449139
8,3.5244,0.0416873
8,-1.02092,2.23534
8,-1.57232,-2.50039
8,2.54497,0.256139
8,-3.03889,0.253641
8,1.17928,-2.58689
8,2.2337,0.557885
8,1.55583,2.77774
8,1.46179,-2.29117
8,2.68269,-0.840127
8,1.72835,-2.25761
8,3.94187,-0.976938
8,2.5742,0.78208
8,2.92988,-0.700082
8,4.20836,-0.0630574
8,1.5148,2.43674
8,-2.72339,-0.188467
8,3.80932,-0.908975
8,-1.24915,-2.71048
8,2.97396,-0.545747
8,-2.96183,-0.276682
8,-1.578,-2.21523
8,3.03278,0.2333
8,2.40091,-0.778803
8,1.73659,0.582306
8,3.75898,0.846142
8,4.46688,0.786718
8,2.87356,0.75252
8,4.3104,-0.958944
8,3.353,0.574315
8,1.65409,-2.46785
8,-2.79947,0.0163294
8,2.83324,0.316675
8,4.01342,0.0342572
8,1.6755,-0.567163
8,3.02508,0.121302
8,2.74781,-0.86465
8,2.90825,1.57311
8,3.0537,0.508531
8,-2.61735,0.230321
8,3.81049,0.0276039
8,3.75512,0.73114
8,-3.02442,0.192565
8,2.48988,-0.7698
8,1.43896,-2.91263
8,1.57961,2.57621
8,4.31349,-0.367135
8,3.00802,-0.373086
8,-1.2994,-2.80454
8,2.64361,-0.297092
8,-1.34993,2.42187
8,1.21279,2.65148
8,3.40534,-1.1112
8,-3.05811,0.105811
8,-3.06465,-0.0593277
8,2.68672,-0.512892
8,3.9339,0.962841
8,3.01744,-1.05293
8,-1.52238,2.54764
8,2.5132,-0.635202
8,1.37182,2.74929
8,-1.88297,-2.5653
8,2.40314,-0.13459
8,1.21135,-0.51772
8,3.20616,-0.612415
8,2.86952,1.9579
8,3.55654,-0.138946
8,-1.66766,-2.86791
8,2.39202,-0.19158
8,-2.82319,-0.169764
8,-1.49761,2.34351
8,3.57234,-0.633754
8,2.78692,-0.877142
8,-3.04006,0.18195
8,1.53163,2.67113
8,1.9201,-2.61123
8,3.09915,-0.32111
8,4.41551,-0.419617
8,-1.52549,-2.65001
8,1.16074,2.44704
8,1.62374,2.20892
8,2.50544,0.133884
8,3.0112,1.30781
8,1.63149,2.59054
8,1.10131,3.00827
8,-1.35215,2.55922
8,3.03245,0.27635
8,-1.5136,-2.71646
8,-3.10449,0.646577
8,3.72081,-0.314849
8,2.86451,0.816319
8,-1.82295,-2.79827
8,2.0739,0.290029
8,3.26729,0.242103
8,1.49494,2.72366
8,1.43775,2.51409
8,3.28766,0.35133
8,3.59758,-0.172818
8,-1.60688,-2.60705
8,4.22106,1.42799
8,-1.81717,2.66197
8,1.84065,-0.958141
8,2.39365,0.107821
8,3.94655,0.51884
8,3.43661,-0.604702
8,-1.24377,2.32733
8,2.06211,0.848974
8,1.34157,2.77227
8,2.77069,-0.67564
8,1.49754,2.72347
8,2.81958,0.823549
8,2.33261,0.0076081
8,2.90881,0.686254
8,3.55339,1.39745
8,1.34038,3.09389
8,1.27237,2.45052
8,2.60347,0.0248285
8,3.60468,-0.12768
8,1.42656,2.94091
8,2.69457,-1.52537
8,3.49301,0.808898
8,2.66741,0.0991196
8,-1.83454,2.54866
8,2.04125,0.330758
8,-1.56008,2.55137
8,-1.51363,-2.65171
8,-1.52483,-2.75923
8,1.48874,-2.71097
8,3.28135,-0.602566
8,1.78239,-0.982312
8,1.96808,2.63079
8,-1.35305,-2.77318
8,-1.56179,-2.66694
8,-1.56924,2.74212
8,4.16121,-0.847188
8,-1.65948,-2.76566
8,-1.32075,2.15391
8,3.14797,0.877323
8,3.64986,-0.045657
8,1.4494,2.27807
8,3.06807,-0.38084
8,1.9442,2.54824
8,1.56683,2.79433
8,3.07461,-1.30942
8,2.90652,0.444294
8,3.71074,0.870486
8,3.01798,-0.195782
8,-1.52377,2.44808
8,3.7897,-0.489162
8,-1.61788,2.72861
8,1.13639,-2.2011
8,2.56047,0.204987
8,2.91388,0.249345
8,2.22504,-0.321462
8,3.44726,-0.958823
8,-1.68609,-2.63368
8,3.03734,-0.0611831
8,-1.53351,-2.42859
8,3.4657,-1.12421
8,-1.80222,-2.47799
8,3.5679,0.777806
8,3.00884,0.838275
8,3.25686,-1.48827
8,2.36908,-0.00547966
8,1.87038,-2.65303
8,3.72546,0.638886
8,1.50623,2.56872
8,2.45072,0.0153645
8,-3.02368,0.569863
8,1.66826,-2.44047
8,1.92526,-0.999941
8,4.02062,-0.372237
8,1.98329,0.779209
8,-2.93641,0.233982
8,3.5112,-1.02906
8,1.47721,-2.79403
8,1.62724,2.75915
8,2.99499,-0.154191
8,1.78658,0.146451
8,3.19173,-0.11122
8,2.23454,0.280249
8,3.06856,-0.315633
8,-1.22733,2.75377
8,3.6218,0.764228
8,3.80724,-0.0923628
8,1.38787,2.64799
8,1.7097,-3.03095
8,-2.86938,-0.156824
8,4.08366,0.17565
8,2.92938,1.62358
8,-1.67902,2.5821
8,3.18912,-0.203869
8,3.34939,0.20161
8,2.39746,0.862498
8,2.88769,0.300495
8,1.27958,0.403221
8,3.11755,0.479739
8,2.4333,-0.987829
8,2.72706,-0.971359
8,2.66729,0.283793
8,-3.08274,-0.0889514
8,1.70963,0.0795601
8,1.25646,0.689817
8,2.61325,0.823086
8,4.01731,0.415026
8,2.54442,-0.0562691
8,3.91802,0.308871
8,-2.72008,-0.148294
8,1.81718,-0.896651
8,3.5413,0.552409
8,2.26233,0.0474924
8,2.79147,-1.23025
8,3.47142,-0.570694
8,-3.08436,0.0651968
8,-1.69945,2.62335
8,1.17018,2.64838
8,2.62494,-0.134652
8,3.40976,-0.214232
8,-1.16848,2.66463
8,-2.54516,-0.143447
8,-2.9266,-0.518892
8,3.09885,0.821534
8,-1.45687,2.74998
8,4.28661,-1.00827
8,1.03808,-0.205998
8,3.2566,-0.340414
8,4.15884,-0.691966
8,2.00419,-0.948345
8,3.20654,-0.33289
8,3.19768,0.839702
8,-1.46707,-2.72771
8,3.14194,-0.665573
8,-1.25082,-2.74475
8,-1.15033,2.68526
8,2.97024,0.220001
8,2.54022,-0.0543166
8,3.83224,-0.172106
8,2.5426,-0.575918
8,4.16843,0.208615
8,1.74898,2.87019
8,3.69976,0.79142
8,-1.47526,-2.865
8,2.5398,0.50697
8,-1.37029,2.70794
8,4.20165,0.640292
8,3.48102,1.74556
8,-1.73501,-2.6282
8,3.46102,0.0369777
8,-1.46304,2.91994
8,1.55885,-2.71023
8,1.47404,2.37783
8,-1.58283,2.78594
8,2.04197,-2.78538
8,2.19259,-0.198696
8,2.64467,1.03514
8,2.96832,-0.289749
8,1.30873,2.54288
8,2.5861,-0.356044
8,1.88216,2.32541
8,2.42678,-0.167062
8,1.40532,-2.32351
8,1.61254,-2.93552
8,2.57129,0.509515
8,4.05776,-0.301861
8,1.58533,-2.35489
8,3.25065,-0.876035
8,3.21654,-0.583152
8,3.26463,0.460179
8,3.66703,0.595339
8,-1.53266,2.44176
8,-2.68354,-0.114046
8,2.67016,0.808143
8,-1.21055,2.21474
8,3.05728,-0.803992
8,4.26745,-0.253974
8,-1.22179,-2.16126
8,3.61478,-0.016664
8,-3.15204,0.0139808
8,4.00147,-0.78223
8,-2.61129,0.433064
8,1.25359,2.63997
8,1.46587,2.7326
8,3.87649,0.526424
8,1.20099,0.301403
8,4.23896,0.383342
8,-1.51813,2.56062
8,3.41775,-0.0485078
8,3.11018,0.316518
8,2.92435,-0.27508
8,4.57799,0.123119
8,1.62225,2.38388
8,1.46566,-2.46675
8,-1.24179,2.43541
8,2.67601,-0.0119221
8,-0.922768,-2.6375
8,1.45524,1.13426
8,1.95982,0.132239
8,-1.34748,-2.44782
8,3.57304,1.61391
8,1.62556,2.39827
8,3.81537,-0.768643
8,2.90765,1.1167
8,1.48259,-2.71523
8,3.58908,0.190316
8,3.60471,-1.444
8,-1.88892,2.45246
8,4.25202,-0.446466
8,3.78855,0.524213
8,1.26211,-2.23521
8,-1.47622,2.44124
8,-1.6581,2.65829
8,-1.30538,-2.8296
8,2.5402,0.280984
8,1.93816,2.60367
8,4.02043,0.285798
8,-2.64254,-0.101478
8,-3.14868,0.0924313
8,2.15974,0.318448
8,2.06969,-0.230843
8,1.72556,-0.381976
8,-1.19315,2.72485
8,-1.36197,2.4326
8,1.52062,-2.43125
8,2.68464,0.0269012
8,3.65772,0.336131
8,-1.57773,-2.3909
8,-1.67326,2.64143
8,4.16686,0.727243
8,2.32955,0.845547
8,2.75352,-0.488572
8,-1.41711,-2.76573
8,-1.32294,3.00303
8,1.71222,2.8355
8,3.79219,-0.974405
8,2.65469,0.959896
8,-1.53457,-2.80805
8,1.63108,-2.81226
8,3.42757,-0.334605
8,1.34209,2.78027
8,1.53655,2.2893
8,-1.51779,-2.4349
8,-1.38238,2.42381
8,-1.36382,-2.64504
8,3.56773,-0.7447
8,-1.39006,-2.86185
8,3.17818,0.426451
8,1.77206,2.84648
8,2.47501,1.02737
8,1.74682,-2.74561
8,3.72631,-0.670854
8,-1.41699,-2.41024
8,1.70494,-2.74667
8,1.70962,1.30522
8,1.05351,2.59371
8,-3.625,-0.280254
8,2.00576,0.876573
8,1.33485,2.95067
8,3.37184,1.26571
8,1.42662,-2.65399
8,1.65531,-2.33616
8,-0.915097,2.15787
8,2.49364,0.234611
8,2.53796,-1.39532
8,1.7369,0.0773981
8,3.60947,-0.280533
8,-1.56652,-2.32087
8,-1.56241,2.3924
8,2.70136,-1.02014
8,1.44193,-2.76769
8,1.80095,2.99041
8,3.65501,0.528632
8,1.66693,0.263571
8,0.967642,2.38857
8,1.60125,1.1291
8,-3.36313,0.261405
8,-1.24831,2.52593
8,-1.36401,-3.0027
8,2.5615,-0.350662
8,-1.65409,-2.35049
8,3.30766,-0.404616
8,-1.54028,2.4818
8,3.76543,1.35079
8,-1.66102,2.23551
8,1.48483,-2.63297
8,2.5885,0.115642
8,3.65326,-0.451257
8,-1.68863,-2.46132
8,-1.55084,2.78229
8,3.41346,0.204698
8,1.38084,2.68087
8,1.63938,0.502723
8,3.80918,-0.214894
8,2.99299,-0.413376
8,2.62794,-0.176568
8,2.47061,0.193362
8,2.4473,-0.0333542
8,-2.85007,0.0806511
8,3.1204,-0.0853055
8,2.7683,0.349753
8,2.24364,0.925062
8,4.64721,-0.513638
8,1.91342,2.5331
8,-3.00913,0.03043
8,-1.38886,-2.53159
8,1.13388,-2.79088
8,1.06202,2.36385
8,-1.387,2.52577
8,-2.86489,-0.141311
8,3.54014,-1.09225
8,2.28402,1.03077
8,-1.56947,2.92764
8,-1.54474,2.76184
8,2.07971,0.00428796
8,2.79425,0.667684
8,2.41191,0.328363
8,-1.87676,-2.83734
8,3.69334,-0.249407
8,1.51517,-2.66784
8,-1.8491,-2.6688
8,-2.92445,-0.197284
8,2.81612,-0.30957
8,4.81668,-0.795508
8,1.50312,-2.57107
8,3.60744,-0.447872
8,4.64302,-0.917965
8,2.98848,-1.55642
8,3.36094,-1.37692
8,1.5458,-2.44218
8,2.51044,1.02626
8,-1.33938,-2.35793
8,-3.10791,0.173026
8,2.13026,0.339736
8,3.24973,0.0250083
8,2.31893,-0.480283
8,3.48189,1.02198
8,3.4362,0.0838116
8,2.01169,-0.0966377
8,3.23686,-0.522448
8,1.87583,2.56742
8,1.56307,-2.62384
8,4.70467,-0.0761577
8,1.40455,2.39604
8,1.45135,-0.146838
8,3.67579,-0.456624
8,2.89206,-0.970095
8,-3.01706,0.55081
8,-1.6131,-2.6087
8,1.479,-2.74735
8,2.09145,-1.10864
8,3.15595,0.994059
8,3.61179,-0.727839
8,2.45417,-0.580895
8,1.4175,2.46104
8,3.6173,1.45671
8,2.44787,0.679505
8,2.46242,0.0951767
8,1.40667,2.52171
8,-1.46047,2.86839
8,1.94054,-2.48575
8,2.28408,0.0735372
8,1.38056,2.48216
8,3.68046,-0.441437
8,3.55846,-0.316988
8,3.07751,0.478653
8,-1.88717,-3.089
8,3.498,-0.456835
8,-1.16952,2.52187
8,2.4973,-0.0177791
8,2.4074,0.318897
8,2.9202,-0.0706268
8,1.50999,-2.60683
8,1.57577,-2.44416
8,3.5486,-0.882482
8,1.59355,2.66068
8,3.45416,-0.146808
8,-1.68436,-2.81542
8,-3.15387,0.118479
8,-2.76601,0.225944
8,3.61076,-0.720052
8,2.14809,-0.347543
8,2.98241,0.188154
8,3.46834,0.438779
8,3.61654,0.249651
8,2.52404,0.437901
8,1.30048,2.45835
8,2.58902,-0.650885
8,-1.29409,-2.77559
8,3.36445,0.624402
8,3.43006,1.39947
8,3.7806,0.233486
8,2.52038,-0.223926
8,3.82395,-0.0819998
8,1.7195,2.40367
8,2.9209,0.22273
8,-1.60657,-2.0877
8,1.53736,-0.591937
8,1.68547,-2.41704
8,2.45701,0.355722
8,3.10929,-0.0674225
8,4.01926,-0.630224
8,2.10724,1.24701
8,-1.61912,2.69544
8,3.39994,0.490251
8,3.29008,0.57252
8,-1.06188,2.65611
8,-3.13812,-0.510919
8,3.81955,0.32646
8,-1.41963,-3.00918
8,2.86139,0.341255
8,2.31378,-0.546012
8,1.90805,0.311891
8,2.63678,0.293988
8,1.47016,-0.0218556
8,2.41733,-1.73182
8,3.52705,-0.370763
8,3.52735,0.384038
8,-3.29184,0.0329304
8,-3.01426,-0.220004
8,-1.72555,-2.78685
8,-1.49694,-3.03793
8,2.27701,-1.31397
8,-1.39741,2.39092
8,3.14688,-0.825977
8,-1.65636,2.55482
8,2.58226,-0.174872
8,3.0307,-0.691115
8,-1.10528,-2.86396
8,1.54058,2.4764
8,-1.49843,-2.98299
8,3.48661,-0.212654
8,-1.10695,-2.29582
8,1.47996,2.65946
8,3.86703,0.908599
8,-1.69799,2.98153
8,3.1659,0.0893765
8,1.35129,2.79006
8,3.38959,-0.387479
8,2.71845,-0.627808
8,1.53081,2.92013
8,1.82707,-2.55935
8,3.26458,0.593219
8,-1.25085,-2.873
8,3.05435,0.822959
8,1.92846,-2.53128
8,1.6697,2.79777
8,1.70909,2.61359
8,4.42509,0.784321
8,3.56153,-1.18219
8,2.44413,0.662081
8,3.31312,-0.231173
8,1.23139,-2.39287
8,1.34914,-2.50417
8,2.93657,0.69554
8,3.0099,0.215184
8,2.32269,0.569454
8,2.18345,0.994015
8,3.17695,-0.27854
8,3.21697,0.353522
8,1.41391,-1.91055
8,3.42075,-0.636584
8,2.71534,0.241161
8,1.70519,-2.977
8,-2.75219,0.31069
8,3.59491,0.255835
8,-1.11987,2.3788
8,1.54574,-0.787194
8,-1.89233,2.50988
8,3.52166,-0.243742
8,-2.94459,-0.295799
8,3.54039,0.93145
8,3.03582,0.681765
8,1.19512,2.50817
8,3.29856,0.4265
8,2.77347,-1.30841
8,-1.6953,2.48183
8,3.83778,-0.76544
8,2.91193,-0.142907
8,3.1184,0.0265947
8,2.88118,0.824581
8,-1.00314,2.44004
8,1.54936,2.8281
8,2.60209,0.921378
8,-3.14187,-0.124611
8,4.01205,-0.569521
8,1.40055,-0.580883
8,4.77884,0.0609361
8,2.80137,1.07673
8,-2.68902,-0.188396
8,-1.63331,2.90741
8,2.47174,0.222838
8,-1.49452,-2.47084
8,2.05198,0.0308073
8,3.30574,-0.253301
8,-1.32443,-2.7285
8,-1.11256,2.57653
8,3.79539,-0.314253
8,-1.67559,2.7578
8,2.98599,1.55702
8,1.61683,2.54099
8,1.62996,-2.8462
8,3.51457,-0.906401
8,3.44416,-0.298001
8,2.30101,-0.183058
8,3.78937,-0.471511
8,2.24486,0.111117
8,-2.78542,0.18305
8,4.10875,-0.0455862
8,2.11881,0.835262
8,1.68213,2.34502
8,3.17834,0.668266
8,3.14776,0.0121415
8,2.19817,1.07199
8,4.32986,0.506341
8,0.785529,-0.882313
8,1.39108,-2.7041
8,2.98561,0.080854
8,3.00591,-1.00931
8,3.4508,0.0703716
8,1.88693,-0.302276
8,2.77372,-1.07795
8,4.58915,-0.237173
8,1.68771,2.95907
8,-1.37036,-2.96313
8,1.52492,2.45005
8,1.92476,-0.919545
8,3.19383,0.385241
8,3.76778,-0.177452
8,3.17549,-1.23122
8,1.39549,2.73618
8,2.79448,0.197103
8,3.14722,-0.258327
8,3.14962,-0.30686
8,-1.5491,3.10126
8,-3.15221,-0.0197183
8,1.6566,-2.15811
8,-1.30115,-2.41659
8,-2.86808,0.0424352
8,2.0128,1.16636
8,2.98251,0.910808
8,-2.82344,-0.000547901
8,2.76969,0.384671
8,2.204,-0.0984791
8,-1.13672,-3.00991
8,3.32288,-0.890469
8,-1.4513,-2.44259
8,1.41232,2.88083
8,2.17153,1.0435
8,3.23271,-0.412773
8,-2.91141,0.262215
8,1.34404,-2.79693
8,3.14018,-0.280093
8,-2.95311,-0.460726
8,1.81925,-2.77624
8,-1.53368,-2.36371
8,1.04072,-3.22813
8,2.24543,-0.585306
8,3.36154,0.457933
8,1.18726,-2.43013
8,2.01032,-0.459207
8,2.58012,-0.342132
8,3.11979,0.553041
8,-1.31342,-3.14445
8,1.75262,2.88572
8,1.57905,-2.59375
8,1.45997,-2.81613
8,-1.21725,-2.72007
8,3.24649,0.394521
8,2.70497,0.45162
8,2.7664,-0.607937
8,4.34074,-0.618652
8,1.45471,1.87939
8,3.76196,0.656632
8,3.35882,-0.28595
8,3.70782,0.389503
8,3.58918,-0.390462
8,1.66331,-2.33432
8,-3.2403,-0.0467392
8,3.01815,0.285133
8,1.2492,-2.25005
8,1.56933,2.51498
8,-1.59403,-2.53439
8,1.58127,1.06305
8,1.42379,2.50344
8,3.74105,0.153136
8,-2.62057,0.0122108
8,1.07299,2.65154
8,2.46118,-0.392124
8,-2.65692,0.0113553
8,3.06423,-0.15681
8,2.59423,-1.83621
8,3.02479,-0.627287
8,1.58708,2.822
8,1.31112,-2.71667
8,2.76333,-0.20969
8,3.69052,0.591869
8,1.93413,2.49063
8,2.54645,0.949903
8,2.52397,0.535305
8,3.5544,-0.346971
8,1.53769,2.33606
8,1.98915,-0.425337
8,1.99011,2.78113
8,1.67014,-2.75153
8,4.54812,-0.0753253
8,-1.7433,-2.16276
8,-1.47624,-2.48472
8,-2.82646,0.190994
8,4.21566,0.87815
8,3.66538,-0.289564
8,-1.70978,2.38488
8,-2.90826,0.276195
8,-1.54747,-2.32151
8,-1.29365,-2.57172
8,3.05441,-0.287014
8,3.41142,0.11656
8,1.37234,2.82807
8,1.21402,2.51684
8,1.88826,2.52187
8,3.92842,-0.967077
8,1.41457,2.54045
8,-2.8113,0.273074
8,3.73938,0.507022
8,1.26395,2.58922
8,1.46935,2.36835
8,3.02071,-0.542802
8,3.94467,0.193726
8,-1.41546,3.07734
8,3.74312,0.958057
8,3.04749,0.136922
8,2.62423,-0.0198155
8,2.84694,0.508942
8,-2.97135,0.0297346
8,3.28979,0.250132
8,1.37579,2.78549
8,2.34867,0.0752372
8,2.58633,0.129466
8,3.49304,0.00320735
8,1.8026,2.93807
8,1.78386,0.386785
8,3.59186,-0.894504
8,3.3423,-0.142513
8,3.61816,-0.299388
8,2.95916,-0.780596
8,-2.98876,0.431265
8,0.969198,2.13309
8,1.31304,2.79114
8,2.78655,0.200248
8,2.75293,0.379236
8,-3.35544,-0.194775
8,1.27931,3.1178
8,3.80288,0.342118
8,-1.70402,-2.72556
8,3.41049,0.777441
8,1.48178,2.5611
8,2.61416,-0.0760998
8,2.80227,-0.603295
8,1.13041,3.11978
8,1.7185,-2.63319
8,-2.89556,-0.114741
8,1.40854,-1.57004
8,2.92817,-0.619507
8,3.08788,0.642921
8,3.49776,0.384997
8,3.69719,0.472573
8,1.4282,-2.94023
8,-2.72979,0.0865381
8,-2.06165,-2.59108
8,-1.17725,-2.66488
8,1.65022,-2.55481
8,3.54338,1.38787
8,-1.57847,2.64821
8,2.35333,0.105936
8,3.29295,0.524277
8,2.81902,-0.604206
8,3.49201,0.386528
8,2.40858,-0.662642
8,-1.26188,-2.934
8,3.03686,1.1101
8,-2.93873,0.132043
8,4.15633,-0.0642704
8,2.86391,-0.866852
8,3.19684,-0.588286
8,3.1299,1.01714
8,3.05954,-0.14913
8,1.4694,-2.70275
8,-1.58686,-2.7999
8,2.70895,-0.0850863
8,-1.28932,2.41123
8,3.04997,0.136138
8,1.20648,0.246461
8,2.84345,-1.02216
8,3.0745,0.490986
8,1.48248,-2.92191
8,3.61423,0.366982
8,1.53467,2.68408
8,-1.52102,2.55438
8,-1.74584,-2.80098
8,3.15427,-0.366338
8,1.49814,-2.76145
8,1.88318,-2.40305
8,-1.61539,2.76455
8,2.81005,0.54807
8,-1.41368,2.7086
8,1.38655,2.58204
8,1.78079,-0.849922
8,-3.70319,-0.474367
8,1.85192,1.2037
8,3.59297,0.105238
8,2.64259,-0.554026
8,1.69172,-3.07407
8,-1.62483,2.54814
8,-1.62877,-2.85776
8,1.87566,2.69728
8,1.67927,0.169379
8,3.39622,0.373143
8,2.53611,-0.868372
8,1.0721,2.60128
8,2.58624,0.416228
8,3.42248,-0.957086
8,3.19387,-0.235591
8,2.37087,-0.0268821
8,-3.19367,-0.167033
8,2.99279,-0.862222
8,-1.69409,2.12383
8,2.53661,-0.464792
8,-2.94797,-0.436829
8,2.1683,-0.367393
8,3.32923,0.601065
8,2.65812,0.992567
8,3.25316,0.572649
8,2.9772,-0.71347
8,-1.49442,-2.34995
8,3.91404,0.702154
8,2.72547,-1.05209
8,2.35339,-0.218642
8,3.00213,0.754385
8,1.56567,0.870115
8,3.09208,1.09123
8,2.13866,-0.164265
8,1.58446,-2.98238
8,-1.35277,2.59513
8,2.81898,-0.342348
8,-1.61761,2.75303
8,1.05336,2.67136
8,2.71462,0.180098
8,3.23705,-0.175643
8,1.41531,2.92437
8,-3.43621,0.274066
8,1.41592,3.00908
8,2.69991,-0.472588
8,3.39091,0.539151
8,3.94024,-0.70664
8,3.27091,-1.24769
8,1.44435,-2.70543
8,1.4701,2.27518
8,4.03165,0.805081
8,2.77843,0.808212
8,2.75401,0.627959
8,4.01806,-0.778533
8,-1.79919,-2.45626
8,1.47103,-0.504547
8,-1.41792,2.71537
8,1.64704,-0.124375
8,-1.50659,2.3809
8,2.69291,-1.07049
8,-1.27863,2.56074
8,3.75413,-0.24829
8,3.14658,0.52646
8,3.47641,1.39994
8,3.54574,0.616235
8,2.4945,-0.0218921
8,3.2801,-1.21096
8,2.99414,1.15235
8,3.45048,0.0735649
8,1.59907,-2.70716
8,-2.87056,-0.0293575
8,2.56263,0.00776213
8,2.80862,1.09493
8,1.93331,-0.404641
8,1.48929,-2.40561
8,1.35582,-2.28161
8,3.88908,0.955586
8,-1.29721,-2.91157
8,1.77048,2.28192
8,3.17415,1.29632
8,-1.40488,-2.80319
8,-1.65248,-2.70382
8,-1.74105,-3.02526
8,3.37393,0.337885
8,1.75899,-2.90679
8,2.21176,0.632429
8,-1.42265,2.6725
8,-1.52021,-2.14251
8,-1.7749,-2.94334
8,2.91002,-0.660723
8,3.34553,0.595095
8,2.09691,0.4708
8,4.31959,0.0757255
8,3.19947,-0.50559
8,-2.93646,0.228343
8,3.7474,-0.576529
8,4.70002,-0.174575
8,3.56604,0.750083
8,-2.96521,0.332944
8,1.64431,-2.04879
8,2.57577,-0.462243
8,-1.83942,-2.63218
8,-3.12145,0.310747
8,2.47277,0.40332
8,-1.58375,-2.85934
8,1.48799,-3.01088
8,-1.93607,-2.78245
8,1.25301,2.7782
8,2.97356,0.844387
8,2.70104,-0.336575
8,-1.12479,-2.8867
8,2.63459,0.0937724
8,4.3166,0.413234
8,2.37118,-1.97599
8,-3.39199,-0.118515
8,-3.22512,0.157112
8,-1.26419,2.70196
8,-3.07266,-0.384648
8,3.67624,-0.224741
8,1.32189,-2.71759
8,2.67617,0.84859
8,-2.97905,-0.195602
8,-2.98985,-0.268015
8,3.40083,-0.241057
8,1.40926,-2.93501
8,1.89216,2.99885
8,3.33286,-1.31067
8,2.91207,-0.0396834
8,1.63461,-2.69765
8,-2.76238,-0.175811
8,3.32217,1.12738
8,1.20167,2.32921
8,3.13232,1.15588
8,-1.30142,-2.62212
8,2.24338,-0.208216
8,2.46972,-0.208746
8,3.60802,0.261145
8,2.35028,-0.247554
8,2.83328,0.389893
8,-1.27474,-2.2262
8,1.76285,-2.84066
8,2.8769,-0.321677
8,3.69367,-0.0592916
8,2.03312,0.141916
8,-1.34355,2.63533
8,2.60138,0.114785
8,2.9773,1.12756
8,1.29736,2.45275
8,1.36106,-2.37652
8,2.63894,2.02745
8,1.73366,-2.85958
8,2.74924,-1.03617
8,1.45866,-2.40543
8,-3.22281,-0.123904
8,-1.69261,-2.27717
8,-1.59668,-2.74111
8,2.90381,-0.547096
8,-1.52014,-2.64023
8,3.58721,-0.539473
8,-1.52013,2.49053
8,2.82383,1.0307
8,-1.45816,2.70868
8,1.84637,0.98077
8,3.19976,-0.130478
8,3.23208,-1.30918
8,2.5074,-0.640037
8,-2.9242,0.198153
8,1.37,-0.0950658
8,1.45724,2.89966
8,-1.26322,-2.80764
8,2.11774,-0.066141
8,2.66048,1.86926
8,1.65014,1.0028
8,-1.7591,-2.42054
8,-2.81296,0.116463
8,1.53655,-2.4492
8,3.35441,0.0942973
8,-1.32269,2.39963
8,1.44331,-2.55109
8,-3.12033,0.00920417
8,1.96329,2.59074
8,1.54247,-0.7299
8,-1.66149,2.42092
8,-3.04613,0.0369456
8,2.28039,1.01807
8,4.2182,1.51772
8,1.66953,-0.041294
8,2.7242,-0.655661
8,3.4924,-0.769236
8,-1.76675,2.51757
8,4.58799,1.24708
8,4.1853,-0.0303394
8,1.30092,-2.68335
8,-3.00551,0.253824
8,-2.66045,-0.0702123
8,-1.43472,-2.84772
8,-2.95383,0.0483456
8,3.15476,0.0543044
8,2.83154,-0.186782
8,3.40952,-0.999587
8,2.63565,0.804792
8,1.09801,-3.03693
8,-1.36498,-2.46808
8,-3.1901,0.288275
8,1.69613,-2.44221
8,1.51865,-3.0125
8,-0.98143,-3.02372
8,2.83573,0.526909
8,1.57142,-0.482594
8,4.38887,-0.564505
8,2.36384,-0.756416
8,1.79164,-0.290856
8,3.45625,-1.02494
8,2.60711,0.464255
8,-1.455,2.99235
8,3.06325,-0.249531
8,2.74911,0.400486
8,3.37829,-0.108903
8,2.97795,0.401831
8,3.16262,0.556807
8,1.21756,-3.01112
8,-1.2936,2.41484
8,-1.42374,2.92185
8,1.51007,2.75133
8,1.47544,-2.64561
8,-2.99034,0.209758
8,-2.70586,0.382387
8,-2.92486,-0.200775
8,1.88796,3.3522
8,4.30607,0.211687
8,1.46382,2.53565
8,2.49011,-0.220495
8,-1.45031,-2.66648
8,1.59916,-2.10527
8,4.10906,-0.782145
8,-1.86983,-2.82555
8,4.0456,-0.685919
8,-3.18094,-0.284154
8,-2.74143,-0.272576
8,-1.36723,2.73454
8,3.28662,-0.121977
8,2.65959,-0.362038
8,-1.47431,-2.48468
8,2.93874,0.489264
8,2.48158,-0.0329621
8,3.37939,-0.559929
8,-1.88611,-2.24726
8,2.5564,0.163175
8,-3.26591,0.0796671
8,-2.99645,-0.434874
8,-1.19579,2.73816
8,-2.59833,0.24131
8,-1.52223,2.69759
8,5.57547,-0.88096
8,-1.3803,-2.55109
8,3.3136,-0.585925
8,-0.997813,-2.50706
8,1.6904,2.62086
8,3.26986,0.212103
8,2.15493,0.593289
8,-1.47817,-2.52997
8,3.08709,0.378615
8,-1.72949,2.52907
8,1.88542,-2.41883
8,1.96362,-1.33006
8,2.28962,-0.930159
8,-1.70288,2.6262
8,3.46219,-0.617232
8,-1.36023,-2.49983
8,1.8316,-2.6039
8,2.63384,0.0408103
8,3.56823,-0.178462
8,-3.08347,0.463836
8,-3.05361,-0.0687188
8,2.5598,-0.130038
8,1.73732,0.566394
8,-1.26412,-2.80447
8,1.17757,3.04667
8,1.65908,-2.43538
8,-1.49785,2.44049
8,2.34861,-0.529783
8,3.04921,0.0914101
8,4.83002,0.429421
8,3.2109,-0.18744
8,2.74693,0.130881
8,2.486,-0.131595
8,1.61851,-2.278
8,3.20719,0.416516
8,3.65811,-1.38274
8,2.73133,0.329917
8,2.99408,0.670662
8,-1.61462,2.47575
8,1.34501,-2.48929
8,3.39529,0.786004
8,1.30322,-2.65819
8,1.70722,2.48554
8,3.33289,0.387912
8,3.10201,-1.1663
8,1.56202,-2.47977
8,3.08886,0.214495
8,-1.65871,-2.32539
8,-1.47782,-2.46502
8,2.7763,-0.771172
8,1.52566,2.75028
8,3.85386,-0.348516
8,-1.84836,2.57363
8,3.18121,0.0442331
8,-1.67061,2.31102
8,3.94006,-1.3475
8,1.86932,2.85304
8,3.28181,-0.258019
8,1.33903,-2.96134
8,-1.40865,-2.79357
8,-1.61844,-2.94237
8,2.20733,-1.42138
8,4.11611,0.440222
8,-3.13169,0.143425
8,3.79094,-0.655631
8,2.95578,0.735419
8,2.75733,-0.505862
8,1.15884,-2.78359
8,-1.5129,-2.65585
8,2.44826,-0.340349
8,-3.28156,-0.165326
8,3.37943,-0.894394
8,2.21443,1.12548
8,1.47591,-2.80519
8,-3.29779,0.110204
8,3.60782,-0.384212
8,2.38754,1.08063
8,1.23461,2.89834
8,-1.25314,2.6743
8,2.66932,-1.12944
8,2.79809,-0.710413
8,3.17942,-0.468468
8,2.35025,1.14282
8,3.30841,-1.66621
8,-1.63268,2.25012
8,4.06365,-1.1258
8,-1.24586,2.49513
8,2.8657,-0.571257
8,-3.12295,0.089673
8,1.16605,-0.447332
8,1.74244,0.519294
8,0.69219,3.15892
8,1.33257,-2.85229
8,-1.63126,-2.64743
8,1.68525,0.980427
8,-1.56742,-2.62429
8,-3.29181,-0.11284
8,-1.85711,2.53755
8,3.34264,-0.102086
8,3.22756,-0.957393
8,-2.14305,2.30887
8,4.48566,0.041641
8,3.24553,0.186558
8,3.26189,-0.129487
8,1.80683,-2.33402
8,2.75787,-0.183908
8,2.47987,-0.465207
8,1.59292,2.38193
8,2.0873,0.580808
8,1.72868,0.0249133
8,-1.07815,2.40762
8,3.47964,0.0487992
8,2.81197,0.196311
8,-2.9201,0.160576
8,2.65879,1.18144
8,3.63746,-0.59716
8,3.07647,0.301002
8,3.02653,0.296355
8,-2.91391,0.579272
8,2.86315,0.703015
8,1.55246,0.908838
8,2.87346,0.233467
8,2.67453,0.940949
8,2.86044,1.14502
8,1.67344,2.13937
8,2.37987,0.438722
8,-1.64966,2.51825
8,2.82418,0.205769
8,2.18273,-0.525624
8,2.75366,-0.0258609
8,-1.3028,-2.52461
8,-1.1101,-2.49592
8,2.74608,-0.391709
8,-1.58327,-2.74352
8,2.59793,-1.42251
8,1.44681,2.08099
8,3.35879,0.143686
8,-1.8538,-2.6706
8,3.34613,-0.44193
8,3.09356,-0.527935
8,-1.6616,2.8171
8,-1.05159,-2.79034
8,1.80088,2.37077
8,-3.14188,-0.195734
8,-1.57582,-2.06686
8,1.11101,2.81001
8,-1.75129,2.40338
8,1.62092,-2.65483
8,-1.59793,2.55568
8,3.57634,0.723817
8,1.64227,-2.44931
8,3.28685,0.296382
8,2.97647,1.32531
8,2.77972,0.516187
8,-1.77663,2.49746
8,3.49975,0.589276
8,2.27094,-0.0901996
8,2.27584,0.700254
8,1.46341,2.51247
8,-1.23372,2.31292
8,1.72399,-2.56631
8,-1.34076,2.40087
8,4.12488,-0.71216
8,-1.13577,2.35037
8,0.895301,0.123498
8,3.39915,0.302879
8,1.5467,-2.93656
8,3.26343,-0.401422
8,2.41545,0.0555237
8,1.2302,2.34491
8,-1.25448,-2.53792
8,-1.29005,-2.25944
8,-1.46698,2.60233
8,3.94763,0.269502
8,3.16287,0.157119
8,1.48573,2.49557
8,-1.17942,2.74797
8,3.99162,0.194059
8,3.65738,-0.751929
8,3.41043,-0.347199
8,-1.64651,2.64967
8,1.49983,-2.7247
8,3.23609,-0.18734
8,3.3669,-0.266381
8,-1.4723,2.5429
8,-1.76266,2.66201
8,3.68882,0.66125
8,2.84652,-0.88592
8,1.56973,-2.91136
8,3.18577,-0.231834
8,3.43665,-0.835027
8,3.32022,-0.670623
8,1.65544,2.72234
8,1.39257,3.04775
8,-1.31696,2.53722
8,3.02573,-0.439069
8,1.39544,0.543287
8,4.19975,0.330432
8,-2.98781,0.345624
8,3.39548,0.571402
8,1.5983,0.923328
8,2.4979,-0.273329
8,-1.6072,-2.70042
8,2.29676,0.186969
8,1.29887,2.84183
8,1.23841,-3.31353
8,-1.18777,-2.77873
8,2.97507,0.990852
8,3.11672,0.728865
8,3.78358,0.777692
8,2.9152,-0.0279645
8,4.44587,-0.0176591
8,1.65387,0.0571965
8,3.59465,-0.0831067
8,2.40739,-0.781597
8,4.27361,-0.477485
8,1.84577,-2.39676
8,1.49017,-2.37672
8,1.81579,2.34812
8,3.63817,0.354988
8,3.00607,-0.515056
8,2.84414,0.164091
8,-1.49898,-2.40578
8,3.0935,-0.482068
8,3.02661,0.104687
8,-2.36988,-0.117153
8,3.5449,-0.412587
8,-1.6845,-2.43861
8,2.47117,-0.815787
8,-1.15814,-2.40936
8,2.51672,0.221327
8,3.82453,0.109685
8,1.40922,-2.42006
8,3.38909,-0.533961
8,1.82639,-0.21264
8,1.13048,-2.34058
8,1.94587,-0.770908
8,2.55201,-0.00503655
8,2.80522,-0.131436
8,3.33096,0.691337
8,1.41395,2.72905
8,2.67216,-0.455974
9,3.91704,1.4695
9,1.48201,-2.39028
9,-1.40295,-2.58139
9,3.15061,-0.358954
9,2.93341,0.00893346
9,2.92586,0.411029
9,-1.5687,2.0313
9,3.87743,1.02253
9,3.04725,0.288554
9,-2.76088,-0.102065
9,3.47035,0.446021
9,3.12034,0.160091
9,3.53535,-0.789576
9,2.93946,-0.899127
9,2.62171,-0.361869
9,-1.56539,2.61008
9,1.867,-0.621893
9,-2.69004,0.259254
9,1.07382,-2.59918
9,4.43622,-0.883961
9,2.80944,-0.196684
9,-2.9209,0.363998
9,2.01733,1.03862
9,1.66594,2.59589
9,2.43438,-0.852673
9,-1.33893,-2.56548
9,3.04346,-0.653791
9,2.25085,-0.505604
9,-1.84322,2.40119
9,3.77619,-1.78218
9,1.41949,-2.65851
9,2.95062,0.632953
9,3.80199,0.680806
9,2.03609,-0.278119
9,2.408,0.545967
9,-1.38203,-2.38342
9,1.66128,2.53239
9,-2.87237,-0.270438
9,-1.39544,-3.01002
9,4.15325,0.858364
9,2.21434,-0.489233
9,-3.03538,-0.338837
9,3.88532,-0.238453
9,2.5695,1.02308
9,2.6986,-0.224252
9,-1.63912,-2.48576
9,-3.27562,0.0698272
9,2.41025,0.210876
9,1.47687,0.681446
9,2.98957,-0.57403
9,-1.85485,-2.36416
9,-1.25435,-2.7318
9,1.32419,3.10442
9,1.98495,0.0229175
9,1.41812,2.56846
9,-1.62533,2.42804
9,-1.30378,-2.57882
9,-1.43683,2.33124
9,3.19405,0.277585
9,2.39802,-0.118146
9,-1.46563,2.44273
9,2.06318,-1.71451
9,3.81359,-0.221983
9,1.80855,-0.0954119
9,-1.41197,-2.81
9,3.74522,0.909333
9,2.76197,0.665778
9,2.56965,1.74524
9,-2.93492,-0.216058
9,1.56537,2.73233
9,1.19553,-2.48325
9,1.52722,-2.87237
9,3.55022,-0.016909
9,3.32824,-0.661736
9,2.31479,-0.147832
9,3.35624,-0.595187
9,1.78544,2.24668
9,3.02996,0.847692
9,3.12271,0.249482
9,1.13615,2.4483
9,-1.21571,-2.78229
9,-1.64016,-2.5159
9,2.56717,0.559927
9,3.41025,0.0464201
9,2.92981,0.158049
9,-2.85099,0.157594
9,-2.86404,-0.102339
9,3.1049,0.33362
9,3.69216,-0.919717
9,1.54707,-0.534437
9,2.29349,0.83015
9,1.50175,-0.141753
9,-2.9225,-0.0796462
9,2.76801,0.0403438
9,1.66521,2.45749
9,3.5607,-0.153515
9,-1.22002,3.05103
9,-1.79429,2.5018
9,-1.59811,2.37835
9,3.11509,0.909961
9,3.23851,-0.0368181
9,4.15397,0.175413
9,-1.37671,-2.67532
9,1.28835,-2.85199
9,-3.35275,-0.0146667
9,3.76163,-1.00577
9,2.97166,0.187875
9,3.53149,-1.19908
9,1.96396,-0.144251
9,3.66882,-1.11296
9,2.99262,0.586696
9,2.85782,0.380824
9,-1.44321,-2.31409
9,-1.31679,-2.63351
9,1.46882,-2.75027
9,2.45523,0.522836
9,3.08552,-0.549271
9,-1.59747,-2.55328
9,3.28714,0.150813
9,3.22956,-0.8428
9,3.17403,-0.201117
9,2.9753,-1.09399
9,1.90932,-1.68698
9,1.65771,2.76535
9,-3.22012,0.0136364
9,1.9638,0.842839
9,3.37262,0.249951
9,4.01055,0.198293
9,-1.43192,2.71385
9,-1.56987,-3.01653
9,1.575,-2.42997
9,1.97456,0.00839106
9,-2.81566,-0.245031
9,2.67288,-1.12335
9,3.87296,-0.421758
9,3.36468,-1.15604
9,1.39789,1.23001
9,1.89217,2.57008
9,-1.40897,-2.58188
9,3.93483,0.574138
9,3.5368,-0.685261
9,4.09611,-0.209879
9,1.77154,2.51703
9,-2.89761,0.0723292
9,1.25261,2.71343
9,3.21708,-0.0284209
9,1.31486,-2.52032
9,-1.34348,2.76967
9,-2.98817,0.0588669
9,2.67426,0.0279476
9,3.18687,0.512091
9,3.2262,0.112782
9,2.32965,-0.945963
9,3.23055,1.02311
9,-1.39867,-2.32897
9,2.31701,-0.302787
9,-3.09138,-0.411805
9,3.49229,-0.0691396
9,3.08572,-0.872816
9,2.33618,1.2368
9,3.57058,-0.819
9,2.87063,-0.107024
9,-1.13859,-2.84034
9,1.92877,-1.91479
9,4.14165,1.17503
9,3.64634,-0.0786999
9,-2.81168,0.274947
9,3.58493,-0.39118
9,1.67273,-2.50677
9,2.37764,-0.80888
9,2.80006,-0.601322
9,-1.68973,-2.46928
9,2.74231,-0.324271
9,1.16868,0.235331
9,1.65406,-0.336006
9,3.01085,2.55364
9,2.5364,0.68679
9,3.31103,0.959467
9,-3.5475,0.0772905
9,2.57182,-0.572851
9,2.728,-0.499018
9,-2.54118,-0.162628
9,1.57095,2.39685
9,-1.6882,2.62629
9,-1.41447,-2.69543
9,1.31264,-2.34825
9,-3.21294,0.55695
9,-3.19249,-0.134681
9,4.43576,0.140466
9,1.6561,-2.66966
9,2.90351,0.193059
9,-1.93207,2.65785
9,3.47726,0.349504
9,1.75547,0.672777
9,1.8064,1.29247
9,3.52503,0.0407041
9,1.35664,-2.73561
9,-2.43957,0.0801225
9,4.3329,-0.165589
9,3.59487,-0.726898
9,3.57475,-0.709954
9,-1.57751,-2.53847
9,-1.59192,2.37547
9,1.57611,2.61952
9,1.18558,-2.53266
9,1.42316,2.68118
9,-1.77021,-2.99417
9,2.64387,-0.493105
9,1.65139,0.723042
9,3.11452,-0.0748929
9,-1.34891,2.95148
9,2.67259,-0.706825
9,2.66695,0.858995
9,-2.8393,-0.25505
9,2.80633,-0.127724
9,1.74596,0.638641
9,3.74974,0.0349162
9,1.28584,2.69779
9,1.5659,2.99235
9,2.81675,1.22103
9,3.50506,0.0544228
9,1.62357,0.701224
9,2.62484,-0.445295
9,1.54163,-2.59591
9,1.43564,-2.83131
9,2.49149,-0.73122
9,2.52932,0.500337
9,1.53521,-2.60649
9,3.68886,0.247421
9,1.84482,0.261132
9,-1.19103,2.50104
9,1.32682,2.59262
9,4.02132,-0.479807
9,2.91059,0.509015
9,2.64918,-0.712077
9,-1.91175,-2.78559
9,3.0209,0.831178
9,-1.48239,2.49244
9,-1.34038,-2.66163
9,-1.35084,2.40436
9,-1.54523,2.54202
9,-1.85661,-2.20013
9,1.59616,-2.58891
9,2.86369,-0.455805
9,2.13943,0.294613
9,2.68886,-0.588143
9,3.86163,0.400898
9,3.26144,-0.244009
9,2.44449,0.804446
9,1.63285,-2.44163
9,4.47632,1.28207
9,3.27653,0.517906
9,3.58326,-1.03409
9,4.03462,-0.187095
9,1.36769,2.75516
9,-1.61439,-2.50578
9,3.59152,-0.333449
9,-1.37934,-2.52316
9,1.63923,2.36969
9,1.14792,-3.08258
9,2.3072,-0.213824
9,-2.79979,-0.211547
9,2.95574,0.374055
9,3.3404,0.766005
9,3.83752,-0.276064
9,1.80317,2.518
9,3.639,0.296026
9,-3.26922,0.0948528
9,2.62615,-0.499795
9,1.69938,-2.29284
9,3.60996,1.65667
9,-3.46655,0.140173
9,-1.37008,2.23709
9,3.06321,-0.54951
9,4.21282,-0.520104
9,3.09555,2.16244
9,2.70981,-0.417553
9,2.92754,0.0561795
9,-1.34541,2.95744
9,3.27927,0.224787
9,-1.29545,2.45563
9,3.01442,-0.342015
9,3.7748,0.171029
9,-1.36134,2.47539
9,2.63068,-0.600462
9,-3.07967,-0.146118
9,-2.65527,-0.438833
9,3.11698,-0.163886
9,2.13461,-0.319205
9,1.77128,2.60655
9,2.28882,0.841418
9,2.7611,0.177891
9,1.45649,2.75067
9,2.87058,-0.15684
9,1.58003,-1.08695
9,1.30282,0.803775
9,-1.28802,2.41851
9,1.37451,-2.67758
9,1.88797,-2.51516
9,1.84925,2.60763
9,1.52847,-2.53119
9,-1.9242,2.59823
9,0.95094,-2.72482
9,4.18851,0.135261
9,3.24051,-0.484202
9,2.77305,0.933964
9,-1.43409,-2.54976
9,1.91131,0.849399
9,3.19264,-0.791462
9,4.65333,-0.887528
9,1.63036,2.69583
9,4.09532,-0.414295
9,2.43683,0.108299
9,2.55406,0.345932
9,3.83133,-0.111222
9,2.4367,-0.525369
9,1.68632,0.274252
9,0.967347,-2.54908
9,-3.00259,-0.282992
9,-2.0169,2.40636
9,3.89437,0.0809556
9,-1.42733,-2.85773
9,4.07469,-0.44814
9,3.60596,-0.738909
9,4.45156,0.4509
9,2.42985,-0.176066
9,3.8319,-0.25516
9,1.54544,2.08589
9,-1.50474,2.53623
9,2.71369,-0.369728
9,-1.71998,2.50171
9,-1.36205,2.81913
9,-1.45421,-3.01409
9,2.89483,1.14403
9,-1.3254,-2.37201
9,2.27508,-0.0263625
9,3.77219,-1.06437
9,1.50708,-2.53353
9,2.38777,-0.260106
9,2.68774,-0.273323
9,2.96447,-0.440029
9,3.61708,0.0365118
9,3.53633,0.311178
9,3.59623,-0.41408
9,3.29114,0.704433
9,2.25506,-1.00835
9,3.29952,0.366134
9,2.57155,-0.214498
9,1.32825,-2.6152
9,3.61057,-1.47308
9,-1.42579,2.67405
9,-1.22021,-2.76303
9,1.74641,2.59228
9,-1.51569,-2.61497
9,3.174,-0.787918
9,-1.52098,2.61036
9,3.12981,-0.261696
9,2.09187,-0.681073
9,3.30294,1.22425
9,3.56006,0.534324
9,1.36948,2.50174
9,2.84643,0.724321
9,2.47374,-1.02675
9,2.88578,1.59089
9,2.12923,-0.449643
9,3.26159,1.33421
9,3.70653,1.6597
9,-1.4197,-2.89519
9,3.35521,-0.467575
9,-1.14932,2.26343
9,2.07531,-1.15323
9,4.02376,0.0625018
9,-1.42876,2.45132
9,-1.52121,2.28185
9,-1.3498,2.84353
9,2.01763,-0.711218
9,1.38223,2.47253
9,3.77414,-0.299028
9,3.22358,-0.804494
9,-1.72687,2.49883
9,3.03006,1.43586
9,3.20967,-0.34023
9,4.45762,-0.368425
9,3.88778,0.18601
9,1.7881,-1.00968
9,2.26617,0.00107041
9,4.29152,0.446188
9,2.1643,1.57524
9,2.85632,0.795719
9,4.66409,0.475712
9,4.18598,-0.287491
9,-1.6033,2.51379
9,-3.24261,-0.279109
9,2.64619,-0.505457
9,3.37996,0.560143
9,3.24274,-0.229915
9,1.41602,2.71661
9,1.90895,2.51689
9,1.63655,-2.48597
9,3.2612,0.182947
9,2.18385,-0.447903
9,2.59699,0.40005
9,4.06769,-0.783493
9,2.21641,0.644485
9,1.20178,-2.46415
9,3.1,0.381989
9,1.44466,-2.38123
9,2.73689,1.43241
9,2.23601,0.159536
9,3.21935,0.362817
9,2.73922,0.512985
9,3.15045,0.172753
9,2.25269,0.422202
9,3.04658,-0.0277708
9,-3.19917,0.169569
9,2.85006,-0.219271
9,3.86724,-0.447956
9,-1.95302,-2.58708
9,3.07827,-0.368902
9,3.96355,-0.857947
9,-2.94364,-0.0208525
9,1.26321,-2.82642
9,-2.88583,0.260016
9,3.20414,1.28287
9,2.33973,1.18163
9,-1.99188,-2.68693
9,2.18414,-0.135041
9,3.54013,-0.468352
9,1.30293,2.62495
9,-2.88417,-0.0866743
9,3.12325,-0.385656
9,1.57137,2.41921
9,1.47471,-2.59045
9,-1.83844,2.68132
9,-3.0136,0.298461
9,1.74594,2.79017
9,2.33248,-0.695402
9,-1.65832,2.43054
9,1.77078,0.131095
9,2.9862,0.549741
9,-1.65514,-2.875
9,-1.57996,-2.55934
9,1.1525,2.42022
9,1.47208,2.95981
9,3.72831,0.505353
9,3.33799,-0.398135
9,2.24309,-0.131903
9,4.53229,1.11306
9,3.20288,0.800337
9,-1.56695,2.4258
9,3.6598,-0.279069
9,4.55584,-0.0473995
9,2.90482,0.0601695
9,2.44793,0.166723
9,2.34643,-0.216524
9,1.41626,-2.75489
9,3.59525,-0.403495
9,-2.94383,0.0430103
9,2.0509,-0.0755677
9,3.23908,0.362379
9,3.28809,-1.21196
9,3.82253,-0.510346
9,-1.83869,2.71919
9,-1.47354,2.64103
9,1.3294,-2.62184
9,2.80494,-0.608297
9,1.51803,-0.428743
9,-1.55661,2.32286
9,-1.50535,-2.94394
9,1.34742,2.60831
9,2.76395,1.13837
9,2.51748,0.049526
9,2.48219,-1.05978
9,-2.83709,0.239121
9,1.79033,-0.650314
9,2.74105,0.123258
9,1.34635,-2.82551
9,-1.32007,2.60071
9,2.61799,-1.62783
9,2.02417,-0.957981
9,1.06565,-2.77557
9,2.22121,0.421393
9,1.79522,1.29163
9,1.88977,0.826908
9,2.84709,-0.250916
9,1.61105,-2.434
9,3.18397,0.844421
9,2.13412,-0.249336
9,2.99885,-0.163889
9,3.28792,0.522339
9,3.12865,-0.361152
9,1.73221,2.49263
9,3.46047,-1.03302
9,1.42338,0.0258346
9,-1.5449,-2.44937
9,1.41042,2.53078
9,2.62599,-0.148855
9,-1.34905,2.85792
9,3.69674,0.0627553
9,-1.61539,2.37691
9,1.27076,2.2934
9,1.55484,2.42661
9,-2.88142,-0.273201
9,3.48913,-1.44088
9,-1.12059,-2.4051
9,1.44539,-2.61723
9,-2.79135,0.214462
9,2.32902,-0.372129
9,4.57412,0.0771817
9,4.52831,-1.68282
9,-1.43781,2.37276
9,1.99581,0.00261817
9,1.59518,0.487841
9,3.65003,0.395688
9,-2.981,0.0014985
9,-3.0589,-0.03376
9,2.96997,0.0380383
9,1.51942,2.61215
9,-2.8447,-0.0738326
9,-1.64392,2.81304
9,3.29059,-0.213026
9,1.47373,2.21682
9,2.76348,1.1617
9,2.81909,-0.650116
9,-1.40163,2.37021
9,3.14131,0.230161
9,1.61269,2.83038
9,2.1646,-0.239687
9,2.64459,0.903946
9,-2.60043,-0.315179
9,2.77783,0.44662
9,1.88361,1.00365
9,2.04395,-0.957591
9,3.18029,0.320677
9,1.41532,-2.56681
9,3.67201,0.0765478
9,3.58058,-0.542236
9,3.34833,0.554516
9,1.54539,2.36137
9,3.5361,-0.867726
9,2.78347,0.025976
9,4.1424,0.0883507
9,-2.99699,0.0493924
9,1.47894,-2.61613
9,2.71425,-0.0471207
9,2.22441,-0.139058
9,1.48376,-2.41487
9,1.48524,-2.81583
9,2.30673,-1.12171
9,3.38571,-0.191364
9,-3.152,-0.268414
9,3.65506,0.60489
9,3.47744,-0.176494
9,3.1061,0.232702
9,2.72037,1.57637
9,2.6445,-0.332591
9,3.96102,-1.11749
9,3.37096,0.127552
9,2.25116,1.42935
9,-1.47263,-2.51377
9,2.67658,-0.559236
9,2.76809,0.797983
9,2.74159,0.0350101
9,2.96803,-0.0824689
9,1.71255,-2.76535
9,1.26578,-2.37011
9,2.49439,0.297463
9,4.57089,-0.914881
9,1.43935,-2.70344
9,1.1063,-0.00539297
9,1.40966,2.1846
9,1.78008,2.52126
9,-2.76053,0.162842
9,3.51242,-0.182911
9,2.23954,-1.32812
9,1.74197,2.79143
9,1.5739,-2.75497
9,3.83678,-1.08404
9,1.37252,2.55411
9,3.72321,0.862268
9,1.51654,-2.57249
9,3.79681,0.244003
9,2.26329,-0.351577
9,2.26402,-0.546118
9,2.27087,-0.369311
9,4.11679,1.89429
9,1.45105,-2.91761
9,4.47036,-1.38769
9,-1.54616,-2.81914
9,-1.09388,2.87275
9,2.85163,-1.46349
9,3.16858,-0.0187404
9,3.52367,0.283505
9,2.40434,-0.540655
9,2.72002,-1.06907
9,-2.62878,0.0214915
9,-1.62697,2.75749
9,1.57522,2.84878
9,-2.64819,0.150399
9,0.834419,0.231693
9,3.46542,0.530932
9,3.74842,0.428365
9,3.23805,-0.582962
9,2.6745,-0.565541
9,3.7676,1.91675
9,-1.19771,-2.21659
9,-3.14895,0.00139011
9,3.19297,0.485754
9,2.61707,-0.128114
9,1.31635,2.24388
9,2.27896,-0.29522
9,1.79634,-0.596611
9,2.9351,-0.467954
9,2.43042,0.46694
9,1.56367,2.27617
9,3.53119,-0.215172
9,-3.28205,0.384569
9,-1.45291,2.75017
9,-1.63047,-2.84027
9,5.32055,-0.650002
9,3.38959,0.0969907
9,2.97908,-0.407983
9,1.38823,-2.77384
9,2.08663,1.20284
9,1.73402,-0.598712
9,2.49039,0.970938
9,2.96217,1.29645
9,3.52176,-0.527445
9,1.26199,2.71359
9,4.46068,-0.575802
9,-1.30994,2.65914
9,4.15159,0.169833
9,3.37372,1.0792
9,-1.39969,-2.49808
9,1.26842,2.77528
9,3.18643,0.929667
9,2.00317,0.4645
9,2.93217,-1.62822
9,3.08009,-0.439544
9,-1.48527,2.76823
9,-1.69861,2.55961
9,1.92252,-2.90568
9,2.68985,-0.568359
9,2.95774,-0.252055
9,1.67886,-2.53911
9,2.28283,-0.332279
9,-1.62824,-2.53842
9,1.41294,-3.0582
9,2.84948,0.273912
9,1.72718,-2.17472
9,-1.68137,-2.83126
9,-1.60268,2.95552
9,-1.31489,-2.83934
9,3.17226,0.641261
9,3.25472,1.92498
9,2.98154,-0.0845873
9,3.33414,-0.235467
9,2.92405,0.709954
9,1.96385,2.60428
9,3.04043,0.0765423
9,1.49913,-2.2506
9,1.29837,2.85815
9,3.90155,0.182173
9,3.16648,-0.672851
9,-3.0059,-0.475247
9,1.20907,2.95683
9,4.05048,0.625578
9,3.08505,0.560468
9,-2.995,-0.154825
9,3.42523,0.431686
9,-1.47568,-2.47574
9,2.09261,0.0346791
9,3.27751,-1.3387
9,-2.70528,0.202749
9,-3.20288,0.252955
9,-3.42471,-0.215728
9,2.79285,0.4413
9,3.64067,-0.648777
9,-1.26746,-2.9399
9,2.56249,0.661721
9,-1.45613,2.26094
9,3.23656,0.857773
9,-2.70522,0.0677449
9,1.4657,-2.43831
9,2.62558,-1.439
9,1.86434,0.537785
9,2.98524,-0.958755
9,3.56781,0.75634
9,3.77171,1.47606
9,-1.69757,-2.56211
9,2.92007,0.838769
9,3.72729,-0.958498
9,-1.795,-2.74561
9,-1.33208,2.58262
9,3.47955,-1.84451
9,1.24158,-2.52514
9,2.53628,0.505154
9,3.51558,-0.73472
9,-3.22401,0.0469097
9,3.26846,0.629185
9,-1.33056,2.5596
9,1.40968,2.82544
9,2.12314,0.479061
9,1.81336,-2.43563
9,-1.48694,2.55473
9,3.3941,1.18018
9,-1.1759,2.36586
9,1.4271,2.78743
9,3.09007,0.655142
9,3.44374,0.0425787
9,2.96758,-0.202761
9,2.76173,-0.0484051
9,2.67112,-0.972373
9,3.92874,-0.404959
9,1.65569,-2.23554
9,3.5196,0.0354164
9,2.97603,-0.443695
9,2.60323,-0.922707
9,3.68916,-0.753993
9,-2.82767,0.551905
9,-1.73417,-2.40834
9,1.64572,2.24174
9,-2.97316,-0.0602971
9,-3.16141,0.299119
9,3.20679,-1.66366
9,2.07329,-0.0915579
9,2.48463,0.715381
9,2.45167,-0.206486
9,-1.57359,2.77269
9,3.59807,0.185648
9,2.43742,0.694452
9,3.10016,0.798474
9,1.21786,-2.77121
9,2.2719,0.719379
9,2.45282,1.35685
9,2.52329,0.249074
9,3.21857,0.160462
9,2.29924,-0.466195
9,4.2745,0.737875
9,1.81631,-2.45243
9,1.33633,-2.80906
9,-1.8842,-2.34637
9,-3.22029,-0.00108391
9,2.19699,0.143771
9,4.93411,0.173675
9,4.39104,-1.16771
9,3.37686,0.101239
9,2.75557,0.675031
9,2.43744,-0.879377
9,4.17913,0.153673
9,3.06688,-1.09367
9,-3.27158,-0.0288648
9,2.42848,0.715349
9,2.4626,0.996957
9,1.67028,2.51694
9,-3.13561,-0.0353994
9,3.08221,0.965824
9,-2.66822,0.341205
9,1.92694,-0.983527
9,2.48195,-0.286275
9,4.10707,-1.9658
9,3.82278,0.0414164
9,1.95162,2.57112
9,1.35776,-2.64256
9,-1.9321,2.55296
9,2.68101,0.875699
9,2.02103,-0.51939
9,2.49083,0.0537349
9,1.21592,2.77487
9,4.05047,-0.241346
9,2.55057,-0.0528523
9,2.65354,-0.372865
9,1.72009,-2.51429
9,1.5713,2.35963
9,2.3816,0.618761
9,2.64081,-1.01967
9,3.02073,-1.45758
9,3.44853,-0.855613
9,1.63951,2.23222
9,3.19085,0.460607
9,-2.98463,-0.0804377
9,2.69645,0.546337
9,4.06716,-0.372095
9,3.81522,-1.3431
9,-1.71401,2.68067
9,2.58582,0.157469
9,3.12774,-1.04908
9,2.78155,-0.418561
9,-1.63293,-2.58218
9,2.78224,0.371712
9,-2.67504,-0.314623
9,-1.93416,-2.72822
9,-3.14014,0.262303
9,1.38472,3.1717
9,3.51945,-0.720506
9,3.76124,0.811571
9,1.37236,-2.3425
9,1.49668,-2.76104
9,1.84484,-0.390429
9,-3.27385,-0.166173
9,2.68866,0.0691797
9,-3.16244,-0.0780486
9,-1.67934,-2.54327
9,1.6973,2.66277
9,2.52549,1.18937
9,1.76777,2.58263
9,2.4627,-0.387211
9,1.54528,2.80373
9,2.37884,1.05408
9,3.77571,1.54648
9,2.3801,-0.466917
9,1.82438,0.644654
9,3.06468,1.07398
9,2.36858,-1.29619
9,3.88965,0.529777
9,-1.44272,2.03476
9,3.24941,-0.0546413
9,3.63307,0.0244021
9,3.26956,-1.02167
9,-1.64873,-2.71346
9,3.31061,-0.105096
9,3.22538,-0.27551
9,-1.18872,2.44364
9,2.72231,0.0910329
9,-1.15849,2.09908
9,1.4183,2.97384
9,1.8257,-0.552518
9,-1.1474,2.79987
9,-1.81536,-2.08743
9,3.17811,0.963322
9,2.12248,0.567252
9,3.51727,0.156524
9,-1.63255,2.83594
9,3.27037,1.61602
9,3.14399,-0.202258
9,4.07518,-0.241228
9,2.99203,-0.0939684
9,2.42038,1.17022
9,1.78491,2.8513
9,2.17951,-0.570679
9,-1.54527,-2.55092
9,-2.86645,-0.245182
9,-1.77651,-2.70814
9,1.34843,-2.8418
9,1.69729,-0.124918
9,2.9284,-0.357766
9,3.96939,0.73279
9,-1.28447,-2.51447
9,3.66682,0.201409
9,2.92635,0.157712
9,-1.54682,2.82337
9,-1.45483,-2.96123
9,2.84988,-0.499993
9,2.77945,0.770926
9,2.44874,-0.414013
9,2.72581,0.196054
9,1.84633,-0.184961
9,2.61326,1.24389
9,1.54016,2.55119
9,2.28865,0.686229
9,1.07636,2.43601
9,1.61743,-2.66851
9,3.96738,0.473844
9,4.43616,0.0495664
9,1.24351,2.81164
9,2.20856,-0.687974
9,2.70708,0.255711
9,2.34743,-0.275775
9,1.70578,-0.102289
9,3.96941,0.227232
9,2.15157,-0.0466712
9,-3.09668,-0.145118
9,-1.40635,2.38606
9,3.79826,1.11363
9,4.40904,-1.26783
9,2.56635,-0.115647
9,1.73747,-2.47588
9,1.31377,-2.50507
9,1.6799,-2.76854
9,2.76522,0.703394
9,4.04861,0.582758
9,1.39716,-2.52821
9,1.66637,-1.80424
9,-2.97901,-0.170888
9,-1.66238,2.16206
9,2.59711,0.846426
9,2.99876,0.341986
9,3.65937,0.604242
9,1.68726,2.68806
9,2.0928,-0.670928
9,3.80264,0.0774462
9,2.24071,-0.48801
9,3.0942,-0.301031
9,1.65662,2.65167
9,1.61897,-2.44633
9,2.08948,-0.588229
9,3.61073,0.18145
9,4.66877,-0.719763
9,-1.61395,-2.67102
9,-1.73511,2.84067
9,2.08373,-0.940636
9,1.92448,-0.352641
9,1.68091,0.374115
9,-2.7669,-0.0114182
9,1.67386,-2.58244
9,1.59632,2.7598
9,-1.25049,-2.32102
9,3.32973,0.0250285
9,4.15222,-0.762159
9,3.02622,-0.461345
9,1.59546,-2.62804
9,1.63802,2.31352
9,2.78802,0.475883
9,3.2877,-1.03215
9,-1.51315,-2.73527
9,-1.79904,2.51522
9,-2.78675,0.406897
9,3.97113,-0.469231
9,3.30583,0.322412
9,-1.50398,-2.5576
9,2.7677,-0.0658958
9,3.48626,-1.33276
9,-1.68264,-2.38435
9,2.29786,-0.268701
9,4.36253,0.570764
9,3.05685,-0.0559719
9,4.22312,-0.612039
9,2.34206,0.210283
9,2.32031,0.739365
9,2.94498,1.48011
9,1.43259,2.61828
9,2.83635,-1.57038
9,1.6141,2.78541
9,-1.47734,-2.94184
9,2.84563,0.364707
9,3.45277,-0.927206
9,3.24554,-0.762063
9,4.30225,0.569921
9,-3.21192,-0.0200236
9,1.63044,0.0733179
9,-3.48468,0.25415
9,-1.36742,2.57577
9,1.22366,-2.84611
9,2.6573,-0.896671
9,3.41476,0.434323
9,2.36458,-0.29503
9,1.31556,-2.52522
9,-1.40159,-2.5107
9,4.64749,0.771933
9,3.79022,-0.43632
9,2.07967,-0.355513
9,2.73082,-0.320581
9,1.27843,-2.60707
9,2.85779,-1.1786
9,1.38875,-2.69475
9,1.64364,2.6094
9,-1.66224,-2.83473
9,-2.90907,-0.195846
9,-1.50237,3.1812
9,3.96608,-0.0460038
9,2.38478,0.148147
9,3.07052,0.43926
9,3.26019,-0.842821
9,-2.75371,0.102585
9,-2.56406,-0.41409
9,2.12401,-0.645554
9,3.77442,0.400034
9,2.46393,0.342371
9,1.07696,2.73573
9,-1.18053,-2.7021
9,3.16414,-0.146875
9,1.73652,3.02216
9,3.70843,0.828303
9,1.28667,2.62044
9,4.26594,0.375815
9,2.72629,-0.113707
9,3.8774,-0.429122
9,5.74723,-0.0771878
9,3.84244,0.998534
9,-1.74349,-2.60581
9,2.87951,0.336901
9,3.23779,0.795088
9,1.39645,0.562921
9,1.63428,0.193342
9,-3.12183,-0.0347478
9,3.25492,-0.869433
9,3.49587,2.36567
9,3.79686,0.434277
9,1.03239,1.85005
9,-1.33247,-2.85192
9,2.81902,1.75534
9,-2.44149,-0.0571632
9,2.01213,-0.166042
9,0.915994,-2.4781
9,1.44494,2.41429
9,2.86489,0.447072
9,-2.95605,-0.484197
9,1.28584,-2.37601
9,2.74942,0.344048
9,-1.51636,-2.66517
9,-3.21226,-0.142827
9,-1.83569,2.3597
9,3.07386,0.0800514
9,2.94823,0.207444
9,1.57708,-2.31054
9,2.51789,0.162493
9,4.11258,-1.11196
9,2.66167,0.186716
9,1.89963,-0.567819
9,-1.72828,-2.52661
9,3.08348,0.345898
9,2.30013,0.517372
9,-1.50785,2.76549
9,-2.62563,-0.320648
9,1.34797,2.57773
9,-1.66198,2.89882
9,2.02717,0.519709
9,1.59023,-2.41575
9,-3.16892,0.0622316
9,-2.87801,0.0678254
9,2.70736,-0.529663
9,2.67435,0.0913899
9,1.29825,-2.60131
9,4.75439,0.256032
9,-1.34834,2.57575
9,1.96855,0.17389
9,3.45924,-0.797506
9,1.42832,2.57703
9,3.05683,0.987249
9,3.9829,-0.0315049
9,-1.6311,2.81607
9,-1.47801,2.6879
9,2.91525,-0.100524
9,-2.99887,-0.114997
9,1.61746,-2.55665
9,4.23047,0.808212
9,1.86924,0.663434
9,1.77433,2.29633
9,3.74757,1.29879
9,1.46604,-2.61058
9,2.91312,-0.0293985
9,3.10462,0.514648
9,3.29263,0.175614
9,1.86864,-0.517284
9,1.57824,-0.448065
9,3.18471,0.375907
9,3.26652,0.42385
9,1.71805,-2.71415
9,-1.55523,2.90743
9,-1.59402,-2.8355
9,2.8755,0.666548
9,1.23571,2.84353
9,1.90028,0.548852
9,2.26721,-0.679409
9,3.18869,0.875804
9,-1.62762,-2.42133
9,3.95388,-1.89225
9,-2.96092,0.248132
9,2.33304,-0.290866
9,1.37515,-2.68589
9,-2.88782,0.109063
9,3.4154,0.825214
9,-1.58222,-2.54058
9,1.83919,2.67859
9,3.26232,-0.828154
9,2.47981,1.57727
9,1.07416,-2.80312
9,-2.83848,0.0465204
9,0.998295,-2.86811
9,-1.68885,2.86913
9,1.55575,2.70996
9,5.3419,-0.00897111
9,-3.00438,-0.502539
9,-1.31661,2.79764
9,-2.99308,0.125375
9,-2.93214,-0.185851
9,1.4374,-2.75479
9,3.02931,0.868945
9,3.12259,0.103341
9,-1.43096,-2.69904
9,2.75722,-1.17435
9,3.61541,0.0607658
9,-1.1678,2.31408
9,3.09341,2.04182
9,2.6616,-0.848197
9,3.68046,0.396069
9,2.17183,-0.392559
9,2.91308,0.0464264
9,-1.62511,2.62509
9,1.5104,2.83019
9,2.24888,0.668402
9,3.90507,-0.275379
9,-3.08224,0.023108
9,4.04251,0.0069364
9,3.1494,0.389702
9,2.67239,0.908334
9,2.87796,-0.544384
9,2.20392,-0.741727
9,1.72889,2.73583
9,2.33885,0.692517
9,1.33105,-2.59003
9,3.36783,0.304688
9,3.47514,0.276505
9,3.45821,0.451981
9,2.90632,0.293986
9,3.86514,-0.508
9,1.33401,2.54923
9,3.16549,0.55771
9,3.75727,0.224208
9,-1.19297,2.66226
9,-2.95224,0.376411
9,1.42635,-2.87479
9,1.64351,2.13446
9,3.75427,1.5865
9,-1.76569,-2.66572
9,-1.3672,-2.97773
9,2.5649,0.11376
9,1.35164,2.22146
9,1.96704,-0.286541
9,2.87316,-1.22829
9,-2.83136,0.0989277
9,1.17707,-2.64687
9,2.85574,0.437398
9,2.4091,0.226356
9,1.53645,-0.379819
9,5.34094,0.386021
9,1.41432,-3.01164
9,-1.33991,-3.01921
9,2.56718,-0.55754
9,4.0452,-0.839688
9,-3.2765,-0.218761
9,-1.49267,2.80285
9,3.49742,1.24496
9,-2.47674,0.120971
9,3.74409,-0.305113
9,2.62623,-0.00317442
9,3.91116,1.35223
9,-1.5081,2.49779
9,4.17274,-0.262506
9,1.43397,2.50732
9,-1.55877,-2.41585
9,2.18018,0.803674
9,3.37711,1.67604
9,2.69878,0.554302
9,3.31695,-0.542721
9,-1.46402,2.52988
9,3.25431,0.793394
9,1.9159,-0.954121
9,2.36653,0.717601
9,-1.56634,-2.52848
9,-1.44089,2.33619
9,-2.83291,-0.00650442
9,4.18563,-0.409108
9,2.83541,0.0559719
9,3.19017,-1.05534
9,1.9483,1.80882
9,-3.47804,0.160853
9,2.67839,0.103061
9,3.71848,0.126642
9,2.91899,-0.640983
9,2.44742,-0.141556
9,3.90557,-1.10512
9,2.99137,-0.37652
9,2.58819,1.21552
9,3.89286,-0.292605
9,3.54219,-0.412203
9,1.65058,2.5974
9,3.55967,-0.142167
9,-1.53403,-2.27517
9,3.0899,-0.135377
9,4.3245,-0.210014
9,-2.77366,-0.100874
9,3.5251,1.38572
9,1.79943,-0.413547
9,2.86054,0.92668
9,1.58309,2.76941
9,-1.69389,-2.67079
9,2.35732,-0.766044
9,-1.75052,-2.44941
9,2.04028,0.553742
9,1.9827,0.731956
9,3.146,-0.633401
9,-1.69208,2.3917
9,-1.61194,-2.61115
9,2.82558,0.317484
9,-2.81086,-0.173153
9,1.87971,-2.901
9,3.70017,1.50438
9,3.45677,-0.123411
9,-3.15182,0.483718
9,-1.42596,2.59021
9,3.17872,-0.933925
9,3.90087,1.51186
9,2.75162,0.528949
9,1.38546,0.032617
9,3.61507,-0.948412
9,-1.07635,-2.59689
9,1.48863,-2.45305
9,3.76449,1.32367
9,2.97286,-0.658168
9,-2.1098,-2.61979
9,4.44603,-1.18206
9,3.48078,0.991987
9,1.66773,-2.1944
9,2.80347,0.21548
9,3.61606,0.927926
9,4.5005,-0.295083
9,1.63072,-2.45414
9,-1.56987,-2.64812
9,3.26463,-1.30993
9,3.60845,0.651535
9,2.26683,-0.422343
9,3.02569,-0.855822
9,2.856,1.40787
9,1.08434,2.46937
9,2.72878,-0.334101
9,2.04415,-0.914449
9,1.30626,2.74608
9,3.47753,-0.00647472
9,3.39652,-0.0756811
9,1.82688,-0.240534
9,-1.30365,2.4196
9,-3.10235,0.0667649
9,-1.07472,2.64335
9,3.91516,1.07375
9,-2.7453,-0.429322
9,1.45627,-2.61228
9,4.03581,-1.47179
9,-1.66294,2.59676
9,1.621,-2.8063
9,-1.77456,2.55914
9,3.21822,0.250688
9,3.82427,0.522558
9,1.55992,-0.303712
9,3.17149,1.16164
9,-1.66507,2.64379
9,4.24311,1.69147
9,3.81785,1.24277
9,-2.85262,0.0621848
9,2.47303,0.00449751
9,-3.15549,0.156784
9,3.00004,1.07688
9,1.65482,2.69627
9,3.24585,1.9871
9,1.45902,0.857727
9,3.5335,0.20704
9,2.1211,-0.826158
9,-3.05375,0.0722901
9,2.5132,0.489831
9,1.5192,-0.491443
9,3.48872,1.24982
9,1.41176,-2.62965
9,-1.78432,-2.88629
9,2.8066,0.00921517
9,3.35408,-1.01697
9,1.40046,-0.383756
9,2.24708,-1.13777
9,2.27291,-0.160268
9,3.67846,-0.147836
9,-1.34727,2.43972
9,1.59008,1.28831
9,-1.80981,-2.50626
9,3.23283,-0.625775
9,-2.96715,-0.396664
9,2.6593,-0.325624
9,3.94836,0.101283
9,-3.17207,-0.180716
9,2.59467,-0.597613
9,3.0191,0.600185
9,2.6973,0.451538
9,1.50901,-2.88346
9,-2.91116,0.111445
9,2.6676,-1.20145
9,5.142,-1.00616
9,1.5099,2.49115
9,-1.28408,-2.4822
9,-2.75226,-0.171176
9,-1.59313,-2.45839
9,2.46723,0.912193
9,-3.28923,0.219798
9,3.9116,-0.98648
9,-2.96434,0.151491
9,2.5567,-0.682016
9,3.36438,-0.031312
9,2.7278,-1.24506
9,1.57983,2.80303
9,3.49791,-0.814527
9,1.79369,-0.334347
9,3.74434,2.05595
9,1.39599,2.91947
9,-1.5793,-2.63861
9,2.32414,0.467554
9,-1.65146,2.54384
9,2.77679,0.238562
9,3.10955,-0.204106
9,3.47711,0.260958
9,1.82513,-0.601232
9,2.23712,-0.139328
9,3.18833,0.934676
9,1.47213,-2.56468
9,3.12912,-1.53295
9,4.29673,-0.134597
9,2.73711,-0.636613
9,3.27299,0.478565
9,1.01986,2.90899
9,-2.77052,-0.136955
9,1.55784,-2.46793
9,4.11568,-0.181651
9,-1.55257,2.70846
9,1.34173,-2.9558
9,4.0137,0.36703
9,-1.56711,-2.67532
9,-1.4321,-2.33825
9,-1.55581,2.67522
9,-1.77359,2.57972
9,3.89227,-0.846174
9,-3.34954,0.0914381
9,2.56221,0.224404
9,2.04983,1.15806
9,2.09648,1.09989
9,2.03376,0.302857
9,-3.01806,0.0236852
9,2.96489,-0.485839
9,1.47377,-2.36185
9,1.24525,-2.29969
9,1.48106,-2.47242
9,1.53086,-2.53626
9,1.30738,2.48447
9,3.62808,0.200536
9,-3.0783,-0.0188026
9,1.37494,-2.60761
9,-1.5449,-2.55865
9,2.55858,-0.759462
9,2.98637,0.697281
9,2.22115,0.346581
9,3.26317,-0.46944
9,1.56612,1.4925
9,1.39204,2.50512
9,2.17216,-1.29033
9,1.4851,-2.37004
9,-3.19623,-0.184251
9,4.37818,0.181693
9,-1.4409,2.45375
9,2.41547,0.497424
9,1.5496,-2.62181
9,-2.81144,-0.148859
9,-2.85757,-0.0320764
9,-1.51645,2.66639
9,-1.85214,-2.64319
9,1.72463,2.54866
9,2.15822,0.345547
9,2.85708,0.72846
9,3.25527,0.253501
9,-1.51879,-2.55993
9,1.78957,2.45769
9,-1.54873,-2.68396
9,-1.78359,-2.60825
9,1.68331,2.20699
9,3.47539,0.148467
9,-1.52617,2.53843
9,1.58899,-2.64662
9,1.86657,-0.300647
9,3.80035,1.31472
9,2.81953,0.50361
9,3.45025,0.302737
9,1.78466,0.476815
9,-1.24421,-2.66223
9,1.63489,0.374007
9,2.70815,-0.876909
9,3.80217,0.272648
9,-2.03815,2.31491
9,1.47492,2.20949
9,1.54032,2.65977
9,2.70184,-0.676752
9,2.41176,-0.558382
9,2.87317,-0.772744
9,-3.29881,-0.38823
9,-1.71149,-2.57536
9,2.49573,0.399277
9,2.77853,0.126787
9,1.68678,-0.16088
9,3.12168,0.509661
9,2.74274,1.03964
9,3.52714,0.409712
9,1.40439,-3.05393
9,1.66576,2.62234
9,-2.68135,0.10567
9,1.33922,-2.54532
9,-1.6136,-2.63339
9,-2.87736,0.162806
9,1.46578,-2.54031
9,3.41462,-1.02098
9,1.84749,0.131852
9,4.31714,0.386098
9,1.58548,2.53807
9,3.09555,-0.67353
9,-1.42795,2.48173
9,1.29165,-2.59628
9,2.82148,0.619376
9,4.16202,0.356624
9,-3.1662,0.362797
9,1.95176,0.851166
9,3.31913,-0.301096
9,2.9117,0.547053
9,2.53402,-1.10764
9,-1.64035,2.8744
9,3.34966,0.275731
9,2.95875,-1.13941
9,2.67233,-1.20063
9,3.07109,0.495978
9,2.35624,-0.0607438
9,-2.8524,0.121842
9,2.69595,1.52952
9,4.42734,-0.0398101
9,2.12623,-0.977579
9,3.85203,1.44835
9,1.44215,-2.45448
9,1.55185,-2.39473
9,1.40921,2.36679
9,-1.24927,2.76319
9,-2.73351,-0.0394072
9,1.67877,-2.35925
9,2.58593,0.272628
9,3.05776,0.931194
9,1.79848,-0.628821
9,3.30767,0.793632
9,-3.25515,-0.00684986
9,-1.57573,-2.68093
9,2.90469,-1.41628
9,1.99523,-2.48394
9,1.59894,-2.57825
9,3.01855,-0.265772
9,-3.01793,-0.326338
9,2.55608,1.03871
9,3.45918,-0.0308201
9,-3.1543,-0.041945
9,3.72439,-0.984197
9,-3.00949,-0.204439
9,2.67881,-0.00919485
9,2.87108,-0.948654
9,2.68878,0.158448
9,-2.87081,0.114299
9,2.46582,0.0142476
9,3.16619,-2.07955
9,3.49571,1.02381
9,2.05767,-0.663114
9,-1.61683,2.66228
9,4.43167,0.623796
9,2.53788,-0.263304
9,2.22037,-1.78972
9,3.64816,-0.600742
9,-1.50605,-2.56987
9,3.90694,-0.061229
9,3.56133,-0.167726
9,1.36841,0.768702
9,1.29933,-2.41147
9,1.4719,-2.73765
9,2.36702,0.739366
9,1.38687,2.35888
9,3.7555,-0.637243
9,2.01631,0.459771
9,2.70523,-0.0126922
9,-1.47178,2.75991
9,1.65615,-0.124063
9,-1.81441,2.657
9,-1.9277,-2.96304
9,3.33698,-0.687563
9,3.51104,0.172855
9,3.00595,-0.822408
9,1.91247,0.448111
9,1.47071,-2.32173
9,3.14007,0.575128
9,2.89323,0.664573
9,-3.02747,-0.0622087
9,-1.42912,2.51743
9,-1.56699,2.83451
9,2.45086,-0.107005
9,2.27765,0.10107
9,3.729,-0.266873
9,4.69233,-0.00913938
9,2.25819,-0.50256
9,3.23503,-0.0912891
9,-2.75681,-0.0761428
9,3.62483,-0.754233
9,-1.33931,2.4415
9,1.75164,2.87374
9,-1.85167,-2.46789
9,-1.27584,-2.27502
9,2.83736,0.614313
9,3.30025,-0.610856
9,3.91436,-0.316729
9,3.80391,0.377373
9,-3.00433,-0.476823
9,2.83175,-0.398052
9,-1.57638,2.529
9,-1.38983,2.36926
9,2.41558,0.564909
9,4.72782,0.0239388
9,3.42293,0.76658
9,1.99161,-0.612345
10,3.04332,0.453813
10,2.73671,2.12006
10,-1.63019,-2.23503
10,1.59969,-0.270735
10,1.94009,1.68414
10,3.50034,0.16358
10,4.61848,0.683311
10,2.56946,-0.7406
10,1.34555,-2.63797
10,2.17098,0.706703
10,2.91649,-0.254931
10,-1.70196,-2.85292
10,2.52845,-0.0524654
10,3.12483,0.299014
10,-1.71446,-2.65223
10,0.805514,2.02873
10,2.86907,0.0511811
10,2.90756,0.769131
10,1.20754,-2.59562
10,-3.30459,0.109648
10,-1.4563,2.67195
10,1.71885,-2.84453
10,1.44378,-2.50664
10,2.47702,0.0478912
10,3.71866,-0.621772
10,1.5715,-3.05293
10,3.17884,0.415972
10,2.84483,1.59482
10,1.20935,-2.77217
10,-1.59922,2.41416
10,3.29086,-0.139539
10,3.42256,-0.529802
10,1.28034,-0.0651873
10,3.50846,-0.605359
10,-2.91277,0.109164
10,4.0083,-0.769922
10,-1.65601,-2.68901
10,3.22936,1.25942
10,0.411703,0.349755
10,3.85957,-0.826253
10,1.7028,2.49667
10,-1.45642,-2.96765
10,1.50872,2.25646
10,3.50352,0.241572
10,4.04274,0.327251
10,-1.3999,-2.55105
10,-2.83048,0.147818
10,4.51994,-1.25941
10,1.19498,2.29325
10,2.08813,0.673162
10,2.00071,-1.97025
10,3.27852,-0.272818
10,2.79735,0.395956
10,2.9112,0.406554
10,1.37687,-2.62626
10,2.37178,0.100888
10,2.4151,-0.619344
10,1.6093,2.5599
10,3.47608,0.0138329
10,3.12365,-0.145133
10,3.05358,0.736258
10,2.78019,0.247489
10,1.19977,-2.55702
10,2.69228,-0.218659
10,1.19358,-2.62511
10,1.12638,2.84003
10,2.32076,-0.0776166
10,-3.0664,-0.114168
10,-1.62373,2.55523
10,2.74871,-0.387802
10,-1.67608,2.37699
10,2.93269,0.538816
10,-1.69635,2.41608
10,3.18725,1.06818
10,-2.98739,0.512736
10,-3.15262,0.53766
10,3.65747,-0.524267
10,3.9259,0.314784
10,2.64899,-1.62819
10,3.15547,-0.27949
10,-2.96254,-0.161935
10,2.75597,-0.89659
10,1.84674,-0.374912
10,1.73923,2.54763
10,1.27505,1.74091
10,2.27266,-0.880912
10,4.29554,1.42691
10,3.98605,0.445833
10,1.36226,2.49304
10,1.28726,2.43543
10,-1.45803,-2.35618
10,-1.51935,2.24404
10,2.91265,-1.654
10,3.72805,-0.586854
10,-1.30876,-2.78513
10,2.61647,0.831491
10,2.75819,0.339057
10,3.4594,-0.35415
10,4.09688,0.907685
10,-1.65568,2.53765
10,1.70345,2.85101
10,1.79598,-0.111895
10,2.50074,0.438816
10,1.94202,1.13569
10,1.50567,-1.10546
10,-1.7849,-2.43516
10,-2.54633,-0.173836
10,2.77796,-1.01234
10,3.03465,1.12608
10,-1.64572,-2.45783
10,2.7836,-0.861155
10,2.66327,0.158269
10,2.49026,0.123861
10,3.12676,-0.787074
10,-1.36647,2.45089
10,-1.55214,2.5191
10,1.73503,2.49708
10,1.43175,2.49479
10,-3.14316,-0.0718007
10,3.024,-0.907087
10,3.03996,1.12733
10,4.46242,0.348164
10,3.06349,0.560701
10,3.47308,-0.101301
10,2.64407,-1.6304
10,-3.21016,0.122778
10,1.87407,-0.150714
10,3.18674,-0.335369
10,2.34669,-0.781148
10,2.864,0.0464146
10,2.17134,0.409076
10,4.74704,-0.419522
10,2.85958,0.449139
10,-3.10057,-0.0345442
10,1.3748,-2.56064
10,2.41271,0.516343
10,1.56275,-2.59737
10,-1.33509,2.47183
10,2.39606,0.616987
10,2.90804,-0.216629
10,2.82824,-0.11586
10,-1.15937,2.67911
10,1.26417,-2.63292
10,3.87382,-0.77155
10,1.25953,-1.24883
10,3.49354,0.258558
10,3.27036,-0.347579
10,1.50833,0.402612
10,-1.17647,-2.75524
10,3.14394,1.20912
10,2.44129,-0.0891355
10,2.67188,-0.915733
10,3.41714,-1.21348
10,-1.56913,-2.7552
10,2.4064,0.264166
10,3.44823,-0.598041
10,-1.36565,-2.75422
10,3.25537,-0.0266071
10,-1.43335,-2.52996
10,2.85744,-0.21287
10,4.33987,0.819617
10,3.24475,-0.801204
10,-3.05629,-0.0603751
10,2.10428,0.898154
10,3.67023,0.457526
10,2.99673,-0.409814
10,2.67689,0.136335
10,1.19531,-0.977603
10,-1.49005,-2.64828
10,-1.59623,-2.32114
10,3.2286,-0.41461
10,3.29007,-0.807936
10,-2.87909,-0.253567
10,1.33615,-2.55055
10,2.65221,1.67344
10,1.7485,0.722113
10,-2.8806,-0.0428201
10,2.32523,-0.604673
10,2.7882,0.840766
10,3.35043,-0.861845
10,2.60282,-0.0901022
10,2.37308,0.0623626
10,3.49437,-0.87778
10,2.87156,-0.581699
10,4.20923,-0.687949
10,2.90436,-0.951039
10,3.38115,0.624683
10,-2.98043,0.00572531
10,4.10262,0.19793
10,3.29672,0.806079
10,-3.08573,0.20385
10,3.43767,0.0617922
10,-2.8953,0.0748408
10,3.22192,-0.185296
10,-1.41628,2.3254
10,1.59021,-2.26176
10,1.50395,-2.80589
10,2.9278,-0.688835
10,-1.48856,2.50066
10,3.19445,-0.134301
10,-1.00568,2.86534
10,2.35885,0.252592
10,1.66692,-2.61651
10,-2.7902,0.268806
10,1.38378,-2.69677
10,-1.41589,-2.8586
10,1.4224,-2.28036
10,1.44431,2.60888
10,3.80741,1.13021
10,3.06874,-1.36901
10,1.58803,2.78728
10,2.80941,0.46171
10,1.31332,-2.59924
10,-1.40847,2.84925
10,2.41165,-0.490062
10,3.01589,-0.40722
10,3.14129,0.66397
10,-1.2952,-2.8223
10,3.57832,0.120313
10,2.59284,-1.08539
10,2.69442,-0.634713
10,4.53134,-0.0439752
10,3.51314,-0.522806
10,3.31238,-0.0744144
10,-2.75179,0.204696
10,4.19713,-0.183707
10,2.36193,-1.18788
10,-1.54998,2.4536
10,1.415,-2.47249
10,-1.37423,2.3157
10,2.81903,-0.701397
10,3.67037,0.107112
10,2.93269,0.85562
10,2.32193,0.373863
10,-1.45081,-2.88741
10,2.3327,0.217641
10,-3.23315,0.00818464
10,-1.38329,2.64326
10,2.31921,-0.663381
10,-1.57738,2.52834
10,3.12848,-0.662145
10,2.99362,-0.0411558
10,2.8008,1.06252
10,3.97805,0.160749
10,2.3981,0.0944696
10,3.98036,0.259164
10,2.81249,-0.736767
10,3.3684,-0.637165
10,2.99154,-0.868564
10,1.3518,-2.34452
10,2.57053,0.0164888
10,2.49641,0.348776
10,3.20542,0.595632
10,2.34135,0.258863
10,3.98716,1.52144
10,1.98328,-0.769219
10,0.892303,-0.0615089
10,2.28061,-0.0199507
10,3.49606,-0.13685
10,1.85207,-0.816758
10,1.79964,-0.22413
10,3.09771,0.222775
10,2.32677,-0.68558
10,2.04061,0.711226
10,-1.39984,-2.46032
10,2.86014,-1.69142
10,-1.56409,2.51429
10,1.5359,-2.45849
10,1.59788,-2.22561
10,3.17178,1.1679
10,1.62736,2.66503
10,-1.27942,2.22156
10,3.80504,-1.1318
10,3.49915,0.635444
10,-2.93009,-0.123381
10,1.57104,2.76385
10,2.2175,0.771807
10,3.35308,0.273275
10,-1.59098,-2.36434
10,-1.61464,2.53831
10,-3.15118,-0.396398
10,4.07991,-0.943893
10,2.60975,-0.355498
10,1.28015,1.19026
10,3.63438,-1.2507
10,4.45051,-0.705984
10,2.46704,-1.39503
10,-2.74819,-0.0273738
10,-3.18365,-0.0234898
10,3.62285,-0.603628
10,1.22853,2.89307
10,2.47358,0.669459
10,2.96803,1.97217
10,-1.45368,2.79443
10,1.54679,-2.93685
10,1.57838,-2.35554
10,2.49404,0.0852588
10,3.8388,-0.134322
10,2.05737,-0.185017
10,2.83271,-0.693765
10,-3.18769,0.182231
10,2.54622,-1.38678
10,2.85532,-0.536502
10,3.29507,-1.35333
10,1.49367,2.46995
10,-3.19795,0.0479416
10,2.70972,-0.317646
10,2.96488,-0.479708
10,3.53648,0.335223
10,1.28054,2.55783
10,2.40892,0.433279
10,-1.48861,2.78322
10,-1.37628,2.5568
10,-1.26886,2.36571
10,2.32922,-0.336682
10,3.8133,-0.317006
10,1.73405,2.64175
10,1.92147,-1.02379
10,3.52562,-0.0981008
10,-1.66245,-2.48396
10,-3.10284,0.109361
10,-3.23452,0.141648
10,2.3941,-0.054665
10,-1.57469,2.80199
10,-1.66393,2.76366
10,1.41805,-0.400385
10,2.03868,1.1325
10,1.48867,-2.83387
10,2.81524,-0.543017
10,2.41362,-0.18569
10,3.73035,0.89741
10,3.7316,0.162097
10,3.57035,-1.53545
10,-1.55904,2.52649
10,-1.68629,-2.91635
10,1.51049,2.46542
10,1.6738,-2.63646
10,2.83671,-0.967842
10,1.95022,0.118131
10,2.40358,1.02422
10,3.11331,-0.436473
10,2.76942,-0.608762
10,3.58464,-0.505989
10,1.64079,2.68214
10,1.3626,-2.61948
10,1.59979,-2.8166
10,4.2717,0.697248
10,2.84744,-0.656842
10,3.10187,-0.377708
10,3.1437,-0.436332
10,-1.40726,-2.51752
10,1.60255,0.0144368
10,2.84066,0.142205
10,3.28988,-0.230323
10,3.6638,1.43245
10,-3.24085,-0.25584
10,2.94376,-1.08975
10,3.58777,-0.22656
10,2.95345,0.331763
10,3.75758,0.622705
10,4.79591,1.15768
10,3.13547,0.584583
10,4.97495,0.550602
10,1.21759,-2.45641
10,1.67805,-2.53146
10,3.04251,-0.0740209
10,-2.8623,0.0273983
10,-1.46688,-2.6799
10,2.2323,0.163629
10,4.78201,0.0132354
10,3.26476,-0.407516
10,4.24974,-0.427343
10,2.6625,-0.533019
10,-1.55612,-2.86096
10,3.51769,-0.449869
10,2.89133,-0.918246
10,3.79711,0.92278
10,3.90484,-0.0921048
10,2.06561,-0.637144
10,3.35073,0.739979
10,2.2501,-0.363233
10,2.46545,-0.166869
10,1.51778,-2.63431
10,4.00683,0.201807
10,2.40986,-0.883875
10,2.1086,-0.839296
10,-1.32913,2.43229
10,2.29792,-0.382487
10,3.83355,-0.254492
10,1.54338,2.71324
10,3.14588,-0.465815
10,3.84957,0.0437743
10,2.4332,-1.37502
10,-2.88842,0.0207763
10,1.77858,2.45718
10,3.78398,-0.264636
10,-1.2783,-2.49795
10,2.99658,1.03391
10,3.67095,0.329603
10,1.52855,2.53448
10,2.38339,0.757217
10,1.60222,2.65969
10,3.29473,-1.32334
10,3.63723,1.49287
10,-3.00865,0.144293
10,2.7997,-1.0863
10,1.55683,-1.10921
10,3.14473,0.218374
10,3.81664,-0.577296
10,3.64637,0.73664
10,2.30034,0.773514
10,2.12428,0.113794
10,2.94359,-1.0793
10,-1.45247,-2.88377
10,1.37111,-2.65377
10,3.39491,0.343014
10,1.65062,0.225267
10,3.46989,0.613378
10,2.66919,1.3378
10,2.33934,-0.162291
10,1.41167,-2.64853
10,2.9781,1.04029
10,3.6794,0.617166
10,1.25235,2.49356
10,2.24671,-0.471382
10,-2.73432,0.140086
10,1.94433,-0.792661
10,4.05239,-0.381073
10,2.22745,-0.924065
10,3.54052,-0.479753
10,3.86135,-0.134822
10,-1.20396,2.78529
10,-1.18915,2.53015
10,3.04434,0.599848
10,1.00408,-0.0406471
10,-1.30173,-2.56197
10,-1.51921,-2.82748
10,-1.42497,-2.22082
10,1.59153,2.39788
10,2.16828,-0.579004
10,3.29308,0.016817
10,3.28635,-0.0185336
10,4.05779,0.0592699
10,3.21073,0.0654289
10,3.74251,-0.131056
10,1.6029,2.47488
10,-2.88072,0.100585
10,2.3309,0.113399
10,-1.45004,-2.19182
10,1.61627,-2.71846
10,3.32528,-0.693814
10,1.05181,-2.49708
10,2.93169,0.354492
10,4.10486,0.0280161
10,1.55683,-2.80411
10,-2.88398,0.033011
10,1.64688,-2.5563
10,3.9925,-0.253374
10,3.00026,-2.04137
10,-3.31626,0.243134
10,2.97969,-0.965386
10,-1.44442,-2.61811
10,1.72806,2.50564
10,-1.45826,-2.30631
10,2.34692,-0.0283054
10,2.66253,0.698011
10,3.15175,-0.534772
10,2.88461,-0.0018684
10,1.9645,1.93075
10,1.7725,0.2516
10,3.17505,-0.117147
10,3.75344,1.40902
10,3.45759,-0.667524
10,1.95731,-0.885576
10,3.39449,-0.245658
10,1.78827,1.07969
10,4.37233,0.650581
10,1.73559,-2.73058
10,-2.81795,-0.083906
10,3.99073,0.821417
10,1.65391,-0.559341
10,3.37816,0.0789611
10,-1.324,-2.578
10,3.69093,-0.22513
10,4.32854,-0.0308313
10,-1.1641,-2.42763
10,3.19732,0.300024
10,1.48156,2.54686
10,2.12227,0.361916
10,-1.35242,2.78259
10,1.92909,0.0767587
10,3.49038,-0.00341983
10,2.2883,0.224256
10,2.25852,-0.195777
10,2.88686,0.199183
10,2.37737,0.796947
10,3.29698,-0.346138
10,-3.01289,0.137861
10,1.48467,1.45723
10,-1.4661,2.58627
10,3.06021,-0.550912
10,1.56439,-2.54152
10,2.60595,0.787725
10,3.84793,0.186254
10,-1.30651,2.3663
10,1.76822,0.314707
10,2.94953,-0.0184394
10,3.21608,0.97382
10,2.58137,0.0727737
10,2.87866,-0.121063
10,2.56115,0.16036
10,-2.87394,0.36497
10,3.18782,0.867601
10,3.51838,-0.911458
10,-2.97002,-0.0225713
10,2.33749,-0.0383387
10,-2.78703,0.130772
10,3.01894,0.367205
10,2.73014,-2.11599
10,5.4059,-0.385082
10,2.55553,-0.548941
10,-2.90969,-0.187913
10,3.48548,-0.468898
10,3.70342,-0.131699
10,-1.50905,2.52339
10,2.64838,-0.331421
10,1.65202,2.42477
10,3.07744,-0.347313
10,1.60869,2.62412
10,1.19991,-1.07231
10,2.56963,0.900029
10,2.18626,0.14929
10,-1.38147,-2.5006
10,4.25417,0.397335
10,4.38282,-1.01364
10,3.17892,1.31221
10,1.35371,-0.547019
10,1.93034,0.335013
10,1.42992,2.74056
10,1.50266,-2.74085
10,1.59758,2.34732
10,2.90578,-0.28009
10,3.30909,-0.0965567
10,-3.16017,0.365624
10,-1.60614,-2.4828
10,-1.19979,-2.83368
10,2.73916,0.036653
10,2.67189,1.01088
10,-1.44071,2.57488
10,1.51273,0.0194552
10,3.07828,-0.30938
10,-1.27731,-2.5829
10,2.51838,1.17146
10,1.55207,-2.74755
10,-1.00646,-2.68562
10,-1.11401,-2.71635
10,2.9957,0.746229
10,-1.4471,2.56862
10,2.76967,0.258492
10,2.54108,-1.86668
10,1.35144,2.95766
10,3.70275,1.08215
10,3.28314,0.420873
10,1.38733,2.87747
10,-1.36868,-2.57474
10,-1.73275,2.19096
10,-1.7206,-2.24605
10,3.03261,0.695906
10,2.56732,-0.946691
10,2.4188,0.186539
10,1.41944,2.20233
10,3.31037,-0.0118117
10,-1.49975,-2.4132
10,-1.53997,2.32874
10,2.32978,-0.147001
10,3.24504,0.0863544
10,1.04001,2.32983
10,-1.43338,-2.34653
10,3.03072,1.60803
10,-1.61584,2.86492
10,2.72879,-1.04187
10,-1.44589,-3.01339
10,2.26342,0.93846
10,1.19198,-2.7161
10,-1.74525,-2.33172
10,2.02461,-0.515244
10,2.81365,-0.819617
10,2.58865,0.23743
10,2.95969,-0.593212
10,1.85967,0.105977
10,3.67099,-0.685226
10,3.44335,1.25346
10,-1.40445,-2.82643
10,1.53872,2.38488
10,1.7206,0.93149
10,3.29489,0.248909
10,1.08964,-2.56149
10,3.51532,-0.47681
10,2.52695,0.556733
10,3.38928,-0.0226411
10,1.39368,-2.62021
10,2.49025,0.176689
10,2.30326,-1.01889
10,4.33541,-0.535988
10,4.23589,0.714584
10,-1.74904,2.73501
10,-3.26886,-0.233378
10,2.94839,-1.2295
10,3.95303,-1.70396
10,3.10032,0.676266
10,3.83625,0.502832
10,-1.37078,-2.40015
10,3.18413,-0.0874754
10,2.77975,0.694085
10,-1.25031,-2.60801
10,-1.77486,-2.42893
10,1.83309,2.61313
10,1.73467,-0.70223
10,3.2502,-0.139121
10,2.80769,-0.452374
10,1.98054,-1.70182
10,2.49679,1.39315
10,2.18942,-0.458143
10,2.81624,0.568997
10,3.12893,-0.151763
10,4.72439,-1.08797
10,1.90747,-2.48545
10,1.6672,2.46536
10,1.52259,2.69339
10,1.77017,-2.91628
10,1.7275,0.944166
10,3.14465,0.280397
10,4.03626,0.633679
10,1.4756,2.51566
10,5.01706,-0.445206
10,1.46108,-2.50825
10,4.51327,1.00935
10,3.39233,-1.20241
10,-1.95185,-2.36794
10,1.337,2.8825
10,-1.5486,2.54824
10,-2.78624,0.331665
10,2.402,-0.369252
10,4.08381,0.698285
10,-2.87714,-0.309811
10,-1.38753,-2.3037
10,3.32886,-0.894002
10,3.96922,-0.10518
10,4.26071,-0.126595
10,3.47816,0.354893
10,-1.44011,2.7742
10,3.66973,0.765342
10,2.84102,-0.336673
10,3.42842,-0.122694
10,1.54584,2.36223
10,1.87491,0.621499
10,2.23688,1.0179
10,3.76916,-0.632331
10,2.23892,-0.933414
10,1.73325,1.08537
10,3.37246,1.37548
10,3.23798,0.313812
10,3.41945,0.448051
10,3.56497,0.04329
10,3.25884,-0.730069
10,2.34924,-0.36903
10,-1.49723,2.27856
10,2.96304,-1.0898
10,2.29134,1.01199
10,-1.4591,2.52543
10,3.994,-0.00435818
10,1.25659,2.93413
10,3.29951,0.167638
10,2.51566,1.53387
10,-1.4692,2.80277
10,3.93161,-0.0724551
10,1.84184,2.76781
10,2.64716,0.391357
10,4.00968,-0.0896609
10,2.58208,0.557781
10,2.79485,0.58663
10,3.68463,-1.6569
10,3.70101,-0.0755208
10,1.78259,2.36721
10,-2.91519,0.00978204
10,3.12728,-1.0021
10,3.47823,1.2515
10,1.64607,-0.387121
10,1.01569,-2.70933
10,-1.41451,-2.54558
10,2.16753,-0.137258
10,3.30405,1.64131
10,-2.84314,0.0768907
10,2.97077,1.22829
10,1.44573,-2.45349
10,-3.13358,0.247783
10,2.94617,0.562597
10,1.5517,2.60368
10,3.45545,-0.0106457
10,3.21349,-1.42823
10,3.02261,-0.0935238
10,2.62682,-0.0270498
10,3.38156,-0.647172
10,-2.83337,-0.0741219
10,-2.93615,0.172641
10,2.752,-0.592224
10,1.94662,1.05912
10,1.77515,-0.0670933
10,3.56813,0.456037
10,3.15782,0.592293
10,1.9752,0.169643
10,3.25561,-0.184449
10,-1.4834,2.62507
10,2.87458,0.159166
10,-1.49873,-2.25414
10,2.64373,1.21714
10,3.70007,0.489063
10,1.46253,-2.73391
10,3.15719,0.737957
10,3.03076,-0.0125665
10,1.26198,-2.41959
10,2.33863,-0.220547
10,3.02958,1.17199
10,-1.52033,-2.27635
10,-1.34086,-2.8073
10,-1.5984,2.80888
10,1.55887,-2.64364
10,3.43713,-0.531806
10,3.33956,0.31228
10,3.32058,-0.220176
10,3.52734,1.25176
10,2.87089,0.338647
10,3.57063,0.695331
10,3.12365,-0.199921
10,-2.86375,-0.0121279
10,4.0355,0.297871
10,1.35785,2.45724
10,1.00636,0.250792
10,-1.51313,2.65997
10,3.12504,-0.0962507
10,1.67866,2.87629
10,-2.45538,-0.0952327
10,4.5621,1.37733
10,3.66017,1.56292
10,2.86044,-0.0578606
10,-1.27136,-2.40462
10,3.56098,-0.595782
10,3.20706,0.0966665
10,3.25145,0.00808767
10,3.46706,0.552188
10,1.69843,0.318603
10,-2.99727,-0.256591
10,2.52144,-0.0243613
10,-1.44745,-2.48983
10,-1.36737,-2.41157
10,1.42484,-2.77308
10,3.09526,0.423346
10,3.71257,0.398631
10,-2.86493,0.138557
10,1.90351,0.388552
10,2.42682,0.156048
10,2.46016,0.0377283
10,1.59063,2.35657
10,3.31306,-0.451118
10,2.36041,-0.58883
10,2.502,-1.72965
10,-1.42636,-2.40932
10,3.39411,-0.408392
10,1.39132,2.9116
10,-1.49042,2.77309
10,2.77054,-0.165653
10,1.67152,2.54196
10,2.83052,1.83258
10,1.57416,2.62664
10,-1.50717,2.77433
10,1.51233,2.12468
10,1.6861,-2.7796
10,3.22642,-1.91231
10,3.33624,0.79869
10,-1.09344,-2.67529
10,-1.24737,3.03622
10,4.27348,0.611113
10,2.63803,-0.170094
10,4.02694,-0.540686
10,0.823301,-1.2931
10,3.12761,0.328525
10,1.11853,-1.88529
10,3.55009,0.548021
10,1.70498,-2.65011
10,1.63292,-2.48679
10,3.13171,-1.09531
10,-1.7547,-2.57181
10,3.58034,0.0441158
10,2.19526,-1.0468
10,-1.76234,-2.71331
10,3.8013,0.727332
10,1.86535,-0.419277
10,1.16785,-2.89997
10,1.33039,2.57332
10,2.89016,0.55594
10,2.08185,-1.60698
10,1.60658,2.41772
10,2.27942,-0.704259
10,-2.91039,-0.080568
10,1.32803,-2.6081
10,-1.65274,-2.47809
10,-1.55358,-2.49975
10,2.44318,-0.581612
10,1.35736,-2.35303
10,1.40882,2.61528
10,4.03813,0.291273
10,2.72302,-0.684647
10,3.46498,0.542227
10,-1.33412,2.70437
10,4.42114,0.147451
10,2.47624,-1.04223
10,3.76523,-0.74107
10,2.90669,-0.358652
10,-2.87461,0.0829166
10,1.33159,0.064738
10,1.5572,-2.57013
10,3.60241,-0.0762093
10,3.12145,-0.0261267
10,1.81325,0.314034
10,2.17895,-0.368504
10,3.56462,0.814124
10,2.25228,0.224858
10,2.91433,-0.486547
10,1.69566,-2.76179
10,1.72402,-0.607706
10,-1.75965,-2.42928
10,-2.91436,0.227984
10,3.02974,0.687553
10,3.73841,0.0732688
10,1.35507,2.71449
10,1.64782,2.51606
10,1.45404,2.70885
10,-3.21647,0.264255
10,-3.00104,0.336985
10,2.18804,-0.0730263
10,4.61503,0.579402
10,4.40395,1.47544
10,2.25848,-0.35151
10,2.79659,0.181815
10,-1.18187,-2.65727
10,4.12125,0.265377
10,3.70274,0.790623
10,-1.33669,-2.33911
10,1.39453,0.26736
10,-1.53274,2.14425
10,2.79839,-0.848784
10,1.9681,-0.235159
10,-1.47855,-2.46966
10,2.71286,-0.516973
10,3.36775,-0.235997
10,3.04241,0.597356
10,-3.00813,-0.000438059
10,2.66582,0.355305
10,2.90313,0.175173
10,-1.81558,-2.50429
10,2.72672,0.0897555
10,2.13736,-0.558132
10,2.80482,0.927899
10,1.35589,-1.48022
10,3.64681,-0.733824
10,3.49563,0.523828
10,-1.70836,2.8737
10,1.88643,-0.78218
10,3.39733,-0.275034
10,3.02809,0.492447
10,1.59031,2.67231
10,-1.45865,-2.51652
10,4.05156,-1.66312
10,2.37575,-0.315485
10,-1.4715,-2.18441
10,2.062,-1.11962
10,-2.92087,-0.306405
10,2.23463,-0.700485
10,3.28577,0.62873
10,1.53389,2.28908
10,1.84454,-0.503953
10,1.71635,2.43147
10,4.04002,-0.347035
10,4.38908,-0.314745
10,2.27032,-0.0154032
10,2.90259,-0.281901
10,-1.33066,-2.61921
10,1.19639,-2.31453
10,1.50268,-2.45157
10,1.74986,-0.529608
10,2.17116,-0.196201
10,1.82571,-0.319619
10,-1.40288,2.52756
10,2.16985,-1.01485
10,3.2348,-0.790009
10,4.30934,0.499749
10,4.27735,-0.542713
10,2.66831,-0.27656
10,1.46321,-2.44669
10,1.78291,2.92821
10,2.16652,0.278647
10,-2.8292,0.199696
10,4.49013,1.08068
10,1.47199,-2.75782
10,3.4085,0.673906
10,1.55276,-0.088394
10,3.15465,0.796923
10,2.92628,0.0586555
10,4.69706,-0.269154
10,3.28315,0.0599228
10,3.31267,0.695751
10,1.37074,-2.61604
10,4.52595,-0.408716
10,-3.0197,-0.221346
10,2.69151,0.838181
10,3.69311,1.19651
10,3.37166,-0.395745
10,3.77783,-1.73165
10,1.41439,0.610842
10,1.29185,-2.56873
10,2.83566,-0.0571526
10,2.99502,0.474997
10,4.99603,-0.0112475
10,2.93038,-0.103796
10,1.38527,-2.49284
10,1.70746,2.77475
10,1.39057,2.69606
10,3.41064,0.877737
10,3.32027,0.398703
10,-3.13038,-0.00987062
10,4.45802,0.607957
10,2.76397,1.26511
10,1.42167,-2.45966
10,-2.76483,-0.177055
10,3.23254,-0.745399
10,3.16263,-1.21194
10,-3.00705,-0.141371
10,4.23756,-1.036
10,2.80358,-0.451355
10,1.82802,-0.248603
10,2.35191,0.558916
10,2.19595,-0.991669
10,1.31029,2.80201
10,3.15377,-1.13295
10,3.00946,-0.422895
10,2.3734,0.452122
10,2.82498,1.05819
10,2.56163,-0.146077
10,3.4156,-1.02859
10,1.22145,2.49499
10,1.43171,2.59109
10,1.52643,2.43778
10,2.74367,-0.250613
10,4.23924,-0.413261
10,2.53543,0.184723
10,2.93062,-1.51907
10,-1.63172,-2.65353
10,2.23333,-0.722054
10,2.74117,0.187239
10,1.25243,-2.95584
10,4.06196,0.120969
10,4.35291,-0.0404239
10,3.59799,-0.231793
10,2.42834,1.02768
10,2.28946,-0.986449
10,1.49281,2.53034
10,1.40168,-2.27928
10,-1.73902,2.64188
10,2.46918,0.242531
10,3.25698,0.14137
10,2.95849,-0.784939
10,-1.29526,2.88709
10,2.40061,-1.18453
10,2.84478,-0.771715
10,2.718,0.596975
10,2.74662,0.969048
10,1.88459,0.556759
10,-1.19922,2.48978
10,-1.41369,2.8877
10,1.33841,-2.47303
10,3.51724,1.38546
10,2.85193,-0.761576
10,1.98844,-0.414779
10,-1.51575,3.01218
10,-1.12237,2.86446
10,3.40064,-0.875519
10,4.3177,-1.14492
10,1.46264,-2.56339
10,3.47809,0.646201
10,1.32964,2.74784
10,-1.75175,2.4627
10,-1.42096,-2.40311
10,3.52647,-0.514492
10,2.72307,1.37689
10,2.55487,1.43076
10,-1.47855,2.75884
10,3.01571,0.632955
10,-3.29425,-0.176154
10,-1.53163,-2.69028
10,4.18857,-0.199659
10,3.78134,-0.291714
10,2.79642,0.118667
10,3.30199,-0.604764
10,2.68243,-0.56099
10,-1.57383,2.66218
10,-2.9795,0.197895
10,5.16934,0.0888029
10,1.34515,-2.54862
10,1.57454,-2.65687
10,-3.06124,-0.231087
10,3.1549,-0.727587
10,-2.91104,-0.334822
10,3.75452,0.966152
10,2.70787,0.0552499
10,3.48312,-0.239389
10,3.24126,-0.0400913
10,4.59546,0.660679
10,1.60597,2.58114
10,2.74867,0.642598
10,3.14437,-0.325097
10,3.13694,0.196359
10,1.27934,2.4662
10,4.16438,-0.491774
10,2.43056,0.280582
10,3.91092,-0.426097
10,2.29819,0.233898
10,-2.98535,-0.167241
10,-3.07542,-0.0221268
10,2.79259,-0.926097
10,3.10254,-0.13925
10,4.16888,-0.618819
10,4.51719,0.397884
10,3.16033,0.0772854
10,3.34714,0.0187315
10,1.44386,2.48396
10,-1.41279,2.50952
10,4.07621,-0.572016
10,2.83609,-0.8575
10,2.29006,-1.12355
10,2.87612,0.119089
10,-1.41247,-2.55651
10,1.41172,-2.64071
10,2.82642,-1.34465
10,1.4618,-2.6364
10,2.71912,0.311841
10,3.05422,-0.691021
10,-1.6193,2.69897
10,-1.26902,2.85435
10,3.12886,0.243179
10,1.48226,-2.71888
10,3.02927,0.945102
10,3.14002,-1.06827
10,3.23891,-0.093296
10,3.29732,1.62754
10,1.5461,2.44836
10,4.0042,0.567043
10,-1.27062,2.58137
10,1.62346,-1.37892
10,2.66134,-0.443177
10,2.15051,0.323247
10,1.37809,0.0562702
10,4.15706,0.0760873
10,2.01591,0.548568
10,3.81823,-0.332057
10,-1.47698,2.66316
10,1.999,-1.95765
10,3.66406,0.0693358
10,3.10624,-0.473874
10,1.95768,0.0273411
10,2.61124,-0.0970308
10,-2.71699,0.0431261
10,4.40221,1.04666
10,3.95339,-0.58301
10,-3.14149,0.0835105
10,1.67548,2.1501
10,4.69333,-1.25947
10,3.0263,0.543132
10,-1.71597,-3.04706
10,4.49784,0.967794
10,2.14302,-0.626475
10,2.90806,0.648225
10,3.79992,-1.36549
10,3.32509,0.849179
10,-1.76932,-2.8775
10,-1.73923,2.84292
10,-1.30706,2.40474
10,3.34886,0.136507
10,1.81703,-0.455
10,2.02341,0.767165
10,3.97363,-0.746847
10,-1.65217,2.27249
10,3.29453,-0.923783
10,2.72558,0.501485
10,3.49312,-1.47208
10,3.67169,0.892805
10,2.27114,-0.470772
10,1.87634,1.49992
10,-3.01525,0.351724
10,4.0229,0.417046
10,-3.00372,-0.150568
10,2.6851,1.09733
10,3.16557,1.53951
10,2.90638,0.092117
10,2.37027,-0.193388
10,1.28588,2.60828
10,1.65739,-2.5464
10,3.59537,1.4016
10,3.26277,-0.367879
10,5.50312,0.23931
10,2.27125,-0.136916
10,1.37247,2.52702
10,3.44131,0.454057
10,-2.84674,-0.00549833
10,-2.93647,0.0404496
10,-2.0216,2.53388
10,-3.16398,-0.431519
10,1.77963,1.48439
10,3.2166,-0.0859202
10,2.18925,-0.115255
10,-1.37861,2.44172
10,-1.74604,2.78408
10,2.10118,-0.587165
10,1.60829,-2.70754
10,-3.04877,0.527123
10,1.8272,2.64562
10,1.51742,-2.63716
10,-2.77045,-0.0726839
10,4.56552,0.0935876
10,2.7531,0.156111
10,1.44355,2.74023
10,1.58916,-3.00125
10,2.45585,-2.32276
10,3.05166,0.362491
10,2.26337,-1.20317
10,1.13379,2.60066
10,2.50067,-0.911519
10,-3.00507,0.0631949
10,1.42797,-2.35844
10,1.85586,0.291246
10,2.99423,-0.893305
10,2.94863,-1.78387
10,-1.33162,2.53291
10,-1.5717,2.59977
10,1.2042,-2.78088
10,-2.78678,0.348456
10,1.46543,-2.4395
10,2.76277,-0.427048
10,3.16066,-0.197218
10,-3.21622,0.186597
10,3.8652,-1.15904
10,1.48002,0.600587
10,2.83211,0.22903
10,3.10498,-0.183404
10,3.74671,-0.352398
10,3.66278,0.106149
10,3.34348,0.347295
10,2.31402,0.99585
10,2.96738,0.791557
10,-1.28061,2.51102
10,2.59505,-0.0444427
10,3.48725,-0.0736085
10,3.53495,-0.897506
10,2.50818,-0.566948
10,1.71533,0.826969
10,2.6709,0.192434
10,3.74615,0.896783
10,3.33945,-0.133673
10,4.09469,1.17523
10,3.04704,-0.346646
10,3.51944,0.192507
10,-1.44568,-2.5802
10,3.72387,-1.1157
10,2.86994,0.136845
10,1.88414,2.48184
10,3.75315,1.08024
10,1.82477,0.245221
10,1.88178,1.00149
10,2.69413,-0.123566
10,-1.47744,2.68889
10,3.11322,1.29545
10,3.49593,-0.0577746
10,3.43879,0.349839
10,1.39606,-2.73859
10,-1.56976,2.43171
10,-2.86051,0.245006
10,1.29286,2.69821
10,3.32877,-1.62888
10,2.48242,0.522503
10,1.65967,2.53372
10,3.314,-0.518816
10,-1.60728,-2.2943
10,-1.29033,-2.63576
10,-1.34832,-2.78953
10,1.5653,2.6467
10,4.5085,1.40213
10,-1.45016,2.60456
10,3.42398,0.0748442
10,4.4024,0.307407
10,-1.42204,2.73208
10,2.38909,0.160355
10,2.86133,-0.0744676
10,1.48892,2.43199
10,-2.89748,0.24958
10,-1.60691,2.53246
10,4.3452,-0.517048
10,3.39957,-1.08648
10,3.30327,0.139335
10,1.73616,2.728
10,2.19082,0.169945
10,2.60707,-1.26882
10,3.65043,0.338234
10,3.0509,-0.985192
10,1.60755,-2.40887
10,1.54456,-2.65699
10,3.01295,1.64901
10,-1.71836,-2.26367
10,3.22393,0.0786325
10,2.60087,-1.42725
10,2.65392,-2.58968
10,2.67664,-0.631595
10,4.26169,-0.00121463
10,1.40208,2.76427
10,1.46808,2.67787
10,3.70006,-0.0340514
10,1.64552,-2.82002
10,-1.69067,-2.85035
10,1.51813,-2.69038
10,3.85104,0.0485731
10,-1.39997,2.51405
10,-1.35098,-2.44931
10,-1.15545,2.81698
10,-3.12139,-0.0537335
10,2.6024,-1.58958
10,3.23996,-0.646357
10,1.4474,-2.5098
10,2.75574,0.328541
10,2.59704,0.730899
10,2.49083,-0.00524365
10,-2.99642,0.163216
10,1.60734,2.68499
10,1.45075,2.6083
10,-1.19697,2.54153
10,1.55706,-2.56097
10,1.47785,2.40771
10,1.27174,2.42862
10,3.49429,0.0909464
10,-3.03802,0.0215362
10,3.33476,0.740235
10,-1.32404,2.81486
10,1.804,2.42515
10,1.6544,-2.58515
10,4.03578,-1.16936
10,1.22199,0.34484
10,3.10723,1.38536
10,1.47289,-2.68518
10,-3.05699,0.263549
10,-3.06292,0.136844
10,-3.22694,0.01078
10,1.37794,-2.31831
10,4.80658,-0.252642
10,2.4899,-0.394474
10,2.8133,-0.863602
10,1.64057,-2.49603
10,-1.45362,-2.37449
10,4.14291,-0.0770833
10,1.5252,2.69499
10,3.01015,0.784317
10,3.30064,-0.201027
10,3.39892,-0.640853
10,3.28617,-0.606533
10,4.17294,0.425473
10,3.38964,1.3897
10,2.36538,0.713392
10,-1.51909,-2.66036
10,3.0098,0.205467
10,1.99332,1.50244
10,2.47112,-1.80382
10,3.3565,-0.899415
10,2.37965,1.1188
10,-2.95531,0.0466342
10,2.12094,-1.0662
10,3.89484,0.1233
10,1.94169,-0.506588
10,1.29211,2.82868
10,1.50101,-2.83539
10,-2.96422,-0.164669
10,3.73961,0.181387
10,2.09368,-0.288154
10,2.92829,-0.464947
10,-3.18236,0.0823515
10,3.23002,-1.02749
10,2.87022,-0.636969
10,3.54986,-0.158773
10,1.33199,-2.54186
10,3.32926,-0.545402
10,-1.5801,2.56018
10,1.68658,-2.53482
10,1.91166,0.0540725
10,-3.1189,-0.0367172
10,3.46023,-0.791248
10,2.34971,0.203075
10,4.1785,0.0822196
10,-2.65742,0.0810375
10,-3.08103,0.0674165
10,4.65796,-0.0708571
10,3.19008,0.0863818
10,-1.71231,2.67049
10,-1.64629,2.89899
10,-2.83604,0.241376
10,3.85784,0.705498
10,3.0576,0.857412
10,2.4929,0.644242
10,3.51874,0.334386
10,4.17451,1.29491
10,3.41966,-0.835589
10,3.03766,0.2892
10,2.91892,-0.250198
10,-1.50472,-2.52105
10,2.3679,0.440617
10,1.49453,2.47028
10,3.63373,-0.0615481
10,3.80846,1.57828
10,3.08692,0.987713
10,2.30672,1.11247
10,-1.58035,2.54729
10,2.65751,-0.247219
10,3.60077,0.386755
10,2.72995,0.548365
10,2.65914,0.968857
10,-1.76875,-2.56956
10,-2.8945,-0.106419
10,1.34398,2.45266
10,2.76247,0.429732
10,-1.59167,-2.69997
10,3.35227,-0.0353349
10,-1.9334,-2.33755
10,1.32389,-2.61432
10,2.91383,0.223226
10,-1.38597,-2.41591
10,2.98771,0.902746
10,3.05575,-1.57623
10,3.22957,0.790382
10,4.22943,1.69263
10,3.52997,-0.586149
10,1.82836,0.199735
10,1.96858,-1.27088
10,-1.59997,2.45706
10,2.15885,-0.352949
10,1.89789,-0.28488
10,2.73339,-0.489875
10,3.81328,0.664026
10,3.85972,0.420792
10,3.34292,-0.232686
10,3.95852,0.655801
10,4.7455,0.200322
10,2.13573,0.348175
10,1.62091,2.56995
10,2.6566,-0.332956
10,-2.92229,0.0375685
10,-3.21274,0.0371349
10,3.04454,-0.431479
10,1.99685,-0.129323
10,2.44132,0.679733
10,3.22801,0.0163778
10,-3.10886,-0.332766
10,3.80989,-0.166706
10,3.10125,-0.88821
10,3.43506,1.58272
10,2.70913,-0.106414
10,-1.21831,2.44223
10,3.95371,-0.347047
10,1.56915,2.44218
10,2.58478,-0.382791
10,2.49125,-0.320041
10,2.67008,0.657717
10,2.23082,-0.143008
10,3.62372,-1.33711
10,2.59114,0.679449
10,2.09135,0.808313
10,2.99601,-0.585358
10,1.9446,-0.138564
10,2.72371,0.502162
10,3.36125,0.0529552
10,-3.0114,0.277215
10,-2.62377,-0.0652588
10,4.10175,-1.04144
10,2.75107,0.790171
10,3.47845,0.703042
10,2.62973,-1.56871
10,3.11117,0.105764
10,-1.30866,-2.70111
10,3.70928,1.66513
10,2.37457,-0.0293457
10,3.28923,0.646578
10,1.59087,-2.57029
10,-1.62295,-2.35939
10,1.60393,2.07867
10,1.60394,-2.54711
10,1.82562,-2.68132
10,5.04437,-0.492294
10,2.72788,-0.165126
10,2.10873,0.631512
10,1.18906,0.550851
10,2.74661,0.658109
10,3.31683,-0.408139
10,2.85234,0.797387
10,-2.57775,-0.114183
10,-3.15873,-0.108365
10,1.55309,2.55507
10,-2.93718,-0.195391
10,-2.82694,-0.215888
10,2.26813,0.585243
10,2.58757,0.315265
10,-1.64219,-2.45119
10,-1.44394,-2.69577
10,4.36852,0.101884
10,3.19855,1.00196
10,2.3257,1.16332
10,3.7205,-1.13854
10,-1.44882,-2.43957
10,4.16029,-0.761827
10,-1.57589,-2.36652
10,2.93239,0.268866
10,2.68752,0.0191493
10,3.11785,-0.219131
10,2.62692,0.142121
10,2.9925,1.20843
10,3.52175,1.02286
10,-1.6276,2.67703
10,-2.99284,-0.204335
10,1.44563,0.802403
10,1.50614,0.202062
10,1.02175,-2.89886
10,1.47126,2.67312
10,2.76078,0.345801
10,1.34338,2.49579
10,-1.53689,-2.54229
10,3.06602,0.329526
10,2.8651,1.08593
10,2.20504,-0.574246
10,1.96146,-0.274305
10,3.0208,0.890596
10,2.25027,-0.262609
10,3.35796,-0.0861495
10,2.57533,0.099909
10,4.24237,-0.106616
10,3.09885,-1.08295
10,2.19896,-0.491967
10,-1.70123,2.65676
10,2.02975,0.244445
10,2.40116,-1.00595
10,4.00386,-1.81525
10,-2.86312,0.148705
10,-1.30707,2.47576
10,-1.48497,2.63468
10,-1.43655,-2.73283
10,3.65003,-0.030731
10,2.80285,-0.227599
10,3.90814,-0.128044
10,4.55394,0.0435499
10,2.00285,1.09376
10,1.39798,1.26536
10,1.41149,-2.49501
10,1.31905,-2.91295
10,2.1442,-0.149129
10,1.46522,2.47426
10,3.11691,-0.541474
10,3.65749,-0.901892
10,4.32294,0.672499
10,-3.15435,-0.0580025
10,4.96551,0.668204
10,1.32877,2.74
10,1.60875,0.395663
10,3.58938,-0.163333
10,2.75604,0.124402
10,-1.82073,2.72881
10,-2.70224,0.254871
10,3.2394,-0.538292
10,1.7112,-0.175172
10,2.73177,-0.587473
10,-1.51831,-2.43491
10,3.55043,0.0644684
10,2.49182,0.266385
10,-3.24748,0.137851
10,2.42901,0.719215
10,2.59075,-0.280601
10,2.50802,-0.498783
10,3.24546,-0.774522
10,2.74336,-0.682752
10,1.67594,-2.69647
10,1.1772,2.59569
10,3.88626,0.0616983
10,2.12857,0.954722
10,4.37567,0.447241
10,2.05092,-0.43674
10,3.91209,0.338551
10,-1.49147,-2.41616
10,2.34322,0.473569
10,-1.4012,-2.57885
10,3.0399,0.36678
11,3.97225,0.34732
11,2.0615,0.539092
11,2.87394,0.900404
11,3.04909,-0.239429
11,3.7188,0.0501828
11,1.24028,-2.79028
11,4.5637,-0.541392
11,3.51897,-0.128944
11,3.05811,-0.280527
11,1.57143,-2.4327
11,3.27273,0.341453
11,-1.37683,2.9642
11,2.92186,0.796546
11,3.03931,0.117046
11,1.258,-2.64658
11,3.95522,1.10151
11,1.37181,-2.69065
11,5.20443,-0.16154
11,3.09461,1.05268
11,3.27254,-1.06106
11,2.40272,-0.465894
11,3.00759,-0.0545004
11,1.41332,-2.2652
11,1.74755,2.54519
11,3.38373,0.0655852
11,2.52426,-0.523503
11,2.0867,0.0967001
11,-1.46196,2.69148
11,1.62881,-2.81217
11,2.76706,-0.159362
11,-1.61902,-2.48334
11,-1.84521,2.48102
11,3.4684,-0.434832
11,3.74635,-1.06802
11,1.68487,2.51118
11,1.46936,-2.4315
11,3.22566,-1.01271
11,3.62226,0.991029
11,2.71128,-0.415306
11,3.22997,1.50151
11,2.51434,0.0524483
11,3.51254,-0.803182
11,-2.83141,0.0701806
11,2.07904,0.824949
11,3.04239,-0.0970286
11,2.10082,-2.11078
11,3.78273,0.255599
11,1.39913,-2.66195
11,1.04519,-0.230282
11,1.32927,-1.20888
11,-1.32031,-2.86757
11,2.8935,0.699104
11,-3.30104,-0.309357
11,2.41495,1.53868
11,-1.63283,-2.74415
11,3.75343,-0.151141
11,-1.26632,-2.6443
11,1.49793,-2.68818
11,-1.28796,-2.6982
11,-2.97986,-0.0399621
11,-1.26917,-2.54806
11,2.97205,0.68819
11,-1.51079,-2.25156
11,-1.54553,2.61935
11,2.69549,0.682087
11,4.07866,0.174446
11,2.77754,-0.20012
11,2.57459,-0.382747
11,2.92008,0.130988
11,3.85771,0.372097
11,-1.63816,-2.32324
11,-1.50698,-2.31927
11,-1.40846,2.72578
11,3.28442,0.613471
11,-1.43639,2.90439
11,-2.86246,-0.0280787
11,-1.69168,-2.86138
11,2.35789,0.174863
11,2.63825,-0.126216
11,2.02082,0.552715
11,2.52334,0.208531
11,-1.52958,2.21967
11,3.94422,-0.0333902
11,3.85089,-1.24225
11,2.47745,0.424401
11,-1.57437,-2.30492
11,1.72929,1.63823
11,2.79338,-0.0300962
11,-1.63833,-2.84381
11,4.10864,-0.334958
11,3.17408,-0.0540457
11,2.262,-0.133547
11,-1.46906,-2.26884
11,2.96465,0.677638
11,-2.91612,0.211708
11,3.5213,1.2957
11,1.5949,2.87257
11,1.63637,-2.71048
11,4.39859,-1.893
11,1.48632,-0.200905
11,3.67733,0.290132
11,1.39766,-2.50598
11,4.3204,-0.073176
11,-2.91246,-0.00645195
11,3.31673,1.2939
11,-1.8058,-2.84905
11,2.33247,-0.413268
11,3.7396,-0.581059
11,3.9186,0.909345
11,2.91136,-0.106376
11,1.72991,2.27273
11,2.95314,-0.195664
11,3.31041,-0.781667
11,-1.76375,-2.55512
11,3.14289,0.000192421
11,3.40349,0.441344
11,-1.22152,2.71198
11,4.00539,-1.39218
11,4.42129,-0.152527
11,3.16554,-0.662348
11,1.26589,2.79178
11,2.80083,0.839222
11,2.45445,1.19847
11,3.23049,0.397668
11,4.15451,0.61121
11,3.89581,-1.27986
11,3.51945,0.90895
11,-1.34385,2.80759
11,-1.21647,-2.62018
11,1.4396,-2.73403
11,-1.40666,-2.51391
11,2.4034,-0.75533
11,2.41917,-0.0379804
11,1.40049,2.89442
11,3.33928,-0.859837
11,-1.66207,-2.77876
11,1.39747,2.65485
11,-1.5222,-2.54366
11,2.70566,-0.389855
11,2.62873,0.915374
11,3.16294,-0.965655
11,2.09066,1.00884
11,4.22943,-0.600375
11,3.61494,0.0804945
11,2.96239,0.894482
11,3.51661,-0.480561
11,-2.90664,0.145044
11,0.530696,-0.250971
11,-1.74142,2.82868
11,-3.13081,-0.0547609
11,1.60399,2.59691
11,2.75201,0.215379
11,2.47105,0.289734
11,2.85842,-0.0923517
11,2.12624,0.108342
11,2.80724,-0.392168
11,3.55608,0.0706265
11,3.01892,-0.130997
11,3.72011,-1.46766
11,3.7226,0.00561049
11,3.76323,0.678113
11,3.63055,-0.578051
11,4.66302,-0.871546
11,1.36894,-2.58407
11,2.15507,0.0285555
11,-1.47642,-2.72121
11,2.4106,-0.737577
11,3.28897,-1.08465
11,1.69759,-2.97726
11,3.81962,0.528124
11,2.00163,-0.163753
11,3.68641,-0.802213
11,-1.71074,-2.88119
11,4.2628,1.07381
11,2.81803,-0.464426
11,1.67767,0.0442912
11,2.53778,-0.56014
11,1.47052,2.31227
11,-1.37491,-2.52996
11,2.35375,-0.264631
11,-1.47272,-2.6363
11,0.818042,0.15912
11,3.18716,-1.63787
11,3.31953,-0.328982
11,3.35068,-0.756318
11,1.2007,2.70683
11,1.26919,2.64856
11,-2.89314,-0.342716
11,4.3289,-0.3835
11,-1.36168,-2.67667
11,4.17033,1.13586
11,3.78208,1.21144
11,3.91779,-0.372323
11,-1.59647,-2.6359
11,1.51244,-2.33266
11,3.71887,-0.475616
11,3.39706,0.685459
11,2.32653,1.60994
11,-1.41998,-2.56551
11,-2.94337,-0.301652
11,3.95515,1.72738
11,-2.99894,-0.0790776
11,2.68439,1.00652
11,3.27395,-0.0421111
11,3.31469,-0.00331572
11,2.44257,-0.339427
11,3.43389,0.461241
11,2.93165,0.00318948
11,1.77486,0.253779
11,3.03671,-0.063285
11,2.51601,-0.544962
11,2.66032,-1.22453
11,-1.20389,-2.69834
11,2.03793,-0.775018
11,2.6434,-0.315583
11,3.25342,0.443173
11,2.80692,-0.930793
11,3.21895,1.65136
11,1.58819,-2.74709
11,3.02647,-0.346242
11,-3.10339,0.129225
11,1.80215,-0.340193
11,0.917827,0.0862064
11,1.73248,-2.66632
11,-1.55805,2.29714
11,3.81373,0.314128
11,3.6485,-0.437914
11,1.89081,-0.46952
11,2.78195,-0.87715
11,3.57338,-1.74232
11,1.7753,2.489
11,3.75625,-0.436553
11,3.49452,-0.460358
11,3.62309,0.309343
11,1.52369,0.841351
11,1.8064,-0.292081
11,3.35705,-0.665997
11,3.57677,0.121091
11,0.423693,-0.669547
11,2.98369,-0.549997
11,2.8928,-0.439933
11,0.835712,-0.489009
11,1.31587,2.67127
11,2.63011,-0.125182
11,1.21555,-0.479031
11,1.53899,-2.53045
11,2.8154,-0.0683487
11,-1.39325,-2.5941
11,3.06783,-0.919927
11,-1.47618,2.60141
11,3.94872,0.0238199
11,1.44001,2.57895
11,-3.05632,0.108247
11,2.45165,-0.340024
11,3.59713,0.840783
11,-1.39465,2.84738
11,-2.99834,0.121618
11,1.43618,2.54593
11,2.58421,0.631323
11,1.59073,2.45417
11,3.28826,0.355666
11,-3.05455,-0.16875
11,3.34939,1.02423
11,-3.06269,-0.184497
11,2.725,-0.704738
11,-3.32469,0.0378108
11,4.78808,0.387198
11,2.3579,0.665377
11,1.25153,-2.52098
11,3.57025,-0.969714
11,1.78253,2.48492
11,-1.45977,-2.79274
11,-2.89807,-0.0287251
11,2.92248,0.221036
11,3.45501,1.0044
11,5.36586,1.45307
11,1.50891,-2.5447
11,1.64229,2.45987
11,3.058,0.557532
11,1.09159,-0.413831
11,1.81194,0.00874205
11,3.31573,-0.624423
11,-1.56263,2.73718
11,1.13303,2.73824
11,4.28122,0.413497
11,2.11727,-0.433183
11,2.64841,-0.183348
11,-1.9132,-2.60719
11,2.49825,1.59229
11,3.48148,-0.158923
11,2.71842,-1.09334
11,1.58897,2.6017
11,4.10073,0.731992
11,2.10408,-0.725038
11,2.69931,-0.584785
11,3.94197,-0.954266
11,-1.45085,-2.61075
11,-1.49785,-2.39596
11,-1.809,2.4296
11,1.77463,0.272673
11,-1.84116,-2.57126
11,3.7902,0.355635
11,2.94722,-0.319894
11,2.70776,-0.753615
11,1.58595,1.05418
11,-1.43705,-2.54712
11,2.51917,1.45872
11,3.06529,1.02216
11,2.73384,-2.38025
11,1.72618,0.0990887
11,1.62624,-2.48473
11,3.00656,-0.405692
11,-1.68247,-2.60583
11,-3.06672,0.0250858
11,-2.80558,-0.147692
11,-1.44115,-2.5691
11,1.44304,2.53413
11,-3.22326,0.112588
11,4.2277,-0.905038
11,2.75894,2.30423
11,2.63382,0.969219
11,2.59062,0.878917
11,3.68676,1.09894
11,3.31595,0.11523
11,3.64408,-1.45553
11,2.48792,0.0325487
11,3.29996,-1.09299
11,3.7084,1.19596
11,3.11363,-1.81328
11,3.03287,-0.416117
11,1.94269,1.62303
11,-1.19204,2.36832
11,3.26012,0.464341
11,-1.78634,2.55753
11,3.96001,1.151
11,3.45034,0.313435
11,4.57025,-0.943704
11,-1.60434,-2.52987
11,-1.46822,-2.45572
11,0.862954,-0.682701
11,3.29684,-0.568187
11,1.61319,-2.67092
11,2.47389,-0.764563
11,3.44158,0.529125
11,3.24811,-0.172728
11,2.93175,0.0107361
11,3.62014,-0.584748
11,3.53312,-0.261335
11,-3.00354,0.126381
11,2.85813,0.479694
11,-3.03067,-0.119764
11,-1.64962,-2.53055
11,-1.32573,2.72324
11,-2.79474,0.0179824
11,1.7772,0.225316
11,-1.35476,-2.55265
11,3.15787,0.125827
11,3.70052,0.043129
11,4.8356,-0.392181
11,4.04996,0.774992
11,2.73467,-1.18715
11,-1.69634,2.53495
11,1.44321,2.46154
11,2.21774,0.841299
11,-1.57336,2.61098
11,4.07316,-0.604568
11,4.3816,-0.967985
11,-2.90397,-0.0678108
11,3.90288,0.0256703
11,3.16172,-0.906263
11,2.37205,-0.697333
11,4.56159,1.42749
11,3.0266,0.348915
11,1.73191,-0.316178
11,1.63636,2.61208
11,3.05188,0.616744
11,1.4055,-2.44825
11,-1.44236,-2.81228
11,-1.64751,2.50525
11,1.5128,-2.81379
11,-1.42194,2.88403
11,3.20645,0.620051
11,4.1328,-1.54672
11,-1.72121,-2.66073
11,2.72856,-0.837279
11,2.85998,1.40983
11,2.95625,-0.817742
11,-2.84524,0.109956
11,3.01804,-0.465556
11,2.40772,1.0679
11,0.981181,0.162377
11,1.29505,2.42398
11,3.64913,0.45376
11,-1.23278,-2.68106
11,3.90311,0.319158
11,4.48731,0.00611625
11,2.58707,0.38992
11,2.42238,0.828675
11,1.33124,-2.55656
11,2.23798,-1.62386
11,2.9615,-0.02018
11,-3.09903,-0.163536
11,-1.24448,-2.44947
11,1.89381,-0.666542
11,3.33285,0.920442
11,2.6798,-1.03299
11,3.59056,-0.956256
11,2.88153,-1.00644
11,1.35625,-2.55873
11,1.52957,-2.75646
11,2.08367,-0.811425
11,1.43579,-2.41916
11,2.05964,0.866304
11,3.04582,0.348097
11,2.91026,-0.925459
11,3.21688,0.981409
11,-1.37629,2.50351
11,3.30664,0.628004
11,2.41475,-1.05642
11,2.22595,-0.175197
11,1.2314,2.64715
11,0.894852,1.20651
11,2.74637,-1.15148
11,3.17046,-0.49754
11,1.47063,0.0595326
11,2.40369,0.614004
11,1.54747,-0.537432
11,3.46191,0.710182
11,1.91446,-0.635115
11,3.81204,-0.182075
11,1.11557,-0.796478
11,-1.3402,2.65405
11,-1.44675,-2.70458
11,4.56783,0.300288
11,4.12129,-0.256474
11,1.41548,2.80827
11,-1.35019,2.5014
11,1.42597,-2.58639
11,3.9115,-1.21907
11,3.65842,0.30938
11,1.07528,0.547814
11,-2.78939,0.322243
11,2.66166,-0.943902
11,1.67276,0.371619
11,2.49667,0.60132
11,2.12322,0.0988489
11,3.98625,-0.0957192
11,3.16627,-0.859528
11,-1.15498,2.82287
11,1.44156,-2.54914
11,1.64762,-2.70863
11,3.13898,-0.0793304
11,2.44593,-0.253865
11,3.73237,-0.385554
11,3.20866,0.687737
11,3.71694,0.742722
11,2.68673,0.465063
11,1.4325,0.884574
11,1.45405,-2.63269
11,2.67915,0.329465
11,3.24616,0.411677
11,-3.26611,0.0194264
11,2.98748,-0.929142
11,2.40871,-1.09195
11,2.67732,-0.443781
11,2.02816,-0.901424
11,2.38517,-0.0263057
11,1.52999,-2.80386
11,2.5129,-1.03154
11,1.53038,-2.66364
11,2.08009,0.541944
11,-1.42352,-2.6758
11,-1.56577,-2.46186
11,1.46856,-0.694418
11,1.6116,2.85439
11,2.81557,-0.00468425
11,-1.30533,2.59234
11,3.39665,0.714591
11,2.95997,-0.354351
11,-2.90936,0.0194011
11,2.77305,0.477131
11,1.6774,0.873812
11,3.20425,-0.406964
11,1.71648,-2.62617
11,2.67419,0.847509
11,3.1866,1.32375
11,2.7357,0.48678
11,2.97131,0.80551
11,1.52435,-2.645
11,-1.60024,-2.63083
11,1.59248,3.10461
11,2.85057,1.11709
11,1.34081,-2.52683
11,2.68245,0.95465
11,1.11535,-0.892041
11,1.50555,0.305522
11,4.27482,0.608783
11,-1.30643,-2.48686
11,0.662939,1.26852
11,4.74224,-0.38745
11,3.11575,0.332596
11,2.65335,1.38417
11,2.80263,0.695058
11,-1.65632,-2.64922
11,2.24182,-1.63945
11,-3.05898,-0.016582
11,2.46698,-1.2443
11,2.63127,-0.0066404
11,-3.19037,0.133208
11,3.22455,0.873895
11,2.86733,0.0172903
11,2.18657,-0.182846
11,5.8419,-0.490784
11,3.01191,1.29659
11,1.45434,-2.49921
11,4.40932,-1.43396
11,0.717789,0.909655
11,3.51237,-0.148464
11,2.93861,0.528565
11,-1.7647,2.44963
11,2.87668,-0.401474
11,3.11679,0.27308
11,-1.36481,-2.50636
11,1.90926,0.0253407
11,1.34091,-2.33908
11,2.33634,0.444916
11,1.47993,-2.64334
11,-1.47811,-2.59364
11,1.55247,-0.269737
11,3.01927,0.221989
11,2.87782,0.0671125
11,3.72384,0.153338
11,4.19604,-0.341561
11,2.41099,-0.622553
11,-1.48254,2.80003
11,3.50906,0.612219
11,-1.70074,-2.44938
11,3.95292,1.2579
11,1.8199,0.48112
11,3.23714,0.678653
11,-2.9555,-0.0417142
11,4.33765,-0.0656702
11,3.6814,-0.195466
11,-1.52729,-2.85588
11,-3.13878,0.0159767
11,3.37021,-1.7272
11,1.78882,-0.163643
11,4.19119,-0.341839
11,2.0433,0.327932
11,2.13037,0.492024
11,2.90599,-1.00099
11,-1.45932,-2.30318
11,3.73846,-0.600458
11,3.00519,1.21704
11,1.57342,-2.81719
11,-1.45944,-2.58934
11,-2.95709,-0.32557
11,-1.82519,-2.56735
11,2.51617,-0.382186
11,3.91961,-0.116725
11,2.89763,0.565875
11,3.62327,-0.253037
11,4.42495,-0.723385
11,4.18715,0.188809
11,1.6988,2.64716
11,3.91542,0.411909
11,1.37636,-2.99334
11,2.09764,-1.01472
11,1.69668,2.7078
11,2.2663,-1.30052
11,1.23723,0.0126457
11,-3.31551,0.0518995
11,3.36382,-0.0951578
11,3.06133,-0.339105
11,3.80951,-0.912817
11,3.06346,-1.51126
11,2.99599,0.771469
11,2.48775,0.222761
11,1.6221,2.23585
11,4.27191,0.339868
11,2.02346,-0.0904223
11,2.41309,-0.472026
11,1.69675,-2.6204
11,3.53739,-0.0720686
11,-3.17424,-0.0237271
11,3.83718,1.38454
11,2.89929,-0.382717
11,3.86205,-0.356232
11,2.70835,0.87049
11,3.18731,0.122203
11,3.21601,-1.69199
11,-2.73623,-0.262173
11,1.70061,2.62381
11,2.18438,0.539489
11,1.5477,-2.5754
11,-1.25075,-2.60834
11,3.80666,-0.251093
11,2.72871,-0.0568408
11,1.13947,0.163054
11,-3.00612,-0.124738
11,3.69351,0.715252
11,3.96947,-1.15555
11,4.14058,-0.55147
11,1.39104,1.00855
11,3.47227,-0.62392
11,4.24317,0.659045
11,-1.62238,2.68263
11,1.39102,2.87647
11,-2.78978,0.0950829
11,-2.98303,0.0420944
11,2.6,-0.646521
11,1.91986,-2.28777
11,2.85135,-0.661648
11,4.54456,0.510927
11,2.75512,-0.852835
11,-2.92008,0.217549
11,-3.15132,-0.155017
11,2.32344,-0.307807
11,4.14816,0.467253
11,3.0053,-0.462606
11,1.57677,2.52319
11,2.92174,-0.727712
11,3.66506,-1.05051
11,1.67512,-2.39266
11,-1.35414,-2.78157
11,1.59705,-1.34761
11,3.9105,1.81115
11,4.51199,-0.334394
11,3.49986,-0.225647
11,3.22228,0.745842
11,4.21906,-0.00821633
11,3.46314,0.693867
11,4.3359,0.688319
11,-1.5323,2.30003
11,1.22298,2.79997
11,2.96138,-0.965391
11,2.7656,-0.362425
11,3.02292,-1.04287
11,3.0752,0.373631
11,2.58054,-0.141963
11,3.77008,1.17766
11,0.794202,-0.82551
11,3.98473,0.82045
11,2.61035,0.158025
11,-1.45813,-2.49712
11,3.24877,-1.75765
11,-1.49906,2.84773
11,2.93203,0.0714065
11,-1.49258,2.91402
11,1.24406,-2.60662
11,2.62485,-0.370184
11,3.35408,0.645269
11,1.51431,-2.86573
11,1.81928,-0.447369
11,4.53145,0.588548
11,-1.61715,-2.68504
11,2.46535,0.297173
11,-1.39241,2.43745
11,2.4798,-0.721471
11,4.35335,1.5015
11,2.36558,-0.020056
11,3.7375,-0.370286
11,3.07029,-1.43663
11,3.6082,0.68143
11,-3.13934,0.0636322
11,2.91641,-1.73925
11,-3.28362,-0.0132669
11,0.645436,1.0822
11,4.06876,1.80943
11,3.60465,2.17683
11,-1.22172,-2.51299
11,2.98412,-2.03167
11,3.87737,-1.15707
11,-1.54779,2.84081
11,3.8856,1.08852
11,2.01287,-0.846226
11,-2.81761,0.187265
11,-1.56624,2.78154
11,3.46881,-0.671069
11,4.66488,-1.29102
11,1.4779,2.36903
11,2.38586,0.270887
11,1.95793,-0.213324
11,-1.35607,2.49247
11,2.97032,-0.41731
11,3.66237,0.130631
11,3.63433,-1.15182
11,3.72109,-1.10434
11,1.65489,2.63664
11,2.22659,-0.167211
11,1.51589,-2.45352
11,1.86741,-1.58816
11,-1.44019,2.69897
11,1.22427,-0.54707
11,-1.91344,2.81676
11,-1.75228,2.44607
11,3.05433,0.287439
11,-1.39144,-2.53225
11,2.94346,0.371835
11,1.90036,-0.649758
11,2.11827,-0.547588
11,2.92189,1.11553
11,0.709188,-0.615582
11,2.52121,-0.572453
11,1.35887,-2.67846
11,1.59537,2.82287
11,-1.44266,2.62869
11,-3.27685,0.0336421
11,-1.44657,-2.597
11,1.63232,2.58579
11,1.14073,-2.78276
11,3.47885,0.24495
11,2.55131,0.98241
11,1.42562,-2.34166
11,-1.4845,-2.46774
11,3.07376,-0.865196
11,1.43226,2.64169
11,1.27441,2.41076
11,3.4261,-0.311395
11,-1.78342,2.45531
11,4.34915,1.34833
11,1.46056,0.340806
11,1.7236,-2.57516
11,1.61598,-2.51284
11,1.60469,-0.912178
11,5.24921,0.0248086
11,1.59988,-2.59304
11,3.37598,-0.339669
11,1.82547,-0.617061
11,1.67442,-0.638176
11,1.73861,1.14114
11,3.39926,1.41381
11,1.86651,-0.489881
11,1.54544,2.64268
11,4.97238,-0.53409
11,2.37181,0.240812
11,1.38443,0.00862424
11,5.11899,-0.664655
11,-3.17809,-0.114648
11,3.2062,1.08257
11,3.14823,0.946847
11,2.23476,-0.296387
11,3.76075,0.687149
11,4.31617,-1.24238
11,2.24398,-0.216366
11,5.07353,-1.05218
11,3.5179,0.678799
11,-3.04058,0.131108
11,2.729,0.428495
11,4.14093,-0.656166
11,2.41014,0.35907
11,1.92267,0.984398
11,-3.09843,0.0582099
11,1.603,2.61014
11,3.42735,1.34937
11,2.5978,-0.637263
11,3.139,-0.818681
11,2.63124,-2.42043
11,4.3562,-0.710038
11,-1.59785,2.3204
11,3.93779,0.814176
11,2.40235,2.07461
11,3.12162,0.0291869
11,-1.66462,2.61826
11,1.7041,-0.272274
11,1.81699,1.1614
11,4.53513,0.60829
11,-1.33587,2.80424
11,2.77913,-0.0835162
11,3.0499,-0.0844636
11,3.48879,1.58018
11,3.07299,0.578793
11,3.23607,0.279253
11,3.42075,0.458446
11,2.24124,-0.533508
11,1.70107,-2.52321
11,1.87088,-0.345587
11,1.43072,-2.4598
11,1.47981,-2.38667
11,1.15449,-2.74078
11,2.11507,-0.149595
11,-1.43486,-2.62007
11,3.3963,-1.01978
11,3.18573,-0.265352
11,4.84973,0.881209
11,2.55048,1.07778
11,2.64507,0.84265
11,4.82191,0.552964
11,3.38214,0.84176
11,-1.56375,-2.5554
11,2.64743,0.132605
11,-3.05546,0.176272
11,2.79393,0.0237371
11,1.96905,-2.40149
11,1.5862,2.40887
11,-2.90127,0.0197685
11,1.54598,2.59405
11,1.54046,2.39606
11,1.31296,-0.142555
11,2.85054,0.899558
11,3.38543,-0.988055
11,-1.44997,2.5268
11,2.8676,0.665954
11,-1.37287,-2.67705
11,2.70372,-0.758832
11,-2.66456,-0.118888
11,1.72177,0.844182
11,1.4742,2.86345
11,2.91069,0.0949431
11,-1.42782,2.31719
11,1.46169,-2.57946
11,1.48203,-0.336591
11,3.48124,-1.05083
11,2.5769,1.12864
11,1.32609,-2.56567
11,-2.97884,-0.113454
11,2.71855,0.26978
11,-1.5907,2.60387
11,-2.99076,0.0927459
11,3.40505,-2.25557
11,2.86594,0.195054
11,-1.29439,-2.75553
11,3.48191,0.517327
11,-3.03098,-0.244946
11,2.12413,-0.230534
11,0.918111,-1.466
11,3.4113,-0.056863
11,4.38804,-0.0496914
11,1.34749,2.76688
11,3.64691,1.42824
11,-1.57832,-2.75513
11,3.13966,-1.39767
11,2.64812,-1.08632
11,4.00609,0.041833
11,3.74207,-0.860264
11,-1.61796,-2.63933
11,3.73463,-0.448334
11,1.87662,-1.9597
11,3.52768,0.0603061
11,-3.08463,-0.0160753
11,3.52483,-0.300457
11,-2.95711,-0.0855457
11,2.49203,0.199356
11,-1.46866,2.57646
11,1.5621,2.81872
11,3.80093,-0.884238
11,2.82127,-0.201604
11,2.46885,-0.299964
11,1.52278,0.544323
11,2.81896,0.0286087
11,4.21968,0.631547
11,1.55541,0.0166432
11,1.36437,0.403997
11,-1.37574,-2.34824
11,1.40832,2.58168
11,3.01701,-0.55971
11,2.80062,-0.0145364
11,1.5821,-2.72996
11,2.40145,-0.971016
11,3.04162,-0.149515
11,-3.10555,-0.0987188
11,2.51388,0.581872
11,1.88654,-0.58115
11,1.38039,2.5895
11,2.30194,2.29019
11,1.26137,-2.43493
11,1.41714,2.67945
11,2.59485,-0.48562
11,-1.49982,2.46101
11,2.98836,-0.0677709
11,3.82687,0.105178
11,1.42204,0.0630206
11,4.4298,0.414332
11,3.26654,-0.784133
11,3.06129,-0.744602
11,3.52697,0.328631
11,2.99503,0.713349
11,5.50591,1.14591
11,1.692,-2.41419
11,-1.63652,-2.76079
11,2.52087,-0.708123
11,1.17553,2.47304
11,1.41452,2.68516
11,1.40292,-0.909604
11,4.04118,-0.304854
11,1.66168,-2.63551
11,3.71165,0.47752
11,3.7391,-0.290231
11,3.59036,0.419109
11,1.54771,-2.39624
11,-1.30833,2.55416
11,-1.47918,-2.62253
11,3.51436,-0.289534
11,2.93494,0.771335
11,4.37992,0.0300774
11,2.28277,-0.120786
11,3.32557,-1.07412
11,2.26791,0.374797
11,2.59922,-0.125071
11,1.94754,0.306732
11,2.94344,-0.783344
11,1.34693,-2.67789
11,3.82876,0.092858
11,-3.06514,0.250352
11,3.82467,-1.4234
11,1.52502,-2.55248
11,2.27935,-0.822423
11,4.079,1.09644
11,2.93126,-1.43585
11,-1.29807,2.80801
11,2.61986,0.208206
11,3.10147,-0.947497
11,1.57779,2.59384
11,3.11342,0.290684
11,2.78124,-0.571923
11,3.51964,0.822658
11,4.73597,-0.863424
11,3.45122,-0.266355
11,2.10177,0.195202
11,2.91516,-0.728488
11,-3.05114,0.12045
11,3.79441,-0.276205
11,3.32914,-0.743439
11,2.35294,-2.42168
11,-1.50974,-2.50967
11,-2.91963,0.0402083
11,3.10391,-1.13732
11,-3.22781,-0.240404
11,3.2125,0.203176
11,2.88371,0.678615
11,-1.35054,2.49812
11,4.0751,-0.412194
11,2.88449,0.601345
11,2.748,1.26454
11,-3.20952,-0.0494316
11,1.24411,-0.930312
11,2.67121,0.931465
11,1.343,-2.69571
11,4.02464,-0.325855
11,3.5433,-0.257759
11,2.29899,-0.111979
11,3.67878,0.454979
11,-1.37228,-2.51351
11,1.49491,2.68768
11,-2.70991,0.0636259
11,1.9158,-1.40224
11,4.13028,0.358188
11,4.05118,-0.992156
11,3.25418,-0.206382
11,3.28183,-0.821184
11,-1.62325,-2.52207
11,2.83429,-0.115403
11,2.92276,0.583041
11,-2.74356,0.217787
11,1.49035,2.57469
11,1.69504,-2.57452
11,4.73033,0.950988
11,-3.09544,-0.000352428
11,1.25862,0.753711
11,-1.48731,-2.49021
11,1.42091,2.72024
11,2.87167,-0.725362
11,1.83149,-0.226801
11,0.590378,0.270485
11,2.31039,0.790111
11,3.14623,1.66695
11,3.37103,-0.120762
11,3.48275,-0.0243701
11,-1.31186,-2.63224
11,3.41978,-0.460348
11,-3.03486,-0.24799
11,2.27242,-0.346657
11,3.20005,0.122611
11,3.87502,0.577722
11,3.84265,0.199932
11,1.93985,1.2804
11,-2.71398,-0.0340749
11,-1.01646,2.58435
11,2.29487,-0.561839
11,-1.54885,2.64434
11,2.88893,0.821675
11,1.60918,2.5183
11,1.48724,-2.63534
11,-1.56781,-2.72145
11,1.48482,2.70271
11,-2.95797,0.129924
11,2.4002,0.835881
11,-1.59646,-2.74997
11,-1.47394,2.36462
11,-1.35654,2.54049
11,1.4979,-2.56912
11,-1.50885,2.44328
11,3.42844,-1.35346
11,-1.40642,-2.79292
11,1.58604,-2.67723
11,3.11456,0.224167
11,-1.31084,-2.2396
11,1.56254,2.37236
11,2.0847,1.0659
11,1.92661,-0.720828
11,1.3399,2.53679
11,2.15806,-0.296208
11,3.55418,1.22438
11,2.89014,-1.02372
11,2.50027,1.74134
11,-1.45803,2.22794
11,-1.42973,2.65307
11,3.50703,0.492328
11,1.83431,-2.60093
11,3.02036,-0.139075
11,3.37011,1.56893
11,-3.20385,0.0160924
11,3.89922,0.417541
11,-3.02911,0.193779
11,1.4402,-2.42479
11,3.02765,-1.80102
11,3.28734,-0.0532804
11,1.20902,-2.77582
11,1.46227,2.12106
11,2.4765,-0.32894
11,1.97686,-0.446397
11,3.35695,0.0348965
11,-1.51854,-2.71091
11,-1.49806,-2.62538
11,2.81052,-0.178964
11,-2.81379,-0.0663249
11,1.14125,-0.253385
11,3.09986,-0.686072
11,3.43972,-0.783334
11,2.89038,0.724158
11,2.97778,-0.691392
11,3.35047,-0.071787
11,2.99727,0.850805
11,3.28622,-0.145719
11,3.06394,-0.18207
11,3.35774,-0.156146
11,2.90963,0.130309
11,3.42718,-0.133504
11,1.45643,-2.63742
11,2.53144,-0.268792
11,3.91996,-0.100774
11,1.56009,2.5434
11,2.95413,0.467251
11,1.38591,-2.57677
11,1.90468,-0.232838
11,2.86348,-0.265314
11,1.88797,0.550197
11,3.30211,0.148818
11,2.06536,0.631459
11,1.61568,2.71353
11,2.37618,0.100937
11,-1.19016,-2.57804
11,1.63708,-2.65831
11,2.68106,-0.163129
11,2.75914,-0.65465
11,3.60827,0.776387
11,1.56455,-2.58005
11,3.0998,-0.314367
11,2.8531,0.447553
11,2.8502,0.232976
11,1.38335,2.79417
11,4.29454,0.15066
11,2.40333,0.405099
11,3.11972,-0.586402
11,2.10186,0.0546838
11,4.01075,-0.23486
11,1.14818,2.87079
11,3.13815,0.157817
11,3.35885,-0.940435
11,1.61975,2.28146
11,5.25887,0.208356
11,2.96546,0.75235
11,-1.29643,-2.59018
11,1.45585,2.56119
11,1.58746,-2.56245
11,1.69648,-0.791961
11,3.18309,-0.678322
11,-3.06374,-0.00545276
11,-3.03728,0.127212
11,3.01817,0.92181
11,3.91988,-0.282782
11,2.23951,-0.57445
11,-3.12268,0.458123
11,4.3401,1.48323
11,-1.50003,2.69278
11,2.1847,-0.96109
11,1.39922,-2.71164
11,-3.14653,-0.0591069
11,2.64253,0.127024
11,3.31724,-0.0706615
11,-2.87178,0.0974686
11,3.37799,-1.36054
11,2.61708,0.822036
11,3.58894,-0.0373078
11,1.90219,1.05856
11,2.63282,0.298425
11,1.42576,2.83561
11,1.41729,2.6817
11,-1.67156,2.70162
11,2.53627,-0.215787
11,1.41285,2.74632
11,3.38061,-0.712629
11,2.83742,0.742116
11,3.62156,-1.7935
11,1.45468,2.57825
11,2.14883,-0.234794
11,2.51076,0.915319
11,-1.36268,2.56623
11,1.60279,2.55568
11,4.22217,1.09839
11,-1.33322,-2.55915
11,2.71098,0.970902
11,-1.33249,2.28234
11,-1.4147,2.55664
11,3.54322,1.7307
11,-1.49409,-2.67481
11,2.93698,0.056282
11,-2.93651,0.062649
11,2.27911,0.201095
11,1.43349,-2.53469
11,3.48208,0.347781
11,-3.28225,0.147005
11,3.75252,1.01362
11,5.35677,-0.984367
11,-3.23524,-0.184516
11,2.97892,0.670258
11,1.31815,0.0521638
11,-1.26591,2.46263
11,-1.32285,-2.26607
11,2.9148,0.2216
11,2.27073,-0.975407
11,2.74335,0.184538
11,2.51069,-1.35186
11,3.16952,2.07865
11,1.5537,-0.241922
11,4.35687,0.350265
11,2.63326,-0.516546
11,3.54231,-0.906392
11,3.4309,-0.570761
11,3.07005,-0.700175
11,4.4204,-0.123524
11,2.98114,-0.212542
11,1.27514,2.54594
11,2.77937,-0.0369666
11,2.77,0.503854
11,-2.9122,0.282305
11,3.6561,0.302045
11,-3.07697,-0.0419918
11,1.44597,-0.458794
11,4.063,-0.224736
11,2.94789,-0.499362
11,2.85667,-0.190856
11,3.01967,-0.918301
11,-3.19899,-0.0885495
11,1.42147,-2.51485
11,-1.39851,2.64683
11,3.8874,-0.780181
11,1.6213,-0.66653
11,1.85886,-0.732144
11,-1.60957,2.8034
11,1.79925,-2.53888
11,-3.21529,-0.09071
11,1.90307,-0.493302
11,2.94795,1.03423
11,1.54434,-2.58012
11,2.97945,0.510889
11,3.37039,0.433052
11,4.20221,-0.338122
11,3.43424,-0.351879
11,1.28876,2.62888
11,-1.31988,-2.63877
11,1.32698,0.98929
11,2.67968,-0.0235832
11,1.65104,2.54485
11,1.55434,2.3397
11,-1.3698,2.31391
11,3.29272,-0.274911
11,2.85098,1.27006
11,2.21166,1.17724
11,3.42249,-0.597216
11,3.20412,0.00315503
11,3.34274,0.439832
11,3.66411,0.380118
11,3.5993,0.480411
11,1.81313,1.59886
11,3.15235,0.611164
11,3.16291,0.365015
11,2.03961,0.158248
11,-2.68062,0.139381
11,1.41864,-2.45129
11,1.93822,0.173427
11,1.55562,2.2834
11,1.8377,1.19136
11,-2.90503,0.0684318
11,-3.09032,-0.0738052
11,4.00255,0.661337
11,2.29524,-1.77141
11,-3.42668,-0.0473288
11,2.65399,-0.628143
11,-2.88097,-0.161546
11,1.61838,2.53356
11,1.29391,2.64449
11,3.03179,-0.248049
11,-1.43457,-2.66815
11,2.55376,-0.0843093
11,2.32368,0.130485
11,3.04563,0.403804
11,3.20272,-0.569812
11,3.29245,0.17861
11,1.39645,-2.55957
11,3.61022,-0.461656
11,1.2693,2.66492
11,3.57441,-0.789092
11,3.73458,-0.188361
11,1.52816,2.92444
11,2.70734,-0.354871
11,-1.40636,-2.53912
11,-1.31926,2.43584
11,2.27464,-0.0224541
11,3.15236,-0.450259
11,2.63644,0.0510717
11,2.56909,-0.0664178
11,2.5996,0.235048
11,2.51276,0.127185
11,2.66849,0.354126
11,1.30009,2.69172
11,2.53761,1.418
11,2.62426,-0.339627
11,1.43821,2.57017
11,1.21687,2.78244
11,5.11449,0.322613
11,-1.4492,-2.54534
11,2.61002,-0.666728
11,1.89316,0.974933
11,4.50436,-1.64959
11,4.70781,-0.907245
11,-1.41518,2.68204
11,-1.60019,2.52994
11,3.50528,0.921422
11,3.04116,0.806904
11,1.13296,0.0222641
11,4.45228,-0.878071
11,2.87471,-0.731904
11,-1.39616,-2.36289
11,2.57394,-0.497762
11,3.4768,-0.319051
11,2.29718,0.223957
11,3.74503,0.617204
11,2.66695,-1.0654
11,2.45571,0.13159
11,3.04688,-1.15016
11,4.38272,1.23543
11,3.00832,-0.50846
11,-1.25552,-2.50823
11,-1.57909,-2.45527
11,3.51945,0.504468
11,3.468,-0.161561
11,2.96246,0.74488
11,3.27139,-0.994977
11,3.00404,-1.19258
11,3.47243,-0.939506
11,3.08348,-0.860348
11,3.4657,-0.614734
11,-1.3737,-2.40062
11,1.27412,-2.48324
11,2.27674,-0.655765
11,2.94656,-0.155582
11,2.61733,-0.485662
11,2.47413,-0.308303
11,4.23626,-0.132039
11,2.18291,0.919149
11,2.56502,-1.92397
11,2.99674,-1.31199
11,1.74111,1.10254
11,4.05664,1.13517
11,2.26819,0.161685
11,1.44358,-2.29781
11,1.5957,2.47795
11,2.72849,0.00979382
11,2.45108,0.163171
11,3.63656,0.12135
11,3.91072,0.081635
11,1.50203,-2.52716
11,3.90821,-0.642917
11,-2.97615,-0.103736
11,1.72207,-0.724395
11,4.34937,0.0772864
11,1.20871,2.71506
11,3.56177,1.15409
11,1.31581,2.26857
11,-1.49634,-2.75811
11,2.04643,0.156419
11,-1.43182,-2.63852
11,2.17894,-1.86146
11,2.19524,0.423194
11,-1.69826,2.64553
11,2.61307,-0.867285
11,1.10537,0.768762
11,3.89083,1.40271
11,-1.71056,2.70607
11,2.80824,-0.530158
11,-1.37462,-2.40757
11,1.9283,-1.41322
11,1.89243,-0.748933
11,1.56915,2.50711
11,1.8129,1.01258
11,1.17003,-2.48323
11,-1.51926,2.8338
11,1.2894,2.54214
11,2.64135,0.468452
11,1.3278,-2.78642
11,-3.12821,-0.0462215
11,3.03685,-1.29816
11,3.34715,-0.447915
11,4.03656,0.417998
11,3.01243,-0.114691
11,-3.00245,-0.0812885
11,3.44103,-0.759639
11,1.58292,-2.7884
11,-1.48966,-2.45225
11,1.46087,-2.66597
11,-3.0422,0.0926969
11,-1.44427,-2.63892
11,3.85344,0.608922
11,3.59432,-0.0698119
11,-1.69825,2.57864
11,1.35463,-2.54505
11,2.81027,0.251291
11,2.63325,-0.652049
11,3.04266,-1.27317
11,2.66659,-0.17775
11,-1.74118,-2.48129
11,-1.29037,2.47759
11,2.43912,-0.354397
11,2.71459,-0.509778
11,-2.98431,0.0128882
11,3.05492,-1.11526
11,2.77343,-1.75628
11,4.14798,0.679441
11,-1.81241,-2.51665
11,3.25198,-1.05998
11,1.7096,-2.36437
11,1.55221,-2.5747
11,3.05694,-0.0102495
11,4.04869,0.23151
11,-1.72153,-2.35633
11,2.08257,1.10912
11,2.21638,-0.999692
11,3.53146,0.631748
11,2.24516,-0.483263
11,2.56376,-0.576698
11,2.0436,-1.42337
11,1.44564,-2.66403
11,1.45911,2.38996
11,-3.31038,-0.0622134
11,-1.60993,2.62973
11,-1.58715,-2.56366
11,2.99662,-0.380656
11,2.37081,1.4426
11,2.96505,-0.599881
11,1.6863,-2.74561
11,2.40161,-1.2225
11,3.33992,1.1347
11,-1.75757,2.66313
11,2.4803,1.32067
11,3.65875,0.452956
11,1.45297,2.44488
11,-3.15477,0.159515
11,3.91978,-0.334339
11,3.59715,-0.339184
11,2.4376,1.18474
11,4.44395,-0.658002
11,-2.88562,0.0820911
11,1.67138,-2.68491
11,-1.49679,-2.34729
11,2.27375,-0.964309
11,3.10471,1.49674
11,1.53631,-2.6938
11,-3.04851,-0.0677336
11,-2.61512,0.0836417
11,-1.40971,-2.7165
11,2.15239,-1.88644
11,3.34523,-1.14696
11,2.48137,0.630442
11,-1.51495,-2.76019
11,-1.50526,-2.58263
11,1.42175,-2.61146
11,2.81042,-1.59265
11,1.91081,-0.290585
11,3.03104,0.33248
11,1.17752,2.6019
11,4.27132,0.724486
11,1.47538,-2.66239
11,-3.14796,-0.144839
11,3.53045,1.03371
11,2.21572,-0.147914
11,-1.45078,2.36368
11,-1.4268,2.42475
11,-1.35966,-2.45225
11,1.33332,-2.39173
11,-1.35116,-2.55175
11,-1.24295,2.61633
11,3.92816,-0.312693
11,2.69397,0.0120413
11,3.01835,0.754152
11,1.58117,2.40225
11,3.50276,-2.01119
11,2.96972,1.12519
11,2.90408,1.06261
11,3.32658,0.125453
11,1.88444,2.62099
11,3.01468,1.33028
11,3.53861,-1.2214
11,2.59934,-0.654535
11,2.51205,-0.909432
11,1.32804,2.5714
11,3.36304,0.376246
11,2.29053,0.117713
11,3.03076,0.186877
11,3.3673,-1.10376
11,3.76393,-1.14747
11,1.47974,-2.54684
11,-2.9202,0.131377
11,1.61572,2.73283
11,4.79379,-1.66068
11,2.93072,0.924935
11,4.22105,0.578154
11,3.9968,-1.92737
11,2.06131,1.40949
11,2.9601,0.00904916
11,1.29459,2.40851
11,3.32052,0.367115
11,3.9823,-0.405904
11,-1.81695,2.62097
11,2.97739,0.260224
11,4.36281,-0.0496508
11,1.26177,-2.5378
11,4.02305,0.729443
11,3.74535,0.321672
11,1.51968,-2.75065
11,-1.38879,-2.62376
11,2.55529,-1.3749
11,1.27395,-0.310375
11,2.3036,-0.0717896
11,1.74928,-2.56918
11,3.09492,0.571903
11,0.968242,-0.353439
11,5.31554,0.564703
11,2.05432,-0.690394
11,1.75491,2.65596
11,-2.97907,0.163367
11,2.14973,-0.200117
11,3.97096,0.444081
11,3.27614,1.02128
11,2.9016,-0.832216
11,3.63308,1.22602
11,3.24331,-1.21722
11,3.5715,1.51015
11,3.11943,-0.950643
11,2.33362,1.11599
11,-2.87041,0.0211218
11,4.32317,1.1722
11,2.04937,-0.599384
11,-1.77697,-2.37085
11,3.42276,0.112736
11,3.59912,0.822728
11,0.163298,1.38713
11,2.14034,-0.397399
11,1.44065,2.73715
11,2.28512,-1.86078
11,-3.08913,-0.0625425
11,4.61121,-1.58928
11,-1.48107,2.75432
11,2.50293,1.42958
11,1.56578,-0.967158
11,3.31837,1.88569
11,-1.59713,-2.51487
11,1.71727,0.937631
11,1.10795,-0.819829
11,3.10708,0.0897856
11,-1.5,-2.7113
11,1.51796,-2.4815
11,2.2428,-0.533431
11,1.5593,-2.04125
11,2.71921,0.63468
11,3.12186,0.474673
11,4.013,-0.167601
11,4.12099,-0.290955
11,1.57329,2.51446
11,1.74339,2.50856
11,1.67872,-0.691275
11,1.79759,2.72373
11,-2.99187,-0.323531
11,0.690245,-1.32254
11,1.85862,0.961088
11,3.34504,-1.81604
11,2.67552,0.64753
11,2.0797,0.421762
11,-1.75652,2.76007
11,2.57552,0.0547087
12,3.81426,0.115318
12,3.51805,-1.05126
12,3.28434,0.224354
12,3.66135,-0.318481
12,1.418,2.9724
12,3.32036,0.559239
12,1.59606,-1.54377
12,5.16911,0.565923
12,1.65137,2.50967
12,4.20057,0.50458
12,3.17678,-0.560368
12,3.75505,-0.0648316
12,-1.50606,-2.72096
12,2.76346,0.588357
12,2.41882,1.43489
12,4.55995,1.21169
12,3.76211,0.112281
12,3.02543,0.087143
12,2.52724,-1.11657
12,3.67944,0.335231
12,3.87272,-0.648444
12,2.53521,-0.726518
12,3.88315,-0.850906
12,2.59496,0.330281
12,-1.61752,-2.67284
12,3.31684,0.525429
12,1.84692,-0.0228316
12,-1.49952,2.56006
12,4.04871,0.142491
12,1.51877,-2.75732
12,2.83357,-0.374786
12,-1.78989,2.68051
12,3.47242,0.379297
12,-3.02299,0.0552184
12,2.88675,0.76566
12,3.50494,-0.424348
12,1.45243,-2.67873
12,5.30649,0.871918
12,-1.31863,-2.69842
12,3.64343,-0.10416
12,2.15162,0.193557
12,1.52349,2.72303
12,3.45997,0.784343
12,-1.37698,-2.59393
12,-1.46804,2.62963
12,1.36587,0.400904
12,-3.00298,0.10528
12,1.38573,-2.37781
12,2.23495,-0.163173
12,-1.57728,-2.19359
12,2.85829,-0.520497
12,-1.46992,-2.54022
12,-2.94298,0.0425423
12,4.45776,-0.411235
12,2.44963,-0.782828
12,2.54908,0.605205
12,-1.43298,2.70183
12,-1.39461,2.56642
12,-1.26938,-2.49833
12,3.16532,-0.480392
12,1.78787,0.32109
12,3.22172,-0.174579
12,3.12761,-1.15866
12,3.56016,0.399693
12,2.45497,-1.06331
12,4.22573,0.789392
12,1.6358,-2.81666
12,2.05402,-0.739943
12,1.8218,-0.805028
12,2.80708,0.95995
12,3.53801,0.179715
12,-1.52853,-2.70177
12,1.70224,2.57011
12,-3.29027,0.0450414
12,4.13881,0.315789
12,3.3746,-0.802861
12,3.82605,0.255522
12,3.32869,-1.19237
12,3.5131,0.539515
12,2.52117,1.39023
12,3.26055,0.832198
12,-2.72866,0.112398
12,3.44257,0.947647
12,3.4809,0.800424
12,3.67672,-1.51918
12,-2.94802,-0.0433437
12,2.04357,0.0954039
12,1.48242,-2.71831
12,3.2022,-1.621
12,2.4963,0.647615
12,1.50561,2.52983
12,-1.37461,2.87337
12,1.57068,2.74957
12,2.26623,0.367361
12,-1.64443,2.5656
12,3.81662,0.204806
12,2.68866,-0.38094
12,1.61383,-0.968599
12,1.87805,-1.69879
12,2.01804,0.437704
12,2.9621,-0.129398
12,3.16532,-0.251793
12,3.21514,0.848898
12,2.80849,-1.29808
12,3.75055,0.756227
12,-1.26527,2.65873
12,1.43118,2.43886
12,4.19889,0.420734
12,3.13812,-1.12448
12,2.2605,0.110303
12,3.94118,-0.733169
12,1.69282,-0.376587
12,-2.92849,0.0652724
12,-1.7297,-2.55833
12,-1.57709,2.62251
12,1.52761,-2.43324
12,4.03347,-0.682662
12,1.73467,-2.52282
12,1.56456,0.17444
12,-1.47276,-2.63225
12,2.91892,0.308191
12,2.42247,1.24269
12,2.15052,0.748674
12,4.49508,-1.36696
12,1.63323,0.967027
12,2.93364,0.702321
12,0.391598,0.826776
12,1.5084,2.57252
12,1.53843,-2.58217
12,3.91232,-0.118744
12,-1.39677,2.4579
12,-1.33078,-2.4429
12,2.44269,1.27305
12,-2.74033,-0.123329
12,3.78077,0.86407
12,1.63524,-2.93592
12,3.26519,-0.157249
12,2.71299,-0.177787
12,2.17225,-0.0563254
12,1.79129,-0.757651
12,2.27028,-0.0776996
12,1.48762,-2.7126
12,2.14217,-0.838168
12,-1.52554,-2.52729
12,1.39321,-2.54286
12,4.01741,1.54456
12,1.47845,-2.46828
12,1.91658,-0.538734
12,2.5008,-0.876449
12,1.47159,2.49196
12,-2.87037,-0.0129993
12,2.98359,1.24032
12,-1.62233,2.57385
12,2.1534,-0.622482
12,2.97708,-2.11869
12,2.69434,1.054
12,-1.51476,2.59395
12,2.03646,-0.076013
12,3.16751,-0.00951294
12,-1.33818,2.33292
12,1.36796,-2.33269
12,1.63248,-2.66983
12,1.79309,-0.566704
12,1.41385,-0.0319678
12,2.47702,0.409277
12,2.25904,1.6399
12,3.35119,-1.98303
12,-2.77524,0.236352
12,4.43188,0.729464
12,1.59185,-2.72399
12,3.3481,-0.527244
12,4.49615,0.00104538
12,2.1735,0.0285401
12,-3.16585,0.0795559
12,-2.77674,0.133904
12,2.30485,0.00489763
12,1.54115,2.55951
12,3.45151,0.652063
12,-3.09377,-0.20461
12,2.28102,0.177571
12,4.06703,0.346294
12,3.36777,-1.34426
12,2.29709,-0.23342
12,2.57526,-0.136517
12,2.4845,1.21152
12,3.57718,-0.424919
12,1.40203,-2.7141
12,-1.42806,2.67056
12,-2.93152,0.0357228
12,3.15435,-1.33065
12,2.05476,-0.924661
12,2.10834,-0.639101
12,1.33272,2.46374
12,3.28348,0.215447
12,3.40767,0.970884
12,1.43921,-1.56664
12,3.12659,1.13088
12,2.09829,0.250401
12,2.89609,-0.354827
12,2.89952,0.0731013
12,3.63296,0.844516
12,-1.42243,-2.58403
12,2.71246,0.462003
12,1.48,2.36795
12,3.70368,-0.294189
12,4.14379,2.00013
12,-1.73456,2.71259
12,-3.17761,-0.0997855
12,-1.30169,-2.67461
12,3.07237,-1.1565
12,2.11937,1.2679
12,-3.06994,-0.0167458
12,1.50164,-2.67756
12,3.05298,-2.77368
12,1.21749,-0.172672
12,3.82302,-0.24577
12,3.65806,0.118298
12,-1.72829,-2.41052
12,-3.00001,0.127482
12,2.88629,-0.0960079
12,3.69965,-0.457443
12,1.15688,1.61647
12,3.33043,-0.879573
12,0.734556,0.681594
12,2.53396,-0.733353
12,2.77126,0.490834
12,2.85686,-1.41168
12,1.41778,-2.61925
12,4.43162,-0.264235
12,3.65056,-1.64527
12,5.22643,0.378723
12,-3.25849,0.0592529
12,2.66521,-0.484126
12,3.26546,0.447292
12,2.02909,-0.0141993
12,1.83771,1.07346
12,3.41982,-0.345469
12,4.68179,0.755412
12,3.26176,0.451197
12,3.7322,0.759878
12,-2.86137,0.0238915
12,2.6256,-0.319097
12,3.20117,0.357136
12,3.6194,0.594178
12,4.48941,1.0352
12,3.76262,-0.29667
12,1.46966,-2.64889
12,-1.41796,2.52269
12,-2.63793,-0.157612
12,3.41417,-0.369437
12,1.67856,-0.199556
12,3.16496,1.18409
12,-1.49393,2.52086
12,2.26924,-0.204661
12,1.58229,-2.62419
12,2.99016,-0.858832
12,-1.57129,2.59079
12,3.6572,0.183635
12,3.12966,-0.903431
12,3.50695,0.142725
12,-1.56775,2.27956
12,2.68611,0.108272
12,3.3176,-1.3045
12,2.61253,-0.751134
12,2.40967,0.0981451
12,3.58793,-2.15768
12,2.4244,-0.69185
12,-1.33167,2.5572
12,4.50075,0.104268
12,4.04585,0.57548
12,2.68073,0.192998
12,-1.56045,-2.42386
12,3.44431,1.26574
12,4.64442,0.493438
12,1.3866,-2.64668
12,3.49693,-0.952357
12,2.1216,0.256978
12,1.89378,0.0955728
12,3.43568,-0.0640779
12,1.48984,1.0217
12,2.80823,1.31228
12,4.07441,0.600913
12,2.79462,0.665173
12,-1.50713,-2.62116
12,3.34719,-0.0426337
12,2.83162,-0.302786
12,-1.57308,-2.66951
12,2.60458,-1.52358
12,1.47052,-2.62546
12,-2.88096,0.1353
12,1.72407,2.61721
12,2.39564,1.45123
12,2.52718,-0.647429
12,-1.61114,-2.61969
12,2.85345,-0.182591
12,2.68627,-0.845705
12,1.40376,2.59014
12,2.3908,0.825679
12,2.9788,1.10508
12,3.13816,-0.329053
12,3.53378,0.725644
12,-1.43352,-2.47136
12,2.02421,-0.223605
12,2.24492,1.01339
12,1.50426,2.77295
12,1.26628,-2.76472
12,2.73633,-1.08934
12,1.94147,-0.607573
12,3.38513,0.152845
12,-1.74239,-2.2794
12,2.48571,1.65209
12,-1.36854,2.79926
12,4.34566,0.952653
12,1.74245,0.0474428
12,3.62656,0.337356
12,2.60003,-0.749973
12,4.14242,0.939273
12,3.05557,0.93047
12,4.81143,0.876677
12,3.35173,-0.200495
12,0.928782,2.50004
12,3.62235,-0.199949
12,0.82663,0.082637
12,4.02207,-0.617605
12,3.19396,1.37962
12,3.71051,-0.391996
12,-1.26183,-2.59564
12,2.74939,-0.414222
12,1.3198,2.50608
12,0.695569,0.210261
12,5.07933,-0.70706
12,-3.14491,-0.0340536
12,-1.44039,-2.57953
12,1.6936,0.0662193
12,1.43773,1.09655
12,-3.06593,0.00539489
12,4.51611,-0.979082
12,4.78311,0.278225
12,2.98267,1.073
12,-1.73688,2.70647
12,3.28959,0.895393
12,2.30259,0.859008
12,4.69624,-1.23252
12,2.97707,-0.132751
12,-3.01303,0.010437
12,1.63921,2.92391
12,2.45035,-0.945534
12,-1.50007,2.54342
12,3.20904,1.5448
12,1.73695,0.106494
12,1.57219,-0.257978
12,3.70749,-0.31781
12,5.00948,0.742257
12,2.02769,1.53341
12,-1.47995,-2.49678
12,1.97796,-1.45675
12,3.18192,0.541001
12,4.00184,0.920623
12,1.90176,-0.831555
12,4.29255,0.629931
12,1.35362,-2.80606
12,4.82354,-0.899031
12,2.10255,-0.567038
12,3.85675,0.513865
12,3.05545,0.676877
12,1.55252,-2.46085
12,3.8669,0.719738
12,1.36971,2.62845
12,1.58755,2.38176
12,1.57935,-2.53526
12,3.7108,0.31528
12,2.29109,0.425523
12,1.38589,-2.50804
12,2.70544,0.924599
12,2.70305,1.8379
12,4.07552,-1.88121
12,1.98475,0.337095
12,1.65846,-2.88935
12,4.64031,0.806298
12,2.27693,0.261211
12,3.1575,-0.773667
12,-3.14972,0.105407
12,3.79673,-1.32644
12,1.88426,0.436449
12,2.04589,0.679723
12,2.06225,-0.653122
12,2.95958,0.0370208
12,2.6295,-0.614156
12,1.66918,-0.192644
12,2.19657,0.807421
12,3.0363,-1.55731
12,3.94293,0.942812
12,1.60144,-2.40389
12,3.25993,-0.209322
12,2.55639,1.49837
12,-2.90947,-0.0141788
12,2.16932,-0.414298
12,1.54461,2.72796
12,2.4919,0.550469
12,2.51461,0.413067
12,3.14872,-0.529226
12,1.36291,2.52012
12,3.40294,1.34099
12,1.68598,-0.783645
12,2.66087,0.360906
12,4.09779,-0.0675466
12,1.44047,2.66234
12,3.61635,-0.80609
12,3.25597,0.259189
12,4.35738,0.48935
12,1.87648,0.42069
12,1.80491,2.66002
12,-1.65718,-2.74015
12,1.23451,-2.39555
12,2.83577,-0.699866
12,3.4325,1.21095
12,2.85154,0.375305
12,1.95915,1.4077
12,-2.94074,0.131637
12,-1.62642,-2.68585
12,4.5193,0.396526
12,-1.54301,2.75655
12,3.29662,-0.580668
12,4.74159,0.55942
12,3.12869,-0.179002
12,3.86128,0.859939
12,3.6727,-0.475624
12,3.17406,-0.523665
12,2.99785,-0.297861
12,1.70438,2.77483
12,4.83796,0.332857
12,-1.48675,-2.57955
12,2.81388,-0.564283
12,-1.62577,2.50332
12,-1.69778,2.75492
12,3.51329,-0.295308
12,1.48046,-2.51679
12,4.24688,-0.165438
12,1.51832,2.61173
12,2.95041,-1.69324
12,1.93313,0.306386
12,1.5802,2.69149
12,2.34881,1.53281
12,3.31093,0.0958931
12,-1.4157,-2.59141
12,2.14961,-0.513446
12,4.18995,-0.0144392
12,2.48615,0.232088
12,2.65837,-2.01434
12,2.66515,0.243193
12,3.76885,-1.13423
12,4.6399,-1.24925
12,3.82995,-0.215
12,1.50748,2.70735
12,3.75985,0.35907
12,3.27316,0.218166
12,-1.40302,-2.65568
12,2.42972,-1.00735
12,-1.72888,-2.35654
12,3.70456,1.55178
12,2.4823,-0.594835
12,1.24243,-2.52984
12,2.48024,1.34755
12,3.15685,-0.677161
12,3.47977,1.29984
12,1.58448,-1.44424
12,2.67096,0.136405
12,-1.23668,3.02547
12,-1.54013,2.65491
12,2.45755,-0.151596
12,3.35512,-0.364644
12,1.76589,-1.49879
12,1.76926,0.771883
12,2.52827,0.681119
12,2.10939,-0.55578
12,2.59083,1.03461
12,-1.17548,-2.49614
12,-1.34819,-2.43746
12,-1.48943,-2.62617
12,-1.40626,-2.63035
12,1.53229,2.28801
12,2.86972,-0.207982
12,3.09956,0.812459
12,1.28452,2.60803
12,2.75675,0.107093
12,-2.96268,-0.0265067
12,1.74176,2.65093
12,-1.55834,2.73608
12,1.71789,-2.59061
12,1.99128,0.402224
12,2.7268,1.30454
12,-1.49825,2.6731
12,3.41613,0.17309
12,1.88886,1.73308
12,5.4902,-0.0931388
12,4.84639,0.501421
12,-1.43016,2.50906
12,-1.49975,2.48092
12,3.11513,0.25098
12,4.74439,0.143709
12,2.98447,0.198167
12,3.92879,-1.02435
12,2.7616,-0.409173
12,3.09632,0.004677
12,2.04425,-0.423368
12,-3.04361,-0.207677
12,-2.89555,0.0706308
12,2.99758,0.00781241
12,2.48923,1.40197
12,2.96118,-0.321075
12,-2.94856,0.169004
12,1.4481,-2.61661
12,-1.3345,2.74196
12,2.5722,0.821771
12,3.10232,-0.994477
12,1.45675,-2.56852
12,3.34827,-0.529828
12,5.00461,0.0017066
12,4.04634,0.122204
12,-1.47228,-2.58884
12,3.6606,-0.192838
12,4.01479,-0.0355654
12,-3.03333,-0.196952
12,3.25876,1.43358
12,2.29904,0.386472
12,2.16293,-0.0551141
12,3.31225,2.28177
12,2.97312,-0.448985
12,4.04262,-0.726306
12,2.28461,-1.77256
12,3.18611,0.279955
12,4.99209,0.209182
12,-1.38298,-2.56665
12,2.72627,1.73362
12,2.24687,0.816423
12,2.19307,0.915304
12,2.5828,-0.618684
12,2.76398,0.293853
12,2.40009,-0.570152
12,-3.02246,0.100766
12,-3.12202,-0.00605152
12,-2.95742,0.0714385
12,2.53462,-0.611748
12,2.39722,-0.312901
12,3.06572,0.806957
12,1.27143,-1.53357
12,2.79129,0.0326212
12,2.85849,-0.135723
12,2.79122,1.22683
12,2.87381,0.159648
12,3.17864,0.389503
12,-1.39062,2.4947
12,3.20132,-0.260583
12,2.67679,0.848357
12,-1.48216,2.66574
12,1.53605,-2.64688
12,-2.89579,0.20674
12,2.30322,-0.339787
12,-1.55982,2.27512
12,-1.33502,2.88595
12,-1.24336,2.86582
12,1.61699,2.69745
12,2.88191,-0.201244
12,-1.65607,-2.73374
12,-1.48501,-2.39772
12,2.97232,0.571139
12,2.09633,-0.588226
12,3.02718,0.914882
12,1.73399,0.989413
12,-3.08471,-0.182504
12,1.90273,-0.114881
12,2.93814,1.41995
12,1.46429,-2.62698
12,3.83931,0.557897
12,1.92495,-0.061416
12,1.55702,2.67317
12,2.13604,1.02368
12,3.63468,1.04724
12,1.49835,2.59726
12,1.6922,-2.52366
12,1.91404,0.315895
12,3.27534,0.14653
12,4.07087,0.474094
12,3.37127,0.388455
12,-3.21566,0.206674
12,1.70503,2.43425
12,2.57205,-1.61416
12,2.26387,1.05879
12,3.5683,0.200391
12,-1.71984,2.65811
12,3.50848,-0.612468
12,1.38776,-2.57586
12,-1.22112,-2.64708
12,3.3787,0.756988
12,3.64389,-0.574261
12,1.88732,0.672288
12,-2.90039,-0.0700132
12,2.73693,-0.268004
12,1.66994,0.793057
12,4.80075,0.733483
12,2.37782,-0.339841
12,3.4017,0.813664
12,-1.64949,2.48116
12,3.97843,-0.908706
12,-1.34995,2.68365
12,2.72428,-0.05473
12,-3.04779,0.202597
12,1.96458,-1.75369
12,2.65787,-0.218669
12,4.95282,-1.64614
12,3.1972,-2.15149
12,3.54665,-0.668092
12,4.42463,-1.38629
12,3.55443,-1.56133
12,3.07025,0.494579
12,3.13355,-0.180775
12,-3.17462,-0.0801876
12,4.05564,1.53332
12,3.6165,0.146089
12,1.8422,-2.41239
12,-1.54018,-2.7868
12,2.79497,0.664531
12,2.6322,0.471567
12,3.7155,-0.0247218
12,3.48262,0.470053
12,4.22752,-0.0504268
12,2.97069,-0.762514
12,-1.6309,2.43147
12,1.57179,2.66015
12,-1.42884,-2.54816
12,4.50708,0.92064
12,-3.00206,-0.0261543
12,3.31965,1.28317
12,3.38409,-0.550326
12,1.42432,2.77977
12,-1.62871,2.48323
12,-1.57214,2.63702
12,3.59326,0.327514
12,3.07504,0.749963
12,3.74458,-0.309426
12,2.01896,-1.18693
12,2.51007,-0.57371
12,1.78479,1.79719
12,-3.15572,0.0948932
12,1.32753,2.49864
12,3.48294,-0.0520692
12,-1.48236,2.53782
12,-1.50224,-2.79011
12,2.82451,-0.173763
12,4.81068,-0.672546
12,-3.15368,0.0271127
12,2.87374,-0.690709
12,2.48647,-0.752115
12,3.71253,0.528021
12,2.16187,0.447895
12,2.82147,1.16449
12,2.94679,0.867815
12,2.62198,1.11957
12,-1.37952,2.46229
12,2.87142,-0.98302
12,-1.50452,2.60846
12,1.64915,2.36422
12,2.86925,-0.575378
12,0.968605,-0.817166
12,3.5364,-0.311237
12,2.50798,-0.595283
12,2.84962,2.05812
12,4.16872,0.229466
12,3.44262,0.389267
12,2.92095,0.0309838
12,1.49116,-2.70136
12,2.11422,-0.793126
12,2.82599,1.75241
12,3.27158,-0.331215
12,3.22725,0.167466
12,-1.71838,-2.40891
12,5.6444,0.877166
12,3.26598,1.14116
12,-1.53549,-2.45926
12,1.46232,-2.76628
12,0.864947,0.419622
12,3.36587,-0.15972
12,2.44581,0.975389
12,2.58539,0.534709
12,-1.27602,-2.75777
12,2.20215,-0.628653
12,1.83485,1.47363
12,1.65613,2.59692
12,3.38432,0.367207
12,2.66042,-0.777061
12,5.32345,0.427768
12,-1.41813,2.55163
12,-2.82834,-0.0750807
12,1.64315,0.868913
12,-1.74862,-2.44884
12,-1.36975,2.63739
12,3.38925,-0.486823
12,2.04365,0.383489
12,3.94712,0.184388
12,3.99136,-0.792209
12,3.09061,0.124639
12,-1.46822,-2.51769
12,-1.58644,-2.56143
12,-1.30846,-2.58305
12,2.29913,0.867061
12,2.81804,0.933171
12,3.26527,-0.399332
12,2.37655,-0.531676
12,3.78824,-1.66507
12,2.14848,0.0494163
12,2.19905,-2.31698
12,2.91088,0.952146
12,2.16348,-0.244029
12,-1.38296,-2.66809
12,5.22783,-0.0763893
12,2.12534,-0.542243
12,1.20791,0.605818
12,4.56925,0.692163
12,3.39819,-0.123812
12,2.49321,0.776108
12,2.96146,-1.75108
12,3.29838,0.229675
12,2.99114,0.197026
12,-1.47296,2.43478
12,-2.89119,-0.0442034
12,1.88632,-1.22399
12,1.99497,0.180687
12,4.57641,0.613182
12,2.83517,-0.619942
12,1.54414,-0.33438
12,2.22926,0.906391
12,4.15678,0.253482
12,3.80628,-1.93393
12,1.86733,-0.336343
12,2.82282,-0.559649
12,2.10428,-0.180682
12,4.89858,0.241933
12,3.7498,-0.178035
12,2.54134,-0.138376
12,2.37438,0.432097
12,-1.60654,2.66559
12,3.45248,-0.88655
12,3.68029,-0.00284243
12,3.01142,-0.690196
12,3.51355,0.833058
12,2.43804,1.04767
12,2.97051,1.07287
12,3.23006,1.50574
12,3.43754,1.46949
12,4.15767,-0.402037
12,3.70598,0.7468
12,4.02257,-0.422127
12,1.33159,-2.53716
12,1.52818,-2.83315
12,1.60183,0.640202
12,2.37332,0.125949
12,1.4755,2.59986
12,1.60725,-0.49851
12,1.73475,-2.43803
12,3.0881,0.253286
12,3.0865,0.161929
12,3.55064,0.758446
12,2.49593,0.245029
12,3.49114,-0.382521
12,3.19316,-0.732451
12,3.00594,0.430129
12,1.82728,0.409281
12,-1.45435,-2.69062
12,1.84755,2.49828
12,2.13752,0.531744
12,2.71649,0.467173
12,2.35251,0.0165506
12,4.88408,0.448523
12,3.31252,1.55467
12,1.39062,2.36365
12,3.20916,-0.558279
12,1.70658,0.601819
12,2.88884,0.100202
12,4.23076,0.248745
12,3.18541,0.642275
12,1.70733,0.67273
12,2.76655,-0.996835
12,2.42223,-0.160369
12,1.6747,-0.620741
12,-3.14294,-0.14863
12,3.06567,0.975222
12,4.17097,0.707921
12,3.99184,-1.48946
12,-1.37426,-2.58626
12,3.69618,1.30243
12,1.74733,-0.717471
12,2.90335,0.900588
12,1.38542,2.78452
12,3.63481,0.613663
12,3.89881,1.2127
12,4.03249,0.590596
12,4.82841,0.247247
12,1.36217,-2.38377
12,2.31778,0.257419
12,2.03493,-0.581971
12,2.15628,-0.126736
12,1.31581,2.44493
12,3.1916,-0.207052
12,3.81653,0.710436
12,1.28463,0.728752
12,3.46723,-0.983607
12,2.96345,0.389624
12,3.34857,0.452889
12,3.21881,0.33399
12,1.81998,-2.63412
12,3.21938,0.76437
12,-1.44301,-2.46642
12,-2.93936,0.0041725
12,2.85159,-0.111745
12,3.33784,0.309048
12,4.08205,0.234501
12,2.48441,-0.764459
12,2.86778,0.245979
12,2.79744,-0.437389
12,1.55036,-0.784775
12,3.96956,0.561693
12,3.30285,-0.388999
12,-1.52435,2.72018
12,-1.50084,-2.46013
12,4.55883,-0.0466172
12,3.21264,-1.46307
12,2.78102,-0.29503
12,3.40916,-0.0661904
12,3.4798,0.0871503
12,3.51951,-0.307053
12,3.40409,0.319681
12,2.01563,-0.436816
12,-2.92454,-0.0608478
12,4.19546,0.878432
12,1.93445,-0.397809
12,-1.67702,2.52159
12,-1.51923,-2.99642
12,2.6659,-0.359901
12,1.1545,0.611725
12,-1.49556,2.62329
12,0.837788,0.554338
12,3.71135,1.03979
12,-1.57125,2.70313
12,-2.80521,0.194393
12,2.76682,0.481652
12,1.75726,-1.69459
12,2.10942,1.45908
12,2.89031,0.655582
12,3.18832,0.762037
12,4.00512,1.07357
12,-3.05408,0.00217681
12,2.68228,-0.951352
12,3.0385,-0.0438251
12,3.89417,-0.270422
12,2.37108,0.0536292
12,1.24784,-2.65643
12,1.97197,-1.59561
12,1.49099,-0.434616
12,-1.22405,2.65011
12,1.26739,-0.868829
12,2.06721,-0.614725
12,1.6661,-0.349914
12,-1.30069,-2.38438
12,-1.61553,2.77235
12,1.33963,2.69772
12,4.537,0.550636
12,4.06365,1.00126
12,1.42599,-2.73571
12,2.48262,0.548645
12,-2.97697,0.170478
12,2.72601,1.74731
12,1.46101,2.38503
12,3.61739,-0.949197
12,2.30838,-0.854235
12,-1.53676,2.59724
12,2.26397,1.07982
12,2.1335,0.966484
12,3.86395,0.250742
12,1.82652,0.980249
12,2.53923,-0.916318
12,3.70571,-0.820811
12,1.29076,-1.14381
12,-1.42197,-2.66614
12,1.94746,-0.136966
12,1.49786,1.56923
12,2.34731,-1.23645
12,3.584,-6.85917e-05
12,3.22548,-1.64573
12,3.85839,0.556463
12,2.53512,-0.492867
12,2.11425,-0.425055
12,1.32606,-2.50872
12,4.39752,-0.0876242
12,3.61458,0.441284
12,3.92737,-0.364789
12,-1.53283,-2.2418
12,1.94644,0.319703
12,1.82189,-0.792931
12,4.40195,1.64479
12,2.94034,-0.15774
12,-2.9809,0.0573662
12,3.93557,-0.256882
12,1.79797,2.55974
12,2.85968,1.15839
12,1.23463,-2.36742
12,-1.44762,2.59916
12,3.58413,-0.559376
12,2.72498,0.866811
12,1.33826,2.67913
12,-3.0572,0.0827113
12,3.04479,1.32258
12,3.75773,-0.492433
12,1.30779,2.9241
12,2.5532,0.478457
12,3.6648,-0.436439
12,2.44459,1.02772
12,1.36104,-2.58634
12,1.48719,2.59877
12,3.78216,-2.20826
12,3.76685,0.672533
12,2.77224,-0.603471
12,2.30182,-0.511774
12,-1.17303,-2.41951
12,3.96068,-0.0545325
12,2.45179,-1.35583
12,3.90537,0.192094
12,4.09497,-0.711339
12,3.43516,1.86409
12,3.68961,-0.227121
12,-1.56777,2.85617
12,4.10132,0.295884
12,1.92776,-0.504378
12,1.38097,2.42357
12,1.42956,2.74685
12,2.55355,0.209048
12,1.44491,-2.70026
12,-1.56469,2.76063
12,3.44249,1.23346
12,2.8545,2.01549
12,-1.62292,2.5235
12,1.63832,-2.75071
12,2.78641,-0.763152
12,-1.4463,2.41492
12,1.37974,-2.75177
12,-2.98529,0.0658778
12,4.02913,-1.68549
12,3.16627,-0.533749
12,3.77171,0.505298
12,-1.46893,2.72382
12,-2.95282,-0.110189
12,1.27204,2.50205
12,3.35627,-1.23065
12,1.87707,-0.565338
12,2.12522,-0.120502
12,1.16011,-0.19906
12,-1.83101,-2.77609
12,1.68681,-2.45673
12,3.19764,-0.881568
12,2.07884,-0.486225
12,3.2907,-0.269617
12,2.40079,0.422183
12,3.19995,-0.385216
12,-1.62717,2.56876
12,2.43872,0.392205
12,-1.50893,2.44431
12,-3.04243,-0.135147
12,-2.89014,-0.0545357
12,1.57628,-2.72363
12,3.28116,-0.4226
12,1.6796,-2.43783
12,2.10232,-0.651046
12,3.4178,0.592466
12,1.7363,-2.39114
12,2.70332,0.480763
12,3.83222,-0.327139
12,2.20667,1.00692
12,1.94627,-0.133045
12,4.36083,0.633116
12,4.20874,0.674778
12,2.83211,-0.362588
12,2.30866,-2.11806
12,2.15539,-1.98069
12,2.48436,-0.254579
12,2.85965,0.475527
12,2.0623,-1.56386
12,4.44932,0.579308
12,-3.0293,0.085927
12,-1.60692,2.56614
12,1.34809,2.72322
12,3.87755,0.0527379
12,2.89425,0.437124
12,2.2585,0.330443
12,3.19234,0.783684
12,1.62415,2.56731
12,4.182,-0.540126
12,2.6861,0.407276
12,2.49578,-0.456729
12,4.15739,-0.418344
12,2.61653,0.126621
12,3.20176,-0.955062
12,3.88255,-0.00512428
12,3.82978,1.10679
12,2.56003,1.20976
12,-2.99216,-0.0276801
12,1.43288,2.54809
12,2.36453,-0.801368
12,3.01646,0.383989
12,3.65872,-0.675265
12,-1.56955,-2.63489
12,-2.92791,0.0537062
12,3.90245,-1.12643
12,3.08643,-0.133077
12,3.00265,0.437748
12,2.2868,0.216607
12,2.30755,-1.67345
12,-1.47555,2.74678
12,3.70958,0.207645
12,3.6244,1.2316
12,1.56017,-2.52531
12,3.62548,1.1018
12,4.05113,0.233702
12,2.9566,-0.337689
12,3.32787,-0.132135
12,2.90911,1.66008
12,1.47599,-0.572923
12,2.98339,-0.299039
12,3.13446,-0.219884
12,2.57572,0.737172
12,3.09192,-1.44648
12,2.3511,-0.543764
12,1.71977,2.51803
12,4.3693,0.265948
12,3.51155,0.48062
12,3.10129,-0.536213
12,2.66717,0.606099
12,4.53276,0.524247
12,3.22396,0.191352
12,2.51555,-0.79568
12,1.59543,-2.49774
12,2.90958,-1.51471
12,3.81076,-0.0581673
12,3.50669,0.333904
12,1.58473,2.36879
12,1.97144,-0.59824
12,3.57075,0.361453
12,2.81484,-0.128063
12,3.07108,-0.506074
12,-1.48529,-2.48302
12,4.16066,2.39917
12,3.66957,0.902407
12,3.785,1.83852
12,1.60466,-2.35517
12,4.3746,-0.215569
12,3.31099,-1.02838
12,-1.83543,2.67865
12,-1.33164,2.65704
12,-2.6655,0.140177
12,2.54805,-0.703527
12,-1.65061,-2.57234
12,4.64098,0.346486
12,-3.01408,0.0536319
12,-1.39735,2.59926
12,3.21379,-0.555544
12,2.41935,0.0140242
12,2.40652,-0.338399
12,2.80976,-0.07532
12,-1.23925,2.58053
12,2.94573,-0.0618297
12,3.35449,-0.557968
12,3.73602,0.584407
12,-1.65918,2.50952
12,-1.55847,2.52535
12,-1.62762,-2.53467
12,3.21831,-0.752834
12,3.04133,0.618206
12,-1.45544,-2.641
12,1.93298,0.860573
12,-1.42016,-2.72529
12,2.91222,-0.758711
12,1.79453,0.278262
12,1.80904,0.444455
12,1.46611,-2.63664
12,2.86454,-0.35286
12,1.82217,0.263863
12,-3.26266,0.0573183
12,-1.74058,-2.59364
12,4.24083,-1.67076
12,-1.69903,-2.8279
12,1.27414,-0.0357318
12,1.33558,2.88482
12,3.34662,0.569501
12,3.45515,0.323877
12,2.17109,0.64023
12,2.16269,-0.762968
12,-1.49104,-2.53605
12,1.87404,-0.82182
12,1.89022,2.56165
12,3.91464,0.369803
12,1.48761,-2.61792
12,2.42163,0.179071
12,2.35539,0.0943895
12,1.80394,2.55205
12,3.51032,0.196395
12,3.23265,-0.124783
12,2.08283,0.897463
12,3.58949,0.174561
12,2.47515,-0.429154
12,4.81025,-0.245867
12,1.81804,-0.743775
12,3.40037,-1.14462
12,1.82003,-2.44929
12,2.79961,-0.223269
12,3.80041,-0.142567
12,-1.64518,-2.29429
12,1.36502,-0.0554682
12,-1.53744,2.61479
12,1.51205,-2.58481
12,2.58767,1.00406
12,3.9264,-0.0356194
12,1.99423,-1.19749
12,1.35101,-2.49671
12,4.04427,0.273388
12,1.95551,0.961813
12,3.68289,0.487266
12,1.34208,2.63686
12,1.49915,1.58125
12,3.05676,0.335809
12,3.96283,0.289088
12,2.32282,0.17918
12,1.87077,-1.55103
12,4.37878,0.214905
12,-1.65882,2.79548
12,1.44113,2.61414
12,1.49142,2.35171
12,2.81116,0.534247
12,2.0251,-0.422991
12,2.56147,-0.704459
12,-1.51452,-2.85288
12,2.85044,-0.583684
12,3.53945,-1.03116
12,3.11749,0.0321029
12,1.55567,2.63149
12,2.03539,0.464224
12,3.63323,-1.20795
12,3.66432,0.492836
12,4.17562,0.777069
12,3.29756,-1.00645
12,4.20016,-1.54457
12,2.83116,-0.17615
12,-3.06925,-0.0490594
12,1.82545,0.650004
12,2.81317,-0.387347
12,3.59542,0.602231
12,1.57158,2.8185
12,-3.01482,-0.173017
12,2.73818,0.230865
12,3.25891,-0.270985
12,1.72095,2.58054
12,1.49383,-2.51122
12,-3.0023,0.170463
12,1.40899,-2.8066
12,3.37468,-0.0877444
12,3.38435,-0.634321
12,-1.62261,-2.53836
12,-1.61621,-2.55231
12,3.30948,0.815282
12,4.19515,-0.438515
12,1.36334,2.66161
12,1.66482,0.242917
12,1.80848,-0.600288
12,-3.18229,-0.121332
12,-1.76035,2.68836
12,3.42237,0.895367
12,3.29872,-0.266242
12,4.55418,-0.488305
12,2.6115,-0.513021
12,3.14498,0.319124
12,-1.56679,2.45691
12,2.5038,1.89123
12,3.18708,1.32895
12,3.27015,-0.829329
12,2.85956,0.355504
12,2.26661,-1.9968
12,2.00045,-0.617033
12,-1.5504,-2.55739
12,2.89876,-0.665682
12,2.99856,-0.623918
12,4.2851,0.844399
12,-3.11042,0.096145
12,1.62884,2.52999
12,-1.51994,2.66023
12,3.40717,-0.521393
12,1.11368,0.142372
12,3.09973,0.603679
12,2.64359,-0.531083
12,4.12181,-0.134336
12,2.67796,1.58739
12,1.40984,2.69201
12,3.70716,-0.579318
12,2.96964,1.00352
12,3.30465,-0.77853
12,3.3878,-0.0686424
12,-1.4458,-2.92236
12,3.03453,0.281024
12,3.38409,-0.49949
12,2.11393,0.57844
12,3.58727,-0.88989
12,2.54524,-1.03642
12,4.32518,-0.158305
12,-2.70669,0.145183
12,4.36209,-0.97248
12,1.83715,-0.80203
12,-1.4312,2.78687
12,1.9124,0.277601
12,3.52528,0.200579
12,2.89051,-0.071413
12,2.0658,0.271583
12,1.15304,0.981356
12,4.09312,-0.490433
12,2.52267,-1.21661
12,-2.81951,0.373975
12,4.46113,0.204371
12,2.57721,-0.101092
12,-1.31776,-2.51327
12,1.81576,0.505651
12,3.40359,0.491098
12,3.11215,0.668104
12,3.77443,0.40765
12,3.12729,0.0982793
12,4.39614,0.193182
12,1.91344,1.36572
12,-1.64013,-2.56732
12,3.721,2.26541
12,4.0527,-0.384114
12,2.95931,-0.519187
12,2.9865,1.81128
12,2.97585,0.0253948
12,2.57965,-1.00904
12,2.75847,-0.762606
12,3.31366,-2.11777
12,1.43853,2.65017
12,1.38701,2.41265
12,3.94168,0.537378
12,2.8475,-0.0392752
12,2.62564,0.150173
12,-1.63265,2.45553
12,3.66516,0.221987
12,3.21469,0.223234
12,3.40035,0.511649
12,3.935,0.273475
12,1.48591,2.49525
12,2.87533,-0.564865
12,1.55131,2.57838
12,3.92482,0.573646
12,4.0132,-1.63373
12,2.8067,-0.00912679
12,4.10025,-0.747053
12,2.40989,-0.698198
12,2.85515,1.34314
12,3.04861,-1.34294
12,-1.70286,-2.64826
12,2.42875,0.208197
12,1.56099,-0.717375
12,1.8986,-0.857635
12,3.07099,0.382849
12,4.44348,1.19279
12,-2.95327,0.0111963
12,2.4304,-0.959046
12,2.82792,0.22969
12,3.82757,-0.324618
12,0.733683,0.177176
12,3.28097,-0.0472885
12,3.32721,1.00966
12,-2.97642,-0.189408
12,2.83392,-0.87009
12,2.67677,0.151796
12,1.35118,-2.66049
12,2.27683,-0.293359
12,4.68576,-1.83074
12,1.34064,2.54891
12,2.47327,-0.530541
12,2.24591,0.462371
12,1.54822,-2.54194
12,1.94052,1.5961
12,-2.82724,0.0290761
12,2.92978,1.27338
12,1.60656,2.7159
12,3.70096,-0.656843
12,3.116,0.59507
12,3.18848,-0.514455
12,3.87213,-0.0747559
12,1.95415,0.877356
12,1.23304,0.88201
12,2.36874,-0.812687
12,4.4699,-0.890248
12,4.23117,0.666865
12,2.63441,-1.84301
12,2.72492,0.222134
12,2.80952,1.27179
12,3.29598,-0.0487363
12,-2.99727,-0.0744881
12,1.58255,1.14052
12,-3.01849,0.0303285
12,3.31601,0.331702
12,2.5112,-0.700003
12,-3.17147,-0.140138
12,-1.64022,2.46597
12,2.96321,0.462559
12,4.04755,0.545471
12,3.90598,-1.89833
12,2.88984,0.547678
12,2.26363,-1.07396
12,2.06796,-0.161125
12,3.39655,-0.691345
12,3.63742,0.337975
12,4.38299,0.0460614
12,3.17425,1.47204
12,1.52686,-2.60899
12,-2.81008,0.0301822
12,2.54356,-0.605121
12,2.65628,0.196407
12,-1.37796,-2.2932
12,4.64185,0.540327
12,1.86078,0.332855
12,4.98583,-0.467281
12,1.66682,-0.396759
12,-1.64355,2.51569
12,1.66034,-0.70345
12,1.83171,-1.63385
12,3.02761,0.465518
12,2.22758,1.87271
12,3.19381,0.496502
12,5.03562,-0.233998
12,2.87494,-0.501239
12,3.66755,1.63192
12,1.63714,-0.0591131
12,-1.34931,2.8707
12,-1.46447,-2.2236
12,3.82818,0.261398
12,2.15886,-0.00227427
12,3.76621,-0.205357
12,-3.19659,0.106477
12,4.6875,0.17557
12,3.48696,-0.0747922
12,3.10773,-0.741322
12,3.99781,1.62321
12,1.55346,2.58909
12,-1.42602,-2.70277
12,1.25485,2.72104
12,1.48201,2.75846
12,2.49133,0.161066
12,-1.72559,-2.43429
12,1.46738,-2.47203
12,3.88743,-0.814563
12,2.45718,-0.503148
12,-1.62667,2.75165
12,1.889,-0.832322
12,1.29879,2.56037
12,-1.35263,2.74842
12,1.55494,-0.570607
12,1.45395,-2.51159
12,3.83502,-0.146241
12,1.28015,2.65271
12,3.2726,-0.927214
12,3.55511,0.107186
12,3.53777,0.803657
12,1.66117,-2.61766
12,-1.79145,-2.71681
12,4.86036,-1.4039
12,2.39268,-0.479686
12,3.76408,0.0872635
12,2.23638,-0.574575
12,4.26172,-0.0838141
12,1.49198,2.64723
12,4.05945,0.457989
12,2.38355,-0.708385
12,-1.60303,2.55168
12,1.97167,1.62363
12,1.48289,2.57113
12,2.60979,-1.16364
12,-1.53634,-2.37216
12,2.18138,-1.3842
12,-1.59816,2.66261
12,3.22261,0.838642
12,-1.58513,2.74027
12,4.35279,-0.679917
12,-1.40243,2.81225
12,2.57506,-0.427939
12,4.02321,1.47766
12,-2.85255,-0.137551
12,2.01786,0.309655
12,2.01282,-0.337872
12,2.08342,0.925981
12,2.04071,0.857348
12,3.8606,1.47012
12,1.12832,0.672323
12,2.33364,-0.115871
12,4.02626,-0.319128
12,-1.76937,-2.69815
12,2.51555,1.1632
12,3.49848,-0.680838
12,4.09754,-0.232226
12,1.70764,2.78792
12,2.78208,0.0969474
12,-1.46406,2.47605
12,3.0857,-0.862169
12,2.68003,-0.529036
12,1.44589,2.53715
12,2.82704,1.04923
12,-1.3028,-2.42914
12,4.42485,0.892066
12,4.20345,-0.836551
12,-3.11057,-0.21531
12,3.61349,-1.35651
12,-1.42922,-2.55366
12,3.15226,-1.06722
12,2.68089,0.114585
12,1.66408,1.53144
12,1.51521,-2.5497
12,3.32737,-0.51532
12,-1.63523,2.57827
12,2.31512,0.464127
12,-1.26936,2.38991
12,2.94817,0.312998
12,2.21528,0.352434
12,0.779654,-0.899723
12,5.35004,0.747854
12,3.26411,-0.479151
12,1.30072,2.39606
12,1.41674,-2.51822
12,-1.59618,2.76223
12,-3.03482,-0.00199936
12,3.00015,0.487344
12,0.864192,-0.706762
12,2.93372,0.0138966
12,2.41466,-0.327201
12,2.62806,-0.186337
12,2.82335,0.590071
12,3.40653,0.46039
12,3.22918,-0.158081
12,2.69696,-0.991266
12,-1.64507,2.64676
12,-1.47859,2.65232
12,3.43079,0.722271
12,3.47351,1.36066
12,-3.19164,-0.133872
12,-3.12581,0.0924544
12,2.33096,-0.44165
12,-1.60893,-2.67656
12,2.88484,-0.0904523
12,-3.01147,-0.111632
12,-1.3251,-2.78322
12,3.45569,0.464324
12,3.92497,1.08636
12,3.65646,1.63371
12,1.94869,-1.21514
12,3.37395,0.477311
12,4.2414,-1.4683
12,-1.562,-2.52149
12,-1.75759,2.30925
12,3.31025,-1.11165
12,-2.96295,-0.0157981
12,-1.45288,-2.36654
12,1.26059,-0.113132
12,-1.53713,2.7058
12,3.41393,0.403705
12,3.91904,-0.854343
12,2.86837,1.09006
12,1.66266,-2.51401
12,2.56122,0.511391
12,4.38587,0.757091
12,3.60767,-0.803632
12,1.56943,2.58329
12,1.40056,2.52428
12,3.24001,0.671654
12,-1.35904,-2.61448
12,4.41632,-1.30664
12,3.39334,-0.607165
12,3.58648,0.332833
12,3.84402,-0.411288
12,-3.13237,0.134011
12,3.60845,2.01839
12,2.76875,0.209595
12,-1.74068,-2.50745
12,3.75469,0.0402865
12,2.11094,0.598006
12,-1.6781,-2.55361
12,2.61105,-0.803225
12,2.46795,-0.685589
12,4.17969,-0.136076
12,4.42365,1.41693
12,2.68186,-1.26376
12,2.66371,0.746688
12,4.26131,-0.680494
12,3.27605,0.427116
12,-1.64435,2.71976
12,3.58154,0.00810534
12,1.58387,0.00897844
12,2.462,0.206556
12,1.34901,-0.159741
13,2.95143,0.406718
13,0.61019,0.034922
13,-2.928,0.0525753
13,1.33975,-0.465811
13,2.97999,-0.0842637
13,1.48566,2.86223
13,3.5667,-0.0344227
13,2.7769,0.698248
13,3.08009,0.557534
13,2.24085,-0.622503
13,4.07561,-1.31322
13,-1.52942,-2.77121
13,2.46045,-0.306458
13,2.63166,-0.422089
13,2.09249,1.09818
13,4.00711,0.163199
13,1.52168,-1.30102
13,3.77647,1.92676
13,1.71785,2.66208
13,3.88277,0.913105
13,2.62242,-0.719277
13,1.92532,-0.618936
13,4.06643,2.55682
13,-1.70534,-2.64204
13,3.43802,-1.19396
13,2.17253,-0.412553
13,2.31691,-0.235871
13,2.31039,0.284536
13,2.49787,-1.19219
13,3.1212,0.873969
13,-1.5208,2.6537
13,-3.01504,-0.0206203
13,3.75063,-1.98754
13,3.40798,0.0541618
13,1.77106,1.35749
13,3.71863,1.15835
13,1.69862,-1.10396
13,3.61249,1.62886
13,-1.21432,2.63445
13,3.15832,0.588309
13,2.05795,0.132311
13,2.93183,-1.22667
13,4.38149,-0.620422
13,3.32338,0.612149
13,1.82388,0.751731
13,3.59304,-0.0513005
13,4.57038,-0.855806
13,-2.95186,0.248977
13,2.62849,0.00235445
13,1.6905,-2.65236
13,1.35532,-2.61115
13,1.13482,0.233782
13,3.32064,-0.222724
13,2.28356,-0.702035
13,3.19207,-0.92614
13,2.26142,0.617805
13,3.79269,-0.598332
13,2.18663,-0.12448
13,-1.48321,-2.51713
13,4.35328,1.05863
13,1.51491,2.61381
13,3.73798,1.18005
13,3.26173,-0.406469
13,-1.53306,-2.7049
13,4.64847,0.818911
13,2.85978,1.38198
13,3.56596,-0.380407
13,3.61778,-1.12253
13,3.54142,1.51339
13,3.91088,1.71715
13,3.07498,-0.790041
13,3.148,1.28557
13,3.50114,0.0742849
13,2.88345,1.54912
13,2.62884,0.958731
13,2.91293,-0.0517697
13,1.43128,0.159813
13,-2.9075,0.122514
13,3.4821,-0.334038
13,2.72001,0.00296683
13,4.03509,0.635984
13,3.51435,-0.0443438
13,3.11918,-0.256636
13,3.01368,-1.49594
13,3.18652,0.972866
13,1.54642,2.66218
13,-1.52381,2.54825
13,-2.843,-0.065579
13,3.39413,-0.120659
13,1.70165,-2.6295
13,3.66179,0.11949
13,3.5058,0.0490991
13,2.67783,-0.122776
13,3.28652,-0.116664
13,1.80757,0.00467098
13,3.72417,-0.534073
13,3.55187,0.00850316
13,2.31556,-0.307601
13,3.56423,1.25871
13,-1.33659,-2.44586
13,2.69305,0.722365
13,3.52993,0.428026
13,2.22511,-1.03793
13,-3.00296,0.0150358
13,3.00863,0.120245
13,3.89528,-1.22118
13,2.3384,-1.57757
13,-3.10217,-0.0653099
13,4.34343,0.457252
13,3.79891,-0.223541
13,1.53756,0.0663209
13,2.27196,-1.54612
13,2.3754,-0.582345
13,3.51993,-0.0132495
13,3.51768,0.769048
13,2.81963,0.766055
13,2.42198,0.0907102
13,3.44542,0.514281
13,2.29885,-0.748481
13,2.33484,-0.942666
13,2.32271,-0.426997
13,1.98386,1.15184
13,1.52763,-2.56209
13,1.44233,-2.69845
13,4.7563,0.0958879
13,3.24623,-0.104996
13,1.69182,0.247299
13,4.16949,1.13955
13,1.44279,2.61392
13,2.62446,0.260694
13,3.03141,-0.473591
13,0.890007,0.161854
13,-1.56822,-2.52912
13,0.480247,-0.278803
13,2.81559,-0.698566
13,4.11189,0.0528146
13,4.29311,0.161786
13,1.60014,-2.56542
13,3.19914,0.18459
13,2.89815,-1.10127
13,2.03263,-0.609075
13,3.33357,0.181192
13,2.60172,0.438176
13,4.62563,-0.204156
13,-2.87833,0.131688
13,1.3516,-2.61364
13,-1.47244,2.64112
13,1.63714,2.7186
13,-1.56737,2.67783
13,0.641103,1.35353
13,1.78129,0.154091
13,3.51981,-1.78419
13,3.71591,1.91352
13,1.41593,2.61702
13,-1.5183,-2.6318
13,1.44077,2.50475
13,3.16997,0.198503
13,-1.20231,-2.73525
13,2.96732,0.865486
13,3.05602,-0.478273
13,4.09886,-0.338235
13,4.50936,-0.559328
13,2.55312,0.944725
13,1.89286,1.23248
13,-3.04905,0.0158736
13,2.79625,0.511466
13,1.39178,2.60511
13,2.99711,0.127734
13,3.0121,0.741859
13,-2.88661,-0.0495747
13,-2.89377,-0.159799
13,2.93504,-0.153523
13,1.66642,2.58751
13,3.07845,-1.33725
13,3.71015,-0.175142
13,-1.51498,2.49993
13,1.42862,-2.49177
13,3.53054,1.3421
13,1.66937,0.609692
13,3.29452,1.88444
13,3.96204,-0.230624
13,3.45467,-1.06313
13,-3.07215,-0.0394131
13,3.31199,-1.5544
13,1.70897,0.150238
13,2.61404,-0.71458
13,1.49905,0.476484
13,1.87411,-0.427476
13,2.70912,0.542996
13,3.45872,0.597887
13,2.94958,-0.624796
13,2.18817,1.36853
13,3.28773,-0.098424
13,3.24998,-1.56738
13,3.4285,-1.20704
13,2.99608,0.716599
13,-2.77309,-0.232735
13,1.3714,-2.8028
13,2.45208,-0.604589
13,2.25298,0.491897
13,2.39981,0.991477
13,2.53273,0.63198
13,3.09408,0.295348
13,1.07735,-0.319689
13,3.45189,0.502042
13,3.01136,1.38036
13,3.82508,0.961029
13,3.90008,0.28872
13,-1.49563,2.5622
13,2.17979,-1.41266
13,2.13652,-1.2822
13,1.32391,-2.62954
13,3.23893,-1.7496
13,2.96725,-0.777879
13,2.93677,0.600003
13,3.63201,-1.28114
13,2.59943,-0.168225
13,3.52685,-0.978995
13,3.39517,-0.791058
13,3.23704,-0.351593
13,2.36682,1.01682
13,3.24646,0.717068
13,1.43117,-0.178893
13,-2.91598,0.0346612
13,-1.64547,2.51965
13,3.69968,-0.0869265
13,3.47297,-0.184979
13,3.9824,-0.840954
13,3.34418,1.13846
13,3.74061,-1.91314
13,3.50925,1.36013
13,3.74129,-1.35141
13,3.78849,0.783631
13,2.58528,0.922015
13,-1.3516,-2.59444
13,-1.54091,-2.68034
13,1.73526,-0.35671
13,3.84512,0.525252
13,3.5825,-1.68565
13,3.59994,0.254569
13,3.03794,0.550416
13,1.35229,2.64204
13,3.80518,0.118559
13,1.47653,2.13101
13,-1.45084,2.48075
13,1.77458,0.0104163
13,2.38083,-1.0415
13,3.4405,-0.36982
13,1.40196,-2.63462
13,3.68279,-0.597322
13,3.10457,0.540714
13,1.53519,2.57142
13,2.37687,0.772923
13,2.47186,-1.15491
13,2.8796,1.01184
13,3.62011,1.18046
13,3.44534,-1.54089
13,2.82596,-0.477391
13,3.76728,-0.525435
13,2.27754,-0.588479
13,2.71095,0.0638042
13,1.85746,0.0184568
13,3.1881,0.875644
13,-3.40192,-0.16358
13,1.32006,-2.71852
13,2.65416,1.28781
13,2.18061,0.953394
13,3.97199,-0.240515
13,1.86889,-1.00581
13,3.2984,0.0838137
13,2.64816,-2.01318
13,3.87287,-0.503668
13,2.46976,2.46392
13,1.41946,-0.307713
13,2.53853,0.190753
13,-2.96752,0.157892
13,2.88271,0.63305
13,1.60459,2.73098
13,2.82116,-0.140392
13,2.50134,1.83258
13,1.51896,-0.269736
13,-1.49468,2.49692
13,2.22865,-0.125152
13,1.58581,1.03796
13,2.16826,1.22523
13,2.68619,-1.66605
13,2.37203,0.782218
13,2.73228,-0.519328
13,-3.13848,0.15441
13,2.43629,-0.419772
13,2.82627,-1.54484
13,4.4259,1.65543
13,2.42866,1.2584
13,2.56209,0.366221
13,3.04165,-0.756572
13,3.34573,-0.0233675
13,-2.87669,0.0963104
13,2.25444,-0.0576215
13,3.01733,0.0685758
13,2.73461,-1.11269
13,2.04473,0.122762
13,2.99238,-0.550512
13,1.62529,2.38746
13,1.42565,-2.63708
13,2.98271,0.160239
13,2.39479,-0.53531
13,2.51844,0.721636
13,2.25323,0.782181
13,1.69002,-2.45334
13,-1.38855,2.43104
13,-2.97217,-0.0872196
13,3.1943,0.529082
13,4.76515,0.86306
13,2.33973,0.674585
13,2.17592,-0.568448
13,2.08204,1.146
13,3.85594,-1.65715
13,1.38614,1.14119
13,2.52793,0.687941
13,2.33469,0.0900211
13,2.42926,0.177148
13,2.8434,0.985996
13,3.33135,-0.891113
13,-1.76527,-2.52815
13,1.36609,-2.56804
13,2.18234,-0.94527
13,3.23695,-1.15764
13,2.34457,0.466032
13,-1.36356,-2.79554
13,3.05401,0.690108
13,3.76845,2.30467
13,4.16083,0.21569
13,4.28707,-0.070167
13,-1.68682,-2.5418
13,1.66526,-0.245538
13,-1.5927,-2.7024
13,3.02848,-0.0710471
13,1.65389,-0.755173
13,1.3325,0.770864
13,2.93447,-0.486266
13,-1.39728,2.75417
13,-1.5361,2.59695
13,2.87861,1.48035
13,4.06081,1.26812
13,2.65058,-0.0219586
13,2.69918,-0.298923
13,-1.55402,2.43576
13,2.41432,0.185508
13,4.29899,0.378399
13,5.02727,-0.590259
13,2.94768,0.535592
13,2.64612,-0.580642
13,0.454609,-1.14545
13,3.87618,0.00779893
13,2.72099,-1.52629
13,1.36496,2.59387
13,3.72702,0.874663
13,4.07488,-0.838516
13,2.62663,0.753907
13,2.42147,-0.457739
13,4.46945,-0.643681
13,3.67965,0.0754959
13,1.12526,0.478263
13,2.32252,1.36482
13,3.79487,-0.681983
13,3.08585,-0.164531
13,1.62112,2.76913
13,-1.55848,-2.61412
13,2.74582,-0.759291
13,3.68933,-0.415195
13,3.51047,-0.386237
13,3.01641,0.448644
13,2.71575,1.60711
13,1.53493,-0.469307
13,2.82696,0.424606
13,3.1663,0.150969
13,-1.33552,-2.82007
13,1.42639,2.59462
13,-1.50023,2.64055
13,4.47513,0.584879
13,3.59902,1.5791
13,3.36834,0.073601
13,2.63074,1.27989
13,4.09532,-0.0186369
13,3.05632,-0.25724
13,1.55711,-2.40517
13,3.86957,-1.21395
13,1.53036,-0.227489
13,-1.59402,-2.38221
13,-2.93108,0.221524
13,3.74278,-1.49034
13,3.43926,0.775278
13,3.24833,-2.47264
13,2.22369,-0.480485
13,-1.52878,-2.44962
13,3.21075,0.516089
13,2.2448,-0.179569
13,3.08877,0.12542
13,1.31384,-0.0186463
13,3.55207,-0.883185
13,2.08813,-0.654216
13,-1.63424,2.53729
13,-2.96761,-0.230891
13,-1.34599,2.55992
13,-1.54289,2.39031
13,3.39105,0.598789
13,2.79024,0.20052
13,1.67658,-0.0453901
13,1.43058,-2.68061
13,3.64288,0.0706652
13,3.17903,-0.844493
13,-1.45078,-2.58265
13,2.75525,-2.23087
13,3.81841,0.231816
13,3.38612,-0.251933
13,3.84231,-1.57275
13,2.07481,-1.68972
13,1.48132,-2.55895
13,-3.11316,-0.173924
13,2.33546,0.382651
13,1.87826,1.14771
13,3.62887,0.419036
13,2.79594,-0.433072
13,2.27066,0.633359
13,1.61466,-2.63128
13,3.52572,0.468921
13,2.37239,1.67015
13,2.84706,-0.796246
13,2.90883,0.0363561
13,2.76152,-0.809962
13,1.41134,-2.684
13,1.55589,-2.74839
13,2.12589,-0.166157
13,4.34053,0.210887
13,3.19581,-0.30625
13,1.63973,2.5676
13,4.03841,-0.21819
13,3.23666,0.135762
13,2.17259,-0.990421
13,4.00805,-1.31112
13,4.06104,0.778404
13,4.41705,-1.63699
13,3.62815,0.0109912
13,-3.14329,0.161882
13,-3.09352,-0.146254
13,3.05883,-0.351033
13,1.40766,2.47018
13,1.48573,-2.40683
13,1.66958,-2.54509
13,2.22974,0.247427
13,2.2209,0.906024
13,3.5452,-0.93011
13,3.5996,1.42804
13,2.61902,-0.500317
13,2.3344,-1.14451
13,3.34805,0.777836
13,-1.57973,-2.50683
13,-1.63026,2.30381
13,4.44713,0.654262
13,2.90078,-0.698451
13,-1.3056,2.67498
13,-1.66105,2.53476
13,3.00268,0.778857
13,2.76247,1.0335
13,1.65069,-2.59474
13,3.27007,-0.543368
13,3.77953,-0.520292
13,3.33346,-0.30993
13,1.44561,2.51646
13,4.38881,0.107388
13,-1.54814,-2.73149
13,2.44591,0.591096
13,3.69939,0.382395
13,3.57836,0.360594
13,2.61359,-0.90803
13,3.39387,0.324131
13,1.60706,-0.0818433
13,1.30862,-1.04272
13,-2.98251,0.0256281
13,3.0043,-0.601456
13,3.38005,-1.75303
13,2.23453,-0.452985
13,2.7024,0.170932
13,-1.25772,2.87336
13,1.55602,-2.68047
13,2.98456,0.361043
13,2.50637,0.339986
13,-1.51112,2.46886
13,2.37983,0.533074
13,3.98228,1.30972
13,4.02918,0.421139
13,2.58633,0.275271
13,3.54654,-0.056324
13,2.96725,-0.69839
13,3.06364,-0.108883
13,2.83451,-0.71487
13,1.47123,-0.304418
13,-2.92695,-0.0870981
13,2.67877,0.30151
13,-1.51139,2.85973
13,-1.39699,2.76215
13,2.26025,-0.487157
13,2.34357,-0.915392
13,-1.5211,-2.39755
13,2.44041,-0.637598
13,3.78435,0.549209
13,3.16119,0.929832
13,4.1677,-0.339542
13,2.85621,0.127779
13,3.53629,0.339394
13,3.31699,-0.190249
13,2.04591,-0.95839
13,-1.40635,-2.70488
13,3.90664,-0.452517
13,3.81858,0.679429
13,4.81983,-0.463543
13,-1.64798,2.61852
13,2.82013,-1.06791
13,2.72368,0.0563272
13,2.44367,0.411111
13,1.41076,0.554561
13,2.64179,0.989522
13,1.55632,-0.72695
13,2.01139,0.278202
13,2.00371,-0.398902
13,2.9813,-1.72739
13,0.868573,-0.616889
13,2.45371,-0.759582
13,3.1363,0.0454268
13,4.33116,-3.16426
13,-1.49457,-2.50528
13,1.74995,0.235831
13,2.08958,0.359995
13,-1.6354,2.87937
13,2.121,0.300731
13,1.47213,0.886631
13,1.49437,2.9194
13,2.1938,-0.435782
13,1.37562,0.566967
13,3.88299,0.954845
13,2.56842,-0.165684
13,-3.08037,-0.190714
13,2.99578,1.96284
13,3.76828,-1.55449
13,2.55868,-0.198349
13,2.70922,1.66303
13,-2.99102,0.239078
13,4.5527,0.800475
13,-1.56116,-2.54665
13,3.61627,-0.358242
13,2.27226,-0.647846
13,4.06801,0.416886
13,2.6628,0.512986
13,2.02632,0.0200514
13,1.51649,2.65872
13,2.3963,0.518935
13,2.93816,-0.580491
13,1.45082,2.71384
13,1.37608,2.50703
13,3.34422,0.717629
13,-3.16221,-0.0242758
13,2.36319,0.403
13,2.4494,-0.911175
13,-1.29101,2.61011
13,3.19672,1.06577
13,3.42932,1.51568
13,-1.6565,2.71667
13,3.74671,-1.1186
13,2.72891,0.30262
13,-3.10902,-0.120686
13,3.85623,0.563979
13,2.29015,0.770379
13,-3.03027,-0.0995136
13,-1.60653,-2.56637
13,3.60356,1.121
13,2.3772,0.767578
13,2.04031,-0.87279
13,2.61041,0.573897
13,-1.54545,2.56683
13,3.97562,0.422639
13,4.00195,0.277915
13,3.00872,0.762537
13,3.80037,0.195918
13,1.47065,-1.4391
13,4.34222,-1.49147
13,3.13326,0.619089
13,1.58015,2.55559
13,4.26187,-0.735283
13,2.7329,0.903513
13,1.44528,2.67368
13,3.57733,0.247502
13,2.37064,-0.403635
13,-1.49082,-2.54389
13,4.43127,-1.36892
13,-1.59755,2.65246
13,2.31725,0.253151
13,3.33726,-1.28089
13,2.72044,0.479208
13,1.55129,1.47041
13,2.82758,1.69431
13,1.67539,1.42233
13,-3.07388,0.0169521
13,-2.96885,-0.207066
13,4.07141,0.167
13,1.63935,2.57305
13,2.53251,-1.09859
13,-3.2046,-0.214952
13,3.97776,0.556028
13,4.19263,-0.365645
13,4.11173,-0.582607
13,3.07627,-0.683984
13,-1.51995,-2.67051
13,3.77549,-0.395271
13,3.23897,-1.29349
13,1.45737,-0.529645
13,2.09315,-0.815268
13,3.1892,0.0510367
13,-1.60375,2.78677
13,3.66601,0.29496
13,2.60103,-1.24759
13,2.23979,-0.29679
13,2.96551,0.593239
13,1.91209,-0.93705
13,2.92846,-0.714417
13,1.6527,-2.81302
13,1.49441,2.62779
13,3.62645,-0.372068
13,3.28174,0.604014
13,1.40639,2.75574
13,1.57155,-2.47296
13,4.27563,0.741533
13,2.87716,0.31485
13,-1.38941,2.58744
13,-2.88802,0.00632659
13,2.50996,0.31311
13,1.47391,-2.71408
13,4.24923,0.987519
13,1.34686,-2.58468
13,3.21964,-0.250931
13,3.26981,-0.786456
13,4.49601,-0.163883
13,2.62183,-0.694283
13,-1.43269,2.71345
13,2.9215,-1.01002
13,2.56482,-0.937915
13,2.11163,0.283434
13,4.70906,0.287137
13,3.65842,-0.290334
13,-1.55595,-2.53205
13,1.53271,2.48393
13,2.75688,-0.603419
13,3.65263,-1.68051
13,-1.58851,2.71228
13,-1.5998,-2.61657
13,4.59254,0.531765
13,2.62412,0.329411
13,2.52151,-0.814397
13,2.80486,-0.260719
13,3.34144,2.03419
13,2.14496,-1.09082
13,4.5156,-0.613852
13,4.93385,-2.18045
13,2.96039,0.619436
13,4.6349,-0.0916403
13,2.11115,0.554403
13,-2.79131,-0.147014
13,-1.56252,-2.4839
13,4.02984,0.751482
13,-1.59028,-2.83699
13,1.21905,2.58935
13,2.7198,-0.604201
13,2.58077,0.25421
13,1.95393,0.118254
13,2.58211,-0.956081
13,-1.35559,-2.26797
13,3.68417,0.235306
13,2.92937,-0.64162
13,2.70372,1.78414
13,2.15017,1.1411
13,2.9506,-0.404409
13,1.54676,-2.74009
13,3.88054,-1.7408
13,1.54323,2.54303
13,0.635129,0.141692
13,2.557,1.51025
13,3.71545,-1.79065
13,2.67066,-2.08315
13,2.78676,-1.25754
13,-3.10447,-0.1831
13,1.4021,-2.75517
13,2.82978,0.892363
13,3.17622,0.749077
13,2.90728,-0.604583
13,2.59992,-1.48476
13,3.46996,-0.0471578
13,-3.05621,-0.0202257
13,2.9034,-1.5683
13,2.15771,-0.706494
13,3.17624,-1.70722
13,3.04214,0.261724
13,3.2697,0.0947709
13,3.0697,-0.0945545
13,1.03958,1.24188
13,3.1536,0.0114823
13,1.38854,2.60579
13,2.96897,1.10901
13,2.97285,-0.540989
13,1.21621,1.40368
13,2.2495,1.2785
13,-1.76203,2.7148
13,2.12089,0.353959
13,-3.08653,-0.121335
13,3.38444,-0.0642319
13,3.24645,1.56604
13,1.47643,2.5991
13,1.9428,1.34103
13,1.39561,-0.384197
13,2.61886,0.661056
13,1.38878,-2.53988
13,3.60816,-0.0709717
13,2.8083,0.757676
13,2.83342,1.74385
13,4.1069,1.14993
13,1.69448,-2.7291
13,4.66093,-1.9226
13,3.27118,2.03858
13,2.30488,-1.16408
13,4.22462,-0.110606
13,4.15605,1.86252
13,3.00152,1.27516
13,-1.78293,2.4841
13,2.93129,0.849884
13,-1.38795,-2.59376
13,1.51183,-2.45219
13,1.86922,0.17253
13,2.12772,0.585597
13,2.18888,0.643662
13,-2.96148,0.102434
13,3.254,-0.201151
13,3.16523,0.397505
13,3.15097,0.349643
13,1.62195,-0.589231
13,1.63069,-2.30476
13,2.3284,1.41173
13,-1.25438,2.41274
13,3.19492,-0.813541
13,3.94208,-0.628487
13,1.21273,2.09977
13,3.33142,-1.23162
13,1.19571,-0.0101704
13,-1.50893,-2.40244
13,2.47839,-0.533801
13,3.18806,-1.33794
13,4.34621,1.15884
13,3.0418,0.308648
13,3.33048,-0.0716486
13,2.75339,0.539058
13,-1.4796,-2.62274
13,-3.08796,-0.0456888
13,2.6993,0.631354
13,3.56663,-1.34263
13,3.14137,-0.283606
13,3.57886,0.108441
13,2.70525,0.227161
13,3.23663,0.577229
13,1.79236,-0.542293
13,3.47123,-0.790598
13,4.25918,-1.72762
13,-3.35773,0.079033
13,-2.99248,0.0212298
13,2.02621,-0.216047
13,3.01052,1.80059
13,1.84119,0.34612
13,1.46568,-2.59005
13,2.53319,1.25446
13,2.18131,-0.136968
13,3.5966,-0.730455
13,3.61899,0.234783
13,3.0941,2.19976
13,3.74404,1.82277
13,3.73791,0.708869
13,3.0553,-0.647392
13,-2.98757,-0.0991663
13,2.43112,0.0432337
13,2.46438,0.0679679
13,4.43364,0.0828867
13,-2.99941,0.197449
13,3.66306,-0.439621
13,3.80007,-0.0927037
13,3.49635,-0.0697093
13,3.27873,-1.62691
13,3.3658,0.0732337
13,3.08635,-0.0813779
13,3.33064,0.469459
13,2.22144,-0.945113
13,-1.4014,-2.66525
13,1.69372,0.877381
13,3.32142,0.778328
13,3.79291,0.0282748
13,2.3816,-0.382141
13,1.47054,0.899774
13,4.00233,-2.1508
13,1.17578,-0.0557482
13,1.07369,-0.718007
13,1.61042,-2.45049
13,2.78345,-1.12759
13,2.54176,0.392074
13,3.80193,-1.7494
13,2.81307,0.849017
13,2.19465,-0.0266662
13,3.61565,0.0645605
13,1.56443,0.301476
13,1.48108,-2.639
13,3.47253,0.463486
13,-1.75103,-2.63141
13,1.43519,2.33257
13,3.57915,0.772012
13,4.05233,-1.2172
13,1.34363,-2.79757
13,2.29954,1.32349
13,2.44503,0.162057
13,3.13599,0.157438
13,2.85751,-0.947358
13,3.11408,0.75233
13,1.36567,2.52215
13,1.65897,1.07375
13,3.18938,-0.0232831
13,3.73498,-2.12938
13,5.21877,1.19928
13,-1.61789,2.58016
13,4.2298,0.451462
13,3.48219,-0.0686394
13,3.23649,1.98211
13,2.55561,-0.0479081
13,2.54961,0.813949
13,3.27715,1.23365
13,1.7904,-2.39495
13,3.15525,-0.875662
13,2.63653,-0.410842
13,-1.51334,2.71178
13,3.58857,1.86948
13,2.19643,0.0731899
13,3.77956,-0.10278
13,1.71503,2.3958
13,1.51975,2.57742
13,2.28535,0.341119
13,-3.19057,-0.00746137
13,2.33526,-0.954225
13,3.32761,-0.867408
13,4.22918,-1.7121
13,2.95972,1.40479
13,1.57361,-2.57711
13,3.09052,-0.207157
13,-1.59366,-2.52306
13,3.21376,1.12499
13,3.47365,-0.563127
13,-1.4983,2.63374
13,1.47458,2.91625
13,-3.18398,-0.147906
13,3.69473,-1.00578
13,2.46846,-0.161723
13,3.15386,-0.140394
13,3.83894,-0.602951
13,1.50119,2.63171
13,-1.5315,-2.71648
13,3.72154,0.15034
13,3.16166,0.311139
13,3.50068,-0.710456
13,2.99335,2.34995
13,3.4769,-0.13237
13,3.25098,-0.0422672
13,2.88145,-1.56789
13,1.48494,0.304114
13,3.86021,-0.391329
13,0.978334,-1.80293
13,4.11391,2.4574
13,2.26462,1.7779
13,2.51186,-1.30588
13,-1.58059,-2.78635
13,4.29366,0.448353
13,3.3106,0.119149
13,3.15337,0.157919
13,2.28205,0.589766
13,2.42035,0.282698
13,0.996647,0.666468
13,1.64202,2.0212
13,2.68551,1.03518
13,3.61071,1.37654
13,-3.22541,0.031616
13,4.07161,-0.600882
13,3.61525,-0.663974
13,1.4692,2.50636
13,2.31582,-0.933073
13,4.80396,-0.759743
13,3.74032,0.703274
13,2.78077,-0.647692
13,0.363273,1.11208
13,3.30303,-0.998284
13,3.39613,1.70274
13,-1.4987,2.50243
13,2.47249,0.680382
13,4.38777,0.0926933
13,4.5114,1.31329
13,3.60732,-0.732118
13,2.67875,1.08487
13,3.57004,0.875947
13,3.63891,-0.770509
13,2.77932,-2.13637
13,0.77013,1.73228
13,1.39934,0.929646
13,1.75779,-0.562475
13,2.80441,-1.29346
13,4.25394,0.634336
13,1.38478,-0.795642
13,3.51982,-0.832093
13,4.67915,0.321678
13,3.20714,-0.139765
13,1.37019,-0.0301974
13,2.84276,-1.85374
13,3.52073,-0.154692
13,3.5001,-1.44524
13,-1.73902,2.80292
13,-2.80952,-0.267663
13,4.61457,-1.1799
13,-3.0345,0.169903
13,4.02277,0.337553
13,3.04701,0.861996
13,3.4453,-1.0202
13,1.73579,-0.567891
13,2.80924,0.54816
13,-1.53743,2.55161
13,0.975432,-1.08819
13,4.33041,0.447521
13,3.26019,-0.577098
13,3.92923,0.401097
13,-1.58142,2.57613
13,4.4317,1.02765
13,3.3097,-0.865005
13,3.54382,-0.533589
13,1.82546,0.810764
13,2.43485,-0.435769
13,3.95527,0.560155
13,3.21972,0.893405
13,3.64427,-0.0291201
13,-1.45224,2.69891
13,2.68496,-1.60657
13,4.23125,0.463908
13,3.87829,1.35347
13,4.11314,-0.92473
13,3.12894,-0.847212
13,2.80617,-1.47786
13,2.64647,-0.183645
13,4.77194,0.441428
13,3.19629,-0.538613
13,2.83518,0.442763
13,1.59504,-2.54253
13,2.54933,-2.35887
13,3.38076,0.735689
13,-1.48593,2.667
13,1.9615,-1.08463
13,-1.34625,2.58202
13,1.34325,-2.59772
13,3.66782,-0.845791
13,3.86812,-0.472255
13,-2.94287,-0.06641
13,-3.21337,0.192238
13,1.45294,-2.58184
13,-1.48765,2.65241
13,-1.6363,-2.5693
13,1.57812,-2.59069
13,-3.02292,0.167706
13,4.43101,0.269445
13,2.17996,0.220032
13,1.83728,0.698528
13,3.14147,-0.959258
13,4.01871,-0.424639
13,3.90828,0.0172571
13,-3.05787,0.0556364
13,1.50075,1.10436
13,1.50353,-2.76353
13,4.29112,-0.926545
13,1.95063,1.9667
13,-1.75946,2.52865
13,2.39895,-0.753379
13,2.9169,-0.157657
13,1.45763,-2.64675
13,3.80909,0.186309
13,4.22076,-0.933268
13,1.58855,2.76102
13,2.34045,-1.23375
13,2.58771,0.117644
13,-1.55545,-2.51091
13,-2.99534,-0.142218
13,1.01985,-1.38022
13,3.3761,-0.936875
13,3.23337,0.884135
13,-1.38473,-2.57389
13,2.70413,-0.593619
13,3.24672,-2.13111
13,3.90432,-0.785364
13,2.39491,0.45187
13,-1.61325,-2.54902
13,1.38526,-2.67806
13,1.38392,-2.32202
13,2.75496,0.874662
13,4.20201,0.569439
13,-1.30848,-2.52262
13,-1.56538,-2.63928
13,2.24067,1.46584
13,3.35997,0.44859
13,2.94524,-0.702918
13,1.54616,2.54233
13,3.38015,0.329725
13,-1.52796,-2.69372
13,-3.04965,0.0216935
13,2.24784,-0.099086
13,4.29683,-0.884063
13,3.27686,-0.601047
13,3.08145,-0.303437
13,2.63252,-0.549594
13,3.00779,-2.3462
13,1.32342,-1.88256
13,2.54167,-0.388149
13,2.24694,0.40698
13,3.03836,0.261474
13,1.36652,2.65679
13,3.67131,-1.84894
13,1.54268,-2.72566
13,3.08481,-0.408686
13,3.35811,1.24278
13,3.1186,0.0259262
13,3.01308,-1.60211
13,3.89982,1.00025
13,3.57826,-0.177012
13,2.27369,0.581768
13,-1.67242,2.6275
13,-1.45681,2.52938
13,2.70485,0.392722
13,0.74468,-0.116492
13,2.90237,-0.467291
13,2.67138,-0.4859
13,3.76876,-0.0315541
13,4.57779,0.424185
13,-2.81479,0.0749594
13,4.57318,0.605074
13,2.98893,-0.134228
13,4.46723,1.1175
13,1.52025,-2.39799
13,3.23416,1.20173
13,2.59228,-0.846189
13,3.60728,-0.526645
13,4.75989,-0.365895
13,1.53578,0.380308
13,-1.59796,-2.64193
13,2.86349,-0.684475
13,-1.39172,2.68233
13,1.52869,2.53713
13,2.41528,-0.65618
13,3.89823,1.68442
13,-1.31734,-2.65966
13,3.06347,-0.929727
13,2.40155,-1.36736
13,1.44011,2.4531
13,3.77577,-0.471359
13,3.28593,0.184666
13,2.02195,1.0179
13,1.91144,0.0321313
13,4.19968,0.546861
13,2.62711,-1.03152
13,3.18702,1.43557
13,3.92564,0.55023
13,-1.4413,-2.67091
13,4.07338,0.777384
13,2.56866,-0.464657
13,1.39216,-2.61447
13,5.12484,0.413506
13,3.43473,-1.35872
13,-3.0621,0.0792852
13,4.58074,0.324333
13,3.94494,-0.193147
13,2.85791,-0.24
13,1.60016,-2.44686
13,4.35189,0.111592
13,3.80541,-0.930979
13,3.80489,0.302367
13,2.6207,-0.563116
13,-1.27014,-2.64042
13,2.84094,-0.467573
13,3.73345,-0.563133
13,2.59063,1.85779
13,-3.14008,0.0838027
13,1.33166,2.63644
13,1.38362,2.59624
13,1.39711,0.862383
13,3.44647,-0.562546
13,2.19866,0.369639
13,-3.15744,0.180452
13,1.6971,-2.68929
13,-1.39425,2.61155
13,3.73428,0.525436
13,2.8597,1.4179
13,-1.49761,2.84052
13,1.80288,1.48514
13,3.90303,-0.240784
13,2.37991,1.66415
13,2.93855,-2.09388
13,3.43534,1.42478
13,3.02122,1.02901
13,4.59155,-0.320167
13,1.74129,-0.500091
13,2.1111,0.0855384
13,2.42172,0.521702
13,3.49466,-0.47423
13,4.50315,0.260736
13,4.123,-0.586936
13,3.09093,2.75232
13,2.17943,0.215369
13,2.48141,-0.410819
13,-2.87185,0.14225
13,1.55141,-2.60931
13,1.50363,2.54
13,3.42989,-1.13403
13,-3.02628,0.118668
13,1.37719,1.9743
13,1.36043,2.71999
13,2.61306,1.56206
13,2.25068,-0.186097
13,2.94138,0.483694
13,2.87888,-0.469222
13,2.59274,-0.249564
13,3.34465,-0.604431
13,-2.96325,0.123499
13,3.94366,2.04781
13,2.02112,0.661408
13,3.58276,1.08582
13,3.59949,0.913365
13,2.83538,0.278555
13,4.87015,-0.843331
13,1.57217,2.5321
13,1.70593,0.537324
13,3.50337,-0.0525852
13,3.99386,0.753107
13,4.53319,0.246264
13,-1.47574,-2.48148
13,1.67851,-0.416127
13,2.58386,-1.80321
13,3.64045,-0.448159
13,2.68535,0.0623912
13,-3.12408,-0.0177522
13,4.1832,-1.1778
13,2.79673,-1.17122
13,2.732,1.45858
13,3.04618,-0.1805
13,2.5159,0.553917
13,4.49525,-1.33245
13,2.10674,1.61825
13,-2.91682,0.155169
13,2.44601,-1.68444
13,4.3096,-1.3125
13,3.12599,-0.162865
13,1.35966,-2.72589
13,4.86645,0.581325
13,4.12353,-0.519494
13,1.69148,0.766891
13,4.10594,0.342954
13,3.99872,0.156932
13,3.07357,0.532984
13,1.45158,-1.30863
13,4.32047,0.584665
13,2.7714,-0.266151
13,2.78092,1.25575
13,5.19083,-0.585918
13,3.39502,0.828732
13,3.39124,-0.880785
13,5.00811,2.24704
13,3.16476,0.085418
13,2.71153,0.186864
13,4.14729,-0.342164
13,2.75538,0.200304
13,1.49915,-2.52739
13,2.76238,-0.284836
13,1.57332,-2.66448
13,4.3627,-0.490174
13,3.60372,1.01271
13,3.57134,-0.316583
13,3.40733,-0.277681
13,1.38809,-1.51647
13,2.56789,0.285357
13,1.31986,2.58104
13,1.34936,0.362562
13,-2.88899,-0.179859
13,2.74154,0.692661
13,4.15726,-1.13419
13,2.68239,-0.737528
13,3.54822,0.454876
13,4.49405,-0.292954
13,1.69257,-1.19843
13,2.93709,-0.715152
13,0.982087,0.872841
13,1.46917,2.67333
13,2.40708,1.01012
13,3.04927,-0.703281
13,1.59303,2.81683
13,3.60049,1.08674
13,3.78571,-0.0532858
13,3.27848,1.12055
13,-1.46198,2.58274
13,4.60665,-1.52505
13,-1.55897,2.54817
13,3.41434,-1.18825
13,-1.41333,-2.46429
13,4.00986,0.148927
13,3.59733,-0.966905
13,2.7168,-0.35518
13,3.41383,-0.805129
13,-1.40812,-2.54205
13,2.85254,0.210731
13,2.45722,0.671135
13,2.41848,-0.321934
13,1.48807,-2.56899
13,1.51243,2.65268
13,3.09151,0.910637
13,3.55442,-0.867619
13,-1.52276,2.75734
13,-1.50123,-2.44534
13,1.99055,-0.403911
13,3.49432,-0.154978
13,2.4932,0.31096
13,3.1434,-0.247416
13,1.62533,-2.52291
13,2.56403,2.00929
13,0.45668,1.0259
13,-1.44462,-2.42628
13,1.32403,-2.42828
13,3.34112,0.459874
13,2.32618,-0.812778
13,-1.50448,2.88859
13,2.14224,0.794277
13,3.35036,-0.248876
13,1.46765,-2.75362
13,1.6002,1.68147
13,-1.44785,-2.7521
13,2.19412,0.0109403
13,2.02706,-0.88148
13,3.09534,0.783933
13,3.90336,-0.174651
13,1.63435,-2.69433
13,2.80748,0.699533
13,3.56591,-1.10227
13,1.28343,-0.664433
13,2.83751,-0.442038
13,4.08045,-0.226478
13,3.18391,0.422872
13,2.39457,1.05691
13,3.98926,-1.32054
13,-1.58618,2.70811
13,2.85233,0.427058
13,3.47979,-0.440524
13,2.03039,1.69011
13,3.028,0.585633
13,1.62307,-0.393062
13,2.81502,0.500919
13,3.29457,-0.231266
13,3.18898,1.63466
13,2.57821,-1.47208
13,2.25405,1.91569
13,1.52169,-2.72114
13,1.68599,0.478852
13,3.91947,-0.0549139
13,3.69836,-0.377031
13,1.52064,-2.73039
13,3.30851,-0.928251
13,-1.38116,-2.61186
13,3.40209,0.634077
13,1.51531,-0.0881674
13,2.38641,-0.348952
13,-3.06136,-0.248838
13,3.89793,0.252292
13,1.84282,-0.479498
13,4.51804,-0.052272
13,4.14511,0.0479547
13,1.57668,-0.120622
13,3.82637,0.243631
13,2.17747,0.596946
13,-1.60381,2.39248
13,2.9597,-0.304624
13,1.549,2.58506
13,1.46727,2.69526
13,4.1249,0.579043
13,2.57294,0.842443
13,1.54428,-2.64541
13,1.61655,-0.146645
13,1.79062,0.278273
13,3.3239,-0.0200345
13,4.70098,-0.489043
13,1.56196,2.78214
13,2.87732,0.605752
13,4.43128,-0.114227
13,1.44356,-2.58914
13,2.29765,-0.0240481
13,3.7222,0.63359
13,3.19913,0.731892
13,4.02505,0.429289
13,1.97393,-0.335113
13,1.76669,1.18404
13,1.29375,2.73253
13,2.74763,0.589407
13,1.39816,-2.43321
13,4.39789,0.179206
13,2.88953,0.493626
13,3.49293,-0.704248
13,1.57974,-2.59376
13,1.80658,-1.74194
13,3.58372,0.670582
13,1.93735,-2.05541
13,2.4594,-0.272512
13,1.64758,2.52004
13,1.40754,0.297747
13,1.39005,2.36327
13,2.06882,1.66214
13,3.66607,0.366675
13,2.26795,0.523837
13,2.59233,1.12835
13,4.2146,-0.0911134
13,2.50529,0.329722
13,3.08546,0.299746
13,3.64259,-0.399596
13,4.33547,0.312929
13,1.4272,0.308141
13,1.56525,0.409702
13,-1.59118,-2.68183
13,1.73279,0.905557
13,1.57189,2.43586
13,2.67359,1.00475
13,3.20549,0.886474
13,3.67899,0.709752
13,2.55083,-0.572569
13,1.90001,-0.612756
13,-1.56661,-2.51112
13,3.43549,-0.054273
13,2.93584,0.275833
13,3.54701,-1.45513
13,-1.72497,2.61134
13,2.96561,-0.924234
13,3.41223,0.495906
13,3.42752,-0.201413
13,1.59229,2.83854
13,3.2803,1.37771
13,4.12452,-0.0271551
13,3.56812,0.198504
13,-2.67911,0.045415
13,3.22971,1.15658
13,4.91908,0.842272
13,-1.76546,-2.5718
13,1.40335,0.781255
13,4.92525,-1.29738
13,3.5829,-0.191018
13,2.41246,1.50455
13,2.90509,-0.224685
13,3.16982,-0.870928
13,2.18065,0.477437
13,4.53703,0.307772
13,2.71782,1.16173
13,2.91607,1.95209
13,3.09686,-0.502117
13,-3.06929,-0.104086
13,3.16072,0.755486
13,-1.58692,2.65604
13,3.72682,-1.75607
13,1.43659,2.70046
13,-2.92373,-0.025948
13,2.31079,1.25688
13,3.04109,-1.09249
13,3.68647,-0.676247
13,1.70324,-0.817657
13,1.2609,2.78191
13,3.4019,-0.721095
13,4.21892,1.57811
13,2.11847,1.03517
13,-1.39048,-2.47147
13,3.57434,-1.00427
13,3.81182,0.308463
13,1.46656,-2.89203
13,2.70296,-0.376889
13,2.4907,0.182301
13,4.16989,0.120709
13,3.3898,0.340988
13,2.70033,-0.886447
13,1.48575,2.64586
13,-2.96191,0.0377907
13,3.56528,-1.05155
13,2.13444,0.865944
13,1.36623,-0.323085
13,2.67469,0.38421
13,2.06024,1.87618
13,2.71547,1.01023
13,-1.53837,2.42515
13,3.27309,-1.33209
13,3.57237,-0.348502
13,1.63099,2.38758
13,3.51329,-1.03639
13,1.65627,2.59929
13,2.70487,-1.23873
13,1.45519,2.70898
13,4.28345,-0.340215
13,2.97682,0.910478
13,1.9391,1.07405
13,1.574,-2.44194
13,1.4376,2.6558
13,-1.43135,2.41941
13,-1.45242,2.49976
13,-1.64833,-2.3736
13,3.29985,-0.0445963
13,2.48009,-0.655247
13,1.40297,-2.61999
13,-2.79282,-0.0787253
13,-2.9281,-0.010524
13,2.66485,0.910308
13,2.80831,-1.09055
13,2.14072,-0.0973554
13,3.77048,0.950579
13,2.54515,0.731615
13,3.27491,-1.02431
13,2.94977,-2.27162
13,1.58762,2.7947
13,-1.5888,-2.71535
13,3.73288,-0.701582
13,2.49846,-0.467438
13,2.42664,-0.323609
13,3.30407,0.502474
13,3.38797,-0.755963
13,2.34227,-0.0899059
13,1.20155,2.69406
13,3.5199,0.84256
13,2.88785,0.386015
13,1.6596,0.872074
13,4.37555,1.25792
13,3.78029,-2.14708
13,3.40991,-0.358358
13,3.7448,1.35961
13,1.41828,2.57581
13,2.75039,-0.264993
13,-1.42313,-2.523
13,2.30368,-0.86548
13,3.42245,-0.227115
13,2.01555,0.319451
13,4.10909,-0.77426
13,3.05536,0.253897
13,0.868633,-0.834746
13,3.09572,0.375536
13,2.75394,0.145562
13,2.79909,-0.00639131
13,3.18312,-1.77596
13,1.59277,-2.23487
13,2.18515,-0.457381
13,-3.01752,-0.012942
13,-2.7886,0.142474
13,-1.62822,2.78373
13,3.16539,-0.00565747
13,1.45607,-2.59862
13,-3.12186,0.0463455
13,3.4985,-0.989927
13,2.95403,-0.0884562
13,2.75591,0.351643
13,2.18623,0.1729
13,2.09552,-1.34422
13,2.92742,0.0499117
13,2.51078,1.57071
13,1.76779,-1.61213
13,2.18304,0.960343
13,3.12448,-0.0525548
13,-1.58901,2.57772
13,-2.84885,0.166624
13,3.01801,0.473924
13,3.08793,-0.650561
13,1.79038,-0.457716
13,2.19767,-0.275263
13,3.47837,0.455523
13,-3.15651,0.121147
13,-1.43455,2.71467
13,2.68412,-0.604991
13,2.07682,-0.687241
13,1.477,2.47597
13,3.56609,0.355616
13,2.98342,0.14917
13,1.33311,-1.28011
13,2.31457,1.30542
13,1.3364,0.0659479
13,1.62792,2.7303
13,1.9173,0.149654
13,2.85969,0.0866653
13,2.66596,-0.154115
13,3.19896,0.446839
13,2.5812,0.537361
13,2.20037,-0.977545
13,3.47777,-1.85143
13,2.68711,-0.312084
13,2.95141,-0.783343
13,2.33265,1.36723
13,4.00524,0.540697
