step,x1,x2
0,-0.0794687,0.976694
0,-0.627706,0.68821
0,-0.30486,0.980201
0,-0.126189,1.07395
0,0.240863,0.989313
0,-0.34355,0.803787
0,0.167472,1.06641
0,-0.886585,0.374195
0,-0.943532,0.133533
0,0.455946,0.956368
0,-0.779073,0.618153
0,-0.0790796,0.926462
0,-0.165904,0.969412
0,-0.863491,0.227083
0,1.00046,0.236115
0,0.925237,0.329848
0,1.11229,0.0625886
0,-0.882931,0.480638
0,-0.880351,0.631206
0,-0.90271,0.460398
0,-0.940142,0.042132
0,-0.82407,0.657356
0,0.110313,0.962085
0,-0.688021,0.698397
0,0.932886,0.327452
0,-0.546268,0.940315
0,0.846509,0.317524
0,-0.889841,0.211832
0,-0.136925,0.924781
0,0.317155,0.911598
0,0.751813,0.775678
0,-0.726644,0.675559
0,0.14881,1.04336
0,-0.240584,0.982135
0,1.04338,0.092775
0,-0.432907,0.902461
0,-0.329757,0.914149
0,-0.252672,0.90969
0,-0.994159,0.221968
0,-0.520814,0.832533
0,0.381788,0.922259
0,0.258878,1.00924
0,-0.628439,0.917575
0,0.89536,0.0931159
0,-0.442639,0.879419
0,-0.543735,0.793806
0,0.928666,0.620882
0,0.951141,0.413123
0,0.573986,0.868951
0,0.459148,0.887216
0,-0.236245,0.87132
0,0.144877,0.997721
0,-0.936632,0.0724589
0,0.92861,0.23933
0,0.625671,0.679219
0,0.838964,0.458447
0,-0.454775,0.802197
0,0.67877,0.835789
0,0.135964,1.01596
0,0.624431,0.829232
0,0.792494,0.594254
0,0.813578,0.424168
0,-0.374534,0.832339
0,0.932598,0.453456
0,0.766454,0.492118
0,0.321757,0.948617
0,-0.851103,0.499332
0,1.01184,0.330827
0,-0.918506,0.415329
0,0.986168,0.265082
0,-0.991314,0.168465
0,0.128466,0.943418
0,-0.987696,0.0157837
0,-0.226947,0.912548
0,-0.670423,0.749014
0,1.00199,0.00528839
0,0.543819,0.748963
0,0.948715,0.360432
0,0.540123,0.720925
0,0.907147,0.336297
0,0.571936,0.821337
0,0.302268,0.928265
0,0.964405,0.179281
0,-0.615432,0.860197
0,-0.256527,0.946892
0,0.66772,0.662611
0,-0.0924671,0.954656
0,0.933477,0.287262
0,-0.28433,0.958467
0,-0.896912,0.218753
0,0.608333,0.8627
0,-0.455572,0.818387
0,0.921791,0.41036
0,-0.665249,0.728447
0,0.524964,0.878778
0,0.780569,0.625038
0,-0.296504,0.911543
0,1.03536,0.0252562
0,-0.824935,0.491936
0,1.02872,-0.0433404
0,-0.480141,0.877262
0,0.606114,0.908704
0,-0.641056,0.876649
0,-0.896937,0.107179
0,0.685135,0.680124
0,-0.346781,0.929765
0,-0.27034,1.05004
0,-0.271408,1.02727
0,0.689151,0.609674
0,-1.01646,0.170207
0,0.192786,1.04398
0,-0.839578,0.478604
0,-0.563039,0.905289
0,0.563625,0.850742
0,-0.942217,0.576856
0,0.290443,0.947761
0,-0.868642,0.374779
0,-0.19945,1.05601
0,-0.908424,0.433313
0,-0.588237,0.822091
0,-0.681412,0.822466
0,0.0206848,0.969557
0,-0.981217,0.200024
0,-0.439444,0.842483
0,0.244856,0.85269
0,-0.281929,0.919379
0,0.970024,0.112802
0,0.501866,0.928741
0,-0.511046,0.844649
0,0.673988,0.832826
0,-0.215247,0.919381
0,0.214692,0.886307
0,0.890863,0.369585
0,0.565216,0.701182
0,-0.118399,0.890945
0,-0.449755,0.88822
0,-0.267614,0.903889
0,-0.397029,0.878126
0,-0.458345,0.924611
0,0.230953,1.03559
0,-1.01422,0.286466
0,0.444124,0.762612
0,0.117615,1.00983
0,-0.971725,0.389213
0,-0.77175,0.500047
0,-0.573225,0.873878
0,0.959682,0.251047
0,-0.915414,0.288389
0,-0.590824,0.824875
0,-1.17967,0.0564785
0,1.00028,0.478644
0,-0.903837,0.44433
0,0.8928,0.527709
0,-0.35503,0.888819
0,0.865032,0.319364
0,-0.970531,0.395492
0,-0.716641,0.614275
0,-0.252887,0.953106
0,0.294231,0.918455
0,0.980535,0.262245
0,-0.583376,0.833899
0,0.198622,0.97304
0,-0.625299,0.747818
0,-0.914893,0.388069
0,-1.02878,0.0872484
0,-0.865142,0.44645
0,1.02925,-0.00748333
0,0.353618,0.92982
0,-0.620017,0.753122
0,0.939007,0.567903
0,0.0947939,0.985768
0,0.925534,0.125472
0,0.775094,0.616338
0,0.868823,0.137268
0,-0.811579,0.588879
0,0.697835,0.640022
0,0.467747,0.876965
0,-0.954241,0.188644
0,-0.652697,0.833688
0,1.00092,0.111689
0,0.932649,0.43327
0,-0.423753,1.00349
0,-0.32922,0.892147
0,0.782556,0.693998
0,-0.972405,0.199705
0,-0.348558,0.931061
0,-0.0303835,0.969852
0,-0.288402,1.06804
0,-0.659949,0.883778
0,0.55072,0.912545
0,0.215007,0.958533
0,0.695387,0.663186
0,0.760972,0.569178
0,-1.0017,0.104379
0,-0.780679,0.699272
0,0.134408,0.981942
0,0.810491,0.651775
0,0.749967,0.607103
0,0.959237,0.23826
0,0.194786,0.973662
0,0.53158,0.899201
0,-0.560602,0.818357
0,0.413265,0.962447
0,0.85775,0.627597
0,0.993379,0.0941377
0,0.939188,0.21871
0,-0.438949,0.806753
0,0.0769376,1.04924
0,-0.12359,0.999165
0,-0.95048,0.323693
0,-0.948508,-0.020001
0,0.715984,0.634981
0,-0.586592,0.789224
0,0.788902,0.781522
0,0.997293,0.139112
0,-0.787908,0.669315
0,0.573189,0.897797
0,0.38876,0.781253
0,-0.331995,0.990379
0,-0.883771,0.658617
0,-0.338617,0.952505
0,-0.988047,0.387374
0,0.667396,0.82509
0,-0.752527,0.654718
0,0.779274,0.635421
0,-1.07185,0.115611
0,-0.529693,0.822497
0,0.71907,0.577194
0,-1.07926,0.196506
0,-0.587692,0.742307
0,0.674276,0.627469
0,0.838527,0.753773
0,-0.164995,0.93456
0,0.955976,0.0466754
0,0.808642,0.703463
0,0.294922,1.00379
0,0.341655,0.855701
0,0.0663751,1.08634
0,0.639442,0.738933
0,-0.280301,1.01254
0,-0.988689,0.499681
0,0.941991,0.347924
0,-0.0280002,1.01161
0,0.894503,0.38794
0,-0.681923,0.816148
0,0.288846,0.889783
0,-0.194131,1.0587
0,0.835861,0.508012
0,0.922472,0.555712
0,-0.0496008,1.02223
0,0.450515,0.968565
0,-0.923086,0.174846
0,-0.841389,0.72065
0,-0.754243,0.653265
0,-0.885702,0.243231
0,1.05002,0.27924
0,-0.144087,1.00502
0,-0.36059,0.858407
0,-0.979926,0.153376
0,0.612519,0.74498
0,0.728319,0.681521
0,0.893341,0.370733
0,0.894852,0.0869168
0,-0.952534,0.280169
0,-0.569134,0.86696
0,-0.650461,0.664592
0,0.639262,0.806316
0,-0.262973,1.09483
0,1.0389,0.194435
0,0.0602768,0.975533
0,-0.924911,-0.0137241
0,-1.02196,0.465833
0,0.616001,0.901604
0,-0.985957,0.159874
0,0.707742,0.675587
0,-0.985017,0.196142
0,-1.07657,0.152706
0,-0.756842,0.549274
0,-0.458041,1.03972
0,-0.920734,0.350014
0,0.50384,0.839696
0,-0.847547,0.43902
0,-0.428048,0.930738
0,0.948984,-0.0149528
0,0.455524,0.823944
0,0.908442,0.485258
0,-1.04875,-0.025041
0,0.161576,0.941276
0,-0.0314014,1.01275
0,-0.388317,0.890152
0,0.428872,0.89192
0,0.85066,0.502527
0,-0.698568,0.631956
0,0.835857,0.671694
0,-0.0142099,0.970731
0,0.78978,0.642151
0,0.89414,0.24867
0,-0.859614,0.308748
0,-0.960135,-0.0128017
0,-1.11971,0.0124005
0,-0.839213,0.277592
0,-0.753264,0.736876
0,0.556563,0.782239
0,1.01986,0.263091
0,0.266803,0.959297
0,0.82224,0.613402
0,0.938676,0.403729
0,0.878117,0.118924
0,-0.639274,0.837032
0,1.05944,0.0717255
0,-0.800233,0.768015
0,0.908235,0.385041
0,0.957981,0.30101
0,0.961098,0.331005
0,-0.448347,0.881481
0,0.665861,0.704868
0,0.249758,1.08056
0,-0.276835,0.975713
0,-0.940609,0.444318
0,-0.800572,0.823115
0,0.661364,0.64011
0,0.894228,0.437957
0,0.88942,0.173281
0,0.520266,0.7786
0,0.681285,0.744515
0,0.109108,1.00689
0,-0.495423,0.822025
0,-0.490718,0.904751
0,0.603145,0.739242
0,0.268488,0.922098
0,0.820579,0.585619
0,-0.877926,0.599868
0,1.04222,0.133824
0,-0.625869,0.727709
0,-0.61066,0.595728
0,-0.843317,0.595447
0,0.639411,0.711562
0,0.435648,0.904547
0,-0.327111,0.87529
0,0.655947,0.758497
0,0.486544,0.924362
0,0.808481,0.517234
0,0.107425,0.965749
0,0.967985,0.08214
0,-0.77634,0.579757
0,0.958896,0.136575
0,-0.0295192,1.02747
0,0.519996,0.880814
0,-0.323092,0.969162
0,-1.00816,0.0480687
0,-0.430165,0.999392
0,0.997893,0.0830847
0,0.243731,0.982535
0,-0.0297979,0.973972
0,-0.0280919,1.02093
0,-0.571236,0.835496
0,0.598773,0.72918
0,0.880727,0.325801
0,0.377454,0.926232
0,-0.957389,0.0963202
0,0.828492,0.511943
0,-0.911669,0.282185
0,-0.181039,0.892043
0,0.151494,0.948349
0,-0.933065,0.33265
0,0.186935,1.0242
0,-0.620625,0.725134
0,0.339905,1.053
0,-1.00484,0.307249
0,-0.661101,0.91095
0,-0.610699,0.856669
0,0.411799,0.964927
0,-0.743416,0.724629
0,-0.405501,0.894698
0,0.830073,0.585711
0,0.893413,0.537875
0,-0.804093,0.589828
0,-1.00034,0.0542722
0,0.13342,1.02213
0,-0.277843,0.94309
0,-0.931141,0.415484
0,0.209447,0.865786
0,-0.986188,0.13095
0,-0.148391,0.975146
0,-0.756521,0.406357
0,-0.931699,0.299281
0,-0.753278,0.449166
0,0.867889,0.484104
0,-0.423717,0.992118
0,0.29337,1.07161
0,1.04391,0.252796
0,0.269958,0.907834
0,0.661689,0.760497
0,-0.848977,0.535111
0,0.966485,0.0528296
0,-0.940163,0.0799257
0,0.491297,0.970521
0,0.462487,0.878919
0,1.00115,0.086883
0,0.836018,0.68153
0,0.245811,0.892112
0,-1.03404,0.18494
0,0.820694,0.270087
0,-1.02447,0.175707
0,-0.892047,0.324209
0,0.197509,1.09778
0,0.505438,0.949882
0,0.756322,0.787078
0,-0.284864,0.842203
0,0.995724,0.16698
0,1.00063,0.0467952
0,0.29802,0.932493
0,0.97827,0.231652
0,0.682754,0.710198
0,0.814685,0.6662
0,0.651459,0.647913
0,0.869087,0.400263
0,0.989689,-0.0121136
0,0.899016,0.263695
0,-0.33861,0.929122
0,-1.07232,0.0825056
0,-0.918983,-0.0140687
0,0.360752,0.940053
0,0.883667,0.495731
0,-0.338165,0.915983
0,-0.0380621,0.920878
0,-1.09142,-0.0694542
0,0.981797,0.146221
0,-0.781799,0.58733
0,0.570628,0.758211
0,0.768126,0.743538
0,-0.466363,0.8131
0,0.754416,0.739641
0,-0.481322,0.831074
0,-0.0118179,1.02389
0,0.049216,1.01036
0,-0.285787,1.02509
0,0.610955,0.856061
0,-0.610259,0.743508
0,0.255466,1.02803
0,0.425803,0.898695
0,-0.813973,0.52529
0,-0.972701,0.31551
0,1.08288,0.180833
0,0.72747,0.757295
0,0.529117,0.932019
0,-0.908714,0.557551
0,-1.04358,0.0360235
0,-0.980849,0.103334
0,-0.984256,0.370573
0,0.494735,0.846422
0,-1.11113,0.0480507
0,0.65518,0.758515
0,0.950347,0.341472
0,-1.04925,0.114204
0,0.755395,0.704348
0,-0.385735,0.840861
0,1.0418,0.0888906
0,-0.742775,0.727306
0,-1.0036,0.452278
0,0.630937,0.838083
0,0.460085,0.931248
0,0.414833,0.919665
0,-0.672104,0.738794
0,0.726248,0.709807
0,0.961186,0.556825
0,0.17818,0.994824
0,0.51561,0.75555
0,-0.855675,0.401821
0,0.687827,0.756249
0,0.107347,0.900014
0,-0.886177,0.166716
0,-0.409543,0.90589
0,-0.849507,0.308488
0,-0.955041,0.130042
0,-0.674557,0.797973
0,-0.58673,0.83225
0,-0.970367,0.0524937
0,-0.909147,0.119978
0,0.192886,0.992965
0,0.947603,0.18322
0,0.708598,0.880369
0,0.883804,0.365773
0,0.08641,0.901584
0,0.908301,0.484903
0,-0.360393,0.977268
0,0.438099,0.9407
0,-0.955024,0.244244
0,-1.06703,0.125969
0,-0.158816,0.996524
0,0.647033,0.799895
0,-0.332794,0.93818
0,-0.834092,0.270691
0,0.271937,0.922017
0,-0.136193,1.04799
0,0.627515,0.72765
0,0.122781,1.02201
0,0.259529,0.930149
0,0.568291,0.620669
0,-0.0251754,1.0537
0,0.578798,0.761826
0,0.304364,0.93198
0,-0.177535,1.06088
0,-0.704594,0.609345
0,0.441569,0.82284
0,-1.01814,0.146618
0,-0.960384,0.378113
0,0.945646,0.220047
0,0.705259,0.655557
0,0.148337,0.932943
0,0.928463,0.375342
0,0.473388,1.02596
0,-0.662215,0.673943
0,-0.488606,0.908257
0,-0.309429,0.861338
0,-0.623076,0.857045
0,0.698745,0.570263
0,0.391456,0.82291
0,-0.58657,0.925628
0,-0.942961,0.318557
0,-0.198925,0.9991
0,0.630198,0.856536
0,1.02549,0.00893623
0,-0.651482,0.85371
0,0.962428,0.12884
0,0.323512,0.955421
0,-0.147461,0.964826
0,-0.904297,0.234635
0,1.00954,0.305863
0,0.336441,0.903368
0,0.98379,0.101763
0,0.423605,0.977999
0,-0.421266,0.909173
0,0.579284,0.640045
0,0.898451,0.600026
0,0.907786,0.343618
0,-0.154786,0.912872
0,-0.534925,0.792234
0,-0.550124,0.891619
0,-0.927828,0.129133
0,0.953833,-0.0616535
0,-0.379916,0.860455
0,-0.421137,1.03527
0,-0.357378,1.00816
0,-0.982162,0.133969
0,0.963533,0.0749146
0,-0.678876,0.850745
0,-0.7401,0.605529
0,-0.151978,0.940473
0,0.487013,0.896232
0,-0.798169,0.581226
0,0.989415,0.370617
0,0.167158,1.0272
0,-0.217384,0.941786
0,-0.591595,0.790717
0,0.979482,0.342487
0,0.785147,0.618682
0,0.186715,0.993975
0,-0.488019,0.965099
0,-0.948911,0.277156
0,-0.347458,0.930955
0,0.911186,0.402051
0,-0.972968,0.116438
0,-0.890171,0.452721
0,-0.0111958,1.09707
0,-0.936125,0.208917
0,-0.195269,1.00391
0,-1.04951,0.180214
0,-0.846233,0.472846
0,-1.05104,0.0973979
0,-0.964053,0.237001
0,0.970946,0.164241
0,0.87356,0.508482
0,0.489154,0.951586
0,-0.920799,0.116124
0,0.505935,0.761565
0,0.859517,0.453244
0,-0.856702,0.342435
0,0.1953,0.983064
0,-0.984424,0.287674
0,0.978801,0.436311
0,-0.438808,0.81305
0,0.15899,0.982657
0,0.990851,0.326972
0,-0.581765,0.764881
0,0.751864,0.679455
0,1.00659,0.117161
0,0.865713,0.217707
0,1.01665,0.246305
0,-0.850255,0.214117
0,-0.653291,0.753776
0,-0.974303,0.338627
0,-0.486029,0.783463
0,-0.0760189,0.940791
0,0.537316,0.710664
0,-1.02838,-0.00581251
0,0.452538,0.907788
0,-0.000458856,1.04748
0,0.36613,0.957035
0,-0.939976,0.14963
0,0.970874,0.517249
0,0.533139,0.792806
0,-0.473055,0.772647
0,0.872034,0.247093
0,-0.361897,0.990429
0,0.0946524,0.899735
0,0.464511,0.712666
0,0.733361,0.607598
0,-0.084743,0.911424
0,0.413307,0.920599
0,0.107289,1.07451
0,0.578546,0.906377
0,-1.10369,0.0262827
0,0.937838,0.369328
0,0.924886,0.35339
0,0.503042,0.960239
0,-0.30784,1.0419
0,-0.512733,0.96752
0,0.323552,0.896727
0,-1.09787,-0.0158201
0,0.43331,0.94515
0,-0.647458,0.741743
0,-0.354273,0.894545
0,-0.86701,0.588599
0,-1.0266,0.114148
0,-0.976476,0.32597
0,-0.729574,0.651582
0,-0.584132,0.861167
0,0.518735,0.898264
0,0.856158,0.49867
0,1.02088,0.255775
0,0.681284,0.678542
0,0.249155,0.940926
0,-0.0826157,1.11316
0,-0.639376,0.728411
0,-0.935296,0.0681015
0,0.963596,0.338738
0,0.880513,0.299327
0,-0.27113,0.927719
0,-0.729858,0.764778
0,-0.879707,0.473168
0,-0.973037,0.159685
0,-1.08088,0.0706784
0,0.279187,0.830217
0,0.343591,0.864631
0,0.93603,0.479143
0,-0.519037,0.796018
0,-0.428921,0.900341
0,-0.932158,0.392707
0,1.00725,0.272397
0,0.0252034,1.06201
0,-0.13742,1.06756
0,0.779661,0.59775
0,0.820954,0.473518
0,-0.805077,0.385011
0,1.00631,0.18891
0,0.0360585,1.01865
0,0.958412,0.280578
0,0.207868,0.865724
0,-1.03346,0.121227
0,0.1658,0.992429
0,-0.978726,0.428353
0,0.794022,0.309716
0,0.565781,0.728601
0,0.272749,0.914251
0,0.357453,0.897661
0,-0.474714,0.956278
0,0.477056,0.831891
0,-0.697175,0.74026
0,-0.381188,0.915247
0,0.36773,0.996459
0,0.221192,1.00552
0,-0.240772,1.02091
0,0.957723,0.277653
0,-0.813204,0.597611
0,-0.423244,0.827626
0,-0.74983,0.792018
0,-0.00157998,0.94674
0,0.929087,0.278003
0,0.364603,0.817516
0,0.157099,0.978639
0,0.528117,0.817302
0,0.977511,0.126172
0,-0.703062,0.669031
0,0.885468,0.391401
0,-0.359287,0.86163
0,-0.589802,0.833334
0,-0.331165,0.924754
0,-1.03136,0.156447
0,0.991434,0.31652
0,-0.91686,0.420908
0,0.991607,0.106582
0,-0.170789,0.924963
0,0.246144,0.993624
0,-0.0603749,1.05953
0,0.400027,0.842914
0,0.894751,0.56243
0,1.0752,0.095917
0,0.0743287,0.985188
0,-0.826433,0.527573
0,0.354548,0.911371
0,0.677043,0.551403
0,0.97576,0.297889
0,1.00258,0.285217
0,0.81949,0.605416
0,0.934691,0.35331
0,0.698907,0.727104
0,1.05773,0.128802
0,0.947715,0.187644
0,-0.850792,0.436478
0,0.797389,0.51842
0,-0.121148,1.02683
0,-0.720097,0.540671
0,0.0825226,1.01956
0,0.882859,0.494748
0,0.733782,0.583069
0,0.125598,0.860698
0,-0.070837,1.04662
0,0.470294,0.888227
0,-0.867189,0.694202
0,-0.712015,0.822407
0,-0.91743,0.106376
0,1.04117,0.00703964
0,-0.992356,0.306817
0,0.32549,0.967438
0,-0.989253,0.303832
0,-0.528084,0.824897
0,-0.988748,-0.0918864
0,-0.738052,0.632745
0,0.35758,0.96613
0,-0.0690803,0.934421
0,0.358787,0.952558
0,0.358726,0.985338
0,0.769464,0.678024
0,-0.00204555,0.953199
0,-0.641557,0.859567
0,0.687856,0.885872
0,-0.130361,1.07724
0,1.01332,0.372331
0,0.912671,0.533724
0,1.10765,0.175186
0,-0.999384,0.0398502
0,1.01825,0.0735773
0,0.861387,0.485259
0,-0.341853,0.930043
0,0.983388,0.153144
0,-0.898906,0.398304
0,-0.609813,0.771048
0,-1.10279,0.104234
0,0.0396574,0.948105
0,0.293885,0.0478047
0,1.17373,-0.01556
0,2.02965,0.731052
0,0.975158,-0.0969839
0,0.381262,0.21415
0,1.96573,0.600377
0,0.596094,0.0194277
0,0.111436,0.970535
0,0.280054,0.27538
0,0.47287,-0.0207827
0,1.94219,0.630005
0,0.823186,0.0457278
0,0.811382,-0.0172773
0,0.571774,0.0364579
0,2.00511,0.511004
0,1.93261,0.742543
0,2.0394,0.904073
0,0.531178,0.0110489
0,1.9473,0.887727
0,1.77317,0.346016
0,1.50001,0.124529
0,0.270617,0.273849
0,0.0668369,0.327026
0,0.157839,0.439728
0,2.01086,0.754024
0,0.475515,0.158349
0,0.738346,-0.176292
0,0.884909,-0.0520943
0,1.7574,0.324735
0,1.84512,0.435758
0,0.127239,0.566214
0,0.756977,-0.0260577
0,1.90485,0.506386
0,1.77236,0.365792
0,-0.0225187,0.603366
0,0.167016,0.51101
0,0.357051,0.164036
0,0.0330446,0.685822
0,0.681138,-0.0326116
0,0.0974071,0.488527
0,1.18891,0.108134
0,0.325644,0.266173
0,1.25411,-0.0451593
0,0.0623927,0.685286
0,2.02507,0.82198
0,2.04825,0.722161
0,0.76842,-0.0267742
0,0.215538,0.270957
0,0.352718,0.304256
0,0.957404,-0.107925
0,-0.022438,0.703592
0,1.37015,0.0340715
0,0.739233,-0.0291598
0,0.620894,-0.000517494
0,1.87102,0.332321
0,1.66076,0.275644
0,2.01809,0.775402
0,0.519262,0.128839
0,1.88105,0.576422
0,1.68018,0.2119
0,0.504225,0.0960417
0,1.43912,-0.0196621
0,0.395989,0.208156
0,1.92919,0.508279
0,-0.0264944,0.664723
0,0.244326,0.365685
0,0.0943576,0.42025
0,0.737778,0.0148909
0,1.65174,0.293119
0,0.992774,0.00929524
0,1.02616,0.0450892
0,-0.0205481,0.888319
0,0.815415,-0.0646167
0,0.0225057,0.732616
0,0.152369,0.360698
0,1.89401,0.774735
0,0.162337,0.219878
0,1.89958,0.545399
0,1.84894,0.418694
0,-0.0188141,0.41029
0,1.33243,0.0957817
0,0.112318,0.708661
0,1.62482,0.211983
0,1.35255,0.0175461
0,1.78637,0.354925
0,0.911673,-0.0477404
0,1.96578,0.718319
0,0.0203931,0.774943
0,0.362934,0.135888
0,1.59843,0.199131
0,0.797493,0.0593538
0,0.0961525,0.461162
0,-0.0274936,0.64191
0,1.90478,0.398159
0,0.980084,-0.114757
0,1.87907,0.580407
0,1.73036,0.181717
0,0.69297,-0.0695511
0,0.625172,0.102722
0,1.09115,-0.00699436
0,1.92746,0.574686
0,1.71892,0.213291
0,-0.0102855,0.987707
0,1.56097,0.0800653
0,2.02275,0.704655
0,1.55182,0.093949
0,0.156394,0.562384
0,0.924675,-0.0688362
0,0.187022,0.519886
0,0.484459,-0.0478464
0,2.05415,0.793711
0,2.02068,0.707916
0,0.325866,0.160807
0,0.525393,0.0239536
0,1.34334,-0.0764254
0,1.97336,0.822398
0,0.0644177,0.369844
0,0.335296,0.182351
0,2.00168,0.542613
0,0.94205,-0.0441843
0,2.01325,0.604076
0,0.225971,0.486036
0,1.16187,0.0528479
0,0.558465,0.186175
0,0.551294,0.124026
0,0.808129,-0.171841
0,0.711938,-0.0548771
0,0.54379,0.0395855
0,1.90449,0.590292
0,1.6576,0.192159
0,1.60706,0.150286
0,0.330469,0.13622
0,1.19034,0.0552449
0,1.78333,0.252253
0,1.78397,0.280247
0,0.591497,0.149977
0,1.82704,0.222066
0,1.66961,0.188168
0,0.130919,0.459469
0,1.87207,0.516402
0,0.825896,0.00859102
0,0.937596,-0.00925089
0,0.887832,-0.0496668
0,1.13679,-0.097642
0,1.40704,-0.00699145
0,0.891523,-0.0132065
0,1.92147,0.459255
0,1.46137,0.0796405
0,0.703577,-0.0788924
0,0.657117,-0.0343703
0,1.72572,0.414402
0,0.456306,0.0714813
0,0.195367,0.376195
0,-0.0389254,0.780946
0,1.84142,0.618032
0,1.96054,0.726641
0,-0.00886895,0.611469
0,0.521478,0.104011
0,0.166729,0.414897
0,0.140035,0.584532
0,1.90658,0.637061
0,-0.0411093,0.744424
0,1.98749,0.865959
0,0.057521,0.768352
0,1.94367,0.59845
0,1.1772,-0.0634733
0,0.574166,0.0860366
0,0.395821,0.00818207
0,1.72942,0.245994
0,0.567921,0.14179
0,1.43462,-0.0249897
0,1.03397,-0.126712
0,0.980791,-0.0392184
0,1.97138,0.769208
0,1.11638,-0.0468447
0,1.78293,0.427661
0,1.74641,0.224889
0,0.00045819,0.844263
0,1.68389,0.272425
0,0.228372,0.326148
0,1.86223,0.670066
0,0.0258303,0.792935
0,0.49954,-0.00462416
0,-0.0401032,0.649862
0,0.883323,-0.0477542
0,1.89474,0.403797
0,0.238977,0.135304
0,0.0814681,0.479313
0,0.545665,-0.00588058
0,1.84851,0.492258
0,0.0581306,0.551469
0,0.302413,0.30754
0,-0.017803,0.692807
0,1.64683,0.187186
0,0.629588,-0.0669108
0,0.363253,0.221138
0,1.63002,0.318357
0,0.540544,0.106222
0,1.67442,0.255226
0,1.77819,0.531102
0,0.218809,0.276047
0,2.01477,0.933382
0,0.0668327,0.49578
0,0.346196,0.127852
0,0.125959,0.460529
0,0.46693,0.0770491
0,0.916795,-0.0988713
0,0.9968,-0.119747
0,1.79806,0.559902
0,1.92579,0.61915
0,0.300386,0.239118
0,1.32007,0.0388918
0,-0.0487231,0.572121
0,0.815963,-0.0219325
0,0.444828,0.222256
0,0.511197,0.0604191
0,0.922075,-0.0693587
0,1.8593,0.108919
0,0.0357387,0.609297
0,1.9284,0.694055
0,1.64807,0.276249
0,0.145864,0.398141
0,1.96669,0.724816
0,0.982266,-0.129615
0,2.09041,0.925814
0,0.203579,0.31661
0,1.17647,-0.0604059
0,0.382247,0.049629
0,0.446631,0.242036
0,1.23006,-0.0368483
0,1.90161,0.714294
0,1.82247,0.417978
0,1.68,0.138687
0,1.19833,-0.0524684
0,1.90489,0.700699
0,1.2041,0.0891982
0,1.93086,0.668261
0,1.86432,0.448577
0,0.100313,0.270011
0,1.70564,0.298032
0,0.00157001,0.877036
0,0.436371,0.0909732
0,0.166106,0.25295
0,0.998682,-0.124705
0,1.65749,0.164211
0,0.120836,0.633306
0,1.03549,-0.0232197
0,2.01476,0.653546
0,0.224477,0.237342
0,1.51951,0.0687138
0,1.29709,-0.0665575
0,-0.0335663,0.88292
0,0.989084,-0.0250374
0,1.63198,0.140304
0,-0.0135551,0.845946
0,1.97587,0.581387
0,1.13154,0.0284387
0,-0.0952463,0.879647
0,0.235843,0.325251
0,2.05639,0.749749
0,1.15853,0.0496264
0,-0.00344979,0.57757
0,0.393293,0.12343
0,0.768867,-0.0387122
0,-0.0447239,0.920103
0,0.695522,-0.053004
0,0.954289,0.0136775
0,0.333464,0.191482
0,1.44287,-0.0310244
0,1.64512,0.303421
0,0.240435,0.404275
0,1.42043,0.0088796
0,1.51922,0.0956152
0,1.91323,0.842342
0,1.73606,0.303413
0,1.8965,0.438638
0,0.889907,-0.0274801
0,0.0815004,0.24555
0,1.94975,0.956719
0,0.0652506,0.630738
0,0.921476,-0.091961
0,-0.00358109,0.651515
0,2.04963,0.69165
0,1.93871,0.830414
0,1.63609,0.0881057
0,0.491657,0.0749061
0,0.370479,0.254166
0,0.326144,0.115983
0,0.0418619,0.591958
0,1.14585,0.00664784
0,0.105903,0.591338
0,0.628417,0.0755882
0,1.34184,0.119294
0,1.66963,0.201546
0,0.0264485,0.83455
0,0.720125,-0.072625
0,1.53468,-0.0241549
0,1.92551,0.471658
0,0.901356,-0.00241981
0,2.04596,0.873987
0,0.216071,0.303291
0,0.0795122,0.91306
0,0.949596,0.0593893
0,0.363438,0.227685
0,1.83299,0.412459
0,0.326312,0.344579
0,0.342747,0.149688
0,1.84436,0.249757
0,1.62542,0.0632284
0,1.18913,-0.15841
0,1.55939,0.113553
0,0.704634,0.0695824
0,0.0322698,0.909345
0,-0.0553484,0.900008
0,0.9735,0.00900617
0,0.153846,0.754501
0,0.0327473,0.780292
0,1.96983,0.946596
0,1.86893,0.615054
0,0.0440105,0.47257
0,-0.102841,0.957467
0,1.90743,0.867671
0,0.383267,0.215095
0,0.182705,0.33307
0,1.57344,0.235817
0,0.0584715,0.553484
0,0.215033,0.168311
0,1.89121,0.921668
0,1.47112,-0.00808528
0,1.10175,-0.082478
0,0.682034,0.0233018
0,1.73275,0.324453
0,-0.0046859,0.528549
0,1.99264,0.724785
0,1.79774,0.415844
0,1.38613,0.0249766
0,0.0255084,0.736031
0,1.6583,0.201536
0,1.9171,0.751496
0,1.06208,-0.153593
0,0.459913,0.0970699
0,0.0643017,0.633939
0,1.71261,0.269924
0,2.06288,0.6804
0,0.0232185,0.662729
0,1.75645,0.308814
0,0.00569651,0.866817
0,1.99443,0.817867
0,1.45465,0.089064
0,1.15178,-0.0107631
0,0.392041,0.220122
0,2.03836,0.763802
0,0.38137,0.248091
0,1.92821,0.467823
0,2.00802,0.868601
0,1.68297,0.319163
0,1.01516,-0.0446204
0,0.0898965,0.754279
0,0.888544,-0.0974347
0,0.721431,0.0487225
0,0.0895758,0.299044
0,0.62345,-0.040293
0,0.547321,0.0239368
0,0.12554,0.40886
0,0.762042,0.0759826
0,0.301848,0.269498
0,1.01905,0.0491648
0,0.0969453,0.853627
0,1.89095,0.66488
0,1.84099,0.418942
0,1.10575,-0.127767
0,1.90331,0.500462
0,1.99315,0.893743
0,-0.0288333,0.67036
0,1.35495,0.00957301
0,1.95043,0.949075
0,1.88493,0.877877
0,1.28798,0.078057
0,0.0888357,0.600297
0,1.25875,-0.078974
0,0.0544533,0.892787
0,0.157403,0.375911
0,2.04725,0.80051
0,0.582782,0.0542655
0,1.46113,0.0432481
0,0.457459,0.190633
0,1.87396,0.852111
0,1.65302,0.163719
0,0.563393,0.0699378
0,1.82953,0.295372
0,0.00701485,0.725325
0,0.620904,-0.0284098
0,0.129432,0.407431
0,1.56955,0.126269
0,0.109855,0.553923
0,0.649648,-0.00361397
0,0.261593,0.264924
0,1.01882,-0.0691988
0,0.559897,0.0139845
0,1.60666,0.358636
0,0.0392602,0.972964
0,1.38731,-0.00780252
0,0.269659,0.206841
0,0.197234,0.246473
0,1.84797,0.412896
0,1.99196,0.929569
0,0.449814,0.0782909
0,1.6752,0.429516
0,0.102805,0.629495
0,1.47605,0.174978
0,1.699,0.319065
0,0.022525,0.541236
0,0.773427,-0.0363837
0,1.93392,0.609898
0,0.0339493,0.642231
0,-0.00884192,0.823832
0,1.30578,-0.0462511
0,0.861727,-0.0315897
0,1.81421,0.235934
0,1.89582,0.768216
0,0.366037,0.110602
0,0.639873,0.0926539
0,0.979334,0.0295457
0,1.25734,0.000892891
0,1.92652,0.969979
0,1.5875,0.138729
0,0.680227,0.0964082
0,0.311259,0.312762
0,1.93382,0.802244
0,0.20986,0.507527
0,1.65278,0.23267
0,1.96438,0.62774
0,1.43119,0.115704
0,0.814107,0.0261484
0,0.25791,0.369101
0,0.608079,-0.0557079
0,1.62415,0.190621
0,1.41769,0.0969702
0,1.86556,0.770722
0,1.93181,0.670457
0,1.92257,0.494421
0,2.0106,0.714186
0,0.282854,0.166767
0,0.711083,-0.054529
0,0.604549,-0.0648078
0,1.27583,-0.0659679
0,1.59689,0.0615963
0,0.348727,0.242921
0,0.0581986,0.725918
0,0.715729,0.0357112
0,0.446686,0.0860682
0,1.98525,0.745481
0,1.9517,0.593995
0,1.86793,0.53493
0,1.51051,0.0806518
0,0.496879,0.0874568
0,1.21705,0.0574768
0,1.90865,0.433811
0,-0.012944,0.563205
0,1.79885,0.280399
0,-0.0387304,0.810783
0,1.8092,0.385039
0,1.74307,0.395491
0,0.0726021,0.757552
0,1.43249,0.188503
0,1.0022,-0.0108977
0,0.150776,0.499624
0,0.003574,0.437136
0,1.76545,0.349621
0,1.2189,-0.127347
0,1.94916,0.848933
0,2.02178,0.848536
0,1.95889,0.99205
0,0.14875,0.561126
0,2.00674,0.644351
0,0.292833,0.326458
0,0.900704,-0.0353315
0,1.70005,0.220729
0,0.186977,0.259964
0,1.30345,0.00547373
0,0.159458,0.361646
0,0.049426,0.674735
0,0.126985,0.537728
0,0.509109,0.17305
0,0.0683025,0.977888
0,0.75779,0.0331785
0,1.41687,0.172028
0,0.693885,0.0447697
0,0.0748774,0.675826
0,0.00880866,0.827623
0,0.419618,0.0769381
0,0.0366165,0.386045
0,1.94038,0.773451
0,0.127081,0.464747
0,1.89135,0.463357
0,1.26551,0.0873744
0,1.21741,-0.0524904
0,1.04183,0.00741172
0,1.8992,0.848891
0,0.603025,0.0618813
0,1.76402,0.361259
0,1.19037,-0.0704645
0,0.808863,0.0296447
0,1.97036,0.776245
0,1.36575,0.00344552
0,0.221863,0.558886
0,0.669273,-0.0182936
0,1.78418,0.189306
0,1.55323,0.107488
0,1.94353,0.652377
0,0.233437,0.267854
0,1.69004,0.199905
0,0.828682,-0.0704049
0,1.23572,0.0167201
0,1.93285,0.780486
0,1.91715,0.681434
0,1.91629,0.619949
0,0.602981,0.0159607
0,1.9442,0.533986
0,1.41448,0.0176586
0,0.730684,-0.00157542
0,0.16229,0.937874
0,1.74605,0.342037
0,1.05838,-0.0888304
0,1.82139,0.241216
0,1.65438,0.25284
0,1.77209,0.451375
0,0.452753,0.11686
0,1.78225,0.375465
0,1.08952,-0.00251211
0,0.833782,-0.00911037
0,1.51296,0.122443
0,-0.0585048,0.897649
0,0.195959,0.606636
0,0.411556,0.246005
0,2.04427,0.9225
0,0.0340118,0.448288
0,0.495778,0.0605117
0,0.0116911,0.802638
0,0.453808,0.116882
0,0.576552,0.0445628
0,1.9579,0.78069
0,1.95242,0.411315
0,0.576055,-0.112758
0,-0.0233957,0.913073
0,1.9263,0.465179
0,1.44717,0.116894
0,0.124649,0.374161
0,1.92624,1.02837
0,0.0685027,0.557798
0,1.96331,0.608235
0,0.371636,0.191163
0,0.573894,0.0289672
0,1.87105,0.283245
0,1.54613,0.0812164
0,1.97486,0.73054
0,1.29152,0.134972
0,0.0282214,0.653818
0,1.87417,0.532434
0,1.77311,0.318284
0,1.67022,0.229687
0,0.00160197,0.755339
0,0.724528,-0.035569
0,0.187491,0.470379
0,1.91682,0.459456
0,1.52586,0.0900222
0,1.97724,0.705305
0,1.91512,0.846578
0,1.77679,0.208403
0,2.02852,0.926296
0,1.22701,0.111604
0,-0.044997,0.756668
0,0.0262106,0.938692
0,0.568233,0.0473681
0,1.84947,0.379565
0,1.83425,0.606485
0,1.98627,0.816261
0,-0.0991014,0.736137
0,-0.0407623,0.799956
0,1.94997,0.654142
0,0.481445,0.158589
0,1.2488,-0.112942
0,1.95954,0.89246
0,0.667925,-0.00624648
0,1.42691,0.0397574
0,0.595119,-0.0553083
0,1.788,0.271592
0,1.1773,-0.081944
0,0.272871,0.198351
0,0.497812,0.186464
0,0.360799,0.250022
0,1.06633,-0.124704
0,1.60523,0.113505
0,1.978,0.83041
0,1.57735,0.152832
0,1.7819,0.227433
0,0.221309,0.514417
0,0.546428,0.0575695
0,0.692711,-0.0583541
0,1.55235,0.221441
0,0.4653,0.184949
0,0.351576,0.288215
0,0.614995,-0.0901832
0,1.85158,0.35938
0,1.26595,0.00360022
0,-0.0272773,0.825261
0,0.0420483,0.763132
0,0.687651,-0.0136423
0,1.68828,0.348007
0,1.64223,0.0379805
0,1.72856,0.141846
0,1.78579,0.316002
0,0.321769,0.113516
0,1.02601,-0.107599
0,1.04683,-0.0383282
0,1.76587,0.218613
0,2.01117,0.861599
0,0.398506,0.160377
0,1.70863,0.319483
0,1.48545,0.02135
0,1.27113,-0.0359598
0,1.79747,0.25207
0,1.92926,0.881521
0,0.00836155,0.868163
0,0.0394098,0.480666
0,1.76186,0.350934
0,-0.00902151,0.641616
0,1.04927,-0.140181
0,0.2274,0.309029
0,0.392356,0.275909
0,1.62664,0.188888
0,0.00763195,0.833704
0,1.80209,0.509271
0,0.839495,-0.133562
0,1.02209,-0.0740218
0,1.06419,-0.0702973
0,1.4852,0.105856
0,0.415451,0.0574762
0,0.104857,0.622202
0,0.466409,0.0186872
0,0.1075,0.555718
0,1.12815,-0.120929
0,0.467923,0.156325
0,2.06296,0.787581
0,2.00756,0.87522
0,1.40744,-0.012463
0,1.46357,-0.0238799
0,2.04142,0.902767
0,1.90272,0.564673
0,1.7046,0.250338
0,0.386149,0.158476
0,0.547819,0.000999918
0,0.22265,0.352522
0,0.874321,-0.105346
0,1.98775,0.885247
0,2.00719,0.63164
0,0.0102995,0.526069
0,0.0275292,0.899953
0,1.84938,0.67424
0,1.16817,-0.14465
0,0.149908,0.447466
0,1.57925,0.0966444
0,1.46782,0.177623
0,0.102823,0.502543
0,0.396434,0.169635
0,0.0773928,0.801754
0,0.262947,0.429895
0,-0.0028087,0.54204
0,0.29544,0.43812
0,1.56088,0.0536089
0,0.0184703,0.740405
0,-0.0373419,0.670036
0,0.0914498,0.494442
0,0.478727,0.0813109
0,0.515817,0.141463
0,0.398856,0.182966
0,1.7451,0.354708
0,2.01625,1.01198
0,1.00224,-0.0018801
0,1.9865,0.821504
0,0.732932,-0.133087
0,0.0290238,0.580885
0,0.726442,-0.125644
0,0.336986,0.208308
0,0.989902,-0.115066
0,1.4584,0.135153
0,0.767567,-0.0552085
0,1.96555,0.758925
0,1.96541,0.710455
0,1.62603,0.109401
0,1.04308,-0.100995
0,0.110535,0.642281
0,0.746713,0.0505498
0,1.46502,0.143128
0,0.339234,0.249287
0,0.103329,0.644758
0,2.0061,0.625698
0,1.64861,0.163721
0,1.25329,0.0355061
0,1.83737,0.41492
0,1.90128,0.516708
0,0.844119,-0.0710548
0,1.92259,0.565564
0,1.96038,0.655786
0,0.386521,0.137203
0,1.33898,0.0109242
0,1.09206,-0.103378
0,1.20288,-0.0564703
0,1.89455,0.80349
0,0.42528,0.125693
0,1.99289,0.921706
0,1.94991,0.600948
0,0.785536,-0.0233967
0,1.74892,0.474618
0,1.6909,0.235468
0,1.47132,0.0203624
0,0.417377,0.0889343
0,0.0448236,0.224558
0,1.47021,0.144715
0,1.80274,0.471872
0,0.0871367,0.819558
0,1.40743,0.00436871
0,0.87501,-0.00610613
0,1.98624,0.78506
0,0.565854,0.097259
0,0.906869,-0.133643
0,0.943526,-0.0519026
0,0.017798,0.560493
0,1.57256,0.13047
0,1.76834,0.568856
0,0.062033,0.726479
0,0.399615,0.236564
0,-0.0485354,0.945159
0,1.92877,0.803261
0,1.40234,-0.0675462
0,2.05429,0.842911
0,0.994749,-0.143545
0,1.88154,0.358449
0,0.701503,0.0650218
0,0.552738,0.0555506
0,0.593517,0.0281077
0,1.4722,0.120729
0,0.562862,0.0953191
0,2.00665,0.652927
0,1.91984,0.887852
0,-0.109799,0.78216
0,0.223196,0.408232
0,0.0613446,0.586474
0,-0.0355206,0.786533
0,0.30313,0.322629
1,-0.488876,0.933641
1,1.05787,0.521205
1,-0.986674,0.131092
1,0.186711,1.0131
1,-0.981744,0.391139
1,0.810808,0.582703
1,1.02669,0.226393
1,0.358792,0.970182
1,0.661699,0.617109
1,-0.980566,0.491966
1,0.835079,0.517952
1,-0.705022,0.747673
1,0.267041,0.969309
1,0.800421,0.578647
1,-0.705576,0.750794
1,1.0288,0.230793
1,-0.918959,0.282536
1,-0.89245,0.133359
1,-1.02976,0.198518
1,0.196672,0.998813
1,1.06596,0.140357
1,-0.886902,0.0602656
1,0.492837,0.902923
1,-0.64487,0.832724
1,0.382945,0.976635
1,0.881113,0.1027
1,-0.865356,0.428871
1,-0.556561,1.00634
1,-0.770525,0.679051
1,-0.148548,1.08715
1,-0.878292,0.347852
1,-0.884048,0.282203
1,1.02744,0.0403148
1,0.949788,0.277606
1,0.668928,0.685536
1,0.900836,0.314389
1,-0.534754,0.799771
1,0.241522,0.926013
1,-0.905668,0.381694
1,0.930807,0.498503
1,0.172684,0.943936
1,0.923469,-0.0310854
1,-0.430542,0.778686
1,0.042449,0.994771
1,0.829112,0.369668
1,-0.965703,0.393864
1,-0.92637,0.354405
1,0.998601,0.195896
1,0.971421,0.171698
1,0.264045,1.10453
1,-0.334419,0.878
1,0.644456,0.844976
1,-0.621257,0.845112
1,0.744429,0.524131
1,0.0170508,0.966638
1,-0.149622,0.998751
1,0.132924,0.978216
1,0.915593,0.492585
1,0.8314,0.730657
1,0.89329,0.38607
1,0.566096,0.88294
1,0.618255,0.741629
1,-0.123581,0.979367
1,-0.213229,0.906368
1,0.140504,0.83347
1,0.607624,0.907355
1,-0.216077,1.08397
1,-0.888393,0.43139
1,-0.818033,0.388038
1,0.96849,0.292446
1,0.511349,0.839049
1,0.247857,0.880976
1,-0.542916,0.892034
1,-0.596954,0.852517
1,0.185552,1.01251
1,0.124949,0.92524
1,-0.847232,0.553015
1,-0.170202,1.07852
1,-0.965402,0.104237
1,0.966454,0.179952
1,0.397057,0.889303
1,-1.03317,0.0937873
1,-0.592301,0.860924
1,-0.894649,0.343305
1,0.713946,0.744022
1,-0.657734,0.79185
1,0.774884,0.647031
1,-0.235515,0.948478
1,0.80875,0.684307
1,0.0883743,1.07577
1,-0.894759,0.437683
1,0.543814,0.827423
1,-0.314709,0.85283
1,0.124089,0.976133
1,-0.919467,0.249516
1,-0.468714,0.734908
1,-0.440694,0.747417
1,0.421176,0.935314
1,-0.20004,1.04948
1,1.03255,0.0710539
1,0.931694,0.377171
1,-0.959651,0.136738
1,1.04367,0.203562
1,-0.973077,0.189214
1,-0.62412,0.760432
1,-0.381935,0.980654
1,-0.728121,0.795698
1,1.02688,0.483444
1,-0.74203,0.546413
1,-0.762807,0.776019
1,-0.209728,0.970805
1,0.113992,0.962426
1,0.0804365,0.966453
1,0.0675842,0.986379
1,-0.929684,0.558721
1,0.674793,0.809062
1,0.995466,0.218041
1,-0.97802,0.141719
1,0.121474,0.956806
1,-0.699033,0.66363
1,-0.508204,0.853344
1,-0.140436,1.00165
1,0.928056,0.407657
1,0.678888,0.746038
1,0.126537,0.933345
1,-0.197244,0.938484
1,-0.938672,0.621204
1,0.589682,0.707462
1,0.321945,0.919912
1,-0.875887,0.331811
1,-0.946347,0.558429
1,0.960449,0.396247
1,0.939613,0.473946
1,-0.404436,0.86689
1,-0.350488,0.921464
1,-0.988018,0.0315983
1,-0.63495,0.686342
1,-0.768965,0.589863
1,0.774559,0.645955
1,-0.107815,1.08441
1,-0.284676,0.899871
1,1.06948,-0.0339603
1,-0.0321992,1.03971
1,0.10434,1.06197
1,0.48322,0.710001
1,0.609052,0.742644
1,-1.05207,0.344585
1,1.08305,0.193926
1,0.446762,0.82632
1,0.500887,0.833294
1,-1.0367,0.108566
1,0.862655,0.0801786
1,0.19161,0.8913
1,0.572043,0.924594
1,-0.63586,0.807612
1,-0.568918,0.921232
1,-0.563083,0.768414
1,-1.01674,0.217951
1,-0.928753,0.227451
1,0.986712,0.195039
1,0.984713,0.353014
1,1.00643,0.101074
1,-1.06988,0.277382
1,-1.07883,0.0683787
1,0.435714,0.972561
1,1.00898,0.187915
1,0.945619,0.43768
1,-0.94281,0.245733
1,0.127277,0.889558
1,0.715233,0.635264
1,-0.426711,0.89671
1,-0.823449,0.670375
1,0.178505,0.946892
1,0.928222,0.0426436
1,0.389052,0.808167
1,-0.924831,0.401303
1,0.896151,0.321604
1,0.910064,0.422265
1,-0.615206,0.780076
1,0.971871,0.523619
1,0.979645,0.432502
1,0.789742,0.573677
1,0.746138,0.836781
1,0.586859,0.724109
1,-0.758056,0.539658
1,0.799079,0.6247
1,0.954355,0.280562
1,0.928139,0.445636
1,0.337655,0.95337
1,0.644341,0.672963
1,-0.878655,0.450885
1,-0.455181,0.963121
1,0.616167,0.815695
1,-1.01241,0.0239443
1,0.275325,1.01976
1,-0.760691,0.320732
1,0.69245,0.774757
1,0.605465,0.915208
1,-0.977104,0.179684
1,1.11933,0.324426
1,-0.953385,0.460852
1,-1.03822,0.140036
1,0.504337,0.857101
1,-0.936223,0.274684
1,-0.895851,0.346605
1,-0.953151,-0.122883
1,0.912026,0.289033
1,-0.34666,0.993074
1,-0.71553,0.67633
1,-0.622397,0.807968
1,-0.840427,0.458376
1,1.04439,0.0977211
1,-0.943503,0.128608
1,0.882185,0.524985
1,0.975681,0.126167
1,-1.14262,0.131138
1,0.818791,0.613914
1,-0.7556,0.495617
1,1.02183,0.0514602
1,0.960677,0.103574
1,0.86362,0.263458
1,-0.500381,0.903987
1,0.698549,0.568645
1,0.254188,0.996359
1,-0.976109,0.210377
1,0.79317,0.681676
1,0.790162,0.629395
1,-0.0103903,1.03205
1,0.787872,0.77459
1,0.0428624,1.03643
1,0.0684208,1.10313
1,0.552695,0.91826
1,0.96308,0.0177968
1,-0.658208,0.711936
1,-0.882544,0.156565
1,0.491103,0.942503
1,0.0869431,0.961622
1,0.994419,0.133409
1,-0.728679,0.625473
1,0.705974,0.665811
1,0.885531,0.360972
1,0.912048,0.409584
1,0.657351,0.6215
1,-0.698105,0.736114
1,0.171329,0.916353
1,-0.615914,0.781102
1,1.03483,0.447582
1,0.710392,0.667118
1,-0.805612,0.448674
1,1.09137,0.0205015
1,0.686838,0.774976
1,-0.933172,0.387713
1,-0.474785,0.845108
1,0.718233,0.827093
1,-0.827807,0.421552
1,0.92192,0.453702
1,-0.188369,1.0117
1,-0.301731,1.00247
1,-0.943477,0.117407
1,-0.46972,0.938846
1,0.451337,0.907733
1,0.0248148,1.00108
1,0.779983,0.614109
1,-1.04054,0.121089
1,0.310512,0.912803
1,0.949547,0.193468
1,-0.953087,0.12481
1,-1.01887,0.391063
1,-0.159625,0.893024
1,1.07168,0.153003
1,-0.902972,0.501397
1,-1.02811,0.35852
1,-0.428833,0.905437
1,0.639343,0.814544
1,-0.95815,0.208107
1,0.962215,0.090521
1,0.603152,0.958081
1,0.495961,0.916621
1,-0.858408,0.391299
1,0.976633,-6.13605e-05
1,-0.374656,0.81782
1,-0.175207,1.05282
1,0.55775,0.808863
1,0.966313,0.278383
1,0.864889,0.455947
1,-0.559828,0.906776
1,0.989747,-0.00778592
1,0.954734,0.212715
1,0.0812906,1.03216
1,0.0313014,0.908401
1,1.06831,0.132767
1,-0.060103,1.00448
1,0.976853,0.39458
1,0.943701,0.316028
1,-0.5816,0.926312
1,0.461848,0.892322
1,-0.84617,0.651646
1,-0.877705,-0.0830718
1,-0.61737,0.792113
1,-1.01717,0.157012
1,0.347682,0.832243
1,0.189258,0.971523
1,0.247104,1.08129
1,-0.065852,0.956198
1,-0.666723,0.743286
1,0.766838,0.739256
1,0.245863,0.942341
1,-0.724615,0.763632
1,-0.122136,0.94887
1,-0.506311,0.879723
1,0.146065,1.06353
1,-0.618048,0.674291
1,-1.0745,0.00570501
1,0.879438,0.317534
1,-0.854241,0.556852
1,0.0322188,1.03852
1,0.646818,0.710593
1,-0.90554,0.154765
1,0.856324,0.402075
1,0.307682,0.887259
1,-0.525524,0.945438
1,0.786057,0.587697
1,0.528564,0.805976
1,0.184037,1.01543
1,-0.95862,0.24103
1,0.49164,0.887269
1,-0.80855,0.450368
1,0.657859,0.633496
1,-0.600253,0.873629
1,-0.964415,0.352746
1,0.878964,0.289466
1,-0.601242,0.813872
1,0.310228,0.87997
1,-0.191927,0.881301
1,-0.47263,0.856279
1,0.446377,0.901923
1,0.128279,0.939298
1,0.902928,0.590542
1,1.06042,0.27052
1,0.862285,0.298273
1,1.01906,0.0409163
1,-0.0279552,1.05447
1,-0.942165,0.265256
1,0.840999,0.420541
1,-0.00413818,1.04962
1,0.986944,0.195207
1,-0.414276,0.966545
1,0.735052,0.762788
1,0.9553,0.459006
1,0.752161,0.779068
1,0.347951,0.960593
1,-0.810107,0.563351
1,-0.759977,0.6401
1,1.00234,0.246013
1,-0.600197,0.730573
1,-0.131462,0.961479
1,0.729414,0.594643
1,-1.00501,0.108241
1,-0.991714,0.158606
1,1.04285,0.368996
1,-0.800607,0.664948
1,1.061,0.285986
1,0.40856,0.832504
1,-0.939843,0.0440878
1,0.0234773,0.926215
1,0.409173,0.874713
1,0.596362,0.844308
1,-0.999252,0.356418
1,-0.759467,0.473488
1,-0.840129,0.522245
1,-0.46161,0.944259
1,0.646186,0.744927
1,0.955695,0.60108
1,0.111704,1.10539
1,0.190978,0.95892
1,0.904168,0.429083
1,0.88238,0.607915
1,1.02566,0.0391856
1,-0.386521,0.945659
1,0.217446,0.881262
1,-0.930335,0.101614
1,0.825946,0.651359
1,0.269849,0.944336
1,0.237843,0.959796
1,-0.91483,0.0519094
1,0.927793,0.366482
1,0.314106,1.01638
1,-0.283853,0.982906
1,-0.340281,0.90822
1,-0.809905,0.627717
1,0.913005,0.331277
1,0.93092,0.22317
1,0.924626,0.24242
1,0.278976,0.945324
1,-0.940038,0.272848
1,0.0531532,1.07071
1,-0.113812,0.940517
1,-0.963885,0.379001
1,0.847244,0.423289
1,0.450169,0.865713
1,0.799971,0.56741
1,0.305529,1.01107
1,0.975226,0.171516
1,1.10333,0.308427
1,0.916892,0.0523969
1,-0.612814,0.7845
1,-0.198659,1.13199
1,0.85423,0.526786
1,0.98013,0.0395268
1,-1.02772,0.0848719
1,-0.141904,0.993998
1,0.870746,0.3665
1,-0.953041,0.273631
1,-0.969985,0.106319
1,-0.817956,0.479184
1,-0.62339,0.930078
1,0.234707,0.986863
1,-0.471943,0.872851
1,0.54311,0.661572
1,-0.205799,0.902828
1,-0.613789,0.85766
1,-1.00245,0.31121
1,0.290086,0.963734
1,-0.776918,0.48994
1,0.832972,0.513601
1,-0.543953,0.757933
1,-0.789477,0.587581
1,0.100622,0.982283
1,-0.561883,0.746498
1,-1.05844,0.227382
1,0.344572,0.773722
1,0.0961925,0.953858
1,0.958465,0.171619
1,-0.0679939,0.976152
1,0.679014,0.691715
1,-0.599468,0.654165
1,0.95158,0.186064
1,-0.59335,0.769709
1,-1.08935,0.299235
1,0.482932,0.737772
1,-0.570979,0.701944
1,-0.854411,0.504379
1,-0.873439,0.446947
1,0.558178,0.8892
1,0.830253,0.655568
1,-0.931023,0.264949
1,-0.671256,0.733051
1,0.937268,0.420819
1,0.794407,0.573181
1,0.0216476,0.932529
1,-0.188557,1.06824
1,-0.317136,0.820766
1,0.326133,0.909337
1,0.387355,0.849121
1,0.434229,0.941975
1,-0.088512,0.942222
1,0.726168,0.549417
1,-0.969058,-0.042779
1,-0.99021,0.321714
1,-0.925782,0.39723
1,-0.309506,0.967376
1,-0.753536,0.563417
1,0.92267,0.379279
1,-0.815588,0.509916
1,0.609076,0.807714
1,-0.974862,0.266917
1,0.581697,0.770428
1,0.872217,0.118788
1,-0.846861,0.258941
1,-0.591101,0.731298
1,0.843632,0.663638
1,0.804925,0.631281
1,-0.955714,0.119851
1,-0.933414,0.245025
1,-0.0396988,1.08654
1,1.04928,0.074432
1,-0.872785,0.326684
1,-0.154933,0.952855
1,-0.828175,0.577258
1,-0.38286,1.00296
1,0.966365,0.17673
1,-0.823097,0.541353
1,-0.94991,0.273478
1,1.1259,0.101011
1,0.68814,0.782349
1,0.495348,0.771648
1,-0.160704,1.02933
1,0.755351,0.744785
1,1.01514,0.184511
1,-0.351113,0.946239
1,-0.810156,0.406239
1,-0.86216,0.523574
1,0.691605,0.679454
1,0.896381,0.260622
1,-0.528794,0.949029
1,0.698601,0.810042
1,-0.826065,0.588561
1,-0.953123,0.373789
1,-0.697561,0.724271
1,0.451141,0.891722
1,0.889529,0.407562
1,-0.00349958,0.992853
1,-0.916439,0.420267
1,-0.356409,0.845222
1,0.760024,0.467657
1,0.608199,0.681242
1,-1.13718,0.316004
1,-0.713125,0.762405
1,-0.0534239,1.05751
1,-0.952878,0.182409
1,0.868814,0.564629
1,0.863859,0.340141
1,-0.980256,0.364612
1,-0.0401309,0.996871
1,-0.392779,0.878691
1,0.114769,1.00016
1,-0.17234,0.97248
1,-0.474386,0.797104
1,0.440649,0.881848
1,-0.917345,0.520494
1,0.881564,0.263805
1,-0.89059,0.166626
1,0.972109,0.404382
1,0.846442,0.595415
1,1.03862,0.0313465
1,0.101764,0.967743
1,-0.379168,0.832269
1,0.418684,0.937742
1,0.711856,0.720751
1,-0.394174,0.966741
1,0.841634,0.436409
1,0.227352,1.03255
1,-0.956119,0.45782
1,-0.811774,0.560677
1,-0.555539,0.804331
1,-0.759015,0.633152
1,0.931201,0.123913
1,0.253772,1.1003
1,-0.628126,0.802852
1,-0.0122002,0.944215
1,0.188085,1.04304
1,-0.99818,0.314779
1,1.0123,0.270011
1,0.572613,0.862178
1,-0.960174,0.530284
1,0.170417,0.967303
1,0.0267176,1.06443
1,0.604306,0.679304
1,-0.287931,0.938145
1,-0.694676,0.644651
1,1.08496,0.165832
1,-1.01542,0.130808
1,-0.977288,0.123373
1,-0.81709,0.390205
1,0.674721,0.812238
1,0.923331,0.368372
1,-0.880762,-0.0563695
1,0.891653,0.38429
1,-0.785813,0.833563
1,0.00213622,0.9714
1,-0.112164,0.928837
1,-0.822729,0.853919
1,0.862736,0.489855
1,1.10924,0.341895
1,0.898162,0.35996
1,-0.308005,0.912379
1,0.485104,0.943729
1,-0.327349,0.954616
1,-0.143995,1.09401
1,-0.1689,1.02483
1,-0.698074,0.591581
1,-0.166501,0.970954
1,0.964692,0.31612
1,-0.361418,0.919001
1,-0.915047,0.142409
1,-0.834319,0.641158
1,-0.0561227,0.948993
1,-0.921405,0.0795944
1,0.897233,0.432872
1,0.874384,0.558658
1,-0.536634,0.774793
1,-0.83389,0.611448
1,0.933827,0.536018
1,-0.421808,0.74477
1,-0.978768,0.372273
1,-0.232376,0.809316
1,-0.94767,0.140877
1,0.660945,0.828648
1,-0.163361,0.989042
1,-0.546755,0.942542
1,0.713824,0.756364
1,0.781165,0.720214
1,-0.472923,0.92609
1,0.721094,0.858274
1,0.804564,0.446253
1,-0.748507,0.72809
1,0.288767,0.954373
1,-0.659149,0.724308
1,-0.231234,0.902196
1,-0.409009,0.939566
1,0.384439,0.858637
1,-0.927902,0.264469
1,-0.521867,0.832206
1,0.615414,0.775079
1,0.851931,0.13484
1,0.468331,0.895524
1,0.156754,0.970003
1,0.983708,0.217102
1,-0.827375,0.62106
1,0.188564,1.05312
1,-0.926666,0.317475
1,-0.0409332,1.03041
1,-0.976206,0.465817
1,-0.254711,0.982301
1,-0.101335,0.978994
1,0.746305,0.61517
1,0.948122,0.140141
1,0.803955,0.522791
1,0.831712,0.485852
1,0.41985,0.914513
1,1.04818,0.234732
1,-0.781325,0.658542
1,0.356839,1.04586
1,-0.888744,0.455054
1,-0.953993,0.0231049
1,-1.0673,0.0117858
1,-0.985569,-0.0978469
1,0.841033,0.349864
1,0.847287,0.402989
1,1.05159,0.028276
1,-0.935171,0.400711
1,0.812823,0.759398
1,-0.273937,0.914939
1,0.664228,0.706975
1,0.88858,0.235181
1,0.909226,0.269025
1,0.272868,0.911402
1,-0.930427,0.38547
1,0.769774,0.390135
1,-0.99195,0.0671546
1,1.08992,-0.0968637
1,-0.95377,0.327607
1,0.993625,0.216154
1,0.886472,0.530477
1,-0.594292,0.869926
1,-0.406828,0.916783
1,0.668617,0.933809
1,0.188555,0.913171
1,0.985401,0.289951
1,0.432968,0.971105
1,0.366084,0.956739
1,0.910821,0.290569
1,0.0786002,1.06288
1,0.253358,0.749174
1,0.905988,0.487263
1,0.60982,0.792619
1,-0.874013,0.736665
1,-0.536244,0.799419
1,-0.421189,0.864005
1,0.878722,0.276167
1,-0.838596,0.531171
1,0.344312,0.923714
1,-0.868529,0.411824
1,-0.368476,0.996958
1,0.812089,0.56293
1,0.355973,1.01032
1,1.01977,0.111284
1,0.500576,0.93159
1,0.567615,0.671344
1,0.97438,0.424222
1,-0.024346,0.998045
1,0.348017,0.983974
1,0.919059,-0.0725104
1,-1.00296,0.412894
1,0.997305,0.357451
1,0.952234,0.025818
1,-0.905018,0.0880864
1,0.259551,0.882489
1,-0.859471,0.499058
1,0.165923,1.01957
1,-1.0442,-0.0373561
1,0.233726,1.01321
1,-0.378958,0.890179
1,-0.787904,0.372682
1,0.894322,0.228309
1,-0.737859,0.57866
1,0.0608616,1.11768
1,0.943886,0.135049
1,-0.863587,0.621426
1,0.0636615,0.979643
1,0.506972,0.824214
1,-0.141478,1.02573
1,-0.16811,1.04413
1,-0.546571,0.779239
1,-0.16257,0.796979
1,-0.393005,0.892658
1,0.224385,0.911136
1,-0.693585,0.702188
1,-1.07193,0.0419332
1,-0.974195,0.212004
1,-0.785181,0.540872
1,0.219645,0.976665
1,-0.915287,0.612342
1,0.846756,0.599094
1,0.351975,0.892722
1,-0.518143,0.913329
1,0.568668,0.898586
1,0.309706,0.843235
1,0.646875,0.657532
1,-0.259596,0.931947
1,0.364114,0.913426
1,-0.48932,0.813704
1,0.687393,0.827761
1,0.418641,0.835699
1,0.640943,0.77242
1,0.574289,0.972051
1,-1.04792,0.226152
1,0.250263,0.931511
1,-0.94995,0.160548
1,0.879158,0.609296
1,0.886074,0.301921
1,0.919071,0.474456
1,-0.502983,0.828734
1,-0.351361,0.783571
1,-0.197753,0.877325
1,-0.827893,0.551948
1,-0.640084,0.824085
1,-0.896276,0.0127524
1,-0.134867,0.949692
1,-0.706064,0.621725
1,0.784066,0.57554
1,-0.403113,0.952683
1,-0.794435,0.813819
1,-1.01558,0.224761
1,-0.559573,0.889678
1,-0.996478,0.125
1,-0.279255,1.0036
1,-0.102977,1.06646
1,0.320573,0.918854
1,-1.04383,0.413926
1,0.174793,0.926637
1,0.853083,0.563771
1,0.102382,1.0103
1,0.272618,0.939235
1,-0.599573,0.85269
1,-0.582735,0.771151
1,0.0830591,1.05413
1,-0.310335,0.951383
1,0.942974,0.264139
1,-0.663255,0.740582
1,1.63574,0.116955
1,0.206496,0.256888
1,0.933311,-0.190162
1,0.720296,-0.0320795
1,0.177604,0.227889
1,0.0413522,0.72586
1,1.75093,0.185225
1,0.773737,-0.0865439
1,0.109982,0.375164
1,0.782093,-0.224103
1,0.246533,0.183259
1,1.80474,0.182037
1,1.79868,0.186781
1,0.0355505,0.710852
1,1.9673,0.553183
1,0.0411181,0.440864
1,0.109949,0.29449
1,0.0753141,0.36784
1,0.476131,-0.0418865
1,1.98864,0.657616
1,0.0198502,0.580943
1,1.82251,0.259201
1,1.62329,0.227949
1,0.0914236,0.384468
1,0.794977,-0.213727
1,1.80252,0.439155
1,1.39381,-0.234477
1,0.447678,0.0206329
1,-0.0216625,0.635146
1,0.452379,-0.0960754
1,0.579279,-0.203661
1,0.237111,0.112893
1,0.942895,-0.0734724
1,-0.0461761,0.819271
1,0.316348,0.0448755
1,-0.0548201,0.778694
1,1.53225,0.0252515
1,1.31502,-0.0836031
1,1.31198,-0.0327096
1,0.0382184,0.758735
1,0.20401,0.281857
1,0.0656137,0.779427
1,1.25663,-0.0160528
1,2.02272,0.735475
1,1.2047,-0.032594
1,0.066676,0.674159
1,1.80639,0.2226
1,1.91743,0.626832
1,1.31407,-0.0370932
1,1.34372,-0.206047
1,0.281489,0.360986
1,0.198766,0.334466
1,1.79177,0.528593
1,0.0997612,0.575986
1,0.207193,0.420305
1,-0.0471323,0.859066
1,1.90396,0.648969
1,1.47184,-0.0880095
1,1.57508,0.0916377
1,2.00772,0.566604
1,0.663646,-0.102031
1,1.95848,0.655247
1,0.787178,-0.124589
1,1.8592,0.444589
1,-0.0194557,0.582483
1,0.159264,0.236415
1,0.576731,0.01787
1,0.104101,0.326986
1,1.26404,-0.0853196
1,1.87407,0.467846
1,0.117144,0.57276
1,-0.0390785,0.877804
1,1.75094,0.0818159
1,1.9677,0.583751
1,0.815847,-0.150618
1,1.89579,0.435507
1,1.37175,-0.0903562
1,0.844186,-0.188286
1,1.73678,0.167736
1,-0.0488499,0.873882
1,1.56961,0.0376037
1,0.295733,0.142458
1,0.413935,-0.0450195
1,2.01992,0.604304
1,1.08804,-0.137798
1,0.735924,-0.134323
1,1.94335,0.723327
1,0.629712,-0.136788
1,-0.120337,0.882731
1,0.0625201,0.594992
1,0.487704,-0.0428013
1,1.91354,0.523478
1,1.46197,-0.162591
1,0.132364,0.395496
1,1.88042,0.246846
1,1.73307,0.276983
1,0.0444527,0.326279
1,1.20805,-0.118738
1,0.867486,-0.132759
1,1.0903,-0.114122
1,1.98376,0.533191
1,0.0240078,0.636334
1,1.11081,-0.0889533
1,1.73187,0.275086
1,0.697366,-0.0266475
1,1.3257,-0.0537972
1,0.331542,0.0673329
1,2.10677,0.786449
1,1.9343,0.524943
1,0.591159,-0.0712153
1,0.770454,-0.0624441
1,0.651433,-0.0840683
1,1.94105,0.576021
1,0.181128,0.231267
1,1.9594,0.623944
1,1.91689,0.334825
1,1.40172,-0.00998358
1,1.81493,0.191853
1,1.16606,-0.106721
1,2.18754,0.773695
1,1.83034,0.424073
1,1.30554,-0.0382128
1,1.94619,0.606042
1,1.94866,0.469909
1,0.303185,0.221645
1,0.650253,-0.0182433
1,1.43442,0.0839372
1,1.0961,-0.100939
1,0.0180594,0.574774
1,0.773137,-0.0793153
1,1.94865,0.416693
1,0.65364,-0.058733
1,1.32055,-0.192241
1,0.882156,-0.24661
1,0.968707,-0.137705
1,0.734732,-0.0582789
1,1.94676,0.664992
1,1.31021,-0.122488
1,0.218885,0.299635
1,0.0137532,0.460436
1,1.20664,-0.0893875
1,1.95888,0.29784
1,-0.0128514,0.643427
1,0.00668779,0.554469
1,1.03083,-0.149302
1,0.506424,-0.0312123
1,0.186382,0.4058
1,0.930045,-0.0885698
1,0.233003,0.142174
1,0.605004,-0.06918
1,0.04657,0.441323
1,1.58306,-0.058306
1,0.0247764,0.836054
1,1.72288,0.229841
1,0.421693,-0.0284715
1,0.175923,0.480323
1,2.04164,0.797357
1,0.49357,-0.0300827
1,-0.0296913,0.720045
1,0.0662864,0.268737
1,0.717523,-0.214929
1,0.121764,0.276276
1,2.08649,0.762561
1,0.0153031,0.506858
1,1.82195,0.344468
1,1.86873,0.27724
1,0.377092,0.0391511
1,0.475396,-0.140611
1,1.55019,-0.0284963
1,0.0355193,0.675187
1,1.30108,-0.186844
1,1.20689,-0.124136
1,0.599942,-0.0900877
1,1.98251,0.621474
1,1.96352,0.348511
1,0.00753554,0.702934
1,1.16623,-0.085022
1,1.52305,0.0805664
1,1.96114,0.834909
1,0.767149,-0.148313
1,0.0023496,0.607033
1,-0.043396,0.628769
1,0.0541941,0.645806
1,0.602688,-0.115495
1,1.97782,0.84338
1,0.85489,-0.182678
1,0.938858,-0.124973
1,0.398075,0.173453
1,2.07759,0.722326
1,1.23904,-0.145834
1,-0.0505969,0.559815
1,1.99639,0.782403
1,0.168496,0.378351
1,1.90531,0.294776
1,0.423917,0.157104
1,1.94863,0.849951
1,1.84375,0.361989
1,0.146094,0.515957
1,0.210616,0.0718652
1,0.480207,0.0771756
1,0.0433535,0.68247
1,1.96332,0.266848
1,1.29723,-0.118034
1,0.260487,0.212215
1,1.84732,0.181939
1,1.10076,-0.191912
1,1.99257,0.787357
1,0.375854,0.148932
1,0.350187,0.0259637
1,0.915856,-0.157353
1,0.242402,0.219711
1,0.192246,0.245368
1,1.13405,-0.0827718
1,0.769037,-0.188086
1,1.97278,0.58785
1,1.76136,0.316999
1,1.81781,0.305684
1,1.98731,0.70442
1,1.5224,0.0222102
1,0.0862723,0.613851
1,0.202093,0.500034
1,1.90777,0.473447
1,1.01958,-0.216046
1,1.16328,-0.260608
1,0.399317,0.0964018
1,0.0438917,0.748364
1,0.522991,0.034159
1,-0.00525335,0.779834
1,0.262288,0.141165
1,0.0204288,0.350722
1,0.556693,0.0238256
1,1.31016,-0.0789527
1,0.00896739,0.688399
1,1.41703,-0.0623322
1,2.03421,0.823275
1,0.103031,0.807205
1,0.643103,-0.0575422
1,1.63393,0.0444951
1,0.184228,0.175371
1,0.434585,0.0344635
1,1.91885,0.553034
1,1.21327,-0.124611
1,1.87052,0.518711
1,1.07336,0.0486546
1,2.05316,0.724614
1,1.98148,0.681645
1,0.0984785,0.419348
1,0.861694,-0.12675
1,0.288896,0.206087
1,2.03348,0.740148
1,0.0454528,0.451848
1,1.18427,-0.0517166
1,1.44502,-0.0361698
1,0.163493,0.259325
1,0.100777,0.518214
1,1.04919,-0.189526
1,0.2636,0.138185
1,0.0574795,0.552954
1,0.311175,0.292863
1,0.255064,0.399135
1,2.14032,0.659346
1,1.80861,0.170078
1,0.0115,0.584451
1,-0.00548797,0.823077
1,0.526381,-0.102088
1,1.87108,0.383085
1,0.743341,-0.114152
1,0.815186,-0.0854142
1,0.799613,-0.148349
1,0.51585,-0.0362169
1,0.730579,-0.0937488
1,1.32432,-0.176615
1,1.26979,-0.0436972
1,0.285154,0.201542
1,2.02107,0.812334
1,1.94442,0.580676
1,-0.0766203,0.96049
1,1.1343,-0.0391042
1,1.85231,0.817873
1,1.69537,0.228303
1,0.273984,0.101303
1,2.04826,0.64089
1,1.61941,0.232607
1,0.0746179,0.62084
1,0.668085,-0.0127637
1,1.86415,0.285664
1,0.400642,-0.0549413
1,0.471804,-0.0564908
1,-0.000749635,0.738125
1,0.689966,-0.167018
1,1.7551,0.149716
1,1.53362,-0.0553935
1,-0.0962555,0.84637
1,1.18886,-0.169709
1,0.486151,-0.110746
1,0.448975,-0.025794
1,1.77086,0.35833
1,-0.0712314,0.926642
1,1.84325,0.261875
1,0.359783,0.0740901
1,1.37203,-0.0934471
1,1.71739,0.0710832
1,1.79757,0.460415
1,1.88725,0.746207
1,-0.0190048,0.618155
1,0.176922,0.243259
1,0.0868917,0.705678
1,2.12944,0.505664
1,-0.0303903,0.783473
1,0.293287,0.260367
1,0.0229626,0.256604
1,0.623463,-0.10523
1,0.691959,-0.119377
1,0.0953157,0.605371
1,1.403,-0.0067224
1,1.96658,0.524418
1,1.18471,-0.156074
1,0.626539,-0.0647051
1,0.14534,0.339737
1,0.00338328,0.774949
1,0.199154,0.310341
1,1.68369,0.0150935
1,0.0730678,0.682994
1,0.000459716,0.697103
1,0.919148,-0.0833419
1,0.710193,-0.0855414
1,1.81071,0.377611
1,0.399569,0.0616766
1,1.84132,0.120297
1,1.28637,-0.160743
1,1.46421,-0.0158021
1,0.821947,-0.0904777
1,1.87911,0.401509
1,0.188087,0.566012
1,2.02373,0.676821
1,1.66929,0.125034
1,1.43489,-0.0917721
1,0.345289,0.239008
1,1.90698,0.358816
1,0.737284,-0.188324
1,0.00465046,0.549038
1,1.59542,0.319411
1,0.0180927,0.867754
1,1.94397,0.659581
1,1.61878,0.0967812
1,1.70194,0.141591
1,1.39896,-0.0152248
1,0.480646,-0.00137418
1,2.0025,0.827023
1,0.16907,0.434237
1,0.844583,-0.160602
1,2.03692,0.824148
1,0.273377,0.0924264
1,0.431319,-0.0201754
1,1.27433,0.000835227
1,1.99256,0.677894
1,1.84317,0.286176
1,1.5435,0.0916885
1,1.79436,0.249744
1,1.02287,-0.153522
1,1.27471,-0.113662
1,-0.018624,0.819929
1,0.0180242,0.860729
1,1.94589,0.396122
1,2.03923,0.766487
1,2.00907,0.509479
1,1.31222,-0.0710514
1,0.57026,0.116145
1,1.22389,-0.0711575
1,0.323255,0.128696
1,1.74726,0.0941364
1,0.156162,0.273122
1,-0.0475459,0.778055
1,-0.00952271,0.682116
1,0.737146,-0.0741295
1,1.83321,0.286771
1,1.86462,0.372952
1,1.02948,-0.187876
1,0.127729,0.692554
1,1.15092,-0.207272
1,0.48591,0.0320496
1,1.9136,0.460697
1,1.87347,0.279405
1,1.28541,-0.106369
1,1.26824,-0.087528
1,2.02812,0.787152
1,1.46943,-0.123663
1,0.351447,0.00696748
1,1.88676,0.527934
1,1.90778,0.841828
1,1.99164,0.479788
1,1.97052,0.587187
1,0.0687617,0.3231
1,1.23954,-0.131574
1,1.69649,0.118652
1,0.077696,0.566507
1,0.441796,0.133081
1,0.0536293,0.643403
1,0.538939,0.00812461
1,0.0176223,0.776699
1,0.982927,-0.0664715
1,1.74269,0.323515
1,1.96906,0.594877
1,0.353381,0.170322
1,1.47022,0.0216821
1,1.95455,0.614151
1,2.08967,0.805871
1,1.44697,-0.0075851
1,0.0911321,0.447269
1,1.00872,-0.149023
1,-0.0957794,0.798884
1,0.620754,-0.0440742
1,0.0135205,0.57395
1,1.84334,0.541132
1,0.436261,0.161666
1,1.92141,0.497341
1,0.541159,0.0158256
1,-0.000910325,0.837116
1,0.856829,-0.171902
1,0.981898,0.0274343
1,0.686388,0.0561178
1,1.26508,-0.0639649
1,1.86078,0.303811
1,0.775167,-0.100231
1,1.61722,0.106413
1,0.486145,-0.0469927
1,1.89793,0.449663
1,0.11398,0.426394
1,0.478121,0.0522742
1,1.2863,-0.113394
1,0.0664739,0.484991
1,0.321197,0.213898
1,0.374685,-0.0373791
1,1.42627,-0.100888
1,1.51551,0.0344174
1,0.148626,0.512479
1,1.87811,0.238246
1,1.90942,0.491464
1,0.366614,0.120058
1,1.79977,0.325369
1,1.80792,0.314604
1,1.8421,0.426064
1,0.327409,0.292719
1,2.04221,0.74489
1,1.86985,0.332759
1,1.80696,0.235126
1,0.584398,-0.0750095
1,0.0667942,0.490475
1,0.417841,0.0855292
1,1.70847,0.229066
1,0.417505,0.157272
1,0.866631,-0.226978
1,0.890942,-0.0815603
1,1.06396,-0.118383
1,0.380686,-0.101727
1,1.54324,0.118088
1,2.03872,0.608241
1,1.50717,0.0341978
1,0.046902,0.902644
1,0.0352769,0.742969
1,1.58135,0.0262097
1,1.09649,-0.078029
1,2.042,0.780304
1,1.78774,0.260524
1,2.0373,0.41267
1,0.178301,0.316188
1,1.6942,0.186543
1,1.97904,0.644032
1,0.609425,-0.0345978
1,0.153795,0.255935
1,1.21064,-0.0856947
1,1.1165,-0.137247
1,1.638,0.0771224
1,2.00872,0.777433
1,0.925366,-0.117264
1,0.645213,-0.0276737
1,0.124242,0.183818
1,1.99785,0.436766
1,0.707515,-0.105452
1,0.137959,0.32266
1,0.0604451,0.492187
1,1.26305,-0.071127
1,0.423652,-0.00923591
1,0.180324,0.274798
1,1.64095,0.129227
1,1.793,0.403678
1,1.81052,0.322047
1,0.188569,0.203235
1,1.66435,0.094268
1,1.84357,0.433037
1,1.40955,-0.134007
1,1.96896,0.515788
1,1.70876,0.180217
1,0.0310057,0.932412
1,1.41376,-0.230769
1,2.11793,0.779166
1,1.75274,0.151996
1,0.967077,-0.208125
1,2.01685,0.595533
1,1.69803,0.272622
1,1.46761,-0.0927222
1,1.72544,0.378365
1,0.794762,-0.19609
1,1.98016,0.607617
1,0.13964,0.48498
1,1.98192,0.395501
1,0.657084,-0.12084
1,1.47365,0.0295824
1,1.51277,-0.194447
1,0.546034,0.0442606
1,1.18081,-0.16128
1,0.132349,0.486136
1,1.02622,-0.138317
1,1.99322,0.748193
1,0.389428,0.117267
1,0.564148,-0.111838
1,0.796519,-0.128534
1,0.405944,0.140144
1,0.76602,-0.128991
1,0.353529,0.112384
1,1.43218,0.0151318
1,1.16829,-0.063271
1,1.27072,-0.106019
1,1.14384,-0.133663
1,0.0571574,0.818433
1,0.611711,-0.112145
1,1.88709,0.329199
1,0.683982,-0.0316316
1,0.219439,0.327434
1,2.00496,0.566973
1,2.02487,0.66642
1,1.06077,-0.196169
1,1.74814,0.109651
1,1.66722,0.233941
1,1.89729,0.44296
1,0.146463,0.230523
1,0.730867,-0.0610462
1,1.62633,-0.0653073
1,-0.0077765,0.465267
1,1.94982,0.359641
1,0.75291,-0.117583
1,2.0109,0.789959
1,0.196902,0.378559
1,1.10538,-0.126989
1,0.5393,-0.0721594
1,-0.0955868,0.727602
1,0.418289,0.126814
1,1.23044,-0.136161
1,0.410879,0.0446818
1,0.04231,0.826105
1,0.0360556,0.422648
1,0.651867,-0.172074
1,1.3284,-0.151469
1,2.07348,0.702984
1,0.201329,0.402391
1,0.76767,-0.106271
1,0.0842087,0.850556
1,0.435891,0.0334359
1,0.845405,-0.159948
1,1.92762,0.573626
1,1.91951,0.712742
1,1.53404,-0.0530089
1,1.65869,0.109721
1,0.96917,-0.131765
1,0.556095,-0.199618
1,0.146491,0.450539
1,1.13933,-0.092758
1,0.193148,0.338171
1,1.89704,0.292119
1,0.958343,-0.0792211
1,1.99597,0.678963
1,0.0890931,0.468168
1,0.779019,-0.117287
1,2.17367,0.824271
1,1.5586,0.125792
1,0.309532,0.195107
1,-0.0748987,0.667712
1,1.36128,-0.011407
1,1.6728,0.15466
1,1.38331,-0.104966
1,1.92665,0.342394
1,1.47005,-0.140328
1,0.1415,0.609671
1,0.887134,-0.209962
1,1.45493,-0.146079
1,1.57389,0.115158
1,0.111221,0.373695
1,0.417697,0.139712
1,0.451827,0.0179265
1,0.163784,0.353214
1,0.952236,-0.235969
1,1.47867,-0.0841309
1,2.08824,0.810688
1,0.802682,-0.139681
1,0.886568,-0.179657
1,1.95548,0.82804
1,1.82877,0.465473
1,1.80039,0.713583
1,0.160207,0.438559
1,0.978375,-0.182067
1,0.0741594,0.444132
1,-0.0127029,0.76047
1,0.718227,-0.126849
1,1.76694,0.283237
1,1.22081,-0.0794225
1,1.69493,0.313818
1,1.66498,-0.000613886
1,1.9401,0.844729
1,0.322991,0.0975009
1,0.914458,-0.180802
1,1.46383,0.0130091
1,1.7569,0.24874
1,0.533838,0.00629273
1,0.758768,-0.164993
1,0.553452,-0.0872159
1,1.13336,-0.0741141
1,1.03309,-0.187463
1,1.87747,0.284811
1,1.98316,0.634256
1,0.0538514,0.414384
1,0.318945,0.22695
1,1.4992,0.0508495
1,0.741619,-0.0415882
1,-0.0870924,0.717163
1,0.801518,-0.148165
1,0.135678,0.137832
1,0.121846,0.548081
1,0.578659,-0.14439
1,0.299996,0.228816
1,1.48411,0.0172151
1,0.9967,-0.146581
1,-0.0227425,0.768248
1,1.7529,0.271186
1,-0.00337863,0.76829
1,1.54739,-0.126148
1,1.78541,0.116653
1,0.295414,0.195627
1,0.215355,0.266347
1,1.09586,-0.0485826
1,-0.0856026,0.769055
1,0.466195,0.0239546
1,0.228723,0.240197
1,0.779445,-0.117784
1,1.7199,0.173789
1,1.77613,0.296099
1,0.307423,0.18552
1,1.10489,-0.176519
1,1.95429,0.338374
1,1.16817,-0.0468332
1,1.359,-0.113606
1,0.467088,0.0696514
1,0.999343,-0.171349
1,0.693933,-0.125808
1,1.9255,0.283456
1,1.89724,0.419979
1,0.938626,-0.00621414
1,1.53238,0.105506
1,1.9157,0.469945
1,1.30768,-0.13415
1,1.50458,-0.0572931
1,0.00907996,0.5615
1,0.250394,0.190573
1,1.83371,0.256271
1,0.512956,-0.0739241
1,1.54838,0.102334
1,0.00844483,0.829899
1,0.99656,-0.132862
1,0.0362329,0.412064
1,0.555415,0.0341403
1,1.78133,0.372196
1,1.80661,-0.0408644
1,0.446098,0.0528082
1,-0.0121859,0.576718
1,2.02197,0.799496
1,1.59231,0.0232589
1,0.704156,-0.155624
1,1.7269,0.0964915
1,1.76216,0.161454
1,1.57841,0.118774
1,0.582097,-0.00340144
1,1.68104,0.138294
1,1.7875,0.235119
1,1.28213,-0.0808277
1,1.78897,0.290657
1,1.30291,-0.0681406
1,1.97152,0.411184
1,0.975065,-0.0451928
1,1.86804,0.255073
1,1.47196,-0.0819262
1,1.95023,0.419167
1,0.0808924,0.455083
1,0.814868,-0.141997
1,1.54333,-0.0281088
1,1.2747,-0.0593553
1,1.15199,-0.121639
1,1.3305,-0.110181
1,0.342454,0.0930978
1,1.4052,-0.112942
1,0.999561,-0.153208
1,0.187823,0.288521
1,1.70289,0.00129474
1,1.72584,0.105416
1,0.141688,0.494539
1,1.70198,-0.0284648
1,0.211448,0.251287
1,1.85418,0.399423
1,0.46218,0.0659493
1,1.61859,0.00204064
1,-0.0262403,0.77403
1,0.0981626,0.25216
1,0.311989,0.104028
1,0.869864,-0.100336
1,0.807401,-0.161673
1,0.208642,0.347292
1,0.66733,-0.132471
1,0.489923,-0.101504
1,1.93781,0.308341
1,1.57636,-0.020373
1,0.706908,-0.137796
1,0.552033,0.0218571
1,0.237966,0.10416
1,1.11028,-0.183331
1,-0.0138626,0.624216
1,0.0988519,0.403462
1,1.91498,0.725023
1,2.03386,0.611424
1,0.595057,-0.0887211
1,1.27274,-0.158275
1,0.333825,0.268905
1,0.329009,0.168838
1,0.110943,0.471149
1,1.64794,0.237168
1,1.10208,-0.00326186
1,1.86208,0.284439
1,0.118368,0.50293
1,0.215662,0.194349
1,0.0681452,0.434811
1,1.69088,0.161139
1,-0.0306805,0.698341
1,1.22202,-0.112588
1,1.85608,0.258619
1,0.867493,-0.101047
1,-0.0476306,0.722326
1,0.0283054,0.447728
1,1.55341,0.0945267
1,0.766868,-0.172661
1,1.78271,0.36368
1,1.95025,0.814976
1,0.306411,0.130828
1,1.9989,0.823997
2,-0.269241,0.908128
2,-0.146562,1.08302
2,-0.0319874,1.01645
2,0.500374,0.901454
2,0.312265,0.955437
2,-0.0971815,0.909027
2,0.877019,0.195111
2,-0.188039,0.974709
2,0.761647,0.621734
2,0.8119,0.525249
2,0.900381,0.482854
2,0.980791,0.304836
2,0.392163,0.814753
2,-0.580382,0.854846
2,0.447714,0.80623
2,-0.889654,0.345381
2,0.761923,0.563915
2,0.959172,0.299489
2,-0.191809,0.940501
2,-0.884386,0.476718
2,0.735165,0.720913
2,-0.0505952,1.01672
2,0.287477,0.955921
2,-0.114656,0.988588
2,-0.183295,0.785485
2,0.413554,0.93343
2,0.96383,0.349608
2,-0.884465,0.390402
2,0.912715,0.418836
2,-0.846346,0.641974
2,0.658022,0.799267
2,0.735439,0.859197
2,-0.631177,0.676243
2,-0.890965,0.473295
2,-0.953683,0.0632496
2,0.198259,0.893312
2,-0.729329,0.66569
2,-0.574,0.718465
2,0.0310089,1.08053
2,0.0960392,1.01785
2,-0.903319,0.239836
2,-0.581258,0.677995
2,0.826054,0.398878
2,0.887662,0.538309
2,0.324645,1.01874
2,-0.656527,0.561567
2,0.893626,0.664847
2,0.466641,0.752953
2,0.745482,0.652221
2,-1.019,0.252755
2,0.0594388,1.0055
2,-0.364299,0.830877
2,-0.836639,0.48475
2,-0.289232,0.989918
2,-0.595099,0.801308
2,0.21114,0.903407
2,0.0174088,1.01206
2,-0.00982188,0.997241
2,-0.121212,1.01173
2,-0.326436,0.988458
2,-0.818189,0.500447
2,-0.252264,1.00135
2,1.00114,0.00486704
2,-0.651927,0.800973
2,-0.987234,0.230385
2,-0.616256,0.645678
2,0.60672,0.758386
2,-1.02494,0.141445
2,-0.796605,0.404179
2,-0.897108,0.524707
2,-0.693427,0.780849
2,-1.01238,0.271175
2,-1.05029,0.364019
2,0.840804,0.406856
2,0.393795,1.00956
2,0.644726,0.784732
2,0.542387,0.761785
2,-0.716035,0.71018
2,-0.7046,0.716154
2,0.131969,1.00922
2,-0.683399,0.780535
2,0.690524,0.664403
2,-0.888257,0.26244
2,-0.204029,0.90283
2,0.544961,0.799156
2,1.01498,0.062446
2,-0.0353788,1.06244
2,-0.295015,0.910931
2,0.912003,0.309847
2,-0.71447,0.731928
2,-0.926593,0.201375
2,0.86331,0.437939
2,-0.836998,0.491695
2,-0.861214,0.339461
2,0.615011,0.760349
2,-1.08548,-0.0463195
2,-0.291504,0.941127
2,0.513146,0.870848
2,0.00519542,1.14862
2,-0.153235,0.963383
2,-0.844791,0.526335
2,-0.628719,0.707096
2,-0.348259,0.888951
2,-0.0316674,1.00711
2,-0.957931,0.534096
2,-0.873705,0.257223
2,0.919341,0.416886
2,-0.968774,0.0982592
2,-0.690805,0.668051
2,0.406957,0.973419
2,-0.899346,0.158488
2,0.00268138,0.949614
2,0.845647,0.546335
2,-0.127982,0.858972
2,-0.921012,0.27672
2,-0.730022,0.623785
2,-0.0295493,0.961597
2,0.9317,-0.0614058
2,0.823953,0.531822
2,0.508312,0.858738
2,0.65062,0.772693
2,-1.00348,0.357053
2,-0.912505,0.384386
2,-0.952951,-0.129858
2,-0.308612,0.93087
2,0.587313,0.769833
2,-0.957215,0.080647
2,-0.000713876,1.00513
2,-0.0321975,0.900076
2,-0.359881,0.804765
2,-0.446408,0.853934
2,0.251617,0.923006
2,-0.111693,0.991127
2,0.677142,0.801541
2,-0.065976,1.06703
2,-0.730155,0.698844
2,1.0592,0.035313
2,-0.267571,0.964753
2,-0.959413,0.489409
2,-1.02909,0.149006
2,-0.801411,0.548255
2,-0.829459,0.706237
2,0.160137,0.998814
2,-0.575786,0.831607
2,-0.822734,0.56115
2,-0.355037,0.978051
2,-1.00218,0.162875
2,-0.00890427,0.980736
2,0.570054,0.729763
2,-0.899699,0.603325
2,0.376181,0.876429
2,-0.0710088,0.852344
2,-0.655948,0.738462
2,0.470285,0.875194
2,-0.506861,0.88006
2,-0.708489,0.764326
2,-0.687109,0.781737
2,-0.850091,0.206624
2,-0.858005,0.450869
2,-0.169343,1.06535
2,0.92833,0.404982
2,-0.432356,0.839934
2,-0.868022,0.548532
2,-0.24433,0.999387
2,0.417323,0.878414
2,0.964592,0.0691902
2,-0.921159,0.416889
2,0.887615,0.624089
2,-0.957666,0.466828
2,-0.846059,0.47929
2,-0.474448,0.866857
2,-0.65785,0.846242
2,1.01347,-0.0629854
2,-0.770053,0.678066
2,0.711044,0.816287
2,-0.994462,0.385037
2,1.04981,0.240258
2,0.547885,0.911575
2,-0.627274,0.799056
2,1.02466,0.303762
2,0.532118,0.929447
2,-0.218219,0.974297
2,-0.958491,0.106822
2,0.670629,0.863948
2,0.669699,0.887604
2,0.314677,0.995322
2,-0.923401,0.0812738
2,1.00964,0.307804
2,0.724089,0.560101
2,-0.966692,0.326945
2,0.94979,0.150656
2,0.766038,0.593157
2,-0.931032,0.241795
2,0.411622,0.96556
2,-0.422283,0.898447
2,-1.02849,-0.0546819
2,0.939025,0.17065
2,-0.750458,0.604926
2,0.867614,0.373893
2,0.957986,0.456271
2,0.968809,0.0989594
2,-0.581938,0.808321
2,0.469349,0.854389
2,0.448633,0.869995
2,0.827325,0.563886
2,0.516807,0.881209
2,0.33298,0.89351
2,0.204616,0.976698
2,-1.06237,0.238738
2,0.68793,0.645178
2,-0.933531,0.47988
2,0.230948,1.03994
2,-0.874077,0.558489
2,-1.05248,0.393037
2,0.599796,0.761613
2,-0.901255,0.527001
2,-1.01264,0.195078
2,-0.942078,0.322685
2,0.833275,0.53495
2,-0.777839,0.513567
2,-1.15781,0.292141
2,-1.0504,-0.00728338
2,0.114901,1.11569
2,-0.562695,0.768076
2,0.0247689,1.05085
2,-0.564957,0.723489
2,0.103149,1.02251
2,0.809456,0.54545
2,-0.207272,0.980872
2,-1.01138,0.111235
2,-1.05307,-0.0299326
2,0.135475,1.12389
2,-1.03225,0.27174
2,0.927101,0.37801
2,0.817829,0.654785
2,0.797878,0.575454
2,0.983145,0.100328
2,0.888826,0.40701
2,-0.859536,0.411296
2,0.694459,0.74012
2,-0.351413,1.07441
2,0.474284,0.88732
2,-0.576175,0.869313
2,-0.736032,0.684597
2,-0.721145,0.705168
2,-0.236226,0.971289
2,0.105183,1.02194
2,0.983838,0.249674
2,0.656148,0.753007
2,0.728294,0.598655
2,1.02737,0.200179
2,-0.57711,0.880521
2,-0.166984,0.936627
2,0.149835,1.03097
2,-1.03723,0.400273
2,0.496399,0.982887
2,-0.399913,0.838219
2,-0.864509,0.49191
2,-1.0022,0.104682
2,0.52675,0.886424
2,0.540528,0.862421
2,-1.03835,0.130749
2,0.00210243,0.84808
2,-0.260584,1.00356
2,-0.420549,0.914956
2,0.98523,0.20621
2,-1.07428,0.262387
2,0.553424,0.708063
2,-1.05936,-0.0451855
2,-0.930203,0.305915
2,-0.809344,0.585084
2,1.00005,0.358433
2,0.54214,0.934763
2,-1.00009,0.117163
2,0.849918,0.316934
2,-0.781352,0.611593
2,-0.135206,0.992104
2,0.954165,0.248949
2,0.901027,0.646912
2,-0.817313,0.516513
2,-0.81046,0.802015
2,0.388145,0.894971
2,0.862372,0.478396
2,0.641349,0.650758
2,-0.967628,0.236085
2,0.827697,0.70462
2,-0.746741,0.815568
2,-0.868905,0.165468
2,0.00505187,0.953261
2,0.221166,0.962693
2,-0.69063,0.800206
2,-0.626698,0.872926
2,-0.592979,0.702664
2,0.529332,0.936051
2,-0.396071,0.801431
2,-0.810613,0.575947
2,-0.404638,1.02769
2,-0.604212,0.806135
2,0.678677,0.817233
2,-0.524631,0.853013
2,-1.06304,0.0251
2,0.73178,0.519003
2,-0.788523,0.578087
2,0.817067,0.447962
2,0.537503,0.833851
2,0.132497,1.03083
2,-1.012,0.170228
2,0.468766,0.892568
2,-0.216453,0.939033
2,1.02347,0.485722
2,0.237911,0.987509
2,0.295859,0.875373
2,0.849531,0.383314
2,0.58124,0.864212
2,0.691989,0.977852
2,1.02211,-0.016441
2,0.406274,0.94657
2,-0.985489,0.249471
2,0.389662,0.85141
2,0.711049,0.886533
2,-0.893086,0.269367
2,-0.939429,0.369079
2,-0.659745,0.734399
2,-0.750398,0.6191
2,0.597124,0.833192
2,-1.09492,0.0418676
2,-0.34745,0.963504
2,0.847379,0.511672
2,0.38759,0.966961
2,-0.343044,0.975714
2,0.889651,0.473038
2,0.85552,0.44355
2,0.344958,0.915035
2,-0.39983,0.87698
2,-1.0665,0.291347
2,-0.969945,0.50511
2,0.886889,0.473485
2,-0.932743,0.213045
2,0.582292,0.786011
2,-0.511621,0.826045
2,-0.618937,0.784146
2,-0.484441,0.911672
2,0.521481,0.800172
2,0.846828,0.537865
2,0.119382,1.01299
2,-0.688908,0.75119
2,1.05125,0.220697
2,-0.888949,0.588466
2,0.991101,0.370737
2,0.634211,0.735274
2,-0.836125,0.475964
2,0.36914,0.812455
2,-0.437415,0.917237
2,0.641475,0.783409
2,0.720568,0.737983
2,-0.922837,0.230692
2,-0.980045,0.377344
2,-0.894047,0.53268
2,-0.124467,0.999953
2,0.877269,0.63226
2,-0.585006,0.916195
2,0.73628,0.613281
2,-0.68889,0.770205
2,-0.32336,0.871873
2,0.940554,0.203359
2,-0.471499,0.915619
2,-0.11898,1.02455
2,-0.0736104,0.993102
2,0.748727,0.721661
2,0.365686,0.844272
2,0.726246,0.777805
2,-0.945721,0.270812
2,-0.612203,0.796462
2,-0.937294,0.185879
2,0.903607,0.302081
2,0.946401,0.244794
2,-0.944755,0.220651
2,0.977613,0.0873332
2,-0.890044,0.298119
2,-0.834949,0.568044
2,0.386257,0.959949
2,-0.238421,0.948018
2,0.0569202,1.08092
2,-0.141127,1.002
2,0.969512,0.371581
2,-0.61616,0.830019
2,-0.730851,0.751959
2,-0.923631,0.217706
2,0.725807,0.790653
2,0.864506,0.616758
2,-0.383897,0.986496
2,0.659576,0.753719
2,-0.815583,0.514841
2,-0.813507,0.572626
2,0.993908,0.0131895
2,0.801073,0.569151
2,0.738591,0.708789
2,0.810293,0.656438
2,-1.05822,0.208571
2,-0.713573,0.623904
2,0.0365397,1.04072
2,-0.135421,0.919927
2,-0.573913,0.756987
2,-0.316698,0.941116
2,0.0697138,0.886513
2,-0.658695,0.722064
2,0.261639,0.921821
2,0.29005,0.924257
2,0.998449,0.329664
2,1.04825,0.0541189
2,-0.904786,0.557606
2,0.944669,0.0491679
2,0.971523,0.195366
2,0.0930278,0.947725
2,-0.110913,1.0738
2,-0.70097,0.735368
2,-0.524058,0.961186
2,-0.0088975,1.05697
2,0.931856,0.439071
2,-0.930145,0.0138553
2,-0.363127,0.80949
2,0.922312,0.468999
2,-0.858102,0.436825
2,-0.0669608,0.96574
2,0.944619,0.295226
2,0.173771,0.982054
2,-0.64849,0.937758
2,0.901964,0.465811
2,-0.988657,0.0727387
2,0.802829,0.489552
2,-0.843155,0.592267
2,-0.0556704,0.957695
2,-0.666348,0.735807
2,0.356364,0.949385
2,0.893041,0.635112
2,0.873317,0.365672
2,-0.976996,0.252741
2,-0.510538,0.838121
2,-0.817644,0.49573
2,0.843465,0.590017
2,0.0259338,1.00697
2,0.403954,0.856004
2,0.391582,0.986358
2,0.0795283,0.86753
2,-0.685589,0.68447
2,-0.624966,0.839733
2,-0.270083,0.919143
2,0.362928,0.990707
2,0.828442,0.625316
2,0.710179,0.692238
2,-0.968806,0.701787
2,0.691557,0.765504
2,0.239053,0.817953
2,1.04533,0.0512878
2,-0.862848,0.632871
2,-0.677981,0.708993
2,-0.375462,0.869147
2,-0.264235,0.894212
2,0.640315,0.678902
2,0.399535,0.93465
2,0.918316,0.416624
2,0.381108,0.94615
2,0.914594,0.163125
2,0.410351,0.967184
2,1.02552,0.0716221
2,-0.359151,0.811703
2,-0.407932,0.809596
2,-0.839053,0.431036
2,-0.185657,1.08601
2,-0.119381,1.05714
2,0.507807,0.859183
2,-0.12583,1.01424
2,-0.442587,0.841084
2,0.60058,0.765483
2,-0.991119,0.212789
2,0.670564,0.556938
2,-0.999621,0.338267
2,-0.716694,0.650646
2,-0.550709,0.808815
2,-0.695765,0.669964
2,0.203121,1.18381
2,-0.885908,0.536481
2,0.0418806,0.893626
2,0.235727,1.01031
2,0.746406,0.573177
2,-1.08767,0.0673437
2,0.702672,0.580937
2,-0.784498,0.66915
2,0.0765324,1.01153
2,0.871149,0.444468
2,-1.05771,0.097656
2,-0.135022,1.00671
2,-0.871914,0.0739215
2,0.919207,0.0615182
2,0.77219,0.457858
2,0.268201,0.997178
2,0.1756,1.02748
2,0.810678,-0.0336766
2,-0.951982,0.28136
2,-1.09455,0.366558
2,-0.0931421,0.942138
2,0.187417,0.919633
2,-0.898181,0.455242
2,1.01495,0.305149
2,-0.990994,0.152523
2,0.452165,0.951715
2,0.9347,0.283312
2,-0.760193,0.398274
2,0.812012,0.450663
2,0.909139,0.567798
2,-0.9118,0.334964
2,-1.01185,0.303092
2,-0.741371,0.564662
2,-0.413162,1.00884
2,0.792234,0.37618
2,0.480383,0.824089
2,-0.00468729,0.975402
2,-0.396077,0.965929
2,0.787685,0.627144
2,0.480947,0.860007
2,-0.591413,0.802042
2,-0.744789,0.909084
2,-0.367819,0.93643
2,0.524848,0.842679
2,-0.387923,1.02791
2,0.934942,-0.0253695
2,0.91841,0.255041
2,-0.459602,0.889882
2,0.340778,0.930028
2,-0.928848,0.326345
2,-0.322493,0.988307
2,1.00019,0.308349
2,-0.917472,0.285667
2,-0.118976,0.985247
2,-0.963233,0.256708
2,-0.477702,0.917394
2,0.868217,0.380991
2,0.763569,0.685746
2,-1.06951,0.173462
2,-0.691344,0.769221
2,0.947575,0.483249
2,-0.891496,0.115194
2,0.24677,1.05203
2,-0.475342,0.836209
2,0.178475,1.03294
2,-0.0852777,0.840309
2,0.696171,0.685305
2,-0.559012,0.88077
2,0.191228,0.978005
2,-0.958051,0.164377
2,-0.375665,0.885368
2,0.709857,0.587131
2,-0.981901,0.126285
2,-0.752516,0.649732
2,-0.716836,0.486969
2,0.306089,0.981445
2,-0.721669,0.768782
2,1.10133,0.0372061
2,-0.793438,0.576681
2,-0.681077,0.750394
2,-0.863729,0.429586
2,-0.505245,0.937602
2,-0.691679,0.654407
2,-0.419349,0.893957
2,-0.990607,-0.0399036
2,0.87937,0.371337
2,0.774438,0.641266
2,0.864154,0.532353
2,-0.847945,0.299642
2,-0.458351,0.875977
2,0.557434,0.903233
2,0.596513,0.838813
2,-0.583146,0.873134
2,-0.813616,0.576552
2,0.79329,0.608309
2,0.398618,1.00158
2,0.140561,0.92935
2,0.75002,0.629937
2,-0.884992,0.196833
2,-0.993178,0.199118
2,-0.880202,0.337708
2,-0.135651,0.975576
2,-0.945329,0.136275
2,-0.0290863,0.949711
2,-0.95063,0.18488
2,0.982408,0.202039
2,0.989054,0.399257
2,-0.917707,0.440286
2,-0.114857,1.02297
2,0.794244,0.652642
2,-0.788605,0.511883
2,0.483439,0.984563
2,0.6706,0.740245
2,-0.520392,1.01059
2,-0.508809,0.898019
2,-0.207267,0.959864
2,0.4608,0.901836
2,-1.06961,0.288085
2,-0.736139,0.582036
2,0.79935,0.43185
2,-1.04361,0.134323
2,0.533775,0.82966
2,0.461692,0.898644
2,0.617802,0.651695
2,0.323559,1.0282
2,-0.288524,1.01782
2,-0.35195,1.01129
2,0.460191,0.966019
2,0.212667,1.02524
2,-0.759273,0.496702
2,-0.897846,0.403682
2,0.823263,0.708299
2,0.996993,0.222323
2,0.345282,0.975062
2,-0.26379,0.973439
2,-0.460359,0.9494
2,-0.238782,0.924237
2,-0.726343,0.759558
2,-0.302512,0.881169
2,-0.539734,0.747163
2,-0.686594,0.568326
2,-0.458944,0.822138
2,-0.599758,0.759448
2,-0.318925,0.98869
2,0.749018,0.593685
2,0.821788,0.555678
2,-0.640085,0.756552
2,-0.932692,0.441739
2,-1.0172,0.08723
2,0.980397,0.306797
2,-0.874593,0.176278
2,-0.876442,0.549151
2,0.219022,0.868223
2,-0.933738,0.388839
2,0.573964,0.904436
2,-1.00363,0.0415127
2,0.00634459,1.11452
2,-0.825505,0.535544
2,0.450784,0.877882
2,1.0533,0.34676
2,0.989587,0.347551
2,-0.976763,0.332621
2,0.545575,0.957554
2,-0.917507,0.416427
2,-0.841523,0.372618
2,-0.624723,0.741917
2,-0.479293,0.945722
2,-0.244897,1.03163
2,-0.817229,0.430427
2,-0.446228,0.884604
2,0.986235,0.349041
2,0.758867,0.438853
2,0.0188198,1.03446
2,-0.90768,0.279542
2,-0.92763,0.508534
2,-0.10572,0.96975
2,-0.820056,0.68535
2,-1.07481,0.143246
2,-0.781073,0.590602
2,0.897423,0.0607013
2,0.991738,0.180861
2,0.728694,0.711999
2,0.801478,0.243268
2,-0.791778,0.494803
2,-0.97212,0.0300626
2,-0.249106,1.05654
2,-0.781144,0.537066
2,0.0637867,1.01036
2,-0.953954,0.48944
2,0.143719,0.953487
2,-0.459896,0.928639
2,-0.00804845,0.940524
2,-0.835467,0.500605
2,-0.713572,0.677891
2,0.892815,0.466001
2,0.673047,0.683366
2,-0.398123,0.867014
2,0.0367707,0.933796
2,-0.16516,1.07669
2,-0.240494,1.06737
2,-0.87003,0.449068
2,0.488071,0.860026
2,1.03396,0.117383
2,-0.440731,0.905723
2,0.866347,0.646264
2,-0.882131,0.57102
2,0.678906,0.70447
2,0.158985,0.944098
2,0.924306,0.236385
2,-0.641132,0.735024
2,-0.781276,0.659307
2,-0.425618,1.00743
2,-0.657546,0.599294
2,-0.978123,0.0376415
2,-1.0229,0.24235
2,-0.133737,0.954147
2,-1.10795,0.115214
2,0.504067,0.949988
2,0.557848,0.840672
2,0.728935,0.676484
2,0.690296,0.727305
2,-0.584137,0.93592
2,-1.04253,0.19096
2,-0.519106,0.870651
2,0.218877,1.04717
2,-0.638083,0.868847
2,-0.344937,0.969944
2,-0.918397,-0.0447615
2,-0.75736,0.650949
2,0.390387,0.881771
2,-0.323483,1.02706
2,0.124944,1.02805
2,-0.912895,0.347378
2,-0.548413,0.905605
2,-1.00858,-0.0461097
2,-0.0457631,0.96948
2,0.0559091,1.03998
2,0.487106,0.81866
2,-0.424359,1.0033
2,-0.605575,0.851018
2,-1.10867,0.144777
2,0.361917,0.735877
2,0.857007,-0.0108679
2,0.807727,0.478479
2,0.925619,0.397132
2,-0.954876,0.170246
2,0.927326,0.573105
2,1.08241,0.106148
2,-0.452645,0.873337
2,0.47657,0.840835
2,0.940437,-0.0224968
2,0.0149872,0.908871
2,-0.878654,0.442629
2,0.904355,0.490668
2,0.358697,0.851248
2,0.260964,0.987702
2,-0.970757,0.471838
2,0.461771,0.881313
2,0.827336,0.49671
2,1.01977,0.136116
2,0.574443,0.788463
2,-0.665778,0.710609
2,-0.472674,0.850673
2,0.899217,0.27521
2,-0.514981,0.901508
2,-0.960805,0.202165
2,0.534334,0.867675
2,0.500039,0.822814
2,0.975194,0.120695
2,0.614654,0.714701
2,0.369927,-0.0385886
2,-0.042179,0.742377
2,0.424416,0.0422165
2,1.49059,-0.114813
2,0.224824,0.0664312
2,0.174974,0.173731
2,0.0638765,0.251148
2,0.0860928,0.287616
2,0.487075,-0.153274
2,0.0911763,0.412087
2,1.76148,0.0796524
2,0.232746,0.102932
2,1.89012,0.30544
2,1.07592,-0.197528
2,1.41379,-0.191784
2,0.0741021,0.47108
2,1.97104,0.618004
2,1.93681,0.602117
2,0.301965,0.0734764
2,0.716062,-0.23289
2,-0.0996537,0.744002
2,1.72434,-0.0117852
2,1.98174,0.52041
2,1.22425,-0.151492
2,1.94053,0.778231
2,0.000909511,0.610146
2,0.724999,-0.238247
2,0.156837,0.118909
2,0.940906,-0.152358
2,1.98222,0.394755
2,-0.0415804,0.802169
2,0.736114,-0.172681
2,-0.0258887,0.550101
2,1.105,-0.243431
2,0.382826,-0.0970116
2,0.903362,-0.209728
2,0.459755,-0.0965217
2,0.135649,0.310983
2,0.203145,0.150727
2,1.8288,0.488543
2,0.580367,-0.216536
2,-0.0286545,0.734007
2,1.18345,-0.282206
2,0.113036,0.326991
2,0.374887,0.00526775
2,1.63513,0.0296888
2,-0.131887,0.681155
2,1.8091,0.276244
2,0.856828,-0.220513
2,-0.00562537,0.702759
2,0.171825,0.184571
2,1.67534,-0.0330813
2,0.837503,-0.13705
2,0.157171,0.146762
2,1.99167,0.462829
2,1.92096,0.670924
2,1.23487,-0.128765
2,1.75125,0.0990272
2,1.92886,0.561733
2,1.13145,-0.288433
2,1.90308,0.212789
2,1.91926,0.337491
2,1.79855,0.126869
2,2.0001,0.406392
2,0.472646,0.00870081
2,0.218759,0.169908
2,1.79218,0.18818
2,1.21883,-0.195881
2,0.722611,-0.257074
2,0.233554,0.0599011
2,0.315118,0.0910091
2,0.110792,0.548261
2,0.419023,-0.0198859
2,1.85374,0.250187
2,0.0955902,0.388172
2,1.92369,0.363873
2,1.82169,0.149246
2,1.87583,0.397661
2,1.79763,0.221235
2,1.49621,-0.079058
2,2.03831,0.633043
2,1.57057,-0.00415278
2,0.767593,-0.195353
2,1.05045,-0.182284
2,0.0298103,0.548032
2,1.70144,-0.0422186
2,1.65837,-0.0223313
2,1.33051,-0.0953758
2,0.0657732,0.39188
2,0.5552,-0.120865
2,0.444178,-0.0766576
2,0.0581189,0.410083
2,0.0120681,0.569023
2,1.84635,0.58438
2,1.45803,-0.0954998
2,0.901456,-0.205632
2,1.81582,0.0435575
2,1.56159,-0.0900878
2,0.125833,0.338409
2,-0.00645602,0.575181
2,0.798045,-0.0998627
2,0.0882642,0.242228
2,0.0901894,0.397343
2,0.418331,0.0862584
2,1.92319,0.478018
2,0.00620604,0.414285
2,1.99484,0.551871
2,0.387049,-0.0754562
2,1.25849,-0.0987296
2,0.00610475,0.420425
2,0.504564,-0.11767
2,0.796172,-0.173579
2,2.03157,0.61424
2,1.23376,-0.225372
2,2.01975,0.707935
2,1.03876,-0.231726
2,1.37599,-0.142256
2,1.56215,-0.172102
2,0.0855644,0.64226
2,1.8659,0.172876
2,0.57749,-0.142121
2,0.294398,0.132419
2,0.582655,-0.116721
2,1.85537,0.3762
2,0.144899,0.330513
2,1.56799,-0.0292805
2,1.15981,-0.220166
2,1.81575,0.115698
2,0.223356,-0.106487
2,1.94749,0.542112
2,0.91296,-0.1765
2,1.88818,0.221509
2,0.724664,-0.152228
2,0.170051,0.135501
2,0.242852,0.0958523
2,0.0106428,0.763952
2,1.89399,0.321106
2,0.0837737,0.732777
2,0.727492,-0.230259
2,0.303162,0.0533486
2,0.434181,0.105411
2,1.83671,0.235444
2,0.285587,-0.0113254
2,1.92556,0.295105
2,1.35014,-0.0663946
2,1.6069,0.044503
2,1.18497,-0.077552
2,1.88652,0.411995
2,1.22411,-0.306035
2,0.722559,-0.168481
2,0.427815,-0.0034746
2,0.0142556,0.26128
2,0.0566544,0.361625
2,1.92328,0.319447
2,0.449186,0.0878106
2,1.72745,0.00986348
2,1.91113,0.722027
2,2.00537,0.679947
2,2.01526,0.540201
2,1.89288,0.13416
2,0.851274,-0.185081
2,0.630769,-0.20582
2,0.946976,-0.244851
2,1.1632,-0.22427
2,1.88812,0.448936
2,-0.0563784,0.61533
2,1.97287,0.482975
2,1.64778,-0.151886
2,1.70392,-0.00636113
2,1.25159,-0.225712
2,1.8989,0.543561
2,0.755337,-0.22555
2,0.261554,0.308207
2,1.25207,-0.139576
2,1.36555,-0.165924
2,0.949655,-0.223991
2,0.417711,-0.0852993
2,1.76352,0.101214
2,1.81896,0.427115
2,1.88014,0.151115
2,-0.0292972,0.591657
2,2.05168,0.707355
2,1.9756,0.446071
2,1.67373,-0.152569
2,1.75627,0.166773
2,0.437978,-0.0267844
2,1.54405,-0.0435018
2,0.611943,-0.246455
2,1.96114,0.673909
2,1.92242,0.246285
2,0.0909394,0.306352
2,1.87177,0.405459
2,1.90423,0.496668
2,1.7439,0.0113725
2,0.878412,-0.193834
2,-0.0549521,0.675549
2,0.267319,0.0808449
2,1.98749,0.524913
2,1.12916,-0.280807
2,1.04585,-0.153159
2,0.681045,-0.292372
2,0.0499828,0.350977
2,0.720009,-0.184818
2,0.0881932,0.215198
2,0.527948,-0.0726086
2,1.83354,0.355956
2,0.962766,-0.232523
2,0.672367,-0.17818
2,0.566155,-0.13807
2,1.25704,-0.218385
2,0.0336946,0.487238
2,0.762866,-0.221989
2,-0.131554,0.841267
2,1.72289,0.0619774
2,0.838076,-0.260404
2,1.84496,0.433485
2,0.744489,-0.121985
2,0.468632,-0.0702315
2,1.692,-0.124039
2,1.03949,-0.14414
2,1.42496,-0.114475
2,1.66472,-0.0287246
2,2.08922,0.38404
2,0.197183,0.212413
2,0.964632,-0.249301
2,0.0505285,0.720996
2,0.216596,-0.00552747
2,0.154409,0.252587
2,1.53642,-0.104114
2,0.175726,0.250307
2,-0.0379491,0.60111
2,1.90589,0.491775
2,1.29008,-0.146553
2,1.91716,0.567521
2,1.37596,-0.0831225
2,0.282144,-0.0366149
2,1.78901,0.0897741
2,0.245661,-0.0232418
2,-0.0443337,0.696443
2,0.14798,0.234859
2,1.21129,-0.12906
2,0.67713,-0.0991952
2,0.444653,-0.0654772
2,1.71162,0.334918
2,1.23916,-0.15925
2,1.5482,-0.123066
2,1.25982,-0.212797
2,0.927373,-0.366576
2,0.0430464,0.395169
2,0.28456,0.12431
2,0.0975054,0.71083
2,-0.058748,0.605587
2,0.126898,0.437504
2,1.38672,-0.176481
2,0.543883,-0.107994
2,1.75747,0.272492
2,0.46376,-0.1193
2,1.1514,-0.195494
2,1.92608,0.495351
2,0.590776,-0.100904
2,0.148562,0.314237
2,1.63363,0.039099
2,1.48119,-0.140259
2,1.97202,0.427017
2,1.87858,0.319832
2,0.274314,0.263227
2,1.20536,-0.200744
2,1.89596,0.295365
2,0.901601,-0.202412
2,0.993512,-0.225395
2,0.757451,-0.279317
2,1.14385,-0.26358
2,0.331447,0.0355566
2,0.0483881,0.546326
2,1.99325,0.4866
2,0.749552,-0.187721
2,1.15717,-0.251767
2,0.578061,-0.170636
2,2.04805,0.767598
2,0.953458,-0.136381
2,0.93197,-0.155488
2,0.251918,0.134527
2,0.95528,-0.2275
2,0.0686803,0.388054
2,0.791184,-0.266538
2,1.96627,0.538405
2,1.93598,0.509756
2,1.49063,-0.122234
2,0.936808,-0.184596
2,1.86859,0.239203
2,1.67948,0.0223074
2,2.00151,0.660678
2,1.93485,0.725548
2,1.71929,0.100199
2,1.40751,-0.134346
2,0.00711542,0.563539
2,1.91292,0.293166
2,-0.0722385,0.576115
2,1.28202,-0.254146
2,2.12096,0.655057
2,0.373827,0.0549651
2,0.567138,-0.22535
2,1.97031,0.594336
2,0.000790342,0.531882
2,1.96529,0.555145
2,1.91729,0.47509
2,0.114189,0.508395
2,2.11343,0.529214
2,0.044691,0.438344
2,1.38572,-0.133571
2,1.72527,0.0271261
2,1.83293,0.2457
2,0.860172,-0.190171
2,0.0479612,0.639811
2,1.31516,-0.26323
2,0.880348,-0.108706
2,1.9588,0.570561
2,0.517937,-0.202287
2,1.71609,0.0905115
2,1.89976,0.664062
2,2.00075,0.520106
2,1.30038,-0.061375
2,1.177,-0.229872
2,0.890043,-0.326727
2,0.945283,-0.176641
2,0.879272,-0.249679
2,2.03078,0.53243
2,0.153766,0.0433645
2,1.58067,-0.0852599
2,1.04268,-0.299342
2,1.12645,-0.0646929
2,2.0064,0.291271
2,0.175137,0.275494
2,1.72289,-0.150725
2,0.00806654,0.667547
2,0.597822,-0.131393
2,0.711994,-0.269436
2,1.9997,0.820208
2,1.86761,0.242412
2,0.212762,0.269397
2,1.50692,0.0583643
2,2.0219,0.38879
2,1.65562,0.0772536
2,0.606561,-0.154637
2,0.79291,-0.202392
2,1.98634,0.503186
2,1.8793,0.463805
2,0.0526466,0.633534
2,1.72301,0.0129496
2,1.11881,-0.221545
2,1.64478,-0.0807322
2,1.24229,-0.160699
2,1.59303,-0.112201
2,0.652035,-0.159974
2,1.51562,-0.0734886
2,0.633229,-0.20994
2,1.98129,0.599204
2,0.91365,-0.263894
2,0.625867,-0.0823643
2,0.301202,0.0646609
2,0.19822,0.0813579
2,-0.0648796,0.675578
2,1.12103,-0.170455
2,0.228738,0.00429315
2,0.942095,-0.220245
2,1.7005,-0.0307456
2,0.152315,0.178979
2,1.5331,-0.0990209
2,0.69317,-0.176901
2,0.386755,0.0459271
2,0.276458,0.077075
2,1.9123,0.260737
2,0.0947572,0.799738
2,0.529478,-0.17925
2,1.08295,-0.108092
2,0.357913,0.0172279
2,1.18243,-0.284693
2,1.02053,-0.277966
2,0.438774,0.0151345
2,0.469625,0.0064123
2,0.306137,0.136647
2,0.588191,-0.177827
2,1.88655,0.371364
2,2.11171,0.663264
2,1.21762,-0.137437
2,0.28216,0.0649964
2,0.564119,0.0308358
2,1.62113,-0.0160657
2,0.0504061,0.66824
2,0.113019,0.352368
2,0.233383,0.166391
2,0.477139,-0.0844897
2,1.17429,-0.131002
2,0.173177,0.298083
2,0.754151,-0.204463
2,0.100683,0.256942
2,1.53725,0.0570458
2,0.810627,-0.298827
2,0.0216569,0.568542
2,0.440863,-0.129079
2,1.36683,-0.207831
2,1.1848,-0.108756
2,0.356254,0.0844756
2,1.21586,-0.216786
2,0.1713,0.216262
2,1.73803,0.0245989
2,0.590344,-0.116788
2,0.141566,0.413276
2,0.319048,0.0443671
2,0.204494,0.149371
2,0.0676041,0.337347
2,0.557537,-0.155057
2,1.4626,-0.100175
2,-0.0313785,0.728244
2,1.82431,0.211207
2,1.85521,0.438957
2,1.95897,0.304204
2,1.10975,-0.148764
2,0.116919,0.157495
2,-0.108565,0.545237
2,1.32366,-0.30946
2,0.131084,0.21985
2,-0.0403104,0.305009
2,1.13761,-0.261378
2,0.877357,-0.192221
2,1.66094,0.0887704
2,0.123478,0.403738
2,0.661764,-0.183147
2,2.01677,0.41758
2,0.0658895,0.612659
2,1.07727,-0.258211
2,1.26394,-0.194022
2,0.561915,-0.107914
2,2.03816,0.513923
2,1.67549,0.0150627
2,1.51092,-0.0633988
2,1.4954,-0.0604389
2,0.0172531,0.409653
2,0.123121,0.430767
2,1.40389,-0.195659
2,1.58992,-0.0257407
2,-0.0246972,0.557531
2,1.93258,0.422824
2,1.20173,-0.331475
2,0.329374,0.105965
2,1.93095,0.544182
2,1.14027,-0.125895
2,0.0938475,0.395647
2,0.821306,-0.217442
2,0.371256,0.102761
2,1.14541,-0.324985
2,1.93363,0.422075
2,0.606534,-0.0929407
2,0.0192941,0.480012
2,-0.0710608,0.590208
2,0.644073,-0.18962
2,1.3878,-0.197006
2,1.47462,-0.1371
2,0.354756,0.0750887
2,1.18834,-0.250347
2,1.47809,-0.105546
2,0.107295,0.312855
2,0.227833,0.405924
2,1.18882,-0.182392
2,1.04337,-0.219778
2,0.761145,-0.156156
2,0.968211,-0.313885
2,1.73824,0.13845
2,1.14597,-0.200897
2,0.171335,0.0609157
2,0.23694,0.247713
2,0.139681,0.401357
2,1.9505,0.670446
2,0.0814049,0.659014
2,0.00875192,0.607706
2,1.23609,-0.150794
2,0.964751,-0.277357
2,1.4244,-0.18993
2,1.42385,-0.168254
2,0.837308,-0.241142
2,1.47208,0.0264203
2,-0.0562447,0.540024
2,1.85028,0.353993
2,0.158465,0.0865065
2,0.736036,-0.173357
2,1.04199,-0.245798
2,2.07902,0.594673
2,1.22409,-0.340466
2,0.845735,-0.0818517
2,0.818201,-0.245455
2,0.743609,-0.270811
2,2.02214,0.742537
2,2.0226,0.686012
2,0.474403,-0.0385745
2,1.62225,-0.0251166
2,1.31324,-0.124374
2,1.81193,0.314908
2,1.74913,0.144352
2,0.501743,-0.211508
2,1.6381,-0.0592743
2,0.432616,0.0587853
2,1.37222,-0.173363
2,1.77618,0.150739
2,0.329807,0.0703189
2,1.67288,-0.015337
2,1.19368,-0.198815
2,0.44752,-0.108856
2,1.43619,-0.133902
2,0.308863,0.0217318
2,1.07727,-0.301264
2,0.352101,0.122607
2,1.16039,-0.19099
2,1.45706,-0.133521
2,-0.0383625,0.684237
2,0.184271,0.19957
2,0.0554576,0.103281
2,2.05791,0.719875
2,0.922052,-0.210283
2,1.82003,0.289304
2,0.133,0.187542
2,1.95077,0.533825
2,0.166923,0.399053
2,1.41863,-0.290459
2,0.211223,0.344955
2,1.19784,-0.190789
2,1.51462,-0.0988588
2,0.130788,0.41846
2,1.65979,-0.012851
2,1.99328,0.52049
2,0.00488688,0.524257
2,-0.0177076,0.727801
2,1.48573,-0.0505264
2,0.448998,-0.0893884
2,0.664731,-0.201649
2,1.00673,-0.265676
2,1.88467,0.170418
2,0.766821,-0.145726
2,0.989722,-0.275467
2,0.505937,-0.0750544
2,0.382476,0.0752536
2,0.0128854,0.591164
2,1.9174,0.65467
2,1.94702,0.701625
2,0.00808008,0.587706
2,1.86949,0.433116
2,1.41058,-0.121484
2,1.51641,0.00611435
2,0.335211,0.00907557
2,1.4165,-0.277827
2,0.888917,-0.207872
2,2.07373,0.574004
2,2.08379,0.707983
2,0.42851,-0.00472701
2,0.199792,0.187146
2,0.252412,0.199916
2,1.43748,-0.155386
2,0.455837,-0.127921
2,1.29573,-0.143239
2,1.43459,-0.124227
2,1.54123,-0.122563
2,1.99767,0.762509
2,0.215476,0.419997
2,0.655407,-0.119824
2,1.88919,0.114821
2,0.354438,-0.0546305
2,1.94378,0.553085
2,2.00436,0.657305
2,1.87356,0.253724
2,1.95286,0.455164
2,1.444,-0.0399816
2,1.73834,-0.0335978
2,2.00301,0.500285
2,1.9056,0.44059
2,0.767302,-0.174471
2,1.96899,0.571683
2,0.13801,0.181713
2,1.31185,-0.197513
2,1.29528,-0.299226
2,0.464042,-0.0551304
2,0.718209,-0.116413
2,0.520282,-0.178224
2,1.91256,0.157703
2,1.8656,0.252634
2,1.96584,0.49998
2,0.157997,0.108984
2,1.55872,0.0166984
2,1.94789,0.434524
2,1.86959,0.420572
2,-0.0622837,0.545608
2,1.5045,-0.199668
2,1.95453,0.218537
2,1.8924,0.413638
2,2.03995,0.611096
2,1.48724,-0.137353
2,1.07566,-0.224564
2,1.68056,0.164867
2,2.05877,0.616027
2,0.884095,-0.164095
2,-0.0168052,0.550266
2,0.758161,-0.132628
2,0.321164,0.0923014
2,0.680946,-0.207272
2,1.49171,-0.0731285
2,0.0332896,0.463969
2,0.183984,0.106197
2,1.57931,0.00754715
2,0.097665,0.650817
2,0.221887,0.171745
2,1.08475,-0.243543
2,0.144173,0.507928
2,0.0569713,0.327594
2,1.66375,-0.00866123
2,0.393853,0.0395298
2,1.94072,0.59099
2,0.0922917,0.24535
2,0.142271,0.319035
2,1.42068,-0.135765
2,0.423848,0.00456131
2,1.81872,0.269598
2,1.9486,0.551272
2,0.0938817,0.138772
2,2.00424,0.695026
2,1.91112,0.585253
2,1.0668,-0.160987
2,1.37788,-0.0732831
2,1.93309,0.795526
2,2.03378,0.76718
2,0.959911,-0.128657
2,8.1301e-05,0.513824
2,1.3441,-0.149283
2,2.03064,0.705666
2,1.16125,-0.220942
2,1.85473,0.236334
2,1.69708,0.128706
2,1.52889,-0.0626777
2,0.130193,0.216472
2,0.990126,-0.205212
2,1.04322,-0.124399
2,0.886483,-0.32965
2,0.726069,-0.217137
2,1.494,-0.112251
2,1.56422,-0.100864
2,0.710939,-0.345111
2,0.0956116,0.345235
2,1.18961,-0.123776
2,0.0162776,0.41454
2,0.676295,-0.220533
2,0.216704,0.214486
2,1.60241,0.0470154
2,1.27672,-0.228569
2,1.80524,0.274788
2,1.28614,-0.165206
2,1.11303,-0.231793
2,0.276234,0.20382
2,0.51771,-0.121394
2,0.938589,-0.16297
2,0.317144,0.0549187
2,1.51119,0.0228161
2,0.248187,0.0255941
2,0.0651894,0.593624
2,0.320309,0.0991397
2,-0.0902002,0.407141
2,0.207459,0.277659
2,2.01193,0.234453
2,1.22228,-0.107128
2,0.904047,-0.159854
2,0.028309,0.321613
2,1.98264,0.730407
2,0.904007,-0.0955193
2,1.20422,-0.108464
2,0.375098,-0.00648303
2,1.58086,-0.0742737
2,1.52296,-0.157676
2,2.05772,0.857897
2,1.15145,-0.223915
2,0.266962,0.120799
2,-0.011288,0.369377
2,1.45557,-0.0907006
2,1.78113,0.0563857
2,0.278634,0.174176
2,1.97853,0.672596
2,0.0724332,0.537639
2,0.32627,-0.0922095
2,1.09238,-0.351234
2,0.983399,-0.339895
2,0.56743,-0.231111
2,1.62697,-0.0867456
2,0.767442,-0.226188
2,0.823442,-0.140508
2,1.92148,0.502897
2,0.958439,-0.286552
2,1.62129,-0.0306233
2,1.83945,0.524737
2,0.0854522,0.36581
2,1.06467,-0.273751
2,1.70238,-0.0676127
2,0.180283,0.0631507
2,1.53782,-0.0555707
2,0.270091,0.181337
2,0.153056,0.0841753
2,1.75444,0.0573097
2,1.50575,-0.121283
2,1.33767,-0.173451
2,1.23645,-0.21799
2,0.242357,0.172922
2,1.68359,-0.031007
2,0.549892,-0.13765
2,0.0379413,0.653437
2,1.83904,0.0595296
2,0.693529,-0.189653
2,0.33128,0.0496042
2,1.77031,0.167459
2,0.14962,0.19892
2,1.81412,0.188156
2,1.79126,0.250989
2,1.49571,-0.12538
2,1.25352,-0.177514
2,0.615487,-0.198282
2,1.70918,-0.0207979
2,1.0332,-0.295168
2,-0.0214396,0.54155
2,0.106424,0.463547
2,-0.0329178,0.492496
2,1.26566,-0.16025
2,0.110289,0.474349
2,1.96509,0.549618
2,0.035945,0.3708
2,1.4442,-0.0584609
2,1.84719,0.167188
2,0.279878,0.17076
2,0.0228315,0.383143
2,1.86798,0.282369
2,0.167217,0.547347
2,1.46458,-0.0541375
2,1.85932,0.248222
2,1.71754,0.0711566
2,1.80021,0.216709
2,0.717892,-0.0526608
2,0.451543,-0.0997738
2,1.0205,-0.352721
2,1.11788,-0.259997
2,1.88072,0.414931
2,1.41794,-0.314038
2,1.72673,0.0429727
2,0.6835,-0.138957
2,0.805658,-0.307564
2,0.977262,-0.283866
2,0.355889,0.129283
2,1.13932,-0.192009
2,0.661977,-0.0494993
3,0.0231109,1.00492
3,-0.255144,0.893778
3,-0.619263,0.80306
3,0.615602,0.896395
3,-0.0524781,1.00415
3,-0.692441,0.825112
3,-0.904914,0.413501
3,0.9379,0.471688
3,-0.206498,0.968541
3,0.0798812,1.00117
3,0.180095,0.971392
3,-0.264863,1.09082
3,0.942062,0.330617
3,-0.864017,0.669812
3,0.933336,0.264432
3,0.496762,0.960504
3,-0.92537,0.215943
3,-0.712842,0.564726
3,0.610369,0.85803
3,0.294438,1.04627
3,-0.353081,0.838318
3,-0.487253,0.833712
3,-0.00436173,0.983904
3,-0.0854008,0.996323
3,-0.841598,0.187312
3,-1.08171,-0.0959812
3,-1.00652,0.246557
3,0.921275,0.507902
3,-0.545622,0.855772
3,-0.482664,0.75267
3,-0.622132,0.698956
3,-0.0597606,0.935184
3,1.0018,0.277139
3,-1.04175,0.166777
3,-0.687596,0.664987
3,0.870796,0.51646
3,0.517835,0.898897
3,0.301328,0.910684
3,0.414244,0.860856
3,-0.474409,0.964563
3,1.11535,0.249896
3,0.407213,0.911775
3,-0.830003,0.438633
3,0.968454,0.402405
3,-1.00564,0.0189017
3,0.0845538,1.07635
3,0.571038,0.924593
3,0.378791,0.831745
3,-0.522903,0.778254
3,0.458046,0.917008
3,0.684501,0.873459
3,-0.990815,0.278988
3,0.968904,0.0237964
3,-0.976728,0.131538
3,-0.376258,0.887303
3,-0.517831,0.728894
3,0.0224499,1.03268
3,0.362138,0.886982
3,0.876331,0.402603
3,0.960945,0.375052
3,-0.594733,0.785215
3,0.706508,0.815206
3,1.02727,0.0975172
3,0.850303,0.437681
3,0.572777,0.693766
3,-0.102726,1.04069
3,-0.217855,1.0501
3,-0.645983,0.796321
3,0.362186,0.984979
3,-1.00371,-0.0157044
3,-1.00564,0.322891
3,-0.999634,0.0901911
3,-0.368691,0.962568
3,0.904332,0.487027
3,-0.962612,0.0888811
3,0.0688706,1.07038
3,-0.711675,0.843747
3,-0.925186,0.140265
3,-0.775056,0.460417
3,0.986087,0.072398
3,-0.818085,0.617563
3,-0.501586,0.893357
3,0.166575,0.92315
3,0.537745,0.753429
3,0.926337,0.337895
3,-0.367384,0.839893
3,0.749116,0.677426
3,-0.541228,0.746938
3,-1.02074,0.0919639
3,-0.902942,0.561699
3,-0.551841,0.638456
3,0.257245,0.966997
3,-0.904882,0.500215
3,0.747866,0.622288
3,0.95169,0.455253
3,0.772249,0.562283
3,-0.129744,1.02345
3,0.998765,0.403399
3,0.106529,0.949994
3,1.00499,0.102439
3,0.550028,0.852252
3,0.943785,0.39994
3,-0.216239,1.02241
3,-0.233026,0.890154
3,-0.58397,0.74091
3,0.262625,1.08325
3,-0.95299,0.29061
3,-0.0116487,1.11987
3,0.906495,0.401445
3,0.731361,0.814222
3,0.268801,0.899135
3,0.237912,0.849171
3,-0.858114,0.506854
3,-0.374995,1.06296
3,-0.328223,0.911619
3,0.959336,0.279498
3,0.715189,0.629419
3,0.659518,0.761228
3,0.977135,0.301838
3,0.928571,0.160465
3,0.804817,0.621729
3,-0.56465,0.832186
3,0.498766,0.688696
3,0.129589,0.93887
3,0.92104,0.378408
3,0.100743,0.942014
3,1.04212,0.248009
3,-0.457696,0.798419
3,0.709047,0.681441
3,0.842039,0.446901
3,1.03081,0.247818
3,0.949406,0.0021435
3,0.543592,0.787379
3,0.0890195,0.975216
3,0.975274,0.269787
3,-0.988986,0.345455
3,-0.337494,0.919593
3,-0.426492,0.923925
3,1.03986,0.0276226
3,1.02838,0.203423
3,-0.748755,0.651162
3,-0.581123,0.766798
3,-0.622517,0.783877
3,-0.703313,0.634649
3,-0.935873,0.577321
3,-0.699596,0.783347
3,0.536838,0.735074
3,-0.7283,0.471375
3,-0.0582083,0.90547
3,-0.174417,0.933007
3,0.372275,0.895452
3,-0.620098,0.819364
3,0.215924,1.00201
3,0.868886,0.326121
3,1.00925,0.0685513
3,0.980334,0.268094
3,-0.981169,0.279578
3,-0.705123,0.718752
3,0.2035,1.03633
3,-0.573699,0.724117
3,-1.01973,0.448264
3,1.01252,0.197836
3,0.467175,0.807534
3,0.756835,0.716741
3,0.987484,-0.00228559
3,1.03486,-0.0676012
3,-0.221614,0.988078
3,-0.681075,0.728919
3,-0.705841,0.773084
3,-0.951312,0.0922385
3,0.163421,0.950328
3,0.728757,0.674263
3,-0.527447,0.899434
3,-0.438181,0.939834
3,0.252414,0.950769
3,-0.981341,0.348194
3,-0.2557,0.922924
3,0.753267,0.688781
3,-1.06322,0.0171554
3,-0.965198,0.141783
3,-0.862639,0.373644
3,-0.596868,0.726693
3,-0.476789,0.848801
3,0.181679,1.02122
3,-0.877738,0.549874
3,-0.987797,0.121477
3,-0.729863,0.837133
3,1.02531,0.189311
3,-0.722408,0.720899
3,0.576367,0.912242
3,0.776097,0.51542
3,0.731006,0.790484
3,0.437342,0.875176
3,0.800802,0.359852
3,0.247461,0.943981
3,0.320486,1.02797
3,0.289991,0.979843
3,0.376939,1.02691
3,0.699246,0.692257
3,-0.893712,0.536491
3,0.229618,0.957898
3,0.0289292,0.99415
3,0.575349,0.856474
3,-0.544995,0.893658
3,0.386527,0.930316
3,-0.797873,0.605002
3,-0.960325,0.392088
3,-0.271306,1.03011
3,0.366471,0.942723
3,-0.185211,0.953709
3,-0.750125,0.579474
3,-1.02646,0.0138185
3,-0.985784,0.270436
3,-0.847734,0.334054
3,-0.93024,0.250936
3,0.396027,0.890205
3,-0.166657,0.950465
3,-0.947987,0.240096
3,0.504594,0.817138
3,-0.138536,0.941057
3,-0.850377,0.557407
3,0.817045,0.50535
3,1.00644,0.378175
3,0.959194,0.184765
3,0.791252,0.610073
3,0.0338803,1.07132
3,0.948777,0.29696
3,-0.838906,0.683893
3,-1.03216,0.00360623
3,-0.549718,0.881738
3,0.845992,0.426626
3,-0.475018,0.848365
3,-0.927499,0.189629
3,-0.390257,0.920757
3,0.177151,1.02724
3,0.563831,0.738695
3,-0.889197,0.470752
3,0.75168,0.67598
3,0.284658,1.00303
3,-0.374541,0.885936
3,-1.03439,0.0908037
3,0.94085,0.48614
3,-0.953742,0.134401
3,-0.476112,0.871308
3,0.942746,0.223527
3,-0.38339,0.839917
3,-0.733522,0.811062
3,0.845049,0.531267
3,-0.322803,0.941186
3,0.822859,0.632029
3,0.576014,0.773766
3,-0.881528,0.399097
3,0.970376,0.0996922
3,0.916412,0.360866
3,0.707153,0.771987
3,0.47963,1.00661
3,-0.424014,0.872444
3,-0.80386,0.37968
3,-0.379863,0.96436
3,-0.214937,0.860857
3,-0.949936,0.366342
3,0.78293,0.477462
3,-0.640312,0.676995
3,0.549291,0.708327
3,-0.927359,0.426833
3,0.506256,0.800966
3,0.799375,0.489203
3,0.823368,0.736588
3,0.618253,0.597836
3,-0.998037,0.153863
3,-0.6112,0.8331
3,0.64045,0.755377
3,-0.936573,0.50919
3,-1.06737,0.456035
3,-0.000132608,0.936298
3,-0.929294,0.240519
3,0.484557,0.973245
3,-0.727265,0.455692
3,-0.600968,0.894767
3,0.724214,0.689366
3,-0.306724,0.937749
3,-0.220422,0.929276
3,-0.938606,0.34163
3,-0.853505,0.579825
3,-0.600376,0.807656
3,-0.83908,0.611788
3,-0.903528,0.49504
3,0.890889,0.557896
3,-0.195316,0.985762
3,0.309059,0.937645
3,-0.827627,0.600474
3,-0.702492,0.72113
3,0.447126,0.934663
3,0.262789,0.944531
3,0.117416,0.964204
3,0.795574,0.516207
3,0.573489,0.850421
3,0.967997,0.234199
3,-0.146033,1.06188
3,0.902488,-0.0180556
3,0.987664,0.347747
3,0.154767,1.06973
3,-0.950249,0.440169
3,0.657322,0.855262
3,0.664433,0.730619
3,-0.998423,0.19594
3,0.150842,0.926508
3,0.912709,0.0790927
3,0.493007,0.910275
3,0.116044,1.0192
3,0.980143,0.453712
3,0.822093,0.629325
3,0.868625,0.33019
3,0.442044,0.81448
3,0.681871,0.555856
3,0.843295,0.492018
3,-0.863324,0.336969
3,-0.208249,1.04002
3,-0.922173,0.37959
3,-0.0627466,0.977849
3,-0.969088,0.0998997
3,0.868236,0.604717
3,0.6426,0.747677
3,-0.67567,0.875831
3,1.08547,0.0882612
3,0.911109,0.288531
3,-0.927168,0.540036
3,0.452927,0.867771
3,0.836172,0.507071
3,-0.769602,0.630981
3,-0.932926,0.431071
3,0.490768,0.872677
3,0.608142,0.668359
3,0.275267,0.83289
3,0.712215,0.756651
3,0.382103,0.998526
3,-0.832751,0.557693
3,0.838401,0.733339
3,-0.983045,0.0771054
3,0.75606,0.550502
3,-0.921975,0.681364
3,0.215975,1.03641
3,0.120636,0.981351
3,-0.750245,0.563843
3,0.223005,0.940971
3,-0.976924,0.094288
3,-0.911746,0.251653
3,0.828689,0.43773
3,0.934713,0.210164
3,0.911016,0.421583
3,0.17315,0.974121
3,0.195015,0.992873
3,1.0315,0.0538109
3,0.951872,0.395718
3,-0.530501,0.884704
3,-1.05876,0.30953
3,-0.978489,0.18862
3,-0.910167,0.327849
3,-0.701889,0.853434
3,-0.955199,0.110173
3,-0.811676,0.561846
3,0.387402,0.917195
3,1.00374,0.578764
3,0.661495,0.754661
3,0.493491,0.933579
3,0.684115,0.741547
3,-0.86796,0.526121
3,0.938747,0.2543
3,-0.800725,0.62806
3,0.986549,0.0686478
3,-1.06985,0.0979131
3,-0.729146,0.634706
3,0.959527,0.498842
3,-1.03161,-0.035297
3,0.42484,0.825876
3,-0.709801,0.82382
3,0.878065,0.651996
3,-0.506094,0.913644
3,-0.280149,0.939888
3,0.246352,0.873791
3,0.0997016,0.964296
3,0.611422,0.790162
3,-0.662943,0.802809
3,0.171631,0.914101
3,-0.582147,0.841239
3,0.925076,0.430698
3,0.1996,1.01042
3,0.0176688,1.06725
3,-0.935745,0.380717
3,0.864735,0.499992
3,0.558048,0.874795
3,0.198347,0.95704
3,1.04786,0.0903717
3,0.629564,0.718662
3,1.00645,0.114018
3,-0.0618002,0.985859
3,0.617725,0.64587
3,-0.173436,0.86315
3,-0.160901,1.03449
3,-0.263264,0.948
3,0.734786,0.780302
3,-0.500707,0.830049
3,0.924931,0.340438
3,0.807039,0.325394
3,-0.85552,0.538546
3,-0.36426,0.948366
3,-0.677178,0.674318
3,-0.77377,0.685706
3,0.744906,0.697025
3,-0.573906,0.814137
3,-0.819652,0.594373
3,-0.907286,0.453561
3,0.674023,0.546317
3,-0.717723,0.52034
3,0.232775,0.984021
3,1.04386,0.144242
3,0.704611,0.593691
3,0.968976,0.40536
3,-0.580861,0.758466
3,-0.618663,0.787621
3,-0.7549,0.653706
3,-1.01287,0.0800379
3,0.463853,0.90314
3,-0.81998,0.672665
3,0.153587,0.857364
3,0.821113,0.689425
3,0.89352,0.158806
3,-1.05049,0.101078
3,-1.04638,0.157621
3,0.335081,1.04993
3,-0.925003,0.3485
3,-0.178095,0.85558
3,0.969786,0.476164
3,0.0908556,0.938182
3,0.379659,0.903601
3,-0.788282,0.481216
3,-0.23744,1.05721
3,1.1074,0.0953898
3,0.166434,1.0444
3,-0.163437,0.936464
3,-0.0370567,0.923848
3,0.912963,0.287702
3,0.950007,0.231176
3,-0.903898,0.15632
3,0.82896,0.38176
3,-0.604428,0.810822
3,-0.0643543,1.02054
3,-0.745002,0.76247
3,0.233703,0.963545
3,-0.948496,0.264381
3,0.703583,0.638068
3,0.384276,1.00514
3,-0.879905,0.514522
3,-0.047144,0.960274
3,-1.01612,0.0345433
3,-0.540425,0.787655
3,-0.906093,0.477983
3,0.671504,0.851482
3,0.0740499,1.03149
3,-0.371165,0.927877
3,0.964859,0.314409
3,0.811544,0.78714
3,0.88613,0.334427
3,0.616258,0.741635
3,-0.694538,0.675698
3,-0.576812,0.832147
3,0.551838,0.850132
3,0.281134,1.0112
3,-0.82904,0.61883
3,0.873292,0.436941
3,0.639325,0.783864
3,0.786248,0.552372
3,1.04258,0.0954465
3,0.174229,0.995504
3,0.122817,1.14305
3,0.947432,0.359123
3,0.37058,0.877551
3,0.773688,0.583077
3,0.570855,0.863183
3,0.58641,0.83529
3,-0.532286,0.916189
3,0.853603,0.172129
3,0.440505,0.882608
3,-0.477671,0.763876
3,-1.07655,0.314872
3,0.214106,1.02853
3,-0.627041,0.78456
3,-0.206686,1.00792
3,0.910716,0.277921
3,0.198589,0.995021
3,-0.195572,1.04031
3,0.402004,0.887607
3,0.885163,0.586507
3,0.883577,0.613572
3,-0.192082,1.0797
3,0.890231,0.574524
3,-0.920393,0.352677
3,-0.572394,0.742065
3,-0.161895,0.918583
3,-0.56038,0.812759
3,0.0328793,1.05221
3,0.681484,0.763297
3,-0.534448,0.805472
3,-0.514926,0.866988
3,0.931812,0.382167
3,0.306673,1.00969
3,-0.071902,1.06326
3,-0.953603,0.100314
3,-1.0523,0.019448
3,0.129524,0.912698
3,-0.025219,1.06282
3,-0.977779,0.129625
3,-0.510336,0.878949
3,1.02598,0.249034
3,-0.414679,0.835109
3,-0.332512,1.02216
3,0.159406,0.965524
3,-0.694964,0.79523
3,-1.01231,0.334491
3,-0.493835,0.797979
3,-0.354083,1.0697
3,-0.338277,0.93098
3,-0.607486,0.697
3,-0.450887,0.8935
3,-0.599557,0.764033
3,-0.991408,0.221686
3,-1.00139,0.362367
3,-0.248475,0.913039
3,0.982764,0.234477
3,-0.152418,0.943623
3,0.554275,0.844044
3,0.0764698,1.1093
3,0.373689,0.959721
3,1.00458,0.0710385
3,0.836271,0.390991
3,-0.120266,0.817568
3,-7.46612e-05,1.00777
3,0.792161,0.801693
3,0.669181,0.637423
3,-0.64772,0.798614
3,-0.992491,0.0741745
3,-0.904054,0.0735451
3,0.565223,0.725628
3,0.355765,0.986638
3,-0.995482,0.0426348
3,-0.526592,0.817983
3,-0.868181,0.398727
3,-0.695225,0.785088
3,-0.424034,0.951059
3,0.609676,0.802352
3,0.789061,0.577921
3,0.0589503,0.95827
3,-0.891974,0.254472
3,-0.843453,0.395645
3,0.143195,0.966644
3,-0.895452,0.381906
3,-0.154699,0.996524
3,0.630565,0.832525
3,-0.324529,0.94034
3,-0.895567,0.610403
3,0.787631,0.556547
3,-0.911874,0.487379
3,0.279149,0.913084
3,-0.915426,0.392408
3,0.345938,0.922397
3,1.01896,0.104063
3,0.610495,0.795124
3,-0.113775,1.09623
3,-1.00815,0.302569
3,-0.883683,0.287866
3,-0.4328,0.819772
3,-0.405713,1.00171
3,-0.313235,0.926117
3,0.752737,0.680483
3,-0.158053,0.885071
3,-0.723377,0.498887
3,0.595599,0.868914
3,0.883539,0.536717
3,0.970323,0.265426
3,1.00861,0.374484
3,-0.970133,0.0776599
3,0.840929,0.722482
3,0.968364,0.201735
3,1.01762,0.299323
3,-0.534934,0.78981
3,0.437242,1.01045
3,0.858542,0.447905
3,-0.203,1.02145
3,0.663181,0.697883
3,-1.05477,0.236346
3,0.317202,0.893284
3,1.02424,0.0470649
3,-1.01985,0.213831
3,1.03331,-0.0232094
3,-0.249753,1.15317
3,-0.967788,0.0156337
3,-0.825347,0.55872
3,0.933484,0.374142
3,0.763263,0.66401
3,0.33617,0.902398
3,-0.247438,0.979279
3,0.901207,0.335117
3,0.364761,0.915818
3,-0.836024,0.617038
3,0.524828,0.842518
3,-1.03154,-0.0115369
3,-0.888359,0.40802
3,0.340254,0.9399
3,0.448745,0.905408
3,-0.00831419,0.987445
3,0.338609,0.895116
3,0.578812,0.790299
3,-0.545194,0.88108
3,-0.811803,0.661362
3,0.538451,0.934557
3,-1.04365,0.140206
3,-0.0549757,1.05736
3,-0.784941,0.612659
3,0.803837,0.766188
3,-0.236159,1.00824
3,0.237077,0.846031
3,-0.0565024,1.19461
3,-0.517422,0.868478
3,-0.854645,0.677182
3,-0.441697,0.965649
3,-0.991506,0.0946605
3,0.952089,0.0703404
3,0.176642,0.981238
3,0.66414,0.619317
3,0.990007,0.177499
3,0.861888,0.591448
3,-0.817904,0.597386
3,-0.029284,0.96549
3,0.386524,0.917335
3,-1.12259,0.159209
3,-0.756926,0.701041
3,1.05604,0.0937221
3,-0.300199,1.00545
3,0.886893,0.220897
3,0.457026,0.953805
3,0.181629,0.930029
3,-0.715523,0.607196
3,-0.926721,0.22527
3,-0.801261,0.455207
3,0.97681,-0.0299006
3,0.667568,0.753281
3,0.917719,0.677894
3,-0.995252,0.108378
3,0.503463,0.802978
3,-1.05189,0.12332
3,0.820527,0.457287
3,-0.39323,0.868852
3,0.778948,0.560941
3,0.136592,0.998812
3,0.483935,0.865803
3,-0.655579,0.811904
3,1.03272,0.184543
3,0.922474,0.433039
3,0.997443,0.321043
3,1.02464,0.15644
3,-0.0920818,1.01242
3,-0.257414,0.88563
3,0.467036,0.780039
3,-0.781354,0.699445
3,1.05894,-0.0120912
3,0.178065,1.09915
3,-0.692695,0.896236
3,-0.651605,0.93394
3,0.500876,0.879078
3,-0.88204,0.471065
3,1.0167,0.196811
3,-0.429405,0.933839
3,0.480027,0.872174
3,0.903286,0.351199
3,1.03105,0.0396735
3,0.774354,0.618197
3,-0.68256,0.722021
3,-0.963609,0.127297
3,-1.02189,0.223118
3,-0.0655813,1.0203
3,-0.844824,0.562141
3,-0.927828,0.540117
3,-0.298746,1.02603
3,-0.998965,0.403334
3,1.00203,0.141391
3,-0.959313,0.31291
3,-0.343643,1.05498
3,0.942165,0.476901
3,0.409922,0.973047
3,-0.81936,0.437976
3,1.00552,0.269821
3,0.689627,0.759422
3,0.979514,0.28196
3,-0.324049,0.921394
3,-0.655957,0.641738
3,-0.376556,1.03559
3,-0.233348,0.943267
3,-0.972449,0.192684
3,0.914976,0.448665
3,-0.665562,0.70673
3,0.542763,0.922033
3,0.669013,0.771647
3,0.841966,0.453749
3,0.87938,0.471831
3,0.854022,0.636268
3,-0.0829059,1.04372
3,-0.74242,0.812407
3,-0.584235,0.820348
3,0.894502,0.589685
3,0.852534,0.429623
3,-0.476854,0.85273
3,0.290095,0.912699
3,0.38297,0.910616
3,0.153783,1.06252
3,0.304252,0.938307
3,-0.647797,0.757794
3,-0.732715,0.60308
3,0.869329,0.508251
3,-0.0431355,1.03544
3,0.939999,0.212741
3,0.899836,0.0372109
3,0.308601,0.929285
3,-0.0484291,1.10234
3,0.237816,0.958432
3,0.309268,0.988331
3,-0.128263,1.06487
3,-0.97992,0.130045
3,0.263665,0.983712
3,-0.637336,0.819467
3,-0.373883,0.914625
3,-0.573704,0.763211
3,-0.980021,0.112381
3,0.91596,0.347864
3,0.551796,0.734514
3,0.901195,0.453903
3,0.505031,0.903823
3,-0.102927,1.0217
3,1.06352,0.086854
3,0.874392,0.0687659
3,0.755063,0.668188
3,0.963256,0.203123
3,0.80852,0.484159
3,0.868412,0.659886
3,0.924052,0.316324
3,0.900358,0.479052
3,-0.988624,0.247414
3,-0.847207,0.588975
3,0.707778,0.68712
3,-0.201836,1.07958
3,0.0255423,1.08602
3,0.833821,-0.26182
3,1.86841,0.316337
3,0.321688,-0.0730259
3,1.82565,0.104093
3,0.177984,0.186865
3,0.123892,0.17493
3,1.24931,-0.284147
3,0.977252,-0.267982
3,1.53539,-0.0879878
3,0.0368465,0.624
3,0.302063,-0.0721344
3,1.1442,-0.359348
3,1.30443,-0.316578
3,1.7308,0.0781339
3,0.907977,-0.329177
3,1.85946,0.197642
3,1.63875,-0.103017
3,1.43169,-0.422867
3,1.32021,-0.23218
3,1.72351,-0.043052
3,0.031358,0.688
3,0.0162843,0.513607
3,0.214567,0.0507717
3,0.494544,-0.0768337
3,1.85839,0.0590542
3,0.974337,-0.272125
3,0.328508,-0.124163
3,1.75493,-0.00469362
3,1.0392,-0.364665
3,1.23814,-0.320461
3,0.641176,-0.216416
3,0.471812,-0.245129
3,1.772,0.0119959
3,1.9784,0.105091
3,1.13308,-0.354827
3,1.98161,0.592922
3,0.244526,0.0580685
3,1.72123,0.18043
3,0.775464,-0.2574
3,1.94064,0.645099
3,0.120337,0.187673
3,1.39824,-0.201378
3,1.56733,-0.221537
3,1.10484,-0.349797
3,1.68377,0.0290112
3,1.0854,-0.280437
3,0.810658,-0.29649
3,0.106783,0.116167
3,1.25249,-0.279763
3,1.10211,-0.351144
3,0.632037,-0.208897
3,0.0163099,0.355209
3,0.917245,-0.391876
3,0.665386,-0.248312
3,0.678004,-0.291554
3,1.68751,0.00535991
3,1.47278,-0.171113
3,2.01009,0.699302
3,0.924024,-0.356548
3,0.123286,0.658741
3,0.357834,-0.0266104
3,0.425674,-0.0678305
3,-0.111751,0.540039
3,-0.0137869,0.519619
3,0.179267,0.250068
3,0.2478,0.0821533
3,1.63833,-0.108853
3,1.95515,0.228597
3,1.07996,-0.344468
3,0.966099,-0.300414
3,0.165274,0.0453267
3,1.83164,0.133391
3,1.93529,0.184729
3,1.33676,-0.225379
3,1.81002,0.266198
3,1.14419,-0.340752
3,0.470368,-0.215405
3,1.38224,-0.228972
3,1.75586,0.295694
3,0.0100794,0.451397
3,0.546988,-0.283895
3,0.38928,-0.16399
3,1.6556,-0.00801654
3,0.027679,0.64833
3,0.132533,0.00889682
3,0.158047,0.271258
3,1.59304,-0.285851
3,0.67971,-0.330248
3,0.312693,-0.00142307
3,0.931175,-0.445692
3,0.387848,-0.155448
3,0.902378,-0.339443
3,0.114594,0.400359
3,0.105249,0.239784
3,0.934499,-0.339671
3,1.55076,-0.274361
3,1.0932,-0.311305
3,0.188248,0.216794
3,1.90801,0.229794
3,-0.0485929,0.651025
3,0.0927422,0.254813
3,2.0417,0.538973
3,0.326594,0.00753473
3,0.0499632,0.335668
3,-0.00920288,0.333354
3,1.62444,-0.197252
3,0.84251,-0.188119
3,0.34704,0.0215619
3,0.0993806,0.229302
3,1.77611,0.0935689
3,1.20058,-0.28439
3,-0.0344697,0.574513
3,0.0748961,0.357512
3,0.698715,-0.261511
3,1.86653,0.158831
3,1.63252,0.00289751
3,0.0379866,0.586716
3,1.89558,0.278074
3,1.99293,0.610303
3,1.74867,0.0343386
3,0.135797,0.2168
3,0.979735,-0.295539
3,1.23799,-0.212284
3,1.87497,0.144623
3,0.139312,0.130938
3,2.00936,0.521856
3,1.75246,0.0178999
3,1.68875,0.0690954
3,0.279784,-0.0529398
3,0.118762,0.376159
3,0.680425,-0.235366
3,0.328635,0.0298785
3,0.860285,-0.370055
3,1.15507,-0.237874
3,1.66741,-0.0524111
3,0.545204,-0.350933
3,1.71509,-0.00647077
3,0.0287377,0.598976
3,0.778369,-0.150119
3,0.119688,0.269954
3,1.66944,0.0108569
3,0.0175262,0.326269
3,0.913207,-0.400631
3,1.97464,0.481738
3,0.876856,-0.318569
3,0.134437,0.109966
3,1.82244,0.0286729
3,1.95755,0.354844
3,1.88699,0.42654
3,0.653526,-0.374921
3,0.313874,-0.160225
3,1.47637,-0.237544
3,1.26815,-0.350405
3,1.96615,0.221199
3,1.38634,-0.194797
3,0.122832,0.226924
3,1.0472,-0.384598
3,0.462968,-0.0521445
3,1.93934,0.409271
3,0.0578623,0.395875
3,0.489775,-0.144249
3,0.0864752,0.171783
3,1.96262,0.509882
3,1.1951,-0.422491
3,0.00332118,0.62175
3,1.73768,-0.0859389
3,0.180409,0.156902
3,0.224765,0.0497037
3,0.472573,-0.21437
3,1.92947,0.346674
3,1.29038,-0.293404
3,-0.0778552,0.587424
3,1.35066,-0.375481
3,1.36406,-0.205482
3,1.13836,-0.415512
3,1.60032,-0.209384
3,1.42674,-0.258492
3,2.09934,0.658237
3,1.69941,-0.0497711
3,1.71595,-0.162039
3,1.78994,0.0942947
3,1.65099,-0.11694
3,0.333686,0.0015148
3,0.673703,-0.209753
3,0.284498,0.0857775
3,0.57403,-0.256573
3,1.67807,-0.153115
3,-0.0774797,0.662519
3,1.14919,-0.321046
3,0.6025,-0.149706
3,0.40031,-0.0694657
3,0.0742199,0.478117
3,0.0704422,0.441722
3,0.170788,0.242935
3,0.331681,-0.139978
3,1.99377,0.548977
3,0.0952304,0.438426
3,1.03276,-0.3599
3,1.79391,0.0196309
3,1.94926,0.440334
3,0.366443,0.0607957
3,1.30042,-0.186854
3,-0.0235112,0.424746
3,0.779934,-0.359006
3,0.318661,0.0747386
3,1.12458,-0.310209
3,0.0733509,0.464914
3,0.225151,0.0524579
3,1.13069,-0.223496
3,1.64298,-0.185274
3,1.68518,-0.0872655
3,0.511633,-0.0183871
3,0.972215,-0.262333
3,1.98763,0.589626
3,2.03193,0.607591
3,0.116439,0.689015
3,0.928875,-0.265337
3,0.525223,-0.204127
3,1.82519,0.0425979
3,1.98583,0.533556
3,-0.0223712,0.746683
3,0.870256,-0.398323
3,0.153578,0.172131
3,1.95586,0.354
3,0.626911,-0.196691
3,0.838576,-0.355206
3,0.233605,0.0123024
3,1.90311,0.2178
3,0.779001,-0.268836
3,1.92173,0.754485
3,1.23433,-0.243063
3,1.11493,-0.227067
3,0.279374,-0.0994506
3,0.214595,-0.0825995
3,0.204669,0.0279857
3,1.89031,0.193527
3,1.97128,0.316099
3,1.63924,-0.0442596
3,0.567361,-0.130711
3,0.021211,0.36212
3,1.84091,-0.0348474
3,2.1136,0.359844
3,0.107566,0.219159
3,1.58777,-0.0550715
3,-0.128353,0.653736
3,0.935768,-0.271863
3,0.00368476,0.527194
3,0.761444,-0.308098
3,0.25638,-0.0143592
3,1.95935,0.233245
3,0.254854,0.127132
3,0.0661596,0.339274
3,1.76788,0.145674
3,1.68871,-0.0805465
3,1.50652,-0.21106
3,0.525904,-0.182442
3,1.82872,0.26502
3,1.41599,-0.0885197
3,1.97751,0.365554
3,2.03301,0.701072
3,1.44683,-0.232464
3,2.02,0.718789
3,1.84837,0.285152
3,1.38854,-0.142124
3,1.93985,0.430364
3,0.322891,-0.111449
3,2.03474,0.291286
3,1.53967,-0.0894589
3,0.985069,-0.323817
3,1.1453,-0.301454
3,-0.00434638,0.124873
3,1.58341,-0.0388767
3,0.315274,-0.0843544
3,0.253226,0.00450229
3,1.35165,-0.263681
3,1.26353,-0.286602
3,0.108556,0.466886
3,1.87657,0.10967
3,0.000205545,0.327138
3,0.641018,-0.301624
3,0.0707794,0.192268
3,0.153487,0.196539
3,0.119695,0.284878
3,1.68471,-0.0177097
3,0.971078,-0.254469
3,0.561179,-0.205137
3,1.58698,0.00113652
3,1.38297,-0.1929
3,0.525535,-0.321574
3,1.88466,0.151029
3,1.99562,0.551318
3,1.99079,0.553013
3,1.99,0.172513
3,1.01925,-0.337616
3,1.87952,0.523483
3,1.7739,-0.00863714
3,1.22419,-0.340375
3,0.816388,-0.304564
3,1.96945,0.506359
3,0.788426,-0.302198
3,1.96862,0.391071
3,1.76357,0.0604763
3,-0.0951553,0.495755
3,0.238614,0.119676
3,1.82745,-0.00327337
3,0.153762,0.25625
3,1.30257,-0.280486
3,0.0899355,0.53348
3,2.0016,0.59082
3,0.0829113,0.302437
3,1.89132,0.185607
3,1.75508,0.114994
3,1.13513,-0.268558
3,1.5803,-0.1306
3,0.348635,-0.00265885
3,0.255246,0.0227396
3,1.643,-0.0186562
3,0.575308,-0.261038
3,1.42925,-0.251339
3,1.82246,0.106777
3,0.52135,-0.172546
3,0.749345,-0.225508
3,1.81896,0.0431312
3,1.54416,-0.0670117
3,1.67141,-0.00136698
3,0.342207,-0.0555385
3,1.38324,-0.084792
3,1.97794,0.406093
3,1.36662,-0.241354
3,1.10909,-0.278936
3,0.848466,-0.349699
3,1.95572,0.464784
3,0.194294,-0.0143552
3,0.891934,-0.286815
3,1.81255,0.01661
3,1.6891,0.163452
3,1.73395,-0.121051
3,0.0210421,0.483662
3,0.00654322,0.502344
3,0.318722,-0.0517328
3,1.29961,-0.210935
3,0.105176,0.110179
3,0.0778633,0.157603
3,0.655985,-0.271025
3,1.24357,-0.335488
3,0.830655,-0.331988
3,1.31151,-0.161552
3,1.88393,0.0939223
3,0.0918517,0.508736
3,0.252239,0.0105138
3,1.75058,0.129689
3,0.0291666,0.361659
3,0.108397,0.359713
3,1.49335,-0.235156
3,0.849639,-0.338037
3,0.518169,-0.325272
3,0.250161,0.0492251
3,0.0134098,0.444626
3,1.27516,-0.244368
3,0.502588,-0.218844
3,0.118108,0.101743
3,0.143334,0.164261
3,1.45753,-0.226442
3,1.4071,-0.163771
3,0.0450549,0.679283
3,0.55643,-0.169843
3,1.68471,0.00852373
3,0.305935,0.00845731
3,1.69345,0.0834438
3,0.249832,0.100336
3,2.02506,0.64002
3,-0.0591595,0.62783
3,0.479931,-0.193654
3,1.53054,-0.213312
3,0.25975,-0.0156039
3,0.0595008,0.553128
3,0.0454648,0.633662
3,1.90185,0.336009
3,0.0624083,0.352226
3,0.94284,-0.264193
3,0.300555,-0.130455
3,0.757603,-0.300022
3,0.110797,0.0634661
3,1.94073,0.328615
3,1.05832,-0.278182
3,0.549353,-0.112012
3,0.0898675,0.340861
3,0.706354,-0.23387
3,0.0189034,0.598087
3,2.00289,0.63587
3,0.914597,-0.327377
3,1.57197,-0.216476
3,0.787409,-0.395143
3,1.59576,-0.155974
3,1.19203,-0.360692
3,2.04331,0.392976
3,1.87304,0.448886
3,0.323206,0.0182222
3,1.88071,0.523039
3,0.67469,-0.228753
3,1.87559,0.334664
3,2.08599,0.584418
3,1.98844,0.43052
3,0.292011,0.112859
3,0.0497218,0.470521
3,1.88168,0.142828
3,1.01776,-0.291464
3,0.638984,-0.221873
3,1.71145,-0.12808
3,1.21203,-0.193879
3,1.98233,0.268487
3,1.87292,0.0399181
3,1.23387,-0.297952
3,1.69355,-0.0563235
3,0.142176,0.086695
3,0.397842,-0.0658144
3,0.848887,-0.316896
3,0.516134,-0.311267
3,0.0344972,0.413209
3,1.04973,-0.322528
3,-0.0569852,0.436254
3,1.95347,0.29823
3,2.03993,0.610051
3,0.0514761,0.215251
3,1.03848,-0.256704
3,0.461301,-0.0836642
3,1.74868,0.17806
3,0.421953,-0.0951361
3,-0.0452503,0.38544
3,1.21324,-0.195229
3,1.99112,0.665616
3,0.942184,-0.438178
3,1.62621,-0.11046
3,1.93637,0.404773
3,1.98561,0.470755
3,1.15173,-0.311381
3,1.11227,-0.29638
3,1.33816,-0.27261
3,1.65384,-0.0848513
3,1.33215,-0.340863
3,1.25497,-0.381392
3,1.91107,0.337587
3,0.8855,-0.340062
3,0.278495,-0.0320366
3,0.222123,0.0744892
3,1.41706,-0.16746
3,0.796366,-0.31226
3,1.45922,-0.255654
3,0.62361,-0.24009
3,1.39139,-0.302578
3,1.12086,-0.309497
3,0.109474,0.524575
3,0.412727,-0.175903
3,1.30423,-0.364636
3,1.04449,-0.370676
3,1.04248,-0.383287
3,1.20413,-0.315845
3,0.18145,0.177339
3,0.730391,-0.303199
3,1.70849,-0.0611144
3,0.857525,-0.233763
3,0.647773,-0.386287
3,0.496984,-0.182107
3,1.97432,0.560523
3,1.87209,0.330846
3,2.02075,0.585147
3,1.71571,-0.0363836
3,1.79366,-0.0370933
3,0.642423,-0.260665
3,1.60339,-0.282053
3,1.80583,0.212992
3,0.612007,-0.195568
3,1.17263,-0.180503
3,1.79162,0.138232
3,1.43425,-0.29811
3,0.195215,0.0154636
3,0.413497,-0.17337
3,0.0556669,0.205829
3,1.37434,-0.201435
3,0.00253803,0.268832
3,2.01346,0.666327
3,0.511944,-0.138691
3,1.46128,-0.157516
3,0.0708655,0.380328
3,-0.0244057,0.381053
3,1.40644,-0.320976
3,1.8755,0.29995
3,0.176363,0.344337
3,1.0816,-0.328856
3,0.0265618,0.563731
3,0.485168,-0.22085
3,1.32632,-0.230206
3,-0.00425635,0.453415
3,1.61961,-0.181887
3,-0.015942,0.209009
3,1.66559,-0.0686933
3,1.06878,-0.354038
3,0.912046,-0.368639
3,1.7382,-0.229915
3,0.0688134,0.466363
3,0.98923,-0.316094
3,1.36935,-0.222852
3,0.625507,-0.214166
3,1.20507,-0.194944
3,1.40736,-0.211216
3,0.316642,0.0854143
3,0.197685,0.264487
3,1.55187,-0.0939489
3,1.86355,0.293534
3,1.94096,0.227448
3,0.133392,0.179156
3,2.06694,0.409204
3,1.92478,0.21332
3,1.93843,0.38046
3,0.215143,0.129342
3,1.24459,-0.314812
3,1.7687,0.0414766
3,0.192624,0.121929
3,0.0645002,0.422335
3,0.0177414,0.599071
3,1.34913,-0.253657
3,1.72409,-0.0714288
3,0.228578,0.0372313
3,0.617149,-0.253581
3,0.0424398,0.60426
3,1.63247,0.0426886
3,0.0845424,0.18911
3,1.54395,-0.149859
3,1.56889,-0.0144988
3,1.36125,-0.188889
3,0.00104555,0.404492
3,0.458076,-0.117507
3,0.265946,0.0245101
3,0.75662,-0.274472
3,1.71592,-0.0388359
3,0.615244,-0.194393
3,1.73912,0.109637
3,1.96497,0.379007
3,1.59451,-0.122151
3,1.26338,-0.240645
3,1.63146,-0.0459835
3,0.176112,0.163431
3,1.28994,-0.269348
3,1.17323,-0.291911
3,1.85437,0.424094
3,1.4146,-0.190927
3,0.76305,-0.31752
3,1.72981,0.099513
3,-0.0128481,0.461422
3,1.03843,-0.258703
3,1.64864,0.013541
3,0.0943924,0.404681
3,1.39934,-0.182742
3,1.67707,-0.0616061
3,1.55518,-0.106916
3,1.55599,-0.139288
3,1.16311,-0.199685
3,0.998211,-0.323834
3,1.93579,0.316997
3,0.0278753,0.237002
3,0.482516,-0.217841
3,0.409485,-0.203436
3,1.57685,-0.121054
3,0.754718,-0.366908
3,0.421394,0.00798912
3,0.824911,-0.185578
3,1.23781,-0.262656
3,2.00332,0.489807
3,0.450166,-0.2586
3,1.86985,0.252987
3,1.39542,-0.281006
3,1.56027,-0.186184
3,1.27424,-0.285564
3,0.0195144,0.535333
3,0.792694,-0.311988
3,0.0342919,0.405904
3,-0.0801267,0.619704
3,0.0616197,0.519383
3,1.99548,0.644453
3,0.563299,-0.298816
3,0.915475,-0.357672
3,0.0713229,0.318061
3,1.4595,-0.339754
3,0.73167,-0.259535
3,0.284756,-0.0677663
3,1.91776,0.131583
3,1.88441,0.213198
3,1.96931,0.481041
3,1.92614,0.309138
3,0.13824,0.429376
3,0.0332985,0.518965
3,0.562988,-0.257501
3,0.825717,-0.230241
3,0.301762,0.134613
3,0.189113,0.0508935
3,1.88283,0.168887
3,1.8823,0.0972017
3,0.281647,0.124004
3,0.414804,-0.120293
3,0.229353,-0.0184506
3,0.198882,0.102234
3,0.414041,-0.131291
3,1.76589,-0.00220838
3,0.191326,-0.00480277
3,0.707448,-0.31258
3,0.388816,-0.0503251
3,0.408048,-0.162394
3,0.804316,-0.336297
3,0.741558,-0.16097
3,0.0197824,0.520596
3,1.20641,-0.265818
3,0.758521,-0.352808
3,2.02966,0.63274
3,1.62574,-0.150156
3,0.0173108,0.519989
3,1.46348,-0.32541
3,1.74192,0.0644002
3,-0.0942254,0.556608
3,1.48853,-0.166031
3,0.744922,-0.369333
3,1.99901,0.509887
3,0.459243,-0.134825
3,1.96934,0.449964
3,1.64041,-0.114362
3,2.08698,0.777485
3,1.80608,0.0133443
3,1.2314,-0.287847
3,1.90932,0.462658
3,1.89896,0.374434
3,0.187821,0.0838318
3,0.03743,0.378831
3,1.87994,0.226673
3,2.02372,0.671655
3,1.77552,0.189749
3,0.142579,0.0485589
3,1.88205,0.283814
3,1.76684,0.0957971
3,1.12743,-0.341013
3,0.179844,0.251004
3,1.24572,-0.284133
3,0.352679,-0.0440834
3,0.783004,-0.247445
3,0.385777,-0.0897994
3,0.250879,0.0528479
3,0.369237,-0.131396
3,1.44047,-0.184074
3,1.05465,-0.361817
3,1.19599,-0.315665
3,0.841999,-0.295268
3,0.969122,-0.360814
3,0.188699,0.0854585
3,2.09367,0.559064
3,1.55972,-0.198042
3,1.61711,-0.0878522
3,1.92699,0.561265
3,0.0950032,0.227542
3,0.786072,-0.177285
3,1.21425,-0.256092
3,0.998562,-0.431192
3,0.501322,-0.158819
3,1.98534,0.327613
3,1.25666,-0.306763
3,0.346743,-0.218906
3,1.08756,-0.301588
3,0.342209,-0.0148645
3,0.608249,-0.237154
3,1.49336,-0.187914
3,1.11845,-0.285211
3,0.294138,-0.061496
3,0.217116,-0.0290109
3,0.131689,0.38747
3,0.445395,-0.242639
3,-0.0389296,0.546748
3,1.11044,-0.218823
3,0.763895,-0.28345
3,1.70128,0.0427067
3,-0.00589004,0.408741
3,0.365561,-0.0789888
3,0.200968,0.110362
3,0.202369,0.0820648
3,1.87979,0.160359
3,0.236877,0.0770013
3,0.756051,-0.239161
3,1.219,-0.253211
3,0.10943,0.148823
3,0.101572,0.332852
3,1.04617,-0.424544
3,1.54313,-0.178079
3,1.25957,-0.338785
3,1.93319,0.548879
3,0.731138,-0.320847
3,0.634047,-0.26233
3,0.246659,0.0175643
3,1.58319,-0.0808428
3,0.842519,-0.237085
3,1.35698,-0.172808
3,-0.00426884,0.450323
3,1.17129,-0.275977
3,1.2347,-0.278314
3,1.59145,-0.10249
3,0.073246,0.33963
3,1.9245,0.399966
3,0.165607,0.109175
3,1.68997,0.278133
3,1.66031,-0.10622
3,0.142309,0.069855
3,1.89758,0.244795
3,0.609717,-0.295818
3,0.090388,0.520438
3,1.92495,0.529155
3,1.96107,0.196304
3,1.92557,0.257721
3,0.569579,-0.109504
3,1.47737,-0.268986
3,-0.0124551,0.218633
3,1.4247,-0.357755
3,1.40867,-0.263231
3,0.775944,-0.198537
3,1.87931,0.60998
3,0.0156138,0.502338
3,0.168584,0.123169
3,0.342875,-0.120221
3,1.99138,0.52935
3,0.573702,-0.158903
3,-0.00375578,0.380449
3,1.69801,0.00119241
3,1.06117,-0.362701
3,0.923996,-0.267899
3,0.118649,0.0139511
3,0.759784,-0.280499
3,0.765965,-0.244505
3,0.914469,-0.310769
3,-0.0258535,0.423915
3,0.0486676,0.722849
3,0.817952,-0.225824
3,0.588716,-0.212327
3,1.43963,-0.184169
3,2.01138,0.436814
3,1.87242,0.0691927
3,0.680771,-0.29074
3,0.444083,-0.0164414
3,0.0104067,0.374765
3,1.96058,0.2496
3,1.42335,-0.116405
3,1.89941,0.352977
3,1.77793,0.150644
3,0.150605,0.197711
3,1.83616,0.154376
3,0.177522,0.0913497
3,0.358492,-0.158255
4,-0.533266,0.91354
4,-0.892773,0.462686
4,0.904013,0.469324
4,0.682292,0.734873
4,-0.549724,0.653395
4,0.890647,0.50656
4,-0.525646,0.795382
4,0.105556,1.00984
4,-0.694702,0.503791
4,0.0790822,1.0344
4,-0.881016,0.495985
4,-0.976492,0.119959
4,-0.864055,0.662333
4,0.0511939,1.06529
4,0.970048,0.335444
4,1.02817,0.258809
4,0.977752,0.107848
4,-0.86508,0.597004
4,-0.565126,0.809543
4,-0.883479,0.527637
4,-0.859349,0.393367
4,-1.03193,0.176451
4,0.320995,0.981892
4,0.0358196,0.967574
4,-0.463233,0.889604
4,0.175127,0.951241
4,0.738408,0.525727
4,-1.01088,0.26863
4,-0.927104,0.327108
4,-0.92022,0.419236
4,-0.893514,0.480467
4,-0.9392,0.340241
4,-0.777108,0.515258
4,-1.04013,0.152336
4,0.18241,0.95631
4,0.75653,0.799978
4,-0.723864,0.667664
4,-0.480188,0.834386
4,0.850791,0.225042
4,-0.0872326,1.06799
4,0.92911,0.430504
4,0.341657,1.00252
4,0.969988,0.173558
4,0.0893,0.974606
4,1.09619,0.363481
4,-0.227087,0.93511
4,-0.632888,0.664534
4,-0.703142,0.733111
4,0.816068,0.40172
4,0.0433172,0.968638
4,0.266544,0.945349
4,-0.234897,1.03765
4,0.323783,1.01737
4,0.797381,0.424664
4,0.957524,0.0339852
4,0.998342,0.0847538
4,-1.00014,0.203305
4,0.825712,0.577252
4,-0.906664,0.121744
4,-1.01456,0.030222
4,0.686827,0.664484
4,-0.440904,0.820927
4,0.709595,0.683133
4,0.81509,0.542184
4,0.930465,0.237024
4,-0.967914,0.225376
4,-0.705219,0.569553
4,0.796117,0.727847
4,-0.735719,0.762696
4,-0.150293,0.99068
4,-0.291335,0.90643
4,-0.895663,0.45362
4,0.938747,0.322493
4,-0.00829068,0.974041
4,-0.9634,0.244917
4,0.777096,0.745026
4,-0.841528,0.558162
4,0.311616,0.950918
4,-0.909219,0.29065
4,-0.837822,0.481622
4,-0.013426,0.882658
4,-0.294925,0.985048
4,0.295511,0.994294
4,0.0550954,1.02796
4,0.66071,0.770158
4,-1.09144,0.235245
4,-0.921652,0.640802
4,1.05544,0.237942
4,-0.161667,0.931965
4,-1.00079,0.0990569
4,1.04709,0.0550492
4,-0.251166,0.981829
4,0.396945,0.803738
4,0.742239,0.711842
4,1.0937,-0.0910307
4,0.942365,0.202609
4,0.854399,0.585408
4,-0.14417,0.958105
4,-0.39174,0.942436
4,-0.789021,0.584369
4,0.203026,0.977401
4,0.818462,0.651964
4,-0.294224,1.03267
4,-0.886249,0.459434
4,0.96494,0.122462
4,0.653019,0.751495
4,-0.857894,0.552036
4,-0.574865,0.79287
4,-0.115928,0.983792
4,0.364915,0.925037
4,0.154206,1.07034
4,0.406241,0.92847
4,-1.06086,-0.0140963
4,-0.949102,0.199471
4,0.0551167,1.10669
4,0.910303,0.0762944
4,0.185825,0.910102
4,0.779217,0.580311
4,0.100525,0.951079
4,-0.88184,0.511555
4,-0.423303,1.03402
4,0.294113,0.887874
4,-0.683412,0.77718
4,-0.669846,0.65805
4,-0.54791,0.804323
4,0.366792,0.904209
4,-0.830656,0.679837
4,1.12568,0.0746037
4,0.603463,0.814304
4,-0.170624,0.993524
4,0.409098,1.06253
4,-0.617568,0.745421
4,0.380722,0.775927
4,0.20335,0.898922
4,0.744011,0.704013
4,-0.816564,0.52935
4,-0.29361,1.05239
4,0.286079,0.896695
4,-0.895902,0.416784
4,-0.384493,0.90516
4,-0.661232,0.857025
4,-0.438758,0.876803
4,-0.936239,0.411742
4,0.765666,0.656859
4,-0.687965,0.789684
4,-0.975447,0.00496205
4,-0.886419,0.515225
4,0.21969,0.991239
4,0.191408,0.986523
4,-0.187425,1.02374
4,0.986184,0.188408
4,-0.34622,0.86707
4,-1.01531,0.356504
4,0.541118,0.832031
4,0.148021,0.918742
4,0.391932,0.948369
4,0.654101,0.878677
4,0.826311,0.611338
4,-0.877117,0.272946
4,-0.799404,0.36904
4,0.854585,0.65558
4,-0.94101,0.320312
4,-1.01543,0.0585431
4,0.640874,0.738627
4,0.835364,0.544862
4,-0.0782755,1.01453
4,-0.261596,0.940694
4,-0.566968,0.777133
4,-0.924927,0.40359
4,-0.35216,0.891565
4,0.707118,0.770213
4,0.381828,0.869592
4,-0.386041,1.0031
4,-0.115159,0.927505
4,-0.914722,0.316482
4,-0.469131,0.875015
4,-0.565657,0.781335
4,0.909033,0.446406
4,-0.975967,0.307791
4,0.94961,0.0247533
4,0.831489,0.453763
4,0.947075,0.0261965
4,-0.935039,0.436747
4,-0.445889,0.963361
4,0.330985,0.823985
4,-0.970386,-0.0681997
4,0.781246,0.494371
4,0.212266,0.885778
4,0.602482,0.729086
4,-0.769212,0.598599
4,-0.96069,0.490746
4,0.486939,0.920342
4,-0.942403,0.314102
4,-0.313655,0.8959
4,-0.812425,0.234936
4,-0.6312,0.891859
4,0.49954,0.913197
4,-0.692166,0.70156
4,0.869589,0.55008
4,0.821778,0.306624
4,0.422925,0.910172
4,-0.835117,0.71055
4,-0.0957387,0.970507
4,-0.398169,0.823428
4,-0.82841,0.604564
4,-0.36917,0.746736
4,0.280515,0.894202
4,0.518222,0.954217
4,-0.841808,0.215582
4,0.753437,0.678351
4,0.693089,0.763872
4,0.189235,0.934141
4,-0.915838,0.500609
4,-0.983468,0.29444
4,0.354252,0.978835
4,-0.0336959,1.00879
4,1.03245,0.134089
4,0.963021,0.00237573
4,-0.63062,0.783693
4,-0.860628,0.607637
4,0.100657,0.928917
4,0.564575,0.950074
4,0.968693,0.357242
4,-0.99403,0.285783
4,-0.0688191,0.952404
4,0.219388,0.95551
4,0.0358228,1.10127
4,0.609219,0.767228
4,0.890233,0.341777
4,0.742038,0.834729
4,0.791342,0.476671
4,-0.389108,0.9756
4,-0.496035,0.823752
4,-0.728928,0.693097
4,1.14766,0.212887
4,-0.958159,0.505292
4,0.416735,0.987086
4,-0.556383,0.745412
4,0.606132,0.616661
4,0.971359,0.308343
4,0.634781,0.905938
4,-0.903617,0.148527
4,0.70129,0.612042
4,0.973449,0.055557
4,-0.447685,0.907777
4,-1.01678,0.109275
4,-1.02852,0.111501
4,-0.51843,0.950413
4,-0.777856,0.722063
4,-0.671732,0.708857
4,-0.54762,0.829331
4,0.968673,0.133652
4,-0.416462,0.974701
4,-0.952401,0.357204
4,0.125252,1.00793
4,0.938932,0.344801
4,-0.902645,0.165012
4,0.969231,0.51066
4,0.731175,0.844195
4,0.694635,0.577121
4,0.9452,0.172627
4,-1.19481,0.101462
4,0.715435,0.694295
4,0.970018,0.234718
4,0.903676,0.205648
4,0.610356,0.897416
4,0.169886,0.935272
4,0.663119,0.612842
4,0.798784,0.540102
4,0.934621,-0.0248991
4,0.348463,0.922496
4,-0.249626,1.02049
4,-0.235252,0.971344
4,0.914987,0.494981
4,-0.106832,1.00781
4,-1.00605,0.0853396
4,0.593616,0.610454
4,0.875273,0.428886
4,-1.05937,0.0575583
4,-0.566167,0.813758
4,-1.07034,0.229709
4,0.10041,1.10081
4,-0.607058,0.820997
4,-0.604536,0.825623
4,-0.624127,0.611222
4,-0.763063,0.576798
4,-0.866927,0.393039
4,-0.87679,0.600927
4,0.436006,0.867557
4,-1.01695,0.192975
4,0.833628,0.41657
4,0.319156,0.981023
4,0.58337,0.855108
4,0.833439,0.460972
4,-0.910676,0.282207
4,0.181403,0.897338
4,0.527892,0.834116
4,0.959913,0.117436
4,0.267291,0.951022
4,0.993503,0.184703
4,-0.390496,0.903532
4,1.07169,0.345043
4,-0.273473,0.945685
4,0.786658,0.528883
4,-0.917962,0.15595
4,0.0176162,1.06938
4,-0.799531,0.561729
4,-0.982613,0.292469
4,0.554269,0.804861
4,-0.923538,0.491042
4,0.330566,0.978365
4,-0.524693,0.787695
4,-0.0850142,0.905366
4,-0.691176,0.726834
4,0.249082,0.935824
4,0.419299,0.820407
4,-1.06588,-0.0247872
4,-0.145094,1.07933
4,-0.647497,0.900092
4,0.282745,0.982029
4,0.844701,0.35627
4,0.38861,0.911948
4,-1.00736,0.329004
4,1.06193,0.245614
4,-0.98596,0.288285
4,-0.524001,0.795626
4,0.89454,0.18034
4,0.00335585,1.06121
4,1.04624,0.188667
4,-0.383106,1.02529
4,0.386556,0.917242
4,-0.318143,0.963397
4,-0.870649,0.336517
4,0.364901,0.893543
4,0.662261,0.64199
4,-0.719629,0.608176
4,-0.384139,0.846459
4,0.401801,0.848751
4,0.696649,0.648624
4,-0.177474,0.950694
4,0.333043,0.908346
4,-0.753865,0.623058
4,0.89812,0.533639
4,0.248525,1.08787
4,0.417407,0.894447
4,0.460392,0.843744
4,1.00262,0.273067
4,0.15805,0.986835
4,-0.389364,0.928244
4,0.432091,0.952248
4,-0.290471,0.920276
4,-0.789602,0.845341
4,-0.32544,1.01075
4,-0.86234,0.49595
4,-0.918625,0.232256
4,-0.126048,0.981438
4,0.99674,0.339393
4,-0.307606,0.967978
4,1.00182,-0.100208
4,0.107645,1.00958
4,-0.739977,0.566319
4,-0.952726,0.192499
4,0.665947,0.801732
4,0.120823,0.949165
4,0.792359,0.617681
4,0.979543,0.231724
4,0.884616,0.43028
4,1.03297,0.149775
4,0.962117,0.368658
4,0.323599,0.904904
4,-0.179187,0.998685
4,0.578847,0.808471
4,-0.971432,0.013368
4,-0.827806,0.409072
4,-0.0310425,1.02868
4,0.337505,0.999271
4,-0.272753,0.785776
4,-0.910124,0.341733
4,0.249996,1.01641
4,0.338617,0.906329
4,-0.835101,0.313476
4,-0.414041,0.923297
4,0.523175,0.873171
4,0.669694,0.809519
4,0.927752,-0.028909
4,-0.61003,0.937555
4,-0.866957,0.29759
4,-0.631982,0.922905
4,-0.277642,0.910948
4,-0.986254,0.131901
4,-0.124117,1.09522
4,0.19704,0.977484
4,1.02021,0.275534
4,0.992143,0.362485
4,0.553586,0.937868
4,-0.735521,0.785113
4,0.235882,0.86545
4,0.521268,0.821362
4,-0.130124,1.1122
4,0.145139,1.08235
4,-0.330157,0.889083
4,-0.0517591,0.968373
4,-0.308886,0.871686
4,0.812989,0.544194
4,0.655728,0.700129
4,-0.941115,0.185871
4,0.872761,0.523788
4,0.874355,0.386159
4,-0.685198,0.809794
4,0.351739,1.00941
4,0.282906,0.900415
4,-0.835893,0.467854
4,-1.0292,-0.0337093
4,0.672836,0.737552
4,0.174922,0.965943
4,-0.208519,1.06868
4,-0.994749,0.346455
4,-0.124815,0.974072
4,-0.908763,0.422748
4,0.478754,0.981242
4,0.565821,0.841755
4,0.911348,0.214988
4,-0.900134,0.542397
4,0.29857,0.969495
4,-0.849301,0.516781
4,-0.768065,0.649016
4,0.67434,0.624148
4,-0.0843179,1.08619
4,-1.12128,0.0651035
4,-0.865282,0.62202
4,0.246763,1.0295
4,0.45521,0.948277
4,-0.53382,0.876597
4,-0.482543,0.886927
4,-0.935279,0.314093
4,0.757574,0.699318
4,-0.252186,0.920281
4,0.731172,0.573622
4,-0.12435,0.997124
4,0.850218,0.33586
4,-0.773522,0.637409
4,-0.720709,0.672894
4,0.879519,0.384849
4,0.127483,1.00449
4,0.732131,0.694983
4,-0.906536,0.21752
4,-0.278919,0.928985
4,-0.925709,0.52313
4,-0.995741,0.167516
4,0.850623,0.308693
4,0.663445,0.780768
4,0.531923,1.00081
4,-0.791044,0.676976
4,0.9247,0.268061
4,0.639644,0.73528
4,-0.19388,0.992002
4,-0.250133,0.929232
4,0.979895,0.292009
4,-0.904667,0.234115
4,0.997618,0.439523
4,-0.826948,0.526684
4,0.47634,0.98779
4,-0.905252,0.398012
4,-0.0706547,1.01001
4,0.41705,0.915885
4,0.824744,0.638743
4,0.794222,0.490798
4,-0.127286,0.968942
4,-1.10384,0.0771474
4,0.800209,0.669258
4,-0.0206197,0.990376
4,0.822746,0.36425
4,-1.00958,0.0866592
4,0.505006,0.901591
4,-0.0924613,1.10991
4,0.000664023,0.889339
4,0.179628,0.85543
4,0.98405,0.474994
4,-0.658716,0.831871
4,0.650195,0.815283
4,0.974994,0.14479
4,0.624447,0.755314
4,-0.778643,0.676953
4,-0.863235,0.656119
4,-1.01536,0.42025
4,-0.273028,0.937586
4,-0.568871,0.872265
4,-0.933544,0.449178
4,0.793984,0.660079
4,0.734474,0.515917
4,1.00949,0.257114
4,-0.963466,-0.0277058
4,-1.0352,0.0256856
4,1.01582,0.16871
4,-0.74237,0.655607
4,0.819285,0.425672
4,0.404217,0.870501
4,-0.0442873,0.924718
4,0.835242,0.509406
4,0.045282,1.01309
4,0.536248,0.963112
4,0.200192,0.995516
4,0.817181,0.206852
4,0.223919,1.01448
4,-0.750328,0.768929
4,-0.797196,0.524023
4,0.5537,0.795759
4,0.857897,0.476153
4,-0.466049,0.817487
4,0.592764,0.808859
4,0.816265,0.639107
4,0.924473,0.0529257
4,-0.505541,0.814477
4,-0.951421,0.392088
4,-0.225751,0.974144
4,0.547851,0.735498
4,0.315719,0.947464
4,0.0762825,0.896689
4,-0.812489,0.598742
4,-0.395476,0.960296
4,0.96713,0.155615
4,0.770508,0.60425
4,0.438877,0.861113
4,-0.925268,0.194161
4,0.948478,0.208442
4,-0.87232,0.592839
4,0.536886,0.801924
4,-0.332402,0.914233
4,1.02968,0.0491558
4,-0.835846,0.369485
4,-0.59431,0.768831
4,0.780085,0.547451
4,-0.86252,0.481184
4,-0.448743,0.870143
4,-0.291204,0.939737
4,0.643408,0.858157
4,0.869254,0.366901
4,0.365973,0.903632
4,0.259721,0.826635
4,-0.380081,0.950017
4,1.05476,0.130501
4,0.964769,0.18961
4,0.270056,0.970782
4,0.52081,0.849751
4,0.957485,0.387371
4,0.0545579,0.938794
4,0.921281,0.407048
4,0.751522,0.670654
4,-0.445743,0.878689
4,0.540151,0.75221
4,0.972781,0.230188
4,0.402857,0.883702
4,0.604388,0.795062
4,0.972335,0.0719952
4,-0.548045,0.863885
4,0.395441,0.883419
4,1.06199,0.349592
4,-0.0908643,1.01558
4,-0.990056,0.371298
4,-0.417859,0.876856
4,-0.99883,0.214709
4,0.0067421,0.902707
4,-0.165526,0.933171
4,0.862935,0.394094
4,-0.584015,0.914723
4,-0.924479,0.378879
4,0.917441,0.595785
4,0.0521998,1.0638
4,-0.846468,0.664514
4,0.517034,0.746996
4,0.869912,0.420681
4,0.50714,0.900278
4,-1.02933,0.158223
4,1.01377,-0.00536261
4,0.900614,0.453586
4,-0.985747,0.47706
4,0.918617,0.231889
4,0.963287,0.0127038
4,0.812452,0.432953
4,-1.00384,0.217475
4,-0.526315,0.870165
4,0.0261695,0.991583
4,0.722137,0.703868
4,1.02035,-0.0989741
4,-0.88109,0.35688
4,-0.612097,0.819262
4,0.449177,0.977892
4,-0.104978,0.926315
4,0.962005,0.261241
4,-1.07696,0.095614
4,0.786324,0.634639
4,0.93771,0.0545656
4,0.251009,0.936608
4,-0.998587,-0.0229861
4,-0.38149,0.965522
4,0.409428,0.82214
4,-0.645248,0.937842
4,-0.0311638,0.908614
4,-0.414345,0.921828
4,-0.831644,0.452199
4,-0.68137,0.71588
4,-0.670823,0.794408
4,0.639016,0.740024
4,-0.601433,0.805319
4,-1.07,0.0656977
4,0.82803,0.50869
4,-0.809764,0.622971
4,0.954067,0.148049
4,0.336685,0.887406
4,-0.990601,0.400284
4,-1.03309,0.337039
4,-0.906226,0.467847
4,-0.933906,0.298163
4,-0.92556,0.467806
4,0.953022,0.222874
4,-0.941491,0.0649838
4,1.01148,0.287222
4,0.927903,0.481123
4,-0.186938,0.851751
4,-0.980851,0.235935
4,0.384585,0.993554
4,0.935807,0.0652005
4,-0.597411,0.885727
4,0.899472,0.52118
4,0.788144,0.62872
4,1.09774,0.0748053
4,-0.38525,0.968444
4,0.986691,0.328661
4,0.410261,0.954951
4,0.734676,0.645505
4,0.939197,0.467031
4,-0.894249,0.467957
4,-0.24219,1.04039
4,0.931468,0.51655
4,0.900207,0.421772
4,0.321623,0.992891
4,0.0721923,0.98845
4,0.813747,0.491419
4,0.913914,0.423454
4,0.14187,0.999173
4,-0.15202,0.98591
4,0.346112,0.929778
4,0.739531,0.707879
4,-0.402636,0.940186
4,0.229749,0.963645
4,-1.08324,0.0723014
4,-0.135404,0.918297
4,-0.523087,0.864131
4,-0.462818,0.872567
4,0.547171,0.945992
4,0.97309,0.133169
4,0.792284,0.588988
4,0.884288,0.598367
4,0.997898,0.158761
4,-0.83176,0.403168
4,-0.852868,0.667381
4,0.918429,0.428434
4,-0.95301,0.241421
4,-0.857542,0.358266
4,-0.97566,0.447624
4,-0.696307,0.717511
4,0.533519,0.896496
4,-0.950909,0.422547
4,-0.64079,0.77291
4,0.775079,0.563899
4,-0.910908,0.0329742
4,0.41837,1.01889
4,-0.50225,0.837648
4,-0.532016,0.9558
4,-0.476928,0.784922
4,-0.840634,0.522111
4,0.685103,0.687864
4,-0.563626,0.885508
4,0.242721,0.854061
4,0.818592,0.641862
4,-0.840178,0.508117
4,-0.745692,0.609798
4,0.841822,0.643584
4,-0.812962,0.514944
4,0.404249,0.932023
4,0.566871,0.839067
4,-0.373036,0.921317
4,-0.0945948,1.05597
4,0.796448,0.601239
4,-0.536987,0.729309
4,0.387819,1.06868
4,1.11206,0.225433
4,0.838226,0.356002
4,0.986284,0.306826
4,-0.921425,0.531098
4,-0.213375,0.86506
4,-0.718058,0.653468
4,0.899337,0.540629
4,0.167259,0.93122
4,0.0309107,0.984846
4,0.141448,0.942548
4,0.84246,0.399008
4,-1.01886,0.0858516
4,0.188551,1.03364
4,0.970884,0.00649916
4,-0.13393,1.03049
4,-0.623361,0.814154
4,1.01838,0.181301
4,-1.02246,0.0187824
4,0.0591843,0.954361
4,0.0392958,0.987049
4,-0.829512,0.79618
4,-0.947251,0.136203
4,-0.168298,1.08118
4,0.840853,0.57018
4,0.663883,0.888312
4,-0.451299,0.98146
4,0.632634,0.895235
4,0.150044,0.982241
4,0.273135,0.894824
4,0.961895,0.408172
4,-0.501372,0.837316
4,-0.716016,0.771608
4,0.963146,0.0672764
4,-1.00133,0.167097
4,0.741752,0.762979
4,-0.0834294,1.08129
4,0.164158,0.954795
4,1.05267,0.133137
4,1.07071,0.113035
4,0.982388,0.261159
4,-1.09433,0.233051
4,-0.787412,0.558464
4,-0.921257,0.438255
4,0.0361244,1.016
4,-0.396581,0.998081
4,-0.255672,1.03827
4,0.694573,0.823049
4,-0.895016,0.380423
4,0.764261,0.44875
4,0.685852,0.535657
4,0.739777,0.854283
4,0.451983,0.918141
4,1.03982,0.0782893
4,-0.443296,0.917205
4,-0.0861752,0.950874
4,0.413852,0.869688
4,-0.891897,0.206806
4,-0.962852,0.36751
4,0.829221,0.50863
4,0.382422,0.901837
4,-0.448637,0.724724
4,-0.722379,0.682943
4,0.329829,0.937805
4,0.277398,0.887261
4,0.444544,-0.271629
4,1.82916,0.0848586
4,0.394591,-0.261042
4,2.07745,0.527289
4,0.0565593,0.367715
4,0.487005,-0.292528
4,1.7463,-0.100282
4,0.141394,0.00680636
4,0.677174,-0.284156
4,0.668748,-0.319093
4,1.84409,0.159158
4,1.08243,-0.429188
4,1.94477,0.148717
4,-0.00842983,0.529579
4,0.322842,-0.153245
4,1.27166,-0.380031
4,1.9747,0.663359
4,1.04152,-0.387716
4,1.84554,0.141192
4,0.9712,-0.384317
4,1.58347,-0.210908
4,1.32336,-0.319931
4,1.73502,-0.13666
4,1.96086,0.271778
4,1.03624,-0.39587
4,1.57929,-0.256786
4,1.59755,-0.191755
4,-0.0331039,0.533125
4,0.0356273,0.280734
4,1.77403,0.0389003
4,1.95435,0.253814
4,1.68043,-0.166846
4,0.478265,-0.132543
4,0.628116,-0.381932
4,1.32176,-0.318469
4,2.03831,0.493346
4,1.17802,-0.402028
4,0.515433,-0.239214
4,0.218866,-0.0662441
4,1.42611,-0.279313
4,1.1103,-0.32628
4,1.60768,-0.107861
4,-0.0398325,0.598911
4,1.12167,-0.408883
4,1.5681,-0.0858488
4,1.93101,0.166285
4,0.255697,-0.0459749
4,0.674007,-0.471886
4,1.50832,-0.254003
4,0.614236,-0.19692
4,0.397816,-0.0950737
4,0.124377,0.185494
4,0.0412177,0.422026
4,1.50183,-0.255338
4,0.29711,-0.0357997
4,0.0041702,0.414365
4,1.6208,-0.185479
4,1.17497,-0.480269
4,0.0316136,0.566538
4,0.440995,-0.240471
4,1.79622,0.0302131
4,0.145449,-0.00431193
4,0.00635401,0.635881
4,1.12433,-0.455943
4,1.71248,-0.130909
4,1.79895,0.096002
4,1.82155,-0.0721094
4,0.940947,-0.392278
4,1.77922,0.088903
4,0.818731,-0.425039
4,1.51982,-0.209287
4,1.02053,-0.397541
4,0.161616,0.119683
4,0.183936,0.0725092
4,1.19661,-0.307854
4,0.0195742,0.406126
4,1.81796,0.0308434
4,2.02914,0.567186
4,1.73675,-0.120348
4,0.550813,-0.3159
4,0.370351,-0.281894
4,0.179236,-0.0529685
4,1.25783,-0.314858
4,0.455545,-0.124283
4,1.11809,-0.394737
4,1.97813,0.00572644
4,0.971017,-0.327518
4,1.95151,0.327279
4,1.96419,0.348676
4,0.41052,-0.0707261
4,0.19131,-0.0349786
4,1.5305,-0.21438
4,1.32292,-0.364991
4,0.482614,-0.342586
4,0.0439828,0.210628
4,0.812271,-0.391291
4,1.98111,0.271005
4,0.411236,-0.254622
4,0.115831,0.273499
4,0.505225,-0.26305
4,0.0155522,0.304844
4,1.57287,-0.338054
4,1.5414,-0.146589
4,2.04779,0.517223
4,0.143575,0.15008
4,1.99974,0.447595
4,1.0812,-0.375489
4,0.974535,-0.426557
4,1.94661,0.441533
4,0.632058,-0.298447
4,1.33218,-0.266511
4,1.72852,-0.106623
4,0.0779932,0.653979
4,0.441803,-0.254991
4,1.45157,-0.17079
4,2.02406,0.293785
4,0.863414,-0.369277
4,1.9387,0.521616
4,0.274687,-0.0135934
4,0.0735558,0.314542
4,1.72975,0.0270351
4,1.79063,-0.041121
4,0.997701,-0.325964
4,0.573204,-0.42794
4,0.560921,-0.281437
4,0.535123,-0.252772
4,1.66225,-0.164316
4,0.736244,-0.343692
4,0.0685781,0.241781
4,1.93714,0.00977174
4,0.730754,-0.267641
4,-0.0435865,0.39879
4,0.426912,-0.232546
4,1.91116,0.546804
4,1.41336,-0.405789
4,0.553162,-0.156927
4,1.95706,0.213965
4,1.31339,-0.363171
4,0.287638,-0.173737
4,-0.0310816,0.532185
4,1.78566,-0.0299582
4,1.79705,0.0459556
4,0.738332,-0.41024
4,0.243259,-0.279422
4,0.852191,-0.490972
4,1.72186,-0.0965068
4,0.634511,-0.339032
4,0.864342,-0.422319
4,0.0431421,0.116911
4,1.90573,0.0836705
4,1.55308,-0.341524
4,1.98549,0.357715
4,0.219577,-0.0409939
4,-0.0268025,0.506817
4,1.94599,0.364982
4,-0.0297217,0.597906
4,1.73637,-0.163063
4,0.0739828,0.331669
4,0.599145,-0.172736
4,1.75552,-0.0850004
4,0.00899316,0.34443
4,1.42349,-0.319216
4,0.728603,-0.452622
4,0.255297,-0.0266641
4,1.96787,0.346497
4,1.94108,0.328971
4,1.28459,-0.424652
4,1.03361,-0.476318
4,1.9833,0.344428
4,1.97999,0.257444
4,-0.0339058,0.649206
4,1.97494,0.372301
4,0.0544828,0.312846
4,1.05236,-0.266295
4,1.34798,-0.320076
4,0.656995,-0.336996
4,0.994013,-0.504889
4,1.02645,-0.489196
4,0.276323,0.0327172
4,-0.0514751,0.400405
4,0.113744,0.548371
4,0.129259,0.143837
4,1.0067,-0.434064
4,0.67382,-0.345126
4,0.498425,-0.303553
4,-0.0793784,0.486089
4,-0.0106287,0.570483
4,0.427086,-0.185139
4,0.837387,-0.22071
4,1.58777,-0.218224
4,-0.0798503,0.438048
4,0.787294,-0.345085
4,0.0821717,0.144642
4,0.508728,-0.192142
4,-0.0140527,0.386921
4,1.99896,0.316297
4,0.0227175,0.569227
4,1.9748,0.387077
4,1.67258,-0.213274
4,0.0316795,0.428394
4,0.916373,-0.398752
4,1.26611,-0.372609
4,0.0614231,0.199012
4,1.37865,-0.301572
4,0.347577,0.0451243
4,0.0644705,0.334629
4,-0.0776732,0.474186
4,0.92981,-0.378321
4,1.67467,-0.193043
4,1.31585,-0.329858
4,0.129646,0.0571135
4,1.69184,-0.101318
4,1.87931,-0.157018
4,0.951701,-0.422328
4,1.50567,-0.214824
4,0.918678,-0.42624
4,0.112291,0.251948
4,0.589589,-0.287038
4,0.795527,-0.305491
4,0.750081,-0.300522
4,1.43605,-0.330675
4,0.148301,0.375083
4,1.05221,-0.41495
4,1.94885,0.0678117
4,1.367,-0.384031
4,1.76325,0.0760107
4,0.875288,-0.340912
4,1.05908,-0.463742
4,0.65745,-0.266107
4,1.47072,-0.278496
4,1.91089,0.246115
4,0.492282,-0.199872
4,1.30625,-0.438957
4,2.0413,0.471748
4,0.00918561,0.377474
4,1.78054,-0.189205
4,0.322644,-0.0141259
4,0.997098,-0.431431
4,1.96317,0.0918252
4,0.680441,-0.3706
4,0.015135,0.6198
4,0.589128,-0.243503
4,-0.0154198,0.320417
4,0.0308489,0.392854
4,0.885803,-0.438507
4,0.543627,-0.315304
4,1.57022,-0.257354
4,0.0755105,0.363
4,1.40022,-0.231692
4,1.66693,-0.141667
4,1.86259,0.188067
4,-0.0383308,0.462584
4,2.03189,0.439908
4,1.35066,-0.403418
4,0.834867,-0.379615
4,1.89445,0.0700166
4,1.18958,-0.298452
4,0.0987431,0.236717
4,2.00247,0.563896
4,0.0845162,0.557627
4,1.16885,-0.353161
4,1.90959,0.248376
4,0.249377,-0.13078
4,0.0662475,0.173234
4,-0.0326973,0.207918
4,1.65466,-0.238555
4,0.52494,-0.291106
4,1.61973,-0.200897
4,1.63612,-0.0372062
4,0.299654,-0.0950539
4,1.86192,0.220681
4,1.04101,-0.366914
4,1.46968,-0.246477
4,1.84936,0.127277
4,1.21485,-0.415242
4,0.748425,-0.407264
4,1.24429,-0.380686
4,1.66625,-0.140252
4,1.93261,0.226847
4,1.35307,-0.351038
4,1.94278,0.540099
4,1.83305,-0.0530245
4,0.0739796,0.109177
4,1.81414,-0.040701
4,0.375949,-0.0910086
4,1.96296,0.585409
4,0.484059,-0.154907
4,0.156327,0.585905
4,1.3825,-0.272042
4,-0.0748073,0.549183
4,0.168668,0.0782012
4,0.871305,-0.479024
4,1.08937,-0.413175
4,2.0369,0.413024
4,0.733356,-0.254154
4,0.960376,-0.306078
4,1.82126,0.107794
4,1.89896,0.119808
4,2.00406,0.391192
4,0.548024,-0.157878
4,1.10793,-0.338366
4,-0.0342681,0.358125
4,0.00314627,0.511966
4,1.28456,-0.287514
4,1.66624,-0.0100444
4,0.354002,-0.227815
4,1.65954,-0.0869111
4,0.273639,-0.186224
4,1.01182,-0.449651
4,1.8129,0.255035
4,0.836032,-0.384759
4,0.542512,-0.260189
4,0.0512808,0.588784
4,1.64398,-0.164605
4,0.408515,-0.224797
4,1.87481,0.00577451
4,0.583483,-0.348691
4,0.863242,-0.39844
4,2.00964,0.0376976
4,0.638388,-0.41194
4,1.95832,0.292986
4,0.594062,-0.403111
4,0.142724,0.111534
4,1.93662,0.18852
4,0.601426,-0.321968
4,0.0392214,0.4626
4,1.77193,0.0871325
4,2.06471,0.577731
4,0.0917191,0.185543
4,2.0047,0.528978
4,0.341538,-0.127124
4,0.064849,0.0434502
4,1.46112,-0.209637
4,1.38935,-0.192946
4,1.68406,-0.0845628
4,0.227311,-0.152589
4,1.37784,-0.303268
4,1.18144,-0.461597
4,0.288527,-0.00586022
4,1.91438,0.405765
4,2.03706,0.412438
4,1.89122,0.382476
4,0.2309,-0.101603
4,1.8932,0.309713
4,1.90815,0.232602
4,1.60062,-0.225051
4,0.446617,-0.257777
4,1.67399,-0.115818
4,1.84585,0.473949
4,0.658471,-0.245976
4,0.173049,0.0438824
4,1.04771,-0.420378
4,0.0990498,0.189046
4,1.33567,-0.289208
4,1.86037,0.073051
4,0.729035,-0.437926
4,0.111881,0.529416
4,1.44872,-0.362193
4,1.97159,0.455651
4,0.276111,0.0595771
4,0.126919,0.00449694
4,0.33665,-0.133546
4,1.08461,-0.394771
4,1.78593,-0.0712189
4,1.94278,0.364749
4,0.104084,0.115824
4,0.683838,-0.291274
4,0.0443124,0.340139
4,0.907307,-0.443609
4,1.98996,0.401421
4,0.0812755,0.233641
4,1.60521,-0.105732
4,1.91184,0.298962
4,0.690709,-0.34805
4,-0.0314181,0.187924
4,1.7345,0.042948
4,1.93242,0.545579
4,1.4741,-0.221195
4,0.189539,-0.01968
4,1.95858,0.256264
4,0.0287685,0.392048
4,0.119953,0.114218
4,0.346448,-0.204301
4,0.183712,0.12065
4,1.15852,-0.314504
4,0.378925,-0.189351
4,0.67234,-0.448023
4,0.905267,-0.396686
4,-0.0116675,0.314636
4,-0.0248231,0.581188
4,0.700775,-0.272616
4,0.0516486,0.346034
4,0.115911,0.0907377
4,1.91711,0.0817501
4,-0.0237918,0.341808
4,0.233754,0.0620933
4,0.719266,-0.320411
4,1.9075,0.346204
4,0.192759,0.023629
4,1.98483,0.552878
4,1.93647,0.191379
4,0.857167,-0.366203
4,1.05628,-0.38081
4,0.111482,0.626658
4,1.99698,0.000430313
4,0.0112614,0.325703
4,1.74744,-0.16836
4,1.14399,-0.384669
4,1.1243,-0.463733
4,0.0297124,0.431188
4,0.650556,-0.325904
4,1.58852,-0.187705
4,1.38463,-0.409412
4,1.12218,-0.292016
4,1.64631,-0.147518
4,1.25298,-0.418131
4,1.05999,-0.38077
4,1.88513,0.148519
4,0.473875,-0.276325
4,2.03139,0.54894
4,1.72934,-0.113456
4,1.80981,0.0742729
4,1.92192,0.4307
4,-0.0347178,0.342809
4,0.537555,-0.265566
4,1.3076,-0.394835
4,0.882294,-0.396369
4,1.35952,-0.280537
4,1.23826,-0.314116
4,0.928501,-0.467165
4,1.77931,0.169451
4,1.5933,-0.151292
4,1.3338,-0.371285
4,0.235345,-0.0284661
4,0.0594895,0.546024
4,0.703313,-0.462231
4,0.00967171,0.624179
4,1.87351,0.184698
4,0.828495,-0.337017
4,-0.0454537,0.417693
4,0.87567,-0.438086
4,1.70287,-0.166185
4,0.314377,-0.202037
4,0.251909,-0.0802851
4,1.45695,-0.346128
4,1.36258,-0.420238
4,0.522019,-0.223798
4,0.854629,-0.413345
4,1.77801,-0.109838
4,0.269481,-0.151386
4,1.805,0.0710912
4,-0.00234803,0.462281
4,1.46948,-0.334464
4,1.84268,0.0909102
4,2.00997,0.6431
4,1.93169,0.272689
4,1.92189,0.336178
4,1.66393,-0.133918
4,0.486026,-0.2326
4,1.65365,-0.0919838
4,1.9747,0.334278
4,1.81387,0.242847
4,1.98479,0.508756
4,1.92474,0.073505
4,1.95352,0.46513
4,1.88238,0.247786
4,1.16135,-0.401639
4,1.19858,-0.322983
4,0.684113,-0.399815
4,1.71576,-0.120748
4,-0.101778,0.405148
4,1.74344,0.0206818
4,0.627904,-0.403393
4,1.8503,-0.0675336
4,0.117011,0.152994
4,1.1225,-0.257725
4,1.88078,0.224332
4,1.92244,0.402392
4,1.53668,-0.327263
4,1.96724,0.434582
4,1.16124,-0.453075
4,1.83032,0.0924616
4,0.0592726,0.553638
4,0.436798,-0.313974
4,0.351099,-0.204695
4,-0.040155,0.373276
4,1.56317,-0.240052
4,1.25285,-0.336827
4,0.120771,-0.0372192
4,1.21661,-0.314034
4,1.85704,-0.157139
4,0.10306,0.596671
4,0.0977769,0.300661
4,1.94684,0.344629
4,0.82206,-0.289644
4,0.239661,-0.0534672
4,0.582854,-0.38411
4,0.0815492,0.437002
4,0.484856,-0.298068
4,-0.0362231,0.537077
4,2.01979,0.390161
4,1.40907,-0.285504
4,1.20067,-0.308234
4,2.00686,0.394345
4,0.45461,-0.224541
4,1.91497,0.355685
4,1.83179,0.144012
4,2.04349,0.460446
4,0.736896,-0.301268
4,0.196038,-0.119129
4,0.547793,-0.168889
4,0.641136,-0.329201
4,0.271879,0.034414
4,1.55407,-0.123713
4,1.57048,-0.228268
4,0.937508,-0.522087
4,1.25147,-0.224884
4,-0.0976173,0.398772
4,1.17905,-0.436663
4,1.03543,-0.40837
4,1.67688,-0.157091
4,0.687149,-0.368683
4,1.4458,-0.353789
4,0.817359,-0.306766
4,0.0202431,0.090907
4,0.90948,-0.379081
4,1.9245,0.593322
4,-0.0180073,0.172744
4,1.82514,-0.0770901
4,0.689204,-0.251571
4,0.268536,-0.205996
4,1.58075,-0.299341
4,0.549457,-0.268348
4,1.89893,0.297753
4,0.661247,-0.338888
4,1.65288,-0.083123
4,1.28856,-0.429654
4,1.96947,0.518105
4,0.726924,-0.363109
4,0.07343,0.338545
4,0.632994,-0.335797
4,0.229201,0.00737274
4,0.472978,-0.160366
4,0.124067,0.269618
4,1.49754,-0.252189
4,1.91068,0.358091
4,0.916245,-0.375501
4,0.147112,0.199842
4,1.14948,-0.352578
4,1.9853,0.717258
4,0.483923,-0.28647
4,0.447923,0.0232654
4,-0.0861016,0.333091
4,0.874327,-0.377049
4,0.66753,-0.253156
4,2.06624,0.447132
4,0.939065,-0.295207
4,-0.0542528,0.348831
4,0.131839,0.103852
4,1.99284,0.528428
4,1.30445,-0.280141
4,1.68903,0.012526
4,0.469358,-0.292648
4,0.81961,-0.374836
4,1.67712,-0.310577
4,1.53742,-0.16839
4,-0.0743243,0.211862
4,1.73318,-0.017245
4,1.71239,0.0227992
4,1.23536,-0.431009
4,1.63744,-0.195805
4,1.02465,-0.338299
4,0.860307,-0.336584
4,1.90871,0.486609
4,0.151557,0.0519277
4,0.174623,-0.122206
4,0.461857,-0.323477
4,1.96004,0.333808
4,-0.0202642,0.510671
4,0.469353,-0.327789
4,0.972912,-0.386858
4,2.04585,0.364841
4,1.15309,-0.26055
4,0.689765,-0.30849
4,1.28628,-0.159734
4,0.357664,-0.136199
4,1.93933,-0.0678996
4,1.64439,-0.352677
4,1.98922,0.271942
4,1.68502,-0.276872
4,0.542642,-0.198311
4,0.113852,0.20443
4,0.0124042,0.308828
4,0.246199,-0.0805436
4,0.113605,0.225825
4,1.40117,-0.296002
4,1.30057,-0.407401
4,1.97294,0.0192589
4,0.20395,-0.0307407
4,0.011488,0.576442
4,1.23551,-0.472014
4,1.67515,-0.0940924
4,1.46617,-0.349439
4,0.564766,-0.287668
4,0.0521773,0.614167
4,1.97905,0.140613
4,1.76633,-0.0820246
4,1.46721,-0.2249
4,0.0893922,0.0877324
4,1.72993,-0.0972323
4,0.0740908,0.440124
4,1.09394,-0.555619
4,0.643933,-0.348493
4,1.23267,-0.372407
4,0.338638,-0.103794
4,1.0598,-0.493072
4,0.129911,0.10597
4,1.23952,-0.297981
4,0.39986,-0.319294
4,0.608892,-0.348986
4,0.63649,-0.245622
4,0.0953697,0.201688
4,0.177136,-0.018564
4,0.0351616,0.374335
4,1.41653,-0.291617
4,0.80326,-0.317858
4,1.27449,-0.39522
4,1.85006,-0.0510395
4,1.67074,-0.0601635
4,1.9344,0.423223
4,0.529599,-0.191195
4,0.195001,-0.0293556
4,-0.00287106,0.435466
4,0.536232,-0.185056
4,1.33975,-0.348228
4,0.167383,0.188454
4,1.56086,-0.295043
4,0.257508,0.0141556
4,0.354107,-0.235779
4,0.374154,-0.196854
4,0.218185,-0.0235513
4,1.59655,-0.202046
4,1.02572,-0.341248
4,0.0938883,0.034667
4,1.99184,0.464336
4,1.99211,0.57934
4,1.00349,-0.39086
4,1.61724,-0.197538
4,1.9189,0.0467183
4,0.558817,-0.337837
4,0.507703,-0.236199
4,1.1051,-0.464418
4,1.81564,-0.178644
4,1.99747,0.473076
4,1.34737,-0.357678
4,1.73679,0.0123078
4,0.997764,-0.425892
4,1.85481,0.153501
4,1.65091,-0.230025
4,0.570753,-0.270471
4,2.00241,0.502315
4,1.8336,0.0353328
4,0.146854,0.0512604
4,0.658032,-0.337958
4,1.53329,-0.254404
4,0.305975,-0.229967
4,0.052603,0.45619
4,0.844759,-0.41754
4,1.91294,0.110111
4,1.88657,0.430609
4,0.421933,-0.236186
4,1.75464,-0.0641816
4,0.326911,-0.182543
4,1.74832,-0.14599
4,1.4632,-0.25646
4,1.22717,-0.428336
4,0.488048,-0.296263
4,0.917858,-0.452931
4,1.48916,-0.270674
4,0.0929006,0.032439
4,1.58665,-0.23475
4,1.97218,0.714711
4,-0.0102155,0.49698
4,1.83344,0.0838015
4,1.93249,0.565082
4,1.04948,-0.463498
4,0.588667,-0.330047
4,1.4637,-0.263329
4,1.95627,0.316586
4,0.0150802,0.243061
4,0.647181,-0.390886
4,1.88139,0.459514
4,1.63661,-0.122786
4,0.657038,-0.280993
4,1.79976,-0.112689
4,0.661042,-0.30473
4,1.8237,-0.171839
4,0.354292,-0.136859
4,1.3281,-0.386563
4,1.26127,-0.35616
4,1.60736,-0.206063
4,2.00448,0.582512
4,1.1108,-0.343934
4,1.87949,0.0991377
4,1.97517,0.280312
4,0.135345,0.0071986
4,1.26494,-0.426761
4,1.01133,-0.466993
4,2.13851,0.513864
4,1.86832,0.214468
4,0.165779,0.267957
4,1.44607,-0.411322
4,0.365971,-0.149538
4,1.99616,0.297987
4,2.02942,0.511614
4,0.487508,-0.336231
4,0.598031,-0.322645
4,1.39503,-0.326286
4,1.91048,0.522055
4,1.91275,0.585354
4,0.993361,-0.362126
4,0.427383,-0.316267
4,1.87062,0.285475
4,1.96954,0.432518
4,0.860994,-0.409046
4,0.204162,0.135134
4,0.279168,-0.150075
4,0.0133409,0.221347
4,0.306239,-0.165342
4,1.15193,-0.284293
4,1.69162,-0.0239256
4,0.0795734,0.173148
4,1.91774,0.673115
4,1.34226,-0.226213
4,0.243902,0.0964643
4,0.710199,-0.289696
4,0.405793,-0.124407
4,0.632775,-0.400608
4,1.82269,-0.0369276
4,0.0371008,0.280833
4,0.265483,0.00103092
4,0.252049,-0.161482
4,0.870889,-0.416383
4,1.94029,0.382795
4,1.99551,0.429277
4,0.61194,-0.294426
4,0.111577,0.102002
4,0.42227,-0.240769
4,0.00639111,0.363523
4,1.89769,0.485348
5,0.791212,0.662552
5,0.29965,0.964621
5,-0.633847,0.674781
5,0.849193,0.268132
5,-0.276817,0.872946
5,-0.915331,0.555746
5,-0.931904,0.0507982
5,0.923076,0.152071
5,-0.856522,0.640205
5,0.986368,0.344637
5,0.377248,0.84213
5,-0.598195,0.900948
5,-0.899427,0.0692444
5,-0.000904291,0.917183
5,0.737528,0.77727
5,-0.335639,0.95919
5,1.00944,0.209342
5,-0.394218,0.987612
5,0.16997,0.990359
5,-0.103214,0.960857
5,-0.241996,0.955045
5,0.322343,0.940271
5,-0.594875,0.780707
5,1.00841,0.0628115
5,0.870414,0.345115
5,0.662684,0.843287
5,0.958087,0.438005
5,0.562955,0.766438
5,0.526836,0.916229
5,-0.636189,0.832042
5,-0.430938,0.888458
5,-0.977186,0.196063
5,0.337387,0.919957
5,-0.171156,0.944045
5,-0.558609,0.795019
5,0.88532,0.236064
5,0.354949,1.01985
5,0.524305,0.77725
5,-0.428894,0.89128
5,0.416359,1.02848
5,0.861257,0.596761
5,0.940054,0.216947
5,-0.851512,0.375368
5,-0.918406,0.153774
5,-0.907956,0.404443
5,-0.370928,0.877571
5,0.58824,0.683635
5,0.260984,1.074
5,-0.31418,0.89652
5,-0.816297,0.680208
5,-0.903468,0.356576
5,-1.01344,0.283145
5,-0.533811,0.827122
5,0.433379,0.918424
5,-0.997946,0.44892
5,0.730066,0.642546
5,0.198341,1.04839
5,-0.893558,0.477378
5,-0.360873,1.0026
5,-1.05284,0.0743545
5,0.265197,0.918896
5,0.408695,1.01259
5,-0.595665,0.902264
5,-0.605196,0.802412
5,-1.03685,0.268217
5,0.443715,0.865611
5,0.181148,0.959123
5,0.346608,0.928081
5,0.622144,0.806133
5,0.761404,0.797588
5,0.745318,0.680163
5,-0.316629,0.928831
5,-0.979785,0.16698
5,0.930897,0.414542
5,0.0531946,0.940596
5,-0.527296,0.893463
5,0.31429,0.944261
5,0.893904,0.17863
5,0.706078,0.704458
5,-0.721612,0.76351
5,-0.411526,0.857463
5,0.314276,0.883604
5,-0.946712,0.180246
5,-0.976632,0.185521
5,0.93103,0.0677024
5,-0.175968,0.89899
5,0.0440011,1.05048
5,-0.658525,0.774957
5,0.413754,0.991105
5,0.808186,0.66141
5,-0.889957,0.429104
5,-0.781257,0.713834
5,0.000705488,1.04713
5,0.640453,0.807504
5,-1.04805,0.223744
5,0.0766627,1.02672
5,-0.0911993,1.04162
5,0.822078,0.426863
5,0.385025,0.87737
5,0.472316,0.969434
5,-0.733328,0.698644
5,0.892885,0.360505
5,0.921654,0.544135
5,0.0100889,0.882193
5,-0.431508,0.946615
5,-1.05789,0.281708
5,-0.790423,0.573646
5,0.714349,0.650323
5,-0.95457,0.244207
5,-0.574056,0.805246
5,0.778632,0.594148
5,0.450239,0.872515
5,0.525539,0.836347
5,-0.859847,0.504553
5,-0.856109,0.28573
5,1.02121,0.129779
5,0.391598,1.00566
5,-0.741024,0.696615
5,-0.335124,0.949088
5,-0.021786,0.979549
5,-0.205115,1.01275
5,-0.716348,0.603078
5,0.821774,0.758311
5,0.546864,0.846728
5,1.00208,0.376318
5,0.0734931,1.02274
5,-0.300609,1.04272
5,0.66647,0.717824
5,-0.741417,0.782608
5,-0.896364,0.407274
5,-0.103942,1.05419
5,-0.522056,0.853346
5,-0.968352,0.191308
5,-1.00788,0.17678
5,-0.584784,0.785046
5,0.114979,0.864207
5,-1.07578,0.28316
5,-0.940954,0.409467
5,-0.157974,0.967049
5,0.0342293,1.10782
5,-0.844654,0.609996
5,-0.437653,0.951746
5,1.04253,0.181803
5,0.999178,0.199638
5,1.05557,-0.0538609
5,0.909929,0.301361
5,-0.412421,1.03092
5,0.67639,0.834592
5,0.0253244,1.0005
5,0.513388,0.846795
5,0.906211,0.114969
5,-0.717879,0.782552
5,-0.545466,0.919594
5,-0.90557,0.320663
5,-0.622523,0.816038
5,-0.847519,0.418084
5,-0.896195,0.485611
5,-1.0761,0.435361
5,0.364592,1.00042
5,-0.958822,0.282133
5,-0.891754,0.0843901
5,0.674209,0.758954
5,0.217988,0.96241
5,0.512097,0.873638
5,-0.941919,0.307618
5,0.653125,0.597035
5,0.605856,0.834551
5,1.10502,0.102335
5,-0.398825,0.957666
5,-0.12963,1.05064
5,0.775086,0.617885
5,0.348692,0.904243
5,0.231385,1.04052
5,-0.0627689,0.938767
5,-0.681746,0.70504
5,0.328082,0.874555
5,0.580938,0.72389
5,-0.328555,0.961879
5,-1.02586,-0.0122716
5,-0.970051,0.109707
5,-0.764054,0.631614
5,0.251447,1.00514
5,-0.941187,0.546382
5,0.262042,0.887016
5,0.534003,0.811327
5,0.405724,0.99977
5,-0.631811,0.842713
5,-0.67057,0.657808
5,-0.773565,0.613377
5,-0.541055,0.925998
5,0.707808,0.582529
5,-0.548668,0.933335
5,0.917474,0.109961
5,-0.969189,0.167071
5,-0.772998,0.640884
5,1.11015,0.0634081
5,-0.705388,0.715257
5,0.0885998,0.975557
5,0.971238,0.453197
5,0.097743,0.888044
5,-0.180929,1.04965
5,0.65823,0.697286
5,0.798191,0.59677
5,-0.922863,0.332364
5,0.836972,0.472726
5,-0.385131,0.901791
5,0.790343,0.581974
5,-0.0943376,0.967974
5,-0.0765994,1.03498
5,0.386943,0.860258
5,-0.73466,0.636845
5,0.604494,0.809008
5,1.05737,0.484986
5,-1.02431,-0.0627748
5,-0.744329,0.575297
5,0.976679,0.0532708
5,-0.600119,0.644661
5,-0.955406,0.267513
5,-0.353043,0.91739
5,0.39537,0.893577
5,0.232981,0.987485
5,-0.912971,0.540528
5,-0.262325,0.913199
5,-0.538086,0.914797
5,-0.444527,0.987812
5,-0.816482,0.373693
5,-0.833217,0.507804
5,-0.24531,0.976268
5,0.269418,1.01743
5,-1.09449,0.0758598
5,-0.25601,0.956762
5,0.164665,1.00637
5,0.86745,0.685784
5,0.240455,1.04136
5,0.278751,0.891795
5,0.86997,0.245009
5,0.496831,0.874325
5,0.108037,1.04377
5,-0.80693,0.62713
5,0.61968,0.739785
5,-0.402721,0.861221
5,-0.275624,0.925639
5,-0.944995,0.32354
5,0.924704,0.534336
5,-1.01641,0.427693
5,-0.795495,0.462254
5,0.738489,0.726099
5,0.72634,0.594185
5,0.863631,0.362427
5,0.723822,0.591352
5,0.725236,0.68243
5,-0.841534,0.436791
5,-1.02855,0.0292953
5,-0.672598,0.636193
5,-0.972522,0.406069
5,-0.971952,0.415038
5,-0.853128,0.522442
5,-0.837431,0.670752
5,0.809952,0.664174
5,0.903897,0.264919
5,-0.193817,0.956679
5,0.475556,0.888335
5,-0.745635,0.632498
5,-0.184353,1.08798
5,0.113961,1.03547
5,0.36506,1.09104
5,1.03751,0.355072
5,-0.030284,0.922436
5,-0.0907429,1.02924
5,1.07239,0.199772
5,-1.01127,0.402857
5,-0.935958,0.374008
5,-0.916758,0.384886
5,-0.989454,0.451067
5,0.699927,0.792599
5,-0.818534,0.648414
5,0.662852,0.735657
5,-0.732317,0.715115
5,0.373896,1.10733
5,-0.477739,0.887978
5,-0.746436,0.882651
5,-0.655187,0.483352
5,1.03302,0.0284414
5,-0.112565,0.974184
5,0.448588,1.01193
5,-0.390547,0.870376
5,-0.530859,0.920913
5,0.257143,0.894774
5,0.159768,1.01735
5,0.889543,0.0826812
5,1.06578,-0.0247558
5,0.843375,0.614098
5,0.841621,0.567946
5,-0.847806,0.463619
5,0.32818,1.01638
5,0.777345,0.54551
5,-0.0358137,1.11807
5,0.987074,0.197273
5,0.217376,1.00141
5,0.823144,0.611924
5,0.565866,0.647999
5,-0.653444,0.745928
5,0.907593,0.109296
5,-0.751172,0.67199
5,0.489507,0.896618
5,-0.563295,0.906565
5,-0.786709,0.676963
5,0.444465,0.97561
5,0.481832,0.888405
5,0.0382779,1.08964
5,0.220925,1.00359
5,-0.573478,0.696499
5,-0.886443,0.379074
5,-0.701986,0.586194
5,0.271422,1.00726
5,0.942234,0.534413
5,0.751305,0.751646
5,1.01506,0.235977
5,-0.113627,0.934246
5,-0.0636375,1.0206
5,-0.667141,0.752409
5,-0.59107,0.770899
5,0.739228,0.593431
5,-0.982466,0.141937
5,-1.07429,0.0660333
5,0.480002,0.890607
5,0.968108,0.27604
5,-0.912855,0.39597
5,-0.898918,0.468624
5,0.947449,0.279139
5,-0.807926,0.596562
5,0.972939,0.235863
5,0.705256,0.611431
5,-0.285344,1.02936
5,-0.708207,0.647975
5,0.443448,0.845606
5,-0.481827,0.856462
5,0.971908,0.188752
5,-0.947618,0.266405
5,0.57477,0.917814
5,0.320929,0.969107
5,0.766698,0.429682
5,-0.779158,0.737707
5,-0.701938,0.675455
5,0.665641,0.533808
5,-0.00470202,1.03776
5,-0.314999,0.885193
5,-0.880244,0.460744
5,-0.741007,0.630783
5,-1.04366,0.0113211
5,-0.883003,0.248784
5,-0.692862,0.69831
5,-0.928753,0.364133
5,0.289869,0.967978
5,0.277431,0.991695
5,0.189076,1.02177
5,0.778448,0.647637
5,0.915049,0.153615
5,0.584718,0.768076
5,-0.953248,0.104986
5,0.662411,0.778464
5,0.0432402,1.04241
5,-0.573166,0.719184
5,0.59314,0.748896
5,-0.912173,0.684843
5,0.118111,1.00564
5,-0.892897,0.520607
5,-0.736082,0.291446
5,-1.05871,0.126563
5,-0.630146,0.737715
5,-0.34577,0.928627
5,-0.376086,0.92199
5,-0.219781,1.05642
5,0.345253,1.03768
5,-0.597098,0.7855
5,-0.343789,0.859156
5,0.602019,0.647764
5,0.760089,0.638603
5,-0.319748,0.923485
5,0.930934,0.150024
5,0.931069,0.331878
5,-0.241328,0.947842
5,0.170661,0.924371
5,0.300829,0.900218
5,-0.621479,0.875721
5,-1.04909,0.220758
5,-0.300435,1.02632
5,0.369459,0.912201
5,0.863598,0.516237
5,0.442027,0.870951
5,-0.493726,0.786282
5,-0.980369,0.309288
5,0.875074,0.535883
5,0.61888,0.837149
5,-0.523453,0.934364
5,0.705385,0.703275
5,0.309482,0.972551
5,-0.234782,0.975219
5,-0.925933,-0.0742918
5,0.829084,0.284621
5,0.46449,0.941843
5,0.662143,0.691521
5,0.944218,0.341166
5,-0.164508,0.842992
5,0.90715,0.0137305
5,0.678342,0.675196
5,-0.947555,0.362119
5,-1.03399,0.226236
5,-0.687706,0.761646
5,0.569989,0.920545
5,0.939798,0.321893
5,-0.256428,0.907625
5,-0.806745,0.645227
5,1.00436,0.191192
5,-0.830564,0.657453
5,-0.534735,0.754913
5,0.945846,0.0317683
5,0.614693,0.762731
5,-0.888013,0.508037
5,0.265983,0.929471
5,-0.991105,0.348484
5,0.875798,0.553027
5,-0.885663,0.446948
5,-0.827837,0.614782
5,0.450547,0.936487
5,0.48949,0.874431
5,-0.982718,0.182728
5,0.724689,0.689034
5,-0.519019,0.809016
5,-0.738023,0.645003
5,-0.648596,0.733962
5,0.264261,0.898305
5,-0.163958,0.990347
5,0.805219,0.55523
5,-0.870149,0.489087
5,0.255508,0.918673
5,0.826808,0.460122
5,0.426132,0.849517
5,-0.876849,0.292927
5,0.834603,0.643583
5,0.82872,0.438516
5,-1.03401,0.0646473
5,-0.87034,0.616623
5,-0.975227,0.195037
5,0.526924,0.654074
5,-0.910835,-0.164891
5,0.522215,0.90537
5,0.194674,0.922031
5,-0.320909,0.956387
5,-0.928472,0.480463
5,-0.628283,0.703098
5,0.823532,0.591819
5,0.389207,0.894357
5,0.135841,0.977052
5,0.946727,0.0624558
5,-0.905798,0.325359
5,-0.848634,0.50764
5,-0.58214,0.78968
5,0.468444,0.840018
5,-0.918291,0.192162
5,0.909051,0.062116
5,0.632599,0.857346
5,-0.570642,0.820725
5,0.881485,0.44773
5,0.83445,0.59621
5,0.198641,0.929442
5,0.229436,0.877638
5,-0.606783,0.95308
5,0.784568,0.652046
5,-0.903886,0.14132
5,0.972191,0.057363
5,0.0306451,1.11931
5,-0.65672,0.711638
5,0.900965,0.423922
5,0.424933,0.962308
5,0.402164,0.844764
5,-0.921904,0.654436
5,-0.967607,-0.00849184
5,0.18723,0.911861
5,-0.666235,0.685943
5,-0.0733312,0.966079
5,0.165071,0.918945
5,-1.0104,0.362283
5,-0.569349,0.783357
5,-0.0409461,1.03933
5,0.939811,0.298756
5,-0.989654,0.0884757
5,0.906557,0.199937
5,-0.86903,0.0614515
5,-0.0848909,1.0394
5,0.384755,0.877062
5,-0.473516,0.854934
5,-0.981063,0.430594
5,1.02786,0.289251
5,-0.929769,0.310515
5,-0.1601,0.879461
5,0.88769,0.408492
5,0.027322,1.01006
5,-0.96104,0.381572
5,-1.00898,0.185427
5,0.611002,0.807213
5,-0.880048,0.558395
5,-0.889867,0.326178
5,-0.887236,0.513244
5,0.860343,0.339142
5,-0.549294,0.879562
5,1.00289,0.375002
5,0.953207,0.457871
5,0.153247,0.943326
5,0.897009,0.535855
5,-0.0765963,1.02992
5,-0.769012,0.661089
5,-0.120135,0.932364
5,-0.81718,0.636073
5,-1.08711,0.00388861
5,0.863969,0.413068
5,-0.828232,0.696606
5,0.918009,-0.110612
5,0.42264,1.02153
5,-0.773264,0.606884
5,0.863253,0.304721
5,0.702465,0.729681
5,1.02106,0.0291017
5,-0.833478,0.582621
5,1.03874,0.115109
5,-0.928313,0.387914
5,0.888724,0.480363
5,-0.809637,0.37212
5,-0.845691,0.211535
5,0.895599,0.494662
5,-0.3321,0.881046
5,0.472421,0.88814
5,0.207389,0.956541
5,0.964192,0.247106
5,0.73696,0.652876
5,-0.847372,0.598819
5,-1.04774,0.223092
5,-0.990731,-0.0589311
5,-0.132342,0.94779
5,-0.40731,0.834688
5,0.492579,0.848054
5,0.952694,0.277321
5,1.06304,0.0175973
5,-0.0697772,1.01706
5,0.985135,0.146543
5,0.455117,0.769433
5,0.187417,0.911411
5,-0.159145,1.00362
5,0.398262,0.797099
5,-0.989859,0.130116
5,-0.678812,0.796703
5,-0.154415,0.937936
5,0.349962,0.876637
5,0.113094,0.981533
5,0.9944,0.110066
5,-0.871834,0.259637
5,0.302079,0.978076
5,-0.989559,0.111985
5,0.0577957,1.01546
5,0.698131,0.846179
5,0.00372917,1.05497
5,1.03756,0.0715218
5,-0.874304,0.635724
5,1.00045,0.11763
5,-0.00707118,1.04143
5,0.294752,0.992881
5,0.937457,0.0384778
5,0.884413,0.616685
5,1.1079,0.26298
5,0.664432,0.884467
5,-0.520441,0.852232
5,0.767668,0.786697
5,-0.0782977,1.05143
5,-0.192618,1.0491
5,0.879195,0.333545
5,-0.878698,0.394702
5,-0.495363,0.941373
5,-0.257998,0.888711
5,-0.490635,0.87147
5,0.433082,0.862168
5,-0.889031,0.488566
5,0.348197,0.906777
5,-0.203189,0.989674
5,0.0972736,1.03225
5,-0.244342,0.91773
5,0.67095,0.563108
5,0.969065,0.0991828
5,-1.02817,0.054464
5,-0.947858,0.643874
5,0.30852,0.941102
5,-0.832527,0.552143
5,0.757759,0.592953
5,0.85667,0.342921
5,-0.746166,0.818057
5,0.977418,0.0554035
5,-0.143529,0.892466
5,-0.809746,0.71853
5,-0.632208,0.743311
5,-0.822332,0.565094
5,0.0502141,1.03883
5,-0.487,0.785131
5,-0.609783,0.60355
5,0.274411,0.953234
5,0.225716,1.01998
5,0.890648,0.0810614
5,-0.735108,0.543382
5,-0.0134791,0.970119
5,-0.939563,0.0434861
5,-0.988074,0.0238631
5,-0.441014,0.87631
5,-0.444664,0.88072
5,-1.05601,0.0587124
5,-0.0181787,1.04154
5,0.470875,0.925607
5,-0.410849,1.08283
5,0.24899,0.907412
5,0.983777,0.0179767
5,0.486966,0.863423
5,0.730141,0.720673
5,-0.72603,0.602371
5,0.876258,0.44017
5,0.717278,0.775606
5,-0.762571,0.562355
5,-0.280247,0.930457
5,0.604616,0.795091
5,0.872991,0.620596
5,0.00392763,0.876277
5,-0.354229,0.908696
5,0.149079,0.972384
5,-0.196319,0.964613
5,-0.707501,0.768924
5,0.749379,0.503839
5,-0.906797,0.364588
5,0.994559,0.39177
5,0.848726,0.596675
5,0.436156,0.901443
5,0.697926,0.703511
5,-0.999215,0.0247285
5,-0.988846,0.0137189
5,-1.02829,0.320692
5,-0.476284,0.899212
5,1.01442,0.473176
5,-0.681315,0.7422
5,0.537391,0.900963
5,-0.693082,0.671551
5,0.195685,1.02138
5,-0.114467,1.04488
5,0.787246,0.595395
5,0.246698,1.04852
5,0.545436,0.796815
5,0.965232,0.261025
5,0.736602,0.696468
5,0.988936,0.177641
5,0.867058,0.586859
5,0.317194,0.902974
5,-1.08694,0.287767
5,0.862872,0.526459
5,-0.283894,1.06162
5,-0.659705,0.718859
5,-0.0369116,1.02274
5,-0.153792,1.00194
5,-0.906169,0.358189
5,-0.985024,0.511642
5,-0.771937,0.814889
5,0.729634,0.772639
5,0.514195,0.889924
5,0.946679,0.346203
5,-0.19016,0.950995
5,-0.657518,0.752161
5,-0.831945,0.763859
5,0.883571,0.601955
5,-0.560707,0.862398
5,-1.00934,0.240124
5,0.812386,0.551874
5,-0.887659,0.598551
5,0.30966,0.868129
5,-1.07837,0.21583
5,0.886262,0.606471
5,0.939507,0.244771
5,-0.136561,0.988856
5,0.531713,0.954898
5,0.427598,0.81926
5,0.0242778,0.943807
5,0.796211,0.733821
5,0.180843,0.984445
5,-0.390124,0.947464
5,-0.651906,0.789983
5,-0.751152,0.560933
5,0.739493,0.657264
5,0.491958,0.973256
5,-1.07522,0.12698
5,0.37475,0.941643
5,-0.747377,0.635843
5,-0.29047,1.00578
5,0.876419,0.0427367
5,1.08088,0.190104
5,-1.05457,0.0265621
5,0.981757,0.428362
5,-0.799747,0.575361
5,-0.256668,1.07204
5,-0.874958,0.315089
5,-0.913532,0.189604
5,0.113327,0.906325
5,-0.987171,0.0283456
5,0.833467,0.482062
5,-1.03752,0.0227767
5,0.973659,-0.017873
5,0.969834,-0.0111232
5,-0.655852,0.649375
5,-1.02425,0.0394711
5,0.850926,0.537964
5,0.935053,0.432992
5,-0.881828,0.523569
5,-0.0279089,1.06274
5,1.00796,0.196076
5,0.903977,0.42293
5,-0.620798,0.718661
5,0.889587,0.388374
5,-0.702128,0.738862
5,-1.02816,-0.0765542
5,-0.350993,0.991386
5,-0.70154,0.86006
5,0.997919,0.244209
5,-1.00273,0.0835986
5,0.855702,0.311334
5,-1.02208,0.0322388
5,-0.364286,0.904272
5,-0.913474,0.219489
5,0.811173,0.560134
5,0.085823,0.961331
5,-0.842294,0.400363
5,0.892449,0.0772645
5,-0.149722,0.941756
5,-0.835362,0.659956
5,0.779835,0.582744
5,0.605932,0.930375
5,-0.14423,1.07677
5,-0.838072,0.478233
5,-0.333149,0.971994
5,-0.922792,0.331963
5,0.978814,0.192594
5,0.933665,0.0229273
5,0.69202,0.760704
5,0.930233,0.367377
5,-0.641252,0.692902
5,0.911505,0.305658
5,0.935441,0.37117
5,-0.896118,0.160432
5,0.985216,0.486151
5,-0.494597,0.879454
5,0.256591,-0.0958591
5,0.194628,-0.020088
5,1.29605,-0.377222
5,0.732058,-0.496456
5,0.0171654,0.15058
5,0.584828,-0.489233
5,1.30686,-0.513412
5,0.237267,-0.00824147
5,0.108038,-0.0121503
5,1.39086,-0.299847
5,1.44143,-0.425647
5,0.12823,-0.111226
5,1.08109,-0.515696
5,1.85856,-0.105417
5,0.600538,-0.399177
5,1.07232,-0.5275
5,1.95796,0.0080825
5,-0.0593298,0.531468
5,0.272482,-0.150152
5,1.85573,0.0604115
5,1.28377,-0.437842
5,1.38977,-0.304225
5,0.491302,-0.250472
5,1.93401,0.244696
5,1.65908,-0.005912
5,0.853342,-0.441701
5,0.551315,-0.28929
5,1.90661,0.448104
5,0.210998,-0.148577
5,1.94115,0.206712
5,1.60096,-0.376611
5,0.900511,-0.428443
5,0.215635,-0.234748
5,1.97119,0.335366
5,2.04619,0.281705
5,1.42177,-0.382982
5,1.76747,-0.0757649
5,0.706708,-0.49211
5,1.56976,-0.355651
5,0.791024,-0.453811
5,0.150715,0.0160951
5,0.0717957,0.350993
5,2.03823,0.42214
5,0.604819,-0.491431
5,0.284398,-0.231419
5,1.98682,0.361357
5,0.0351554,0.302532
5,0.148748,-0.0111457
5,1.11903,-0.421025
5,1.83918,-0.0247171
5,1.97742,0.00691496
5,1.85145,-0.0980797
5,1.62949,-0.247395
5,0.910447,-0.485524
5,0.476638,-0.382273
5,0.0351791,0.0759062
5,0.197056,-0.156897
5,1.63977,-0.228632
5,0.188812,-0.0115776
5,0.049226,0.129905
5,2.00733,0.226357
5,0.962162,-0.505577
5,1.86137,0.29038
5,1.88286,-0.148729
5,1.34356,-0.54654
5,2.00188,0.387763
5,1.95548,0.15523
5,0.768512,-0.464086
5,1.87454,0.115517
5,1.93686,-0.0373451
5,1.87099,-0.0334746
5,1.87758,0.132949
5,0.313266,-0.0170394
5,0.21158,-0.14499
5,1.80761,-0.129938
5,1.09241,-0.517227
5,0.37354,-0.30734
5,1.49775,-0.384389
5,0.256728,-0.0665406
5,1.59413,-0.438726
5,1.87934,0.191641
5,1.51099,-0.414066
5,0.0814374,0.0595506
5,1.59822,-0.14927
5,0.748081,-0.501693
5,0.0460812,0.0439773
5,0.83589,-0.47715
5,0.152458,0.0884979
5,1.8831,0.068518
5,1.85876,-0.0491159
5,-0.0586789,0.181732
5,1.96666,0.36242
5,1.85045,-0.170672
5,0.215461,-0.240098
5,1.97435,0.216366
5,0.173407,-0.139561
5,0.692366,-0.45603
5,1.84791,0.110774
5,-0.035281,0.182587
5,1.28972,-0.39658
5,0.168232,0.0409543
5,1.28356,-0.524677
5,0.10447,0.445555
5,0.974835,-0.49762
5,1.91667,0.115236
5,1.54232,-0.471509
5,1.79279,-0.192794
5,0.120609,0.0590511
5,1.95424,0.259209
5,0.312777,-0.0687352
5,1.97765,0.0360366
5,1.29016,-0.451171
5,0.0948395,0.292671
5,0.0418092,0.49621
5,0.443032,-0.432143
5,-0.0902576,0.249406
5,0.363937,-0.350316
5,0.126228,0.131915
5,0.398647,-0.127415
5,-0.0324394,0.380476
5,1.30693,-0.35802
5,1.93859,0.165982
5,1.69995,-0.267727
5,0.349458,-0.210906
5,1.99783,0.46867
5,1.80781,-0.0335596
5,0.00635239,0.0177205
5,0.145419,0.24544
5,0.307781,-0.315556
5,0.0713331,0.325214
5,-0.045454,0.222024
5,1.82484,0.184188
5,0.529974,-0.402038
5,0.579939,-0.500143
5,0.0602651,0.456107
5,1.95541,0.233048
5,0.354486,-0.298372
5,0.847995,-0.346824
5,0.748276,-0.334024
5,0.538462,-0.31299
5,0.18548,-0.169845
5,1.139,-0.665542
5,0.208948,-0.0645386
5,0.883692,-0.611169
5,0.858186,-0.587825
5,1.87319,0.0342506
5,1.23329,-0.408203
5,1.58597,-0.242596
5,1.82835,-0.0675683
5,1.74508,-0.192506
5,1.96648,0.283802
5,2.04611,0.201482
5,0.0444892,0.470274
5,1.15303,-0.526108
5,1.88834,0.14078
5,1.89382,0.0181196
5,1.78873,-0.0992107
5,1.63254,-0.243947
5,0.0228148,0.156724
5,-0.099505,0.432272
5,1.96566,-0.105979
5,1.98075,0.291227
5,2.1023,0.347933
5,0.217507,-0.205355
5,1.95273,0.229259
5,0.124008,0.219672
5,1.93254,0.273954
5,1.87923,-0.028387
5,1.39027,-0.354185
5,0.170497,-0.112842
5,1.94923,0.407604
5,0.0759868,0.244552
5,0.0554838,0.269321
5,1.53423,-0.33927
5,1.96329,0.251888
5,0.0533551,0.23561
5,2.02425,0.472423
5,1.98394,0.431055
5,0.424494,-0.384714
5,1.0144,-0.49075
5,0.152816,-0.0653711
5,0.823364,-0.522973
5,1.99125,0.3979
5,1.87901,0.0342257
5,2.00548,0.101691
5,1.31971,-0.448065
5,1.7048,-0.232387
5,0.136197,0.0282782
5,1.62203,-0.154536
5,1.26447,-0.538944
5,0.411071,-0.392338
5,1.94837,0.047221
5,-0.00362561,0.474687
5,1.74219,-0.0752648
5,1.35457,-0.462772
5,1.95213,0.394045
5,1.21023,-0.528575
5,0.0492775,0.337592
5,0.869322,-0.469242
5,1.98021,0.432516
5,1.84702,-0.054198
5,1.77816,-0.0782906
5,0.296768,-0.188084
5,2.04822,0.401736
5,2.00293,0.376296
5,0.815078,-0.406236
5,0.873299,-0.516776
5,1.95067,0.159964
5,0.847591,-0.461378
5,1.96698,0.256599
5,1.37868,-0.360139
5,0.283923,-0.323363
5,1.9307,0.159715
5,0.47159,-0.288627
5,0.358822,-0.270989
5,0.632844,-0.320341
5,2.02916,0.119877
5,1.0536,-0.433106
5,1.71863,-0.107911
5,-0.025799,0.417394
5,0.0307312,0.0988305
5,0.781178,-0.57909
5,0.0668827,0.432845
5,0.973405,-0.464679
5,0.508986,-0.437745
5,1.18784,-0.439156
5,0.0819432,0.0431856
5,0.684639,-0.452927
5,0.488246,-0.389412
5,1.37508,-0.421139
5,1.57119,-0.335419
5,1.77782,-0.148608
5,0.272383,-0.121046
5,0.149327,0.195453
5,0.0938799,-0.0139246
5,1.27281,-0.514615
5,-0.120979,0.251974
5,1.85012,0.0136632
5,0.0541696,0.0794903
5,1.92897,0.00892917
5,0.221659,-0.183252
5,1.31889,-0.449003
5,1.73987,-0.220269
5,2.00096,0.439833
5,0.65462,-0.332451
5,0.0115593,0.254317
5,0.353258,-0.232851
5,0.168965,-0.177908
5,0.0473108,0.477278
5,1.49827,-0.294426
5,0.224619,-0.260463
5,0.0773972,0.308496
5,-0.0334958,0.188331
5,2.03684,0.350835
5,1.97864,0.234957
5,1.06059,-0.58618
5,0.863416,-0.410574
5,0.0126528,0.33813
5,0.182952,0.125239
5,1.48203,-0.430355
5,0.135873,0.253253
5,0.364153,-0.387738
5,0.795359,-0.418545
5,0.0144332,0.379562
5,-0.00186658,0.217921
5,1.17684,-0.426002
5,0.0395266,0.474802
5,0.265076,-0.234684
5,1.8622,0.0190873
5,1.59706,-0.270834
5,1.93207,0.416638
5,1.48115,-0.336721
5,0.532145,-0.34511
5,0.955698,-0.436659
5,-0.0507726,0.344867
5,0.0479552,0.250841
5,1.77298,-0.111657
5,1.33553,-0.407135
5,1.94652,0.269885
5,0.780661,-0.414718
5,1.4879,-0.448647
5,0.0850811,-0.0192455
5,1.93603,-0.0137181
5,1.83944,0.010414
5,2.0543,0.215352
5,1.94488,0.411556
5,0.124676,0.0917889
5,1.59403,-0.287473
5,1.33557,-0.441687
5,1.36315,-0.304484
5,0.984979,-0.459305
5,1.75552,-0.0885039
5,1.95387,0.241621
5,0.766441,-0.451747
5,1.26676,-0.479401
5,1.80383,-0.0211537
5,0.996261,-0.443219
5,0.173941,-0.0095212
5,1.69622,-0.115831
5,0.86889,-0.567843
5,0.214938,-0.114519
5,1.85067,0.0691758
5,1.21069,-0.62434
5,0.21047,0.12802
5,0.274735,-0.195223
5,0.730893,-0.614896
5,1.63599,-0.299467
5,1.28271,-0.55468
5,-0.00585471,0.427312
5,1.26908,-0.512003
5,0.497453,-0.386123
5,0.164877,0.0437104
5,0.00175878,0.453696
5,1.55524,-0.336324
5,1.04449,-0.428872
5,0.267113,-0.182216
5,2.02737,0.317037
5,1.73775,-0.106428
5,1.57044,-0.217578
5,0.908142,-0.578244
5,1.69647,-0.267864
5,0.807877,-0.539359
5,2.0707,0.379761
5,1.94099,-0.0303707
5,1.15346,-0.505649
5,0.587145,-0.330788
5,0.327891,-0.18715
5,1.89009,0.192248
5,0.512545,-0.3421
5,1.54283,-0.376512
5,0.17734,0.0686276
5,-0.0449682,0.199845
5,0.321257,-0.17371
5,0.504367,-0.308238
5,0.358621,-0.357086
5,1.36441,-0.464733
5,1.00102,-0.53548
5,0.152263,0.504311
5,0.0499368,0.404209
5,0.128326,-0.0521388
5,0.16401,-0.194009
5,0.0524537,0.455427
5,1.92577,0.0975518
5,0.836175,-0.504584
5,1.20077,-0.444511
5,1.9219,0.288426
5,0.16899,0.115556
5,1.92592,-0.0542225
5,0.375003,-0.161985
5,1.05218,-0.380388
5,1.7905,-0.0925266
5,0.0350758,0.249744
5,0.0970069,0.0297405
5,1.78505,-0.173977
5,0.404339,-0.223171
5,0.607606,-0.464259
5,1.1966,-0.471549
5,1.28269,-0.563897
5,1.51455,-0.293852
5,1.61641,-0.179311
5,0.101652,0.142002
5,1.32507,-0.358336
5,1.42871,-0.348576
5,1.07812,-0.462245
5,1.32128,-0.408486
5,0.286713,-0.161869
5,2.11832,0.141488
5,1.44714,-0.230343
5,1.82757,0.216243
5,0.0522965,-0.0280854
5,0.538705,-0.387537
5,1.39997,-0.447265
5,0.453533,-0.301341
5,0.837835,-0.544505
5,0.985335,-0.465523
5,1.11458,-0.467661
5,0.0657693,0.100947
5,0.960518,-0.412894
5,0.139918,-0.00125345
5,0.00149976,0.0161177
5,0.107384,0.249419
5,0.0719903,-0.0722602
5,0.589759,-0.416456
5,0.955028,-0.474524
5,0.318641,-0.105339
5,0.194887,-0.0324207
5,0.62771,-0.385846
5,1.2253,-0.450285
5,2.07216,0.394768
5,0.201445,0.152205
5,1.0396,-0.470503
5,1.34753,-0.353566
5,1.19581,-0.595197
5,1.26427,-0.532228
5,0.163148,-0.0691797
5,0.063811,0.234402
5,1.75166,-0.181564
5,0.688229,-0.494218
5,1.19197,-0.493411
5,1.89299,-0.0347689
5,0.0326365,0.252829
5,0.954427,-0.571334
5,1.95163,0.126983
5,1.71873,-0.22022
5,1.48514,-0.280075
5,0.669787,-0.35945
5,0.43665,-0.28818
5,1.98393,0.305711
5,1.80291,-0.0698928
5,1.88735,0.131337
5,1.43926,-0.337401
5,0.143426,-0.0676854
5,1.14598,-0.53959
5,0.871218,-0.452169
5,0.288889,-0.0239813
5,0.266957,-0.149833
5,0.0983796,0.0833063
5,0.0440174,0.286043
5,0.392656,-0.254043
5,0.678445,-0.481576
5,1.9459,0.0420169
5,1.85353,0.0526488
5,0.455455,-0.251396
5,1.54993,-0.381819
5,0.208079,-0.0417642
5,1.73178,0.0342008
5,0.540954,-0.371444
5,1.15458,-0.391906
5,0.872523,-0.465266
5,0.0621687,0.0989383
5,-0.103559,0.537175
5,0.72208,-0.523841
5,0.355447,-0.217116
5,0.543374,-0.382531
5,0.653944,-0.416983
5,1.13723,-0.447381
5,0.332507,-0.171595
5,0.672953,-0.416834
5,1.00044,-0.537423
5,0.86822,-0.532487
5,1.57151,-0.366125
5,-0.0108194,0.285191
5,0.319478,-0.267001
5,0.559859,-0.472229
5,0.292635,-0.266693
5,1.19652,-0.520875
5,0.877231,-0.526992
5,1.9443,0.0783453
5,1.93336,-0.00199102
5,1.76877,-0.118201
5,1.36138,-0.352178
5,1.29786,-0.464241
5,0.401058,-0.39458
5,1.56737,-0.316244
5,1.13619,-0.554904
5,0.0422578,0.157773
5,0.994891,-0.463697
5,0.53162,-0.369786
5,2.06644,0.540485
5,0.917793,-0.452628
5,1.98763,0.242195
5,1.41751,-0.350585
5,0.970307,-0.522755
5,0.000182827,0.317603
5,0.177462,-0.0741158
5,0.86104,-0.528041
5,1.59871,-0.311228
5,0.95573,-0.574793
5,0.929564,-0.499774
5,1.4699,-0.409335
5,1.50139,-0.347057
5,0.544307,-0.358109
5,1.8233,0.177748
5,0.232144,-0.0534565
5,-0.0222015,0.503005
5,1.51242,-0.36826
5,-0.100872,0.337277
5,1.50865,-0.370544
5,2.03777,0.295636
5,0.911677,-0.355484
5,1.79749,-0.247772
5,0.104073,0.123213
5,0.436702,-0.315625
5,1.58892,-0.375238
5,0.0845494,0.357175
5,1.42465,-0.500872
5,1.88742,0.181791
5,2.1671,0.401969
5,-0.00759412,0.48601
5,0.270875,-0.106703
5,0.777788,-0.433253
5,0.727909,-0.469037
5,1.49191,-0.292662
5,-0.0104471,0.158227
5,2.01381,0.372834
5,1.8069,-0.113651
5,1.77008,-0.156585
5,1.28803,-0.49502
5,1.30828,-0.326089
5,1.36804,-0.466516
5,1.43041,-0.376128
5,0.460543,-0.282272
5,0.25397,-0.115013
5,1.2169,-0.531624
5,2.0427,0.459299
5,1.5618,-0.223523
5,0.0118228,-0.0622368
5,1.42465,-0.384358
5,1.66638,-0.20733
5,0.11141,0.460804
5,1.90192,0.110211
5,1.41997,-0.609497
5,0.217548,-0.115586
5,0.417607,-0.25065
5,0.00952927,0.314166
5,2.00836,0.42247
5,1.82169,-0.101875
5,1.1598,-0.491241
5,0.00356983,0.517102
5,1.37249,-0.536144
5,0.441214,-0.345694
5,2.08911,0.330018
5,1.01071,-0.522767
5,1.1849,-0.417378
5,1.35629,-0.447797
5,1.94474,0.130599
5,1.44772,-0.411482
5,1.27111,-0.418148
5,1.78754,-0.0316427
5,2.05921,0.43404
5,1.86478,-0.110519
5,1.93967,0.287909
5,0.680216,-0.487515
5,1.93921,0.267595
5,0.677502,-0.439225
5,0.532982,-0.140537
5,0.799128,-0.387824
5,1.88088,0.416727
5,1.0459,-0.485021
5,2.0021,0.42581
5,1.59268,-0.175321
5,2.10578,0.173634
5,0.932229,-0.521704
5,0.169943,-0.069888
5,0.526554,-0.313387
5,1.85061,0.248714
5,1.54739,-0.220994
5,1.90614,0.434809
5,1.37194,-0.44554
5,0.503461,-0.40349
5,0.7703,-0.356637
5,0.278313,-0.241183
5,0.0558848,0.173603
5,0.366784,-0.157138
5,0.897101,-0.467101
5,0.13478,0.180425
5,0.0493932,0.261593
5,1.62106,-0.226734
5,1.99742,0.357412
5,0.771747,-0.497033
5,1.76761,-0.0662501
5,0.661525,-0.53387
5,0.969708,-0.409994
5,0.396253,-0.433354
5,2.05629,0.506579
5,1.55293,-0.406887
5,1.64056,-0.305171
5,1.86834,0.0549754
5,1.92403,0.0327815
5,0.17921,-0.0224936
5,0.0743216,0.162032
5,0.11126,-0.113305
5,1.36795,-0.493721
5,1.80551,0.0843683
5,0.470375,-0.37031
5,1.44831,-0.445167
5,1.87405,0.040033
5,0.188986,-0.000490592
5,1.98691,0.46767
5,2.03669,0.354799
5,1.41571,-0.504693
5,1.85419,-0.0300921
5,1.20945,-0.460429
5,0.394586,-0.303253
5,0.919695,-0.484096
5,0.9259,-0.411592
5,1.75953,-0.126652
5,0.551602,-0.368077
5,1.31222,-0.455636
5,2.00771,0.214161
5,0.798436,-0.586658
5,1.42475,-0.443257
5,0.751358,-0.428741
5,1.86242,0.152272
5,1.08417,-0.433364
5,1.36944,-0.405552
5,1.30528,-0.476979
5,2.01225,0.241774
5,0.076621,0.146887
5,1.29621,-0.224581
5,0.90444,-0.434001
5,1.18233,-0.415644
5,1.51704,-0.371437
5,1.91173,0.0344937
5,1.91346,0.389866
5,0.704586,-0.348385
5,1.94821,0.361541
5,-0.0105687,0.228764
5,1.83078,-0.0929248
5,0.724981,-0.435549
5,1.73829,-0.129053
5,0.273274,-0.0251764
5,1.00109,-0.431395
5,1.47285,-0.404107
5,0.297559,-0.249716
5,2.05657,0.438543
5,1.98564,0.351606
5,0.000610584,0.587959
5,1.05855,-0.626959
5,0.377881,-0.295708
5,1.28573,-0.31283
5,1.2308,-0.520818
5,1.95425,0.310409
5,1.74198,-0.184132
5,1.87991,0.0633702
5,0.769915,-0.393497
5,0.574075,-0.37542
5,1.74269,-0.143681
5,0.355631,-0.21166
5,0.49977,-0.352357
5,0.811184,-0.472634
5,0.089463,0.231547
5,0.0340589,0.242688
5,1.1936,-0.533737
5,1.52289,-0.378779
5,0.805287,-0.443306
5,0.105767,0.250687
5,1.97986,0.0346896
5,0.314598,-0.204362
5,1.09992,-0.504795
5,0.71829,-0.381127
5,0.882871,-0.368879
5,0.171804,-0.0672427
5,1.15044,-0.521155
5,1.05344,-0.481278
5,1.60325,-0.295425
5,1.58365,-0.305258
5,1.92756,0.185138
5,1.50143,-0.387872
5,1.41433,-0.413384
5,1.7056,-0.161827
5,1.89585,0.2317
5,1.95967,0.292251
5,0.590423,-0.399776
5,2.08053,0.356641
5,1.80771,-0.124646
5,0.502331,-0.397327
5,1.49295,-0.359107
5,0.708629,-0.484869
5,2.08467,0.462748
5,1.93456,0.128699
5,1.00066,-0.447581
5,0.813894,-0.474225
5,0.429993,-0.338819
5,1.74698,-0.213034
5,1.27454,-0.41794
5,0.654605,-0.337006
5,0.823922,-0.490018
5,1.24221,-0.544986
5,0.409484,-0.25118
5,1.62246,-0.305772
5,0.542747,-0.386865
5,1.90538,-0.0196309
5,1.96352,0.250582
5,1.73821,-0.137471
5,1.29395,-0.456487
5,0.655087,-0.552793
5,1.24191,-0.41411
5,0.146415,0.0148645
5,0.595587,-0.395739
5,0.121697,-0.00288034
5,1.26644,-0.463268
5,1.16002,-0.614048
5,0.963828,-0.515208
5,0.279854,-0.0282515
5,0.557506,-0.3408
5,1.44745,-0.275405
5,0.0894912,0.250851
5,0.11231,-0.0854059
5,1.87226,0.0635411
5,1.35944,-0.395562
5,1.87372,-0.176681
5,0.399237,-0.350685
5,1.95193,0.24896
5,0.159,0.0543841
5,1.47281,-0.336017
5,1.89944,0.239013
5,-0.0996816,0.450833
5,0.995616,-0.528282
5,0.550038,-0.461494
5,-0.0725792,0.163488
5,0.386886,-0.186449
5,0.210751,-0.209066
5,1.94846,0.200327
5,0.231318,-0.161482
5,1.67182,-0.212612
5,1.27928,-0.534426
5,0.4412,-0.269295
5,2.11113,0.317292
5,1.00863,-0.52477
5,0.0843394,0.253555
5,1.80741,0.00360374
5,0.0240056,0.184947
5,0.0734667,0.253374
5,0.182252,-0.209881
5,1.89007,0.0647643
5,1.88983,-0.122154
5,0.0644705,0.174533
5,0.30446,-0.109951
5,0.590715,-0.378705
5,1.0149,-0.47042
5,1.33611,-0.522832
5,1.62707,-0.0772742
5,2.01673,0.406692
5,1.81671,-0.106292
5,1.59056,-0.166
5,1.80548,-0.181703
5,1.69301,-0.149701
5,2.00463,0.167289
5,0.139683,0.117028
5,-0.0272484,0.509145
5,0.663836,-0.414501
5,1.27384,-0.398266
5,0.0943544,0.0928293
5,1.96486,0.556057
5,0.908799,-0.335029
5,0.17269,-0.0346715
5,1.98741,0.342517
5,1.40015,-0.368574
5,2.03862,0.454439
5,0.2205,-0.140622
5,-0.0132054,0.455727
5,0.155593,-0.148309
5,2.03384,0.352744
5,2.02388,0.149435
5,1.49865,-0.381745
5,0.656401,-0.507578
5,0.99982,-0.480404
5,0.571017,-0.398377
5,1.27394,-0.419599
6,0.325607,0.805603
6,0.831779,0.330033
6,-0.579841,0.770246
6,0.815904,0.470686
6,-0.668063,0.665239
6,-0.185219,1.07987
6,0.592137,0.852624
6,0.335446,0.881547
6,0.90797,0.381255
6,-0.641694,0.690744
6,-0.626843,0.851431
6,0.291547,0.888007
6,0.116247,1.02035
6,-0.648725,0.846256
6,-0.421287,0.951335
6,-0.254724,0.964407
6,-0.0414969,1.01241
6,-1.01497,0.149343
6,0.215739,0.946985
6,0.568312,0.769629
6,0.989503,0.0263442
6,0.896243,0.547843
6,-1.02111,0.0424775
6,-0.64502,0.645364
6,-0.0682205,1.00633
6,-0.268297,0.999117
6,-0.0242157,1.07635
6,-0.475669,0.806308
6,-0.128445,1.12939
6,-0.446631,0.851872
6,1.10518,0.0653288
6,-0.673451,0.847466
6,0.165886,0.921863
6,0.874597,0.52862
6,0.30721,0.964831
6,0.857964,0.560918
6,0.541585,0.765594
6,1.04212,0.075072
6,-1.03782,0.303022
6,-0.85796,0.497983
6,-0.194866,1.05221
6,-0.356856,0.958312
6,0.995197,0.482466
6,-0.0844079,1.04684
6,-0.466429,0.883729
6,-0.918826,0.405615
6,-0.784514,0.693237
6,0.0515225,0.938545
6,-0.182487,0.945008
6,0.702077,0.842459
6,-0.808558,0.688443
6,-0.853315,0.306887
6,-1.00762,0.231991
6,-0.915032,0.0695427
6,0.331121,0.915304
6,0.0208759,1.0055
6,0.394212,0.927557
6,-0.704038,0.731883
6,0.0910818,0.905135
6,-0.717283,0.552084
6,-0.820761,0.494062
6,-0.142478,0.888979
6,0.908815,0.274497
6,0.158271,0.913574
6,-0.831944,0.632955
6,0.691138,0.758472
6,-1.00701,0.175612
6,-0.466936,0.747568
6,-0.806769,0.544051
6,-0.831324,0.547451
6,1.00341,0.226875
6,0.125158,1.00681
6,0.302782,1.07458
6,-0.802277,0.529675
6,0.947152,0.488747
6,0.521502,0.762892
6,0.344694,0.965875
6,0.554072,0.907551
6,-0.489561,0.821673
6,-0.82388,0.787213
6,-0.223996,0.931071
6,-0.890278,0.356566
6,-0.830083,0.308129
6,0.557474,0.741845
6,-1.00416,-0.0470448
6,-0.924463,0.358813
6,0.0417495,1.01233
6,-0.719336,0.652123
6,0.751282,0.522839
6,0.967392,0.0659796
6,1.02545,0.0108944
6,0.775864,0.575316
6,-0.452909,0.806112
6,1.07652,-0.0507671
6,-0.718695,0.597804
6,-0.455463,0.999517
6,-0.253099,0.968787
6,-0.136182,0.929622
6,0.998894,0.149318
6,0.150707,0.959026
6,-0.959208,0.13238
6,-0.506774,0.827825
6,-0.526867,0.837628
6,0.942105,0.349947
6,-0.740552,0.547169
6,0.953756,0.0145011
6,-0.30846,1.08144
6,-0.883041,0.0218912
6,0.706499,0.602053
6,-0.525507,0.881578
6,-0.774967,0.579698
6,-0.821291,0.596673
6,-0.478388,0.885975
6,0.394181,0.93128
6,-0.418559,0.881766
6,0.631687,0.809064
6,-0.068617,1.00156
6,-0.699071,0.771933
6,-1.0167,0.150913
6,-1.01014,0.31111
6,-0.680921,0.839207
6,0.914641,0.360871
6,-0.311103,0.894201
6,0.700557,0.677025
6,-0.0324263,0.885444
6,-0.095116,0.890969
6,0.467717,0.864466
6,-0.215238,0.964669
6,0.752689,0.632261
6,0.825446,0.411871
6,-0.982977,0.127989
6,0.88012,0.546862
6,-0.262867,0.876227
6,-0.81323,0.631451
6,0.815268,0.578603
6,0.507342,0.857
6,-0.68852,0.692871
6,-0.127215,1.04229
6,-1.06294,0.272647
6,0.994929,0.371391
6,-0.198106,1.02931
6,0.146251,1.03455
6,-0.0607361,0.971767
6,0.968288,0.312661
6,-0.490037,0.87675
6,-0.532868,0.822352
6,-0.325454,0.921576
6,-0.68153,0.819112
6,0.654264,0.671382
6,-0.365456,1.03249
6,0.210156,0.974013
6,-0.313299,0.824151
6,-0.658526,0.720483
6,0.151374,1.01434
6,-0.99711,0.227149
6,-0.363246,0.971615
6,-0.396527,1.01762
6,0.792222,0.81499
6,-0.747869,0.489931
6,-0.916874,0.433718
6,0.571211,0.714087
6,-1.04039,0.253276
6,0.675144,0.712814
6,-0.0585648,1.02635
6,-0.874591,0.337208
6,0.648563,0.761157
6,0.598145,0.732748
6,-0.55034,0.855821
6,0.893421,0.605274
6,-0.636581,0.697428
6,0.433163,1.0008
6,0.946385,0.0824115
6,1.0483,0.205367
6,-0.687346,0.870343
6,-0.907335,0.187616
6,-0.869892,0.568126
6,-0.298739,1.01944
6,-0.530832,0.971548
6,0.646809,0.752193
6,0.818543,0.588038
6,0.825783,0.174813
6,0.692249,0.86533
6,0.495466,0.81674
6,-0.302846,1.09395
6,-0.950819,0.314704
6,0.533754,0.84662
6,1.00768,0.293763
6,-0.384868,0.887248
6,0.446338,0.802191
6,-0.976007,0.256428
6,-0.384086,0.871411
6,-0.935101,0.306268
6,0.972676,0.264566
6,-0.970706,0.0683191
6,-0.931258,0.138237
6,0.910225,0.576631
6,-0.0564816,1.10482
6,-0.800688,0.583371
6,-0.837262,0.571344
6,0.884502,0.524979
6,0.869628,0.453604
6,-0.388575,0.848151
6,0.567133,0.88158
6,0.866725,0.505881
6,0.518546,0.731498
6,-0.798236,0.527511
6,-0.924623,0.40861
6,0.568008,0.751159
6,-0.926531,0.407143
6,-0.0187953,1.09208
6,-0.108754,0.926153
6,0.020806,1.01824
6,-0.93813,0.232618
6,-0.583585,0.845384
6,0.391105,0.934798
6,-0.677894,0.602676
6,-0.318657,0.957948
6,0.834934,0.573072
6,-0.155544,0.82759
6,-0.554416,0.908788
6,0.688369,0.775155
6,-0.0773132,0.854982
6,1.03436,0.105707
6,-0.954481,0.0480054
6,-0.851759,0.637782
6,-0.152332,0.970513
6,-0.908201,0.452318
6,-0.945812,0.21778
6,-0.0863496,0.997963
6,0.95448,-0.0409694
6,-0.716272,0.660856
6,0.883578,0.426063
6,0.937033,0.119591
6,0.23835,1.04659
6,-0.697646,0.71516
6,0.253607,0.950707
6,-0.0315009,1.02938
6,-0.889989,0.346617
6,0.45332,0.924267
6,-0.121613,0.966553
6,0.338131,1.03862
6,1.03821,0.145498
6,0.96502,0.144754
6,0.916659,0.341539
6,1.00687,0.431253
6,1.06315,0.145085
6,0.674076,0.711509
6,-0.314423,0.900593
6,0.969225,0.0977873
6,0.942809,0.123486
6,-0.983993,0.314379
6,-0.610549,0.831793
6,-0.704755,0.769645
6,-0.886605,0.502112
6,-0.803324,0.37744
6,-0.541697,0.785168
6,0.197358,0.960472
6,0.846732,0.502903
6,-0.962376,0.400576
6,-0.744493,0.570929
6,-0.0569568,0.992793
6,0.875732,0.530273
6,-0.0569566,0.987154
6,-0.485195,0.906643
6,0.944641,0.475299
6,0.23378,1.0638
6,1.02775,0.012312
6,-0.144056,0.978638
6,0.214336,0.978984
6,0.450138,1.0128
6,-0.592378,0.819509
6,-0.631663,0.683956
6,-0.527515,0.728353
6,0.713756,0.585477
6,-0.748742,0.750635
6,0.222288,1.06496
6,-0.550076,0.798794
6,-0.672811,0.740306
6,1.06866,0.132659
6,-0.638761,0.610635
6,-0.93268,0.134498
6,0.990616,0.00476194
6,1.03353,0.018589
6,-0.773586,0.642718
6,-0.114863,0.938844
6,0.744363,0.66963
6,-0.992527,0.142026
6,0.63612,0.735512
6,-0.394057,0.968438
6,-0.744472,0.622023
6,0.570212,0.854345
6,0.270821,1.06275
6,0.32618,1.003
6,0.373385,0.950764
6,0.832314,0.551098
6,0.623731,0.82567
6,0.627141,0.682804
6,0.333429,1.04723
6,0.151902,1.03062
6,-0.913012,0.32525
6,1.0028,0.467569
6,-0.363149,0.97256
6,0.928103,0.395438
6,-0.53543,0.875416
6,-0.831401,0.543401
6,0.995968,0.260569
6,0.599514,0.775656
6,0.983079,0.278344
6,-0.429207,0.925059
6,-0.91344,0.429842
6,-0.140108,0.984932
6,-0.754909,0.6013
6,-0.145424,0.951335
6,0.630702,0.73464
6,0.00525943,0.986924
6,-0.117947,1.05887
6,-0.313689,1.02604
6,1.00396,0.282068
6,0.588987,0.754275
6,0.831729,0.59356
6,0.970279,0.148849
6,0.866572,0.407653
6,0.425007,0.888187
6,0.502157,0.854155
6,0.611702,0.759647
6,-0.618304,0.785773
6,0.755308,0.430501
6,-0.195467,0.91356
6,0.778616,0.648943
6,0.979019,0.386045
6,-0.536105,0.82018
6,0.421839,0.922379
6,-1.00061,0.244053
6,0.928846,0.420823
6,-0.00708627,0.975405
6,-0.980833,0.0799754
6,-0.880849,0.43754
6,-0.981001,0.115829
6,-0.630273,0.656731
6,-0.305827,0.9845
6,-0.66337,0.763418
6,-0.694246,0.590117
6,0.897522,0.373709
6,0.974587,0.252177
6,0.632158,0.777688
6,-0.501855,0.885169
6,-0.932465,0.336693
6,0.345538,0.95443
6,-0.353742,0.948407
6,-0.562931,0.734422
6,-0.272627,1.07651
6,0.843557,0.329093
6,0.626898,0.712166
6,0.492719,0.994821
6,0.783344,0.657485
6,0.06345,0.95382
6,-0.904802,0.281063
6,-0.924018,0.572237
6,0.713158,0.653902
6,0.902531,0.546066
6,0.856856,0.587326
6,-0.769591,0.670912
6,0.940998,0.436884
6,-0.352159,0.926958
6,0.103053,1.03622
6,0.905324,0.442297
6,-0.936396,0.276681
6,0.629414,0.823526
6,0.565808,0.880747
6,0.918321,0.219114
6,-0.854876,0.651526
6,-0.142261,0.956304
6,-0.596276,0.628957
6,0.967978,0.370963
6,-0.0462043,1.02351
6,-1.01565,0.388904
6,-0.442126,0.916527
6,0.881613,0.34865
6,0.717335,0.734813
6,0.956219,0.206777
6,-0.888613,0.430946
6,-0.0197787,1.03125
6,-0.161736,0.955036
6,-0.860515,0.654435
6,-0.959287,0.52675
6,-0.792504,0.598942
6,0.986328,0.264546
6,-0.993433,0.36014
6,-0.0748705,0.974173
6,0.913758,0.206371
6,0.149178,0.960452
6,-0.986057,0.233338
6,0.863767,0.494711
6,-0.712238,0.622562
6,0.696928,0.464826
6,0.477056,0.870292
6,-0.0204883,1.05913
6,-0.396867,1.00019
6,-0.226365,0.925503
6,0.423337,0.870018
6,-0.91956,-0.0115856
6,0.835117,0.640357
6,0.166171,0.917544
6,0.0674047,0.956691
6,0.0546687,0.965635
6,-0.366702,0.95003
6,0.655941,0.89486
6,-0.9782,0.177271
6,-0.498307,0.776767
6,0.937277,0.18717
6,-0.397421,0.938684
6,-0.933197,0.323078
6,0.734637,0.687078
6,0.990717,0.261216
6,0.56561,0.789219
6,0.999043,0.289428
6,0.344427,0.916518
6,0.874803,0.33447
6,-0.282113,0.952578
6,0.82403,0.478296
6,-0.983971,0.210315
6,0.18165,0.96626
6,0.236124,0.986221
6,0.92408,0.528853
6,-0.772853,0.458654
6,-0.758931,0.473534
6,-0.507823,0.889533
6,0.683496,0.659158
6,-0.787447,0.597221
6,0.238705,1.14493
6,-0.14437,1.11347
6,0.0674463,1.00178
6,0.636317,0.71739
6,-0.520967,0.790757
6,-0.781606,0.585622
6,0.879572,0.335642
6,-0.562109,0.790068
6,1.12177,0.0884542
6,-0.436798,0.978965
6,0.0115461,1.01568
6,-0.00442754,0.969688
6,0.121089,1.08987
6,-0.661855,0.770457
6,-0.441861,0.963314
6,0.934274,0.439603
6,0.461436,0.791401
6,-0.8537,0.314575
6,-0.461774,0.941821
6,0.733551,0.702384
6,-0.644901,0.703304
6,0.908216,0.371828
6,-0.621483,0.758039
6,0.344623,0.900951
6,-0.661245,0.71134
6,-0.486727,0.91092
6,-0.997341,0.225849
6,-0.60603,0.719187
6,-0.96865,0.104983
6,0.353995,1.05342
6,-0.578678,0.850791
6,0.890805,0.559529
6,-0.8962,0.173753
6,0.27079,0.845647
6,-0.96888,0.248551
6,0.902607,0.19811
6,-0.547823,0.797286
6,0.555857,0.792393
6,-0.174392,0.981886
6,-0.709821,0.669312
6,-0.619364,0.737465
6,0.831755,0.603079
6,-0.301815,0.971536
6,0.986187,0.0970799
6,0.427182,0.810282
6,-0.960154,0.0928111
6,-0.77754,0.449028
6,0.835224,0.599758
6,-0.247783,0.991342
6,0.40326,0.972851
6,0.0590892,1.06
6,0.0353825,1.01769
6,-0.944062,0.269161
6,-0.149856,0.925119
6,-0.534961,0.823967
6,0.622117,0.766383
6,0.885482,0.0220543
6,-0.751932,0.673904
6,0.551887,0.80523
6,-0.64008,0.839241
6,1.03322,0.424269
6,-0.577568,0.826875
6,-0.824852,0.583419
6,-0.927682,0.303384
6,0.119624,1.04079
6,0.0689442,1.09868
6,0.00407268,1.01209
6,0.211456,0.893761
6,1.00607,0.377991
6,-0.595358,0.741227
6,-0.926612,0.393144
6,0.398201,0.891994
6,0.757071,0.755957
6,-0.0122714,1.06691
6,-0.0470465,0.987628
6,-0.271638,0.934155
6,-0.00404911,1.03121
6,0.920215,0.276404
6,-0.0471742,0.898121
6,0.702405,0.780035
6,-0.865901,0.682775
6,-1.01519,0.0751105
6,0.6515,0.939145
6,0.906437,0.106338
6,-0.493027,0.961713
6,0.553144,0.903638
6,-0.896882,0.47498
6,0.846282,0.514572
6,-0.591249,0.777609
6,-0.986579,0.304271
6,0.524557,0.910238
6,0.755341,0.716648
6,0.0884832,0.939352
6,0.885151,0.55941
6,-0.926536,0.35944
6,-0.951634,0.318171
6,-0.708375,0.770362
6,0.941654,0.147054
6,-0.583275,0.878351
6,-0.00059419,1.00023
6,-0.395724,0.826903
6,-0.290818,0.992312
6,0.159887,0.907586
6,-0.875474,0.0838363
6,-0.10815,1.00065
6,-0.596883,0.792275
6,-0.434851,0.813271
6,-0.0926118,1.02416
6,1.02457,0.144179
6,0.912631,0.396745
6,0.7684,0.710019
6,0.955682,0.5828
6,0.825972,0.353053
6,0.154813,1.01278
6,0.970149,0.414082
6,0.90956,0.181996
6,-0.260664,1.03677
6,0.0939735,0.991927
6,-0.994261,0.14251
6,1.05867,0.20167
6,0.871607,0.0118526
6,-0.83412,0.775581
6,-0.573393,0.78049
6,-0.790286,0.392007
6,0.849623,0.514213
6,0.590351,0.781017
6,-0.744702,0.531975
6,-0.284735,0.936326
6,-0.0149553,1.04714
6,1.00593,0.275957
6,0.113395,0.999226
6,-0.996458,0.454534
6,-0.925987,0.302462
6,-0.0750362,0.920227
6,-0.610338,0.665394
6,-0.509788,0.855212
6,0.822665,0.579104
6,-0.216433,0.971158
6,0.0273379,1.01401
6,-0.176749,0.919424
6,0.829706,0.541353
6,0.860588,0.390902
6,-0.918732,0.377375
6,0.625771,0.69164
6,1.0318,0.143378
6,1.1091,0.182006
6,0.162146,1.02039
6,0.873147,0.440962
6,-0.184853,0.998923
6,0.905096,0.432802
6,0.535221,0.813229
6,-0.981109,0.217643
6,0.988058,0.483912
6,-0.341811,0.866417
6,-0.0810748,0.954604
6,0.897979,0.475361
6,-0.00527487,1.04442
6,-0.273352,0.926067
6,0.0574412,0.990678
6,0.918277,0.196858
6,0.194197,1.07749
6,0.900475,0.159789
6,0.283571,0.915106
6,-0.126777,1.05085
6,0.826677,0.597344
6,1.07914,0.12002
6,0.662112,0.727529
6,0.545698,0.836399
6,1.00818,0.30202
6,-1.04537,0.0657283
6,0.0832705,1.02102
6,-0.284778,0.936801
6,-0.0593054,0.996501
6,-0.654533,0.702221
6,-0.103181,0.927697
6,-0.920025,0.55069
6,0.746833,0.611122
6,-0.430521,0.951352
6,1.05772,-0.0685369
6,0.825162,0.609954
6,-0.495854,0.824928
6,0.29939,0.932195
6,0.936014,0.151294
6,1.02538,0.227023
6,-0.772715,0.365353
6,-0.649723,0.781195
6,0.188929,0.998209
6,0.784452,0.577468
6,0.28031,0.979634
6,0.935481,0.565926
6,-1.00106,0.159099
6,0.78706,0.576924
6,-0.958255,0.0609436
6,-1.11533,0.349208
6,-0.676443,0.669992
6,0.867144,0.379192
6,-0.405486,0.890218
6,0.589749,0.893876
6,-1.02547,0.190551
6,-0.210421,0.956535
6,0.350087,0.91067
6,0.971635,0.194486
6,-0.801364,0.465998
6,-0.0505574,0.975537
6,0.988554,0.181429
6,0.704727,0.692102
6,0.851875,0.272901
6,-0.470553,0.812835
6,-0.334769,0.915348
6,0.0854966,1.09008
6,0.791447,0.509477
6,0.0895236,1.03316
6,-0.906058,0.201098
6,-0.100146,1.03886
6,0.881232,0.641695
6,-1.04096,0.317932
6,-0.199561,0.982762
6,0.192842,0.948641
6,0.342994,1.04884
6,-0.643261,0.782882
6,0.871469,0.5191
6,-0.334486,0.976023
6,0.902042,0.406513
6,1.01413,0.28194
6,-0.978696,0.11877
6,0.845697,0.450853
6,-1.09807,0.193996
6,0.807636,0.445262
6,0.748188,0.569617
6,-0.421033,0.894009
6,0.968297,0.292384
6,-0.948459,0.119417
6,0.698928,0.662691
6,-0.971555,0.0301983
6,-0.890633,0.488773
6,1.00505,-0.00294779
6,-0.935389,0.439117
6,-0.668187,0.753614
6,-0.149939,0.950522
6,0.74716,0.62215
6,0.00983984,1.02968
6,-0.99976,0.283349
6,-0.618553,0.867302
6,0.132791,0.962949
6,-0.551252,0.79513
6,0.699369,0.570765
6,-0.758248,0.560159
6,0.787859,0.530199
6,0.895335,0.178364
6,0.975563,0.0565649
6,1.0432,0.0554186
6,-0.896471,0.129267
6,-0.292785,1.01025
6,-0.880051,0.539506
6,0.505422,0.789862
6,0.309887,0.947718
6,0.126534,0.977655
6,0.322277,0.926214
6,0.780278,0.566237
6,-0.514219,0.785261
6,-0.0526105,0.982817
6,0.901646,0.553872
6,-0.970572,0.235345
6,-0.194096,1.0075
6,-0.941651,0.189512
6,0.980548,0.0857204
6,0.941162,0.364377
6,-0.468875,0.834495
6,-0.750599,0.635159
6,-0.675665,0.606838
6,-0.769382,0.515848
6,1.04649,0.38818
6,0.954035,0.0347411
6,0.977969,0.246077
6,-0.775944,0.664871
6,-0.263036,0.913046
6,0.354425,0.904336
6,0.83387,0.447529
6,0.324164,1.0381
6,-0.885271,0.172303
6,-1.03161,0.0732206
6,0.845909,0.460312
6,-0.962618,0.267071
6,-0.119239,0.929163
6,0.19858,0.919081
6,-0.664129,0.660209
6,-0.16118,0.880829
6,-0.750535,0.709433
6,0.788999,0.682322
6,0.93029,-0.0632556
6,0.183485,1.16682
6,-0.723807,0.586477
6,0.691577,0.868973
6,0.564109,0.753876
6,0.517763,0.87279
6,0.827638,0.432239
6,-0.815724,0.643626
6,-0.793378,0.624995
6,-0.477972,0.969709
6,0.194988,1.02605
6,-0.758913,0.578301
6,-0.145619,0.90062
6,0.736628,0.675505
6,0.93271,0.0354309
6,0.829548,0.487698
6,-0.411863,0.912677
6,-0.953886,0.385401
6,0.108646,0.864088
6,0.611213,0.779697
6,-0.25684,0.871865
6,0.920526,0.259199
6,1.05179,0.374068
6,-0.464796,0.832539
6,0.16633,0.979372
6,-0.682802,0.683846
6,1.01989,0.00364303
6,1.02729,0.201976
6,0.86702,0.636747
6,0.136113,0.906918
6,-0.807166,0.765927
6,-0.386178,0.974618
6,0.218921,-0.137573
6,0.301628,-0.320407
6,0.0557097,0.31687
6,1.71933,-0.273774
6,-0.0906454,0.245339
6,0.466007,-0.300789
6,1.70842,-0.28547
6,0.117122,0.0348152
6,0.0986675,0.0101015
6,1.7422,-0.238338
6,0.232862,-0.333539
6,1.97109,0.292456
6,0.199571,-0.244537
6,-0.0950697,0.177629
6,-0.00573011,0.295601
6,1.83219,0.246691
6,0.900029,-0.57872
6,0.458144,-0.57764
6,1.76598,-0.21071
6,1.93962,-0.145927
6,0.511844,-0.438281
6,0.678739,-0.552434
6,1.12481,-0.634418
6,0.205195,-0.274736
6,0.967212,-0.794159
6,1.53547,-0.303874
6,0.377641,-0.322163
6,0.778013,-0.540932
6,1.04601,-0.605812
6,1.72115,-0.234799
6,0.20844,-0.0871559
6,1.16498,-0.47994
6,1.98089,0.171709
6,2.09738,0.399373
6,1.20039,-0.554167
6,0.78319,-0.559689
6,0.902496,-0.629492
6,1.93282,0.204212
6,1.00421,-0.608162
6,0.737551,-0.441065
6,1.81401,-0.236751
6,-0.0233556,0.0235391
6,1.38294,-0.476613
6,1.94695,0.485825
6,1.71642,-0.305088
6,1.54764,-0.393457
6,0.332487,-0.333248
6,1.78142,-0.229284
6,0.460611,-0.459765
6,0.0655089,-0.156818
6,0.0468552,-0.0197409
6,0.644837,-0.583621
6,1.75489,-0.321386
6,1.64997,-0.296166
6,1.78361,-0.0407965
6,1.93832,0.053229
6,1.90299,0.0850729
6,0.467931,-0.486666
6,0.217438,-0.178449
6,-0.0151606,0.355748
6,1.83666,0.0436376
6,0.814395,-0.555241
6,0.543465,-0.489295
6,1.22592,-0.509603
6,1.87488,-0.065405
6,2.02232,0.139299
6,0.304889,-0.314887
6,1.70333,-0.325168
6,0.881886,-0.607159
6,-0.00305894,0.116927
6,1.35369,-0.483
6,1.77739,-0.149322
6,-0.0937685,0.269967
6,0.144942,-0.0899332
6,1.67412,-0.408915
6,1.25294,-0.461929
6,0.914879,-0.546499
6,0.784862,-0.597515
6,0.903111,-0.619058
6,1.16194,-0.581799
6,0.448127,-0.391261
6,0.229665,-0.168047
6,1.44699,-0.593962
6,0.587453,-0.430771
6,1.48437,-0.476093
6,1.85612,-0.112258
6,1.48165,-0.439595
6,-0.00828234,0.257457
6,0.488364,-0.48556
6,0.773281,-0.539961
6,0.335088,-0.372908
6,1.14515,-0.479787
6,0.0521312,0.0890427
6,1.5123,-0.344715
6,0.109373,0.0866046
6,0.691158,-0.469654
6,1.81614,-0.156382
6,1.05677,-0.614505
6,0.788521,-0.441726
6,1.30911,-0.559442
6,1.89243,0.341707
6,1.71425,-0.161124
6,1.44841,-0.425628
6,1.01301,-0.612574
6,0.916962,-0.653429
6,1.05461,-0.533271
6,1.96264,0.395815
6,-0.00063971,0.285766
6,0.995672,-0.541165
6,1.61266,-0.41918
6,0.848214,-0.571388
6,0.163655,0.0345597
6,0.856865,-0.542981
6,1.63022,-0.315536
6,0.269305,-0.322889
6,1.0206,-0.635866
6,1.66092,-0.389894
6,1.26497,-0.519329
6,1.96217,0.2266
6,0.627512,-0.514507
6,0.0892539,0.081484
6,1.43275,-0.447582
6,1.19531,-0.440659
6,1.93288,0.0268442
6,1.68928,-0.275964
6,1.96601,0.433012
6,1.21091,-0.552019
6,1.62087,-0.357431
6,1.8176,-0.239521
6,0.105837,-0.023408
6,1.08784,-0.501039
6,0.00894794,0.199816
6,1.94114,0.164798
6,0.103841,0.00516631
6,1.51648,-0.40207
6,1.90839,-0.148365
6,1.93644,0.313133
6,1.95388,-0.117511
6,1.95694,0.0376404
6,1.57067,-0.311983
6,0.0929651,0.293421
6,0.182445,-0.231723
6,1.54874,-0.406993
6,0.021865,0.168573
6,0.00432608,0.155517
6,1.96998,0.191977
6,0.0190989,0.222246
6,0.805002,-0.606683
6,1.47678,-0.450935
6,0.201547,-0.248153
6,0.51433,-0.436363
6,1.26154,-0.624815
6,1.73107,-0.203198
6,0.114157,0.00623901
6,0.251025,-0.173677
6,0.0085121,-0.0693042
6,1.17849,-0.592476
6,1.6476,-0.496908
6,2.04458,0.356771
6,1.98389,0.278447
6,0.571299,-0.250806
6,1.44309,-0.489761
6,0.121665,-0.0574979
6,0.390578,-0.216717
6,1.66652,-0.194897
6,0.139051,-0.086459
6,0.0261597,-0.0278551
6,0.821352,-0.601684
6,0.0314256,0.0316769
6,1.95513,0.0242086
6,1.94626,-0.0655471
6,0.112841,0.193922
6,1.86328,0.158617
6,-0.0453564,0.166676
6,1.69883,-0.32538
6,1.62316,-0.35282
6,1.95891,-0.0959003
6,1.89765,-0.0401937
6,1.55584,-0.523732
6,0.1091,0.144517
6,0.696067,-0.515858
6,-0.0103038,0.39062
6,0.551788,-0.43698
6,0.99024,-0.715827
6,0.259392,-0.199064
6,0.220173,-0.183911
6,0.617018,-0.494253
6,0.0929717,-0.0263632
6,1.88288,0.0208963
6,0.226036,-0.0846847
6,1.92911,0.0728861
6,0.737552,-0.540819
6,0.886413,-0.540009
6,0.738306,-0.591917
6,0.194945,-0.224664
6,2.0532,0.374827
6,1.3814,-0.488713
6,0.369476,-0.236944
6,0.159068,-0.160929
6,0.0971258,0.179974
6,1.01762,-0.748329
6,1.68045,-0.277096
6,1.40969,-0.48209
6,0.0452423,0.119539
6,1.13742,-0.594875
6,1.91136,-0.255467
6,0.561061,-0.485648
6,1.30794,-0.645652
6,1.46469,-0.516506
6,1.11462,-0.616763
6,1.36192,-0.59536
6,0.192076,-0.102978
6,1.96165,0.00953057
6,1.62032,-0.242027
6,1.45115,-0.448769
6,1.06938,-0.614737
6,-0.102213,0.0515407
6,0.493932,-0.431557
6,0.302316,-0.238909
6,0.573039,-0.461438
6,1.7665,-0.203294
6,1.42488,-0.38714
6,1.61346,-0.392458
6,1.04664,-0.544236
6,0.00950674,0.388229
6,0.657752,-0.635754
6,0.34682,-0.149265
6,0.792131,-0.620963
6,0.104601,0.0174974
6,0.0755467,0.143802
6,0.0478481,0.461854
6,0.680712,-0.526812
6,0.813228,-0.471652
6,0.475788,-0.447078
6,1.7405,-0.217338
6,1.8053,-0.235808
6,0.389676,-0.324273
6,0.802261,-0.479099
6,1.78271,-0.247594
6,0.528094,-0.501028
6,1.96382,0.06388
6,0.434955,-0.426452
6,0.0417367,0.316544
6,0.0329025,0.283548
6,1.25244,-0.593503
6,0.586689,-0.390947
6,1.14703,-0.641816
6,1.65381,-0.283953
6,1.8996,0.0617804
6,1.11307,-0.631569
6,1.21147,-0.610148
6,0.127689,-0.100165
6,0.387241,-0.401748
6,1.43449,-0.419435
6,0.0883592,0.386746
6,0.153038,0.119141
6,0.127133,0.324627
6,0.37431,-0.34184
6,1.01005,-0.499796
6,0.786688,-0.614813
6,0.0361084,0.355338
6,2.03884,0.159409
6,1.97839,0.281874
6,1.33625,-0.430324
6,1.71341,-0.342647
6,-0.0219226,0.313255
6,0.492897,-0.483949
6,0.0775772,-0.0958959
6,0.0282512,0.137481
6,0.800739,-0.466379
6,1.55122,-0.400209
6,0.681412,-0.473904
6,0.343964,-0.360499
6,0.389119,-0.383734
6,1.28869,-0.564932
6,2.07889,0.476955
6,0.42394,-0.46466
6,2.01231,0.204231
6,0.0310832,0.0383378
6,1.00289,-0.562694
6,1.88417,0.134753
6,1.93776,0.0140752
6,1.18626,-0.566065
6,1.64033,-0.306668
6,1.98225,0.0808536
6,1.84411,-0.0462813
6,0.995572,-0.655046
6,0.451657,-0.332361
6,1.80171,-0.0729163
6,0.211118,-0.17566
6,0.510259,-0.5266
6,0.307114,-0.242296
6,0.0405914,-0.148169
6,0.865397,-0.562664
6,1.47651,-0.449697
6,0.181978,-0.0653709
6,1.86967,-0.0916632
6,0.150332,-0.284614
6,1.3894,-0.517293
6,1.17783,-0.571826
6,0.0351862,0.0722983
6,0.473402,-0.524278
6,1.37615,-0.46274
6,1.60017,-0.559631
6,1.64887,-0.320532
6,1.93357,0.304178
6,1.49524,-0.394085
6,0.91618,-0.507073
6,0.490766,-0.418702
6,1.76517,-0.154256
6,2.07165,0.267204
6,1.89171,0.0757131
6,1.79674,-0.0975124
6,0.476615,-0.475985
6,0.195149,-0.171684
6,1.66228,-0.454909
6,0.531026,-0.375758
6,0.0528957,0.1384
6,0.593422,-0.554943
6,1.67251,-0.175105
6,1.8751,0.227871
6,-0.0290036,0.431026
6,1.79281,-0.178059
6,1.97081,0.105476
6,0.826416,-0.537442
6,1.98502,0.119369
6,0.867296,-0.528855
6,1.91563,0.171458
6,0.490164,-0.416741
6,0.883047,-0.658054
6,0.108476,-0.0527485
6,1.83476,0.0143625
6,1.94469,0.0721117
6,-0.0129488,-0.0326657
6,0.514875,-0.480262
6,1.75618,-0.386835
6,1.29645,-0.555364
6,0.0238015,0.325829
6,1.6832,-0.347957
6,0.0239495,0.0826903
6,1.96554,-0.0768921
6,2.08304,0.3556
6,1.78731,-0.327871
6,1.96424,0.0847777
6,0.884933,-0.540309
6,1.96081,-0.0629709
6,1.63729,-0.385123
6,1.94799,0.136092
6,0.74629,-0.483766
6,0.197549,-0.187857
6,1.39163,-0.530819
6,1.96693,0.0726358
6,0.982421,-0.527993
6,1.43637,-0.562072
6,1.93937,0.259619
6,0.237108,-0.266572
6,0.795733,-0.581638
6,0.972706,-0.551229
6,0.861512,-0.562161
6,1.41252,-0.5798
6,0.201524,-0.210038
6,0.35324,-0.256823
6,1.69306,-0.210859
6,1.80468,-0.0503581
6,-0.0363967,0.328976
6,-0.025241,0.260796
6,1.85322,0.0381183
6,1.86963,-0.154567
6,1.00291,-0.523117
6,1.9361,0.257461
6,0.1238,0.145012
6,1.96583,-0.0242007
6,0.584684,-0.618736
6,0.623046,-0.546679
6,1.98289,0.0816146
6,1.88128,-0.104547
6,0.0879402,0.318585
6,0.945472,-0.641775
6,0.0749469,0.178975
6,0.649652,-0.571774
6,1.876,0.424039
6,1.5252,-0.4829
6,0.0514324,0.0245779
6,0.450915,-0.250745
6,1.70597,-0.107993
6,-0.125639,0.383515
6,1.91081,0.480561
6,2.01355,0.134348
6,0.253191,-0.481688
6,1.28568,-0.536441
6,1.98649,0.150944
6,1.27538,-0.500064
6,1.06599,-0.504355
6,-0.00961209,0.158254
6,1.99858,0.0377545
6,0.82766,-0.583211
6,0.049949,0.143063
6,0.371414,-0.319104
6,0.10933,0.0660972
6,1.25986,-0.499382
6,0.213432,-0.38242
6,1.01773,-0.545038
6,1.78349,-0.139001
6,1.94839,0.418443
6,1.91393,0.178051
6,0.947044,-0.692075
6,0.212958,-0.0262339
6,0.218742,-0.204756
6,0.850975,-0.657302
6,1.95851,-0.0951665
6,1.01773,-0.5535
6,0.291356,-0.260206
6,0.0239846,0.372619
6,1.86183,-0.0503174
6,1.54631,-0.301684
6,1.00986,-0.615438
6,1.14822,-0.547084
6,1.56914,-0.429225
6,1.37297,-0.442794
6,0.109879,0.045666
6,0.51657,-0.450332
6,-0.101491,0.214538
6,0.532212,-0.413063
6,1.94512,0.0731157
6,1.49871,-0.423433
6,0.0451434,0.27925
6,0.0111539,0.322316
6,0.824072,-0.535036
6,0.507203,-0.426005
6,0.366357,-0.180993
6,-0.045713,0.464627
6,0.296664,-0.22593
6,1.17739,-0.526697
6,0.618823,-0.451989
6,0.98898,-0.580967
6,1.06569,-0.571631
6,1.49215,-0.450284
6,0.929733,-0.5983
6,1.24745,-0.577873
6,1.80984,-0.359774
6,1.15648,-0.482168
6,1.62718,-0.394276
6,1.41872,-0.534659
6,-0.0422134,0.310212
6,0.412055,-0.360317
6,1.58857,-0.53284
6,0.158823,-0.122585
6,0.040032,0.235906
6,0.819142,-0.556294
6,1.20471,-0.670715
6,1.66927,-0.172451
6,1.18299,-0.622069
6,0.516375,-0.466548
6,1.67333,-0.302521
6,0.204191,-0.207494
6,0.941768,-0.538118
6,0.0457402,-0.0293271
6,1.69921,-0.258863
6,0.0028396,0.169492
6,0.589462,-0.45994
6,1.84187,-0.184904
6,2.05851,0.384635
6,1.57007,-0.379663
6,0.63462,-0.616779
6,0.929122,-0.636272
6,0.797112,-0.555986
6,0.247071,-0.416051
6,1.62955,-0.517894
6,0.256661,-0.212302
6,0.892156,-0.529429
6,0.0614031,0.188738
6,0.029726,0.458698
6,1.49803,-0.65515
6,1.49262,-0.542803
6,0.71585,-0.60759
6,1.99886,0.462683
6,0.0239705,0.0973022
6,0.0948323,-0.126341
6,0.94362,-0.599145
6,-0.000778427,0.366778
6,1.03253,-0.652188
6,0.0749982,-0.0446285
6,0.0307227,-0.00763924
6,1.86668,-0.123216
6,0.808877,-0.567315
6,-0.0461034,0.227102
6,0.342216,-0.437238
6,0.894663,-0.588161
6,-0.0550329,0.126124
6,1.7727,-0.129688
6,0.384507,-0.508889
6,1.34614,-0.502762
6,0.0798203,0.185187
6,1.1946,-0.482805
6,1.42752,-0.47129
6,1.69935,-0.280069
6,1.58308,-0.490869
6,0.317553,-0.277178
6,0.18063,-0.0930121
6,2.02899,0.314075
6,0.599162,-0.488307
6,1.76305,-0.148449
6,0.810494,-0.481828
6,0.132007,-0.129039
6,1.61227,-0.418699
6,0.280083,-0.279995
6,0.0545212,0.177096
6,0.56462,-0.437407
6,0.0250106,0.107743
6,0.0495586,0.0888603
6,0.551993,-0.532925
6,1.5243,-0.454996
6,2.00217,0.392294
6,0.712,-0.508835
6,0.0954536,0.0248661
6,1.56807,-0.414718
6,1.06999,-0.671613
6,-0.00579197,0.0544052
6,0.504427,-0.522926
6,-0.0331497,0.208197
6,1.19847,-0.484346
6,1.40479,-0.542547
6,1.22078,-0.49133
6,0.128836,0.0339704
6,-0.101556,0.20947
6,1.61229,-0.382628
6,0.0222294,0.36026
6,2.03667,0.464901
6,1.45766,-0.458324
6,1.16312,-0.575651
6,0.3963,-0.373124
6,1.87827,0.0727229
6,1.47796,-0.50099
6,0.392562,-0.330979
6,1.5924,-0.282482
6,0.384651,-0.40368
6,1.03825,-0.557896
6,0.0902071,0.216995
6,1.03545,-0.481399
6,0.0357138,0.144753
6,1.09172,-0.648076
6,1.69761,-0.368514
6,0.374032,-0.279685
6,-0.0199014,0.159463
6,0.0352813,0.0992797
6,0.986279,-0.633135
6,1.61755,-0.457169
6,2.01367,0.317281
6,1.73654,-0.0894143
6,-0.0299645,0.204926
6,1.22603,-0.544379
6,1.83693,-0.100775
6,0.504185,-0.483517
6,0.861192,-0.573858
6,0.668723,-0.51987
6,1.73627,-0.256498
6,0.056951,0.238288
6,0.277835,-0.270436
6,1.20325,-0.620144
6,0.0467398,0.119843
6,1.20807,-0.452283
6,0.711249,-0.543706
6,1.76789,-0.285631
6,1.42057,-0.500539
6,0.539987,-0.488499
6,1.96772,0.081791
6,1.12743,-0.57006
6,2.01545,0.456843
6,1.07148,-0.547083
6,1.11899,-0.481207
6,-0.0528163,0.117721
6,0.314427,-0.24746
6,0.774247,-0.600524
6,0.448468,-0.428866
6,0.770518,-0.569211
6,1.93115,0.100972
6,0.521695,-0.391638
6,0.296516,-0.371019
6,1.37322,-0.491105
6,0.624237,-0.540573
6,1.57395,-0.312784
6,1.3364,-0.5553
6,-0.0852386,0.241984
6,1.25922,-0.452517
6,0.0466764,0.392084
6,0.116821,-0.220736
6,0.255635,-0.245796
6,0.825545,-0.635365
6,1.74038,-0.109986
6,-0.086938,0.222753
6,0.686878,-0.479373
6,1.97215,0.360105
6,0.0259326,0.269299
6,1.49308,-0.526635
6,0.766588,-0.622495
6,1.80581,-0.178143
6,1.91503,0.172638
6,1.95608,0.332606
6,1.52333,-0.472702
6,1.88407,-0.00810279
6,2.01735,0.315404
6,0.111935,0.184248
6,-0.0228298,0.213033
6,0.0434591,0.0118115
6,0.679252,-0.559599
6,1.06541,-0.621285
6,1.9958,0.243994
6,1.68262,-0.263456
6,1.9022,-0.176562
6,0.862105,-0.59728
6,1.01146,-0.480329
6,1.55707,-0.449187
6,0.541983,-0.502324
6,-0.0110467,0.208229
6,0.212728,-0.129971
6,1.93904,0.00567158
6,1.48639,-0.411491
6,0.11662,-0.0726726
6,0.928774,-0.540994
6,1.69014,-0.358975
6,0.969605,-0.590082
6,0.886118,-0.621905
6,0.26074,-0.234937
6,1.81131,-0.216003
6,1.07674,-0.50756
6,0.0915773,-0.211903
6,1.12909,-0.603545
6,0.135881,-0.171362
6,1.8672,0.0129264
6,0.0954115,0.104548
6,1.66306,-0.286135
6,1.81458,0.000780991
6,0.236262,-0.176536
6,0.523709,-0.529492
6,1.92912,0.305181
6,0.915786,-0.583774
6,1.68512,-0.299656
6,0.843027,-0.608863
6,0.182117,-0.191612
6,1.89213,0.098752
6,0.767296,-0.567281
6,0.581859,-0.473505
6,0.218989,-0.221502
6,0.663283,-0.463738
6,0.709748,-0.492603
6,0.856027,-0.466963
6,0.170739,0.0553651
6,0.423237,-0.357615
6,0.244293,-0.167574
6,0.243431,-0.259898
6,0.237271,0.0303829
6,0.630271,-0.440146
6,1.54566,-0.418976
6,0.0571507,0.185415
6,1.33439,-0.596906
6,0.0939264,0.119302
6,1.69897,-0.375839
6,0.791015,-0.552295
6,2.03199,0.217836
6,-0.00423776,0.223716
6,1.25391,-0.513874
6,0.385448,-0.315541
6,0.714266,-0.728434
6,1.1974,-0.522903
6,0.0535938,0.464643
6,0.445751,-0.507237
6,1.85606,-0.101503
6,2.02578,0.24926
6,1.06275,-0.569635
6,1.27809,-0.539993
6,0.325306,-0.372393
6,0.0783015,0.187782
6,0.27366,-0.184537
6,0.670006,-0.494779
6,2.00323,0.399576
6,0.678259,-0.464844
6,0.395,-0.360322
6,1.10037,-0.581796
6,0.302017,-0.320779
6,0.412523,-0.563705
6,0.199026,-0.0918847
6,1.85287,-0.0738026
6,0.0439313,0.0316867
6,1.87125,0.377103
6,0.992959,-0.483792
6,1.79108,-0.227113
6,0.0110497,-0.0537134
6,0.26611,-0.124197
6,1.23934,-0.565316
6,2.00463,0.302875
6,1.03914,-0.511643
6,0.0544263,-0.0302729
6,0.390808,-0.225908
6,0.791172,-0.597744
6,0.817358,-0.592115
6,0.432113,-0.420564
6,0.00280017,0.117413
6,0.564085,-0.449676
6,2.08205,0.230963
6,1.06142,-0.502401
6,1.21725,-0.544781
6,1.09592,-0.59813
6,0.0626191,0.327497
6,1.62248,-0.266669
6,1.97657,0.162302
6,1.98939,0.320505
6,0.310362,-0.426282
6,0.197638,-0.116844
6,0.195968,-0.0642706
6,0.0813469,-0.0190219
6,0.151392,0.115161
6,1.77134,-0.340229
6,1.45651,-0.454984
6,0.791129,-0.538015
6,2.09117,0.17486
6,1.61826,-0.350127
6,0.659537,-0.419446
6,0.0379937,0.252651
6,1.36308,-0.424125
6,-0.0613897,0.376813
6,0.275643,-0.30514
6,-0.0312159,0.236033
6,0.107239,0.0575972
6,1.90897,-0.0781999
6,0.427922,-0.460218
6,0.0553745,0.141289
6,1.55875,-0.385301
6,1.93749,0.332971
6,2.10577,0.371105
6,0.866057,-0.616288
6,0.938598,-0.491672
6,0.484576,-0.336176
6,0.414039,-0.474809
6,1.24357,-0.403958
6,0.335349,-0.327157
6,1.91955,-0.0219254
6,0.285218,-0.383915
6,1.88641,0.246235
6,1.15861,-0.559266
6,0.077844,0.0538715
6,0.906122,-0.630137
6,1.96005,0.0475042
6,0.791604,-0.547813
6,0.931753,-0.574742
6,0.0147423,0.0934562
6,2.0126,0.161457
6,0.241324,-0.127687
6,0.381866,-0.427196
6,1.98128,0.1408
6,1.9013,-0.12258
7,1.01369,0.210279
7,-0.962626,0.0646524
7,-0.644557,0.692805
7,-0.977856,0.242247
7,-0.535815,0.882766
7,0.759713,0.687615
7,1.01861,0.217544
7,-0.957869,0.349289
7,-0.426115,1.05615
7,-0.483106,0.910461
7,0.270393,0.88502
7,0.68617,0.595393
7,0.866528,0.348882
7,-0.285165,0.948172
7,-0.127571,0.907967
7,-0.83581,0.260611
7,-0.874499,0.395373
7,0.276305,1.04381
7,0.180806,0.802497
7,-0.893844,0.427427
7,-0.731343,0.581386
7,-0.330322,0.937475
7,-0.941549,0.259241
7,0.426993,0.877973
7,0.440864,0.921923
7,0.81915,0.572579
7,-0.728811,0.766938
7,-0.764428,0.616339
7,-0.458807,0.82169
7,-0.136347,0.869773
7,0.0666844,0.941487
7,1.01251,0.103167
7,0.687444,0.601885
7,-0.925994,0.325577
7,0.285639,0.887098
7,0.368091,0.966428
7,-0.140437,0.878559
7,-0.662237,0.823562
7,-0.65341,0.842887
7,-0.139948,0.84271
7,-0.246754,1.0579
7,0.246677,0.812626
7,0.0380498,0.940801
7,0.96601,0.0614228
7,-0.823768,0.568846
7,0.727332,0.826842
7,-0.887938,0.369924
7,0.859418,0.683046
7,0.0402176,0.943275
7,0.944897,0.239663
7,0.384455,0.86277
7,1.05208,0.359292
7,-0.671084,0.840681
7,-1.0123,0.218968
7,0.118566,0.950205
7,0.289767,1.11938
7,-0.855225,0.486381
7,0.121736,1.05026
7,-0.0463405,1.0491
7,-0.255234,1.09751
7,-0.600187,0.747682
7,-0.756454,0.545691
7,-0.150103,1.01506
7,-0.931206,0.288423
7,0.58827,0.770819
7,0.451358,0.844997
7,0.423686,0.785922
7,-0.57382,0.896261
7,1.06363,0.180412
7,-0.843093,0.433157
7,0.603276,0.741229
7,-0.754208,0.579351
7,-0.896898,-0.0131207
7,0.379003,0.891502
7,-0.66423,0.681666
7,0.349109,0.955903
7,-0.926207,0.412868
7,-0.585643,0.784583
7,0.0366667,1.00638
7,-1.09385,0.180268
7,0.133561,0.916708
7,0.181197,1.01371
7,0.465273,0.899816
7,-0.118673,0.951426
7,0.476301,0.788314
7,0.62978,0.92635
7,-0.185326,0.98394
7,-0.447197,0.838918
7,0.87775,0.396554
7,-0.483739,0.891007
7,0.919784,0.634803
7,0.37413,0.89324
7,0.686743,0.556708
7,-0.362262,0.810075
7,0.06238,0.915398
7,-0.721511,0.670167
7,-0.716201,0.557414
7,-0.0695041,0.994927
7,-0.884692,0.396224
7,0.6704,0.629606
7,-1.04757,0.198072
7,0.773676,0.703125
7,0.643757,0.686364
7,0.622332,0.711424
7,-0.882815,0.330127
7,0.983674,0.207284
7,0.871706,0.511694
7,1.02582,0.360468
7,0.487468,0.819467
7,0.851885,0.442641
7,0.882742,-0.0306369
7,-0.291511,0.870209
7,-0.390604,0.913757
7,0.819477,0.361547
7,0.485306,0.965519
7,-0.298285,0.960506
7,0.8771,0.316789
7,-0.404155,0.920179
7,-0.919664,0.253586
7,0.866932,0.496993
7,0.345705,0.844272
7,-0.63663,0.805974
7,0.92671,0.30214
7,0.596283,0.817851
7,-0.722125,0.605959
7,-0.58262,0.900062
7,-0.676025,0.595545
7,-0.12485,0.941425
7,0.656087,0.78891
7,-0.186598,1.03842
7,-0.310217,1.00334
7,0.935043,0.408514
7,-0.809675,0.51323
7,-0.702305,0.652404
7,-0.959691,0.22154
7,-0.912448,0.0667508
7,0.118614,0.859901
7,-0.345732,0.927377
7,-0.321865,0.954456
7,0.922528,0.429099
7,0.846208,0.48738
7,-1.03942,-0.0839819
7,-0.879854,0.417152
7,0.920741,0.338243
7,0.786933,0.711869
7,0.904615,0.578006
7,0.129843,1.08256
7,0.469933,0.93689
7,1.02336,0.0753871
7,0.253763,0.99555
7,0.465677,0.856951
7,-0.647868,0.765735
7,-0.144558,0.993415
7,-1.0522,0.246077
7,-0.582152,0.766471
7,0.125613,0.946365
7,-0.948877,0.448744
7,0.827717,0.462405
7,-0.604489,0.664371
7,0.867333,0.45832
7,0.685107,0.570647
7,-0.341237,0.89922
7,-0.878016,0.0310883
7,0.990805,0.200836
7,-0.778651,0.718109
7,-0.330866,0.974592
7,-0.937676,0.418983
7,0.0286202,0.991129
7,0.805555,0.434134
7,-0.264043,1.03825
7,0.227566,0.94421
7,1.01885,0.200518
7,-0.136531,0.985682
7,0.175257,0.886664
7,0.543496,0.935191
7,0.737416,0.737708
7,0.565621,0.777508
7,0.280489,0.912166
7,-0.964346,0.196485
7,0.229721,0.933328
7,-1.01572,-0.0728852
7,1.00228,0.141964
7,0.68976,0.700184
7,0.977758,0.163777
7,0.619518,0.708651
7,0.187994,0.914164
7,0.249753,0.995627
7,0.766148,0.508666
7,-0.702418,0.680072
7,0.777687,0.669952
7,1.06764,0.106885
7,-0.841215,0.621085
7,-0.895973,0.490307
7,0.971301,0.418968
7,-0.88702,0.365223
7,0.551211,0.722978
7,-0.131978,1.0551
7,0.75212,0.763016
7,-0.953347,0.00734641
7,0.117363,0.946154
7,-0.592005,0.835409
7,0.484311,0.804891
7,0.494457,0.822085
7,0.300491,0.911437
7,0.503434,0.934715
7,-0.276707,0.885801
7,1.1272,0.111835
7,0.833189,0.424487
7,0.648615,0.597038
7,-0.119929,1.01006
7,0.91438,0.302904
7,0.541924,0.833848
7,0.696733,0.587622
7,0.821212,0.49469
7,0.87158,0.596577
7,-0.163776,0.951626
7,-0.944573,0.338747
7,0.181394,1.04518
7,0.392324,0.807601
7,1.0892,0.279398
7,-0.95395,0.260105
7,-0.901666,0.635257
7,0.43769,1.02611
7,0.708595,0.785928
7,0.978845,0.122781
7,-0.175364,1.09208
7,0.29422,0.858787
7,-0.850831,0.505889
7,0.901022,0.272805
7,0.854071,0.55372
7,-0.651015,0.765884
7,0.111929,0.937924
7,0.928104,0.366821
7,0.322188,0.916783
7,0.63661,0.75426
7,0.979811,0.0271684
7,-0.667621,0.530728
7,0.205996,0.911738
7,0.771303,0.701886
7,0.699141,0.815283
7,-0.275291,1.15413
7,-0.93421,0.208041
7,1.0499,-0.0219697
7,-0.929268,0.262899
7,-0.840374,0.618111
7,0.980405,0.0187286
7,-0.932784,0.328639
7,-0.559924,0.725185
7,1.11848,0.266963
7,-0.833263,0.509263
7,-0.998242,0.0834266
7,-0.787247,0.50234
7,-0.272914,0.949597
7,-0.76719,0.605564
7,-0.793097,0.55966
7,-0.828516,0.521986
7,-0.177263,0.967368
7,-1.04614,-0.0137767
7,0.277302,0.969612
7,0.295891,1.01062
7,-0.508304,0.988591
7,-0.617883,0.809359
7,-0.121678,0.899872
7,-0.976154,0.50554
7,-0.00557535,1.03936
7,-0.567698,0.795362
7,0.88583,0.321943
7,-0.72289,0.627863
7,1.00967,0.254573
7,-0.579712,0.741227
7,1.03643,0.188174
7,-0.979901,0.225557
7,-0.69184,0.582879
7,0.301857,0.84367
7,-0.0968247,0.888429
7,-0.949274,0.456568
7,-0.161571,0.96734
7,-0.805517,0.639542
7,-0.430265,0.899021
7,-0.407146,0.902904
7,-0.0880154,1.02693
7,0.99638,0.426809
7,0.495359,1.0372
7,-0.193238,0.933998
7,0.133699,0.961259
7,-0.440815,0.894191
7,-0.597066,0.727666
7,-0.0858052,1.05791
7,-0.524029,0.898099
7,-0.532498,0.882712
7,-0.934295,0.0797103
7,-0.412304,0.892032
7,0.583794,0.912125
7,1.0264,0.214952
7,0.990393,0.324821
7,-0.938797,0.438899
7,-0.105914,1.03008
7,-0.525481,0.892062
7,1.1385,0.148105
7,-0.354635,0.91194
7,-0.75921,0.621489
7,-0.633149,0.798548
7,0.170151,0.952224
7,-0.877494,0.312271
7,0.975336,0.193276
7,-0.530132,0.886404
7,-0.832449,0.653449
7,-0.179435,0.921648
7,0.0555984,0.939667
7,1.08728,0.0579711
7,0.633049,0.702687
7,0.145504,0.979408
7,-0.0737641,0.908641
7,-0.381853,0.982977
7,-0.645321,0.769087
7,0.77789,0.444332
7,0.892551,0.585106
7,0.931416,-0.00434644
7,0.648286,0.779945
7,0.901519,0.578642
7,0.859351,0.505076
7,-0.584075,0.696963
7,0.30411,0.898051
7,0.989769,0.220818
7,-0.379278,0.885917
7,1.04529,0.0367304
7,0.0969554,1.04951
7,-1.01625,0.0363416
7,0.986332,0.126648
7,0.432014,0.963817
7,-1.14081,0.371846
7,0.252892,0.900891
7,0.817534,0.513457
7,1.0545,0.300749
7,0.488022,0.852178
7,0.530756,0.913373
7,0.295785,0.970921
7,0.964936,0.0515905
7,0.781324,0.63912
7,-0.310721,0.9763
7,-0.187255,0.989608
7,0.465808,0.905447
7,0.923386,0.290582
7,-0.641898,0.678448
7,-0.8482,0.526195
7,-0.915133,0.507342
7,-0.900711,0.472938
7,-0.715262,0.802119
7,-0.471488,0.705684
7,0.807988,0.678935
7,-0.00288878,1.08604
7,0.951993,0.148562
7,0.858151,0.484247
7,0.990637,0.44083
7,-0.632888,0.806105
7,-0.357018,0.836037
7,1.09551,0.237026
7,0.793427,0.514853
7,0.412282,0.946388
7,-0.2746,0.985902
7,-0.792403,0.427687
7,0.11307,0.907415
7,0.413633,0.871778
7,-0.919486,0.273446
7,0.272935,0.916363
7,0.22253,0.963067
7,0.929652,0.555146
7,-0.615215,0.756211
7,0.988596,0.528201
7,-0.43817,0.960666
7,0.679032,0.748153
7,0.0461265,1.0433
7,-0.390784,1.0146
7,0.338379,0.935593
7,-0.457873,0.861849
7,-0.907845,0.0145066
7,-0.298523,0.937426
7,-0.556651,0.782006
7,0.863776,0.772861
7,-1.01912,0.0455419
7,0.343746,0.980434
7,-0.629628,0.913669
7,0.132972,0.927977
7,0.983738,0.40965
7,-0.170449,1.0525
7,0.0667939,1.02932
7,0.83688,0.51382
7,1.09601,0.0898643
7,-0.952515,0.415547
7,-0.867061,0.431801
7,-0.990555,0.193741
7,0.93273,0.232248
7,-0.648536,0.810442
7,0.00423765,1.01528
7,0.633252,0.685012
7,0.866194,0.332962
7,0.97868,0.0622186
7,0.585655,0.754936
7,-0.113943,0.996499
7,0.292392,0.986189
7,-0.945604,0.300616
7,-0.341028,0.906377
7,-1.09378,0.0289489
7,-0.969714,0.229204
7,-0.875576,0.422141
7,-0.500507,0.973406
7,-0.399098,0.920418
7,-0.977402,0.0318586
7,-0.862741,0.546442
7,-0.0235499,1.04678
7,-1.05059,0.154406
7,-0.19134,0.863465
7,-1.0303,0.124182
7,-0.418755,0.904134
7,-0.114503,1.01878
7,0.751682,0.683318
7,0.723766,0.688492
7,-0.283378,1.07529
7,-0.898588,0.288078
7,1.03257,0.334896
7,-0.897667,0.454191
7,0.0454863,1.06648
7,1.04162,0.0281462
7,0.876887,0.510454
7,-0.453072,0.937454
7,0.882876,0.426667
7,0.368329,0.945075
7,0.608769,0.862252
7,0.886649,0.49821
7,0.9716,0.228423
7,-0.650665,0.579771
7,-0.748378,0.544363
7,0.915813,0.314588
7,-0.971962,0.392313
7,1.03,0.272004
7,0.893594,0.412174
7,1.00082,0.0988009
7,-0.854695,0.430639
7,0.692595,0.73752
7,0.845932,0.564971
7,-0.38806,0.8873
7,0.0442385,0.902933
7,0.364656,0.953031
7,-1.04456,0.362931
7,-0.699602,0.772788
7,-0.770828,0.625747
7,-0.695709,0.779434
7,-0.329494,1.00632
7,0.999939,0.148559
7,0.00834046,1.06322
7,0.258157,0.9276
7,0.933907,0.305175
7,-0.205632,0.959915
7,-0.289963,0.904678
7,0.819861,0.518622
7,0.994026,0.154917
7,-0.170404,1.04144
7,-0.824212,0.476985
7,0.28902,0.869042
7,-0.544291,0.887036
7,0.519431,0.941678
7,-0.722227,0.717667
7,0.258048,0.924357
7,0.934107,0.273165
7,-0.226742,1.01197
7,0.267552,0.959752
7,-0.988246,0.0729786
7,-0.128186,1.05375
7,0.610525,0.725038
7,-0.620074,0.809208
7,-0.83224,0.439139
7,0.0967078,1.0585
7,-0.90949,0.25579
7,0.999508,-0.0712274
7,0.482529,0.880563
7,-0.824821,0.520909
7,-0.859021,0.557729
7,-0.983099,0.198492
7,-0.942908,0.378696
7,-0.550189,0.804097
7,-0.839901,0.351242
7,0.646856,0.725669
7,0.0367617,0.996863
7,0.913259,0.0566246
7,-1.04854,0.302663
7,0.679575,0.665419
7,-0.358592,0.883079
7,0.964737,0.229874
7,-0.2858,0.90475
7,-0.822492,0.609103
7,-0.483701,0.972664
7,-0.978923,0.183863
7,0.592994,0.826522
7,-0.416487,0.803167
7,1.0862,0.0838784
7,-0.770325,0.7403
7,0.847835,0.586938
7,-0.114091,0.906856
7,-0.914837,0.301427
7,-0.782164,0.598163
7,-1.0767,0.187551
7,-0.906946,0.434281
7,0.393776,0.872952
7,0.994797,0.262934
7,0.0557799,1.01679
7,0.586127,0.790027
7,-0.965445,0.320592
7,1.06177,0.170117
7,1.0425,0.264073
7,0.961229,0.0823702
7,0.877986,0.303501
7,-0.914834,0.41128
7,-0.674369,0.690948
7,-0.330111,0.982996
7,-0.337399,1.03554
7,-0.137098,0.98842
7,0.937404,0.350162
7,0.992264,0.142169
7,-0.723245,0.600495
7,0.557253,0.809619
7,-0.515307,0.835619
7,0.0325239,0.996688
7,-0.473213,0.809835
7,0.98398,0.187355
7,-0.281271,0.932918
7,0.697941,0.801607
7,-0.252393,0.997183
7,0.50873,0.909344
7,-0.75569,0.662773
7,0.963884,0.454297
7,0.93716,0.387882
7,0.72054,0.545089
7,0.992126,0.386551
7,0.747497,0.786696
7,-0.958676,-0.0150884
7,0.92302,0.312176
7,-0.35451,0.831574
7,0.410194,0.847702
7,-0.970557,0.327232
7,0.690646,0.735615
7,0.408611,0.858151
7,0.970399,0.435886
7,0.247792,1.01604
7,-0.281504,0.912343
7,0.321127,0.967341
7,0.854843,0.571763
7,0.38471,0.999756
7,0.899235,0.411712
7,-0.794312,0.529428
7,0.128936,0.894674
7,0.216788,0.982707
7,-0.754187,0.683447
7,-0.412244,1.00784
7,0.792007,0.792497
7,-0.371664,0.884565
7,-1.06439,0.12362
7,-0.89075,0.353118
7,0.927555,0.0894521
7,1.09735,0.15367
7,0.0261357,0.830894
7,-0.987372,-0.0813432
7,-0.0841129,1.009
7,-0.773553,0.715553
7,-0.248916,1.032
7,0.752447,0.661603
7,-1.05544,0.188392
7,0.819464,0.363425
7,0.910424,0.344666
7,0.907854,0.393762
7,-0.382158,0.809327
7,0.896239,0.368594
7,-0.496563,0.83213
7,0.879746,0.465057
7,0.913403,0.0626638
7,0.981502,0.0904102
7,0.596161,0.781262
7,-0.856838,0.187591
7,-0.552247,0.813365
7,0.76155,0.801481
7,0.750138,0.695184
7,0.474286,0.950167
7,0.928173,0.292635
7,0.844511,0.37003
7,-0.912942,0.411725
7,0.917846,0.443365
7,0.632046,0.708978
7,0.372028,1.00328
7,-0.626574,0.664818
7,0.165632,0.968521
7,0.566949,0.827734
7,-0.456456,0.862166
7,0.0733765,1.03466
7,-1.00739,0.350939
7,-0.368016,0.98183
7,0.331221,0.952903
7,-0.141759,0.988523
7,-0.923022,0.378969
7,-0.689092,0.773043
7,-0.481456,0.811421
7,-0.442302,0.933431
7,0.883665,0.360658
7,-0.203511,0.880001
7,-0.926388,0.116599
7,-0.780913,0.514242
7,-0.763221,0.733535
7,-0.629948,0.801956
7,-0.709076,0.660166
7,-0.47069,0.762199
7,-0.866291,0.557696
7,0.563077,0.886036
7,-0.76961,0.665427
7,0.377307,0.824187
7,0.406821,0.884512
7,-0.748169,0.719809
7,-0.343798,0.991545
7,-0.86987,0.567376
7,-0.138864,0.963461
7,0.795278,0.687499
7,-0.443397,0.866579
7,0.186243,0.913124
7,0.765335,0.568256
7,0.378518,1.00998
7,0.768154,0.746526
7,-0.702421,0.629164
7,0.863963,0.438847
7,0.813076,0.568178
7,-1.00923,0.304157
7,-0.395683,0.846713
7,0.21786,1.0423
7,-0.856736,0.556556
7,-0.623616,0.79869
7,-0.970985,0.273799
7,0.73477,0.793514
7,0.784331,0.408506
7,0.464544,0.988887
7,0.467945,0.889507
7,1.05215,0.172887
7,0.945716,0.150581
7,0.834599,0.388909
7,0.732195,0.566345
7,-0.564772,0.847228
7,0.962398,0.219817
7,-0.183308,1.02522
7,0.257847,1.05516
7,-0.214339,0.90814
7,0.533093,0.809455
7,-0.887474,0.630132
7,-0.828444,0.54299
7,-0.0877689,0.991906
7,0.773305,0.620376
7,-0.267883,0.994527
7,0.216738,0.954151
7,0.708875,0.705738
7,-0.849225,0.252123
7,0.329896,0.836246
7,0.0121043,1.01503
7,0.282104,1.01425
7,0.565947,0.84903
7,-1.00273,0.0900874
7,0.724107,0.552439
7,-0.772978,0.523971
7,0.874167,0.507154
7,-0.143223,1.16349
7,-0.940414,0.417399
7,-0.0698241,0.959523
7,-0.929162,0.377296
7,0.826208,0.607653
7,-0.315117,1.01677
7,0.785876,0.568422
7,-0.282469,1.03091
7,-0.875303,0.109846
7,-0.604443,0.951065
7,-0.724279,0.752056
7,0.898902,0.651817
7,0.684717,0.767638
7,0.69657,0.726964
7,0.148325,1.07661
7,0.357178,0.868142
7,0.235298,0.970553
7,0.69765,0.760716
7,0.683842,0.717552
7,-0.935913,0.380648
7,0.36664,0.878904
7,1.02863,0.380472
7,0.811873,0.636341
7,0.978951,0.182189
7,0.790601,0.515126
7,-0.660778,0.81907
7,0.930249,0.486505
7,-0.273168,1.02099
7,0.906755,0.292808
7,0.78631,0.466216
7,0.576973,0.922542
7,-0.0188737,0.99488
7,0.992868,0.108448
7,0.457493,0.881719
7,-0.947289,0.341545
7,0.96305,0.0504854
7,1.01165,0.373733
7,-1.09191,0.0654333
7,0.583985,0.786111
7,-0.736972,0.71283
7,-1.00541,0.410851
7,-0.133652,1.01108
7,-0.925716,0.309863
7,-0.661261,0.815631
7,-0.634443,0.705425
7,0.600022,0.863104
7,0.493339,0.85066
7,0.712752,0.650211
7,0.794007,0.683994
7,0.25228,0.99449
7,0.913669,0.102518
7,-1.04718,0.0957008
7,0.187641,0.942213
7,0.958985,0.223826
7,-1.01965,0.108292
7,-0.406179,1.00945
7,-0.383314,0.952066
7,0.972379,0.184775
7,0.934732,0.358823
7,0.675762,0.746331
7,0.586533,0.809802
7,0.954827,0.0473299
7,-0.919731,-0.0215435
7,-0.392712,0.977456
7,0.608757,0.78759
7,-1.1883,0.104141
7,-0.577939,0.749361
7,-1.05757,0.120387
7,0.989539,0.194437
7,-0.220314,0.976003
7,0.890577,0.120534
7,-1.04017,0.0908821
7,0.982602,0.321893
7,-0.276185,0.84451
7,-0.843722,0.639845
7,0.306752,0.967981
7,1.0299,0.155222
7,-0.974902,0.155601
7,0.874859,0.529693
7,0.639382,0.765535
7,-0.658236,0.685746
7,0.480708,0.858694
7,-0.791047,0.57398
7,0.969579,0.142571
7,0.82629,0.653123
7,1.0166,0.116898
7,0.183367,1.05695
7,-0.548171,0.866481
7,0.999892,-0.680706
7,1.1222,-0.664795
7,0.250907,-0.244376
7,1.17977,-0.59917
7,1.63839,-0.572563
7,-0.0549658,-0.150904
7,1.64744,-0.539169
7,0.443967,-0.535302
7,0.00658775,0.07939
7,1.79931,-0.194623
7,0.358029,-0.538451
7,1.58446,-0.416364
7,0.415368,-0.556697
7,1.99591,0.421773
7,0.249111,-0.403341
7,0.57871,-0.567059
7,1.05202,-0.732866
7,0.453004,-0.466242
7,1.53413,-0.647956
7,1.39466,-0.643277
7,1.61263,-0.485975
7,0.0879846,-0.159869
7,0.0206706,-0.23754
7,1.10784,-0.742261
7,2.02411,0.0363455
7,1.85825,-0.1281
7,0.921782,-0.592916
7,1.34931,-0.657265
7,0.643137,-0.647742
7,1.94643,0.0818609
7,1.36092,-0.424685
7,1.25585,-0.642719
7,0.418746,-0.429436
7,1.8866,-0.0932106
7,0.452437,-0.354322
7,0.353871,-0.229466
7,1.94479,0.29101
7,1.01177,-0.589798
7,0.390941,-0.493307
7,0.412568,-0.500358
7,1.35955,-0.625142
7,1.74505,-0.358027
7,1.13285,-0.653011
7,1.51134,-0.46966
7,0.83517,-0.588479
7,0.560201,-0.605991
7,1.01621,-0.758913
7,1.4018,-0.502989
7,-0.122195,0.37343
7,1.84745,-0.0219877
7,0.548944,-0.557725
7,1.2421,-0.633402
7,1.93005,0.303139
7,1.46184,-0.497381
7,-0.0724451,0.280049
7,1.624,-0.385099
7,0.0835369,0.0555302
7,1.49944,-0.495952
7,-0.0176823,0.14155
7,1.33025,-0.592319
7,0.127664,-0.160351
7,1.52488,-0.364458
7,1.94701,0.0475592
7,1.24442,-0.73258
7,1.93535,0.0836154
7,1.66742,-0.411511
7,-0.0752727,0.0390591
7,1.63207,-0.295606
7,0.51775,-0.531709
7,1.42826,-0.56599
7,1.95725,0.248286
7,-0.0730547,0.224807
7,1.93358,0.233651
7,1.92848,-0.170361
7,0.598599,-0.616081
7,0.979182,-0.63681
7,1.76855,-0.26386
7,0.728795,-0.685589
7,1.8245,-0.309001
7,1.27553,-0.602478
7,1.52074,-0.417595
7,2.03537,-0.000727992
7,1.6555,-0.446287
7,0.404497,-0.454696
7,0.246837,-0.488484
7,1.60566,-0.354866
7,1.60745,-0.50648
7,0.340873,-0.411706
7,0.316013,-0.426661
7,1.22241,-0.749043
7,-0.0586642,0.318578
7,1.14029,-0.591222
7,2.03978,0.2668
7,0.153917,-0.0991215
7,0.177086,-0.35784
7,0.219859,-0.2668
7,1.86237,0.0608809
7,2.0512,0.126298
7,0.000176709,0.334939
7,0.385416,-0.588306
7,1.38263,-0.645333
7,1.83026,-0.0869672
7,1.595,-0.61918
7,0.352155,-0.532132
7,1.04473,-0.618581
7,2.05673,0.345567
7,1.81635,-0.31064
7,0.624983,-0.653826
7,-0.102012,0.359575
7,0.119868,-0.136719
7,0.0821445,-0.179841
7,0.955052,-0.581765
7,0.228642,-0.373245
7,0.579694,-0.608365
7,0.900918,-0.715673
7,0.664713,-0.585471
7,0.779488,-0.719998
7,1.344,-0.60705
7,0.698628,-0.593811
7,1.53006,-0.541829
7,0.924703,-0.664454
7,1.56633,-0.525683
7,1.10642,-0.631124
7,-0.171164,0.190212
7,0.49798,-0.426628
7,0.206184,-0.224567
7,0.0791956,-0.143721
7,0.732363,-0.668829
7,1.82397,-0.18255
7,1.91614,-0.0684131
7,1.34624,-0.594886
7,1.39922,-0.569208
7,0.694272,-0.660777
7,0.623121,-0.496795
7,2.06912,0.425346
7,0.386038,-0.487579
7,0.116212,0.35721
7,1.06113,-0.681614
7,1.19209,-0.620285
7,1.99449,0.246327
7,2.03709,0.203468
7,1.9078,0.0391148
7,1.51946,-0.51722
7,0.0587345,-0.293758
7,0.315432,-0.348054
7,1.58671,-0.57914
7,1.4161,-0.615253
7,2.00632,0.317053
7,1.81338,-0.229509
7,0.999604,-0.678068
7,-0.0609026,0.255677
7,0.187989,-0.207483
7,0.311589,-0.373098
7,2.09779,0.260826
7,0.0738076,0.243685
7,1.29468,-0.599484
7,0.801545,-0.570451
7,1.69798,-0.337226
7,0.959859,-0.637027
7,1.05947,-0.603906
7,1.69905,-0.616402
7,1.66331,-0.449984
7,1.38708,-0.52947
7,0.991568,-0.616351
7,1.09389,-0.685283
7,0.591963,-0.648906
7,0.0129563,0.16598
7,0.0533033,-0.0542276
7,1.7593,-0.260854
7,1.60161,-0.515312
7,-0.00377632,0.211443
7,0.175774,-0.316557
7,1.10966,-0.64749
7,1.8992,0.131894
7,2.04341,0.077086
7,1.102,-0.64059
7,1.75853,-0.194709
7,1.02534,-0.609909
7,1.55934,-0.471743
7,1.89705,-0.220062
7,0.70203,-0.675181
7,1.56282,-0.543655
7,1.31476,-0.58095
7,1.81753,-0.202772
7,0.967642,-0.664075
7,1.63165,-0.456491
7,1.28319,-0.646726
7,0.0124488,0.266237
7,0.216996,-0.350921
7,1.91426,0.00916814
7,1.93811,-0.218005
7,0.281769,-0.305137
7,1.96609,0.157542
7,-0.00270551,0.0389812
7,1.43616,-0.590026
7,0.599157,-0.591952
7,0.453747,-0.500712
7,1.97626,0.0366116
7,0.350959,-0.485531
7,0.0880688,-0.122972
7,1.7923,-0.337529
7,0.00926545,0.372514
7,2.08873,0.234054
7,1.67717,-0.407964
7,1.92393,-0.0465825
7,0.288078,-0.368033
7,1.12918,-0.624222
7,0.457034,-0.659317
7,1.87186,-0.0180267
7,1.96272,0.303409
7,1.90609,-0.0220973
7,-0.00524067,0.349612
7,1.89524,0.228201
7,0.537769,-0.524301
7,0.0189142,0.129082
7,0.852702,-0.619627
7,1.51936,-0.638888
7,0.640845,-0.576182
7,1.04322,-0.675605
7,-0.0348029,-0.0271671
7,0.00544805,0.0883798
7,0.15021,-0.363641
7,0.463537,-0.541216
7,1.9433,0.243655
7,2.06302,0.252233
7,1.15844,-0.582991
7,1.29986,-0.62602
7,0.0547744,0.2419
7,0.627144,-0.610184
7,0.257811,-0.137936
7,-0.00889164,0.248359
7,1.48725,-0.557594
7,1.4119,-0.577318
7,0.157292,-0.229336
7,0.663004,-0.550776
7,0.521629,-0.571169
7,1.67802,-0.50085
7,0.798289,-0.549625
7,0.945668,-0.61192
7,1.5639,-0.419368
7,1.75395,-0.468679
7,0.644976,-0.654704
7,1.82171,-0.321567
7,0.280573,-0.544062
7,1.22089,-0.602874
7,1.76407,-0.224527
7,0.0689418,0.047319
7,0.777998,-0.713556
7,1.91896,-0.181835
7,0.289238,-0.324584
7,1.9183,-0.25414
7,0.12374,0.282356
7,1.99002,0.217294
7,0.0353165,-0.0989818
7,0.247323,-0.312863
7,0.0018397,0.443941
7,1.91547,0.148028
7,0.538511,-0.662822
7,-0.0673818,0.0727587
7,1.88935,0.011399
7,0.417627,-0.421933
7,0.199413,-0.264954
7,0.564742,-0.672877
7,1.73384,-0.285031
7,0.256019,-0.214905
7,0.179164,0.110069
7,1.15743,-0.614521
7,2.01229,-0.0636791
7,1.72274,-0.152824
7,0.360916,-0.388906
7,0.0226764,0.0344812
7,0.0618498,0.076912
7,2.00901,0.0269993
7,1.15532,-0.550945
7,1.96248,0.125156
7,1.48867,-0.52872
7,0.0651268,0.0288006
7,0.366576,-0.404632
7,2.08867,0.262682
7,2.0447,0.228662
7,0.0130012,0.13986
7,0.399808,-0.593762
7,0.193707,-0.472008
7,0.341478,-0.456427
7,1.93617,0.164081
7,0.961568,-0.644669
7,1.57881,-0.36693
7,0.411219,-0.518236
7,0.854283,-0.788827
7,1.02544,-0.723514
7,0.33628,-0.455103
7,0.378117,-0.509067
7,1.97333,0.196254
7,0.535806,-0.581277
7,0.344714,-0.347222
7,1.75204,-0.374309
7,0.201459,-0.306813
7,0.104096,0.0470675
7,0.131545,-0.0455862
7,1.27274,-0.431598
7,2.00751,0.177737
7,0.709016,-0.616796
7,0.14878,-0.212579
7,1.23824,-0.618282
7,0.0772542,-0.0876786
7,-0.0404083,0.134776
7,-0.00186318,0.00773738
7,2.11137,0.264771
7,0.996073,-0.713223
7,1.00211,-0.571965
7,0.157715,0.106539
7,1.58891,-0.29701
7,1.79749,-0.287196
7,0.0829034,0.155283
7,0.491028,-0.589704
7,1.51052,-0.523088
7,1.19254,-0.653559
7,0.28043,-0.382764
7,2.09323,0.145219
7,0.235892,-0.285534
7,0.749992,-0.471955
7,1.87364,0.104427
7,0.830728,-0.646792
7,0.899568,-0.653888
7,1.66761,-0.440813
7,1.89443,-0.0582026
7,0.833961,-0.600926
7,1.0989,-0.717181
7,1.29783,-0.566819
7,1.9668,0.0740851
7,0.544669,-0.47329
7,1.73015,-0.316964
7,1.39049,-0.665697
7,1.72244,-0.260783
7,1.74462,-0.331297
7,0.85486,-0.739927
7,0.383796,-0.61249
7,0.411733,-0.550489
7,0.376924,-0.422524
7,0.765219,-0.699862
7,-0.05761,0.188195
7,1.90523,-0.013554
7,1.31796,-0.612093
7,-0.0422096,0.211519
7,0.701866,-0.583643
7,2.02805,-0.0941899
7,1.85561,-0.173072
7,-0.174692,0.315618
7,0.0904252,-0.0592783
7,0.818899,-0.679844
7,0.267908,-0.385251
7,0.144181,-0.299156
7,2.02512,-0.0450695
7,0.104555,-0.0232848
7,2.07795,0.257224
7,1.55098,-0.557173
7,0.460698,-0.448256
7,1.71115,-0.413502
7,1.77623,-0.257631
7,0.811299,-0.606128
7,1.98896,0.208347
7,0.474165,-0.435056
7,0.152188,-0.219214
7,0.893322,-0.719316
7,0.644765,-0.621296
7,0.801974,-0.711308
7,-0.0616137,0.379113
7,0.64288,-0.624529
7,-0.0922496,0.283462
7,1.67732,-0.420389
7,0.38717,-0.411764
7,1.6819,-0.456032
7,0.280889,-0.388317
7,2.00397,0.163867
7,0.865485,-0.681648
7,0.0818241,-0.167369
7,-0.000631157,0.172917
7,0.912654,-0.630745
7,0.23953,-0.344242
7,0.86224,-0.729214
7,0.800723,-0.620036
7,-0.00873251,0.0751127
7,0.183517,-0.216033
7,0.0781872,-0.202928
7,1.22997,-0.72242
7,1.80019,-0.304283
7,1.33901,-0.671434
7,1.87844,0.343179
7,0.457361,-0.49162
7,1.59159,-0.514753
7,0.11499,-0.144422
7,1.73965,-0.42186
7,1.32696,-0.565624
7,2.047,0.0619807
7,2.06248,0.171575
7,1.96449,0.110211
7,0.569136,-0.507687
7,1.81269,-0.234953
7,0.629788,-0.60424
7,1.50044,-0.543431
7,1.8934,0.319641
7,1.48147,-0.611921
7,1.62572,-0.440689
7,1.17283,-0.783804
7,0.501463,-0.558156
7,0.0685961,0.164736
7,0.916101,-0.700163
7,0.195449,-0.170464
7,0.536172,-0.478958
7,0.691552,-0.51663
7,1.81368,-0.343809
7,0.695725,-0.55575
7,1.45414,-0.732767
7,1.37336,-0.535413
7,0.0854613,-0.124425
7,-0.0270158,0.334633
7,2.00466,-0.0590555
7,1.82966,-0.291081
7,0.103439,-0.133074
7,1.26347,-0.559262
7,0.506268,-0.614077
7,0.0963474,-0.0971278
7,2.07483,0.29666
7,0.0160041,-0.0173531
7,1.9716,-0.115086
7,0.0247486,0.295759
7,1.81116,-0.164535
7,0.53543,-0.505033
7,0.00894377,0.24615
7,0.964774,-0.72797
7,1.4462,-0.637381
7,0.525812,-0.601484
7,1.30481,-0.57405
7,1.71844,-0.233469
7,0.208754,-0.324383
7,1.40723,-0.742899
7,0.165347,-0.131672
7,0.739684,-0.624982
7,0.293387,-0.38971
7,0.314754,-0.566502
7,1.89901,-0.0683459
7,1.90281,-0.232547
7,0.796027,-0.588962
7,0.0564454,0.118498
7,1.36706,-0.623728
7,0.238513,-0.398556
7,0.210407,-0.293123
7,2.00652,0.329663
7,0.711128,-0.523644
7,1.58569,-0.571705
7,0.888354,-0.610959
7,0.0353228,0.101189
7,1.0021,-0.697877
7,0.460806,-0.57539
7,0.457652,-0.433392
7,0.0436096,-0.186108
7,1.92524,-0.0834527
7,1.94154,0.0250416
7,0.449056,-0.496738
7,0.58353,-0.565013
7,1.40544,-0.607349
7,1.65878,-0.242675
7,1.87605,-0.0021661
7,2.10191,0.167111
7,-0.0688675,0.0867371
7,1.71998,-0.339583
7,1.26336,-0.591442
7,0.0870553,-0.0884929
7,0.715135,-0.527391
7,0.379882,-0.53067
7,0.230743,-0.251031
7,0.224728,-0.434989
7,0.463154,-0.413058
7,1.42997,-0.497019
7,0.803263,-0.668976
7,1.3816,-0.61444
7,0.287931,-0.479494
7,1.61542,-0.498949
7,1.77113,-0.233763
7,-0.107316,0.24924
7,0.806188,-0.641328
7,0.738327,-0.645975
7,2.01012,0.238971
7,1.97566,0.212462
7,1.91691,-0.101002
7,1.30843,-0.696647
7,0.0472798,-0.0451383
7,1.94539,0.0346458
7,0.391158,-0.489817
7,0.332548,-0.436667
7,0.761837,-0.550143
7,0.208092,-0.237674
7,1.23166,-0.585318
7,0.509964,-0.578459
7,2.00049,-0.0190669
7,0.0545347,-0.165427
7,1.9104,0.296155
7,1.86919,-0.0836493
7,0.982131,-0.734786
7,1.91474,0.212011
7,1.78862,-0.360123
7,-0.022296,0.187215
7,1.2806,-0.696919
7,-0.0244338,0.27759
7,0.306201,-0.3025
7,1.74248,-0.300991
7,0.0108801,0.22894
7,0.77304,-0.688349
7,1.94622,0.0935315
7,0.549946,-0.610632
7,0.733052,-0.602788
7,1.95295,-0.242727
7,0.898761,-0.618498
7,1.10099,-0.65282
7,1.91729,-0.228262
7,1.92221,0.129631
7,1.98331,0.0362026
7,0.0686583,-0.00882023
7,1.00747,-0.722029
7,0.239517,-0.196212
7,1.77696,-0.454782
7,0.0956113,0.325801
7,0.0198958,-0.0855748
7,1.58463,-0.337209
7,0.99215,-0.620706
7,2.08126,0.0689507
7,1.02506,-0.574628
7,0.232108,-0.476953
7,0.641192,-0.548927
7,1.48059,-0.447637
7,1.51421,-0.499489
7,0.840604,-0.676884
7,0.53021,-0.597299
7,0.362296,-0.340201
7,0.386648,-0.435028
7,0.0457325,0.297874
7,1.33942,-0.556319
7,1.57141,-0.523479
7,0.06342,0.316617
7,-0.0470943,0.226545
7,0.632004,-0.720479
7,0.527493,-0.605408
7,1.85667,-0.381528
7,1.61311,-0.407364
7,1.94562,0.109052
7,0.645691,-0.662527
7,1.64568,-0.433667
7,1.26231,-0.665186
7,0.57666,-0.714033
7,1.76267,-0.331984
7,1.16011,-0.627394
7,1.92087,-0.0157784
7,1.22711,-0.717509
7,1.30365,-0.706767
7,0.982444,-0.756427
7,0.151465,-0.0428415
7,1.0181,-0.716776
7,1.48964,-0.625717
7,1.16141,-0.651559
7,0.021999,0.244224
7,1.0055,-0.637087
7,0.827996,-0.677746
7,1.67215,-0.337518
7,0.480196,-0.572848
7,0.586553,-0.534987
7,1.62994,-0.489122
7,0.0389025,0.205749
7,1.02817,-0.682144
7,0.487603,-0.463082
7,0.618579,-0.626321
7,1.9556,0.123802
7,1.69835,-0.22851
7,1.31743,-0.69618
7,1.63144,-0.449695
7,1.38506,-0.59999
7,1.43644,-0.55737
7,0.0378033,0.0565431
7,0.0418654,-0.0385185
7,2.01168,-0.0174316
7,1.87682,-0.00882888
7,1.75928,-0.23937
7,0.0347375,-0.065289
7,2.05985,0.0984812
7,1.85883,0.00774086
7,1.47523,-0.576565
7,1.84029,-0.113998
7,0.879782,-0.67145
7,0.779393,-0.619606
7,0.604725,-0.537182
7,2.04329,0.114805
7,0.593407,-0.438018
7,1.07328,-0.719736
7,-0.0317882,0.24276
7,-0.0874349,0.248307
7,0.0166413,0.259969
7,0.3131,-0.361529
7,1.25224,-0.703086
7,1.94548,0.0309083
7,1.35893,-0.61449
7,1.64571,-0.457158
7,1.98619,0.0154927
7,0.87368,-0.646052
7,1.74935,-0.22598
7,1.86908,0.267794
7,1.56546,-0.385401
7,0.755489,-0.691225
7,1.4114,-0.486789
7,0.520047,-0.445299
7,0.358618,-0.360517
7,0.435295,-0.521574
7,0.0415382,0.288233
7,1.13286,-0.619107
7,0.285648,-0.440385
7,0.52887,-0.60975
7,0.398989,-0.405145
7,1.94882,-0.0572752
7,0.327227,-0.31662
7,1.82168,-0.225708
7,0.339023,-0.539416
7,0.0663198,0.045502
7,0.138988,-0.00611085
7,0.378616,-0.316791
7,1.0059,-0.72182
7,0.083823,0.0915543
7,1.84175,-0.281248
7,1.22637,-0.556342
7,0.820956,-0.695591
7,1.89762,-0.220785
7,0.721892,-0.777826
7,-0.0756973,0.258713
7,1.3304,-0.635901
7,1.3131,-0.541046
7,1.08556,-0.721927
7,0.946313,-0.792511
7,1.93868,0.228772
7,0.107493,0.290696
7,0.186099,-0.279428
7,1.50537,-0.520994
7,1.68058,-0.313184
7,0.91214,-0.741764
7,1.98207,0.227796
7,1.26915,-0.619985
7,0.0545987,0.235952
7,1.67536,-0.446804
7,1.28561,-0.635286
7,1.31163,-0.654285
7,1.53443,-0.552991
7,1.38789,-0.663607
7,0.88093,-0.757502
7,0.938558,-0.607413
7,0.80835,-0.630808
7,1.31005,-0.59862
7,1.9659,0.198318
7,1.05165,-0.714536
7,0.904584,-0.631633
7,1.99482,0.235612
7,0.0348062,0.180228
7,0.350383,-0.610894
7,0.997857,-0.766832
7,1.28456,-0.513046
7,0.360165,-0.484929
7,0.526717,-0.673139
7,0.0259342,0.0779659
7,0.204923,-0.284996
7,1.52379,-0.513114
7,1.39327,-0.559429
7,1.50854,-0.564758
7,0.110334,0.0270211
7,1.82015,-0.22949
7,0.187308,-0.40409
7,1.27322,-0.627787
7,0.194184,-0.108963
7,0.764043,-0.555786
7,1.02229,-0.510042
7,1.28452,-0.707058
7,1.85575,-0.151232
7,1.24657,-0.611262
7,1.25824,-0.693622
7,1.30951,-0.587555
7,2.00407,0.147148
7,1.88659,0.142824
7,0.0600086,-0.124079
7,0.568025,-0.599617
7,1.39867,-0.634316
7,0.270216,-0.165705
7,0.862556,-0.596189
7,1.99005,0.25448
7,2.08653,0.0630261
7,0.378155,-0.556211
7,1.59255,-0.444197
7,1.92922,0.207659
7,0.127425,-0.166265
7,0.0814175,0.0112422
7,0.317504,-0.2304
7,0.131235,-0.183093
7,0.910245,-0.713378
7,1.85044,-0.00536618
7,1.85149,-0.210966
7,0.452952,-0.578486
7,1.48414,-0.577505
7,0.422466,-0.468614
7,0.308694,-0.319476
7,1.8656,-0.126678
7,1.69395,-0.437066
7,1.51798,-0.588296
7,-0.0975483,0.232255
7,0.336591,-0.382093
7,0.576164,-0.571171
7,1.57096,-0.419528
7,0.308217,-0.432153
7,0.444893,-0.409952
7,0.175678,-0.338815
7,0.189043,-0.222105
7,1.32862,-0.730426
7,0.45795,-0.521245
7,0.0998482,0.0068216
7,0.370956,-0.492991
7,0.95114,-0.697107
7,0.291772,-0.407878
7,1.67701,-0.375492
7,1.36801,-0.600303
7,0.517,-0.514153
7,0.160365,-0.152111
7,0.370749,-0.370706
7,1.98441,0.354709
7,1.51838,-0.37546
7,2.02926,0.263601
7,1.5946,-0.594668
7,1.41659,-0.567446
7,1.48323,-0.619994
7,0.561868,-0.623478
7,1.27638,-0.668031
7,1.95923,0.010289
7,1.03425,-0.604839
7,0.671443,-0.732529
7,2.0375,0.165318
7,1.87744,-0.248012
7,0.0564408,0.0207573
7,0.158135,-0.212149
7,0.0301583,-0.0990657
7,1.93868,0.270282
7,1.50609,-0.402463
7,-0.0621136,0.168498
7,1.17282,-0.671294
7,0.0850197,0.17685
7,0.0340459,-0.0868756
7,1.69686,-0.370728
7,2.03556,0.28652
7,0.046219,-0.189179
7,1.21111,-0.597929
8,-0.828036,0.433979
8,-0.919349,0.202224
8,0.320043,0.951041
8,0.988378,0.395636
8,0.469473,0.728012
8,-0.992997,0.21282
8,-0.934121,0.389542
8,0.531096,0.89832
8,0.276467,0.91301
8,-0.873834,0.424866
8,0.7334,0.728712
8,-1.02951,0.101432
8,-0.922735,0.440601
8,0.872039,0.630269
8,0.838832,0.146666
8,-0.132769,1.02383
8,0.680447,0.703526
8,1.02419,0.220485
8,0.894188,0.392347
8,-0.979093,0.0730239
8,0.191673,1.01007
8,-0.918002,-0.00271116
8,-0.114484,1.08987
8,0.556588,0.777705
8,0.651441,0.820276
8,-0.638936,0.733769
8,-0.562254,0.898704
8,0.77619,0.70607
8,0.124935,1.00213
8,0.987747,0.193819
8,-0.620945,0.639676
8,-0.498065,0.824398
8,0.947179,0.235082
8,0.523456,0.884406
8,0.960604,0.336073
8,0.916859,0.650396
8,-0.878064,0.523424
8,0.106107,0.973308
8,0.361239,0.93777
8,0.517937,0.861901
8,1.04654,0.3749
8,-0.824806,0.568543
8,-0.688211,0.685981
8,0.0763143,0.99806
8,-0.496569,0.887368
8,-0.700967,0.614424
8,0.33635,0.829291
8,0.530817,0.855376
8,0.212788,0.942017
8,0.23816,0.986316
8,-0.836847,0.875103
8,0.950318,0.32543
8,-0.346079,1.03687
8,0.964295,0.169596
8,1.08833,0.350178
8,-1.01934,0.223327
8,-0.660871,0.836075
8,-0.936073,0.113049
8,0.873385,0.365299
8,-1.1699,0.121004
8,-0.972788,0.27338
8,0.200136,0.979056
8,-0.72731,0.910662
8,-0.826133,0.473128
8,-0.736291,0.665669
8,0.153387,0.844475
8,0.894822,0.415657
8,0.990657,0.307736
8,-0.329579,0.888858
8,0.198494,0.96215
8,-0.0301263,0.999336
8,0.434224,0.900369
8,-0.800714,0.647348
8,-0.861539,0.517197
8,-0.336596,0.892515
8,-0.804631,0.693562
8,-0.855514,0.424903
8,-0.211703,0.974326
8,-0.778282,0.620444
8,0.199087,0.909116
8,-0.606935,0.884325
8,0.501558,0.772572
8,-0.118949,1.08615
8,-0.59075,0.81977
8,-0.703643,0.637331
8,-0.170396,1.04401
8,-0.157016,0.96298
8,-0.284547,0.892517
8,-0.717511,0.643085
8,-0.936385,0.0042164
8,-0.853403,0.536937
8,-0.482559,0.697522
8,0.921546,0.249027
8,0.25646,0.962408
8,0.857691,0.557045
8,0.15143,0.978135
8,0.921505,0.490109
8,0.903868,0.340612
8,-0.925638,0.383593
8,-0.776157,0.522105
8,0.955971,0.20526
8,-0.581774,0.912801
8,0.346294,0.930041
8,-0.138209,1.01734
8,0.502792,0.830626
8,-0.982228,0.346063
8,-0.647937,0.794062
8,0.630731,0.771858
8,-0.995858,0.357169
8,0.872569,0.532678
8,1.0279,0.175657
8,0.276614,0.930483
8,-0.901163,0.577917
8,-0.403555,0.784466
8,0.865029,0.637668
8,0.027277,0.992683
8,0.81993,0.552596
8,0.950118,0.380879
8,-0.112354,0.976601
8,0.843937,0.552827
8,-0.371676,0.90949
8,-0.0358732,1.03377
8,-0.448621,0.805733
8,-0.102059,0.990897
8,0.990678,0.318461
8,0.994452,0.240599
8,0.616401,0.67104
8,-0.612237,0.75789
8,0.329876,0.891058
8,-0.945735,0.585533
8,-0.399535,0.98871
8,0.356633,0.878107
8,-0.748292,0.695706
8,-0.112229,0.919823
8,0.126658,1.02188
8,0.781392,0.572042
8,0.71022,0.687158
8,0.945491,0.490041
8,0.549167,0.802198
8,0.497812,1.03346
8,0.912115,0.259249
8,-0.967647,0.243963
8,-0.516699,0.797865
8,0.899058,0.35193
8,0.885175,0.683286
8,-0.905115,0.357785
8,0.427419,0.935327
8,0.913713,0.490567
8,-0.0775238,1.09526
8,-1.00303,0.105084
8,0.698441,0.89452
8,-0.713562,0.670547
8,-0.855146,0.465443
8,-1.09451,0.165708
8,-0.322842,1.01092
8,0.961661,0.223709
8,0.921088,0.306786
8,0.589291,0.792674
8,-1.04802,0.0121338
8,0.699115,0.782492
8,0.706028,0.682334
8,-0.588093,0.799227
8,0.723292,0.603082
8,-0.906088,0.37413
8,0.885663,0.598481
8,0.711872,0.612573
8,-0.936142,0.493586
8,-0.461497,0.768549
8,0.800465,0.582376
8,-1.029,0.293145
8,-0.533922,0.873544
8,0.0986154,1.06304
8,-0.962307,0.139627
8,-0.846818,0.485194
8,0.0801914,0.937203
8,-0.910865,0.260718
8,0.490582,0.771985
8,-0.967099,0.35478
8,-1.03272,0.0123933
8,-0.390649,0.972404
8,-0.159124,0.988941
8,0.666473,0.772438
8,-0.478898,0.908765
8,0.910056,0.361527
8,-0.760703,0.74913
8,-0.0219255,1.11751
8,-0.8072,0.691451
8,-0.119111,0.986166
8,0.687919,0.676418
8,-0.694845,0.843988
8,0.927562,0.545008
8,0.687186,0.671267
8,0.770666,0.567442
8,0.153422,0.951416
8,-0.251761,0.89889
8,0.875843,0.489455
8,-0.878689,0.398857
8,-0.625648,0.852998
8,0.39726,0.919566
8,0.908782,0.455199
8,0.0947956,1.00227
8,-0.383082,0.764989
8,-0.921169,0.45724
8,0.926938,0.282058
8,-0.712163,0.779099
8,-1.08219,0.0711231
8,0.784839,0.574392
8,-0.112536,1.03921
8,-0.990957,0.275446
8,0.86958,0.371851
8,-0.911646,0.325449
8,0.696309,0.704563
8,0.0777585,1.0598
8,0.866544,0.429279
8,1.09287,0.132759
8,-0.113741,0.950542
8,-0.610599,0.680298
8,1.06681,-0.0170643
8,-0.826641,0.420947
8,0.805994,0.542636
8,-0.651029,0.677399
8,-0.931278,0.513903
8,0.959662,0.310253
8,0.668042,0.629153
8,0.64566,0.707647
8,0.909416,0.606397
8,0.0498503,1.06392
8,0.374545,0.986607
8,0.115435,0.918689
8,0.93428,0.475479
8,-0.950954,0.163981
8,-0.733309,0.622337
8,0.984892,0.0708808
8,0.0512667,1.0023
8,0.883548,0.043004
8,0.762879,0.659326
8,0.46571,0.800044
8,0.983292,0.266711
8,0.721828,0.739905
8,-0.608693,0.765373
8,0.161994,0.99798
8,1.05029,0.227126
8,-0.645994,0.819485
8,0.0690531,0.928408
8,-0.986503,0.158545
8,-0.322229,0.933497
8,0.824008,0.670396
8,0.244537,0.93818
8,-0.893093,0.269897
8,0.112997,0.964504
8,-0.376418,0.862949
8,-0.371623,0.969279
8,0.536203,0.770752
8,-0.728026,0.729338
8,-0.732888,0.682618
8,0.9261,0.260551
8,0.138019,1.0799
8,0.659992,0.663299
8,-0.487787,0.862941
8,0.670748,0.648305
8,-0.34381,0.990573
8,-1.05049,0.322181
8,0.910638,0.264295
8,0.81894,0.196859
8,0.525927,0.80917
8,0.890315,0.599029
8,0.865677,0.562738
8,-0.998659,0.227175
8,0.262665,0.93311
8,-0.747334,0.563281
8,-0.491437,0.803476
8,0.487821,0.844611
8,0.788093,0.517333
8,-0.673776,0.796371
8,-0.224112,0.991859
8,-0.855703,0.25356
8,0.832161,0.539722
8,0.226604,0.958726
8,-0.953306,0.308757
8,-0.199893,0.954076
8,-0.2398,0.859635
8,0.926169,0.261918
8,0.349924,1.04801
8,-0.167732,0.977321
8,-0.189334,1.10453
8,-0.42987,0.873048
8,0.82676,0.590006
8,-0.831175,0.530136
8,-0.74259,0.869449
8,0.89831,0.520207
8,0.688671,0.783197
8,-0.993336,0.365705
8,0.726401,0.617976
8,0.117876,1.01598
8,-0.227809,1.00711
8,-0.315216,0.932179
8,0.258982,1.00188
8,1.0105,0.26591
8,-0.964709,0.348181
8,1.0792,0.340288
8,-0.536111,0.908584
8,0.166288,0.88313
8,0.799271,0.534827
8,0.631397,0.878398
8,0.806799,0.587038
8,-0.522471,0.736064
8,0.743121,0.640545
8,-0.141858,1.04088
8,0.675914,0.661384
8,-0.164249,1.01957
8,0.00330025,1.06965
8,0.0269539,0.99715
8,0.257141,1.02247
8,1.04009,0.235165
8,-0.317148,1.09207
8,-0.230648,0.946445
8,-0.0495039,1.00198
8,0.636371,0.800132
8,-0.187326,1.07613
8,0.5618,0.679758
8,1.03419,0.191708
8,0.418461,0.903108
8,-0.695198,0.781649
8,0.474539,0.859343
8,-0.61033,0.791789
8,-0.833083,0.544387
8,-0.901282,0.404126
8,-0.962923,0.250402
8,1.01,0.114798
8,0.892313,0.0109998
8,-0.155896,0.968842
8,-0.819187,0.467657
8,-0.96306,0.303742
8,-0.637677,0.823009
8,0.800412,0.640388
8,-0.877018,0.5061
8,-0.360062,0.796252
8,0.846564,0.626118
8,0.483282,0.89982
8,-0.191634,0.899651
8,0.779496,0.601233
8,0.0150325,0.98165
8,-0.281612,1.0059
8,0.399966,0.808249
8,0.308113,0.986415
8,0.710017,0.833942
8,0.994989,0.0975437
8,-0.506769,0.826207
8,0.971492,0.384919
8,-0.547877,0.890494
8,-1.09493,0.14663
8,0.176915,0.994174
8,0.239158,0.990293
8,0.0986001,0.959155
8,0.975052,0.267684
8,-0.940617,0.44348
8,0.937535,0.35112
8,-0.927536,0.439602
8,0.554768,0.761706
8,-0.930154,0.557595
8,0.589623,0.906661
8,1.00062,0.0871074
8,0.010315,0.873755
8,0.450276,0.863375
8,-0.863264,0.262536
8,0.154661,1.04982
8,-0.175407,0.976466
8,0.952135,0.0521901
8,-0.804017,0.75312
8,-0.955353,0.0663177
8,0.21664,0.866687
8,0.585313,0.835168
8,0.608417,0.785444
8,-0.753623,0.699245
8,0.012864,0.912289
8,-0.965817,0.229009
8,-0.306551,0.982843
8,0.414854,0.896622
8,0.874429,0.224248
8,0.93301,0.390022
8,0.678088,0.693068
8,0.335644,0.91728
8,-0.398488,0.923513
8,0.307794,1.03171
8,1.04469,0.20881
8,-0.369316,0.953662
8,-0.931209,0.0498827
8,-0.670658,0.667804
8,0.0783071,1.0148
8,0.868881,0.622013
8,-0.526099,0.873645
8,0.50763,0.853539
8,0.822755,0.626141
8,0.435516,0.946749
8,0.934769,0.354589
8,0.778149,0.416553
8,0.325416,0.989616
8,0.928385,0.132076
8,0.608197,0.693154
8,0.711524,0.696962
8,-0.806219,0.596796
8,0.844729,0.306136
8,-0.0100429,1.04895
8,0.309707,1.0093
8,0.441257,0.970051
8,0.174099,0.972342
8,-0.0019889,1.023
8,-0.653259,0.647538
8,0.877654,0.132885
8,-0.0271906,1.04416
8,0.401038,0.890082
8,0.611849,0.672674
8,1.03832,0.00909068
8,-0.739784,0.713683
8,-0.649476,0.80896
8,-0.191921,1.00773
8,0.650455,0.7197
8,0.790632,0.636534
8,-0.30731,0.936361
8,-0.648885,0.60176
8,-0.654867,0.601806
8,0.72167,0.770521
8,-0.580459,0.846095
8,1.10908,-0.0843945
8,0.203115,0.911785
8,0.975766,0.270911
8,0.581952,0.816566
8,0.874341,0.203785
8,0.100263,0.968347
8,-0.0411933,1.06951
8,-0.858516,0.463808
8,0.70237,0.66706
8,-0.865397,0.326218
8,-0.35502,0.917426
8,-0.0406905,1.01792
8,0.479934,0.85022
8,1.06415,0.0984063
8,0.947824,0.114306
8,0.72051,0.801143
8,-0.233057,1.02606
8,-0.0112991,1.0646
8,-0.877128,0.397818
8,0.379488,0.951197
8,-0.556477,0.835874
8,0.111892,1.05424
8,0.640702,0.948053
8,-1.01389,0.298263
8,0.632896,0.807741
8,-0.430442,0.982726
8,-0.945236,0.247885
8,-0.320576,0.891474
8,-0.570664,0.885433
8,-0.842389,0.122022
8,0.816063,0.449661
8,0.720403,0.7486
8,0.391572,0.894434
8,-0.318447,0.948863
8,0.694647,0.65354
8,-0.180247,0.88787
8,0.844851,0.434999
8,-1.02231,0.145001
8,-0.970316,-0.0815993
8,0.82788,0.546299
8,0.155856,0.972215
8,-0.936083,0.348941
8,0.474866,0.816925
8,-0.016487,0.949952
8,0.949748,0.413305
8,0.305506,1.01899
8,-0.477697,0.841958
8,-0.572102,0.725148
8,0.502995,0.915913
8,-0.39881,0.778928
8,0.992941,0.0857467
8,0.759758,0.736428
8,-0.840578,0.521068
8,0.96126,0.415083
8,-0.738424,0.719431
8,0.451226,0.86417
8,-0.702891,0.706956
8,-0.18293,1.00405
8,-0.195834,1.01784
8,0.59553,0.898055
8,0.835314,0.181037
8,0.777658,0.772492
8,-0.619717,0.778704
8,0.486727,0.888255
8,0.930662,0.415639
8,0.633773,0.744898
8,0.683862,0.845553
8,-0.113315,0.93291
8,-0.975039,0.293188
8,-0.427132,0.825929
8,0.813197,0.540544
8,-0.768265,0.380652
8,0.104503,1.06805
8,0.183939,0.973472
8,-0.869423,0.45505
8,0.0189409,1.13639
8,-0.336344,0.876606
8,1.05881,0.0781111
8,0.760871,0.734285
8,-1.00371,0.0110523
8,0.271998,0.99117
8,0.781505,0.560769
8,-0.589942,0.834777
8,1.05176,0.287444
8,0.437601,0.973178
8,-1.04523,0.281672
8,-0.409977,0.867925
8,-0.557646,0.872465
8,-0.849029,0.374229
8,0.545795,0.835016
8,-0.253702,0.930839
8,0.815414,0.708851
8,-0.665239,0.623844
8,-0.767469,0.709627
8,0.928548,0.0476309
8,-0.0445569,0.97984
8,0.034756,0.957366
8,-0.443205,0.885085
8,-0.374269,0.868192
8,-0.992942,0.100905
8,0.557188,0.814089
8,0.0545519,1.0285
8,-0.864888,0.5903
8,-0.450434,0.925838
8,0.999488,0.496393
8,-0.0807363,1.0714
8,0.931305,0.264046
8,-0.883607,0.380272
8,-0.328415,1.03371
8,-0.12309,1.04641
8,0.809155,0.587798
8,0.693982,0.77196
8,-0.938054,0.31489
8,-0.965214,-0.0342773
8,0.632261,0.774608
8,-0.190699,1.03683
8,-0.152368,0.905425
8,-0.951905,0.363593
8,-0.521615,0.787518
8,-0.875526,0.399121
8,0.882455,0.488141
8,-0.923525,0.235039
8,0.190268,1.0207
8,-0.233644,1.0177
8,0.176186,1.06245
8,-0.90479,0.2049
8,0.787838,0.630544
8,-0.866437,0.50874
8,-0.945415,-0.00512135
8,0.244765,1.04584
8,-0.251796,0.989812
8,-0.926743,0.573672
8,0.254007,1.01536
8,-0.136282,1.0886
8,0.659882,0.885236
8,-0.99501,0.20449
8,-0.954593,0.163588
8,-0.289718,0.780103
8,0.801714,0.555218
8,0.942646,0.0715207
8,0.781184,0.465878
8,0.784004,0.657164
8,-0.849143,0.628404
8,-0.505564,0.818018
8,0.611953,0.684148
8,-0.98409,0.203193
8,-0.192614,1.0657
8,1.00392,0.361944
8,-0.0206663,1.01807
8,-0.477303,0.886289
8,0.881221,0.115178
8,-0.831789,0.745757
8,-0.419796,0.854879
8,-0.911086,0.214842
8,0.917777,0.267021
8,-0.869547,0.624579
8,1.02098,0.0665626
8,-0.509855,0.835822
8,0.809066,0.782513
8,-0.511034,0.787869
8,-0.968919,0.25334
8,0.00538595,1.00899
8,1.05531,-0.0260784
8,-0.998253,0.352679
8,-0.452364,0.947046
8,0.700751,0.763577
8,-0.382489,0.958161
8,0.637358,0.700969
8,0.0317126,0.9811
8,-0.0583681,0.963283
8,0.965917,0.0562533
8,0.941195,0.182676
8,0.65911,0.705415
8,-0.786839,0.584414
8,0.806817,0.597262
8,0.961136,0.224771
8,0.910361,0.302875
8,0.213424,0.953728
8,-0.111611,0.958255
8,-0.754138,0.667487
8,-0.889123,0.413148
8,-1.08301,0.112777
8,-0.261542,0.927543
8,-0.491358,0.834422
8,-0.736976,0.597679
8,1.01865,0.138791
8,0.124255,1.07014
8,-0.60291,0.898164
8,-0.389026,0.969272
8,0.911435,0.145176
8,0.625888,0.822196
8,0.917699,0.280486
8,-1.03386,0.292723
8,1.04882,0.119683
8,-0.990243,0.0887793
8,-0.984602,0.432195
8,-0.641549,0.697996
8,0.179155,0.954608
8,1.13429,0.130214
8,-0.998814,0.0340983
8,0.707049,0.717181
8,0.368925,0.895452
8,0.806291,0.458228
8,0.435243,0.797736
8,-0.955992,0.291793
8,0.853499,0.533064
8,-0.828613,0.554672
8,-0.736926,0.751316
8,0.0462002,1.02158
8,0.968138,0.323454
8,0.238684,0.914336
8,0.718954,0.821618
8,0.283458,0.976255
8,0.805216,0.4497
8,0.308065,0.913341
8,-0.0630215,0.978704
8,-0.980707,0.0662987
8,0.726535,0.806726
8,-0.22342,0.926909
8,0.849942,0.18034
8,0.0295933,0.960902
8,0.454439,0.803802
8,-0.690349,0.872886
8,-0.858742,0.556542
8,-1.00499,-0.00629852
8,0.798005,0.390067
8,0.824438,0.669025
8,0.600543,0.774328
8,0.474428,0.804487
8,-0.257191,0.935774
8,0.290169,1.09481
8,0.864669,0.468955
8,0.793832,0.551568
8,-0.212411,0.962081
8,-0.442612,0.962728
8,-0.864521,0.225571
8,0.224873,0.964592
8,-0.260958,0.942768
8,0.890845,0.515615
8,0.109156,0.971213
8,0.667543,0.790992
8,-1.05318,0.17936
8,0.50339,0.848581
8,-0.406189,0.849793
8,0.269872,0.948413
8,0.0201295,1.02456
8,0.148354,0.981908
8,-0.996112,0.047767
8,-0.979851,0.0596125
8,0.971474,0.30524
8,-0.0578372,1.01309
8,1.028,0.132093
8,-0.902438,0.463234
8,-0.728552,0.756926
8,-0.756212,0.634942
8,0.509228,0.82819
8,-0.103188,0.970055
8,0.0684434,1.0135
8,1.01155,0.272839
8,0.889359,0.568235
8,0.850792,0.490846
8,-0.202753,0.951839
8,0.964155,-0.0104576
8,-0.840496,0.399779
8,0.233597,1.03218
8,0.891279,0.63758
8,0.894589,0.579921
8,0.942745,0.162417
8,0.455114,0.915857
8,-0.210637,0.912058
8,0.162784,1.00442
8,-0.866509,0.679508
8,0.662175,0.56781
8,-0.951051,0.0599845
8,0.951118,0.105545
8,1.00738,0.05561
8,1.02718,0.285627
8,0.460222,0.949998
8,-0.4886,0.915015
8,0.870005,0.590146
8,1.01396,0.193978
8,-0.357281,0.8965
8,-0.804443,0.505762
8,1.06894,0.0605373
8,-0.84801,0.386151
8,0.895442,0.449646
8,-0.0976229,0.952929
8,0.80258,0.47219
8,0.892649,0.408659
8,0.535926,0.744429
8,0.905049,0.151545
8,0.584971,0.810047
8,0.750302,0.741178
8,-0.867364,0.621189
8,-0.636251,0.716592
8,-0.978889,0.343454
8,-0.946279,0.205078
8,0.798464,0.399295
8,-0.395199,0.851898
8,0.960785,0.24725
8,-0.621871,0.802741
8,0.71123,0.650394
8,0.911846,0.35767
8,-0.756864,0.438747
8,-0.0948375,0.962352
8,-0.855152,0.416263
8,0.0710146,0.981528
8,-0.785795,0.536837
8,-0.308064,0.969235
8,0.945588,0.566399
8,-0.492382,0.998942
8,0.806522,0.617506
8,-0.39698,0.984391
8,0.790674,0.619818
8,0.780822,0.540465
8,-0.17431,1.06809
8,-0.911646,0.076006
8,0.991482,0.29716
8,-0.873321,0.271535
8,1.00283,0.129404
8,-0.875251,0.171057
8,-0.131795,1.03692
8,-0.0979235,0.992311
8,0.934085,0.648394
8,0.0878455,0.898961
8,-0.118476,1.05358
8,0.166672,0.970534
8,1.92763,0.240014
8,1.91924,-0.0163633
8,0.143898,-0.224334
8,0.0294195,0.023182
8,-0.0401891,0.105728
8,0.681444,-0.641836
8,0.483344,-0.628266
8,0.0203837,0.209251
8,1.95719,0.223887
8,0.337634,-0.527724
8,0.703808,-0.699527
8,2.05175,0.074459
8,1.84919,-0.296722
8,0.814434,-0.707754
8,1.65868,-0.64497
8,0.495059,-0.748742
8,1.29305,-0.698994
8,0.846522,-0.758619
8,1.77453,-0.485641
8,0.073013,0.0896441
8,0.955692,-0.698769
8,1.05687,-0.771925
8,0.52289,-0.586155
8,0.972919,-0.868592
8,1.44862,-0.654301
8,0.377054,-0.542587
8,0.634148,-0.703382
8,0.232443,-0.384202
8,0.0540653,-0.0401512
8,1.50981,-0.724783
8,1.3451,-0.640324
8,0.725868,-0.65025
8,1.77382,-0.375295
8,0.144615,-0.143859
8,0.443483,-0.714043
8,0.288518,-0.25893
8,0.0847546,-0.105573
8,1.84859,-0.449409
8,1.3519,-0.598246
8,0.137254,-0.314076
8,1.93027,-0.094671
8,0.779471,-0.74521
8,0.0375135,0.0690096
8,1.92619,-0.267174
8,1.61578,-0.621347
8,0.797926,-0.747333
8,1.49702,-0.555149
8,1.04357,-0.624682
8,1.33,-0.72692
8,2.01421,-0.0222458
8,0.170507,-0.322047
8,0.586999,-0.675654
8,0.563599,-0.699369
8,0.372893,-0.517613
8,0.109511,-0.311258
8,1.87742,-0.280558
8,0.764805,-0.705818
8,-0.0616202,0.151853
8,1.37407,-0.769719
8,0.291936,-0.39169
8,0.78233,-0.729807
8,0.170647,-0.315121
8,0.119458,0.169593
8,0.264409,-0.669079
8,1.93251,-0.0614482
8,0.968316,-0.750373
8,0.241766,-0.494663
8,0.21418,-0.318257
8,-0.0855877,0.0844459
8,0.557028,-0.754846
8,1.18323,-0.776624
8,1.32118,-0.624943
8,1.95859,-0.235236
8,1.19239,-0.779283
8,-0.0721454,-0.0297452
8,0.993053,-0.724757
8,1.13029,-0.77061
8,0.380463,-0.63507
8,1.23393,-0.686512
8,-0.00693013,0.114525
8,0.552968,-0.667764
8,0.0139263,0.166481
8,1.39086,-0.539943
8,1.63029,-0.504889
8,2.00264,0.082995
8,1.98949,-0.0589526
8,1.76113,-0.433815
8,0.0622475,-0.178988
8,0.271274,-0.366852
8,1.84165,-0.364283
8,0.0439625,-0.0757155
8,-0.0124015,-0.0933579
8,1.99631,-0.300897
8,0.791147,-0.804886
8,1.95769,-0.044207
8,1.20182,-0.65756
8,0.537993,-0.589286
8,0.398742,-0.576509
8,1.81916,-0.294138
8,1.94753,0.0395131
8,0.0121834,0.194122
8,1.77039,-0.531315
8,2.08385,0.1716
8,1.91368,-0.0817911
8,1.85727,-0.130904
8,0.809342,-0.799259
8,0.698505,-0.662095
8,1.91644,0.238654
8,-0.075671,0.0752936
8,0.996288,-0.786191
8,0.874892,-0.701614
8,1.97015,-0.291273
8,1.31699,-0.650031
8,2.0178,0.165701
8,1.97258,0.00191488
8,1.96752,-0.239879
8,0.196438,-0.290164
8,0.393688,-0.533093
8,0.424411,-0.640562
8,0.904998,-0.788129
8,1.0703,-0.943688
8,0.0722021,0.174915
8,0.367536,-0.530656
8,0.930274,-0.716218
8,0.474322,-0.608506
8,2.02826,0.140547
8,1.69829,-0.418044
8,0.369005,-0.508051
8,1.90145,0.0812802
8,1.32978,-0.72983
8,1.8808,-0.165081
8,-0.0565481,-0.0188594
8,1.17799,-0.762818
8,0.427858,-0.517246
8,1.85713,-0.407715
8,1.05244,-0.729904
8,0.0936885,-0.30017
8,1.81746,-0.441279
8,0.871502,-0.761976
8,0.479065,-0.787034
8,0.747406,-0.777897
8,1.27727,-0.665804
8,1.94813,0.146344
8,0.190686,-0.389545
8,0.0653691,0.175853
8,1.20383,-0.781999
8,0.258644,-0.388443
8,-0.0199945,0.0869059
8,0.33678,-0.491086
8,1.22665,-0.802971
8,0.307024,-0.588246
8,1.45471,-0.654978
8,2.04274,0.13726
8,0.261602,-0.257743
8,1.86709,-0.00748474
8,1.93254,-0.104654
8,1.68482,-0.476491
8,1.09737,-0.683224
8,0.0587737,0.14908
8,1.37105,-0.718438
8,1.73385,-0.389438
8,1.90362,-0.0856981
8,1.90881,-0.270312
8,0.00852943,0.129557
8,0.128463,-0.170192
8,1.23303,-0.660873
8,1.05874,-0.770068
8,1.30529,-0.756956
8,0.958827,-0.832471
8,1.30331,-0.71831
8,1.70552,-0.440675
8,0.255589,-0.305124
8,1.26158,-0.706158
8,1.24518,-0.785629
8,0.959012,-0.802799
8,0.0843005,0.167079
8,1.5397,-0.487129
8,0.247893,-0.255771
8,0.323827,-0.479112
8,0.171872,-0.364316
8,0.0281586,0.00159294
8,1.78882,-0.374045
8,0.767068,-0.702763
8,1.2084,-0.6788
8,0.0469447,-0.191648
8,0.541593,-0.652689
8,0.841414,-0.737137
8,1.17037,-0.663985
8,0.00500418,-0.177155
8,0.701986,-0.770953
8,0.10377,-0.149131
8,0.143583,-0.20025
8,0.355212,-0.591142
8,1.78192,-0.271123
8,1.1187,-0.846215
8,1.17107,-0.682241
8,0.104441,-0.220361
8,0.546769,-0.627277
8,1.62315,-0.50628
8,1.07246,-0.612171
8,0.323672,-0.396422
8,1.8418,-0.236227
8,0.212704,-0.261125
8,1.24914,-0.734656
8,1.01853,-0.76283
8,-0.00976784,0.0730789
8,1.26564,-0.551993
8,2.0575,0.220843
8,1.82866,-0.386401
8,0.521479,-0.829924
8,1.03681,-0.809295
8,0.209588,-0.306023
8,0.417174,-0.505655
8,0.350214,-0.42294
8,1.95762,-0.0631674
8,1.88322,-0.318517
8,1.77971,-0.129147
8,2.00021,-0.178383
8,2.03135,0.125597
8,0.282887,-0.286209
8,1.41243,-0.645823
8,0.115104,-0.30637
8,0.0272664,0.217091
8,0.630786,-0.744213
8,0.951984,-0.720888
8,0.810758,-0.804151
8,1.96038,-0.286965
8,0.315614,-0.389749
8,1.84241,-0.286185
8,0.940868,-0.750713
8,0.87539,-0.824773
8,0.47645,-0.64908
8,0.82414,-0.653841
8,0.881016,-0.762614
8,1.96544,-0.0139435
8,1.87058,-0.260006
8,0.709483,-0.728923
8,1.61898,-0.633069
8,0.75257,-0.713964
8,0.81769,-0.736339
8,0.300937,-0.572153
8,0.158111,-0.245733
8,1.9947,0.11995
8,0.517161,-0.571484
8,1.35614,-0.672894
8,1.42713,-0.67076
8,1.81368,-0.288969
8,0.0824311,-0.154666
8,1.96508,-0.0608807
8,2.09533,0.187598
8,1.56901,-0.514259
8,0.587685,-0.629385
8,1.64815,-0.508869
8,1.08814,-0.754927
8,-0.100428,0.093637
8,1.55018,-0.560241
8,-0.0114815,-0.0610285
8,0.91295,-0.739296
8,0.982056,-0.804588
8,2.0168,-0.140616
8,1.43799,-0.653049
8,1.80018,-0.377714
8,1.42226,-0.677859
8,0.674013,-0.720163
8,0.122801,-0.138923
8,0.298189,-0.580394
8,1.16132,-0.718554
8,0.501808,-0.608703
8,0.040724,0.0622379
8,0.824554,-0.759084
8,0.217754,-0.444584
8,1.636,-0.528331
8,0.0822602,-0.229385
8,1.53313,-0.694215
8,0.34753,-0.58704
8,1.72527,-0.575429
8,-0.0683113,0.144829
8,0.310326,-0.403202
8,0.110144,-0.182364
8,1.03521,-0.709047
8,0.532658,-0.703278
8,1.86368,-0.198857
8,0.581256,-0.566348
8,0.00525516,-0.0840547
8,0.43656,-0.637221
8,0.526678,-0.574526
8,0.925351,-0.682819
8,0.987029,-0.664959
8,0.89905,-0.771229
8,2.02105,0.0919611
8,1.61908,-0.572882
8,-0.0135021,0.152554
8,1.42113,-0.60882
8,0.97766,-0.733823
8,0.841844,-0.73341
8,0.43003,-0.579938
8,1.30539,-0.616488
8,1.64149,-0.339536
8,1.17481,-0.629798
8,-0.0122013,0.0400491
8,0.191483,-0.25199
8,0.108585,-0.0561492
8,1.10299,-0.860269
8,1.9756,0.0748259
8,1.10862,-0.83597
8,0.306608,-0.314145
8,-0.0179428,0.269797
8,0.605151,-0.631884
8,0.113482,-0.0552099
8,1.84271,-0.108583
8,-0.00826005,-0.277973
8,1.42066,-0.643721
8,0.876735,-0.768201
8,1.45773,-0.703117
8,0.641908,-0.791711
8,1.68267,-0.548688
8,0.0721535,0.0933289
8,0.0305264,0.0975493
8,1.07801,-0.638293
8,0.0631791,0.111433
8,0.0785879,-0.237191
8,0.243529,-0.485868
8,0.637092,-0.592011
8,0.047285,0.114006
8,2.02072,0.109908
8,1.84461,-0.35117
8,0.425948,-0.600635
8,0.93295,-0.663569
8,-0.0574349,-0.0467826
8,1.99064,0.178892
8,1.95589,0.215257
8,1.0258,-0.675446
8,2.00274,-0.154678
8,1.3107,-0.811919
8,1.01333,-0.647786
8,1.85422,-0.370753
8,1.80468,-0.32054
8,1.86794,-0.23411
8,1.07611,-0.728059
8,2.06736,0.118913
8,-0.0664259,0.267532
8,1.64586,-0.518322
8,1.93121,0.0117885
8,1.79275,-0.350123
8,0.300983,-0.536193
8,0.252131,-0.336538
8,0.342232,-0.531536
8,0.447905,-0.499029
8,0.0750617,-0.13659
8,1.72259,-0.405891
8,0.524125,-0.648723
8,0.333699,-0.358324
8,0.0873597,0.0280736
8,1.81136,-0.26702
8,2.01428,0.170395
8,1.00678,-0.795968
8,1.77558,-0.268407
8,1.68112,-0.376841
8,0.769392,-0.706065
8,1.87882,-0.260579
8,1.99451,0.0654283
8,1.78471,-0.242954
8,1.09277,-0.69769
8,0.470308,-0.535689
8,0.365465,-0.579254
8,1.99421,-0.279139
8,0.062557,-0.172028
8,0.260377,-0.247422
8,0.480496,-0.809906
8,1.57761,-0.521293
8,1.63131,-0.439493
8,1.48094,-0.638397
8,1.68539,-0.56872
8,0.0636646,0.110905
8,1.94523,0.085859
8,1.01719,-0.684749
8,1.74221,-0.485471
8,1.64442,-0.595237
8,0.0353474,0.169656
8,1.96137,-0.0174275
8,1.34726,-0.621879
8,0.106305,-0.256204
8,0.939489,-0.759648
8,2.0154,0.0167305
8,1.75669,-0.523921
8,0.834917,-0.643427
8,1.03704,-0.821832
8,0.0199629,0.208354
8,1.96853,-0.164748
8,0.549083,-0.697522
8,-0.0389952,0.115565
8,0.397883,-0.492335
8,0.463357,-0.655095
8,0.966012,-0.724439
8,1.94926,-0.115856
8,2.06606,0.0984012
8,-0.0104342,0.212721
8,0.970027,-0.75877
8,-0.066115,0.0769497
8,1.66072,-0.532878
8,0.43383,-0.594469
8,0.00912759,0.189642
8,1.1227,-0.780361
8,1.93414,0.0605928
8,-0.0304719,0.397503
8,2.05252,0.0391257
8,0.273201,-0.554213
8,1.98898,0.277106
8,1.66425,-0.481227
8,1.81564,-0.172489
8,1.82653,-0.318907
8,0.0528882,-0.148113
8,1.87887,-0.235955
8,0.0498297,0.187092
8,1.50394,-0.646653
8,0.579827,-0.584519
8,1.58765,-0.545556
8,-0.0139272,-0.0754457
8,0.443516,-0.588016
8,0.691912,-0.813448
8,-0.0333368,0.058493
8,1.65146,-0.480865
8,0.36415,-0.633127
8,1.3071,-0.62619
8,1.98845,-0.190301
8,0.135532,-0.376834
8,0.633872,-0.540593
8,0.207613,-0.407787
8,1.8162,-0.177499
8,1.76347,-0.426963
8,2.00743,0.215138
8,0.0591219,0.0109214
8,1.52291,-0.689329
8,1.94672,-0.0195687
8,1.73657,-0.395378
8,1.45979,-0.700879
8,0.937026,-0.817737
8,1.53848,-0.618253
8,1.66746,-0.481527
8,0.176138,-0.31795
8,0.279194,-0.195478
8,0.5456,-0.701039
8,0.89506,-0.80995
8,0.516768,-0.674026
8,1.45325,-0.630908
8,1.186,-0.650641
8,0.12378,0.0251849
8,1.92921,0.0292675
8,1.77827,-0.31693
8,1.80273,-0.477097
8,1.97255,-0.118964
8,1.79623,-0.365638
8,0.0368701,0.030268
8,0.0465384,-0.116956
8,0.0947337,-0.183652
8,0.787489,-0.672829
8,1.86813,-0.0996431
8,1.90687,-0.214208
8,1.65637,-0.389473
8,2.05083,0.24206
8,2.00093,0.0439546
8,2.08732,-0.180069
8,0.00415062,0.0976956
8,-0.120985,0.185028
8,0.618295,-0.671891
8,-0.0404654,0.0145965
8,0.734131,-0.768908
8,0.138769,-0.280659
8,0.210033,-0.372143
8,1.50702,-0.522598
8,0.596044,-0.69124
8,0.138121,-0.265383
8,0.157568,-0.251943
8,0.011642,0.112545
8,0.22322,-0.32286
8,1.9095,-0.0451318
8,1.67522,-0.589922
8,1.63256,-0.462875
8,1.10437,-0.712122
8,1.95458,-0.0465844
8,1.72562,-0.393185
8,1.79623,-0.352229
8,1.73151,-0.513078
8,1.1981,-0.554364
8,0.641873,-0.623018
8,1.15218,-0.760979
8,0.749674,-0.754707
8,1.94801,-0.130595
8,2.02347,0.299282
8,0.341645,-0.482729
8,1.83569,-0.177145
8,0.975425,-0.809416
8,1.61919,-0.577746
8,1.73163,-0.577704
8,1.52263,-0.594776
8,0.159613,-0.270343
8,0.537608,-0.689525
8,1.90772,-0.161741
8,0.54809,-0.610887
8,-0.0379331,0.129949
8,0.0426693,0.050275
8,1.74285,-0.20066
8,0.146631,-0.322249
8,1.73038,-0.336092
8,1.63751,-0.643504
8,1.70298,-0.503149
8,1.78642,-0.426786
8,1.50757,-0.589601
8,0.427537,-0.444434
8,1.96375,-0.107249
8,0.122417,-0.23454
8,2.00478,-0.222418
8,1.28818,-0.722951
8,0.222108,-0.338679
8,0.0599703,-0.203287
8,1.91138,-0.163807
8,0.0278385,0.0731818
8,1.38082,-0.67324
8,2.10154,0.283105
8,0.201801,-0.574325
8,-0.0554198,0.0655039
8,1.43577,-0.622434
8,0.125464,-0.216363
8,1.86477,-0.292625
8,2.08032,0.122115
8,0.821168,-0.743251
8,0.425353,-0.555186
8,1.72698,-0.29806
8,1.74402,-0.427885
8,0.00644109,-0.0613092
8,0.0993247,-0.318083
8,2.0175,-0.10759
8,1.11951,-0.618353
8,2.04075,0.236776
8,1.45833,-0.688293
8,0.81473,-0.794117
8,0.0981918,-0.173262
8,0.627917,-0.571003
8,0.0477304,-0.0160883
8,0.30702,-0.487579
8,0.172482,-0.389687
8,2.02929,0.264388
8,0.102221,-0.125047
8,0.949739,-0.869284
8,0.0800858,-0.171475
8,0.386967,-0.491279
8,1.44317,-0.670786
8,1.92686,0.0188616
8,0.288485,-0.358086
8,1.93962,0.0961845
8,1.35915,-0.739844
8,0.440943,-0.534188
8,0.0925304,-0.257483
8,2.01053,0.165817
8,0.0675382,-0.0806942
8,1.89237,-0.0426093
8,1.95948,-0.0235908
8,0.771042,-0.800777
8,1.22936,-0.692494
8,0.180256,-0.239006
8,1.37618,-0.647876
8,0.873554,-0.743836
8,1.43318,-0.711619
8,0.447404,-0.646663
8,1.18935,-0.686263
8,0.097715,-0.156656
8,1.91766,-0.133149
8,1.85605,-0.36402
8,1.89689,-0.220751
8,-0.0484343,-0.0710425
8,0.132311,0.00769612
8,1.74791,-0.342404
8,0.251937,-0.392569
8,0.17899,-0.271611
8,0.518395,-0.687965
8,1.87091,-0.0837794
8,1.87996,-0.24161
8,-0.0109374,-0.0518712
8,1.58229,-0.555598
8,0.16522,-0.331918
8,0.569881,-0.593859
8,1.98256,0.0392177
8,1.59081,-0.471659
8,0.203544,-0.320281
8,0.321467,-0.445409
8,1.27806,-0.616068
8,1.64561,-0.551823
8,0.0138763,-0.139923
8,0.0774814,-0.242483
8,0.0227752,0.0798297
8,0.361396,-0.472902
8,0.851268,-0.883547
8,1.54115,-0.666756
8,0.115367,-0.0761687
8,1.67416,-0.579382
8,-0.0111111,0.170428
8,1.64117,-0.473192
8,-0.117789,-0.0676005
8,-0.0977559,0.153488
8,0.904776,-0.602958
8,1.93941,-0.0054157
8,1.80233,-0.318026
8,-0.107433,0.23569
8,1.87492,-0.215272
8,1.74872,-0.35166
8,1.31944,-0.684128
8,0.152986,-0.248543
8,0.665614,-0.774229
8,1.20427,-0.761444
8,0.970272,-0.741968
8,0.0262088,0.154416
8,0.116833,-0.193293
8,2.06516,0.135404
8,-0.00256784,0.0380376
8,0.392697,-0.623451
8,1.18705,-0.801346
8,0.658674,-0.672988
8,0.391325,-0.621092
8,1.49905,-0.729587
8,0.82647,-0.730346
8,0.257289,-0.42793
8,1.68143,-0.466316
8,0.125413,-0.191251
8,0.930824,-0.8007
8,0.0289612,0.0569964
8,0.684405,-0.680709
8,1.83981,-0.181509
8,0.683871,-0.650593
8,0.327241,-0.515781
8,0.00321825,0.0956719
8,0.197466,-0.309951
8,0.495657,-0.530921
8,1.19474,-0.8674
8,0.725645,-0.695593
8,1.36527,-0.693173
8,-0.00356839,0.109596
8,0.936541,-0.802239
8,0.0410776,-0.106419
8,1.98474,-0.0987826
8,2.01293,-0.144985
8,0.4043,-0.609637
8,1.88211,-0.223431
8,-0.0309192,0.0421481
8,1.26349,-0.854677
8,0.478528,-0.579426
8,1.79487,-0.236446
8,0.104363,-0.175169
8,0.586195,-0.70917
8,1.3626,-0.614213
8,2.05737,-0.151702
8,1.23284,-0.80573
8,1.74718,-0.429316
8,1.92411,0.0526088
8,0.980079,-0.698429
8,1.41784,-0.68403
8,2.01797,0.0612525
8,1.58335,-0.561914
8,0.453029,-0.499432
8,2.03722,0.258292
8,0.652563,-0.660894
8,0.055857,0.0194736
8,0.115867,-0.214911
8,1.52718,-0.584152
8,0.262795,-0.334041
8,-0.0599744,0.17407
8,0.191809,-0.363378
8,1.1815,-0.761813
8,1.6586,-0.641381
8,2.05902,0.249071
8,1.49508,-0.701112
8,0.162447,-0.178147
8,1.56321,-0.707099
8,-0.174813,0.16766
8,0.665859,-0.661846
8,1.99606,-0.026429
8,0.0348038,0.0508442
8,0.360029,-0.560087
8,1.07451,-0.813748
8,1.98036,-0.143798
8,2.01091,0.0368234
8,1.49063,-0.63278
8,0.234297,-0.267953
8,0.255514,-0.396283
8,1.26462,-0.748017
8,1.62428,-0.559986
8,0.225162,-0.253366
8,0.0773223,-0.0281047
8,1.06052,-0.786798
8,1.499,-0.587293
8,1.96792,-0.0421599
8,0.84208,-0.757618
8,0.126709,-0.206968
8,1.54896,-0.612831
8,1.35649,-0.645705
8,0.531822,-0.551757
8,0.0247213,-0.104911
8,2.01606,0.0917996
8,0.829398,-0.759831
8,0.557622,-0.706086
8,1.04241,-0.814433
8,1.1267,-0.721265
8,1.15481,-0.622289
8,1.43515,-0.695845
8,0.518432,-0.670124
8,-0.0223044,-0.174809
8,0.256018,-0.263337
8,1.67763,-0.404967
8,0.133121,-0.144293
8,0.618474,-0.644291
8,-0.0423643,0.198896
8,1.83421,-0.290787
8,-0.0555475,0.167969
8,1.07972,-0.684613
8,1.92963,0.000193134
8,2.02687,-0.13354
8,0.106444,-0.12682
8,0.103836,-0.119046
8,0.611487,-0.582276
8,0.0192801,0.0113805
8,0.7846,-0.700341
8,0.258065,-0.531212
8,0.123203,-0.139273
8,-0.0105837,-0.102786
8,0.170969,-0.147475
8,2.09105,0.283736
8,1.96806,0.0601546
8,1.30244,-0.799235
8,1.10461,-0.726319
8,0.422845,-0.617631
8,0.416567,-0.565273
8,1.89836,-0.146821
8,0.301144,-0.505994
8,0.197268,-0.342109
8,1.86479,-0.503934
8,0.90494,-0.782645
8,1.90521,-0.016027
8,0.308346,-0.589501
8,1.97252,-0.178397
8,0.0142863,-0.0667477
8,0.146655,-0.132591
8,1.97531,0.249956
8,0.632314,-0.719184
8,0.209531,-0.498606
8,1.89208,0.165337
8,-0.0362783,-0.144562
8,-0.0203313,0.0548272
8,0.0571592,-0.145557
8,0.034333,0.189089
8,1.30201,-0.669003
8,0.830883,-0.786315
9,0.681111,0.912586
9,-1.00444,0.100343
9,-0.900492,0.37559
9,0.349587,0.91247
9,0.993953,0.0379217
9,0.906225,0.442826
9,-0.523714,0.69891
9,0.373195,1.03533
9,0.99225,0.174749
9,-0.714049,0.591507
9,0.505868,0.91957
9,0.0740031,1.0108
9,0.991371,0.253818
9,0.802922,0.517169
9,-0.213731,0.953956
9,-0.667615,0.764639
9,0.566167,0.703643
9,-0.65094,0.746792
9,-1.1066,0.185591
9,0.524399,0.841494
9,0.928176,0.315559
9,-0.706716,0.789667
9,0.86138,0.423592
9,-0.367743,0.908712
9,0.847896,0.380739
9,-0.831566,0.487331
9,0.617608,0.736645
9,0.711886,0.594812
9,-0.58919,0.814812
9,0.499347,0.756185
9,-1.01491,0.112699
9,0.59061,0.854933
9,0.38344,1.00252
9,0.217079,0.93326
9,0.573293,0.827795
9,-0.915082,0.376491
9,-0.190589,0.952262
9,-0.765156,0.51821
9,-0.881006,0.291541
9,1.06043,0.321143
9,0.527186,0.767797
9,-0.710476,0.615352
9,0.347729,0.941829
9,0.342269,1.00853
9,0.651054,0.719519
9,-0.945894,0.45724
9,-0.893372,0.602372
9,0.0180473,1.01481
9,-0.0067097,1.04807
9,0.789905,0.565989
9,-1.03069,0.442114
9,-0.803208,0.445738
9,-0.298515,1.11629
9,0.417926,0.868129
9,-0.436825,0.902112
9,-0.707779,0.691696
9,-0.893782,0.315129
9,-0.56476,0.734707
9,0.847076,0.577888
9,-0.258402,0.968202
9,-0.592234,0.753103
9,-0.24229,0.848096
9,-0.143417,0.9601
9,0.629111,0.681163
9,-0.904001,0.306834
9,0.306939,1.04213
9,0.189125,1.03161
9,0.338558,1.0681
9,-0.734397,0.59475
9,-0.36296,0.963242
9,-1.0664,0.243021
9,-0.987596,0.0147392
9,0.685873,0.765655
9,0.251309,0.921167
9,0.885719,0.327024
9,0.772217,0.620797
9,-0.32875,0.808989
9,0.978521,0.285434
9,-0.0867461,1.01538
9,-0.456039,0.893105
9,-0.860142,0.279512
9,-0.900239,0.535144
9,0.479445,0.902665
9,0.663457,0.779948
9,0.182403,0.994869
9,-0.710297,0.703125
9,-0.672803,0.672016
9,-0.0231372,1.02633
9,1.05476,-0.0315916
9,-0.330374,0.933959
9,0.516995,0.885745
9,0.49958,0.773158
9,-0.784188,0.567719
9,-0.000239116,1.00307
9,-0.41867,0.843472
9,1.03606,0.121684
9,-0.429063,0.991677
9,-0.621153,0.816512
9,-0.652668,0.717383
9,-0.110697,1.06595
9,0.592046,0.816688
9,0.872411,0.640362
9,-0.917685,0.278694
9,-1.03884,0.138215
9,-0.876367,0.629283
9,0.464873,0.834046
9,0.973458,0.234054
9,1.03222,0.0482091
9,0.391356,0.868567
9,0.920752,0.408863
9,0.845856,0.579647
9,0.729956,0.701699
9,-0.933508,0.394795
9,-0.849364,0.419984
9,-1.00412,0.0550892
9,0.232826,1.00302
9,0.522433,0.812688
9,-0.97824,0.325677
9,0.00319627,1.01193
9,0.102089,0.928725
9,0.714256,0.697713
9,0.411589,0.8225
9,0.209334,0.819211
9,-0.409333,0.939056
9,-0.804199,0.676427
9,0.881709,0.329906
9,0.987524,0.308329
9,0.146419,1.01382
9,-0.592838,0.824048
9,-0.977024,0.16933
9,-0.9497,0.285844
9,0.600124,0.731484
9,-0.645367,0.64379
9,0.783921,0.495787
9,0.147396,0.963101
9,1.02381,0.0119542
9,0.383443,0.957731
9,-0.158156,0.954066
9,-0.915288,0.340938
9,0.52456,0.939504
9,0.511975,0.828196
9,-0.091559,0.966845
9,-0.272048,0.912759
9,-0.774217,0.615655
9,-0.41801,0.971805
9,0.544364,0.847637
9,-1.0338,0.222021
9,-0.471561,0.905857
9,-0.728581,0.698411
9,0.53077,0.832784
9,0.988733,0.268989
9,1.01728,0.0516501
9,-0.114763,0.922079
9,0.938338,0.47466
9,-0.891938,0.466864
9,-0.158447,0.970279
9,-0.780516,0.537114
9,0.0635413,0.994153
9,0.824157,0.506079
9,0.946616,0.102654
9,-0.123934,0.919618
9,0.183354,0.972443
9,-0.759494,0.431814
9,0.879055,0.107556
9,0.915698,0.661229
9,0.0378023,0.993571
9,-0.786931,0.619902
9,1.03221,0.140122
9,-0.94908,0.0625536
9,0.814334,0.437797
9,0.0278995,0.950679
9,-1.01278,0.325734
9,0.979255,-0.0193016
9,0.830339,0.229396
9,-0.0657414,0.972078
9,0.0869084,1.20164
9,0.718971,0.709508
9,1.02446,0.110388
9,-0.97828,0.596383
9,0.755773,0.56678
9,0.0489991,0.957358
9,-0.558861,0.674184
9,-0.365157,0.864014
9,-0.606793,0.842044
9,-0.916357,0.309376
9,-1.04869,0.180677
9,-0.7749,0.863337
9,-0.891389,0.510497
9,0.402163,0.969312
9,-0.944905,0.117834
9,0.579552,0.824885
9,-0.784866,0.769438
9,0.949319,0.440641
9,0.438367,0.896762
9,0.857174,0.406416
9,0.830903,0.618072
9,-1.02548,0.139482
9,-0.636167,0.62428
9,0.653809,0.824061
9,0.793917,0.607403
9,0.242284,0.923501
9,-0.94169,0.411298
9,-0.694097,0.679962
9,-0.373483,0.92465
9,-1.06579,0.244396
9,-0.398877,0.950599
9,-1.02609,0.204633
9,0.27555,0.91296
9,0.395766,0.921722
9,-0.145874,0.981879
9,-0.621524,0.849255
9,0.0642429,0.939053
9,0.615849,0.835251
9,-0.712982,0.57598
9,0.806793,0.558686
9,0.876247,0.264195
9,0.905358,0.537463
9,-0.319894,0.995282
9,-0.327543,1.05272
9,-0.0882661,1.09548
9,0.823121,0.627017
9,0.276476,0.9784
9,0.768365,0.566145
9,-0.954321,0.257533
9,-1.01525,0.0155476
9,0.538068,0.756557
9,0.518951,0.870881
9,-0.96697,0.209784
9,0.77843,0.710706
9,0.860893,0.321492
9,-0.503847,0.77639
9,-0.390282,0.938881
9,0.903859,0.531292
9,0.90319,0.454705
9,0.720989,0.605084
9,-1.01856,0.383946
9,0.931092,0.435882
9,-0.509183,0.826862
9,-0.854215,0.416002
9,-0.570077,0.733325
9,-0.702493,0.708132
9,-0.999552,0.560357
9,-0.953808,0.19261
9,-0.0552541,0.962366
9,0.921446,0.160142
9,0.0502946,0.949866
9,0.982941,0.438728
9,1.00522,0.157462
9,0.00203833,1.0636
9,-0.936103,0.268744
9,0.40932,1.05994
9,0.281343,1.00749
9,1.04567,-0.0335241
9,0.335023,0.952727
9,-0.494331,0.935788
9,-0.959366,0.404208
9,0.968443,0.363039
9,-0.892045,0.396464
9,-0.308841,0.870516
9,-1.0909,0.0107048
9,0.940244,0.072671
9,-0.649269,0.645106
9,-0.153146,1.01883
9,0.930926,0.490072
9,0.103451,0.977149
9,-0.132986,0.951919
9,1.04983,0.0794877
9,-0.882721,0.621742
9,0.9644,0.0649044
9,-0.913336,0.326428
9,0.724057,0.871027
9,-0.879557,0.709233
9,-0.51071,0.731073
9,0.737278,0.636908
9,0.0637972,0.957608
9,0.956346,0.490176
9,0.488454,0.825535
9,0.40189,0.917626
9,-0.529271,0.923262
9,0.9096,0.479569
9,-0.539416,0.759329
9,0.590606,0.780305
9,0.23752,0.998283
9,-0.630013,0.70632
9,0.865245,0.397897
9,-0.729331,0.665542
9,-0.674512,0.504433
9,0.455888,0.881614
9,0.852007,0.362485
9,-0.384676,0.888494
9,0.0652671,1.06013
9,0.973661,0.133493
9,-0.328503,0.993224
9,0.927578,0.334065
9,0.613869,0.598118
9,-0.023389,1.05822
9,-0.54085,0.745823
9,-1.03382,0.050264
9,-0.869687,0.209853
9,-0.369126,0.885035
9,-0.990701,0.0644765
9,-0.72955,0.795442
9,-1.14548,0.131751
9,0.682408,0.820582
9,0.870646,0.485733
9,0.567695,0.885453
9,-0.933769,0.317186
9,0.549701,0.838964
9,0.70412,0.66147
9,0.46036,0.873514
9,-0.240635,0.988864
9,1.02437,0.317906
9,0.939434,0.182855
9,0.791453,0.58956
9,0.825835,0.642163
9,0.948242,0.0712478
9,0.687915,0.630558
9,-1.1259,0.253846
9,-0.840238,0.461021
9,-0.754167,0.741395
9,0.757498,0.734508
9,-0.879671,0.358619
9,0.950942,0.466557
9,0.335359,0.898623
9,1.01525,0.475171
9,0.364679,0.897691
9,1.04653,0.180284
9,-0.443259,0.740664
9,-0.486144,0.856645
9,0.936641,0.25142
9,-0.577053,0.830325
9,-0.564843,0.860568
9,-0.928815,0.214132
9,0.934843,0.423935
9,-0.829161,0.540816
9,0.784127,0.536702
9,0.300349,0.885614
9,-0.995997,0.0810806
9,0.950033,0.0174494
9,0.360946,0.900497
9,0.975949,0.169407
9,0.823248,0.636577
9,0.999223,0.318079
9,0.745839,0.682903
9,0.970743,0.376899
9,0.905847,0.178393
9,-0.189724,1.00632
9,-0.0902212,0.981195
9,-1.0445,0.0996042
9,0.571569,0.734203
9,-0.54658,0.845017
9,-0.831278,0.3606
9,-0.350192,0.904953
9,-0.89399,0.452165
9,-0.106088,0.929406
9,-0.527868,0.856667
9,0.369235,0.912372
9,0.856314,0.314461
9,0.322192,1.05306
9,-0.0785535,1.0353
9,-0.412648,0.899123
9,0.0377285,1.05699
9,0.702177,0.585066
9,0.772775,0.751256
9,0.62214,0.685586
9,0.865086,0.643551
9,0.287709,1.10644
9,-0.848657,0.402981
9,0.87368,0.496983
9,-0.574522,0.638968
9,0.0941783,0.892962
9,0.02528,1.0034
9,-0.628714,0.717691
9,-0.691423,0.636273
9,-0.577833,0.854814
9,-0.188923,0.936749
9,-0.362647,0.908008
9,0.997625,0.329612
9,0.745503,0.621391
9,-0.644522,0.786802
9,0.886637,0.582533
9,0.961446,0.300905
9,0.455075,0.911569
9,0.623577,0.848677
9,0.577533,0.656641
9,0.206516,0.96419
9,0.900248,0.640658
9,-0.0467011,1.12646
9,0.810257,0.633747
9,1.11967,0.205829
9,0.325228,0.950106
9,-0.687078,0.729348
9,-0.789351,0.614043
9,0.328695,0.893404
9,1.02907,0.0994324
9,1.01601,0.0651637
9,-0.456389,0.936399
9,-0.231524,0.912917
9,-0.958528,0.0914015
9,-0.177294,0.994853
9,0.380417,0.858994
9,0.932299,0.295499
9,0.505027,0.844905
9,0.190292,1.01921
9,-1.07725,0.176828
9,0.830196,0.599981
9,-0.98789,0.298981
9,0.896513,0.512526
9,-0.278239,0.989044
9,0.921936,0.456078
9,0.862515,0.50971
9,0.771171,0.664896
9,-0.107801,1.03281
9,0.689569,0.725535
9,-0.822009,0.694521
9,0.968791,0.177142
9,0.953558,0.431804
9,-1.06181,0.37085
9,0.122443,0.963568
9,0.10588,0.930607
9,-0.691359,0.700381
9,-1.06236,0.047843
9,-0.791583,0.641082
9,1.00075,0.279475
9,0.0725225,1.0871
9,-1.01042,0.471994
9,0.599413,0.735968
9,1.01568,0.196293
9,-0.422409,0.93881
9,-0.730811,0.61937
9,0.762589,0.627377
9,-0.353118,0.875416
9,-0.996666,0.148082
9,-0.591914,0.894023
9,-0.751172,0.751448
9,-0.172804,1.02559
9,-0.133463,0.940893
9,-0.522763,0.830314
9,0.734175,0.563786
9,0.789149,0.65698
9,-0.999333,0.218639
9,-0.958947,0.364135
9,-0.497742,0.866224
9,-0.360966,1.04096
9,0.365692,0.992305
9,0.251059,0.942602
9,0.916969,0.198775
9,0.468429,1.02803
9,0.942108,0.442386
9,-0.559229,0.79169
9,0.00427345,0.976369
9,0.933191,0.585259
9,0.986491,0.112899
9,0.47649,0.867035
9,0.947043,0.010938
9,-0.989064,0.217742
9,0.692502,0.732043
9,-0.716756,0.692634
9,-0.24075,0.980312
9,0.629048,0.821677
9,0.997873,0.126031
9,-0.146724,0.936043
9,-0.570935,0.916656
9,-0.614541,0.795327
9,-1.03808,0.144772
9,0.955867,0.187911
9,0.789547,0.38294
9,-0.519775,0.784011
9,-0.938794,0.24803
9,-0.434549,0.923733
9,0.59269,0.882651
9,0.430914,0.886801
9,0.239386,0.874481
9,-0.708964,0.72373
9,-0.0730114,0.947412
9,0.309424,0.953806
9,-1.04352,-0.0172474
9,-0.491837,0.83972
9,0.705566,0.545774
9,0.0861932,0.909317
9,-1.10138,0.170681
9,0.503916,0.857919
9,0.243003,1.04433
9,0.326857,0.975797
9,0.89527,0.399732
9,-0.949332,0.238427
9,1.01001,0.165641
9,0.251552,0.926969
9,-0.000985639,0.986821
9,0.978565,0.337277
9,0.434997,0.876316
9,-0.195361,0.934122
9,0.935878,0.355188
9,0.776818,0.43046
9,-0.911095,0.48322
9,-0.30768,0.939942
9,0.745053,0.619834
9,-0.436887,0.952445
9,0.694007,0.775099
9,-0.519579,0.809594
9,-0.335538,0.874515
9,-0.39092,0.863578
9,-0.710827,0.587173
9,0.277913,0.855258
9,-0.823012,0.414904
9,-1.01588,-0.000718913
9,-0.725737,0.680056
9,0.90066,0.267919
9,0.34302,0.982502
9,1.06014,0.213342
9,-0.525159,0.773987
9,0.88338,0.265644
9,0.879263,0.163665
9,0.260828,1.00983
9,-0.843712,0.528442
9,-0.81239,0.596461
9,0.981341,0.182569
9,-0.418181,0.909837
9,-0.6985,0.647026
9,-0.560772,0.917408
9,0.959936,0.333353
9,-0.467418,0.777075
9,0.81633,0.643135
9,0.972713,0.106833
9,-0.526037,0.765755
9,0.275566,0.982975
9,-0.272844,1.01976
9,0.795176,0.487035
9,0.926444,0.36922
9,-0.662265,0.535843
9,0.368557,0.958236
9,0.201519,1.03734
9,0.612468,0.64743
9,-0.0671431,1.02245
9,-1.02268,0.0717847
9,0.99994,0.330607
9,0.449548,0.871658
9,1.02457,0.127499
9,-0.257943,0.893644
9,-0.0277142,0.927713
9,0.783494,0.60088
9,0.53236,0.904859
9,-0.711344,0.716332
9,-0.999827,0.106845
9,0.925235,0.313846
9,0.696317,0.640277
9,-0.969431,0.316651
9,-1.00415,-0.0462916
9,0.212751,0.873081
9,0.438283,0.897921
9,-0.817649,0.555786
9,1.05016,0.119459
9,0.410012,0.914193
9,0.259146,0.986799
9,0.558912,0.94038
9,0.951615,0.17126
9,0.826625,0.572317
9,0.753585,0.700313
9,-0.126457,1.11274
9,-0.882031,0.480502
9,0.836888,0.460413
9,0.967367,0.230819
9,0.922755,0.33409
9,0.684927,0.719555
9,-0.932576,0.0566334
9,-1.04944,0.258966
9,0.798095,0.568433
9,0.0384273,0.922562
9,-1.01688,0.00866869
9,-0.336187,0.982509
9,-0.472818,0.774431
9,-0.308914,0.898276
9,-0.659591,0.731601
9,0.0853131,0.984318
9,0.527253,0.70177
9,-0.342148,0.9672
9,-0.969626,0.0872039
9,0.405,0.854079
9,-0.419518,0.911195
9,0.988997,0.434759
9,-0.989041,0.118143
9,0.165629,1.01445
9,0.0659947,0.963856
9,0.212008,0.918611
9,0.159151,0.9463
9,0.723983,0.925511
9,-0.996549,0.0943079
9,0.129047,0.888354
9,-0.948487,0.290173
9,-0.390088,0.94113
9,0.632713,0.6468
9,0.414837,0.914448
9,0.817772,0.653945
9,0.93191,0.156461
9,0.0847274,0.908266
9,-0.627911,0.683288
9,-0.645642,0.839808
9,-0.433261,0.963378
9,-0.596722,0.758783
9,0.769948,0.348325
9,0.782972,0.709147
9,0.108803,1.03326
9,0.8105,0.564476
9,0.866593,0.405041
9,1.05804,0.239891
9,-0.801332,0.568332
9,-0.860797,0.576411
9,0.113908,1.03421
9,0.965284,0.0782019
9,-0.386614,0.839783
9,0.594692,0.733901
9,0.89897,0.0440255
9,0.356613,0.894614
9,-0.0243377,1.03732
9,-0.233005,0.87416
9,0.866227,0.549996
9,-0.870184,0.727482
9,-0.602749,0.831657
9,-0.920485,0.399797
9,0.637931,0.840089
9,0.462946,0.909856
9,0.946102,0.286104
9,-1.03229,-0.029441
9,0.767438,0.637938
9,0.661802,0.597543
9,0.581045,0.861074
9,0.965503,0.353087
9,0.0420654,0.957587
9,-0.353972,0.992235
9,0.0233928,0.949265
9,-0.54806,0.81523
9,0.801845,0.718621
9,-0.137072,1.07272
9,-0.844892,0.514872
9,-0.290761,1.02631
9,0.626977,0.865625
9,0.052343,1.02853
9,0.400886,0.782793
9,0.745497,0.638298
9,-0.574359,0.865102
9,-0.613043,0.820495
9,-0.865548,0.0615632
9,-0.134957,0.948227
9,0.996064,0.012509
9,-0.943137,0.115083
9,0.891988,0.286572
9,-0.963684,0.394004
9,-1.02491,-0.10464
9,-0.0719733,1.02023
9,-0.933214,0.159705
9,-0.976324,0.315641
9,-0.708876,0.838177
9,-0.853063,0.351045
9,0.901432,0.512218
9,0.691162,0.896539
9,0.997743,0.0324966
9,0.572673,0.818978
9,0.0340706,1.05628
9,-0.334712,0.884624
9,0.178767,0.990632
9,-0.970689,0.34249
9,-0.425384,1.00603
9,0.92847,0.531667
9,-0.159082,0.930909
9,-0.725623,0.551582
9,-0.352881,1.06778
9,0.576789,0.92072
9,0.961367,0.343188
9,-0.807412,0.542929
9,0.742312,0.740807
9,-0.881756,0.493837
9,0.551775,0.783621
9,-0.0221339,0.891364
9,-0.71827,0.653575
9,-0.902486,0.610845
9,-0.956953,0.48997
9,0.948676,0.296505
9,1.01561,0.213398
9,-0.887549,0.196386
9,0.855536,0.507768
9,-0.592081,0.698217
9,0.223104,1.04793
9,-0.677957,0.665225
9,-1.00774,0.113467
9,0.454239,0.759163
9,0.908092,0.0775054
9,0.131191,0.914104
9,0.106983,1.05894
9,1.04099,0.322883
9,-1.01973,0.282706
9,-0.204696,1.0476
9,0.935133,0.404053
9,-1.04806,0.229392
9,-0.487226,0.839656
9,0.19312,0.839662
9,-1.07459,0.056377
9,0.962683,0.0481776
9,0.90338,0.447962
9,-0.805429,0.686006
9,0.958593,0.399908
9,-0.442044,0.85976
9,-0.366532,1.00651
9,0.803085,0.525176
9,-0.90585,0.124031
9,-0.543242,0.824488
9,0.405158,1.02254
9,-0.505544,0.732511
9,-0.492321,0.937189
9,0.504794,0.920116
9,0.307676,0.965723
9,0.238305,0.954242
9,-0.0975801,0.993028
9,0.828549,0.440446
9,0.0151021,0.96566
9,-0.954319,0.132711
9,1.00393,0.275366
9,0.948596,0.274973
9,0.783785,0.504291
9,-0.113971,0.924919
9,-0.661687,0.862968
9,-1.01545,0.37557
9,-0.315776,0.82994
9,-0.786928,0.589402
9,-0.894703,0.617492
9,0.917527,0.30025
9,-0.242396,0.978446
9,0.354873,0.97564
9,0.90592,0.295608
9,-0.547287,0.901385
9,0.318415,0.977698
9,0.938455,0.235697
9,0.954159,0.388067
9,-1.06685,0.123694
9,0.941352,0.0719729
9,0.208552,1.07669
9,0.740545,0.647204
9,0.264932,0.981828
9,0.124899,0.94595
9,1.02302,0.450006
9,-0.904917,0.120096
9,-1.04525,0.00762986
9,-1.07085,0.356564
9,-0.786721,0.690946
9,0.266361,0.955215
9,0.52076,0.944882
9,-0.058935,0.891409
9,0.948817,0.403533
9,0.316409,0.99612
9,0.943515,0.0788487
9,0.0892948,1.01234
9,0.279823,-0.622262
9,1.62129,-0.568375
9,0.211243,-0.458144
9,0.202455,-0.42248
9,1.42124,-0.798128
9,1.76913,-0.444821
9,0.0986722,-0.187593
9,1.81235,-0.445162
9,0.761091,-0.913526
9,0.0849633,-0.356216
9,0.127844,-0.280157
9,1.2244,-0.830225
9,1.49907,-0.783971
9,1.95773,0.0990478
9,1.35884,-0.73402
9,0.0628261,-0.186985
9,-0.0786384,0.0991733
9,0.164649,-0.449219
9,1.32968,-0.705721
9,0.106904,-0.0761848
9,0.0750188,-0.308618
9,0.478244,-0.745657
9,2.03731,-0.0514872
9,1.32426,-0.868381
9,-0.0495981,0.187554
9,0.0786592,-0.379279
9,0.0275272,-0.189309
9,1.2382,-0.894314
9,1.43243,-0.872674
9,0.756552,-0.775048
9,1.78356,-0.496487
9,0.812959,-0.788908
9,0.268865,-0.452786
9,0.287834,-0.582767
9,1.50896,-0.64289
9,0.559832,-0.74698
9,0.234337,-0.561325
9,1.04298,-0.877977
9,1.82972,-0.337384
9,0.0135653,-0.0636223
9,1.89149,-0.541814
9,1.76343,-0.340398
9,1.762,-0.366085
9,1.24515,-0.639582
9,0.145681,-0.347964
9,1.07144,-0.780841
9,1.92819,-0.0327803
9,1.98638,-0.0521549
9,0.387526,-0.731968
9,1.6707,-0.555497
9,0.768045,-0.818949
9,1.79704,-0.404704
9,1.85644,-0.247799
9,1.30134,-0.797121
9,0.220116,-0.421215
9,1.49264,-0.760605
9,-0.0270567,-0.0562775
9,1.38536,-0.714458
9,0.904923,-0.760374
9,0.932776,-0.713364
9,-0.0193925,-0.128614
9,-0.077864,0.0238543
9,0.236831,-0.399799
9,0.217559,-0.632046
9,0.181079,-0.258614
9,1.61636,-0.810338
9,0.705173,-0.799678
9,1.14997,-0.839273
9,0.0602463,-0.20336
9,1.91516,-0.165002
9,0.442828,-0.667687
9,0.0193749,0.0816829
9,1.71295,-0.673838
9,1.13631,-0.82617
9,1.70039,-0.790634
9,1.29149,-0.685791
9,0.00965416,-0.334803
9,1.78143,-0.521744
9,1.86358,0.00704981
9,0.166079,-0.298298
9,-0.0136857,-0.132986
9,0.151774,-0.289878
9,1.5799,-0.562725
9,0.251092,-0.353465
9,0.711248,-0.816253
9,1.01309,-0.862856
9,0.255543,-0.522094
9,0.43648,-0.608093
9,1.46509,-0.696549
9,-0.0435734,-0.102533
9,1.94779,-0.109091
9,1.73091,-0.63937
9,1.86012,-0.217713
9,1.94452,-0.067409
9,0.230746,-0.603487
9,0.390324,-0.671969
9,0.0779618,0.20818
9,1.93962,-0.302506
9,0.807453,-0.799185
9,0.289377,-0.542976
9,1.46236,-0.660034
9,1.92117,-0.370763
9,0.0311979,-0.177334
9,0.275072,-0.491183
9,0.409502,-0.71712
9,-0.0194961,0.0982073
9,-0.0875953,0.0373759
9,0.872635,-0.741485
9,1.45024,-0.758509
9,1.05225,-0.784964
9,1.28046,-0.808188
9,2.0155,-0.0590161
9,1.28176,-0.787029
9,0.124036,0.027339
9,1.38796,-0.670559
9,0.0513323,-0.367017
9,-0.0229679,0.140171
9,0.269347,-0.603227
9,0.428977,-0.738662
9,0.654972,-0.73402
9,0.397115,-0.694974
9,1.74827,-0.518618
9,1.60638,-0.723096
9,0.99893,-0.754472
9,0.153696,-0.229443
9,0.952291,-0.855371
9,2.06129,0.0645954
9,1.93694,0.0480728
9,2.05094,0.0509789
9,0.00806529,-0.0201643
9,0.233183,-0.324235
9,1.94524,-0.0472705
9,0.352857,-0.832965
9,1.72994,-0.585867
9,1.44814,-0.841718
9,0.739557,-0.751741
9,0.182469,-0.39468
9,0.939971,-0.791155
9,1.33472,-0.7799
9,-0.0422524,-0.145977
9,0.308313,-0.494232
9,0.350915,-0.694236
9,0.108775,-0.308721
9,1.42876,-0.754231
9,2.0203,0.0293699
9,0.0610901,-0.39403
9,0.5422,-0.693561
9,0.656283,-0.782442
9,1.83532,-0.363104
9,1.47443,-0.615372
9,0.719128,-0.900093
9,-0.00644888,-0.266514
9,0.692856,-0.795647
9,1.87409,-0.441056
9,2.02452,-0.0685116
9,1.26317,-0.771048
9,1.97456,-0.197372
9,0.0279463,0.102364
9,0.420486,-0.647841
9,0.197677,-0.477298
9,2.01987,0.0195226
9,1.40868,-0.858596
9,0.0117662,-0.0462015
9,0.0395871,-0.1098
9,1.94479,-0.202515
9,1.55319,-0.638458
9,1.8279,-0.370771
9,0.0908987,-0.0434222
9,1.09854,-0.81749
9,1.93997,-0.172414
9,-0.00416308,-0.0212257
9,0.380359,-0.705693
9,1.90017,-0.0858947
9,0.0658919,-0.347067
9,1.16754,-0.798575
9,0.708283,-0.805753
9,0.87007,-0.868964
9,-0.0263471,-0.0581833
9,0.943902,-0.786699
9,0.0245275,0.0339811
9,1.37173,-0.760517
9,0.198181,-0.587263
9,1.28468,-0.759496
9,1.92917,-0.332031
9,1.06226,-0.814035
9,1.1174,-0.917427
9,0.388752,-0.683222
9,0.407788,-0.517465
9,1.77498,-0.399708
9,0.583917,-0.792305
9,1.58638,-0.458354
9,1.53743,-0.719338
9,1.91776,0.0214838
9,0.510335,-0.805081
9,0.0653929,-0.0623385
9,0.995757,-0.86878
9,1.92307,-0.039334
9,1.95212,-0.204366
9,0.277017,-0.301947
9,0.799253,-0.845682
9,0.302052,-0.656212
9,0.364016,-0.660975
9,1.93429,0.101819
9,1.18414,-0.921617
9,1.95142,-0.0535562
9,1.32904,-0.800718
9,1.88926,-0.265767
9,1.85692,-0.460233
9,1.67169,-0.416647
9,0.0809062,0.0699434
9,0.463851,-0.707823
9,0.762579,-0.780835
9,0.669005,-0.849958
9,1.82162,-0.477801
9,1.86653,-0.639658
9,0.204295,-0.586535
9,0.165424,-0.256323
9,0.602965,-0.753896
9,1.23908,-0.73819
9,1.97683,-0.344194
9,0.48734,-0.708536
9,1.40495,-0.664545
9,0.0570498,0.207522
9,1.28053,-0.779119
9,1.20928,-0.810141
9,0.548349,-0.758297
9,1.13906,-0.878311
9,0.228002,0.0287643
9,0.551851,-0.622513
9,1.82069,-0.30131
9,0.00716811,-0.00190227
9,0.246834,-0.417493
9,0.0336495,-0.347471
9,-0.00378967,-0.278735
9,1.70018,-0.533641
9,1.02458,-0.916059
9,0.120709,-0.0497967
9,0.684729,-0.736487
9,0.921371,-0.694214
9,1.93694,-0.379525
9,0.765917,-0.680609
9,1.92959,-0.504398
9,0.978691,-0.857815
9,1.82583,0.0972378
9,1.24879,-0.863945
9,-0.00899677,0.128708
9,1.79945,-0.604463
9,1.9301,0.0956368
9,0.283784,-0.536466
9,1.95299,-0.153278
9,1.65917,-0.580716
9,1.47146,-0.737753
9,0.005947,0.156416
9,0.825269,-0.814819
9,2.01931,0.158595
9,1.12779,-0.819119
9,0.107591,-0.1251
9,0.778761,-0.812135
9,-0.0827829,0.0015608
9,1.86233,-0.196013
9,0.0346789,-0.0531809
9,-0.051391,0.0967036
9,1.50196,-0.660992
9,1.94015,-0.495465
9,1.33137,-0.77885
9,1.60427,-0.517345
9,0.0373271,-0.271007
9,2.02541,0.16554
9,1.75424,-0.423471
9,1.76382,-0.511659
9,0.175366,-0.487273
9,1.10621,-0.830002
9,1.92627,-0.0196973
9,0.14612,0.0741087
9,1.69584,-0.611129
9,0.110147,-0.422843
9,0.22002,-0.487051
9,1.21488,-0.824097
9,0.712347,-0.723117
9,0.0982674,-0.0438547
9,1.6261,-0.530214
9,1.55179,-0.658193
9,0.0228372,-0.0959504
9,1.75073,-0.540609
9,2.02938,0.0680231
9,0.323497,-0.412575
9,0.258635,-0.552365
9,1.46403,-0.857229
9,0.886016,-0.726444
9,1.96919,-0.053271
9,1.2055,-0.825681
9,0.0698778,-0.149955
9,0.226726,-0.436268
9,0.468452,-0.785466
9,0.0598477,-0.44611
9,1.11494,-0.810905
9,0.141905,-0.287921
9,2.03045,-0.134766
9,1.57319,-0.564058
9,1.84105,-0.411097
9,0.187024,-0.388583
9,1.32439,-0.690658
9,0.465358,-0.696947
9,0.050323,-0.355277
9,0.144591,-0.267751
9,1.89334,-0.161045
9,0.890105,-0.98075
9,1.80494,-0.382423
9,0.349536,-0.671909
9,1.93159,-0.122951
9,1.83175,-0.415611
9,0.035183,0.160568
9,1.93552,-0.111303
9,1.56903,-0.705222
9,0.0778885,-0.244959
9,0.455351,-0.583714
9,1.85266,-0.120909
9,1.87493,-0.393455
9,1.85054,-0.0076059
9,1.56206,-0.554215
9,1.26383,-0.782453
9,0.190225,0.0913893
9,1.72302,-0.681903
9,1.61874,-0.612914
9,1.83099,-0.368947
9,1.74238,-0.59148
9,1.97556,-0.0031244
9,0.0476922,-0.0739633
9,0.0891805,-0.228168
9,1.97796,-0.162751
9,0.145397,-0.490715
9,0.167126,-0.311841
9,1.69311,-0.731478
9,0.580194,-0.586068
9,0.586094,-0.836567
9,0.0652303,0.0410749
9,0.321722,-0.668824
9,0.257943,-0.520414
9,1.54627,-0.650988
9,1.46262,-0.666727
9,0.567468,-0.720585
9,0.204817,-0.364928
9,1.74269,-0.481526
9,0.578047,-0.708257
9,0.419774,-0.620579
9,-0.0262445,0.212805
9,0.691102,-0.844156
9,0.111888,-0.472246
9,1.37513,-0.757283
9,1.12632,-0.774227
9,1.93428,-0.024977
9,0.0818064,-0.140602
9,0.113363,-0.204265
9,0.239639,-0.413515
9,0.44108,-0.656763
9,0.204512,-0.388678
9,1.4201,-0.743884
9,0.310877,-0.513059
9,0.503753,-0.658542
9,1.61491,-0.678235
9,1.81491,-0.335255
9,1.95844,-0.126308
9,1.37339,-0.924499
9,0.233655,-0.280785
9,1.82856,-0.289364
9,1.96424,-0.33517
9,-0.0218586,0.00148677
9,1.31508,-0.889388
9,0.228373,-0.59437
9,-0.00748154,-0.018599
9,1.83368,-0.437369
9,1.9026,0.0570615
9,0.417989,-0.632341
9,1.13796,-0.810601
9,0.00796187,-0.361991
9,0.582867,-0.611054
9,1.94355,-0.215599
9,1.96172,-0.371897
9,0.165704,-0.491665
9,1.26777,-0.896653
9,1.73991,-0.481638
9,1.68737,-0.514878
9,0.94678,-0.741689
9,2.00085,-0.340045
9,1.01902,-0.869856
9,-0.0297417,0.128529
9,1.08726,-0.73732
9,1.54836,-0.710034
9,0.149441,-0.194732
9,1.3729,-0.792483
9,1.89878,-0.194546
9,0.208418,-0.469584
9,0.729192,-0.664962
9,-0.00264007,-0.0082141
9,1.03689,-0.88973
9,1.55351,-0.705712
9,0.044487,-0.000294311
9,0.80431,-0.916972
9,0.966901,-0.788291
9,1.93805,-0.114807
9,1.57527,-0.752174
9,1.81823,-0.486579
9,0.453843,-0.646177
9,-0.0063053,0.0408253
9,0.0524175,-0.200964
9,0.270117,-0.46462
9,1.70762,-0.331328
9,0.619516,-0.772876
9,1.21862,-0.82295
9,0.429625,-0.723566
9,0.132085,-0.424882
9,0.073384,0.0313642
9,0.479556,-0.730749
9,-0.0282714,0.153292
9,0.498133,-0.688774
9,0.149038,-0.326247
9,1.51457,-0.728621
9,0.0684349,-0.0727868
9,1.85185,-0.25949
9,0.00728187,0.132699
9,0.346671,-0.513157
9,1.80875,-0.544938
9,0.114306,-0.107509
9,1.06866,-0.865669
9,0.789893,-0.751659
9,1.36138,-0.737721
9,1.82556,-0.33858
9,-0.000344846,-0.224035
9,1.8601,-0.162736
9,1.05502,-0.79285
9,0.608556,-0.738149
9,0.613679,-0.814446
9,1.52571,-0.719681
9,1.87558,-0.268575
9,0.0235928,-0.0923259
9,1.80562,-0.55734
9,2.07493,-0.198697
9,0.699941,-0.659531
9,0.42439,-0.646673
9,1.71208,-0.359639
9,1.6401,-0.634189
9,0.604586,-0.833435
9,0.577663,-0.593601
9,0.186436,-0.412071
9,-0.0339687,-0.270768
9,0.904989,-0.911927
9,2.06869,-0.171744
9,1.97841,0.00573601
9,0.0970146,-0.00394297
9,0.657811,-0.839502
9,1.69469,-0.341689
9,0.644468,-0.822906
9,0.49302,-0.604406
9,2.04872,0.257175
9,0.357444,-0.608045
9,0.0510114,0.174213
9,1.08448,-0.869227
9,2.03782,0.174626
9,1.85085,-0.351676
9,0.529643,-0.822289
9,0.202346,-0.326022
9,-0.0398602,-0.0746086
9,0.884387,-0.908024
9,0.352506,-0.504702
9,1.12854,-0.851984
9,0.59871,-0.798219
9,0.593562,-0.863816
9,1.17309,-0.776393
9,0.224988,-0.428364
9,1.19374,-0.839055
9,-0.0937494,0.100346
9,1.65295,-0.701227
9,1.74943,-0.453473
9,1.70851,-0.644205
9,0.107813,-0.0191855
9,1.81508,-0.642668
9,1.97928,0.0235463
9,0.087337,-0.0543576
9,1.60009,-0.608595
9,2.00528,-0.149615
9,1.47338,-0.690472
9,0.131061,-0.28875
9,0.07608,0.0562207
9,0.105344,-0.497779
9,0.0393052,0.0228015
9,1.56228,-0.625005
9,0.628121,-0.591822
9,0.52387,-0.586666
9,1.83292,-0.441129
9,0.0872934,-0.338258
9,1.75923,-0.394503
9,0.0591068,-0.0982533
9,1.30287,-0.783768
9,0.757099,-0.651252
9,-0.11389,0.0815814
9,0.0890801,-0.129883
9,0.0668247,-0.418642
9,1.83616,-0.348968
9,0.132261,-0.366615
9,0.00351629,-0.365414
9,1.22895,-0.727504
9,1.96148,-0.0150315
9,1.8808,-0.197545
9,0.623264,-0.777907
9,0.045955,-0.1141
9,-0.0453579,-0.276509
9,-0.0559626,-0.0332576
9,0.914964,-0.858688
9,0.179513,-0.342085
9,1.59661,-0.725979
9,0.755339,-0.733903
9,1.84721,-0.167749
9,0.163665,-0.415007
9,1.86409,-0.481009
9,0.174537,-0.474907
9,0.413822,-0.587127
9,1.6601,-0.602771
9,0.781516,-0.87678
9,0.670555,-0.741529
9,0.965773,-0.809796
9,2.00144,0.0222051
9,1.84176,-0.391901
9,0.592018,-0.867236
9,0.686012,-0.800892
9,1.38267,-0.802345
9,1.99358,-0.178108
9,1.79577,-0.586128
9,1.92481,-0.11185
9,0.364993,-0.578619
9,1.70433,-0.397208
9,0.155087,-0.321557
9,1.83627,-0.365886
9,0.0153758,-0.21634
9,0.965951,-0.846663
9,0.281327,-0.663552
9,1.43273,-0.698815
9,0.86684,-0.896539
9,0.561782,-0.813024
9,0.995714,-0.678771
9,1.194,-0.727141
9,1.93812,-0.133806
9,0.0753667,-0.301104
9,1.62253,-0.607348
9,0.599635,-0.750961
9,0.975863,-0.862024
9,1.09547,-0.823538
9,-0.0892114,0.0030397
9,0.195489,-0.526465
9,1.09512,-0.767791
9,1.99142,0.13285
9,1.07575,-0.967284
9,1.0809,-0.856704
9,0.485832,-0.767359
9,0.189931,-0.362416
9,1.21111,-0.692094
9,1.87529,-0.474509
9,2.01584,0.147171
9,1.039,-0.859474
9,1.59407,-0.606912
9,1.9453,-0.0814366
9,0.1324,-0.131574
9,1.89544,-0.272164
9,1.88658,-0.269157
9,1.54456,-0.651651
9,1.58907,-0.59503
9,0.638254,-0.815352
9,1.70886,-0.405153
9,1.0626,-0.823315
9,-0.0701279,0.135096
9,0.469283,-0.64663
9,0.618774,-0.774623
9,1.84544,-0.364915
9,0.429834,-0.708703
9,1.98809,0.130177
9,1.92008,0.133379
9,1.97683,0.00332833
9,1.98515,-0.0451865
9,1.34907,-0.793479
9,0.485028,-0.654792
9,1.81138,-0.403137
9,1.93053,-0.103973
9,1.87666,-0.291174
9,0.242382,-0.598989
9,0.13631,-0.295979
9,-0.0379433,-0.0391057
9,0.684094,-0.825383
9,0.578743,-0.678185
9,1.19034,-0.848309
9,0.0302744,-0.379223
9,1.99307,0.148268
9,1.79651,-0.420666
9,0.110994,0.149955
9,1.56036,-0.727787
9,0.35789,-0.609802
9,1.97894,-0.117121
9,1.83671,-0.512962
9,1.78354,-0.525797
9,1.46868,-0.707083
9,1.84296,-0.185048
9,1.52554,-0.748374
9,0.922637,-0.818321
9,0.515937,-0.66887
9,0.946495,-0.823025
9,1.8944,-0.2712
9,1.36504,-0.84679
9,1.93141,-0.196491
9,1.86089,-0.180697
9,1.29675,-0.929903
9,0.936183,-0.828995
9,1.46731,-0.743541
9,1.99972,-0.0875804
9,0.38045,-0.71932
9,0.131928,-0.101785
9,0.376403,-0.598762
9,0.300418,-0.499022
9,-0.0777181,-0.00686157
9,1.94404,-0.358603
9,-0.107081,0.110609
9,1.09227,-0.909948
9,0.806072,-0.790259
9,1.41323,-0.750316
9,1.25682,-0.923739
9,1.42503,-0.738795
9,0.804633,-0.885776
9,0.592151,-0.823796
9,0.822089,-0.894128
9,1.66069,-0.623235
9,1.89028,-0.146147
9,0.552024,-0.727285
9,1.07741,-0.831414
9,0.925749,-0.858599
9,0.0140928,0.102103
9,0.493757,-0.63676
9,0.166722,-0.296125
9,1.9364,-0.243922
9,1.38102,-0.782097
9,1.84827,-0.470518
9,1.94096,0.0132091
9,1.91522,-0.17386
9,1.74495,-0.503717
9,1.97203,-0.0182866
9,1.22596,-0.909526
9,0.179409,-0.521218
9,0.746038,-0.748107
9,1.30244,-0.824327
9,0.731072,-0.861296
9,1.51155,-0.751414
9,1.91719,-0.0550165
9,0.438241,-0.633217
9,0.116394,-0.0305013
9,1.77816,-0.303449
9,0.483716,-0.679587
9,0.304271,-0.562893
9,0.350957,-0.568916
9,0.711114,-0.903101
9,1.45757,-0.632668
9,0.320883,-0.530962
9,0.10629,-0.39297
9,0.116209,-0.457281
9,0.0676254,-0.152659
9,0.569385,-0.776497
9,1.78621,-0.4797
9,0.73483,-0.693756
9,1.09912,-0.849232
9,0.525769,-0.839536
9,0.319795,-0.392576
9,1.97914,0.106066
9,2.00196,0.0515071
9,1.39347,-0.821042
9,1.547,-0.67861
9,1.90834,-0.414228
9,2.03473,0.0381629
9,1.15868,-0.805632
9,0.0214126,0.0463667
9,0.126753,-0.526675
9,0.894956,-0.773878
9,1.64663,-0.5412
9,1.93088,-0.173497
9,0.217581,-0.592302
9,2.11072,-0.0692661
9,2.01646,0.00302847
9,0.059896,-0.204271
9,1.74995,-0.596661
9,0.152933,-0.347161
9,0.0846034,-0.153732
9,1.75739,-0.455286
9,0.167106,-0.379015
9,1.79495,-0.508688
9,-0.0115955,-0.0150038
9,0.150039,-0.465651
9,0.0526063,-0.219726
9,1.86438,-0.375407
9,0.347141,-0.637483
9,0.736278,-0.974221
9,1.25549,-0.740303
9,0.0704515,-0.420121
9,1.53092,-0.652609
9,0.40967,-0.504749
9,0.778422,-0.850175
9,0.349951,-0.799398
9,0.12984,-0.280984
9,1.9613,-0.107234
9,0.124316,-0.167515
9,0.492073,-0.692779
9,0.502366,-0.714785
9,1.93872,0.132379
9,1.9744,-0.0726104
9,0.686697,-0.751658
9,1.39115,-0.8214
9,0.676644,-0.820685
9,0.331378,-0.616936
9,0.0703214,-0.270505
9,1.56495,-0.629742
9,1.00029,-0.850242
9,1.57989,-0.570104
9,1.73915,-0.456497
9,0.866462,-0.888456
9,0.542337,-0.698996
9,0.545556,-0.802817
9,-0.0134277,-0.187701
9,1.97039,0.0299877
9,0.0622016,-0.114996
9,0.157246,-0.344224
9,1.74064,-0.527239
9,1.57744,-0.700264
9,1.60465,-0.558648
9,0.135177,-0.426167
9,0.928188,-0.837932
9,0.496467,-0.694647
9,1.1695,-0.84633
9,0.0845618,-0.403894
9,0.0317351,-0.0132029
9,1.87131,-0.467604
9,0.099024,-0.215316
9,1.70032,-0.648606
9,1.44598,-0.693857
9,1.75677,-0.320037
9,2.02205,-0.0428346
9,0.481784,-0.659794
9,0.806722,-0.871352
9,0.955088,-0.864584
9,0.610203,-0.706585
9,1.85085,-0.5083
9,0.0421097,-0.207073
9,1.5774,-0.666535
9,1.58645,-0.745011
9,0.113213,-0.343636
9,0.516847,-0.627174
9,0.132908,-0.218122
9,0.982704,-0.893357
10,-0.139051,1.02452
10,0.83761,0.676199
10,-0.937463,0.563753
10,0.736869,0.515716
10,-0.356119,1.09021
10,0.967139,0.382896
10,-0.0472304,1.03752
10,0.934057,0.198216
10,-1.04993,0.00995008
10,0.637644,0.767164
10,-0.109748,0.975149
10,-1.00877,0.249583
10,0.688391,0.685315
10,0.265468,0.989563
10,-0.984873,0.385462
10,0.454162,0.938175
10,0.897868,0.423143
10,0.980226,0.217712
10,-1.06978,0.224179
10,-0.869404,0.67318
10,-0.55945,0.843108
10,-0.918196,0.0656583
10,-0.995502,0.241902
10,0.755143,0.610094
10,0.818705,0.597967
10,-0.976733,-0.140033
10,0.0386074,1.0315
10,0.746957,0.773254
10,-1.09372,-0.0180005
10,-0.753841,0.632543
10,-0.234299,0.955863
10,-0.173632,0.938049
10,0.260323,0.915054
10,0.186115,0.94281
10,-0.811348,0.578531
10,1.02619,0.25613
10,-1.01703,0.227778
10,1.00806,0.233698
10,-0.429995,0.999446
10,0.909219,0.473966
10,-0.347614,0.877537
10,-0.931046,0.20635
10,-0.46665,0.771916
10,0.736164,0.734903
10,-0.219039,0.979348
10,-0.935954,0.264348
10,-0.704375,0.698584
10,0.726666,0.695758
10,-0.652949,0.733568
10,0.138217,1.02962
10,0.507299,0.661292
10,0.45708,0.87919
10,0.6824,0.746477
10,0.991597,0.0878501
10,-1.03603,0.0799894
10,-0.308015,0.973331
10,0.936219,0.146916
10,-0.349856,0.910351
10,-0.290264,0.946196
10,0.654364,0.753161
10,0.171587,1.04218
10,0.272394,0.976193
10,-1.07782,0.211154
10,0.217822,0.953716
10,-1.09953,0.00196125
10,-0.581102,0.96672
10,-0.0278679,0.993775
10,-0.889086,0.460325
10,-0.736446,0.703891
10,0.770027,0.584425
10,-0.656983,0.728328
10,0.652031,0.794939
10,-0.687662,0.722397
10,-0.114769,1.07332
10,-0.818096,0.735846
10,-0.901597,0.698289
10,-0.0135521,0.95787
10,1.03904,0.274123
10,0.949133,0.0933746
10,0.178342,0.964676
10,-0.828714,0.488577
10,0.864025,0.401399
10,0.733777,0.540864
10,-0.323734,0.899473
10,0.76482,0.575711
10,0.375424,0.834967
10,-0.0211872,1.10186
10,0.327795,1.00172
10,-0.584996,0.807382
10,-0.591135,0.800088
10,-0.895425,0.495272
10,-0.687589,0.616943
10,0.986383,-0.00888978
10,0.948722,0.405086
10,-0.885317,0.25905
10,-0.0879804,1.06186
10,-0.0776372,1.02418
10,1.03454,0.00740834
10,0.808511,0.758548
10,-0.735019,0.709447
10,-0.440552,0.944341
10,0.730276,0.560428
10,0.716338,0.689837
10,0.917305,0.14666
10,0.215622,0.859483
10,-0.98241,0.509266
10,-0.736687,0.410743
10,0.799568,0.499864
10,0.893733,0.53995
10,-0.985171,0.392726
10,-0.153015,0.924792
10,0.556389,0.825192
10,-0.104731,1.00731
10,0.0648013,0.938292
10,-0.56963,0.742227
10,-0.711706,0.693576
10,-0.412053,0.839776
10,-0.50176,0.84393
10,-0.868372,0.546375
10,1.00126,-0.0354476
10,-0.246078,1.05468
10,0.701211,0.834481
10,0.274626,1.0058
10,-0.0234193,0.990476
10,0.765545,0.484852
10,-0.840016,0.675872
10,0.835702,0.376135
10,0.994471,0.172407
10,0.9495,-0.026849
10,0.932773,0.33585
10,0.917484,0.226034
10,1.12737,0.079358
10,-0.133494,1.02678
10,-0.79557,0.635307
10,-1.0346,0.122309
10,-0.24712,1.01883
10,-0.957586,0.208934
10,-0.674892,0.644027
10,0.827914,0.532931
10,0.633421,0.751431
10,0.372283,0.913883
10,-0.567544,0.76117
10,-1.05048,0.215941
10,0.300764,0.91325
10,0.410956,0.743553
10,1.02161,0.198684
10,-0.0734138,0.968984
10,-0.425431,0.981079
10,-0.812579,0.346137
10,-0.165295,1.0768
10,0.505468,0.829536
10,0.560702,0.740434
10,0.798384,0.549466
10,-0.975502,0.251796
10,0.880643,0.397637
10,0.991198,0.244613
10,-0.867682,0.360896
10,0.67062,0.756964
10,-0.926256,0.340657
10,0.732718,0.652324
10,1.08207,0.263569
10,0.72738,0.644278
10,-0.884638,0.479823
10,0.6609,0.752774
10,0.56964,0.890134
10,0.404136,0.88325
10,0.477954,0.874908
10,-0.0515226,0.921495
10,-0.952359,0.278377
10,-0.947339,0.491037
10,0.0360422,0.968122
10,0.328417,0.890173
10,-0.803186,0.456314
10,-1.03914,0.182874
10,0.938983,0.388078
10,-0.227432,1.04651
10,-0.7484,0.602773
10,0.344165,0.872112
10,-0.369921,0.999643
10,1.0198,0.0522198
10,0.102756,0.984209
10,-0.399395,0.940974
10,0.458548,0.840055
10,-0.0584036,0.954336
10,1.08808,0.0409655
10,0.965812,0.157549
10,0.625944,0.850162
10,-0.751917,0.653795
10,1.01359,0.38453
10,1.00719,0.237042
10,-0.903318,0.54955
10,0.954812,0.393476
10,-0.795929,0.582149
10,0.999757,0.170573
10,-0.551142,0.727169
10,0.0823535,0.808794
10,-0.998662,-0.0570473
10,0.943009,0.26401
10,-0.708951,0.669838
10,0.335973,0.936774
10,-0.491122,0.845273
10,0.885922,0.374093
10,-0.926255,0.190513
10,-0.715048,0.709089
10,-1.03626,0.0228783
10,-0.873058,0.350408
10,-1.0193,0.211867
10,-0.571984,0.836105
10,1.06081,0.129699
10,0.0534057,0.894151
10,-0.412335,0.959025
10,0.843249,0.549252
10,-1.05469,0.108843
10,-0.658992,0.806639
10,0.288622,0.905235
10,0.160843,0.956037
10,-0.248709,1.01651
10,-0.857049,0.310462
10,0.597087,0.842473
10,0.880312,0.328414
10,-0.0451938,0.951225
10,0.0458146,0.994093
10,0.555148,0.816664
10,0.738082,0.694257
10,-0.785259,0.566695
10,-0.114596,0.964474
10,0.904438,0.211402
10,-0.691524,0.690607
10,-1.02365,0.129915
10,-0.669544,0.612007
10,-0.286399,0.908502
10,1.00765,0.300288
10,0.861791,0.563845
10,0.853254,0.453774
10,-0.947149,0.174984
10,0.927386,0.223296
10,-0.855405,0.628901
10,-0.651478,0.739057
10,0.664028,0.647281
10,-0.681597,0.731706
10,1.0014,0.0789152
10,-0.322939,0.943439
10,0.420723,0.98122
10,0.729142,0.768484
10,0.875152,0.396363
10,0.373812,0.974121
10,0.890372,0.369685
10,-0.212318,0.921927
10,0.776169,0.563308
10,-1.04816,0.0829134
10,0.139231,0.986345
10,0.83243,0.518062
10,0.506636,0.916749
10,0.879502,0.387686
10,-0.120481,1.09696
10,0.509831,0.750344
10,0.23955,0.911494
10,0.0340254,0.994503
10,-0.253929,0.945995
10,0.912208,-0.0581857
10,0.803516,0.428308
10,0.0867794,1.01389
10,-0.271359,0.923101
10,-0.131251,1.05271
10,-0.88464,0.443217
10,0.642501,0.627845
10,-0.725622,0.682181
10,-0.969257,0.239757
10,-0.967857,0.146793
10,-0.281886,1.0448
10,-0.352901,0.940746
10,-0.611412,0.607956
10,1.02934,0.165256
10,0.276931,1.01967
10,-0.811327,0.511591
10,-0.466639,0.925753
10,0.211993,1.02137
10,0.903711,0.501915
10,-0.9807,0.384747
10,-0.70199,0.727657
10,-0.925658,0.352528
10,0.677479,0.731622
10,-0.0859389,0.97124
10,0.692818,0.657121
10,0.443163,0.823189
10,1.1098,-0.00654322
10,0.8883,0.263261
10,-0.741126,0.559198
10,-0.910437,0.517934
10,-0.233877,0.913399
10,-0.629725,0.936575
10,0.959534,0.0717104
10,0.123411,1.14286
10,-0.6896,0.773368
10,-0.977343,0.0117341
10,-0.973995,0.111398
10,0.195716,0.978658
10,0.022156,0.988846
10,0.306573,0.911389
10,-0.292071,0.907158
10,-0.941424,0.533409
10,0.403651,0.792756
10,0.926707,0.306228
10,0.892403,0.389846
10,-0.56432,0.785316
10,-0.852318,0.631274
10,0.34209,0.906996
10,-0.054905,0.961952
10,0.694745,0.782371
10,-0.498987,0.890857
10,-0.388079,0.972513
10,-0.59956,0.857715
10,-0.706783,0.651418
10,-0.578809,0.681037
10,-0.307433,0.940894
10,0.951896,0.432298
10,-0.300033,0.940773
10,0.227918,0.872318
10,0.319272,0.952767
10,-1.00194,0.351922
10,-0.916792,0.504221
10,-0.847833,0.682127
10,0.332004,0.921488
10,-0.606564,0.879251
10,-0.767525,0.753706
10,0.44167,0.796083
10,0.923267,0.166795
10,-0.990112,0.0875579
10,0.737402,0.618173
10,0.917731,0.256827
10,0.155674,1.06363
10,1.04382,0.167632
10,0.495949,0.774432
10,-0.671002,0.735112
10,-0.97457,0.302217
10,-0.380444,0.880282
10,-0.939887,0.072613
10,0.62378,0.697457
10,-0.149868,1.00661
10,0.926258,0.313856
10,0.599732,0.773245
10,0.345991,0.884994
10,0.146457,0.956117
10,-0.384629,0.929964
10,-1.0334,0.142675
10,-0.94616,0.134788
10,0.534604,0.952607
10,0.985993,0.018148
10,0.993944,0.136952
10,0.140918,0.958157
10,-0.907621,0.373458
10,0.851609,0.286289
10,0.986088,0.0696137
10,0.857918,0.531495
10,-0.253857,1.06201
10,-0.945625,0.414553
10,-0.055154,0.915373
10,0.785438,0.654741
10,0.982567,0.191363
10,0.740108,0.778807
10,0.298708,1.07542
10,-0.0368501,1.04359
10,0.894039,0.711382
10,-1.08571,0.156037
10,-0.927974,0.189334
10,0.818025,0.574117
10,-0.766477,0.593632
10,-0.876119,0.435398
10,0.0143347,1.00984
10,1.12338,0.16107
10,0.851481,0.524759
10,-0.0481612,0.956938
10,0.907591,0.318078
10,-0.958169,0.255928
10,-0.0184391,0.963913
10,-0.306122,0.884406
10,1.02173,0.347888
10,0.452091,0.916748
10,-0.235134,0.937791
10,0.537341,0.916453
10,0.304811,0.904341
10,-0.252374,0.964618
10,-0.99226,0.0508154
10,1.06971,0.135923
10,0.561653,0.727279
10,0.785619,0.456443
10,-0.67289,0.631248
10,0.938389,0.0963745
10,0.0323198,0.980045
10,-0.43039,0.933212
10,0.549439,0.807143
10,0.957208,0.454907
10,0.301594,0.833477
10,-0.747434,0.627893
10,-0.308344,0.871213
10,0.135352,0.976917
10,-0.838669,0.445566
10,0.918503,0.47387
10,0.869916,0.599557
10,-0.526098,0.823944
10,0.704871,0.717041
10,-0.48922,0.872698
10,0.169689,0.887918
10,0.903105,0.633818
10,-0.807444,0.640667
10,0.954394,0.161187
10,-0.142568,0.914659
10,-0.222898,0.988944
10,1.05056,0.109625
10,0.801427,0.715496
10,-0.193888,1.04925
10,0.14068,0.986906
10,0.959323,0.18468
10,-0.9336,0.222284
10,-1.03194,0.122601
10,0.505974,0.905797
10,0.716826,0.589569
10,0.0722169,1.04625
10,0.262176,1.06009
10,0.550204,0.787045
10,-1.02798,0.0217666
10,0.579912,0.893036
10,0.991463,0.38972
10,-0.547179,0.850451
10,0.939073,0.0454054
10,-0.758246,0.580939
10,0.426043,0.801466
10,0.127064,0.969773
10,-0.390244,0.872909
10,0.734303,0.684281
10,-0.256835,0.93619
10,-0.585124,0.792815
10,-0.57074,0.71869
10,0.390757,0.967796
10,0.0619458,0.973599
10,-0.864079,0.38303
10,-0.946994,0.264541
10,-0.940632,0.384799
10,-0.509277,0.777227
10,0.9332,0.0356379
10,-0.290915,0.950931
10,0.419057,0.916332
10,0.892938,0.588122
10,0.842529,0.568066
10,0.21075,0.978054
10,-0.510934,0.7988
10,-0.770008,0.620811
10,0.948727,0.023248
10,-0.880399,0.574802
10,-0.962144,-0.027579
10,0.20396,0.930777
10,-1.14516,0.0646712
10,0.962538,0.278974
10,0.42083,0.943883
10,-0.962547,0.126969
10,-0.746369,0.631395
10,-0.933365,0.207072
10,-0.216651,0.936875
10,0.874028,0.329806
10,-0.92257,0.65169
10,-0.242122,0.896808
10,-0.90957,0.366979
10,-0.292424,0.900361
10,-0.878856,0.546027
10,0.506773,0.82854
10,0.699343,0.741969
10,-0.186639,0.939258
10,-0.359734,0.936266
10,-0.0672236,1.14757
10,-0.281887,1.00141
10,0.997798,0.166922
10,0.76276,0.816812
10,0.983126,0.266828
10,0.19299,0.894371
10,1.01953,0.126648
10,0.727306,0.654974
10,0.615993,0.909301
10,-0.919038,0.0505893
10,-0.699806,0.623852
10,1.06429,0.213876
10,-0.322428,0.932841
10,1.02074,0.1337
10,-0.895307,0.311042
10,1.00404,0.291341
10,1.09903,0.0692299
10,-0.815909,0.435179
10,0.96323,0.340793
10,-0.440642,0.883956
10,-0.352039,0.986228
10,-0.697549,0.726459
10,0.487601,0.827865
10,-0.0776343,0.993088
10,0.935697,0.157363
10,0.763486,0.557124
10,0.64641,0.770807
10,0.0416493,1.05695
10,-0.0988711,0.966112
10,-0.838688,0.595814
10,-0.388725,1.07349
10,-0.566595,0.812473
10,0.952477,0.276521
10,-0.966462,0.176698
10,0.0645055,1.05575
10,-0.154722,0.989841
10,-0.558867,0.707887
10,0.457184,0.858321
10,0.859929,0.502445
10,1.00858,0.200265
10,0.967399,0.0398504
10,0.567266,0.807807
10,0.133248,0.998252
10,-0.826164,0.616692
10,1.01096,0.148824
10,0.629802,0.737585
10,-0.842426,0.515929
10,0.904452,0.293303
10,-0.745565,0.622273
10,1.0009,0.0612826
10,0.147935,0.823878
10,0.62723,0.866951
10,-0.22008,0.940555
10,-0.798742,0.499521
10,0.97823,0.302259
10,0.575701,0.84293
10,-0.591448,0.78422
10,0.238332,0.938844
10,-0.426753,0.823036
10,0.95207,0.297174
10,-0.359959,0.927023
10,0.675589,0.499923
10,0.258137,1.02553
10,0.683291,0.677901
10,-0.922,0.309883
10,0.982291,0.493336
10,1.01707,0.334166
10,-0.327084,1.04049
10,-0.108246,0.958013
10,0.879763,0.30021
10,-0.453064,0.949
10,-0.987874,0.103258
10,-0.441363,0.799526
10,-0.0671953,0.97678
10,0.786526,0.639145
10,-0.896718,0.654125
10,-0.995529,0.313895
10,-0.83047,0.295919
10,0.872658,0.453642
10,0.507023,0.923976
10,-0.708357,0.678437
10,0.739309,0.523331
10,0.830162,0.542676
10,-0.859352,0.368093
10,0.332842,1.01874
10,-0.962738,0.152077
10,-0.756989,0.369541
10,-0.804942,0.328136
10,0.0698653,1.0546
10,-0.598593,0.778341
10,-0.0162961,1.01977
10,0.688361,0.547626
10,-0.53947,0.987917
10,-0.0112476,1.08064
10,0.346184,0.978059
10,-0.578706,0.931126
10,-0.927783,0.24883
10,-0.651576,0.685187
10,-0.988143,0.514564
10,0.414124,0.964567
10,0.684498,0.624076
10,0.274754,0.961953
10,-0.583749,0.701514
10,0.76078,0.674939
10,-0.906974,0.481093
10,-0.651357,0.682199
10,0.761083,0.57195
10,0.848912,0.564109
10,-0.697683,0.749176
10,-0.935638,0.370879
10,0.390606,1.04452
10,-0.69829,0.837428
10,0.961839,0.106176
10,-0.923476,0.203259
10,0.364494,0.978908
10,-1.10006,-0.0293188
10,-1.00082,0.475848
10,0.772504,0.492044
10,-0.074204,0.935525
10,0.940604,0.25289
10,0.993084,0.0421193
10,0.793442,0.481883
10,0.645215,0.752136
10,0.292955,1.06172
10,-0.915715,0.247699
10,-0.387716,0.847097
10,0.487856,0.881765
10,0.953684,0.383713
10,-1.12477,0.142771
10,0.473723,0.864299
10,0.881196,0.440607
10,0.310131,0.958163
10,-1.01676,0.180583
10,0.943912,0.19769
10,0.701387,0.578193
10,1.03923,0.30805
10,1.09038,0.145393
10,-0.725648,0.80893
10,-0.949489,0.430875
10,0.125995,0.897501
10,1.03068,0.157121
10,0.913595,0.475155
10,0.86697,0.634402
10,-0.892743,0.419659
10,0.890585,0.474703
10,0.968756,0.222178
10,-0.812297,0.445943
10,-1.03931,0.367285
10,-0.264655,0.932759
10,0.870099,0.20161
10,0.37173,0.925137
10,0.102341,0.958533
10,-0.287332,0.847697
10,0.96141,0.121316
10,-0.330021,0.928375
10,0.357916,0.971757
10,0.956124,0.311786
10,0.072414,0.915033
10,-0.854191,0.199641
10,-0.42295,0.835612
10,-0.4015,0.943582
10,-0.892084,0.0961314
10,0.303067,0.988552
10,0.987265,0.238302
10,1.06137,0.236664
10,-0.407056,0.890111
10,-0.122041,0.92703
10,-1.00568,0.147068
10,0.134561,1.07701
10,0.396821,0.838343
10,-1.07601,0.444473
10,-0.592335,0.934514
10,-0.598294,0.796635
10,-0.749444,0.681705
10,-0.372789,0.916767
10,0.371369,1.01088
10,-0.729569,0.537958
10,-0.89351,0.463076
10,0.966138,0.270068
10,0.429664,0.926615
10,0.647879,0.824513
10,-0.303817,0.967426
10,-0.608359,0.835596
10,1.02251,0.296411
10,0.987825,-0.019788
10,-0.193442,0.964697
10,-0.411526,0.827872
10,-0.0723377,1.04743
10,0.913084,0.315124
10,1.00269,0.281971
10,0.220952,0.888868
10,0.575825,0.82292
10,1.02358,0.204069
10,0.990591,0.257346
10,1.02206,0.17545
10,0.656991,0.792782
10,0.823776,0.538824
10,0.901394,0.280485
10,-0.7321,0.576384
10,0.883138,0.380416
10,-0.364013,1.02818
10,-0.651256,0.723635
10,1.05416,0.207563
10,-0.58989,0.968928
10,0.321773,0.967114
10,0.736454,0.751103
10,-0.713865,0.756455
10,0.855332,0.615105
10,-0.333997,0.950647
10,0.770598,0.63314
10,0.862955,0.611695
10,-0.268428,1.01429
10,0.606661,0.8276
10,1.05158,-0.0874759
10,0.488891,0.894518
10,-0.369648,0.812112
10,-0.843791,0.493835
10,0.508517,0.790095
10,0.169097,1.08688
10,0.870191,0.198118
10,-1.14508,0.120316
10,-0.934885,0.287747
10,-0.271303,0.967708
10,0.981319,0.412051
10,-0.760955,0.608739
10,0.699476,0.80639
10,-1.01297,0.14351
10,-0.8307,0.697116
10,0.555131,0.872023
10,-0.53999,0.832473
10,0.261262,0.973213
10,0.974146,0.178151
10,0.356798,0.927688
10,0.295409,0.944007
10,0.271617,0.920677
10,-0.764115,0.550744
10,-0.728241,0.718686
10,0.232187,0.92266
10,0.0647446,1.07038
10,0.89473,0.146777
10,0.484165,0.932518
10,0.983815,0.28132
10,0.765135,0.550098
10,-0.0392035,0.984168
10,-0.668673,0.747444
10,0.932086,0.34869
10,-0.939448,0.453338
10,0.692891,0.786909
10,0.229391,1.02181
10,-0.991296,0.159148
10,0.708725,0.77379
10,0.614431,0.789836
10,-1.07728,0.0704955
10,0.927837,0.189796
10,-0.0892345,1.08543
10,-0.975722,0.351168
10,-0.911156,0.201949
10,-0.733915,0.780752
10,-0.975115,0.0922922
10,0.829036,0.565144
10,1.01961,0.136461
10,0.928781,0.410133
10,-0.0608789,1.09059
10,-0.046471,1.02523
10,-0.118571,1.03993
10,0.711149,0.697191
10,-0.706595,0.656503
10,-0.0871016,1.00886
10,-0.474217,0.857998
10,0.624048,0.649292
10,-0.724169,0.714189
10,0.604573,0.796357
10,-0.321396,1.01563
10,-0.654859,0.524036
10,0.215481,1.1007
10,1.04887,0.176272
10,0.0346565,0.994547
10,-0.840956,0.465732
10,1.04275,-0.0286065
10,0.0195801,1.00739
10,0.442292,0.906719
10,1.02937,0.154734
10,0.324573,-0.727775
10,1.80917,-0.6068
10,0.33308,-0.712811
10,1.91028,-0.349083
10,1.95279,-0.289302
10,1.96946,-0.101877
10,0.154649,-0.424747
10,0.537613,-0.760191
10,1.81858,-0.521934
10,0.399657,-0.761194
10,0.542772,-0.833233
10,1.16924,-0.909319
10,1.54692,-0.868811
10,0.0593414,-0.232834
10,0.852427,-0.974764
10,0.0751665,-0.529131
10,1.91542,-0.326322
10,0.051771,-0.172724
10,1.36864,-0.747497
10,1.73466,-0.559533
10,0.433924,-0.783415
10,1.59223,-0.796763
10,0.0121001,-0.016947
10,1.43062,-0.838974
10,1.73499,-0.552876
10,1.46979,-0.973366
10,2.06034,-0.0102214
10,0.0920427,-0.460156
10,0.408163,-0.660071
10,2.02045,-0.418934
10,1.66379,-0.605634
10,1.13019,-0.887345
10,0.00032853,-0.182639
10,0.0831644,-0.0721156
10,0.0194704,-0.614258
10,1.30452,-0.865065
10,-0.135148,-0.210623
10,0.132964,-0.309282
10,2.04735,-0.146897
10,2.02755,-0.0746464
10,0.593408,-0.927435
10,1.8293,-0.336087
10,1.06142,-0.931097
10,0.759259,-0.998477
10,1.83239,-0.369458
10,0.142753,-0.274363
10,0.714293,-0.946689
10,1.89183,-0.0538946
10,1.39777,-0.834226
10,0.399136,-0.697699
10,0.740221,-1.03937
10,1.42945,-0.911993
10,0.999485,-0.986979
10,1.80944,-0.586186
10,1.94213,-0.000770312
10,1.91336,-0.165106
10,1.92798,-0.228583
10,0.51849,-0.877613
10,1.94291,-0.00112834
10,1.47621,-0.791646
10,0.136442,-0.245292
10,0.418446,-0.815211
10,0.394708,-0.660817
10,1.66954,-0.688108
10,1.05834,-0.922072
10,0.225202,-0.692657
10,0.0587237,-0.0115695
10,1.32925,-0.903766
10,1.88088,-0.450058
10,-0.0749736,-0.249748
10,2.01851,0.0621366
10,0.956092,-0.936387
10,0.174323,-0.486917
10,0.417108,-0.781117
10,0.0155203,-0.350715
10,0.132116,-0.284632
10,1.09516,-0.905748
10,0.26803,-0.66013
10,2.04738,-0.167144
10,0.169071,-0.660934
10,1.88217,-0.136232
10,1.79043,-0.507402
10,0.00497668,0.0444896
10,1.39903,-0.868507
10,1.4791,-0.747141
10,1.45844,-0.873177
10,1.4095,-0.80407
10,1.7956,-0.348857
10,1.75075,-0.485295
10,1.22981,-0.896648
10,0.244469,-0.367069
10,0.205163,-0.25311
10,1.02664,-0.958017
10,1.25384,-0.883742
10,2.03806,-0.309374
10,0.099573,-0.080059
10,0.374443,-0.60802
10,2.01236,-0.132876
10,0.313189,-0.739917
10,1.66487,-0.819457
10,0.00448257,-0.198026
10,0.472122,-0.846146
10,1.96248,-0.187861
10,-0.0210184,-0.017478
10,1.24065,-0.929817
10,0.676947,-0.834203
10,1.87565,-0.412886
10,1.04998,-0.904588
10,0.857755,-0.912088
10,1.85195,-0.202311
10,1.14675,-0.913598
10,0.031147,-0.407176
10,0.337899,-0.626
10,0.192609,-0.779473
10,0.279972,-0.62939
10,0.986886,-0.893256
10,1.61767,-0.573218
10,1.20828,-0.950409
10,0.0352566,-0.0542444
10,0.16713,-0.447179
10,1.45508,-0.815342
10,1.96849,-0.204536
10,1.09459,-1.06169
10,0.940909,-0.958676
10,1.8999,-0.254886
10,1.15508,-0.994174
10,1.81431,-0.649109
10,1.28661,-0.926735
10,0.933534,-0.882628
10,1.46715,-0.924946
10,0.0233677,-0.432468
10,1.46586,-0.907208
10,0.292904,-0.578583
10,0.815407,-0.915463
10,0.368318,-0.753326
10,0.820722,-0.941299
10,1.97223,-0.339914
10,1.8997,0.100544
10,1.97596,-0.108794
10,0.783728,-0.967807
10,-0.0104868,-0.270542
10,0.38668,-0.811069
10,1.69157,-0.708795
10,0.011056,-0.391063
10,0.294935,-0.685854
10,0.952826,-0.885491
10,0.5923,-0.839014
10,0.287194,-0.682005
10,1.97494,-0.0467691
10,1.58413,-0.697812
10,-0.0218739,-0.199616
10,1.94069,-0.334961
10,1.14586,-0.851466
10,1.96741,-0.201997
10,0.119665,-0.294218
10,0.669236,-0.916854
10,0.231184,-0.498652
10,1.24457,-0.898321
10,0.166288,-0.222951
10,0.762391,-0.89584
10,0.111361,-0.290378
10,1.95269,-0.0432391
10,0.674609,-0.862845
10,1.79817,-0.600405
10,0.853425,-0.862928
10,0.28244,-0.480481
10,0.969523,-0.963142
10,0.977397,-1.06366
10,0.474029,-0.802345
10,1.93231,0.0664237
10,1.13928,-0.927389
10,0.544877,-0.788915
10,0.306721,-0.468791
10,0.950725,-0.941586
10,1.96087,0.03886
10,1.53681,-0.760189
10,1.33153,-0.832956
10,0.619784,-0.778851
10,0.154763,-0.397658
10,1.74193,-0.558203
10,0.178893,-0.249028
10,0.0892964,-0.288613
10,1.97429,0.0880293
10,1.85942,-0.614192
10,1.23092,-0.968639
10,0.367381,-0.791428
10,1.81812,-0.552332
10,0.16043,-0.37057
10,0.788509,-0.94964
10,0.614053,-0.908713
10,-0.0493687,0.0885746
10,0.584539,-0.945704
10,1.35877,-0.775664
10,0.271188,-0.693231
10,0.745461,-0.933826
10,0.118738,-0.452794
10,-0.00177533,-0.00562289
10,1.11296,-0.934999
10,0.796513,-0.985203
10,1.41719,-0.829639
10,1.5079,-0.784823
10,1.41318,-0.901208
10,0.324784,-0.708876
10,0.530743,-0.791977
10,1.1836,-0.896186
10,0.0615871,-0.410377
10,1.89733,-0.293416
10,1.25516,-0.939323
10,0.109236,-0.411631
10,1.89611,-0.2661
10,0.113404,-0.177069
10,1.17235,-0.935331
10,0.719611,-0.89767
10,0.0491592,-0.276888
10,0.0705129,-0.493899
10,1.52606,-0.805628
10,1.96465,0.0866433
10,1.56733,-0.684553
10,0.00392589,-0.211118
10,0.683505,-0.865614
10,0.276412,-0.688184
10,1.63941,-0.660334
10,0.00610579,-0.343292
10,0.485312,-0.858021
10,0.198977,-0.515419
10,0.0247261,-0.154212
10,0.705723,-0.86996
10,1.75898,-0.719999
10,1.72928,-0.553422
10,1.92854,-0.0876792
10,0.045539,0.0620817
10,0.226998,-0.640808
10,0.0839834,-0.510985
10,1.65215,-0.553685
10,1.86435,-0.518861
10,1.26019,-0.974863
10,0.687345,-0.932709
10,1.98723,0.041297
10,0.411976,-0.666158
10,1.4692,-0.737312
10,1.49759,-0.793649
10,1.96831,-0.20511
10,0.789355,-0.941971
10,-0.00774414,0.00731865
10,1.28148,-0.774124
10,1.57902,-0.70259
10,1.25187,-0.854285
10,1.7892,-0.457777
10,1.93271,-0.297398
10,0.11991,-0.189041
10,0.251639,-0.545954
10,0.616214,-0.85528
10,1.07305,-0.979613
10,0.98844,-0.977434
10,1.5633,-0.723156
10,1.84262,-0.41909
10,0.294781,-0.418914
10,1.93434,-0.0929678
10,2.01191,-0.1102
10,1.81663,-0.557637
10,0.0846081,-0.36473
10,1.80906,-0.669028
10,0.0665365,0.00660843
10,0.385827,-0.73645
10,0.351754,-0.681286
10,0.520116,-0.804667
10,0.994851,-0.875976
10,1.54895,-0.797602
10,0.285375,-0.604093
10,0.233536,-0.588353
10,0.0428891,-0.172153
10,1.31508,-0.899642
10,0.832351,-0.938715
10,-0.0296121,-0.079512
10,0.771198,-0.921621
10,1.09333,-0.905865
10,1.75793,-0.646799
10,1.80202,-0.504694
10,0.612598,-0.933851
10,0.00882583,0.0103797
10,0.768875,-0.929182
10,0.129434,-0.0674279
10,0.712045,-0.882577
10,0.0276019,0.0208729
10,1.53516,-0.804617
10,1.71423,-0.691104
10,0.209528,-0.466489
10,1.19494,-0.978429
10,0.904856,-1.0197
10,0.950152,-0.924693
10,1.96782,-0.264009
10,1.94629,-0.170756
10,0.0132143,-0.266077
10,1.97527,-0.103506
10,1.02969,-0.909459
10,0.850327,-0.975557
10,1.67912,-0.597976
10,1.73619,-0.60161
10,1.24186,-0.888734
10,1.9895,-0.0710469
10,0.661653,-0.802556
10,0.469137,-0.856961
10,0.177257,-0.482765
10,1.24995,-0.784003
10,1.38389,-0.912741
10,0.257184,-0.464179
10,1.74653,-0.680613
10,0.235388,-0.791901
10,0.19682,-0.597657
10,0.859922,-0.907071
10,1.11852,-0.900452
10,0.101865,-0.0918573
10,0.201892,-0.583667
10,1.25466,-0.941385
10,1.66998,-0.662526
10,0.94844,-1.08401
10,0.914838,-0.92003
10,1.28611,-0.931438
10,0.454096,-0.817205
10,0.139715,-0.49897
10,1.87595,-0.541398
10,0.11631,0.010958
10,0.138321,-0.334936
10,1.81634,-0.413836
10,1.52946,-0.961578
10,1.22403,-1.02645
10,1.2452,-0.863062
10,1.84734,-0.478206
10,1.28613,-0.845776
10,0.000105554,-0.33885
10,0.2194,-0.518757
10,0.275709,-0.657946
10,0.225468,-0.470488
10,1.87204,-0.306898
10,1.61325,-0.577897
10,1.79623,-0.677117
10,0.827429,-0.904125
10,-0.0614981,-0.208344
10,0.393018,-0.722505
10,0.401126,-0.731071
10,1.60555,-0.796055
10,1.33256,-0.955982
10,0.153958,-0.461316
10,0.517993,-0.901525
10,1.29713,-0.835672
10,1.29724,-0.906248
10,-0.0419693,-0.113145
10,1.78381,-0.435
10,0.317743,-0.552086
10,1.85612,-0.498316
10,1.00448,-0.850294
10,0.912978,-0.811907
10,1.13184,-0.917863
10,0.577005,-0.876494
10,1.37221,-0.828414
10,2.03194,-0.112881
10,1.36223,-0.775958
10,0.557724,-0.849434
10,1.08814,-0.910968
10,1.04751,-0.939742
10,1.36575,-0.871048
10,0.24751,-0.517818
10,1.85732,-0.526259
10,1.84402,-0.488965
10,1.4227,-0.761258
10,1.78305,-0.623061
10,0.373626,-0.667185
10,0.625167,-0.861408
10,-0.0457288,-0.123081
10,1.75874,-0.680144
10,1.63011,-0.578293
10,-0.0414604,-0.211468
10,2.03367,-0.0254075
10,1.73987,-0.4182
10,1.54497,-0.817832
10,2.00562,0.0436586
10,1.86514,-0.570658
10,1.00135,-0.920429
10,1.19338,-0.899891
10,1.5214,-0.730247
10,2.02882,-0.0835782
10,-0.023601,-0.301173
10,0.403509,-0.706564
10,0.586083,-0.960503
10,1.27915,-0.851091
10,0.0577189,-0.431647
10,1.77367,-0.545652
10,1.9716,0.0434332
10,0.744119,-0.898064
10,0.828166,-0.98813
10,0.0931187,-0.500768
10,1.76403,-0.660689
10,1.55396,-0.750621
10,1.90079,-0.0723608
10,1.89303,-0.388346
10,1.96754,-0.0880052
10,-0.0181326,0.0285617
10,0.259099,-0.607503
10,1.70086,-0.510648
10,0.733205,-0.96619
10,1.02335,-0.878898
10,0.202822,-0.537434
10,0.898284,-0.9426
10,0.100974,-0.254514
10,0.791365,-0.89229
10,0.811459,-0.884714
10,1.06451,-0.851598
10,0.703842,-0.829993
10,1.69454,-0.744942
10,0.792534,-0.922315
10,1.1785,-0.930219
10,0.758405,-0.962515
10,0.934021,-0.977568
10,1.24248,-0.81154
10,0.376079,-0.720832
10,1.06548,-0.866002
10,0.632617,-0.86423
10,0.531295,-0.678313
10,0.505049,-0.827985
10,0.335998,-0.630368
10,1.97856,-0.20568
10,0.726249,-0.964226
10,0.923047,-0.921903
10,1.51615,-0.892651
10,0.3316,-0.53971
10,0.362818,-0.752792
10,-0.00322785,-0.255267
10,0.866367,-0.937969
10,1.63627,-0.682558
10,0.142063,-0.334564
10,0.120118,-0.336064
10,0.0570877,-0.123531
10,1.95669,-0.118003
10,1.71155,-0.667596
10,1.88167,-0.4032
10,1.43917,-0.764314
10,0.153115,-0.548636
10,0.974824,-0.894555
10,1.54856,-0.823475
10,0.743529,-0.934149
10,1.90924,-0.16552
10,2.01097,-0.280141
10,1.95405,-0.422786
10,1.41979,-0.83595
10,0.716994,-0.744623
10,1.59675,-0.746733
10,0.999886,-0.928363
10,0.234288,-0.39891
10,1.64092,-0.67914
10,0.582471,-0.851061
10,1.29999,-0.890851
10,1.47001,-0.869325
10,1.81953,-0.471458
10,1.65341,-0.681504
10,0.128743,-0.200165
10,0.838749,-0.999132
10,0.623231,-0.840493
10,1.53168,-0.78292
10,0.455619,-0.797514
10,1.09463,-1.02384
10,0.121544,-0.280844
10,0.0894087,-0.414576
10,2.00997,-0.0952745
10,2.01398,0.0143823
10,0.850763,-0.797166
10,1.84199,-0.233979
10,1.1172,-0.923582
10,-0.0223538,-0.17131
10,0.213984,-0.783098
10,0.206193,-0.622067
10,1.24599,-0.923469
10,1.45945,-0.751605
10,1.41954,-0.811554
10,0.236439,-0.513722
10,2.02377,-0.22237
10,1.86436,-0.39332
10,1.98053,-0.188384
10,0.424729,-0.698984
10,1.61906,-0.771839
10,1.94172,-0.335754
10,1.78275,-0.605139
10,1.73435,-0.58551
10,-0.0279632,-0.126012
10,0.839736,-0.967962
10,1.96527,-0.0928985
10,0.369704,-0.700645
10,-0.0265993,0.0295596
10,1.17099,-0.912734
10,1.8493,-0.411343
10,1.49851,-0.792399
10,1.50374,-0.785617
10,1.68718,-0.761346
10,2.00421,-0.0912647
10,1.4418,-0.890016
10,1.36436,-0.888402
10,0.0484635,-0.0733164
10,1.81678,-0.486662
10,0.066469,-0.160974
10,1.65534,-0.665542
10,1.5547,-0.880847
10,2.05018,0.0669352
10,0.144244,-0.378784
10,-0.0812246,-0.234566
10,1.14194,-0.819693
10,1.98554,-0.0690599
10,1.80351,-0.418405
10,1.85207,-0.378722
10,1.69354,-0.572408
10,1.96008,0.133935
10,1.03676,-0.948782
10,1.14788,-0.947161
10,0.233125,-0.659135
10,2.04471,0.0543787
10,1.96765,-0.166252
10,0.105638,-0.130628
10,1.36292,-0.838087
10,0.991672,-0.874597
10,0.208012,-0.529479
10,0.0366408,-0.0942216
10,0.943325,-0.977907
10,0.151563,-0.248354
10,1.26541,-0.800192
10,0.125296,-0.443477
10,1.94454,-0.264827
10,1.30535,-0.871383
10,0.864923,-0.818034
10,0.714877,-1.04216
10,0.649985,-0.929495
10,-0.0459809,0.0969643
10,1.85648,-0.458999
10,0.509109,-0.921966
10,0.0684585,0.0670993
10,-0.0068723,-0.351018
10,1.40235,-0.74238
10,1.99778,-0.0830364
10,1.82253,-0.573314
10,0.216256,-0.462862
10,0.295465,-0.728975
10,0.327584,-0.715289
10,1.77263,-0.462779
10,0.119857,-0.453727
10,0.494289,-0.851769
10,1.35898,-0.895205
10,1.93999,-0.0201674
10,0.329538,-0.694712
10,1.6874,-0.647651
10,2.05987,0.0467675
10,0.647118,-0.893437
10,1.80778,-0.47906
10,0.0374776,-0.0626675
10,1.11617,-0.905229
10,0.237543,-0.450929
10,1.89415,-0.530535
10,1.81036,-0.460369
10,0.564219,-0.766786
10,0.961083,-0.92658
10,1.62394,-0.632073
10,1.65591,-0.547552
10,1.85244,-0.4573
10,0.273386,-0.49091
10,0.293968,-0.572809
10,0.0321246,-0.255186
10,0.275153,-0.553651
10,0.938487,-0.824076
10,0.0492202,-0.182806
10,0.0881211,-0.316501
10,0.572837,-0.860826
10,1.93627,-0.256762
10,0.235098,-0.598441
10,1.35771,-0.909299
10,0.0670577,-0.131275
10,0.0806333,-0.00696812
10,0.452302,-0.691372
10,0.752637,-0.830477
10,1.71393,-0.623674
10,0.310182,-0.701584
10,0.246621,-0.505945
10,0.560477,-0.800727
10,-0.000350129,-0.0858476
10,1.83135,-0.320327
10,1.83753,-0.564853
10,1.39218,-0.878454
10,0.587188,-0.820586
10,1.89653,-0.34447
10,0.737898,-0.894635
10,1.8102,-0.158957
10,1.93792,-0.0381837
10,1.15252,-0.904806
10,1.95313,-0.276431
10,0.272724,-0.552922
10,0.24149,-0.701817
10,0.0985402,-0.268397
10,0.0964617,0.124917
10,0.216368,-0.545797
10,-0.0584614,-0.16693
10,0.137626,-0.653192
10,1.53782,-0.801873
10,-0.0482909,-0.139953
10,-0.00669382,-0.3426
10,0.751986,-0.945825
10,0.918918,-0.87352
10,1.0676,-0.902435
10,1.06529,-0.951646
10,0.175859,-0.325603
10,0.386739,-0.584412
10,0.395569,-0.750718
10,1.56735,-0.792967
10,0.150594,-0.527907
10,1.87856,-0.443816
10,1.72346,-0.532292
10,1.20329,-0.94743
10,0.0852713,-0.490148
10,0.294826,-0.631741
10,0.195079,-0.502335
10,1.81192,-0.573874
10,0.157316,-0.373588
10,0.00776955,-0.00984748
10,0.32059,-0.515074
10,1.06249,-0.939157
10,1.79843,-0.692598
10,0.0835838,-0.106729
10,1.48682,-0.870935
10,0.0863331,-0.435296
10,0.070551,-0.413985
10,1.29711,-0.830945
10,0.938966,-0.945549
10,0.149408,-0.476271
10,0.118227,-0.408621
10,-0.0554391,-0.0398181
10,0.599035,-0.895605
10,0.319585,-0.745431
10,0.799167,-0.879935
10,0.305057,-0.621866
10,1.87008,-0.330839
10,1.92313,-0.554686
10,1.21658,-1.00546
10,0.810628,-0.859576
10,0.503503,-0.726916
10,1.156,-1.03744
10,0.0088911,0.0455547
10,2.00948,-0.288457
10,0.705594,-0.744537
10,0.0407215,-0.348268
10,0.0222099,0.101234
10,2.02563,-0.0138253
10,1.92504,-0.119286
10,1.57188,-0.946298
10,2.03065,0.0028874
10,2.08128,-0.181866
10,0.876057,-0.93218
10,0.674273,-0.899621
10,0.551894,-0.81133
10,-0.0962873,-0.179916
10,0.100884,-0.359745
10,0.653648,-0.894627
10,0.0184816,-0.115837
10,1.93539,-0.574172
10,1.71928,-0.606832
10,1.54502,-0.79798
10,1.79048,-0.63608
10,1.93557,-0.481005
10,0.747105,-0.870279
10,0.842201,-0.902504
10,1.92086,-0.141402
10,1.95733,-0.309986
10,0.52074,-0.738642
10,0.776685,-0.829138
10,1.25154,-0.798615
10,0.102763,-0.326737
10,1.98063,-0.149004
10,0.950851,-0.983322
10,1.89224,-0.258471
10,0.374161,-0.698128
10,0.579438,-0.851113
10,0.804187,-0.930171
10,0.510458,-0.811141
10,0.677687,-0.789035
10,0.314815,-0.545057
10,1.63913,-0.641608
10,1.83861,-0.549315
10,0.887889,-0.873232
10,1.00136,-0.912459
10,1.818,-0.261351
10,1.54318,-0.743723
10,0.107142,-0.39308
10,1.30498,-0.902389
10,1.94919,-0.192421
10,0.432088,-0.728999
10,0.739008,-0.819645
10,0.785624,-0.966664
10,0.059959,-0.464834
10,0.00437072,0.0589765
10,0.138779,-0.549477
10,1.2228,-0.921922
10,0.131651,-0.475897
10,0.0951136,0.0424883
10,1.21764,-0.995112
10,0.454555,-0.8472
10,1.63128,-0.632926
10,0.489026,-0.815492
10,0.229706,-0.700815
10,1.39137,-1.02265
10,1.8035,-0.537364
10,1.63822,-0.792158
10,1.68703,-0.653938
10,1.97989,-0.260906
10,0.0568861,-0.0565682
10,0.0406468,-0.281172
10,1.30911,-0.915264
10,0.492694,-0.710998
10,0.49271,-0.753309
10,0.688742,-0.819877
10,1.95628,-0.0733967
10,1.94038,-0.0771673
10,0.356058,-0.761702
10,1.55092,-0.801837
10,0.0925533,-0.376316
10,0.75763,-0.959804
10,0.137952,-0.151923
10,1.82693,-0.433781
10,0.652157,-0.75061
10,1.45778,-0.746625
10,-0.0395347,-0.263859
10,0.58913,-0.837116
10,0.274443,-0.632414
10,1.49688,-0.691291
10,1.97795,-0.324568
10,0.603312,-0.885603
10,0.961711,-0.946193
10,1.16094,-0.96294
10,1.90893,-0.285305
10,0.886266,-0.91747
10,0.53346,-0.818175
10,1.77668,-0.404947
10,0.234623,-0.571809
10,-0.0275079,-0.0430253
10,0.394512,-0.795879
10,0.617817,-0.909942
10,1.06569,-0.98318
10,2.04431,-0.126501
10,1.43743,-0.775551
10,0.113362,-0.228394
10,0.286477,-0.624196
10,0.293184,-0.484052
10,0.34771,-0.782834
10,1.23389,-0.895163
10,1.95303,-0.18695
10,0.135746,-0.479224
10,1.96066,-0.299568
10,1.25825,-0.873455
11,1.03377,0.295189
11,0.135857,1.01821
11,0.748621,0.718111
11,-0.105019,0.976632
11,1.04449,0.129189
11,-1.09466,-0.0284305
11,0.693107,0.775778
11,0.503356,0.875636
11,-0.223742,0.953216
11,-0.968026,0.167412
11,-0.0988233,1.01782
11,-0.728166,0.768522
11,0.993734,0.0918175
11,-0.0929268,1.00393
11,-1.08275,0.0941435
11,0.936761,0.578382
11,-1.047,-0.0160984
11,0.506189,0.926646
11,0.925167,0.472691
11,0.257382,0.894035
11,0.93092,0.190597
11,-0.472742,0.876931
11,-1.03165,0.144365
11,-0.49357,0.791828
11,-0.126929,0.992711
11,-0.216075,0.945248
11,-0.31538,0.975603
11,-0.643313,0.787986
11,-0.952528,-0.0661215
11,0.754394,0.624764
11,-1.01929,0.262213
11,-0.817792,0.679998
11,1.02477,0.104884
11,0.128143,0.919422
11,-0.457161,0.81902
11,-1.01093,0.0872606
11,1.00849,0.0520781
11,0.865056,0.645043
11,0.0193332,0.96891
11,0.833518,0.686443
11,0.867409,0.433859
11,-0.363924,0.857403
11,-0.808116,0.518615
11,0.305249,0.988215
11,-0.259904,0.957724
11,0.843514,0.262792
11,-0.300486,0.952529
11,-1.01555,0.183048
11,0.119593,0.948256
11,0.0050401,0.903801
11,-0.898348,0.165072
11,0.561651,0.873013
11,-0.939272,0.446153
11,0.913245,0.405881
11,-0.992495,0.277274
11,1.01532,0.267627
11,-0.873927,0.263322
11,-0.990153,0.112126
11,-0.889559,0.21576
11,-0.851341,0.497689
11,-0.849368,0.374896
11,0.65273,0.805998
11,-0.952403,0.444469
11,-0.784307,0.648813
11,0.971269,0.163842
11,-0.12792,0.991152
11,0.468879,0.859873
11,0.0373248,0.969761
11,-0.242314,0.981183
11,0.934913,0.515938
11,-0.985613,0.456344
11,-0.926258,0.485722
11,-0.761933,0.652788
11,0.519041,0.91172
11,-0.715201,0.786838
11,-0.833182,0.457558
11,-0.984491,0.308912
11,0.145926,0.993998
11,0.386438,0.901617
11,0.899357,0.280437
11,0.063181,1.01039
11,-0.741482,0.543583
11,0.139901,0.995037
11,1.06162,-0.0618526
11,0.395122,0.932228
11,-0.99495,0.360393
11,0.14144,1.09164
11,0.591185,0.793082
11,-0.998498,0.229035
11,0.468831,0.897236
11,0.991791,0.199432
11,0.847244,0.423995
11,-0.918234,0.489665
11,-0.37018,0.97938
11,-0.854414,0.542958
11,-0.343709,1.01873
11,-0.590585,0.881218
11,-0.949765,-0.0302682
11,0.937956,0.410731
11,0.829995,0.325596
11,1.04926,0.0360683
11,-1.03563,0.0974641
11,0.627864,0.841654
11,-0.848901,0.470538
11,0.428564,1.00843
11,-1.07501,0.178944
11,0.864268,0.37799
11,0.230567,0.941916
11,0.238789,1.05142
11,0.835979,0.531034
11,-0.481802,0.704435
11,-0.264184,0.951138
11,0.79938,0.572825
11,-1.02821,0.380396
11,0.00518465,1
11,-0.399604,0.935469
11,-0.67183,0.67474
11,0.867262,0.506469
11,0.854811,0.648952
11,-0.449525,0.838809
11,-0.638403,0.904936
11,0.834568,0.589431
11,-0.0524154,1.08729
11,0.857326,0.570763
11,0.184342,1.03952
11,0.739227,0.645502
11,0.144684,1.06054
11,-0.654636,0.779176
11,-0.81647,0.381936
11,-1.02044,0.00963228
11,-0.921482,0.324909
11,0.503568,0.782033
11,0.918654,0.273797
11,-0.614133,0.925405
11,0.0730016,0.936155
11,-1.00741,0.252453
11,-0.589369,0.854968
11,-0.920737,0.428949
11,0.143297,0.957915
11,-0.00554222,1.0665
11,0.493252,0.806122
11,0.253616,1.02099
11,0.775685,0.683777
11,0.331024,0.964039
11,0.665971,0.808726
11,1.03647,0.013744
11,-0.799817,0.604877
11,0.581504,0.629859
11,-0.774537,0.812719
11,-0.860517,0.562967
11,-0.498394,0.843373
11,0.698986,0.712708
11,-0.0717173,1.02057
11,0.824474,0.543828
11,0.491779,0.839432
11,-0.477085,0.857753
11,-0.339583,0.930086
11,0.104348,0.985135
11,-0.411337,0.778936
11,0.495182,0.897174
11,1.05023,0.153318
11,-0.401473,0.852176
11,0.860875,0.609464
11,-1.04165,0.119583
11,-0.541631,0.879329
11,-0.933692,0.289273
11,0.466984,0.806437
11,0.772078,0.58122
11,-0.909305,0.0493461
11,1.05821,0.0938585
11,-0.479012,0.901832
11,0.452855,0.856801
11,-1.0047,0.270493
11,0.45725,1.00921
11,0.281889,0.921594
11,-0.532722,0.903017
11,0.727082,0.608181
11,-0.574339,0.720966
11,-0.923543,0.269895
11,-0.0624433,0.980592
11,-0.916138,0.363035
11,0.778447,0.35957
11,0.894106,0.354721
11,0.305923,0.935247
11,0.886907,0.452889
11,-0.660495,0.87493
11,-0.675479,0.825567
11,-0.820483,0.384536
11,0.995391,0.41098
11,-0.87931,0.338135
11,0.928029,0.62116
11,-0.344717,1.00407
11,0.233914,0.958814
11,-0.975607,0.32694
11,-0.980638,0.26898
11,0.883544,0.521392
11,0.428669,0.966604
11,0.936943,0.283886
11,-0.940464,0.25546
11,-0.87398,0.335449
11,0.713154,0.891345
11,-0.875362,0.453666
11,0.0330946,1.0718
11,-0.175448,0.97765
11,0.640434,0.786334
11,0.894954,0.328347
11,-0.0516867,1.03015
11,-0.0126872,1.0002
11,0.720435,0.605283
11,0.994384,0.1239
11,-0.0825374,0.959157
11,0.881258,0.33397
11,-0.856902,0.222219
11,0.910273,0.140492
11,0.621335,0.739204
11,0.163722,1.0217
11,-0.295372,0.891769
11,0.982187,0.378074
11,-0.964373,0.0248621
11,-0.176435,0.958724
11,-0.870031,0.602331
11,-0.382374,0.930681
11,0.212206,0.937687
11,-0.900893,0.139085
11,-0.789173,0.529952
11,1.00264,0.354784
11,0.115225,0.965766
11,-0.496523,0.87529
11,0.770314,0.554019
11,0.165018,0.865369
11,-0.385695,0.833278
11,0.229858,0.952793
11,-0.263536,0.920511
11,0.728251,0.753129
11,-0.098702,1.06129
11,0.910973,0.0421988
11,-0.244782,0.914083
11,1.0075,0.269405
11,-0.473045,0.909648
11,0.771904,0.5942
11,0.949808,0.255954
11,-0.357407,0.944223
11,-0.644593,0.843782
11,-0.245005,0.966814
11,0.864369,0.070287
11,-0.96757,0.214199
11,-0.440121,0.899428
11,-0.908284,0.321041
11,0.910348,0.357493
11,-0.754668,0.647116
11,0.833887,0.64609
11,-0.615695,0.797706
11,-0.84878,0.600466
11,-0.504981,0.86052
11,0.263897,1.03671
11,-0.722697,0.739938
11,-0.883994,0.51109
11,-0.598628,0.798863
11,0.643331,0.785081
11,-0.48678,0.801121
11,0.00859819,1.02585
11,-0.885233,0.439402
11,0.0451151,1.07447
11,-0.852162,0.491225
11,0.595091,0.737046
11,-1.01197,0.46494
11,1.02956,0.465735
11,0.808915,0.56594
11,-1.07016,0.233453
11,0.61349,0.74962
11,-0.417882,0.811417
11,-0.956933,0.164458
11,-0.871738,0.405699
11,-0.366097,0.948893
11,0.80218,0.712454
11,0.247513,1.1031
11,-0.996682,0.0285473
11,-0.547239,0.749457
11,-0.091771,1.03602
11,0.669542,0.55811
11,0.215041,0.954057
11,0.61454,0.760769
11,-0.791839,0.690672
11,-0.648626,0.909593
11,0.210538,1.02326
11,0.198274,0.933321
11,-0.000337205,0.986315
11,-1.08353,0.360373
11,0.687988,0.805281
11,0.0747409,0.987629
11,0.233748,0.887431
11,-0.521291,0.833834
11,1.00936,0.423135
11,0.917942,0.129396
11,0.0940537,0.950623
11,0.07133,0.930433
11,-0.93013,0.31297
11,-0.96854,0.320118
11,-0.862258,0.601068
11,-0.33883,0.988251
11,-1.04096,0.412329
11,-0.127546,1.00864
11,0.688979,0.697785
11,-0.264022,0.91516
11,0.862334,0.337569
11,-0.953914,0.23164
11,-0.472631,1.00552
11,0.964929,0.35393
11,-0.126831,0.820699
11,0.0854094,0.991205
11,-0.953281,0.0649555
11,-0.112973,0.96397
11,-0.983064,0.398491
11,-0.848248,0.576258
11,-0.761276,0.499221
11,-0.895291,0.409682
11,-0.549599,0.825318
11,-0.965805,0.509546
11,0.603673,0.791709
11,-0.336927,1.11561
11,0.139343,1.05677
11,0.899423,0.433482
11,0.617716,0.903377
11,-0.145096,0.994165
11,-0.0267755,0.891174
11,-0.501869,0.887925
11,-0.18883,0.897875
11,0.901614,0.614007
11,0.75061,0.537855
11,0.9535,0.278539
11,-0.388593,1.06855
11,-0.554753,0.659573
11,-0.115285,1.0248
11,-0.778228,0.724839
11,0.149525,1.08074
11,0.0204109,1.02277
11,0.0987094,0.931082
11,-0.989659,0.333446
11,-0.953533,0.313793
11,1.04016e-05,0.938022
11,-0.0846951,0.952911
11,-0.955603,0.0473365
11,0.753518,0.554955
11,0.480328,0.932536
11,0.933291,0.390398
11,0.59146,0.803444
11,0.574492,0.805818
11,1.03223,0.0959373
11,-0.883052,0.518216
11,-0.00282136,1.03494
11,-0.858317,0.487475
11,-0.997686,0.358666
11,-0.69429,0.69783
11,-0.750342,0.570487
11,0.62115,0.720335
11,-0.91277,0.274478
11,0.991782,0.206814
11,0.820888,0.641403
11,-0.0793587,0.948427
11,-0.0285713,1.05096
11,0.704296,0.603641
11,-0.758681,0.703958
11,-0.63666,0.737694
11,0.168433,1.03558
11,-0.6918,0.75176
11,0.903041,0.521337
11,0.176948,0.926527
11,-0.828761,0.478383
11,-0.0114397,0.998882
11,0.54213,0.78172
11,0.48987,0.793609
11,1.09176,0.313027
11,0.598597,0.82793
11,0.772527,0.478781
11,-0.482136,0.851703
11,-0.0571414,1.0431
11,-1.02921,0.160449
11,-0.92539,0.243611
11,-0.748293,0.685801
11,-0.975551,0.118341
11,-0.672771,0.817886
11,0.9794,0.309829
11,0.614302,0.734166
11,-1.05057,0.223292
11,0.96001,0.138961
11,0.469986,0.979935
11,-0.426513,0.846367
11,-0.756762,0.62174
11,0.521897,0.819874
11,-0.166145,1.07026
11,-0.461075,0.96129
11,-0.568053,0.806175
11,0.98382,0.383745
11,-0.868654,0.224359
11,0.576036,0.88332
11,1.00601,0.441289
11,-0.313466,0.987436
11,-0.482989,0.957973
11,-1.0544,0.139083
11,0.000207492,0.88007
11,0.135232,0.988956
11,-0.867757,0.49562
11,-0.879531,0.283186
11,0.00846929,0.947433
11,0.553422,0.915621
11,0.696541,0.618794
11,0.732309,0.654807
11,0.599118,0.720759
11,-1.04785,0.114738
11,-0.979129,0.0827331
11,0.332032,0.857874
11,-1.02344,0.0849586
11,-0.152554,1.05962
11,0.0813543,1.02233
11,-0.314585,0.883909
11,0.0033885,1.07146
11,-0.748516,0.573083
11,0.0954983,1.0431
11,0.433874,0.802144
11,0.570748,0.766108
11,-0.623188,0.869551
11,-0.542217,1.00929
11,0.57545,0.72057
11,0.971064,0.248361
11,-0.446372,0.946598
11,0.790003,0.59732
11,-0.114931,0.960782
11,-0.320039,0.987125
11,-0.252947,0.93848
11,-0.130457,0.968579
11,0.812986,0.253103
11,-0.674916,0.700057
11,-0.953601,0.190806
11,0.792716,0.75656
11,0.0772343,0.981294
11,-0.586611,0.908842
11,-0.731793,0.581494
11,-1.01707,0.146497
11,0.847613,0.535455
11,0.872145,0.588927
11,0.820341,0.317704
11,-0.823797,0.551786
11,0.611538,0.702715
11,-0.254814,1.01452
11,0.421422,0.932728
11,0.838265,0.438565
11,0.43572,0.92449
11,1.01109,-0.0171809
11,-0.674647,0.680585
11,-1.02083,0.0547749
11,-0.945688,-0.0401006
11,0.681036,0.73576
11,0.512075,0.81503
11,0.322018,0.935138
11,1.01509,0.0659738
11,0.522248,0.936817
11,-0.475116,0.925778
11,0.625932,0.736872
11,-1.00854,0.116346
11,0.826715,0.550632
11,-0.128747,1.01919
11,-0.907156,0.594616
11,0.998111,-0.0235552
11,-0.213311,0.905808
11,0.859926,0.436177
11,0.628703,0.648875
11,0.954622,0.0315089
11,-0.968681,0.124685
11,-0.189521,0.912872
11,-0.986959,0.0368763
11,-0.137913,1.03699
11,-0.948501,0.186288
11,-0.936721,0.459139
11,-0.147515,0.948735
11,-0.512768,0.926933
11,0.480795,0.868984
11,-0.639979,0.700471
11,-0.0557448,1.0485
11,0.773643,0.604211
11,-0.827961,0.515216
11,0.846105,0.540586
11,0.78457,0.536846
11,0.649304,0.743326
11,-0.913568,0.105954
11,0.872995,0.504327
11,0.362047,1.03383
11,-0.118013,1.0306
11,0.714866,0.755837
11,-0.989535,0.0376109
11,-0.979617,0.321491
11,-0.450244,1.06128
11,-0.116914,1.0758
11,-1.05581,0.100496
11,0.385084,0.98247
11,0.192412,0.879024
11,-0.0319178,1.0193
11,0.889778,0.648559
11,-0.903926,0.262479
11,-0.63254,0.97926
11,0.790242,0.720165
11,1.00125,0.143936
11,0.933986,0.383443
11,0.193156,1.02889
11,-0.99974,0.316167
11,-0.253857,0.860572
11,-0.905134,0.462454
11,0.401781,0.80698
11,0.27046,0.954288
11,-0.962334,0.500469
11,0.251111,1.03576
11,0.63295,0.767444
11,0.85007,0.402666
11,1.14162,0.3203
11,0.575851,0.912683
11,-1.00722,0.174447
11,1.0983,-0.0104336
11,0.788433,0.363561
11,0.959565,0.375856
11,0.87069,0.522355
11,-0.802733,0.654248
11,0.913256,0.357338
11,-0.398602,0.933283
11,-0.927106,0.247681
11,0.873599,0.304469
11,-1.04662,0.249191
11,-0.111628,1.03043
11,-0.999408,0.1094
11,-0.965948,0.228169
11,0.89392,0.0137504
11,0.634207,0.790496
11,-0.21238,0.983973
11,-0.0289758,1.00783
11,0.671536,0.786604
11,-0.357525,0.903846
11,-0.659915,0.819953
11,0.875565,0.589598
11,-1.0303,0.346619
11,1.01695,0.411507
11,0.8671,0.337645
11,0.78207,0.693759
11,-0.859365,0.467437
11,1.09715,0.022182
11,0.673222,0.767534
11,-0.94518,0.259432
11,-0.865997,0.585429
11,-0.0382986,0.871958
11,0.582779,0.729464
11,1.06434,0.185974
11,-0.306559,0.995459
11,0.155007,1.01173
11,-0.439595,0.828549
11,-0.896999,0.518765
11,0.95441,0.390922
11,0.677395,0.824687
11,-0.968383,0.015224
11,-0.910386,0.382431
11,-0.835096,0.405569
11,-1.05847,0.355691
11,0.88137,0.371853
11,0.691544,0.77251
11,0.884348,0.493659
11,0.29902,0.948867
11,0.84112,0.622893
11,0.41387,0.958674
11,-0.516639,0.82562
11,0.331915,0.994225
11,-1.03866,-0.0287719
11,0.367142,0.827462
11,-0.4542,0.890506
11,0.664151,0.601615
11,0.422901,0.835161
11,-1.02584,0.43425
11,-0.193717,0.968509
11,-0.451756,0.865144
11,-0.168379,0.907262
11,0.950135,0.215429
11,-0.0388738,1.05549
11,0.961595,0.0623402
11,-0.508775,0.699444
11,1.00111,0.442896
11,0.658605,0.677078
11,0.566128,0.758828
11,-0.912445,0.165281
11,-0.434771,0.875301
11,-0.92533,0.499501
11,0.225911,1.08724
11,0.744791,0.631113
11,0.848762,0.592359
11,0.134589,1.05124
11,0.563588,0.844117
11,-0.310946,0.821789
11,-0.726646,0.470578
11,-0.517983,0.815561
11,0.569675,0.816626
11,-0.968874,0.172564
11,-0.830892,0.381992
11,-0.420728,0.859221
11,-0.411741,0.915837
11,0.475349,0.803535
11,-0.83592,0.506372
11,1.00953,0.335633
11,0.953543,0.385379
11,0.749387,0.705535
11,0.744332,0.581074
11,0.702767,0.698374
11,1.0897,0.0910084
11,-0.722333,0.76681
11,-0.686841,0.865132
11,-0.790728,0.531417
11,-0.832155,0.560543
11,-0.162488,0.943942
11,-0.83333,0.269844
11,0.918612,0.32072
11,0.580845,0.920841
11,0.740486,0.589693
11,-0.781589,0.665097
11,-0.901926,0.475752
11,0.796828,0.51051
11,1.08287,0.0747453
11,1.00028,-0.0190611
11,-0.482248,0.83233
11,0.419219,0.852181
11,-0.202584,0.891391
11,-0.932836,0.149483
11,-0.856702,0.34629
11,0.810079,0.311173
11,0.511161,1.02766
11,-0.156464,0.939408
11,0.210882,0.968218
11,1.00998,0.165731
11,0.999087,0.413523
11,-0.347176,0.975182
11,0.954553,0.565211
11,-0.706579,0.609648
11,-0.699569,0.876041
11,0.162629,0.915845
11,0.982863,-0.0163717
11,0.636649,0.696508
11,0.428645,0.93329
11,-0.113492,0.986208
11,1.05269,0.16879
11,0.221316,0.863939
11,0.453714,0.984
11,0.813005,0.551919
11,-0.933339,0.35319
11,1.01393,-0.0365558
11,-0.682497,0.822419
11,0.691024,0.723267
11,-0.78728,0.729337
11,-1.08751,0.112044
11,0.110362,0.963487
11,0.909481,0.51515
11,-0.994645,-0.085156
11,0.819644,0.391273
11,0.582828,0.924936
11,-0.96204,0.362407
11,0.899005,0.368354
11,-0.619324,0.693123
11,0.748797,0.564719
11,1.06713,0.358582
11,0.15658,0.977752
11,0.57133,0.828649
11,0.307431,0.848484
11,1.01724,0.280866
11,-0.875466,0.58971
11,0.673859,0.60647
11,-1.00935,0.420539
11,0.462,0.852516
11,0.336734,1.09783
11,0.601036,0.989225
11,-0.836804,0.374703
11,-0.177004,0.836314
11,0.874211,0.501733
11,-0.805414,0.7052
11,0.607726,0.918974
11,0.859792,0.301411
11,-0.829661,0.511402
11,-0.713979,0.791687
11,0.544943,0.8108
11,0.371572,0.87408
11,-0.498594,0.78719
11,0.641706,0.7469
11,0.0238634,0.979454
11,-0.670376,0.651646
11,-0.0547629,0.968195
11,0.537168,0.881872
11,0.316357,0.878863
11,0.813149,0.568736
11,-0.43567,0.884413
11,0.835545,0.439996
11,-0.975451,0.245684
11,0.804011,0.346816
11,-0.701254,0.727696
11,-0.24359,0.953584
11,-0.839495,0.806756
11,-0.798432,0.652672
11,0.942728,0.365506
11,-0.903834,0.354799
11,0.892937,0.469018
11,-0.00273588,0.949633
11,0.756056,0.53197
11,-0.478425,0.962525
11,0.245113,0.866261
11,0.784678,0.531233
11,-1.03616,0.147266
11,-0.590667,0.862726
11,-0.765573,0.628636
11,-0.943455,0.552488
11,-0.912453,0.362571
11,-0.507375,0.826622
11,-1.13037,-0.00774035
11,-0.170785,0.996473
11,0.0406701,1.06892
11,-1.00951,0.282477
11,-0.941788,0.367735
11,-0.142552,0.925928
11,-0.639011,0.805282
11,-0.700014,0.718032
11,0.89012,0.489178
11,-0.841681,0.622926
11,1.04343,0.425121
11,0.887779,0.025372
11,-0.911158,0.122903
11,-0.955641,0.0894029
11,-0.287256,0.916141
11,0.83743,0.741024
11,-0.960147,0.0805956
11,0.718226,0.698268
11,0.865377,0.264219
11,0.353998,0.84619
11,0.670118,0.73068
11,-0.285115,1.05241
11,0.220432,0.91726
11,-0.56495,0.829839
11,-0.285342,0.864312
11,0.747713,0.626116
11,0.852658,0.242019
11,1.0261,0.441711
11,-0.927247,0.4652
11,1.01448,0.111975
11,0.0363162,1.0687
11,0.943643,0.01226
11,0.705275,0.810181
11,0.378408,0.868712
11,-0.0644522,0.984184
11,-0.127069,0.883815
11,-0.0206564,1.04778
11,-0.870295,0.566261
11,0.792259,0.614874
11,0.963739,0.426086
11,0.518432,-0.8956
11,1.26231,-0.891439
11,1.86922,-0.426141
11,1.62274,-0.829786
11,0.419705,-0.715997
11,0.687806,-1.02869
11,0.0543698,-0.376894
11,0.886589,-1.19577
11,1.53332,-0.975532
11,1.63045,-0.870786
11,0.814325,-0.93092
11,0.470624,-0.745909
11,0.0927107,-0.421772
11,1.69523,-0.670452
11,1.15344,-1.01171
11,0.259012,-0.69426
11,0.526776,-0.789673
11,1.76146,-0.660311
11,0.53906,-0.924776
11,0.452823,-0.863861
11,0.826784,-0.885834
11,0.650162,-0.91569
11,0.0536978,-0.270389
11,0.72359,-0.941341
11,1.39066,-0.957016
11,2.06305,-0.142963
11,0.298397,-0.833429
11,1.96407,-0.116308
11,1.99183,0.0162944
11,1.86138,-0.226771
11,0.128553,-0.624618
11,1.95609,-0.393317
11,0.796193,-1.06997
11,0.991967,-1.04219
11,0.199429,-0.312401
11,1.22305,-0.911235
11,-0.0253432,0.00577899
11,0.766888,-0.913412
11,0.120464,-0.381998
11,1.94757,-0.246329
11,0.506948,-0.897483
11,1.79816,-0.53264
11,0.232138,-0.679551
11,2.17227,0.0243577
11,1.68177,-0.852578
11,1.93024,-0.464039
11,1.53084,-0.882391
11,1.59553,-0.911559
11,0.872557,-1.03346
11,0.837981,-0.946017
11,0.268581,-0.745593
11,1.77073,-0.708094
11,-0.00109124,-0.105096
11,1.99317,-0.375154
11,0.165446,-0.660719
11,1.9755,-0.590223
11,0.143802,-0.607915
11,1.52477,-0.770761
11,0.229861,-0.661812
11,1.69251,-0.872414
11,1.98146,-0.110427
11,0.00446277,-0.513429
11,0.271091,-0.744907
11,1.18841,-0.916469
11,1.93566,-0.0377889
11,1.85049,-0.603191
11,0.259783,-0.697696
11,1.74972,-0.642858
11,1.8281,-0.554521
11,0.4217,-0.981571
11,1.14034,-0.997527
11,1.99987,-0.46287
11,1.42681,-0.905467
11,1.8132,-0.678911
11,0.462943,-0.920833
11,0.505447,-1.06936
11,0.396121,-0.800669
11,0.105028,-0.114291
11,1.57218,-0.738949
11,0.45937,-0.727978
11,1.90904,-0.427896
11,0.928607,-1.12163
11,0.114976,-0.613616
11,1.11137,-1.0193
11,1.18188,-1.07759
11,1.91061,-0.338046
11,0.767276,-1.01391
11,0.132448,-0.784591
11,0.866798,-1.00384
11,1.79973,-0.585458
11,1.24049,-1.02432
11,1.8887,-0.542408
11,0.812287,-0.997127
11,1.74704,-0.708544
11,1.5216,-0.808641
11,1.04242,-1.08741
11,0.88035,-1.03207
11,0.306441,-0.800711
11,0.690805,-0.962884
11,1.25642,-0.983959
11,0.124659,-0.242027
11,0.692611,-1.00123
11,1.3444,-0.879656
11,2.01701,-0.169051
11,1.45195,-0.903242
11,1.23042,-1.03726
11,1.2644,-0.984446
11,2.01439,-0.248758
11,0.0153326,-0.432171
11,0.791225,-1.01129
11,1.80299,-0.59915
11,-0.0344496,-0.0250835
11,0.6565,-1.03042
11,1.47458,-0.881255
11,0.620782,-0.800691
11,1.91168,0.00463022
11,1.62253,-0.750481
11,0.46333,-0.920344
11,1.77516,-0.705352
11,0.341445,-0.781291
11,0.617043,-0.911816
11,0.0388449,-0.551465
11,0.137593,-0.249029
11,0.325324,-0.800111
11,0.130767,-0.56382
11,0.801043,-0.970539
11,0.281716,-0.6672
11,0.881258,-0.893036
11,2.07059,0.0342384
11,1.87254,-0.468309
11,0.398478,-0.898694
11,1.3978,-0.92496
11,1.46448,-0.859398
11,0.270659,-0.879531
11,1.35186,-1.00647
11,2.05456,-0.136036
11,1.45199,-0.904731
11,0.730273,-0.990426
11,0.043042,0.00387017
11,2.00068,-0.131759
11,1.75278,-0.770347
11,1.96651,-0.31599
11,0.387541,-0.804156
11,0.615109,-0.891775
11,0.621047,-0.898402
11,1.09664,-1.02073
11,0.166612,-0.616492
11,1.2261,-0.955909
11,0.329345,-0.799368
11,1.20175,-0.961162
11,0.584549,-0.991668
11,1.92368,-0.251468
11,0.772633,-0.974004
11,1.79054,-0.511124
11,0.0859964,-0.352873
11,1.99134,-0.194488
11,0.05287,-0.529904
11,1.49927,-0.85039
11,-0.00462559,-0.155501
11,1.73638,-0.695262
11,0.149017,-0.575546
11,1.37512,-1.02208
11,1.58322,-0.856752
11,0.362017,-0.765012
11,0.592041,-0.984728
11,0.725749,-0.913146
11,0.612217,-0.943611
11,0.354558,-0.777246
11,0.308436,-0.788601
11,0.604602,-0.997329
11,1.80055,-0.552026
11,0.0889791,-0.290543
11,0.635494,-0.998721
11,0.938118,-1.1995
11,1.96667,-0.23265
11,1.83277,-0.603985
11,0.00849532,-0.148882
11,1.74715,-0.667854
11,0.109418,-0.431389
11,0.88605,-0.96803
11,1.85308,-0.662391
11,0.659953,-0.961379
11,0.0462584,-0.305381
11,1.06801,-0.927158
11,1.72883,-0.633292
11,0.804106,-1.08859
11,0.0619185,-0.360634
11,1.93258,-0.197645
11,0.427464,-0.809126
11,0.0584953,-0.235318
11,0.00745513,-0.368412
11,0.359651,-0.713882
11,1.98273,-0.344662
11,1.62262,-0.771135
11,2.00921,-0.430406
11,0.655903,-1.08953
11,0.730717,-0.933087
11,0.328717,-0.759201
11,0.928295,-1.03404
11,0.245976,-0.715428
11,1.89219,-0.342993
11,0.356001,-0.806523
11,0.178942,-0.559434
11,1.93628,-0.482534
11,1.60131,-0.828015
11,2.07175,-0.0196229
11,0.537515,-0.762162
11,1.87184,-0.444441
11,-0.0558032,-0.33856
11,1.93228,-0.356948
11,1.54336,-0.798062
11,0.217885,-0.710652
11,0.235367,-0.77333
11,0.962544,-0.993764
11,0.0373151,-0.374747
11,1.10894,-0.896719
11,0.770927,-0.998525
11,0.173276,-0.531905
11,2.02027,-0.344702
11,0.22089,-0.643463
11,1.84452,-0.629059
11,0.241457,-0.757052
11,0.434966,-0.829028
11,0.36345,-0.694775
11,0.920273,-0.99849
11,1.21159,-0.887106
11,1.91739,-0.619057
11,1.95377,-0.659029
11,0.8331,-1.05734
11,1.78006,-0.608666
11,0.845061,-0.952339
11,1.64073,-0.852008
11,1.99434,-0.0807514
11,1.94776,-0.300486
11,1.47837,-0.859673
11,1.88879,-0.462411
11,0.485262,-0.844269
11,1.91188,-0.399115
11,1.67128,-0.858748
11,1.73896,-0.771696
11,1.97948,-0.210174
11,1.66782,-0.821417
11,0.262251,-0.761011
11,1.96766,-0.454059
11,2.03099,-0.08866
11,1.03235,-1.00645
11,2.0377,-0.141742
11,1.59068,-0.929376
11,0.582668,-0.881898
11,0.577823,-1.01462
11,1.57987,-0.815019
11,0.238824,-0.759007
11,0.374765,-0.680103
11,0.0794348,-0.506652
11,1.31264,-0.833235
11,1.72845,-0.860411
11,1.71477,-0.727685
11,0.402883,-0.760457
11,2.12236,-0.0599974
11,0.355085,-0.796214
11,0.795749,-0.881605
11,1.79611,-0.50824
11,1.42691,-0.925066
11,1.89815,-0.368894
11,1.96002,-0.148055
11,0.825967,-1.13875
11,0.736883,-0.985767
11,1.88174,-0.237737
11,1.48642,-1.06443
11,1.13326,-1.03225
11,0.445409,-0.932883
11,0.248576,-0.649484
11,1.95226,-0.34771
11,1.95386,-0.335625
11,1.21572,-1.00942
11,1.92503,-0.563598
11,1.26918,-0.956008
11,1.04282,-1.07246
11,0.367019,-0.826992
11,1.01308,-0.970066
11,0.539696,-0.962077
11,1.50295,-0.906995
11,0.984309,-0.960936
11,0.585264,-0.933839
11,0.946052,-1.03463
11,0.634666,-0.954675
11,0.00887161,-0.188736
11,1.09774,-1.03059
11,1.98299,-0.0817348
11,0.300836,-0.789508
11,0.649449,-0.939048
11,1.67169,-0.803487
11,1.43165,-0.889449
11,1.95293,-0.116021
11,0.923438,-1.04004
11,0.235865,-0.699082
11,0.0949133,-0.549526
11,1.19353,-0.997412
11,1.22359,-0.933547
11,1.63605,-0.785442
11,0.302031,-0.773512
11,2.06726,-0.317843
11,2.04865,-0.104954
11,-0.0156427,-0.15808
11,1.17949,-1.05119
11,0.0562019,-0.120041
11,2.02209,-0.0740284
11,0.0592427,-0.364167
11,-0.0107078,0.00805653
11,0.787921,-0.985652
11,1.46266,-0.813709
11,0.710746,-0.935584
11,0.104195,-0.516585
11,0.88823,-1.05854
11,0.170671,-0.664476
11,0.188089,-0.504662
11,1.49656,-0.702561
11,0.0564424,-0.312559
11,0.298491,-0.777561
11,1.56084,-0.995684
11,0.259235,-0.432384
11,0.15846,-0.51233
11,2.02812,-0.32243
11,1.5891,-0.83261
11,2.03133,-0.0511166
11,0.11583,-0.695012
11,0.0961207,-0.470891
11,1.84812,-0.515349
11,1.86919,-0.445818
11,0.226125,-0.587596
11,0.444144,-0.825983
11,0.564446,-0.989891
11,1.78541,-0.411474
11,0.801753,-0.870161
11,1.67399,-0.726958
11,0.426593,-0.950943
11,1.95407,-0.197594
11,1.77802,-0.5997
11,1.35801,-0.937122
11,0.0235098,-0.055935
11,1.94517,-0.427229
11,0.714691,-1.07205
11,0.790048,-0.946444
11,0.319382,-0.716068
11,0.686063,-0.918169
11,0.0348962,-0.347044
11,1.56725,-0.739732
11,1.46686,-0.859891
11,1.61226,-0.722446
11,0.00526741,-0.315605
11,1.58757,-0.753425
11,0.0396385,-0.228792
11,1.04221,-0.967516
11,0.64327,-1.06944
11,1.58985,-0.825437
11,1.14003,-1.01956
11,1.22125,-0.922787
11,1.72977,-0.7687
11,1.66799,-0.815132
11,0.389198,-0.657253
11,2.02759,-0.266454
11,0.021967,-0.242508
11,1.73246,-0.880855
11,1.70782,-0.77482
11,0.775517,-0.861414
11,1.97417,-0.286314
11,0.727001,-0.98228
11,1.84925,-0.563858
11,1.3533,-0.922358
11,1.97518,-0.0261492
11,1.0491,-0.997627
11,1.79334,-0.410643
11,0.919643,-0.940003
11,0.29423,-0.57428
11,1.79087,-0.570683
11,0.0166312,-0.163968
11,0.00252768,-0.503632
11,1.80532,-0.767727
11,2.03891,-0.128631
11,0.320201,-0.74603
11,0.441839,-0.957301
11,1.03912,-1.00795
11,1.28638,-1.06835
11,0.346657,-0.617768
11,0.365595,-0.889351
11,0.218422,-0.471608
11,0.619342,-0.996006
11,0.696089,-1.02832
11,0.622333,-0.977183
11,0.869818,-1.06492
11,1.49783,-0.951068
11,0.803509,-1.01935
11,1.47763,-0.870509
11,1.05596,-1.02317
11,0.320274,-0.735003
11,1.86859,-0.4675
11,0.0770502,-0.241041
11,1.8321,-0.548105
11,1.36375,-0.935404
11,0.787336,-0.99644
11,1.1791,-1.04261
11,0.30495,-0.765908
11,1.12766,-1.08202
11,1.83661,-0.470655
11,1.97043,-0.0291525
11,1.81433,-0.634656
11,0.751511,-1.02964
11,0.000196144,-0.508997
11,-0.060876,-0.286501
11,1.75088,-0.559098
11,2.09521,-0.173212
11,1.79412,-0.543576
11,0.356899,-0.8854
11,0.346698,-0.708039
11,2.0153,-0.0614669
11,0.472842,-0.836529
11,1.06375,-0.990833
11,0.131672,-0.341205
11,1.45324,-0.955516
11,1.4711,-0.847686
11,2.02893,-0.308772
11,0.0676814,-0.536893
11,1.20342,-0.998744
11,1.61247,-0.873242
11,1.59674,-0.935061
11,1.76819,-0.821313
11,0.259812,-0.691252
11,1.10265,-0.924029
11,0.0488278,-0.385916
11,1.09401,-1.06461
11,0.932314,-1.01943
11,1.22404,-0.971003
11,0.176548,-0.485116
11,0.690953,-0.92378
11,1.26205,-0.843806
11,1.39074,-0.903661
11,1.09884,-0.99268
11,1.20695,-0.972423
11,1.92136,-0.566625
11,1.9698,0.00792727
11,1.23805,-0.959377
11,1.62985,-0.931727
11,0.0535631,-0.443634
11,1.85973,-0.56334
11,1.86869,-0.482124
11,0.0742983,-0.0241484
11,0.0807674,-0.649021
11,1.72865,-0.504867
11,0.255764,-0.763863
11,1.89696,-0.604151
11,1.66981,-0.826435
11,0.392255,-0.705714
11,0.434408,-0.86425
11,1.95427,-0.415909
11,-0.0317146,-0.0695868
11,-0.0440745,-0.115682
11,0.162343,-0.534702
11,0.0942122,-0.455203
11,0.912947,-1.00417
11,1.95828,-0.0939165
11,0.0674795,-0.269952
11,1.42501,-0.858719
11,1.00485,-1.07991
11,0.15198,-0.469443
11,1.54155,-0.750255
11,1.18885,-1.02661
11,2.00692,-0.234432
11,1.8603,-0.690952
11,0.326591,-0.808895
11,0.0354632,-0.275263
11,0.547938,-0.924285
11,0.314902,-0.784685
11,1.16032,-0.987822
11,0.394437,-0.835419
11,0.390984,-0.808404
11,1.51649,-0.795994
11,1.34376,-0.845731
11,0.263943,-0.753378
11,1.57892,-0.832099
11,1.45882,-0.781709
11,0.463597,-0.722851
11,1.97185,-0.306152
11,0.933227,-1.07094
11,0.619676,-0.90606
11,0.348138,-0.791463
11,1.38888,-1.05363
11,1.75219,-0.685134
11,1.62591,-0.796973
11,0.164278,-0.444423
11,0.00537854,-0.03318
11,0.495428,-0.951094
11,0.382299,-0.777338
11,0.159995,-0.632894
11,1.97405,-0.288968
11,0.534018,-0.95983
11,0.589164,-0.941571
11,1.08635,-0.997241
11,0.284605,-0.616484
11,0.195788,-0.726603
11,0.564323,-0.931735
11,1.36385,-1.03971
11,0.931662,-0.91861
11,0.995807,-1.06013
11,2.05766,-0.242086
11,1.91308,-0.305637
11,0.254479,-0.607836
11,0.0493592,-0.208793
11,0.188119,-0.556387
11,0.254216,-0.738964
11,0.267555,-0.790522
11,0.821386,-1.0686
11,1.34436,-1.02684
11,0.0610269,-0.299025
11,1.96537,-0.344922
11,1.90363,-0.143131
11,0.292179,-0.826425
11,0.931089,-1.0323
11,1.05977,-1.05463
11,1.32143,-0.978596
11,0.0913879,-0.0830518
11,0.37039,-0.777686
11,1.05902,-1.1592
11,0.350356,-0.879159
11,0.317155,-0.749321
11,0.0771485,0.0440481
11,0.280461,-0.757071
11,1.97915,0.0740917
11,1.57461,-0.909322
11,0.128169,-0.545841
11,0.0469751,-0.419119
11,0.579784,-0.898689
11,1.18607,-1.00994
11,1.99025,-0.141478
11,0.777012,-1.02721
11,1.89943,-0.515928
11,0.679895,-1.04979
11,1.48401,-0.940091
11,1.44296,-0.815118
11,0.0420628,0.0139211
11,1.44607,-1.00219
11,1.96783,-0.338693
11,-0.0526807,-0.194378
11,2.00219,-0.250722
11,0.0547606,-0.623627
11,0.417612,-0.844116
11,1.7266,-0.606219
11,0.566748,-1.0006
11,0.893578,-0.966534
11,0.828141,-0.892382
11,1.60139,-0.717617
11,0.423563,-0.88855
11,1.98005,-0.310454
11,-0.040441,-0.398027
11,1.37408,-0.968254
11,1.57983,-0.888805
11,1.11223,-0.929311
11,1.87684,-0.0400278
11,1.73514,-0.606499
11,1.48144,-0.872875
11,0.96194,-0.988857
11,1.93664,-0.0952635
11,1.83585,-0.509417
11,0.0154672,-0.27708
11,0.848184,-1.03992
11,0.465895,-0.785263
11,0.578097,-0.937656
11,1.83748,-0.598072
11,0.61214,-0.985972
11,2.02513,-0.19663
11,1.92614,-0.355811
11,1.97159,-0.214869
11,1.88486,-0.42406
11,1.97113,-0.348447
11,0.446006,-0.766272
11,1.39548,-0.964109
11,1.66652,-0.703433
11,1.94638,-0.0196588
11,0.238734,-0.669094
11,0.175286,-0.673294
11,0.760028,-1.08589
11,0.0445391,-0.400654
11,1.82524,-0.385884
11,1.80387,-0.754321
11,0.655303,-1.00164
11,1.20793,-1.03373
11,1.81119,-0.611038
11,0.0777864,-0.481366
11,0.306818,-0.887395
11,0.64565,-0.872506
11,1.85993,-0.215876
11,0.351939,-0.845915
11,2.0729,-0.0288809
11,1.99882,-0.215401
11,0.129308,-0.508232
11,0.438556,-0.776328
11,1.8886,-0.176824
11,1.36445,-0.844419
11,1.33139,-1.01739
11,0.0483648,-0.115419
11,-0.044457,-0.203306
11,0.356179,-0.855958
11,-0.0468159,-0.339631
11,1.9642,-0.224398
11,1.60846,-0.881464
11,1.6969,-0.630875
11,1.64881,-0.735953
11,1.91595,-0.328631
11,1.06285,-1.04883
11,1.2213,-0.881566
11,0.0162838,-0.259962
11,2.05675,-0.230536
11,1.36695,-1.02402
11,1.15749,-0.931515
11,1.6862,-0.623717
11,0.246048,-0.624835
11,0.0652504,-0.174889
11,1.48044,-0.946762
11,1.82083,-0.443463
11,0.12579,-0.385135
11,1.5248,-0.924377
11,-0.0405529,0.0334677
11,0.303004,-0.668023
11,1.85339,-0.577488
11,2.05788,-0.156574
11,1.9536,-0.235595
11,0.546357,-1.00958
11,0.567403,-0.811854
11,2.00098,-0.215188
11,1.84521,-0.553094
11,2.00897,-0.489989
11,1.95506,-0.454225
11,0.173721,-0.805228
11,0.321743,-0.817459
11,-0.00159695,-0.243782
11,1.9297,-0.436831
11,1.94866,-0.327843
11,1.96994,-0.0784298
11,0.337022,-0.89983
11,0.725131,-1.02497
11,0.140623,-0.50636
11,1.40871,-0.871309
11,0.892648,-0.950054
11,1.984,-0.164324
11,1.83245,-0.538344
11,0.477779,-0.775614
11,0.123988,-0.60788
11,1.67734,-0.861261
11,1.79945,-0.721842
11,2.02104,-0.214874
11,1.93646,-0.013697
11,1.97632,-0.39427
11,1.82938,-0.694637
11,0.462201,-0.841748
11,0.0657324,-0.43248
11,0.0550366,-0.291387
11,1.5653,-0.939703
11,0.906456,-1.16118
11,1.41135,-0.851532
11,0.375905,-0.732499
11,0.440184,-0.825957
11,1.75929,-0.800945
11,0.885071,-0.919353
11,0.689256,-1.04886
11,-0.00729828,-0.278966
11,0.0857769,-0.566832
11,1.56732,-0.809007
11,0.371186,-0.751037
11,0.376212,-0.834701
11,0.00226568,-0.0162964
11,0.310495,-0.801351
11,0.649958,-1.02072
11,1.98533,-0.124167
11,1.92604,-0.417429
11,1.60551,-0.8
11,0.196738,-0.501345
11,0.238695,-0.609929
11,0.321986,-0.622549
11,0.952746,-1.15636
11,1.02252,-0.916185
11,0.359269,-0.792601
11,1.46067,-0.936885
11,0.610085,-0.906919
11,0.980224,-1.04848
11,1.54061,-0.768354
11,1.40943,-0.915705
11,0.395325,-0.736877
11,1.90937,-0.0780103
11,1.42361,-0.907012
11,0.0554026,-0.0458479
11,1.99547,-0.232203
11,1.98229,-0.369881
11,1.28324,-1.07217
11,0.824836,-1.04448
11,0.798473,-1.01688
11,2.0758,-0.190151
11,0.0514587,-0.276506
11,0.419858,-0.9507
11,0.193964,-0.204849
11,1.39167,-0.961007
11,1.61483,-0.85531
11,1.84039,-0.516706
11,-0.0446767,-0.222899
11,0.830558,-0.961423
11,0.228191,-0.559228
11,1.17011,-1.0679
11,0.982907,-0.931701
11,0.355928,-0.861482
11,1.05106,-0.912947
11,0.252284,-0.74646
11,0.898222,-0.940309
11,1.92897,-0.487892
11,0.164286,-0.299649
11,0.802305,-1.05849
11,1.82419,-0.316758
11,0.957508,-1.01217
11,1.13485,-0.958938
11,-0.199923,-0.0389339
11,0.915741,-1.05181
11,1.59451,-0.759379
11,0.61125,-1.10036
11,1.86019,-0.496177
11,0.605493,-0.997941
11,1.71371,-0.673061
11,0.531594,-0.820656
11,1.05704,-1.08044
11,0.26773,-0.540789
11,1.8811,-0.39173
11,0.430243,-0.834037
11,0.774419,-1.07899
11,0.653919,-0.95182
11,1.9192,-0.458533
11,2.00073,-0.0884881
11,-0.0518271,-0.143996
11,0.499061,-1.09017
11,0.287121,-0.698315
11,1.42526,-0.897666
11,0.502322,-0.855881
11,1.35906,-1.00506
11,1.5927,-0.878434
11,1.66143,-0.876349
11,0.083564,-0.645662
11,1.75704,-0.738868
11,1.91021,-0.56277
11,-0.0185168,-0.64604
11,0.664973,-0.920789
11,0.325813,-0.870251
11,0.146334,-0.533619
11,-0.0364366,-0.238017
11,1.65942,-0.620583
11,1.44894,-0.896421
12,0.35657,0.962014
12,0.330143,0.882573
12,0.172071,1.00396
12,0.360927,0.926955
12,-0.765831,0.84098
12,0.988357,0.297319
12,0.511848,0.685179
12,0.779851,0.816989
12,-0.565724,0.739209
12,0.404058,0.982407
12,0.946615,0.317452
12,0.263038,0.973089
12,-0.95938,0.23862
12,0.929513,0.365183
12,0.551285,0.906044
12,1.00406,0.529602
12,0.588917,0.852138
12,0.729992,0.691411
12,0.735707,0.56193
12,1.04495,0.0920761
12,1.00895,0.272602
12,0.967628,-0.0483403
12,0.879057,0.516595
12,0.967428,0.116321
12,-1.02568,0.18668
12,-0.0843821,1.03091
12,0.666951,0.662948
12,-0.800752,0.58261
12,0.656575,0.822008
12,-0.978887,0.0941762
12,-0.363753,0.909838
12,-0.94443,0.605096
12,1.02828,0.122475
12,-0.865673,0.540501
12,-0.230332,1.02827
12,0.536787,0.835534
12,-1.00931,0.112756
12,-0.0870414,1.02957
12,-0.90278,0.158104
12,-0.254193,0.946998
12,-0.112706,1.01204
12,-0.684163,0.77283
12,0.364458,0.997754
12,-0.882819,0.356487
12,-0.783244,0.617628
12,0.810084,0.41058
12,-0.878199,0.52524
12,-1.04037,0.22014
12,0.62462,0.723791
12,-1.01325,0.368031
12,0.892027,0.395704
12,-0.9553,0.275275
12,-0.89926,0.401798
12,0.542896,0.868684
12,0.911456,0.258386
12,0.87964,0.454458
12,-0.798174,0.606792
12,-0.796325,0.527615
12,-0.867786,0.302512
12,-0.000605855,0.966471
12,0.0513208,1.01311
12,0.878759,0.492502
12,0.867117,0.432573
12,0.167246,1.01958
12,-0.0913319,0.924522
12,-0.229481,1.00412
12,-0.93098,0.0582487
12,-0.212505,0.937661
12,-0.0318778,0.942676
12,0.811633,0.631886
12,-0.513859,0.846805
12,-0.99451,0.142746
12,-0.648072,0.667507
12,-0.980899,0.532996
12,0.263849,1.00482
12,0.829148,0.539985
12,1.01569,0.304013
12,0.204929,0.900252
12,0.494937,0.925905
12,-0.391712,1.0304
12,0.95053,0.419424
12,-0.803416,0.443203
12,0.944376,0.472714
12,0.878809,0.590007
12,0.784821,0.569337
12,-0.883964,0.404908
12,0.255578,0.95332
12,-0.9994,0.0756651
12,1.0109,-0.0331555
12,0.882533,0.442579
12,-0.685676,0.69673
12,-0.692542,0.78299
12,-0.59337,0.846178
12,0.542049,0.830676
12,-0.85273,0.597394
12,1.01057,0.315027
12,0.772362,0.58133
12,0.839509,0.284421
12,0.656167,0.560513
12,0.405126,0.91127
12,0.985233,0.146252
12,0.42779,0.891703
12,0.032083,1.05897
12,0.931593,0.236869
12,0.23623,1.0356
12,-0.686307,0.644175
12,-0.749516,0.626127
12,-0.370521,0.920295
12,0.160717,0.910207
12,0.939263,0.143277
12,0.721473,0.703764
12,0.67505,0.616512
12,-0.845616,0.510106
12,-1.0729,0.236727
12,-0.801324,0.650034
12,-0.986151,0.13537
12,0.961978,0.408411
12,-0.895487,0.132115
12,0.396948,0.879947
12,-0.962538,0.211687
12,-0.0702988,1.01937
12,0.671344,0.789164
12,0.870295,0.421073
12,0.685251,0.718612
12,0.153531,1.03592
12,-0.0489555,1.04793
12,0.182785,0.988805
12,-0.716309,0.683276
12,-0.974304,0.143573
12,0.678363,0.780393
12,-0.747642,0.551875
12,-0.909025,0.261009
12,0.373259,0.99981
12,-0.783825,0.395977
12,0.841983,0.676353
12,-0.94266,-0.138836
12,-0.535907,0.821315
12,0.881456,0.420513
12,0.820565,0.47435
12,0.383951,0.830895
12,0.0513801,0.989353
12,-0.992099,0.113073
12,-0.138008,0.93856
12,-0.991501,0.225647
12,-1.03239,0.183403
12,0.216837,1.09685
12,-1.00048,0.186346
12,0.387534,0.848847
12,0.108736,0.928612
12,-0.711599,0.669592
12,-0.808252,0.499342
12,0.505707,0.948414
12,-0.819884,0.630146
12,0.469042,0.805892
12,0.912286,0.258428
12,-0.200134,1.05728
12,-0.828507,0.567373
12,-0.512595,0.889993
12,-0.521248,0.845507
12,-0.750394,0.461405
12,-1.04573,0.255271
12,-0.942603,0.0192953
12,0.603194,0.686957
12,0.325256,0.897856
12,0.959815,0.115176
12,-0.577287,0.964887
12,0.148333,0.854194
12,-0.763669,0.612255
12,0.42804,0.995369
12,-0.948865,0.102347
12,0.572729,0.799441
12,1.10376,0.0295431
12,0.192859,0.970125
12,-0.927386,0.548912
12,-0.784436,0.533442
12,0.491452,0.842093
12,-0.630313,0.7455
12,-0.119528,1.03395
12,-0.914218,0.398344
12,-0.451547,0.928237
12,1.02768,0.325928
12,0.376307,0.842872
12,0.397056,0.878773
12,-0.073144,0.989543
12,-0.618486,0.897143
12,1.0249,0.144621
12,-1.03597,0.0561145
12,-0.746392,0.660364
12,-0.87239,0.448087
12,-0.349106,0.840338
12,0.830129,0.379742
12,0.726063,0.570961
12,-0.732805,0.69265
12,-0.56278,0.827818
12,-0.553684,0.88075
12,0.866503,0.112213
12,0.466283,0.967984
12,0.659423,0.709102
12,0.377378,0.898366
12,-0.110357,0.999735
12,0.668225,0.840124
12,-0.937325,0.248228
12,0.566503,0.842104
12,-0.689497,0.634716
12,-0.274823,0.925627
12,0.710364,0.915316
12,-0.893481,0.656401
12,-0.976509,0.391062
12,-0.854246,0.313346
12,0.0715939,0.917241
12,-0.117259,1.08673
12,-0.883959,0.512665
12,-0.99307,0.0777979
12,0.945444,0.143134
12,0.338127,0.874716
12,-0.435798,0.852848
12,0.985381,0.350644
12,-1.04939,0.383688
12,-0.914008,0.45975
12,0.589863,0.794972
12,0.533813,0.842608
12,0.0164864,1.10203
12,-0.316583,0.879316
12,0.78033,0.393827
12,0.219685,0.916618
12,0.860518,0.515679
12,0.860913,0.393179
12,-1.0324,0.0609941
12,-0.071359,0.966858
12,1.04515,-0.0969319
12,-0.290726,0.921517
12,-1.01285,0.454186
12,-0.278713,0.93312
12,0.931806,0.438396
12,0.512021,0.813885
12,0.912908,0.185465
12,0.39869,0.90519
12,-0.268134,0.975418
12,-0.208202,1.00545
12,-0.391018,0.94993
12,-0.869437,0.3822
12,-0.171107,0.967204
12,0.994079,0.223531
12,0.841669,0.643332
12,0.507042,0.987155
12,1.04381,0.115392
12,-0.999431,0.141801
12,-0.765529,0.567634
12,-0.759766,0.340582
12,-0.40088,0.877231
12,0.198261,0.943041
12,0.958389,0.40399
12,-0.842093,0.502559
12,-0.22985,0.969604
12,-0.960926,0.080389
12,0.35888,0.873308
12,-0.795005,0.641196
12,0.678911,0.786825
12,0.31194,0.890102
12,-0.185295,0.985304
12,-0.85995,0.420906
12,0.532502,0.839816
12,0.997477,0.129777
12,-0.498296,0.829656
12,0.00682671,1.00569
12,0.86052,0.422706
12,0.836674,0.432746
12,-0.67658,0.64644
12,1.07889,0.232219
12,0.480411,0.95325
12,0.0398636,1.01151
12,-0.969062,0.405411
12,-0.30032,1.03169
12,-0.211147,0.979848
12,-1.04213,0.0882812
12,0.707962,0.672995
12,0.0393279,1.01283
12,0.146628,0.981321
12,0.297855,0.959092
12,-0.430414,1.01679
12,0.931982,0.417486
12,1.01954,0.369729
12,-0.013859,1.04632
12,-0.958861,0.284104
12,0.779213,0.652717
12,-0.53289,0.83237
12,-0.998761,0.221516
12,0.964463,0.0201216
12,-0.996107,0.168713
12,-0.870978,0.445879
12,-0.521658,0.795351
12,0.945195,0.260029
12,0.755659,0.569834
12,-1.00358,0.282662
12,-0.578192,0.810322
12,0.972416,0.0480457
12,-0.686613,0.760126
12,-0.3359,1.01347
12,0.541308,0.916833
12,-0.188267,0.957308
12,0.151842,1.04394
12,-0.923612,0.360454
12,0.820671,0.443058
12,-0.528107,0.95028
12,-0.635724,0.844556
12,-1.09867,-0.0419267
12,-0.272489,0.891306
12,-0.431789,0.891382
12,0.368186,0.950575
12,-1.071,0.385095
12,0.946872,0.300319
12,-0.76923,0.650478
12,0.968126,0.551532
12,-0.598784,0.862763
12,0.554752,0.883006
12,0.724283,0.606775
12,-0.121138,1.04507
12,0.99868,0.166551
12,0.209858,1.05754
12,-0.115021,0.976257
12,-0.912404,0.700572
12,0.0648019,0.985845
12,0.797528,0.321369
12,-0.339062,0.868965
12,-0.180113,1.07716
12,1.04768,0.0327307
12,-0.878301,0.203626
12,0.972206,0.11459
12,-0.693531,0.747855
12,0.704996,0.515582
12,0.278696,0.941755
12,-0.92302,0.493166
12,-0.929184,0.306221
12,0.0911024,0.987895
12,0.0320726,1.06639
12,-0.925921,0.44234
12,0.0246175,0.928531
12,0.665771,0.860019
12,0.13771,1.06503
12,-0.861408,0.694709
12,0.653679,0.836091
12,0.764824,0.641537
12,0.295788,0.898256
12,-0.129309,0.982566
12,-0.931577,0.381819
12,-0.677022,0.815071
12,-0.484739,0.828954
12,-0.781334,0.600983
12,0.16961,1.09549
12,-0.333536,0.976795
12,0.253271,0.917767
12,0.498923,0.871071
12,-0.166924,1.00344
12,-0.42133,1.04218
12,-0.95978,0.292811
12,-0.429968,0.831966
12,0.555136,0.877754
12,-0.225098,1.01965
12,-0.311301,0.914128
12,-0.233984,0.989927
12,-1.05881,-0.00773596
12,0.877993,0.597695
12,-0.622734,0.788845
12,-0.523286,0.848293
12,0.839249,0.596801
12,-0.969006,0.190021
12,0.987439,0.425025
12,-0.769623,0.712621
12,-0.56849,0.704069
12,-0.965965,0.0547967
12,0.648888,0.822417
12,0.811695,0.538129
12,-1.03967,0.169781
12,0.975584,0.152644
12,-0.459755,1.02645
12,1.05209,0.0813807
12,0.850254,0.413136
12,-0.932233,-0.0890316
12,-0.392473,0.91827
12,0.016106,1.01598
12,-0.267085,0.906685
12,-0.969998,0.466825
12,0.640438,0.718691
12,-0.324427,0.999481
12,-0.145364,1.04422
12,-0.374343,0.905565
12,0.989034,0.129993
12,-0.562151,0.801225
12,0.906509,0.0267944
12,-0.114073,1.05454
12,0.25572,0.858961
12,0.913784,0.595472
12,-0.949474,0.204763
12,0.82866,0.571081
12,0.274745,1.0565
12,-0.850823,0.451509
12,0.939692,0.041207
12,-0.648777,0.799503
12,0.929476,0.301097
12,-0.321583,0.986464
12,0.537084,0.813178
12,-0.758512,0.680705
12,-0.326497,1.02842
12,0.230029,0.89232
12,0.512382,0.869353
12,0.639847,0.821484
12,-0.704332,0.76129
12,0.298762,0.910581
12,-0.308032,0.963469
12,-0.491189,0.844593
12,0.88633,0.293107
12,-0.553753,0.75667
12,-1.03095,0.204528
12,-1.09991,0.244318
12,0.97256,0.129441
12,-0.0221149,1.08297
12,-0.219239,1.00407
12,0.412107,0.972775
12,-0.857423,0.52603
12,-1.0289,0.183609
12,0.806586,0.740995
12,-0.75707,0.741062
12,0.0662426,0.958521
12,1.07914,0.326216
12,-0.0175103,0.987183
12,0.888282,0.620173
12,1.04584,0.0118466
12,0.271114,0.92941
12,0.26782,0.942684
12,-0.62185,0.780652
12,0.443479,0.972114
12,-0.974864,0.204475
12,0.301097,0.910105
12,-0.798331,0.626879
12,-0.849491,0.709746
12,0.792924,0.632643
12,-0.997995,0.177519
12,-0.371296,0.877363
12,-0.722309,0.689155
12,0.942281,0.207018
12,0.305945,0.946224
12,-0.66634,0.753411
12,0.726482,0.742575
12,-0.425815,0.900977
12,-0.903649,0.345693
12,-0.423199,0.895651
12,1.05228,0.244437
12,0.644364,0.749236
12,0.38206,0.773654
12,-0.0580052,1.01633
12,0.997523,0.251017
12,1.10241,0.0661403
12,-0.106357,0.971461
12,-0.603715,0.841113
12,0.664655,0.816068
12,-0.420693,0.91333
12,-0.936503,0.185992
12,0.318965,0.863305
12,-1.0363,0.445549
12,1.0458,0.188845
12,-0.299493,0.92325
12,-1.10302,0.139802
12,0.926383,0.364841
12,0.0815701,0.950342
12,0.673393,0.858915
12,0.900724,-0.0633014
12,0.777884,0.608431
12,-0.682875,0.788442
12,-0.851,0.575878
12,0.632777,0.731302
12,0.13966,0.967979
12,-0.59359,0.757187
12,0.913809,0.0846812
12,-0.331688,1.00174
12,0.768324,0.518538
12,0.916483,0.399184
12,-0.833207,0.283209
12,-0.893811,0.354299
12,-0.960883,0.248997
12,-0.928308,0.237096
12,-0.677048,0.591664
12,0.610042,0.770815
12,-0.397358,0.971212
12,-0.781042,0.728318
12,0.613857,0.783405
12,-0.874332,0.444425
12,-0.570397,0.762156
12,-0.842626,0.633872
12,-0.906966,0.0397248
12,-0.266055,1.00865
12,-0.297507,1.05129
12,-0.804006,0.625416
12,0.66494,0.783777
12,0.900141,0.331523
12,-0.152828,0.938796
12,-0.256652,0.957737
12,-0.786091,0.540743
12,-0.741132,0.621579
12,0.753253,0.684281
12,0.838938,0.706615
12,0.798575,0.614258
12,1.0507,0.0953002
12,0.724495,0.6429
12,0.134204,0.992165
12,0.792676,0.482092
12,-0.945991,0.285776
12,-0.816745,0.538506
12,0.947696,0.319216
12,0.857899,0.54676
12,0.855848,0.490367
12,-0.892136,0.477484
12,-1.02035,0.0496642
12,-0.700269,0.698526
12,-0.118818,1.05326
12,0.976838,0.17499
12,-1.01284,0.117202
12,0.25863,0.935247
12,0.838814,0.715038
12,-0.23852,0.958793
12,-0.947346,0.286984
12,-0.260837,0.93833
12,1.01221,0.334446
12,-0.915374,0.349817
12,0.564417,0.937366
12,0.6441,0.747933
12,0.562055,0.780486
12,0.907635,0.622806
12,-0.176574,0.953353
12,0.307525,0.921434
12,0.856533,0.29907
12,0.106389,1.01512
12,1.13729,0.0683845
12,-0.902686,0.318512
12,0.281389,1.07453
12,-0.41682,0.988112
12,0.26866,1.00951
12,0.941299,0.198601
12,-0.0935869,1.01748
12,0.501515,0.799836
12,-0.863412,0.563171
12,-0.926062,0.482754
12,-0.842441,0.539748
12,0.879806,0.367106
12,-0.207862,0.964354
12,1.00014,0.150345
12,0.778761,0.330852
12,-0.161344,0.991437
12,-0.304814,0.946058
12,0.934371,0.400982
12,0.98368,0.133618
12,-0.43103,0.923415
12,-0.796302,0.494608
12,0.608431,0.786014
12,-0.191712,1.04466
12,-0.822768,0.585959
12,-0.974572,0.1214
12,-0.854214,0.526837
12,0.359194,0.889444
12,-0.874826,0.390735
12,-0.767642,0.668349
12,-0.663296,0.749012
12,-0.670461,0.736043
12,0.299992,0.937301
12,-1.01668,0.253153
12,-0.957539,0.35122
12,-0.309627,0.991259
12,0.361201,0.864633
12,-0.526758,0.912554
12,-0.558976,0.951142
12,-0.921985,0.386171
12,-0.545878,0.874952
12,-0.167558,1.08547
12,-1.00362,0.139119
12,-0.377275,0.938932
12,0.637986,0.697034
12,-0.622681,0.794449
12,-0.160744,1.06622
12,-0.470804,0.93012
12,-0.708297,0.706267
12,-0.904239,0.199963
12,0.923025,0.0738584
12,0.282822,0.974824
12,0.280139,1.01166
12,0.00877472,1.02691
12,-1.01042,0.481871
12,-0.517049,0.727562
12,0.0675364,0.882836
12,0.746847,0.676244
12,0.151098,1.00772
12,-0.899241,0.617299
12,-0.540937,0.77455
12,-1.04636,0.0587963
12,-0.826411,0.307358
12,0.0412669,1.05261
12,1.03391,0.107459
12,0.921852,0.0830736
12,-0.8163,0.483091
12,0.485781,0.84498
12,-0.203032,1.04912
12,0.965968,0.592802
12,0.844618,0.436277
12,-0.247916,1.01785
12,-0.842766,0.57697
12,0.971503,0.365594
12,-0.729114,0.645857
12,-0.399025,0.921248
12,-0.919442,0.523458
12,0.76651,0.422586
12,-0.212857,0.966743
12,-0.272649,0.79805
12,-0.0435143,0.848524
12,0.437453,0.870256
12,0.534078,0.803952
12,0.869246,0.448083
12,0.945879,0.372889
12,0.239129,0.960642
12,-0.96836,0.413407
12,1.06866,0.205258
12,-0.338638,0.934513
12,-0.852851,0.143287
12,-0.99319,0.137061
12,0.752144,0.688616
12,-0.165732,1.02298
12,0.358575,0.949423
12,-0.0183916,1.03138
12,1.08397,0.0515668
12,-0.489951,0.81979
12,-0.904427,0.457873
12,-0.592458,0.808624
12,-0.934446,0.284834
12,0.188608,1.06061
12,-0.930356,0.357773
12,0.530387,0.950647
12,0.702418,0.698879
12,-0.644107,0.867862
12,-0.889573,0.501547
12,-0.840462,0.603106
12,0.871602,0.580148
12,0.995774,0.1894
12,-0.441373,0.848351
12,-0.261086,0.898584
12,0.546629,0.774128
12,-0.202367,1.11821
12,-0.936134,0.53306
12,-0.688661,0.745947
12,-0.11953,0.984575
12,-0.731624,0.648048
12,-0.982475,0.109923
12,0.978407,0.124482
12,-0.378318,0.816621
12,-0.917053,0.535187
12,0.835274,0.488135
12,-0.539211,0.811646
12,0.115825,1.03458
12,0.160608,1.00692
12,0.677561,0.804913
12,0.254258,1.02659
12,0.965679,0.204162
12,-0.721237,0.577688
12,-0.0648216,0.929978
12,-0.772567,0.641662
12,-0.571067,0.673956
12,0.176054,0.942637
12,0.377808,0.797694
12,-0.544138,0.791875
12,0.95087,0.130324
12,0.368506,1.06874
12,0.741643,0.767027
12,-0.469754,0.8928
12,0.274226,0.962236
12,-0.999943,0.043369
12,0.67461,0.621422
12,-0.400153,1.04369
12,-0.29259,0.927178
12,-0.567328,0.824024
12,-1.06282,0.322311
12,0.63197,0.955219
12,0.18543,1.06545
12,-0.993256,0.266461
12,-1.00607,0.0690724
12,-0.453104,0.981764
12,0.75898,0.668567
12,0.0808363,1.06077
12,0.93494,0.303812
12,-0.858429,0.234089
12,0.456773,0.815003
12,-0.531101,0.995678
12,-0.606752,0.73921
12,0.0211235,1.02556
12,-0.316554,0.902025
12,0.837596,0.766891
12,-0.730179,0.624476
12,-0.832805,0.392359
12,0.895641,0.200624
12,-1.05133,0.387613
12,-0.727886,0.638558
12,0.522882,0.834548
12,-0.139119,1.02407
12,0.382192,0.961523
12,0.830532,0.593004
12,0.998594,0.132673
12,-0.956537,0.277155
12,-0.987458,0.325292
12,-0.899432,0.202241
12,-0.416603,0.990293
12,0.683992,0.782386
12,0.061155,0.971278
12,0.107406,0.951533
12,0.91599,0.392484
12,0.657128,0.7011
12,0.290696,0.776697
12,-0.568898,0.892977
12,-0.606601,0.819258
12,-0.89966,0.284771
12,0.146652,0.994644
12,-0.153312,0.957959
12,0.622347,0.706843
12,0.36115,1.01597
12,0.772867,0.65829
12,0.232006,1.01766
12,-0.00267943,0.87805
12,0.817765,0.619994
12,0.987633,0.16657
12,-0.783932,0.536869
12,-0.81585,0.488208
12,0.734974,0.497672
12,0.914694,0.186917
12,1.088,0.250286
12,0.634009,0.720595
12,-0.629581,0.825838
12,0.552083,0.858772
12,1.08055,0.0214187
12,-0.239333,0.820663
12,-0.0245384,0.975098
12,-0.487267,0.841049
12,0.841716,0.414744
12,0.37619,0.986632
12,1.01704,0.250511
12,0.66496,0.707529
12,0.615686,0.782011
12,-0.828783,0.649864
12,0.092262,0.936411
12,-0.127426,0.984405
12,0.735682,0.630123
12,1.00843,0.290211
12,0.233134,1.03518
12,0.237108,1.0457
12,0.632955,0.89188
12,0.267033,1.07396
12,-0.36331,0.868061
12,0.210937,-0.604846
12,0.509967,-0.968584
12,1.92465,-0.174594
12,2.00671,-0.313353
12,0.380973,-0.92011
12,1.50704,-0.937484
12,1.69207,-0.82251
12,0.0458725,-0.661352
12,2.08472,-0.215058
12,0.782451,-1.06856
12,0.708348,-1.05493
12,0.153845,-0.525253
12,1.22875,-1.05904
12,1.35083,-1.08673
12,0.102216,-0.574434
12,1.5884,-0.890453
12,1.28304,-1.01416
12,1.99629,-0.364313
12,1.84965,-0.865701
12,0.56707,-1.00239
12,1.18006,-1.05884
12,0.98251,-1.11
12,0.204609,-0.45634
12,0.16432,-0.517844
12,1.59547,-0.977751
12,0.908543,-1.14478
12,0.118381,-0.680741
12,0.037841,-0.403034
12,0.729291,-1.02854
12,0.337932,-0.804644
12,1.18978,-1.02474
12,0.618905,-1.11203
12,0.537674,-1.02926
12,0.00668942,-0.588561
12,1.82391,-0.641083
12,1.32477,-0.990973
12,0.0826213,-0.108514
12,0.0690763,-0.217265
12,2.02561,-0.340261
12,0.327265,-0.71354
12,0.535924,-1.08779
12,0.0233478,-0.292237
12,1.68909,-0.707669
12,0.632625,-0.980173
12,0.0847592,-0.236454
12,0.18159,-0.525753
12,1.12905,-1.09432
12,1.92935,-0.176563
12,1.13392,-1.07701
12,-0.0672035,-0.155778
12,1.0947,-1.10852
12,1.54856,-0.955763
12,0.784046,-1.09931
12,0.0961649,-0.339648
12,0.776348,-1.05534
12,0.777334,-1.14693
12,1.18803,-1.06608
12,0.718061,-1.03196
12,1.38949,-1.01561
12,2.13391,-0.185702
12,0.159818,-0.576174
12,1.98373,-0.33721
12,1.93387,-0.52838
12,0.100959,-0.577801
12,0.656699,-1.0203
12,0.118956,-0.387262
12,-0.00433299,-0.414078
12,0.0075046,-0.276468
12,0.519645,-1.02665
12,-0.100148,-0.206406
12,0.828708,-1.04349
12,0.632943,-1.06023
12,1.77357,-0.680672
12,1.96722,-0.305631
12,0.110881,-0.182862
12,0.177841,-0.760682
12,1.51261,-0.981418
12,0.699929,-1.06063
12,0.151931,-0.577682
12,0.505287,-0.980361
12,0.0302872,-0.154741
12,0.0740036,-0.65654
12,1.93233,-0.572505
12,0.147852,-0.403944
12,0.0726744,-0.660961
12,1.73568,-0.729392
12,1.96356,-0.516578
12,0.673529,-1.08953
12,0.324087,-0.905815
12,1.74508,-0.769922
12,0.94206,-1.06863
12,0.721089,-0.983645
12,1.80109,-0.622842
12,1.98313,-0.463878
12,0.743699,-1.04875
12,0.0729133,-0.771307
12,-0.00962216,-0.329384
12,0.447179,-0.9042
12,1.42243,-0.97086
12,0.554231,-0.8935
12,1.84863,-0.60091
12,0.0483499,-0.546556
12,1.47992,-0.993365
12,1.51765,-1.02067
12,1.29821,-1.0475
12,1.88561,-0.258439
12,0.924926,-1.22266
12,0.903792,-1.14177
12,1.88868,-0.725459
12,-0.120266,-0.200265
12,1.28393,-1.09151
12,0.704488,-1.11517
12,2.01789,-0.379777
12,1.7667,-0.616176
12,1.61891,-0.796061
12,1.47659,-1.0024
12,1.1142,-1.041
12,1.96856,-0.181487
12,1.30686,-1.01271
12,1.92719,-0.437169
12,1.41591,-0.890284
12,1.60114,-0.98829
12,0.369532,-0.916862
12,0.633508,-1.11901
12,1.79107,-0.702911
12,1.17618,-1.01013
12,1.177,-1.01566
12,1.47826,-1.00248
12,0.664928,-1.01065
12,0.0162658,-0.482554
12,0.970605,-1.16561
12,1.21058,-1.13531
12,1.9997,-0.396591
12,0.262514,-0.868646
12,1.49459,-0.802846
12,1.09759,-1.18736
12,0.433038,-0.905761
12,1.20174,-1.20869
12,0.379234,-0.805489
12,0.207016,-0.795074
12,-0.0462117,-0.316381
12,1.91852,-0.197832
12,1.60311,-0.980301
12,1.03023,-1.08073
12,0.452895,-0.928041
12,1.94177,-0.254881
12,0.110808,-0.66758
12,0.16068,-0.819859
12,0.111591,-0.163473
12,1.15262,-1.11016
12,1.92553,-0.4851
12,0.962994,-1.1242
12,1.82989,-0.838408
12,0.211402,-0.658106
12,1.88566,-0.0745773
12,1.81,-0.727013
12,1.24594,-1.1292
12,0.0395459,-0.38874
12,1.62528,-0.797301
12,1.83135,-0.594125
12,0.00384499,-0.0575252
12,0.280135,-0.780682
12,1.58208,-0.721456
12,0.701126,-1.0417
12,0.0849451,-0.417251
12,1.541,-0.854807
12,1.93177,-0.242764
12,1.66892,-0.849663
12,0.194765,-0.776115
12,0.307249,-0.730472
12,0.140682,-0.690764
12,1.09087,-1.1374
12,2.11608,-0.246895
12,1.47943,-1.02628
12,-0.0228396,-0.380441
12,0.456587,-0.89327
12,1.33237,-1.12773
12,0.383451,-0.744331
12,0.89929,-1.11623
12,1.74,-0.641707
12,0.762843,-1.0404
12,0.0856748,-0.68979
12,1.63632,-0.912381
12,1.65897,-0.773392
12,0.798443,-1.08234
12,1.96047,-0.334017
12,1.71269,-0.715115
12,0.0742487,-0.317148
12,1.51818,-0.820221
12,1.75333,-0.73583
12,2.0581,-0.20894
12,0.30816,-0.900702
12,1.78528,-0.836151
12,1.9484,-0.211957
12,1.9086,-0.51459
12,0.653654,-1.13736
12,0.693445,-1.09676
12,0.271381,-0.69917
12,1.77519,-0.705789
12,1.90522,-0.62341
12,1.58595,-0.883055
12,0.590694,-1.0981
12,1.21459,-1.10709
12,1.21785,-1.08029
12,1.42901,-0.955816
12,1.83592,-0.403682
12,2.07853,-0.0879559
12,0.467966,-1.01085
12,1.0718,-1.13612
12,0.0307356,-0.27478
12,0.0931929,-0.583777
12,0.390577,-0.92031
12,1.71708,-0.760819
12,0.0276146,-0.443332
12,1.76291,-0.818734
12,1.87668,-0.615576
12,1.96705,-0.525446
12,2.03133,-0.209618
12,1.45521,-1.0411
12,2.07438,-0.102831
12,0.270906,-0.902315
12,0.436688,-0.875915
12,2.08793,-0.179807
12,0.207561,-0.71395
12,0.0587092,-0.173067
12,1.39145,-0.936099
12,0.984236,-1.11914
12,0.600141,-0.936549
12,1.66037,-0.88186
12,-0.0115729,-0.152238
12,0.260533,-0.981595
12,0.839215,-1.24427
12,0.0296166,-0.485302
12,0.43695,-0.91142
12,0.0189953,-0.622312
12,1.6092,-0.932392
12,1.87748,-0.531265
12,1.69978,-0.792023
12,1.57366,-0.828477
12,0.317009,-0.775927
12,0.545784,-0.975704
12,0.570068,-1.01421
12,0.535768,-0.935523
12,1.72998,-0.86024
12,0.47949,-0.947025
12,1.10064,-1.07564
12,0.384528,-0.957709
12,0.0868966,-0.25268
12,0.275586,-0.819103
12,1.60032,-0.988167
12,1.44616,-1.03494
12,0.163419,-0.481788
12,-0.00888444,-0.234746
12,1.8884,-0.588708
12,1.6963,-0.821735
12,1.10987,-1.1554
12,1.11518,-1.07827
12,0.607643,-1.05743
12,1.93942,-0.374579
12,1.90398,-0.575732
12,0.0745781,-0.342698
12,1.5264,-0.974742
12,0.413441,-0.890825
12,0.00679253,-0.427717
12,0.421358,-1.07582
12,1.85773,-0.579514
12,1.61129,-0.924299
12,1.43996,-0.94381
12,2.02055,-0.180165
12,0.0565413,-0.195412
12,0.474449,-0.896195
12,1.41049,-1.04555
12,0.0232181,-0.148462
12,0.498367,-0.864646
12,-0.0800999,-0.378144
12,0.646705,-1.06831
12,0.831662,-1.11094
12,0.131792,-0.604855
12,1.27768,-1.17478
12,0.0227537,-0.511725
12,1.78962,-0.863073
12,0.8663,-1.06643
12,0.225927,-0.664913
12,0.00784373,-0.18861
12,0.0339377,-0.402453
12,1.35915,-1.04265
12,1.04126,-1.09788
12,1.18307,-1.14317
12,2.03794,-0.139918
12,0.819283,-1.2017
12,0.465513,-0.922297
12,0.0356739,-0.116087
12,1.69434,-0.961388
12,1.02923,-1.1481
12,1.48049,-0.984
12,0.104207,-0.590021
12,0.151847,-0.668524
12,1.94114,-0.417671
12,0.573703,-0.806324
12,0.0466593,-0.0562047
12,1.03802,-0.98336
12,2.04232,-0.0724614
12,1.42125,-1.07209
12,1.55311,-1.03024
12,1.67441,-0.654581
12,1.8262,-0.742459
12,2.04689,-0.477344
12,1.25428,-1.11884
12,1.87741,-0.438322
12,1.23033,-1.08065
12,1.87846,-0.555481
12,1.81922,-0.742134
12,0.160589,-0.670009
12,1.36578,-1.02434
12,0.685149,-1.09697
12,1.39283,-1.03062
12,1.85544,-0.786144
12,-0.000612296,-0.195373
12,0.320374,-0.860286
12,0.161801,-0.527856
12,1.74914,-0.726263
12,1.77371,-0.74436
12,1.91856,-0.316888
12,1.19623,-1.14745
12,1.54944,-0.905905
12,1.96394,-0.456662
12,0.529923,-0.969957
12,1.98618,-0.470511
12,0.595145,-1.08144
12,0.115877,-0.691932
12,0.582947,-1.02312
12,1.97011,-0.303416
12,0.695054,-1.09145
12,-0.0195593,-0.441061
12,1.78714,-0.52625
12,1.83564,-0.457301
12,1.46784,-1.15229
12,1.85002,-0.565215
12,0.844123,-1.11339
12,1.29633,-0.821704
12,1.2825,-1.03793
12,0.300942,-0.771622
12,1.33389,-0.987079
12,0.0495746,-0.616487
12,1.98549,-0.27574
12,0.0610837,-0.678221
12,1.85948,-0.846899
12,1.27174,-1.0639
12,1.99061,-0.210833
12,0.427038,-0.945382
12,0.570764,-1.02816
12,1.76346,-0.903879
12,0.970529,-1.09575
12,0.104431,-0.530927
12,0.166793,-0.687886
12,0.622626,-1.00763
12,0.197762,-0.784641
12,0.671731,-1.01949
12,0.501178,-1.07247
12,0.256606,-0.827753
12,0.0528313,-0.783899
12,1.40314,-1.03595
12,0.654305,-1.03735
12,1.8978,-0.265011
12,1.43504,-0.951288
12,1.77412,-0.717573
12,1.98822,-0.288906
12,0.187939,-0.663199
12,0.0707632,-0.22561
12,0.968424,-1.1942
12,1.93676,-0.0809023
12,0.16324,-0.508234
12,1.01128,-1.04102
12,0.19032,-0.592524
12,1.55725,-0.876368
12,0.315712,-0.8162
12,1.18618,-1.07141
12,1.26841,-1.07092
12,1.31002,-1.0331
12,0.488209,-1.12088
12,0.805731,-1.05351
12,1.73755,-0.621303
12,1.60642,-0.880209
12,1.73196,-0.893395
12,1.49548,-0.935316
12,0.454287,-1.01946
12,-0.0305261,-0.165928
12,1.95063,-0.510364
12,0.014014,-0.371876
12,0.308281,-0.867558
12,0.34684,-0.859387
12,1.65421,-0.873474
12,1.05097,-1.0722
12,1.6034,-1.02463
12,0.759623,-1.03525
12,0.822927,-1.02331
12,1.2584,-1.15297
12,0.561634,-1.07208
12,0.8986,-1.11978
12,1.85141,-0.605889
12,0.94476,-1.06592
12,0.295653,-0.861049
12,0.589835,-0.961802
12,1.70166,-0.759271
12,1.88738,-0.633627
12,0.840108,-1.08538
12,1.53193,-0.988262
12,1.70835,-0.907747
12,1.98969,-0.198537
12,1.91602,-0.438175
12,1.94889,-0.357775
12,0.794565,-1.09048
12,0.59295,-1.05672
12,1.8827,-0.441721
12,1.88826,-0.440074
12,0.0290753,-0.177186
12,1.63243,-0.977771
12,1.67833,-0.761304
12,-0.0917349,-0.144617
12,0.794885,-1.14586
12,1.77554,-0.68519
12,1.71054,-0.644326
12,1.49055,-0.93651
12,0.329381,-0.852531
12,0.51336,-0.949361
12,0.151566,-0.717652
12,0.0618534,-0.406858
12,1.72228,-0.832141
12,1.52514,-0.808522
12,1.23397,-0.994273
12,0.179613,-0.713117
12,0.0205878,-0.33135
12,-0.0434132,-0.374154
12,0.248631,-0.886088
12,1.95021,-0.331018
12,0.915255,-1.15488
12,0.26233,-0.830261
12,0.456587,-0.826957
12,1.88449,-0.435029
12,1.76703,-0.842165
12,1.8115,-0.657627
12,1.41082,-1.07182
12,1.44896,-0.916007
12,0.796179,-1.04703
12,-0.0248097,-0.153436
12,0.0857823,-0.244403
12,1.22273,-0.970471
12,1.59983,-0.841718
12,1.31535,-1.11583
12,1.04807,-1.04039
12,0.204641,-0.742995
12,0.0904857,-0.466929
12,1.96621,-0.581131
12,0.904962,-1.08721
12,0.333026,-0.866567
12,1.19433,-1.03792
12,0.242669,-0.775866
12,0.985967,-1.18356
12,0.71224,-1.04753
12,2.00978,-0.514738
12,0.652952,-1.07633
12,0.337904,-0.981218
12,1.85506,-0.595336
12,0.198942,-0.780623
12,0.0383281,-0.156636
12,0.379386,-0.906604
12,-0.0409068,-0.311082
12,-0.0386926,-0.45766
12,1.03869,-1.14499
12,0.726208,-1.1669
12,1.95755,-0.426043
12,0.752804,-1.03445
12,1.55922,-0.926958
12,2.03752,-0.354682
12,0.363194,-0.908619
12,1.15059,-1.06981
12,0.282602,-0.753539
12,0.312888,-0.754603
12,1.34279,-1.04729
12,0.120641,-0.313194
12,0.204112,-0.710175
12,1.88682,-0.422026
12,0.536937,-0.811992
12,1.01428,-1.13655
12,0.171498,-0.711852
12,0.354689,-0.750109
12,0.279672,-0.805145
12,0.0163184,-0.480319
12,0.75433,-1.13811
12,1.20395,-1.24231
12,1.60839,-0.86242
12,1.64514,-0.911043
12,0.43112,-0.847068
12,0.0148367,-0.338475
12,0.132989,-0.64221
12,1.744,-0.771652
12,1.01376,-1.09555
12,1.4728,-0.98502
12,1.01133,-1.07577
12,0.953328,-1.08622
12,1.69737,-0.86598
12,1.41715,-1.05568
12,1.65909,-0.890472
12,0.461124,-0.869115
12,0.760208,-1.17594
12,-0.0119072,-0.167912
12,0.0809178,-0.256132
12,0.208741,-0.821416
12,1.16159,-1.00315
12,0.056479,-0.526575
12,1.89548,-0.32443
12,0.371945,-0.905703
12,-0.0624055,-0.433882
12,0.151684,-0.807361
12,0.354588,-0.844505
12,0.465069,-0.800604
12,1.90262,-0.576513
12,0.32862,-0.953533
12,0.161735,-0.658801
12,1.46738,-1.04635
12,0.0279595,-0.679773
12,0.0206854,-0.162098
12,1.49327,-0.923633
12,1.86954,-0.702895
12,1.44615,-1.06123
12,0.922956,-1.09948
12,1.93266,-0.230123
12,0.372421,-0.948561
12,0.418947,-0.954692
12,1.55298,-0.916561
12,-0.0200579,-0.330075
12,-0.0453822,-0.198578
12,2.01739,-0.165784
12,1.29542,-0.92973
12,1.97159,-0.538489
12,0.231987,-0.66911
12,1.77818,-0.741808
12,0.241205,-0.746998
12,0.00807884,-0.0707272
12,0.0985103,-0.55169
12,1.24682,-1.09928
12,0.628685,-1.00485
12,0.381873,-0.918966
12,0.762803,-1.14929
12,0.42568,-0.909808
12,0.671846,-0.97542
12,0.0668958,-0.659633
12,0.919958,-1.09421
12,1.5222,-0.867521
12,0.361221,-0.866732
12,1.88963,-0.602049
12,1.3338,-0.933734
12,1.86009,-0.595374
12,1.07161,-1.08721
12,0.267584,-0.876021
12,1.85079,-0.55459
12,1.7474,-0.758301
12,0.0131887,-0.256111
12,0.244524,-0.633642
12,0.613995,-1.13722
12,0.85249,-1.06357
12,1.08442,-1.17708
12,-0.0623596,-0.194133
12,0.237902,-0.77316
12,0.0979726,-0.410941
12,1.11363,-1.10818
12,0.850542,-0.995879
12,2.00641,-0.215779
12,1.96183,-0.571264
12,0.248888,-0.848356
12,0.0476402,-0.469387
12,1.99251,-0.321325
12,0.558516,-0.905206
12,0.91774,-1.08835
12,1.65455,-1.00052
12,0.0735044,-0.691464
12,1.73564,-0.751119
12,0.834353,-1.15791
12,0.0541984,-0.728063
12,0.513767,-0.951875
12,0.542304,-0.895919
12,0.0173031,-0.164118
12,1.33795,-1.1084
12,1.51793,-0.996535
12,0.334476,-0.700052
12,1.00982,-1.11016
12,1.81057,-0.661137
12,1.97866,-0.220166
12,0.448458,-0.886336
12,0.789946,-1.10016
12,1.63967,-0.935924
12,1.79035,-0.552894
12,0.571732,-0.937233
12,0.576769,-1.00614
12,0.601525,-1.07705
12,0.708418,-0.931031
12,1.67575,-0.872626
12,1.99211,-0.433352
12,1.53988,-0.82461
12,1.69119,-0.758852
12,-0.0117149,-0.316789
12,1.87431,-0.285431
12,1.98411,-0.122297
12,0.34334,-0.863832
12,0.52355,-1.04524
12,1.74313,-0.650638
12,1.31208,-1.09055
12,1.5748,-0.878707
12,1.83887,-0.678055
12,0.309851,-0.959037
12,1.98044,-0.0834647
12,0.832845,-1.09601
12,1.60822,-0.801131
12,1.12601,-1.17037
12,0.039395,-0.142418
12,1.51285,-0.935342
12,2.05227,-0.298311
12,1.81841,-0.497592
12,1.27302,-1.19897
12,-0.0346175,-0.268626
12,0.169583,-0.573647
12,1.33997,-1.07103
12,1.64753,-0.946094
12,1.7078,-0.793692
12,0.101276,-0.312515
12,1.40412,-1.05538
12,1.74005,-0.752318
12,0.89393,-0.997871
12,1.69822,-0.831696
12,0.286574,-0.919943
12,1.92337,-0.36031
12,0.144336,-0.80973
12,1.79143,-0.637397
12,0.613171,-0.968627
12,1.75876,-0.658075
12,0.818045,-1.12
12,1.78769,-0.686321
12,0.743784,-1.11532
12,0.980885,-1.00454
12,1.95649,-0.617958
12,0.681851,-1.05828
12,0.707799,-1.10978
12,0.875986,-1.04524
12,-0.0510134,-0.22886
12,0.13904,-0.398966
12,0.339247,-0.912461
12,0.412097,-0.960311
12,0.249837,-0.703779
12,1.83123,-0.479814
12,1.48056,-0.888139
12,0.350803,-0.888518
12,0.757712,-1.07556
12,1.75764,-0.773769
12,0.0719493,-0.513029
12,1.82611,-0.748482
12,0.625384,-1.09633
12,0.827519,-1.13704
12,1.7141,-0.813211
12,1.23311,-1.00795
12,2.06336,-0.24008
12,0.348419,-0.709928
12,0.156856,-0.544968
12,1.86204,-0.619788
12,0.0798018,-0.475783
12,1.99556,-0.352899
12,0.015574,-0.285439
12,0.148478,-0.662366
12,0.759124,-0.993896
12,1.99998,-0.204594
12,0.510992,-1.00653
12,1.73604,-0.728679
12,0.592768,-1.01235
12,1.89062,-0.8092
12,0.549004,-0.984081
12,0.748185,-1.06736
12,0.13675,-0.879789
12,0.369607,-0.667299
12,0.915374,-1.13959
12,1.55497,-0.966008
12,1.95521,-0.21514
12,1.71485,-0.696952
12,1.88568,-0.547371
12,0.991935,-1.07757
12,-0.148376,-0.187871
12,0.0854434,-0.525309
12,0.474169,-1.0088
12,0.113591,-0.633956
12,1.10754,-1.06324
12,0.0332697,-0.178931
12,0.179286,-0.670247
12,1.11147,-1.17175
12,1.74738,-0.678875
12,1.82022,-0.673392
12,1.09343,-1.05922
12,0.757561,-0.978103
12,1.80406,-0.633317
12,1.8489,-0.503606
12,0.551009,-1.05776
12,1.93235,-0.350943
12,0.0391555,-0.42136
12,1.91188,-0.558339
12,2.03981,-0.449798
12,1.35898,-1.02414
12,0.0819705,-0.222424
12,0.992409,-0.996341
12,0.378238,-1.03228
12,0.404656,-0.861801
12,0.691746,-1.1326
12,1.93314,-0.361033
12,1.70538,-0.814038
12,0.0270198,-0.292865
12,1.88797,-0.607263
12,1.97126,-0.32169
12,-0.120768,-0.146614
12,1.75727,-0.700268
12,0.837794,-1.06501
12,1.27544,-1.14843
12,1.16278,-1.02073
12,2.06847,-0.106973
12,0.25614,-0.776781
12,1.24408,-1.04787
12,1.59161,-1.00314
12,1.75706,-0.803777
12,1.65944,-0.855396
12,1.26865,-1.03251
12,2.03469,-0.340979
12,0.493846,-0.998921
12,0.0861833,-0.491644
12,0.353648,-0.81483
12,0.0589794,-0.160162
12,1.85605,-0.464558
12,0.806763,-0.942819
12,0.527262,-0.986597
12,1.83661,-0.418029
12,0.517177,-0.953343
12,0.451071,-0.943287
12,1.87144,-0.41411
12,-0.0189351,-0.294909
12,0.993141,-1.15883
12,0.174126,-0.539919
12,0.278442,-0.584212
12,0.825483,-1.18788
12,1.01232,-1.0589
12,1.36688,-1.11921
12,1.29685,-1.04248
12,1.73072,-0.670595
12,1.41805,-1.03696
12,1.43415,-0.957171
12,1.42833,-0.982044
12,0.946673,-1.12076
13,-0.368715,0.957935
13,-0.72972,0.823696
13,-0.875717,0.437105
13,0.568425,0.702984
13,-0.374814,0.922021
13,-0.730482,0.822597
13,1.01903,0.190462
13,0.979254,0.154772
13,-0.581755,0.846687
13,0.784148,0.509116
13,-0.609355,0.644678
13,-0.975229,0.191637
13,0.850795,0.441791
13,0.695495,0.665782
13,-0.00565215,1.07171
13,0.941356,0.496419
13,0.12553,0.887835
13,0.663072,0.919844
13,-0.632559,0.702977
13,0.709729,0.820057
13,0.653372,0.686608
13,-0.0278116,0.957776
13,0.98591,0.57433
13,-1.07523,0.210662
13,0.99578,0.176771
13,0.634991,0.696157
13,0.832817,0.462282
13,0.426456,0.900338
13,-0.328994,0.875857
13,-0.143273,1.04674
13,-0.821301,0.612994
13,-0.933564,0.367104
13,-0.00885665,0.865761
13,-0.247444,0.965157
13,0.209382,1.04713
13,0.663197,0.865525
13,-0.554141,0.810458
13,-0.416797,0.997734
13,-0.747486,0.473509
13,-0.587842,0.840421
13,0.84755,0.422654
13,0.506259,0.777919
13,-0.340434,0.860257
13,0.847779,0.604158
13,0.463821,0.890346
13,-0.211903,0.964453
13,-0.152036,0.90943
13,-0.9258,0.437138
13,0.742864,0.641049
13,-0.89848,0.0846764
13,-1.07195,0.0211995
13,-0.438477,0.964965
13,-0.0119282,0.984597
13,0.690148,0.628096
13,-0.634565,0.700433
13,0.160473,1.01895
13,0.0516987,0.960111
13,-0.748121,0.711776
13,-0.979072,0.198307
13,0.29369,1.04966
13,-0.795584,0.603795
13,0.115913,1.07644
13,-0.679793,0.689738
13,-0.986152,0.191191
13,-0.058735,1.04027
13,-0.559159,0.927421
13,1.03548,0.0417165
13,-0.626396,0.669702
13,0.685167,0.86162
13,1.04306,0.30159
13,-0.23075,0.919144
13,0.764449,0.74191
13,0.996479,0.274205
13,0.887814,0.548166
13,0.0906249,1.05724
13,0.979455,0.167614
13,-0.180993,1.00773
13,-0.898661,0.388582
13,-0.456033,0.850478
13,0.087597,0.994536
13,-0.61521,0.771679
13,0.429972,0.915432
13,0.109122,0.977759
13,0.574892,0.71914
13,0.821728,0.652262
13,-0.763193,0.649764
13,-0.898106,0.438383
13,-0.84364,0.354062
13,-0.156548,0.975102
13,-0.890491,0.115789
13,0.703636,0.759656
13,-0.488467,0.856104
13,0.978235,0.0157493
13,0.933545,0.396936
13,0.606686,0.727742
13,0.969744,0.352855
13,1.00961,0.232123
13,0.319029,0.910634
13,-0.366776,0.9985
13,-0.890079,0.311974
13,-0.243531,1.02296
13,0.921445,0.491998
13,0.890385,0.266295
13,-0.949387,0.326072
13,0.767011,0.650337
13,0.844061,0.538873
13,0.791113,0.444746
13,-0.975396,0.348989
13,0.131545,1.0296
13,-0.385322,0.883788
13,0.818455,0.405711
13,-0.377587,0.841238
13,0.706858,0.624314
13,1.02154,0.160607
13,0.937498,0.480939
13,0.217486,1.02438
13,0.943306,0.195753
13,-0.645736,0.771709
13,-0.046268,0.950101
13,0.885332,0.305534
13,-0.305014,0.937179
13,-0.0665995,1.07679
13,-0.985026,0.0660801
13,-1.01858,0.092653
13,-0.246488,0.937958
13,1.00806,0.121985
13,-0.0949137,1.01646
13,-0.00530821,1.0725
13,-0.811108,0.630572
13,-0.182985,1.00483
13,-0.516222,0.823617
13,0.858592,0.0492985
13,-1.00773,0.262665
13,0.02641,0.962337
13,-0.461857,0.846678
13,0.91871,0.538944
13,0.750138,0.75858
13,-0.949551,0.04383
13,0.372211,0.945668
13,0.974343,0.119914
13,0.853678,0.355583
13,0.990875,0.260559
13,0.646475,0.76883
13,1.05334,0.31355
13,-0.849037,0.480736
13,-1.07409,0.00678063
13,-0.875717,0.478462
13,-0.652008,0.753637
13,-0.848916,0.619017
13,-0.421385,1.05472
13,0.908813,0.150917
13,0.168319,0.872081
13,1.03898,0.259551
13,-0.768155,0.697045
13,-0.996298,0.142944
13,-0.822391,0.562849
13,0.885267,0.499275
13,-0.837567,0.095703
13,0.377164,0.982955
13,-0.687008,0.691215
13,0.319549,0.946647
13,0.0924592,0.962678
13,-0.736141,0.770846
13,0.0614125,1.07298
13,-0.974756,0.319483
13,-0.00546063,1.03406
13,-0.833977,0.629465
13,0.0813889,1.00518
13,0.921478,0.439795
13,-0.842351,0.413062
13,-0.88909,0.255136
13,0.894677,0.427699
13,-0.693737,0.624286
13,0.470765,0.79588
13,0.905856,0.501116
13,-0.820791,0.53277
13,-1.02899,0.168715
13,0.032131,1.08947
13,0.863723,0.345398
13,-0.466193,0.999684
13,0.849016,0.604273
13,0.659146,0.706664
13,-0.936199,0.415932
13,0.863818,0.434258
13,0.903313,0.155354
13,0.773544,0.553328
13,-0.396317,0.986875
13,0.915889,0.105744
13,0.418124,0.935411
13,-0.544882,0.857687
13,0.56704,0.779713
13,-0.342894,1.04863
13,-0.433991,0.884861
13,-0.202824,0.871123
13,0.889987,0.427423
13,0.321676,0.994534
13,-0.83057,0.213509
13,-1.05924,-0.00191846
13,-0.523533,0.833093
13,-0.329818,0.992788
13,-0.198426,1.05347
13,0.964409,0.13625
13,1.00625,0.0266999
13,0.869206,0.0509885
13,0.0519624,1.03323
13,0.953251,0.396583
13,0.185711,1.05549
13,-0.264387,0.96517
13,-0.877609,0.457414
13,0.267098,0.852638
13,0.500959,0.744008
13,-1.08221,0.0921257
13,0.551377,0.727928
13,-0.521308,0.80284
13,0.399721,0.954787
13,0.643286,0.713725
13,0.95514,0.178475
13,0.673845,0.704172
13,1.01761,0.0791352
13,0.754342,0.650771
13,-0.0513539,1.06775
13,0.880919,0.550458
13,0.29982,0.902652
13,-0.879774,0.40504
13,-0.946531,0.447075
13,0.84782,0.592636
13,0.504177,0.868921
13,-0.573296,0.713318
13,0.888779,0.576229
13,0.0115203,0.871741
13,1.02118,0.250005
13,0.639843,0.717
13,0.108656,1.05067
13,0.956292,0.239968
13,-0.900763,0.224193
13,-0.984841,0.223369
13,0.86091,0.302637
13,-0.143092,1.01493
13,-0.625746,0.634841
13,0.898337,0.53005
13,0.536967,0.881902
13,-0.79837,0.711238
13,-0.334496,0.92949
13,0.149934,1.10992
13,-0.806277,0.497825
13,-0.48746,0.914672
13,-0.482707,0.827863
13,0.0436168,0.975244
13,-1.04854,0.0128328
13,0.555299,0.820483
13,0.940977,0.393305
13,-0.700116,0.683015
13,-0.0586233,1.05138
13,-0.0878089,0.921621
13,0.393151,0.983456
13,0.920972,0.554354
13,0.248137,0.873123
13,0.799628,0.5529
13,0.267495,0.941288
13,0.312933,0.893296
13,0.801286,0.57582
13,0.823233,0.438352
13,-0.195311,1.03654
13,-1.11436,0.325282
13,-1.07795,0.0943684
13,-0.496969,0.966426
13,0.506925,0.891002
13,0.579299,0.841456
13,0.502176,0.749278
13,1.0186,0.0564635
13,0.883188,0.287685
13,0.882799,0.532127
13,0.0116258,1.16316
13,0.715173,0.551071
13,-0.0303176,1.01272
13,-0.888158,0.50563
13,0.924056,0.404983
13,-0.739691,0.676988
13,-0.465804,0.881703
13,0.794562,0.683187
13,0.494581,0.786987
13,-0.886088,0.407815
13,0.527618,0.806955
13,0.905695,0.0763708
13,-0.0730009,1.08153
13,0.355739,0.815282
13,0.63781,0.785662
13,-0.616875,0.766107
13,-1.00934,0.418118
13,0.478762,0.828397
13,0.893669,0.321889
13,0.965153,0.603249
13,-0.526786,0.956347
13,0.433569,0.910897
13,0.171357,0.93525
13,0.668156,0.762534
13,-0.857508,0.442033
13,0.937823,0.15361
13,-0.000340222,1.00457
13,0.0676528,0.922172
13,-0.330138,0.972032
13,0.529367,0.811375
13,-0.721338,0.515475
13,-1.03137,0.0881066
13,-0.0225346,1.01045
13,0.480066,0.818227
13,0.378655,0.959853
13,0.949364,0.0934049
13,-0.897551,0.194113
13,-0.763198,0.490386
13,-0.910942,0.336711
13,0.58323,0.856725
13,-0.411446,0.906083
13,-0.380387,0.986703
13,0.865662,0.352608
13,0.231496,1.03261
13,-0.0353027,0.885249
13,-0.0579809,1.07485
13,-0.309986,1.00629
13,0.797298,0.546021
13,-0.555966,0.867241
13,-0.458121,0.959927
13,1.00933,0.0998363
13,-1.08421,0.342394
13,-1.0656,0.0671149
13,-0.034436,0.93678
13,0.684696,0.666176
13,-0.691192,0.793137
13,-0.911515,0.101569
13,0.786558,0.668083
13,-0.0398771,1.14949
13,1.0736,0.101319
13,0.649008,0.821641
13,-1.07863,0.19943
13,0.841498,0.349972
13,-1.01694,0.188572
13,1.00172,0.0141614
13,0.0820786,0.934784
13,0.879992,0.184074
13,0.875928,0.442006
13,-0.795859,0.609291
13,-0.88506,0.497729
13,0.689528,0.815158
13,-0.432874,0.948481
13,0.402347,0.903428
13,0.862787,0.449742
13,-0.895817,0.413996
13,0.903828,0.34552
13,1.07298,0.189713
13,0.245543,0.954538
13,-0.410799,0.948996
13,0.880914,0.387752
13,0.348875,0.778673
13,0.263889,0.979182
13,0.325615,0.837138
13,-0.801005,0.677602
13,0.218683,1.04372
13,1.04821,0.159403
13,0.728177,0.708203
13,0.91106,0.28286
13,1.00037,0.387964
13,-0.346042,0.925274
13,0.219376,0.970722
13,0.0553934,1.08592
13,0.843589,0.56687
13,-0.29173,0.943768
13,-0.67903,0.758584
13,-1.01232,0.17514
13,0.189413,0.927857
13,-0.0961666,0.96217
13,-0.360821,0.892996
13,0.879984,0.506934
13,-0.705346,0.834369
13,0.834033,0.331932
13,0.00452041,1.02818
13,0.909195,0.449839
13,-0.879578,0.162697
13,-0.795448,0.649776
13,-0.881769,0.493133
13,0.635822,0.882269
13,-0.583651,0.887028
13,-0.443392,0.888663
13,0.723822,0.748529
13,1.07206,0.0425541
13,0.84193,0.528251
13,-0.971435,0.100335
13,-0.311675,0.848243
13,-0.597368,0.85121
13,-1.02975,0.292929
13,-0.910006,0.439373
13,1.0354,0.0680796
13,0.070302,1.05084
13,-0.610749,0.613932
13,0.919571,0.205723
13,-0.998126,0.253844
13,0.503869,0.90623
13,0.701416,0.647462
13,-0.354224,0.941259
13,0.246078,0.932291
13,-0.264596,0.894618
13,-0.573108,0.815182
13,-0.912199,0.50425
13,-0.933046,0.199109
13,-0.742594,0.553861
13,-0.859799,0.441239
13,-0.545897,0.860196
13,0.703714,0.709722
13,0.888509,0.211417
13,-1.02968,0.0589161
13,0.556506,0.862713
13,-0.0494828,0.941813
13,-0.94875,0.237005
13,-0.62083,0.64787
13,0.43842,0.938846
13,0.729656,0.693489
13,0.38161,0.840707
13,0.91351,0.108722
13,-1.00742,0.0815736
13,-0.991717,0.267327
13,-0.284454,0.996245
13,-0.539568,0.961937
13,0.373389,0.971403
13,-0.0243886,0.97107
13,0.885891,0.398151
13,-0.942195,0.0142166
13,0.66287,0.809618
13,0.956532,0.168365
13,0.801693,0.530728
13,-0.607501,0.801355
13,-0.485767,0.828739
13,-1.03582,0.0871859
13,-0.962571,0.0622538
13,-0.0881454,0.988477
13,0.379153,0.971151
13,0.291999,0.93989
13,-0.67362,0.653518
13,1.06355,0.0918137
13,-0.42318,0.907559
13,-0.610929,0.76531
13,-0.302771,0.841634
13,-0.225403,1.00704
13,1.05646,0.163952
13,0.195091,0.988926
13,-0.977687,0.504132
13,-0.990607,0.257262
13,0.864452,0.485998
13,-0.831514,0.555116
13,-1.00325,0.183613
13,-0.913955,0.0765237
13,-0.696658,0.780418
13,0.926078,0.26892
13,1.03233,0.0275453
13,0.762198,0.786861
13,0.515528,0.807716
13,0.9095,0.223907
13,0.510929,0.924853
13,-0.995622,0.339786
13,-0.908264,0.390568
13,0.549354,0.93519
13,-0.0289353,0.953187
13,-0.768496,0.539019
13,-0.916549,0.517038
13,0.564549,0.877446
13,0.313601,1.01308
13,-0.918074,0.116189
13,1.00941,0.0946241
13,0.379872,0.910025
13,0.988636,0.236359
13,-0.793928,0.601158
13,0.146541,1.0057
13,-0.983876,0.21395
13,0.260902,0.994022
13,0.840811,0.63317
13,0.894963,0.540343
13,0.904974,0.305162
13,0.921889,0.466405
13,0.581597,0.732856
13,0.712276,0.495568
13,-0.895181,0.440505
13,0.863027,0.46555
13,1.02526,-0.104121
13,0.61006,0.720106
13,0.660966,0.743859
13,-0.699916,0.70849
13,-0.970488,0.0135578
13,0.998492,0.0550248
13,0.243127,0.983813
13,-0.863496,0.449142
13,-0.608058,0.859454
13,0.507083,0.984528
13,0.280143,1.00545
13,-0.47528,0.912534
13,-0.169339,0.974844
13,0.964709,0.208625
13,0.266523,0.957733
13,0.897354,0.370474
13,-0.39911,0.934523
13,-0.91045,0.277761
13,-0.709287,0.745933
13,-0.817902,0.714199
13,-0.826958,0.55985
13,0.9414,0.103471
13,-0.738364,0.658368
13,-0.971696,0.376297
13,0.80207,0.501046
13,0.800034,0.700601
13,-0.313396,1.008
13,0.831205,0.634974
13,0.704698,0.708374
13,-0.0808307,1.01581
13,1.00387,0.172321
13,-0.672069,0.72969
13,-0.932419,0.14929
13,0.920572,0.479909
13,0.396414,0.985052
13,0.114061,0.969071
13,-0.964112,0.465937
13,-0.680067,0.672899
13,-0.096086,1.00073
13,0.577316,0.816398
13,-0.11471,1.03693
13,0.750427,0.698778
13,0.36824,0.837117
13,-0.538136,0.900023
13,-0.569207,0.837816
13,-0.217868,0.861096
13,-0.277528,0.949661
13,0.961501,0.0138157
13,0.850389,0.543593
13,0.0568099,0.788539
13,-0.973481,0.263284
13,-0.0379902,1.01469
13,0.0567414,1.01708
13,-0.936421,0.635949
13,-0.685107,0.799464
13,0.748372,0.585521
13,-0.777648,0.792827
13,0.367493,0.877897
13,0.449914,0.8675
13,1.05214,0.179474
13,0.742657,0.625271
13,-0.94394,0.332698
13,-0.387255,1.05295
13,0.846955,0.50201
13,0.668968,0.702495
13,-0.227903,1.08889
13,-0.936933,0.456768
13,1.05016,0.375627
13,-1.00771,0.23836
13,-0.423382,0.861708
13,-0.649702,0.755919
13,0.602593,0.874918
13,-0.603169,0.848325
13,0.349067,0.911623
13,-0.77336,0.654093
13,-0.454597,0.944713
13,0.0120288,0.96117
13,-0.764312,0.73079
13,-0.788452,0.641654
13,-0.671167,0.767706
13,-1.0297,0.304354
13,-0.744085,0.739407
13,0.954671,0.0702928
13,-0.725354,0.564003
13,0.602885,0.878622
13,0.881246,0.623569
13,-0.928958,0.584939
13,-0.30187,0.861558
13,0.0688083,1.01639
13,-0.993394,0.28389
13,0.294141,1.00909
13,-0.709506,0.800701
13,-0.90694,0.402659
13,-1.00844,0.311893
13,0.962384,0.461574
13,0.917526,0.334421
13,0.910708,0.165388
13,0.852209,0.516588
13,-0.837909,0.563576
13,0.488289,0.93419
13,-0.0408726,1.01271
13,-0.279479,1.01082
13,-0.445626,0.879672
13,-0.715884,0.693422
13,0.668672,0.71576
13,-0.342288,0.977584
13,-0.749021,0.593025
13,0.470636,0.873266
13,-0.639142,0.843779
13,-0.739788,0.739546
13,0.140268,1.01131
13,0.920559,0.244315
13,-0.94653,0.335921
13,-0.277987,0.836407
13,-0.876068,0.58896
13,0.481758,0.866571
13,0.591701,0.736795
13,0.360579,0.957255
13,-0.228973,1.08922
13,-0.147981,1.1036
13,0.724814,0.676916
13,-0.98794,0.317672
13,-0.883551,0.33416
13,-0.0713494,1.00089
13,-0.698667,0.627523
13,0.944194,0.147381
13,-1.00744,0.317628
13,0.0788996,1.03697
13,1.06649,0.136452
13,0.759025,0.689788
13,0.977146,0.189129
13,-0.973893,0.229985
13,-0.45117,0.838011
13,-0.528707,0.752438
13,0.432481,0.809338
13,0.573211,0.719254
13,-0.177213,0.98522
13,-0.929666,0.573389
13,-0.208331,0.9872
13,0.930438,0.206795
13,0.317255,0.910065
13,0.936579,0.383799
13,-0.169636,0.932804
13,0.163256,0.938155
13,-0.923402,-0.0852706
13,-0.752661,0.676447
13,-0.067939,0.96916
13,1.01847,0.0654697
13,-0.774415,0.764827
13,-0.963533,0.0997218
13,0.0289151,1.04786
13,-0.0371302,1.02057
13,-0.806362,0.502175
13,-0.836274,0.454678
13,-0.34323,0.971428
13,-1.01196,-0.0114265
13,-0.564194,0.827921
13,-1.07649,0.0188386
13,0.375387,0.915936
13,0.989158,0.185954
13,0.816081,0.686818
13,0.00829009,0.953153
13,-0.823819,0.572216
13,0.506478,0.791822
13,0.605107,0.710708
13,0.495838,0.850704
13,1.11112,0.0941723
13,0.533658,0.852499
13,-1.01107,0.216119
13,-0.335763,1.13687
13,-0.131496,0.953104
13,-0.425205,0.771316
13,-0.877843,0.60949
13,-1.01948,0.235541
13,0.581681,0.91516
13,-0.249739,0.996393
13,0.0242213,0.944131
13,0.905342,0.378385
13,0.809094,0.753418
13,-0.317251,0.89282
13,-0.0195486,0.951779
13,0.225758,0.849937
13,-0.617477,0.829951
13,-0.251797,0.926538
13,0.748231,0.626844
13,-0.831766,0.278192
13,-1.01478,0.237879
13,0.27285,1.02903
13,-0.999499,0.179204
13,-0.872755,0.67664
13,0.707761,0.646949
13,0.0798076,1.01112
13,-0.317461,0.976714
13,0.288799,0.884801
13,-0.899214,0.402418
13,1.0382,0.137189
13,0.724259,0.641773
13,-0.379492,1.05199
13,0.716712,0.710032
13,0.354548,0.906822
13,-0.975289,-0.0194382
13,0.66282,0.680842
13,-0.717785,0.645742
13,0.714873,0.498005
13,0.7845,0.681502
13,0.140598,0.876299
13,0.705865,0.54689
13,0.652448,0.661522
13,-0.961005,0.325752
13,-1.04279,0.0322586
13,0.875657,0.521251
13,-0.0822295,1.04551
13,0.486426,0.829946
13,0.467541,0.770357
13,0.818129,0.614067
13,-0.919465,0.443187
13,-0.335306,0.839824
13,0.904307,0.231319
13,0.126624,0.879566
13,0.968332,0.277767
13,0.994697,0.220852
13,0.778285,0.627324
13,0.0673142,1.06299
13,-0.555227,0.825536
13,-0.792759,0.679716
13,0.0268881,1.07351
13,0.567863,0.785805
13,0.864169,0.276707
13,-0.0568141,1.08521
13,-0.972413,0.598782
13,0.715092,0.65715
13,-0.963752,0.33011
13,0.985735,0.275354
13,0.678574,0.85378
13,-0.814994,0.596209
13,0.0663139,1.08
13,-0.685905,0.789753
13,0.9745,0.0575079
13,-1.05446,0.0770703
13,0.665773,0.775709
13,0.840881,0.571341
13,0.318852,1.06025
13,0.692506,0.862279
13,-0.892821,0.0751444
13,0.115919,0.871813
13,0.0961732,1.13285
13,-0.590541,0.76135
13,0.549899,0.876218
13,-0.0428007,1.11696
13,-0.445268,0.980357
13,-0.984653,0.480628
13,-0.373314,0.986194
13,-0.905918,0.275416
13,-0.989535,0.168214
13,0.8562,0.375024
13,0.930839,0.187011
13,-0.55826,0.906506
13,-0.918149,0.399448
13,-0.0207079,0.985881
13,0.239265,1.0001
13,0.420373,0.935257
13,0.273319,0.891651
13,-0.927813,0.263445
13,-0.0136647,1.09363
13,-0.700068,0.475552
13,0.628602,0.733817
13,1.05546,0.0790492
13,0.86928,0.291655
13,0.696027,0.656685
13,0.730078,0.525516
13,1.97049,-0.324604
13,1.39401,-1.13899
13,0.340221,-1.02946
13,1.14,-1.12148
13,0.141749,-0.687964
13,0.633492,-1.12621
13,0.0372452,-0.487311
13,1.97051,-0.491255
13,1.87266,-0.622568
13,0.051851,-0.530234
13,0.0431222,-0.392781
13,0.199463,-0.80539
13,0.825754,-1.16986
13,0.0671764,-0.592427
13,0.0636411,-0.467199
13,0.662643,-1.2026
13,1.64839,-1.03969
13,1.73546,-1.07381
13,1.72066,-0.597348
13,1.93678,-0.549214
13,0.523784,-1.1259
13,1.11471,-1.07344
13,0.334519,-0.985621
13,1.97943,-0.278471
13,-0.0263801,-0.213626
13,0.13211,-0.790961
13,1.2541,-1.22546
13,0.124909,-0.58471
13,0.402102,-0.850204
13,1.47439,-0.983775
13,0.153722,-0.597861
13,1.67789,-0.981706
13,1.9505,-0.578704
13,-0.0362727,-0.254584
13,-0.0345142,-0.244322
13,0.123298,-0.428302
13,1.90724,-0.522522
13,0.328613,-0.927828
13,0.272139,-0.830462
13,0.715326,-1.15282
13,0.721693,-1.26337
13,0.701598,-1.14159
13,0.766152,-1.1763
13,0.647846,-1.09605
13,1.29206,-1.20199
13,2.02641,-0.446333
13,1.51665,-0.938697
13,1.26671,-1.11756
13,0.0528735,-0.203243
13,1.50803,-1.06113
13,1.16038,-1.10499
13,0.426515,-1.11151
13,0.971131,-1.19941
13,1.54604,-0.986178
13,2.04708,-0.253421
13,0.418932,-1.09914
13,0.653427,-1.12261
13,0.160679,-0.767113
13,1.34772,-1.07628
13,1.4323,-1.07574
13,0.0732692,-0.447517
13,-0.0825091,-0.341819
13,1.98689,-0.305824
13,0.0936246,-0.516067
13,1.83838,-0.482949
13,1.69047,-1.02373
13,0.0503653,-0.301413
13,1.51084,-1.17881
13,1.91926,-0.371232
13,0.55237,-1.02787
13,0.133268,-0.747356
13,1.06274,-1.18806
13,0.938716,-1.26182
13,0.622223,-1.0726
13,1.68551,-0.896354
13,0.45948,-1.02088
13,1.53742,-1.05278
13,1.42913,-1.26689
13,1.279,-1.11142
13,1.75421,-0.791007
13,0.173386,-0.587569
13,0.410633,-0.98798
13,0.634368,-0.99227
13,0.113907,-0.719395
13,0.672951,-1.10061
13,0.0244444,-0.226841
13,2.13722,-0.224511
13,0.0297041,-0.454166
13,1.05507,-1.22424
13,1.81721,-0.709914
13,1.2533,-1.05219
13,0.925125,-1.19489
13,0.691623,-1.13967
13,1.90043,-0.910467
13,1.77182,-0.857968
13,0.332378,-0.961877
13,1.8309,-0.580785
13,1.17055,-1.24026
13,0.220917,-0.856594
13,0.184205,-0.754665
13,1.672,-0.844454
13,2.03584,-0.233511
13,0.12809,-0.692573
13,1.93358,-0.359478
13,0.0939775,-0.516277
13,1.42216,-1.15811
13,1.88771,-0.644209
13,1.78211,-0.64777
13,1.82591,-0.670765
13,0.0581827,-0.420653
13,-0.0317474,-0.29659
13,1.25472,-1.17902
13,0.62455,-1.14237
13,1.80307,-0.779877
13,1.9694,-0.430895
13,1.30819,-1.15556
13,0.142605,-0.675521
13,0.755536,-1.20799
13,1.43842,-0.941888
13,0.0336248,-0.269324
13,1.04941,-1.20228
13,0.00240832,-0.447766
13,0.326468,-0.999611
13,0.597466,-1.11407
13,0.87357,-1.32016
13,0.514001,-0.86449
13,0.236535,-0.781171
13,0.303512,-1.03484
13,1.92238,-0.5648
13,0.905922,-1.15372
13,0.0306992,-0.333072
13,0.740288,-1.15235
13,-0.0478631,-0.160716
13,0.758497,-1.16036
13,0.479735,-1.07777
13,-0.0665263,-0.283049
13,0.801551,-1.11511
13,0.343311,-0.824909
13,1.79457,-0.604731
13,1.20926,-1.23052
13,0.0702661,-0.484355
13,1.71434,-0.929575
13,0.119576,-0.812739
13,1.15353,-1.2501
13,1.32444,-1.11453
13,0.6436,-1.18296
13,-0.0905704,-0.529794
13,1.22844,-1.24463
13,0.148205,-0.564771
13,1.87255,-0.737502
13,0.390877,-0.973527
13,0.421829,-0.935559
13,0.689339,-1.02389
13,1.3221,-1.20834
13,1.21433,-1.09949
13,1.52595,-1.01448
13,0.69753,-1.18995
13,0.906043,-1.33928
13,0.491491,-1.01752
13,1.24968,-1.07236
13,1.22667,-1.1884
13,0.163981,-0.854301
13,0.394876,-0.882739
13,0.114234,-0.881202
13,0.0349886,-0.281312
13,1.48139,-1.10781
13,0.0161457,-0.277636
13,1.17632,-1.16055
13,1.40745,-1.23206
13,0.094032,-0.549599
13,0.669847,-1.22795
13,1.70803,-0.658989
13,1.99321,-0.77389
13,0.590476,-1.13455
13,1.90446,-0.50292
13,1.05012,-1.17733
13,0.289299,-0.842847
13,1.48417,-1.15877
13,-0.0400393,-0.532011
13,1.52655,-1.00559
13,1.80192,-0.794688
13,0.344169,-1.12619
13,0.249674,-0.714267
13,0.359381,-0.991522
13,0.0677552,-0.280865
13,1.84844,-0.668587
13,0.794602,-1.08516
13,0.680665,-1.1981
13,0.202841,-0.788222
13,1.12077,-1.12593
13,0.16075,-0.826948
13,0.490489,-0.982075
13,0.347719,-0.885561
13,0.200187,-0.740223
13,1.84455,-0.720979
13,0.15552,-0.874454
13,0.0843387,-0.236196
13,1.28436,-1.08394
13,0.241468,-0.815312
13,1.49785,-1.12862
13,0.0937017,-0.747833
13,0.645245,-1.15581
13,1.13382,-1.17045
13,0.0483813,-0.499241
13,0.463793,-1.02145
13,2.04525,-0.239571
13,1.27765,-1.30874
13,0.562159,-1.03719
13,1.82789,-0.736675
13,0.14553,-0.891504
13,1.93983,-0.713306
13,1.9204,-0.249258
13,0.181591,-0.761708
13,0.0703346,-0.38885
13,1.95618,-0.606747
13,1.81373,-0.494832
13,1.97621,-0.214514
13,1.8834,-0.652915
13,1.91435,-0.371891
13,2.03849,-0.229934
13,1.93731,-0.432112
13,0.899096,-1.16258
13,0.851981,-1.18096
13,0.0677541,-0.672502
13,1.03296,-1.26367
13,0.504014,-1.05415
13,0.545399,-1.05595
13,1.90107,-0.539737
13,0.299959,-0.926308
13,1.99176,-0.423839
13,1.74674,-1.01245
13,0.494719,-0.969161
13,1.71519,-0.769602
13,1.18772,-1.22393
13,0.92856,-1.20834
13,1.97688,-0.286439
13,0.205294,-0.716542
13,1.58585,-1.12565
13,1.75743,-0.819538
13,-0.0426448,-0.33372
13,0.152712,-0.764805
13,1.95525,-0.340184
13,1.90942,-0.692037
13,-0.103674,-0.528383
13,1.4935,-1.14596
13,0.0191246,-0.225442
13,2.03946,-0.377733
13,1.03957,-1.23782
13,0.187887,-0.901973
13,0.45312,-1.04693
13,0.692028,-1.1334
13,1.91,-0.431673
13,1.93996,-0.312991
13,0.17325,-1.0498
13,1.11499,-1.13303
13,0.890264,-1.14385
13,2.08336,-0.319243
13,1.95187,-0.395649
13,1.45511,-0.964968
13,0.474125,-1.00534
13,1.04161,-1.24584
13,1.80182,-0.855221
13,0.532525,-1.04815
13,1.96388,-0.457101
13,1.90557,-0.555714
13,1.50413,-1.03894
13,1.78251,-0.976931
13,0.667987,-1.17664
13,1.2347,-1.19359
13,1.18462,-1.21453
13,0.877893,-1.34887
13,-0.0776088,-0.584656
13,0.472105,-1.09343
13,0.00314613,-0.495132
13,1.16321,-1.16958
13,1.71045,-0.799914
13,1.1099,-1.32114
13,2.02052,-0.304414
13,0.439723,-1.0517
13,1.26549,-1.08752
13,0.00981391,-0.259999
13,1.10147,-1.30173
13,1.73532,-0.870827
13,0.277289,-0.860246
13,1.30816,-1.09548
13,1.75573,-0.724862
13,1.87461,-0.756236
13,0.575191,-1.08808
13,-0.11648,-0.465841
13,0.0388988,-0.529068
13,0.0188729,-0.515057
13,1.56384,-1.06073
13,1.3446,-1.14264
13,2.01778,-0.542065
13,1.4115,-1.11149
13,-0.000664265,-0.221101
13,1.1262,-1.1251
13,2.01008,-0.110039
13,0.280547,-0.797883
13,0.016979,-0.550302
13,0.706937,-1.17784
13,1.26561,-1.21334
13,1.25719,-1.10959
13,1.935,-0.400212
13,1.55966,-1.06814
13,1.9191,-0.659722
13,1.74609,-0.912053
13,0.493447,-1.1277
13,0.0919315,-0.338846
13,2.07624,-0.403872
13,0.513763,-1.13344
13,0.0152176,-0.618557
13,1.69085,-0.965631
13,0.398095,-0.988244
13,0.708423,-1.13822
13,-0.0584286,-0.248347
13,1.34931,-1.10451
13,0.886773,-1.1447
13,0.507562,-1.15272
13,1.4468,-1.00505
13,0.216922,-0.69842
13,1.98334,-0.536247
13,0.274288,-0.751796
13,0.214271,-0.884423
13,1.94182,-0.30046
13,0.78873,-1.10808
13,1.51454,-1.16478
13,1.8695,-0.595101
13,0.366726,-0.85246
13,0.886152,-1.19712
13,0.110741,-0.691369
13,2.04435,-0.23127
13,0.618719,-1.07448
13,1.00448,-1.26085
13,0.521405,-1.02643
13,0.296799,-0.972682
13,2.09339,-0.42762
13,0.318747,-0.972947
13,0.25574,-0.84656
13,0.129419,-0.613607
13,1.84174,-0.568784
13,1.69202,-0.811316
13,1.6591,-0.897686
13,0.390669,-1.0071
13,1.51421,-1.11233
13,0.354971,-0.981584
13,1.83362,-0.519202
13,2.09773,-0.286107
13,1.89411,-0.733933
13,0.477674,-0.985727
13,0.166309,-0.671572
13,1.82808,-0.641153
13,1.09696,-1.08524
13,1.09493,-1.21545
13,0.00544332,-0.391343
13,0.406828,-1.14767
13,0.130125,-0.543174
13,1.09696,-1.12682
13,1.04567,-1.21952
13,1.53916,-1.0155
13,1.30743,-1.12464
13,1.15317,-1.14667
13,0.773209,-1.19729
13,1.13422,-1.18204
13,1.69761,-1.02156
13,0.852925,-1.00472
13,1.28521,-1.1261
13,0.0580013,-0.6476
13,1.97351,-0.544727
13,2.02509,-0.240681
13,1.73173,-0.912569
13,0.279336,-0.937806
13,1.92196,-0.495042
13,1.0321,-1.05849
13,1.64248,-0.840954
13,1.26542,-1.05252
13,0.818397,-1.2037
13,0.613701,-1.09175
13,1.07071,-1.22817
13,0.208232,-0.861122
13,0.9775,-1.23926
13,1.95075,-0.499742
13,0.127265,-0.416419
13,1.32378,-1.07713
13,0.299951,-0.801428
13,0.947218,-1.1348
13,1.57948,-0.988503
13,0.458209,-1.00176
13,1.83041,-0.840491
13,0.681481,-1.13683
13,0.250924,-0.825988
13,1.41081,-1.08856
13,1.14119,-1.18282
13,1.97344,-0.417177
13,-0.0740984,-0.394494
13,1.29831,-1.26557
13,0.57869,-1.11571
13,0.593972,-1.11874
13,1.83141,-0.65804
13,1.60605,-1.12828
13,-0.0135472,-0.280905
13,1.22663,-1.07241
13,0.262464,-0.883963
13,1.55572,-0.97194
13,1.10029,-1.28883
13,0.984887,-1.09113
13,1.94693,-0.547111
13,0.495345,-1.19617
13,1.78122,-1.00756
13,1.00275,-1.21084
13,1.91988,-0.404616
13,1.35688,-1.13385
13,0.845751,-1.20802
13,0.339086,-0.967954
13,0.232303,-0.717508
13,1.42687,-1.12238
13,0.411655,-0.969486
13,0.160427,-0.963848
13,1.5317,-1.05721
13,0.20099,-0.838795
13,1.16923,-1.09924
13,1.65235,-1.10142
13,0.0270084,-0.181449
13,0.0451822,-0.453228
13,0.149623,-0.226976
13,0.187041,-0.760978
13,0.116394,-0.690391
13,0.200714,-0.705536
13,0.671496,-1.13666
13,1.99379,-0.272034
13,1.33735,-1.15454
13,2.03653,-0.249485
13,0.387534,-0.943559
13,1.16891,-1.12417
13,0.218937,-0.794682
13,1.03496,-1.21848
13,0.072706,-0.8737
13,1.2451,-1.14273
13,1.61879,-0.913867
13,0.154596,-0.853505
13,1.9779,-0.676192
13,1.6386,-0.90873
13,0.226496,-0.801338
13,0.495358,-1.12453
13,0.0366668,-0.185081
13,0.368116,-0.901386
13,1.12033,-1.25813
13,0.58133,-1.15774
13,1.10667,-1.11229
13,1.75979,-0.794082
13,0.611752,-1.06989
13,0.129113,-0.732502
13,1.81437,-0.731251
13,0.619147,-1.03466
13,0.206166,-0.736394
13,0.0779971,-0.464901
13,1.86986,-0.733081
13,0.490817,-1.08919
13,1.78637,-0.803213
13,1.64929,-1.06249
13,2.02267,-0.335356
13,0.768418,-1.14435
13,1.63126,-1.07081
13,1.297,-1.17248
13,0.238715,-0.868231
13,2.02739,-0.363707
13,1.2637,-1.14782
13,1.06423,-1.1502
13,1.61597,-0.977321
13,1.9906,-0.26823
13,1.71562,-0.877493
13,0.950993,-1.13777
13,0.59403,-1.1544
13,1.84914,-0.629785
13,1.96436,-0.385983
13,0.263751,-0.970233
13,0.579019,-1.10137
13,1.6089,-0.945401
13,0.276176,-0.896309
13,2.06229,-0.189801
13,-0.0222726,-0.182401
13,-0.0785865,-0.548334
13,1.98054,-0.41755
13,1.9093,-0.188694
13,1.14101,-1.16232
13,0.372165,-1.06672
13,1.83763,-0.597534
13,0.332464,-0.939179
13,1.66244,-0.985729
13,1.9719,-0.431724
13,1.18405,-1.04866
13,1.99744,-0.514632
13,0.806046,-1.18939
13,1.09605,-1.24573
13,0.244355,-0.795314
13,1.1666,-1.20597
13,2.06285,-0.34099
13,0.276779,-0.857177
13,0.680054,-1.20733
13,1.12813,-1.21443
13,0.526753,-1.11613
13,1.35884,-1.17309
13,1.62309,-0.963571
13,0.468774,-1.00078
13,0.54669,-1.14265
13,1.79931,-0.683844
13,0.711302,-1.13186
13,0.609786,-1.13587
13,-0.0369698,-0.320941
13,0.193613,-0.749792
13,0.708939,-1.20615
13,1.41079,-1.07268
13,0.776374,-1.18538
13,1.61439,-0.889679
13,-0.016432,-0.450577
13,0.788804,-1.05917
13,2.00622,-0.357622
13,0.0232423,-0.625679
13,1.2655,-1.18259
13,1.30844,-1.19024
13,2.0002,-0.40806
13,0.646912,-1.18945
13,2.04096,-0.398137
13,0.392679,-0.930957
13,1.60655,-0.914555
13,0.0144423,-0.551338
13,1.86715,-0.764773
13,0.0609409,-0.229615
13,1.45954,-1.07575
13,0.158,-0.535702
13,0.0976496,-0.402141
13,1.60831,-0.919039
13,1.49805,-1.0803
13,0.788176,-1.1478
13,1.76513,-0.879378
13,0.577339,-1.12784
13,1.75715,-0.887116
13,1.75405,-0.788953
13,0.474125,-0.960745
13,-0.0218704,-0.258539
13,2.01744,-0.320493
13,-0.0872284,-0.30967
13,-0.0691374,-0.332591
13,0.35739,-0.948888
13,1.7437,-1.00895
13,1.77632,-0.774656
13,1.14881,-1.14722
13,0.296066,-0.808477
13,1.96501,-0.311709
13,1.39406,-1.09917
13,1.70017,-0.915963
13,0.028586,-0.325524
13,1.76617,-0.887637
13,0.0136166,-0.618971
13,-0.0623544,-0.319402
13,1.67593,-0.759729
13,0.0470529,-0.51238
13,1.94907,-0.121958
13,0.121627,-0.424824
13,0.0673413,-0.546342
13,0.741701,-1.20362
13,2.03966,-0.218448
13,0.960221,-1.31534
13,1.52242,-1.03063
13,0.542483,-1.25924
13,0.718605,-1.1876
13,1.87699,-0.834732
13,1.60077,-0.887426
13,1.73445,-0.931254
13,-0.0588662,-0.169278
13,1.62352,-0.990802
13,0.0558949,-0.610538
13,1.59238,-0.909725
13,0.0834599,-0.27655
13,0.310951,-0.93272
13,0.485499,-1.03406
13,1.40449,-1.15895
13,0.258515,-0.736132
13,0.345802,-1.01505
13,-0.0776642,-0.361492
13,1.92335,-0.48917
13,-0.0842946,-0.15892
13,1.81692,-0.905673
13,0.779951,-1.11316
13,0.0684304,-0.467194
13,1.4871,-1.04978
13,1.09593,-1.23022
13,-0.0589605,-0.409781
13,1.93579,-0.403233
13,1.46591,-1.10314
13,0.41113,-0.992938
13,0.196632,-0.839849
13,1.77758,-0.649199
13,0.574298,-1.16755
13,1.03421,-1.16692
13,0.0362377,-0.337576
13,1.79137,-0.746582
13,0.176384,-0.647157
13,1.47557,-1.11806
13,0.0431337,-0.289191
13,2.08967,-0.5468
13,0.0246937,-0.259538
13,1.44361,-1.09272
13,1.83885,-0.423577
13,-0.0550054,-0.464508
13,0.867932,-1.25199
13,0.599036,-1.11082
13,0.450542,-0.9597
13,0.966794,-1.21462
13,0.0449263,-0.515122
13,0.104235,-0.708986
13,1.51353,-1.09109
13,0.873107,-1.11669
13,1.5626,-0.892755
13,1.61523,-1.02682
13,1.91393,-0.568599
13,0.94777,-1.14765
13,1.82131,-0.673185
13,0.841784,-1.29548
13,1.68096,-0.850318
13,1.98307,-0.540239
13,1.58248,-0.894075
13,1.11039,-1.26702
13,0.72098,-1.19087
13,-0.0306097,-0.584001
13,1.60995,-0.792059
13,0.977709,-1.24687
13,1.11998,-1.09404
13,0.277758,-0.879188
13,2.02771,-0.367688
13,0.0934541,-0.594497
13,1.22655,-1.16446
13,1.97496,-0.475727
13,0.202935,-0.854302
13,0.330217,-0.959676
13,0.119097,-0.475709
13,1.70764,-0.908941
13,1.16193,-1.24241
13,1.70911,-0.87397
13,1.91286,-0.629549
13,0.145552,-0.721876
13,0.639974,-1.09548
13,1.22608,-1.16376
13,-0.0179467,-0.260803
13,0.465389,-0.95654
13,1.40933,-1.03629
13,1.83885,-0.800049
13,0.955323,-1.28683
13,0.273958,-0.868213
13,1.84956,-0.925926
13,0.546524,-1.14211
13,1.80244,-0.888867
13,1.51128,-1.12998
13,1.77046,-0.753947
13,0.723056,-1.15466
13,1.13484,-1.12996
13,0.474841,-1.01918
13,2.0268,-0.264428
13,1.69887,-0.854505
13,1.90223,-0.786063
13,1.85885,-0.799311
13,1.91001,-0.264968
13,0.0372893,-0.388173
13,0.719649,-1.21303
13,1.94763,-0.298631
13,2.04311,-0.581846
13,1.95002,-0.610821
13,0.745781,-1.11206
13,1.39848,-1.18422
13,1.59948,-0.960584
13,0.490221,-0.964346
13,0.835703,-1.14221
13,0.582175,-1.16816
13,0.13485,-0.858687
13,1.84834,-0.695594
13,1.92157,-0.517291
13,0.528308,-1.1006
13,0.882164,-1.22759
13,1.48581,-1.07327
13,0.622865,-1.08414
13,1.08991,-1.24834
13,1.61197,-0.960916
13,1.59059,-0.824813
13,0.0434787,-0.276342
13,1.69764,-0.883356
13,0.0252352,-0.606683
13,0.352411,-0.789523
13,0.340196,-1.0455
13,1.0969,-1.22147
13,1.33208,-1.06865
13,1.74009,-0.835727
13,1.5274,-1.05672
13,1.99404,-0.457093
13,0.0296812,-0.640339
13,0.159283,-0.710164
13,1.28819,-1.11402
13,0.751754,-1.19829
13,0.112595,-0.636889
13,0.11644,-0.926637
13,0.0971776,-0.591315
13,0.860661,-1.18271
13,0.728586,-1.16657
13,0.224253,-0.93413
13,0.617781,-1.3065
13,-0.0114507,-0.520159
13,1.90901,-0.603583
13,2.01484,-0.545247
13,1.79709,-0.615449
13,1.19231,-1.18381
13,1.97512,-0.276524
13,1.86542,-0.553501
13,0.935505,-1.26121
13,0.421667,-1.02386
13,1.5566,-0.996198
13,1.14899,-1.1676
13,-0.0583385,-0.352197
13,0.260952,-0.875596
13,1.49158,-0.946884
13,0.955301,-1.30677
13,0.075642,-0.629216
13,0.106647,-0.635968
13,1.82955,-0.696009
13,2.01102,-0.470157
13,1.15093,-1.15713
13,0.120755,-0.708759
13,0.150893,-0.870406
13,0.9712,-1.21805
13,0.946593,-1.16599
13,1.85095,-0.508985
13,1.87385,-0.682547
13,1.00185,-1.24007
13,0.423309,-1.10292
13,1.79322,-0.854713
13,0.0494622,-0.328963
13,1.17378,-1.17464
13,0.457336,-1.18744
13,0.00909746,-0.439443
13,1.24584,-1.1298
13,1.80973,-0.800097
13,0.290736,-0.960817
13,0.737036,-1.16153
13,0.794341,-1.19331
13,0.699962,-1.11986
13,0.381405,-0.971086
13,1.5482,-1.06404
13,1.26031,-1.29698
13,-0.00188659,-0.414676
13,1.42333,-1.15668
13,-0.0208471,-0.325016
13,0.0786835,-0.316265
