step,x1,x2
0,0.797422,0.625555
0,0.343306,-0.938789
0,-0.996452,-0.0258717
0,0.820769,-0.56948
0,-0.272383,0.965609
0,-0.3155,0.956809
0,-0.333807,-0.937192
0,-0.774428,-0.623851
0,-0.784191,0.611367
0,-0.974872,-0.0383012
0,-1.00088,-0.0453742
0,0.356021,0.912334
0,-0.36787,0.932825
0,0.257848,-0.974752
0,-1.00955,-0.0172546
0,0.803173,-0.589837
0,-0.261054,0.973497
0,-0.81465,0.607929
0,0.770083,-0.624114
0,-0.821288,-0.57113
0,0.371059,0.910532
0,0.307909,-0.967498
0,-0.989433,0.0170735
0,-0.999577,0.0603193
0,0.341397,-0.940582
0,0.852584,-0.550593
0,0.814199,-0.572537
0,0.310417,-0.956123
0,-0.296959,-0.956146
0,0.790293,0.623637
0,0.822628,-0.564673
0,-0.814159,-0.571903
0,0.285423,-0.958839
0,-0.324972,-0.947611
0,0.266872,-0.972041
0,-0.998326,-0.0159795
0,-0.274275,-0.975309
0,0.992303,-0.0252587
0,0.334954,-0.946978
0,0.365319,-0.922261
0,-0.292941,0.927552
0,0.345122,0.935255
0,-0.995564,-0.0612336
0,-0.326974,-0.941601
0,-0.337716,-0.931124
0,-0.806996,-0.585183
0,0.996296,0.0189934
0,-0.301626,0.923332
0,0.268981,0.957869
0,0.846115,-0.557656
0,-0.782036,0.656514
0,-0.996912,-0.0107851
0,0.788025,-0.586868
0,0.791546,0.606766
0,0.797585,-0.605882
0,0.795651,0.574008
0,0.999328,0.0354701
0,-0.804043,0.598058
0,-0.8079,0.588242
0,0.999496,0.0217349
0,0.31829,0.933355
0,-0.244892,0.984077
0,1.0082,-0.0337687
0,0.285015,-0.9577
0,0.29622,0.95956
0,0.30278,-0.950933
0,0.376238,-0.940652
0,-1.01816,0.00953446
0,0.823951,-0.574104
0,0.304671,0.951151
0,-0.832204,-0.588795
0,0.98911,-0.0411911
0,-0.829504,0.583022
0,-0.820159,-0.595057
0,-1.00722,0.0315989
0,-0.314284,-0.945006
0,-0.813751,-0.551421
0,0.309519,-0.965898
0,0.799187,0.588837
0,0.996636,-0.000565787
0,0.822031,-0.592268
0,0.322843,-0.95188
0,-0.806975,0.604116
0,-0.798181,0.599921
0,-0.999539,0.0150885
0,-0.85017,0.505816
0,0.808457,0.604409
0,-0.300931,0.973822
0,-1.00291,-0.027953
0,-0.307493,0.958883
0,-0.358709,-0.938854
0,0.34332,-0.949984
0,0.790078,-0.592006
0,0.817739,0.560301
0,0.758811,0.634807
0,0.286866,0.939755
0,0.298699,0.960041
0,-0.351847,-0.945048
0,0.778879,-0.625058
0,-1.00302,-0.0249305
0,-0.831328,-0.579265
0,0.980998,0.00929005
0,0.324759,-0.942046
0,0.82352,-0.600394
0,-1.00563,0.00341351
0,-0.810982,0.605835
0,-0.989263,-0.00573798
0,0.317796,0.951216
0,-0.812095,-0.574527
0,-0.989327,0.0540696
0,-0.78614,-0.617589
0,-0.799139,-0.610591
0,0.811162,0.604471
0,0.319856,0.945202
0,-0.294779,0.953833
0,0.380812,0.926273
0,-1.00011,-0.0269554
0,0.827445,-0.585648
0,0.310161,0.943219
0,0.820439,-0.566111
0,0.29229,0.970745
0,-0.345224,0.943355
0,0.996683,-0.0371605
0,0.990155,0.0228812
0,0.819905,-0.574942
0,-0.99534,0.00241203
0,-0.305048,-0.955869
0,-0.3658,0.938173
0,0.826486,-0.587261
0,0.812907,-0.572127
0,0.994892,0.000389646
0,-1.00937,0.0236521
0,-0.774087,0.619845
0,0.811889,0.597111
0,1.0056,0.00013503
0,0.994605,0.00083374
0,1.00621,0.0328236
0,-0.816574,0.587223
0,0.769235,-0.633499
0,-0.824582,0.569656
0,0.996085,0.0461908
0,0.310047,-0.960078
0,-0.335458,-0.945745
0,0.827277,0.535697
0,0.253528,-0.980782
0,0.803016,-0.579769
0,-0.847541,-0.546081
0,-0.829403,0.566801
0,0.318758,-0.952118
0,0.802689,-0.58706
0,-0.814329,-0.610672
0,-0.811795,0.615777
0,-0.301478,-0.943385
0,0.993974,0.0530301
0,-0.825411,0.575436
0,-0.251798,0.975791
0,-0.810728,0.592904
0,0.834832,-0.564344
0,0.816724,-0.58606
0,-0.816233,-0.56486
0,0.765815,0.628067
0,-0.314088,0.950885
0,0.293542,0.943759
0,0.311917,-0.969591
0,-0.996253,0.0275224
0,0.997704,-0.014321
0,-0.774926,-0.631829
0,-0.354683,-0.931437
0,0.351453,-0.934188
0,0.256589,0.957069
0,0.298764,-0.937146
0,-0.813513,-0.613024
0,-0.825499,0.592841
0,0.305005,-0.943364
0,-0.989731,0.0337809
0,0.81988,-0.594488
0,-0.797397,0.605329
0,-0.311735,-0.945684
0,1.00298,-0.0140251
0,-0.77418,0.60895
0,0.304436,-0.962333
0,0.770846,0.601816
0,0.794797,0.605129
0,-0.334206,-0.961437
0,0.798922,-0.605745
0,0.365542,-0.936782
0,-0.318413,-0.960661
0,-0.98411,0.00896624
0,-1.01421,-0.0163683
0,0.826576,-0.558922
0,-0.796584,0.604596
0,0.292477,-0.956024
0,0.778819,0.598061
0,-0.321364,-0.947605
0,0.790198,0.607714
0,0.817144,-0.56293
0,-1.0025,0.00514441
0,0.8118,0.585155
0,-0.345867,0.937598
0,0.99902,-0.0126338
0,0.313786,0.959238
0,-0.286448,-0.949991
0,0.802871,-0.608078
0,-0.795124,0.591116
0,0.793954,-0.614587
0,0.809308,0.591922
0,0.300421,0.960851
0,-0.298675,0.945126
0,-0.808241,-0.568087
0,0.312338,-0.933226
0,-0.988558,-0.0287347
0,-0.795046,-0.606959
0,0.813162,0.591115
0,0.996211,-0.0644897
0,0.994453,0.0070458
0,0.790286,0.59704
0,-0.993881,-0.0074309
0,-0.340713,-0.948125
0,-0.340744,-0.935787
0,0.995196,-0.0266175
0,-0.847429,0.530143
0,-0.82191,0.573607
0,-0.287971,0.972495
0,0.269949,-0.956889
0,-0.284249,-0.948808
0,-0.331072,-0.955907
0,-0.814423,0.59926
0,0.353755,0.959616
0,0.358951,0.933455
0,0.313288,0.957947
0,-0.795974,0.600791
0,0.82088,0.606041
0,0.312663,0.939562
0,-0.787753,0.652497
0,-0.846431,0.532459
0,0.323886,0.946503
0,-0.276833,-0.946797
0,-0.270157,0.986974
0,0.325481,0.945014
0,0.763354,0.640718
0,-0.241738,-0.976331
0,0.99154,-0.0100392
0,-0.818661,0.57455
0,-0.784198,0.616751
0,0.802781,-0.596906
0,-0.990261,-0.0173985
0,-0.848815,0.527745
0,0.776389,-0.634564
0,-0.284859,0.972824
0,0.309424,0.957273
0,0.834362,0.555332
0,-1.00702,0.0277884
0,-0.335877,0.935358
0,-1.00619,-0.0780536
0,-0.27558,-0.945964
0,-0.302816,0.953055
0,0.243755,-0.966102
0,-1.00425,-0.0140585
0,-0.29549,-0.932091
0,0.245592,-0.982846
0,-0.280746,0.958614
0,0.803973,-0.584946
0,-1.00137,-0.0168077
0,-1.01415,0.0385393
0,-0.805031,0.584565
0,-0.307244,0.93238
0,0.325281,-0.952956
0,0.821412,-0.589962
0,0.26157,-0.96601
0,0.986468,0.0845081
0,-0.807588,0.584117
0,0.341962,0.94172
0,-0.997711,0.00500991
0,0.829251,-0.556442
0,0.298944,0.965975
0,-0.995496,0.00327911
0,0.821243,0.583681
0,0.792749,-0.586098
0,0.343261,-0.946089
0,0.311407,-0.94063
0,-0.301569,0.948904
0,-0.843393,-0.589781
0,0.326681,0.947026
0,-1.00803,-0.0225801
0,0.303671,-0.951189
0,0.277728,0.958955
0,-1.00382,0.00122609
0,0.990867,0.0140721
0,-0.327266,-0.951351
0,0.993687,-0.0485243
0,0.283585,-0.953267
0,0.787478,-0.573219
0,0.323966,0.945143
0,-0.771833,0.636664
0,0.844592,0.546082
0,1.02127,0.0210335
0,0.80201,0.56492
0,0.787311,-0.619398
0,0.803919,-0.58527
0,-0.831867,0.580577
0,0.820924,0.590265
0,0.306392,-0.934895
0,0.319503,-0.955165
0,0.80969,-0.572605
0,0.318737,0.9471
0,0.804112,0.577796
0,-0.819502,-0.595692
0,0.331401,0.945081
0,-0.988046,-0.0145907
0,-0.316651,0.949747
0,0.781564,0.61627
0,-0.289822,-0.957834
0,0.801939,-0.555342
0,0.314036,-0.947204
0,0.816037,0.576036
0,0.821755,-0.548297
0,0.817393,-0.562798
0,0.999093,0.0318118
0,0.338545,0.947295
0,1.00254,0.00513965
0,1.01546,-0.00716443
0,0.809258,0.610667
0,0.839276,-0.5436
0,-1.00365,-0.0158139
0,-0.834254,0.548505
0,-1.005,0.00268884
0,-0.78301,0.625495
0,0.820876,-0.573086
0,0.292724,0.953962
0,-1.00253,0.0230706
0,-0.793817,0.591891
0,-0.7861,-0.614293
0,-0.810477,0.599555
0,0.848318,0.543055
0,0.819214,-0.570781
0,0.308522,-0.961814
0,-0.808224,-0.606337
0,-0.803399,-0.602017
0,-0.269333,-0.960581
0,-0.818449,-0.596923
0,0.997053,-0.00417405
0,-0.793511,0.594332
0,-0.343042,0.951512
0,-0.325907,-0.941684
0,0.810761,-0.599712
0,0.835654,-0.549617
0,0.322813,0.938985
0,0.825475,-0.562257
0,-0.786936,-0.578924
0,0.988484,0.0351509
0,0.364098,0.953644
0,-0.816733,-0.589665
0,0.300048,-0.955553
0,-0.312036,-0.94393
0,0.797918,0.599501
0,0.803544,0.577267
0,0.995884,-0.0308544
0,0.832543,0.528709
0,-0.794391,0.605238
0,0.78887,0.610146
0,0.999454,0.014364
0,-0.272696,0.953618
0,0.340505,-0.956734
0,-0.777718,0.635857
0,0.807611,-0.587761
0,0.83226,0.568358
0,-0.802732,0.586764
0,-0.798634,-0.604556
0,-0.82958,0.577698
0,0.310229,0.949896
0,-0.305611,-0.933871
0,-0.837487,0.569635
0,0.31116,0.950325
0,-0.990186,0.0433009
0,0.809862,-0.542941
0,0.275505,0.972184
0,0.821737,-0.55927
0,-0.802593,-0.603978
0,-1.00535,0.00702453
0,0.321543,-0.938247
0,0.327947,-0.946784
0,-0.29176,-0.977459
0,0.308458,-0.939808
0,0.369843,-0.94356
0,0.98117,-0.0359806
0,0.797833,0.565293
0,0.780699,-0.619221
0,0.797641,-0.601709
0,-0.294995,-0.951606
0,0.268309,-0.960139
0,-1.00198,0.0210341
0,0.285275,0.95496
0,0.364245,-0.947481
0,0.289968,-0.972257
0,-0.270491,-0.969476
0,-0.301557,0.936582
0,-0.795588,-0.590162
0,0.997246,0.0479478
0,-1.00079,0.0166011
0,1.00239,-1.82907e-05
0,0.83406,-0.544998
0,0.834155,0.575805
0,0.400216,-0.918638
0,-0.307286,0.956523
0,-0.806083,-0.598234
0,0.786431,-0.606732
0,-0.830922,0.556161
0,0.996834,-0.0251618
0,-0.290878,0.970676
0,-0.317776,0.950553
0,-0.998449,-0.0149465
0,-0.815578,-0.578379
0,1.00698,-0.0128494
0,-0.992501,0.0331001
0,-0.805196,0.595267
0,0.810299,-0.541808
0,1.01499,-0.0170081
0,0.296314,0.950696
0,-0.794482,0.596566
0,-0.994646,-0.010447
0,0.803127,0.596652
0,1.00167,-0.0112516
0,-0.326172,-0.954046
0,-0.829035,-0.565325
0,-0.284056,0.955016
0,0.318997,-0.966264
0,0.833292,0.55147
0,0.311532,0.957331
0,-0.781039,-0.624199
0,0.997447,-0.019541
0,-0.996025,0.0106469
0,-0.839174,0.542275
0,0.992175,0.0387604
0,-1.01006,-0.034974
0,0.296839,-0.942647
0,-0.812422,-0.612177
0,0.28455,0.941551
0,0.300787,0.949217
0,-0.311239,0.948396
0,-0.843109,-0.56446
0,0.263864,0.926346
0,0.317568,0.939711
0,-0.282034,-0.972418
0,0.26248,-0.950221
0,-0.816279,-0.602718
0,0.993499,-0.0374677
0,0.292741,-0.955889
0,1.01049,-0.0172731
0,0.313326,-0.935789
0,1.00879,-0.0453657
0,0.817498,-0.601002
0,0.8039,-0.617325
0,-0.812173,0.561906
0,-0.313001,-0.950212
0,-0.316317,-0.938882
0,-0.280139,-0.972012
0,1.01032,-0.0195174
0,-0.275611,0.957792
0,0.265816,0.958174
0,-0.800359,0.603594
0,-0.991563,-0.0132368
0,-0.999256,-0.064283
0,0.304119,0.940165
0,-0.83851,0.574413
0,0.307477,-0.957404
0,1.0061,-0.0152894
0,0.994776,-0.0403892
0,0.801496,0.590364
0,-0.800924,0.570337
0,0.837703,-0.564263
0,0.809756,0.585711
0,-0.204645,0.995098
0,0.360779,-0.944863
0,0.305354,-0.970954
0,-0.348552,0.95742
0,-1.00072,-0.0657874
0,0.296146,-0.963536
0,0.317322,0.949233
0,-0.318873,0.956368
0,0.305732,-0.953169
0,1.00414,-0.000238793
0,-1.00137,-0.0676582
0,0.240931,-0.969477
0,1.00118,0.0200318
0,1.00726,-0.00138446
0,0.996696,0.0296142
0,-0.999088,-0.03399
0,-0.987973,0.0160999
0,0.790318,-0.584028
0,-0.327231,-0.960598
0,-0.311109,-0.953426
0,0.309123,-0.922351
0,0.999811,0.0141562
0,-0.29468,-0.97787
0,0.305603,0.940802
0,-0.783245,0.61272
0,0.815331,0.539462
0,-0.762397,-0.637202
0,-0.257341,-0.986506
0,0.810442,-0.605407
0,0.29083,0.937473
0,-0.813642,-0.583999
0,-0.348912,0.945871
0,-0.283473,0.975467
0,0.836117,-0.57778
0,-0.823328,-0.587712
0,0.827938,-0.548886
0,0.830731,-0.554072
0,0.837013,0.530586
0,-0.996572,-0.0119424
0,-0.818527,0.575341
0,-0.321485,0.945577
0,0.807484,-0.572028
0,-0.828199,0.556696
0,0.805921,0.55638
0,0.796766,-0.590424
0,1.00267,0.0120256
0,0.815588,0.565054
0,1.01171,-0.0512274
0,1.01344,-0.00584911
0,-1.00019,-0.00897966
0,0.783735,-0.613465
0,-0.844095,0.540981
0,-0.999754,-0.0116512
0,0.328743,0.93128
0,0.98407,-0.00163451
0,-0.819844,-0.579521
0,-0.832198,0.573856
0,-0.787347,0.57689
0,0.354111,0.942277
0,0.3489,-0.945209
0,0.790319,-0.635088
0,-0.785025,-0.614573
0,-0.279078,-0.963456
0,-0.312426,-0.956973
0,-0.837977,-0.547638
0,-0.783828,-0.612413
0,0.998217,-0.0401401
0,-0.396424,-0.906946
0,-1.00079,-0.0135177
0,0.263694,-0.963951
0,0.808885,-0.573901
0,0.789736,-0.62529
0,0.301652,-0.949694
0,1.00944,0.00627389
0,0.254708,-0.961424
0,-0.294605,-0.954047
0,-0.807683,0.58202
0,0.987409,0.0102003
0,1.01133,0.0207465
0,-0.312776,-0.941097
0,-1.01452,-0.0140684
0,1.00555,-0.0149444
0,-0.285593,-0.966266
0,0.278151,0.951716
0,0.277488,0.962599
0,0.999303,-0.0414394
0,-0.811614,-0.590638
0,-0.831788,-0.566407
0,-0.287688,-0.942207
0,0.360452,0.929671
0,0.847661,0.564521
0,0.828848,-0.545007
0,-1.00282,-0.0128945
0,-0.82914,0.565712
0,-0.335171,0.950381
0,0.786957,-0.610751
0,-0.347423,-0.940609
0,-1.01917,0.0208925
0,-1.00191,-0.00842652
0,-0.797249,0.588018
0,-0.809412,0.588127
0,-0.337746,0.942915
0,0.814373,-0.569977
0,-0.984827,0.0265917
0,-1.0035,-0.0216111
0,0.790204,-0.598141
0,-0.313138,0.947435
0,-0.327957,0.956897
0,-0.22496,0.97137
0,-0.808028,-0.579763
0,0.819616,-0.57056
0,0.297179,0.959915
0,-0.810115,-0.569782
0,-0.296898,-0.944652
0,-0.83388,0.563101
0,-0.803201,-0.58549
0,-0.794784,0.620907
0,0.342055,-0.920098
0,1.00532,-0.00151367
0,0.293821,-0.945866
0,0.331538,-0.959149
0,0.327211,0.943877
0,-0.867728,-0.528551
0,-0.311213,0.956925
0,-0.796507,-0.608033
0,0.312716,0.967282
0,-0.769366,0.605146
0,0.26886,0.969301
0,-0.990379,0.0167792
0,1.00673,-0.00396094
0,-0.988942,-0.0415475
0,-0.810981,0.588165
0,0.257112,-0.980835
0,-0.998455,0.0012214
0,0.821928,-0.590972
0,0.820461,0.597162
0,-0.270756,-0.953311
0,0.985443,0.0211829
0,-0.800519,-0.578983
0,0.252756,0.955189
0,0.24365,0.971291
0,-0.826292,-0.590523
0,0.999113,0.0553702
0,0.363718,0.950021
0,-0.984387,0.0150179
0,0.843687,-0.577564
0,0.826688,0.586196
0,0.314277,-0.935953
0,0.998331,0.0408486
0,-0.845272,-0.54192
0,0.832856,-0.54865
0,-0.811223,-0.582251
0,-0.995883,0.0342208
0,-0.321075,0.94629
0,-0.307269,0.957376
0,-0.827702,-0.584136
0,0.827226,0.595967
0,-0.800229,0.606823
0,-0.814617,-0.568418
0,0.31412,0.950009
0,-0.81888,-0.561836
0,0.297778,0.940012
0,0.227738,0.976251
0,-0.341152,0.944581
0,0.327045,0.947884
0,0.810219,0.594418
0,0.997454,0.0267976
0,-0.273067,-0.9795
0,0.812616,0.58681
0,-0.781609,0.611796
0,-0.302277,-0.942606
0,0.782055,0.619145
0,0.80731,0.566845
0,0.814652,0.596159
0,-0.319884,-0.947566
0,-0.795728,0.61805
0,-0.842913,-0.555507
0,-0.98033,-0.0518233
0,0.334481,-0.950631
0,-0.998475,-0.0267905
0,-0.997678,-0.022091
0,0.321686,-0.940544
0,0.26943,-0.956068
0,-0.995941,0.0255939
0,0.839516,0.515832
0,0.286856,0.941922
0,0.988745,0.00375773
0,0.314836,-0.946767
0,-0.269426,-0.966027
0,0.296983,-0.934666
0,-0.810268,-0.6047
0,-1.02022,0.0123422
0,0.798927,-0.614429
0,-0.853228,0.522045
0,0.801881,-0.61803
0,-0.752753,-0.643067
0,0.334284,0.936744
0,0.815605,0.561312
0,0.29412,0.958777
0,0.317731,-0.943639
0,0.325253,-0.951226
0,-0.813124,0.611763
0,-0.823086,-0.566286
0,0.807906,-0.58137
0,0.835679,-0.573396
0,0.273616,0.956704
0,-0.819871,0.572538
0,-0.807815,0.567881
0,-0.991758,0.00783041
0,-0.984357,-0.0142703
0,-0.99126,-0.017817
0,-0.308841,-0.971346
0,-0.325399,0.935116
0,0.814116,-0.582889
0,0.812303,0.59598
0,1.00282,-0.0165182
0,-0.333574,-0.938666
0,0.995169,0.000249734
0,-0.810654,-0.608978
0,-0.359482,-0.907825
0,0.832163,0.576544
0,-0.807556,-0.60191
0,0.28976,-0.949212
0,0.292354,0.964384
0,0.303183,0.966396
0,-0.981525,0.0159247
0,-0.976767,0.0146197
0,-0.287564,0.946776
0,0.331373,-0.933905
0,0.830687,0.567187
0,-0.805056,-0.589187
0,-0.811321,0.571604
0,0.296001,0.94281
0,0.799756,-0.596779
0,-0.99645,0.0977564
0,-0.272915,-0.972476
0,-0.768429,-0.658474
0,0.773189,0.651201
0,0.24807,-0.958392
0,0.798869,0.582932
0,0.28943,-0.95776
0,0.999725,0.00584836
0,1.00984,-0.0011546
0,-0.320891,0.959295
0,0.79078,-0.575004
0,-0.343458,-0.93235
0,0.330404,-0.931973
0,0.813828,-0.588662
0,0.789122,-0.640528
0,-1.00768,-0.0106246
0,-0.811087,-0.598062
0,-0.792863,0.599535
0,-0.816495,-0.584703
0,-0.306525,-0.948859
0,0.837535,0.585095
0,-0.781139,0.607242
0,-0.816568,0.585242
0,0.820848,0.572327
0,-0.292044,0.944034
0,0.995165,-0.0287754
0,0.807247,0.588029
0,-0.989129,-0.0120614
0,-0.306074,0.937916
0,0.310825,-0.970207
0,0.818759,-0.573099
0,1.00014,0.0240591
0,-1.00687,0.00850006
0,-0.315439,-0.937891
0,0.351507,0.939091
0,-0.805846,0.564717
0,0.331582,-0.948436
0,0.800671,0.590931
0,0.359292,0.915352
0,-0.823056,-0.588531
0,-0.81977,-0.59934
0,-0.996254,-0.0403515
0,0.290358,0.940297
0,-0.792982,0.612704
0,-0.342026,-0.948023
0,-0.835295,-0.554194
0,0.804797,0.609786
0,0.307234,0.931483
0,0.327485,0.938132
0,0.823207,-0.567341
0,-1.00487,0.0103233
0,0.329246,0.951936
0,-0.278753,-0.957751
0,-0.33194,-0.947118
0,-0.284449,-0.971889
0,0.799544,-0.598708
0,0.308757,0.980982
0,-0.813138,0.586993
0,0.99376,-0.0103407
0,-0.306444,0.950874
0,-0.796035,-0.604839
0,0.79897,0.590642
0,0.808471,0.595159
0,0.808547,-0.577332
0,0.840964,-0.555813
0,-0.329375,-0.960506
0,-0.306122,-0.972023
0,-0.259553,0.963243
0,-0.309454,0.937526
0,0.332372,-0.94823
0,0.297289,-0.970381
0,0.283984,-0.970073
0,0.335517,0.95795
0,-0.991317,0.00680295
0,0.785712,0.622073
0,-0.804961,0.589718
0,-0.789003,-0.588515
0,0.793373,0.626982
0,0.327778,-0.937809
0,0.808778,0.567584
0,-0.252224,0.979131
0,0.284893,-0.96004
0,-0.334663,0.947046
0,0.824904,-0.557644
0,-0.796799,0.582999
0,0.318744,-0.953166
0,-0.821507,0.614279
0,-0.82381,0.596577
0,0.829147,-0.550155
0,-0.305375,-0.946215
0,0.800878,-0.57227
0,0.381808,-0.925378
0,0.828697,0.571859
0,-1.01117,-0.0158649
0,-1.0083,-0.0103423
0,-0.790748,-0.577315
0,0.279265,0.943415
0,0.845595,0.554645
0,-0.777088,-0.627917
0,0.31155,-0.959134
0,-0.804802,0.588481
0,0.819008,0.562698
0,-0.288535,-0.950647
0,0.992739,-0.0193125
0,0.81659,0.599426
0,0.830035,-0.546198
0,-0.992399,0.0378528
0,-1.0083,0.0303068
0,-0.319132,-0.942275
0,0.348331,-0.926021
0,-0.33811,0.939785
0,-0.78502,0.595417
0,0.787265,-0.599118
0,0.33645,-0.93682
0,0.812779,0.610459
0,0.30626,-0.941268
0,1.0127,-0.00148175
0,0.375188,0.926963
0,0.295499,-0.963099
0,-0.996947,-0.0694606
0,0.988002,0.0633395
0,-0.803615,-0.589797
0,-0.29549,-0.954348
0,-0.245369,-0.97006
0,-0.774643,0.632094
0,0.819014,0.589038
0,-0.272246,-0.952371
0,0.337575,0.93822
0,0.322086,-0.943509
0,0.285677,-0.963503
0,-0.999692,-0.0164403
0,-0.238984,0.980744
0,0.289404,0.944512
0,-0.328909,0.941817
0,0.99459,0.00629033
0,-0.288617,-0.949761
0,0.275414,-0.975407
0,0.288351,-0.942031
0,-0.860488,-0.555516
0,0.813775,-0.611573
0,-0.294269,0.943037
0,0.851233,-0.521895
0,-0.32065,-0.955582
0,0.814342,0.55277
0,-0.781919,0.602674
0,-0.818938,0.582357
0,0.319046,0.943076
0,-0.260975,0.968509
0,-0.342302,-0.923453
0,-0.974265,-0.0201074
0,-0.826693,-0.564282
0,-0.315268,0.931096
0,0.780609,0.604102
0,0.799383,-0.590405
0,1.01908,0.00614244
0,-0.820409,-0.588807
0,0.979477,-0.027213
0,-0.305299,0.965885
0,0.330766,0.936181
0,-0.322783,0.954871
0,0.274284,0.970021
0,-0.316484,0.950876
0,0.293424,-0.97107
0,0.323954,-0.940056
0,0.807891,0.602583
0,0.998142,0.00525976
0,-0.295087,-0.963631
0,-0.774885,-0.611974
0,0.800342,-0.601445
0,-0.995233,-0.00495775
0,0.357264,0.949865
0,-0.307969,-0.940198
0,0.812199,-0.589029
0,1.00253,0.0488399
0,0.300208,-0.964956
0,-0.284891,-0.968378
0,0.339491,-0.936461
0,-0.991448,0.0646266
0,0.817356,-0.604519
0,0.335243,-0.92961
0,0.994034,0.0333743
0,-0.294906,-0.953527
0,0.295505,-0.941928
0,-0.994283,-0.00040497
0,0.301169,-0.951793
0,-0.786716,0.604621
0,0.769954,-0.631756
0,0.796221,0.603321
0,0.831662,-0.580332
0,-0.304404,0.948287
0,0.995913,-0.0246738
0,0.275797,-0.963623
0,-0.296926,-0.968491
0,-0.96992,0.00974646
0,-0.288149,-0.959344
0,-0.840736,-0.547626
0,-0.319653,-0.96475
0,0.313429,0.950407
0,-0.991299,-0.0277014
0,-0.333932,0.947526
0,0.798154,0.582492
0,-0.776171,-0.637477
0,-0.82399,0.544656
0,0.828884,0.558823
0,-0.797054,0.6155
0,-0.799436,-0.559707
0,-1.01469,0.022598
0,0.787451,-0.587995
0,0.815509,0.583426
0,1.01092,-0.00622147
0,0.314932,0.959809
0,-1.01144,0.00026156
0,0.254072,-0.967871
0,-0.309677,-0.949937
0,0.26038,-0.987527
0,-0.28825,0.960512
0,-0.827572,0.581578
0,-0.810329,-0.57807
0,0.813202,-0.604261
0,0.989545,0.0349539
0,-0.828244,-0.57856
0,1.0012,0.0482298
0,-0.337402,-0.96395
0,-0.800258,0.583867
0,0.825268,-0.59548
0,-0.796036,-0.60093
0,-0.988574,0.00221688
0,0.859722,-0.549061
0,0.256638,-0.963867
0,-0.800153,0.614773
0,0.759985,0.629135
0,-1.00744,0.0148841
0,0.788348,0.602823
0,-0.357833,-0.927286
0,0.814979,0.585553
0,0.777921,0.615515
0,-0.324699,-0.947725
0,0.389012,-0.920594
0,-0.817548,0.578835
0,0.999971,0.0109147
0,0.297314,-0.95052
0,0.79724,-0.609213
0,0.282343,-0.950534
0,1.00654,0.0168345
0,0.344482,0.943365
0,-0.346758,-0.934389
0,0.299788,0.961152
0,-0.818095,0.578302
0,-0.821781,-0.568826
0,0.34485,0.917462
0,0.788459,-0.592427
0,-0.761742,0.622166
0,0.790023,0.564044
0,0.271012,-0.958136
0,0.833319,0.581314
0,-1.00303,-0.0438125
0,-0.307291,-0.960544
0,-0.833052,-0.551015
0,-0.800835,0.602519
0,0.83902,0.541079
0,-0.380335,-0.926295
0,0.339677,0.945105
0,0.808823,0.594351
0,-0.783513,-0.647416
0,-0.326685,-0.937034
0,-0.802482,-0.588261
0,-0.289165,-0.958642
0,0.304689,-0.943072
0,-0.832851,0.546207
0,0.818603,0.613882
0,0.27641,-0.969644
0,0.275129,0.963221
0,1.00924,0.0361996
0,-0.303139,0.949706
0,0.305137,0.960932
0,0.339522,0.941915
0,-0.816484,-0.552354
0,0.800758,0.613592
0,-1.00066,-0.00381306
0,-0.309551,0.957314
0,-0.312413,-0.951532
0,0.992647,-0.0095369
0,0.33175,-0.957558
0,0.986113,-0.0154384
0,-0.831927,-0.580163
0,0.808806,0.594745
0,1.02933,0.0133704
0,-0.361895,0.928959
0,0.813671,-0.558485
0,-1.00923,0.0450863
0,-0.987736,-0.0109421
0,0.342178,0.948129
0,0.815598,0.591397
0,-0.318388,-0.934906
0,0.320266,0.942858
0,0.819792,0.578071
0,0.796576,-0.573544
0,-0.837168,0.569641
0,0.804601,-0.602069
0,-0.328486,0.935884
0,-0.308725,-0.956926
0,0.358419,0.928048
0,-1.00326,-0.00194745
0,0.270349,-0.96528
0,-0.338223,-0.946735
0,0.361923,-0.944809
0,-0.336425,0.952216
0,-0.305112,0.978297
0,0.776115,-0.625864
0,-0.816415,-0.607173
0,-0.302825,0.933537
0,0.265151,-0.957859
0,0.831831,0.565602
0,-0.336598,0.937664
0,-0.289831,0.964669
0,-0.815904,-0.584711
0,-0.808117,0.572023
0,-0.285343,0.9391
0,-0.820838,0.574946
0,0.274867,0.976348
0,0.281057,0.968598
0,0.811302,-0.574598
0,0.366618,0.926653
0,-0.78501,0.589589
0,-1.00037,-0.0316046
0,0.297455,0.953995
0,-0.282206,-0.93798
0,-0.283921,-0.947785
0,-0.799692,-0.599389
0,-0.243837,-0.965214
0,-0.799889,0.611018
0,-0.339205,0.934915
0,0.998582,0.0228402
0,0.3053,0.964107
0,0.823807,-0.557848
0,-0.803042,-0.615419
0,0.2929,0.95888
0,0.819736,-0.581888
0,0.785657,-0.60296
0,0.782747,-0.609599
0,0.837299,0.56914
0,-0.300701,-0.957125
0,-0.290106,0.951586
0,0.314552,-0.921485
0,1.01853,-0.0161128
0,-0.811746,0.583558
0,-0.331257,0.956832
0,0.313846,0.960241
0,-0.991074,-0.0309995
0,0.259491,0.956132
0,0.349023,0.926918
0,0.786152,0.614731
0,0.998347,-0.0177047
0,1.006,-0.0242822
0,-1.00923,0.0211965
0,0.309717,0.966204
0,-0.992396,0.00449411
0,0.842855,-0.537383
0,0.809485,-0.59658
0,0.833073,0.607195
0,-0.345137,-0.925281
0,-0.322248,-0.937154
0,0.33618,0.932951
0,0.325289,-0.948188
0,0.293324,-0.915449
0,-0.305228,0.959083
0,0.300965,0.936224
0,-0.828717,-0.572747
0,-1.01033,0.0207533
0,-0.287286,0.961927
0,-0.235664,-0.96186
0,1.01272,-0.0557691
0,0.812989,0.579044
0,-0.294975,0.959287
0,0.312997,0.956381
0,0.981964,-0.000669619
0,0.997592,0.0477529
0,-0.989289,0.0130955
0,-0.803291,0.56253
0,0.338451,-0.928759
0,-0.988731,0.0315383
0,0.282004,-0.97111
0,1.00382,-0.0522826
0,0.797311,-0.619162
0,-0.311921,-0.962228
0,-0.816748,-0.594377
0,0.336801,0.947919
0,-0.349122,-0.929323
0,-1.00324,0.0493364
0,-0.313893,0.940229
0,-1.00326,0.00469059
0,0.322296,0.968561
0,-0.823613,0.558171
0,1.00165,-0.0539433
0,-0.309944,-0.926478
0,0.997103,0.0557627
0,-0.272648,0.965395
0,-0.992081,-0.0147602
0,0.775876,0.572292
0,-0.299132,-0.957166
0,1.01384,0.0101573
0,-0.786251,0.613065
0,0.349302,-0.957605
0,-0.34309,0.928408
0,-0.339982,0.936883
0,-0.285234,-0.953426
0,0.259183,-0.934122
0,0.80123,-0.610825
0,-1.00932,-0.0221082
0,-0.813009,0.590469
0,0.870023,-0.531198
0,-0.809673,0.589537
0,-0.999491,-0.00318731
0,-0.848266,0.528529
0,0.268173,0.97251
0,-0.29183,0.950915
0,-0.332995,-0.936036
0,0.814482,-0.576132
0,-0.31092,0.926613
0,-0.351547,0.951643
0,0.794539,0.609366
0,-0.284822,-0.951754
0,-0.786939,-0.619861
0,0.810292,0.572664
0,0.31861,-0.924815
0,-0.31107,0.96002
0,-0.835633,-0.561998
0,0.300596,-0.945888
0,0.27834,0.948316
0,-0.814618,0.588574
0,0.334405,0.938577
0,-0.808261,-0.606561
0,0.331137,-0.934377
0,0.845914,-0.551856
0,0.828722,-0.56521
0,-0.809726,0.58818
0,0.279099,0.945524
0,-0.332357,-0.947113
0,0.788486,-0.63321
0,1.0095,0.00119844
0,-0.80066,0.624967
0,-0.807538,0.580684
0,0.35815,0.939111
0,-0.832494,-0.560672
0,-0.832405,0.55233
0,0.273679,-0.940117
0,0.997425,-0.0328973
0,-0.806536,0.578437
0,0.814342,0.608834
0,-0.816816,-0.581189
0,-0.314383,-0.942755
0,-0.838502,-0.586313
0,0.81973,-0.557621
0,-0.802787,0.595605
0,0.819343,0.552983
0,-0.830432,0.535228
0,0.275021,-0.962115
0,0.814757,-0.596839
0,-0.99791,0.0448378
0,0.261179,0.951961
0,1.00272,0.0270092
0,-0.786234,-0.641525
0,-0.81624,-0.583375
0,0.355119,0.95438
0,0.267442,0.968801
0,-0.829803,-0.582806
0,0.801541,0.629622
0,-0.381209,-0.928399
0,-0.996705,0.0503262
0,0.80449,-0.605883
0,0.280487,-0.949313
0,0.352264,-0.935731
0,-0.294159,0.945201
0,-0.805248,0.596185
0,-0.340267,-0.938227
0,-0.817327,0.580796
0,-1.00054,0.0139213
0,0.323316,0.938876
0,-0.876234,-0.511437
0,0.348973,-0.930663
0,-1.00636,0.00390136
0,0.82142,-0.59606
0,-0.848152,-0.542168
0,0.801569,-0.582774
0,-0.99925,0.010209
0,-0.293513,0.944311
0,-0.831749,0.587277
0,-0.98554,0.0317332
0,0.273473,0.961265
0,-0.271902,-0.957073
0,-0.809889,-0.582767
0,0.326773,0.95225
0,0.792126,-0.61388
0,-0.311611,0.970419
0,0.295335,-0.965337
0,0.315957,-0.959665
0,-0.256531,0.955897
0,0.993264,0.0234603
0,0.293568,-0.942544
0,0.793914,-0.602468
0,-0.762642,-0.64472
0,-0.277889,-0.95503
0,-0.814859,0.565547
0,1.00292,0.0109283
0,0.837282,0.540979
0,-0.790444,-0.587356
0,0.279168,0.961404
0,-0.789185,0.621443
0,0.834308,-0.562096
0,-0.848114,0.550093
0,0.996227,-0.0168714
0,0.332767,0.957139
0,1.01484,0.00395162
0,0.798458,-0.598633
0,-0.284983,0.949285
0,-0.997908,-0.0309554
0,-0.770213,-0.626796
0,-0.8118,0.620913
0,-0.273569,-0.953388
0,0.814314,-0.604136
0,0.825678,-0.569954
0,-1.00432,-0.0218846
0,-0.824908,-0.546752
0,-0.3228,-0.956225
0,-0.297318,-0.965546
0,-0.809604,0.58952
0,0.993874,0.0526065
0,-0.802311,0.588776
0,-0.314523,-0.940433
0,0.792162,-0.612881
0,-0.817117,-0.595507
0,-0.308962,0.949653
0,-0.286607,-0.969923
0,-0.325552,0.954102
0,0.347886,-0.938954
0,-0.301387,0.966905
0,0.840782,-0.535059
0,-0.812795,0.594775
0,0.809614,-0.602491
0,0.248878,-0.959519
0,0.310884,-0.924815
0,0.815346,0.567165
0,0.287783,0.948407
0,-0.988546,0.00553831
0,-1.01182,-0.0155531
0,0.272318,-0.970442
0,-0.354057,-0.950488
0,-0.989042,-0.0322388
0,-0.994872,0.0351972
0,-0.806324,-0.573198
0,-0.796603,-0.580522
0,0.786622,0.60873
0,0.356087,-0.936358
0,-0.314696,-0.952646
0,-1.00956,-0.00603884
0,-1.00169,0.0433445
0,0.820032,-0.552489
0,-0.980084,0.0306239
0,0.793622,0.624515
0,0.83646,-0.557402
0,0.27796,0.96377
0,0.317941,0.954616
0,0.276079,-0.956504
0,1.00051,0.0068516
0,0.822162,0.567228
0,0.251912,0.961748
0,0.82417,0.598928
0,-0.983675,-0.0304857
0,-0.289929,-0.962223
0,0.827413,0.591053
0,-1.00802,-0.0141398
0,0.331252,0.932478
0,0.796432,-0.599105
0,0.299491,-0.959843
0,0.809383,-0.58436
0,-0.30997,-0.936834
0,0.795562,-0.596166
0,-0.802341,-0.585036
0,-0.798547,0.60746
0,0.990124,0.00227311
0,0.805515,-0.598756
0,-0.812677,-0.574337
0,0.802877,0.567288
0,-0.998181,0.100149
0,-0.306722,0.967901
0,-0.379061,0.931403
0,0.800445,-0.587639
0,0.814095,0.566138
0,-0.810281,0.569804
0,0.353106,0.94766
0,-0.819741,-0.59574
0,-1.00199,0.0108467
0,-1.00232,-0.0137402
0,0.23682,0.975858
0,1.0135,-0.0122327
0,-0.834404,-0.556923
0,-0.851421,-0.511619
0,0.785828,-0.634443
0,0.807057,-0.578615
0,-0.817208,0.559862
0,0.80583,0.586335
0,1.00896,-0.0245369
0,-1.00213,0.0288016
0,0.827518,0.551569
0,-0.314958,-0.939951
0,-0.311108,0.95933
0,-0.3147,0.941703
0,-0.8282,0.556867
0,-0.987799,-0.0334134
0,-0.289406,0.970941
0,0.32152,-0.940536
0,0.804295,-0.567237
0,0.82896,0.552462
0,0.291605,-0.956243
0,0.831108,-0.540919
0,-0.807866,-0.60311
0,0.793281,0.590546
0,-0.284002,0.961182
0,0.983964,-0.0167751
0,-0.352285,0.944142
0,-0.831286,-0.560568
0,-0.825007,0.570008
0,0.308286,-0.958293
0,-0.285891,-0.950747
0,1.01288,0.0136202
0,-1.00633,0.0144456
0,0.281643,0.960073
0,-0.829695,-0.56859
0,-0.999975,-0.045689
0,-0.816298,-0.55539
0,0.796002,0.608388
0,-0.819906,0.582097
0,-1.00435,-0.0181439
0,-0.764458,-0.608468
0,0.262561,-0.959325
0,-0.276573,0.959671
0,0.80636,0.585753
0,1.00426,-0.0720709
0,0.813953,0.561198
0,0.789278,-0.61359
0,0.816981,0.585469
0,-0.830157,-0.568147
0,-0.803331,-0.589317
0,-0.261914,-0.957269
0,-0.992995,-0.0542361
0,-0.289801,0.934892
0,0.80354,0.60092
0,0.78805,0.598663
0,0.977795,-0.0118554
0,0.330761,-0.941856
0,-0.32516,0.941016
0,0.820701,0.568763
0,-1.01622,-0.036262
0,1.00735,0.00477228
0,0.32533,0.957588
0,0.823523,0.570066
0,-0.814469,0.586501
0,-0.809262,0.567016
0,0.81568,0.582059
0,0.996689,-0.0285986
0,0.99073,-0.0428503
0,0.30471,0.961822
0,-0.835151,0.559703
0,0.330558,-0.948538
0,0.765958,0.624955
0,-0.812709,-0.60189
0,-0.313787,0.948535
0,0.356607,0.950017
0,0.386721,0.933431
0,0.304403,-0.936934
0,-0.316533,-0.941401
0,-0.781789,-0.62126
0,0.823905,-0.578881
0,0.800226,-0.586459
0,0.354833,-0.935194
0,0.362886,-0.933865
0,0.326848,-0.951406
0,-0.801573,-0.601205
0,1.00264,0.0224704
0,-0.78493,-0.598229
0,0.812384,-0.594028
0,0.771125,-0.600779
0,0.347301,-0.967557
0,0.816501,0.591633
0,0.25557,0.97266
0,-0.979819,-0.00909044
0,0.800549,0.581939
0,0.8252,-0.583071
0,0.813357,0.583967
0,0.37055,-0.941053
0,-0.989351,0.0160102
0,0.345725,-0.93411
0,0.313949,-0.956305
0,0.786589,0.625707
0,-0.234799,-0.966
0,-0.994506,-0.00611468
0,-0.815334,-0.584416
0,0.313736,-0.959814
0,0.32736,-0.944947
0,-0.279379,-0.945249
0,-0.995579,0.0317182
0,0.320271,0.936423
0,-0.821272,0.583367
0,0.274998,-0.959703
0,0.300868,-0.962486
0,0.812602,-0.61547
0,0.302745,0.951795
0,0.298025,-0.960029
0,-0.997524,0.040346
0,-0.831953,-0.578299
0,0.994198,-0.0326792
0,-1.00464,0.00303468
0,-0.842523,-0.56042
0,-1.0009,0.0745499
0,-0.785999,0.638428
0,-0.80851,-0.57066
0,0.794763,0.611781
0,0.979529,0.0265417
0,0.318842,-0.948435
0,0.790913,-0.598272
0,-0.994366,0.0253125
0,1.0118,-0.0164569
0,0.309864,0.952522
0,0.793363,-0.570947
0,0.764837,-0.643454
0,-0.798188,-0.628652
0,-0.28356,0.957696
0,0.31213,-0.951129
0,0.293708,-0.945523
0,-0.994318,-0.00674115
0,-0.807716,0.580953
0,0.7924,0.604428
0,0.837587,-0.563444
0,-0.832436,0.550364
0,-0.307392,-0.948531
0,0.808245,0.614539
0,-0.296653,-0.942194
0,0.301098,-0.960639
0,-0.826496,-0.566429
0,-0.272419,-0.952791
0,-0.983715,0.0122109
0,0.800337,-0.589159
0,0.820799,-0.565058
0,0.323275,0.973385
0,-0.817605,-0.558266
0,-0.337376,-0.930079
0,0.825264,0.581108
0,0.313797,-0.924064
0,-0.823819,0.572914
0,0.80066,-0.605809
0,1.00251,-0.0217747
0,-0.310417,0.936935
0,0.325422,-0.955475
0,-1.00085,-0.00198337
0,0.815694,-0.565698
0,0.35746,-0.924473
0,0.806754,-0.582203
0,1.00184,-0.00922939
0,0.375468,-0.924711
0,-0.298564,0.954345
0,-0.995705,0.00110849
0,-0.239831,-0.955954
0,0.305923,0.950263
0,-0.805081,-0.570445
0,0.306758,0.967568
0,0.792851,-0.6198
0,0.234454,-0.983915
0,-0.272489,0.961872
0,0.999743,0.0486014
0,-0.833532,-0.586911
0,-0.780098,0.615666
0,-0.984069,0.0442156
0,-0.350886,-0.931653
0,0.309426,-0.953616
0,0.830575,-0.575399
0,-0.322786,0.955972
0,-0.821061,-0.571373
0,0.340461,-0.927861
0,-0.780123,-0.618238
0,-0.800244,0.58454
0,-0.775487,0.625545
0,-0.815412,0.58316
0,-0.303759,0.965446
0,-0.788746,0.626262
0,-0.821086,0.560922
0,-0.275214,-0.958539
0,-0.323148,0.946117
0,0.808634,-0.58393
0,0.346118,0.926033
0,-0.316394,-0.950917
0,-0.814603,-0.568914
0,-0.77658,0.636362
0,0.31252,0.936328
0,0.329928,-0.937507
0,0.289537,-0.954461
1,0.979097,0.0798079
1,-1.00458,0.046797
1,0.804723,-0.588551
1,1.00234,-0.0145293
1,0.282033,-0.962367
1,-0.228134,-0.966662
1,-0.795243,-0.576799
1,-0.320341,-0.951901
1,-0.818741,0.546484
1,0.788003,0.628247
1,-0.814129,0.587131
1,0.828704,0.56966
1,-0.785377,0.635982
1,1.00543,-0.0108669
1,-0.805754,-0.619711
1,-0.25018,0.965636
1,-0.247689,-0.951254
1,-0.820689,-0.585772
1,0.786192,0.622685
1,0.25597,-0.967795
1,0.821066,0.570932
1,0.256702,-0.969803
1,1.00415,0.0732246
1,1.01119,-0.0839391
1,-0.829794,-0.538226
1,0.774409,-0.654008
1,-0.251541,0.952971
1,-0.342158,-0.921072
1,-0.831217,0.550754
1,-0.252085,0.955268
1,-0.83011,0.552308
1,0.338759,-0.954595
1,-0.820138,-0.611831
1,-0.760273,0.615469
1,0.259735,-0.965309
1,-0.310198,0.962538
1,0.775059,0.615755
1,-1,0.00636246
1,-0.830642,-0.562486
1,0.820849,-0.576599
1,-0.789137,0.628222
1,0.325271,0.971916
1,0.32336,0.962091
1,-0.992255,0.0282037
1,-0.318728,-0.954164
1,-0.331493,0.958052
1,-1.0044,0.0382813
1,-0.367543,0.918017
1,-0.324068,-0.949603
1,0.309377,0.960676
1,0.792269,0.600202
1,0.326351,0.950911
1,-0.80849,0.616367
1,0.790275,0.609525
1,-0.352192,0.939929
1,-0.802511,0.606635
1,-1.00617,0.0161473
1,0.856748,0.504638
1,-0.710198,0.731582
1,-0.330571,-0.944236
1,0.990291,0.0557528
1,-0.224729,-0.974347
1,0.825325,-0.554374
1,0.805548,-0.586973
1,-0.381757,-0.918464
1,0.817403,-0.585635
1,-0.303193,0.94453
1,-0.357093,0.929601
1,-0.320121,0.954824
1,-0.827417,0.568286
1,-0.336906,-0.931745
1,-0.77304,0.622923
1,0.77866,0.607229
1,0.223849,0.954448
1,0.794741,0.591349
1,-0.289268,0.946072
1,0.828074,0.592332
1,0.997975,-0.0615303
1,0.275774,-0.979261
1,0.317583,0.956387
1,0.791152,0.638194
1,0.997476,-0.0197026
1,-0.783582,-0.608926
1,0.810157,0.593694
1,0.889073,0.473568
1,-0.283598,-0.981146
1,0.231165,-0.968091
1,-0.262687,0.955104
1,0.325461,-0.950784
1,0.990903,-0.0371784
1,-0.349292,0.953124
1,-0.794432,0.567949
1,-1.00757,0.0702581
1,-1.0013,0.00551914
1,0.846647,0.538538
1,-0.339017,-0.947025
1,-0.307248,0.954762
1,1.00994,0.0131421
1,0.352694,-0.918458
1,-0.384529,0.914039
1,0.282704,0.934571
1,-0.260853,-0.9658
1,-0.79024,0.614078
1,0.848259,-0.554732
1,-0.299915,-0.942881
1,1.00144,0.0246849
1,-0.733952,0.659497
1,0.779751,0.627885
1,-0.273362,0.953246
1,-0.264532,-0.978312
1,-0.772569,0.643172
1,0.980917,-0.102123
1,0.993816,0.0492992
1,-0.839921,0.538311
1,0.322362,-0.921148
1,-0.997742,-0.0172659
1,0.329519,-0.957445
1,1.00895,0.0216115
1,0.300436,0.963029
1,0.775931,-0.663007
1,-0.35213,-0.911998
1,0.993101,-0.0498679
1,0.762998,-0.62497
1,-0.439274,0.89635
1,-0.320477,-0.953601
1,-0.355341,-0.943869
1,0.321426,0.93128
1,-0.819551,0.5465
1,0.313865,0.969998
1,0.351541,-0.924968
1,1.00904,0.00489857
1,-0.273818,0.967069
1,-0.841097,-0.531678
1,-0.295324,-0.944956
1,-0.252787,0.959817
1,-0.317712,0.949597
1,-0.790707,-0.612761
1,-0.368043,0.938243
1,-0.798707,-0.591851
1,-0.810625,-0.605171
1,-0.30323,-0.975018
1,-0.291026,-0.976113
1,-0.288534,-0.956617
1,-0.289329,-0.957603
1,-0.831788,0.55696
1,-0.759957,-0.640596
1,0.850717,0.499892
1,-0.790505,0.609661
1,-0.360434,-0.935207
1,-1.00528,0.0171387
1,0.31879,0.962326
1,-0.287731,0.919695
1,-0.843947,-0.530528
1,-0.815055,0.583799
1,-0.818419,-0.599785
1,-0.381984,-0.934303
1,0.804703,-0.594164
1,0.313464,0.941435
1,0.821673,-0.582301
1,0.800305,-0.592002
1,-0.324807,-0.947939
1,0.281521,-0.962624
1,-0.985574,0.0504421
1,0.771516,-0.607902
1,-0.867688,-0.536286
1,0.805225,0.583497
1,0.790933,0.606442
1,0.408981,-0.943939
1,-0.821738,0.548775
1,0.279057,-0.978157
1,0.277588,-0.957254
1,0.279242,0.971173
1,-0.781839,0.612521
1,0.283134,-0.975755
1,0.987166,0.00880351
1,-1.00319,-0.0784466
1,0.830405,0.543238
1,0.376737,-0.939243
1,0.843316,0.536291
1,0.328095,0.958968
1,-0.99649,0.048081
1,-0.821416,-0.573924
1,-0.294161,-0.962039
1,0.997312,-0.0393672
1,0.328367,-0.942584
1,1.00971,-0.0121386
1,0.799983,0.589068
1,0.321133,-0.947028
1,0.842562,0.53145
1,0.779336,-0.602549
1,0.828785,0.547328
1,-0.312027,0.944886
1,-0.375261,-0.928111
1,-0.804606,-0.587827
1,0.254606,0.969948
1,0.370558,0.922552
1,-0.321586,0.939607
1,0.749077,0.634766
1,0.830435,0.560552
1,0.811212,-0.607195
1,0.774113,-0.645187
1,-0.801994,0.582549
1,0.350071,-0.939461
1,-0.264775,0.961247
1,-0.849904,-0.508248
1,-1.00304,0.0367887
1,0.810438,-0.589619
1,0.820167,-0.580382
1,-0.807349,0.602136
1,1.00091,-0.0517941
1,0.790212,-0.642769
1,0.237395,0.95182
1,-0.835305,0.556542
1,0.788172,0.615515
1,0.299931,0.951555
1,0.830565,0.558586
1,0.781693,0.625605
1,0.371282,0.935561
1,-0.849373,-0.541373
1,-0.298963,0.946651
1,-1.00945,0.0130271
1,0.828616,-0.559479
1,0.306794,-0.944555
1,1.00145,-0.0342614
1,-0.789624,-0.619861
1,0.818711,0.560527
1,-0.843811,-0.536973
1,-0.998544,-0.00548155
1,-0.992209,0.00694604
1,1.00454,-0.0404159
1,0.781216,-0.59229
1,-0.289893,-0.95188
1,-0.836959,-0.578275
1,-0.812945,-0.56644
1,-0.856618,-0.504861
1,-0.776428,0.634523
1,0.334679,0.934368
1,-1.01946,-0.0118779
1,0.811432,-0.583598
1,-0.80359,-0.588745
1,0.995409,0.0179619
1,-0.781321,-0.647846
1,-0.800753,0.59386
1,1.00556,-0.0622487
1,0.298443,-0.954497
1,0.981215,-0.00540144
1,0.802256,-0.58955
1,0.826178,0.552284
1,-0.828198,0.557786
1,-0.731391,-0.685294
1,-0.421767,-0.91005
1,-1.01222,0.0290744
1,0.810464,-0.590109
1,0.2821,-0.965422
1,0.768115,0.643923
1,-0.323959,0.945394
1,-1.01696,0.0011686
1,0.271698,-0.952394
1,-0.863902,-0.55495
1,0.313405,-0.953449
1,0.310676,0.942133
1,-1.00381,0.0336653
1,-0.856828,0.519139
1,0.995509,-0.0185272
1,1.01731,-0.00892985
1,0.296794,0.95669
1,-0.778897,-0.588292
1,-0.355386,-0.932452
1,-0.85508,0.542191
1,-0.996954,0.021066
1,-0.308888,-0.943049
1,0.833936,-0.544758
1,0.28086,0.950814
1,0.868356,-0.547052
1,-0.375184,0.916892
1,-0.987421,0.0623047
1,-1.01786,0.0219491
1,0.309902,-0.946585
1,0.810458,-0.600689
1,0.276548,0.947613
1,1.00797,-0.0259681
1,-0.819773,-0.592386
1,0.834323,-0.560201
1,0.269511,-0.960378
1,0.33227,0.930641
1,1.02102,0.0164122
1,0.859359,-0.523411
1,-0.808937,0.575647
1,-1.00124,0.0220959
1,-1.00329,-0.0496615
1,0.806107,0.586174
1,-0.764765,-0.625954
1,-0.279376,-0.960015
1,-0.358992,0.929356
1,0.824706,0.548224
1,0.81092,-0.571652
1,0.281711,0.948458
1,-1.00732,-0.0152871
1,0.984668,0.123995
1,0.265105,0.963105
1,0.38284,0.923806
1,-0.238407,0.978535
1,0.359466,-0.922216
1,-0.342758,-0.946116
1,-0.775631,-0.61172
1,-0.775876,-0.633394
1,-0.811079,-0.590848
1,-0.796307,-0.618596
1,0.266141,-0.957863
1,-0.999633,0.0500471
1,-0.797919,0.607029
1,-0.986923,0.00342786
1,0.297214,-0.954279
1,0.283933,0.959989
1,0.73254,-0.658032
1,-0.804828,-0.573572
1,1.00336,0.0404906
1,1.00393,0.0189722
1,-0.313839,0.948164
1,0.752295,-0.688848
1,0.33554,-0.951547
1,1.01719,0.0419032
1,0.299756,-0.95583
1,0.804603,-0.581831
1,0.2478,0.960162
1,-0.776854,-0.627716
1,0.284162,-0.966675
1,0.251078,0.960804
1,-0.291071,0.956557
1,0.8143,0.590969
1,-0.813987,-0.579027
1,0.764963,-0.667544
1,0.428807,-0.902606
1,0.991436,-0.108544
1,0.990209,-0.0513684
1,0.799805,0.601355
1,0.826,-0.534083
1,-0.756346,-0.641339
1,-0.764157,-0.60238
1,-0.355433,0.940485
1,-0.823526,-0.518875
1,-0.291668,0.962536
1,0.994591,-0.0866621
1,0.829118,-0.588658
1,-0.406105,-0.904698
1,-0.976953,-0.0361817
1,0.845603,-0.487143
1,-0.27613,-0.976474
1,0.784255,-0.649496
1,-0.373979,-0.920162
1,-0.989348,0.0103587
1,-0.857378,-0.512356
1,0.33936,0.975197
1,0.819217,0.576353
1,0.813364,0.550953
1,0.985649,-0.0569009
1,0.271918,-0.944333
1,-0.835314,0.577278
1,-0.355923,-0.928928
1,1.00675,0.0172094
1,0.315632,-0.954381
1,-0.264711,0.962102
1,0.755137,0.655559
1,-0.8217,0.564702
1,-0.304146,-0.941251
1,0.988625,-0.0793472
1,-0.304848,0.953926
1,-0.776472,-0.642512
1,0.277137,-0.953657
1,0.290502,0.964208
1,0.374972,-0.913403
1,0.818231,-0.562165
1,0.290726,-0.935006
1,0.812566,-0.587363
1,0.339722,0.936723
1,0.312158,0.95496
1,-0.827269,-0.539589
1,-0.291199,0.946649
1,-0.837866,0.550286
1,-1.00257,0.0412717
1,0.782443,-0.622623
1,-0.836233,0.574581
1,0.787228,-0.619497
1,0.774381,-0.6734
1,-0.339618,-0.934409
1,0.322138,0.954057
1,-0.277869,0.968905
1,-0.295871,0.959104
1,0.34989,0.936057
1,-0.80641,-0.594327
1,0.99712,0.0399823
1,0.276625,0.951879
1,0.318952,-0.943973
1,0.289253,0.958039
1,-1.00242,-0.0136549
1,0.998067,-0.0144047
1,-0.790366,-0.616681
1,0.829075,-0.535422
1,-0.818997,0.57917
1,-1.00349,0.03529
1,-0.318891,-0.942045
1,-0.22032,0.978594
1,-0.842524,0.511175
1,0.780843,0.616626
1,0.997479,-0.0270303
1,0.324017,-0.941601
1,-0.773951,0.625375
1,0.33697,-0.928512
1,-1.0076,0.0421915
1,0.823111,0.581799
1,1.00811,-0.0310966
1,0.300541,-0.960677
1,-0.348632,0.911944
1,-0.792137,-0.627013
1,0.36828,-0.935888
1,-0.39796,-0.903834
1,0.357694,-0.9647
1,-0.272984,0.961009
1,-0.759676,-0.626042
1,0.8188,-0.590604
1,-0.795732,0.633662
1,-0.841325,0.548648
1,-0.773905,-0.602058
1,-0.34173,-0.944083
1,-0.849644,-0.545416
1,-0.312682,0.958557
1,-0.808893,0.616462
1,0.761756,0.620598
1,0.837292,0.53636
1,-0.990671,0.0246711
1,-0.279776,0.945518
1,-0.999074,-0.0672978
1,0.831151,-0.543143
1,0.293805,0.964311
1,0.80662,0.580338
1,0.810872,-0.573252
1,-0.312426,-0.948169
1,-0.796155,0.604298
1,-0.371305,-0.929181
1,0.258385,-0.979435
1,-0.304017,0.943719
1,0.289951,0.964349
1,0.268229,-0.964845
1,-0.345093,0.947445
1,0.83264,-0.56128
1,-0.314662,-0.948827
1,-0.350813,-0.93555
1,0.852312,0.535279
1,0.991957,-0.0418218
1,-0.993718,0.00714001
1,0.76677,-0.644663
1,-0.321934,-0.939147
1,1.0003,0.0248853
1,-0.846969,0.574209
1,0.79358,0.628451
1,-0.769679,0.619439
1,0.345486,0.952215
1,0.750883,0.678155
1,-0.276934,-0.993399
1,-0.803855,0.614059
1,-0.306186,-0.956315
1,0.396383,0.914597
1,-0.330599,0.94867
1,0.830953,0.572686
1,0.853572,0.524205
1,-0.338421,0.940534
1,0.787977,0.603824
1,0.783039,-0.576939
1,-0.829937,0.568226
1,0.848901,-0.551885
1,1.0024,0.0312887
1,1.00494,0.0710347
1,0.996378,-0.0165937
1,-1.014,-0.0886229
1,0.767395,0.646005
1,-0.290527,0.957838
1,-0.276937,-0.970161
1,0.840644,-0.57804
1,1.01123,0.0496651
1,0.30589,0.956446
1,-1.00437,-0.0418929
1,-0.850391,0.522533
1,0.358565,-0.933129
1,-0.27284,0.97092
1,0.811575,0.569587
1,-0.784498,-0.586012
1,0.99313,-0.0314608
1,-0.812109,-0.54559
1,0.320438,-0.955007
1,-0.288163,-0.954905
1,-0.332188,0.959714
1,0.792262,-0.606734
1,-0.773649,-0.622005
1,-0.842159,-0.535589
1,0.995438,-0.0599941
1,1.01594,-0.0155827
1,1.00023,-0.00380161
1,-0.999863,-0.0139039
1,1.0073,0.060678
1,0.349125,-0.946585
1,0.775481,0.592387
1,0.990407,0.00128892
1,0.993416,-0.0779683
1,-0.284994,-0.955101
1,0.793202,-0.609769
1,-0.80726,0.581986
1,-0.324795,-0.955306
1,1.00637,-0.0971819
1,0.28455,-0.970646
1,-0.823587,-0.566371
1,0.252828,0.943194
1,0.814809,0.579899
1,-1.00174,-0.0206261
1,0.775608,-0.612812
1,0.788114,0.634509
1,1.01043,0.0920212
1,-0.313024,-0.959043
1,0.799845,-0.568448
1,-0.778531,0.628761
1,0.862085,0.532295
1,0.299224,-0.960017
1,-0.344698,0.9314
1,-0.387747,-0.912269
1,0.986144,0.0359195
1,0.984281,-0.0910568
1,-0.800448,0.603448
1,0.279182,0.950039
1,-0.99398,-0.0565211
1,-0.757026,-0.640791
1,0.298722,0.943354
1,0.996191,-0.0147981
1,0.298866,0.9423
1,0.812019,-0.557541
1,-0.986921,0.0605086
1,-0.783013,0.651277
1,0.832147,0.544103
1,-0.747904,-0.681383
1,-0.81517,-0.597045
1,-0.799192,0.625447
1,0.314199,0.944639
1,0.228379,-0.983131
1,0.990167,-0.0659813
1,1.01724,0.0749035
1,0.296964,0.957732
1,-0.26364,-0.956683
1,-1.00808,0.0475364
1,-0.796304,-0.648302
1,0.767737,-0.63395
1,0.844901,-0.545913
1,0.287083,0.958333
1,-0.329567,0.945037
1,0.995642,-0.00298082
1,0.795967,-0.613472
1,-0.811197,-0.56901
1,0.799107,0.620265
1,-0.285816,0.967364
1,0.247581,-0.985818
1,-0.321411,-0.938713
1,-0.995753,-0.00526616
1,-0.29113,-0.955143
1,-0.791627,-0.605813
1,0.32548,-0.945862
1,0.265117,0.963367
1,1.00927,-0.0127494
1,-0.261163,-0.952734
1,0.386875,0.933856
1,-0.305788,0.960913
1,0.763646,0.630885
1,-0.817514,-0.550162
1,-0.287719,0.950706
1,0.779895,-0.634041
1,-0.831831,0.572548
1,-0.774719,-0.649893
1,1.01755,0.0839606
1,-0.879126,-0.49661
1,0.980389,0.0199841
1,-0.256375,0.959365
1,-0.802586,-0.559604
1,-0.82433,0.583373
1,-1.01191,-0.0215943
1,0.790159,-0.59967
1,0.281394,0.976121
1,-0.834792,0.53776
1,0.829818,-0.569228
1,0.853838,-0.525362
1,-0.365101,0.947892
1,-0.804134,0.611926
1,-0.393578,-0.908036
1,-0.284402,0.946888
1,-0.414577,-0.908159
1,-0.782734,0.618484
1,0.799724,-0.620896
1,-0.260174,0.956668
1,-0.829022,-0.5565
1,0.328951,-0.938454
1,-0.802914,0.589502
1,-0.309974,0.95907
1,0.814093,0.577153
1,1.00694,0.0127809
1,0.847559,-0.522273
1,-0.384663,-0.935163
1,-1.01238,0.0108777
1,0.369715,-0.933518
1,0.343279,-0.946669
1,0.768155,0.634378
1,0.263679,0.974777
1,-0.309981,-0.925026
1,0.315178,0.961587
1,-0.284589,0.946842
1,-0.276454,-0.965324
1,-1.01365,0.00228255
1,-0.345335,0.933695
1,0.312911,0.94263
1,0.995234,-0.0123675
1,-0.295266,0.95769
1,-0.842695,0.572387
1,0.360926,0.937499
1,-0.250722,-0.97583
1,0.799832,0.608486
1,0.989001,0.0767036
1,-0.793866,-0.60678
1,-0.315657,-0.955193
1,-0.982793,0.0361543
1,1.00791,-0.0211306
1,0.829116,0.559872
1,0.26707,-0.962321
1,0.974611,-0.00569795
1,0.363782,0.941854
1,-0.778815,0.641559
1,0.797393,0.619602
1,-0.999473,-0.0561582
1,-1.00309,0.075619
1,0.325862,0.965859
1,-0.861485,0.530062
1,-0.795766,0.616309
1,-0.271079,-0.960929
1,0.818501,0.571781
1,0.328727,0.936353
1,-0.322746,-0.948053
1,-0.78838,0.607476
1,0.823803,-0.572513
1,1.00891,0.0240575
1,0.272544,0.948646
1,0.819244,0.582563
1,1.00456,0.0646075
1,0.341978,-0.937979
1,0.32376,0.939394
1,0.757677,0.656571
1,-0.284188,-0.967017
1,-1.01132,-0.000168942
1,-1.0063,0.00606029
1,0.296735,-0.942482
1,0.326037,-0.931467
1,1.005,0.0637949
1,0.798978,0.608004
1,-0.799337,0.608997
1,0.812586,-0.565088
1,-1.00043,-0.00147072
1,0.749197,-0.650982
1,0.79105,-0.605245
1,-0.990175,-0.0963672
1,0.251034,0.969619
1,-0.326585,0.944988
1,-0.979278,0.0287061
1,0.316808,0.943758
1,0.770742,-0.615377
1,-0.811625,-0.575677
1,0.878702,0.509959
1,-0.326803,0.9391
1,0.29933,-0.941135
1,-0.768509,-0.627527
1,0.990268,0.0935364
1,-0.833376,0.54024
1,-0.351392,-0.940181
1,-0.337644,-0.919822
1,-0.804877,0.586393
1,0.798264,-0.589988
1,0.363893,0.936124
1,0.296845,-0.947242
1,0.268357,-0.957198
1,0.841087,-0.531132
1,0.795989,-0.638746
1,-0.978133,0.0424054
1,0.759893,0.650611
1,1.00262,-0.0775251
1,-0.997711,-0.0377794
1,-0.752342,-0.667183
1,0.780898,-0.602391
1,-0.761131,0.632806
1,0.797302,-0.594473
1,-0.233638,-0.971641
1,-0.767669,0.648602
1,-0.838157,0.552068
1,0.994912,-0.00630825
1,-0.799493,0.611519
1,-0.815183,0.572668
1,0.378842,0.926942
1,0.992095,-0.0175941
1,-0.810171,0.596739
1,-0.995064,-0.00434981
1,0.831325,0.554823
1,-0.849379,-0.568107
1,-0.37422,-0.94322
1,0.391442,0.941876
1,0.999898,-0.0092729
1,0.370569,-0.941219
1,-0.995449,-0.0321978
1,-0.325712,0.944759
1,-0.794896,0.588666
1,-0.263306,0.963592
1,-0.294107,-0.952636
1,0.322019,0.961619
1,-0.349552,0.958423
1,0.277369,0.952154
1,-1.01995,-0.0136636
1,-0.804316,-0.589675
1,-0.274735,-0.959262
1,-0.326607,0.946911
1,0.238532,0.963647
1,-0.785977,-0.61967
1,-0.264267,-0.963596
1,-0.319311,0.927645
1,0.804021,0.573261
1,0.80757,0.606494
1,0.996255,-0.030825
1,0.798928,0.584225
1,0.297846,0.961637
1,0.303624,-0.953293
1,0.77083,0.632188
1,-0.32716,-0.940395
1,-0.297927,-0.958596
1,-0.812819,-0.56291
1,0.991188,0.00775276
1,0.830615,-0.550019
1,0.845141,-0.557908
1,-1.01514,0.00748183
1,-0.790919,-0.584346
1,0.346204,0.937624
1,0.783863,-0.593763
1,-0.301371,0.957799
1,-1.0003,-0.0363205
1,-0.78094,-0.612562
1,0.787838,0.595685
1,-0.30968,0.954453
1,0.330476,0.946952
1,-0.787672,0.607011
1,-0.813331,0.618339
1,0.259226,0.972942
1,-0.192222,0.981843
1,-0.859208,-0.527297
1,0.998836,-0.048786
1,0.837029,0.535561
1,-1.00711,0.0449742
1,1.00153,0.0483249
1,0.991687,0.0103681
1,-0.320959,-0.944674
1,-0.368983,-0.927204
1,-0.251357,-0.957805
1,-0.771297,-0.62429
1,-1.00741,0.0715508
1,-0.283578,-0.954811
1,-0.791004,-0.622155
1,0.316583,0.950435
1,-0.333033,0.946093
1,0.788062,-0.619924
1,0.779292,0.634876
1,-0.779504,-0.602649
1,0.278101,-0.95784
1,0.851596,0.512769
1,0.853888,-0.540558
1,-0.290666,-0.958765
1,-0.862424,0.495108
1,-0.798003,-0.612534
1,0.773876,-0.635346
1,0.728602,-0.676661
1,0.815324,0.584021
1,-0.295809,0.949894
1,0.993563,0.0492797
1,-0.986641,0.0141987
1,-0.984136,0.0559356
1,0.995796,-0.0291957
1,0.821453,-0.549228
1,0.996742,0.0102561
1,0.799271,-0.592823
1,0.274499,0.947413
1,0.774913,0.616022
1,0.328019,0.936379
1,0.327599,0.951573
1,0.281666,-0.957238
1,0.800868,0.582833
1,-0.320181,0.94354
1,0.79749,0.600964
1,1.00955,-0.0484311
1,-0.82119,0.575071
1,-0.29339,0.970755
1,-0.775338,-0.638895
1,-1.00654,0.0272065
1,-0.813191,0.580204
1,0.773647,-0.615627
1,-0.792039,-0.631093
1,0.805048,-0.555579
1,0.998422,0.0204167
1,0.764475,0.640699
1,1.00795,-0.00210464
1,-0.252609,0.95262
1,1.01762,0.0408601
1,-0.22215,-0.976858
1,-0.846134,0.537852
1,0.847069,0.552093
1,-0.795052,-0.600757
1,1.02099,-0.057652
1,-0.876943,-0.53882
1,0.803765,0.618924
1,-0.873419,-0.496992
1,0.352397,-0.933991
1,-1.01216,0.0232255
1,-0.781076,-0.619898
1,-0.806533,-0.547738
1,-0.2803,-0.956082
1,0.820693,-0.573112
1,-0.323898,-0.955088
1,-0.993813,0.0567225
1,0.385406,0.922983
1,-0.796569,0.621415
1,-0.832578,-0.554551
1,-0.259748,-0.955524
1,0.314036,0.946037
1,-0.831203,-0.557406
1,0.833618,0.580645
1,1.01503,0.0321919
1,0.8271,0.548378
1,1.00727,-0.0404678
1,-1.00919,0.0371696
1,0.28749,0.949138
1,-0.198584,0.975911
1,0.998485,-0.0534081
1,0.238725,-0.971407
1,0.801412,-0.587017
1,-0.79165,-0.61776
1,0.79127,-0.638672
1,0.316937,0.953705
1,-0.377939,0.936131
1,0.390206,-0.936233
1,0.269242,-0.964644
1,-0.98958,-0.0276123
1,-0.772539,-0.644972
1,-0.80963,-0.59272
1,0.34722,-0.939596
1,-1.00429,-0.0763946
1,-0.305583,0.959938
1,-0.984703,-0.0337654
1,0.272342,0.965072
1,1.00309,-0.00184048
1,-1.00177,0.00905877
1,-0.275448,-0.944359
1,0.293138,-0.958901
1,0.845899,0.520928
1,0.779359,0.630291
1,0.809956,0.600567
1,-0.810757,0.583808
1,-1.006,-0.0336267
1,0.318571,-0.95148
1,0.303389,-0.955867
1,-0.787205,0.625874
1,0.308316,0.954888
1,-0.794853,-0.566643
1,-0.828252,-0.573493
1,1.00393,0.022545
1,-0.985704,0.00438251
1,-0.320464,-0.926599
1,-0.298772,0.939621
1,-0.786734,-0.59719
1,-0.841786,-0.562086
1,-0.991835,-0.0170869
1,-0.816285,0.575543
1,-0.810904,-0.551898
1,0.794432,-0.59533
1,0.289086,-0.957208
1,0.970332,0.0540232
1,1.00396,-0.0130659
1,0.841036,-0.538891
1,0.802518,0.597796
1,-0.800174,-0.585116
1,0.990377,-0.0633458
1,-0.395321,0.932735
1,0.33457,-0.934187
1,0.336269,0.930631
1,-0.783855,-0.590286
1,-1.00792,0.0493583
1,0.206919,-0.974348
1,-0.835115,-0.5662
1,-0.819096,-0.560186
1,-0.298709,0.957053
1,-1.00194,-0.029834
1,-0.261439,-0.968011
1,0.321155,0.954863
1,0.999949,-0.00238076
1,-0.813442,0.565982
1,-0.839823,0.524808
1,0.987135,-0.0268091
1,0.744777,-0.6622
1,-0.298705,0.966851
1,-0.284458,0.95152
1,-0.766978,-0.628491
1,0.859422,-0.501978
1,0.823448,-0.562743
1,-0.819837,0.570177
1,0.272976,0.981047
1,-1.01423,-0.0125848
1,1.00812,0.009054
1,0.278453,-0.955291
1,-0.265691,0.968558
1,0.990292,-0.0604005
1,0.986753,-0.0371438
1,-0.325496,0.950322
1,-0.832934,-0.561536
1,-0.307992,-0.951057
1,-0.977852,0.122741
1,0.766666,0.621238
1,-1.01634,0.0360991
1,0.811851,0.567053
1,-0.802686,-0.577757
1,-0.279386,0.942426
1,0.377564,-0.932133
1,0.791289,-0.616568
1,-0.344834,0.951942
1,0.282175,-0.967731
1,-0.854853,-0.534759
1,0.798826,-0.621385
1,0.303147,-0.967624
1,-1.0024,-0.0484903
1,0.815552,-0.586979
1,-0.368308,0.937673
1,-0.98965,0.113974
1,-1.01071,0.0551744
1,-0.294162,-0.971875
1,0.765346,-0.602223
1,0.257949,0.972788
1,0.193463,0.972466
1,-0.271968,-0.936636
1,-0.286856,0.956161
1,-0.986314,0.0217807
1,0.808814,-0.583256
1,-0.774379,0.634735
1,0.318777,0.938327
1,1.00836,-0.0435243
1,0.803304,-0.569275
1,-0.332772,-0.940309
1,-0.322894,-0.951094
1,0.26551,-0.96063
1,-0.794793,0.600052
1,-1.00905,0.0427796
1,0.356948,-0.93932
1,1.00379,-0.00158392
1,-0.279343,0.950254
1,-0.816922,0.530081
1,0.881256,0.472041
1,1.00645,-0.00490033
1,-0.266626,-0.958463
1,0.305789,0.961947
1,-0.997403,-0.053565
1,-0.306554,0.939074
1,-0.860113,0.536154
1,-0.316744,0.955027
1,-0.993428,0.0226611
1,-0.878287,-0.499738
1,-0.825314,0.565879
1,-0.327951,0.928105
1,-0.998584,-0.0240806
1,0.256333,-0.983315
1,1.01411,0.0116137
1,0.344275,-0.939796
1,0.811315,0.61268
1,-0.838717,-0.577789
1,1.00267,-0.0240514
1,0.307595,0.948935
1,0.853759,0.524075
1,0.778214,0.628761
1,1.00537,0.0665361
1,-0.99209,-0.0662449
1,-0.779757,-0.630616
1,-0.819453,0.58539
1,0.996833,-0.0465014
1,0.769616,-0.620077
1,1.00587,0.014681
1,-0.383421,-0.923306
1,0.306639,-0.953083
1,0.287099,0.953148
1,-0.834933,-0.56865
1,0.353199,0.934999
1,-0.996929,0.0457581
1,-0.285784,0.948796
1,0.816074,0.595525
1,-0.816345,-0.556896
1,-0.821509,-0.554994
1,-0.794209,-0.614658
1,0.285781,0.968378
1,-0.777274,-0.606828
1,0.330647,0.948219
1,-0.328427,0.940571
1,0.319451,-0.92304
1,-0.861907,-0.555892
1,-0.840361,-0.536069
1,-0.772908,0.641983
1,0.77587,0.624013
1,-0.264803,0.965435
1,0.795789,-0.598828
1,-0.315198,0.965276
1,-1.00766,-0.0192069
1,0.284711,-0.956117
1,-0.31957,0.930352
1,0.315443,0.954948
1,0.337773,0.936401
1,-0.988422,-0.0559614
1,-0.316285,-0.924939
1,0.217209,-0.981061
1,-0.797888,0.579711
1,0.831023,0.585207
1,0.799732,0.602408
1,0.798904,-0.623505
1,0.991278,-0.0181077
1,-0.780027,0.618528
1,1.01036,0.0346928
1,-0.811241,0.589217
1,0.818079,-0.546301
1,0.99258,0.00926503
1,0.840032,0.557854
1,-0.803925,-0.582915
1,-0.781979,-0.583888
1,0.808997,0.58647
1,-0.795751,-0.593597
1,0.376723,-0.935532
1,0.827555,0.573429
1,-0.866253,0.499445
1,-0.820715,0.545416
1,1.01112,-0.0144653
1,1.00078,0.0022279
1,-0.334514,-0.927548
1,-0.301191,-0.957794
1,0.981252,-0.0977341
1,0.307084,-0.95696
1,-0.844913,0.525645
1,-0.792182,0.604961
1,0.835534,0.537178
1,0.325027,0.947983
1,-0.260135,-0.971399
1,-0.984252,0.00492465
1,-0.379008,0.923042
1,-0.324222,0.925945
1,-0.875285,0.459739
1,0.990251,-0.0570006
1,-0.818507,0.557345
1,0.825073,0.579982
1,0.291563,-0.950504
1,0.999429,0.0147983
1,0.316514,-0.948385
1,-0.310055,0.932504
1,0.337444,-0.936517
1,0.276575,-0.974231
1,-0.862372,0.523957
1,0.992752,0.0149507
1,0.284841,0.961998
1,0.323423,0.957766
1,-0.272529,-0.959691
1,-0.820729,-0.581262
1,-0.748569,0.65725
1,0.996119,0.0301878
1,-0.277653,-0.977774
1,-0.331125,0.955697
1,-0.285506,0.963803
1,0.306355,0.951572
1,0.2628,0.967904
1,-0.781919,-0.631127
1,0.364405,0.952159
1,-0.311671,-0.944186
1,0.999156,0.0151663
1,0.79653,0.581063
1,1.00238,-0.0649511
1,1.00216,0.0512755
1,-0.339255,0.939709
1,0.312684,0.950667
1,-0.331343,0.946626
1,-0.778631,0.615097
1,-0.296685,0.958
1,0.991456,0.0770887
1,0.326714,-0.936687
1,0.863215,-0.528875
1,-0.998358,0.0453993
1,0.854227,-0.542857
1,1.00139,-0.046427
1,-1.01425,-0.00959242
1,-0.980036,0.00859849
1,-0.8015,0.590549
1,-0.304475,-0.952613
1,-0.306981,-0.950137
1,-0.276513,-0.943613
1,-0.85163,-0.56835
1,-0.365569,0.917874
1,-0.986655,0.0211442
1,0.208587,-0.970451
1,-0.856565,0.542299
1,-0.398483,-0.933467
1,-0.277005,-0.971879
1,-0.985314,-0.0135657
1,0.997695,0.0025835
1,0.295457,-0.963013
1,-0.803249,-0.590125
1,0.8251,-0.562393
1,-0.27358,-0.972077
1,0.861191,-0.524676
1,-1.00848,-0.0483585
1,-0.794022,0.639088
1,-0.99231,-0.0736835
1,0.794408,0.58396
1,-0.774731,-0.619509
1,0.796648,0.603032
1,0.781304,0.613957
1,0.837338,-0.576702
1,0.291883,0.94948
1,-0.257221,-0.971644
1,-0.79662,-0.606323
1,0.394558,0.914108
1,-0.789573,0.620994
1,-0.999971,-0.00168713
1,-0.382265,-0.923864
1,-0.838256,0.544975
1,-0.766926,-0.639556
1,-0.250957,-0.986752
1,0.804948,0.609329
1,0.350315,-0.945338
1,0.265882,0.968195
1,-0.998864,-0.0579999
1,-1.01353,-0.00605295
1,0.76518,-0.626481
1,-0.304344,0.939803
1,-0.228829,-0.970369
1,1.01324,-0.0935701
1,-0.219486,0.960761
1,0.821272,0.576572
1,-0.834272,0.550639
1,-0.832331,-0.563504
1,0.241814,-0.971379
1,-0.994816,-0.0257997
1,0.227254,0.973724
1,0.775072,-0.613492
1,0.760906,0.643511
1,-0.309461,-0.952242
1,0.840416,0.533837
1,0.335397,-0.943723
1,-0.285684,-0.962693
1,-0.324412,0.950802
1,0.994848,0.0119825
1,-0.333544,-0.947908
1,-0.812396,-0.604272
1,-0.767512,0.630034
1,-0.364808,0.922229
1,-0.251745,-0.976061
1,0.309353,0.959446
1,-0.301109,-0.957215
1,-0.799789,0.614765
1,0.284413,0.94221
1,-0.996748,-0.0373588
1,0.831767,0.551188
1,0.782543,-0.633356
1,-0.786518,-0.625917
1,-0.883035,-0.471175
1,0.346767,-0.950032
1,0.296567,0.962263
1,0.844096,0.52823
1,-0.843995,-0.562942
1,-0.850463,-0.533192
1,-0.979534,0.148555
1,0.245472,0.968655
1,0.243398,-0.963544
1,0.820333,-0.571631
1,0.25843,-0.953471
1,1.02292,0.0174435
1,0.862669,0.515662
1,0.820749,-0.558672
1,0.746671,0.665211
1,-0.998597,-0.0162497
1,-0.776868,0.615613
1,-0.789001,-0.641672
1,-0.999728,-0.00271898
1,0.773421,0.6264
1,-0.333942,-0.933131
1,-1.00678,0.0348501
1,0.803791,0.619727
1,-0.340365,-0.943219
1,-1.00178,-0.08792
1,0.833832,0.57647
1,0.332397,-0.946931
1,1.002,0.00297315
1,0.389737,-0.93808
1,-0.283519,-0.962435
1,-0.187899,0.991
1,0.822047,0.592378
1,-1.00055,0.00817308
1,-1.0018,0.048695
1,0.847548,-0.516022
1,-0.307593,0.94862
1,1.01053,-0.00670836
1,-1.00635,-0.0358822
1,-0.839139,-0.547749
1,-0.331131,0.939712
1,-0.81494,-0.580027
1,0.792037,0.628569
1,0.850812,0.542064
1,0.839772,0.564664
1,0.988218,-0.0741424
1,0.800788,-0.596283
1,0.769026,-0.660528
1,0.862799,0.492915
1,-0.307372,-0.931284
1,0.806858,0.583257
1,1.00221,0.0121502
1,0.787857,-0.601946
1,-0.829885,0.595353
1,0.393525,-0.913372
1,-0.35485,-0.922
1,0.269766,0.958909
1,1.00082,0.0874388
1,0.797268,0.605379
1,0.379277,-0.936026
1,0.239835,-0.958723
1,0.793297,-0.611337
1,1.00215,-0.00512947
1,0.777254,-0.59511
1,0.82427,0.571394
1,0.325072,-0.949271
1,0.767685,0.656454
1,0.77515,0.654539
1,0.300095,-0.950775
1,0.358891,0.943973
1,-0.808921,0.5987
1,0.985683,0.0200568
1,-0.307001,0.961227
1,-0.2969,-0.953701
1,0.992858,-0.0926788
1,-0.786189,-0.635935
1,-0.82952,0.578308
1,-1.00045,-0.0410349
1,-0.296068,0.943118
1,0.847026,-0.587844
1,0.237581,0.960355
1,0.31566,0.961607
1,-0.176406,-0.995432
1,-0.779478,0.651273
1,0.327174,-0.933494
1,-0.269863,-0.979992
1,1.00528,-0.00885578
1,0.295129,0.952444
1,-0.821841,-0.589899
1,0.758615,-0.670256
1,-0.786322,-0.625392
1,-0.32639,-0.941088
1,0.82949,0.579284
1,-0.993105,-0.0254734
1,0.840801,-0.559752
1,-1.00132,0.0632489
1,0.759353,0.65784
1,-0.802301,-0.623348
1,-0.265464,-0.946582
1,-0.333279,-0.946295
1,0.808484,-0.594755
1,1.0162,-0.0151281
1,0.80388,-0.5919
1,0.826641,-0.56935
1,0.825246,0.571722
1,0.753695,-0.64594
1,0.797618,0.559451
1,0.325543,-0.927118
1,-0.994098,0.103913
1,0.831878,0.550788
1,0.247871,-0.957627
1,-0.801686,-0.592337
1,0.756307,0.654616
1,0.34371,0.94792
1,0.397039,-0.908139
1,0.830196,0.534361
1,0.397895,0.911272
1,-0.257231,-0.951111
1,-0.812964,0.595439
1,0.300556,-0.96184
1,0.988672,-0.0355774
1,-0.878658,0.475762
1,-0.223128,0.989927
1,-0.824747,-0.571385
1,-0.974635,0.0389465
1,0.823148,0.591835
1,-0.246205,-0.965132
1,0.311028,-0.963827
1,-0.275847,0.952244
1,0.399796,-0.920496
1,1.01606,-0.0272317
1,-0.81028,0.570166
1,-0.818866,-0.568237
1,0.986147,0.0453809
1,-0.28972,0.956425
1,-0.972128,0.0209742
1,-0.84328,-0.538646
1,-0.310175,0.950245
1,0.857508,-0.524845
1,1.00078,-0.00211927
1,-0.801797,-0.56078
1,-0.828966,0.571993
1,-0.775214,-0.644571
1,-1.0066,-0.0819494
1,0.233164,0.987678
1,-0.814205,-0.588146
1,1.02293,-0.0236802
1,1.00362,0.0505542
1,-0.862197,0.52956
1,-0.32427,-0.944825
1,0.833075,0.567093
1,0.987744,0.0645131
1,0.805855,0.594496
1,0.316513,-0.953543
1,1.00884,0.0664076
1,0.801789,-0.595067
1,-0.355631,0.916623
1,0.834519,-0.536351
1,0.997113,-0.0932331
1,0.827346,0.556046
1,0.209577,0.981617
1,1.01961,0.013945
1,0.992932,0.0925408
1,-0.333992,-0.950775
1,0.794609,0.607091
1,-0.388834,-0.932078
1,0.333306,-0.93183
1,0.454509,-0.898908
1,0.356404,0.941647
1,-0.839739,-0.548739
1,-0.798085,0.605004
1,0.28711,-0.956143
1,0.848026,-0.543362
1,0.751248,-0.64586
1,-0.789882,-0.634095
1,-0.405772,-0.912393
1,0.380644,-0.924476
1,-0.819613,0.558348
1,-0.811862,0.600065
1,-0.310057,-0.958673
1,-0.814172,-0.577098
1,-0.295155,-0.950486
1,-1.01261,0.0377674
1,-0.317883,-0.952676
1,-0.253536,-0.983466
1,-0.303707,-0.953713
1,-0.282549,-0.955526
1,0.243595,0.960553
1,1.00225,0.035981
1,-0.80645,0.579923
1,-0.82632,0.560203
1,-0.797103,0.612664
1,-0.315701,0.948168
1,0.225086,-0.96688
1,0.849824,-0.516831
1,0.781315,0.64754
1,0.810878,-0.587392
1,0.823452,-0.561381
1,0.26054,0.9746
1,0.388054,0.914069
1,0.305351,0.949137
1,0.299607,0.980562
1,0.221066,-0.976564
1,-0.32575,-0.952843
1,-0.840852,-0.558416
1,-1.01178,0.0635813
1,-0.774279,-0.61831
1,1.00809,-0.0277822
1,-0.847361,0.538915
1,0.323679,0.949612
1,-1.00005,0.0324071
1,-0.794806,-0.613246
1,0.309352,0.942896
1,0.259607,0.963804
1,0.809479,-0.588091
1,-0.808581,-0.569376
1,-0.322877,-0.968915
1,1.00649,0.0139162
1,-0.817719,0.592911
1,-0.984489,-0.0219455
1,-0.759216,0.678916
1,-0.808618,0.585477
1,-0.838515,-0.553341
1,0.787671,-0.621615
1,-0.776969,0.631911
1,0.99614,-0.0498024
1,0.855207,0.535064
1,-0.387904,0.920509
1,0.799855,-0.604056
1,0.844275,0.511029
1,-0.809114,-0.613445
1,1.0134,-0.0451288
1,-0.337801,-0.959538
1,-0.802204,0.629368
1,0.325904,0.953422
1,0.296338,-0.953114
1,-0.350632,-0.94914
1,1.00177,-0.0193022
1,0.812309,0.594237
1,0.817251,-0.579515
1,-0.822518,0.552833
1,-0.792798,0.602485
1,0.814175,-0.541581
1,-0.292019,-0.951663
1,0.998933,0.0393831
1,0.210545,-0.989096
1,0.241141,0.963528
1,-0.808077,-0.58602
1,0.994458,-0.00181597
1,0.846696,-0.532679
1,1.01483,0.0462193
1,0.99903,-0.0494089
1,-0.246668,0.971227
1,1.00508,0.0204388
1,-0.347977,-0.942503
1,-0.807889,0.571072
1,-0.780725,-0.618583
1,0.392018,0.915337
1,-0.383155,0.936335
1,0.320895,-0.930997
1,-0.81424,-0.56414
1,-0.343869,0.94391
1,0.837939,0.554868
1,-0.775326,0.634509
1,-1.00853,0.00464893
1,-0.291129,0.952103
1,0.390777,-0.925629
1,-0.807554,-0.585104
1,0.999019,-0.000640593
1,-0.857531,0.52639
1,0.861166,-0.532707
1,-0.987081,-0.00812676
1,-0.773931,0.608578
1,-0.818046,0.579156
1,-0.996371,0.0530425
1,-0.382177,0.902473
1,0.238546,-0.985796
1,-0.784154,-0.642202
1,-0.277692,0.956054
1,0.985906,0.0312266
1,0.37762,0.921115
1,1.00029,-0.0207093
1,-0.247579,-0.979339
1,0.333832,-0.950816
1,0.305294,-0.94729
1,0.315755,-0.962369
1,0.982594,0.0345547
1,-0.311124,0.944804
1,0.26831,0.956944
1,0.808527,-0.582889
1,0.786195,0.613837
1,-0.274491,-0.975161
1,-0.749807,0.630142
1,0.808136,0.601435
1,0.797725,-0.604804
1,0.277156,-0.939694
1,-0.270396,0.971404
1,0.990178,0.0669777
1,-0.297749,0.947679
1,0.82279,-0.588462
1,0.992141,-0.103561
1,0.284392,0.943272
1,-0.359793,-0.921823
1,-0.798376,0.572139
1,-0.864093,-0.487959
1,0.802676,0.594389
1,0.804515,0.590616
1,-0.816821,0.607637
1,-0.820415,-0.593813
1,0.322213,-0.949339
1,0.215276,-0.961933
1,-0.306124,-0.943673
1,-0.770073,-0.634512
1,-0.991004,0.035297
1,1.01663,-0.0201917
1,0.987619,0.0252473
1,-0.299844,-0.961975
1,-0.770948,0.630522
1,0.256697,-0.950039
1,0.81644,-0.605261
1,-0.846792,0.53257
1,-0.262859,0.971795
1,0.310797,0.955496
1,0.263388,0.981839
1,-0.288701,-0.960145
1,0.258548,-0.979486
1,-1.00076,0.082849
1,-0.803802,-0.5624
1,-0.759907,0.61561
1,-0.808715,-0.567712
1,0.807032,-0.579766
1,-0.31928,0.943172
1,-0.393628,-0.900214
1,-0.85613,-0.523442
1,0.216123,-0.963803
1,-0.996662,-0.0322591
2,0.762331,-0.674169
2,0.353049,-0.941028
2,0.30478,-0.96498
2,0.33166,0.955975
2,1.00759,-0.0436726
2,0.32152,-0.946033
2,0.82937,0.561186
2,-0.852969,-0.516072
2,0.793561,-0.601495
2,-0.268887,-0.935953
2,0.850784,-0.530785
2,0.12915,-1.00819
2,-1.00391,0.0579657
2,-0.269866,-0.964033
2,0.234836,0.974554
2,-0.739304,0.671487
2,-0.380902,0.931043
2,0.203493,0.99318
2,1.00971,0.00259194
2,0.804129,-0.60246
2,-0.840389,0.557782
2,0.369606,0.918238
2,-0.342028,0.921922
2,-0.213553,-0.976645
2,-0.986471,0.101788
2,0.993462,0.0945319
2,0.204921,0.983229
2,-0.850524,0.530398
2,0.373072,0.9194
2,0.979017,0.0415875
2,0.198113,0.983356
2,0.990221,0.079993
2,0.202422,0.985767
2,0.783118,0.615124
2,-0.303777,0.931573
2,-0.99503,-0.105598
2,-0.277214,0.974671
2,0.98185,-0.0939956
2,-0.789166,-0.58763
2,0.993426,-0.105781
2,-0.18545,0.977535
2,1.00962,-0.046777
2,1.00403,0.0450979
2,0.267521,-0.957504
2,-0.809955,0.575064
2,0.262314,0.96328
2,0.303583,-0.961319
2,0.290584,0.955409
2,0.812933,0.54059
2,1.0114,-0.0433539
2,0.272653,0.953245
2,-0.881273,0.466597
2,0.845495,-0.528469
2,-0.233573,0.956138
2,-1.01313,0.0258228
2,0.993849,-0.0188403
2,0.402756,-0.903813
2,0.990032,-0.0977187
2,-0.82654,-0.556229
2,0.428742,0.905968
2,0.236651,0.991195
2,0.290346,0.936953
2,-0.814704,0.576991
2,0.291081,0.929582
2,0.89706,0.439902
2,-0.814889,0.56085
2,-1.00435,-0.0763454
2,0.979981,0.0462811
2,0.745332,-0.681888
2,0.282161,-0.949803
2,0.775381,0.614971
2,0.993712,-0.0515907
2,0.369984,0.946578
2,-0.786434,0.623835
2,-0.350395,-0.919806
2,0.810581,0.614335
2,-0.819368,-0.575319
2,0.725235,-0.686421
2,-0.761285,0.639933
2,0.270656,-0.948723
2,-0.182281,0.972152
2,0.989636,-0.0243837
2,-0.323504,0.963601
2,-0.977137,0.0820841
2,-0.812519,-0.609048
2,-0.866232,0.502425
2,0.821259,-0.576523
2,0.335306,0.949017
2,-0.817953,0.595935
2,-0.992265,-0.083563
2,0.770825,-0.643079
2,-1.00809,0.0528054
2,0.535788,0.833232
2,0.841277,-0.524771
2,-0.188629,0.976404
2,1.00471,0.0217272
2,0.997351,0.0167096
2,-0.283573,-0.944446
2,-0.281264,-0.947407
2,-0.337431,-0.9492
2,0.82647,-0.537523
2,-0.990741,0.054803
2,1.00238,0.0581962
2,-0.402709,-0.907858
2,-1,0.0161618
2,-0.828837,0.545682
2,-0.393587,-0.917595
2,0.394463,0.926418
2,-0.84871,-0.536738
2,0.7761,0.635789
2,-0.79374,0.606043
2,-1.00132,0.0815454
2,1.0016,-0.0218147
2,-0.775807,0.643598
2,-0.329446,0.951812
2,0.73201,-0.667975
2,0.234178,-0.968008
2,0.78064,0.622768
2,0.212091,0.987335
2,0.309003,-0.946172
2,0.841481,-0.542224
2,0.386282,-0.903871
2,0.99611,0.015654
2,1.00207,0.169284
2,-0.784234,0.642746
2,-1.01669,-0.0924473
2,0.735552,0.671425
2,1.00597,-0.0546062
2,-0.807496,0.552788
2,0.735801,-0.686888
2,0.997239,-0.0263837
2,-0.229585,0.971848
2,-1.00243,-0.085599
2,-0.265924,-0.973579
2,0.875065,0.480859
2,-0.793691,0.627079
2,-0.998862,-0.0579552
2,0.811972,-0.536682
2,0.798098,-0.573579
2,0.98417,0.129889
2,0.866416,-0.510347
2,0.418223,-0.911642
2,-0.333812,0.935366
2,0.987326,0.0141226
2,0.775899,0.618833
2,0.396276,-0.909543
2,0.295911,-0.949172
2,0.860691,-0.517428
2,0.511018,0.852842
2,0.777608,0.603949
2,-0.431615,0.911746
2,0.126067,-0.996945
2,-0.418883,0.931706
2,0.866813,0.510283
2,0.308858,-0.951094
2,0.848773,-0.534119
2,-0.777302,0.622104
2,-0.988808,-0.156823
2,0.746211,0.678
2,-0.988681,0.0771574
2,0.728771,0.680875
2,0.342653,0.913838
2,0.285902,0.946106
2,0.987312,-0.0432891
2,1.00459,0.0509451
2,0.830471,0.549049
2,0.780961,0.618113
2,0.991464,0.0135868
2,0.771591,-0.617043
2,0.782424,-0.614346
2,-0.341128,-0.937431
2,0.288311,-0.951823
2,0.348067,-0.92664
2,-0.336381,-0.942283
2,0.404063,-0.90962
2,-0.991976,-0.0557589
2,0.361227,0.930085
2,0.836891,-0.535861
2,-0.786731,0.622256
2,0.29209,0.950357
2,-0.790573,-0.63578
2,-0.825367,0.575447
2,0.312053,0.949757
2,0.809361,0.594045
2,0.850766,-0.534564
2,-0.224461,-0.985038
2,-0.272091,-0.965866
2,-0.213577,0.980157
2,0.338582,0.928564
2,0.980958,0.158249
2,0.974657,0.00846443
2,0.211179,-0.989006
2,-0.784336,0.623221
2,-0.978655,-0.0633379
2,1.00105,-0.0172592
2,-0.286816,0.950456
2,0.404709,0.921312
2,-0.84906,0.533473
2,-0.880943,-0.504093
2,-0.831519,0.564413
2,0.288864,0.950936
2,0.801729,-0.610536
2,0.837617,0.545367
2,-0.833928,-0.538826
2,-0.988287,-0.0305999
2,0.992763,0.0467287
2,0.793848,0.606192
2,0.769916,0.64447
2,0.475048,-0.873148
2,0.806404,-0.582973
2,0.230322,-0.983731
2,0.997897,-0.0193876
2,-0.355525,-0.935168
2,0.353825,-0.92594
2,0.993736,-0.0114779
2,0.465677,-0.894173
2,-0.263591,-0.98117
2,0.863764,-0.533251
2,-0.868332,-0.536797
2,-0.289123,0.957065
2,0.416987,-0.913369
2,0.81773,0.554608
2,-0.210278,0.980668
2,-0.432889,-0.898516
2,1.00199,-0.0156612
2,0.811251,-0.580244
2,0.261034,-0.960667
2,0.211913,-0.973916
2,-0.791062,-0.597807
2,-0.997207,-0.0232334
2,-0.38048,-0.931063
2,0.862265,0.511002
2,0.394322,-0.929822
2,-0.236677,0.969204
2,0.369845,0.927198
2,0.432695,-0.912533
2,-0.187014,-0.996613
2,-0.317396,0.960049
2,0.791287,0.622976
2,0.87686,-0.486772
2,-0.777331,-0.637331
2,0.841,0.525451
2,-1.00532,0.0996044
2,-0.372346,-0.943435
2,-0.15978,-0.99006
2,-0.460241,-0.881383
2,0.690041,-0.718918
2,0.305687,0.950341
2,-0.446831,0.911776
2,0.829284,0.537524
2,0.832895,0.542318
2,0.313078,0.945772
2,-0.760656,0.640461
2,-0.427923,-0.900113
2,-0.827957,-0.563107
2,0.353766,0.944247
2,0.993083,-0.090855
2,-0.263553,0.943106
2,0.992898,-0.0995886
2,0.720517,-0.697459
2,-0.824732,0.564935
2,0.334497,0.949217
2,0.698701,-0.691631
2,-0.829438,0.548848
2,0.273802,-0.945958
2,-0.824453,-0.582228
2,-0.325488,0.941427
2,0.991624,0.000894514
2,0.983963,0.0216593
2,0.294702,0.971903
2,0.847191,0.532866
2,-0.839674,-0.539636
2,0.386902,0.933767
2,0.320116,-0.949771
2,0.158282,0.994909
2,0.746984,0.655079
2,-0.746721,0.649931
2,-0.279743,-0.964556
2,-0.35198,-0.932196
2,0.983318,0.0493418
2,0.270619,0.948501
2,-1.01365,-0.0187601
2,0.222288,-0.962768
2,0.828682,0.566741
2,0.317104,0.951822
2,-0.862206,-0.492498
2,0.172287,0.988149
2,-1.01191,-0.0268536
2,0.245169,-0.976209
2,-0.825476,0.552155
2,0.832103,0.547701
2,0.421116,0.893303
2,-0.78661,0.620894
2,1.01361,0.0880289
2,-0.194913,0.974436
2,0.375467,0.933875
2,0.877593,-0.490169
2,0.427271,-0.910875
2,-0.30427,0.951031
2,-1.01438,-0.0562102
2,0.781015,-0.63082
2,0.341957,-0.946576
2,0.442701,-0.888602
2,-0.247157,-0.978693
2,-1.01346,0.0398919
2,-0.422023,0.90342
2,-0.43685,0.904519
2,0.991087,0.0165505
2,0.753161,-0.686524
2,-0.996868,-0.0580705
2,-0.332906,0.937126
2,0.437073,-0.911868
2,-0.314232,-0.954527
2,0.360215,0.930971
2,-0.331788,-0.934115
2,0.99315,-0.0247021
2,-0.291989,0.943201
2,-0.797364,0.603374
2,-0.994503,-0.00889894
2,-0.392907,0.907799
2,-0.866958,-0.479836
2,-0.863131,-0.523169
2,-0.732954,0.671204
2,-0.798231,0.600333
2,0.364303,-0.930613
2,0.402255,-0.916533
2,0.745877,-0.65131
2,0.379735,-0.936696
2,-0.817419,-0.558212
2,0.992182,0.0129651
2,0.758514,-0.662239
2,-0.987648,-0.0950629
2,-0.402003,-0.951903
2,-0.311714,0.920574
2,0.386761,-0.906888
2,0.772977,0.639046
2,0.987161,0.0664821
2,-0.291907,-0.946276
2,0.821238,0.564974
2,0.283874,0.963499
2,-0.9899,0.109228
2,-0.314137,-0.940294
2,0.271388,-0.959413
2,0.986112,-0.134521
2,0.305153,-0.963371
2,-0.868313,0.502097
2,0.323625,-0.935193
2,0.81741,-0.558462
2,-1.00471,-0.00613555
2,-0.992555,0.054191
2,-0.762598,-0.659823
2,-1.01207,0.0697149
2,0.221346,-0.975988
2,-1.00718,-0.0421528
2,-0.428152,0.889449
2,-0.337963,0.96246
2,-0.8488,0.533382
2,0.868345,0.471132
2,-1.01441,0.0402715
2,-0.249567,-0.946808
2,-0.862263,-0.504213
2,-0.995457,0.0188379
2,0.297155,-0.946933
2,-0.881922,-0.46831
2,-0.842857,0.540305
2,0.297842,0.961939
2,0.858254,0.565084
2,-0.852266,0.521926
2,-0.784074,-0.607434
2,-0.84936,0.559377
2,-0.200747,0.992308
2,-0.757253,-0.644357
2,-0.834558,0.54901
2,-0.818807,0.59693
2,0.240585,0.967193
2,-1.00097,0.0498239
2,-0.803717,-0.597827
2,0.696354,-0.719282
2,1.00274,-0.0711473
2,-0.356593,-0.940113
2,0.365806,-0.944439
2,0.439822,0.906963
2,0.783198,0.63107
2,0.273169,-0.962188
2,-0.853499,-0.517573
2,0.769898,0.637575
2,1.0188,0.0673712
2,0.168246,-0.990334
2,-0.779375,-0.64473
2,0.27965,0.967562
2,-0.861596,0.520386
2,0.727721,0.698618
2,0.807641,0.579756
2,-0.326096,0.94654
2,0.324105,0.939581
2,0.322636,-0.956772
2,-0.7699,-0.619461
2,0.386685,0.940701
2,0.3983,-0.907534
2,-1.00328,0.00285848
2,-0.333823,-0.946052
2,0.797909,-0.616717
2,-0.726604,0.692685
2,-1.014,-0.0169488
2,-0.822648,-0.571553
2,0.257698,0.965262
2,-0.28295,-0.966427
2,0.896667,0.498857
2,-0.996822,-0.0236379
2,-0.18798,-0.979556
2,0.996936,0.0276438
2,1.00048,-0.0203606
2,-1.00503,0.00379899
2,0.345242,-0.912371
2,0.865393,0.499722
2,0.277979,0.959773
2,0.994245,0.0786571
2,0.991159,-0.0104206
2,-0.982439,-0.0830916
2,-0.785387,0.616473
2,0.826248,-0.520599
2,-0.365959,-0.923099
2,0.323713,0.947834
2,0.865778,0.507142
2,0.404441,0.915131
2,0.259561,-0.957882
2,-0.194404,0.978585
2,-0.235522,-0.978429
2,-0.250385,0.965747
2,0.841775,0.54581
2,-0.342638,0.940765
2,-1.0091,-0.0187771
2,-0.362378,0.934269
2,-0.813705,-0.604426
2,0.851429,0.507619
2,-0.408004,0.926388
2,0.25968,-0.961471
2,-0.981477,0.160745
2,0.748946,0.661963
2,-0.791499,-0.613333
2,0.393965,-0.914323
2,0.786699,-0.631595
2,-0.756412,-0.672154
2,0.819189,-0.604408
2,-0.701429,0.713337
2,0.253008,0.970935
2,-0.98783,-0.031743
2,0.332152,0.929476
2,0.24293,0.977923
2,0.0753875,1.00053
2,-0.86393,0.470656
2,-0.993455,-0.0477558
2,-0.838656,0.537522
2,-0.214837,0.983193
2,0.351156,0.931348
2,-0.812524,0.564132
2,-0.799462,0.618918
2,-0.853365,0.528351
2,-0.418446,0.893898
2,0.996631,0.0693754
2,-0.810122,0.578292
2,0.776634,0.637589
2,0.907892,0.444062
2,0.314601,-0.952011
2,0.213294,0.991639
2,-0.723022,-0.712581
2,-0.796474,0.592447
2,-0.806362,-0.612839
2,-0.822004,-0.56027
2,-0.875978,0.480216
2,-0.99694,-0.0861185
2,-0.806351,0.574384
2,1.01203,0.130337
2,0.991867,0.0340631
2,-0.775618,-0.619678
2,0.29137,0.9391
2,0.810299,-0.614955
2,-0.278697,-0.953038
2,-0.7702,0.636309
2,-0.824942,-0.5666
2,0.291642,0.945831
2,-0.820615,0.62556
2,-0.805137,0.564553
2,0.257088,-0.964228
2,-0.359792,0.927341
2,1.00691,-0.0296684
2,-0.869034,0.471904
2,0.38218,0.936105
2,-0.851306,-0.502755
2,0.320702,0.95989
2,0.2997,-0.944484
2,0.295756,-0.943833
2,0.146709,-0.985242
2,-0.977396,-0.171331
2,0.77009,-0.65923
2,-0.324174,-0.930935
2,0.292787,0.964027
2,-0.983986,-0.12078
2,-0.987928,0.128877
2,-0.808892,-0.569766
2,-0.278046,-0.965465
2,-1.01704,0.091444
2,0.278921,0.964756
2,-0.412845,-0.914032
2,0.844179,0.567463
2,0.230777,0.982072
2,0.86337,0.478652
2,-1.00687,-0.0239894
2,0.999994,-0.0198771
2,0.797174,-0.61253
2,0.859124,0.529376
2,0.780792,-0.615811
2,0.244763,-0.979074
2,-0.988074,-0.092129
2,-0.848672,-0.564784
2,0.785751,0.640878
2,1.01337,0.0149554
2,-0.355691,-0.934234
2,-1.0135,-0.0589799
2,-0.234724,0.948024
2,0.82598,0.593307
2,0.832448,0.553577
2,-0.800018,-0.595388
2,-0.896419,-0.439635
2,-0.766343,0.659138
2,1.00508,-0.038129
2,0.304562,-0.954515
2,-1.00509,0.116777
2,0.81483,-0.563269
2,-0.852283,-0.547711
2,-0.304452,0.952831
2,0.373997,-0.927107
2,-0.896273,-0.479513
2,-0.4173,-0.914624
2,-0.264054,-0.983011
2,-0.998085,0.0356333
2,-0.230527,-0.968869
2,0.98597,-0.115629
2,-0.153623,1.00219
2,-0.98501,-0.0329187
2,-0.869561,-0.49197
2,-0.825285,-0.57314
2,-0.997107,0.0326906
2,0.335472,-0.966225
2,-0.986525,-0.118186
2,-0.863806,0.554104
2,0.246853,0.974434
2,-0.74234,0.687242
2,-0.829785,-0.537047
2,1.0223,0.0705954
2,0.806237,-0.578142
2,-0.234414,-0.975618
2,0.816391,-0.58873
2,-0.385612,-0.935014
2,0.325421,-0.947776
2,-0.989538,-0.079991
2,-0.344669,0.939022
2,-0.903939,-0.468985
2,0.828788,0.586284
2,-0.840734,0.576308
2,0.999907,0.0732155
2,0.367762,-0.917487
2,0.864735,0.495207
2,0.777646,-0.654128
2,-0.890607,0.478046
2,0.3492,-0.947519
2,-0.865361,0.499484
2,0.784996,0.597005
2,0.299802,0.940844
2,-0.839263,0.537162
2,0.282254,0.961697
2,-0.82586,-0.526566
2,0.985169,-0.102362
2,0.348663,0.956525
2,-0.79386,0.599952
2,-0.340594,-0.927072
2,0.788793,0.602867
2,-0.864727,0.499294
2,-0.371999,0.936758
2,-0.745111,0.668956
2,0.341949,0.933965
2,-0.904759,-0.42123
2,0.806234,0.602575
2,0.289722,0.968016
2,-0.759074,0.660398
2,0.779682,-0.632092
2,0.82139,-0.548187
2,0.892513,0.495291
2,-0.826692,0.5696
2,-0.992361,-0.0762851
2,0.752462,0.674721
2,1.00247,0.0204363
2,-0.801332,0.58093
2,-0.917175,-0.386332
2,0.831444,0.574915
2,0.984783,0.0736552
2,1.00386,0.122676
2,0.77343,-0.619991
2,-0.295318,0.96214
2,0.794724,0.57731
2,0.188748,-0.970674
2,-0.413228,-0.90176
2,-0.265693,0.969926
2,-0.849376,-0.478183
2,0.269193,0.972585
2,0.825087,-0.56381
2,0.88662,0.487253
2,0.269933,0.964746
2,-0.27452,-0.945299
2,-0.994529,0.0279446
2,0.772494,-0.610669
2,-1.00227,-0.0957002
2,-0.822873,-0.565855
2,-0.82712,0.543496
2,-0.800603,-0.613421
2,0.997409,-0.0619958
2,-0.815402,-0.559821
2,-0.200524,0.983222
2,-0.253254,0.972488
2,0.894233,0.437555
2,-0.812703,0.568263
2,0.99318,0.0123415
2,-0.354896,0.946754
2,0.854484,-0.516346
2,0.263022,-0.963636
2,-0.857128,0.494335
2,-0.992251,-0.00863527
2,-0.844885,-0.512427
2,-0.986012,0.0770132
2,-0.9843,-0.0700276
2,0.844759,0.503438
2,-0.988441,-0.155929
2,-0.83338,0.515349
2,0.199337,-0.985771
2,0.748527,0.653557
2,-0.363788,0.95737
2,0.993931,-0.0513557
2,-1.00186,-0.123178
2,0.797755,0.592066
2,-0.688498,-0.739094
2,-0.363519,0.925487
2,-0.35652,-0.91759
2,-0.260939,-0.954126
2,0.882471,0.463469
2,-0.213747,0.99418
2,0.795586,0.601502
2,0.357275,-0.94661
2,0.277084,0.963515
2,0.82106,0.571724
2,0.789637,-0.610336
2,-0.740206,0.650917
2,0.400255,0.921419
2,-0.399526,-0.944765
2,0.234556,-0.984004
2,0.356819,-0.947004
2,0.77629,-0.61055
2,0.989558,0.00177066
2,-0.250954,-0.955462
2,0.352548,0.931962
2,-0.231451,-0.963886
2,0.288459,0.93337
2,0.810218,0.60169
2,-0.253807,-0.973386
2,-0.288065,-0.948346
2,-0.708942,0.716863
2,-0.84642,0.549246
2,0.234844,-0.964936
2,-0.999315,0.0660169
2,0.792539,-0.608913
2,0.824527,-0.547915
2,0.316931,0.936896
2,-0.804494,0.620507
2,0.841852,0.537429
2,-1.00072,0.024499
2,-0.741342,0.710387
2,-0.792115,0.624525
2,-0.277444,-0.963685
2,-0.814809,0.596933
2,1.01536,-0.000277786
2,-0.99259,-0.0567558
2,-0.256233,0.971154
2,0.353644,0.947895
2,0.988022,0.0143009
2,-0.329881,0.954156
2,-1.01932,-0.0332836
2,0.188742,0.978766
2,0.350749,-0.93615
2,0.74698,-0.680059
2,0.882215,0.472788
2,-0.824784,-0.539288
2,0.310082,0.953241
2,-0.40747,0.915525
2,1.00314,-0.0755012
2,0.980306,0.0315357
2,0.271332,0.973104
2,0.36973,0.944524
2,-0.321212,-0.936179
2,0.862183,0.497317
2,-0.97321,-0.114809
2,-0.168182,1.01078
2,-0.241462,-0.975216
2,-0.334148,0.948508
2,0.320393,-0.947465
2,1.00462,-0.110624
2,-0.800601,0.600497
2,-1.00547,-0.0209432
2,-0.834389,-0.52637
2,0.391867,0.917789
2,-0.984901,-0.0253963
2,0.249472,0.982569
2,1.00277,0.1138
2,-0.341984,0.943965
2,0.781388,-0.604458
2,-0.738623,-0.667867
2,0.406919,-0.9223
2,-0.820175,0.582573
2,0.364634,-0.934994
2,-0.3457,0.943087
2,-0.860996,0.542798
2,-0.347096,0.946023
2,-0.398679,0.913091
2,0.779871,-0.593064
2,-0.315787,0.965312
2,0.196305,-0.985933
2,-0.64059,-0.748862
2,0.367198,-0.938077
2,-0.821826,0.550386
2,0.997638,0.128686
2,-0.772681,-0.68111
2,-1.00636,-0.111235
2,-0.981433,0.106788
2,0.788099,-0.639591
2,0.241523,-0.981803
2,-0.340709,-0.948947
2,-0.314053,0.939278
2,0.995771,-0.0184026
2,-0.818099,-0.592646
2,0.839036,0.532505
2,-0.331615,-0.937171
2,0.739096,0.686645
2,0.273808,0.958673
2,-0.392311,-0.933633
2,-0.305621,-0.931543
2,-0.850732,0.537867
2,0.823095,0.568547
2,0.254476,0.969703
2,0.283259,-0.976591
2,-0.458707,0.899257
2,-1.00395,-0.0419506
2,-1.00553,-0.000406539
2,0.828509,-0.536011
2,-0.814342,0.577138
2,-0.422178,-0.897734
2,-0.826845,0.565251
2,-0.477584,-0.884534
2,0.829956,-0.561422
2,0.748035,-0.627638
2,0.995081,0.0841808
2,-0.246466,0.979705
2,-0.853516,0.524726
2,-0.284898,-0.956315
2,-0.320523,-0.953095
2,0.997532,0.00523525
2,-0.738938,0.671644
2,0.298524,-0.946004
2,0.86286,-0.500434
2,-0.390298,-0.933353
2,-0.828071,0.546674
2,-0.869936,0.450487
2,-0.772964,-0.643979
2,0.36595,-0.923644
2,0.855423,-0.509636
2,0.758168,0.636677
2,-0.334452,-0.947072
2,-0.882003,0.477136
2,-0.310327,0.93392
2,0.788504,-0.606652
2,-0.308824,-0.963939
2,0.459459,-0.893512
2,0.268384,0.975919
2,0.301368,-0.93641
2,-0.758577,0.643204
2,0.24085,0.971929
2,-0.866518,0.482544
2,0.824039,0.568835
2,0.835184,0.529771
2,0.206303,0.977212
2,1.00517,0.0335507
2,0.801379,0.616941
2,1.00386,0.0137206
2,0.787118,-0.604999
2,0.408013,-0.92456
2,-0.795457,-0.582738
2,0.744,0.657339
2,0.15319,-0.991832
2,0.769178,-0.647393
2,-0.420929,0.919724
2,-0.809094,0.593598
2,1.00577,-0.0818672
2,0.828469,0.573304
2,-0.370618,-0.919167
2,-0.289128,-0.946413
2,-0.985418,-0.0171971
2,0.173409,0.984449
2,-0.330942,-0.959424
2,0.80635,0.56747
2,-0.824977,-0.565356
2,0.260981,-0.956711
2,0.798338,-0.587745
2,-0.995821,0.046169
2,0.724293,0.689113
2,-0.330571,0.951608
2,0.798738,0.599354
2,-0.808386,0.586789
2,1.01814,-0.00380115
2,0.797724,0.638525
2,-0.815382,-0.582128
2,-0.825425,0.590453
2,1.00266,0.0215297
2,-0.815669,0.596573
2,0.364125,0.904809
2,0.756171,0.640213
2,-0.746409,-0.668002
2,0.0903421,-1.01085
2,-0.827941,-0.556943
2,0.398115,-0.914354
2,0.334499,-0.931092
2,-0.804083,0.600032
2,0.845263,-0.574617
2,-0.291948,-0.957823
2,-0.996477,0.0896871
2,0.979694,0.141171
2,0.367601,-0.934609
2,-1.00359,-0.00939835
2,1.00368,0.014276
2,0.762638,-0.631459
2,0.824025,0.571188
2,0.714434,-0.67812
2,0.809976,-0.611211
2,-0.83868,-0.558037
2,-0.280385,-0.953395
2,-1.00268,-0.0353176
2,-1.00425,0.122729
2,-0.275154,0.961945
2,-0.287145,0.958987
2,-0.808135,0.584388
2,0.732584,0.667117
2,0.366337,-0.916978
2,0.819957,0.567922
2,-0.257433,-0.960918
2,0.23563,-0.966819
2,0.850481,-0.517008
2,0.364955,-0.923511
2,-0.362899,-0.933321
2,0.146506,-0.998783
2,-0.304315,-0.953764
2,0.355654,-0.93484
2,-1.0016,0.0697299
2,-0.337175,-0.92032
2,-0.845114,0.54862
2,0.414547,-0.922799
2,-0.207296,-0.980141
2,0.372785,0.922598
2,-0.20553,0.977753
2,-0.778116,-0.663277
2,0.993258,-0.117614
2,-0.361,-0.934975
2,0.211894,-0.98974
2,0.754288,0.66573
2,-0.829184,0.558202
2,-0.998255,0.0428155
2,0.298734,0.950361
2,0.351977,-0.951686
2,-0.787388,0.579152
2,-0.771471,0.61289
2,0.297298,-0.939584
2,0.870542,-0.52005
2,-0.711477,-0.727362
2,0.810556,0.588544
2,-0.811845,0.585938
2,-0.989788,0.0480567
2,0.182754,-0.985029
2,-0.821735,0.567204
2,0.817376,-0.574135
2,1.01301,0.0449071
2,-0.860567,-0.529171
2,-0.84094,0.556575
2,0.839899,-0.570646
2,-0.808255,0.58819
2,0.827679,0.601765
2,0.272293,-0.948927
2,0.881382,-0.454168
2,0.99236,0.0632092
2,0.99401,0.0793162
2,-0.774313,0.636388
2,0.908242,-0.433085
2,0.992902,0.0753835
2,0.985962,0.0813149
2,-1.0055,0.0309765
2,-0.243171,0.962843
2,0.864429,-0.543366
2,-0.988995,0.108631
2,-0.985759,-0.110092
2,0.430049,0.911081
2,0.780708,0.630694
2,-1.00827,0.0471089
2,-0.211007,-0.990469
2,-0.319835,-0.942915
2,-0.767917,0.665063
2,-0.379037,-0.934053
2,-0.367763,0.931885
2,-0.400597,-0.923361
2,-0.812605,0.565296
2,-0.245606,-0.983028
2,-0.831819,-0.566937
2,0.849395,-0.491429
2,-0.982579,0.194911
2,-0.985245,-0.113477
2,-0.995224,-0.0507866
2,-0.753287,-0.64162
2,-0.741718,-0.65994
2,0.80104,0.587589
2,-0.262962,0.969681
2,0.792963,-0.60926
2,0.206521,-0.996511
2,0.891002,-0.474647
2,0.371412,0.913909
2,-0.288988,0.942425
2,-0.887973,0.496725
2,-0.837775,0.594735
2,-0.299287,0.963763
2,0.867843,-0.507875
2,0.257372,0.964392
2,0.800923,-0.586674
2,0.816073,0.562558
2,0.306653,-0.952456
2,-0.242859,0.973892
2,0.978998,0.0290659
2,0.995074,-0.103541
2,-0.887145,-0.486261
2,0.822223,0.591694
2,0.167815,-0.974046
2,1.0207,-0.119705
2,0.845503,-0.528845
2,0.177238,0.989057
2,1.02708,-0.012884
2,0.884154,0.434249
2,0.838412,-0.543268
2,0.988897,0.0376107
2,1.00295,0.0271946
2,0.988757,-0.0524354
2,1.01542,-0.027429
2,0.311624,-0.942022
2,-0.371753,0.911719
2,-0.297625,0.945035
2,-0.283341,-0.974532
2,-0.304085,0.931435
2,-0.325841,0.924245
2,0.762113,0.632885
2,-0.806186,0.574277
2,-0.369638,0.920144
2,0.781266,0.620621
2,-0.850736,-0.558551
2,0.369583,0.938367
2,-0.165596,0.99082
2,-0.997157,0.0472018
2,0.373853,-0.939104
2,-0.264176,0.965919
2,1.0202,0.02896
2,-0.791576,-0.61853
2,1.01106,0.00694132
2,0.34161,-0.934196
2,0.408525,-0.918187
2,-0.249387,-0.967056
2,0.997476,-0.0249375
2,-0.777915,-0.611784
2,-0.186616,-0.987197
2,0.991068,0.0539608
2,-0.414435,0.932597
2,0.323898,0.93904
2,-0.327347,-0.950523
2,-1.01218,0.036267
2,-0.754723,0.646724
2,0.849535,-0.541567
2,-0.993564,0.0986074
2,0.812123,0.595962
2,0.8821,0.492416
2,-0.340231,-0.937598
2,-0.840556,-0.57045
2,-0.409874,0.923895
2,0.898079,0.434829
2,0.882644,-0.499344
2,0.770475,-0.681142
2,0.71418,0.706795
2,-0.287308,0.944003
2,1.00305,-0.00113901
2,0.814699,0.549575
2,-0.889531,-0.464966
2,-0.802246,0.5811
2,-0.728401,0.653744
2,0.264078,0.95847
2,0.814237,-0.548979
2,0.353907,0.935787
2,0.845786,-0.513159
2,0.814136,0.604221
2,-0.258237,0.979598
2,-0.978702,-0.208354
2,0.799312,0.64419
2,0.825319,0.582985
2,0.830322,0.580509
2,-0.999613,0.103457
2,-0.405908,0.917748
2,-0.287881,0.940113
2,1.01121,0.00870818
2,-0.727067,-0.697491
2,0.8788,-0.473914
2,0.807121,-0.556169
2,-0.373573,-0.933554
2,-0.269035,-0.979824
2,0.317,0.944333
2,-0.237774,-0.964777
2,0.744876,-0.646219
2,-0.292025,0.943988
2,-0.388808,-0.913666
2,0.252799,-0.951569
2,0.992979,0.00110035
2,0.235582,-0.976341
2,0.782907,0.630681
2,-0.994992,-0.0980905
2,-0.213206,-0.989575
2,-0.762412,0.634692
2,0.837809,0.576593
2,1.0033,0.00309006
2,-0.799835,0.604948
2,0.299625,0.951316
2,-0.751675,0.653188
2,0.747095,0.654093
2,0.791373,0.603471
2,0.40429,0.879702
2,-1.0059,-0.0316215
2,0.783698,-0.614184
2,0.825271,0.602918
2,0.788853,0.606895
2,-0.811861,0.535507
2,-0.734096,0.681775
2,0.318832,0.957046
2,-0.813025,0.581686
2,1.01074,0.0910267
2,0.772654,0.599848
2,0.994692,0.0316294
2,0.242105,0.98008
2,0.184209,-0.991115
2,-0.751173,0.649101
2,0.750229,-0.633583
2,0.796023,0.616034
2,0.167609,0.992953
2,0.816004,-0.557271
2,-0.997946,-0.0905706
2,0.829093,0.577918
2,-0.391459,0.906122
2,-0.294507,-0.930504
2,0.30386,-0.967623
2,-0.854514,-0.54588
2,-0.8041,0.580534
2,-0.983591,0.0384809
2,-0.697636,0.6984
2,-0.202984,-0.988889
2,0.740098,0.671155
2,1.00616,0.113373
2,0.985749,-0.0401762
2,-0.985336,-0.015531
2,-0.833817,-0.54373
2,-0.797467,-0.591971
2,-0.250259,0.964026
2,-0.293951,0.949853
2,1.016,0.0594606
2,0.332722,0.945976
2,0.338331,-0.932965
2,0.780288,0.643385
2,0.825486,0.563729
2,-0.447669,0.890171
2,0.889841,0.457576
2,0.193647,-0.988299
2,-0.785153,0.619111
2,0.749988,-0.643515
2,-1.01137,-0.0949494
2,-0.372664,-0.926351
2,0.982572,0.0669177
2,-0.7704,-0.643333
2,0.806202,-0.572896
2,-0.809339,-0.585024
2,-0.972084,-0.176876
2,0.901564,0.410709
2,0.999704,0.0284063
2,1.00427,-0.0335054
2,0.826333,-0.554964
2,-0.283604,-0.959814
2,-0.19387,0.968556
2,-0.984814,-0.0424746
2,0.295373,-0.948477
2,-0.990043,-0.0430462
2,0.833268,-0.564972
2,-0.802883,0.571511
2,0.372887,0.929286
2,0.746265,0.689614
2,-0.337237,-0.946025
2,-0.278467,0.950031
2,0.825096,-0.583021
2,0.313551,0.964279
2,-0.999376,-0.000891091
2,-0.830858,0.547527
2,-0.464771,0.870949
2,0.297647,-0.951371
2,-0.30717,-0.958633
2,-0.859254,-0.505565
2,-0.286024,0.961274
2,0.370026,0.955332
2,0.777084,0.610158
2,-0.835945,-0.557888
2,-0.777918,0.620132
2,0.809023,0.573215
2,-0.32595,-0.940267
2,-0.818412,-0.542323
2,0.995999,-0.0177784
2,-0.816743,-0.580479
2,0.288874,0.949853
2,0.775211,0.626514
2,0.379184,-0.939379
2,0.807414,-0.540333
2,-0.207896,0.961273
2,0.29683,0.960267
2,0.883376,0.471206
2,0.789859,-0.639523
2,-1.02362,0.0632414
2,-0.259204,-0.965357
2,0.377378,0.916281
2,-0.750022,-0.64532
2,1.01779,-0.0338325
2,-1.0143,0.0189689
2,0.293965,-0.960003
2,-1.01255,0.0336945
2,-0.1629,-0.994184
2,-0.802248,-0.599374
2,-0.790117,-0.601894
2,-0.371121,0.933969
2,0.29305,-0.960195
2,-0.408595,-0.914205
2,-0.751709,-0.64048
2,0.396874,-0.904484
2,0.804543,-0.575739
2,-0.997905,-0.0381666
2,-0.386208,0.942638
2,0.805067,-0.589662
2,-0.291053,-0.980844
2,0.220511,0.968652
2,0.987679,0.104981
2,-0.217142,0.997668
2,-0.749906,0.649348
2,1.00941,0.0334738
2,-0.85308,-0.547317
2,0.720254,0.711464
2,-0.802538,0.581428
2,0.364543,-0.961089
2,0.99268,0.122186
2,-0.798803,0.579247
2,0.900956,0.448089
2,0.311108,0.941117
2,0.286194,-0.962008
2,0.823733,-0.535936
2,-0.371277,0.914415
2,-0.377745,-0.918842
2,-1.00148,0.107
2,-0.836514,-0.554141
2,-0.263031,0.965001
2,0.312857,-0.948017
2,0.343179,-0.953602
2,0.802339,-0.606875
2,-0.287698,-0.960062
2,0.854554,0.519526
2,0.776797,-0.58718
2,0.778797,-0.634399
2,-0.284732,-0.95178
2,0.673815,0.731777
2,-0.830787,0.526314
2,1.01284,-0.0441213
2,0.779355,-0.644905
2,0.754752,-0.638859
2,-0.851463,0.487056
2,0.991843,-0.0302814
2,0.830045,0.540688
2,-0.994403,0.0762812
2,0.992769,0.0307772
2,-0.882162,0.483056
2,0.986438,-0.017011
2,0.250732,-0.96142
2,0.992882,0.00680559
2,-0.363019,0.924362
2,1.01409,-0.0615103
2,-0.442499,-0.902118
2,0.182045,0.97637
2,-0.279263,-0.970142
2,0.396406,0.92485
2,0.987712,0.00813823
2,0.80232,0.571794
2,0.742582,0.662433
2,-0.791273,0.61292
2,0.358371,0.933389
2,0.383336,0.916189
2,-0.437555,0.879476
2,0.762288,0.676086
2,-0.441682,0.89073
2,-0.206623,-0.985994
2,-0.810593,-0.58841
2,0.288407,0.966908
2,-0.862504,0.513237
2,0.725582,-0.689981
2,-0.726535,-0.668358
2,-0.317042,0.95335
2,-0.157622,0.979965
2,0.384446,0.934851
2,-0.847764,-0.506109
2,-0.989733,-0.0778123
2,0.292248,-0.963076
2,-0.364285,0.936479
2,-1.00197,0.0420818
2,-0.28426,0.945216
2,0.180263,-0.988152
2,-0.811608,-0.581567
2,-0.989073,-0.206457
2,0.802277,0.607012
2,0.980764,0.179387
2,-0.821138,0.582016
2,0.242504,0.977225
2,-0.869443,0.504953
2,-0.860416,-0.50688
2,0.768919,0.648786
2,0.374639,-0.923799
2,-0.984218,-0.10313
2,-0.426334,0.923119
2,-0.829186,0.566337
2,0.264877,-0.964931
2,-0.825949,0.560455
2,0.798725,0.603508
2,-0.989143,0.0883759
2,0.283173,-0.960137
2,-0.316519,-0.951155
2,0.286425,0.955873
2,-0.798109,-0.590339
2,0.994402,0.0695738
2,0.815444,-0.597215
2,-0.8065,-0.572147
2,0.172104,-0.980528
2,0.372827,0.946246
2,-0.985722,-0.139136
2,-0.340967,0.92576
2,-0.311053,-0.957491
2,0.990029,-0.0723546
2,0.830954,-0.547061
2,0.830733,0.560675
2,0.315285,-0.941035
2,-0.221355,0.961217
2,0.179589,0.977216
2,0.356237,0.934076
2,-0.754749,-0.629237
2,-0.838237,-0.55131
2,0.857332,-0.529246
2,-0.292781,0.962146
2,0.750913,-0.65092
2,-0.844572,0.54783
2,-0.786743,0.616426
2,-1.0119,0.0415626
2,0.845332,0.506811
2,0.777663,-0.634833
2,0.831885,0.554223
2,-0.338837,-0.933087
2,-0.132591,0.989694
2,-0.829204,-0.557962
2,1.00543,0.0275109
2,-0.78166,-0.61449
2,0.821111,-0.577316
2,0.8432,-0.554651
2,0.823732,0.548293
2,0.801118,-0.57566
2,-0.436203,-0.907605
2,0.820033,0.585506
2,-0.98646,-0.0926689
2,0.301455,0.962908
2,0.805086,0.591467
2,-0.982532,-0.0425707
2,0.39113,-0.913279
2,-0.245875,-0.959139
2,0.813063,-0.593689
2,-0.277481,-0.958226
2,-0.263884,0.957048
2,0.817943,0.568089
2,0.180938,-0.985662
2,-0.896753,0.437679
2,0.228078,0.985239
2,-0.991437,0.066155
2,0.815341,-0.522212
2,0.260298,-0.953545
2,0.305323,-0.940637
2,1.00656,0.036772
2,-0.461999,-0.863936
2,0.307619,0.956913
2,-0.767289,0.6668
2,0.822191,0.523878
2,-0.995033,0.116266
2,-0.381105,0.923308
2,-0.370422,0.925155
2,-0.993868,0.0689556
2,0.848263,0.550511
2,0.841667,-0.549969
2,-0.973764,-0.121574
2,-1.00122,0.117076
2,0.686317,-0.722042
2,-0.384176,-0.91187
2,0.301284,0.94747
2,-1.00239,0.0483736
2,0.263761,-0.972245
2,1.00136,0.0585
2,0.857254,0.496405
2,0.738805,-0.672071
2,0.866661,0.492429
2,-0.441284,-0.89869
2,0.85862,-0.56751
2,0.843853,-0.553554
2,-0.254988,0.963847
2,0.335025,0.942663
2,-0.681065,-0.72848
2,0.777302,0.639677
2,0.713375,-0.697043
2,-0.985128,0.00627402
2,-0.26905,-0.987067
2,-0.296148,0.954788
2,0.995156,0.0545638
2,0.338854,-0.93109
2,-0.980221,0.0699087
2,0.235112,0.990562
2,0.34098,-0.953873
2,0.807241,0.591236
2,0.716987,0.688414
2,-0.99683,0.000908889
2,-0.285412,0.937356
2,-0.812975,0.573373
2,0.838603,-0.552303
2,1.00913,-0.0788208
2,-0.307001,0.95163
2,0.987079,0.0063883
2,-0.313298,0.958788
2,0.350202,-0.939377
2,0.991292,0.121603
2,-1.00204,0.0571457
2,-0.81991,-0.535282
2,-0.807343,-0.55589
2,-0.296262,0.979879
2,0.420993,-0.9199
2,-0.795577,-0.604566
2,0.975987,-0.143397
2,-0.431729,0.914066
2,-0.807553,0.584872
2,0.854381,0.539878
2,-0.323738,0.937305
2,0.893965,-0.437137
2,0.751711,-0.659262
2,-0.843536,0.560545
2,-0.215435,0.965805
2,-0.279459,0.963434
2,0.358407,-0.929265
2,0.365379,-0.925924
2,-0.768739,-0.64017
2,-0.869435,0.506976
2,0.777279,0.626097
2,-0.311358,-0.948185
2,0.803764,0.625546
2,-0.43788,0.898594
2,0.985806,0.0736011
2,0.324584,-0.95265
2,-0.994186,-0.0632995
2,-0.851043,-0.540557
2,0.753045,-0.655979
2,0.905708,-0.464655
2,-0.289501,0.954231
2,0.332751,0.944999
2,0.858627,0.516438
2,0.997063,-0.00476661
2,-0.815007,0.577131
2,1.02429,-0.0448499
2,0.797737,-0.588388
2,0.322144,0.934098
2,0.312261,0.960623
2,0.389159,-0.905481
2,0.992811,0.00579342
2,-0.801788,-0.592214
2,-0.820851,0.5794
2,-0.433668,0.917508
2,0.993911,-0.00608378
2,-0.845234,0.520598
2,-0.265401,0.959101
2,0.881958,-0.503965
2,1.01316,-0.0402629
2,0.989935,0.0827936
2,0.787716,-0.5959
2,-0.852507,0.53099
2,0.24054,-0.968468
2,-0.98079,-0.0832685
2,-0.33513,-0.935862
2,-0.990276,0.130191
2,-0.230786,-0.969734
2,-0.775925,0.61747
2,0.278539,-0.971715
2,-0.825085,0.562371
2,-0.256425,-0.965455
2,1.00268,-0.0715193
2,0.822376,0.60113
2,-1.00254,0.0289255
2,0.32067,-0.936547
2,0.985971,0.1267
2,-0.8507,-0.552894
2,0.388166,0.916276
2,0.383133,-0.942638
2,0.710531,-0.721944
2,0.322125,-0.941689
2,0.266658,0.951467
2,0.732227,-0.662988
2,-0.740143,-0.645969
2,-0.320381,-0.93908
2,0.340567,0.94848
2,-0.342104,-0.946168
2,-0.353926,-0.940522
2,-0.825501,0.566574
2,-0.345941,-0.958534
2,0.843478,0.544812
2,-0.413693,0.911433
2,-0.740192,0.65246
2,0.785669,-0.618982
2,0.786928,0.613391
2,-0.198661,-0.991884
2,0.990287,-0.0999551
2,-0.832074,-0.543313
2,0.821149,0.593822
2,0.241359,-0.972919
2,0.317057,0.952724
2,0.999849,-0.0355031
2,-0.401701,-0.930169
2,-0.808061,-0.578946
2,-0.316128,-0.951628
2,0.14023,-0.983923
2,0.394663,0.919
2,-0.997403,0.0431778
2,0.398669,0.927532
2,-0.729663,-0.690429
2,-0.232777,0.954734
2,0.804886,0.58008
2,-0.782324,0.636961
2,0.983237,-0.0103789
2,0.758703,0.681329
2,0.29942,-0.937798
2,0.294922,0.958938
2,-0.782553,0.648398
2,0.792695,-0.635675
2,0.356101,0.954085
2,0.830017,-0.556838
2,-0.838353,0.539507
2,-0.793765,-0.605727
2,-0.213156,-0.973211
2,-0.150562,-0.980903
2,-0.989918,-0.0860729
2,-0.838409,-0.512582
2,-0.816965,0.576655
2,0.274428,0.960009
2,0.220718,-0.980598
2,-0.373609,0.916022
2,0.279833,0.944651
2,-0.995166,-0.111796
2,-0.989966,-0.0865211
2,-0.888165,-0.454637
2,0.792785,-0.611421
2,-0.669876,0.742038
2,0.863531,-0.481219
2,0.994936,0.101751
2,-0.814945,0.605231
2,0.389485,0.932996
2,0.850206,-0.526078
2,-0.345906,-0.936909
2,-0.330671,0.948184
2,0.824075,-0.56818
2,-0.858948,-0.537211
2,-0.988571,-0.138089
2,-0.988672,-0.0536166
2,-0.452867,-0.905148
2,-0.78549,0.629584
2,0.350621,0.931088
2,-0.868411,-0.498733
2,0.254996,-0.967586
2,-0.994923,-0.120609
2,-0.22897,-0.975689
2,-0.78041,-0.636325
2,-0.250464,-0.975219
2,-1.00459,-0.0185206
3,-0.420839,0.899753
3,0.984756,0.0660618
3,-0.42741,-0.893529
3,0.156707,1.0068
3,-0.297956,-0.961325
3,-0.229463,-0.979584
3,-0.868374,0.495458
3,1.00655,0.0238683
3,0.552225,0.835596
3,-0.761009,-0.649074
3,0.320574,-0.933757
3,-0.73668,0.672499
3,0.492883,0.871557
3,-0.922407,-0.373233
3,-0.334729,0.949709
3,-0.777878,0.628223
3,0.766932,0.623083
3,0.94356,-0.368754
3,-0.899509,0.419269
3,0.871187,-0.501181
3,0.134254,-0.994561
3,-0.664991,0.77019
3,-0.289204,0.94687
3,1.0008,-0.096025
3,0.992346,0.0239405
3,0.815637,0.563047
3,-1.00891,-0.0626798
3,-0.993835,0.167814
3,0.290637,-0.955319
3,0.40204,-0.925049
3,-0.150788,0.985259
3,-1.00163,0.0518853
3,-0.825752,-0.542023
3,0.867837,0.499596
3,0.312597,0.923053
3,0.34142,0.946813
3,-0.251313,0.976807
3,-0.134968,0.987116
3,-0.857077,-0.534935
3,-1.00622,-0.134775
3,-0.85046,-0.496599
3,1.0145,-0.00604742
3,0.800213,0.592785
3,0.349039,-0.940765
3,-0.992332,-0.0935606
3,-0.222841,-0.994043
3,-0.0553708,-0.990977
3,0.246346,-0.975076
3,0.239398,-0.980968
3,0.767099,-0.663424
3,0.26354,-0.967326
3,-0.413394,0.905772
3,-0.381814,0.928072
3,0.886879,-0.446147
3,-0.891029,-0.469757
3,-0.72308,0.693754
3,0.292928,-0.963894
3,-0.995986,-0.113688
3,0.339475,-0.94514
3,-0.902901,-0.438953
3,1.00174,0.087157
3,0.692696,0.747461
3,-0.95353,0.308012
3,-1.01418,-0.0450474
3,-0.987448,0.00203743
3,-0.241839,-0.978021
3,-0.695006,-0.717672
3,-0.786987,0.620252
3,0.284564,-0.984115
3,0.362037,-0.924534
3,-0.986007,0.11562
3,-0.835878,0.546902
3,-0.993119,-0.150568
3,-0.920184,-0.352296
3,-0.750271,0.665684
3,0.295576,-0.959301
3,0.287431,0.952939
3,0.990862,0.0565845
3,0.752764,-0.695184
3,-0.197456,0.971804
3,0.828304,0.586588
3,0.999037,0.0298427
3,0.847526,0.546088
3,-1.01002,-0.07251
3,0.26123,-0.969681
3,1.00437,-0.0782985
3,-0.416156,-0.914569
3,-0.816457,-0.558593
3,0.724809,-0.661372
3,0.804424,-0.557673
3,-0.787026,0.605555
3,0.789927,-0.642986
3,0.0189789,-0.995198
3,-0.967609,-0.276221
3,-0.980703,0.165183
3,-0.372782,-0.92927
3,0.101376,-0.999537
3,-0.187861,0.98235
3,0.842218,0.537308
3,0.989866,0.0584252
3,-0.263527,-0.965058
3,-0.999642,-0.157873
3,-0.830783,0.560203
3,-0.68398,-0.720891
3,1.00278,0.0489104
3,-0.315811,-0.945317
3,0.245161,-0.978866
3,0.280376,0.982677
3,-0.834053,-0.573059
3,-1.00948,-0.00341095
3,-0.872734,-0.48053
3,-0.973903,-0.224916
3,-0.998756,0.087492
3,0.22977,0.973768
3,0.74572,-0.682383
3,-0.35523,-0.937661
3,0.249487,0.996713
3,-0.795079,0.611294
3,0.996157,-0.00395299
3,0.994877,-0.0315273
3,-0.253441,-0.975739
3,0.298468,0.951243
3,0.797025,-0.560332
3,0.851587,0.526477
3,0.974199,0.154484
3,0.530188,0.845625
3,-0.327292,0.94372
3,-0.853303,0.494611
3,0.656177,0.745968
3,0.903917,-0.444212
3,0.984975,0.151356
3,0.979642,0.147361
3,-0.242709,0.964753
3,-0.796279,-0.5874
3,-0.419125,-0.903274
3,1.02071,-0.0588654
3,0.875639,-0.514217
3,-0.779043,-0.636817
3,-0.997568,0.0404509
3,-0.801796,-0.590025
3,-0.910709,0.416634
3,-0.778804,-0.632155
3,0.241848,-0.964895
3,-1.00519,0.0473306
3,-0.0700701,0.991891
3,-0.439927,0.900211
3,-0.858969,0.521583
3,0.822246,-0.593767
3,-0.270738,-0.974809
3,-0.331964,0.925017
3,0.757181,-0.650105
3,0.773552,0.634741
3,-0.193229,0.98513
3,0.467601,-0.883475
3,0.305802,-0.950751
3,0.809484,0.600404
3,-0.425806,0.925955
3,0.585645,-0.803879
3,0.829701,0.580563
3,0.104957,0.990283
3,0.784366,-0.611168
3,-1.00303,-0.101921
3,-1.00605,0.00817463
3,-0.807033,-0.595906
3,0.854985,0.539217
3,0.218284,0.995135
3,0.753329,-0.632876
3,0.484766,0.882272
3,-0.31736,0.965442
3,0.727147,0.687402
3,-0.718187,0.721227
3,-0.342736,0.955435
3,0.829586,0.578394
3,-0.987418,-0.174204
3,-0.722931,0.706227
3,0.849089,0.549774
3,0.278913,0.972924
3,0.644325,-0.761107
3,0.666084,-0.759674
3,1.00232,0.100896
3,0.41872,0.913901
3,-0.86278,-0.526805
3,0.213464,0.971935
3,0.209933,0.971641
3,0.791163,-0.602879
3,0.774511,-0.654824
3,0.309779,0.942255
3,-0.788052,0.613992
3,0.984879,-0.146029
3,-0.285039,-0.976344
3,0.971028,-0.233161
3,0.425151,-0.910593
3,-0.738612,-0.684725
3,-0.138498,-0.98307
3,-0.308946,0.955127
3,-0.246151,0.958793
3,0.247488,-0.969134
3,0.71477,-0.717719
3,0.728648,-0.700373
3,0.681199,0.724591
3,-1.00236,-0.099697
3,-0.426197,-0.901061
3,0.402049,0.918535
3,0.808258,0.583543
3,0.298787,-0.944497
3,0.823981,-0.55711
3,-0.979065,0.125198
3,0.696493,0.706851
3,-0.767401,-0.641907
3,-0.826733,-0.585274
3,-0.928658,-0.353777
3,-0.822934,-0.567725
3,0.261141,-0.956219
3,0.731235,-0.662158
3,0.986382,0.106391
3,-0.305123,-0.951029
3,1.00475,-0.0509875
3,0.918473,0.412706
3,-0.799596,-0.619879
3,0.999917,-0.00205516
3,0.772603,0.59804
3,-0.942213,-0.346036
3,0.979261,-0.082145
3,0.181306,-0.975339
3,0.942249,-0.301324
3,-0.799214,0.609792
3,0.202631,-0.963461
3,0.999555,0.0333331
3,0.357247,-0.926583
3,0.793296,-0.617555
3,-0.769268,-0.628347
3,0.706851,0.688781
3,-0.789202,0.614131
3,-0.326866,0.959546
3,0.724115,0.687336
3,0.647024,-0.76961
3,-0.349353,0.918235
3,-0.316952,-0.961274
3,-0.362064,-0.922763
3,0.825055,-0.566284
3,-0.794935,-0.597398
3,0.981513,-0.173674
3,-0.774176,0.616989
3,0.986565,0.0488649
3,-0.975428,0.253324
3,-0.800777,-0.581113
3,-0.31043,0.96673
3,0.40264,-0.91361
3,-0.705304,0.69331
3,-0.785043,-0.619786
3,0.2473,0.98922
3,0.554164,0.827716
3,0.301205,-0.956895
3,-0.374174,0.922867
3,-1.00644,0.119466
3,0.976841,-0.238707
3,-0.988196,0.169922
3,-0.757756,0.656029
3,-0.846613,0.572101
3,-0.233955,-0.964873
3,0.382917,-0.897784
3,-0.984063,-0.113748
3,-0.159201,-0.962643
3,0.864479,-0.504381
3,-0.979177,-0.00752948
3,0.829385,0.560997
3,0.707788,-0.69873
3,0.827902,0.540893
3,0.769786,0.6428
3,0.778313,0.636067
3,-0.686066,0.741402
3,-1.01149,-0.0986016
3,-0.56981,-0.821791
3,-0.836904,-0.54175
3,0.271951,0.956414
3,0.874187,-0.505387
3,0.794586,0.596647
3,0.797614,0.601479
3,-0.411124,-0.897668
3,1.00039,-0.0182559
3,-0.823004,0.554092
3,0.97801,-0.207284
3,0.0259734,0.979715
3,0.972116,0.00427833
3,-0.780348,0.630404
3,0.20146,-0.969655
3,-0.883574,-0.481096
3,0.386214,-0.907119
3,-0.195252,0.97224
3,0.966418,0.22171
3,-1.0118,0.0158654
3,-0.844177,0.519913
3,0.713366,-0.714463
3,-1.00526,0.0606601
3,0.32358,0.961814
3,-0.806832,0.616669
3,0.801548,0.603951
3,0.881857,-0.491736
3,0.984537,0.119972
3,0.982625,0.162023
3,0.851969,0.494238
3,0.975973,0.198692
3,0.374559,-0.916207
3,0.310619,-0.951577
3,-0.184029,-0.981458
3,0.275279,0.956878
3,-0.873428,-0.50472
3,0.9857,0.0803916
3,-0.682635,0.726453
3,0.825992,0.565973
3,-0.903806,-0.401559
3,0.468998,0.867301
3,0.720023,-0.693176
3,-0.894675,0.436367
3,0.986176,0.0273279
3,0.852039,0.499622
3,-0.866665,-0.482
3,0.891681,0.456823
3,0.839343,-0.570531
3,0.992597,-0.161635
3,-0.293191,-0.953196
3,0.0585503,-0.981889
3,-0.817194,-0.59107
3,-0.476772,-0.884818
3,0.350657,-0.942267
3,0.990462,0.0717226
3,-0.551166,0.836497
3,-0.895982,0.456589
3,0.754403,-0.667039
3,-0.430003,-0.915729
3,-0.693366,-0.726905
3,0.872456,0.484729
3,0.246219,0.968143
3,-0.401351,-0.923256
3,-0.457058,-0.899639
3,0.505424,0.882053
3,0.39835,0.926468
3,0.374516,0.922491
3,0.992033,-0.172464
3,-0.833487,-0.587574
3,0.995874,-0.0963104
3,0.780966,-0.621717
3,0.996633,0.0411939
3,-0.270211,0.968841
3,0.775174,-0.639048
3,-0.304167,0.959723
3,-0.81171,0.577183
3,0.816909,-0.596556
3,-0.161705,-0.985497
3,0.787471,0.62856
3,0.798417,-0.619452
3,-1.00135,0.0925821
3,0.252497,0.966677
3,0.885174,0.473658
3,0.855508,0.499446
3,0.842909,-0.518869
3,0.763974,-0.630214
3,-0.855115,-0.524141
3,-1.01157,0.0534137
3,-0.374652,0.917329
3,1.00239,-0.0933448
3,-0.36338,-0.941027
3,1.00617,-0.094451
3,-0.794295,-0.600674
3,-0.883214,-0.468189
3,0.987714,0.0814486
3,-0.851557,-0.50079
3,-0.166214,-0.996105
3,0.279664,0.964629
3,-0.347401,-0.931483
3,0.998693,-0.0602343
3,-0.705007,0.720038
3,0.784338,0.616904
3,-1.00114,-0.0805871
3,-0.992061,0.124977
3,-1.00368,0.0828724
3,-0.803447,0.60084
3,-0.367734,0.927104
3,-1.00669,-0.0578315
3,0.364077,-0.909513
3,0.328715,-0.919956
3,0.748331,0.649547
3,1.00454,-0.0310342
3,-0.984064,-0.0563182
3,-0.384763,0.926457
3,0.809634,-0.577475
3,-0.807765,0.587395
3,-0.978243,0.0557107
3,-0.114362,0.992713
3,-1.00091,-0.13638
3,0.0877854,-0.995267
3,-0.662597,0.740825
3,0.734902,0.661079
3,0.00198982,-1.0148
3,-0.394065,-0.899007
3,0.395663,0.926157
3,-0.983102,0.205422
3,0.350547,-0.952079
3,0.427637,0.910103
3,-0.756572,-0.647207
3,0.274444,-0.941129
3,-0.825244,-0.509384
3,0.815026,-0.558264
3,-0.742681,-0.689783
3,-0.990151,-0.0713864
3,0.830831,-0.569976
3,0.468906,0.887671
3,-0.228512,-0.977675
3,0.0634557,-1.01282
3,-0.746419,0.636539
3,0.994357,0.120931
3,0.125703,-0.995682
3,-0.832349,-0.566403
3,-0.884339,-0.469652
3,0.333005,0.932075
3,-0.980132,0.209417
3,-0.376014,0.919112
3,-0.901513,-0.422253
3,-1.00922,-0.0775177
3,0.858472,-0.458439
3,0.364603,0.913663
3,0.24783,0.960977
3,1.00015,0.0170777
3,-0.376483,-0.929265
3,-0.490523,0.866475
3,-0.852906,-0.528014
3,0.169,-0.989169
3,-0.743922,-0.641335
3,-0.970306,0.192675
3,-0.233429,0.969072
3,0.998705,0.108477
3,0.252639,0.959645
3,-0.0976026,0.985315
3,-0.976622,0.206607
3,-0.149361,0.984481
3,0.44771,-0.90047
3,-0.756408,0.671747
3,-0.995307,0.0127611
3,0.762319,-0.667412
3,-0.98933,-0.216632
3,-0.771638,-0.636432
3,-0.42606,-0.903412
3,0.634725,0.766763
3,-0.915457,-0.391632
3,-0.972976,-0.220627
3,0.800894,-0.597008
3,0.105832,0.981117
3,-0.995816,-0.0858984
3,0.381975,0.914413
3,0.999456,0.130482
3,0.316118,-0.952757
3,0.860364,0.50078
3,-0.310192,-0.951463
3,-0.78418,-0.617711
3,-1.00942,0.04443
3,0.216517,0.977031
3,-0.390148,-0.911067
3,-0.887602,0.452129
3,0.746683,0.66906
3,-0.977443,0.213276
3,0.335307,0.945006
3,0.713393,-0.732445
3,0.794111,0.615493
3,-0.806109,0.564107
3,-0.171979,-0.991159
3,-0.295899,-0.947735
3,-0.157357,1.00361
3,-0.365039,0.937213
3,-0.455587,-0.892066
3,0.753448,0.655023
3,0.211972,-0.98618
3,0.996331,-0.0826335
3,-0.324976,-0.95835
3,-0.989839,-0.060132
3,0.76733,-0.628717
3,0.866168,-0.46688
3,0.934489,-0.311512
3,-0.421085,0.900674
3,-0.692374,-0.715762
3,0.718831,-0.690377
3,0.820253,-0.561667
3,0.0755445,-0.990119
3,0.835566,-0.534509
3,-0.890536,0.474096
3,-1.00423,0.124738
3,-0.342788,-0.946375
3,0.232514,0.978441
3,-0.957686,-0.306428
3,-0.988397,0.126091
3,0.264322,0.956324
3,0.625653,0.766506
3,-0.442605,-0.905578
3,-0.186478,-0.97952
3,-0.793901,-0.637897
3,0.966507,-0.137595
3,-0.876734,0.476267
3,-0.851917,-0.515207
3,-0.767566,-0.658321
3,0.409553,-0.922396
3,-0.81892,-0.569836
3,0.347687,0.949523
3,0.991398,-0.00569221
3,0.0315747,-1.00443
3,0.275664,-0.961319
3,-0.400588,-0.909836
3,0.299101,-0.945975
3,0.792709,-0.608617
3,-0.9997,0.0666829
3,0.386745,0.937217
3,-0.97521,-0.162146
3,0.302149,-0.953465
3,0.36341,0.924595
3,1.00237,-0.052812
3,-0.978436,-0.03005
3,-0.795202,0.628773
3,0.866186,-0.509111
3,-0.53842,0.838135
3,1.00783,0.0604006
3,-0.289072,0.939235
3,-0.246958,0.971818
3,0.911899,0.406591
3,-0.821855,-0.585205
3,-0.714977,0.693078
3,0.987113,-0.0886492
3,-0.364903,0.921006
3,0.854598,0.534387
3,-0.31467,-0.966004
3,-0.812655,0.595948
3,0.660206,0.772401
3,0.00282919,0.988375
3,-1.01382,0.0295039
3,0.215923,0.954321
3,-0.178187,0.981761
3,-1.00942,0.00526925
3,-0.386546,-0.919864
3,-0.469696,0.884795
3,-0.786093,-0.633526
3,0.4008,-0.919164
3,0.803041,0.589949
3,0.883968,0.486804
3,-0.754669,0.65525
3,0.865649,0.516148
3,0.837019,0.52943
3,0.792687,-0.608579
3,-0.997333,0.0767194
3,0.856059,-0.512291
3,0.63642,-0.791806
3,-0.830114,-0.56057
3,0.907594,0.443252
3,0.842415,0.50782
3,0.818002,0.598895
3,0.995337,0.0849799
3,-0.343455,0.940698
3,0.834355,0.561845
3,0.992859,0.029083
3,-1.0017,-0.111581
3,-0.394659,0.915429
3,-0.178188,-0.985327
3,0.895115,0.481646
3,0.763269,-0.667022
3,-0.363678,-0.920024
3,0.319696,-0.933708
3,-0.296831,-0.968048
3,0.984808,-0.106957
3,0.837127,-0.544693
3,0.843971,-0.523437
3,-0.791077,0.62439
3,0.348209,-0.935048
3,0.800637,-0.590397
3,-0.806514,0.579638
3,0.990588,-0.230549
3,-0.831267,0.542304
3,-0.434807,0.913308
3,1.00728,-0.0903629
3,-0.795232,0.604866
3,0.79181,0.610089
3,-0.459707,0.88014
3,-0.407904,0.905659
3,0.386574,0.934193
3,0.294862,-0.955844
3,-0.23451,-0.985041
3,1.00122,-0.104489
3,-0.854992,0.518118
3,0.799241,-0.608131
3,0.760864,-0.648507
3,-0.355856,0.926853
3,-0.988735,-0.0814342
3,0.617864,0.772288
3,0.901883,-0.386155
3,-0.790142,0.600111
3,0.284078,-0.960282
3,-0.809724,0.621779
3,-0.759119,0.638773
3,-0.293463,0.954762
3,-0.236,-0.974995
3,-0.217294,-0.973041
3,-0.311106,-0.961743
3,0.108355,0.973601
3,1.01876,-0.0200172
3,0.998977,-0.107105
3,-0.844641,-0.505415
3,-0.347747,-0.915327
3,0.352151,0.925737
3,0.282515,-0.952322
3,-0.402116,0.909604
3,-0.799663,0.55408
3,-0.916268,-0.354494
3,0.0824061,-0.973475
3,-0.985207,-0.101994
3,1.00608,0.160879
3,0.16067,-0.975818
3,0.338277,-0.94877
3,-0.244879,-0.965434
3,-0.310873,-0.961499
3,0.57125,-0.809461
3,0.668406,-0.747153
3,0.174156,0.979849
3,0.310669,-0.944085
3,-0.669107,0.730581
3,-1.00795,0.0603236
3,-0.998456,0.103306
3,0.730634,-0.671652
3,-0.877904,-0.510875
3,-0.931037,-0.383524
3,-0.403973,0.915405
3,-0.859993,0.496198
3,0.744238,-0.663772
3,-0.976418,0.111569
3,-0.996174,-0.0826784
3,0.996325,0.0638551
3,-0.990922,0.0957932
3,-0.457551,0.882926
3,-0.996945,0.145704
3,1.00331,-0.0743642
3,-0.769491,0.633698
3,0.986073,0.158095
3,-0.765792,0.644362
3,0.832969,-0.526312
3,0.174882,-0.999965
3,-0.296379,0.961152
3,0.997169,-0.113004
3,-0.233142,0.96414
3,-0.326119,0.944938
3,0.918886,-0.423993
3,-0.770836,0.635752
3,-0.412538,-0.903308
3,-0.747485,-0.639274
3,-0.266444,-0.979048
3,-0.369754,0.935147
3,0.306578,-0.952926
3,0.247374,0.967435
3,0.317814,0.965588
3,0.985321,0.0735936
3,-0.746192,-0.686191
3,-0.402625,0.90914
3,-1.01257,0.032369
3,0.996304,0.0652795
3,-0.683781,0.724764
3,0.847145,-0.522137
3,-0.0514412,0.993134
3,0.858147,-0.504778
3,-0.143905,-1.00189
3,0.708113,0.693895
3,-0.942176,0.350293
3,0.294038,-0.957615
3,0.88243,0.47136
3,-1.00396,-0.0171981
3,-0.113222,0.991077
3,0.827434,-0.50986
3,0.27456,-0.961728
3,0.436127,-0.891225
3,-0.260034,-0.970574
3,0.258478,-0.956947
3,-0.230093,0.967899
3,0.781275,-0.612696
3,0.997628,0.048578
3,0.145944,1.00521
3,0.847391,-0.553141
3,-0.855565,0.519535
3,0.801728,0.574128
3,-0.854418,-0.53153
3,0.246398,-0.984334
3,0.398312,0.912814
3,-0.821455,0.572342
3,0.875492,-0.472584
3,0.410795,-0.907453
3,-0.365023,-0.903553
3,0.44996,0.895755
3,0.998699,0.0920196
3,0.719245,-0.718613
3,-0.824386,-0.569815
3,0.464153,0.881023
3,0.975875,0.142777
3,0.984368,-0.105359
3,-0.983413,-0.186828
3,1.00226,0.0183929
3,0.237903,0.981992
3,-0.709674,-0.699083
3,0.702047,-0.699541
3,0.406202,0.907706
3,-0.843375,-0.542692
3,0.505442,-0.880396
3,0.167001,0.990947
3,0.774866,-0.62243
3,-0.80132,-0.599644
3,-0.395953,0.913198
3,-0.787072,0.640052
3,-0.845406,0.497449
3,0.455917,-0.892883
3,-0.254859,-0.967514
3,0.85708,0.530487
3,0.71847,0.698875
3,-0.950245,0.314294
3,0.368714,-0.920892
3,0.342941,-0.915055
3,-0.394515,-0.914885
3,0.349117,0.939762
3,0.991744,-0.159485
3,-0.779944,-0.634075
3,-1.00662,0.0897452
3,-0.848148,-0.5259
3,-0.97328,0.147058
3,-0.32088,-0.930286
3,0.409103,-0.914588
3,-0.89664,-0.433013
3,-0.875098,-0.475048
3,-0.703954,0.709678
3,-0.855882,0.482935
3,0.886354,-0.453362
3,-0.744631,0.682076
3,-0.709783,0.702634
3,-0.275817,-0.967934
3,0.797045,-0.640341
3,0.287548,-0.956561
3,-0.287756,-0.949004
3,-0.421291,-0.899438
3,-0.981053,-0.150504
3,0.760466,-0.635278
3,-1.01397,0.0917579
3,0.34403,0.943901
3,1.00837,0.0961094
3,0.866217,0.47358
3,0.803108,0.589451
3,0.998354,0.0192608
3,0.844776,-0.560863
3,-0.710298,0.697588
3,-0.766173,0.653929
3,0.409387,-0.928788
3,0.866912,-0.477443
3,-0.407455,0.902802
3,0.821157,-0.567282
3,0.75552,-0.640932
3,0.423489,-0.908216
3,-0.135997,0.967911
3,0.835129,-0.554779
3,-1.01733,0.0370366
3,0.663325,-0.749427
3,0.834011,-0.546465
3,-0.99407,-0.0405738
3,0.198169,0.982693
3,0.82165,-0.59922
3,0.859952,0.489082
3,-0.767837,-0.628513
3,0.974954,0.24061
3,-1.00857,-0.11778
3,0.28265,0.965717
3,-0.345519,0.933877
3,0.333396,-0.939115
3,0.744703,-0.678969
3,0.903107,0.420117
3,0.463325,-0.883222
3,0.876825,-0.495236
3,0.397041,0.931151
3,0.840633,0.563134
3,0.295786,0.966974
3,0.7961,-0.605233
3,0.900288,-0.440264
3,-0.770979,0.620431
3,0.448164,0.90071
3,0.392309,0.919855
3,0.505484,-0.859048
3,0.842252,0.54026
3,0.799209,0.595013
3,-0.825761,-0.572039
3,-1.00265,-0.0830718
3,-0.676065,-0.705829
3,-0.837925,-0.549165
3,0.348189,-0.956988
3,-0.874141,0.484339
3,0.864891,-0.4984
3,0.244518,0.963763
3,0.281338,0.978522
3,0.997389,-0.034408
3,0.991941,-0.231971
3,-0.446906,-0.895465
3,-0.212724,-0.96912
3,-0.860779,0.510278
3,-0.377088,0.929517
3,-0.144303,-0.980714
3,-0.999645,0.0153498
3,0.894778,-0.457142
3,-0.871684,0.469889
3,-1.00176,-0.100283
3,-0.732507,0.685091
3,-0.15847,0.991273
3,0.459092,0.876584
3,0.768899,0.642702
3,0.413181,0.911722
3,-0.144791,-0.977862
3,-0.775754,-0.629047
3,0.352203,-0.931632
3,-0.418613,-0.911876
3,-0.943666,-0.338592
3,0.170022,0.968345
3,-0.997398,-0.0585078
3,0.924265,0.351047
3,0.906905,-0.432443
3,-0.273475,0.952645
3,0.95451,-0.228691
3,-0.717916,0.694416
3,-0.873993,0.486685
3,0.936815,0.361643
3,0.256176,-0.973016
3,-0.312191,0.957238
3,-0.988781,0.035591
3,0.145944,-0.978512
3,0.784954,0.620068
3,0.282754,-0.95499
3,-1.00087,-0.0173946
3,0.186628,0.955143
3,-0.804666,-0.586835
3,-0.214783,-1.00658
3,0.969438,-0.189928
3,-1.0063,-0.0810431
3,0.14163,0.980879
3,-0.315212,0.92401
3,0.260398,-0.944992
3,-0.983387,0.0937946
3,0.293671,-0.949701
3,0.213026,0.978979
3,0.771834,0.646068
3,0.792391,-0.602224
3,-0.617547,0.793563
3,-0.829793,-0.532265
3,0.509807,0.869105
3,-0.846605,0.527046
3,-0.718915,0.662749
3,0.733366,0.669057
3,-0.870327,0.488446
3,0.99101,-0.134186
3,-0.728155,0.680114
3,-0.825562,0.569305
3,0.874339,-0.481637
3,-0.257047,0.980471
3,0.356212,-0.936906
3,0.0831004,0.988509
3,-0.26488,-0.973867
3,-0.304454,0.94355
3,0.376744,-0.921973
3,-0.936241,0.387699
3,-0.330124,0.928756
3,-0.203648,-0.970196
3,-0.234543,-0.98271
3,-0.778736,0.64108
3,-0.367707,-0.914781
3,-0.995216,0.038572
3,-0.396828,-0.907068
3,-0.76037,0.660755
3,0.207154,-0.975685
3,-0.614434,0.785188
3,1.0067,0.000760828
3,-1.00367,-0.0492377
3,0.417069,-0.923039
3,0.988789,0.163509
3,0.983875,0.0441641
3,0.941318,0.389357
3,0.880348,-0.474811
3,-0.0427714,1.01238
3,0.736384,-0.670745
3,0.368735,0.944366
3,0.999678,-0.0927392
3,-0.407812,-0.932956
3,-0.728125,-0.682029
3,1.01255,-0.0455045
3,0.875189,-0.451648
3,-0.2825,0.956017
3,0.742,-0.677577
3,-0.357776,-0.937898
3,0.671802,0.735464
3,0.806823,-0.591882
3,0.740171,-0.664483
3,0.775372,-0.630208
3,-0.322842,-0.949292
3,-0.885236,0.448926
3,0.809749,-0.572084
3,-0.493451,-0.890825
3,0.731883,-0.696581
3,-0.145963,0.99801
3,-0.409105,-0.921628
3,0.245898,-0.969676
3,-0.861972,-0.508796
3,-0.48686,0.901647
3,0.145596,-0.992471
3,-0.918659,0.380105
3,0.548506,-0.823422
3,-0.846184,-0.549847
3,0.837801,0.562133
3,0.962963,0.283109
3,-0.659664,0.772277
3,-0.360804,-0.949132
3,-0.886285,-0.486032
3,0.984051,0.0692232
3,0.288702,0.941994
3,0.215926,0.979494
3,-0.848546,-0.52724
3,-0.876537,-0.447904
3,-0.429779,-0.910009
3,0.204977,-0.984544
3,0.30271,-0.954677
3,0.093558,0.976552
3,0.855382,-0.502791
3,-0.928226,0.322154
3,-0.917426,-0.388516
3,-0.152931,0.977967
3,0.35171,-0.922658
3,0.0928332,-1.0098
3,0.351792,0.940349
3,-0.43118,0.896001
3,0.252519,-0.955973
3,0.919465,-0.413579
3,1.00732,0.00408544
3,-0.814254,0.603233
3,0.807325,-0.617646
3,-0.234761,0.977535
3,-0.63707,-0.774294
3,-0.644493,0.746768
3,0.266059,-0.95803
3,0.993132,0.0107579
3,-0.319508,-0.941625
3,-0.991095,-0.0800016
3,-1.0016,-0.0277025
3,-0.815296,0.579514
3,-0.251225,0.966886
3,-0.740898,-0.664188
3,-1.00464,0.0606677
3,-0.722559,0.677527
3,-0.448563,-0.895697
3,0.826222,0.554486
3,-0.772493,0.626312
3,0.168659,-0.995545
3,0.744892,-0.651764
3,-0.983268,-0.0939338
3,0.648472,-0.767482
3,-0.993046,0.0888945
3,-0.747395,0.659304
3,-0.853319,0.522339
3,-0.661311,-0.729028
3,0.311484,0.950911
3,0.281974,-0.96529
3,-0.471052,-0.870922
3,-0.793806,-0.613823
3,-0.318205,0.947387
3,0.360753,0.939073
3,0.816402,-0.591558
3,-0.812792,-0.555263
3,-0.275272,0.96329
3,-0.806694,-0.589706
3,-0.864265,0.497899
3,0.969829,-0.21181
3,0.161814,-0.997247
3,0.740525,0.693542
3,0.141652,-0.996401
3,-0.203431,-0.985175
3,-0.902335,0.416093
3,-0.406464,0.899874
3,-0.238227,0.970796
3,0.213301,-0.965567
3,0.832476,0.581758
3,-0.19806,-0.996282
3,0.195534,0.980539
3,0.99632,-0.0979995
3,-0.722746,-0.690132
3,-0.682461,0.706773
3,-0.751967,-0.67572
3,-0.97571,-0.207074
3,-0.36647,-0.942267
3,-0.281185,-0.968192
3,-0.0245546,0.976655
3,0.735475,0.691559
3,-0.358681,0.93098
3,-0.833366,-0.536448
3,0.982401,-0.153506
3,0.504191,-0.860263
3,-0.117398,-0.986223
3,0.340704,-0.938361
3,0.452778,0.888112
3,-0.89229,-0.395044
3,0.230404,0.982821
3,0.799028,0.601986
3,-0.314312,-0.946438
3,-0.981251,-0.171791
3,-0.997629,0.190628
3,-0.995813,0.110853
3,0.867144,0.481514
3,0.798888,-0.588583
3,-0.483477,-0.857547
3,1.00181,-0.159719
3,0.896896,-0.432169
3,-0.208013,-0.991093
3,-0.399027,0.90138
3,-0.366353,-0.946548
3,-0.321198,0.940008
3,-0.445581,0.898747
3,0.203125,-0.974358
3,-0.324175,-0.955294
3,-0.459089,-0.880092
3,0.913837,0.41622
3,0.727096,0.701788
3,-0.160954,0.994049
3,-0.99403,0.0790475
3,0.723624,0.650267
3,-0.269589,0.963787
3,-0.208401,-0.979009
3,-0.795328,0.618282
3,-0.869859,0.509975
3,-0.394148,-0.928658
3,0.795525,-0.571875
3,0.293687,0.951383
3,-0.857202,0.535536
3,0.331629,0.936254
3,-0.700518,0.72186
3,-0.722855,0.709903
3,0.970492,0.226103
3,-1.00129,0.0510636
3,-0.875962,-0.481824
3,-0.996758,-0.107151
3,1.00517,0.00312247
3,0.172694,-0.991136
3,0.387242,0.934033
3,0.37691,0.940393
3,-0.323662,-0.944313
3,-0.997332,0.126492
3,-0.99914,0.0507126
3,0.984497,0.0698108
3,-0.318753,-0.946732
3,0.872508,0.478215
3,0.182641,0.993154
3,0.363125,-0.927913
3,-0.812102,-0.597883
3,-0.863008,-0.501407
3,-0.313663,0.935558
3,-0.196188,0.983094
3,-0.976309,-0.145723
3,-0.219488,0.981156
3,-0.590157,-0.824959
3,-0.925299,-0.38063
3,0.805751,0.60981
3,0.370274,-0.924442
3,0.297048,-0.974558
3,-0.996267,0.0276061
3,-0.73139,-0.684919
3,0.353771,0.937098
3,0.458938,0.875383
3,-0.42477,-0.915501
3,0.994335,0.0413521
3,0.76532,0.657864
3,-0.860184,0.504172
3,-0.777394,0.588164
3,-0.994551,-0.0384728
3,-0.355415,0.909756
3,0.383879,0.933923
3,-0.283147,0.962913
3,-0.977368,0.259111
3,0.906519,-0.428399
3,0.96348,0.256213
3,-0.366865,0.927049
3,-0.978784,0.119173
3,-0.299616,0.964709
3,-0.371325,-0.921871
3,-0.570036,-0.84019
3,0.870039,-0.444895
3,0.246403,-0.964661
3,0.29425,-0.953241
3,0.846134,0.554222
3,-0.845174,0.481056
3,-0.207687,-0.985527
3,-0.987668,-0.218707
3,-0.821583,-0.564667
3,-0.398589,0.942475
3,0.336028,-0.948347
3,0.760208,-0.625034
3,0.795922,0.590726
3,0.995538,-0.0848797
3,0.306526,0.943167
3,1.00026,-0.0810401
3,0.998266,-0.0903021
3,-0.960729,-0.242868
3,-0.415635,0.919488
3,0.390676,0.909028
3,-0.995563,-0.103496
3,0.254255,-0.965399
3,0.804727,-0.58602
3,-0.387083,0.913299
3,0.983758,-0.00284282
3,0.434576,-0.891406
3,-0.367118,-0.935368
3,0.853702,-0.524024
3,0.496742,0.876207
3,-0.97948,0.120563
3,-0.693825,0.728284
3,0.25636,-0.97307
3,-0.31286,0.953534
3,-0.635035,0.784366
3,0.324068,0.927837
3,0.422188,-0.911031
3,-0.756203,-0.671274
3,0.365748,0.928063
3,-0.176815,-0.996532
3,-0.746487,0.649375
3,0.848273,-0.545409
3,-0.585514,0.805261
3,-0.392725,0.928921
3,0.897727,-0.440926
3,-1.01186,0.00956613
3,0.878809,0.508899
3,-0.284843,-0.961543
3,-0.755897,0.648586
3,-0.88549,0.480854
3,-1.01504,-0.0184458
3,0.959319,0.335662
3,-0.822424,-0.552328
3,-0.680469,0.719969
3,0.789885,-0.621135
3,0.776349,-0.601972
3,-1.01158,0.0654391
3,-0.823821,0.568899
3,-0.217089,0.981068
3,-0.180126,0.988025
3,1.01278,-0.0497372
3,0.675312,-0.731028
3,0.837628,0.516617
3,0.808407,0.610043
3,0.776458,-0.637866
3,-0.731618,0.679991
3,0.855436,0.527963
3,-0.746642,0.668795
3,-0.900353,-0.428288
3,0.837333,-0.576149
3,0.756694,-0.670055
3,0.976719,0.257004
3,-1.00159,-0.166085
3,-0.999295,0.0691033
3,0.274836,0.956208
3,-0.79548,-0.602842
3,0.741598,-0.662932
3,0.350135,0.945384
3,0.246827,0.963609
3,0.482771,0.888567
3,0.698785,0.715137
3,-0.892698,-0.427207
3,-0.827221,0.550309
3,0.215941,0.989519
3,-0.75191,-0.643273
3,-0.974744,-0.270987
3,1.00215,0.024975
3,-0.782617,0.589667
3,-0.263976,0.97022
3,0.372072,0.92343
3,-0.397295,-0.919213
3,-0.989198,-0.181957
3,-0.991493,0.059781
3,-1.00655,-0.0383014
3,-0.972715,0.242531
3,-0.330572,0.957615
3,0.616889,0.762611
3,0.337509,-0.947389
3,0.88775,-0.491151
3,-0.911388,0.373752
3,-0.764873,-0.655502
3,-0.240775,-1.00274
3,0.85233,-0.554705
3,0.282011,0.949349
3,-0.42212,-0.895965
3,0.281639,0.965531
3,0.575081,-0.815285
3,-0.806313,0.579122
3,-0.078615,0.999588
3,1.01238,-0.028427
3,0.0888038,0.987431
3,0.780787,-0.637051
3,-0.771478,-0.624138
3,-0.778433,-0.594399
3,-0.999015,-0.131744
3,-0.540682,-0.840312
3,0.809707,-0.576531
3,-0.99689,-0.158315
3,0.862049,-0.495718
3,-0.795283,0.589608
3,0.967767,-0.31893
3,-0.997101,0.025673
3,0.344575,-0.932626
3,-0.853362,-0.497779
3,0.999468,-0.198587
3,0.428329,0.90245
3,-0.366496,0.936492
3,-0.5246,-0.860116
3,0.995856,0.0255288
3,0.13329,1.00947
3,-0.365154,-0.917657
3,-0.231265,-0.97415
3,-0.911897,0.408924
3,0.999923,-0.165399
3,-1.00082,-0.068831
3,-0.302353,0.951477
3,-0.980678,0.10584
3,0.416072,-0.898498
3,-0.40229,0.934395
3,-0.257421,-0.963308
3,0.308229,-0.96414
3,0.708866,0.699074
3,0.811823,0.574236
3,0.71465,0.707103
3,-0.780889,0.62325
3,-0.249948,0.98446
3,-0.274672,0.965186
3,0.5241,-0.847966
3,-0.924528,-0.376102
3,-0.289722,-0.954718
3,0.992879,0.0144109
3,0.912744,-0.406576
3,-0.996969,0.0168058
3,-0.463372,0.878248
3,-0.352431,0.936822
3,-0.881155,0.435681
3,0.720742,0.688603
3,-0.246499,-0.976516
3,0.192522,-0.981137
3,-0.762999,0.640736
3,-0.264218,-0.9699
3,0.58674,0.83116
3,-0.857202,0.555188
3,0.439369,-0.889716
3,-0.795286,-0.596894
3,0.32786,0.941188
3,-0.322282,0.936664
3,-0.948592,-0.270217
3,-0.444212,-0.898812
3,-1.01065,0.0268517
3,0.872912,0.501406
3,0.727035,-0.705703
3,-0.299321,-0.964834
3,1.00108,0.0325262
3,-0.832609,0.584358
3,-0.887577,0.458922
3,-0.744596,-0.656317
3,0.759521,-0.646224
3,0.76951,0.655141
3,0.250973,-0.966014
3,-0.70388,0.723739
3,0.344437,0.921645
3,0.982573,0.104616
3,0.52642,0.848529
3,0.760268,0.647702
3,0.0897664,-0.994387
3,-0.78841,0.660162
3,-0.110927,0.985853
3,-0.395992,0.913831
3,0.983082,-0.0644228
3,-1.00222,-0.0157132
3,-0.159732,-0.996909
3,0.972521,-0.234138
3,0.986222,0.0760457
3,0.989487,0.195767
3,-0.32564,0.963359
3,0.994042,-0.192903
3,0.385477,-0.927488
3,0.593618,0.804534
3,0.503754,0.874867
3,-0.237843,-0.953495
3,-0.771487,0.634729
3,-0.890793,-0.458543
3,0.37021,-0.925498
3,0.879788,0.492083
3,0.874379,0.509597
3,-0.897927,-0.440837
3,0.459215,-0.914587
3,0.222332,-0.972017
3,-0.335741,-0.919481
3,0.830867,0.573404
3,-0.482307,-0.877648
3,-0.319068,0.957197
3,-0.763042,0.613392
3,-0.897816,0.431466
3,0.988944,-0.00429542
3,0.346255,-0.933573
3,0.988839,-0.116999
3,-0.450454,-0.903737
3,0.261155,-0.97825
3,0.816052,-0.59483
3,-0.888473,0.458025
3,1.025,-0.0621346
3,0.252317,0.986714
3,0.883967,-0.487679
3,-0.109155,0.986818
3,0.798112,0.604914
3,-0.830545,0.560782
3,-0.324626,0.930923
3,0.858544,-0.52772
3,-0.888953,0.412705
3,-0.485097,0.876808
3,-1.00141,-0.0170775
3,0.767949,-0.620096
3,-0.22381,0.98413
3,0.826083,-0.550123
3,-0.810196,-0.586889
3,-0.27592,-0.957321
3,0.613952,-0.778062
3,-0.992462,-0.00694342
3,-0.765605,-0.638005
3,0.546381,-0.852154
3,-1.01251,0.0548595
3,0.898892,0.416395
3,0.777569,0.640681
3,-0.95921,0.134839
3,0.469499,-0.876424
3,-0.937795,-0.381286
3,-0.789789,-0.570779
3,-0.130036,0.996687
3,0.825718,0.600439
3,0.811619,0.596798
3,0.993182,0.0916417
3,1.02047,0.0467233
3,0.551462,-0.811659
3,-0.843188,-0.527377
3,0.0313921,-0.992249
3,-0.832196,-0.566393
3,-0.288058,0.968556
3,-0.345362,-0.938811
3,0.998974,-0.0568849
3,-0.21679,0.973291
3,0.142883,-1.01039
3,0.780085,-0.643384
3,-0.607518,0.798723
3,-0.449152,0.90333
3,-0.772634,-0.64929
3,-0.956816,-0.169435
3,-0.344475,-0.930901
3,1.00394,0.0643558
3,0.297396,-0.962827
3,0.762451,-0.662182
3,-0.333528,-0.950749
3,0.751868,0.652541
3,0.460252,-0.870724
3,-0.309585,0.960082
3,-0.289564,-0.961564
3,-0.252956,-0.945495
3,0.182616,0.9913
3,-0.469037,-0.885271
3,-0.438168,-0.889553
3,0.869148,0.480002
3,0.46809,0.883163
3,-0.786869,0.599863
3,-0.864398,0.529448
3,-0.974343,-0.0384897
3,-0.987112,0.0107063
3,-0.997924,0.07202
3,-0.816432,-0.573377
3,0.306563,-0.945779
3,0.378104,0.914067
3,0.828687,-0.544235
3,0.367767,-0.925063
3,-0.743875,0.646223
3,-0.750598,-0.647835
3,0.227224,-0.967209
3,-0.907323,-0.43618
3,0.472375,0.886677
3,0.774162,-0.644779
3,0.997253,-0.00582609
3,0.862817,0.509344
3,0.781716,0.606169
3,0.792572,-0.625267
3,0.203051,0.966429
3,-0.778999,0.642039
3,0.957409,-0.273472
3,0.999724,-0.0863287
3,-0.414166,-0.921293
3,-0.40889,0.926301
3,0.674794,-0.744613
3,0.971757,-0.0859882
3,-0.993592,-0.0748908
3,0.161421,0.999687
3,0.191474,0.965976
3,0.975158,-0.233927
3,-0.848919,0.539903
3,0.327328,-0.963634
3,0.833668,0.603356
3,0.987103,0.164253
3,0.50991,-0.877344
3,0.150586,0.985145
3,-0.771145,0.627663
3,0.418257,0.889036
3,-1.01277,0.00380187
3,0.870616,-0.51748
3,0.302228,-0.965815
3,-0.273957,0.957902
3,1.0121,0.0664355
3,0.280247,-0.969586
3,0.414568,-0.889131
3,-0.871532,0.450845
3,-0.868483,-0.503524
3,-0.799487,0.619786
3,0.743234,0.677301
3,0.814621,0.5677
3,0.95769,-0.344326
3,0.813238,-0.583701
3,0.993856,0.00469122
3,0.563329,-0.822397
3,-0.799492,-0.597068
3,0.992426,0.151462
3,-1.00428,-0.0379341
3,-0.371176,-0.927003
3,0.40558,-0.908682
3,0.717036,0.691479
3,0.988701,0.0784263
3,0.984207,-0.00816047
3,1.00148,0.0961749
3,0.880633,-0.477673
3,0.77422,0.630019
3,0.228824,-0.973977
3,-0.793602,0.626564
3,-0.26109,-0.951761
3,-0.427895,0.924398
3,-0.996195,-0.131041
3,0.321851,0.925237
3,-1.0072,0.0844355
3,-0.829357,0.577068
3,0.228875,0.970337
3,-0.985546,-0.163763
3,1.00336,0.0861031
3,0.987938,-0.0109913
3,-0.165969,-0.97772
3,-0.340793,0.933275
3,-0.795612,-0.608007
3,-0.368485,0.925348
3,-0.411581,0.917327
3,-0.242865,-0.961929
3,-0.260897,-0.986458
3,-0.303729,-0.946621
3,-1.01143,0.0959688
3,0.318347,-0.939864
3,0.86956,0.524463
3,-0.311063,0.949905
3,0.86997,-0.517112
3,0.0899126,-1.00201
3,0.689727,0.728317
3,-0.228137,0.993591
3,-0.980486,-0.200694
3,0.840914,0.52521
3,0.966009,0.269634
3,-0.13636,-0.989984
3,-0.798177,-0.611803
3,-0.770962,-0.653677
3,-0.980707,0.0492118
3,-0.846639,-0.528504
3,0.879569,0.486297
3,-0.333587,0.930607
3,0.846757,-0.498222
3,0.704651,0.698523
3,-0.333734,-0.939166
3,-0.14556,0.992994
3,-0.840275,0.576836
3,-0.15009,1.01343
3,-0.754997,-0.63689
3,0.999794,-0.0801885
3,0.322247,0.949307
3,-0.963369,0.213004
3,-0.299954,-0.961115
3,0.107699,0.991082
3,-0.812979,0.614968
3,-0.270327,-0.959016
3,-0.426846,-0.905386
3,1.00978,0.0284816
3,0.988713,0.131714
3,0.219813,0.954326
3,0.818875,-0.585958
3,1.00006,0.000484198
3,-0.994352,0.044118
3,0.33837,-0.935485
3,-0.879376,0.482581
3,-0.986532,0.163286
3,-0.374942,0.929845
3,-0.767938,0.615751
3,-0.70622,-0.707738
3,0.996832,-0.0749701
3,-0.846045,-0.530898
3,0.921379,0.365562
3,1.00009,-0.0641685
3,0.867855,0.493471
3,-0.29699,-0.956925
3,-1.01437,0.0714214
4,0.263732,0.961402
4,-0.776106,0.615033
4,-0.794866,0.612947
4,0.157917,-0.997219
4,-0.160309,-0.978134
4,-0.954326,-0.279044
4,0.777723,-0.615224
4,-0.697783,-0.705801
4,0.78407,-0.622778
4,0.947382,0.384954
4,-0.799599,-0.589971
4,-0.552622,-0.808591
4,0.546277,0.827228
4,-0.916353,-0.423475
4,0.989439,-0.175035
4,0.69806,0.698616
4,0.382218,0.931546
4,-0.563872,-0.840281
4,-0.311281,-0.946012
4,-0.0991245,-1.00311
4,-0.16818,-1.00173
4,0.845761,-0.547213
4,-0.103549,0.992696
4,-0.802135,-0.574168
4,0.874891,-0.44286
4,-0.197253,-0.978106
4,0.0733999,-0.993329
4,0.300743,0.957264
4,0.980275,-0.119308
4,-0.172452,-0.984336
4,0.629088,0.7786
4,-0.599762,-0.785818
4,-0.982598,0.151619
4,-0.732374,0.66223
4,1.00407,0.0988763
4,0.754443,-0.659657
4,0.517546,-0.846675
4,0.550963,0.840448
4,0.97821,0.243078
4,-0.944934,-0.308563
4,-0.361195,0.955877
4,-0.0113492,-1.01547
4,0.840274,0.547115
4,0.201413,0.98643
4,-0.409781,-0.905267
4,-0.341522,0.933191
4,-0.111585,-1.00067
4,0.0397828,-0.992976
4,-0.999387,-0.0834422
4,0.483243,0.885813
4,0.892988,0.437918
4,0.884139,0.463166
4,0.789648,-0.620532
4,-0.0450884,-0.994936
4,-0.996562,0.125876
4,-0.283081,-0.949022
4,0.844658,-0.52601
4,-0.580343,0.811772
4,0.547941,0.827847
4,0.268415,-0.959207
4,-1.02053,0.0808184
4,0.410089,0.904278
4,-0.996868,0.0580761
4,-0.974167,0.247973
4,0.984835,-0.193336
4,-0.987143,-0.169052
4,0.740219,-0.6698
4,-0.990241,0.140036
4,-0.753609,0.679542
4,0.784979,-0.599807
4,0.641285,0.769194
4,0.670542,0.717657
4,-1.00231,0.090976
4,-0.561539,-0.843859
4,-0.44298,0.906593
4,-0.923363,-0.418548
4,0.268475,0.960022
4,-0.00219984,1.00546
4,-0.812157,0.61523
4,-0.629564,0.770429
4,-1.00047,-0.0812364
4,0.864862,-0.487288
4,0.428672,0.9135
4,-0.88596,-0.468166
4,1.01467,0.0198992
4,0.203671,0.978437
4,0.981069,-0.0179664
4,0.897948,-0.444786
4,0.386765,0.90979
4,0.322471,0.920095
4,0.996266,0.0295108
4,0.43202,-0.891104
4,0.170283,0.991784
4,-0.574517,-0.809081
4,-0.313406,0.958631
4,0.950016,-0.286608
4,0.490501,0.85679
4,0.798614,0.628477
4,0.885,-0.469939
4,-0.708188,-0.701232
4,-0.530409,-0.847281
4,-0.263542,0.949613
4,0.176333,0.984425
4,-0.991916,-0.0804601
4,0.987498,0.10764
4,-0.440722,0.916709
4,-0.382115,0.938072
4,0.993482,0.116526
4,0.931115,-0.3647
4,-1.00093,-0.0376074
4,-0.781288,0.614618
4,0.351544,0.951979
4,0.896259,-0.433855
4,-0.0706289,0.98797
4,0.19288,-0.969805
4,0.119172,-0.984793
4,0.906141,-0.416127
4,-0.407609,-0.926016
4,-0.716121,-0.690986
4,-0.74416,0.661198
4,0.385609,0.91781
4,0.995171,-0.0089388
4,-0.851441,-0.483379
4,0.904705,0.438561
4,-0.289279,-0.952615
4,0.778343,-0.619044
4,1.00315,0.0585066
4,0.738198,-0.660078
4,-0.315854,-0.939167
4,-0.935825,0.359242
4,0.958153,-0.262175
4,-0.937087,0.288279
4,0.789782,-0.628886
4,-0.638893,0.754766
4,0.889449,0.467028
4,0.970861,-0.181586
4,-0.963914,-0.295634
4,-0.418514,-0.914317
4,0.546329,-0.811442
4,-0.491599,0.872323
4,0.519241,-0.866529
4,0.137727,-0.999627
4,-0.839196,0.553723
4,0.301182,0.95832
4,-0.833112,-0.578961
4,-0.685355,0.749946
4,0.989417,-0.118279
4,-1.00627,-0.00657937
4,-0.939461,0.338107
4,0.681221,0.74326
4,0.840446,-0.511666
4,0.833865,0.543784
4,-0.73115,-0.686521
4,-0.834932,0.551014
4,-0.88723,0.494289
4,-0.843632,-0.541309
4,-0.955369,-0.350123
4,0.845894,-0.537036
4,-0.647073,0.755713
4,0.190718,-0.989273
4,-0.278339,-0.950447
4,1.0004,0.124725
4,-0.893466,0.470497
4,0.956566,0.275039
4,0.329773,0.963164
4,0.398453,-0.904756
4,-0.41903,0.902522
4,0.378567,0.921496
4,-0.255056,-0.974348
4,-0.857122,-0.546795
4,0.751016,0.664707
4,0.247487,-0.960672
4,0.845552,0.589003
4,-0.700044,0.708473
4,0.15678,0.966495
4,0.0443129,-1.00074
4,-0.687059,-0.720325
4,-0.257665,-0.968599
4,-0.413706,-0.913009
4,-0.995737,-0.0377631
4,0.847376,0.516231
4,0.803982,-0.607807
4,-0.987788,0.282165
4,-0.992711,0.0567781
4,0.79713,0.583717
4,-0.192151,-0.978325
4,0.990574,-0.138002
4,0.987208,-0.10336
4,0.72985,0.679742
4,0.103047,-1.00809
4,-0.401476,0.941142
4,-0.664039,0.720149
4,-0.975738,-0.197784
4,-0.311293,0.936209
4,-0.858287,0.513108
4,0.196757,0.995323
4,-0.984035,0.199028
4,0.669561,0.771051
4,-0.360892,0.90234
4,0.201458,-0.98286
4,-0.325781,-0.941478
4,-0.812399,0.562216
4,0.793601,0.588951
4,-0.248695,-0.979183
4,-0.953081,0.33154
4,-0.249481,0.957035
4,-0.415769,0.944091
4,-0.751395,-0.670451
4,-0.971202,-0.18602
4,0.986964,0.0964528
4,-0.923309,-0.346378
4,-0.15696,0.978132
4,-0.788812,0.624067
4,-0.906227,-0.442805
4,-0.0534724,0.992847
4,-0.214001,-0.962141
4,0.980813,-0.152095
4,-0.837286,0.57143
4,0.705866,-0.728446
4,0.994869,-0.115292
4,-1.00418,0.0357427
4,-0.295192,-0.962051
4,-0.615022,-0.774836
4,0.921276,0.365166
4,-0.731357,0.710934
4,-0.461694,0.881528
4,-0.248191,-0.97072
4,-0.311512,-0.939619
4,-0.724976,0.677233
4,-0.047713,0.996893
4,0.52864,-0.847896
4,-0.889146,-0.422387
4,-0.117864,0.994587
4,-0.79315,0.593814
4,0.685089,-0.743939
4,0.799065,-0.597717
4,0.899535,0.443835
4,0.162113,-0.990044
4,0.934189,-0.388379
4,0.656794,0.756015
4,-0.839628,-0.532179
4,-0.897402,0.455612
4,-0.359419,0.928197
4,-0.880847,-0.439406
4,-0.345713,-0.935057
4,-0.424415,-0.89674
4,-0.905808,0.421183
4,0.100054,0.995305
4,0.819561,0.580109
4,0.497523,0.882347
4,0.808488,0.585129
4,0.81718,0.569856
4,-0.953612,0.296416
4,0.531489,-0.848104
4,0.511159,-0.860011
4,0.992655,0.000299549
4,0.76827,-0.640037
4,0.593838,-0.794872
4,-0.881422,-0.447342
4,0.914299,-0.431339
4,0.985382,0.217918
4,-0.807139,-0.583918
4,-0.261675,-0.970718
4,0.128066,0.986068
4,-0.492975,-0.851136
4,-0.656142,0.753458
4,0.508129,0.854688
4,-0.410141,0.923896
4,0.215933,-0.967428
4,0.453779,0.883386
4,-0.88383,0.4758
4,-0.257142,-0.95612
4,-0.941576,-0.352131
4,0.945904,0.349485
4,0.995529,-0.0498536
4,0.93443,0.353098
4,-0.798673,-0.591241
4,-0.828988,-0.537521
4,0.907414,-0.420361
4,1.02087,-0.0601818
4,-0.976208,0.173787
4,-0.730425,-0.715119
4,0.283635,-0.955975
4,0.777039,-0.630939
4,0.734484,-0.710709
4,-0.989833,0.000341315
4,0.834441,0.542034
4,-0.992231,-0.0397425
4,0.909243,-0.42109
4,-0.290718,-0.956195
4,0.919018,0.404505
4,-0.099934,-0.987376
4,-0.500611,-0.872248
4,0.333066,-0.932967
4,1.00488,0.162334
4,-0.461356,0.876823
4,-0.620574,0.787113
4,0.717687,0.695827
4,-1.0104,0.164687
4,0.504344,-0.854528
4,0.576121,0.808639
4,0.15963,-0.995503
4,-1.00977,0.0347574
4,-0.506766,0.856198
4,0.301226,-0.957067
4,-0.159149,0.989811
4,0.929911,0.416516
4,0.225423,-0.970125
4,0.607983,0.803202
4,-0.529668,-0.839252
4,0.150923,-0.992989
4,-0.317908,-0.948776
4,0.868506,-0.493383
4,0.843854,0.536877
4,-0.366058,0.929748
4,-0.487519,-0.875315
4,-0.967417,-0.215158
4,0.439343,0.904762
4,-0.826778,0.538784
4,0.82325,0.560233
4,-0.752624,0.653769
4,0.80353,0.553822
4,0.981629,0.112162
4,-0.273066,-0.964008
4,-0.405753,-0.918221
4,0.995746,0.166243
4,-0.129211,0.980326
4,0.699546,0.703787
4,-0.802971,-0.608324
4,0.971864,0.253858
4,0.978814,-0.154871
4,0.373098,-0.910957
4,0.819789,-0.580406
4,0.183262,-0.983207
4,-0.41113,-0.92398
4,-0.99819,-0.0751652
4,-0.571051,-0.82871
4,0.815797,-0.588537
4,-0.0154208,-1.01239
4,-0.57041,-0.828463
4,-0.99948,0.0190843
4,0.671065,0.740993
4,-0.356871,-0.933177
4,0.884768,0.484667
4,-0.845746,0.534991
4,-0.885315,0.452795
4,-0.399182,-0.898387
4,-0.844592,-0.484681
4,0.0305271,1.00117
4,-0.763736,-0.665127
4,-0.113488,-0.98405
4,0.205667,0.984166
4,-0.616239,0.776804
4,-0.719241,0.684955
4,-0.329157,0.933069
4,0.635061,-0.749998
4,0.96315,-0.29543
4,-0.68869,-0.713616
4,0.982239,0.123979
4,-0.979211,0.111593
4,0.0443814,0.997787
4,-0.770325,-0.625419
4,1.00276,-0.0310946
4,-0.415492,0.909827
4,-0.694843,-0.730748
4,-0.262858,0.974875
4,-0.764815,-0.658766
4,-0.546562,-0.8107
4,-1.00482,-0.099588
4,0.799044,-0.625471
4,0.149949,0.978871
4,-0.41775,-0.916177
4,-0.0503653,-1.0227
4,-0.833265,0.568997
4,-0.894014,0.464408
4,-0.448882,-0.881241
4,-0.567065,-0.827431
4,0.52459,0.862086
4,1.00331,-0.0869111
4,-0.745841,-0.639964
4,0.578169,-0.801664
4,-0.978558,-0.231194
4,0.971678,0.247785
4,0.396683,0.919431
4,-0.563226,-0.820273
4,-0.786854,-0.607442
4,0.899966,-0.440805
4,-0.300527,-0.956923
4,-0.901191,-0.410062
4,-0.987852,-0.149638
4,0.827332,-0.536991
4,0.353134,0.935541
4,-0.916487,-0.415631
4,0.99161,-0.0831293
4,-0.488927,-0.858488
4,0.86385,0.4994
4,0.797692,-0.572157
4,-0.434622,-0.905228
4,0.792425,-0.624463
4,0.801694,0.617963
4,-0.709316,0.690116
4,-0.92091,-0.345037
4,0.994421,-0.128085
4,-0.246208,-0.957354
4,-0.993209,-0.118121
4,0.625454,0.788404
4,0.165537,-0.979443
4,-0.988821,0.183574
4,0.871158,0.480111
4,0.979849,-0.149287
4,-0.774521,0.660013
4,-0.276811,-0.953754
4,0.848282,-0.528418
4,0.0246493,1.00109
4,-0.998633,0.108701
4,0.361383,0.930297
4,-0.872683,-0.479946
4,-0.754669,0.639902
4,-1.00083,0.095112
4,-0.449384,0.880176
4,-0.308515,-0.961281
4,-0.574911,0.801156
4,0.542101,0.838166
4,0.33782,0.946328
4,0.998781,0.127
4,0.0950007,1.01459
4,0.649714,0.755681
4,-0.866405,-0.5063
4,-0.656485,0.756935
4,-0.197258,0.976355
4,0.84772,-0.515218
4,-0.0552424,-1.00363
4,0.714379,-0.702562
4,-1.01269,-0.0725699
4,-1.00427,-0.0133034
4,-0.505081,0.857396
4,0.0886168,1.00285
4,0.475296,0.881255
4,0.861982,-0.478107
4,-0.808944,-0.599994
4,0.770839,0.612937
4,0.0781869,0.98935
4,-0.295845,-0.957932
4,-0.862839,0.486264
4,0.902129,0.427192
4,-0.877365,-0.4543
4,0.822854,-0.59931
4,0.976233,-0.197505
4,0.128657,-0.969147
4,-0.834111,-0.540787
4,0.632419,-0.762473
4,-1.00219,0.0249124
4,0.467804,-0.89429
4,0.585002,0.833614
4,-0.542453,0.832507
4,-0.462051,-0.88825
4,-0.273626,-0.950478
4,0.9101,0.383036
4,0.681916,0.721454
4,-0.217289,-0.975558
4,-0.598282,0.79193
4,-0.339603,0.932349
4,0.282899,0.965556
4,-0.597149,-0.806458
4,-0.744329,-0.643228
4,-0.379942,0.914272
4,-0.984434,0.0429372
4,0.734911,0.658504
4,-0.941308,-0.353896
4,0.622953,-0.793398
4,-0.946586,-0.25002
4,0.999769,0.0116537
4,0.70179,-0.727112
4,-0.565374,-0.806589
4,-0.676959,0.744259
4,0.840972,0.543716
4,0.906516,0.394279
4,0.734671,-0.673909
4,0.757511,0.632255
4,0.741102,0.672814
4,0.819053,-0.590416
4,0.988325,-0.167715
4,0.387401,-0.913447
4,0.87176,0.484695
4,-0.206736,-0.964972
4,0.788447,-0.615043
4,0.864338,0.497785
4,-0.49404,0.874519
4,0.717911,0.705719
4,0.755552,-0.687858
4,0.658643,-0.73996
4,-0.248164,-0.969177
4,0.740379,0.661625
4,-0.310469,0.940287
4,-0.461253,-0.897749
4,-1.01274,0.0711414
4,0.858402,-0.503293
4,-0.682008,0.706179
4,0.473925,0.891915
4,-0.134004,-0.977692
4,0.994626,-0.00804671
4,-1.01574,0.0750996
4,-0.158294,1.00033
4,-0.669111,-0.73617
4,0.167177,0.991517
4,-0.267505,0.945235
4,0.328057,-0.947235
4,-0.149191,0.985072
4,0.0475955,-1.00086
4,0.202215,0.97647
4,0.778556,0.633883
4,0.609178,0.795414
4,0.279496,-0.958896
4,0.778058,-0.619102
4,-0.827476,-0.562596
4,-0.846256,0.505913
4,0.655522,0.747119
4,-0.388623,0.936435
4,0.410529,-0.901133
4,0.82514,-0.563704
4,-0.958317,-0.30681
4,-0.578816,-0.839519
4,-0.624628,-0.801618
4,0.0727606,0.996335
4,-0.621731,0.779062
4,1.0024,-0.0444765
4,-0.483967,0.870759
4,0.417896,0.909764
4,-0.787374,-0.607677
4,0.44252,0.896858
4,0.425741,-0.913704
4,-0.813121,0.548059
4,-0.978551,-0.130954
4,0.318834,-0.948963
4,-0.977727,0.294499
4,-0.955421,0.286995
4,0.12075,-0.991499
4,-0.979605,-0.177924
4,-0.768481,-0.640685
4,-0.974616,0.144121
4,0.123227,-1.00974
4,-0.985632,0.148701
4,-0.350799,-0.946934
4,0.995187,0.0529134
4,0.823205,-0.59432
4,0.8821,0.448786
4,-0.248831,-0.968887
4,-0.274339,0.952932
4,-0.901334,0.414579
4,-0.986084,0.200414
4,-0.18877,0.986321
4,-0.701181,0.710807
4,-0.585557,0.812753
4,0.359495,0.949987
4,-0.756649,-0.640865
4,0.370068,-0.945014
4,0.499467,-0.868919
4,-0.416769,0.923523
4,0.791143,0.611571
4,-0.81907,-0.579388
4,0.290577,-0.943761
4,-0.478659,-0.879006
4,0.853027,0.537129
4,-0.597083,-0.818287
4,-0.756023,0.637351
4,0.0110134,0.997457
4,-1.03945,-0.0710912
4,1.0046,0.0412848
4,0.982559,0.142231
4,-0.312984,0.958729
4,0.736928,0.657106
4,0.84313,0.539102
4,0.982762,0.103224
4,0.985163,-0.117552
4,0.979616,0.202468
4,-0.990993,0.00197136
4,0.234217,0.95664
4,0.864632,0.506416
4,-0.715679,-0.702281
4,-0.135727,0.996974
4,-0.790802,0.598974
4,-0.868206,-0.481648
4,-0.550631,-0.817142
4,0.414121,0.922661
4,0.875839,0.506557
4,-0.945404,0.304791
4,0.989681,0.200234
4,0.820542,-0.560176
4,0.24646,0.972621
4,-0.797447,-0.618222
4,0.421497,0.922583
4,0.90536,0.419455
4,-0.959111,-0.296604
4,-0.0414255,-1.01949
4,0.973619,0.191173
4,0.622538,0.797437
4,0.719302,0.689537
4,-0.86076,-0.48643
4,-0.519694,0.86658
4,-0.937591,0.376337
4,0.996027,-0.111442
4,0.683015,-0.733733
4,0.415155,-0.908937
4,0.46788,0.87231
4,-0.80466,0.611755
4,-0.303445,-0.944608
4,-0.48991,0.88108
4,-0.801467,0.604423
4,0.947438,0.310558
4,-0.683771,0.730099
4,0.692268,0.719439
4,-0.859878,0.538914
4,0.275014,0.96033
4,0.676901,0.742047
4,0.980441,0.179936
4,-0.994624,0.0763142
4,0.412453,0.918898
4,0.815058,-0.580674
4,-0.402299,0.897036
4,0.866886,0.48199
4,0.888785,0.493632
4,0.460177,0.879636
4,0.386663,0.911917
4,0.333573,-0.937184
4,0.939083,0.330398
4,0.766991,0.626971
4,0.166164,-0.983538
4,-0.994934,0.13786
4,-0.85212,0.542258
4,-0.510189,0.875255
4,1.00805,-0.0336334
4,-0.172047,0.982981
4,-0.989609,-0.114296
4,-1.01275,-0.0243881
4,-0.958366,0.259006
4,-0.169486,-0.997567
4,-0.841701,0.56981
4,-0.943991,-0.326023
4,-0.671584,-0.747967
4,-1.00484,-0.00929282
4,-0.840782,-0.530683
4,-0.385421,-0.921449
4,-0.966584,-0.210122
4,-0.901699,-0.458694
4,0.187999,-1.01534
4,0.394421,0.92446
4,-0.795001,0.629229
4,0.387062,0.923978
4,0.295626,0.964332
4,0.288989,-0.953233
4,-1.01379,-0.000172815
4,-0.829516,-0.542135
4,-0.205805,-0.969934
4,-0.371515,-0.915815
4,0.865601,0.508023
4,0.425751,-0.887113
4,-0.923161,0.410288
4,0.409854,-0.912566
4,-0.171625,0.983823
4,0.873869,0.462679
4,-0.0421979,1.00233
4,-0.227152,0.962677
4,-0.658745,-0.765857
4,-0.507508,-0.874984
4,0.290379,0.951723
4,0.286382,-0.961129
4,-0.819174,-0.599985
4,-0.897155,0.447522
4,-0.926955,-0.404219
4,0.371448,0.921588
4,-0.881142,0.473757
4,0.993899,-0.111591
4,0.88186,0.459437
4,-0.98313,0.128423
4,-0.795852,-0.586242
4,-0.864934,0.502815
4,-0.2035,0.972102
4,-0.457985,0.929451
4,0.478107,0.873449
4,-0.195918,0.97798
4,0.981823,0.122032
4,0.141395,0.992642
4,-0.981434,0.194622
4,0.492916,0.857077
4,-0.156751,-0.999396
4,0.791843,-0.594971
4,-0.856577,-0.497855
4,-0.523878,-0.833593
4,-0.721359,-0.694816
4,0.974469,-0.246727
4,-0.709295,0.707517
4,-0.83348,-0.556868
4,0.316451,-0.946729
4,-0.814722,0.588647
4,-0.39081,0.924408
4,-0.988707,-0.160223
4,0.681481,0.72915
4,-0.868875,-0.458189
4,0.611907,-0.782645
4,0.160541,-0.983418
4,0.342709,-0.917395
4,0.782178,-0.629132
4,0.961366,0.300602
4,0.989668,0.0136418
4,0.229381,-0.976818
4,-0.432348,-0.893482
4,-0.860203,0.522749
4,0.710468,-0.690309
4,0.886438,-0.470599
4,0.110401,-0.992815
4,0.771884,0.646394
4,0.992354,-0.0638164
4,-0.949507,-0.308611
4,0.959442,0.297782
4,-0.763791,0.670988
4,0.996327,-0.151871
4,0.315439,0.950489
4,-0.982816,-0.0549952
4,0.751337,-0.623927
4,-0.780158,0.598012
4,-0.890544,-0.436095
4,0.812994,-0.569765
4,-0.415639,0.885735
4,0.541286,0.841038
4,0.752445,0.646771
4,-0.826144,-0.589477
4,-0.724902,0.681074
4,-0.610636,0.793458
4,-0.250038,-0.979816
4,-0.346689,-0.921774
4,-0.28135,0.968549
4,-0.966629,0.168042
4,-0.787562,-0.632383
4,-0.788416,-0.639296
4,-0.613123,-0.808264
4,-0.498964,-0.860735
4,0.903205,0.444579
4,0.872333,0.515675
4,-0.51247,-0.871937
4,-0.908643,0.406024
4,0.104998,0.998557
4,-0.991066,0.0307742
4,0.848158,-0.539261
4,-0.970213,0.065494
4,-0.689994,-0.723066
4,0.988858,0.184401
4,-0.825784,0.545204
4,-0.810597,0.582319
4,-0.984689,-0.0546859
4,-0.938217,-0.331158
4,0.278659,-0.967131
4,-0.864712,-0.472755
4,0.7211,-0.691367
4,-0.839549,0.536866
4,-0.301879,0.93989
4,-0.155166,0.991324
4,0.226875,0.987794
4,0.79186,0.627453
4,-0.076303,0.991201
4,-0.816472,0.574215
4,-0.0354414,-0.992406
4,0.315825,-0.932843
4,0.998789,-0.0375585
4,-0.842364,0.543036
4,0.280154,-0.963795
4,-0.883189,-0.476975
4,-0.621404,0.792205
4,-0.881785,-0.458167
4,-0.117483,-0.989598
4,0.331889,0.952848
4,0.999656,0.0786836
4,-0.991634,0.173341
4,1.00882,-0.0147094
4,0.99198,-0.0343436
4,0.982312,0.112343
4,-0.686083,0.721359
4,-0.0315368,-0.989206
4,0.154521,0.974333
4,-0.80862,-0.603518
4,-0.20595,-0.955109
4,0.962142,0.240638
4,0.458036,0.901385
4,-0.517717,0.876273
4,-0.293952,-0.953126
4,0.991597,-0.134567
4,0.870654,0.496935
4,0.87877,-0.469968
4,0.97089,-0.288787
4,0.808996,0.561705
4,-0.0423033,-0.999543
4,-0.993443,0.042367
4,0.961634,-0.284508
4,0.273433,0.973206
4,0.987592,0.0695825
4,0.295985,0.942427
4,-1.01361,-0.0506982
4,0.321721,-0.941142
4,0.863061,-0.504126
4,-0.337073,-0.948215
4,-1.01249,0.139827
4,-0.934842,0.337576
4,0.943492,0.34745
4,-0.99585,-0.144248
4,-0.962594,0.299351
4,0.217276,0.963656
4,0.504014,-0.891123
4,0.909831,0.420848
4,0.720779,-0.714718
4,-0.901576,0.399263
4,-0.560242,0.826595
4,-0.875298,-0.474926
4,-0.412093,0.914612
4,-0.481892,0.852834
4,0.0156476,-1.00658
4,0.179748,-0.983706
4,0.732216,0.680649
4,-0.347505,0.943625
4,0.995681,0.144785
4,0.566539,0.812761
4,0.457791,0.879659
4,0.644537,0.764217
4,-0.075271,1.0027
4,0.396771,-0.9045
4,0.44359,0.901164
4,-0.270409,-0.955098
4,-1.00688,-0.056001
4,-0.848707,-0.50162
4,-0.0197858,0.998766
4,0.911134,0.421404
4,0.670795,0.729621
4,0.582361,-0.806416
4,-0.454873,-0.873357
4,0.963439,0.304837
4,0.750884,-0.674571
4,0.0372702,0.999895
4,0.71947,0.68299
4,1.00462,-0.105514
4,0.0946767,-1.00555
4,1.00917,0.105307
4,0.651579,0.743891
4,0.734981,-0.65973
4,-0.0893456,0.990738
4,-0.251308,-0.966263
4,-0.492344,0.866517
4,0.961537,0.320234
4,-0.955656,0.243505
4,-0.24438,0.962616
4,1.00761,0.023989
4,-0.962576,-0.266472
4,0.843912,-0.552635
4,-0.220484,0.979265
4,0.867212,0.514205
4,-0.96396,-0.297546
4,-0.837852,-0.532794
4,0.725109,0.677049
4,0.705503,0.714964
4,0.701053,0.704312
4,0.327826,-0.954186
4,-0.963302,0.276085
4,-0.0850846,-1.02309
4,-0.99495,-0.0122848
4,0.759605,0.663271
4,-0.641933,0.772467
4,0.809348,0.573267
4,-0.988408,0.0960856
4,-1.0021,0.106456
4,-0.77951,-0.596065
4,0.984861,-0.0487656
4,0.83949,-0.558398
4,0.621849,-0.80601
4,-0.173532,-0.979519
4,-0.406424,0.902341
4,0.19296,-0.978981
4,-0.446536,0.898946
4,0.0301408,1.00811
4,0.876144,-0.491775
4,-1.00419,-0.00552486
4,0.395121,-0.91904
4,-0.546918,-0.826428
4,0.845071,0.550707
4,0.83825,-0.556501
4,-0.783506,0.617511
4,0.918721,-0.417237
4,-0.99121,0.0503444
4,-0.990104,-0.261
4,0.719939,-0.7034
4,-1.01813,0.0165571
4,-0.238324,-0.989556
4,-0.776208,-0.617719
4,0.998548,0.0774365
4,-0.644156,0.756381
4,0.545856,-0.841092
4,0.976488,-0.211943
4,0.395109,0.909347
4,-0.832357,0.576287
4,-0.477929,0.890277
4,0.615885,0.799885
4,0.354446,0.938218
4,-1.00926,0.0837392
4,-0.806108,0.610794
4,-0.605982,0.781911
4,0.996428,0.0245364
4,1.01485,-0.0287735
4,0.686667,0.706547
4,-0.855866,0.529949
4,0.999728,-0.101246
4,-1.00341,0.000480199
4,-0.677089,-0.724173
4,0.550482,0.839131
4,0.994958,-0.113736
4,0.730984,0.685707
4,0.795763,0.618832
4,-0.950883,-0.256149
4,-0.955299,0.298347
4,-0.565535,0.817172
4,0.192497,0.986596
4,0.232469,0.968324
4,0.163439,0.98057
4,0.946147,0.347871
4,-0.267874,-0.962632
4,-0.962739,-0.308326
4,0.989127,0.0624259
4,-0.568403,0.821926
4,0.302713,-0.94336
4,0.846886,0.569908
4,-0.663671,0.753007
4,0.803897,-0.604512
4,-0.424127,-0.890273
4,-0.711737,0.698984
4,0.916354,-0.404228
4,-0.94939,-0.3617
4,0.789904,-0.620649
4,-0.98979,0.187501
4,-0.0950232,0.987643
4,3.66452e-05,-1.02434
4,-0.964672,-0.306854
4,0.259415,-0.974895
4,-0.832587,-0.535504
4,0.995804,-0.072501
4,-0.69654,-0.730861
4,-0.959996,0.337053
4,-0.637628,0.758749
4,-0.838105,-0.541613
4,0.973374,0.262494
4,0.222253,0.983472
4,0.867267,0.510957
4,0.00883738,0.980077
4,0.98952,-0.211295
4,0.551345,0.819411
4,-0.439397,-0.90729
4,0.370672,-0.94193
4,0.654249,0.764543
4,-0.978868,-0.237984
4,-0.143141,0.977447
4,0.977356,-0.104243
4,0.104413,0.980235
4,-0.669411,-0.743484
4,0.196758,-0.973184
4,-0.491163,0.858385
4,-0.995375,0.12248
4,-0.608535,0.820255
4,-0.477409,-0.869365
4,-0.978644,0.198425
4,-0.882162,0.470386
4,-0.78379,-0.626875
4,-0.986582,-0.175772
4,0.49978,-0.836341
4,0.89986,0.458844
4,-0.806114,-0.60498
4,0.531216,-0.841627
4,0.971867,0.219057
4,-0.979835,0.165431
4,-0.630471,-0.771661
4,-0.936067,-0.344002
4,-0.191228,-0.984342
4,0.913043,0.381261
4,0.243434,0.972086
4,0.931429,0.34881
4,0.0844724,-1.00564
4,-0.817917,-0.568227
4,-0.964576,0.244343
4,-0.0277262,-1.01012
4,-0.187611,-0.969564
4,0.154574,-1.00429
4,0.193129,-0.974851
4,-0.703745,0.699446
4,0.988441,0.0707592
4,-0.962116,0.277189
4,-0.217731,0.976218
4,0.12772,0.991962
4,-0.0241687,-1.00351
4,0.373089,-0.942653
4,-0.987106,0.170619
4,-0.819893,0.576956
4,0.962032,-0.259338
4,0.81717,-0.559204
4,0.841564,0.544567
4,0.945243,-0.357538
4,0.758279,0.64771
4,0.912039,0.430285
4,-0.83322,-0.546739
4,0.590958,0.796471
4,-0.659142,0.758526
4,-0.987523,-0.0381873
4,-0.438898,0.918752
4,0.994861,0.0438281
4,-0.622572,0.745072
4,0.798905,0.60363
4,-1.00527,0.0688609
4,0.864953,-0.466983
4,0.120242,-0.980672
4,0.755383,-0.637014
4,-0.116963,-1.0026
4,-0.453907,0.899775
4,-0.45612,-0.888656
4,-0.970923,-0.219061
4,-0.814834,-0.574651
4,0.941114,-0.331508
4,0.406696,0.913864
4,0.871746,0.466019
4,0.102405,1.00351
4,-0.158064,0.995965
4,-0.715963,-0.677019
4,0.407201,-0.896298
4,-0.489164,0.888091
4,1.00246,-0.055887
4,0.863842,0.481279
4,-0.663669,-0.746075
4,0.832106,0.518256
4,-0.133567,0.974344
4,-0.996351,0.246272
4,0.264108,0.964015
4,-0.348181,0.927749
4,0.908312,0.440017
4,0.847006,0.517653
4,-0.435494,0.874083
4,-0.955802,0.29313
4,-0.999801,-0.014009
4,0.151265,0.998136
4,0.135624,0.999966
4,-0.325911,0.938889
4,-0.997618,-0.117836
4,-0.144725,-0.994199
4,0.833582,0.527282
4,0.81328,-0.583334
4,-0.990739,-0.0105619
4,0.783068,-0.611968
4,0.0898099,1.00043
4,-0.814568,-0.588341
4,-0.878663,0.473517
4,0.906616,-0.443751
4,-0.37882,0.925697
4,0.0932824,-0.988911
4,0.660245,-0.750735
4,-0.62077,0.787662
4,-0.335172,-0.942508
4,-0.303866,0.95765
4,-0.935131,-0.332369
4,0.741583,0.679205
4,-0.813346,0.576857
4,0.557639,-0.815559
4,-0.997691,0.13925
4,-0.155917,-0.986754
4,0.284002,0.94225
4,0.493626,-0.874541
4,0.613942,0.800344
4,0.871848,-0.482923
4,0.32055,-0.947224
4,-0.399955,0.91409
4,-0.0539059,-1.01626
4,-0.481086,0.895373
4,-0.831182,0.554353
4,-1.02092,-0.0183066
4,0.995631,-0.115281
4,0.262966,-0.967034
4,1.00353,0.0669134
4,0.694586,-0.71655
4,0.755604,-0.677052
4,0.891174,-0.49232
4,0.129732,-0.984969
4,-0.0896766,1.0117
4,0.840116,-0.550522
4,-0.170944,-0.990622
4,-0.359117,0.945009
4,-0.104876,1.00427
4,1.00607,0.117203
4,-0.43891,0.902976
4,0.332024,0.949701
4,0.995677,0.0099498
4,0.977172,-0.166858
4,0.970685,0.261147
4,-0.348204,0.922124
4,-0.437779,0.914361
4,-0.421942,-0.904673
4,-1.0085,-0.047402
4,-0.571361,0.805717
4,-1.01454,-0.163773
4,0.34717,0.933897
4,0.88055,-0.510651
4,-0.834038,-0.541187
4,-0.871847,-0.485581
4,-0.982826,0.16114
4,-0.984982,-0.131053
4,-0.278713,0.963283
4,-0.391822,0.924226
4,0.322397,-0.937481
4,-0.954727,-0.31337
4,-0.680352,0.721945
4,-0.934191,0.330587
4,-0.595933,0.81373
4,-0.785196,-0.624382
4,0.818708,0.584487
4,-0.710148,0.677218
4,-0.994617,-0.142688
4,-0.966802,-0.255035
4,-0.859293,-0.502804
4,-0.787323,0.603182
4,-0.30424,-0.966149
4,-0.832987,0.551098
4,0.820977,0.586398
4,0.99755,0.12154
4,0.275713,0.965799
4,-0.899625,-0.420411
4,0.922324,-0.400405
4,0.71577,-0.689408
4,-0.0928,0.994572
4,0.978044,0.219544
4,-0.707299,-0.699271
4,-0.112849,0.972616
4,0.784626,0.636924
4,-0.976018,0.294066
4,0.978256,-0.152113
4,-1.00298,-0.116784
4,0.174937,-0.975892
4,-0.248098,-0.959422
4,0.975179,-0.157753
4,-0.421687,-0.912553
4,-0.994513,0.157139
4,1.00398,0.0759501
4,0.786358,0.584114
4,0.157833,-0.98305
4,-0.365271,-0.927529
4,0.850311,-0.517454
4,-0.852053,0.523922
4,-0.734948,-0.707293
4,-0.50537,0.87181
4,0.688641,-0.726196
4,-0.771862,0.619012
4,0.362621,-0.929792
4,-0.875339,-0.462149
4,-0.347827,-0.936235
4,0.637238,-0.793414
4,0.568782,-0.826686
4,-0.898919,-0.394555
4,-0.950384,-0.347209
4,0.981943,0.149713
4,0.585949,0.801828
4,-0.402837,-0.923715
4,0.234064,0.975301
4,-0.443739,-0.895858
4,0.975101,-0.245973
4,-1.01031,0.0366339
4,-0.958138,-0.259657
4,-0.396707,-0.920276
4,0.703288,0.69767
4,-0.124475,0.987483
4,0.879008,0.465972
4,0.630563,0.78955
4,-0.987838,0.113896
4,0.300239,0.964665
4,-0.692508,0.737184
4,-0.985041,-0.00549696
4,0.588159,0.803532
4,-0.886852,0.476956
4,-0.959177,-0.234119
4,0.849792,-0.519913
4,0.642196,-0.764605
4,-0.366294,-0.930386
4,0.80458,-0.590396
4,-0.911062,0.416188
4,-0.918932,0.41876
4,-1.00571,0.0396335
4,0.888088,-0.445136
4,-0.994914,-0.219287
4,0.957259,0.249635
4,-0.598502,-0.799007
4,-0.489443,0.873821
4,0.715545,-0.694869
4,0.403483,-0.897599
4,0.883987,0.463371
4,0.348445,-0.93608
4,-0.213565,0.972812
4,-0.913259,-0.384012
4,0.152959,-0.992544
4,0.530898,-0.837164
4,-0.0763638,1.00648
4,0.146727,1.00413
4,-0.280763,0.946772
4,0.404249,-0.88989
4,0.868322,-0.516233
4,-0.879649,-0.472494
4,-1.00638,-0.0063245
4,-0.160268,0.995222
4,-0.368006,-0.914192
4,-1.00438,-0.0983255
4,0.769411,-0.669975
4,-0.992969,0.193162
4,-0.87245,-0.474585
4,0.907363,-0.407218
4,0.110333,0.998844
4,-0.789662,0.639895
4,0.955806,0.308488
4,0.970839,0.150512
4,0.40926,0.915345
4,-0.741645,-0.652637
4,1.00261,-0.00119582
4,0.965371,0.167583
4,0.169033,-0.994593
4,0.407446,-0.925812
4,0.93485,0.330342
4,-0.917991,-0.387016
4,-0.452708,-0.900668
4,-0.712226,-0.706836
4,-0.832026,0.562776
4,-0.988097,-0.114472
4,1.0047,-0.0890584
4,0.99487,-0.079208
4,0.329025,-0.944517
4,0.75412,0.673761
4,-0.816295,0.576113
4,0.807667,-0.596556
4,-0.994713,0.0350079
4,0.173269,-0.984265
4,0.122415,0.976026
4,0.986972,-0.170753
4,-0.656768,0.726041
4,-0.710003,0.706159
4,0.109235,0.981048
4,-0.353558,0.950337
4,-0.305419,0.945869
4,-0.995385,0.0688124
4,-0.461303,0.895611
4,-0.554312,-0.843678
4,0.959954,0.263808
4,0.605937,0.797518
4,-0.763956,0.663354
4,0.189402,0.979602
4,-0.964754,0.288745
4,0.901742,0.469394
4,0.659889,0.744803
4,0.479132,-0.870676
4,-0.289526,0.97759
4,-0.328383,0.948327
4,-0.79538,0.612999
4,0.243013,0.973002
4,0.905801,-0.414506
4,0.822315,-0.600904
4,0.0929293,-1.00427
4,0.300239,-0.946588
4,-0.733777,0.643882
4,-0.998069,0.110293
4,-0.839027,-0.526331
4,-0.680047,0.715219
4,0.378119,0.915777
4,1.00214,-0.0656976
4,-0.21029,0.975391
4,-0.274156,-0.957826
4,0.39758,0.921358
4,0.8882,0.469811
4,0.903514,-0.475648
4,-0.254275,0.963345
4,-0.923801,-0.344273
4,0.720452,0.697924
4,0.551089,0.842789
4,-0.725123,-0.684949
4,-0.402508,-0.913059
4,-0.967372,0.248928
4,-0.698775,-0.696318
4,0.794719,-0.624403
4,-0.981749,0.18714
4,0.47679,0.863002
4,0.213172,0.974101
4,0.202841,-0.96861
4,0.330342,-0.964619
4,1.00407,-0.0482671
4,0.248307,-0.97147
4,0.766133,-0.651688
4,-0.748333,0.66054
4,-0.66627,-0.759
4,-0.969906,0.256583
4,-0.664346,-0.736006
4,0.806132,0.581361
4,0.839691,-0.551673
4,-0.851132,-0.532355
4,-0.944657,0.265943
4,0.856777,0.506422
4,-0.228034,-0.969673
4,-0.721191,0.672672
4,-0.561145,0.809026
4,0.26877,-0.954739
4,-0.231687,-0.961572
4,-0.751011,-0.666253
4,-1.00891,0.0641472
4,0.640614,-0.775284
4,0.686089,0.725813
4,-0.847593,-0.515971
4,1.00317,0.16696
4,0.199234,0.983303
4,-0.890237,-0.429077
4,0.214366,-0.979586
4,0.941398,-0.282154
4,0.864878,0.516537
4,0.413055,0.908436
4,-0.76892,-0.61461
4,0.155379,0.996238
4,-0.298311,-0.946553
4,0.332602,0.937967
4,0.315616,0.948725
4,-0.866559,0.527919
4,-0.1535,0.995832
4,-0.855647,0.506456
4,-0.312707,0.966749
4,0.58249,-0.830388
4,0.803153,0.570767
4,0.369035,0.917475
4,-0.955196,-0.164729
4,-0.988198,0.0204564
4,0.942492,0.382899
4,-0.651914,-0.758055
4,0.995224,-0.0691325
4,-0.156893,-0.989125
4,0.814459,-0.60696
4,-0.744028,-0.660306
4,-0.772287,-0.636341
4,-0.249046,0.966861
4,0.92948,0.343449
4,0.118896,-0.993351
4,0.606314,-0.803887
4,-0.768293,-0.655815
4,0.119293,1.01606
4,-0.861085,0.544104
4,0.738728,0.655525
4,0.681344,-0.739999
4,0.743056,0.658082
4,0.397449,-0.928881
4,0.432508,-0.90877
4,0.99516,-0.128715
4,0.0328131,0.994828
4,-0.689437,-0.749862
4,-0.258234,-0.953356
4,-0.7154,-0.702877
4,0.769699,0.641941
4,-0.449619,0.904567
4,0.602253,-0.800146
4,0.613231,0.792466
4,0.916265,0.433754
4,0.994901,-0.0174692
4,0.82662,0.576902
4,-0.597303,0.793717
4,0.177735,-0.972598
4,0.852237,0.519269
4,-0.976189,0.24355
4,-0.993074,-0.121644
4,0.347838,0.928595
4,-0.800313,-0.59172
4,0.245178,0.961661
4,-0.568504,0.826459
4,0.977139,-0.100411
4,-0.741187,-0.679073
4,-0.754729,0.677929
4,1.01848,-0.0185315
4,0.0605786,1.01088
4,-0.412808,-0.924895
4,1.00291,-0.0345426
4,-0.42919,0.899693
4,-0.979932,-0.205384
4,0.329367,0.954204
4,-0.223083,-0.968992
4,-0.837706,0.554407
4,1.01453,0.0472594
4,-0.0600876,1.00261
4,-1.013,0.200241
4,1.00122,-0.131995
4,-0.992499,0.0361815
4,-0.767118,0.622152
4,-0.835815,-0.561558
4,-0.61528,-0.806148
4,0.857168,0.538435
4,0.523839,0.862677
4,0.517866,0.831364
4,0.252528,-0.969646
4,-0.516234,-0.837443
4,-1.00229,-0.0518936
4,-1.00622,0.159184
4,-0.757903,-0.611782
4,0.891335,-0.488818
4,0.858439,-0.517252
4,-0.768321,0.631744
4,-0.540829,-0.842828
4,-0.0982554,0.998202
4,0.759592,-0.634634
4,0.993452,-0.0394066
4,-0.624693,-0.77655
4,0.241633,-0.952375
4,0.934415,-0.345577
4,-1.00306,-0.134964
4,1.00622,-0.00228411
4,0.999292,0.061116
4,-0.741888,-0.687341
4,0.246009,0.970955
4,0.306857,0.950506
4,-0.984554,0.0077125
4,-0.955532,0.26806
4,0.992711,-0.127465
4,-0.705823,-0.703234
4,0.637483,-0.759138
4,0.356875,0.942202
4,0.375733,-0.914097
4,0.212879,0.963675
4,-0.953788,0.300605
4,-0.0280245,-0.99788
4,0.700837,0.686491
4,-0.317247,0.936425
4,0.853743,-0.529659
4,0.269063,0.96206
4,-0.665106,0.730015
4,0.818882,-0.554694
4,-0.134378,-0.991117
4,0.727,-0.657307
4,0.71976,0.708929
4,0.157098,-1.00157
4,-0.885963,0.470814
4,-0.784045,-0.604431
4,0.827247,-0.561652
4,-0.474619,0.877343
4,-0.801349,-0.605982
4,0.378625,-0.924992
4,0.27067,0.969118
4,0.0654267,1.00401
4,0.949765,-0.349727
4,-0.970185,-0.187988
4,-0.132997,-1.01802
4,0.39462,0.933298
4,-0.269354,0.975802
4,0.27277,0.974677
4,0.88183,-0.465618
4,-1.01475,-0.0111708
4,-0.178556,0.981599
4,-0.994729,-0.0358047
4,0.848634,-0.555432
4,-0.443864,-0.89447
4,0.984803,0.115078
4,0.458609,0.897415
4,-0.868057,-0.528423
4,-0.846161,0.482099
4,0.254183,0.982381
4,-0.902634,-0.388526
4,-0.468654,-0.868336
4,-0.722986,-0.705937
4,-0.921988,0.383605
4,-0.797521,0.608993
4,-0.946439,0.338057
4,0.176178,0.986626
4,-0.900087,0.44983
4,-0.709384,-0.721044
4,0.768488,0.634408
4,-1.00029,0.115195
4,0.879093,0.465424
4,0.474878,-0.854343
4,-0.691002,-0.721296
4,-0.807433,-0.598646
4,0.845792,-0.526258
4,0.8589,0.53363
4,0.927378,-0.347626
4,0.992769,0.0250935
4,-0.790741,-0.593731
4,0.987995,0.0826252
4,-0.259227,-0.96887
4,-0.989677,0.243419
4,-0.508017,-0.874277
4,-1.00076,0.111376
4,-0.727799,0.688636
4,0.0604284,-1.0055
4,-1.001,0.00896206
4,0.985269,-0.244635
4,-0.848694,0.528179
4,0.99558,-0.0578281
4,0.783427,0.652888
4,0.436968,-0.884555
4,-0.676593,-0.727715
4,0.777983,-0.62473
4,-1.01072,-0.108244
4,0.939342,0.243051
4,0.483508,-0.863162
4,0.988476,-0.12775
4,-0.184995,-0.976927
4,-0.939498,-0.346005
4,0.0562361,-1.01631
4,0.0429111,-0.996844
4,0.992723,-0.0649428
5,-0.856678,0.490022
5,0.360618,-0.941182
5,0.920748,0.410018
5,0.0431536,0.995399
5,0.787707,-0.605079
5,0.583287,0.795174
5,-0.76604,-0.64011
5,-0.872506,-0.466635
5,0.712945,0.714364
5,0.539653,-0.836843
5,0.98438,0.207302
5,-0.973149,0.186377
5,-0.435872,0.892737
5,0.913965,0.414832
5,-0.96172,-0.256149
5,0.923238,-0.399064
5,0.965635,-0.205723
5,0.400007,-0.911457
5,-0.0269348,1.01204
5,0.807502,-0.57003
5,-0.99054,0.152915
5,-0.0102471,0.990819
5,-0.928288,0.412919
5,0.625148,-0.771002
5,0.481115,-0.867034
5,-0.258207,-0.981517
5,-1.00723,0.087989
5,-0.819946,0.570297
5,-0.10773,0.998775
5,-0.996898,0.0294764
5,0.260037,0.962626
5,0.421828,-0.918306
5,-0.966799,0.304279
5,0.958936,0.302721
5,-0.0523592,0.982311
5,-0.91349,0.39431
5,0.301515,0.945149
5,0.163712,-0.985391
5,0.808927,0.602008
5,0.881183,0.483148
5,0.449041,-0.884132
5,-0.00100425,1.01076
5,-0.980086,-0.246351
5,0.683932,0.734918
5,-0.982338,-0.167394
5,0.427124,0.902922
5,1.00915,0.0633997
5,0.627675,-0.807316
5,-0.560996,0.817016
5,0.129413,-0.996635
5,0.598245,0.789791
5,0.896123,-0.457162
5,-0.121163,-0.99309
5,0.894174,-0.431412
5,0.532604,0.856638
5,0.631807,-0.76825
5,-0.536129,0.84498
5,0.531848,0.842592
5,0.89036,-0.455625
5,-0.711227,-0.694591
5,-0.179638,0.98103
5,0.858033,-0.485941
5,0.214115,0.973423
5,0.977232,0.163249
5,-0.636886,0.76278
5,-0.938307,0.296592
5,0.889859,0.463411
5,-0.993034,0.118908
5,0.311329,0.944839
5,-0.985674,-0.172696
5,0.916197,0.375157
5,-0.387972,0.927622
5,-0.687788,-0.727867
5,-0.271814,0.957137
5,0.895075,0.494136
5,0.462304,-0.886379
5,0.894633,0.441679
5,-0.79679,0.587579
5,-0.734283,-0.668305
5,-0.59565,-0.816075
5,0.91639,0.392645
5,0.944476,-0.33434
5,-0.706761,0.691908
5,0.147636,-0.995236
5,0.202218,0.985426
5,-0.66933,0.742703
5,-0.863882,-0.50487
5,0.932695,0.373368
5,0.981548,-0.188712
5,-0.499272,0.865764
5,-0.984067,-0.141344
5,-0.29799,-0.953653
5,-0.0863121,-0.989787
5,0.48092,0.872135
5,0.986986,0.0732325
5,-0.205441,-0.966424
5,0.132698,-0.957163
5,0.625619,0.769767
5,-0.294493,-0.964028
5,-0.0126152,-1.01754
5,1.01737,0.000245082
5,-0.663427,0.744334
5,-0.134331,-0.980596
5,-0.875469,0.489938
5,-1.00357,-0.00175654
5,-0.985238,0.0856665
5,-0.216209,-0.983477
5,-0.865134,0.508984
5,0.703027,0.716394
5,-0.751815,0.660795
5,-0.80791,-0.600781
5,0.978213,-0.0752324
5,-0.917693,-0.364153
5,0.550166,0.818563
5,-0.468906,0.880492
5,0.984071,0.271612
5,0.0147671,-0.995635
5,-0.0386362,-0.975698
5,-0.369982,0.926378
5,0.750649,0.649604
5,0.964529,0.256275
5,-1.00314,0.0793534
5,-0.496706,-0.870314
5,-0.739574,-0.670589
5,-0.0858924,-0.994449
5,-0.791051,-0.60891
5,-0.560662,0.844679
5,-0.98778,-0.0431007
5,0.789959,-0.612792
5,-0.917818,-0.34686
5,0.888362,0.410844
5,-0.728353,0.684309
5,0.971931,-0.217339
5,0.979577,-0.227606
5,-0.785869,-0.610826
5,-0.415472,0.895428
5,0.237751,0.96595
5,0.638706,0.768142
5,0.955666,-0.291925
5,-0.400185,0.908059
5,-0.995626,0.0464579
5,0.0223809,-1.01405
5,0.693766,0.722151
5,-0.51519,0.866692
5,-0.610765,0.801189
5,0.49173,0.889774
5,-0.600689,-0.799478
5,-0.522669,-0.86306
5,-0.987969,0.108906
5,0.71898,0.684183
5,-0.171249,0.986853
5,0.988021,-0.200208
5,-0.831137,-0.57484
5,0.361411,0.9429
5,0.492336,0.852867
5,-0.92342,-0.450082
5,-0.0194278,-1.0009
5,-0.883092,-0.471497
5,-0.265791,0.959375
5,-0.0714247,1.01895
5,-0.526062,-0.820963
5,0.248493,-0.949864
5,0.778528,0.617082
5,0.98715,0.0993434
5,-0.83262,-0.559747
5,-0.689649,0.703609
5,0.965213,0.23292
5,-0.781192,0.599761
5,-0.293298,-0.967056
5,0.856479,-0.544296
5,0.557659,0.851774
5,0.310641,-0.938161
5,-1.00577,-0.0777489
5,0.572529,0.795697
5,0.329085,-0.948827
5,-0.870244,-0.483003
5,0.530799,-0.853786
5,0.973093,-0.278165
5,-0.633847,-0.789221
5,-0.463401,0.901214
5,0.335048,0.934273
5,-0.250555,0.968126
5,-0.366342,-0.92528
5,0.39653,0.916616
5,-0.84472,0.552497
5,0.21548,0.958946
5,0.660005,-0.739425
5,-0.955226,-0.307757
5,0.739143,0.686204
5,-0.909714,-0.431733
5,-0.414013,0.911717
5,-0.989259,-0.195166
5,0.988609,0.110865
5,0.121009,0.994269
5,-0.27335,-0.949121
5,0.929293,0.363477
5,-0.207249,0.992867
5,0.938295,-0.378952
5,-1.00356,-0.0988857
5,0.593905,-0.814706
5,-0.733105,-0.660404
5,-0.759526,0.654522
5,-0.100759,0.986289
5,0.386586,-0.93218
5,0.219012,0.977721
5,-0.743408,-0.667485
5,0.781492,-0.637042
5,0.947753,0.338279
5,0.435341,-0.917518
5,-0.217534,-0.978282
5,-0.292426,0.964822
5,0.803339,-0.619442
5,0.735161,0.691097
5,0.272386,-0.949384
5,0.903929,0.431281
5,0.926967,0.358812
5,-0.193426,0.983168
5,0.614003,0.765058
5,-0.987095,0.217914
5,-0.00523802,1.00679
5,-0.260562,-0.959225
5,-0.993751,-0.032087
5,0.712606,-0.721333
5,-0.0925042,-1.00707
5,-1.00921,-0.0584423
5,-0.963271,0.292191
5,0.830373,-0.596497
5,-0.79317,-0.617515
5,0.53546,0.811673
5,0.892348,0.484859
5,-0.191017,-0.980294
5,-0.943001,-0.329545
5,0.366544,0.918876
5,-0.628017,-0.770132
5,-0.834399,-0.518617
5,0.691257,-0.714083
5,0.73292,-0.660617
5,-0.937363,-0.357322
5,1.00726,-0.0644113
5,-0.654201,0.749451
5,-0.689629,0.728162
5,0.20812,0.989919
5,0.398058,0.919484
5,0.0234704,-1.00555
5,-0.366392,-0.90553
5,-0.993113,0.142897
5,-0.829303,-0.547768
5,0.734067,0.686549
5,0.133556,-0.985707
5,0.844986,-0.559564
5,-0.100883,0.999931
5,-0.683661,0.73302
5,-0.638116,0.772474
5,-1.00805,0.0796747
5,0.588221,0.801581
5,-0.929839,0.40298
5,0.339593,0.973262
5,0.997681,0.0903994
5,0.946052,0.313573
5,-0.603773,0.792053
5,0.592618,0.806863
5,-0.404009,0.894222
5,-0.422199,-0.902619
5,0.513111,-0.859412
5,0.824638,0.571306
5,-0.0602913,-1.01436
5,-0.788276,0.646066
5,0.562665,0.819072
5,-0.758129,0.63644
5,0.470944,-0.875398
5,0.721082,0.684334
5,-0.971461,0.26097
5,-0.951526,0.241078
5,-1.00216,-0.0598524
5,-0.988634,0.152688
5,0.0413037,-0.991747
5,0.387621,0.921948
5,-0.395146,-0.922151
5,-0.42029,-0.910656
5,-0.778194,-0.648254
5,-0.548817,0.805912
5,0.791043,-0.640066
5,-0.596515,-0.791934
5,0.943757,-0.339461
5,0.180967,0.995223
5,0.996003,-0.0758645
5,0.850088,0.525828
5,-0.823176,-0.561498
5,-0.717532,0.703298
5,0.955533,-0.334161
5,-0.99932,0.00168969
5,-0.889929,0.418044
5,-0.976273,-0.117089
5,-0.534387,-0.844763
5,0.98868,-0.131094
5,-0.023423,1.01512
5,0.972442,0.217759
5,-0.764673,0.616837
5,0.611305,-0.783439
5,-0.608073,0.796765
5,-0.0510178,-0.993357
5,-0.677577,0.728419
5,0.299128,-0.947303
5,-0.0686919,0.994507
5,-0.174085,0.991332
5,-0.0865327,1.00072
5,-0.809627,0.608017
5,-0.653494,0.748454
5,0.909158,0.393696
5,0.889916,-0.462506
5,-0.865269,0.523309
5,0.494699,-0.857355
5,0.324276,0.96541
5,-0.928496,-0.372358
5,0.977009,-0.240015
5,0.881225,-0.481255
5,-0.00935389,-0.997745
5,0.750929,0.647102
5,-0.652939,-0.754636
5,1.01705,-0.120183
5,0.972117,-0.246129
5,0.913201,0.387427
5,0.913331,-0.375193
5,0.234537,-0.961828
5,-0.664549,-0.737185
5,0.984021,0.153384
5,-0.0604961,-0.986991
5,0.965488,-0.182855
5,-0.939714,0.325696
5,0.941746,0.397807
5,-0.840562,-0.553565
5,0.889351,0.418855
5,0.548859,-0.825844
5,0.609002,-0.791025
5,-0.886047,-0.425124
5,-0.886868,-0.458695
5,-0.822987,0.553005
5,0.651274,0.755057
5,-0.187767,0.977253
5,-0.523828,0.838805
5,-0.585212,-0.820723
5,-0.734295,0.702855
5,0.9247,-0.377013
5,-0.634631,-0.784935
5,-0.642305,0.781833
5,0.978042,0.170902
5,0.0898448,-0.980253
5,-0.139227,-0.989652
5,-0.957093,0.348738
5,-0.683786,0.713835
5,-0.216635,-0.949149
5,0.317195,0.958265
5,-1.00549,0.0412257
5,0.950728,-0.350992
5,-0.283016,0.980588
5,1.00629,-0.0468918
5,0.563784,-0.826361
5,-0.855483,-0.52442
5,0.0829867,-0.997859
5,0.936656,-0.350192
5,-0.878793,-0.492673
5,0.746292,-0.645907
5,0.122769,0.982442
5,-0.118381,-0.988571
5,-0.95986,0.187454
5,0.422109,-0.914418
5,-0.533315,-0.84168
5,0.998005,-0.112248
5,0.121908,0.980873
5,-0.714468,-0.703141
5,-0.881533,0.457605
5,-0.832084,0.533653
5,0.627361,0.780553
5,1.00771,0.0424311
5,0.0540226,-0.99309
5,0.953519,-0.298948
5,0.519877,0.849377
5,0.902061,0.432319
5,1.01043,-0.0337182
5,-0.719265,0.696041
5,0.513938,0.862188
5,-1.01378,0.112078
5,0.822114,0.566012
5,-0.105794,-1.00442
5,-0.889039,0.440422
5,-1.00075,-0.0739529
5,-1.00447,0.0664901
5,0.627354,0.779237
5,-0.220186,0.965361
5,-0.799936,-0.587299
5,-0.134872,0.98233
5,-0.663525,-0.74595
5,-0.721122,-0.692275
5,-0.641038,0.762385
5,-0.433731,-0.901031
5,-0.879586,0.492472
5,-0.268623,0.971498
5,0.752477,-0.650598
5,-0.0771287,-1.00566
5,-0.882656,0.494481
5,-0.079215,1.00674
5,-0.0723513,-0.999031
5,0.140093,-0.992652
5,-0.858735,-0.51067
5,-0.829846,0.552802
5,-0.322071,-0.950643
5,-1.00384,-0.029592
5,-0.990192,-0.167472
5,0.91938,-0.416848
5,0.0330667,1.00587
5,-0.332902,0.944349
5,-0.886405,-0.459919
5,-0.999918,-0.00193472
5,0.312717,0.950067
5,0.733197,-0.689833
5,-0.47012,-0.895978
5,0.531186,0.855349
5,0.99227,0.0367457
5,0.123636,-0.996809
5,0.499546,-0.8574
5,0.650981,-0.734909
5,-0.798993,0.614965
5,-0.729804,0.70645
5,-0.501206,0.882959
5,-0.95436,-0.358437
5,0.947535,-0.322024
5,-0.681674,-0.731756
5,0.984106,-0.122229
5,-0.968689,-0.25313
5,-0.600591,-0.794945
5,0.99434,-0.174947
5,-0.747882,-0.653945
5,1.00472,-0.0158199
5,-0.317991,0.945208
5,-0.135018,-0.995046
5,-0.185532,-0.984603
5,-0.56764,0.821581
5,0.729323,-0.687151
5,-0.829149,-0.562632
5,0.973939,0.254164
5,-0.842671,0.564949
5,0.924722,-0.390216
5,-0.99636,-0.0539501
5,-0.38982,-0.908088
5,0.566031,0.819096
5,-0.996323,0.193141
5,-0.452801,0.897737
5,0.950433,-0.368595
5,0.897331,-0.441297
5,0.836933,-0.515606
5,0.437865,0.883007
5,-0.986609,0.128423
5,-0.0235904,-0.990165
5,0.525109,-0.840265
5,-0.227197,0.960771
5,-0.95566,-0.326628
5,0.87308,0.482069
5,1.00921,-0.0500676
5,-0.776094,0.620199
5,0.996218,-0.092752
5,-0.203402,-0.987739
5,0.74911,-0.634451
5,-0.700515,-0.722126
5,0.929825,-0.418481
5,-0.770917,-0.63219
5,0.415087,-0.898469
5,0.58166,-0.817093
5,0.188808,-0.985635
5,-0.0904558,0.998759
5,-0.541436,0.834487
5,0.946325,0.27426
5,0.926409,-0.375046
5,0.969232,0.20387
5,-0.976494,0.23643
5,0.922781,-0.375874
5,0.14566,0.99521
5,-0.575509,-0.824796
5,0.244071,-0.967352
5,-0.717593,-0.68695
5,0.82173,-0.560496
5,0.26295,0.962511
5,0.508318,0.858591
5,0.838071,0.546687
5,0.888393,0.446459
5,-0.726388,0.684873
5,0.494549,0.882582
5,-0.310771,-0.953444
5,1.00339,-0.0758678
5,0.593012,0.804197
5,-0.988624,0.139442
5,-0.770604,-0.640561
5,0.439824,-0.903771
5,-0.86018,-0.495166
5,-0.350437,0.937247
5,0.205633,-0.978077
5,-0.149055,0.995156
5,0.928519,-0.371331
5,-0.459558,-0.885147
5,0.699079,0.703458
5,0.77379,0.628856
5,0.453546,0.8919
5,0.0451796,1.00609
5,-0.753555,-0.632932
5,-0.795419,0.60826
5,-0.890786,0.452012
5,-0.672375,-0.732269
5,-0.784468,-0.636906
5,-0.896262,0.471488
5,-0.983604,-0.16718
5,-0.943235,0.353435
5,-0.963195,0.174183
5,0.193948,0.98114
5,0.69529,0.73819
5,0.370583,-0.930401
5,0.967974,0.272106
5,0.209249,-0.968725
5,-0.0785716,-0.988656
5,0.643031,0.748787
5,0.945718,-0.257467
5,-0.025032,0.994425
5,0.370475,-0.91488
5,-0.962899,0.253462
5,-0.00400388,0.987775
5,-0.18137,0.973894
5,0.846245,0.529523
5,0.887757,0.477387
5,-0.152272,0.988849
5,0.652613,0.758362
5,0.384005,0.942236
5,-0.878432,-0.4924
5,0.127132,-0.997312
5,-0.98488,0.0453314
5,-1.00087,0.200893
5,-0.630971,0.77047
5,-0.944966,-0.327348
5,0.817545,-0.556212
5,0.127639,-0.997456
5,-0.229852,0.974714
5,0.532119,-0.83089
5,0.524529,-0.84748
5,0.626002,0.753865
5,-0.234109,-0.953055
5,0.949907,0.343194
5,0.773032,0.624907
5,0.712225,-0.712293
5,0.232232,0.963931
5,-0.463796,0.889046
5,-0.964306,0.269587
5,-0.219046,-0.97531
5,0.782114,0.592508
5,0.957786,-0.324035
5,-0.590126,0.815779
5,0.942568,0.336791
5,-0.858579,-0.529584
5,0.0884906,0.984351
5,0.619337,0.7937
5,-0.790838,-0.620322
5,-0.905217,-0.461154
5,0.00702417,0.987265
5,-0.676202,-0.731581
5,0.91327,-0.447908
5,0.0943127,-1.0036
5,0.63149,0.776311
5,-0.974997,-0.195842
5,-0.316604,-0.944417
5,0.503923,0.870369
5,0.681755,0.705685
5,0.655584,-0.73973
5,0.00387707,-0.984112
5,0.883976,-0.448678
5,0.987321,0.0062649
5,0.933188,0.351289
5,-0.992626,-0.154002
5,0.133352,-0.993761
5,-0.102598,-1.00114
5,-0.994825,-0.159388
5,0.923378,-0.374843
5,0.455276,-0.879468
5,-0.678682,0.723962
5,0.691432,-0.730323
5,-0.821072,0.559365
5,0.230804,0.960131
5,-0.989804,-0.0269068
5,-0.534735,0.837847
5,-0.717334,-0.718136
5,0.747609,-0.682638
5,-0.842399,-0.530707
5,0.957094,0.308173
5,0.86258,-0.472221
5,0.308631,0.937522
5,-0.987461,-0.151908
5,0.660764,-0.763721
5,0.984877,-0.0180222
5,0.934142,0.369048
5,0.205887,-0.987031
5,0.123675,-1.01333
5,0.128149,-0.995016
5,-0.366294,0.93123
5,0.356812,0.950148
5,0.260479,0.965513
5,-0.984876,0.0365256
5,-0.134541,0.990393
5,-0.979168,-0.194962
5,-0.359037,0.944793
5,-0.999542,0.00827747
5,0.146527,-0.988846
5,0.977868,-0.26026
5,-0.628366,-0.771687
5,0.671969,-0.740586
5,-0.00862716,-1.01666
5,0.96824,0.186195
5,-0.201739,0.99132
5,-0.716379,-0.708332
5,0.616903,0.765211
5,1.00263,-0.0806216
5,0.621348,-0.802082
5,0.859539,-0.528806
5,0.157426,-0.982181
5,0.704488,-0.692619
5,-1.00477,0.0984366
5,0.49932,-0.881944
5,0.452691,0.900192
5,-0.28182,-0.970236
5,0.738834,0.658415
5,-0.978257,-0.118684
5,0.92242,-0.291695
5,0.991777,-0.0648232
5,0.997426,0.0938268
5,0.693327,-0.726538
5,0.97394,0.20025
5,0.829551,-0.537259
5,0.990222,0.209467
5,0.913821,0.410864
5,0.366171,0.946047
5,-0.985038,-0.106063
5,-0.925235,-0.39378
5,0.989708,-0.0846285
5,0.914634,0.394203
5,0.662576,0.744827
5,-0.841668,0.533027
5,0.118885,1.00669
5,-0.854975,-0.525971
5,-0.854868,-0.544072
5,0.175682,0.978947
5,-0.347742,0.953836
5,0.302002,0.97076
5,-0.239076,0.949309
5,0.693844,0.72273
5,0.947086,-0.334428
5,0.306322,-0.959912
5,0.548179,0.853648
5,-0.761821,-0.656147
5,0.992673,-0.0577524
5,0.588408,-0.79937
5,0.7065,0.709038
5,-0.908391,-0.451077
5,0.520209,0.844514
5,0.940897,-0.316603
5,0.708046,0.715132
5,-0.904479,-0.472994
5,-1.0139,-0.0681416
5,-0.338672,0.949062
5,-0.810271,0.587748
5,0.295027,0.970423
5,-0.949482,-0.320306
5,0.870129,0.517408
5,-0.00870077,0.98831
5,-0.413119,0.90948
5,-0.0657175,-1.00084
5,-0.324288,-0.948158
5,-1.00164,-0.0431535
5,-0.955201,0.21881
5,-0.240561,0.978411
5,-0.0454599,-0.982216
5,-0.535746,0.849438
5,0.951322,0.34388
5,-0.390069,0.91964
5,-0.635198,-0.784933
5,0.225163,0.972569
5,0.739488,0.687212
5,-0.105489,-0.993414
5,-0.859227,0.476293
5,-0.917475,-0.38323
5,-0.786021,-0.651515
5,0.927671,0.354248
5,-0.986364,-0.184906
5,-0.319412,0.960573
5,-0.978954,0.188077
5,0.829341,-0.564779
5,1.01661,0.0939037
5,-0.507136,-0.854171
5,0.339522,-0.941041
5,0.267823,0.954898
5,-0.346204,-0.954459
5,-0.0311723,-0.987755
5,0.702487,-0.719158
5,0.0753891,1.00344
5,0.439294,-0.908806
5,0.0873261,-0.965373
5,-0.951074,-0.316863
5,-0.990573,0.147856
5,0.942192,-0.324938
5,-0.203398,-0.986321
5,0.175278,-0.990959
5,-0.968365,0.207403
5,-0.0631161,1.0055
5,-0.629189,0.779532
5,-0.174637,-0.973937
5,0.599063,0.810542
5,0.928692,0.362308
5,0.963262,0.28192
5,-0.494602,0.87629
5,0.179712,-0.998157
5,-0.884369,0.485357
5,0.757156,-0.665447
5,0.427397,-0.92154
5,0.0390822,0.997139
5,0.503055,-0.843417
5,0.248429,-0.980462
5,-0.98316,0.167651
5,-0.481641,0.871658
5,-0.985116,-0.226114
5,0.922547,-0.330536
5,0.268426,-0.966075
5,0.915116,0.395731
5,0.923301,0.337386
5,-0.787504,-0.589793
5,0.946608,0.30647
5,0.222734,0.977124
5,0.421878,-0.890571
5,0.340983,-0.943687
5,0.407107,-0.913767
5,-0.703943,0.6999
5,-0.1087,0.970585
5,-0.991336,-0.0648472
5,0.821733,0.594627
5,-0.887988,-0.467847
5,0.418568,0.919495
5,-0.23077,-0.964488
5,0.275996,0.968599
5,-0.408628,-0.917826
5,0.208018,-0.976697
5,-0.990717,0.152591
5,-0.982014,0.17844
5,-0.0903178,0.985537
5,0.979123,-0.24847
5,-0.995889,0.0401877
5,-0.27734,0.967925
5,0.96889,0.265912
5,1.0063,0.021352
5,0.862238,0.501914
5,0.983172,-0.16373
5,0.99826,0.0792283
5,-0.443091,-0.886589
5,-0.6117,-0.781651
5,0.156832,-0.980013
5,-0.889353,0.48388
5,-0.270224,-0.965134
5,-0.986117,0.191789
5,0.979186,0.011983
5,0.971755,-0.0912601
5,-0.144939,-0.97959
5,-0.544584,0.831787
5,-0.124247,-0.985452
5,0.996647,-0.164827
5,-0.967405,-0.194466
5,0.15344,0.996033
5,-0.352895,0.93465
5,0.36588,0.935223
5,-0.580148,0.816116
5,0.231925,-0.966466
5,0.24283,0.958442
5,-0.0148111,-1.00373
5,0.753553,-0.633902
5,0.574169,0.818694
5,-1.0087,-0.0135788
5,-0.132092,0.982745
5,0.362534,-0.922076
5,-0.781839,0.621043
5,-0.946685,-0.323066
5,0.630568,-0.747267
5,-0.94155,-0.343986
5,-0.632546,0.760874
5,-0.187061,-1.00558
5,-0.5245,0.833677
5,0.7377,-0.654731
5,0.872343,0.489484
5,0.942097,0.325752
5,-0.270127,0.963103
5,0.984789,-0.136106
5,0.246263,0.977912
5,-0.915959,0.429198
5,0.942059,0.257711
5,0.766801,-0.636045
5,-0.656222,0.763649
5,-0.0788623,-1.01312
5,0.540507,0.850241
5,-0.96661,-0.225283
5,0.183998,-0.974445
5,0.915135,-0.405558
5,0.144901,-0.993764
5,-0.904161,0.418067
5,-0.448588,-0.883809
5,1.00235,0.136328
5,0.0533535,-0.989804
5,-0.324659,-0.951789
5,-0.925243,0.340447
5,-0.426419,-0.920164
5,0.11386,-0.989529
5,-0.134666,-0.975345
5,-0.907581,-0.375003
5,0.997551,-0.115074
5,0.47296,0.885773
5,-0.986584,0.200292
5,0.562489,0.832799
5,0.991078,-0.123152
5,-0.00721799,-1.00221
5,0.903425,-0.415888
5,-0.824372,-0.601315
5,0.909665,-0.413025
5,-0.984521,-0.159188
5,0.647969,-0.775902
5,-1.00281,-0.171102
5,0.265675,-0.952285
5,-1.00951,0.0744864
5,0.267035,0.981949
5,-0.224261,-0.969222
5,0.464539,-0.888937
5,0.165201,0.986601
5,-0.985492,0.216901
5,-0.821805,-0.561572
5,-0.437947,-0.908564
5,-0.959832,0.284928
5,-0.930308,0.379007
5,-0.553857,0.825314
5,-0.90483,-0.471698
5,0.749425,-0.685471
5,0.964136,-0.288183
5,-0.638398,-0.763787
5,0.709274,0.699354
5,0.769903,0.652299
5,-0.378904,0.929806
5,-0.818213,-0.572555
5,0.89933,-0.441198
5,0.25555,-0.970528
5,-0.0159836,0.995454
5,0.468622,-0.875256
5,-0.662451,-0.768802
5,-0.805422,-0.5777
5,0.0688318,-0.990903
5,-0.999578,0.0876677
5,0.876385,0.479137
5,-0.418289,0.876405
5,-0.329502,0.949559
5,-0.819541,0.567271
5,0.887432,-0.453553
5,0.418925,0.898574
5,-0.721343,0.699749
5,-0.362978,0.934425
5,0.947788,-0.296809
5,-0.730479,0.663126
5,-0.37353,-0.927815
5,0.573646,0.80192
5,0.4437,-0.89174
5,-0.116684,1.01443
5,0.940622,-0.389787
5,-0.405508,0.899062
5,-0.960257,0.24661
5,0.978552,-0.173012
5,0.138581,-0.979811
5,0.773269,-0.645472
5,-0.811752,-0.598319
5,-0.924709,0.373524
5,0.17569,-0.968173
5,0.685318,0.736308
5,-0.286059,-0.968746
5,0.424308,0.918846
5,0.848691,-0.505914
5,-0.467702,0.873492
5,0.934518,-0.385051
5,-0.257697,-0.955136
5,0.981911,0.162172
5,-1.00836,-0.0708662
5,-0.2921,-0.950521
5,-1.00372,-0.0563282
5,-0.363568,-0.927936
5,-0.645754,0.776716
5,0.829225,0.55902
5,0.637564,-0.749874
5,0.770476,0.645609
5,-0.355534,-0.911883
5,-0.947666,0.3318
5,-0.0548148,-0.985005
5,0.88327,-0.443063
5,-0.893834,0.444714
5,0.80515,-0.602431
5,-0.992774,-0.194807
5,-0.763609,-0.653249
5,-0.540432,-0.850476
5,0.297016,-0.963338
5,0.813118,-0.572939
5,-0.834747,-0.54332
5,0.945126,-0.348817
5,-0.4839,-0.885453
5,-0.671252,-0.735366
5,-0.46514,0.887981
5,0.958249,-0.262034
5,-0.960965,-0.296842
5,0.305824,0.944498
5,0.879059,0.447314
5,-0.636522,0.797482
5,0.867056,0.490587
5,0.98655,0.209964
5,0.263686,0.945457
5,-0.547631,-0.84199
5,-0.762733,-0.660158
5,0.502012,-0.842869
5,-0.320838,0.94548
5,0.110899,-0.986861
5,-0.887865,-0.455409
5,-0.194941,-0.954336
5,0.993812,-0.0990513
5,-0.89636,-0.444654
5,0.984629,-0.171455
5,0.976436,-0.226956
5,-0.682366,0.715982
5,-0.91114,-0.422492
5,0.390477,0.93164
5,-0.992497,-0.157181
5,-0.475629,-0.887119
5,-0.26397,0.945817
5,-0.987822,0.165957
5,1.00345,0.0275923
5,-0.930775,-0.316488
5,-0.517395,-0.856508
5,1.00719,0.113745
5,0.0963669,-0.982916
5,-0.427848,0.900253
5,-0.5002,0.873168
5,-1.00773,0.0308679
5,-0.9174,-0.387086
5,0.416157,0.919462
5,-0.947166,0.258559
5,0.981719,-0.258712
5,-0.624415,0.813342
5,-0.674181,0.738094
5,-0.532854,-0.850318
5,-0.529689,0.841985
5,0.891328,0.434152
5,-0.941329,-0.334713
5,0.949628,-0.303786
5,-0.228851,-0.968542
5,0.421772,0.931643
5,-0.313588,0.952527
5,0.793617,0.593855
5,-0.27217,-0.968117
5,-0.193149,-0.97741
5,0.997841,0.130435
5,0.513213,0.85671
5,-0.948768,0.331608
5,-0.191632,0.989284
5,0.724258,0.676817
5,0.87443,0.470785
5,0.633808,-0.785015
5,0.356041,0.933086
5,-0.260239,-0.970346
5,0.331699,-0.940183
5,-0.103348,0.988261
5,-0.686734,0.686004
5,-0.786513,0.613284
5,-0.466081,0.887176
5,0.613922,0.793203
5,0.885951,0.461235
5,0.490162,-0.882229
5,0.818912,-0.579845
5,0.925129,0.384408
5,-0.0862243,-0.998145
5,0.314243,0.938965
5,-0.677284,0.747641
5,0.368932,0.924031
5,-0.958723,0.258183
5,-0.912988,0.38943
5,-1.00481,-0.0611159
5,-0.00384598,0.99212
5,0.735299,-0.668676
5,0.128139,-0.997396
5,-0.990748,-0.161086
5,1.01378,-0.0640074
5,0.624714,-0.794536
5,0.687747,-0.718993
5,0.277516,0.966712
5,-0.368902,0.932752
5,0.710101,0.678749
5,0.994071,0.0997457
5,-0.967566,-0.213324
5,0.466795,0.881839
5,0.976655,0.222326
5,0.592337,0.788456
5,0.820699,-0.546779
5,-0.431223,-0.908883
5,-0.938692,0.350655
5,0.999125,-0.00598993
5,0.79601,-0.606492
5,0.230681,-0.981006
5,-0.546349,-0.871842
5,-0.524072,-0.864146
5,0.386982,0.908218
5,0.0624568,-1.00059
5,-0.657975,0.749814
5,-0.613024,-0.796063
5,-0.233569,0.954438
5,-0.641383,-0.772882
5,0.689253,0.725842
5,-0.741445,-0.661156
5,0.89171,0.420473
5,-0.445275,0.914679
5,-1.00458,-0.146315
5,0.69472,-0.730716
5,-0.874705,0.476102
5,1.01289,0.0417015
5,0.796756,0.582704
5,-1.00847,-0.0413264
5,-0.908277,-0.452791
5,0.652426,-0.756784
5,-0.943877,-0.319524
5,-0.891124,-0.471621
5,0.981948,-0.176959
5,0.0201382,1.00323
5,-0.635298,-0.75927
5,0.705788,0.723635
5,-0.431966,-0.903401
5,-0.274884,-0.942124
5,-0.96318,0.232425
5,-0.700609,0.730239
5,-0.239241,0.981219
5,-0.192799,-0.978731
5,-0.820961,-0.545903
5,-0.948854,0.261056
5,-0.486515,0.866861
5,-0.569794,-0.800525
5,-0.135235,0.988661
5,0.32502,0.959217
5,-0.535038,0.852328
5,-0.668323,0.72312
5,-0.967256,0.214875
5,0.997783,0.207977
5,0.92049,-0.391189
5,0.0944741,0.991176
5,-0.561601,0.824679
5,-0.949402,0.36273
5,0.777607,-0.585371
5,0.59248,-0.795524
5,-0.847872,0.519377
5,0.307693,-0.942531
5,0.496763,-0.865436
5,-0.938814,-0.344528
5,-0.346854,-0.927906
5,-0.999314,-0.142509
5,0.706701,-0.714994
5,-0.333891,-0.951995
5,0.795802,0.612697
5,1.00569,-0.0118491
5,-0.658508,-0.771874
5,0.660481,0.761363
5,-0.509429,0.869353
5,-0.0725291,1.00473
5,-0.670318,-0.740774
5,-0.873979,0.461905
5,-0.897478,0.455184
5,0.84723,-0.515268
5,0.987159,0.124988
5,-0.877003,-0.469565
5,0.79752,0.563287
5,0.669786,-0.771066
5,-1.00356,0.151
5,-0.311933,0.948703
5,0.354386,0.938504
5,0.142873,-0.987806
5,-0.734864,0.692214
5,-0.30654,-0.945711
5,0.998068,0.121024
5,0.920316,-0.368225
5,0.41735,0.914451
5,-0.817576,-0.577001
5,0.598255,0.799159
5,-0.0652136,0.987085
5,-0.981812,-0.208118
5,0.960439,-0.272994
5,0.158395,0.981519
5,-0.0380826,0.995242
5,-0.778306,-0.61794
5,0.843619,-0.528961
5,-0.314264,-0.959743
5,0.18663,-0.983909
5,-0.954647,-0.265431
5,-0.348035,-0.929245
5,1.00601,0.0561144
5,-0.519864,0.855234
5,-0.985912,-0.192624
5,-0.97583,-0.202002
5,-0.455541,-0.892346
5,0.885491,-0.486437
5,0.814923,0.586922
5,0.813589,0.566638
5,-0.452498,0.895674
5,0.720661,-0.68068
5,-0.378252,0.932736
5,0.939833,0.357736
5,-0.999576,0.115152
5,0.692163,0.699763
5,-0.258693,-0.965183
5,-0.645213,-0.773957
5,0.301335,0.939049
5,0.982278,0.137073
5,0.751703,-0.662971
5,0.941307,0.325465
5,0.0423196,-0.991059
5,0.207323,-0.979066
5,0.310879,0.950881
5,0.981761,-0.0404146
5,-0.541948,-0.821202
5,1.00888,-0.0188632
5,-0.912813,-0.392399
5,-0.557142,0.825244
5,0.593403,-0.801351
5,0.933667,-0.376103
5,-0.129654,-0.985294
5,0.950045,-0.350288
5,-0.829926,0.559977
5,0.813084,0.570189
5,0.237767,0.990198
5,0.482346,0.877442
5,0.451556,0.899674
5,0.378924,0.932998
5,-0.89726,0.422402
5,0.7634,-0.649213
5,-0.34734,-0.938012
5,0.769182,-0.645189
5,-0.693869,0.727235
5,0.759706,0.618189
5,-0.834487,-0.536249
5,0.175776,0.98045
5,0.956136,0.305908
5,0.555254,0.839236
5,-0.725405,0.691246
5,0.744105,-0.688372
5,0.409611,-0.909787
5,0.759836,-0.650988
5,0.996714,-0.182378
5,0.84227,-0.525621
5,-0.793826,0.595867
5,0.559175,0.828453
5,0.96553,-0.265484
5,-0.891666,0.469875
5,-0.773594,-0.618609
5,0.17047,-0.981551
5,0.510204,0.852191
5,-0.206929,0.979503
5,-0.981903,0.180313
5,0.94756,0.341995
5,-0.996807,0.14378
5,-0.998426,-0.0724662
5,-0.49844,0.868607
5,0.180317,0.963775
5,0.977629,-0.204563
5,-0.0978347,0.985067
5,-0.230142,-0.988734
5,0.631796,0.766373
5,0.863217,-0.486973
5,1.00171,0.060415
5,-1.01059,0.0441921
5,-0.979077,-0.23059
5,-0.55578,-0.818224
5,-0.673286,0.73175
5,0.586288,-0.785977
5,0.302562,-0.93149
5,-0.949578,-0.26004
5,0.254789,-0.981412
5,0.0613969,-0.990614
5,-0.100718,-0.991411
5,0.224499,0.982719
5,0.99151,-0.173512
5,-0.865749,-0.486305
5,0.890214,-0.479249
5,0.648902,0.742481
5,0.32837,-0.922887
5,0.673944,0.742
5,0.429594,-0.900013
5,0.790837,0.617316
5,-0.631438,0.760017
5,0.964324,0.282394
5,0.996258,0.0971466
5,0.630054,-0.803214
5,0.585401,-0.829975
5,0.571459,0.820032
5,-0.65527,-0.762434
5,0.624678,-0.783311
5,-0.399141,0.926192
5,0.839847,-0.548266
5,-0.499605,-0.881726
5,0.309601,0.954044
5,0.103802,0.985426
5,0.918563,0.376235
5,0.353509,-0.926816
5,0.406397,0.895595
5,0.931187,-0.372868
5,0.3347,-0.966172
5,-0.786842,-0.618155
5,-0.587672,0.805154
5,-0.037107,-0.995749
5,0.990112,-0.0749798
5,-0.888434,-0.416663
5,-0.432273,-0.90281
5,-0.269288,-0.962161
5,0.179918,0.97076
5,0.474413,-0.892702
5,0.436512,0.917421
5,0.938729,0.333329
5,0.298239,-0.96498
5,-0.0897869,0.993852
5,0.815979,0.577122
5,-0.162198,-0.968749
5,-0.86867,-0.47029
5,-0.486345,0.882577
5,-0.933548,0.313232
5,0.773041,-0.633889
5,0.00452146,-1.00644
5,0.96389,0.280381
5,-0.669129,0.743359
5,0.970926,0.220901
5,0.108564,-1.00305
5,0.921001,-0.396066
5,0.883545,0.499532
5,-0.0889575,0.994413
5,0.911742,0.381493
5,-0.153146,0.979794
5,-0.905156,-0.434564
5,0.728997,-0.681528
5,-0.999439,-0.113405
5,-0.408461,0.912088
5,0.443104,0.895216
5,-0.95821,0.313941
5,-0.709822,-0.705771
5,-0.35632,0.950106
5,0.810382,-0.563733
5,0.999237,-0.0466636
5,0.43414,-0.908981
5,0.944256,-0.314779
5,0.990256,0.188355
5,0.580593,-0.819947
5,0.921886,-0.379125
5,-0.826409,0.559113
5,-0.261425,0.964222
5,0.232396,-0.980883
5,0.889159,-0.433917
5,0.324135,-0.948448
5,0.803771,0.575922
5,-0.270868,0.976872
5,0.864957,-0.50633
5,-0.822549,0.538275
5,-0.754585,0.619679
5,-0.950734,-0.304241
5,-0.424539,-0.892849
5,0.245289,-0.963365
5,0.947944,0.302156
5,0.421121,0.912706
5,0.759734,-0.650394
5,-0.64312,-0.782365
5,-0.695002,0.751351
5,-0.49536,-0.880003
5,-0.667829,-0.772923
5,-0.808499,0.629164
5,0.479913,0.862381
5,-0.361125,0.921393
5,1.00738,0.0262223
5,-0.791677,-0.56737
5,0.562397,-0.816569
5,-0.824181,-0.588566
5,0.395707,-0.926785
5,-0.00366239,-0.996554
5,-0.990256,-0.103007
5,-0.940643,-0.333018
5,-0.836471,-0.59222
5,0.36916,0.940287
5,-0.923568,0.416119
5,0.855033,0.534088
5,0.415354,0.907888
5,0.840579,0.557017
5,0.13876,-0.965579
5,0.0520883,-1.01895
5,-0.736591,0.685328
5,-0.578265,0.805677
5,0.271348,0.960812
5,0.236642,-0.985719
5,-0.581029,-0.800749
5,0.984725,0.0843251
5,0.00468864,1.00228
5,-0.147688,-0.986538
5,0.856372,0.501765
5,-0.84134,-0.540037
5,0.647484,-0.732926
5,0.441266,0.914039
5,0.202789,-0.984105
5,-0.924153,0.41462
5,0.690239,0.732507
5,0.949814,0.283461
5,-0.653294,0.765184
5,-0.0969355,0.989241
5,0.458906,0.892222
5,0.408677,-0.915103
5,-0.355277,0.930582
5,-0.863899,0.520028
5,-0.955062,0.310938
5,0.961538,-0.311448
5,0.25951,-0.951993
5,-0.932567,-0.325992
5,-0.627096,-0.795662
5,0.980539,0.134885
5,0.842081,-0.564539
5,-0.579856,-0.836783
5,-0.365905,0.936667
5,1.00847,-0.105129
5,-0.81712,-0.565881
5,-0.790352,0.594956
5,0.712786,-0.702579
5,1.01024,-0.0101775
5,0.139731,1.00311
5,0.417962,0.907858
5,-0.447365,0.888942
5,-0.8458,-0.53557
5,0.790303,-0.57925
5,0.784701,-0.616998
5,0.847914,-0.484947
5,0.843485,0.574213
5,-0.559882,-0.835464
5,-0.908765,0.44803
5,0.981584,0.100909
5,-0.503442,-0.886849
5,-0.999585,-0.0425026
5,0.770199,-0.624071
5,-0.689005,-0.722983
5,0.998756,-0.0540573
5,0.0553888,-0.994569
5,-0.0531457,-1.00697
5,0.9923,0.0421022
5,0.677772,0.768078
5,-0.959038,-0.274036
5,-0.162715,-0.990005
5,-0.999536,0.121786
5,-0.656078,-0.742969
5,0.776525,-0.606904
5,-0.851564,0.497537
5,0.907763,0.395661
5,-0.990097,0.0690797
5,0.989175,-0.0578259
5,-0.865269,-0.509701
5,0.844667,0.550738
5,0.953555,-0.319167
5,-1.00043,0.0391185
5,0.358085,-0.937263
5,0.272913,-0.949609
5,0.986049,-0.100549
5,0.91603,0.429663
5,-0.245428,0.960656
5,0.887365,0.441106
5,-0.821833,0.600396
5,0.576495,-0.820892
5,-0.751954,0.682838
5,-0.739225,-0.680644
5,0.758085,0.666029
5,0.683273,-0.733042
5,-0.283682,0.968839
5,-0.476884,0.879517
5,0.516409,-0.875729
5,-0.948211,0.376977
5,-0.711821,-0.703521
5,0.415309,-0.922355
5,0.1677,0.99109
5,0.967419,0.240887
5,-0.685428,0.715704
5,0.0306916,0.995138
5,-0.908093,-0.403855
5,0.111497,-1.01301
5,0.363732,0.93811
5,-0.938879,0.345175
5,0.714927,-0.712431
5,-0.204793,0.987408
5,-0.94523,-0.323908
5,0.168084,-0.994392
5,-0.320575,-0.939567
5,-0.981702,0.207982
5,0.224024,-0.982697
5,-0.928587,-0.373391
5,0.969145,-0.152415
5,0.685322,0.733037
5,-0.424525,-0.911754
5,-0.441015,0.891067
5,1.0036,0.067882
5,-0.23121,-0.959931
5,0.977063,-0.309863
5,-0.474298,0.892687
5,-0.842947,0.518775
5,-0.770824,-0.617448
5,-0.348273,-0.929222
5,0.599559,0.796708
5,0.937823,0.347244
5,-0.583717,-0.823508
5,0.17847,-0.976869
5,-0.994897,0.00984701
5,-0.908721,0.41161
5,-0.980826,-0.144609
5,0.198511,0.981923
5,1.0089,-0.127735
5,-1.00563,0.0340789
5,0.838895,0.578109
5,0.98189,0.18292
5,0.979219,0.102289
5,0.996725,0.103752
5,-0.399604,-0.907271
5,0.978663,0.255759
5,0.567333,0.827828
5,-1.00405,-0.0836725
5,-0.682962,0.744597
5,0.438437,0.884189
5,0.426232,0.888699
5,-0.380895,0.927708
5,-0.0434719,1.00115
5,0.721328,-0.713538
5,-0.992451,-0.0366801
5,0.997132,-0.0727455
5,-0.677387,0.736288
5,0.299271,0.961301
5,0.086587,-0.980663
5,-0.40137,-0.921721
5,-0.918005,-0.35111
5,-0.480803,0.846675
5,0.950047,-0.246589
5,-0.941824,0.297435
5,-0.0881846,-0.973306
5,-0.989545,-0.1095
5,-0.924589,0.389312
5,-0.408801,-0.902233
5,-0.0494387,-0.975599
5,0.905171,-0.430958
5,-0.67255,0.766542
5,-1.01153,-0.00114864
5,-0.173849,-0.978988
5,1.0035,-0.148185
5,0.291453,-0.963533
5,0.410276,-0.919713
5,-0.544634,0.803125
5,-0.951936,-0.36017
5,0.16855,0.989941
5,-0.58241,0.815449
5,0.966637,-0.300448
5,0.991531,0.161015
5,-0.920924,0.383981
5,0.963121,-0.271819
5,0.343699,-0.930638
5,0.968352,0.251087
5,-0.902567,-0.459556
5,0.466196,0.889254
5,-0.43042,-0.901067
5,0.848058,0.512425
5,-0.595195,0.796923
5,-0.374165,0.943807
5,0.48261,0.860483
5,-0.358699,0.937869
5,0.435364,0.899845
5,-0.853197,0.489873
5,-0.226605,-0.970941
5,0.384552,0.910435
5,0.663433,-0.733642
5,-0.0815917,1.00848
5,-0.770988,0.619827
5,-0.0626897,-0.977763
5,0.851014,0.564179
5,0.450738,-0.90596
5,-0.673217,-0.734867
5,-0.436536,0.896958
5,0.988053,0.104424
5,0.842997,0.522192
5,0.745915,-0.691899
5,-0.973299,0.238604
5,-0.987435,-0.174657
5,-0.614756,-0.77891
5,-0.111965,-1.00752
5,-1.00955,0.0349509
5,0.977646,-0.189596
5,-0.923256,0.306157
5,0.552899,-0.836071
5,-0.90773,0.421438
5,-0.0568747,0.993143
5,-0.935894,0.353972
5,0.956086,-0.275357
5,-0.795966,-0.598508
5,0.51816,-0.858329
5,0.97644,-0.243953
5,-0.82764,0.521051
5,-0.962015,-0.311005
6,-0.965497,-0.253421
6,0.878563,-0.456032
6,0.489546,0.870068
6,-0.94977,0.295211
6,-0.204264,-0.9947
6,0.662085,-0.745028
6,-1.00859,-0.166874
6,-0.16869,-0.981978
6,0.819777,0.539476
6,-0.731986,0.677635
6,0.914241,-0.377238
6,-1.02682,0.0254549
6,0.444749,0.8973
6,-0.11503,0.982158
6,0.972623,-0.213818
6,0.864555,-0.471096
6,-0.876636,-0.494145
6,0.811155,-0.579686
6,-0.94398,0.312397
6,-0.656597,0.777972
6,-0.849044,-0.521353
6,0.44716,-0.90698
6,-0.312793,0.962236
6,-0.31812,0.947349
6,-0.739189,-0.680576
6,0.973747,-0.269365
6,-0.431164,0.923109
6,-0.996752,-0.0209395
6,-0.980716,-0.172888
6,0.576732,0.821442
6,-0.147561,0.975441
6,-0.350284,-0.91012
6,0.982261,0.153425
6,0.995796,0.0534269
6,0.76768,0.607499
6,-0.05571,-0.9927
6,0.208517,-0.990946
6,1.00202,0.0452501
6,-0.791376,-0.641268
6,0.241933,-0.959684
6,0.0218728,1.00938
6,-0.298064,-0.970193
6,0.912736,-0.436928
6,0.92999,-0.394222
6,0.727584,-0.684169
6,0.818422,-0.558762
6,0.773095,0.633505
6,0.988742,-0.159911
6,0.54401,-0.819529
6,-0.660154,-0.751847
6,-0.627645,-0.788837
6,-0.423909,0.907395
6,1.01062,-0.018524
6,-0.403086,-0.919786
6,0.514552,-0.852505
6,-0.497213,0.874936
6,0.889427,0.476388
6,0.993927,0.127128
6,0.817469,0.59404
6,0.851915,-0.488417
6,-0.896151,-0.426129
6,0.388011,0.917117
6,0.0324149,0.979665
6,-0.413383,0.913868
6,-0.777297,0.621714
6,-0.287611,-0.958419
6,-0.797306,-0.594361
6,0.657692,-0.74262
6,0.491969,0.878645
6,0.851601,0.494614
6,-0.291462,0.958683
6,0.936708,-0.330631
6,-0.944916,0.329982
6,-0.071898,0.992755
6,-0.289345,-0.964323
6,0.296714,0.939994
6,0.187963,-0.963588
6,0.101616,0.984266
6,-0.917343,-0.381577
6,0.941613,0.336287
6,0.976533,-0.202345
6,-0.312604,-0.947793
6,0.736113,0.67275
6,-0.996534,-0.0667916
6,-0.863655,-0.471625
6,0.991682,0.190111
6,-0.986967,-0.075768
6,-0.183639,0.994103
6,-0.0390866,0.9836
6,-0.104085,-0.998811
6,-0.131895,-0.998121
6,0.955613,-0.247938
6,-0.666782,0.722917
6,0.790832,-0.614797
6,-0.220441,0.975232
6,0.009633,0.979383
6,0.767785,0.632098
6,0.597527,-0.797207
6,-0.893129,-0.444427
6,0.653523,-0.74549
6,0.0864288,-1.00345
6,0.673369,-0.741521
6,-0.599641,0.793034
6,0.244677,-0.978472
6,0.173885,-0.956513
6,-0.262907,0.960647
6,-0.190348,-0.990661
6,-0.193703,-0.980599
6,-0.477323,-0.867932
6,0.99024,-0.156471
6,0.914479,-0.415346
6,0.997295,0.0236059
6,-0.147153,0.984941
6,0.849751,0.547522
6,-0.241915,0.98849
6,0.544868,-0.86148
6,0.38639,-0.927478
6,0.951504,-0.382476
6,0.489163,-0.870149
6,-0.864096,-0.517769
6,-0.371143,0.913313
6,-0.506125,-0.837178
6,0.867616,-0.517876
6,0.842795,-0.546378
6,0.74128,-0.661089
6,-0.186662,-0.995528
6,0.5796,-0.815143
6,-0.460269,0.891594
6,0.715162,-0.679625
6,-0.589635,0.835649
6,-0.977529,0.121191
6,0.907955,0.414459
6,0.98407,0.13369
6,-0.328435,-0.956617
6,-0.613096,-0.787181
6,-0.0982026,1.00522
6,-0.00676369,0.998841
6,-0.878327,-0.437715
6,-0.290309,-0.968476
6,0.985546,-0.152618
6,-0.816558,-0.583514
6,-0.925593,-0.378091
6,-0.265182,0.949448
6,-0.774858,0.642349
6,1.00466,0.135305
6,-0.912381,-0.442919
6,-0.0641572,-0.987624
6,-0.7276,0.674531
6,-0.792085,-0.633656
6,0.210826,0.980512
6,0.32716,0.941668
6,-0.970142,0.215441
6,-0.421108,-0.909831
6,-0.457115,-0.891981
6,0.754677,0.647244
6,0.784421,-0.616033
6,-0.187381,0.970674
6,-0.632365,0.770055
6,-1.01522,-0.00627188
6,0.984678,0.20821
6,-0.265115,0.96954
6,0.592826,0.800456
6,0.79127,-0.604804
6,-0.0725033,1.0008
6,0.947811,-0.328615
6,0.984009,-0.166984
6,-0.15646,0.99664
6,0.316847,-0.973774
6,0.951264,0.365039
6,0.932022,0.316021
6,0.98634,-0.118212
6,0.958067,-0.305794
6,0.449919,-0.884716
6,-0.779801,-0.624962
6,0.99157,0.177446
6,0.837537,-0.533563
6,-0.985918,-0.205823
6,0.402575,-0.893591
6,0.422213,-0.906499
6,0.657884,0.744602
6,0.0227835,-0.996142
6,0.986975,-0.176517
6,-0.904719,0.412411
6,0.805414,0.601927
6,0.282732,0.946688
6,0.258866,0.973126
6,-0.604221,-0.80146
6,-0.982945,-0.143682
6,0.385389,-0.933851
6,-0.844137,0.520643
6,0.998974,-0.0923941
6,-0.596495,0.815267
6,-0.879838,-0.476473
6,-0.191625,-0.960967
6,0.296225,0.947254
6,0.506511,0.855211
6,-0.434893,0.912494
6,-0.423082,0.907661
6,0.880213,-0.48727
6,-0.42598,0.905437
6,0.611553,-0.769748
6,0.24013,0.984925
6,0.596628,0.797478
6,0.353688,0.930977
6,0.159335,-0.995191
6,0.93536,-0.278089
6,-0.0634341,-1.00086
6,-0.870017,-0.528342
6,0.719261,-0.701153
6,0.550464,-0.848886
6,-0.518442,0.853824
6,-0.982503,-0.195918
6,0.979226,0.202589
6,-0.443123,-0.895964
6,0.745864,0.680761
6,0.593698,-0.827804
6,-0.912414,-0.411104
6,0.729743,-0.697117
6,0.134433,0.990033
6,-0.950567,-0.332624
6,-0.67871,0.733757
6,0.255481,0.959503
6,0.784938,0.62205
6,0.772494,0.631339
6,0.979828,0.220594
6,0.707617,-0.713429
6,-0.847261,0.574086
6,0.276099,-0.977484
6,0.519441,0.895995
6,0.651793,-0.743783
6,0.913447,0.393041
6,-0.976381,0.184232
6,0.694674,0.71144
6,-0.224679,-0.959499
6,-0.691481,-0.744172
6,0.84798,-0.533934
6,0.861986,-0.509186
6,0.747392,-0.684472
6,-0.36363,0.937168
6,-0.847551,0.547182
6,-0.773172,-0.641398
6,-0.142274,-0.980861
6,-0.85859,0.502869
6,0.873062,-0.475832
6,0.969005,-0.246261
6,0.0962792,-1.00814
6,-0.218906,0.957751
6,0.37545,-0.917771
6,-0.410015,-0.91951
6,-0.315477,0.955257
6,-1.00847,0.149139
6,0.440827,0.891194
6,0.53353,-0.84613
6,0.689796,-0.709913
6,-1.01487,0.138085
6,1.00163,0.0786466
6,0.615072,0.789388
6,-0.452105,0.894468
6,0.38289,0.928261
6,0.929146,0.360199
6,0.522773,0.859162
6,0.973646,0.296958
6,0.396337,0.910639
6,-0.594198,0.817419
6,-0.114739,-0.992752
6,-0.925076,-0.351906
6,0.991291,0.01484
6,0.938297,-0.346719
6,0.718574,0.679855
6,-0.846391,-0.550063
6,-0.802884,-0.567531
6,-0.0701017,0.98799
6,-0.598414,0.812906
6,0.996602,-0.103157
6,0.609484,-0.79205
6,0.904015,-0.388062
6,0.870143,-0.520756
6,-0.497414,-0.874221
6,-0.964995,0.247119
6,-0.916882,0.380312
6,0.238011,-0.96656
6,0.0304635,1.00097
6,0.928494,0.367982
6,-0.963428,-0.278387
6,-0.963443,0.23288
6,-1.01718,-0.0049229
6,0.0409939,0.991251
6,-0.966191,0.244917
6,-0.982231,-0.238229
6,0.346694,0.943958
6,-0.478911,-0.868016
6,-0.705416,-0.716929
6,-0.687932,0.69755
6,0.884984,-0.45943
6,0.905309,-0.410644
6,0.676111,0.705123
6,-0.320697,0.958273
6,-0.619356,-0.793653
6,-0.279381,0.977725
6,-0.684103,0.720584
6,0.992539,0.0931205
6,0.806194,0.588903
6,-1.00148,0.0674842
6,-0.850327,-0.535929
6,-0.421868,-0.900248
6,-0.878422,0.453039
6,-0.956806,-0.292786
6,-0.18854,0.990894
6,0.956053,0.323946
6,-0.268662,0.945354
6,-0.649607,0.744303
6,-0.974951,0.174978
6,-0.705226,0.723826
6,-0.112079,0.992269
6,-0.987762,0.111384
6,0.827782,-0.579777
6,-0.711265,0.684134
6,0.99949,-0.0546511
6,0.572804,0.838018
6,0.90068,0.417362
6,0.264169,0.957384
6,0.941161,-0.323813
6,-0.986536,0.18803
6,-0.942193,0.357288
6,-0.83674,-0.555756
6,-0.882308,-0.464742
6,0.177882,0.994281
6,-0.351689,-0.930111
6,0.775016,-0.620978
6,-0.824565,-0.573844
6,0.372909,-0.912919
6,-0.480961,0.884169
6,-0.951331,-0.318545
6,1.00813,-0.129
6,0.255238,-0.963714
6,-0.398297,0.915323
6,-0.867973,0.482331
6,0.847147,0.524728
6,-0.747483,0.654841
6,0.386144,-0.916248
6,-0.344375,-0.939837
6,0.654567,-0.744617
6,-0.683329,0.716349
6,-0.845975,0.530559
6,0.478494,0.877525
6,-0.483926,-0.859448
6,0.243623,-0.954107
6,0.967169,-0.235829
6,1.00965,0.0484173
6,0.988019,-0.0589781
6,0.936211,-0.316186
6,-0.99967,-0.121004
6,0.941023,-0.345643
6,0.482596,0.867574
6,0.45695,0.889094
6,0.77986,0.614857
6,0.689698,0.724527
6,-0.843646,0.54188
6,-0.278887,0.965327
6,0.382127,0.929267
6,0.582961,-0.828868
6,-0.626099,0.770737
6,-0.935897,-0.369821
6,-0.393752,0.917405
6,0.689147,0.727026
6,0.186214,-1.00393
6,-0.15997,-0.99205
6,0.992509,0.17634
6,-0.950415,-0.284845
6,-0.605895,0.809197
6,0.734419,-0.670123
6,0.690361,-0.738617
6,-0.868068,0.497301
6,-0.253023,0.978798
6,0.273915,0.937375
6,0.867024,-0.500176
6,-0.684466,-0.732698
6,0.261093,-0.954951
6,-0.998096,0.222932
6,0.621811,0.778792
6,-0.703372,-0.710845
6,-0.905009,0.46985
6,-0.887139,0.441204
6,0.959417,0.284231
6,-0.792489,-0.622023
6,0.450558,0.891475
6,0.790406,0.614326
6,0.733965,-0.685708
6,-0.728155,-0.656533
6,0.533438,0.837474
6,0.961395,-0.293837
6,0.812294,0.566173
6,0.518916,-0.818511
6,-0.498684,0.874797
6,-0.0422477,1.00948
6,-0.861952,0.531348
6,-0.0617099,-1.00318
6,0.909545,-0.367954
6,0.974158,0.20026
6,0.104321,0.995293
6,-0.558407,-0.845451
6,0.0129439,-0.990578
6,-0.65435,-0.775062
6,-0.906228,0.414878
6,-0.151265,-0.983595
6,0.971001,-0.2495
6,0.867547,-0.519853
6,-0.926377,-0.376943
6,-0.99807,0.038445
6,0.960859,-0.250034
6,-0.682396,0.735788
6,-0.779621,0.608844
6,-0.0540671,0.998669
6,-0.531035,0.841587
6,-0.516595,-0.858742
6,0.451877,-0.873178
6,-0.23897,-0.979444
6,0.870691,0.521275
6,0.641428,-0.747024
6,0.537794,0.843943
6,-0.501837,-0.876843
6,-0.326503,-0.938739
6,0.927844,0.398406
6,0.459535,-0.860142
6,0.72761,-0.700365
6,-0.913963,0.385174
6,0.793505,0.608579
6,0.530804,0.844993
6,-0.0219474,-1.00763
6,0.985599,-0.0788268
6,0.472204,0.894172
6,0.96307,-0.317409
6,-0.976353,0.201941
6,-0.960158,-0.33116
6,0.989559,-0.0795997
6,-0.0332496,1.01495
6,0.185667,-0.972068
6,0.683582,0.753753
6,-0.955012,-0.252379
6,-0.807827,-0.590139
6,-0.250577,0.963895
6,-0.928254,0.378636
6,-0.998869,-0.0115897
6,0.236521,-0.987778
6,-0.956388,-0.304819
6,1.002,0.00277034
6,-0.442851,0.904654
6,0.334071,-0.925156
6,-0.156307,0.966434
6,0.896961,0.41975
6,-0.000728544,0.986051
6,-0.860855,0.506575
6,-0.341095,0.933432
6,0.583949,0.811175
6,0.9733,0.260012
6,-0.789191,-0.63479
6,-0.565013,-0.824964
6,0.491784,-0.881561
6,0.526795,-0.846842
6,0.828247,0.534433
6,-0.952733,-0.317985
6,0.713416,0.680389
6,0.981252,0.0914139
6,-0.519798,-0.862407
6,-0.0746702,0.996246
6,0.946303,0.280469
6,0.199974,-0.971668
6,-0.339042,0.922431
6,0.357205,0.948165
6,-0.957203,-0.282863
6,-0.996715,0.0214526
6,0.789031,0.595695
6,0.862637,-0.51045
6,-0.124915,1.02149
6,0.598707,-0.798944
6,-0.479106,-0.887433
6,0.800885,-0.587926
6,0.929155,-0.351126
6,-0.780355,0.60892
6,-1.00124,-0.0438606
6,-0.664507,0.741205
6,0.401007,0.932844
6,-0.614557,-0.781827
6,0.90662,0.4177
6,-0.901067,0.433868
6,-0.578096,-0.834481
6,-0.990061,-0.0756041
6,-0.535067,-0.836958
6,-0.960309,-0.317142
6,-0.519815,-0.849295
6,0.49045,0.864301
6,0.856345,-0.519721
6,-0.859148,0.503431
6,0.15535,-0.99106
6,0.472871,-0.882625
6,0.00951668,-1.00172
6,-0.0482906,1.00221
6,0.268126,0.971841
6,-0.802035,-0.599294
6,0.101315,-1.00564
6,0.920182,0.386776
6,0.445226,0.914482
6,-0.821745,-0.552835
6,1.00829,-0.0407824
6,0.963227,0.189092
6,0.986951,-0.108263
6,-0.996067,-0.205946
6,-0.387744,0.911591
6,0.919142,0.399981
6,-0.873646,-0.501176
6,0.2811,0.97229
6,0.849038,0.534269
6,-0.989992,0.170866
6,-0.490779,-0.896979
6,0.952761,0.286326
6,-0.98175,0.208749
6,0.178356,-0.994493
6,-0.0242619,1.01526
6,-0.451033,0.893304
6,0.154986,1.0019
6,-0.752311,-0.658502
6,-0.676404,-0.73353
6,0.831237,-0.55763
6,0.631825,0.787649
6,0.985928,0.17652
6,-0.9929,-0.0364727
6,0.998466,-0.169546
6,0.933601,0.315834
6,-0.283002,-0.976079
6,-0.652258,-0.766213
6,-0.775849,0.652728
6,0.494395,0.881124
6,0.418018,0.91252
6,-0.547258,-0.827813
6,0.900183,-0.430389
6,0.320317,-0.942106
6,-0.862721,0.505389
6,-0.419364,-0.910588
6,-0.560151,-0.859211
6,-0.435377,-0.895029
6,0.944052,-0.332658
6,-0.898165,0.465058
6,0.615628,0.795592
6,-0.45509,0.871964
6,-0.478061,0.85521
6,-0.90064,0.414205
6,0.12672,0.984824
6,0.480528,-0.890175
6,0.8888,0.476657
6,0.991975,-0.137611
6,0.19747,0.987555
6,0.540634,-0.824714
6,-0.464715,0.88497
6,-0.940843,0.303373
6,-0.581119,-0.818173
6,0.322622,0.944756
6,-0.901816,-0.432077
6,0.895335,-0.473582
6,0.0510306,-0.993649
6,0.992901,0.073416
6,0.643541,-0.783985
6,-0.860938,-0.523386
6,0.966718,0.257601
6,-0.136728,-0.987441
6,0.890929,0.41235
6,0.861083,0.500929
6,0.0937938,-0.987888
6,-0.774682,0.592823
6,-0.573402,-0.799631
6,-0.907686,-0.436682
6,-0.897572,-0.468836
6,-1.00993,-0.0613245
6,0.665057,-0.753974
6,-0.195097,0.993691
6,0.486123,-0.868147
6,-0.783669,0.645956
6,-0.827556,-0.536796
6,-0.422965,0.904766
6,0.57737,-0.81252
6,-0.947273,0.31802
6,0.216321,0.997968
6,0.144437,-0.985271
6,-0.329766,0.920191
6,-0.655188,-0.765249
6,-0.951008,-0.329114
6,1.00744,-0.000820623
6,-0.986242,-0.17049
6,0.601297,-0.802267
6,0.996933,0.0393057
6,-0.908091,-0.423311
6,0.402664,-0.91991
6,-0.915548,-0.405304
6,-0.324077,-0.935942
6,0.85937,0.505961
6,-0.897766,0.392811
6,-0.687753,0.735965
6,0.657192,0.723863
6,0.911242,0.388755
6,-0.0459997,-0.99497
6,0.926564,-0.337376
6,-1.00503,-0.0253488
6,0.191783,-0.969698
6,-0.846003,0.548603
6,-0.5217,0.863441
6,-0.468496,0.901208
6,-0.545469,0.827493
6,-0.996627,-0.0801406
6,0.985808,-0.217666
6,0.296162,-0.951487
6,0.591289,0.811657
6,-0.128311,0.992172
6,-0.974586,-0.109975
6,-0.118809,-1.00059
6,-0.63038,-0.795088
6,-0.90139,-0.407065
6,-0.406972,0.932841
6,0.785004,0.63116
6,-0.775285,0.598949
6,-0.515507,0.866421
6,0.647443,0.751125
6,-0.293083,0.948708
6,-0.20445,-0.953109
6,-0.838948,-0.52276
6,-0.986245,-0.0631665
6,-0.899173,0.451385
6,-0.997092,0.086253
6,-0.567576,0.83235
6,-0.673151,-0.730451
6,-0.701895,-0.710541
6,-0.951074,0.33104
6,0.944381,-0.304555
6,0.809418,0.592012
6,-0.908117,-0.457073
6,-0.50695,-0.868669
6,0.458562,0.89799
6,-0.514745,-0.863149
6,-0.984612,0.195111
6,-0.944272,-0.312273
6,0.963562,-0.283841
6,-0.282415,-0.961516
6,0.992166,-0.0431121
6,0.988299,0.0995516
6,0.796046,0.61435
6,0.691848,-0.714772
6,-0.920873,-0.405735
6,0.93863,-0.356167
6,0.946179,-0.297657
6,1.02419,-0.0447058
6,0.557959,-0.822563
6,-0.430554,-0.892554
6,0.864302,0.504676
6,-0.603539,-0.796887
6,0.186079,-0.974387
6,-0.838229,-0.573325
6,0.983974,-0.189339
6,-0.616466,0.793036
6,-0.211363,-0.996055
6,-0.676455,-0.72252
6,1.00916,-0.132363
6,-0.0299743,-0.987119
6,-0.984111,0.187614
6,0.875379,0.522199
6,-0.750448,0.64624
6,-0.164376,-0.982556
6,-0.184311,-0.976854
6,0.244865,0.98511
6,-0.8995,0.449211
6,-0.994302,0.105881
6,-0.191701,0.969342
6,0.4204,0.904202
6,-0.146154,0.994708
6,0.865601,0.523467
6,0.401715,-0.902185
6,0.914523,0.457528
6,0.517316,0.838924
6,-0.188404,0.976547
6,-0.99573,0.0341856
6,-0.992852,0.0665619
6,0.959652,0.324691
6,-0.345228,-0.939144
6,-0.643002,-0.767386
6,0.875767,-0.450151
6,0.237639,0.963052
6,-0.153693,0.984421
6,-0.963095,0.217367
6,-0.66145,0.742195
6,0.730925,-0.70634
6,-0.0640715,-1.01236
6,0.908784,0.409766
6,-0.983279,0.00517619
6,-0.183253,0.984005
6,1.00389,0.00104207
6,-0.987258,0.089684
6,-0.581198,-0.808077
6,-0.478712,-0.899572
6,-0.825564,0.561579
6,0.729988,0.686252
6,-0.539357,0.833976
6,-0.937009,-0.349059
6,0.0167565,1.00548
6,0.778446,-0.652242
6,-0.0251105,-0.996197
6,-0.458594,-0.898726
6,-0.491092,-0.889851
6,0.793796,-0.595453
6,-0.536409,-0.818638
6,-0.551131,-0.829115
6,0.736303,-0.695292
6,-0.700414,-0.723277
6,0.165043,-0.977746
6,-0.964798,-0.28466
6,0.880747,-0.470349
6,0.646157,-0.772897
6,0.334714,0.932256
6,-0.841796,0.531185
6,-0.205976,-0.993662
6,0.250004,-0.981967
6,-0.0947111,-1.00874
6,0.676606,-0.762698
6,-0.924644,-0.378726
6,0.82989,0.577006
6,-0.611347,0.770144
6,0.790386,-0.61201
6,0.836085,-0.531553
6,-0.980229,-0.0176544
6,-0.105061,0.990752
6,0.624165,0.774784
6,-0.875959,0.487985
6,1.00108,-0.0155599
6,-1.00928,-0.0606938
6,-0.316612,-0.961648
6,0.925412,0.380783
6,0.710365,0.728324
6,-0.192776,1.00553
6,-0.98914,-0.0895467
6,-1.01429,-0.00761329
6,0.954394,-0.270244
6,-0.464103,0.865529
6,-0.817565,-0.572048
6,0.755185,-0.640788
6,0.893739,-0.445494
6,0.937664,0.343408
6,0.375319,0.932847
6,-0.0454449,0.978754
6,-0.985501,0.0433897
6,-0.988945,0.119504
6,0.971403,-0.231117
6,-0.147475,-1.01784
6,0.49052,-0.87114
6,0.700343,-0.703045
6,-0.984215,-0.0285117
6,-0.716962,0.686031
6,-0.012286,1.01253
6,0.945915,-0.275022
6,0.564161,-0.836194
6,-0.513159,0.861477
6,0.709751,-0.685712
6,0.920782,-0.429206
6,-0.637063,0.758335
6,0.990499,0.0353402
6,-0.141685,-0.997232
6,-0.0576356,0.993496
6,-0.942275,0.341271
6,0.982349,-0.232963
6,-0.297168,0.923157
6,-0.989489,0.150669
6,0.511342,0.832162
6,-0.906388,0.435874
6,-0.452156,-0.888887
6,-0.674263,0.714663
6,0.649367,0.745961
6,0.890731,0.426003
6,-0.514029,-0.869402
6,-0.170774,0.985488
6,-0.0444497,-1.00614
6,1.00512,0.0604024
6,-0.962746,0.289562
6,-0.462517,-0.879468
6,0.730339,-0.683221
6,-0.329753,-0.946311
6,-0.620002,-0.776255
6,0.393261,0.911722
6,0.29038,0.962381
6,-0.735116,-0.679772
6,0.816559,0.594252
6,-0.934467,0.350144
6,0.636284,0.797656
6,0.27044,0.969801
6,-0.558992,-0.83521
6,0.733974,-0.67326
6,0.853282,-0.527067
6,-0.769618,0.64356
6,0.18468,0.961232
6,0.160376,0.995945
6,0.769368,-0.627443
6,-0.969668,0.258892
6,0.606125,0.804919
6,-0.1244,0.985165
6,0.657005,-0.751853
6,-0.625848,-0.770704
6,-0.152382,-0.98886
6,0.043369,0.978833
6,-0.385343,-0.925893
6,0.804514,0.563576
6,-0.978323,-0.101056
6,0.941517,0.327526
6,-0.845328,-0.547403
6,-0.00312021,0.9874
6,-0.814237,-0.596157
6,-0.468825,0.877702
6,0.140618,0.987449
6,0.798414,0.598431
6,-0.817445,-0.570476
6,-0.185324,0.985924
6,-0.773456,-0.65387
6,0.262664,0.958882
6,-0.795238,-0.600554
6,-0.825354,-0.595165
6,-0.913696,-0.414426
6,-0.081097,-0.987269
6,-0.196197,-0.980358
6,0.452574,0.887138
6,0.994231,-0.0785053
6,0.147048,0.986025
6,-0.102302,-0.992628
6,-0.472453,0.870213
6,-0.465354,0.913569
6,0.109911,0.994383
6,-0.606502,0.787083
6,-0.826758,-0.567353
6,0.625525,-0.788826
6,-0.659977,0.727089
6,0.233967,0.991169
6,-0.918196,-0.399067
6,0.56896,0.802664
6,0.354904,0.934649
6,-0.608659,0.798953
6,-0.485563,-0.872578
6,-0.897474,0.436605
6,-0.84818,0.4894
6,-0.468541,-0.882711
6,0.988449,0.114253
6,0.443381,-0.892723
6,-0.62934,-0.749801
6,0.817336,0.568927
6,0.730802,0.711248
6,0.147692,-0.990862
6,0.410037,0.92303
6,0.992374,-0.0995624
6,-0.821551,-0.561119
6,0.828388,-0.558193
6,-0.508989,-0.86939
6,0.90077,-0.464881
6,0.408316,-0.911271
6,0.662388,-0.745505
6,0.607474,0.803114
6,-0.982419,0.116814
6,-0.941182,0.374592
6,-0.00991453,-1.00356
6,-0.976758,-0.22113
6,-0.958979,0.331628
6,-0.139333,0.979607
6,-0.371799,-0.942042
6,0.374133,0.934956
6,-0.666241,-0.730156
6,-0.166958,-0.992984
6,0.289437,0.961795
6,-0.771002,0.625383
6,-0.456068,0.889081
6,-0.973487,0.187273
6,-0.554075,-0.842196
6,0.746287,0.656176
6,0.189537,0.973367
6,0.371175,0.939341
6,-0.449265,0.901499
6,-0.305918,-0.959666
6,-0.950124,-0.317163
6,-0.339613,0.950338
6,-0.680013,0.714134
6,-0.888397,-0.449357
6,0.7561,0.652003
6,0.0869645,-0.993204
6,-0.322105,0.944924
6,0.354816,-0.951295
6,-0.935368,-0.333964
6,-0.12472,0.971671
6,0.976635,-0.136929
6,0.55294,0.848396
6,0.112893,0.982463
6,0.532027,-0.841214
6,-0.572798,-0.814992
6,0.0250357,1.02345
6,-0.899999,0.417896
6,-0.499069,0.860244
6,-0.98187,-0.100814
6,0.890749,-0.424458
6,-0.995818,0.138151
6,0.24455,0.963567
6,-0.00940714,-0.986566
6,0.970278,-0.179112
6,-0.342713,-0.943774
6,-0.242516,-0.960682
6,-0.900882,0.416685
6,0.686948,-0.728694
6,-0.918987,-0.428879
6,0.581559,-0.801922
6,0.846017,-0.514391
6,-0.920647,-0.36803
6,-0.694061,-0.717902
6,-0.290049,0.948862
6,-0.935959,-0.358868
6,0.911604,-0.416592
6,0.15726,0.976315
6,0.312094,0.950745
6,0.101601,-0.967812
6,0.617499,0.792705
6,-0.932108,-0.387763
6,0.506428,0.864882
6,0.757682,0.679749
6,-0.577069,-0.811347
6,-0.386268,-0.924245
6,-0.733284,0.676411
6,0.981899,-0.177202
6,-0.818692,-0.602489
6,-0.264397,0.965947
6,-0.0388678,1.01148
6,-0.669537,-0.7712
6,0.937125,-0.382936
6,0.865578,0.47557
6,0.828659,0.564595
6,0.316346,0.939388
6,-0.813406,-0.583405
6,0.846774,0.550436
6,0.891426,0.442111
6,-0.844613,-0.518001
6,0.742918,0.674567
6,0.889823,0.450487
6,0.0737208,-1.00131
6,-0.46064,0.902478
6,0.954068,-0.29011
6,-0.466767,-0.882798
6,0.714827,0.695195
6,0.770205,0.622221
6,-0.936993,-0.396497
6,-0.662877,0.744868
6,-0.496461,-0.872674
6,0.381468,-0.90419
6,-1.00461,-0.196788
6,-0.88175,-0.482281
6,-0.973251,-0.253534
6,-0.106734,0.979761
6,0.912659,-0.354176
6,-0.0547826,1.00584
6,0.808582,0.567046
6,0.557979,0.848291
6,0.652639,-0.780167
6,0.00662766,-0.984216
6,0.983461,0.151008
6,-1.01004,-0.090909
6,0.0735894,1.00644
6,0.47859,-0.863701
6,-0.00765788,1.00011
6,-0.961224,-0.235824
6,0.0702926,0.983683
6,0.997559,0.137257
6,-0.764464,-0.624356
6,0.164263,0.995937
6,0.835543,-0.535343
6,-0.263964,-0.968143
6,-0.786011,-0.613695
6,0.371973,-0.925352
6,0.951008,0.296058
6,-0.142903,0.994576
6,-0.120774,1.00008
6,-0.0323381,-1.00852
6,-0.934592,-0.348661
6,-0.895374,0.441563
6,0.540199,-0.842758
6,0.953792,-0.291502
6,0.453362,-0.894804
6,0.724613,-0.683858
6,-0.993284,-0.0749567
6,-0.169298,-0.986556
6,0.157134,0.981806
6,0.808388,0.593837
6,0.320765,-0.965629
6,-0.984587,-0.00711935
6,0.869807,0.504307
6,0.372802,-0.93736
6,0.692347,0.70708
6,-0.532449,0.84401
6,-0.973653,-0.178102
6,0.937591,-0.298713
6,-0.416932,-0.913535
6,0.92154,0.380719
6,0.0589574,0.990977
6,-0.347983,-0.930255
6,-0.150762,0.989494
6,-1.00721,-0.0172045
6,0.98165,0.172451
6,-0.822025,-0.585647
6,-0.613142,-0.783661
6,0.355953,-0.950072
6,-0.985031,-0.0425139
6,-0.0744535,-0.982324
6,-0.974883,0.252973
6,0.661947,0.787672
6,-0.923644,-0.396328
6,0.88725,-0.414661
6,-0.981835,-0.0962059
6,0.925702,-0.391931
6,0.873448,-0.494556
6,-0.779882,0.632997
6,0.141279,0.976175
6,-0.351193,0.935478
6,0.425686,-0.897502
6,-0.124226,1.00069
6,0.687802,0.732026
6,-0.0906785,-0.998219
6,-0.544942,0.842646
6,-0.963014,-0.295853
6,0.23251,0.987402
6,0.218067,-0.961768
6,-0.688771,-0.730439
6,0.893322,0.436779
6,0.760057,-0.636809
6,-0.976563,0.16276
6,0.889011,0.452125
6,-0.0681023,-0.996194
6,-0.599566,0.808065
6,-0.0860886,1.00272
6,-0.535613,0.864512
6,-0.329523,0.964333
6,0.899268,-0.441038
6,-0.415677,-0.914968
6,-0.865912,0.504459
6,-0.0688319,-0.996674
6,0.324985,-0.944304
6,-0.930005,-0.384476
6,0.933038,-0.363778
6,-0.239837,-0.9775
6,0.417069,0.91988
6,-0.291389,-0.979459
6,-0.583328,-0.811758
6,0.258909,0.967152
6,-0.26776,-0.958621
6,0.69555,0.705643
6,0.963747,-0.32996
6,0.873042,-0.494031
6,0.167684,-0.99588
6,0.949749,-0.315884
6,0.992309,0.1284
6,0.859045,0.506174
6,-0.376495,0.939068
6,-0.698539,-0.719177
6,-0.18494,0.971853
6,-0.635011,0.782477
6,-0.944748,0.317371
6,-0.992194,-0.11211
6,0.155586,-0.986275
6,0.638151,0.781215
6,-0.36665,-0.934983
6,-0.991477,0.192277
6,-0.90782,-0.416046
6,-0.287304,-0.961781
6,0.969789,0.225562
6,0.745193,0.665461
6,0.366999,0.933798
6,0.55049,0.834781
6,0.983226,0.159892
6,0.206686,-0.984958
6,0.36749,-0.922944
6,0.215398,0.973294
6,0.684736,0.742587
6,-0.738157,-0.678305
6,-0.966798,-0.283984
6,0.960129,0.189504
6,0.98266,-0.244993
6,0.76553,-0.651042
6,0.395538,-0.907211
6,-0.8449,-0.580386
6,-0.0883346,-0.989403
6,1.00917,0.00812863
6,-0.338948,-0.932284
6,0.953183,-0.343798
6,-0.796886,-0.602254
6,-0.829281,0.579686
6,0.311329,0.956569
6,-0.972257,-0.272248
6,-0.0227699,-1.00063
6,0.980803,-0.189057
6,0.651267,0.741909
6,0.263515,-0.974806
6,-0.000346508,1.01484
6,-0.236081,0.976896
6,-0.891496,0.45046
6,0.089405,0.996583
6,0.944532,-0.327861
6,0.424927,-0.906319
6,0.914622,0.390353
6,-0.511881,-0.871159
6,-0.209525,0.990914
6,-0.72783,-0.675769
6,-0.810328,-0.561146
6,0.777091,0.557607
6,0.964864,-0.25974
6,0.973726,-0.25934
6,-0.352193,0.928911
6,-0.979155,0.170057
6,0.417171,-0.897665
6,0.698256,0.711674
6,-0.660232,-0.755177
6,0.572865,0.831031
6,-0.902917,0.408732
6,0.397622,-0.90824
6,0.979399,0.163334
6,0.720214,0.690358
6,0.498823,0.855035
6,-0.463716,0.892157
6,-0.107331,-1.01313
6,0.668862,-0.735357
6,0.178669,0.969453
6,0.66657,0.752369
6,-0.70405,0.703918
6,0.89346,-0.469249
6,0.433266,-0.897619
6,0.724018,-0.691201
6,-0.733015,0.678088
6,0.998573,-0.141707
6,-0.922625,0.416021
6,-0.467721,0.886309
6,0.253601,-0.962486
6,0.112902,0.996665
6,-0.600176,0.812985
6,-0.726544,0.686523
6,0.649823,-0.761045
6,0.722501,-0.697286
6,-0.658762,-0.756033
6,0.151093,1.00478
6,0.636798,-0.776159
6,-0.0609774,-1.00485
6,-0.218061,-0.970594
6,0.891842,0.460857
6,-0.934564,0.357323
6,-0.497115,0.869881
6,-0.756203,-0.666627
6,0.362495,0.928034
6,-0.514134,0.876293
6,-0.572071,-0.831264
6,-0.428809,0.898152
6,0.972402,-0.299208
6,0.31933,0.959063
6,-0.291042,-0.962434
6,1.02617,-0.0464319
6,0.314178,-0.951787
6,0.999801,-0.10647
6,0.74548,-0.680543
6,0.993913,-0.176511
6,-0.617571,-0.805376
6,-0.539209,0.862231
6,-0.762118,0.65066
6,-0.279567,0.970389
6,-0.846202,0.536178
6,-0.939042,-0.335669
6,0.98994,-0.0789791
6,0.985688,0.171283
6,0.495416,0.890614
6,-0.0256986,1.00236
6,-0.990464,0.196481
6,0.751991,-0.649827
6,-0.501267,-0.873177
6,-0.565512,0.807703
6,-0.783567,0.630005
6,1.00355,0.112462
6,-0.00653278,1.00499
6,-0.30539,0.951681
6,0.701027,-0.73722
6,-0.959592,-0.250882
6,0.194343,0.977845
6,-0.990123,0.108392
6,-0.374533,0.928939
6,0.473942,0.893425
6,-0.989912,0.0636353
6,0.707849,-0.702006
6,-0.996955,-0.141014
6,-0.563641,-0.824509
6,0.99227,0.143259
6,-0.857395,-0.549852
6,-0.0574358,0.999736
6,-0.948781,-0.341849
6,-0.635841,0.768885
6,-0.347139,0.954339
6,-0.64492,-0.759236
6,-0.74911,-0.645475
6,0.827231,-0.572961
6,0.846284,-0.541783
6,-0.85721,0.513874
6,-0.898777,-0.421128
6,-0.339157,-0.948835
6,0.0452393,-0.989265
6,0.89241,0.4392
6,0.542424,0.825069
6,0.771019,0.635482
6,0.985396,0.239501
6,0.413401,0.889314
6,0.571027,-0.826377
6,0.630267,0.762742
6,0.743682,-0.671151
6,-0.717982,0.696516
6,-0.814411,-0.589155
6,0.66753,-0.729075
6,0.654133,0.753864
6,-0.589396,-0.818122
6,-0.861437,-0.507468
6,0.899211,-0.390983
6,-0.468242,0.884877
6,-0.770822,0.631676
6,0.848884,0.505572
6,0.123017,0.989249
6,-0.9217,0.415777
6,-0.914891,0.410229
6,0.484082,-0.872827
6,0.793118,0.623892
6,0.0857452,-0.986348
6,0.330616,-0.940426
6,0.854021,-0.553194
6,-0.883736,0.485916
6,0.0843849,1.01144
6,-0.999035,-0.101122
6,0.904585,0.371938
6,-0.60855,-0.807974
6,0.966171,0.284275
6,-0.201338,-0.967361
6,0.625774,-0.784904
6,0.983686,0.177977
6,0.927281,0.411103
6,-0.731096,0.670391
6,-0.134599,-0.99269
6,-0.213147,-0.98344
6,-0.000255408,-1.00227
6,0.415439,0.914276
6,-0.690629,0.722233
6,0.262375,0.964036
6,-0.581304,0.824698
6,0.892841,0.465536
6,0.291336,-0.970609
6,-0.33038,0.948535
6,-0.184944,0.968724
6,0.154262,-0.991842
6,0.645968,-0.752656
6,0.496291,0.868764
6,0.793929,-0.592948
6,0.856626,-0.491821
6,-0.251182,-0.960801
6,1.01639,-0.12878
6,-0.0828766,-0.98849
6,-0.778793,-0.631886
6,-0.980326,-0.303342
6,-0.467415,0.893239
6,-0.399633,0.918693
6,1.0074,0.091745
6,0.386753,0.924232
6,0.963254,-0.333474
6,-0.74003,-0.680239
6,-0.810313,-0.589241
6,0.382766,0.927455
6,-1.00341,0.102032
6,0.948926,0.314917
6,-0.932027,-0.36909
6,-0.326704,-0.928608
6,-0.515359,-0.847359
6,-0.984354,-0.153209
6,-0.69423,-0.698784
6,-0.0288855,0.993961
6,-0.884522,0.490179
6,0.983387,-0.207627
6,0.736414,-0.674307
6,-0.299471,0.950576
6,0.905651,-0.431338
6,0.24049,-0.970444
6,0.783479,0.631273
6,-0.823913,-0.57886
6,1.00526,-0.169893
6,-0.700889,0.74469
6,0.992768,0.0421779
6,-0.0894756,0.996234
6,-0.0422115,-0.996489
6,-0.774269,-0.636245
6,-0.732444,-0.690045
6,-0.13463,-0.993697
6,-0.975213,0.17244
6,0.998015,0.0774025
6,0.670279,-0.724099
6,-0.841307,-0.535156
6,-0.922289,-0.385761
6,-0.536447,0.857307
6,0.645065,-0.791913
6,0.301238,0.936182
6,-0.867891,0.484618
6,0.712193,-0.678322
6,0.951261,-0.316826
6,0.982615,-0.220865
6,0.413006,0.90795
6,-0.748809,0.65715
6,0.053852,-1.00319
6,0.89575,0.474198
6,0.842381,0.554139
6,-0.937955,-0.29634
6,0.904839,0.40568
6,-0.71869,-0.696411
6,-0.153598,-0.983283
6,0.702119,-0.725585
6,-0.927136,-0.325009
6,0.703193,0.70689
6,-0.812987,0.576028
6,0.84585,-0.528445
6,0.523166,-0.86417
6,0.398003,-0.93079
6,0.915986,-0.385414
6,0.722312,-0.704657
6,0.401075,0.894552
6,0.984669,-0.139701
6,-0.884041,0.448226
6,0.248081,0.961655
6,0.197151,-0.981315
6,-0.119789,0.983013
6,0.0395139,1.0133
6,-0.469756,0.883492
6,-1.0084,0.00970563
6,-0.843863,0.505894
6,-0.932224,-0.367251
6,-0.933739,-0.345009
6,-0.951583,0.275449
6,0.940897,-0.331135
6,-0.727684,-0.697157
6,-0.473712,0.863194
6,-0.84722,-0.570189
6,-0.934124,-0.375714
6,0.789073,0.616145
6,-0.97506,0.161727
6,-0.783913,-0.6343
6,-0.794881,0.602559
6,-0.940226,0.322446
6,-0.523893,-0.841583
6,-0.365495,0.933078
6,-0.965348,-0.288796
6,0.580578,0.837213
6,-0.432538,0.88565
6,0.677198,-0.7261
6,0.46074,0.880065
6,-0.0308144,-1.00104
6,0.997475,-0.0428006
6,0.440173,-0.88711
6,-0.971919,0.26725
6,-0.836237,0.569035
6,0.736042,0.678788
6,-0.952495,0.243577
6,0.207245,-0.978229
6,-0.209446,-0.97674
6,0.692892,0.714554
6,0.583909,0.826513
6,0.0506897,-0.981266
6,0.495662,0.887227
6,0.0876924,-1.00077
6,0.818024,0.5524
6,0.631092,0.786082
6,1.00423,-0.0898741
6,0.965262,0.262545
6,-0.161037,-0.988795
6,0.978332,0.215418
6,0.855604,-0.52777
6,-0.315157,-0.960466
6,0.895104,-0.469794
6,-0.684395,-0.726302
6,-0.407792,0.899603
6,-0.31414,-0.941087
6,1.00091,0.0654521
6,-0.0755135,-0.984743
6,0.0432498,0.999521
6,0.944561,-0.327986
6,-1.00028,0.131674
6,0.762445,0.640636
6,0.431797,0.886733
6,-0.941568,-0.329976
6,0.97556,-0.264288
6,0.732544,0.677555
6,0.984806,0.203287
6,-0.923835,-0.383476
6,-0.215426,0.990636
6,0.678426,0.735506
6,-0.118288,1.00206
6,-0.982217,-0.122635
6,-0.309255,-0.962304
6,-0.973275,-0.292677
6,0.530542,-0.874222
6,-0.883466,-0.465406
6,-0.818352,-0.56634
6,0.827732,-0.569783
6,-0.926701,-0.381212
6,-0.267889,0.969734
6,-0.987883,0.118552
6,-0.418804,-0.904977
6,0.348425,-0.959455
6,0.98864,-0.114854
6,-0.924336,-0.366125
6,0.741612,-0.695111
6,0.969293,-0.203951
6,-1.01154,-0.0761621
6,0.675232,-0.748261
6,0.825372,0.559803
6,-0.366127,-0.911193
6,-0.294086,0.940664
6,-0.575327,-0.828054
6,-0.480058,0.880908
6,-0.903022,-0.44136
6,0.945773,-0.312408
6,0.642702,-0.76241
6,0.972721,0.229322
6,-0.0471424,-0.994246
6,0.547932,0.835072
6,-0.473772,0.890323
6,0.91476,0.399398
6,-0.269979,0.960923
6,-0.974007,-0.257829
6,-0.488644,0.876421
6,0.19566,-0.958715
6,0.835581,0.555968
6,0.986752,0.0669377
6,-0.916747,0.384454
6,-0.90621,0.429541
6,0.808946,0.580591
6,1.01208,-0.00937044
6,-0.7615,-0.686395
6,-0.614414,-0.781555
6,0.393372,0.918372
6,-0.505557,-0.843814
6,0.989852,-0.164718
6,-0.325212,-0.938838
6,0.0118963,-1.00405
6,-0.142113,0.975818
6,-0.458946,-0.887759
6,0.794051,0.626376
6,-0.924965,0.366365
6,0.68183,0.711531
6,-0.826216,-0.558283
6,-0.698209,-0.719619
6,0.988574,-0.206392
6,-0.0916059,-0.991382
6,-0.777055,-0.633172
6,-0.909615,-0.456289
6,-0.596159,0.797763
6,0.121254,0.995634
6,-0.306234,0.94353
6,-0.56266,-0.812481
6,-0.7949,-0.611037
6,0.433554,-0.904333
6,-0.010871,-0.994309
6,-0.309291,-0.951075
6,0.939183,-0.349143
6,0.9894,-0.228833
6,0.877886,0.447131
6,0.990878,0.144242
6,0.262398,0.967678
6,-0.908482,0.366199
6,-0.968939,-0.24935
6,0.657454,0.758521
6,0.978367,-0.177491
6,0.672801,0.740085
6,-0.239121,0.947936
6,-0.913023,0.394804
6,0.408349,0.905711
6,-0.60109,0.805352
6,-0.120104,0.989742
6,-0.804076,-0.592505
6,-0.747683,0.671465
6,0.369905,-0.935603
6,-0.484833,0.880016
6,-0.916623,-0.406833
6,-0.470322,-0.898035
6,0.0671981,-0.986736
6,0.675068,0.738694
6,-0.782405,0.619355
6,0.758555,-0.663639
6,0.965968,-0.188158
6,-0.588852,-0.82846
6,-0.925782,-0.384546
6,-0.837215,0.57754
6,0.281293,-0.946671
6,0.642727,0.76594
6,-0.982385,-0.199027
6,-0.981799,-0.219241
6,-0.897666,-0.418809
6,-0.955289,-0.256502
6,1.01274,-0.0696423
6,0.0433776,-0.996411
6,-1.01179,-0.0827172
6,-0.958692,-0.298576
6,-0.908249,-0.417575
6,0.933176,0.39389
6,0.993452,-0.00786752
7,0.99099,0.143881
7,-0.883704,0.415542
7,-0.974868,-0.132145
7,-0.992473,0.0641297
7,0.117114,-0.979834
7,0.738435,-0.686112
7,0.687234,0.732022
7,-0.811403,0.579544
7,-0.109869,0.997789
7,0.993783,-0.0197434
7,-0.969919,0.0451171
7,0.427443,-0.909506
7,0.346816,0.94225
7,0.379509,0.933162
7,0.770622,-0.63867
7,-0.636572,0.783488
7,0.796371,-0.611619
7,0.467192,-0.897417
7,-0.344011,-0.944727
7,-0.843025,-0.561354
7,-0.975323,0.253164
7,-0.0411602,0.998981
7,-0.148742,0.987978
7,0.07464,-0.989527
7,-0.425694,0.910359
7,-0.918182,-0.38071
7,0.393805,0.91976
7,0.880168,0.500822
7,0.827454,-0.562924
7,-0.986698,-0.0974388
7,-0.882116,0.481977
7,-0.467541,0.883993
7,-0.75236,-0.651511
7,0.484255,0.887282
7,-0.959263,0.33384
7,0.996022,0.149126
7,0.34983,0.955533
7,0.986396,0.136859
7,-0.811376,-0.571285
7,0.915745,0.407046
7,-0.329559,-0.93863
7,-0.807623,0.557877
7,0.987217,-0.0326327
7,-0.681901,0.747392
7,0.505445,-0.850801
7,0.385783,-0.914768
7,1.0041,-0.175715
7,-0.996388,0.0579958
7,-0.636351,-0.763598
7,-0.352935,0.93777
7,1.00268,0.0260444
7,0.85227,0.543684
7,-0.997011,0.0632399
7,-0.563486,0.846972
7,-0.996617,-0.0644678
7,-0.566414,-0.809861
7,-0.444551,0.899086
7,-0.912958,-0.456621
7,0.984681,-0.00891127
7,-0.975204,0.168369
7,-0.999679,0.233641
7,0.37427,0.933098
7,-0.103059,0.998906
7,0.948124,-0.324728
7,-0.69399,-0.731961
7,-0.683993,0.747497
7,0.864346,0.495887
7,-0.307955,0.950587
7,-0.620091,-0.755593
7,-0.528241,0.850007
7,0.958684,0.260206
7,0.211226,0.980597
7,-0.0491753,-0.999655
7,-1.00785,0.100971
7,-0.897071,-0.468891
7,0.333159,-0.952923
7,1.00123,-0.0822989
7,-0.190373,0.978451
7,0.451307,-0.892757
7,0.0492111,1.00449
7,0.15189,-0.99156
7,-0.912088,-0.413873
7,-1.00457,0.148534
7,-0.585515,-0.795131
7,-0.182354,-0.990852
7,0.989252,-0.180463
7,0.340737,-0.930615
7,-0.931247,-0.396422
7,-0.786447,0.617015
7,-0.827553,-0.543355
7,-0.347146,-0.96627
7,0.822481,0.58802
7,0.457938,0.906626
7,0.787524,-0.63943
7,0.291863,-0.950437
7,-0.689726,-0.724473
7,0.985,-0.20249
7,-0.93807,0.351202
7,-0.550313,0.832115
7,-0.684059,0.737696
7,0.907417,-0.44201
7,-1.01927,0.0308422
7,1.00803,-0.103401
7,-0.10589,-1.00863
7,0.685276,0.758344
7,0.194091,-0.983446
7,0.984847,-0.1992
7,0.841937,0.573443
7,0.911675,0.428145
7,-0.90041,0.423114
7,-0.699053,0.731445
7,0.812978,-0.560547
7,-0.702699,0.690262
7,0.313061,-0.948071
7,0.796252,0.592541
7,-0.213667,0.979026
7,-0.630341,-0.788018
7,0.994101,0.127353
7,-0.763608,0.64326
7,0.0523475,-0.990384
7,0.793035,0.59692
7,-0.144629,1.00716
7,-0.987817,-0.183596
7,-0.544723,0.841046
7,0.215373,-0.962223
7,-0.81748,0.578035
7,-0.514007,0.871695
7,-0.532506,-0.841718
7,0.400929,0.917676
7,0.939538,-0.343263
7,-0.438578,-0.901025
7,-0.901423,-0.453751
7,0.731206,-0.682044
7,-0.723122,0.663752
7,-0.936651,-0.324651
7,0.268604,0.961237
7,-0.504741,-0.875199
7,0.602478,0.785493
7,-0.0804667,0.988438
7,0.9126,0.385635
7,0.90859,-0.424732
7,-0.980538,0.0881582
7,-0.948363,0.306077
7,0.827341,-0.551336
7,-0.747809,-0.654132
7,0.130403,-0.990266
7,-0.971237,-0.298776
7,1.00308,0.0119174
7,0.462997,-0.90721
7,-0.0822327,-0.985616
7,0.72311,-0.686957
7,0.1839,-1.0015
7,-0.509775,0.872878
7,0.980225,-0.259878
7,-0.687069,0.704509
7,-0.23327,0.970342
7,-0.989939,0.24813
7,0.280427,-0.962089
7,0.891346,0.449215
7,-0.225587,0.969993
7,-0.859389,-0.516975
7,-0.447887,0.890491
7,-0.264646,-0.966524
7,-0.374287,0.919861
7,-0.10703,-0.990504
7,-0.610577,-0.794199
7,-0.441087,0.918725
7,0.968043,0.252461
7,0.453482,0.893935
7,0.874229,-0.502321
7,0.184014,0.974294
7,-0.981707,-0.177614
7,-0.931335,-0.371065
7,-0.548317,-0.833858
7,0.979241,-0.239514
7,0.858826,0.497682
7,-0.979229,0.0795338
7,0.727495,-0.691779
7,0.771746,-0.6369
7,0.647724,-0.786377
7,0.874855,-0.490683
7,0.627146,-0.777965
7,0.100142,0.978376
7,1.01911,-0.133308
7,-0.436948,0.887116
7,-0.0740443,0.985387
7,0.855596,-0.492255
7,-1.00641,-0.125635
7,0.682366,0.729746
7,0.251044,0.954989
7,-0.587256,0.824041
7,-0.99302,-0.134261
7,0.587575,-0.812759
7,0.736066,-0.686933
7,0.97929,-0.184181
7,-0.102436,1.0048
7,-0.659937,-0.774307
7,0.0670956,0.994582
7,0.970645,-0.299396
7,-0.958417,-0.195757
7,0.772754,0.634569
7,-0.0540698,1.0026
7,1.00405,-0.0732313
7,-0.585538,0.795562
7,0.980847,-0.141598
7,-0.944463,-0.354327
7,0.995625,-0.0712616
7,-0.952556,0.340418
7,-0.0044015,-0.994078
7,0.978818,0.237002
7,0.238207,0.96832
7,0.350604,-0.935417
7,0.38003,0.936409
7,0.129931,-0.995144
7,-0.367853,0.929698
7,0.984879,-0.0153134
7,0.969724,0.254144
7,-0.971689,0.258759
7,-0.815317,0.574186
7,0.385606,-0.925779
7,-0.245998,-0.961072
7,-0.659491,-0.749201
7,0.0852985,-0.985137
7,-0.390333,-0.923556
7,-0.530777,0.856619
7,-0.993178,-0.154705
7,-1.00447,0.0733662
7,-0.666536,-0.756591
7,0.827306,0.548175
7,0.290098,-0.946389
7,-0.891415,0.45096
7,-0.981058,-0.191457
7,0.989593,-0.0944739
7,0.758705,-0.612774
7,0.324205,-0.963159
7,0.774942,0.636542
7,-0.942776,-0.313449
7,0.502856,0.872928
7,0.314332,-0.95706
7,-0.597887,0.802985
7,-0.473399,-0.883338
7,0.993549,-0.176269
7,-0.535218,-0.840649
7,-0.867646,-0.498217
7,0.739699,0.677871
7,-0.813015,0.604195
7,-0.938463,0.371612
7,0.874,0.483699
7,-0.956419,0.324135
7,0.567766,0.831799
7,0.887883,-0.4677
7,0.916074,-0.387159
7,0.955416,0.307088
7,0.663554,0.745527
7,0.235859,-0.960411
7,-0.870973,0.509117
7,0.351949,0.948698
7,-0.989057,0.0640457
7,-0.216841,-1.00261
7,-0.352322,0.926185
7,-0.194589,-0.983501
7,0.409395,0.904092
7,0.771003,-0.645195
7,0.856977,0.478185
7,0.933652,-0.343621
7,0.364778,0.930254
7,0.991282,0.229768
7,-0.45167,-0.898542
7,0.494371,-0.869321
7,0.486474,0.895433
7,0.958197,-0.287761
7,-0.633937,-0.759127
7,-0.675249,0.721579
7,0.40601,0.929915
7,-0.577725,0.809083
7,-0.115603,-0.981277
7,0.0715408,0.993911
7,0.0748479,0.999518
7,-0.811392,-0.60391
7,-0.695484,-0.724678
7,0.67925,-0.723816
7,-1.00121,-0.110638
7,-0.933727,-0.372525
7,-0.21568,0.974529
7,-0.547266,0.846702
7,-0.966954,0.285441
7,-0.407305,0.920632
7,0.953036,-0.293766
7,0.416879,-0.897722
7,0.120544,0.987181
7,-0.968265,-0.31332
7,0.257729,-0.952719
7,-1.00283,0.0319027
7,0.118187,-0.986588
7,0.949577,-0.242777
7,0.859309,0.491215
7,-0.121413,1.00561
7,0.294666,0.952955
7,0.989708,0.198964
7,0.672694,0.728672
7,0.204529,0.968421
7,0.395802,0.93209
7,0.787489,-0.601875
7,-1.02319,-0.0349862
7,-0.615769,-0.775964
7,-0.332985,0.941464
7,1.00192,0.129505
7,-0.996068,-0.0682088
7,0.674299,0.739976
7,-0.894461,-0.467995
7,0.984893,-0.187911
7,-0.342774,0.925656
7,0.824792,0.574548
7,0.722077,0.684612
7,0.795184,0.601202
7,0.281911,0.94698
7,-0.333204,0.956711
7,-0.432326,0.883324
7,-0.930012,0.318985
7,-0.791915,-0.609344
7,0.490656,-0.875964
7,-0.93443,-0.362896
7,-0.523635,0.840958
7,0.962016,-0.212768
7,-0.948349,0.293456
7,0.637212,-0.785274
7,-0.135678,0.997575
7,-0.372121,-0.916139
7,-1.00706,-0.0793983
7,-0.309831,0.955814
7,-0.127183,1.00491
7,0.56251,0.822631
7,-0.00448373,-0.993851
7,0.78728,-0.609475
7,-0.737437,-0.644371
7,0.771154,-0.623788
7,0.0538151,-0.99967
7,0.995426,-0.146499
7,-0.997941,-0.0782467
7,-0.168889,0.974101
7,-0.628225,0.77384
7,0.941842,-0.288843
7,0.604676,-0.812444
7,-0.817583,-0.553287
7,0.131689,-0.990491
7,-0.0143058,-1.0077
7,0.923692,-0.394198
7,0.254984,-0.973721
7,-0.953147,0.265547
7,0.717443,0.697156
7,0.986041,0.121744
7,0.345461,-0.937729
7,0.307414,-0.963145
7,0.0645704,-0.994885
7,-0.465469,-0.886521
7,0.604478,-0.798524
7,0.862757,-0.519543
7,-0.637685,0.785253
7,-0.556968,0.837082
7,0.985714,-0.0460923
7,-0.775178,0.630148
7,0.113322,1.00055
7,0.0146939,-1.00337
7,0.916653,-0.406418
7,0.988848,-0.13946
7,0.852935,-0.541209
7,0.501042,-0.862999
7,-0.813639,0.573819
7,-0.938066,-0.316638
7,-0.635336,-0.784185
7,-0.982546,-0.196343
7,-0.410643,-0.907104
7,-0.536815,0.85034
7,0.991493,-0.039182
7,0.973344,0.21159
7,-0.80746,0.57507
7,0.985798,-0.010321
7,0.638959,0.762064
7,0.246322,-0.962392
7,0.905799,0.421314
7,-0.0430734,1.00631
7,0.999302,-0.118261
7,0.273864,0.958816
7,0.550107,-0.834766
7,-0.388935,-0.930215
7,0.550987,-0.856264
7,-0.890547,0.453925
7,0.871893,-0.515937
7,-0.260834,-0.969163
7,-0.613287,-0.792304
7,0.300572,0.952331
7,0.996146,0.0245087
7,0.268535,0.961114
7,0.943474,0.349204
7,-0.180112,-0.985662
7,-0.946754,0.330635
7,-0.907575,-0.457124
7,-0.886215,0.435507
7,-0.642157,-0.761756
7,0.49828,-0.856245
7,0.524465,0.860682
7,0.947456,0.289765
7,0.0883904,-1.00424
7,0.697173,-0.711153
7,-0.511629,0.845123
7,0.460556,0.88613
7,-0.963421,-0.339354
7,0.734499,0.682287
7,0.951774,0.324216
7,0.588534,0.817279
7,-0.0843775,0.996293
7,-0.892551,0.488588
7,-0.0309938,-0.995684
7,0.89155,-0.427154
7,-0.510429,0.880934
7,0.136863,0.997457
7,-0.746609,0.690955
7,0.217474,-0.984546
7,0.820074,0.553563
7,1.00447,0.164586
7,0.892307,0.453098
7,0.843129,0.532713
7,0.34847,0.940836
7,0.632549,-0.784688
7,0.807251,-0.583157
7,-0.228023,0.970832
7,-0.940368,-0.323567
7,-0.937063,0.319683
7,-0.946447,-0.296844
7,0.951621,-0.305263
7,0.389293,0.929266
7,0.988262,0.138437
7,-0.233748,0.970667
7,0.49778,0.871755
7,0.932282,0.370555
7,-0.156217,-0.983349
7,-0.33439,-0.939975
7,-0.636984,-0.774234
7,1.00233,-0.169171
7,0.818989,-0.596475
7,0.467477,0.909338
7,-0.734068,-0.691433
7,-0.344623,0.950654
7,-0.679753,0.732998
7,0.911931,0.36297
7,0.818108,-0.585873
7,0.625369,0.784056
7,-0.313873,0.950943
7,0.979211,0.107086
7,0.605331,-0.814186
7,-0.000422645,-1.00929
7,0.583578,-0.803473
7,0.810836,-0.605518
7,0.295904,-0.96344
7,0.534029,0.843151
7,-0.243033,-0.957599
7,0.585841,-0.823258
7,-0.524134,-0.849604
7,-0.93566,0.338857
7,0.929651,0.373416
7,0.096456,0.998226
7,-0.0491888,0.997567
7,0.989597,0.224216
7,-0.696206,0.714662
7,-0.714683,0.711525
7,0.976317,-0.285408
7,-0.863034,-0.501005
7,0.880505,-0.467242
7,-0.0771142,0.976219
7,-0.902891,-0.423095
7,-0.886345,-0.420921
7,0.9883,-0.147698
7,0.416511,-0.900156
7,-0.0267936,-1.00496
7,0.141092,0.999958
7,-0.601691,-0.784742
7,-0.324765,-0.957042
7,0.776081,-0.61948
7,0.770864,-0.637847
7,0.981977,0.177702
7,0.950159,-0.302178
7,-0.113404,0.99357
7,0.369125,-0.926856
7,-0.306661,-0.929166
7,0.75612,-0.669744
7,0.0982981,-0.998371
7,0.80006,0.583854
7,0.984213,0.111493
7,0.920119,-0.360362
7,0.982133,-0.193222
7,0.978457,0.132354
7,0.981823,0.163011
7,-0.988914,-0.221689
7,0.844241,0.527538
7,0.27875,0.966681
7,0.843532,0.542941
7,-0.436607,0.896707
7,0.96924,0.283657
7,-0.934875,-0.385303
7,-0.755098,0.660357
7,-0.0573569,-1.00569
7,1.01164,0.0552154
7,0.488506,0.883245
7,-0.378931,-0.919447
7,-0.974836,0.209771
7,-0.41435,-0.905759
7,0.412962,0.92232
7,0.641086,0.759912
7,0.932261,-0.365798
7,0.455611,0.887495
7,0.842358,0.514494
7,0.811056,0.570805
7,-0.975506,0.269608
7,-1.01006,0.044629
7,0.51605,-0.840757
7,0.848312,-0.525944
7,0.288269,-0.957505
7,0.566319,0.823685
7,0.984156,-0.120276
7,1.02283,0.100068
7,0.547676,0.815046
7,0.802738,0.596118
7,0.976446,0.229417
7,-0.80784,0.574198
7,0.564694,-0.829022
7,0.825705,-0.587769
7,0.711422,-0.714739
7,0.797261,-0.604351
7,-0.618433,-0.781548
7,0.721233,-0.658036
7,-0.603603,0.808487
7,-0.73806,0.669332
7,0.3883,-0.90591
7,-0.980308,-0.213705
7,-0.924334,-0.381105
7,-0.0764379,0.992572
7,-0.528239,0.837531
7,-0.826007,0.533522
7,0.998439,0.0430558
7,0.969493,0.226319
7,-0.279858,0.946859
7,0.297288,-0.956866
7,-0.977329,0.230826
7,-0.814021,-0.595078
7,-0.899498,-0.441317
7,0.964519,0.300849
7,0.532358,0.847983
7,-0.608358,-0.7832
7,-0.954399,0.249183
7,0.997045,0.127158
7,0.291279,0.949974
7,-0.0843502,-1.00657
7,-0.578034,-0.819997
7,-0.857323,-0.542267
7,-0.917435,0.374696
7,0.627597,0.790739
7,-0.916053,-0.33337
7,0.574417,0.822105
7,0.906478,0.448301
7,-1.00604,-0.0642237
7,-0.166623,0.990969
7,-1.00577,0.108879
7,0.888557,0.439616
7,0.239323,-0.964121
7,0.998392,-0.0681974
7,0.980343,0.17074
7,0.888158,0.477735
7,0.682611,-0.718594
7,-0.682875,0.723651
7,0.688471,0.720205
7,-0.26491,0.967817
7,-0.95443,-0.291019
7,0.0120092,1.00294
7,0.995379,-0.0507815
7,0.956778,0.292468
7,0.736874,-0.683966
7,0.814949,-0.586661
7,0.628269,0.763948
7,0.993752,0.0552261
7,0.0129772,0.978209
7,0.0697253,0.993649
7,0.517886,0.868794
7,0.915426,0.41097
7,0.918643,-0.364921
7,0.957385,0.300042
7,-0.243805,-0.970136
7,0.777463,-0.635508
7,0.328107,0.958697
7,-0.470344,0.86927
7,-1.00376,0.179451
7,-0.334564,0.945117
7,-0.908364,0.380773
7,-0.567457,-0.837892
7,0.813954,-0.591855
7,-0.758886,0.663933
7,0.270059,0.946534
7,-0.959501,-0.282197
7,0.1916,-0.978988
7,0.98433,-0.154062
7,0.749863,0.657349
7,-0.874744,-0.473961
7,0.207921,0.984996
7,-0.623656,0.784853
7,-1.00542,0.0480598
7,-0.990656,0.049072
7,0.724112,-0.700106
7,-0.947602,-0.295456
7,-0.785175,-0.63873
7,0.925667,0.391088
7,0.90301,0.411072
7,-0.962858,0.285478
7,-0.823576,-0.578188
7,0.910927,0.431411
7,-1.00547,0.015062
7,-0.873053,-0.47256
7,0.961586,0.264891
7,-0.925229,0.391186
7,-0.923468,0.401731
7,-0.454217,-0.890519
7,-0.98695,-0.164501
7,-0.615922,-0.784689
7,-0.897496,-0.480281
7,-0.346393,0.942301
7,-0.102451,0.994686
7,0.176077,0.985478
7,0.477652,-0.873081
7,-0.432813,-0.899074
7,0.00250305,-0.998143
7,-0.596076,0.805753
7,-0.549995,0.835208
7,0.234457,0.961538
7,-0.945137,0.405887
7,0.471847,-0.882607
7,-0.974372,0.0987798
7,-0.207765,-0.986957
7,-0.659594,-0.741529
7,-0.0743629,0.993732
7,-0.389714,0.918526
7,-0.584391,-0.806395
7,-0.970143,-0.302693
7,-0.311288,-0.944597
7,-0.971749,0.155317
7,0.794729,-0.613191
7,0.343973,0.9382
7,0.150222,-0.974532
7,0.949124,0.369761
7,0.75906,0.652705
7,0.240664,-0.974412
7,-0.884351,0.487851
7,-0.663859,0.723129
7,-0.337386,0.948441
7,0.986316,-0.177195
7,0.341643,0.929408
7,-0.359199,0.918342
7,-0.531149,0.84784
7,-0.867028,-0.499432
7,0.275588,0.967863
7,-0.283587,0.968172
7,0.992315,0.201446
7,0.943579,0.357544
7,-0.774148,-0.646261
7,-0.426889,0.897691
7,-0.989642,0.0536414
7,0.200674,0.978382
7,-0.313403,-0.942899
7,0.127637,0.993553
7,-0.985214,0.106371
7,1.00456,-0.0242548
7,-0.895913,-0.486053
7,0.64376,0.747581
7,-0.567482,-0.816442
7,0.538248,-0.835271
7,0.52049,-0.880709
7,-0.139127,0.994715
7,-0.927836,-0.376378
7,0.588742,-0.815777
7,0.322923,0.939236
7,0.603982,-0.811665
7,0.916793,-0.368951
7,0.141726,-0.992644
7,-0.799946,-0.63316
7,0.975991,0.210121
7,-0.919689,0.366536
7,0.95937,0.253859
7,-0.464994,0.866482
7,-0.634831,-0.746584
7,0.788689,0.618846
7,-0.9387,-0.339387
7,-1.01408,0.058785
7,1.00716,-0.104827
7,-0.468964,-0.879709
7,-0.878165,-0.462831
7,0.120814,-0.986379
7,0.904328,0.413633
7,0.0536524,0.993408
7,-0.865275,0.476337
7,0.907608,-0.454397
7,0.720578,0.706756
7,1.0031,0.0448704
7,-0.733201,0.674305
7,0.114036,0.980104
7,-0.421866,0.90065
7,0.88498,-0.464822
7,0.479605,0.861957
7,-0.917595,-0.407133
7,-0.654435,0.749118
7,-0.977193,-0.191651
7,0.994338,0.0937049
7,-0.252749,0.969799
7,-0.968276,0.26797
7,0.97888,0.24516
7,0.0414378,-0.996974
7,-0.0291062,1.00963
7,-0.472964,0.873372
7,-0.511455,-0.865532
7,0.616681,-0.787078
7,0.627039,0.782117
7,0.505568,0.838972
7,-0.714292,-0.679346
7,0.744997,0.663508
7,0.996097,-0.160804
7,-0.961057,-0.219478
7,0.626606,-0.763728
7,0.445861,0.890983
7,0.118303,-0.987502
7,-0.774718,0.646212
7,-0.373009,0.932542
7,0.7443,-0.670672
7,-0.0800682,-1.00509
7,-0.875122,0.521668
7,-0.73189,-0.673286
7,0.266072,0.969126
7,-0.938566,0.34946
7,0.639271,0.762407
7,0.945122,0.262351
7,-0.891354,-0.482565
7,-0.834968,-0.546972
7,0.976492,0.155306
7,0.532847,-0.834341
7,-0.386716,-0.916182
7,-0.853229,0.499423
7,0.34483,-0.941909
7,0.98884,0.000579373
7,0.822967,0.541413
7,0.0509217,-0.998081
7,0.912569,-0.403586
7,-0.0528595,-1.00845
7,0.823627,0.569531
7,0.986684,0.111417
7,1.00189,-0.122275
7,0.722634,0.692396
7,0.902034,-0.42876
7,-0.674045,-0.715659
7,-0.247677,-0.954938
7,-0.230347,-0.962471
7,0.0109248,0.981585
7,-1.00044,-0.0728682
7,-0.327948,-0.946097
7,-0.746654,0.640981
7,-0.146879,-0.985687
7,0.309533,0.926348
7,0.26762,0.960798
7,-0.183101,-0.986949
7,-0.977922,0.188683
7,-0.817242,-0.589463
7,-0.90058,-0.435001
7,-0.637033,-0.754236
7,0.638177,-0.763861
7,-0.402096,-0.936449
7,-0.510116,-0.856505
7,0.274514,0.965203
7,-0.94538,-0.363096
7,-0.879139,-0.46046
7,0.258873,-0.968305
7,0.66812,-0.716474
7,0.848895,-0.530477
7,0.614813,-0.803
7,-0.291551,0.935447
7,-0.580239,0.825062
7,-0.577252,-0.824602
7,-0.0329025,0.996086
7,-0.0369867,0.994647
7,-0.973065,-0.154316
7,-0.998712,0.0556818
7,0.436589,-0.902898
7,-0.79075,0.661546
7,0.166598,0.975619
7,0.923361,0.322707
7,0.759748,0.63685
7,-0.330801,0.955505
7,0.167663,-0.994341
7,-0.423952,-0.890841
7,-0.539515,-0.856726
7,0.92952,-0.37974
7,0.236951,0.964778
7,-0.12116,-0.986536
7,-0.861021,-0.504004
7,-0.696937,0.72971
7,-0.34398,-0.949161
7,-0.935214,0.360598
7,0.798789,0.610453
7,0.566984,0.807449
7,-0.859175,-0.505955
7,-0.928708,0.382145
7,-0.0472849,-1.00647
7,-0.546616,0.815805
7,-0.921968,0.374369
7,0.0795556,0.991807
7,0.957292,0.30141
7,-0.925485,-0.400328
7,0.933153,0.410405
7,-0.262466,0.978787
7,-0.631272,0.783023
7,-0.398882,0.912906
7,-0.297227,0.960928
7,0.45849,0.889269
7,-0.739518,-0.705443
7,0.958492,-0.263217
7,-0.466083,0.88237
7,0.870559,-0.47554
7,0.527129,-0.843184
7,0.69222,0.71032
7,-0.25202,-0.977715
7,-0.457945,0.886237
7,0.513201,-0.86794
7,0.174098,1.00191
7,0.968582,-0.201138
7,-0.471798,-0.881658
7,-0.708952,-0.712352
7,-1.01192,-0.0183501
7,0.648232,-0.784581
7,-0.291971,0.945796
7,-0.48922,0.882674
7,-0.994445,0.120285
7,0.396325,-0.918622
7,0.978883,-0.252364
7,0.0029058,-1.01068
7,-0.604952,-0.790839
7,0.937042,0.289679
7,-0.436792,0.914462
7,-0.618783,0.807938
7,1.00027,-0.134994
7,0.924809,-0.364021
7,-0.52445,0.856913
7,-0.886611,-0.453169
7,-0.618369,0.766629
7,-0.17211,0.990557
7,0.903125,-0.40331
7,0.698537,-0.702899
7,-0.972545,0.247306
7,-0.459819,-0.886894
7,-0.978868,-0.0436629
7,0.97999,-0.222452
7,0.140515,0.97333
7,-0.947648,-0.286333
7,0.979185,-0.142135
7,0.99458,0.171639
7,0.661003,-0.750351
7,-0.734127,-0.681834
7,0.939335,0.361114
7,-0.689925,0.737438
7,0.661146,-0.746881
7,0.27865,-0.971522
7,0.282697,0.975625
7,-0.703928,-0.746019
7,0.777507,0.604388
7,0.464354,-0.889429
7,-1.011,-0.0837295
7,0.2176,0.991741
7,0.945062,0.326447
7,-0.225553,0.971092
7,0.997424,0.0889386
7,0.935321,-0.367289
7,0.997246,-0.111288
7,-0.928046,-0.370884
7,0.825222,0.541799
7,0.696414,0.735645
7,0.638923,-0.74985
7,0.595405,-0.807948
7,0.991118,-0.226558
7,0.353637,0.942765
7,0.988292,-0.191547
7,0.481325,0.875589
7,0.514499,0.854762
7,-0.913037,-0.431013
7,0.89869,0.466035
7,-0.997386,0.0260022
7,-1.00349,0.0217794
7,-0.611414,-0.801052
7,0.164684,0.981335
7,-0.407285,-0.910614
7,-0.0979568,1.00442
7,-0.0645152,0.987155
7,0.914451,0.415846
7,-0.976878,-0.167843
7,-0.379991,-0.931972
7,-0.203313,0.996548
7,-1.01002,0.0156678
7,0.238451,-0.976346
7,-0.746621,0.66882
7,-0.815002,0.565847
7,-0.590625,-0.810485
7,0.575256,-0.815914
7,0.98906,-0.0217208
7,-0.911714,-0.376433
7,-0.514941,-0.852806
7,0.0670624,1.00991
7,0.969452,0.171307
7,0.405782,0.884237
7,0.902696,0.397047
7,-0.994316,-0.0581419
7,0.917477,-0.421655
7,-0.139272,0.99368
7,-0.0505488,-1.00775
7,0.963651,-0.26307
7,0.839897,-0.558874
7,0.716074,0.686524
7,-0.525297,-0.858664
7,-0.542046,0.845968
7,0.771717,-0.645367
7,-0.964184,0.34712
7,-1.00029,0.0857569
7,-0.174948,0.990649
7,-1.00195,-0.0137573
7,-0.349529,-0.915975
7,0.407694,0.912711
7,0.914941,0.376968
7,0.766256,0.64314
7,0.906357,-0.433889
7,-0.938977,0.289819
7,-0.241555,0.975031
7,0.297266,0.936831
7,-0.994419,-0.0876291
7,-0.904379,0.397529
7,0.791381,-0.65463
7,0.722262,-0.675022
7,0.81577,0.59123
7,-0.776951,-0.604962
7,-0.990516,0.130896
7,-0.535199,0.859329
7,0.259428,-0.963256
7,0.118456,-0.980855
7,-0.667184,0.735359
7,0.314489,0.936676
7,0.810239,-0.570837
7,-0.895448,0.435486
7,0.97775,-0.283682
7,-1.00216,-0.0361384
7,0.907652,0.418359
7,0.781242,0.604674
7,-0.788398,-0.639991
7,-0.86347,0.518094
7,-0.984359,-0.191634
7,0.570542,-0.83743
7,0.448343,-0.897326
7,0.945721,0.306874
7,-0.995686,0.0225801
7,-0.92931,-0.359309
7,0.285162,-0.950539
7,0.987531,-0.221789
7,0.992265,-0.101225
7,0.933516,0.339115
7,0.836345,0.515405
7,-0.997492,-0.000242401
7,-0.456808,0.868055
7,0.8141,0.618625
7,0.562044,0.827132
7,-0.524134,-0.836718
7,0.831232,0.528777
7,0.988989,-0.24768
7,-0.156388,0.975923
7,0.854755,-0.526522
7,-0.833064,-0.563488
7,-0.909684,-0.432067
7,-0.333252,0.936895
7,-0.829193,0.56669
7,0.870679,0.520554
7,-0.735417,-0.68595
7,-0.338752,0.955805
7,1.00994,-0.0332729
7,-0.965644,-0.234459
7,-0.993438,0.143513
7,1.00064,0.123085
7,-0.571828,-0.800899
7,-0.843686,-0.541262
7,0.984791,-0.215697
7,0.709537,-0.715779
7,-0.023797,-1.00995
7,0.239505,0.984747
7,1.00359,-0.00875397
7,-0.658929,0.753863
7,0.964194,-0.289404
7,0.695979,-0.718672
7,0.916066,-0.414257
7,0.757393,0.662283
7,0.49346,-0.848879
7,0.237049,0.981971
7,0.587096,0.803281
7,0.985186,-0.226162
7,0.700218,0.717823
7,0.992705,0.0597957
7,0.771232,-0.656142
7,-0.985393,-0.169364
7,-0.734268,-0.680454
7,0.0519314,-0.994424
7,0.724385,-0.685884
7,0.343376,0.945524
7,-0.464843,0.876573
7,-0.368948,-0.918115
7,-0.680732,0.740923
7,-0.486883,-0.862361
7,-0.884246,-0.457216
7,0.3021,-0.961661
7,0.259683,-0.962945
7,-0.620278,-0.777636
7,-0.679847,0.750039
7,-0.659712,0.759083
7,-0.856347,0.524424
7,0.911143,-0.441144
7,0.358551,0.931522
7,0.356588,0.939224
7,-0.479012,-0.884858
7,0.972484,0.27228
7,0.191015,-0.979321
7,-0.647691,-0.780153
7,0.801048,-0.593503
7,0.995405,0.187588
7,-0.0305936,-0.984654
7,0.91126,-0.44274
7,0.849285,0.552216
7,0.694744,-0.750718
7,-0.870878,0.483472
7,-0.691038,-0.718032
7,0.80206,0.617436
7,-0.991253,0.0236095
7,-0.295416,0.94299
7,-0.426789,0.905484
7,0.295109,-0.956762
7,0.186282,-0.976914
7,0.899132,0.430647
7,-0.902483,0.41424
7,0.988458,0.00902571
7,-0.958769,0.205527
7,0.614368,0.778202
7,0.798969,-0.609737
7,0.508107,0.859735
7,-0.944647,-0.378942
7,0.82774,-0.578057
7,-0.747155,0.677053
7,-0.00376517,-1.0009
7,-0.882114,-0.470588
7,-0.880726,-0.498865
7,-0.375594,0.918533
7,-0.787827,-0.614374
7,0.735602,0.694024
7,-0.817704,0.591571
7,-0.757894,-0.663276
7,0.895717,0.422828
7,0.381196,-0.930762
7,-0.102889,0.991534
7,0.523463,-0.862
7,-0.807198,-0.585909
7,-0.928908,-0.365659
7,-0.186233,0.975795
7,0.555233,0.83036
7,0.121401,0.987886
7,-0.48828,-0.888198
7,-0.229817,0.968587
7,-0.108181,0.973962
7,0.426868,-0.903578
7,0.500348,-0.871533
7,0.867204,0.455955
7,-0.645294,0.757358
7,0.0951346,-0.978441
7,0.332875,-0.941167
7,0.20892,0.990786
7,-0.750193,0.67126
7,0.574538,0.80277
7,-0.172281,0.956297
7,-0.274834,0.950958
7,0.257612,-0.965953
7,0.901348,-0.442325
7,-0.81815,-0.60062
7,-0.945509,-0.315479
7,0.557586,0.818372
7,0.420786,-0.917518
7,0.0850385,0.993129
7,0.835356,-0.554708
7,0.500034,0.846321
7,-0.831169,-0.548464
7,0.615438,-0.803534
7,-0.38749,-0.942492
7,0.950435,-0.303769
7,0.543616,0.848047
7,-0.494925,0.888596
7,-0.270471,-0.969869
7,-0.98518,0.124394
7,-0.877156,0.479938
7,-0.706729,0.706235
7,0.381098,-0.895184
7,-0.0430041,0.986932
7,-0.920546,-0.373452
7,0.846336,-0.531612
7,0.918016,-0.390679
7,-0.854458,0.496313
7,-0.538174,0.829033
7,0.416171,0.89819
7,-0.116876,-1.00176
7,0.275751,-0.951722
7,0.570856,-0.810063
7,0.902792,-0.377827
7,-0.623981,0.775319
7,-0.608463,-0.79326
7,-0.945115,0.348233
7,-0.0270279,0.992955
7,-0.181441,0.9745
7,-0.58884,-0.805667
7,-0.946461,-0.341307
7,-0.516745,0.870026
7,0.563945,0.816375
7,0.257493,-0.957321
7,-0.953155,0.338307
7,0.950901,0.286169
7,-1.02194,-0.0445724
7,-0.58214,0.83025
7,0.212668,0.993129
7,-0.463471,-0.891154
7,0.982715,-0.173868
7,0.719563,0.683992
7,0.921566,-0.416985
7,-1.00127,0.105962
7,0.955078,0.310072
7,0.497822,-0.857405
7,-0.0448568,-1.00803
7,0.623906,-0.779866
7,0.988156,0.145336
7,0.828391,0.550143
7,-0.673837,-0.729075
7,0.830801,-0.590669
7,-0.970179,-0.317023
7,-0.944964,-0.344836
7,-0.834907,-0.568927
7,0.669563,0.726396
7,0.209107,0.97027
7,0.948277,-0.301769
7,-0.320654,-0.9589
7,-0.989854,0.113151
7,0.745761,-0.691199
7,0.647226,-0.775555
7,0.732187,0.672238
7,0.0225594,0.993121
7,-0.435719,-0.93352
7,0.547969,-0.824097
7,-0.755633,-0.657853
7,-0.402645,-0.921814
7,-0.699388,-0.701354
7,-0.767318,-0.649045
7,0.8716,-0.484191
7,-0.952176,-0.190022
7,-0.911827,-0.401668
7,0.936957,-0.387186
7,-0.824268,0.541758
7,-1.0204,-0.0686245
7,0.522256,-0.851035
7,0.701919,-0.715011
7,-0.402286,-0.93301
7,0.989342,-0.015539
7,-0.929049,0.382993
7,-0.801347,0.601674
7,0.732112,-0.660427
7,0.753771,-0.66432
7,0.703994,-0.700689
7,0.736602,-0.677154
7,0.0421046,1.01169
7,-0.340465,0.946033
7,-0.886457,-0.418494
7,-0.98984,0.0968148
7,0.989751,0.0753671
7,-0.561606,-0.830525
7,0.33977,-0.939959
7,-0.74804,-0.665329
7,-0.333907,0.946585
7,0.71244,-0.688306
7,0.740156,0.668433
7,0.933241,0.329167
7,0.99518,0.142156
7,-0.961296,0.276353
7,0.616856,0.765178
7,0.940757,0.269946
7,0.314001,0.94809
7,0.998372,-0.0245527
7,0.512761,0.866943
7,-0.227394,0.980621
7,-0.800215,-0.608898
7,-0.726736,0.694689
7,0.721083,-0.699977
7,1.00013,-0.03451
7,0.98883,-0.145762
7,-0.841598,-0.54686
7,-0.449785,-0.881948
7,0.0321054,-0.998364
7,-0.748251,0.664804
7,0.539222,-0.859932
7,0.923041,0.369868
7,-0.113018,0.994755
7,-0.00748913,0.999913
7,0.475974,-0.885891
7,-0.912539,0.409872
7,0.987291,-0.212903
7,0.295904,-0.953924
7,0.102363,-1.0227
7,-0.955171,0.287917
7,-0.498251,-0.844019
7,-0.911438,0.411509
7,-0.969655,0.26296
7,1.00408,-0.141761
7,0.818213,0.583094
7,-0.65424,-0.763605
7,-0.537806,0.837949
7,-0.964392,-0.280393
7,-0.33932,0.93201
7,-0.697901,-0.715936
7,0.645505,0.774178
7,0.886408,0.439408
7,-0.420328,-0.898471
7,0.341419,0.92436
7,-0.773143,0.639052
7,-0.15936,-0.978391
7,0.512984,0.869769
7,-0.9222,-0.380661
7,-1.00827,-0.0333383
7,-0.879381,-0.485801
7,0.985727,0.0570435
7,-0.516489,-0.843821
7,-1.0227,-0.0155368
7,-0.23171,-0.971526
7,-0.966189,-0.309065
7,0.906056,-0.388414
7,1.00917,-0.114807
7,-0.803113,-0.606875
7,0.0319251,-0.993334
7,-0.347951,-0.943336
7,-0.98085,-0.251258
7,-0.407353,-0.909414
7,-0.97865,-0.158471
7,0.860725,0.504449
7,0.038876,-1.00223
7,-0.260995,0.968485
7,-0.622002,0.780487
7,0.495503,-0.853853
7,0.871387,0.524345
7,-0.916365,0.405308
7,0.687658,0.740434
7,0.788312,-0.640454
7,-0.937139,0.357642
7,-0.523561,-0.835033
7,0.933933,0.378587
7,0.603134,-0.781058
7,0.981496,-0.249945
7,0.648495,-0.758206
7,0.169729,0.993851
7,-0.438161,-0.896186
7,0.976574,0.231141
7,0.351512,0.933044
7,0.237158,-0.9831
7,0.884273,-0.491219
7,-0.983171,-0.221269
7,-0.166725,0.996893
7,-0.614691,-0.781958
7,-0.146266,-1.00465
7,0.768657,-0.612739
7,0.33824,0.92923
7,-0.669041,-0.756962
7,1.00092,0.03415
7,0.12768,1.00218
7,-0.741679,0.678247
7,0.845734,-0.540026
7,0.297553,0.973729
7,-0.304457,0.943449
7,-0.977226,-0.159297
7,0.658129,0.771151
7,-0.956567,0.272429
7,0.868741,0.488332
7,0.030212,0.990517
7,-0.824163,-0.546826
7,-0.253763,-0.972407
7,-0.613336,0.765279
7,-0.237918,0.970311
7,1.0013,-0.0482478
7,0.0839961,0.984962
7,-0.285461,-0.971133
7,-0.202193,0.983236
7,0.614544,0.791463
7,0.669741,0.748177
7,-1.00096,0.0431174
7,0.899352,0.447051
7,0.655222,-0.747773
7,0.385549,0.927275
7,-0.264895,0.963566
7,-0.00867145,1.00756
7,0.953205,0.287649
7,-0.152163,-0.984057
7,0.841943,-0.529064
7,0.57964,-0.81954
7,0.768797,0.635961
7,0.678782,0.712118
7,-0.417503,0.912032
7,-0.371359,-0.925208
7,0.936698,-0.336365
7,0.311861,0.946484
7,0.94633,0.349166
7,-0.945786,-0.359643
7,-0.065988,0.997462
7,-0.955094,-0.256946
7,-0.368978,0.946684
7,-0.61131,0.789879
7,1.00208,0.0921266
7,-0.475602,0.891643
7,0.386373,-0.924523
7,-0.893833,-0.461201
7,0.552762,-0.82554
7,0.115266,0.987295
7,-0.947338,-0.343284
7,-0.86072,-0.545287
7,0.307757,0.949217
7,0.979241,0.0888849
7,-1.00246,0.128611
7,0.400188,0.899563
7,0.51067,-0.866618
7,-0.11425,0.965063
7,0.0636042,1.00307
7,0.160455,-0.980557
7,0.989609,-0.162738
7,0.680551,0.744549
7,0.542086,0.852818
7,-0.744313,0.683253
7,0.960869,-0.244601
7,-0.680436,-0.75608
7,-0.878229,-0.476843
7,0.29423,-0.95224
7,-0.239918,0.962188
7,-0.442318,0.902158
7,-0.931964,-0.31677
7,-0.209231,0.984454
7,0.828669,0.565777
7,0.875151,0.504694
7,0.432407,0.902134
7,0.791104,-0.631345
7,0.822207,-0.575703
7,0.807049,0.594699
7,-0.81437,-0.605166
7,-0.736771,0.672471
7,-0.740684,-0.67701
7,-0.821152,0.572077
7,0.880924,-0.487385
7,0.951242,0.31632
7,0.859059,0.54271
7,0.508296,-0.880918
7,-0.88012,-0.461818
7,-0.121252,-0.991122
7,1.01486,0.00217966
7,-0.474267,-0.904442
7,-0.0352489,-1.01275
7,0.692265,-0.730189
7,-0.154998,0.995055
7,-0.0545741,-0.98894
7,-0.219323,0.979676
7,0.0596829,-1.01143
7,-0.999224,0.0890807
7,0.555201,-0.842713
7,-0.660191,0.738326
7,-0.68383,-0.723139
7,0.9785,0.216761
7,-0.933471,-0.390157
7,-0.0739796,-0.991911
7,0.78469,0.610624
7,-0.583529,-0.796987
7,-0.357798,-0.921581
7,0.329653,-0.961155
7,-0.709853,-0.682231
7,-1.00956,0.0895203
7,0.09967,-0.98996
7,0.301173,-0.942798
7,0.980104,0.237699
7,0.801918,-0.611369
7,0.0347661,-0.997272
7,-0.508716,0.843257
7,-0.431369,0.903828
7,-0.509654,0.858605
7,-0.996561,0.121975
7,-0.979305,-0.155424
7,-0.814857,0.578936
7,0.633259,-0.766703
7,-1.00044,-0.132494
7,-0.0618063,0.997732
7,0.850609,-0.520978
7,-0.643747,0.747661
7,-0.2122,-0.981501
7,0.303669,-0.944278
7,-0.273304,-0.962081
7,-0.96379,0.330138
7,1.02332,0.0126063
7,-0.250981,-0.952739
7,0.380099,-0.92876
7,-0.931266,-0.327623
7,0.0678847,0.995981
7,-0.16216,0.980179
7,0.950573,0.291014
7,-0.97464,-0.208513
7,-0.884029,-0.507357
7,-0.0696005,-0.997226
7,-0.0963451,0.982967
7,-0.93413,0.303995
7,-0.11255,0.992873
7,-1.00089,-0.0925336
7,-0.637039,0.771556
7,0.800139,-0.602399
7,-0.127776,-0.982016
7,0.555218,0.828834
7,-0.828642,0.562849
7,-0.504292,0.845366
7,-0.394538,0.930557
7,0.877028,-0.468889
7,-0.584592,0.797337
7,0.218464,0.987086
7,-0.373503,0.933427
7,0.700224,0.71141
7,-0.644129,-0.775386
7,0.180023,0.977238
7,0.407759,-0.909526
7,0.98566,0.192267
7,-0.834534,0.552968
7,-0.961202,-0.265443
7,0.990014,-0.244473
7,-0.901447,-0.431749
7,-0.841412,0.550662
7,-0.750308,0.672418
7,-0.972984,0.26828
7,0.919842,-0.384298
7,-0.927394,0.345631
7,-0.822095,-0.580909
7,-0.891706,0.449175
7,-0.673895,-0.769171
7,0.984748,-0.194203
7,0.274677,0.950565
7,-0.236241,-0.988956
7,0.850577,0.530224
7,0.641286,0.763826
7,0.975974,0.257695
7,0.844453,-0.559064
7,-0.79181,-0.621583
7,-0.877339,-0.488815
7,0.39856,0.924089
7,-0.961089,-0.209995
7,0.959921,-0.184894
7,-0.503939,-0.863209
7,-0.998346,-0.0884485
7,-0.861777,0.467791
7,-0.179888,-0.978835
7,0.836414,-0.558681
7,-0.965701,0.248903
7,0.840224,-0.55717
7,0.914907,0.41266
7,0.987019,0.187184
7,0.734613,-0.674931
7,0.0489082,-0.98829
7,-0.294536,0.963059
7,0.738489,-0.67609
7,0.964308,0.270334
7,0.162492,0.986066
7,0.444543,0.904349
7,-0.398778,-0.90034
7,-0.91398,-0.423991
7,-0.789761,0.663473
7,0.301195,0.957085
7,0.48218,-0.886565
7,-0.867024,0.494506
7,-0.807825,0.571775
7,-0.739436,-0.669539
7,-0.928395,-0.371597
7,0.12856,1.00047
7,0.247192,-0.966253
7,0.383585,-0.913519
7,0.983416,0.202421
7,-0.166357,-0.982068
7,-0.733751,0.669263
7,0.545579,0.853253
7,0.995038,-0.0433342
7,0.737678,-0.662108
7,0.596415,0.809875
7,-0.97201,0.242037
7,-0.0175609,0.989123
7,0.142517,-0.971108
7,-0.618143,0.784491
7,0.0151035,1.00297
7,0.0436228,1.00413
7,0.031959,-0.998978
7,0.944718,0.339888
7,0.979844,-0.171339
7,0.990358,-0.103472
8,-0.879625,-0.469692
8,1.0043,-0.0306253
8,-0.869235,0.495155
8,0.0887545,0.99671
8,-0.421944,0.889255
8,0.457092,0.89119
8,-0.68197,0.742291
8,0.333725,-0.914728
8,-0.991724,0.161202
8,0.0547083,0.980796
8,-0.808776,-0.575735
8,-0.991353,0.157242
8,0.434686,0.883409
8,0.775433,0.636753
8,0.976578,-0.205281
8,-1.00351,-0.106075
8,1.01081,0.0507619
8,-0.98549,0.134701
8,0.104125,0.984441
8,-0.898451,-0.469195
8,-0.724149,-0.693945
8,0.64707,0.749966
8,-0.950248,0.314672
8,0.0435345,-0.986188
8,-0.196482,0.971785
8,0.0227178,0.995841
8,0.960483,0.296012
8,-0.686904,-0.759662
8,-0.859387,-0.48619
8,0.97183,-0.232994
8,-0.38349,-0.938037
8,-0.951252,0.29602
8,-0.494053,-0.872009
8,-0.580109,-0.79877
8,0.226365,-0.966328
8,-0.639714,0.759831
8,-0.976093,0.163528
8,0.633618,-0.764568
8,-0.892092,0.470616
8,-0.867488,0.480651
8,-0.075448,-0.990687
8,0.797939,-0.584107
8,-0.534862,-0.837329
8,0.787399,0.643741
8,0.902064,-0.418064
8,-0.861563,-0.501761
8,0.310547,-0.957569
8,0.991776,-0.158382
8,-0.95773,-0.256719
8,-0.0291091,0.998241
8,0.933694,0.344634
8,0.979237,0.226512
8,-0.629362,0.765531
8,-0.87276,-0.475446
8,-0.649317,-0.75157
8,-0.645662,0.748609
8,-0.894459,0.422289
8,-0.97752,-0.181004
8,0.406278,0.924187
8,0.955516,0.294422
8,-0.569553,0.811361
8,0.173034,0.977088
8,-0.01716,-1.00325
8,-0.0695658,0.992033
8,0.0666468,-1.00198
8,-0.124151,-0.987455
8,0.657482,-0.750295
8,-0.447775,0.888464
8,0.518847,0.840508
8,-1.0127,0.0452958
8,-0.996726,0.0230608
8,0.647895,0.774592
8,-0.918764,0.410141
8,0.225882,-0.97838
8,0.705201,-0.723446
8,-0.44566,-0.89265
8,0.420141,0.920129
8,0.781359,0.653401
8,0.0229177,0.993197
8,0.98746,-0.204344
8,0.445013,0.894754
8,0.533366,-0.865629
8,-0.215416,-0.97545
8,-0.995764,-0.00510411
8,0.228192,0.966811
8,0.537133,-0.842514
8,-0.784555,-0.622847
8,-0.984618,0.110049
8,0.00924652,-1.00288
8,0.952185,0.305145
8,-0.969144,0.285421
8,-0.294222,-0.956045
8,0.34572,0.947819
8,0.985758,-0.132363
8,-0.636438,-0.773464
8,0.971484,-0.201548
8,-0.587377,0.824601
8,0.989265,0.0608814
8,-0.0373067,0.988014
8,0.206656,0.975377
8,0.0599542,-0.997076
8,-0.849989,-0.499762
8,0.350757,0.961189
8,-0.904202,-0.37594
8,0.862101,0.498607
8,-0.430718,-0.895984
8,-0.993544,-0.0150867
8,0.883178,0.453951
8,-0.922194,0.383677
8,-0.141632,0.983293
8,-0.124779,0.988875
8,0.750868,-0.695517
8,0.237575,-0.955466
8,0.78833,0.62544
8,-0.731425,0.699975
8,-0.779859,-0.62488
8,0.682423,-0.728395
8,-0.996157,0.0957887
8,0.200402,-0.979733
8,0.226567,-0.972759
8,0.735027,0.675635
8,0.388751,-0.9267
8,0.673976,-0.722662
8,0.335373,-0.936657
8,1.01559,-0.0976942
8,0.086118,0.991879
8,0.525589,0.870144
8,-0.143382,-1.00322
8,0.411131,0.908482
8,0.874289,0.467097
8,-0.0447687,-1.01211
8,0.919828,0.374554
8,-0.970734,0.137535
8,0.821091,0.59584
8,0.82823,-0.567578
8,0.941979,-0.384238
8,0.989381,-0.0618846
8,0.83747,-0.542365
8,-0.731315,0.694615
8,0.0577966,-0.989125
8,0.0164405,-1.00334
8,-0.408438,-0.904374
8,0.807137,-0.586405
8,0.932981,0.361637
8,0.780076,-0.624916
8,-0.803588,0.566891
8,-0.227487,-0.988331
8,-0.683977,-0.750254
8,-0.699259,0.723157
8,-0.229007,-0.965451
8,0.0867539,-1.00587
8,-0.7206,-0.694915
8,0.849614,-0.548165
8,-0.649147,-0.76921
8,-0.169544,0.998637
8,0.577503,0.807677
8,0.732595,0.691013
8,0.990413,-0.0600502
8,0.994368,0.0795467
8,0.98055,-0.201811
8,0.542762,-0.812758
8,-0.49049,-0.880165
8,-0.0956732,0.994802
8,0.808516,-0.600913
8,0.0615209,0.988432
8,-0.402143,-0.908652
8,0.400292,-0.908111
8,-0.894951,0.448264
8,0.98929,0.132642
8,0.415979,0.916949
8,-0.16061,0.968536
8,-0.487433,-0.861771
8,0.145937,0.973953
8,0.24697,-0.96985
8,0.786141,0.61488
8,0.729244,-0.700146
8,0.165099,-0.983348
8,-0.637389,-0.774821
8,0.109125,0.997062
8,-0.351634,0.941793
8,-0.340087,0.964363
8,0.113554,-1.00133
8,0.113723,1.00874
8,-0.52373,-0.862823
8,-0.955504,0.319133
8,-0.724257,-0.70251
8,-0.0753834,0.998852
8,0.997941,-0.0373843
8,0.121791,-1.01482
8,0.19044,0.964625
8,0.00307263,-1.00199
8,0.995365,-0.0591999
8,0.941544,-0.332483
8,-0.98566,0.147418
8,-0.48419,0.886496
8,-0.88539,0.449962
8,-0.784294,0.60723
8,-0.921461,-0.373722
8,0.475497,-0.890698
8,0.196696,0.98034
8,0.400254,-0.90796
8,0.0476284,-0.999981
8,0.0444298,-0.993929
8,0.255274,0.962651
8,-0.0902691,-1.01037
8,0.976875,-0.156805
8,0.227946,0.978389
8,-0.882696,0.443808
8,0.103381,-0.994672
8,0.961913,0.210956
8,0.976296,-0.204641
8,-0.94825,-0.267167
8,-0.832586,0.594542
8,-0.727417,0.682648
8,-0.908935,-0.459976
8,-1.00002,0.181711
8,-0.739989,-0.654671
8,0.968916,-0.201369
8,-0.804246,-0.613552
8,0.132537,1.00446
8,0.580183,-0.80346
8,-0.991672,-0.0486303
8,0.941733,0.395575
8,-0.911304,-0.406476
8,-0.994128,0.0692663
8,-0.102164,1.00548
8,0.575963,0.840828
8,0.933568,-0.323426
8,-0.0176133,-0.998067
8,0.000311559,-1.01568
8,0.547101,0.822456
8,-0.780292,0.625737
8,-0.999347,-0.130751
8,-0.333923,-0.951759
8,-0.434688,0.900406
8,0.966312,0.322711
8,-0.960145,0.292898
8,0.443317,0.897088
8,0.0653063,-1.00053
8,-0.159581,0.992605
8,0.735823,0.644891
8,0.430653,-0.921172
8,-0.351914,-0.947762
8,0.914734,-0.429735
8,0.684844,0.732349
8,-0.984633,0.150297
8,0.295134,-0.969318
8,0.993715,-0.0455576
8,0.375079,-0.919788
8,0.613115,0.768072
8,-0.956244,0.348481
8,-0.534051,-0.844407
8,-0.84842,-0.553039
8,0.133723,-0.989352
8,-0.829232,-0.58601
8,-0.538292,0.857406
8,-0.742719,0.669078
8,-0.00931519,-1.01368
8,0.981053,-0.249516
8,-0.422746,0.895449
8,-0.640647,0.748897
8,0.379455,0.92208
8,0.755238,0.673423
8,-0.940341,0.328157
8,0.900619,-0.422592
8,0.15849,0.984768
8,0.776095,0.612666
8,-0.604973,0.785307
8,-0.0801457,1.00539
8,0.750014,-0.657206
8,-0.0830799,-0.998605
8,-0.913025,0.39292
8,0.997177,-0.0811455
8,-0.24837,0.975493
8,0.396464,0.911302
8,-0.727108,0.702668
8,0.907133,0.44355
8,-0.7134,0.692057
8,-0.962123,0.282384
8,0.797971,-0.616679
8,-0.42725,0.91377
8,0.675711,0.757218
8,0.971376,0.199498
8,0.950141,-0.349813
8,-0.492831,0.868702
8,-0.739242,-0.695426
8,-0.554841,-0.827683
8,-0.785997,0.631442
8,0.955248,0.236862
8,-0.561215,-0.815678
8,0.927802,-0.311932
8,-0.934627,0.322333
8,0.160545,-0.980735
8,0.37111,-0.907891
8,-0.985889,0.18092
8,-0.240589,0.973402
8,0.715621,-0.701175
8,1.00165,0.0945538
8,0.772233,0.635176
8,0.102159,-1.00039
8,-0.952103,0.23979
8,0.23645,-0.970706
8,-0.179335,0.985367
8,0.940424,-0.375891
8,0.348028,0.951115
8,0.968291,-0.224878
8,-0.675927,0.728478
8,0.846762,-0.529452
8,-0.889197,-0.480906
8,9.20566e-05,-1.00496
8,-0.380515,-0.939949
8,-0.877383,-0.472654
8,0.928315,0.351812
8,-0.92642,-0.435667
8,-0.66069,-0.751833
8,-0.987492,-0.138683
8,0.833376,0.592694
8,-0.899626,0.450964
8,-0.355431,-0.926749
8,0.883623,0.4955
8,0.424822,-0.904484
8,-0.917835,-0.409438
8,-0.806454,0.56878
8,-0.994609,0.126164
8,-0.971503,-0.248437
8,0.279146,0.962625
8,0.522919,-0.85999
8,-0.804339,-0.556609
8,-0.954645,0.319296
8,-0.624,-0.775331
8,-0.333181,-0.954884
8,1.00127,-0.106854
8,0.934744,-0.321987
8,-0.913975,0.388575
8,0.929428,-0.360572
8,0.630775,0.781505
8,-0.244855,-0.970759
8,-0.574709,0.817645
8,0.566321,0.819157
8,-0.250128,0.965077
8,-0.825284,0.581
8,0.571141,0.792557
8,-0.880144,0.513201
8,0.850273,-0.517515
8,0.87816,-0.456923
8,-0.939139,-0.369022
8,0.893766,-0.416279
8,-0.992967,-0.198122
8,0.886562,-0.491793
8,0.0185321,0.99502
8,-0.410856,-0.908534
8,0.974254,-0.25117
8,0.989674,0.0705159
8,0.907617,0.428169
8,0.867817,-0.47259
8,0.990716,0.156459
8,1.00353,-0.00121967
8,-0.0811113,-1.01213
8,0.433965,-0.898018
8,-0.540784,-0.844396
8,0.993842,-0.0474114
8,-0.981685,0.184537
8,-0.513217,0.844651
8,0.921598,0.39996
8,0.243842,-0.971693
8,-0.797958,0.585754
8,0.874147,-0.53415
8,-0.867243,0.474828
8,-0.355259,0.933341
8,0.952962,-0.330736
8,0.569848,-0.7996
8,1.00285,-0.0583617
8,-0.766828,-0.651675
8,0.768105,-0.666502
8,-0.977965,-0.182204
8,-0.829603,-0.55322
8,0.789822,0.622526
8,0.932768,-0.381702
8,0.819085,0.561844
8,0.857011,-0.515766
8,0.969709,-0.229123
8,-0.787829,0.643006
8,-0.324971,0.946429
8,-0.978837,-0.238026
8,0.447354,0.884935
8,0.552181,-0.815479
8,0.808529,-0.587038
8,0.525618,-0.836717
8,0.67498,-0.744638
8,0.077184,1.00464
8,0.653485,0.763438
8,0.966846,-0.280617
8,0.205611,0.976631
8,0.929199,0.421288
8,-0.0903381,-0.978314
8,-0.514866,0.867416
8,-0.785512,0.603458
8,0.767421,0.6414
8,0.457188,0.879846
8,0.992717,0.0594484
8,-0.91426,-0.395644
8,0.192886,-1.00446
8,-0.312645,0.931585
8,-0.49801,-0.871677
8,-0.845045,0.542501
8,-0.638897,0.769353
8,-0.910716,0.425864
8,-0.508325,0.889777
8,-0.760169,-0.646525
8,-0.23435,0.99536
8,-0.802281,-0.569714
8,-0.172218,0.988282
8,0.368771,-0.937456
8,-0.95029,0.324808
8,-0.93673,0.324347
8,-1.00391,0.0650295
8,-0.584692,-0.826274
8,-0.32475,-0.959125
8,0.239957,0.963356
8,-0.915471,0.39128
8,-0.486087,-0.875436
8,-1.01422,0.0689008
8,0.836377,-0.540497
8,-0.862088,0.50329
8,0.711938,0.679741
8,0.466884,-0.885414
8,-0.940363,0.292336
8,0.393932,0.9106
8,-0.995335,-0.0766648
8,0.272328,0.946618
8,-0.853165,0.49689
8,-0.684926,-0.727541
8,0.755482,0.667177
8,0.270675,-0.953328
8,0.908434,-0.407568
8,0.837152,0.580426
8,-0.995222,-0.00357134
8,0.25545,-0.961916
8,0.550117,-0.84111
8,0.516473,0.846516
8,0.683297,-0.737224
8,0.359777,0.923447
8,0.403969,0.90071
8,-0.238278,0.953815
8,-0.538117,-0.862332
8,0.923813,-0.327798
8,-0.932073,-0.348168
8,-0.93338,0.388133
8,0.985112,-0.0585075
8,-0.120983,-0.986262
8,-0.509173,-0.866512
8,-0.997941,-0.0275175
8,0.711294,0.68791
8,0.799525,0.568005
8,0.460025,0.862927
8,0.935109,0.371356
8,-0.191758,0.98287
8,-0.490059,-0.860772
8,0.217186,0.975967
8,-0.8547,0.507957
8,-0.962985,-0.283677
8,-0.251343,-0.962555
8,0.901152,-0.437244
8,-0.795138,-0.619327
8,-0.913373,-0.447213
8,-0.366775,-0.937136
8,0.734554,0.637043
8,-0.946551,-0.358656
8,0.326727,0.932943
8,-0.396696,-0.919124
8,-0.837664,0.55101
8,0.00336517,0.998398
8,-0.074165,-0.986983
8,0.965971,-0.279395
8,0.814523,-0.599825
8,0.0207701,0.995061
8,0.820493,0.588277
8,0.651812,0.766798
8,0.99893,-0.115894
8,0.946006,-0.364762
8,-0.242562,-0.981213
8,-0.899493,0.429879
8,0.949087,0.316972
8,0.98741,-0.176423
8,-0.866988,-0.526579
8,-0.15317,0.999749
8,-0.754989,-0.650415
8,-0.611877,0.790723
8,0.661945,-0.746034
8,-0.419402,-0.917445
8,0.74026,-0.647117
8,0.985817,0.104652
8,0.975259,-0.216933
8,-0.0599493,1.00772
8,0.957574,-0.244173
8,-0.405328,0.914644
8,-0.715867,-0.691493
8,0.548786,0.845756
8,0.0794228,-0.984705
8,0.969271,-0.320089
8,0.446114,-0.883523
8,0.133114,1.00175
8,-0.370421,-0.939643
8,0.546329,0.827442
8,1.00558,0.151396
8,0.94922,-0.317061
8,-0.141996,0.986951
8,-0.444255,-0.899521
8,-0.2344,0.966333
8,0.976566,-0.153568
8,0.485751,-0.877916
8,-0.148296,0.983118
8,0.684923,-0.74442
8,1.00547,-0.167629
8,-0.070421,-0.998922
8,-0.935846,0.36051
8,0.0945042,-1.00962
8,0.667561,-0.742858
8,0.566692,-0.815456
8,-0.04836,-1.00236
8,0.338726,0.914792
8,0.372163,-0.930955
8,-0.689311,-0.731845
8,1.00608,-0.114379
8,0.996745,0.114179
8,0.776517,0.629945
8,0.56014,-0.824453
8,-0.960828,0.220078
8,-0.72361,0.729097
8,0.967882,-0.286962
8,-0.0086068,1.00864
8,-0.995315,-0.0254541
8,-0.259563,0.963068
8,0.817565,-0.579257
8,0.958784,-0.280818
8,0.114907,-0.987737
8,0.972912,-0.256366
8,0.212654,-0.986771
8,0.861763,0.528241
8,-0.350831,-0.92143
8,0.984461,0.254241
8,0.679543,0.71479
8,0.377927,0.929966
8,0.933367,0.331329
8,-0.815582,-0.578789
8,0.13506,-1.00267
8,-0.794536,-0.592221
8,0.169518,-0.967239
8,-0.772244,0.650627
8,0.506817,0.866007
8,-0.956607,-0.255184
8,-0.359081,0.939012
8,0.975343,0.214423
8,-0.961774,0.25983
8,-0.0447191,0.992808
8,-0.919574,0.428967
8,0.167761,-0.987667
8,0.649909,-0.771704
8,-0.975015,-0.0559439
8,0.930297,0.381821
8,0.861439,0.530791
8,-0.309677,0.943902
8,0.0390892,0.990366
8,0.970596,0.182957
8,0.770536,-0.64884
8,1.00178,-0.123478
8,0.851219,0.524913
8,-0.723581,0.681124
8,0.945505,-0.310519
8,0.851137,0.518437
8,-1.00876,0.0207949
8,-0.738979,0.670742
8,0.806136,0.566909
8,-0.920267,-0.396902
8,0.915644,-0.410023
8,-0.640045,-0.776081
8,0.866643,-0.481314
8,-0.675947,-0.735138
8,0.96208,0.239737
8,0.411279,0.90469
8,0.457304,-0.892129
8,-0.687103,0.749188
8,0.980977,0.0838602
8,0.16677,-0.979715
8,-0.515046,-0.850121
8,-0.0184223,1.00896
8,0.694603,-0.728673
8,-0.907216,-0.385856
8,-0.234525,-0.96709
8,-0.998825,-0.153423
8,0.160959,-0.9784
8,0.273403,-0.954239
8,0.125181,-0.994151
8,1.0196,-0.0624835
8,0.945033,0.367448
8,-0.523994,0.841467
8,-0.74619,0.650747
8,0.0800682,1.00464
8,-0.817208,-0.563361
8,0.790203,0.603438
8,-0.782344,0.596946
8,-0.979821,0.257604
8,0.314931,0.942561
8,0.819759,0.572244
8,-0.672123,-0.759214
8,0.31254,-0.964935
8,-0.883123,-0.45904
8,0.851553,-0.528176
8,0.105559,-1.00642
8,-0.692182,0.732338
8,-0.491172,-0.874268
8,-0.933397,-0.379745
8,1.01528,0.12969
8,-0.590631,0.785184
8,-0.932344,-0.383722
8,0.98049,0.0828177
8,-0.550418,-0.823285
8,-0.802527,-0.599017
8,0.455996,0.885842
8,0.58738,-0.798158
8,-0.515044,0.845779
8,-0.979426,0.244525
8,-0.130911,-0.990479
8,-0.93761,0.316462
8,-0.627124,0.77631
8,0.652776,0.767693
8,-0.397231,-0.903582
8,0.6763,-0.735849
8,-0.486281,-0.881368
8,-0.954692,-0.292817
8,0.774228,0.632678
8,0.0723368,-0.992185
8,0.572265,0.836705
8,-0.195105,0.994581
8,0.681623,-0.721038
8,-0.19705,-1.00245
8,0.748796,-0.669641
8,1.00326,0.0942125
8,0.989527,0.0622324
8,-0.0817482,0.979198
8,0.937124,-0.353071
8,-0.0950661,-1.00769
8,-0.672315,-0.753487
8,0.384719,0.918315
8,0.854767,0.536913
8,0.0628894,0.98649
8,-0.18312,-0.982433
8,0.290583,0.962619
8,0.294313,-0.945049
8,0.708828,-0.686447
8,0.146243,0.997092
8,0.81535,0.596826
8,0.888095,-0.470224
8,-0.907776,-0.453294
8,0.795645,-0.589708
8,0.891024,0.431597
8,-0.733902,0.680855
8,-0.24569,-0.97414
8,0.987731,-0.0393893
8,-0.585152,0.793347
8,0.363803,0.938619
8,-0.169024,-1.01131
8,0.62602,0.783165
8,0.855168,-0.525369
8,-0.466477,0.88798
8,-0.754241,-0.65383
8,0.869665,0.518649
8,-0.0722802,1.00426
8,0.715357,-0.701283
8,0.604569,0.770533
8,-0.0446836,0.998701
8,-0.90535,0.378826
8,0.733986,-0.681522
8,0.898303,-0.484346
8,0.887458,0.470342
8,0.997702,-0.0905383
8,-0.40213,-0.928478
8,-0.27827,-0.954761
8,0.500448,-0.85213
8,-0.94444,-0.34227
8,0.937377,-0.322809
8,-0.419999,0.904176
8,-0.954284,-0.302229
8,-0.988813,-0.123172
8,-0.751383,0.665368
8,0.694892,-0.715822
8,-0.99603,-0.089054
8,0.427004,-0.904545
8,0.622007,0.784738
8,-0.903167,0.4527
8,-0.88889,0.480338
8,0.989225,0.159945
8,-0.968935,-0.115442
8,-0.903573,-0.417362
8,-0.337029,-0.95361
8,-0.934746,-0.378624
8,0.652471,0.74171
8,-0.0554239,-1.00366
8,-0.993769,0.0687227
8,-0.266155,-0.973458
8,-0.732909,0.667251
8,0.0308877,0.991376
8,1.00932,-0.0900868
8,-0.401777,-0.913486
8,-0.853056,-0.523716
8,-0.772579,-0.609646
8,-0.65863,-0.749256
8,-0.00122987,-0.992687
8,-0.241842,-0.973293
8,-0.178286,0.986576
8,0.294678,-0.946708
8,-0.995761,-0.0776873
8,0.224066,-0.971924
8,-0.958241,-0.275622
8,-0.983763,0.131791
8,-0.394686,-0.916225
8,-0.305399,-0.945004
8,0.663627,0.749883
8,0.138751,0.983016
8,0.947051,0.238344
8,0.648487,0.756477
8,0.536466,-0.829803
8,-0.800569,0.628368
8,-0.139873,-0.999191
8,-0.358629,-0.931083
8,-0.917487,-0.385834
8,0.0554963,0.987688
8,0.233016,0.976204
8,-0.91416,0.375429
8,-0.390892,-0.916659
8,-0.540295,0.845818
8,-0.884602,-0.492898
8,0.927779,0.350372
8,-0.923139,0.368573
8,0.845322,0.52635
8,0.598088,0.806468
8,0.786325,-0.576618
8,0.966011,0.254958
8,-0.807878,0.549158
8,-0.687362,-0.72388
8,-0.213173,0.962097
8,0.366469,-0.946005
8,0.528133,0.845438
8,0.534216,0.841443
8,-0.933815,0.320145
8,-0.799385,-0.607244
8,0.664901,0.74944
8,0.974615,0.141435
8,0.977503,-0.181427
8,-0.854236,0.549961
8,0.796248,0.615236
8,-0.603843,-0.788889
8,0.330391,-0.94667
8,-0.984175,-0.148143
8,0.798476,0.602838
8,0.985881,-0.140363
8,-0.624996,0.766023
8,0.580566,0.822131
8,0.243694,-0.959678
8,0.839642,-0.568985
8,-0.0614916,1.00187
8,0.318317,0.950926
8,-0.817325,-0.585888
8,0.974329,0.217809
8,0.0674727,1.00349
8,0.56786,0.816877
8,-0.505412,0.866014
8,-0.705749,0.721016
8,-0.848485,0.528429
8,-0.935357,-0.351362
8,-0.99388,-0.175495
8,-0.00836532,0.988873
8,-0.960146,0.299559
8,-0.39361,-0.91525
8,0.89335,0.439058
8,0.578999,-0.813307
8,0.0683568,1.00452
8,0.27561,0.964352
8,-0.500301,-0.834147
8,-0.81736,-0.579077
8,0.964458,-0.268786
8,-0.0558121,0.99418
8,-0.586829,-0.804538
8,0.975063,0.134915
8,-0.446392,-0.900782
8,0.973145,-0.256398
8,-0.313431,-0.946243
8,-0.396409,0.93171
8,-0.802936,-0.57586
8,0.798391,0.617956
8,0.919065,0.392297
8,-0.990959,0.0649192
8,-0.55302,-0.821531
8,-0.982673,0.20839
8,-0.701756,0.721349
8,-0.984731,0.284739
8,0.979916,-0.119447
8,-0.850439,0.535999
8,-0.81764,0.554417
8,0.135681,-0.971766
8,0.977203,-0.140139
8,-0.472763,0.909529
8,0.998163,-0.0936042
8,0.802626,0.599485
8,0.602252,0.810367
8,0.784472,0.614486
8,0.999433,-0.0452352
8,-0.994209,-0.179641
8,0.671413,-0.744221
8,-0.623387,-0.789055
8,-0.989043,0.172277
8,-0.976135,0.249668
8,-0.90973,0.386593
8,0.648652,-0.771619
8,0.874024,-0.492644
8,-0.954912,0.319176
8,-0.809961,-0.618917
8,1.00027,0.20538
8,-0.440753,-0.889802
8,0.0885136,0.98728
8,-0.209598,-0.986617
8,-0.296925,-0.962638
8,0.339913,-0.933468
8,0.489172,0.846269
8,0.643764,0.786258
8,-0.42654,-0.900951
8,-0.667636,0.75719
8,-1.01177,-0.0490361
8,-0.132938,0.987469
8,-1.00925,-0.0603123
8,-0.123078,-0.977168
8,-0.512058,-0.868387
8,-0.40771,-0.900082
8,0.772641,0.607203
8,0.276506,-0.959374
8,0.509496,0.858323
8,-0.35645,-0.949125
8,-0.42192,-0.908144
8,-0.828126,0.576307
8,-0.740089,-0.673775
8,0.620343,0.798211
8,0.438546,0.89238
8,0.987554,0.11341
8,-0.431875,-0.893061
8,0.777725,0.641309
8,0.939092,-0.236981
8,-0.595188,-0.788752
8,0.000781649,-0.999918
8,-0.568924,-0.828869
8,-0.00335592,-0.998029
8,0.603925,0.797486
8,-0.400883,-0.92156
8,0.00702073,-0.978798
8,-0.984928,0.18024
8,0.844389,-0.53842
8,-0.485393,-0.888449
8,-0.235099,0.95453
8,0.956291,-0.277995
8,-0.385075,-0.92067
8,0.17983,0.990805
8,0.801295,-0.594828
8,-0.0109268,1.02385
8,-0.6446,0.74132
8,0.73913,-0.668376
8,-0.136364,0.994681
8,-0.637776,-0.779521
8,-0.963044,0.280059
8,0.784991,0.608617
8,0.898526,0.439758
8,-0.959598,-0.309821
8,0.918157,-0.427136
8,0.818534,-0.574595
8,0.970046,0.228522
8,0.839725,-0.55646
8,-0.884365,-0.487308
8,0.983906,0.13799
8,-0.682108,0.755968
8,-0.888962,-0.420995
8,-0.998432,-0.204454
8,-0.384322,-0.944868
8,-0.779552,0.640414
8,-0.210835,0.965393
8,0.956658,0.312972
8,0.041153,0.997501
8,-1.00062,0.0801531
8,-0.914497,0.42765
8,0.717215,0.681727
8,0.654543,0.743481
8,-0.620612,0.79051
8,0.709786,-0.703999
8,0.66024,0.737418
8,0.223053,0.984188
8,0.641006,0.773763
8,0.908396,0.431943
8,-0.146967,0.994509
8,0.871403,0.474326
8,-0.874923,-0.485883
8,0.927875,0.408993
8,-0.894373,-0.480623
8,-0.98877,0.178619
8,-0.615381,-0.796567
8,-0.795119,0.599869
8,0.102325,-1.00641
8,-0.86013,-0.470243
8,-0.788441,0.589711
8,-0.117926,-1.00011
8,-0.614745,-0.790072
8,0.47041,0.861637
8,0.966741,0.250511
8,-0.991278,-0.161689
8,-0.559964,-0.813336
8,0.836641,0.52791
8,0.697236,0.697621
8,-0.332778,-0.943643
8,-0.480229,0.878345
8,0.855943,0.488775
8,-0.540731,0.844846
8,-0.887068,-0.458924
8,0.991216,-0.0304895
8,-0.923651,-0.363287
8,0.917581,0.385324
8,-0.947326,-0.29666
8,0.98007,-0.251375
8,-0.993146,0.00999491
8,0.726425,0.69124
8,0.400873,-0.908397
8,0.421441,0.909299
8,0.278609,-0.957947
8,-0.558601,-0.816173
8,0.973259,-0.212538
8,0.74085,-0.690341
8,0.596429,0.812994
8,-0.620033,-0.774761
8,-0.889926,-0.445002
8,-0.0536446,-1.00237
8,0.108218,0.990487
8,0.954628,-0.248012
8,0.969245,0.26286
8,-0.964676,-0.251416
8,0.991342,0.00874413
8,-0.55864,-0.832009
8,0.994507,0.0930498
8,0.912837,-0.42277
8,-0.854622,0.511733
8,0.952935,-0.330129
8,-0.680507,0.72988
8,0.568762,0.831783
8,-0.366716,-0.914747
8,0.217679,-0.977213
8,-1.00473,0.185895
8,0.66946,0.738064
8,-0.51167,-0.852836
8,0.106943,0.980929
8,0.301458,-0.967913
8,0.624192,0.780198
8,-0.719076,0.686249
8,0.983627,-0.237996
8,0.387914,0.924994
8,-0.797057,0.574221
8,0.893034,0.446018
8,0.425331,0.880485
8,-0.939571,-0.330283
8,-0.257204,-0.957278
8,0.998072,0.107146
8,-0.996269,0.125788
8,-0.940324,0.292108
8,-0.906118,-0.425998
8,0.993202,-0.0742216
8,-0.488038,-0.877934
8,0.261958,-0.962971
8,-0.011422,1.00022
8,0.674858,0.742704
8,-0.00823327,1.00613
8,0.961316,0.296088
8,0.859093,0.509521
8,0.159194,-0.992048
8,0.989702,0.138301
8,-0.970589,0.256901
8,0.508358,-0.843741
8,0.698974,0.701467
8,-0.868297,0.508274
8,1.0157,0.137342
8,0.618688,-0.796048
8,0.711257,-0.70515
8,0.128934,0.98319
8,0.586236,-0.808199
8,-0.996129,0.107184
8,-1.00329,0.0936432
8,-0.896727,-0.417872
8,-0.682807,0.725652
8,-0.694063,0.72781
8,0.404652,0.924211
8,0.950921,0.338632
8,-0.590563,0.816391
8,-0.815131,-0.566762
8,-0.97232,-0.138188
8,-0.956163,-0.244786
8,0.985097,-0.199138
8,0.785072,0.631628
8,0.984443,0.22538
8,-0.4492,0.870971
8,0.61217,0.79763
8,-0.584786,-0.807902
8,0.300202,-0.964981
8,0.925277,-0.411702
8,-0.619832,-0.7642
8,0.635905,-0.767467
8,0.82119,-0.557814
8,-0.978867,-0.203636
8,0.346657,-0.935421
8,-0.661641,-0.749146
8,-0.531531,0.832526
8,0.848369,-0.520823
8,-0.948558,-0.25107
8,-0.697359,0.701332
8,0.00418004,0.997995
8,0.23697,-0.980722
8,0.988033,0.178766
8,-0.724533,0.68454
8,-0.845024,0.515203
8,-0.248919,0.975235
8,0.144272,-0.974741
8,0.947664,0.288259
8,-0.53994,0.829449
8,-0.99396,-0.096964
8,-0.619807,0.794648
8,-0.693434,0.718552
8,0.109133,-0.994347
8,1.00442,-0.00980076
8,0.0769898,0.995376
8,0.31037,0.963177
8,0.930166,0.335124
8,0.837452,0.531542
8,-0.175991,-0.992109
8,0.19834,-0.980367
8,0.484365,0.86632
8,0.895193,-0.419375
8,0.996542,0.0311073
8,0.497004,0.872308
8,-0.911363,-0.432531
8,-0.980306,0.210661
8,0.150607,0.991904
8,-0.600867,-0.79638
8,-0.783328,0.604852
8,0.682399,-0.738482
8,0.493471,-0.846907
8,0.393021,0.925481
8,-0.931191,-0.394523
8,0.91319,0.396702
8,1.01372,-0.156645
8,-0.975452,0.207926
8,-0.267616,-0.985699
8,0.223709,-0.981204
8,-0.779575,0.613476
8,0.64434,-0.770837
8,0.911041,-0.414131
8,-0.298225,-0.95555
8,0.971768,0.227861
8,-0.649233,0.749183
8,-0.775593,-0.640631
8,-0.991969,-0.157008
8,0.0505009,1.00067
8,0.186006,0.996819
8,0.910266,-0.371626
8,-0.187931,0.975492
8,-0.169548,-0.992767
8,-0.977272,0.101491
8,0.941072,-0.330627
8,0.811683,0.550899
8,0.896368,0.463855
8,0.945949,0.314781
8,0.977861,-0.200774
8,0.287392,-0.942353
8,-0.953381,0.274971
8,0.197195,0.970972
8,0.616955,0.785727
8,-0.873331,0.471843
8,-0.504227,0.864493
8,-0.750632,0.668655
8,0.24947,-0.950407
8,0.785228,0.637455
8,0.481986,-0.862395
8,0.0339516,-1.00591
8,0.509556,-0.870922
8,-0.30508,0.97265
8,-0.923092,0.380699
8,0.610174,0.784111
8,-0.638824,-0.753836
8,-0.999914,-0.0412383
8,0.0340072,-1.00864
8,1.0092,0.111386
8,-0.119286,-0.969182
8,0.820728,0.5564
8,-0.988641,-0.137249
8,0.206262,-0.976052
8,0.745793,0.674595
8,0.441222,0.900313
8,-1.00022,0.0390053
8,0.911768,0.402362
8,-0.985429,0.184536
8,-0.246577,0.973113
8,-0.361276,0.941968
8,0.586922,0.813273
8,0.449559,0.880043
8,0.765875,0.625019
8,-0.953527,-0.279356
8,-0.216676,-0.985265
8,-0.118052,-1.00287
8,0.947992,-0.336658
8,-0.299534,-0.944557
8,0.995774,-0.0952707
8,0.951829,0.318293
8,0.724306,-0.699206
8,0.929806,0.343415
8,0.153224,0.988
8,0.50921,-0.860179
8,0.171062,0.970808
8,0.814438,-0.594165
8,0.986677,-0.14238
8,-0.756547,-0.667812
8,0.887528,0.480827
8,-0.980451,0.236216
8,0.954825,-0.293147
8,0.695706,0.709749
8,1.0162,-0.0479519
8,-0.985816,0.073745
8,-0.884353,-0.452887
8,0.375805,0.924235
8,0.612283,-0.782357
8,-0.737313,0.649381
8,-0.986031,0.200559
8,0.96214,-0.201705
8,0.953139,-0.355825
8,-0.978579,0.231729
8,0.786851,0.621808
8,-0.674808,-0.742444
8,0.951759,0.341207
8,-0.679903,0.74252
8,0.222569,-0.968378
8,0.0531132,1.00613
8,-0.922301,-0.375519
8,-0.338717,-0.929329
8,-0.988893,0.117366
8,-0.291621,-0.946203
8,0.807335,0.596341
8,0.860692,-0.510046
8,0.841921,-0.554671
8,0.97795,0.128975
8,0.671934,-0.737588
8,0.699942,-0.718945
8,-0.426366,0.894771
8,-0.144349,0.991613
8,-0.972846,0.244542
8,0.661245,-0.742974
8,-0.979945,-0.123253
8,1.00257,0.0566851
8,0.810042,-0.613724
8,-0.285587,-0.959391
8,0.740969,0.685696
8,0.551945,0.823698
8,-0.550764,-0.835523
8,-0.409295,0.902823
8,0.970359,0.263459
8,0.564779,0.81148
8,1.00478,0.150362
8,0.732606,-0.675177
8,-0.881394,0.487448
8,-0.995998,0.244255
8,-0.331962,0.957385
8,-0.986558,0.0729837
8,-1.00519,0.0377771
8,0.507844,0.872077
8,0.538426,0.859115
8,0.983577,-0.204703
8,0.515147,-0.874257
8,0.153252,-1.001
8,0.527492,0.840841
8,0.744786,-0.671479
8,-0.825729,0.584126
8,-0.710829,0.712977
8,0.0179758,0.995061
8,0.70453,0.703285
8,-0.438166,0.886138
8,0.273212,-0.965239
8,-0.100191,0.978462
8,0.594958,0.817224
8,0.0560721,0.978939
8,0.669539,-0.769847
8,1.00433,-0.0546226
8,0.181662,-0.974976
8,0.730416,0.670352
8,0.60213,-0.799657
8,0.596887,-0.801175
8,-0.912987,0.403202
8,-0.19545,0.975067
8,-0.930105,-0.406784
8,0.562645,-0.838832
8,0.35104,-0.930891
8,0.605764,-0.818757
8,0.985879,0.136021
8,-0.740677,-0.677011
8,0.253813,0.973831
8,-0.412215,0.926578
8,0.686449,0.717455
8,0.997363,0.191371
8,-0.977501,-0.198105
8,0.947374,0.261671
8,0.645064,-0.78274
8,1.00034,0.000550076
8,-0.0620055,0.994139
8,0.746427,0.641158
8,0.917921,-0.381958
8,-1.01035,0.107795
8,-0.918669,0.42944
8,-0.739391,0.647795
8,-1.00608,0.0764191
8,0.889714,-0.478817
8,-0.323405,0.948667
8,0.565117,0.824531
8,0.0495469,-1.00144
8,-0.4571,0.911155
8,-1.00239,0.141475
8,0.95474,-0.329417
8,-0.916885,0.42036
8,0.981789,0.254191
8,0.844554,-0.515225
8,0.240318,-0.960198
8,0.286461,0.962504
8,0.267294,-0.963591
8,0.700756,0.717577
8,-0.47006,0.876237
8,-0.543947,-0.835716
8,1.00007,-0.0665095
8,0.55287,0.843221
8,0.613739,-0.824321
8,0.105638,0.993635
8,0.194747,-0.976264
8,0.614953,0.780223
8,0.384072,0.930321
8,0.795818,0.601862
8,0.899764,0.459879
8,0.911675,0.380045
8,-0.569784,-0.857711
8,-0.738596,-0.668171
8,0.942502,0.332265
8,0.542353,0.827694
8,-0.216791,-0.976488
8,-0.954011,0.25979
8,1.00648,-0.0269304
8,0.694522,0.712265
8,-0.938076,0.306219
8,0.253408,-0.95303
8,0.200394,-0.976846
8,0.582789,-0.816459
8,-0.280212,0.970893
8,-0.988748,0.102621
8,-0.827647,-0.55763
8,0.429165,0.889059
8,-0.609827,-0.794894
8,-0.809655,0.587984
8,-0.418777,0.90156
8,-0.935652,-0.351882
8,-0.520705,0.859483
8,-0.998149,0.00418226
8,0.890206,0.470978
8,0.935879,-0.353924
8,-0.737392,-0.675687
8,-0.461657,-0.890299
8,-0.90145,0.43569
8,-0.581519,0.829982
8,0.956063,0.259083
8,-0.0857456,-0.994225
8,-0.526912,-0.840848
8,-0.87977,0.497061
8,0.90192,-0.426075
8,-0.0218975,-0.991747
8,-0.481979,-0.884644
8,0.748702,0.66556
8,0.0818003,1.00796
8,0.66302,0.733528
8,-0.417523,-0.912668
8,0.910414,-0.38468
8,0.460438,-0.885221
8,0.599012,0.793708
8,-0.00873137,-0.998222
8,-0.0100512,-1.00545
8,0.474707,0.883791
8,-0.926363,-0.46067
8,-0.970319,0.261894
8,-0.710452,0.717637
8,-0.53021,0.845069
8,-0.99053,0.161099
8,-0.880681,-0.502989
8,-0.928945,-0.334613
8,-0.976392,0.140616
8,-0.628009,-0.786514
8,0.217142,0.974724
8,0.4097,0.893225
8,0.996272,0.0279404
8,-0.0834056,-0.986901
8,-0.966987,-0.300047
8,0.271183,0.952524
8,0.690917,-0.707994
8,0.703873,-0.701349
8,0.13292,-0.978638
8,0.909041,0.442614
8,-0.373845,0.92531
8,-0.826643,0.546016
8,0.316987,-0.959903
8,-0.0616897,1.00981
8,-0.970914,0.150551
8,0.0210909,-0.993857
8,-0.972275,0.279137
8,0.571654,-0.793947
8,-0.993672,-0.00952868
8,0.993816,0.190199
8,0.535382,0.846559
8,0.96577,-0.277645
8,0.482051,0.888796
8,-0.417897,-0.898198
8,-0.342649,-0.938326
8,0.511148,0.875395
8,0.127883,0.976409
8,0.448139,-0.890537
8,0.25809,-0.979021
8,0.902372,0.444449
8,-0.945203,-0.342739
8,0.353334,0.917319
8,-0.95415,0.268331
8,0.468709,0.888417
8,0.147949,0.975944
8,-0.304441,-0.943616
8,0.217341,0.985882
8,0.999727,0.0453035
8,0.750292,0.668644
8,-0.504776,0.856337
8,0.92536,-0.349883
8,-0.225146,0.972227
8,0.554031,0.814303
8,-0.584097,0.817916
8,0.427838,-0.914591
8,-0.100802,-0.999393
8,-0.616857,0.777437
8,0.737897,-0.667816
8,0.179894,0.974389
8,-0.198522,0.969436
8,0.98651,0.18047
8,-0.971185,0.262261
8,0.705101,-0.725691
8,0.865496,0.511135
8,0.757718,0.613341
8,-0.845255,0.557313
8,0.985706,-0.193773
8,1.01454,-0.174735
8,-0.148492,-0.985774
8,0.88993,-0.446948
8,-0.401238,0.925837
8,0.378963,-0.91993
8,-0.756575,0.669362
8,-0.880799,0.515638
8,-0.986894,-0.066383
8,-0.86967,0.513609
8,-1.01643,-0.108172
8,-0.448255,-0.895983
8,1.00916,0.0446394
8,0.433338,-0.917232
8,0.890932,-0.453278
8,0.319198,-0.956323
8,-0.400047,-0.912557
8,-0.806738,-0.577312
8,-0.0366948,1.01129
8,0.581359,0.819382
8,-0.384502,0.919133
8,0.954451,-0.321637
8,-0.47727,0.90638
8,0.95522,-0.312947
8,-0.0684447,1.01197
8,-0.890668,0.4852
8,-0.777491,0.618389
8,0.602823,-0.811942
8,-0.446406,-0.892525
8,-0.125926,-0.978055
8,0.971203,-0.195992
8,-0.182359,0.984676
8,-1.00143,0.0597606
8,-0.0318194,0.989242
8,1.00502,-0.00486467
8,-0.85125,0.518428
8,0.92543,0.351217
8,-0.704217,0.679029
8,-0.430463,-0.910323
8,-0.510756,0.849619
8,-0.363348,0.93882
8,-0.946029,-0.351421
8,-0.760118,0.66212
8,0.914889,-0.404973
8,-0.637642,0.765987
8,0.296335,0.962265
8,-0.524833,-0.872392
8,-0.672778,0.74518
8,-0.961634,-0.294111
8,-0.36422,-0.927318
8,-0.633707,0.77142
8,-0.870888,-0.471461
8,0.818572,-0.591931
8,-1.00231,-0.163706
8,0.00811679,0.998012
8,0.314827,0.946685
8,0.989942,0.101394
8,-0.807858,0.586549
8,-0.00816818,-0.984826
8,0.650714,0.741908
8,-0.289585,-0.960945
8,0.933168,0.307512
8,0.622917,0.749882
8,-0.0233152,1.03579
8,-0.522724,-0.855908
8,0.794556,-0.593909
8,0.906152,-0.44092
8,0.896651,0.444606
8,0.150648,0.998126
8,0.962833,-0.260235
8,0.212733,-0.973511
8,1.02641,-0.0105725
8,0.696407,0.7176
8,-0.967918,0.149233
8,-0.914272,0.381855
8,0.511346,0.865925
8,-0.382555,0.935726
8,-0.603977,-0.766058
8,0.232956,-0.954744
8,0.676128,-0.740047
8,-0.894016,-0.449402
8,-0.98524,0.103211
8,0.756787,0.678133
8,0.986103,-0.195143
8,1.00986,-0.0899453
8,0.725723,0.683785
8,-0.111567,-0.977697
8,-0.972954,-0.186945
8,-0.899127,0.430929
8,-0.10144,0.99049
8,1.00113,-0.0683507
8,0.999406,-0.0494701
8,0.68472,0.72971
8,-0.971991,-0.245042
8,0.383687,-0.924751
8,-0.307182,0.965452
8,0.928211,0.348907
8,0.900569,0.420316
8,-0.817994,-0.572422
8,-0.863612,-0.502344
8,-0.823981,0.562893
8,0.962167,-0.281696
8,-0.409858,-0.914711
8,-0.729185,-0.659943
8,-0.277865,-0.980829
8,-0.863519,0.512612
8,0.64633,-0.74341
8,-0.0109363,0.988574
8,0.0918248,-0.997344
8,0.877775,-0.475309
8,0.94646,0.21858
8,-0.70682,-0.705891
8,-0.852113,0.519736
8,-0.895566,0.431871
8,0.861645,0.490542
8,-0.291571,-0.935928
8,-0.94021,-0.335258
8,-0.989358,0.20183
8,0.166833,1.00173
8,-0.879325,-0.450817
8,1.01498,-0.0306074
8,0.904098,0.3939
8,0.518235,0.863206
8,0.615242,0.79541
8,0.353171,-0.95147
8,0.771872,-0.63105
8,-0.334825,-0.945577
8,-0.805829,0.561655
8,-0.162344,0.964553
8,-0.437837,-0.897277
8,0.576416,-0.810278
8,0.715801,-0.666823
8,0.755417,0.65192
8,0.297928,-0.942848
8,0.816382,-0.574682
8,0.618432,0.776266
8,-0.945432,-0.297869
8,0.965874,-0.257653
8,-0.994809,0.166056
8,-0.975107,-0.180443
8,0.924678,0.419581
8,-0.61238,0.804469
8,-0.959059,-0.2832
8,0.214985,-0.981444
8,0.146566,0.985901
8,0.851222,0.515126
8,-0.603066,-0.78815
8,0.873497,-0.469407
9,0.748996,-0.680866
9,0.95475,0.316793
9,0.200135,-0.967992
9,0.24852,0.970962
9,-0.898863,-0.435277
9,0.0362666,-1.00798
9,0.535506,0.854366
9,0.906429,0.420229
9,-0.355709,0.926692
9,-0.0928728,1.01555
9,0.565968,-0.80788
9,0.996001,0.192179
9,-0.770415,0.621531
9,0.10803,-0.992195
9,0.320585,0.950903
9,0.984417,0.0637351
9,0.999303,0.105025
9,0.984047,0.163039
9,0.117703,-0.999952
9,0.679005,0.747256
9,-0.918837,0.415434
9,-0.90054,0.377431
9,0.943998,0.29296
9,0.434859,-0.912192
9,-0.914057,0.361614
9,-0.99738,-0.159851
9,-0.988285,0.162919
9,-0.340357,0.932761
9,0.910352,0.386629
9,-0.104755,0.988564
9,0.655103,-0.74324
9,-0.86958,0.51054
9,-0.979456,0.0824219
9,-0.185095,0.989428
9,-0.611723,-0.797365
9,-0.206405,0.973365
9,-0.506012,-0.862244
9,0.924899,0.358647
9,0.821296,0.576945
9,0.533776,-0.853716
9,0.551752,0.823194
9,-0.244688,0.959087
9,0.0145676,0.990849
9,-0.464393,0.888073
9,-0.886055,0.457055
9,-0.1025,-0.993597
9,-0.957351,0.265108
9,0.981512,0.136395
9,0.544618,0.8391
9,0.789041,-0.611328
9,-0.388663,0.924642
9,0.32819,-0.928168
9,-0.461687,0.891776
9,0.123187,1.00478
9,0.17364,-0.992031
9,-0.537062,-0.862994
9,-0.985669,0.00483554
9,0.85732,-0.519185
9,0.120142,0.989948
9,-0.902754,0.420339
9,-0.0880671,1.01561
9,-0.122699,0.997854
9,-0.586034,0.7999
9,0.172727,-0.983909
9,-0.978819,0.11709
9,0.849946,-0.523905
9,0.960136,0.313568
9,-0.960198,0.27974
9,0.45058,0.903668
9,-0.944316,-0.307917
9,0.655822,-0.73596
9,0.246678,-0.980571
9,0.882137,0.454342
9,0.984134,0.0862725
9,-0.826833,-0.524372
9,0.957979,0.278437
9,-0.845061,0.501178
9,-0.242373,0.975703
9,0.68159,0.724247
9,-0.27054,0.959588
9,-0.585652,-0.821315
9,-0.588182,0.817298
9,-0.348078,0.953206
9,0.396832,-0.902904
9,0.96844,0.270215
9,0.494841,0.839774
9,0.786571,0.617385
9,-0.0887311,0.99394
9,0.324907,0.964683
9,-0.2345,-0.955419
9,0.87967,-0.453248
9,-0.562404,0.836526
9,-0.887235,0.442202
9,0.987316,-0.216556
9,-0.597794,0.783174
9,-1.00211,0.0869744
9,0.380029,0.943402
9,-0.984576,0.125565
9,-0.520326,0.853212
9,-0.864297,-0.527278
9,0.826041,0.568794
9,-0.05249,0.990907
9,0.209439,0.984147
9,0.607298,0.804256
9,-0.800965,-0.60932
9,-0.547556,0.832725
9,-0.892812,0.466692
9,0.926158,-0.41499
9,-0.44316,0.862649
9,0.104757,-1.01072
9,0.282156,-0.95822
9,0.732199,0.682484
9,0.528578,-0.859715
9,0.835305,0.544725
9,1.00014,0.00258792
9,0.818223,0.57416
9,-0.0193027,1.00628
9,0.993897,-0.116845
9,0.390228,-0.918572
9,-0.987436,0.213733
9,0.900555,-0.395332
9,0.264852,0.985773
9,0.235508,0.9877
9,-0.631949,-0.782554
9,0.973219,0.272544
9,0.722908,-0.662707
9,-0.901402,0.467344
9,-0.866665,0.480511
9,-0.912026,-0.375391
9,0.822637,-0.524559
9,0.761086,0.653509
9,0.482623,0.867513
9,-0.922639,-0.43171
9,-0.949214,-0.325575
9,-0.955489,0.266375
9,1.01277,0.0225656
9,-0.946992,-0.264552
9,-0.829276,-0.565417
9,0.896647,-0.431048
9,-0.236381,-0.97874
9,0.635749,0.772906
9,0.534837,0.856715
9,-0.573697,0.832154
9,-0.736378,-0.682826
9,0.497543,-0.85751
9,0.96264,0.264491
9,-0.995813,0.1536
9,0.789749,0.619233
9,-0.76476,0.653049
9,0.939255,-0.360056
9,0.461206,0.902921
9,0.897413,-0.401229
9,0.978234,0.208395
9,0.227296,-0.974988
9,1.01044,-0.055438
9,0.00730348,-0.975598
9,0.377682,-0.940795
9,0.706479,0.705356
9,-0.00185549,0.983976
9,0.0496096,0.99159
9,-0.312982,-0.970464
9,0.984255,-0.262681
9,-1.00486,0.00886955
9,-0.874008,-0.49373
9,0.956929,0.261874
9,0.0910872,-1.00491
9,0.556828,-0.856204
9,-0.0537661,0.977811
9,0.400137,-0.934483
9,-0.0694288,0.993015
9,0.619284,-0.798628
9,0.999775,0.141565
9,0.997438,-0.0161798
9,-0.927511,-0.37997
9,-0.934089,0.258153
9,0.381474,0.928598
9,-0.0602082,-1.00803
9,-0.851398,-0.537644
9,-0.668644,0.768472
9,-0.400979,-0.902077
9,0.976008,-0.250253
9,-0.997388,0.0512529
9,0.224339,-0.961907
9,0.84273,0.5335
9,-0.0741983,-1.0029
9,0.279951,-0.93786
9,-0.915071,-0.41143
9,0.135701,0.990182
9,-0.53567,-0.834295
9,0.114753,0.986515
9,0.921647,0.383503
9,-0.402027,0.919076
9,0.664101,-0.730736
9,-0.814855,-0.575642
9,-0.331371,-0.950975
9,-0.16834,-0.991715
9,-0.363333,0.922852
9,0.0690768,-0.988854
9,0.171041,0.993687
9,-0.807929,0.566545
9,0.841658,0.532517
9,-0.247481,0.979779
9,-0.526603,0.834799
9,-1.01326,0.0735414
9,-0.517895,0.859964
9,0.671781,0.745042
9,-0.132512,-1.00131
9,-0.859292,-0.515676
9,-0.895219,0.451925
9,-0.844205,-0.545677
9,-0.228517,0.963568
9,-0.671385,-0.745083
9,0.177766,-0.983424
9,-0.783455,0.6191
9,0.739682,0.647909
9,0.558687,-0.829733
9,-0.415642,0.896769
9,0.904443,0.450469
9,-0.654697,0.758142
9,-0.548754,-0.836448
9,0.989606,-0.216574
9,-0.993859,-0.0413347
9,-0.175106,-0.977013
9,-0.118233,0.98942
9,-0.77193,-0.628801
9,-0.859596,0.510387
9,-0.725908,-0.683005
9,-0.0640229,0.992892
9,-0.642182,0.773599
9,-0.993494,-0.048262
9,0.972794,0.276049
9,0.962571,-0.27934
9,0.28448,-0.96222
9,0.72075,0.677871
9,-0.654998,-0.751961
9,0.353964,0.917218
9,-0.916086,0.385851
9,0.936776,-0.398872
9,-0.533889,0.852378
9,-0.151946,0.988163
9,0.365335,-0.94335
9,-0.916131,-0.374902
9,-0.0782821,-1.00578
9,0.995827,-0.172443
9,-0.21637,0.97308
9,0.953745,-0.303276
9,0.95057,-0.290227
9,0.809675,0.591012
9,1.00117,-0.0859156
9,-0.66655,0.750177
9,-0.167089,-0.979762
9,-0.976589,-0.1494
9,0.413648,-0.917801
9,0.711051,0.697577
9,-0.0339755,1.00861
9,-0.585498,-0.821773
9,-0.150111,-1.00165
9,-0.987087,-0.243823
9,0.139096,-1.00345
9,-0.937119,0.371593
9,-0.238483,0.974612
9,-0.793871,0.595653
9,0.0219644,-1.01065
9,-0.0943101,0.992921
9,-0.88652,-0.410239
9,-0.529813,0.85516
9,-0.432442,-0.907573
9,-0.883811,0.487702
9,-0.414634,0.904597
9,0.776207,0.62258
9,0.668655,-0.732219
9,-0.274988,-0.963834
9,-0.263695,0.973391
9,-0.142332,0.980339
9,0.067222,0.992874
9,0.738247,0.683186
9,-1.00144,0.0871204
9,-0.450188,0.89061
9,0.816943,0.59303
9,-0.773164,-0.624975
9,-0.192388,-0.979674
9,-0.778673,-0.621795
9,-1.00423,-0.0741833
9,-0.753636,-0.676226
9,0.480303,-0.853056
9,0.0398618,1.00051
9,-0.980197,0.193533
9,0.959554,0.278731
9,0.511244,-0.890077
9,0.710875,0.727832
9,-0.731759,-0.687034
9,-0.503197,0.862121
9,0.035078,-1.01003
9,-0.377444,0.91143
9,0.929687,-0.387433
9,-0.480152,0.881419
9,0.907573,-0.419707
9,0.665849,-0.757062
9,0.830369,0.577433
9,0.465767,0.907102
9,0.991838,0.17503
9,0.201687,-0.967123
9,-0.764541,0.639315
9,0.302922,-0.953206
9,0.770522,-0.624245
9,-0.14563,0.98682
9,-0.660699,0.754924
9,1.01748,0.0894508
9,-0.840755,0.566757
9,0.554233,0.811413
9,-0.384451,0.916267
9,1.00414,0.0420266
9,0.0850669,1.0015
9,0.259169,0.966294
9,0.641168,-0.770222
9,0.985578,0.166462
9,-0.95749,0.17065
9,-0.604449,0.798498
9,-0.959801,0.290291
9,-0.278458,0.961496
9,0.795166,-0.566421
9,-0.0840884,0.993625
9,0.987588,-0.147877
9,0.426328,-0.918671
9,0.974276,-0.26765
9,0.951692,0.269688
9,-0.502893,-0.877164
9,0.429882,-0.911622
9,0.341429,0.94262
9,-0.805395,-0.580276
9,-0.868688,0.496528
9,0.900535,0.429656
9,0.465015,-0.879797
9,-0.97847,0.163567
9,0.087683,1.00538
9,0.432262,0.918241
9,-0.430791,-0.913609
9,0.653161,-0.758958
9,-0.165502,0.977165
9,-0.88384,-0.487634
9,0.98359,-0.163705
9,0.63684,-0.777972
9,0.966108,0.183991
9,-0.623419,-0.789838
9,0.459043,-0.898142
9,0.949114,0.340785
9,-0.979822,-0.174612
9,-0.617841,0.790944
9,0.974858,-0.23459
9,0.445806,-0.866346
9,-0.196478,0.970862
9,-0.844644,0.557707
9,-0.458133,-0.8696
9,0.980922,0.219047
9,-0.112422,0.986863
9,0.919285,0.384805
9,-0.776096,-0.631611
9,0.993565,0.140909
9,0.959676,-0.324826
9,-0.996955,0.0101683
9,-0.00369921,-0.986586
9,-0.522021,-0.850974
9,0.872736,-0.492628
9,-0.265334,0.944519
9,0.521126,0.856853
9,0.472621,0.857117
9,-0.415118,-0.900945
9,-0.999539,-0.0534442
9,0.395929,0.910917
9,-0.838596,0.534172
9,-0.889603,-0.456822
9,0.697757,0.731371
9,-0.270662,0.96822
9,0.999594,-0.0216573
9,0.974847,-0.0635316
9,0.991683,0.150887
9,0.457906,-0.893517
9,0.658554,0.756544
9,-0.336977,-0.957035
9,0.821133,0.571311
9,0.450603,0.890137
9,-1.01351,0.0246856
9,0.746932,0.656401
9,0.708961,-0.709382
9,-0.409196,0.9172
9,0.998037,0.159901
9,0.277943,-0.978716
9,-0.885639,-0.486948
9,-0.329839,-0.945158
9,-0.577785,-0.826927
9,-0.259629,-0.975879
9,0.639244,-0.767673
9,0.589407,-0.797718
9,-0.541679,0.830702
9,0.770975,0.639621
9,0.332545,-0.959243
9,-0.776651,0.60969
9,-0.996697,0.172822
9,-0.41808,-0.918259
9,-0.0377192,-0.988407
9,0.694865,0.715619
9,-0.986849,-0.041505
9,0.124477,1.00179
9,0.365927,-0.917914
9,0.288449,0.945704
9,0.967414,-0.1248
9,0.987475,0.190267
9,0.0617182,0.983039
9,0.640272,-0.780263
9,0.919869,-0.396034
9,0.97783,-0.189997
9,-0.672202,-0.764164
9,0.873484,0.468726
9,-0.999247,0.0281605
9,-0.723372,-0.679249
9,-0.734873,-0.668337
9,0.908279,0.389841
9,-0.797533,0.594703
9,-0.933075,0.34476
9,0.425499,-0.925575
9,0.23422,-0.957903
9,0.137565,1.00221
9,-0.274267,-0.953704
9,0.59265,0.810411
9,0.942248,-0.380344
9,0.0404662,0.990314
9,0.994804,0.0741163
9,-0.790408,-0.627147
9,0.710914,0.730066
9,-0.99045,0.0504182
9,-0.65407,-0.761736
9,0.312979,-0.938543
9,0.10461,1.0176
9,0.499617,-0.877842
9,-0.397014,0.905942
9,0.911535,0.408243
9,0.548052,0.821817
9,-0.959786,-0.234739
9,-0.972172,-0.284927
9,-0.866359,0.506371
9,0.782159,-0.607435
9,-0.547693,-0.825126
9,0.689825,-0.713407
9,-0.993604,-0.190742
9,0.619357,0.794011
9,0.65256,0.770807
9,-0.592369,0.813253
9,-0.774366,0.63358
9,-0.774152,0.651241
9,-0.935358,-0.380643
9,0.489734,-0.872134
9,-0.456239,-0.891013
9,0.533605,-0.842758
9,0.245684,-0.974837
9,-0.969599,-0.257768
9,0.970446,-0.212811
9,0.0534222,1.01851
9,0.936422,-0.283515
9,0.406917,-0.921658
9,-0.160153,1.00256
9,-0.772162,-0.636787
9,-0.394687,0.919051
9,0.92499,-0.386746
9,-0.933563,-0.336808
9,0.93974,-0.369731
9,0.50911,0.853727
9,-0.458823,-0.879716
9,0.42429,0.884779
9,-0.957587,0.236
9,-0.936867,-0.372471
9,-0.0874193,0.982311
9,0.0752954,1.00251
9,0.949163,-0.282259
9,-0.626501,-0.768958
9,0.812166,-0.587637
9,0.99057,0.0785478
9,-0.648748,0.757317
9,0.0699493,1.01647
9,-1.00147,-0.0772469
9,0.74264,0.6649
9,-0.704867,-0.698571
9,0.0318927,-0.993823
9,-0.492784,-0.8735
9,0.848243,0.51345
9,-0.87853,-0.508127
9,0.98354,-0.114886
9,0.721611,0.682682
9,0.910096,0.389774
9,-0.199752,0.983543
9,0.524241,-0.839965
9,-0.49771,0.866485
9,0.363749,-0.931225
9,-0.998807,-0.137789
9,-0.452404,-0.904158
9,0.913744,-0.415319
9,-0.980488,-0.238586
9,0.764826,-0.661775
9,-0.863086,0.493982
9,0.637004,0.775399
9,0.100243,-0.991616
9,-0.727313,-0.656831
9,-0.0387639,-0.982514
9,-0.944078,0.347445
9,0.101143,0.989607
9,0.0105917,-0.995795
9,0.374198,-0.926232
9,0.310236,-0.940829
9,-0.058492,-0.985331
9,0.848454,0.561767
9,-0.708638,0.68539
9,0.794614,0.601564
9,-0.443132,0.889217
9,0.651663,-0.759665
9,-0.382326,-0.919967
9,0.949298,-0.339014
9,-0.205956,0.985765
9,0.0483684,0.99629
9,-0.163186,0.978077
9,-0.917483,0.385696
9,-0.85174,-0.519743
9,0.989244,0.086595
9,0.97184,0.289642
9,0.284326,-0.941845
9,0.880183,-0.482853
9,0.392344,0.929428
9,0.874365,-0.48949
9,-0.355625,0.937258
9,0.393353,-0.919791
9,-0.420497,-0.910392
9,-0.860068,0.51716
9,0.724785,0.682119
9,-0.7338,0.679398
9,0.998335,-0.180092
9,0.540689,0.839863
9,-0.0195721,1.01138
9,0.589184,0.796203
9,0.291275,-0.955429
9,0.199473,-0.986348
9,-0.81071,-0.565345
9,-1.0016,-0.182564
9,0.710441,-0.703361
9,-0.688341,-0.743266
9,-0.657674,-0.761793
9,0.296107,0.942726
9,0.540283,0.839535
9,-0.851944,0.524725
9,0.554573,-0.836065
9,0.947858,0.28428
9,-0.475622,0.896735
9,1.00948,-0.0482421
9,-0.105361,-1.00166
9,-0.0385814,1.01023
9,0.744238,0.696321
9,-0.925707,0.371276
9,0.595276,0.789686
9,-0.275262,-0.961632
9,-0.912983,0.391296
9,-0.382133,-0.917169
9,-0.714318,0.705983
9,0.857392,-0.525928
9,-0.36633,-0.949021
9,-1.0007,0.177652
9,0.13898,-0.983701
9,-0.735401,0.661022
9,-0.273159,0.972573
9,-0.417019,-0.905642
9,0.997595,0.0653112
9,-0.353623,0.943634
9,0.935063,-0.314329
9,-0.893132,-0.464549
9,-0.984381,0.225068
9,0.729595,0.688482
9,-0.563127,-0.817187
9,-0.559761,0.815312
9,0.768108,-0.649719
9,0.331948,0.953581
9,0.855898,-0.54809
9,-0.571609,0.828392
9,-0.626292,0.784711
9,-0.257367,-0.960158
9,-0.98855,-0.0754251
9,0.32447,-0.937381
9,-0.0955117,0.98719
9,-0.415748,-0.902134
9,0.913004,-0.44927
9,0.199184,-0.994153
9,0.296931,0.954769
9,-0.612835,-0.806158
9,0.579816,0.81124
9,0.289489,0.964764
9,-0.936199,0.338281
9,0.61178,-0.794757
9,-0.915292,0.380112
9,-0.983464,-0.195392
9,-0.800372,0.573786
9,0.99681,-0.134249
9,-0.223155,-0.971784
9,-0.118193,0.980136
9,-0.240054,-0.959034
9,0.927778,0.385771
9,-0.831204,0.5583
9,0.937344,-0.369277
9,-0.348707,-0.927271
9,0.833836,-0.574486
9,-0.731565,-0.706183
9,0.403364,-0.912543
9,-0.914773,-0.354881
9,0.759551,-0.651984
9,0.127978,-1.00098
9,0.591196,0.810892
9,-0.989138,0.164115
9,0.956622,-0.295197
9,0.536513,-0.85808
9,-0.551528,0.813048
9,-0.662033,0.757866
9,0.560986,-0.813255
9,0.991508,-0.151487
9,0.647035,-0.773836
9,0.604835,-0.790463
9,0.61955,-0.796477
9,0.375401,-0.914543
9,0.967322,-0.27148
9,-0.988351,0.0747192
9,-0.979124,-0.193276
9,-0.61287,-0.806492
9,0.518747,-0.83545
9,-0.286878,-0.954752
9,0.311172,0.954105
9,0.652268,0.766185
9,0.138154,0.984367
9,-0.092095,0.986949
9,-0.95529,-0.317236
9,-0.720903,0.713166
9,0.309747,-0.944641
9,-0.866524,0.475112
9,-0.936046,-0.29284
9,0.338813,0.940237
9,0.323758,0.94541
9,-0.548077,-0.819769
9,0.927472,0.356915
9,-0.0881978,1.01143
9,-0.0840927,-0.989103
9,-0.191554,-0.997213
9,-0.847263,0.531379
9,0.998798,-0.054576
9,0.834389,0.567199
9,0.516755,-0.859805
9,0.995489,-0.132096
9,0.870619,0.507493
9,0.880676,0.476065
9,0.38647,-0.919321
9,-0.989786,0.060831
9,0.991826,0.224656
9,-0.95313,0.281219
9,-0.67394,-0.739388
9,-0.985165,-0.155472
9,-0.254158,-0.943758
9,-0.503578,0.864776
9,0.0595277,-0.986056
9,-0.975526,-0.260929
9,-0.955741,-0.354149
9,-0.622898,-0.793854
9,-0.21761,0.958512
9,-0.990473,-0.121034
9,-0.730319,0.707151
9,-0.396852,-0.916126
9,-0.887312,-0.468191
9,1.01262,-0.0098654
9,0.927021,0.381124
9,0.946883,0.289959
9,-0.852497,-0.526774
9,-0.977851,-0.272957
9,-0.956014,0.265559
9,0.421194,0.911294
9,0.522706,-0.851358
9,-1.00058,0.0758134
9,0.975383,0.174957
9,-0.924614,0.405808
9,0.349139,-0.937971
9,0.52899,0.857484
9,0.0778155,-1.00262
9,-0.708997,0.676509
9,0.923922,-0.360937
9,0.965389,0.238882
9,-0.748378,0.652495
9,0.898344,-0.457346
9,0.801904,0.589082
9,-0.0511129,1.00607
9,-0.102432,-0.994667
9,-0.859853,-0.484143
9,-0.70671,-0.701383
9,-0.24218,-0.957862
9,-0.469964,0.871558
9,-0.889538,0.503481
9,-0.0272933,-0.987798
9,0.975811,0.226001
9,-0.991905,-0.0847507
9,-0.275128,-0.966256
9,-0.416813,-0.885939
9,-0.913488,0.39835
9,0.947423,-0.314169
9,0.975261,-0.194625
9,-0.759565,-0.650227
9,-0.990489,-0.101044
9,-0.768834,-0.649576
9,0.377785,-0.922412
9,-0.892815,0.467447
9,-0.915042,0.331441
9,-0.996443,-0.0273121
9,0.693652,0.702313
9,0.228897,0.962217
9,-0.849881,-0.526156
9,-0.763737,0.659454
9,-0.442239,0.889928
9,-0.309699,-0.95185
9,-0.878226,-0.48137
9,-0.22366,0.954324
9,0.163371,0.982412
9,0.993046,-0.185306
9,-0.984454,-0.054559
9,0.294216,-0.963867
9,0.997382,-0.061414
9,0.229086,-0.973765
9,-0.251017,-0.955331
9,0.982629,0.0946732
9,0.827907,0.534925
9,0.477971,-0.875844
9,0.0405645,1.00245
9,-0.783548,0.623972
9,-0.914828,-0.425093
9,-0.047427,-0.993475
9,0.341195,0.950394
9,-0.941217,0.327207
9,0.413574,0.912769
9,-0.630603,0.775914
9,-0.967697,0.191637
9,0.914634,0.40489
9,-0.621135,0.776983
9,0.253185,-0.997183
9,0.963702,-0.333083
9,0.99056,0.0167858
9,-0.889405,-0.463339
9,0.821073,0.600115
9,-0.659792,-0.748189
9,-0.756254,0.657114
9,-0.637551,0.761038
9,0.7273,-0.69041
9,0.439305,0.886918
9,0.950417,-0.31442
9,0.959396,0.276071
9,0.944657,0.347556
9,-0.994973,0.175147
9,-0.896457,0.471606
9,0.421772,-0.913205
9,0.337379,0.964058
9,-0.792302,-0.589735
9,-0.401336,-0.932915
9,0.947249,-0.3535
9,-0.848097,-0.539844
9,-1.00056,-0.0806408
9,0.947701,-0.323111
9,-0.823058,-0.567172
9,0.950389,0.297644
9,-0.92204,-0.38994
9,-0.431479,0.892266
9,-0.386101,-0.934498
9,0.266348,0.967647
9,0.974638,0.196939
9,-0.848484,0.535024
9,-0.557544,-0.823666
9,0.866349,-0.507076
9,-0.93707,-0.335234
9,0.767605,-0.646113
9,-0.195471,0.983046
9,-0.38787,0.926421
9,-0.548138,0.83012
9,-1.00438,-0.126016
9,-0.676395,-0.715368
9,0.916914,0.372446
9,0.434148,0.883485
9,-0.471062,-0.885319
9,0.971309,-0.256969
9,-0.00362091,-1.01542
9,-0.152367,-0.97842
9,0.152837,0.982326
9,0.988062,0.17747
9,-0.629798,-0.791657
9,0.97506,-0.176246
9,-0.187888,0.972383
9,-0.564524,-0.85039
9,-0.220518,0.970964
9,0.57395,0.807536
9,0.953976,-0.330238
9,0.511465,-0.848015
9,-0.538941,0.849197
9,-0.997729,0.144327
9,0.439416,-0.887177
9,0.703155,-0.722021
9,0.990826,-0.075564
9,-0.784666,0.591749
9,0.748442,-0.680125
9,0.202796,0.987928
9,0.129555,0.968527
9,-0.780174,0.620338
9,-0.647532,-0.755781
9,-1.00576,-0.00942084
9,0.180604,0.984745
9,-0.309849,0.941622
9,-0.89913,0.453998
9,0.940282,0.350773
9,0.659897,0.741587
9,0.458717,-0.880062
9,-0.855001,0.548208
9,-0.081047,0.994952
9,0.978517,0.127466
9,-0.0979582,0.991032
9,1.01243,0.0669309
9,0.336799,-0.935198
9,0.746934,-0.674013
9,0.9955,-0.128239
9,-0.473957,0.894174
9,-0.675786,0.711473
9,-0.7979,-0.617927
9,-1.03103,0.0297895
9,0.896392,-0.486912
9,-1.00676,-0.0012211
9,-1.00473,-0.033258
9,-0.746671,-0.673119
9,-0.969963,-0.235617
9,-0.684226,0.708142
9,-0.767359,-0.63643
9,0.10347,0.993758
9,-0.25551,0.980934
9,-0.256145,-0.972331
9,-0.10777,-1.01264
9,-1.00406,-0.112959
9,0.216027,-0.963866
9,-0.998131,0.0531803
9,-0.0911544,-0.996937
9,0.651419,0.748338
9,-0.99726,-0.120435
9,-0.652394,0.760406
9,-0.990106,0.000280518
9,0.827711,0.554416
9,-0.694194,-0.722766
9,-0.66462,-0.744873
9,-0.227807,-0.961925
9,-0.974472,0.174928
9,-0.891288,-0.440226
9,-0.301591,-0.978074
9,0.249658,0.981013
9,0.294915,0.934252
9,-0.861892,-0.521646
9,0.826814,-0.544187
9,-1.00195,0.0237848
9,-0.897055,-0.453099
9,0.994263,0.141162
9,0.63061,-0.776229
9,0.679544,-0.730979
9,0.908596,-0.36302
9,0.550754,0.829842
9,-0.84552,0.547824
9,-0.929406,-0.339654
9,-0.277009,-0.958291
9,-0.524277,-0.855977
9,-0.687978,0.724363
9,-0.558531,0.849428
9,0.791075,0.628301
9,0.814992,-0.56446
9,-0.428407,-0.885933
9,0.980783,-0.126101
9,-0.991467,0.174212
9,0.522287,0.872695
9,0.015637,0.997997
9,0.0334117,-0.986677
9,0.98241,-0.190823
9,-0.974543,-0.139576
9,-0.47601,0.870151
9,0.229783,0.986265
9,-0.153171,-1.01153
9,0.325218,0.930121
9,-0.376065,0.929326
9,-1.00661,0.0569203
9,-0.967361,-0.126718
9,-0.0763481,0.983809
9,-0.118279,0.999835
9,0.743914,0.646429
9,-0.425273,0.885832
9,-0.948636,-0.34622
9,-0.539582,0.843027
9,0.498427,-0.874761
9,0.865801,0.489802
9,0.705863,-0.716133
9,-0.97761,0.232008
9,-0.798315,0.589838
9,0.294366,-0.948846
9,-0.713086,0.681712
9,0.893653,0.437656
9,-1.00379,-0.00500372
9,0.0417397,0.989799
9,0.195847,0.973765
9,1.00007,-0.156362
9,-0.967569,-0.230213
9,-0.68482,0.741221
9,0.450664,0.88805
9,0.986151,-0.231612
9,-0.462353,0.89677
9,0.733826,0.703045
9,0.379631,0.930347
9,-0.640013,0.77233
9,-0.415019,0.919866
9,0.959867,-0.29621
9,0.687584,-0.725549
9,0.412235,-0.925148
9,-0.829713,0.540628
9,-0.77796,-0.65178
9,-0.999027,-0.116811
9,0.043964,-1.0109
9,-0.148375,-0.980561
9,0.668462,0.74689
9,-0.957649,-0.289192
9,-0.200017,0.990836
9,-0.055718,1.00107
9,-0.00117402,1.00495
9,0.535908,-0.84634
9,-0.459046,0.901614
9,-0.488426,0.871617
9,0.996667,0.0569243
9,0.492324,-0.873328
9,-0.648204,0.775245
9,-0.935824,0.381903
9,-0.734225,-0.682361
9,-1.00066,-0.0627958
9,-0.990285,0.100121
9,-0.96027,-0.277679
9,0.741606,0.656527
9,-0.650143,-0.765191
9,-0.796049,-0.618183
9,1.01283,0.0354334
9,-1.00391,-0.0338973
9,-0.516933,-0.857428
9,-0.356767,-0.90584
9,0.495725,0.885682
9,0.205431,-0.987881
9,0.610766,-0.785593
9,0.028845,1.00112
9,-0.759961,-0.602459
9,0.0920915,-1.01131
9,-0.552089,0.831224
9,0.277116,0.969197
9,0.187724,0.995947
9,0.958062,-0.227397
9,0.172122,-0.989042
9,0.104242,-1.00625
9,-0.59649,0.804856
9,0.599245,0.79116
9,1.01344,0.0270147
9,0.733201,-0.693501
9,0.236226,0.973046
9,-0.209791,-0.969847
9,0.215972,-0.964924
9,0.577806,0.812058
9,1.00249,0.00389076
9,-0.866134,-0.491548
9,-0.984592,0.235111
9,0.0873163,0.99918
9,0.774714,-0.61951
9,0.933612,0.369219
9,-0.0373815,1.00337
9,0.667055,-0.743442
9,0.246862,-0.987586
9,-0.33947,-0.931179
9,0.853272,-0.506284
9,0.954751,0.289844
9,0.931146,0.38257
9,-0.630446,-0.756693
9,-0.461209,0.894413
9,1.00322,-0.0851174
9,-1.00877,0.000830142
9,-0.979261,-0.173368
9,0.591592,0.815639
9,0.937614,-0.305515
9,0.410554,0.913005
9,0.556818,0.829826
9,0.775615,0.623288
9,-0.417703,0.912541
9,0.867913,-0.449915
9,0.664213,-0.744596
9,0.466024,-0.888203
9,-0.813689,-0.553854
9,-0.553957,0.820621
9,-0.317392,-0.945298
9,0.980731,-0.211926
9,-0.462371,-0.874897
9,-0.0117191,1.00682
9,-0.863833,0.527751
9,0.822211,-0.570599
9,-0.883028,0.469714
9,-0.910283,-0.400575
9,0.931643,0.358286
9,-0.510139,-0.858238
9,-0.989781,0.0800433
9,0.123283,0.995275
9,-0.961704,0.322657
9,0.375765,-0.927761
9,-0.671047,0.727134
9,-0.638665,0.764421
9,-0.901301,0.409309
9,-0.616612,-0.784386
9,-0.314972,0.937868
9,-1.00439,0.0841272
9,0.37014,0.945626
9,-0.0575031,1.0001
9,0.978461,-0.245053
9,0.414832,0.912618
9,-0.461241,0.895749
9,0.682666,-0.712996
9,-0.788365,-0.621636
9,0.194556,0.978186
9,-0.565785,0.83447
9,-0.105876,0.995033
9,0.784544,-0.597898
9,0.86524,0.499681
9,0.748993,0.638778
9,-0.887018,0.500626
9,-0.981147,0.105739
9,-0.892201,0.461457
9,-0.877491,-0.478973
9,0.994973,0.175197
9,0.0458409,-1.0094
9,-0.259061,-0.950611
9,-0.889545,-0.47698
9,-0.934486,-0.388183
9,0.0522053,-0.994814
9,0.798904,0.599056
9,0.196967,-0.994417
9,-0.974523,-0.244573
9,-0.313438,0.956141
9,-0.808105,-0.572972
9,0.134703,-1.00124
9,0.901544,-0.432085
9,0.280391,-0.971567
9,0.387951,0.913882
9,-0.187002,0.986146
9,-0.314783,0.960302
9,0.967923,-0.148194
9,-0.765952,-0.634391
9,-0.235209,-0.955408
9,-0.94743,-0.240656
9,0.0574856,1.00096
9,0.0320255,-0.988594
9,-0.750159,-0.672542
9,0.95622,-0.313513
9,0.271318,0.961459
9,0.514189,0.855186
9,-0.623063,0.786297
9,0.495859,-0.869102
9,0.912748,0.396979
9,-0.262126,-0.968299
9,-0.321978,-0.962221
9,0.466598,0.87458
9,0.87524,-0.508983
9,-0.111717,-1.00786
9,-1.00348,0.059154
9,0.929556,-0.336698
9,0.403384,0.927369
9,0.836819,0.53188
9,-0.973217,-0.276342
9,0.432097,-0.905015
9,-0.988346,0.0223727
9,-0.0285559,-0.994964
9,0.667024,-0.730822
9,0.78672,-0.617819
9,-0.87838,-0.488545
9,-0.0220739,0.994923
9,-0.609489,-0.794461
9,-0.039536,-0.993762
9,0.876091,0.507625
9,0.434907,0.913169
9,-0.592777,0.802748
9,-0.295251,0.973653
9,0.080231,-0.983813
9,0.697817,-0.744035
9,-0.0533043,0.987772
9,-0.0319799,-1.00016
9,-0.140578,0.995038
9,-0.949679,-0.295523
9,-0.970526,-0.227935
9,0.872984,0.474762
9,-0.967799,-0.222454
9,0.719474,0.715631
9,0.0553114,-0.995147
9,0.22438,-0.975921
9,-0.379962,0.924368
9,0.986641,0.00126939
9,0.842151,0.537957
9,0.67512,-0.756061
9,-0.924218,0.375067
9,-0.416611,0.909204
9,0.987354,-0.136626
9,0.886759,-0.422692
9,-0.995387,0.0493425
9,-0.93518,0.35007
9,0.975729,-0.224287
9,-0.529649,-0.863421
9,0.795051,-0.613502
9,0.978544,-0.0736987
9,1.01142,-0.0196509
9,-0.362317,0.946482
9,0.152707,0.983895
9,-0.545805,0.826272
9,0.909658,0.445485
9,-0.604857,-0.796818
9,-0.198463,0.976932
9,-0.523186,-0.839708
9,0.620919,-0.802966
9,-0.798137,-0.606664
9,-0.0826095,-1.00487
9,0.64113,-0.767782
9,-0.531527,-0.846831
9,0.74959,-0.669821
9,-0.790392,0.637707
9,-0.581149,0.846616
9,-0.930506,0.368944
9,-0.899327,-0.473496
9,0.8986,-0.457618
9,-0.0211737,1.00645
9,-0.0865788,0.992283
9,0.430668,0.899177
9,-1.00181,-0.0639096
9,0.530163,0.824639
9,-0.985479,-0.170244
9,0.170596,0.983967
9,0.722836,0.675693
9,-0.744565,0.64868
9,0.180637,-0.981147
9,0.740247,0.67403
9,0.962614,0.253961
9,-0.995303,-0.0239976
9,0.228797,-0.969053
9,-0.00951764,0.988964
9,0.945643,-0.359636
9,-0.0704178,0.996562
9,-0.774902,-0.620716
9,0.87347,0.512664
9,-1.00188,0.139707
9,-0.958946,0.248534
9,-0.924392,-0.336916
9,0.628761,0.786592
9,0.538618,0.825675
9,0.403956,-0.910437
9,-0.408403,-0.908709
9,0.153956,-0.995439
9,-0.340014,0.938449
9,0.584307,-0.82898
9,-0.96936,0.22217
9,0.902554,0.413405
9,0.265083,-0.977757
9,0.244153,0.955678
9,0.932714,0.383769
9,-0.0749489,-0.992991
9,-1.00075,0.00552822
9,0.583918,-0.818684
9,0.603017,-0.793117
9,-0.963827,0.243633
9,0.969985,-0.25497
9,0.818869,0.568969
9,0.928508,0.363989
9,0.634096,0.783731
9,-0.153981,-0.979375
9,0.954672,-0.28835
9,0.261484,-0.969767
9,-0.738673,0.683285
9,0.987533,0.128217
9,-0.968925,0.217021
9,0.822322,-0.571536
9,0.264231,-0.959192
9,-0.974084,-0.235008
9,0.346573,-0.930097
9,-0.903064,-0.400508
9,-0.577938,-0.797576
9,0.839193,-0.492797
9,0.785596,-0.630176
9,-0.781617,-0.626847
9,-0.159348,-0.983254
9,0.978434,-0.176631
9,0.389002,0.925434
9,-0.368608,-0.930684
9,-0.0291167,0.999116
9,0.850051,-0.529011
9,0.676847,-0.718322
9,0.611874,-0.796262
9,1.00264,0.0612483
9,0.995266,0.11644
9,0.808257,-0.58152
9,0.868418,-0.457262
9,0.935518,0.304347
9,0.996921,-0.175402
9,0.862499,-0.518675
9,-0.833656,0.543411
9,0.0507965,-0.995194
9,-0.255566,0.971122
9,-0.321014,-0.941466
9,0.938962,0.354665
9,0.999093,-0.0271708
9,0.0547806,-1.00223
9,-0.868453,-0.489682
9,-0.443447,0.902611
9,0.155103,0.985219
9,0.72191,0.683946
9,-1.00407,-0.0174754
9,-0.756156,0.647563
9,-0.487505,0.891707
9,0.940714,0.31705
9,-0.892479,0.489618
9,0.459333,-0.878961
9,0.91311,0.424115
9,-0.528402,-0.84419
9,0.949307,-0.237584
9,0.0804281,-0.981749
9,-0.0214844,-0.996631
9,0.978819,0.245767
9,-0.81438,-0.567185
9,-0.556678,0.830008
9,0.642182,-0.76284
9,0.397754,0.919302
9,-0.489888,-0.888606
9,-0.437559,0.884069
9,-0.489096,-0.869831
9,-0.80665,0.596177
9,-0.994366,-0.0844356
9,-0.81091,0.575279
9,-1.01898,0.112888
9,-0.940808,-0.339033
9,-0.710739,-0.70088
9,0.269037,-0.956654
9,-0.42971,0.893077
9,-0.624118,0.798282
9,-0.460597,0.880613
9,-0.167526,0.975272
9,-0.695479,0.724121
9,-1.0036,-0.0401623
9,-0.732947,-0.668116
9,0.773662,0.634756
9,0.750559,-0.678172
9,-0.256788,0.959579
9,0.911085,0.383184
9,-0.528142,0.840814
9,0.216612,-0.974066
9,-0.64234,0.768303
9,0.0921142,-0.988519
9,-0.0997435,-1.00553
9,0.051961,1.00238
9,-0.170583,0.994419
9,0.0632723,-1.01683
9,-0.498372,-0.859094
9,0.522817,-0.850761
9,-0.96667,-0.0644792
9,-1.0164,0.0365369
9,0.380483,-0.932665
9,-0.958415,0.344184
9,-0.812826,0.596896
9,0.456648,-0.896752
9,0.800534,0.611078
9,0.140908,1.00533
9,0.987015,0.0391513
9,-0.723084,0.681548
9,-0.804984,0.603475
9,-0.269217,0.961077
9,-0.887453,-0.488285
9,-0.510185,0.852414
9,0.677281,-0.732368
9,0.687361,0.714017
9,0.330765,0.939162
9,-0.831924,-0.532469
9,0.95095,-0.264745
9,-1.00099,0.119053
9,-0.914968,0.368733
9,-0.905584,-0.427783
9,-0.532757,0.86035
9,0.973658,-0.159695
9,-0.989669,0.0619999
9,-0.990533,0.161161
9,0.142956,0.978573
9,-0.258543,0.983293
9,0.944447,0.334162
9,0.996749,-0.139359
9,-0.970365,-0.252551
9,-0.856171,0.513116
9,0.660813,0.754948
9,-0.491777,-0.858854
9,-0.747835,-0.669158
9,-0.501985,0.870008
9,-0.944817,0.296528
9,0.73717,0.68884
9,1.00523,-0.0123894
9,-0.870293,0.484039
9,-0.674751,0.75203
9,-0.826916,-0.555267
9,0.489672,-0.872026
9,-0.0273708,1.01426
9,0.77934,0.657493
9,0.880446,-0.492803
9,-0.739152,0.660219
9,0.088972,-0.996042
9,-0.783014,-0.627911
9,-0.823887,-0.554099
9,-0.88233,0.42039
9,-0.992976,-0.135063
9,-0.818046,-0.579078
9,0.0412191,1.01686
9,-0.62462,-0.7988
9,-0.655153,0.773753
9,-0.292577,-0.963212
9,0.273295,0.956545
9,-0.990847,-0.0322457
9,-0.971911,-0.238818
9,-0.916293,-0.376192
9,-0.828792,0.559749
9,-0.983268,0.0262319
9,0.615259,0.797766
9,0.334332,0.930609
9,0.982993,-0.146433
9,-0.343726,-0.93745
9,-0.866195,-0.526533
9,0.0148669,-1.00186
9,-0.9475,-0.316059
9,0.565918,-0.819575
9,-0.702829,-0.728439
9,0.633271,0.783348
9,0.329406,-0.930912
9,0.498438,0.86847
9,-0.569303,-0.815736
9,-0.614331,-0.789829
9,-0.954813,-0.328001
9,0.936478,0.338788
9,-0.877333,0.500133
9,0.98858,-0.058009
9,-0.140603,0.98688
9,-0.16194,1.00258
9,-0.989489,0.0229704
9,-0.461359,-0.87168
9,0.805891,-0.612811
9,0.922324,0.368145
9,-0.258343,-0.976489
9,-0.143478,0.988678
9,-0.576211,0.802683
9,-1.01175,-0.0825206
9,0.884264,-0.484019
9,-0.419927,0.906513
9,-0.694182,-0.705858
9,0.6588,-0.73704
9,0.522197,0.85389
9,-0.947155,-0.321818
9,0.621417,0.765955
9,-0.522879,-0.866517
9,-0.937005,-0.349592
9,-0.234232,0.974308
9,-0.967449,-0.288789
9,0.539989,0.811267
9,-0.5611,0.825493
9,-0.0865423,0.98972
9,0.989831,-0.163899
9,0.834063,-0.551186
9,-0.900379,0.443749
9,-0.87485,0.457657
9,0.672094,-0.739477
9,0.866002,-0.51535
9,-0.906522,0.426373
9,0.15772,-0.976658
9,-0.340431,0.932746
9,-0.0895165,0.994912
9,-0.692736,0.718731
9,-0.706157,-0.712445
9,-0.479322,-0.874355
9,0.944337,-0.322307
9,-0.672403,0.744528
9,0.179439,0.999814
9,1.0162,-0.174888
9,-0.689523,0.731764
9,-0.495666,0.896918
9,0.962984,0.280655
9,0.86229,0.496309
9,-0.493452,0.861571
9,-0.0724092,0.998693
9,-0.185036,0.97625
9,-0.139892,-1.00321
9,0.765776,0.646517
9,-0.965299,0.288725
9,-0.684495,-0.729854
9,-0.172357,-0.982629
9,0.629659,-0.759223
9,0.731404,0.685525
9,0.0181964,-1.00483
9,-0.824151,0.518921
9,0.617996,0.790501
9,-0.641648,-0.749344
9,-0.966665,0.249474
9,0.830204,-0.597556
9,0.906455,-0.425413
9,0.0168338,0.995471
9,-0.240827,0.979198
9,-0.702998,0.698863
9,0.997451,0.0140495
9,-0.970904,0.279967
9,-0.995355,-0.0883031
9,0.592968,-0.784233
9,-0.00512696,0.990593
9,0.23456,0.974496
9,0.796798,0.596922
9,0.980701,0.176433
9,0.813884,-0.586552
9,0.837594,-0.537749
9,-0.163158,-0.983312
9,-0.06547,1.00105
9,0.922409,-0.400197
9,-0.956089,-0.286152
9,-0.644461,0.76629
9,-0.468613,0.884263
9,-0.380711,-0.918949
9,0.0264582,1.00219
9,-0.430712,0.898492
9,-0.0837732,-1.00457
9,-0.972621,0.190488
9,-0.546513,0.834334
9,-0.668469,-0.735607
9,-0.925156,0.386759
9,0.867668,-0.486529
9,-0.828627,-0.544018
9,-0.279693,-0.975318
9,-0.982931,0.118338
9,-0.93414,-0.396345
9,-0.178467,0.982405
9,-0.747816,0.689976
9,0.519796,0.860849
9,-0.274627,0.95287
9,-0.916435,0.407882
9,-0.467259,0.865062
9,-0.891066,0.397359
9,-0.366614,-0.93315
9,0.944813,-0.335509
9,0.537976,-0.841702
9,-0.251662,0.965639
9,0.795743,-0.613317
9,-1.01338,0.0151133
9,-0.545081,-0.841313
9,0.460887,-0.878734
9,-1.01357,-0.103421
9,-0.303313,-0.957492
9,-0.220202,0.945278
9,0.585349,-0.787921
9,-0.860479,0.5357
9,0.980702,0.164664
9,-0.985125,0.0615823
9,0.0536631,-1.01098
9,0.488228,0.876535
9,-0.82149,0.545978
9,0.659931,0.748564
9,0.0790005,-0.986924
9,-0.379919,0.926139
9,-0.98546,-0.18259
9,0.579155,-0.813553
9,-0.672787,0.745173
9,0.158483,-0.983312
9,0.942773,-0.313321
9,-0.511207,0.84892
9,-1.01204,-0.0714726
9,0.976362,-0.221896
9,0.328617,-0.957426
9,0.424958,0.912326
9,0.946935,0.31821
9,0.855919,0.515734
9,0.880408,-0.507367
9,0.425657,0.892248
9,-0.998592,0.0618913
9,0.981891,0.102198
9,0.279311,0.95842
9,-0.448897,-0.898452
9,0.926807,0.376211
9,-0.831294,-0.524086
9,0.465743,0.888357
9,-0.767117,-0.642827
9,-0.988751,0.222614
9,0.996392,-0.0448615
9,0.538825,0.844708
9,0.917003,-0.3973
9,0.668491,0.744856
9,0.0391348,0.986436
9,0.999303,0.152945
9,0.125838,1.00695
9,0.983861,-0.146649
9,-0.966694,0.281047
9,0.788632,-0.58745
9,0.999349,0.0635716
9,0.706234,0.685485
9,0.828815,-0.537219
9,0.458615,0.886021
9,0.92587,0.369854
9,-0.629481,-0.77264
9,-0.478779,-0.869928
10,0.957955,-0.308413
10,0.999028,0.133872
10,0.971486,-0.281586
10,0.987233,0.0694753
10,0.783422,0.61878
10,0.149311,-1.00012
10,-0.538086,-0.833774
10,0.984575,0.167256
10,0.876417,-0.45515
10,-0.967221,0.235348
10,0.932961,0.410269
10,0.0344369,-0.979052
10,0.0955841,-0.997014
10,-0.0669984,0.991237
10,-0.169723,1.00837
10,0.132845,-0.97923
10,-0.966847,0.20584
10,-0.787847,-0.634061
10,0.14288,0.984249
10,-0.998405,0.139677
10,-0.65116,0.752195
10,0.337805,-0.92845
10,-0.555154,-0.824892
10,0.995136,0.124363
10,0.76016,-0.627787
10,-0.505349,-0.8546
10,-0.837584,0.578013
10,-1.00164,-0.0332298
10,-0.599006,-0.791032
10,-0.859622,0.489287
10,-0.211967,-0.986117
10,0.911381,0.381032
10,0.272675,0.969397
10,0.212991,0.972478
10,-0.447867,-0.891456
10,0.219496,-0.960764
10,-0.00333847,-1.00437
10,0.991995,0.119198
10,-0.244438,-0.978791
10,-0.279539,0.95525
10,-0.860351,0.512007
10,0.714004,0.711455
10,-0.808656,0.623589
10,-0.217919,-0.987882
10,-0.999971,0.127676
10,-0.51141,0.849656
10,-0.497188,-0.865048
10,0.250999,0.950893
10,0.622505,0.778384
10,-0.622297,-0.792249
10,-0.293933,-0.9578
10,-0.9666,0.253404
10,-0.932411,-0.363873
10,0.849001,0.54149
10,-0.947082,-0.341997
10,0.845458,-0.506302
10,0.156822,0.980846
10,0.485445,0.872692
10,-0.184001,0.975927
10,-0.208677,-0.973023
10,0.642953,0.7652
10,-0.495777,0.87346
10,-0.015306,0.986422
10,-0.0341355,-1.00786
10,0.9091,-0.433586
10,-0.614598,0.788753
10,0.0292445,0.978399
10,-0.707425,0.676777
10,0.73644,0.690945
10,-0.188191,0.990696
10,-0.727404,-0.683437
10,-0.296908,-0.969502
10,-0.529864,0.848296
10,-0.943481,-0.3805
10,0.841661,0.574006
10,0.939081,0.309713
10,0.900978,-0.438219
10,-0.632543,-0.755258
10,0.711879,0.689847
10,0.023097,0.997602
10,0.0557636,1.01741
10,-0.733164,0.681232
10,0.804734,0.578833
10,0.958626,0.296602
10,0.979755,-0.2223
10,-0.312807,-0.950699
10,-0.979404,0.230742
10,0.424341,-0.893767
10,-0.998403,0.0295918
10,-0.572571,0.815318
10,0.827606,-0.55414
10,-0.678747,0.725132
10,-0.776937,-0.631424
10,0.860969,-0.500604
10,0.567215,0.807619
10,0.14701,0.985204
10,0.998281,0.0500629
10,0.347718,0.947695
10,-0.90026,-0.410382
10,0.050945,0.973797
10,-0.151592,0.990011
10,0.517439,-0.863117
10,-0.210853,0.965432
10,-0.970627,0.286877
10,-0.252805,-0.981277
10,0.640228,0.78881
10,0.499166,0.883149
10,0.929188,-0.387362
10,-0.299501,0.935001
10,-0.441885,0.915608
10,0.162111,0.977274
10,0.70709,-0.69607
10,-0.979097,0.199954
10,-0.810497,0.588548
10,0.962352,0.256891
10,-0.353594,-0.938631
10,-0.265209,-0.984672
10,-0.338431,-0.935408
10,0.71486,-0.697749
10,0.505976,-0.853647
10,-0.906678,-0.420819
10,1.00151,-0.0792118
10,0.74502,0.681485
10,0.955096,0.222259
10,-0.644732,-0.76865
10,-0.968094,-0.289164
10,0.378498,-0.930729
10,-0.450855,0.901281
10,-0.501507,-0.877284
10,0.511214,0.865312
10,0.847375,0.570039
10,0.560994,0.840244
10,-0.986162,0.00344685
10,-1.00598,-0.15274
10,0.10642,-0.979549
10,0.999569,-0.00352837
10,0.516105,-0.842695
10,-0.953364,0.323636
10,-0.404648,-0.898324
10,-0.99374,-0.214058
10,-0.241204,0.971724
10,-0.424046,-0.895762
10,-0.192773,0.987401
10,-0.50303,-0.871204
10,-0.0826963,-0.996851
10,0.3736,0.925494
10,0.383658,-0.915538
10,0.999474,-0.140004
10,-0.315967,-0.979501
10,0.445724,0.873065
10,-0.663551,-0.758734
10,-0.778985,0.649543
10,-0.982066,-0.0715839
10,-0.270388,-0.958779
10,0.909047,0.457406
10,0.246827,-0.970275
10,-0.427363,-0.905388
10,0.205955,0.984459
10,-0.97072,0.22911
10,-0.944388,0.350359
10,0.936747,-0.338437
10,-0.684028,0.745197
10,-0.859219,-0.476164
10,0.222767,0.959435
10,0.898748,-0.437475
10,-0.685823,0.722142
10,-0.072982,1.00892
10,-0.407972,-0.904373
10,0.32072,0.954697
10,-0.914773,-0.414936
10,0.235615,0.97235
10,-0.634156,0.791468
10,-0.946707,-0.293253
10,0.226808,0.981181
10,0.992474,0.0399721
10,-0.814768,-0.576795
10,0.0565204,1.01148
10,-0.971437,-0.239838
10,0.778347,-0.62833
10,0.826428,0.579966
10,0.968634,-0.216776
10,0.450596,0.903612
10,-0.901,-0.420683
10,-0.978078,-0.196168
10,-1.00172,-0.174704
10,-0.932267,0.382839
10,0.546984,0.809634
10,0.92246,-0.383525
10,0.454603,-0.894311
10,0.0492333,-1.00441
10,0.890189,0.468285
10,-0.960194,-0.29396
10,-0.96771,0.24067
10,-0.175718,-0.989554
10,0.234764,-0.967514
10,0.387683,0.929774
10,0.106449,0.994576
10,0.951284,0.250725
10,0.504396,-0.85816
10,-0.595856,0.826352
10,-0.988714,0.021002
10,0.938548,0.37634
10,-0.12234,0.978137
10,-0.978676,0.264242
10,-0.138951,0.986552
10,0.796244,-0.594276
10,0.946192,-0.336387
10,0.769081,0.627329
10,-0.505697,0.849558
10,1.00472,-0.0360458
10,0.905446,-0.463334
10,0.730688,0.696008
10,-0.987411,0.11563
10,-0.965268,0.192581
10,-0.530295,0.846096
10,-0.676635,-0.750694
10,0.809888,0.593839
10,0.953703,-0.287877
10,-0.861762,-0.519205
10,0.468284,0.878762
10,-0.650499,0.738525
10,-0.964319,0.325501
10,-0.19411,0.989269
10,0.271304,0.96953
10,0.793159,0.630978
10,0.821474,-0.555067
10,-0.996263,0.0419909
10,-0.971197,-0.196678
10,-0.629501,0.749923
10,-1.01275,-0.0704074
10,0.520869,0.847146
10,-0.531216,-0.832737
10,-0.762005,0.632488
10,0.75156,0.63482
10,0.936597,-0.356787
10,0.520182,0.854988
10,0.0879526,-1.02315
10,0.991244,0.237718
10,0.802858,-0.60113
10,-0.607652,0.789209
10,0.187514,0.971416
10,-0.965433,0.239882
10,0.603373,-0.791525
10,0.610596,0.794075
10,-0.639922,0.758041
10,-0.268714,-0.965617
10,0.182932,-0.977817
10,-0.902728,-0.44507
10,-0.0956553,0.99751
10,0.214919,0.963132
10,0.995706,-0.148174
10,-0.955281,-0.278657
10,-0.986231,0.104136
10,-0.498401,0.864384
10,-0.826241,0.562826
10,0.724361,0.684953
10,-0.669754,0.749692
10,-0.963934,-0.339942
10,0.988229,-0.187697
10,0.761217,0.656942
10,0.723668,0.665078
10,0.490664,0.861234
10,0.475082,-0.85934
10,0.558119,0.836909
10,-0.820263,-0.563092
10,-0.345867,-0.933141
10,0.871748,0.541554
10,0.0518364,-1.00236
10,0.971277,-0.295763
10,0.917964,0.382515
10,-0.80296,-0.605288
10,-0.752859,0.651877
10,-0.956106,-0.346002
10,-0.780007,0.614483
10,-0.94558,0.324218
10,-0.998775,0.0996894
10,-0.315624,-0.949768
10,0.158203,0.984586
10,0.973985,0.256054
10,1.00126,0.145943
10,0.978951,-0.231065
10,-0.95641,0.354962
10,-0.938979,-0.385157
10,-0.950024,-0.241813
10,0.968819,0.284434
10,-0.753532,0.664632
10,0.575159,-0.824997
10,0.721178,-0.667759
10,-0.484326,0.881965
10,-0.901008,-0.385417
10,0.226443,-0.979382
10,-1.00364,-0.0401215
10,-0.963182,-0.213942
10,-0.76154,-0.6336
10,0.946319,-0.338865
10,-0.0246482,-1.00814
10,-0.940993,0.324989
10,-0.858481,0.531449
10,0.494266,0.863656
10,0.269218,-0.966273
10,-0.0782517,0.997213
10,-0.194526,0.981412
10,0.258912,-0.968457
10,1.00899,0.0941736
10,0.955654,-0.323649
10,0.43118,-0.904752
10,-0.240522,-0.974373
10,0.732327,0.697924
10,-0.826548,-0.568634
10,-0.98968,0.13828
10,0.812465,-0.566786
10,0.138097,0.990452
10,0.381359,-0.924348
10,0.590077,-0.800501
10,-0.718106,0.66813
10,-0.975822,0.230346
10,-0.643074,0.743458
10,-0.974322,0.248109
10,-0.714508,-0.701119
10,-0.8855,0.494634
10,0.542256,0.837039
10,0.137707,-0.990902
10,-0.78758,-0.615031
10,0.603432,0.80284
10,-0.756,0.667688
10,-0.938765,-0.282392
10,-0.956356,-0.230124
10,0.198281,0.977779
10,-0.242077,0.983545
10,0.979347,0.173147
10,-0.52786,-0.854901
10,0.124422,-0.997136
10,0.973528,-0.192437
10,0.497198,0.876915
10,-0.0201513,-0.991902
10,0.114356,-1.00254
10,-0.841561,-0.550746
10,0.824739,0.559915
10,-0.384779,0.928915
10,0.585284,0.818284
10,-0.479455,0.862104
10,0.878065,0.463602
10,0.711833,-0.70288
10,0.535281,-0.856653
10,0.989109,-0.228231
10,-0.68291,-0.715932
10,0.0694139,-0.995599
10,0.19966,0.974114
10,0.430621,0.90871
10,-0.219905,-0.983957
10,-0.338117,-0.938672
10,-0.171196,-0.986777
10,0.0143893,-1.00139
10,0.691971,0.709822
10,0.739238,0.70535
10,0.327065,-0.936888
10,-0.497049,-0.86607
10,0.947077,0.304345
10,-0.992843,0.0632731
10,-0.512577,0.867488
10,-0.611187,-0.762359
10,0.436908,-0.905987
10,-0.108649,-0.983461
10,-0.186395,0.973552
10,-0.111025,-0.9885
10,-0.116587,0.988304
10,-0.878996,0.48066
10,0.0370602,-1.00023
10,-0.402463,-0.940176
10,0.338085,-0.932589
10,0.451216,-0.885655
10,-0.682693,-0.749357
10,0.321185,-0.956185
10,-0.76372,-0.624916
10,0.797825,0.605199
10,-0.896477,0.431997
10,-0.992581,-0.148983
10,0.812707,-0.583745
10,-0.130043,-0.977182
10,0.516004,-0.838902
10,0.704396,-0.703312
10,-0.780613,-0.618422
10,-1.00229,0.0815144
10,-0.874913,0.492952
10,0.588294,-0.812354
10,0.398474,0.902754
10,0.991291,0.217063
10,0.24892,-0.985943
10,0.409127,0.911149
10,-0.0637954,0.997325
10,0.534626,0.8413
10,0.901916,-0.423813
10,-0.341044,0.940715
10,-0.984792,0.187609
10,-0.919973,0.373303
10,-0.273022,0.957894
10,0.894806,-0.473258
10,0.692141,-0.74322
10,0.430967,-0.906575
10,0.323587,0.948512
10,-0.00590418,-0.985822
10,0.0490665,-0.999917
10,-0.824114,0.566371
10,-0.40654,-0.897512
10,0.582151,0.81833
10,0.222295,-0.976809
10,-0.924434,-0.357396
10,0.880503,-0.520056
10,-0.253247,-0.977804
10,0.136633,0.996961
10,-0.300085,0.952893
10,-0.493999,0.880704
10,0.814464,0.604018
10,-0.951783,0.378672
10,-0.828435,0.598039
10,-0.581587,0.810852
10,-0.798038,-0.636319
10,-0.846348,-0.523812
10,-0.774829,-0.625517
10,0.386598,-0.914056
10,-0.999812,0.0965905
10,-0.0995098,0.998709
10,0.720923,0.698234
10,-0.675983,0.735482
10,0.533344,-0.849089
10,-0.995942,-0.0468784
10,-0.187073,-0.989
10,-0.82984,0.550416
10,-0.992123,-0.127351
10,0.639872,0.773864
10,-0.812201,0.606009
10,0.169307,-1.00726
10,-0.513137,0.841497
10,0.930188,-0.351408
10,0.999359,-0.0583317
10,0.804381,-0.615873
10,0.537375,-0.86083
10,0.983712,0.0795202
10,-0.0709507,-0.98886
10,-0.889336,-0.499536
10,0.488889,-0.870293
10,-0.986617,-0.0147052
10,-0.860192,-0.489884
10,0.569698,-0.817729
10,-0.811827,-0.603892
10,-0.998176,-0.101542
10,0.903297,0.442595
10,0.998863,-0.0498419
10,0.920072,0.405978
10,-0.624936,0.769074
10,-0.812332,-0.592648
10,-0.414298,0.885418
10,-0.995573,-0.0107953
10,0.779384,0.635103
10,-0.988231,0.126165
10,-0.0997696,-1.01482
10,-0.918435,0.384972
10,0.507554,-0.852117
10,0.78578,0.623778
10,0.586179,-0.79414
10,-0.944657,-0.355507
10,0.889031,-0.438332
10,0.403387,0.913496
10,-0.855861,0.509822
10,-0.426003,0.903497
10,-0.919553,0.424651
10,-0.20537,0.98104
10,0.460601,-0.901571
10,-0.837254,0.546878
10,-0.963495,-0.204903
10,0.951528,-0.263193
10,-0.153265,0.972783
10,0.990973,0.0271698
10,0.271475,0.962951
10,-0.971965,-0.177533
10,0.714435,0.703851
10,-0.955734,-0.317894
10,-1.01498,0.0232557
10,-0.994005,-0.0700346
10,0.302638,-0.973688
10,-0.952842,0.34866
10,-0.183533,0.986468
10,0.571904,-0.811881
10,-0.967102,0.290775
10,0.947156,-0.246201
10,-0.261786,0.953847
10,-0.0452217,-1.00693
10,0.842438,-0.543373
10,-0.582323,0.812048
10,-0.926706,-0.407866
10,0.912471,-0.379758
10,0.290887,0.96265
10,-0.781914,0.622127
10,-0.0908013,0.997148
10,-0.719882,0.690938
10,0.386651,0.922815
10,-0.0490019,-0.990792
10,0.903384,0.418902
10,-0.668178,0.740342
10,-0.309885,0.95304
10,0.127692,-0.988545
10,0.623315,-0.785987
10,0.866508,-0.464497
10,0.0453971,-1.00175
10,0.859889,0.495922
10,0.921444,-0.358103
10,0.917358,-0.408906
10,-0.473495,0.867464
10,-0.727614,-0.68959
10,1.00984,-0.030284
10,0.498783,0.871209
10,0.956352,-0.287331
10,0.0781434,1.00915
10,-0.882154,0.457628
10,-0.171048,-0.991622
10,-0.972323,-0.207332
10,0.199433,0.977709
10,0.926229,-0.365712
10,-0.943701,-0.312895
10,0.890282,0.466989
10,0.130374,-0.997035
10,0.083326,1.00322
10,0.450115,0.885115
10,0.963717,-0.259671
10,0.599589,0.802987
10,0.480204,0.871229
10,-0.491596,-0.897316
10,0.989254,0.204513
10,-0.628968,0.779272
10,-0.12348,-0.996233
10,0.998368,-0.162838
10,0.955941,0.313499
10,0.816731,-0.560221
10,-0.408165,0.923845
10,0.821844,-0.57889
10,-0.99443,0.0385648
10,0.246426,-0.973207
10,0.435968,-0.918805
10,0.643787,0.763545
10,0.265022,0.966401
10,-1.0072,-0.00348694
10,0.705532,-0.709279
10,-0.938757,0.355271
10,-0.185619,0.980617
10,0.565651,0.833215
10,0.00149844,1.00791
10,0.0604213,1.00113
10,-0.636567,0.757511
10,-0.549914,0.847514
10,-0.37141,-0.93353
10,0.648768,-0.763294
10,-0.318328,-0.96348
10,0.366221,0.910605
10,0.466288,0.866492
10,0.737736,0.668917
10,0.327459,-0.963477
10,0.909624,0.392563
10,-0.692193,-0.699279
10,-0.860684,-0.518773
10,0.880141,-0.454159
10,-0.545099,-0.822664
10,-0.911219,0.371169
10,0.353052,0.941495
10,0.169454,0.988527
10,-0.536922,0.822072
10,-0.611775,-0.786478
10,0.00459062,-1.01253
10,0.130598,-0.982641
10,-0.317184,-0.955004
10,0.911641,-0.412034
10,-0.318492,0.927651
10,0.398249,0.926531
10,0.980722,-0.126087
10,-0.988207,-0.00769499
10,0.790018,0.590143
10,0.899753,-0.49308
10,0.853159,-0.503577
10,0.119953,0.980721
10,0.986618,-0.148139
10,0.672585,-0.736779
10,-0.926315,-0.381328
10,-0.893482,0.446708
10,0.994134,-0.200907
10,0.888486,0.453073
10,-0.599659,-0.807209
10,0.942619,-0.367702
10,-0.493123,0.880671
10,0.765314,-0.646268
10,-0.0748975,0.988483
10,0.496872,-0.865652
10,-0.085438,-1.00258
10,-0.115601,-1.01021
10,-0.0142777,-1.01392
10,0.325439,-0.934922
10,0.530353,0.853172
10,0.90044,0.438699
10,0.358027,0.940636
10,0.276288,0.962536
10,-0.61283,-0.7803
10,-0.997754,-0.147264
10,-0.644757,0.754557
10,-0.259252,0.964549
10,-0.859928,-0.541223
10,-0.426034,0.90739
10,-0.872508,-0.467415
10,-0.964874,-0.249793
10,-0.997564,0.0256213
10,-0.963718,0.245761
10,0.973515,-0.208761
10,-0.727519,0.709217
10,0.596313,0.794996
10,0.207394,0.994349
10,0.37576,0.921644
10,0.905519,0.433891
10,-0.227024,0.970762
10,0.949141,0.308065
10,0.855412,-0.50046
10,0.94122,0.375833
10,-0.31896,0.932467
10,-0.673791,-0.720022
10,-0.844004,0.589344
10,-0.318295,-0.95326
10,-0.449459,0.897963
10,-0.864139,0.499502
10,-0.892892,-0.471585
10,-0.970207,0.200107
10,0.226302,0.992769
10,-0.692764,0.709096
10,-0.988987,-0.196414
10,0.713497,0.705487
10,-0.94465,-0.349287
10,-0.990215,0.0532456
10,0.40141,0.924357
10,1.00805,-0.0787757
10,-0.214823,-0.977393
10,-0.944485,0.326939
10,0.982405,-0.113526
10,-0.89001,-0.42494
10,0.0621629,-0.993372
10,0.875455,0.487122
10,-0.997564,0.130173
10,-0.240919,-0.965434
10,-0.498992,-0.860774
10,0.483138,0.877507
10,-0.970955,0.195275
10,-0.0854049,0.990649
10,0.80593,0.591929
10,-0.973139,-0.117939
10,-0.300983,0.941281
10,-0.269532,-0.975905
10,0.965219,0.247076
10,-0.699141,-0.702356
10,0.204868,0.966757
10,0.975518,0.19619
10,-0.535749,0.835346
10,-0.342353,0.920889
10,0.981269,-0.157285
10,-0.552569,-0.825857
10,0.928257,-0.371832
10,0.00432127,-0.985394
10,1.01927,0.0899055
10,-0.0267657,-1.01837
10,0.318716,0.958568
10,-0.995246,0.0075169
10,-0.709588,0.696815
10,-0.673382,-0.749364
10,0.575702,-0.821173
10,1.00654,-0.0887352
10,-0.697116,-0.710339
10,-0.183342,-0.994732
10,0.219511,0.962791
10,-0.133947,0.997562
10,0.455772,-0.88627
10,0.556253,-0.838891
10,1.00105,0.00257371
10,-0.70541,-0.712997
10,0.461916,0.907234
10,-0.160452,0.978381
10,0.884018,-0.44742
10,1.00078,0.122004
10,-0.823974,0.56855
10,-0.914785,0.38583
10,-0.781874,0.623823
10,0.947975,0.341645
10,0.942462,-0.34355
10,-0.753461,-0.672179
10,-0.833463,-0.530036
10,0.880902,0.475522
10,-0.714153,-0.716687
10,0.490838,-0.872398
10,0.805262,0.620846
10,0.578444,0.814678
10,-1.00144,-0.0476528
10,0.00981061,1.00122
10,0.399049,-0.899176
10,0.497949,-0.874044
10,0.847279,0.532439
10,0.994649,0.0218775
10,0.984465,-0.244924
10,-0.980385,0.0223601
10,0.589043,-0.820299
10,0.114823,-0.990017
10,0.607606,0.804509
10,0.214862,-0.985924
10,-0.0383247,-1.00233
10,-0.570709,-0.811017
10,-0.993908,0.102475
10,0.737859,-0.666273
10,0.899269,0.44756
10,0.619943,0.76237
10,-0.704236,-0.721845
10,0.964977,-0.253807
10,0.287642,0.948934
10,0.690702,-0.726716
10,-0.850013,0.514291
10,0.954674,0.299412
10,-0.993276,-0.204664
10,-0.110516,0.993926
10,-0.934028,0.326637
10,-1.00435,0.0219994
10,-0.92416,0.390376
10,-0.921326,-0.435459
10,0.883598,0.453393
10,0.977945,0.194988
10,-0.534441,0.853872
10,-0.95636,-0.318867
10,-0.428367,0.895774
10,-0.709911,-0.705117
10,1.00627,0.110583
10,-0.969369,0.294472
10,-0.985724,-0.176187
10,0.283233,0.960706
10,-0.393801,0.946865
10,-0.0745881,0.995501
10,0.912174,0.412802
10,-0.844227,-0.552495
10,-0.240296,0.963488
10,0.00139118,1.01344
10,0.993552,-0.0929809
10,0.94708,-0.305256
10,0.919905,0.40493
10,0.780812,0.615382
10,0.185227,-0.985578
10,0.550058,-0.841489
10,0.0967616,1.00556
10,0.8825,0.452793
10,0.605461,-0.782594
10,0.722581,0.66622
10,-0.108599,0.988092
10,-0.14177,1.00966
10,-0.904805,0.461388
10,0.954669,-0.390025
10,0.422541,0.897753
10,0.978674,-0.0622512
10,-0.816447,-0.570829
10,0.727588,-0.711085
10,0.643755,0.772842
10,0.849108,0.539214
10,0.599241,-0.800403
10,0.244046,0.940561
10,-0.535323,0.846855
10,-0.334543,0.932682
10,0.980758,-0.0871829
10,-0.99261,0.129436
10,0.255645,-0.97098
10,0.772918,-0.651005
10,0.258171,-0.972694
10,0.735812,-0.655786
10,0.972357,0.301568
10,-0.590925,-0.823652
10,-0.983821,-0.165617
10,-0.544755,0.857969
10,0.956665,-0.276651
10,-0.924358,-0.375064
10,-0.0137669,-1.01283
10,-0.37551,0.917585
10,0.689706,-0.707875
10,-0.522203,-0.880663
10,0.599626,0.777274
10,-0.376442,0.914789
10,0.0231579,-0.995612
10,0.21865,-1.00268
10,0.279008,0.958072
10,0.803221,-0.572642
10,0.186831,0.996167
10,-1.00148,0.1134
10,0.972685,0.17207
10,0.785,-0.62783
10,-0.29924,0.943191
10,0.994737,0.161861
10,-0.623291,-0.782653
10,-0.41975,0.89421
10,0.403553,0.924823
10,0.670944,-0.764405
10,0.560965,0.820006
10,0.973263,0.174339
10,-1.00773,-0.0237733
10,-0.96157,0.263509
10,0.898629,-0.425616
10,-0.416801,0.887193
10,0.141714,0.977077
10,0.943145,-0.293765
10,0.579314,-0.817367
10,0.961125,-0.306008
10,-0.237754,-0.964343
10,0.727232,-0.683774
10,0.945045,0.281812
10,-1.00228,-0.0461862
10,-0.0944823,0.991034
10,1.00508,-0.109646
10,0.600642,0.800756
10,0.760273,-0.640334
10,-0.0915561,-1.00075
10,0.0577687,0.992175
10,-0.836007,-0.574508
10,-0.502715,0.868025
10,-0.53473,-0.845446
10,0.984223,0.0924545
10,-0.992494,-0.183311
10,-0.463321,-0.885006
10,-0.3777,-0.910094
10,-0.576116,-0.830795
10,-0.150699,-0.979463
10,0.192829,0.981756
10,0.832487,0.600678
10,-0.977933,-0.114299
10,-0.968642,0.212234
10,-0.655391,-0.73845
10,0.632765,-0.779147
10,-0.17159,0.989791
10,-0.624177,-0.766934
10,0.819499,0.590178
10,-0.953795,-0.281272
10,1.00378,0.0821079
10,-0.961914,-0.241606
10,-0.0801438,0.985372
10,0.948878,0.300607
10,-0.994041,-0.123522
10,0.571655,-0.833329
10,-0.990701,0.0453817
10,0.264196,-0.965957
10,0.803305,0.579503
10,0.890687,-0.496622
10,-0.44079,0.874082
10,-0.464151,0.875257
10,-0.214211,-0.981166
10,0.842563,-0.52638
10,-0.96979,-0.210485
10,0.273566,-0.939109
10,0.0447271,0.98652
10,-0.684593,0.71115
10,-0.867188,0.466673
10,0.785526,0.59224
10,0.618948,-0.783149
10,0.935161,0.377792
10,0.682617,0.721404
10,0.990563,-0.0254116
10,0.93225,-0.341467
10,-0.651849,-0.768472
10,-0.857954,-0.541817
10,-0.866453,0.532234
10,0.281322,-0.961626
10,-0.222375,-0.971271
10,-0.0804355,-1.01382
10,-0.772299,-0.633758
10,-0.985223,-0.0178098
10,1.00244,0.0121718
10,-0.803801,-0.605837
10,0.918039,0.380394
10,-0.172389,-0.988905
10,0.97745,-0.196127
10,-0.70234,0.695555
10,-0.593037,-0.815065
10,0.568106,-0.828751
10,0.206837,-0.98304
10,0.67499,0.735387
10,-1.00478,-0.0497155
10,0.703162,-0.693338
10,0.504508,-0.851154
10,0.912448,0.396092
10,-0.585266,0.809109
10,0.95189,0.284471
10,-0.982806,-0.147501
10,-0.841747,-0.525681
10,1.00646,-0.010892
10,0.270304,0.951589
10,-0.614901,0.812737
10,0.693653,-0.740017
10,-0.555136,0.817824
10,0.915419,0.387911
10,-0.985714,0.0891591
10,0.978093,-0.156336
10,-0.537848,0.833472
10,0.999627,-0.0471475
10,-0.921714,-0.380966
10,-0.910392,-0.433646
10,0.443055,0.887915
10,0.531868,-0.843419
10,-0.713989,0.712989
10,-0.299576,0.959288
10,-0.942622,-0.36932
10,0.764897,0.652186
10,0.335774,0.933984
10,-0.658859,0.748715
10,-0.89712,-0.449153
10,0.562302,0.822579
10,0.720848,-0.685691
10,-0.756655,0.656008
10,0.967146,-0.209727
10,0.347615,-0.913993
10,0.226924,-0.964912
10,0.999949,-0.00990413
10,0.702717,0.7172
10,-0.408379,0.903757
10,0.990309,0.101084
10,0.590036,-0.807595
10,0.987196,0.204533
10,0.85822,0.529765
10,0.0262025,0.995259
10,0.513233,-0.856324
10,0.912385,0.401064
10,0.995322,-0.193309
10,-0.256293,-0.969535
10,-0.498198,-0.859242
10,0.238999,0.965246
10,-0.518552,0.865353
10,-0.211605,-0.967522
10,0.171484,0.992294
10,0.98639,0.125339
10,-0.830464,0.538779
10,0.994282,0.0545399
10,-0.81108,-0.593387
10,-0.357552,-0.938902
10,0.432354,0.919533
10,1.0101,0.0418029
10,0.518659,-0.841185
10,0.223577,-0.952291
10,-0.944652,-0.344054
10,0.980134,0.216975
10,0.839519,0.53174
10,0.280444,0.963577
10,-1.00845,-0.0405207
10,-0.674591,0.720489
10,0.87631,-0.494292
10,0.932076,0.362607
10,-0.801614,-0.603964
10,-0.165567,0.990937
10,0.776901,0.627152
10,0.119863,-1.00486
10,-0.865064,-0.47826
10,0.908737,0.434559
10,-0.366896,0.933373
10,0.291419,0.954408
10,0.851947,-0.521981
10,0.0660687,0.993075
10,-0.727222,0.685911
10,-1.00472,0.13246
10,0.814023,0.578746
10,1.00252,0.100642
10,-0.700518,-0.695257
10,-0.694528,0.691878
10,-0.333484,-0.963491
10,-0.139328,-0.98409
10,-0.989761,0.11823
10,0.559579,-0.823925
10,0.329375,0.94329
10,0.0100676,-0.986399
10,0.0821092,-0.983076
10,-1.00688,-0.0339329
10,-1.00734,0.132825
10,-0.722954,-0.667637
10,0.97146,-0.172386
10,0.414823,-0.894899
10,0.940842,-0.358607
10,-0.681899,0.746309
10,-0.304364,-0.963004
10,0.88397,0.506485
10,0.978609,0.182499
10,0.651262,0.760349
10,-0.162224,-0.988222
10,0.525626,0.849608
10,-0.624693,0.805064
10,-0.287116,0.959147
10,-0.516638,0.877608
10,0.967489,-0.258538
10,0.566697,-0.826539
10,0.985847,0.184899
10,0.822664,-0.553467
10,0.897508,-0.417912
10,0.0208335,-0.994232
10,0.267905,0.981677
10,-0.923428,-0.321932
10,-0.663342,-0.742396
10,-0.820186,-0.574114
10,1.00915,-0.0757025
10,-0.626372,0.768848
10,-0.76409,-0.63317
10,-0.412609,0.911038
10,0.295318,-0.951042
10,-0.0300719,0.999671
10,-0.201905,-0.954515
10,0.957437,0.249892
10,-0.983445,-0.217386
10,0.172461,0.973311
10,0.970721,0.248389
10,-0.993891,-0.110078
10,-0.865484,0.491784
10,-0.431989,0.900569
10,-0.504683,-0.870485
10,0.277438,0.954021
10,0.670481,-0.738183
10,-0.643696,0.76544
10,0.869217,0.501486
10,-0.994018,-0.225403
10,0.853053,0.508326
10,-0.788193,-0.621735
10,0.373608,-0.940297
10,-0.664306,0.765875
10,-0.328929,0.940781
10,0.75106,-0.683451
10,-0.560524,-0.81805
10,0.894542,0.456829
10,0.989458,-0.148452
10,0.336554,-0.941838
10,0.0797991,-0.996009
10,-0.640545,-0.762945
10,-0.447599,0.880756
10,-0.00134028,1.00779
10,0.850182,0.467893
10,0.392921,-0.917014
10,-0.923577,-0.355054
10,-0.210085,1.00732
10,0.0324954,1.00556
10,-0.693892,-0.711012
10,0.314298,0.943074
10,-0.495251,-0.863617
10,-0.074262,0.997569
10,-0.981761,-0.178862
10,-0.321406,-0.949804
10,-0.79753,0.605718
10,-0.0324374,1.02242
10,-0.762492,0.643848
10,-0.85025,0.503739
10,-0.760872,-0.652782
10,-0.997848,-0.0311739
10,-0.935071,-0.370182
10,-0.828824,0.56246
10,-0.96265,0.199529
10,1.00288,-0.0594087
10,-0.607841,0.802245
10,0.984418,0.161001
10,0.117594,-1.0057
10,0.078549,0.991797
10,0.813504,0.604924
10,-1.00985,-0.0413587
10,-0.698698,0.724439
10,0.630152,0.792176
10,-0.656916,0.7266
10,0.404084,-0.916627
10,-0.908511,-0.444591
10,0.0489949,-0.99746
10,-0.595388,0.828774
10,-1.00516,0.0896235
10,0.93789,-0.315891
10,-0.722862,0.682759
10,-0.755451,-0.657625
10,0.286172,-0.959906
10,-0.817185,-0.57934
10,0.563799,-0.834366
10,0.361802,-0.922679
10,0.844174,0.564246
10,-0.318006,0.933758
10,-0.959957,0.150343
10,0.902414,-0.432557
10,-0.684317,-0.70442
10,0.769449,-0.645351
10,0.789278,-0.595985
10,0.611542,-0.808083
10,-0.306981,0.955456
10,-0.950712,-0.355075
10,0.362126,-0.93166
10,-0.879716,-0.489188
10,-0.649901,-0.771637
10,0.661806,0.762029
10,-0.604985,-0.788574
10,-0.443133,-0.892861
10,-0.989441,-0.0427626
10,0.705651,0.704479
10,-0.1209,-1.02073
10,-0.417736,0.907238
10,0.579228,-0.820277
10,-0.977086,-0.255891
10,0.519769,-0.845719
10,0.349619,0.953989
10,-0.609527,-0.795257
10,-0.654013,-0.756723
10,-0.963992,0.275762
10,0.226955,-0.996356
10,-0.551184,0.847621
10,-0.850393,0.512893
10,-0.65485,-0.754648
10,-0.482439,0.869411
10,0.924435,0.381553
10,-0.757257,-0.659065
10,0.533163,0.851189
10,-0.939912,-0.293557
10,-0.945069,-0.313717
10,-0.435724,-0.901271
10,-0.065149,0.995077
10,0.982456,0.193848
10,-0.780426,-0.629936
10,0.915807,0.39269
10,-0.658658,-0.736103
10,-0.532867,-0.846758
10,-0.109429,1.00959
10,0.940495,-0.328322
10,-0.987217,0.139898
10,-0.919761,-0.378637
10,0.82921,-0.568083
10,-0.867776,0.484179
10,0.817558,-0.606396
10,0.728224,-0.693571
10,0.387416,0.922489
10,-0.618725,-0.813419
10,-0.988786,-0.144962
10,-0.0644445,1.01919
10,-0.382465,-0.917147
10,-0.414432,-0.903925
10,0.763758,-0.661671
10,-0.907986,-0.389697
10,0.50732,-0.852061
10,-0.090728,-0.993014
10,-0.719216,0.713085
10,0.694833,-0.733555
10,0.875346,-0.508209
10,-0.473187,0.871053
10,0.918505,0.394287
10,-0.427031,-0.895511
10,-0.487496,-0.89402
10,1.00783,-0.000383839
10,-0.944289,-0.352641
10,0.205488,-0.996498
10,0.988652,-0.0643141
10,0.786826,0.646433
10,0.416724,0.894554
10,0.992649,-0.0492996
10,0.915828,0.350948
10,-0.992758,-0.0232427
10,-0.243426,0.973013
10,-0.85049,0.519248
10,-0.761894,-0.640964
10,-0.919771,0.374849
10,-0.787713,0.63723
10,-0.972211,-0.194105
10,-0.536387,-0.830709
10,-0.899734,-0.430774
10,-0.459892,-0.876935
10,0.509988,-0.872777
10,-0.540969,0.835719
10,1.00397,-0.00556088
10,0.532082,0.813466
10,0.984445,-0.196948
10,-0.988074,0.207769
10,0.648455,0.767001
10,-0.67856,-0.747526
10,0.526131,-0.845031
10,0.144494,0.998585
10,-0.389968,0.92234
10,0.975468,-0.0840813
10,0.210481,-0.962858
10,0.654634,-0.740792
10,-0.369103,0.938276
10,0.875496,-0.490558
10,0.753491,-0.650575
10,-0.592766,0.791302
10,-0.631602,0.804149
10,0.987481,0.153693
10,0.991231,-0.142686
10,-0.422965,-0.923478
10,0.819994,0.55508
10,-0.00169104,-0.999466
10,0.889317,0.457784
10,-0.185875,-0.978553
10,-0.631647,-0.757358
10,0.688348,-0.718151
10,-0.769171,0.667697
10,-0.612994,0.779656
10,-0.501488,-0.865402
10,-0.673824,-0.742751
10,-0.926893,-0.364244
10,-0.164412,0.989866
10,0.473651,0.864321
10,0.999845,-0.168429
10,-0.882415,-0.44496
10,-0.677753,-0.728923
10,-0.947902,-0.298826
10,0.788691,-0.58255
10,0.603847,0.807772
10,-0.647615,-0.757682
10,1.0011,-0.158395
10,0.864152,-0.509221
10,-0.370573,-0.926798
10,0.858916,-0.481717
10,0.269385,-0.964132
10,0.753481,-0.666173
10,0.917179,-0.436871
10,0.576921,0.824878
10,0.646662,-0.748037
10,-0.563796,0.803219
10,0.856918,0.517356
10,-0.949345,0.298497
10,0.350327,0.930048
10,0.0591538,-0.996994
10,0.572398,0.811108
10,0.533192,-0.857474
10,0.912464,-0.417024
10,-0.787951,-0.626185
10,-0.43297,-0.883707
10,0.77711,0.624631
10,-0.521607,0.85671
10,0.98032,0.238661
10,0.599207,-0.795763
10,0.921436,-0.380437
10,0.0872263,-1.00507
10,-0.968271,0.250336
10,0.92259,0.394389
10,-0.946429,0.324793
10,-0.972696,-0.227449
10,0.99786,0.0909195
10,0.531607,0.822387
10,-0.289137,0.956459
10,0.935515,-0.335753
10,0.925587,0.366805
10,1.01224,0.00868693
10,0.926065,0.36657
10,-0.73832,0.673253
10,0.103383,-0.987974
10,0.34544,-0.919831
10,-0.790599,0.614968
10,-0.0363787,-1.00791
10,-0.227551,0.961942
10,-0.653798,-0.750244
10,0.688542,-0.710317
10,-1.00548,-0.0877381
10,0.987061,-0.164348
10,0.0347708,1.00809
10,0.924329,0.368763
10,0.317042,0.931794
10,-0.586888,-0.80202
10,0.0487768,0.997084
10,0.701297,0.696282
10,-0.740334,-0.655359
10,0.758764,-0.646922
10,0.886047,0.461537
10,0.810704,-0.571424
10,-0.961022,-0.292583
10,-0.992319,0.0245577
10,0.622782,-0.776046
10,-0.949704,-0.336395
10,0.628302,-0.789447
10,-0.948181,-0.255629
10,-0.988149,0.153584
10,0.832225,-0.547496
10,0.977914,-0.136842
10,-0.639341,0.778677
10,0.654065,-0.75886
10,-0.356328,-0.93254
10,0.648966,-0.753422
10,0.14935,-0.997384
10,-0.186256,0.983497
10,0.810939,-0.585215
10,-0.498282,0.866974
10,0.935169,-0.283719
10,0.749706,-0.634517
10,0.05656,0.985081
10,0.985299,-0.200338
10,-0.677484,-0.709688
10,-0.0127304,-0.993375
10,0.178325,-0.9909
10,-0.758292,0.63316
10,-0.33871,-0.946816
10,-0.771185,0.658772
10,-0.483387,-0.870941
10,0.240293,-0.983604
10,0.956838,-0.274209
10,0.640194,0.755161
10,-0.210536,-0.9849
10,0.451705,-0.88209
10,0.959033,0.310808
10,0.790581,-0.610367
10,0.989303,0.170087
10,0.983095,-0.0519596
10,-0.979819,0.170448
10,-0.812976,-0.606887
10,0.45365,-0.894116
10,-0.73999,-0.698432
10,-0.770628,-0.627156
10,-0.703746,-0.720842
10,0.379591,-0.935944
10,-0.761823,0.661104
10,-0.99871,-0.130434
10,-0.996331,0.129171
10,-0.957553,-0.301733
10,0.381468,0.908722
10,0.983659,-0.1873
10,0.784308,0.603893
10,0.792208,-0.580391
10,0.935837,0.360321
10,-0.992452,-0.205473
10,0.0886414,1.00244
10,-0.859291,0.506169
10,-0.184849,-0.985477
10,-0.11378,0.992181
10,0.476553,0.889525
10,0.119549,-0.989566
10,-0.389192,-0.905352
10,0.551399,0.827478
10,-0.763518,0.647777
10,0.93107,0.364013
10,-0.488813,0.89117
10,-0.768059,0.642021
10,0.0945592,-0.993382
10,-0.954548,-0.298813
10,-0.977149,0.209951
10,-0.993905,0.144763
10,0.32769,-0.931621
10,-0.97432,-0.150573
10,0.846033,0.560185
10,0.51103,0.850186
10,0.955867,0.300391
10,0.616172,-0.792469
10,0.930161,0.371971
10,-0.978776,0.138323
10,-0.815233,-0.571299
10,0.979931,-0.271393
10,-0.926532,0.331858
10,0.950492,0.318407
10,-0.317298,0.942529
10,1.00636,0.0176992
10,0.227221,0.982193
10,0.574498,0.809646
10,-0.629737,-0.784364
10,0.987345,-0.0104027
10,0.744582,0.659555
10,0.0360859,-0.995856
10,0.782244,-0.634562
10,-0.661564,-0.752171
10,0.362279,-0.93698
10,0.815439,0.593376
10,-0.479384,0.881511
10,0.602476,0.815935
10,-0.825265,0.59445
10,-0.336197,0.933328
10,0.948939,0.329864
10,0.933727,-0.274135
10,-0.83464,0.539843
10,-0.821345,-0.553138
10,0.177783,0.971044
10,-0.891344,0.441766
10,-0.0319219,1.01386
10,0.0459917,-0.993754
10,-0.0548441,-1.00847
10,-0.995129,0.161494
10,0.91478,0.439454
10,-0.967278,-0.272548
10,-0.806505,-0.555836
10,0.624669,-0.777329
10,-0.985059,0.222909
10,0.130331,0.990725
10,0.0197956,1.00325
10,-0.879677,0.481224
10,0.89699,0.419517
10,0.951524,-0.385268
10,0.774585,0.651602
10,1.00911,-0.0713879
10,-0.977019,0.188401
10,0.820752,-0.538033
10,0.436159,-0.913738
10,-0.978105,0.20806
10,-0.13901,-0.966632
10,-0.0127023,-1.0009
10,-0.605655,-0.798137
10,0.622578,-0.751041
10,-0.606005,0.808653
10,-0.517641,0.850135
10,-0.84978,-0.545064
10,-0.95762,0.275016
10,0.972907,0.252805
10,0.51975,-0.865421
10,-0.115134,1.00421
10,0.0360799,-0.989648
10,0.350493,0.945371
10,0.247841,-0.964228
10,-0.779483,-0.611825
10,-0.250597,-0.972907
10,0.565208,-0.831145
10,-0.469105,0.860594
10,-0.231098,0.969686
10,-0.857045,-0.530063
10,0.0396698,-1.00699
10,-1.00374,-0.0452642
10,-0.610442,0.795316
10,-0.752535,0.645381
10,-0.602181,-0.806761
10,-0.845819,-0.531311
10,-0.994488,0.0612112
10,-0.301469,-0.945997
10,0.968654,0.263631
10,-0.834038,0.535191
10,-1.00744,0.0130616
10,0.982868,0.191578
10,-1.00461,-0.127225
10,-0.525325,-0.848845
10,0.767747,-0.637364
10,-0.941885,0.310327
10,0.963965,-0.271248
10,0.492271,0.871027
10,-0.425228,0.906995
10,0.892962,-0.428593
10,-0.0278613,1.00131
10,0.920467,0.39316
10,0.962495,0.275307
10,-0.815208,0.563558
10,-0.52443,0.845517
10,0.774049,-0.623047
10,0.849335,-0.511871
10,-0.872253,-0.505173
10,-0.314055,0.943303
10,-0.575304,-0.823207
10,0.832297,-0.548737
10,0.333566,0.922805
10,-0.916525,0.406876
10,0.412678,0.911292
10,-0.635611,0.778602
10,-0.00828813,-1.02439
10,-0.646017,0.746617
10,0.984474,-0.147053
10,0.694846,0.721544
10,-0.020387,-0.992092
10,-0.868405,0.501955
10,0.165975,0.99532
10,0.100109,0.990284
10,0.218609,-0.947261
10,-0.720631,-0.67211
10,0.874858,0.457382
10,0.0775026,-1.00343
10,0.385657,0.919823
10,-0.632133,0.796209
10,0.347815,0.923059
10,0.919591,0.405324
10,0.966354,-0.181181
10,-0.0214345,0.990882
10,-0.838838,0.522755
10,0.252733,0.972191
10,-0.555476,0.830566
10,0.603816,-0.780627
10,-0.419196,-0.893999
10,0.269674,-0.970675
10,0.303632,-0.964506
10,0.589767,-0.839659
10,-0.790183,0.608923
10,-0.281497,-0.957705
10,0.636494,-0.772413
10,-0.961778,-0.266573
10,0.183393,-0.965764
10,-0.715545,0.693131
10,0.52384,0.852305
10,0.555102,0.838179
10,0.522347,0.857837
10,-0.919015,0.372297
10,-0.891362,-0.430847
10,-0.572453,0.824827
10,0.390089,0.941434
10,0.820221,-0.585605
10,-0.961518,-0.244583
10,0.985296,0.160726
10,-0.827657,0.568588
10,-0.779461,0.62932
10,-0.257668,0.965123
10,-0.219608,-0.981313
10,0.569033,0.818701
10,-0.907474,-0.434313
10,0.944937,-0.33463
10,-0.99325,0.183448
10,-0.533875,-0.828106
10,-1.01549,0.0397392
10,0.908783,0.412941
10,-0.737578,-0.69113
10,-0.592633,-0.81839
10,-0.00629065,-0.979901
10,0.951102,-0.335613
10,-0.42555,0.90705
10,0.32727,0.951571
10,-0.90952,-0.428507
10,0.380605,0.916757
10,-0.971119,-0.317426
10,-0.546842,0.831076
10,0.869849,0.495954
10,0.956211,0.276522
10,0.750629,-0.633243
11,0.0578038,-1.02584
11,-0.624756,0.77467
11,0.618432,0.789257
11,-0.741091,0.678753
11,0.836203,-0.56777
11,0.174816,0.967535
11,0.984566,0.244927
11,-0.425954,0.90322
11,-0.510797,-0.869876
11,0.555016,-0.838985
11,-0.522513,0.853674
11,-0.693825,-0.72934
11,0.191105,-0.967088
11,-0.830535,-0.546518
11,-0.382845,0.911778
11,0.66245,-0.755093
11,-0.991879,0.00710614
11,0.024905,-1.00116
11,0.558575,-0.843084
11,0.91158,0.467365
11,-0.971599,-0.240155
11,-0.205981,0.974729
11,-0.926801,-0.376064
11,-0.898721,-0.471072
11,0.363818,0.929787
11,0.86546,0.489868
11,-0.991263,-0.164169
11,-0.150526,-0.996127
11,0.900203,-0.426279
11,-0.521212,-0.83227
11,-0.998793,-0.195414
11,0.809537,-0.579343
11,-0.579213,0.798668
11,0.948528,-0.293993
11,-0.9539,-0.290096
11,-0.615046,-0.806727
11,0.867801,-0.525263
11,0.730619,-0.661357
11,0.637196,0.785218
11,-0.303403,0.96543
11,0.903088,-0.389365
11,-0.751461,-0.652579
11,0.732759,0.721075
11,0.368436,-0.92932
11,-0.0495215,0.995368
11,-0.608768,-0.78765
11,-0.223184,0.983987
11,0.244807,0.968138
11,0.904722,-0.449443
11,0.823733,-0.54992
11,0.926065,-0.42053
11,-0.859073,-0.528512
11,0.828535,-0.57585
11,-0.984569,0.195612
11,0.370905,-0.914055
11,0.961363,-0.262951
11,0.113577,-1.00297
11,-0.163565,-1.00903
11,-0.99585,-0.0408325
11,-0.0781316,-0.987611
11,-0.0965776,1.01113
11,-1.0027,0.0282202
11,-0.0445367,0.995565
11,0.957605,0.224579
11,-0.392634,0.920916
11,-0.77021,-0.647185
11,0.971579,0.259128
11,-0.217575,-0.978977
11,0.915032,-0.383295
11,0.931775,0.356135
11,0.581269,-0.819455
11,-0.975233,0.184584
11,0.85989,0.518476
11,-0.492678,-0.887088
11,-0.862677,-0.489264
11,-0.960978,0.306717
11,-0.310616,0.948173
11,-0.983403,0.0799406
11,-0.925118,0.371297
11,-0.633831,0.762183
11,0.0388591,1.01089
11,0.445145,0.884898
11,-0.765199,0.646191
11,0.198467,-0.971281
11,0.816574,0.593929
11,0.733858,-0.675619
11,0.698653,0.703969
11,0.239435,0.972835
11,-0.0784662,0.983176
11,-0.747977,-0.686238
11,-0.685887,-0.723933
11,-0.989499,-0.000664044
11,-0.790238,0.585626
11,-0.278347,-0.964064
11,0.407683,-0.917763
11,-0.302489,0.95596
11,0.39926,0.927041
11,0.929334,0.398284
11,-0.439597,0.900671
11,0.546671,0.839356
11,-0.121497,0.972477
11,-0.426335,-0.90461
11,0.226803,0.9739
11,0.234378,0.972057
11,-0.907814,0.424236
11,0.121599,1.00566
11,-0.613168,-0.778645
11,-0.617496,0.777096
11,-0.568261,-0.807708
11,-0.407505,0.918057
11,-0.256394,0.961563
11,-0.968237,0.245813
11,-0.628888,-0.791854
11,0.208666,0.959837
11,-0.303137,-0.953602
11,0.539265,0.838847
11,-0.864092,0.494316
11,-0.629442,-0.786962
11,-0.729341,0.666577
11,0.785807,0.604403
11,-0.750977,-0.66148
11,0.826422,0.563328
11,0.680592,0.711872
11,-0.599565,-0.790822
11,0.967412,0.25416
11,0.585054,-0.801286
11,-0.507509,-0.860922
11,0.538268,-0.845548
11,0.684073,0.730598
11,-0.795661,0.611439
11,-0.35591,0.930906
11,-0.554598,0.833216
11,-0.85465,-0.51787
11,0.987139,0.20005
11,-0.533468,0.85374
11,-0.752193,0.669523
11,-0.737441,-0.666356
11,-0.321568,0.925376
11,0.987827,-0.0566601
11,0.99195,-0.18319
11,0.687144,-0.729719
11,-0.940094,-0.349491
11,0.0495362,0.998301
11,0.7032,-0.738001
11,-0.985459,0.24738
11,-0.667407,-0.765259
11,-0.820224,-0.583282
11,-0.455007,0.899477
11,0.918146,-0.404736
11,-0.268358,-0.964924
11,-0.309105,0.949356
11,0.814334,0.60903
11,0.209378,0.972894
11,1.00962,-0.105204
11,-0.817737,-0.543554
11,-0.870134,0.477225
11,0.508982,0.864989
11,-0.513092,-0.848823
11,0.906433,-0.38873
11,-0.944309,-0.334434
11,-1.00148,-0.1278
11,0.995208,0.123614
11,0.947533,-0.266063
11,0.635848,0.795486
11,-0.231719,-0.966441
11,-0.134038,-0.983837
11,0.200897,-0.988186
11,0.0433888,0.989313
11,-0.695821,-0.716935
11,0.26914,0.968951
11,-0.113048,0.990167
11,0.622434,-0.802416
11,-0.029237,0.997538
11,-0.912551,-0.414456
11,-0.918677,-0.388195
11,-0.936527,-0.309157
11,0.341311,-0.94773
11,-0.945946,-0.33189
11,-0.632886,0.775144
11,-0.58043,-0.810552
11,-0.767332,0.678118
11,0.0684643,0.985692
11,-0.989178,-0.163903
11,0.271115,0.953559
11,-0.109542,0.985405
11,0.92201,-0.402711
11,-0.971391,-0.237648
11,-0.802544,0.584918
11,0.967403,0.266133
11,-0.89722,0.425215
11,-0.928595,0.305676
11,-0.748678,0.676836
11,-0.0198705,-0.99122
11,-0.647572,-0.735873
11,-0.703612,0.743822
11,-0.220816,0.972965
11,0.395841,-0.900394
11,0.300956,0.954258
11,0.13779,-0.982933
11,0.813476,-0.549704
11,0.621997,-0.783151
11,0.424728,-0.904156
11,0.976186,-0.241357
11,-1.01076,-0.0193127
11,-0.54429,0.820606
11,0.277746,0.957248
11,0.343821,-0.934534
11,-0.463304,-0.865925
11,-0.891985,-0.432584
11,0.21236,0.9818
11,-0.514573,0.8601
11,-0.0947294,-0.977234
11,-0.302228,0.961054
11,-0.61682,-0.806728
11,0.180633,-0.976771
11,0.853048,0.513472
11,-0.376004,0.934319
11,0.708019,0.723533
11,-0.662191,-0.762661
11,-0.622363,-0.778491
11,0.258833,-0.967913
11,0.65707,-0.745619
11,-0.970377,0.159859
11,-0.0104308,-1.01237
11,-0.276576,-0.967307
11,-0.5601,-0.833621
11,0.0433921,-1.01821
11,-0.168465,-0.980835
11,-0.95846,-0.31779
11,0.348242,0.938839
11,0.5012,0.876407
11,0.935815,0.363107
11,-0.600667,-0.7963
11,-0.467193,0.870623
11,0.460389,0.889674
11,-0.949546,-0.309789
11,0.918406,-0.380126
11,-0.891763,-0.445853
11,0.0309911,1.0117
11,0.0104167,1.00597
11,0.579383,0.797694
11,-0.770595,-0.635869
11,0.762157,0.657617
11,-0.10918,0.995799
11,0.777015,-0.625043
11,1.00718,0.00900092
11,-0.994991,0.0654246
11,-0.279995,0.965649
11,-0.549269,0.840132
11,0.257564,-0.962286
11,0.485862,0.876789
11,0.962266,-0.258199
11,-0.955788,-0.276683
11,0.536519,-0.833798
11,-0.924383,-0.379466
11,0.478244,-0.87685
11,0.489239,-0.868891
11,0.209865,0.979789
11,0.755635,-0.667113
11,0.90349,0.464648
11,-0.833212,0.567614
11,-0.520401,0.852266
11,0.778831,-0.603258
11,0.931501,0.364096
11,0.360467,-0.939048
11,-0.176758,-0.984679
11,0.933156,0.369716
11,-1.01419,0.132987
11,-0.268412,-0.954661
11,-0.965983,-0.194942
11,0.398675,-0.90687
11,0.161891,-0.981353
11,-0.401296,0.914762
11,0.914265,-0.370368
11,0.826275,0.558734
11,1.01037,0.0914235
11,0.951463,0.313969
11,-0.463694,0.872744
11,0.0700862,1.00268
11,0.815467,0.596547
11,0.877574,-0.434846
11,-0.889721,0.453816
11,-0.986591,0.148339
11,-0.215009,-0.979404
11,-0.419456,0.915967
11,0.716768,-0.693198
11,0.576657,0.813479
11,0.270522,0.968975
11,0.236518,-0.970935
11,-0.618855,-0.773159
11,-0.926876,0.426662
11,-0.724002,0.691252
11,0.854951,-0.497055
11,-0.995316,-0.211615
11,0.715118,0.709448
11,-0.208223,-0.982613
11,-1.0026,-0.00340834
11,-0.591345,-0.798438
11,-0.6419,-0.753216
11,0.224048,-0.972193
11,-0.993136,-0.162863
11,-0.800406,0.61324
11,-0.687265,-0.734925
11,-0.552687,-0.847581
11,0.660451,-0.755558
11,0.843725,-0.540636
11,0.917275,-0.39568
11,-0.520587,-0.84913
11,0.976564,0.258885
11,0.315416,0.954705
11,0.365246,-0.945374
11,0.947602,0.278876
11,0.921186,-0.38333
11,0.693837,-0.731729
11,-0.529811,0.84363
11,0.813866,0.604074
11,-0.46299,0.88988
11,0.990747,0.215155
11,-0.605274,0.788695
11,-0.979764,-0.16631
11,-0.529474,-0.843358
11,0.0806249,-1.00118
11,0.807435,-0.587974
11,0.802309,0.626677
11,0.0368642,-0.998311
11,-0.989378,0.0770309
11,0.1717,-0.978065
11,0.554979,-0.817349
11,-0.996422,0.139375
11,-0.971917,-0.282766
11,0.978258,0.209532
11,0.0754679,1.00423
11,0.559171,-0.848776
11,1.00108,0.0917835
11,-0.463335,0.8784
11,0.672482,0.719254
11,-0.275523,-0.972365
11,-0.992731,-0.0850265
11,0.918271,-0.417866
11,-0.694258,0.696699
11,0.075853,-0.983833
11,-0.953367,0.32183
11,-0.35941,-0.948002
11,0.953164,0.270575
11,-0.929242,-0.380048
11,0.892095,0.472384
11,-0.350164,0.927411
11,-0.928261,-0.336154
11,0.0544001,-0.982129
11,-0.910059,-0.4157
11,-0.125445,-0.989205
11,1.00999,-0.118108
11,-0.843723,0.537505
11,-0.990788,0.0540913
11,0.97816,0.105878
11,0.46127,-0.873209
11,0.854265,0.512219
11,-0.846234,-0.51208
11,-0.999394,-0.0436459
11,-0.224166,0.967274
11,-0.650719,-0.745686
11,-0.823091,0.546984
11,0.882746,0.467651
11,0.285867,-0.964902
11,-0.240867,0.982625
11,-0.0192614,1.00718
11,-0.980982,0.245363
11,0.97822,-0.143461
11,0.0243368,1.01018
11,0.915275,-0.374824
11,0.942449,0.346297
11,-0.535669,-0.858661
11,0.322501,0.948469
11,0.995749,-0.0278786
11,0.194265,0.991527
11,-0.900308,0.432927
11,0.973209,0.241737
11,-0.966584,0.313259
11,0.571885,-0.824592
11,-0.222595,-0.980503
11,0.994061,0.0364386
11,0.955548,-0.296253
11,-0.936981,0.395765
11,0.789014,0.617641
11,0.917533,0.368995
11,-0.74863,-0.654875
11,-0.980304,-0.198368
11,0.993799,-0.089901
11,-0.790018,0.63371
11,0.933477,-0.337776
11,0.606162,-0.794063
11,0.988307,0.228269
11,1.00729,-0.0399582
11,0.581552,0.808318
11,-0.713514,0.695803
11,0.330083,-0.949514
11,0.791955,-0.631003
11,-0.605904,-0.799231
11,-0.891512,-0.455775
11,0.19764,0.991678
11,-0.00186248,-0.999921
11,0.0847673,-1.00917
11,0.227611,0.987285
11,-0.862146,-0.514541
11,-0.969528,-0.215405
11,-0.153877,0.990631
11,0.658597,-0.759188
11,0.127365,-0.992321
11,0.622376,0.783255
11,0.407247,-0.891478
11,-0.175949,0.992366
11,-0.784582,0.626593
11,-0.134603,-0.987974
11,-0.840615,-0.530856
11,-0.774136,-0.649879
11,0.114766,0.996327
11,0.999137,0.0120384
11,0.753563,0.654345
11,-0.0467564,0.978291
11,0.824194,-0.557174
11,1.00354,-0.0427254
11,-0.484013,-0.858852
11,-0.477181,0.86343
11,-0.842973,0.553272
11,0.486839,0.878395
11,-0.982803,-0.169217
11,0.206481,0.984045
11,0.907982,-0.358178
11,0.423104,-0.89157
11,0.970671,0.215641
11,0.952871,-0.26899
11,0.909625,0.447175
11,-0.453327,0.892452
11,-0.924625,-0.378049
11,-0.970284,-0.258005
11,-0.697361,0.718264
11,-0.521942,0.863521
11,-0.880971,-0.500654
11,-0.930393,0.379325
11,0.142794,-0.996586
11,0.988868,-0.177561
11,-0.0829788,-1.02286
11,0.827188,-0.579684
11,0.820642,-0.581112
11,0.990068,-0.17001
11,-0.267169,-0.956117
11,0.979404,0.189655
11,-0.86269,0.506455
11,0.107128,0.990352
11,-0.992818,0.0300216
11,0.97901,0.237842
11,-0.590408,0.815672
11,0.611907,0.793012
11,-0.477099,0.878477
11,0.913744,-0.374473
11,0.466314,-0.875247
11,0.595451,0.800839
11,-0.982227,0.0223791
11,0.572369,0.811346
11,0.893675,0.44422
11,-0.904335,-0.40532
11,-0.059897,-1.00658
11,0.83184,-0.538859
11,-0.729209,-0.68391
11,1.0047,0.126204
11,0.835267,0.545505
11,0.548518,0.842803
11,-0.151524,-0.960748
11,0.949528,-0.304954
11,-0.367859,-0.941896
11,0.581273,0.815833
11,0.97692,0.19584
11,-0.475213,-0.872692
11,0.733848,0.659745
11,-0.441696,-0.89775
11,0.783285,-0.627866
11,-0.958692,0.277345
11,0.909093,0.454592
11,-0.848064,0.547084
11,0.326936,0.963048
11,-0.543435,-0.833026
11,0.207993,-0.980528
11,0.491461,0.90187
11,-0.984795,0.182368
11,0.323192,-0.945946
11,-0.489334,0.88174
11,0.346605,-0.917217
11,0.624717,-0.798432
11,0.132367,-0.999205
11,0.650779,-0.759476
11,0.863004,-0.464716
11,-0.993289,-0.185819
11,0.490727,0.882045
11,0.977753,-0.0999035
11,-0.384272,-0.930576
11,0.75851,0.625601
11,-0.977355,0.237112
11,-0.565953,0.831163
11,0.813029,0.586628
11,0.940788,-0.39123
11,-0.295944,0.953026
11,0.798563,-0.607607
11,-0.905184,-0.436084
11,-0.127478,0.9944
11,1.00987,0.00106695
11,-0.95363,-0.288245
11,-0.879171,0.455327
11,0.688983,0.714368
11,-0.844109,0.522468
11,-0.749268,-0.657146
11,0.987193,-0.00328801
11,-0.891103,0.478983
11,0.585804,-0.801719
11,-0.430723,-0.903054
11,0.990864,0.176646
11,0.561864,-0.829162
11,-0.0782829,1.00821
11,-0.349438,0.92356
11,-0.766968,0.634476
11,-0.192404,0.980542
11,0.194122,-0.98709
11,-0.454564,0.8957
11,-0.234403,-0.970243
11,-1.00133,-0.113732
11,0.528865,0.83323
11,-0.140765,-0.991966
11,-0.786798,-0.626149
11,-0.27731,0.953134
11,0.298431,0.955483
11,-0.736848,0.676016
11,0.982332,-0.188222
11,0.344596,-0.931056
11,-0.194981,0.978594
11,0.995992,-0.138033
11,0.448864,-0.899307
11,-1.0001,0.0682227
11,0.0966295,1.0007
11,-0.285251,0.94858
11,-0.770007,0.650803
11,1.00267,0.0179917
11,0.525995,0.863978
11,-0.0502923,0.997381
11,-0.871978,-0.520079
11,0.675503,-0.730661
11,-0.892208,-0.445897
11,0.882828,-0.499692
11,-0.979384,0.223503
11,-0.982806,0.059342
11,-0.696999,0.722348
11,0.700974,0.715259
11,-0.997767,-0.179513
11,-0.378077,0.920183
11,0.575303,0.834113
11,0.152156,-0.987251
11,0.724232,0.698799
11,0.0194827,-0.997478
11,0.948236,0.321563
11,0.97938,-0.2008
11,-0.927242,0.32862
11,0.535158,0.832556
11,0.727661,0.668975
11,-0.102659,-0.9989
11,-0.0575891,0.987313
11,-0.291794,-0.944484
11,0.755717,0.654247
11,0.510315,-0.868381
11,0.975865,0.210567
11,0.913403,-0.377227
11,-0.637701,-0.752872
11,0.641873,-0.766343
11,-0.913047,-0.410307
11,-0.546411,-0.830531
11,0.181218,-0.999236
11,-0.708907,0.708052
11,-0.639454,0.762186
11,0.539662,0.846537
11,0.908548,0.397683
11,0.800875,-0.563237
11,-0.715643,0.698266
11,-0.39324,-0.911485
11,0.29906,-0.962868
11,0.783706,-0.617309
11,0.329868,-0.9541
11,-0.218619,-0.978198
11,-0.487064,0.872839
11,0.968522,0.183021
11,0.563234,0.836641
11,-0.175821,-0.995478
11,-0.967771,-0.169155
11,0.235305,-0.968833
11,0.909078,-0.450195
11,-0.677425,0.762976
11,-0.834172,-0.566337
11,-0.980236,0.158853
11,0.892574,0.469935
11,-0.885795,0.428276
11,-0.971084,0.235909
11,0.858341,0.513696
11,0.9091,-0.413204
11,0.122322,-0.987934
11,0.552256,0.829945
11,-0.977003,0.238398
11,-0.926005,0.339897
11,0.693944,0.709257
11,0.913321,-0.409677
11,-0.315737,0.935248
11,-0.0570398,-1.00819
11,0.782322,-0.629889
11,-0.195107,-0.978737
11,-0.833602,-0.53146
11,0.612614,0.771727
11,0.651159,0.776101
11,-0.525096,0.85957
11,0.37943,0.914492
11,0.56423,-0.807007
11,0.906992,0.363556
11,-0.842761,-0.527345
11,-0.189685,-1.00459
11,-0.955272,0.239725
11,0.792744,-0.61429
11,0.149132,0.995719
11,0.250457,0.95431
11,-0.0899916,-1.01097
11,0.604551,0.78387
11,-0.511348,-0.847168
11,-0.994219,0.151076
11,0.0865723,0.99094
11,0.13025,0.978418
11,0.973428,-0.192522
11,-0.673715,0.743986
11,-0.809082,0.568155
11,-0.609518,0.78268
11,-0.806119,-0.571848
11,-0.964752,0.274921
11,-0.819037,0.57731
11,-0.864702,-0.467513
11,-0.259957,-0.982186
11,0.982013,0.251559
11,-0.488126,0.872494
11,0.901346,0.468953
11,-0.951069,-0.258707
11,-0.482854,-0.885792
11,-1.00509,-0.0588577
11,0.928167,0.390091
11,-0.0866003,0.984308
11,0.97076,0.222003
11,0.717145,0.706979
11,0.423102,0.919029
11,-0.990696,0.237905
11,0.166121,-0.989365
11,0.725325,-0.687253
11,0.376103,0.940917
11,-0.962084,0.279867
11,0.779262,-0.668206
11,0.0549205,0.979064
11,1.00576,0.140681
11,0.601936,0.805232
11,0.801796,0.570645
11,-0.581994,0.813543
11,0.377023,0.917333
11,-0.468012,-0.856406
11,0.581261,-0.818167
11,-0.466762,0.857017
11,0.531362,0.855867
11,-0.265956,-0.950746
11,0.334253,-0.942438
11,-0.384144,0.90524
11,0.0789447,0.992278
11,0.976098,0.236862
11,-0.0521437,0.999798
11,1.00965,0.105277
11,0.658933,-0.758679
11,-0.946178,-0.251041
11,0.121736,-0.988588
11,-1.00245,0.0188974
11,0.374991,-0.940191
11,0.0749034,-1.00311
11,-0.986231,0.228348
11,-0.567799,-0.80584
11,0.8296,-0.551067
11,-1.00788,-0.0559953
11,0.833055,-0.572625
11,-0.983373,-0.299648
11,-0.99192,0.166441
11,0.683615,0.723258
11,-0.12384,-0.995779
11,-0.40896,0.912319
11,0.548086,-0.850945
11,-0.819576,0.576265
11,0.252491,-0.960419
11,-0.541285,0.839792
11,-0.871736,0.466175
11,-0.213903,-0.977153
11,-0.989678,0.0218034
11,-0.811463,-0.584511
11,1.00348,0.0533844
11,-0.0923719,-0.982348
11,-0.675055,-0.746995
11,-0.976926,-0.0967119
11,0.983794,0.238516
11,0.755387,0.663841
11,-0.727546,0.70995
11,0.879979,0.459576
11,0.807491,-0.597505
11,-0.779973,-0.632512
11,0.404966,-0.928346
11,-0.100461,-0.992062
11,-0.987653,0.168415
11,-0.612377,0.773956
11,0.466108,0.885388
11,-0.654787,0.751186
11,-0.822573,-0.566716
11,-0.681236,-0.738517
11,0.586547,-0.81153
11,0.682022,0.726927
11,0.0627884,0.999502
11,0.924574,-0.404071
11,-0.0908362,-0.987491
11,-0.867224,-0.506067
11,0.250472,0.978764
11,0.817611,-0.57955
11,-0.220468,-0.984925
11,-0.57491,-0.804663
11,0.233773,-0.974415
11,0.423575,-0.901604
11,0.43385,-0.905177
11,0.166384,0.982739
11,-0.517962,0.87014
11,-0.833879,0.525952
11,-0.725417,0.66562
11,-0.37021,0.922848
11,0.813512,0.579135
11,0.486487,-0.881232
11,0.415827,-0.907213
11,0.641108,-0.77268
11,-0.0599183,-0.998014
11,-0.639281,0.756864
11,0.490023,-0.87831
11,-0.55648,0.835602
11,0.377552,-0.917946
11,0.0664793,1.0127
11,-0.790478,0.625175
11,0.895477,-0.42433
11,0.796626,0.594679
11,0.861419,0.515599
11,-0.886764,-0.457018
11,-0.00415639,-1.00163
11,0.394547,0.919095
11,0.335815,-0.958451
11,0.775897,-0.622439
11,0.996866,-0.122234
11,-0.295578,0.947376
11,-0.895419,-0.439432
11,-0.614643,-0.799055
11,0.356275,-0.936825
11,-0.974368,0.21655
11,1.00186,-0.0931788
11,0.930971,0.386756
11,0.903869,-0.430796
11,0.542402,0.803835
11,-0.461998,-0.897066
11,0.0406454,-0.997652
11,0.775427,0.652589
11,0.616035,0.781434
11,-0.99382,0.0239078
11,0.615096,0.781854
11,0.98671,-0.155437
11,-0.410866,0.901661
11,-0.944291,-0.352817
11,0.14832,-0.985333
11,-0.935153,0.337174
11,-1.00085,0.113047
11,-0.577721,0.810346
11,0.958052,-0.342933
11,0.737245,0.673431
11,-0.269975,-0.969386
11,-0.958325,-0.356682
11,0.901015,-0.422046
11,-0.131008,0.978735
11,-0.351318,0.94483
11,-0.975103,0.242621
11,-0.994922,-0.0905185
11,-0.335673,-0.942734
11,0.55782,-0.857675
11,-0.894067,-0.443341
11,0.645354,0.77574
11,0.273081,0.962484
11,0.292394,0.967143
11,-0.952528,-0.337214
11,0.393817,0.910114
11,0.664277,-0.737407
11,-0.445849,-0.885842
11,0.988585,0.134526
11,0.157167,-0.981441
11,0.918573,0.406822
11,0.919107,-0.373983
11,-0.642344,0.77677
11,-0.652756,-0.780952
11,-0.146068,-0.982052
11,-0.594461,0.816761
11,-1.00886,-0.0639065
11,-0.653937,-0.753891
11,-0.868997,0.49209
11,-0.490721,-0.862499
11,0.503923,0.85919
11,0.880215,-0.446957
11,0.651984,-0.729178
11,0.968973,-0.228995
11,-0.464137,-0.885228
11,0.540678,-0.838662
11,0.0757669,-0.992838
11,-0.0556726,-0.995267
11,-0.351268,0.933597
11,0.856341,-0.514065
11,0.804718,-0.576062
11,0.00137194,-0.994494
11,-1.02485,0.036808
11,1.01282,0.0563973
11,0.312131,0.95257
11,-0.720573,-0.680941
11,-0.527639,0.850359
11,0.978665,-0.188487
11,0.942173,-0.277694
11,0.92565,-0.358787
11,-0.497474,-0.87414
11,0.991153,-0.177964
11,0.0309511,-1.00065
11,0.0252788,0.984553
11,-1.00782,-0.0344949
11,1.00864,0.084466
11,-0.296287,0.976723
11,0.620348,-0.793675
11,-0.968779,-0.181374
11,-0.253822,0.951824
11,0.843575,0.558348
11,-0.935324,-0.389419
11,-0.246598,0.965984
11,0.783649,-0.623004
11,0.710864,-0.705097
11,-0.588669,-0.82398
11,-0.27487,0.970879
11,0.983976,-0.221093
11,0.658935,0.768108
11,-0.921754,0.351476
11,-0.659576,0.745206
11,1.01053,-0.0519926
11,-0.751317,0.649356
11,-0.289293,-0.949252
11,0.544832,0.840347
11,0.482829,-0.890929
11,0.929207,0.388457
11,-0.208402,0.964266
11,0.984305,0.216038
11,-0.918902,-0.380445
11,-0.728896,-0.679043
11,0.946518,-0.335949
11,-0.886702,0.425791
11,-0.99726,0.15043
11,-0.727126,-0.682949
11,-0.459642,0.886463
11,0.974811,0.242829
11,-0.974161,-0.237505
11,0.602598,0.770988
11,0.739177,-0.661708
11,-0.98584,-0.138151
11,0.821765,-0.558667
11,0.956467,-0.269412
11,-0.453401,0.886898
11,-0.738173,0.66873
11,0.89023,0.461482
11,0.325664,0.947338
11,-0.643695,0.777366
11,0.534882,0.859567
11,0.881056,-0.509715
11,0.502445,0.861294
11,-0.973609,-0.2306
11,-0.987655,0.173538
11,-0.962417,-0.274965
11,0.963889,-0.301092
11,-0.311908,0.935533
11,-0.48021,0.863152
11,0.7072,0.701152
11,0.376677,-0.925303
11,-0.99276,-0.101008
11,-0.0380006,-1.00251
11,0.753978,-0.6729
11,-0.879047,0.489975
11,-0.50494,-0.860717
11,1.00259,-0.00444124
11,0.608227,-0.800577
11,-0.880322,0.48833
11,-1.00008,0.155026
11,0.888236,0.451715
11,-0.909852,-0.390806
11,0.468849,0.884577
11,0.649033,-0.767268
11,-0.983821,0.216157
11,-0.987827,0.128509
11,0.870867,0.505769
11,-0.998859,-0.0885425
11,-0.875079,-0.446038
11,0.800487,0.584782
11,0.838518,0.549542
11,0.900665,-0.477425
11,1.01455,0.0277595
11,0.606657,0.795774
11,0.982512,0.109336
11,0.954338,-0.253063
11,0.975688,0.27023
11,0.97302,0.209105
11,0.983083,-0.176489
11,-0.550047,-0.816171
11,-0.418269,0.913298
11,0.762389,0.65544
11,0.654917,-0.772327
11,0.581633,-0.79408
11,0.188166,0.973347
11,0.451891,-0.892697
11,-0.893128,-0.448573
11,-0.384382,-0.932599
11,0.419612,-0.908645
11,-0.644995,0.77242
11,-0.710368,-0.699508
11,1.00161,-0.0557708
11,-0.943953,0.33449
11,-0.966089,0.206377
11,-0.13831,-1.00204
11,-0.234137,-0.987362
11,0.797289,0.568973
11,0.282371,-0.954005
11,0.42576,0.902988
11,-0.999819,-0.0761532
11,0.570645,0.824539
11,0.952688,-0.318744
11,0.00411005,1.00381
11,0.750307,0.674794
11,0.137713,-0.984852
11,0.047601,1.00225
11,-0.142415,1.00097
11,0.259158,0.939061
11,-0.699742,-0.69624
11,-0.931105,0.386911
11,-0.969119,0.241113
11,-0.215353,-0.989931
11,0.567207,-0.808844
11,0.963225,0.270099
11,-0.721908,-0.679695
11,0.0751984,0.999897
11,0.872787,-0.503382
11,-0.864189,0.47188
11,-0.391994,0.911888
11,-0.123443,-0.986031
11,0.501366,0.85066
11,-1.00096,0.00915736
11,0.720768,0.67706
11,-0.899056,-0.433353
11,-0.542931,-0.834739
11,0.174914,0.978359
11,-0.217255,-0.998702
11,0.894277,0.443419
11,-0.967839,-0.219062
11,0.295432,0.940221
11,-1.00056,-0.0146642
11,-0.974487,-0.103961
11,-0.96125,0.164802
11,0.705789,0.702673
11,0.899939,-0.422442
11,-0.965253,-0.256179
11,0.346362,-0.923303
11,0.523836,0.863961
11,-0.94087,0.301107
11,-0.157505,0.988701
11,-0.501487,0.857918
11,0.768366,-0.668177
11,-0.294801,0.969106
11,0.986612,-0.0683326
11,-0.763372,0.635363
11,0.99623,0.0545359
11,-0.778638,-0.615146
11,-0.965524,0.261303
11,0.0203141,1.01009
11,0.655952,0.767942
11,-0.872264,0.489401
11,0.743408,-0.667823
11,-1.01339,-0.00768609
11,0.570592,0.837607
11,0.490201,0.88094
11,-0.527686,-0.842361
11,-0.456209,0.901176
11,0.408949,-0.903254
11,0.430112,0.895338
11,0.473033,-0.868746
11,0.739505,0.657004
11,0.367385,-0.932443
11,-0.98714,0.173012
11,0.208324,-0.984577
11,0.623757,0.78027
11,0.376672,0.939856
11,0.536957,-0.856465
11,-0.294134,0.945593
11,0.888006,-0.452531
11,0.671622,-0.751139
11,-0.0959159,1.01176
11,0.6847,-0.724874
11,0.57108,0.821389
11,0.12395,0.987579
11,-0.536374,0.837069
11,0.675213,0.740012
11,0.797806,0.584257
11,0.644617,-0.745761
11,-0.623061,0.769796
11,0.989914,0.0104817
11,0.799336,0.609985
11,-0.666488,0.744047
11,-0.910085,-0.456132
11,0.615059,0.780754
11,0.992605,0.143546
11,-0.483412,-0.861892
11,-0.860126,0.51321
11,-0.12078,0.990747
11,0.339519,-0.934861
11,0.96818,0.270211
11,0.899729,0.455969
11,-0.876396,0.490007
11,-0.650677,0.767619
11,0.669356,-0.758237
11,-0.36579,0.924848
11,0.043388,1.00011
11,0.980353,-0.23964
11,0.241184,-0.975381
11,0.356832,-0.914711
11,-0.693856,0.730957
11,-0.486094,0.87079
11,-0.750835,-0.677728
11,-0.437522,0.918499
11,0.851016,-0.523311
11,0.552082,0.833432
11,1.00062,0.0671033
11,0.00307946,1.00749
11,-0.689085,-0.743993
11,0.9524,0.335092
11,0.602419,-0.811591
11,-0.704389,-0.716636
11,-0.0440409,0.995609
11,0.386417,0.917537
11,-0.967067,-0.25312
11,-0.258345,0.955958
11,0.679222,-0.708108
11,0.247822,0.97348
11,-0.993472,0.165258
11,-0.809766,0.575163
11,0.502191,-0.864964
11,-0.967619,0.209174
11,0.884453,0.492195
11,-0.558061,0.820167
11,0.574776,-0.830385
11,0.706454,-0.707304
11,0.65631,-0.761254
11,-0.514662,0.867608
11,0.720418,0.691242
11,-0.720237,0.698129
11,0.585014,-0.809936
11,0.385399,-0.919041
11,-1.00817,-0.0685829
11,-0.877384,-0.495358
11,-0.413669,-0.910149
11,-0.616091,-0.759416
11,-0.503126,0.865459
11,0.842612,0.538219
11,-0.575758,-0.84205
11,1.00596,-0.0415251
11,0.949837,-0.329572
11,-1.00478,0.213522
11,-0.164928,-1.00545
11,0.898761,0.440516
11,-0.859633,0.519896
11,0.85991,-0.53477
11,0.601771,-0.797044
11,-1.00461,0.0688846
11,-0.986424,-0.0329641
11,0.997815,0.12731
11,-0.751996,0.643066
11,-0.767501,0.65725
11,0.12672,-0.995111
11,-0.472719,0.886047
11,0.812707,0.578094
11,-0.67851,0.746271
11,-1.00673,0.0835551
11,0.706417,-0.724553
11,0.821478,0.572662
11,0.961352,-0.277979
11,0.351772,0.938527
11,-0.207509,-0.961612
11,-0.567729,-0.812463
11,0.998129,0.167326
11,0.346242,-0.955531
11,-0.0501213,-0.99773
11,0.887334,-0.433174
11,-0.975535,-0.182781
11,0.135013,0.977873
11,1.00295,-0.016054
11,0.77422,0.664046
11,0.636419,-0.804218
11,0.995063,0.0686888
11,0.995322,-0.0492451
11,1.0058,0.0372381
11,-1.01945,0.0986707
11,0.713535,-0.705414
11,0.725547,0.675258
11,-0.54701,-0.846755
11,0.316002,-0.94908
11,-0.168587,0.986212
11,-0.856265,-0.505236
11,-0.407265,0.906481
11,0.854491,-0.488708
11,0.598661,0.792233
11,0.0850488,0.999293
11,0.834057,-0.557597
11,-0.176887,0.9839
11,-0.931266,-0.398817
11,0.247034,0.962104
11,0.920965,0.334283
11,0.0584896,0.99844
11,-0.924807,0.357937
11,0.0711086,1.00509
11,-0.227604,-0.981163
11,0.960195,-0.300982
11,-0.616936,-0.765547
11,0.492814,-0.858189
11,0.122073,0.973452
11,-0.45585,0.884268
11,0.705411,0.721041
11,0.95247,0.282183
11,0.659278,-0.762746
11,-0.264347,-0.969843
11,0.991765,-0.0261435
11,-0.991477,0.156577
11,0.950114,-0.304815
11,0.809224,0.581693
11,-0.512954,0.880289
11,0.225492,0.978044
11,-0.447755,0.904281
11,0.972722,-0.157242
11,-0.171884,0.995811
11,-0.506578,0.875134
11,0.109732,-0.983914
11,-0.988094,-0.173996
11,-0.359014,0.919443
11,0.323972,-0.951268
11,-0.807151,0.597471
11,-0.830786,-0.554744
11,-0.983205,0.15689
11,-0.11511,-1.01157
11,0.0557598,0.998783
11,0.843979,0.536026
11,0.887954,0.453537
11,-0.594714,0.81859
11,0.8267,0.563177
11,-0.909371,-0.383846
11,0.413904,-0.927501
11,0.931304,0.367106
11,-0.731334,0.661081
11,0.849721,0.532675
11,-0.458127,-0.880496
11,0.904429,-0.418165
11,-0.107351,0.990388
11,0.352448,0.945039
11,0.131859,-0.983127
11,0.932445,-0.323189
11,0.9883,0.164448
11,0.474402,0.89669
11,0.302992,0.957458
11,0.0267954,0.998896
11,1.00026,-0.110653
11,-0.401865,0.921631
11,0.615996,0.800153
11,0.986917,0.16858
11,-0.0463906,-0.985622
11,0.10556,0.991322
11,-1.00121,0.173438
11,0.342538,-0.945915
11,0.842158,-0.533687
11,-0.674821,-0.730322
11,1.0086,0.159644
11,0.441305,-0.908183
11,0.950361,-0.289305
11,-0.522278,-0.835128
11,0.997063,0.0898738
11,-0.797511,0.613333
11,0.917076,0.413654
11,-0.141199,0.995285
11,0.189728,-0.9517
11,0.562032,-0.848209
11,-0.970472,-0.253173
11,0.71948,0.692772
11,0.0169526,1.00704
11,0.990067,-0.145638
11,-0.740574,-0.672141
11,0.416008,-0.912194
11,0.943436,0.348816
11,-0.935657,0.347108
11,0.534797,-0.844224
11,0.102008,0.990782
11,-1.00912,-0.125879
11,0.0476231,-0.999007
11,0.935097,-0.333975
11,-0.811103,0.579818
11,0.962284,-0.311162
11,-0.782101,-0.63807
11,-0.625194,0.770907
11,-0.0887163,-0.982974
11,0.142594,-1.00569
11,-0.429881,-0.904975
11,0.0212818,1.0056
11,0.973457,-0.238576
11,1.00111,0.0336046
11,0.883514,0.444137
11,0.285556,0.961797
11,-0.235756,0.972596
11,0.844464,0.552254
11,-0.991391,-0.129576
11,-0.388864,0.912955
11,-0.169796,-0.994978
11,-0.908156,-0.424918
11,-0.383184,0.91541
11,-0.0303705,-0.994597
11,0.79987,-0.609902
11,-0.229588,-0.946823
11,-0.0737381,0.991772
11,-0.996437,0.00733523
11,-0.962127,-0.214104
11,0.967114,-0.252576
11,0.468049,-0.870827
11,-1.00517,-0.0236842
11,0.559715,-0.828389
11,0.190951,-0.972677
11,-0.61106,0.791471
11,-0.0279868,0.993531
11,-0.410289,-0.897758
11,-0.994035,0.0025238
11,0.778241,0.591772
11,0.913413,0.389444
11,-0.307689,0.941721
11,-0.994626,0.131851
11,-0.805111,0.603967
11,-1.01282,-0.0197233
11,-0.121655,0.997348
11,-0.773676,-0.667387
11,-0.322279,-0.947237
11,-0.335603,0.924988
11,-0.969321,0.292963
11,-0.298489,-0.954045
11,0.790156,-0.627247
11,-0.230893,-0.988131
11,0.975025,-0.174134
11,-0.774718,-0.634426
11,-0.612217,0.791221
11,0.940725,-0.33744
11,-0.462679,0.872593
11,-0.231139,0.972091
11,-0.00626391,-0.979255
11,-0.932019,0.390758
11,0.885929,-0.439491
11,-0.429121,0.916194
11,0.0302727,1.00317
11,-0.933294,-0.367799
11,0.895306,-0.443195
11,-0.921457,-0.392592
11,-0.865713,-0.526387
11,0.0555623,-1.01191
11,0.883718,-0.484043
11,0.207064,-0.987467
11,-0.462246,0.912208
11,-0.69424,-0.720045
11,0.995642,0.107062
11,0.999563,0.097178
11,-0.968567,-0.288859
11,0.228549,-0.961922
11,0.993461,-0.145712
11,0.964282,-0.125965
11,0.763348,-0.647922
11,0.816143,0.576579
11,0.35855,0.928435
11,-0.696354,-0.719492
11,0.949707,0.318397
11,-1.01424,0.0919552
11,-0.845931,0.510419
11,-0.868534,0.501372
11,0.830904,-0.540171
11,-0.620019,-0.794698
11,-0.835239,0.543556
11,0.762817,0.60956
11,-0.415404,-0.886736
11,-0.591557,0.804865
11,0.22478,0.978931
11,-0.152265,-0.998475
11,-0.107697,1.00217
11,0.681103,0.715003
11,-0.101929,0.996416
11,-1.01115,0.0451648
11,-0.531026,-0.855332
11,0.979777,0.0427455
11,0.979827,-0.205788
11,0.910222,0.406891
11,-0.642742,0.766004
11,0.114374,-0.987816
11,-0.383707,0.924273
11,0.489369,-0.865229
11,0.484442,0.865676
11,-0.733096,0.680585
11,0.48967,-0.872438
11,-0.435901,-0.893979
11,0.223607,0.998919
11,-0.999806,0.135723
11,-0.136502,1.00907
11,0.20363,-0.97028
11,0.396613,0.925316
11,-0.20954,0.970112
11,-0.942402,0.373901
11,0.972565,0.20654
11,-0.763153,-0.630147
11,0.220351,0.981577
11,-0.406591,0.924544
11,0.481637,-0.881958
11,0.975668,-0.179199
11,0.983282,-0.0365304
11,-0.344623,-0.94119
11,0.61446,0.778786
11,-0.109565,0.998885
11,-0.168702,0.978782
11,0.461756,-0.89371
11,-0.445723,-0.898525
11,-0.986515,0.0264328
11,0.614397,-0.803978
11,-0.818368,0.590608
11,-0.524176,-0.864947
11,0.935511,0.397869
11,-0.910716,0.42139
11,-0.982333,0.16318
11,-0.291663,0.968794
11,-0.925387,0.36563
11,-0.887958,-0.468555
11,-0.695715,-0.70278
11,-0.726373,-0.692603
11,0.374524,-0.928528
11,0.479183,-0.88027
11,0.656171,0.747734
11,-0.729144,0.708318
11,-1.00081,-0.112576
11,0.744215,-0.681975
11,-0.781706,0.59128
11,0.985741,0.219888
11,-0.240402,0.985381
11,-0.0784857,-0.997322
11,0.982649,0.226607
11,-0.78248,-0.607849
11,0.1784,1.00085
11,-0.988059,0.0505828
11,-0.924642,-0.363369
11,0.919222,-0.412396
11,-0.590596,-0.813044
11,0.791713,-0.606914
11,0.34335,0.922913
11,0.528717,0.832449
11,0.928218,-0.410539
11,0.976532,-0.194994
11,0.604364,0.808674
11,0.815797,-0.568932
11,0.872132,-0.501211
11,-0.952628,-0.324113
11,-0.233444,-0.988774
11,0.769456,-0.633686
11,-0.324215,0.952421
11,0.263513,-0.974009
11,0.98346,0.0506921
11,-0.816195,-0.566331
11,0.795705,0.610109
11,0.0579296,1.0175
11,1.00508,0.0389694
11,-0.738354,-0.644322
11,0.45103,0.889225
11,0.0426566,0.990061
11,-0.96289,-0.210883
11,-0.991115,0.0603902
11,0.87328,-0.488984
11,-0.984198,0.214084
11,-0.422858,0.90012
11,-0.906973,0.425913
11,-0.661351,0.77123
11,-0.084229,0.987333
11,-0.61326,-0.808966
11,-0.698965,0.69948
11,0.599554,-0.80436
11,0.932598,0.370225
11,-0.556857,0.824763
11,0.254896,-0.960661
11,0.53481,0.836421
11,-0.273862,-0.958527
11,0.117197,-0.991554
11,0.810887,-0.569272
11,0.545692,-0.812746
11,0.98357,0.196638
11,-1.00038,0.0659937
11,0.0679271,1.00986
11,-0.928657,-0.327155
11,0.786718,0.640534
11,-0.577204,-0.788094
11,-0.236016,0.97169
11,-0.89473,-0.429901
11,-0.857235,-0.505795
11,0.97817,-0.187067
11,-0.226399,0.985325
11,-0.733589,-0.701421
11,-0.593973,-0.793671
11,-0.976583,0.200251
11,0.887613,-0.45152
11,0.30944,-0.93078
11,0.868974,0.504869
11,0.685461,0.709514
11,0.516026,0.859526
11,0.975268,0.0927991
11,-0.663847,-0.730136
11,-0.304621,-0.952667
11,-0.813181,0.573398
11,0.997003,-0.0517094
11,0.655926,-0.740664
11,0.0357698,-0.988502
11,-0.936221,0.339181
11,-0.970511,0.279296
11,0.0969878,-0.997726
11,-0.777873,-0.623539
11,-0.57479,-0.799628
11,-0.968429,0.266802
11,0.243453,0.949896
11,1.01269,-0.0583101
11,0.89402,0.463325
11,-0.659055,-0.744416
11,-0.0810451,0.993463
11,0.387359,-0.919929
11,0.991148,-0.251376
11,-0.340171,-0.959162
11,0.712971,-0.683994
11,1.01781,-0.0927708
11,-0.447328,0.884143
11,-1.01038,-0.0922728
11,-0.0457515,-1.01265
11,0.965906,-0.270086
11,-0.939931,-0.31474
11,-0.893167,0.471119
11,0.547489,-0.811516
11,0.76073,0.674022
11,0.855918,0.506533
11,-0.531787,0.851119
11,0.00630193,0.990921
11,-0.982336,-0.137381
11,-0.62756,-0.756395
11,-0.799444,0.597478
11,-0.111259,-0.980888
11,-0.590304,-0.82374
11,0.528061,0.849036
11,-0.279651,0.958857
11,-0.832953,0.581096
11,0.962161,0.314588
11,-0.146513,0.986857
11,0.675185,-0.733775
11,0.96956,-0.228152
11,0.97912,-0.0460653
11,0.992411,-0.107491
11,0.914714,-0.383713
11,0.192584,0.97908
11,0.8419,0.540608
11,0.982046,-0.0430727
11,0.552453,0.824851
11,0.952672,0.325044
11,0.966224,0.217897
11,-0.902693,-0.431332
11,-0.747799,-0.673923
11,-0.248071,0.971602
11,0.990584,0.214248
11,-0.703269,0.763968
11,-0.764531,-0.664204
11,-0.741651,-0.684919
11,0.796298,0.609204
11,-0.867853,-0.505856
11,-0.897667,-0.438829
11,0.941811,0.361702
11,0.708061,0.696954
11,0.469538,-0.873708
11,0.133602,0.984712
11,0.915247,0.413081
11,-0.741799,0.662949
11,-1.01391,-0.00876713
11,-0.0545896,0.999883
11,0.524841,0.844587
11,-0.177634,-0.981835
11,0.731878,0.691176
11,0.978273,-0.0772401
11,0.783552,-0.62116
11,0.485363,0.875397
11,-0.395346,-0.918327
12,-0.991964,-0.013316
12,0.782512,0.604047
12,0.0455144,0.981583
12,-0.273437,-0.953593
12,0.95436,0.297411
12,0.898041,-0.434626
12,0.261089,-0.966887
12,0.31214,-0.967917
12,-0.659534,-0.756582
12,-0.801386,0.617554
12,0.795754,-0.606521
12,-0.375776,-0.923712
12,-0.447991,-0.892422
12,-0.995263,0.0335728
12,-0.827301,-0.543017
12,-0.0688508,0.991302
12,-0.133388,0.98758
12,0.0543303,0.994888
12,0.587997,-0.815134
12,-0.840393,0.556521
12,0.877859,0.450666
12,1.00572,0.163928
12,0.453304,-0.893835
12,-0.834625,-0.555107
12,-0.877498,0.471585
12,0.803947,-0.578914
12,-0.129469,-0.991743
12,-0.96731,0.20815
12,0.864537,0.508527
12,0.437681,-0.91955
12,0.904626,0.411501
12,-0.940013,0.278609
12,0.298013,-0.950898
12,-0.11186,-0.978518
12,0.552439,0.830474
12,-0.978459,0.0524949
12,0.988834,-0.137906
12,-0.367001,0.950506
12,0.232898,0.982475
12,-0.875387,-0.5076
12,0.550151,-0.825549
12,0.597658,0.803221
12,-0.390331,-0.934926
12,-0.927425,0.356492
12,-0.87797,0.474839
12,0.998491,0.00448077
12,-0.89179,0.472488
12,-0.908174,-0.45224
12,-0.701842,0.712493
12,0.968588,-0.184834
12,-0.985529,-0.0857039
12,0.0515148,-0.996995
12,-0.791005,-0.585584
12,0.817689,0.598
12,-0.147177,0.995141
12,0.920365,-0.399696
12,-0.994211,-0.0429408
12,-0.78848,-0.608272
12,0.196757,0.999397
12,-0.970414,0.183218
12,-0.0149289,1.00875
12,0.571068,-0.818881
12,0.408271,0.908772
12,-1.0039,0.0313767
12,-0.915322,-0.377181
12,-0.506586,-0.860604
12,-0.408171,0.921286
12,-0.53721,-0.84778
12,0.318105,0.954916
12,-0.884798,-0.437092
12,0.615865,-0.793424
12,0.936488,0.325937
12,-0.0273178,1.00736
12,0.0320471,-1.0106
12,-0.793376,0.587944
12,0.442292,0.911741
12,-0.688852,0.701503
12,0.913328,0.445672
12,-0.581987,-0.817383
12,-0.758652,-0.622554
12,0.913558,0.375906
12,1.02027,-0.00324111
12,0.879211,0.435864
12,0.407527,0.907221
12,0.257347,0.952803
12,-0.847434,0.52209
12,-0.322975,-0.940608
12,0.964142,-0.291361
12,-0.647175,0.767625
12,0.197286,0.971261
12,0.0863654,0.998202
12,-0.30276,-0.949348
12,-0.123507,0.984873
12,-1.01074,-0.00596155
12,0.0247309,-1.00198
12,-0.503432,-0.864364
12,0.688392,-0.729021
12,0.990951,0.155683
12,0.0441218,0.994313
12,-1.01136,0.0400194
12,-0.885994,-0.431398
12,0.151964,0.977655
12,0.384465,-0.922473
12,0.952294,-0.252123
12,1.01228,0.135821
12,-0.853977,-0.52707
12,-0.107297,-0.990315
12,0.952547,0.262064
12,-0.712593,0.692996
12,0.722822,-0.699242
12,-0.991675,-0.155862
12,0.742899,0.672359
12,-0.623663,-0.76308
12,0.399744,-0.925642
12,0.8707,-0.49456
12,-0.181859,0.986394
12,0.706942,-0.675832
12,0.141116,-0.99837
12,-0.969541,-0.25654
12,-0.831441,-0.556984
12,0.846995,0.514445
12,-0.929937,0.3289
12,0.536316,0.841957
12,-0.834534,0.570266
12,0.992991,-0.135101
12,0.997692,0.211542
12,-0.116394,-0.982006
12,-0.914227,0.437289
12,-0.551698,0.854132
12,-0.520932,0.858271
12,0.342524,-0.941362
12,0.822454,0.576836
12,0.994819,-0.0681918
12,-0.349677,-0.929841
12,-0.993302,0.0253609
12,-0.951103,0.319524
12,0.805659,-0.578919
12,-0.1075,1.01316
12,0.473112,-0.889068
12,-0.507914,-0.872916
12,0.164016,-0.983113
12,0.0293279,-0.987852
12,0.782604,-0.622864
12,-0.689938,0.711371
12,0.340598,0.955603
12,-0.995873,-0.0676353
12,-1.0013,-0.141877
12,-0.130247,0.995419
12,0.0439416,-0.993253
12,-0.136715,-0.989701
12,0.0142493,-1.00014
12,-0.954305,-0.314738
12,0.966564,-0.213256
12,-0.389594,0.939531
12,0.949742,0.357902
12,-0.27569,-0.966877
12,-0.78534,0.607781
12,-0.488314,0.870047
12,0.787386,-0.635354
12,0.600017,-0.797213
12,0.682924,-0.740701
12,-0.683518,0.74352
12,-0.516702,-0.868647
12,-0.442463,-0.904256
12,-0.986543,-0.235856
12,-0.3655,0.934019
12,0.231436,-0.994784
12,-0.695082,0.703965
12,-0.404713,-0.911822
12,-0.584063,0.808192
12,-0.668831,-0.729552
12,0.639736,-0.769933
12,0.783825,0.63698
12,-0.947341,0.329135
12,-0.991205,0.16968
12,-0.637737,-0.775767
12,-0.355436,-0.922681
12,0.359422,0.935783
12,-0.342106,-0.936362
12,-0.545929,-0.841917
12,-0.203318,0.980536
12,0.897271,-0.441056
12,-0.67907,-0.72653
12,0.726121,0.674005
12,0.964466,0.284239
12,-0.171357,-1.00973
12,-0.850472,0.543615
12,-0.889691,-0.455021
12,-0.934965,0.343674
12,0.0914841,0.991479
12,0.711052,0.705277
12,-0.731536,-0.672097
12,0.519167,0.843538
12,0.691688,0.714579
12,0.385324,-0.917442
12,-0.948577,-0.307487
12,-0.470054,0.875945
12,-0.846775,0.55201
12,-0.444747,0.900787
12,0.079848,1.00639
12,0.895769,0.451537
12,-0.1176,0.985141
12,-0.693911,-0.704565
12,0.855055,0.516893
12,-0.455236,0.892669
12,-0.83787,-0.53655
12,-0.36064,0.932593
12,-0.258327,0.96968
12,0.573542,0.837431
12,-0.253837,-0.971332
12,0.492709,0.859645
12,-0.683509,-0.71973
12,-0.330522,0.974333
12,0.972229,-0.177348
12,-0.903702,-0.390706
12,0.90856,0.43211
12,-0.726936,-0.693772
12,-0.995657,-0.075023
12,0.247322,-0.991942
12,0.188735,0.977921
12,-0.38712,0.935474
12,0.53929,-0.847718
12,0.995906,-0.0967628
12,-0.305612,0.965006
12,-0.25236,-0.979087
12,0.928615,-0.368568
12,-0.981871,0.213621
12,0.740162,-0.663737
12,0.000200084,-1.01227
12,-0.513357,-0.863177
12,-0.131849,-0.997434
12,-0.436182,0.899801
12,-0.920336,0.392189
12,-1.00798,-0.061871
12,-0.00826387,-0.98706
12,0.447006,0.882919
12,0.208197,0.991257
12,-0.625883,-0.77529
12,-0.936658,-0.320717
12,0.277502,-0.972415
12,0.575929,0.834504
12,0.999127,0.0376334
12,0.907203,0.446386
12,0.928213,0.399814
12,-0.780396,0.61289
12,0.993814,0.198382
12,0.985113,0.153094
12,-0.514098,-0.851145
12,-0.931019,-0.393132
12,-0.635937,-0.780372
12,-1.00038,0.0647488
12,0.208483,-0.981449
12,-0.474517,-0.878612
12,-0.37151,-0.932385
12,0.996714,0.0704783
12,-0.0191827,-0.983984
12,0.913818,0.438158
12,0.955182,-0.313926
12,0.937213,-0.357065
12,0.604422,-0.800823
12,-0.363391,0.942292
12,-0.123639,0.990853
12,0.266659,0.967368
12,-0.876255,-0.487892
12,0.993346,0.129243
12,-1.0037,0.168652
12,0.887554,0.453887
12,-0.940386,0.336941
12,-0.696144,-0.737193
12,-0.293007,0.967319
12,0.860184,0.506236
12,-0.151108,-0.992212
12,-0.0690946,1.01195
12,0.99755,-0.0391853
12,-0.259996,-0.987655
12,0.367857,-0.930353
12,0.444107,-0.891883
12,-1.00464,-0.100945
12,-0.983514,0.0907084
12,0.808767,-0.608749
12,0.631654,-0.754602
12,0.469463,0.897214
12,-0.932297,0.299477
12,-0.932771,0.372498
12,0.150499,0.980977
12,-0.419605,-0.892163
12,-0.237025,0.978542
12,-0.751001,-0.651771
12,0.928074,0.420348
12,-0.297895,0.955331
12,0.196402,-0.967773
12,-0.782256,0.608374
12,-0.755781,-0.671554
12,-0.578016,0.811278
12,-0.9621,0.261477
12,0.909821,0.421317
12,0.479453,0.897763
12,-0.992408,-0.127264
12,-0.962219,0.261391
12,1.00073,0.0678202
12,-0.914468,0.407231
12,-0.27388,-0.954133
12,0.436111,0.913596
12,-0.377945,-0.93081
12,-0.923725,0.38309
12,-0.945639,0.338794
12,-0.402155,0.903865
12,-0.898335,-0.412076
12,0.904426,-0.444859
12,-0.922648,0.398415
12,0.283614,-0.963953
12,0.678742,-0.740129
12,-0.736493,0.691648
12,-0.797985,-0.605225
12,-0.399713,-0.931694
12,-0.173976,-0.983098
12,-0.86188,-0.512462
12,-0.450286,-0.884751
12,0.628675,0.768032
12,0.0310859,1.0088
12,-0.873599,-0.492636
12,-0.962112,0.265871
12,0.668884,0.754646
12,-0.251885,-0.972455
12,-0.894326,0.451882
12,0.184017,-0.972299
12,-0.567093,-0.839475
12,0.125291,-0.987376
12,0.966424,-0.220582
12,0.874574,-0.489459
12,-0.994572,-0.171386
12,-0.910774,-0.398043
12,0.604547,-0.81407
12,0.0217452,-1.00453
12,-0.108515,-0.98116
12,0.131294,0.998395
12,-0.5422,0.845425
12,-0.66971,0.748096
12,0.981351,-0.266686
12,-0.761849,0.641025
12,-0.551307,-0.813813
12,0.912694,-0.389509
12,0.995512,0.111676
12,0.964742,0.263107
12,0.292697,0.949856
12,0.385621,0.92059
12,0.237014,0.962484
12,0.826904,-0.567146
12,-0.415554,-0.895309
12,-0.628669,0.76846
12,-0.952533,0.353143
12,0.513396,-0.857144
12,0.134464,0.986466
12,-0.660121,0.751848
12,-0.397061,0.917698
12,-0.855301,-0.520361
12,-0.976747,-0.141597
12,-0.280209,0.968059
12,-0.6427,0.764878
12,-0.00333327,1.00897
12,-0.794066,-0.638944
12,-0.0329773,1.00401
12,1.01101,-0.0553311
12,0.392807,0.922053
12,-0.782285,-0.651117
12,-0.205816,0.974388
12,0.404134,-0.936493
12,0.0407332,1.00986
12,-0.982754,0.0485326
12,0.908433,-0.438126
12,0.867252,-0.489243
12,-0.969752,0.292622
12,0.893885,-0.420606
12,0.014407,1.01082
12,-0.98739,0.256553
12,0.59868,0.807379
12,0.336486,0.943676
12,-0.290291,0.96356
12,0.115747,-0.995787
12,-0.583558,0.82373
12,0.909268,-0.413142
12,0.055122,-1.00124
12,0.220018,1.00093
12,-0.421751,-0.901564
12,0.991803,-0.176319
12,-0.430769,0.864588
12,0.985935,-0.126065
12,1.01912,0.058155
12,0.945425,-0.360073
12,-0.996008,-0.13173
12,0.848251,-0.534457
12,-0.456905,-0.886663
12,-0.00135143,0.985688
12,-0.412299,0.900816
12,0.871181,-0.484343
12,-0.923317,-0.407982
12,-0.534678,0.851452
12,-0.360301,-0.929036
12,0.303463,0.949427
12,-0.620139,0.777703
12,-0.283965,0.960937
12,-0.486229,0.876176
12,-1.00453,0.00368605
12,0.884087,0.476948
12,-0.801803,0.601754
12,-0.921175,-0.351667
12,0.630071,0.763453
12,-0.854972,-0.540095
12,-0.600468,-0.79145
12,-0.744268,0.65283
12,-0.418859,-0.899365
12,0.963203,-0.226464
12,-0.885426,-0.488782
12,0.705754,-0.702704
12,0.971934,-0.234326
12,1.00737,-0.029691
12,-0.559534,0.840141
12,0.41211,0.928193
12,0.286662,0.961314
12,-0.745368,0.636282
12,-0.11758,-1.00339
12,-0.354727,-0.942427
12,-0.737146,0.695248
12,-0.998686,0.0858963
12,-0.160615,-0.995326
12,0.92635,0.383925
12,1.00147,-0.153454
12,0.742026,0.684355
12,-0.98951,-0.162493
12,0.80905,-0.573389
12,0.161951,0.98282
12,-0.735273,0.650499
12,0.923792,0.415979
12,-0.90893,0.410189
12,-0.994757,0.0961632
12,0.0898696,-1.00729
12,-0.783708,-0.628043
12,0.905037,-0.410951
12,-0.596879,-0.80966
12,0.211796,0.984333
12,0.931766,-0.363275
12,0.601604,-0.782447
12,0.275158,0.962873
12,0.647736,0.730181
12,-0.43739,0.894767
12,-0.990414,0.235414
12,-0.628355,-0.786393
12,-0.73782,0.669178
12,0.736836,-0.6923
12,-0.929239,-0.329118
12,0.101429,0.999346
12,0.427766,-0.912568
12,0.244953,0.956506
12,-0.021911,1.01562
12,0.129916,0.981166
12,-0.693827,-0.697628
12,-0.969805,-0.190764
12,0.243263,0.96617
12,0.51747,-0.856243
12,-0.976476,0.255054
12,0.54237,-0.823724
12,0.979854,0.120119
12,0.747304,0.688602
12,-0.160824,0.987334
12,0.0838211,-0.99092
12,0.0492263,1.00732
12,0.621485,-0.810671
12,-1.00396,-0.0332474
12,-0.295901,-0.946472
12,-0.182801,0.983107
12,-0.851222,0.523053
12,-0.97751,0.26706
12,-0.351046,-0.924385
12,-0.985068,-0.245053
12,-0.268164,-0.960572
12,-0.44,-0.905904
12,0.965594,-0.264609
12,-0.46332,-0.886059
12,-0.914228,0.405765
12,-0.982262,-0.217713
12,-0.675226,0.743625
12,0.9812,-0.276732
12,-0.908372,0.446049
12,0.577989,-0.817757
12,-0.303404,-0.945894
12,-0.939546,0.334178
12,-0.602497,-0.792992
12,-0.986725,0.104355
12,1.0053,-0.074957
12,0.467506,-0.899228
12,0.12469,-0.999659
12,-0.693172,0.728991
12,-0.935108,-0.34612
12,0.802198,-0.607082
12,0.987928,0.181292
12,0.911147,-0.399019
12,-0.587281,0.818553
12,0.437003,-0.901311
12,0.985285,-0.0554299
12,0.0879011,1.00683
12,0.726039,0.734213
12,-0.401467,0.910933
12,-0.165034,-0.993783
12,-0.989048,0.132062
12,-0.221247,0.98034
12,0.825879,0.56361
12,-0.996544,-0.0226818
12,-0.761591,0.623617
12,-0.434558,-0.888099
12,0.274952,-0.951374
12,0.933356,0.352772
12,0.227395,0.971836
12,-0.939038,0.356471
12,0.662355,0.749246
12,0.851534,-0.521594
12,0.457701,-0.883812
12,0.83848,-0.525227
12,0.332369,-0.947144
12,0.519769,0.843328
12,0.199938,0.975218
12,-0.923949,0.349478
12,-0.908666,0.438679
12,0.977717,-0.232295
12,-0.380881,-0.931978
12,-0.685284,-0.736605
12,0.90601,-0.408419
12,0.627039,-0.797172
12,-0.47884,-0.860801
12,-0.681313,0.725443
12,-0.989256,-0.101821
12,-0.943528,-0.344015
12,0.166814,0.997485
12,0.964562,-0.212965
12,0.704756,-0.702399
12,-0.987506,0.0661044
12,0.748554,-0.668449
12,0.547598,0.849421
12,-0.937745,-0.342729
12,0.12205,-1.01044
12,-0.906809,-0.415655
12,-0.934544,-0.302452
12,0.0524368,-0.993383
12,-0.879723,-0.453727
12,-0.803653,0.600486
12,-0.0596054,1.00966
12,-0.917636,0.385979
12,-0.761013,0.669941
12,0.995434,-0.091943
12,-0.748649,-0.647611
12,0.963596,-0.252736
12,0.834183,-0.539905
12,-0.725377,0.690839
12,0.992064,0.0174527
12,0.97859,-0.228581
12,-1.00929,-0.0633305
12,0.582882,-0.806285
12,0.937052,0.291034
12,-0.96929,-0.268398
12,0.149574,0.973844
12,-0.0739228,-0.98995
12,-0.454739,0.881139
12,-0.0793419,1.006
12,-0.990978,-0.161286
12,0.596853,0.804535
12,-0.824131,0.570197
12,-0.857886,0.548348
12,-0.211098,0.980706
12,0.332297,-0.9378
12,0.336016,-0.941653
12,0.0448012,0.987865
12,-0.784205,0.596026
12,-0.502196,-0.863741
12,-0.622656,0.784368
12,0.958922,0.254265
12,0.392405,-0.912412
12,-0.98336,0.128679
12,0.843246,-0.499242
12,-0.124243,-0.976077
12,0.278481,0.976764
12,0.822276,0.582905
12,0.992477,0.100315
12,0.517429,0.844287
12,-0.403402,-0.925147
12,-0.87851,-0.459349
12,0.981204,-0.223681
12,-0.908305,0.457434
12,0.720323,0.709213
12,0.359539,-0.939219
12,0.337719,-0.926468
12,0.0993523,0.988137
12,-0.705653,-0.690243
12,0.892263,-0.415154
12,-0.322151,-0.943637
12,0.720346,0.695984
12,-0.99894,-0.101516
12,0.0582546,-0.997654
12,0.65899,-0.752455
12,-0.451344,0.890045
12,-0.929878,0.374702
12,-0.675276,0.745124
12,0.629835,-0.783702
12,0.998426,0.0945183
12,-0.596148,0.814053
12,-0.154525,-0.994216
12,-1.01807,-0.0162246
12,0.703323,-0.714821
12,0.869347,-0.519361
12,-0.991884,0.154017
12,-0.997261,-0.0602948
12,0.634324,-0.789067
12,0.988497,0.0498819
12,-0.946168,-0.327906
12,0.88331,0.458637
12,-0.250909,0.970789
12,-0.109443,1.00291
12,0.53377,0.837974
12,-0.528777,-0.851484
12,0.52624,0.866057
12,0.621681,-0.777771
12,0.966821,0.276867
12,0.598447,-0.796713
12,0.848118,0.532338
12,0.861498,0.514655
12,0.777987,-0.637172
12,0.458967,0.886985
12,0.817129,0.584927
12,-0.98519,-0.0212563
12,0.607497,-0.80266
12,0.239778,-0.968085
12,0.452476,-0.893135
12,0.354426,0.929887
12,-0.363202,-0.92206
12,0.486725,0.858055
12,-0.989386,-0.0915814
12,0.563387,-0.852632
12,0.717382,-0.699046
12,0.977845,-0.122324
12,-1.00114,-0.0734686
12,0.816399,0.549853
12,0.0624147,1.00324
12,-1.00247,-0.00894187
12,0.670252,-0.735779
12,0.559221,0.801
12,-0.798239,-0.579508
12,-0.593926,-0.803595
12,-0.085536,-1.01865
12,0.980049,-0.0885214
12,-0.763701,-0.623438
12,0.289462,-0.955154
12,-0.325187,-0.931369
12,-0.994471,-0.119381
12,0.883632,0.437917
12,-0.160609,-0.989558
12,-0.870396,-0.496847
12,0.28787,0.959483
12,0.6082,0.787327
12,0.994815,0.0455368
12,-0.528987,0.855934
12,-0.963099,0.311303
12,-0.940638,0.391038
12,0.923003,-0.429173
12,0.785442,0.633555
12,-1.00826,0.0415275
12,0.21603,0.968061
12,-0.765938,-0.621992
12,0.972746,0.191832
12,-0.832896,-0.558076
12,0.582044,-0.801822
12,-0.610426,-0.809399
12,-0.734357,0.67999
12,0.731846,0.681835
12,-0.96269,-0.287565
12,-0.499418,-0.873766
12,0.217868,0.973161
12,-0.826089,-0.547574
12,-0.82283,0.559439
12,0.822511,-0.560049
12,-0.611969,-0.777969
12,-0.768196,-0.62093
12,0.581175,-0.809644
12,-0.982018,0.171163
12,-0.650858,0.764885
12,0.404675,0.92386
12,-0.418119,0.910565
12,0.859168,-0.529272
12,-0.780929,0.624662
12,0.199402,0.972121
12,0.861017,-0.463738
12,0.924748,0.346673
12,-0.49317,0.859584
12,-0.402695,-0.921131
12,-0.602022,-0.81592
12,0.99583,0.0662296
12,-0.10949,0.987214
12,0.976466,-0.292572
12,0.943909,0.335754
12,0.0959517,-0.984342
12,-0.0850453,-0.993786
12,0.419215,0.897879
12,0.438937,-0.889285
12,-0.025129,-1.0096
12,-0.66625,0.742744
12,-0.302096,-0.965282
12,0.657512,-0.745642
12,0.565982,0.830199
12,0.751514,-0.635348
12,0.90555,-0.4558
12,0.454576,-0.898194
12,-0.371105,0.946335
12,0.180833,-0.982824
12,0.151112,0.98307
12,0.988919,-0.204882
12,1.00754,0.0579519
12,0.102589,0.996939
12,-0.503234,0.87594
12,-0.461662,-0.895402
12,-0.128989,0.996
12,-0.0388586,-1.01512
12,-0.884076,0.469149
12,0.963873,0.214149
12,-0.778637,-0.595318
12,0.322007,0.924467
12,-1.0024,0.161842
12,-0.916401,0.420236
12,-0.157873,1.00222
12,-0.719779,-0.689338
12,-0.98072,0.132032
12,-0.986997,-0.192531
12,0.807334,-0.597368
12,-0.394182,0.90903
12,0.179773,0.979811
12,-0.924372,-0.334319
12,0.292607,-0.947081
12,-0.958723,0.324597
12,0.988231,0.170471
12,-0.0539686,1.00193
12,-0.818998,0.589401
12,0.233343,-0.967193
12,0.23638,0.975497
12,-0.719352,-0.684724
12,0.215628,-0.986329
12,0.893113,-0.478792
12,0.989902,-0.078247
12,0.380836,0.924781
12,0.968554,-0.243601
12,-0.365582,0.939769
12,-0.423788,-0.921019
12,-0.938624,0.352103
12,-0.930551,-0.351378
12,0.334126,0.937715
12,-0.786484,0.614832
12,0.818485,-0.550286
12,0.475386,-0.892765
12,-0.946292,0.355201
12,0.225712,-0.971498
12,-0.918123,0.366999
12,0.189435,-0.98006
12,-0.978495,-0.158952
12,-0.607569,-0.794508
12,0.2646,-0.983021
12,0.276608,-0.964401
12,0.611053,0.802831
12,-0.610099,0.811719
12,-0.358522,0.944433
12,-0.478485,-0.886562
12,0.972038,-0.226515
12,-0.882313,0.415413
12,0.494717,-0.880984
12,-0.98037,-0.211168
12,0.848486,-0.516498
12,-0.244662,-0.976472
12,0.315439,-0.947636
12,0.960017,-0.290662
12,0.95629,-0.2807
12,0.391928,-0.923982
12,0.639754,-0.800893
12,-0.950079,-0.293734
12,0.0629289,-0.967255
12,-0.562574,-0.822188
12,0.869515,0.505381
12,-0.582429,-0.822395
12,0.874647,-0.478961
12,0.225589,0.976988
12,0.931796,0.398122
12,-0.923734,-0.316879
12,-0.703743,0.727269
12,-0.956095,0.30989
12,0.83983,-0.55483
12,1.00206,0.108964
12,0.826309,0.544581
12,0.0969499,-0.994218
12,-0.557703,-0.829199
12,-0.92381,-0.359202
12,0.56196,0.827822
12,-1.01588,-0.0577194
12,-0.935224,0.307817
12,-0.126016,-0.993541
12,-0.5497,0.835285
12,0.803431,0.623412
12,-0.952737,-0.337925
12,-0.542729,0.828865
12,-0.983026,-0.234634
12,-0.503662,0.848132
12,0.219473,-0.976057
12,-0.624155,0.791513
12,0.290582,0.947765
12,0.890366,0.458526
12,-0.357605,0.944568
12,-0.0911375,0.988662
12,-0.805493,-0.602405
12,-0.890195,-0.461313
12,0.866549,-0.491332
12,-0.494005,-0.859693
12,0.930963,-0.362126
12,-0.221609,-0.988491
12,0.796324,-0.594675
12,-0.939009,-0.340883
12,-1.00771,-0.00607053
12,-0.434173,0.871096
12,-0.942066,0.350306
12,0.0557457,0.999205
12,-0.0687664,0.990783
12,-0.582653,-0.813174
12,-0.967466,0.287911
12,0.974657,-0.0983082
12,-0.913848,-0.39611
12,-0.101094,0.994716
12,-0.832263,0.536469
12,0.814771,-0.578976
12,-0.870728,0.48009
12,1.00638,-0.0588236
12,0.731562,0.681342
12,0.211881,-0.979519
12,0.232097,0.989132
12,-0.941026,-0.362379
12,-0.820264,-0.566178
12,0.525278,-0.849861
12,0.885446,-0.520602
12,-0.745758,0.672336
12,-0.968229,0.238483
12,0.980401,0.241565
12,0.00807795,-1.00109
12,-0.625324,-0.795157
12,-1.0071,-0.063495
12,0.584992,-0.829606
12,-0.975489,-0.175019
12,-0.667591,-0.76062
12,-0.354723,-0.943956
12,0.242202,-0.972526
12,0.349807,-0.923001
12,0.988505,-0.200429
12,0.773474,-0.627821
12,-0.473746,0.873785
12,-0.586703,-0.815434
12,0.746563,-0.653832
12,-0.85897,-0.514861
12,-0.789844,-0.630141
12,-0.742238,-0.663292
12,-0.308642,-0.956769
12,0.870248,0.480417
12,-0.576081,-0.80462
12,-0.999912,-0.0194423
12,-0.869065,-0.494427
12,-0.0620074,-1.01871
12,0.160699,-0.975152
12,0.279004,-0.96013
12,-0.479352,0.87836
12,-0.994593,0.00280407
12,-0.129719,0.979567
12,0.276564,-0.969845
12,0.946299,-0.33543
12,0.251632,0.989749
12,0.265758,0.964078
12,0.888698,-0.483795
12,0.642415,-0.777438
12,-0.992551,-0.0495102
12,0.53397,0.861975
12,0.300373,-0.947862
12,-0.44032,-0.897665
12,0.368985,0.914173
12,-0.0859517,-0.994657
12,0.269062,-0.975376
12,-0.286112,-0.959873
12,0.626967,-0.791315
12,-0.796767,-0.616762
12,0.827443,-0.540872
12,-0.114756,0.989466
12,-0.87489,0.462568
12,-0.947871,0.346232
12,-0.959118,0.273601
12,0.765255,0.664738
12,-0.179351,-0.975742
12,-0.812859,-0.570476
12,-0.0675984,0.989437
12,-0.551552,-0.824106
12,-0.983851,-0.22623
12,-1.00716,-0.0570175
12,0.329439,-0.950251
12,0.988519,-0.031886
12,-0.949553,0.290553
12,-0.551296,0.84496
12,-0.352951,0.918861
12,0.646294,0.766185
12,0.961564,-0.300499
12,-0.453742,0.893277
12,0.239565,0.977364
12,-0.300174,0.964236
12,0.930423,-0.417809
12,0.834962,0.545903
12,0.0452548,-1.01706
12,-0.034665,1.00827
12,-0.752058,0.656011
12,0.608797,-0.791019
12,-0.50771,0.873889
12,0.473473,-0.896014
12,-0.407824,0.905773
12,0.93877,-0.288154
12,0.70409,0.712448
12,0.910351,0.435727
12,0.142583,-0.979516
12,-0.258292,-0.971951
12,-0.998665,-0.113692
12,-0.973513,-0.226504
12,-0.751955,-0.653427
12,0.950753,-0.342361
12,0.86247,0.496927
12,0.72758,0.67926
12,-0.568367,0.818608
12,0.0219979,1.01181
12,0.994279,-0.0277291
12,0.0025522,-0.998843
12,0.995205,0.200385
12,0.544192,-0.836888
12,0.246226,0.966012
12,-0.642941,0.758395
12,0.474871,-0.897472
12,0.672174,0.726843
12,-0.0346177,-1.00606
12,0.3708,0.937076
12,-0.996637,-0.1435
12,0.853764,-0.51133
12,0.710749,-0.703649
12,-0.400798,0.906364
12,0.490254,0.854445
12,-0.977744,0.211314
12,0.747387,-0.664712
12,-0.964837,0.247473
12,0.965891,0.161491
12,-0.955889,0.285768
12,0.493714,-0.870677
12,-0.495759,0.860331
12,0.0117188,1.02285
12,0.403475,0.909065
12,0.915856,-0.404799
12,0.95861,0.306304
12,-0.238964,-0.950646
12,-0.503145,-0.86074
12,-0.997976,-0.110121
12,-0.636208,-0.76283
12,-0.681274,0.737212
12,-0.85564,0.53728
12,1.0032,0.00814463
12,0.165824,0.982095
12,-0.362314,-0.916577
12,-1.00988,0.0257901
12,-0.0520087,-0.999753
12,0.862736,-0.509859
12,-0.912825,-0.352394
12,0.771699,-0.63635
12,0.216472,-0.976112
12,0.213859,0.977754
12,0.477339,-0.871257
12,-0.688376,-0.724145
12,-0.989686,0.0315348
12,0.960151,0.229067
12,-0.980802,-0.17993
12,0.538641,0.824212
12,-0.181794,0.984198
12,-0.624725,0.789058
12,0.786364,-0.602273
12,-0.977333,0.107884
12,-0.17326,0.986282
12,0.689326,0.730362
12,-0.785197,-0.653243
12,-0.00415254,0.997928
12,-0.909079,-0.416036
12,0.994264,0.170151
12,-0.831808,0.557975
12,-0.244497,0.976728
12,0.409814,-0.914636
12,0.983188,0.163592
12,0.634659,-0.7741
12,0.662828,0.76631
12,-0.989252,-0.107715
12,-0.980357,-0.207274
12,0.0853308,-0.996516
12,0.961785,0.220131
12,0.988849,0.0954855
12,-0.0677317,-1.00364
12,0.887466,-0.393905
12,-0.369038,-0.928732
12,-0.776143,0.605276
12,0.329857,0.950117
12,-0.681903,-0.719935
12,-0.0146891,0.991004
12,-0.983336,0.218843
12,0.194677,0.997806
12,0.70325,0.691686
12,0.879152,-0.470703
12,0.0799219,0.996529
12,-0.449792,0.898191
12,1.00205,0.0966746
12,0.98209,-0.122156
12,0.740584,-0.679085
12,0.707464,-0.681036
12,-0.970459,0.162327
12,-0.432078,0.922004
12,-0.990757,0.0701006
12,-0.200338,0.982769
12,-0.975353,-0.133655
12,-0.929964,-0.324891
12,-1.00119,-0.0166191
12,-0.838347,0.52645
12,-0.397138,0.921102
12,0.191695,-1.00402
12,-0.914252,-0.412191
12,0.79772,0.601081
12,0.340599,0.921355
12,0.72288,0.704818
12,-0.812415,0.542311
12,0.246927,0.975006
12,0.52663,0.848439
12,0.340841,0.931629
12,-0.853568,0.496367
12,0.0692028,0.989329
12,1.01227,0.00947186
12,-0.0403049,1.00452
12,0.928989,0.357948
12,0.888633,0.474022
12,-0.896986,0.484633
12,-0.294877,-0.965654
12,0.895248,0.49035
12,0.966218,0.314151
12,0.387295,-0.929161
12,-0.0380006,0.97594
12,-0.660502,-0.758813
12,0.945319,0.383248
12,0.666311,0.747382
12,0.682967,0.731563
12,0.980279,0.155987
12,-0.375225,-0.925573
12,0.245728,0.967041
12,0.893338,-0.423446
12,0.726955,-0.690683
12,-0.848485,0.539543
12,0.977434,-0.159799
12,-0.175383,-0.977164
12,0.671044,-0.749499
12,0.844373,0.548844
12,-0.322998,-0.954989
12,-0.293426,-0.9569
12,-0.666653,0.749471
12,0.718895,-0.703923
12,0.169745,-0.987447
12,-0.964311,0.246096
12,-0.957863,-0.293007
12,-0.875891,-0.487649
12,-0.321676,0.93135
12,-0.989049,-0.233056
12,0.847492,0.54547
12,0.826351,-0.555502
12,0.308167,0.946125
12,-0.798183,-0.622135
12,0.527409,0.852157
12,0.687984,-0.719766
12,0.982369,-0.171631
12,0.404768,0.911548
12,-0.661282,-0.773864
12,-0.257861,0.954697
12,-0.892034,-0.489083
12,0.305985,0.964416
12,0.805012,0.597323
12,0.0376874,1.01039
12,0.912427,-0.40403
12,0.200089,0.964406
12,0.507135,-0.867544
12,-0.966129,-0.233463
12,-1.00917,0.00576386
12,-0.277657,0.953047
12,0.497746,0.879675
12,0.558865,-0.828092
12,-0.555553,0.835951
12,0.802237,-0.603149
12,0.138305,-0.993129
12,0.353754,0.915968
12,-0.530988,0.853978
12,0.854314,-0.530812
12,-0.468064,0.88183
12,0.963946,-0.317172
12,0.481561,0.871295
12,-0.627816,0.773809
12,0.553725,-0.830941
12,-0.896729,-0.426558
12,0.71908,0.71611
12,-0.889306,-0.449649
12,0.575151,-0.828017
12,-0.808404,0.592026
12,0.130326,0.984267
12,-0.766356,-0.616605
12,0.992131,0.114082
12,0.9498,-0.272949
12,-0.301249,-0.947399
12,-0.692527,0.735925
12,-0.113914,0.980157
12,0.718639,-0.705025
12,-0.937664,-0.340275
12,-1.0002,0.0440163
12,0.509373,-0.860403
12,-0.935814,-0.351362
12,-0.557133,-0.834742
12,-0.876904,-0.463192
12,-0.090186,0.9937
12,0.140045,-0.987466
12,0.679929,-0.744518
12,0.429449,-0.906485
12,0.910027,-0.415044
12,-0.907511,-0.38004
12,0.989086,-0.230915
12,0.798207,0.587313
12,-0.47084,-0.885452
12,0.657474,-0.754773
12,-0.156081,0.982093
12,0.887985,-0.443529
12,0.173278,0.992389
12,0.663673,0.764501
12,-0.961042,0.258425
12,0.202728,0.983739
12,-0.657909,0.761121
12,-0.330411,-0.953045
12,-0.671874,0.738331
12,-0.805656,-0.559739
12,-0.931456,0.375165
12,0.992095,-0.0674419
12,-1.01881,0.0158144
12,0.800673,-0.599146
12,-0.185235,0.991645
12,0.107834,-0.991418
12,0.932223,-0.343927
12,-1.01756,0.0810555
12,-1.00654,-0.00706485
12,0.745945,-0.661806
12,-0.779929,-0.622354
12,-0.610206,-0.813452
12,-1.00239,0.0422223
12,0.0653243,-0.998826
12,-0.879527,0.473516
12,-0.623184,-0.771984
12,-0.493235,0.868168
12,0.0126887,1.00677
12,0.31246,0.952385
12,-0.960365,-0.254972
12,-0.967544,0.118628
12,-0.221391,0.966735
12,0.866966,0.478164
12,0.974065,-0.152269
12,0.271274,-0.957127
12,-0.169731,-0.98447
12,0.509871,-0.853394
12,0.340395,-0.942015
12,0.565121,0.83161
12,0.474547,-0.874069
12,0.646474,-0.772143
12,-0.511626,0.875889
12,-0.574855,-0.821928
12,-0.216633,0.97317
12,0.894699,0.449203
12,-0.416739,-0.90075
12,-0.748005,-0.664358
12,0.553326,0.834256
12,-0.990886,-0.0855949
12,-0.658472,-0.77076
12,-0.0333564,-1.01998
12,-0.892932,-0.418184
12,-1.00329,-0.162778
12,-0.284412,0.949461
12,-0.988497,-0.150262
12,-0.611106,0.807942
12,0.196848,-0.974464
12,0.893903,-0.465624
12,-0.2936,-0.945883
12,-0.974139,-0.233573
12,-0.584116,0.789768
12,0.416067,0.902757
12,0.0786571,-1.00342
12,-0.798877,-0.607461
12,-0.11396,0.99435
12,-0.787063,0.581942
12,0.773697,-0.646024
12,-0.673761,-0.748424
12,0.945348,-0.32916
12,0.947155,0.335123
12,-0.938066,-0.352161
12,0.0426827,0.996327
12,0.936267,0.300188
12,-0.236151,-0.983651
12,0.0699506,1.0057
12,0.686359,0.741572
12,-0.837126,-0.555393
12,0.74804,-0.676712
12,-1.00224,-0.0233239
12,-0.377691,-0.921158
12,-0.255478,-0.967905
12,-0.832828,-0.558864
12,-1.0243,-0.0070375
12,0.993795,0.108596
12,-1.00845,0.0969505
12,-0.464913,-0.881613
12,0.110318,0.981702
12,-1.01044,-0.00482007
12,0.826423,-0.582033
12,0.563503,-0.818685
12,-0.877753,-0.46926
12,0.257451,0.967055
12,0.364721,0.939245
12,-0.0685979,-0.99557
12,-0.982722,0.16616
12,0.70948,0.722118
12,-0.92722,0.357621
12,-0.410882,0.933393
12,-0.918549,0.34856
12,-0.224629,0.993502
12,-0.766662,0.6375
12,0.251244,0.963648
12,0.500049,0.865151
12,-0.496587,-0.887151
12,0.664975,0.73804
12,0.482968,0.87647
12,-0.959967,-0.250166
12,-0.998901,-0.122347
12,-0.502491,-0.878937
12,0.855298,0.532167
12,-0.542004,0.828012
12,-0.637256,-0.775843
12,0.492056,-0.861583
12,-0.991145,0.00375096
12,0.628302,0.765048
12,-0.990049,-0.0104492
12,-0.043294,-1.0069
12,1.00726,-0.0245066
12,-0.179177,-0.988964
12,-0.623702,0.777038
12,0.860913,0.538998
12,0.427744,-0.913279
12,-0.466652,0.877455
12,0.957409,-0.317192
12,0.799565,0.619212
12,-0.494625,-0.879667
12,-0.844475,-0.537445
12,-0.994026,-0.106689
12,0.891675,0.463009
12,-0.867104,-0.483706
12,-0.985852,0.263076
12,0.0169427,1.01944
12,-0.538369,-0.827202
12,-0.745195,-0.651115
12,0.634719,-0.775826
12,-0.350413,0.925399
12,0.164286,0.989718
12,-0.981642,-0.0292726
12,0.272817,0.960123
12,0.773711,0.630478
12,0.247138,0.983529
12,-0.898624,-0.425561
12,-0.744945,0.645106
12,-0.892827,0.448178
12,0.264009,-0.955846
12,-0.67604,0.724689
12,0.989962,9.81507e-05
12,0.608342,-0.795418
12,0.983337,0.177855
12,-0.523041,-0.855556
12,-0.613808,0.784085
12,0.99648,0.0588771
12,0.0582047,-0.995304
12,0.174176,-0.980476
12,0.491998,-0.893192
12,-0.986258,-0.205082
12,-0.683731,0.73853
12,0.869158,-0.514979
12,-0.970498,-0.30109
12,0.902122,0.423867
12,-0.93526,-0.38879
12,-0.818858,-0.578442
12,-0.869786,0.477519
12,-0.807782,0.598914
12,-0.372809,0.939271
12,-0.89486,0.429101
12,-0.909825,0.430306
12,-0.508339,-0.829713
12,-0.207919,0.97707
12,0.254644,-0.97771
12,0.416707,0.929487
12,-0.607026,-0.794303
12,0.99211,0.129146
12,-0.618457,-0.793291
12,-0.575125,0.802787
12,-0.726253,-0.681731
12,0.19533,0.981895
12,0.966474,0.211742
12,-0.782959,-0.606449
12,-0.507916,-0.862686
12,0.691977,-0.726484
12,-0.846385,-0.541795
12,0.993016,0.101925
12,-0.427069,-0.908053
12,0.90479,-0.413321
12,-0.727526,0.706
12,-0.377715,0.916883
12,-0.90589,0.396567
12,0.869579,0.463559
12,0.934813,0.364942
12,0.0113906,1.01169
12,-0.63063,0.790681
12,0.694801,0.710012
12,0.288968,-0.946109
12,-1.00936,-0.0754651
12,0.935113,-0.334396
12,0.0258245,1.02927
12,-0.468217,-0.88592
12,-0.391062,0.924313
12,0.343393,0.942446
12,0.130225,0.994025
12,0.921552,-0.364569
12,-0.723362,0.692007
12,-0.997756,-0.0508208
12,0.523018,-0.842163
12,-0.800273,0.594257
12,-0.98464,0.159815
12,-0.566172,0.801532
12,-0.731461,-0.675456
12,0.953706,0.272937
12,-0.00581943,1.00447
12,-0.316503,-0.960116
12,0.557433,0.83288
12,0.888718,0.448794
12,0.967857,0.254816
12,-0.447425,-0.897912
12,-0.994375,-0.218714
12,-0.541624,-0.811618
12,0.943482,-0.329068
12,-0.470257,-0.861717
12,-0.783605,0.634769
12,0.282036,-0.963347
12,-0.893775,0.457585
12,0.499322,0.864356
12,-0.05712,-1.00045
12,0.979865,0.087205
12,0.299276,-0.97414
12,-0.851623,-0.535314
12,-0.969515,-0.234884
12,-0.219949,0.978784
12,-0.957072,-0.274155
12,-0.587144,0.809521
12,0.865904,0.493491
12,0.826762,0.549406
12,0.859512,-0.511523
12,-0.824487,-0.569436
12,0.142972,0.996768
12,0.911589,-0.421778
12,0.339766,-0.927776
12,-0.339177,0.928812
12,0.662549,0.733559
12,-0.867997,0.498366
12,0.404193,-0.924855
12,-0.62381,0.782041
12,0.0576301,0.991532
12,-0.363312,-0.913789
12,0.975241,0.203283
12,-0.727738,0.665855
12,0.574878,-0.83412
12,-0.790514,-0.597964
12,-0.699627,0.702037
12,-0.460115,0.873967
12,0.0344346,0.996191
12,-0.822519,-0.554561
12,0.00124914,0.994631
12,0.686284,-0.751531
12,0.850522,-0.502728
12,0.961323,0.19148
12,-0.232946,-0.973791
12,-0.654311,-0.773184
12,0.956407,0.289225
12,0.952219,-0.252978
12,-0.559224,-0.835228
12,-0.351859,0.953987
12,-0.380184,0.919137
12,-0.969972,0.159893
12,-0.0592698,1.00522
12,0.832959,0.531189
12,1.00189,-0.0545983
12,-0.904601,0.390634
12,0.626589,-0.759661
12,-0.978169,0.210954
12,-0.74904,0.657397
12,0.368313,-0.91637
12,0.459423,0.883974
12,-0.922798,-0.357552
12,-0.18629,-0.987127
12,-0.968391,0.242122
12,0.98262,-0.102224
12,-0.521498,0.851563
12,0.33107,0.952314
12,0.664472,0.734986
12,-0.0248041,-1.00925
12,-0.902235,0.413791
12,-0.423482,-0.902636
12,-0.235914,-0.965193
12,-0.881568,-0.46616
12,-0.980391,-0.0182122
12,0.646916,0.790186
12,-0.466404,0.88877
12,0.320182,-0.952632
12,-0.596925,0.804258
12,0.192886,0.98152
12,0.627462,0.801068
12,0.973787,0.27078
12,-0.706924,0.682225
12,0.374074,0.931646
12,0.745644,0.655333
12,-0.629185,0.780597
12,-0.931545,0.350478
12,0.22033,-0.987081
12,0.380035,-0.929037
12,0.663373,0.750004
12,0.970897,-0.18174
12,0.980192,0.139896
12,-0.113427,-0.982765
12,0.614019,0.784657
12,1.01859,-0.0764922
12,-0.701375,0.720158
12,0.71956,0.697447
12,0.820166,-0.569694
12,0.110946,0.982767
12,0.570537,0.831327
12,-0.919112,-0.408899
12,0.57396,0.839094
12,-0.341063,-0.940988
12,0.746021,0.664922
12,-0.91221,0.409825
12,-0.739972,0.672441
12,-0.134926,0.997281
12,0.915363,0.427141
12,-0.923058,0.361822
12,0.235839,-0.951297
12,-0.526814,-0.84936
12,-0.460567,-0.886152
12,0.878916,0.503612
12,0.392636,0.92841
12,-0.322952,0.942816
12,-0.610597,0.78412
12,0.322674,-0.947997
12,0.820386,-0.56738
12,-0.503883,-0.866244
12,0.708999,0.698456
12,0.991338,-0.0579043
12,0.876687,0.487007
12,0.640793,0.768532
12,0.359044,-0.925655
12,-0.901212,-0.380992
12,0.991355,-0.0525126
12,0.350433,-0.932869
12,-0.138952,-0.985064
12,0.683545,-0.734812
12,-0.27638,0.958457
12,-0.915167,0.438779
12,-0.78825,0.619913
12,-0.875155,-0.501965
12,0.282,-0.965634
12,0.78331,0.631861
12,-0.434367,0.902273
12,0.860056,0.527596
12,0.0321222,0.998256
12,0.57936,0.8281
12,0.0282754,1.01326
12,-0.59479,-0.808687
12,-0.692167,0.751336
12,-0.893762,0.461123
12,0.419451,-0.92783
12,-0.975377,0.265963
12,-0.957133,0.27028
12,-0.780501,0.628132
12,-0.965794,0.272127
12,0.498817,0.862268
12,-0.0683336,0.988387
12,0.683055,-0.720757
12,0.87998,-0.508654
12,0.128354,-1.00358
12,-0.174513,0.982574
12,-0.860756,0.506773
12,0.273027,0.977601
13,-0.767427,-0.619295
13,-0.971686,-0.18548
13,0.685598,0.735313
13,-0.353323,-0.925028
13,-0.445751,0.885004
13,-0.18984,-0.997933
13,0.996481,0.114028
13,0.0542559,1.00684
13,0.954984,-0.250688
13,-0.907745,-0.429169
13,-0.797276,0.5825
13,-0.357103,0.94951
13,0.707458,0.716326
13,-0.962091,0.318083
13,0.884113,0.48784
13,0.992139,-0.0692465
13,0.361503,-0.918075
13,-0.314067,0.953201
13,-0.0694005,1.01656
13,-0.985987,-0.18229
13,0.299313,-0.974237
13,0.989292,-0.252154
13,-0.376925,-0.942004
13,-0.894337,-0.423178
13,0.556992,0.842599
13,0.459611,-0.873495
13,-0.486847,0.888532
13,0.736604,0.659377
13,0.81116,0.581545
13,0.0871105,0.999412
13,0.503189,0.860837
13,0.975024,0.213618
13,-0.966558,-0.227714
13,-0.926703,0.378585
13,-0.937064,-0.279155
13,-0.340022,0.935066
13,0.936443,0.359063
13,0.296617,-0.950533
13,0.690417,0.73518
13,0.968226,0.204678
13,0.980875,-0.0598566
13,-0.996902,-0.145335
13,0.590189,-0.816263
13,-0.710132,-0.722088
13,0.665442,-0.77424
13,-0.371071,-0.921541
13,-0.254504,-0.988975
13,-0.965416,0.24511
13,-0.116573,-0.984723
13,-0.875018,-0.459465
13,-0.893615,-0.475044
13,-1.00114,0.137735
13,-0.740443,-0.695238
13,-0.974497,0.184604
13,0.71923,-0.731086
13,0.594897,-0.788358
13,-0.0831493,1.00006
13,-0.472462,0.878278
13,-0.855555,-0.505117
13,-0.590277,-0.801002
13,-0.996219,-0.0336889
13,0.246752,0.972808
13,-0.791251,-0.603106
13,-0.940693,0.330123
13,-0.445213,-0.895479
13,0.331771,0.946241
13,-0.905722,0.429249
13,-0.393301,-0.91118
13,0.956042,-0.277323
13,-0.816808,-0.58508
13,0.567514,-0.827974
13,0.512065,0.859591
13,-0.981536,0.187709
13,-0.754344,0.679406
13,-0.413847,-0.913296
13,0.810139,0.597639
13,0.732158,0.665359
13,-0.977724,0.305499
13,0.99051,0.228252
13,-1.01462,-0.125625
13,-0.0557622,0.993872
13,0.844317,-0.550824
13,0.183242,1.00631
13,-0.52782,-0.873571
13,-0.00702608,-0.991867
13,0.983774,0.135971
13,0.760187,-0.659584
13,-0.132506,0.983777
13,0.153568,0.967627
13,-0.654146,-0.764664
13,0.675149,0.731299
13,0.999417,-0.0255645
13,0.631377,-0.777905
13,-0.787597,0.619646
13,0.954729,0.312996
13,-0.233591,0.984827
13,0.551058,0.82095
13,0.984812,0.116571
13,0.432641,-0.89774
13,0.711086,-0.710323
13,0.356993,0.925189
13,0.205376,0.98647
13,-0.726517,0.672145
13,0.300497,-0.961639
13,0.649003,-0.758778
13,-0.98899,0.00748642
13,-0.800371,0.633899
13,-0.44002,0.898926
13,-0.767065,-0.621516
13,0.970391,0.243472
13,-0.915582,0.38218
13,0.139506,-0.987839
13,0.324773,0.93937
13,0.174469,-0.984312
13,-0.975847,0.160756
13,-0.883852,0.464918
13,0.451901,-0.87279
13,-0.485843,0.876484
13,-0.346829,0.919267
13,-0.505098,-0.864004
13,-0.68383,-0.726236
13,-0.1114,-1.00246
13,-0.417454,0.907999
13,0.478532,-0.885144
13,-0.494451,0.889355
13,-0.681136,0.709323
13,0.98017,0.130279
13,-0.15056,0.99479
13,-1.00689,0.0573361
13,0.494609,-0.875566
13,-0.711042,-0.724657
13,0.526816,0.855707
13,-0.996813,0.0851117
13,-0.29529,0.966172
13,0.943887,0.297335
13,-0.945251,-0.336287
13,0.398153,0.902422
13,0.512578,-0.840149
13,-0.71206,0.708405
13,0.771505,-0.63804
13,0.457707,-0.891063
13,-0.0459147,-0.993019
13,1.00651,0.0569135
13,-0.689822,-0.70243
13,0.019796,0.995653
13,-0.99149,0.110434
13,-0.0476843,-1.00592
13,-0.954562,-0.268176
13,0.936005,0.277567
13,-0.223135,0.974161
13,-0.899975,-0.402264
13,-0.559646,0.854342
13,-0.950489,-0.295619
13,0.953803,-0.296964
13,0.612951,-0.808417
13,-0.429162,-0.902023
13,0.991421,-0.0746825
13,0.309473,0.945387
13,0.631256,0.77284
13,0.344857,-0.951909
13,-0.295088,0.948769
13,-1.01089,0.0152165
13,-0.828843,0.571218
13,-0.895443,-0.461801
13,0.411392,-0.894992
13,0.684832,-0.747934
13,-0.895165,-0.418271
13,0.714446,0.683597
13,0.842644,0.539218
13,0.389001,-0.928002
13,-0.686748,-0.725097
13,-0.213189,0.97142
13,-0.994357,-0.150855
13,0.548512,0.824307
13,-0.684497,0.713366
13,0.879016,-0.506493
13,-0.766597,0.633875
13,-0.0553019,-0.998137
13,0.550622,0.827028
13,-0.877937,0.478043
13,0.365433,-0.944365
13,0.804097,0.604381
13,0.927542,-0.335807
13,0.70193,-0.706038
13,-0.584601,0.833928
13,0.743328,0.668262
13,0.429655,0.8887
13,0.466399,0.882674
13,0.586343,-0.825126
13,0.276362,0.967037
13,0.773063,0.642518
13,-0.0106811,-1.00362
13,0.983565,0.223308
13,-0.428624,-0.896303
13,-0.490375,-0.869031
13,-0.277153,0.967928
13,0.55227,-0.817647
13,-0.961209,-0.268058
13,0.81802,0.562241
13,-0.390208,-0.927623
13,-0.780713,0.58265
13,0.133983,0.998686
13,0.965808,-0.180713
13,0.690235,0.723692
13,-0.90735,-0.409807
13,0.970515,0.246245
13,-0.243791,-0.971706
13,0.0340948,1.00671
13,-1.00754,0.0225998
13,-0.990389,-0.0247193
13,-0.965467,0.265112
13,-0.452126,0.891218
13,0.933431,-0.375493
13,0.967964,-0.235165
13,0.234083,-0.993193
13,0.95684,0.277812
13,0.981488,-0.184674
13,1.00515,0.167188
13,0.486263,-0.881028
13,-0.0869672,0.97675
13,-0.91828,-0.41572
13,-1.00273,-0.0457697
13,0.128322,-0.977316
13,1.00053,0.128415
13,0.23866,-0.972597
13,-0.739015,-0.686965
13,-0.257613,-0.960149
13,-0.956963,0.281277
13,0.792614,0.593454
13,-0.9221,0.4151
13,-0.159315,-0.979598
13,-0.920102,-0.40745
13,-0.298795,0.956851
13,-0.627549,0.773315
13,-0.41028,0.920708
13,0.0392185,-1.00627
13,-0.584096,-0.809405
13,-0.090143,0.985211
13,-0.290113,0.943325
13,-0.985251,0.0131087
13,0.232298,0.998968
13,0.890044,-0.469925
13,0.96024,0.248122
13,-0.738968,-0.711942
13,0.622152,0.796761
13,0.709215,0.695122
13,0.567921,-0.828948
13,-0.836829,0.523892
13,0.329681,0.954923
13,-1.00481,0.152632
13,0.51161,-0.852159
13,-0.56446,0.846642
13,0.580711,0.819414
13,-0.929221,0.368782
13,-0.393922,-0.921213
13,0.34609,-0.922523
13,0.140691,-0.981735
13,-0.906863,-0.403328
13,-0.396964,0.911832
13,0.0941132,-1.00074
13,0.904653,0.444695
13,-0.251045,0.954321
13,0.990531,-0.189746
13,-0.288203,-0.946813
13,-0.845021,0.536655
13,0.916571,0.400329
13,-0.802085,-0.588993
13,0.652869,0.771107
13,0.721659,0.682007
13,0.883854,0.441019
13,0.534085,-0.840231
13,0.934514,-0.266133
13,0.875519,-0.451759
13,0.999062,-0.107833
13,0.0620451,1.00284
13,-0.891825,-0.448042
13,0.660053,0.70872
13,0.543153,0.832373
13,-0.98952,-0.00301992
13,0.904717,-0.418438
13,-0.750405,-0.68042
13,-0.336299,0.929445
13,0.520278,0.844654
13,0.989935,-0.176582
13,-0.179111,-0.982507
13,0.375107,-0.90727
13,0.916879,0.400715
13,-0.386245,-0.936831
13,-0.692738,-0.716978
13,0.82287,0.56938
13,-0.0221261,-0.975034
13,0.904984,-0.443602
13,0.715509,0.691038
13,0.742128,-0.693221
13,-0.308763,0.950384
13,0.0970916,-1.00018
13,-0.978602,0.188261
13,1.00002,-0.132152
13,-0.266914,-0.967983
13,0.867598,0.490032
13,0.598086,0.8081
13,0.813274,0.544561
13,0.994478,0.04729
13,-0.269315,0.960861
13,-0.703531,0.729984
13,0.821031,-0.530173
13,0.746907,-0.676846
13,-0.335587,-0.946431
13,-0.0877775,0.994235
13,1.0071,0.150879
13,-0.325047,-0.953746
13,0.0957626,0.981092
13,-0.794469,0.576075
13,-0.989672,-0.122907
13,-0.916144,0.412807
13,-0.793116,0.614276
13,0.261971,0.95742
13,0.335957,-0.929058
13,-0.963676,0.243297
13,-0.907399,0.44057
13,-0.215658,0.961587
13,0.99188,0.156466
13,0.996495,-0.0227873
13,0.844424,-0.57072
13,-0.501681,0.866367
13,-0.574426,-0.82656
13,-0.607447,-0.796427
13,-0.169918,0.99621
13,0.0754432,-0.991786
13,-0.665558,0.734004
13,0.329289,0.935501
13,-0.531819,-0.866575
13,0.122138,1.00224
13,-0.957999,-0.27762
13,-0.23811,0.971479
13,-0.991175,-0.112805
13,-0.913819,0.409069
13,-0.997343,0.056035
13,0.922788,-0.367495
13,-0.262007,0.981366
13,0.907265,0.434921
13,-0.576986,-0.812383
13,0.626729,0.769447
13,-0.759733,0.650591
13,-0.911661,-0.406971
13,0.762139,-0.617941
13,-0.937191,-0.363348
13,0.979521,0.214351
13,-0.816558,-0.578354
13,0.99238,0.0101086
13,1.0047,-0.0354972
13,-0.133073,0.993696
13,0.71798,0.677987
13,-0.89286,0.43419
13,-0.168164,-0.981516
13,-0.871935,-0.49117
13,0.130717,0.977407
13,0.585391,-0.817064
13,1.00815,-0.0943543
13,-0.468776,-0.882351
13,-0.89057,0.475764
13,0.627609,-0.764251
13,0.656631,0.730108
13,-0.781269,0.650831
13,1.00179,-0.150952
13,-0.9572,-0.297555
13,-0.997815,0.0515902
13,0.822704,-0.566351
13,-0.0101658,1.00872
13,-0.657956,0.759241
13,0.783739,-0.634149
13,0.0240793,1.00223
13,-0.334563,0.953654
13,0.788389,0.616611
13,-0.96795,-0.260101
13,0.818406,-0.56
13,0.0694546,1.00658
13,-0.058907,-0.99156
13,-1.00377,-0.105104
13,-0.897956,-0.403948
13,-0.831547,0.557884
13,0.564331,0.831985
13,-0.136778,0.992356
13,0.521172,-0.856282
13,-0.98667,-0.10079
13,0.95037,0.272973
13,-0.893949,-0.426906
13,-0.870257,0.520494
13,-0.989747,-0.0622582
13,-0.878096,-0.503037
13,-0.8829,0.470035
13,-0.988514,0.194031
13,0.989008,0.105664
13,-0.756036,0.686154
13,-0.157835,0.985479
13,-0.96034,0.31437
13,-0.979898,0.159816
13,0.646501,0.755651
13,0.296349,0.961744
13,0.193581,-0.996499
13,0.847088,0.55126
13,0.879876,-0.479543
13,-0.840878,0.525403
13,-0.965239,-0.276994
13,0.589795,-0.805729
13,0.89576,0.41459
13,-0.914575,-0.378176
13,-0.529926,0.839262
13,0.962003,0.264271
13,0.533943,0.8398
13,0.200377,0.995137
13,0.832173,-0.51471
13,0.845131,-0.552745
13,0.89784,0.458564
13,-0.149285,0.983863
13,-0.0969039,-0.99966
13,0.836203,-0.532896
13,-0.341022,0.942956
13,-0.986052,-0.241668
13,1.00554,0.132236
13,0.413631,0.931429
13,-0.568752,0.798513
13,-0.401639,-0.920656
13,-0.769622,-0.631547
13,-0.900389,-0.41727
13,-0.950789,0.326731
13,-0.925919,-0.374598
13,-0.143478,-0.986505
13,0.784808,0.579836
13,-0.775069,-0.649801
13,-0.740783,-0.657982
13,-0.977028,-0.206816
13,0.460812,0.883916
13,-0.885772,-0.478043
13,0.138623,1.0065
13,-0.252524,0.954858
13,0.518617,0.844285
13,0.328588,0.943975
13,0.395871,0.920308
13,0.149255,0.989276
13,0.576208,-0.825366
13,-0.840362,-0.525093
13,0.786668,-0.629482
13,-0.68758,0.73157
13,-0.362919,0.944966
13,-0.43547,-0.904611
13,-0.537697,0.846461
13,-0.843445,0.538733
13,0.59681,0.815818
13,-0.847824,0.536146
13,-0.931334,0.374354
13,-0.0741333,-1.01656
13,-0.722278,-0.712414
13,-0.537672,0.835932
13,0.494694,-0.884206
13,-0.578238,0.814773
13,-0.870757,0.512655
13,0.961421,0.266856
13,0.938818,-0.324177
13,-0.968769,0.284273
13,0.576275,0.820964
13,-0.261886,0.952741
13,0.113411,-0.98735
13,-0.153292,0.978677
13,0.989839,-0.0178264
13,-0.876598,-0.489093
13,0.771407,-0.642621
13,0.881957,0.469239
13,0.774878,0.645312
13,-0.168593,0.983654
13,-0.834398,-0.556345
13,-1.01663,-0.0572426
13,-0.909722,0.408075
13,-0.6604,-0.76995
13,0.719338,-0.703765
13,-0.541079,0.828778
13,0.966094,0.225067
13,-0.909465,0.377597
13,0.708965,0.723178
13,-0.882615,0.465043
13,-0.850779,-0.552257
13,-0.073846,0.986929
13,-0.332477,0.947463
13,0.682738,0.74856
13,-0.280455,0.956218
13,-0.0971337,-0.985981
13,0.730986,-0.708857
13,0.991309,0.207488
13,-0.990703,-0.118743
13,-0.974055,0.227117
13,-0.470539,-0.86222
13,-0.979823,-0.171989
13,0.599687,-0.800397
13,0.361757,0.944978
13,0.323028,0.951147
13,0.442972,0.904982
13,0.73835,0.668517
13,-0.415487,-0.896315
13,-0.574272,0.805659
13,-0.192966,0.968414
13,-0.753402,-0.659468
13,-0.459907,0.897627
13,0.943486,0.312894
13,-0.800389,0.588863
13,-0.877134,-0.471799
13,-0.255986,-0.974485
13,0.542704,0.850739
13,0.896671,-0.461627
13,0.691919,0.699607
13,-0.844789,0.570692
13,0.276799,-0.946956
13,-0.972344,-0.273109
13,0.950174,0.320207
13,0.465303,0.868453
13,0.803345,-0.59461
13,-0.142933,0.978116
13,-0.973743,0.140276
13,0.948678,0.279736
13,0.491159,0.877246
13,0.475067,0.902482
13,-0.98783,-0.188316
13,0.0943039,-1.00539
13,0.764487,0.652327
13,-0.997344,0.00474815
13,-0.971529,0.128256
13,-0.920225,-0.373337
13,0.993704,0.0720073
13,-0.987125,-0.153577
13,-0.0013104,1.00533
13,0.982297,-0.18512
13,0.389606,0.909114
13,0.861181,0.538316
13,0.412589,0.917145
13,-0.204442,0.971831
13,-0.924666,-0.399691
13,-0.993497,-0.240814
13,-0.0340756,-1.00205
13,0.649388,-0.773532
13,0.538961,-0.833537
13,-0.994821,-0.211646
13,0.965806,0.237232
13,-0.488788,0.883726
13,-0.590364,-0.813352
13,-0.128078,-0.988376
13,0.928114,-0.38104
13,0.926835,-0.402976
13,0.385033,0.923166
13,0.998461,0.113567
13,-0.120156,-0.984849
13,-0.989805,-0.0236008
13,0.669611,-0.73981
13,-0.712354,0.691627
13,0.898825,-0.427599
13,-0.869322,0.467488
13,0.551948,0.837029
13,-0.109709,-1.01654
13,0.488284,0.892759
13,-0.658519,-0.74226
13,-0.983447,0.175041
13,1.00727,0.134906
13,0.205304,-0.987062
13,0.908622,0.412792
13,0.876298,0.498434
13,0.122674,-0.992437
13,-0.202407,0.976142
13,-0.649125,0.740416
13,-0.866529,0.486707
13,-0.908038,-0.398669
13,0.910717,0.417366
13,0.183687,-0.98991
13,0.903987,-0.470766
13,0.978807,-0.103594
13,-0.513296,0.859305
13,-0.996868,-0.121339
13,-0.993196,-0.131071
13,0.678953,-0.734946
13,0.700532,0.739196
13,-0.703929,-0.700033
13,-0.950539,0.302522
13,0.832242,-0.559283
13,-0.920661,-0.381399
13,0.278732,0.967307
13,0.184798,0.97706
13,0.919179,0.416919
13,-0.215864,-0.96352
13,-0.627595,-0.763065
13,0.296516,0.948453
13,0.884613,0.476156
13,0.943485,-0.34347
13,-0.727178,0.684168
13,-0.825371,0.553602
13,0.197238,-0.983301
13,0.950171,-0.354549
13,0.328636,-0.949419
13,-0.848372,-0.551898
13,0.952886,-0.2508
13,-0.20986,0.987807
13,-0.996146,-0.0571566
13,0.996998,-0.0847935
13,-0.160847,0.985453
13,0.978929,0.245886
13,-0.24985,0.946541
13,-0.719555,0.697474
13,0.93939,-0.339811
13,-0.913236,-0.410793
13,0.988443,-0.0426425
13,-0.715111,-0.716942
13,-0.992948,0.128786
13,-0.406897,-0.902533
13,0.0777325,1.00106
13,0.956509,0.332254
13,-0.301836,-0.934119
13,-0.620848,-0.7882
13,-0.738258,-0.689703
13,-0.969967,0.205367
13,0.0610504,0.997317
13,-0.864686,-0.508988
13,-0.107722,0.983262
13,0.972245,-0.230601
13,1.00557,-0.0115678
13,0.211587,-0.986112
13,-0.945827,-0.335248
13,-0.478854,-0.873827
13,-0.441268,-0.904117
13,-0.26995,-0.979066
13,-0.719454,-0.684542
13,0.987191,-0.246187
13,-0.999607,0.0412461
13,0.838147,0.509288
13,-0.031499,-1.01176
13,-0.979086,0.221803
13,0.0595827,-0.987913
13,0.98955,-0.223223
13,0.88742,-0.514395
13,1.00674,-0.11858
13,0.972738,0.0490786
13,0.849007,-0.535244
13,0.704671,0.687533
13,-0.64129,0.76413
13,-0.94809,0.282863
13,0.925533,-0.369938
13,-0.995732,-0.156821
13,0.788877,0.599789
13,-0.95696,0.325039
13,-0.471755,-0.885262
13,0.802194,0.606687
13,-0.328519,0.964261
13,-0.867533,-0.500974
13,1.00109,0.0330152
13,-0.325394,0.937018
13,0.13286,-0.99964
13,-0.970038,-0.179028
13,-0.540353,-0.826206
13,-0.133416,-1.00179
13,-0.964158,0.184734
13,-0.918929,-0.377614
13,-0.799636,-0.611813
13,-0.550809,0.82443
13,-0.999656,-0.184057
13,0.253754,-0.984877
13,0.651863,-0.742663
13,-0.802439,-0.591579
13,-0.940648,-0.3692
13,0.445058,-0.891517
13,-0.315167,-0.934656
13,0.750289,0.652619
13,-0.994611,-0.096046
13,0.44132,0.904662
13,0.451886,-0.895132
13,-1.01401,0.0362952
13,0.85299,0.525003
13,-0.576595,0.815426
13,0.839362,-0.552658
13,0.883633,-0.443154
13,0.69182,-0.713762
13,-0.416425,0.910948
13,0.689554,0.726508
13,0.925973,-0.375626
13,-0.292371,-0.961675
13,-0.882153,0.449414
13,0.943808,-0.355579
13,-0.917512,0.435238
13,-0.927492,-0.323254
13,0.0848503,-0.978506
13,0.0925264,0.998508
13,0.938537,-0.303246
13,0.991286,-0.137865
13,0.979991,0.221237
13,-0.574875,-0.808975
13,0.338025,0.943113
13,-0.131623,-0.994058
13,0.345982,0.937621
13,-0.11981,0.989126
13,0.146979,-0.976474
13,-0.951318,-0.269171
13,-0.756399,-0.608273
13,-0.929445,0.368812
13,0.272549,0.959623
13,-0.165284,0.971755
13,1.01227,0.0605567
13,-0.986449,0.136474
13,-0.987109,-0.194296
13,0.983822,0.200619
13,0.261158,0.969808
13,-0.796954,0.609285
13,-0.995391,-0.149617
13,-0.991017,-0.132886
13,0.257968,0.973566
13,0.145714,0.99027
13,0.547321,-0.83795
13,0.786883,0.629726
13,0.219507,0.972436
13,0.437902,-0.883158
13,0.881561,-0.483301
13,-0.933193,-0.3654
13,-0.796848,0.58498
13,-0.952195,0.316728
13,-0.117209,0.989716
13,0.568827,0.838997
13,-0.620592,0.783481
13,-0.384306,-0.943674
13,0.588433,-0.795798
13,0.998466,-0.0276323
13,0.941186,0.349287
13,0.191444,0.980053
13,0.266366,-0.971274
13,0.145412,0.997555
13,0.514868,-0.861701
13,-0.785607,-0.609935
13,0.841716,-0.546216
13,1.00773,-0.0180068
13,0.461809,0.880717
13,-0.538151,-0.840031
13,-0.929655,0.366778
13,-0.21537,-0.971632
13,0.919893,-0.437379
13,0.604088,0.804995
13,-0.100365,1.00019
13,-0.518574,-0.85425
13,-0.703555,-0.685256
13,0.353657,0.924884
13,-0.259731,-0.980951
13,-0.53534,-0.837599
13,0.365152,0.926677
13,0.909275,0.41257
13,-0.298036,0.942393
13,-0.759256,0.654331
13,0.927643,-0.388715
13,0.982029,0.169187
13,0.584367,-0.843672
13,0.997786,0.0851436
13,-0.916448,-0.371031
13,0.824944,0.562452
13,-0.412468,0.914288
13,-0.076196,0.977046
13,0.20978,-0.99006
13,-0.56596,0.837794
13,0.909141,0.415776
13,-0.159303,-0.98284
13,-0.859402,0.525924
13,-0.991018,0.140399
13,-0.0896839,1.00243
13,0.984111,-0.174811
13,-0.755892,-0.682658
13,-0.490429,-0.865201
13,0.732085,0.678701
13,-0.988628,0.175316
13,-1.0006,-0.00482273
13,-0.977975,0.221026
13,-0.915862,-0.370661
13,0.533913,-0.838261
13,0.701239,-0.703543
13,0.987209,0.0975428
13,0.301169,0.9566
13,0.752972,0.675816
13,-0.447114,0.891301
13,-0.855238,-0.541863
13,-0.118111,-1.00987
13,-0.975955,-0.121945
13,-0.714704,0.701657
13,0.862652,-0.489195
13,-0.654655,-0.772096
13,-0.667543,0.741243
13,0.359491,-0.908243
13,-0.864432,0.49312
13,0.316714,-0.954692
13,0.213767,0.977486
13,-0.394629,-0.917878
13,0.168057,0.969542
13,-0.0891233,1.01
13,-0.585266,-0.803803
13,0.250355,0.988827
13,-0.623587,-0.780825
13,-0.0373348,0.997898
13,-0.891441,-0.423671
13,-1.01282,-0.105644
13,-0.783144,-0.592991
13,-0.0936731,-1.00925
13,0.67582,-0.739142
13,0.835338,0.561667
13,-0.996445,-0.192683
13,0.406902,0.925373
13,0.941357,-0.338585
13,0.993153,0.15497
13,-0.751764,0.66603
13,-0.899463,-0.428206
13,0.74373,0.670397
13,-0.621551,0.749124
13,0.994109,0.0304837
13,0.446718,0.911627
13,0.880292,0.427404
13,0.951893,-0.272775
13,0.792361,-0.611639
13,-0.259591,-0.970051
13,-0.825531,0.517756
13,0.205315,-0.958149
13,-0.956499,0.288395
13,-0.159044,0.966299
13,-0.653983,-0.752998
13,0.879564,0.466462
13,-0.739659,-0.687837
13,0.611512,0.789813
13,-0.956524,-0.290979
13,0.974681,0.219423
13,-0.864762,0.51731
13,-0.905975,0.395426
13,-0.813861,-0.59495
13,0.787305,0.631656
13,-0.996339,-0.016223
13,-0.994651,0.0705375
13,0.589786,0.787106
13,-0.780523,0.612227
13,-0.654503,-0.75866
13,0.100697,1.0274
13,0.551658,0.829312
13,0.736101,-0.668142
13,0.771855,-0.616148
13,-0.114083,0.999355
13,-0.36457,0.93733
13,-0.996323,-0.141329
13,-0.812348,-0.567159
13,0.0282274,1.00879
13,0.428724,0.893685
13,-0.557549,-0.826351
13,-0.954496,0.291816
13,0.96807,0.186642
13,-0.51718,0.874957
13,-0.957927,-0.315057
13,0.275784,-0.967202
13,-0.774602,0.634406
13,-0.00565039,-0.986929
13,1.00466,-0.115963
13,0.390187,0.895329
13,-0.331094,-0.933425
13,-0.128576,0.996125
13,-0.916614,0.43491
13,-0.775537,0.65071
13,0.801832,-0.606668
13,0.974272,0.208156
13,0.0726165,0.999009
13,0.66006,-0.763734
13,0.896907,0.401175
13,-0.896032,0.466697
13,0.689061,0.724539
13,0.161912,-0.984646
13,0.239942,0.980617
13,-0.998868,-0.12252
13,0.400513,0.911933
13,-1.00497,-0.0695705
13,0.928738,-0.342024
13,0.961213,-0.251184
13,-0.785067,-0.611867
13,-0.8855,0.464755
13,-0.680841,0.727005
13,-0.998831,-0.0665495
13,-0.0207021,-0.992059
13,0.991869,0.0528727
13,-0.369067,0.921365
13,-0.178455,-0.984014
13,0.993435,0.110881
13,0.595346,-0.816023
13,-0.263311,-0.967095
13,-0.462,-0.882643
13,0.0365545,-1.00924
13,-0.413182,-0.928429
13,-0.759786,-0.623474
13,-0.517281,-0.854933
13,-0.730779,-0.687272
13,0.821428,-0.563037
13,-0.854986,-0.526718
13,-0.016517,-1.00556
13,0.588328,0.809824
13,0.00648878,-1.01142
13,0.0706565,0.993622
13,0.103198,0.986433
13,0.496145,-0.86522
13,-0.449693,0.893752
13,-0.110178,0.993299
13,-0.350429,0.937467
13,-0.991134,-0.0882075
13,-0.443466,0.901355
13,0.695684,0.684199
13,0.0967879,-1.0152
13,-0.814997,-0.586416
13,0.290645,-0.976607
13,-0.716573,-0.693811
13,-0.291573,-0.954404
13,0.936264,-0.336387
13,0.583866,0.812411
13,0.82955,0.543846
13,0.914811,-0.442744
13,-0.949665,0.310068
13,-0.313181,-0.93579
13,-0.332633,0.953677
13,0.697253,0.706489
13,-1.0018,0.00733525
13,0.906189,-0.404954
13,0.962338,0.279183
13,-0.831209,0.574401
13,0.655731,-0.744544
13,-0.927359,-0.392518
13,0.854493,0.502491
13,0.136346,0.996401
13,-0.425238,-0.910754
13,0.541242,-0.841669
13,-0.698144,-0.691046
13,0.400032,0.905347
13,-0.585874,-0.816899
13,-0.324553,0.945717
13,0.858422,-0.518768
13,0.99122,-0.209883
13,-0.663757,-0.775948
13,0.629404,0.784044
13,0.645617,0.770612
13,0.408086,-0.912401
13,0.135149,0.992217
13,1.00086,0.0662939
13,0.909744,-0.401076
13,0.705829,-0.723243
13,0.873389,-0.515652
13,-0.959459,0.266134
13,0.450524,-0.894329
13,0.545857,-0.832853
13,-0.966026,0.283063
13,0.960584,0.241845
13,0.964898,-0.325321
13,0.596398,-0.785583
13,0.122454,-0.997238
13,0.924465,-0.36263
13,-0.575936,-0.81275
13,0.836271,-0.553253
13,-0.504657,-0.864122
13,-1.01259,-0.0580201
13,0.985062,-0.166297
13,0.985392,-0.15607
13,0.354416,-0.950806
13,0.452462,0.900362
13,0.870456,-0.51254
13,-0.926596,-0.402716
13,-0.344794,-0.933957
13,0.93513,-0.376905
13,0.957246,-0.261639
13,0.928684,-0.335181
13,-1.00372,-0.00901895
13,-0.428758,0.906278
13,0.730757,0.685248
13,0.475081,-0.865949
13,-0.367351,0.938372
13,0.0118797,1.00616
13,0.138914,-1.00375
13,-0.00794978,0.995937
13,-0.677281,0.729781
13,-0.150488,0.9855
13,0.616544,-0.783659
13,0.263249,0.959834
13,1.00417,0.0890123
13,0.965583,0.247172
13,0.475498,-0.893792
13,0.992856,0.0912653
13,-0.852065,-0.500073
13,0.333807,0.95227
13,0.00500111,-0.998522
13,0.28549,-0.972318
13,-1.01029,0.0206475
13,0.580935,0.829641
13,-0.927383,0.371308
13,0.886812,-0.463341
13,-0.948883,-0.288857
13,-0.826549,0.557992
13,0.839217,0.518388
13,0.942874,-0.322684
13,0.340395,0.949192
13,0.886272,0.470215
13,0.991254,0.0906243
13,0.29124,-0.973062
13,0.654191,-0.771559
13,-0.999124,0.0402019
13,-0.131487,-0.999156
13,-0.157169,-0.983762
13,-0.44508,-0.901279
13,-0.987405,-0.0571686
13,0.335086,0.951355
13,-0.88223,0.465053
13,-0.987946,-0.173297
13,0.542298,-0.840465
13,-0.447531,0.879099
13,-0.983468,0.273219
13,0.849648,0.523414
13,-0.856128,-0.528108
13,-0.333131,0.966625
13,0.978312,-0.215934
13,-0.330691,-0.943946
13,0.697285,0.710149
13,0.00973304,-1.0104
13,-0.39185,-0.947129
13,0.287562,0.944404
13,0.0188315,1.00554
13,-0.997497,0.142775
13,0.85602,-0.523089
13,-0.918503,-0.369868
13,-0.131039,-0.991887
13,0.58988,-0.810359
13,-0.125905,-0.991199
13,-0.990488,0.0345636
13,-0.423136,0.907455
13,-0.210497,0.971597
13,-0.0523744,-0.992415
13,0.901587,-0.440887
13,-0.262537,0.960744
13,-0.824999,0.575856
13,0.748295,-0.650297
13,0.983563,-0.205403
13,-0.522219,-0.854215
13,0.730012,0.683533
13,0.750216,0.675592
13,0.194744,0.978243
13,-0.0248601,-1.0021
13,0.889841,0.475867
13,-0.75279,-0.651291
13,-0.606323,0.771624
13,0.197352,0.980482
13,0.819702,0.564601
13,0.868759,-0.5176
13,-0.994031,-0.0252851
13,-0.0624915,-0.99501
13,-0.432916,-0.916133
13,0.7708,-0.616304
13,0.0656795,0.99701
13,0.718055,-0.714064
13,-0.973254,-0.263814
13,0.788977,0.588765
13,-0.975407,0.255713
13,0.898371,-0.445216
13,0.218038,-0.971197
13,-0.96834,-0.326169
13,0.00629338,0.989511
13,0.750519,-0.657619
13,-0.917888,-0.356304
13,-0.696153,0.710165
13,-0.986716,-0.216507
13,0.525716,-0.845706
13,-0.484527,-0.864085
13,0.224821,-0.97962
13,0.804383,-0.596347
13,0.490015,0.872866
13,0.877622,0.506498
13,0.941132,0.298921
13,0.166031,0.996304
13,-0.153071,-0.970571
13,-0.925439,-0.376398
13,0.953999,-0.298971
13,0.883537,-0.454633
13,0.239848,0.967922
13,0.326973,-0.929471
13,0.676639,-0.743323
13,0.735362,0.673184
13,0.686566,0.739887
13,-0.0551942,1.0014
13,0.00913804,0.991521
13,-0.749044,0.641017
13,0.925758,0.295253
13,-0.259207,-0.96883
13,-0.676881,0.749364
13,-0.600046,0.811948
13,-0.939847,-0.319443
13,-0.277231,-0.943929
13,-0.183626,0.963951
13,0.215569,0.984259
13,0.987525,-0.120526
13,0.597143,0.821968
13,-0.361641,0.927896
13,0.504052,-0.868548
13,-0.135481,0.993131
13,0.621738,-0.789064
13,-0.0834596,1.00474
13,-0.991089,-0.18329
13,0.829951,-0.55835
13,-0.525511,-0.837447
13,0.952995,-0.314323
13,0.882001,-0.43157
13,0.819438,-0.575653
13,-0.487705,-0.896612
13,-0.752598,-0.669602
13,0.236957,0.989968
13,0.0974826,0.985833
13,-0.180885,1.00462
13,0.899774,-0.424468
13,0.913953,-0.413904
13,0.734159,0.698429
13,-0.20954,0.961076
13,-0.579891,0.821604
13,-1.01157,-0.0530388
13,-0.245795,-0.956574
13,0.921886,-0.370737
13,0.897775,-0.416723
13,0.666798,0.745784
13,0.227151,-0.971026
13,0.991377,-0.0125961
13,-0.60586,-0.795606
13,-0.238736,-0.95548
13,-0.293179,0.961941
13,0.955165,0.263624
13,-0.316314,0.943375
13,-0.208856,0.982638
13,-0.368393,0.928481
13,-0.417987,-0.902918
13,-0.612529,-0.805043
13,0.791761,0.619168
13,-0.940538,0.295656
13,-0.970665,0.273857
13,-0.954557,-0.199286
13,0.125983,0.973257
13,0.95389,-0.279136
13,-0.204073,-0.972425
13,0.872806,-0.507739
13,0.865389,-0.507233
13,-0.410475,0.923181
13,0.992938,0.110554
13,0.534613,-0.83581
13,0.801349,0.60904
13,-0.412425,0.932474
13,-0.889014,0.429505
13,-0.295931,-0.949307
13,0.0232886,-0.995553
13,-0.989439,-0.115708
13,0.725642,0.68646
13,0.978215,-0.193166
13,0.88864,-0.449833
13,0.71224,-0.692847
13,0.192874,-0.978002
13,0.511055,0.862077
13,0.0177567,-1.00377
13,0.553948,0.843618
13,0.959404,0.251478
13,0.890366,0.478793
13,0.735205,0.699728
13,-0.638065,-0.759989
13,-0.22837,-0.964548
13,-0.757742,-0.655028
13,0.985212,0.157654
13,-0.510301,0.836914
13,0.973244,-0.204201
13,-0.0275511,1.01416
13,-0.394157,-0.910429
13,-0.390227,-0.91338
13,-0.870187,-0.474463
13,0.623808,-0.781639
13,-0.946365,0.340274
13,-0.763754,0.633525
13,-0.167568,0.976445
13,-1.0042,-0.166601
13,-0.8284,-0.562877
13,-0.989828,0.111504
13,-0.534747,-0.858363
13,0.107776,0.986973
13,-0.363105,0.925011
13,0.63758,-0.776896
13,0.908249,-0.405195
13,0.660362,-0.766844
13,-0.885785,0.485402
13,0.996796,-0.0713249
13,0.993225,-0.0292613
13,0.300813,-0.94324
13,-0.435314,0.914813
13,-0.313881,-0.95
13,0.0672852,1.00127
13,0.427094,0.891031
13,0.400506,0.907601
13,0.786973,0.587227
13,-0.511079,-0.852651
13,-0.0909367,-0.987971
13,1.00399,-0.0631539
13,0.889875,0.479113
13,0.998953,0.0472947
13,0.565903,-0.80787
13,0.803232,-0.613824
13,-0.991001,-0.208692
13,-0.0275777,1.00914
13,-0.483385,-0.894868
13,0.522551,-0.86444
13,-0.864215,-0.51977
13,-0.405166,0.915792
13,-0.221238,0.995992
13,0.489029,0.849365
13,0.469526,0.861353
13,0.973266,-0.125611
13,0.998993,-0.0364715
13,-0.946741,0.275144
13,-0.189255,-0.966101
13,-0.0277844,0.994744
13,-0.966654,-0.186888
13,-0.646324,-0.765468
13,0.931719,0.343437
13,-0.844209,-0.563235
13,-0.519832,-0.856889
13,-0.935926,-0.347207
13,0.614369,-0.797567
13,0.0617002,-1.00621
13,-0.987581,-0.0376202
13,-0.698483,0.715492
13,-0.848483,0.545157
13,-0.0644973,0.98781
13,-0.487417,0.88688
13,0.682758,0.718359
13,-0.202801,0.979288
13,-0.762694,0.697997
13,0.981201,0.237677
13,-0.880062,0.49373
13,-0.507966,0.856855
13,-0.18235,0.983851
13,0.892501,-0.422848
13,-0.833027,-0.548719
13,-0.987568,-0.168044
13,0.879348,-0.449266
13,-0.863618,-0.487063
13,-0.794805,0.593992
13,0.228569,-0.975645
13,-0.604209,-0.810096
13,-0.891304,0.464125
13,-0.194155,0.988349
13,-0.0121312,-1.00561
13,-0.944037,-0.35703
13,-0.86821,-0.502617
13,0.460522,-0.914046
13,0.690635,0.70224
13,0.882001,-0.478977
13,-0.888854,0.476209
13,0.0283268,0.990947
13,0.916426,0.339832
13,0.605065,0.818542
13,-0.048102,1.00902
13,0.325624,-0.936579
13,0.365106,0.911641
13,-0.113353,1.00087
13,0.996765,0.15609
13,-0.967154,-0.210142
13,0.909551,0.370108
13,-0.895093,0.445508
13,-0.288359,-0.953758
13,0.907435,-0.427825
13,0.993163,-0.0524661
13,0.0104878,0.99182
13,0.570294,0.823826
13,0.0564813,-1.0147
13,-0.74883,-0.672422
13,-0.861041,0.532686
13,0.997564,-0.108007
13,-0.472237,-0.875599
13,-0.343822,-0.944119
13,0.860544,-0.507804
13,0.820552,-0.541302
13,-0.169663,0.984103
13,0.810276,0.593835
13,-0.907079,0.441346
13,0.817293,0.565195
13,0.271478,0.942118
13,-0.592501,-0.795705
13,0.87695,0.507377
13,-0.997162,-0.0275754
13,0.309134,0.931459
13,1.00279,-0.0168124
13,-0.742035,0.660786
13,0.644049,-0.772999
13,-0.188397,0.986031
13,-0.932477,-0.394272
13,-0.96182,-0.315062
13,-0.914481,-0.420838
13,0.464519,-0.878806
13,0.964186,-0.264274
13,-0.00338917,-1.01576
13,-0.451304,0.899507
13,0.553517,0.837086
13,0.124356,0.983666
13,-0.889296,0.446555
13,-0.113255,0.976134
13,1.00203,-0.153276
13,0.47474,-0.877016
13,-0.838028,0.564509
13,-0.995198,0.198116
13,0.0801207,0.985756
13,-0.993913,0.0742194
13,0.760016,0.641886
13,-0.375683,-0.922085
13,-0.975362,-0.144422
13,-0.223795,-0.991929
13,0.757837,-0.662226
13,-0.305115,-0.932897
13,-0.166655,-0.98861
13,-0.177511,0.981885
13,0.443607,0.880435
13,-0.013114,0.99858
13,0.857008,-0.528999
13,-0.350455,0.950034
13,-0.94423,0.361366
13,-1.01112,-0.0250186
13,0.985154,0.0368733
13,0.125199,-0.988604
13,-0.992093,0.200725
13,0.467185,0.901064
13,0.950987,-0.332882
13,-0.453023,-0.893493
13,-0.861586,-0.515102
13,0.489705,-0.869917
13,-1.0095,0.144506
13,0.146554,0.986262
13,0.748984,0.655997
13,0.931008,-0.395125
13,0.905903,0.383948
13,0.962727,0.340647
13,-0.984133,-0.103707
13,-0.556164,0.835577
13,-0.993544,-0.117654
13,0.995991,0.0585568
13,-0.328289,-0.94895
13,-0.652714,-0.749724
13,0.183024,-0.966578
13,0.701878,0.735227
13,0.810225,-0.580155
13,0.880332,0.446171
13,-0.114723,0.996845
13,0.629526,-0.773158
13,-0.86393,0.483852
13,0.72328,-0.676588
13,0.86269,0.517121
13,-0.424921,0.905323
13,0.876961,-0.454278
13,0.596506,0.795157
13,-0.493978,-0.872672
13,0.547391,-0.82309
13,-0.0297214,0.998833
13,-0.6091,-0.79932
13,-0.0629985,-1.00439
13,-0.109821,-0.980904
13,0.957779,-0.301651
13,0.992758,0.0279626
13,0.149609,-0.990295
13,-0.716616,-0.671624
13,0.356866,0.916987
13,1.00532,0.152057
13,0.288123,-0.955376
13,0.812731,0.577788
13,-0.597791,-0.815573
13,0.208219,-0.984311
13,-0.309114,-0.957403
13,-0.635144,0.761742
13,-0.363902,0.92645
13,-0.956989,-0.282843
13,-0.287043,-0.951105
13,0.0841476,1.01525
13,0.970336,-0.264401
13,0.95206,-0.287844
13,-0.0919581,0.994005
13,-0.979411,-0.202504
13,0.893473,-0.434327
13,-0.900289,-0.438261
13,-0.180709,-0.996913
13,-0.304471,-0.963303
13,-0.331074,0.941397
13,-0.878818,0.479182
13,0.98417,0.235816
13,-0.969766,-0.252225
13,-0.960848,-0.331589
13,0.741475,-0.698053
13,-0.996546,0.169768
13,0.921596,-0.408051
13,0.983679,-0.252033
13,0.582661,-0.822925
13,-0.0136572,-1.00501
13,0.571361,0.824188
13,0.976829,0.15891
13,0.228768,0.966652
13,-0.752175,-0.649671
13,0.973198,-0.130845
13,0.796848,-0.58424
13,0.86816,0.491564
13,-0.498901,0.862821
13,-0.761404,-0.651785
13,0.957818,-0.276231
13,-0.412027,-0.906908
13,0.075576,-1.00695
13,0.872503,-0.466615
13,-0.417225,0.891906
13,0.860341,0.53931
13,-0.158583,-0.982556
13,-0.0635116,-1.00272
13,0.59493,0.806152
13,-0.823777,0.569517
13,0.0888959,-0.984146
13,0.822713,-0.566636
13,-0.611885,0.777869
13,-0.983662,-0.199783
13,0.495899,-0.891228
13,0.12686,0.975617
13,-0.992527,-0.0234312
13,0.993167,-0.0243257
13,0.442671,-0.90153
13,0.986418,0.0554159
13,-0.868209,0.487786
13,-0.341031,-0.965688
13,-0.760668,0.647201
13,-0.977579,0.158814
13,-0.980345,0.0444304
13,0.935256,-0.378826
13,-0.243182,0.970107
13,-0.306429,0.929104
13,-0.767857,-0.622108
13,0.746349,-0.666041
13,0.749242,-0.658263
13,-0.695442,0.709269
13,0.865978,-0.497302
13,-0.920198,-0.412988
13,0.282032,-0.966935
13,0.310193,0.94251
13,-0.681052,0.735069
13,0.704793,-0.727474
13,-0.94787,0.346698
13,0.228431,0.973964
13,-0.0799417,0.991445
13,-0.290162,-0.940876
13,-0.967048,0.228227
13,-0.0728622,-0.986642
13,-0.699913,0.720237
13,0.0490392,0.990063
13,0.460551,-0.907818
13,-0.576895,0.822856
13,-0.62412,-0.770751
13,-0.190866,-0.985226
13,1.0063,0.0607592
13,-0.0782235,1.00554
13,-0.299288,-0.960885
13,-0.550163,0.87131
13,-0.718934,-0.697222
13,0.547931,-0.839528
13,-0.249493,-0.989743
13,0.998295,-0.00497075
13,0.994539,0.0367923
13,-0.999731,0.170517
13,-0.603321,-0.801042
13,-0.951697,-0.257834
13,0.656854,-0.734858
13,-0.847457,0.560935
13,-0.414082,-0.914417
13,-0.987029,-0.189171
13,-1.00002,0.0775425
13,0.996338,0.0494328
13,0.445119,0.893818
13,-0.896759,0.446944
13,0.780234,-0.644084
13,0.815118,-0.590211
13,-0.265069,-0.942794
13,0.0553657,1.01494
13,0.765241,0.630129
13,-0.133454,0.988615
13,-0.313106,-0.962658
13,0.916193,-0.440156
13,0.252752,0.974092
13,0.291983,-0.950475
13,0.128749,0.992803
13,1.00489,0.0195165
13,-0.492906,0.88251
13,-0.29716,-0.95093
13,0.789212,-0.589745
13,0.998902,-0.140734
13,0.0535996,-1.00132
13,-0.8698,0.477943
13,-0.298295,0.980956
13,0.179567,0.97449
13,0.989248,-0.0273103
13,0.839426,-0.576839
13,0.114944,1.01053
13,0.40746,0.890809
13,0.258762,-0.965031
13,-0.507348,0.856908
13,0.581254,-0.826002
13,-0.607538,0.80758
13,-0.472394,-0.885497
13,0.738148,-0.64708
13,0.184264,-0.978984
13,-0.740235,-0.656283
13,0.882798,0.417219
