step,x1,x2
0,0.195254,-0.106413
0,0.860757,0.673981
0,0.411054,-0.556352
0,0.179533,-0.0121095
0,-0.305381,0.859237
0,0.583576,0.334429
0,-0.249651,0.596158
0,1.56709,0.101988
0,1.85465,0.960933
0,-0.466234,0.177324
0,1.1669,-0.908979
0,0.11558,-0.604034
0,0.272178,-0.190453
0,1.70239,0.202554
0,-1.71586,0.543862
0,-1.65148,-0.173828
0,-1.91913,0.420117
0,1.33048,0.579739
0,1.11263,-0.36548
0,1.48005,0.95854
0,1.91447,0.299313
0,1.19663,0.761996
0,-0.154083,0.111875
0,1.12212,0.483206
0,-1.5269,0.541088
0,0.559684,0.816497
0,-1.42659,-0.6993
0,1.77868,0.116567
0,0.0873933,-0.143243
0,-0.341352,0.846318
0,-0.941778,-0.789811
0,1.09693,0.965148
0,-0.175399,0.750903
0,0.273736,-0.852347
0,-1.92484,-0.0180672
0,0.470542,0.435119
0,0.448383,0.476303
0,0.467736,0.812988
0,1.77499,0.599731
0,0.727281,-0.378139
0,-0.561968,-0.00313043
0,-0.251872,0.403572
0,0.790525,-0.723126
0,-1.7591,-0.612018
0,0.667067,-0.0379151
0,0.682551,-0.403508
0,-1.15847,0.725118
0,-1.48429,0.172555
0,-0.738287,-0.30267
0,-0.545157,0.697666
0,0.280787,0.609757
0,-0.245594,0.99671
0,1.9535,0.694615
0,-1.59182,-0.171087
0,-1.16449,-0.745002
0,-1.35476,0.681282
0,0.612433,-0.880484
0,-0.986834,-0.299458
0,-0.134757,0.839476
0,-1.0223,0.921533
0,-1.36412,0.281129
0,-1.5585,0.377297
0,0.625318,-0.915091
0,-1.44727,0.0289607
0,-1.21367,0.0937364
0,-0.525099,-0.319799
0,1.28397,-0.862806
0,-1.61159,-0.542185
0,1.35178,-0.284032
0,-1.61561,-0.129716
0,1.90584,0.181853
0,-0.125395,0.444783
0,1.90704,-0.364736
0,0.419382,-0.342092
0,0.957054,-0.960617
0,-1.84325,-0.91825
0,-0.868772,-0.484357
0,-1.51921,0.48049
0,-0.815439,0.256628
0,-1.52509,0.539578
0,-0.728067,0.537839
0,-0.342948,0.713135
0,-1.74341,0.440639
0,0.769888,0.958022
0,0.266406,0.79765
0,-0.938442,0.173434
0,0.0929922,0.176315
0,-1.62424,-0.931466
0,0.303786,0.997053
0,1.71718,-0.736848
0,-0.725724,0.480694
0,0.669642,0.64203
0,-1.47281,-0.253891
0,0.865309,-0.606296
0,-0.842376,-0.80248
0,-1.26723,0.497212
0,0.346052,-0.0946929
0,-1.91957,0.427436
0,1.31576,0.830815
0,-1.98122,-0.706833
0,0.711266,0.838342
0,-0.919968,-0.176747
0,0.940776,-0.389466
0,1.84875,0.886125
0,-1.00499,0.981303
0,0.304629,-0.602216
0,0.368168,0.313677
0,0.289008,-0.787009
0,-1.10767,0.301828
0,1.811,0.654626
0,-0.211498,0.368997
0,1.38563,-0.165334
0,0.797917,-0.233867
0,-0.810252,-0.213755
0,1.25519,0.179424
0,-0.413977,0.763135
0,1.52441,0.858132
0,0.325091,-0.892941
0,1.52694,-0.636755
0,0.770126,-0.775551
0,0.901017,-0.613331
0,0.00529753,-0.306784
0,1.82433,0.0130634
0,0.575961,0.258922
0,-0.30458,0.464284
0,0.425573,0.780223
0,-1.92323,0.978177
0,-0.793701,0.325713
0,0.640694,0.690729
0,-0.83969,0.556078
0,0.472062,-0.384936
0,-0.284925,0.751385
0,-1.4581,-0.914474
0,-0.806871,-0.999265
0,0.27986,-0.452535
0,0.363491,-0.0758049
0,0.297301,0.276726
0,0.612803,-0.796459
0,0.608413,0.34602
0,-0.274326,0.603632
0,1.58619,-0.629374
0,-0.529753,-0.169749
0,-0.25654,0.03997
0,1.56769,-0.096386
0,1.22478,0.59966
0,0.815554,0.921045
0,-1.59909,0.597906
0,1.67793,-0.844014
0,0.856965,0.609871
0,1.99539,-0.866807
0,-1.40221,-0.528059
0,1.4725,-0.693806
0,-1.35003,-0.604962
0,0.462238,0.0566303
0,-1.50472,0.34338
0,1.39203,-0.0593574
0,1.22928,0.919391
0,0.276403,-0.519415
0,-0.371267,0.52628
0,-1.72333,0.740364
0,0.789715,0.124132
0,-0.185829,-0.087555
0,0.888222,0.192369
0,1.46553,-0.14238
0,1.90209,0.110388
0,1.42321,-0.166132
0,-1.95314,-0.199061
0,-0.560088,0.390693
0,0.919962,-0.814298
0,-1.31348,-0.666916
0,0.0841464,0.702397
0,-1.78265,0.542155
0,-1.20001,-0.437093
0,-1.92591,-0.245462
0,1.17479,0.852053
0,-1.1043,0.636154
0,-0.618593,0.228693
0,1.71233,-0.55702
0,0.817658,-0.911496
0,-1.87264,-0.137484
0,-1.34122,0.345254
0,0.485914,0.656961
0,0.308914,0.705378
0,-1.04843,-0.934448
0,1.73686,-0.511686
0,0.455864,-0.321811
0,0.142531,-0.622536
0,0.35964,0.605951
0,0.920488,0.534932
0,-0.75222,0.0336661
0,-0.407116,0.965853
0,-1.16063,-0.711883
0,-1.25523,0.799303
0,1.77749,-0.767073
0,0.958203,-0.673637
0,-0.0381648,0.392438
0,-1.09034,-0.780861
0,-0.982574,0.13169
0,-1.76788,-0.159533
0,-0.262333,0.456948
0,-0.752816,0.80135
0,0.785374,0.539743
0,-0.488993,0.69938
0,-1.28159,-0.934109
0,-1.90129,-0.379609
0,-1.731,0.0308662
0,0.717571,-0.168093
0,-0.185213,-0.53749
0,0.146317,-0.384252
0,1.58669,0.890862
0,1.96136,-0.411638
0,-1.13241,-0.292192
0,0.652313,-0.99258
0,-0.94671,0.690155
0,-1.9174,-0.690319
0,1.03351,-0.591711
0,-0.719931,-0.489471
0,-0.466144,0.769244
0,0.353268,-0.587097
0,1.32419,0.595053
0,0.515927,0.616099
0,1.4906,0.854041
0,-0.905832,-0.768877
0,1.19219,-0.565442
0,-1.25746,0.485797
0,1.81117,-0.607998
0,0.749953,-0.427341
0,-1.13797,-0.666517
0,1.78948,-0.654607
0,0.923423,-0.0368933
0,-0.984233,-0.780634
0,-1.14675,-0.356605
0,0.0728029,-0.146812
0,-1.89735,-0.950904
0,-1.17012,-0.223334
0,-0.301258,-0.811755
0,-0.50332,-0.0128429
0,-0.145698,0.651476
0,-0.889485,0.636844
0,0.347137,-0.839103
0,1.45542,0.202456
0,-1.52987,0.669173
0,0.0695164,-0.524055
0,-1.47173,0.523853
0,0.867439,0.781529
0,-0.415761,0.612248
0,0.261685,-0.785398
0,-1.26688,-0.98188
0,-1.42061,-0.616552
0,-0.0477749,-0.459045
0,-0.577549,0.232366
0,1.76173,-0.231454
0,1.0613,0.406814
0,0.994654,-0.29385
0,1.61488,-0.691149
0,-1.66631,-0.37462
0,0.20877,0.768648
0,0.337904,0.917065
0,1.84775,-0.584975
0,-0.83141,0.576937
0,-1.03668,-0.453303
0,-1.59882,0.774263
0,-1.93428,-0.668909
0,1.71812,0.33192
0,0.679666,-0.831577
0,1.14061,0.947787
0,-0.87308,0.401267
0,0.345641,0.683631
0,-1.74418,0.133339
0,-0.0574896,-0.0463973
0,1.90998,0.243765
0,1.50602,0.057483
0,-0.647364,-0.0612313
0,1.84628,0.518901
0,-1.07319,-0.643598
0,1.79728,-0.657656
0,1.76551,-0.136315
0,1.19681,-0.358504
0,0.521792,-0.851751
0,1.49715,0.688941
0,-0.827919,0.543206
0,1.39577,0.087843
0,0.471507,0.958649
0,-1.94705,-0.8548
0,-0.611066,0.533339
0,-1.40744,-0.467259
0,1.92732,-0.262802
0,-0.0865188,-0.561441
0,-0.0104345,0.578076
0,0.55789,-0.71152
0,-0.525662,0.680033
0,-1.4524,0.323155
0,1.28847,-0.881954
0,-1.24061,0.621963
0,0.0452759,0.255511
0,-1.10273,0.809965
0,-1.60862,0.497445
0,1.44877,0.122242
0,1.89168,0.673094
0,1.84334,-0.4439
0,1.62622,0.0939001
0,1.09619,-0.412766
0,-0.667419,0.936409
0,-1.67559,-0.547607
0,-0.371035,-0.968524
0,-1.07106,-0.34829
0,-1.47005,0.00501879
0,-1.78629,-0.943274
0,0.902377,0.118497
0,-1.95429,0.748566
0,1.08232,0.409464
0,-1.41221,0.245937
0,-1.68191,0.911924
0,-1.64159,0.916559
0,0.688191,0.648533
0,-1.01853,0.215484
0,-0.317842,-0.0244709
0,0.229475,-0.973368
0,1.4422,0.212524
0,0.908177,0.978176
0,-0.918688,0.636202
0,-1.47407,-0.318791
0,-1.7785,-0.695906
0,-0.793605,0.568117
0,-0.951527,0.487876
0,-0.175438,0.934094
0,0.733125,0.749685
0,0.782502,0.111325
0,-0.865925,-0.797432
0,-0.480292,-0.0329987
0,-1.2754,-0.37261
0,1.15418,0.024817
0,-1.77261,-0.396597
0,0.787989,0.723646
0,1.11478,0.688654
0,1.10963,-0.36907
0,-0.96231,0.199163
0,-0.504747,-0.139638
0,0.350399,0.818186
0,-0.908712,-0.625278
0,-0.516589,0.395457
0,-1.21178,0.940751
0,-0.160576,-0.649449
0,-1.82155,-0.596067
0,1.19918,0.387447
0,-1.69217,0.558308
0,0.0753406,-0.0189019
0,-0.77276,0.219373
0,0.310172,-0.574635
0,1.83773,-0.0467715
0,0.582281,-0.775856
0,-1.85855,-0.357156
0,-0.27839,-0.430441
0,0.0400674,-0.110749
0,0.14471,0.860253
0,0.72557,-0.637465
0,-0.889616,-0.197224
0,-1.48456,0.231194
0,-0.429297,0.893114
0,1.82562,-0.733704
0,-1.25148,0.835753
0,1.61594,-0.837892
0,0.175224,-0.0385172
0,-0.172354,-0.0908203
0,1.52817,-0.580795
0,-0.165584,-0.305081
0,0.896671,-0.0916695
0,-0.403899,0.730423
0,1.61618,0.910128
0,0.7601,0.0378514
0,0.798488,0.7402
0,-0.689118,0.216343
0,1.02711,-0.301825
0,0.544244,-0.611612
0,-1.03992,-0.17373
0,-1.35784,0.0456486
0,1.18557,-0.911113
0,1.83667,-0.708318
0,-0.167445,0.200369
0,0.363937,-0.549997
0,1.43089,0.674653
0,-0.171106,-0.346116
0,1.8075,-0.790332
0,0.303005,-0.832939
0,1.28307,0.874246
0,1.63537,-0.763959
0,1.2621,-0.71818
0,-1.36234,0.725332
0,0.515594,-0.491424
0,-0.406263,0.331903
0,-1.74915,0.633451
0,-0.303871,0.214361
0,-0.965264,0.914977
0,1.39615,0.417766
0,-1.86678,-0.774497
0,1.83593,0.11682
0,-0.578525,0.436373
0,-0.573172,0.603914
0,-1.93469,-0.947357
0,-1.25907,0.437758
0,-0.394962,0.651362
0,1.71717,0.493668
0,-1.60154,0.0246983
0,1.78121,-0.0839581
0,1.47795,0.0988372
0,-0.18335,0.409287
0,-0.693196,0.845829
0,-1.06902,0.23407
0,0.457859,0.775669
0,-1.8677,0.402514
0,-1.93758,-0.863327
0,-0.284817,0.00165638
0,-1.7277,-0.427027
0,-0.992236,-0.42965
0,-1.11536,-0.288145
0,-0.987235,-0.370534
0,-1.47578,0.15722
0,-1.95186,0.367203
0,-1.53806,-0.462501
0,0.473921,-0.740475
0,1.89702,-0.882383
0,1.96138,0.151506
0,-0.363784,-0.62774
0,-1.34818,-0.981504
0,0.555047,0.855506
0,-0.0387786,0.0742808
0,1.95764,-0.815104
0,-1.73878,0.685842
0,1.13294,0.966405
0,-0.846406,-0.102799
0,-1.03433,-0.915021
0,0.650018,-0.764908
0,-1.01575,-0.236693
0,0.663436,0.771045
0,0.0692341,-0.703923
0,-0.303644,0.64798
0,0.218751,-0.970047
0,-0.851794,-0.0852226
0,0.826299,0.288794
0,-0.340573,-0.879241
0,-0.557818,0.229526
0,1.31463,0.888808
0,1.69987,-0.67948
0,-1.81597,0.459223
0,-1.06949,0.218188
0,-0.605923,-0.629767
0,1.25987,-0.987593
0,1.94197,-0.981431
0,1.87589,0.0641848
0,1.61979,0.885559
0,-0.813775,0.288597
0,1.96804,0.4286
0,-1.00232,-0.012269
0,-1.57638,0.163778
0,1.80381,-0.747265
0,-1.06632,0.753641
0,0.759073,0.521585
0,-1.76657,0.996398
0,0.922836,-0.404554
0,1.52688,-0.545964
0,-0.910252,-0.749677
0,-0.483772,0.92842
0,-0.502815,0.56177
0,0.995153,-0.667351
0,-1.04877,0.105373
0,-1.31259,-0.172464
0,-0.202833,-0.697028
0,-0.782126,-0.675854
0,1.35676,0.92694
0,-1.04903,-0.390072
0,0.00955783,0.882879
0,1.77033,-0.848779
0,0.535991,-0.0783939
0,1.46916,-0.740762
0,1.76084,-0.990425
0,1.00306,0.107532
0,0.7983,-0.772212
0,1.87186,0.444049
0,1.9776,0.396233
0,-0.192713,-0.647334
0,-1.71652,0.883484
0,-0.828824,0.442087
0,-1.39058,-0.404059
0,-0.330055,0.418468
0,-1.47484,0.463861
0,0.416471,-0.315547
0,-0.468768,-0.248823
0,1.58154,-0.281787
0,1.87118,0.233237
0,0.18754,0.80082
0,-0.900706,-0.653614
0,0.368922,0.750399
0,1.58704,-0.944694
0,-0.373067,0.320677
0,0.208313,-0.171122
0,-0.913389,0.582563
0,-0.178223,0.442396
0,-0.393146,-0.0397844
0,-1.00635,0.287728
0,0.0234655,0.00354626
0,-0.758477,0.623037
0,-0.507861,-0.047832
0,0.0998818,0.046312
0,1.00238,-0.498959
0,-0.66597,0.210086
0,1.69664,-0.39419
0,1.44927,0.154568
0,-1.80524,-0.660644
0,-0.98543,-0.681062
0,-0.215458,-0.165941
0,-1.58149,-0.146361
0,-0.606096,-0.463781
0,0.96039,-0.736806
0,0.722058,-0.921579
0,0.489538,-0.949536
0,0.842114,-0.456899
0,-1.18031,-0.0762931
0,-0.633208,0.452487
0,0.70497,-0.0502566
0,1.51694,0.808102
0,0.174712,-0.92956
0,-0.869201,-0.638679
0,-1.87906,-0.322971
0,0.841347,0.154992
0,-1.96846,0.705472
0,-0.509284,-0.299596
0,0.122149,-0.464023
0,1.68845,-0.876222
0,-1.64202,0.642607
0,-0.376231,-0.240667
0,-1.90275,0.1431
0,-0.629556,0.967111
0,0.488924,-0.996811
0,-0.883728,-0.7091
0,-1.161,0.558222
0,-1.53719,0.610255
0,0.308561,0.538494
0,0.78108,0.0739978
0,0.687829,0.957714
0,1.79544,-0.207631
0,-1.98919,0.203887
0,0.588787,-0.873262
0,0.401569,-0.180285
0,0.354958,0.445
0,1.85108,-0.522522
0,-1.93251,0.887655
0,0.78593,0.373567
0,1.25471,-0.424849
0,0.0392288,0.537998
0,-0.664141,-0.83367
0,1.16336,0.949549
0,-1.61103,-0.901429
0,-0.231857,0.866912
0,0.0798095,-0.494292
0,0.775826,0.515648
0,-1.63646,-0.999853
0,-1.08896,-0.49152
0,-0.358794,0.498201
0,0.493179,0.0646721
0,1.54784,-0.770096
0,0.475305,-0.212741
0,-1.46615,-0.248901
0,1.92232,0.136324
0,1.48714,0.335954
0,0.010883,0.68166
0,1.68939,-0.00553721
0,0.165523,-0.215957
0,1.69322,-0.712047
0,1.31959,0.609646
0,1.87315,0.426741
0,1.67913,-0.182645
0,-1.85586,0.0368646
0,-1.30091,0.330366
0,-0.443461,-0.670389
0,1.80857,-0.945604
0,-0.799884,-0.364993
0,-1.35813,0.19117
0,1.54522,-0.0267878
0,-0.214422,0.385109
0,1.6315,0.63938
0,-1.35908,-0.0231151
0,0.64447,-0.731466
0,-0.238945,0.701256
0,-1.69405,0.149981
0,0.785853,0.479875
0,-1.0104,0.409329
0,-1.84154,0.936424
0,-1.76022,-0.409385
0,-1.75569,0.410614
0,1.63093,-0.268647
0,0.959536,-0.209179
0,1.59225,-0.538811
0,0.690329,-0.31198
0,0.11576,0.896594
0,-0.782215,-0.414858
0,1.99185,-0.508019
0,-0.551244,0.166276
0,-0.117404,-0.483928
0,-0.487019,-0.0532285
0,1.91811,0.668353
0,-1.30137,-0.539199
0,-0.688048,-0.146617
0,0.721395,0.220979
0,-1.74717,0.0912578
0,0.428997,0.949446
0,-0.089414,0.360741
0,-0.864,0.479892
0,-1.04635,0.933912
0,0.058051,-0.171124
0,-0.52829,-0.28924
0,-0.17392,-0.912275
0,-0.65009,-0.631591
0,1.88197,-0.525621
0,-1.46624,-0.632991
0,-1.61278,0.509568
0,-0.626433,0.071766
0,0.364108,0.335268
0,0.636706,0.640924
0,-0.410973,-0.538452
0,1.99711,-0.348152
0,-0.592428,0.416721
0,0.885627,-0.214482
0,0.550331,-0.941458
0,1.25222,-0.13009
0,1.9049,0.816546
0,1.55917,-0.181957
0,1.05825,-0.335502
0,0.792994,0.97905
0,-0.658007,0.288831
0,-1.40926,-0.268004
0,-1.74946,-0.795961
0,-1.03239,0.575699
0,-0.270874,0.41615
0,0.0879851,0.843832
0,1.09233,-0.565449
0,1.83496,-0.770151
0,-1.53072,0.448145
0,-1.57198,-0.593208
0,0.358779,-0.647792
0,0.981592,-0.360385
0,1.3926,0.63365
0,1.74333,0.0790732
0,1.9337,-0.908299
0,-0.400793,-0.0722107
0,-0.478659,0.367959
0,-1.40877,0.0767369
0,0.739738,0.1449
0,0.627048,-0.550445
0,1.44825,0.695479
0,-1.61097,0.122797
0,-0.00889237,0.426492
0,0.324328,0.963728
0,-1.03377,-0.143603
0,-1.3239,0.762133
0,1.43832,-0.985438
0,-1.76586,-0.933185
0,-0.117516,0.18056
0,-1.53666,-0.377101
0,-0.171765,-0.503447
0,1.91985,-0.444129
0,-0.305175,-0.363194
0,1.4285,0.457895
0,-1.53074,0.138392
0,-0.914992,0.578072
0,-0.384829,0.660393
0,-0.400751,0.68587
0,0.685534,-0.170712
0,-0.621127,-0.157453
0,0.855067,0.852532
0,0.556748,0.323527
0,-0.403355,-0.839066
0,-0.272959,0.0843739
0,0.458111,-0.287985
0,-1.71983,0.97487
0,1.28963,-0.972689
0,0.613685,0.224362
0,0.90537,0.447246
0,0.147692,-0.422186
0,-1.55809,0.947283
0,-0.379858,0.719073
0,-0.378506,0.831306
0,-0.715828,-0.961536
0,-1.8802,0.139744
0,0.949017,-0.4107
0,-1.56086,0.698057
0,0.425233,0.265699
0,0.81287,0.077754
0,0.539145,-0.770824
0,1.83657,0.0804456
0,-1.58681,0.263808
0,1.46867,0.911825
0,-1.88324,0.170102
0,0.139667,0.934801
0,-0.383026,0.923212
0,0.0967354,0.300401
0,-0.5396,0.011816
0,-1.23773,-0.0679565
0,-1.92351,0.780757
0,0.0725993,-0.943487
0,1.37111,-0.772384
0,-0.507136,-0.795857
0,-1.10854,0.513871
0,-1.67787,-0.320698
0,-1.65876,0.275937
0,-1.11441,0.207566
0,-1.59994,-0.228344
0,-0.939841,0.0631354
0,-1.7354,0.290277
0,-1.73758,0.881901
0,1.4251,0.151268
0,-1.35152,0.228735
0,0.23873,-0.864288
0,1.09382,0.904432
0,-0.174362,0.0561639
0,-1.38652,0.602547
0,-1.20162,-0.899418
0,-0.268063,-0.15818
0,0.112936,-0.486049
0,-0.602239,-0.466048
0,1.12592,0.582907
0,1.00409,0.247733
0,1.70885,-0.120509
0,-1.88419,-0.978829
0,1.58277,0.929856
0,-0.429725,0.924047
0,1.51349,-0.564896
0,0.763139,-0.917307
0,1.9494,0.0603987
0,1.03713,0.902822
0,-0.541821,0.820792
0,0.00425269,0.169326
0,-0.494443,-0.392902
0,-0.540353,-0.340078
0,-0.956382,0.795827
0,-0.0161188,-0.0164319
0,0.72696,-0.737768
0,-0.890639,-0.503149
0,0.0975192,-0.44641
0,-1.53048,-0.752907
0,-1.36062,-0.0739112
0,-1.81277,0.832102
0,1.88293,0.337565
0,-1.98456,-0.855052
0,-1.28568,-0.98901
0,0.451467,-0.447505
0,-1.67452,-0.274614
0,1.52759,0.553499
0,0.878481,0.934011
0,1.86556,-0.224866
0,0.0305422,0.37338
0,-0.798385,0.989804
0,0.198002,0.491333
0,1.72327,0.272379
0,0.0830457,-0.84385
0,-0.931172,-0.35357
0,1.5096,0.826784
0,-0.512325,-0.597989
0,-1.99447,0.687181
0,-1.00926,0.392647
0,-0.727066,-0.267351
0,1.43511,0.0583485
0,-0.165987,0.0856129
0,-0.221651,0.428108
0,-0.655591,0.0331119
0,1.52271,-0.733848
0,1.78011,0.546909
0,1.96756,-0.187455
0,-0.493035,0.926188
0,1.86459,-0.432972
0,1.16752,-0.473842
0,0.702757,-0.332985
0,-1.02044,0.144634
0,-1.13417,0.789739
0,-1.33581,-0.647437
0,1.69103,-0.440642
0,-0.823693,0.16336
0,-0.187623,-0.0913315
0,-0.0241687,-0.105354
0,1.11269,0.641469
0,1.37694,0.847757
0,-1.44371,-0.0373861
0,-0.292383,0.374704
0,1.37142,0.602117
0,1.27213,0.0367328
0,-1.59034,-0.411367
0,-1.37447,0.276169
0,-0.783205,0.170218
0,-1.69856,0.803126
0,-0.301348,-0.895186
0,-1.56953,0.820263
0,0.27287,0.0688641
0,-1.01377,-0.968648
0,0.385732,-0.310596
0,-1.5299,0.448667
0,1.90354,-0.0231338
0,1.73024,0.960318
0,-0.432812,-0.15478
0,-1.03129,-0.34673
0,-0.998407,0.643344
0,-0.0664259,0.0958134
0,-1.84003,0.364653
0,0.55882,0.611405
0,-0.366788,0.342855
0,-0.490374,-0.155185
0,1.23746,-0.750407
0,0.836142,0.160496
0,1.81734,0.794867
0,-0.592255,-0.162215
0,1.59017,0.82145
0,1.07987,0.00705564
0,-0.570301,0.241683
0,0.486662,0.665977
0,-0.84572,0.129194
0,1.4976,-0.818061
0,-1.55029,0.961959
0,-1.15026,-0.508301
0,-1.26787,0.421011
0,-0.387896,0.0102269
0,0.980932,-0.0424547
0,0.10763,-0.512118
0,-0.0492947,0.444302
0,-1.99782,-0.774423
0,-0.298393,0.980907
0,-1.74578,0.690747
0,-1.16699,0.0690179
0,1.72958,-0.150894
0,-1.13841,-0.427071
0,1.43335,0.00318294
0,1.21157,0.758835
0,-1.36342,-0.449987
0,0.422848,0.00107492
0,-1.53735,-0.5309
0,0.911553,-0.325702
0,0.549849,-0.619479
0,1.24775,0.981078
0,-0.0824618,0.142995
0,1.65945,0.46563
0,-1.8026,-0.8035
0,-0.828446,-0.267765
0,0.86021,0.78528
0,-0.327563,-0.831123
0,-1.30819,-0.669034
0,-1.57116,0.250835
0,1.26936,0.245578
0,-0.107428,0.676454
0,1.52913,0.870986
0,0.933157,-0.716027
0,-0.361095,-0.481252
0,-0.505956,-0.145077
0,0.0625534,-0.998193
0,1.55624,-0.860371
0,0.949114,-0.547017
0,-1.97939,-0.0377961
0,0.776631,-0.496955
0,1.67803,0.753364
0,0.841823,-0.351454
0,-1.29198,0.849246
0,-0.0659275,0.949575
0,-1.43874,-0.100277
0,-0.564019,-0.545742
0,1.74847,-0.416668
0,1.69322,0.552667
0,-0.868653,-0.453301
0,-0.641476,-0.238834
0,0.400851,-0.0428483
0,1.85279,0.150222
0,-1.40879,0.992201
0,-0.972333,-0.53558
0,1.49423,-0.293153
0,-0.0324311,-0.474218
0,1.59584,-0.277773
0,-1.25793,-0.798391
0,0.130674,-0.28038
0,-0.694921,0.77573
0,-0.73383,-0.40282
0,-0.212492,-0.25613
0,-0.26769,0.888948
0,-0.570612,0.456758
0,1.65988,0.0334774
0,0.926977,0.554385
0,0.910188,-0.753641
0,-0.840346,-0.0710193
0,0.310838,-0.763528
0,1.11672,-0.532764
0,1.18236,-0.716265
0,-0.621878,-0.276398
0,1.08349,-0.236721
0,0.943576,0.894617
0,-1.43397,-0.471749
0,1.46378,-0.0551423
0,-0.234714,0.622759
0,-0.0543582,0.631235
0,-0.206523,0.500686
0,0.271384,-0.424332
0,0.484677,-0.0100568
0,-0.00728174,-0.627577
0,1.46715,-0.623201
0,0.510939,-0.128318
0,-0.394288,0.477184
0,-0.333233,0.0531685
0,1.24335,0.773366
0,-0.607232,0.661818
0,-1.15418,-0.936789
0,-1.76247,0.136838
0,1.50411,0.218323
0,1.67419,0.92315
0,-1.51952,-0.953527
0,-0.662105,0.0622075
0,-1.29851,-0.590437
0,-1.53641,-0.892674
0,1.59947,0.174977
0,-1.77249,0.545208
0,1.92194,0.549731
0,-1.6142,-0.939423
0,1.45388,-0.186107
0,0.266024,-0.910981
0,-0.52833,-0.504323
0,-0.63063,-0.614239
0,1.02946,-0.569635
0,-0.741707,-0.321763
0,0.629276,-0.445164
0,0.0693043,0.92456
0,-0.0601374,-0.295186
0,1.60465,0.788345
0,0.21858,-0.637917
0,1.30745,0.527494
0,0.902294,-0.877309
0,-1.84577,-0.0744775
0,1.09244,-0.988979
0,-1.13252,0.620582
0,1.6126,0.900972
0,-1.8283,-0.929785
0,-0.667712,0.867693
0,-1.60107,0.547708
0,-0.0976435,-0.282277
0,1.28009,0.817753
0,-0.807251,-0.407485
0,-1.39626,-0.181409
0,-0.678932,-0.806577
0,1.25552,0.313878
0,-1.43846,-0.940798
0,-1.09055,-0.0301894
0,-1.72459,0.366384
0,0.82284,0.642475
0,-0.419067,-0.700117
0,-0.75664,0.508181
0,0.874506,0.438154
0,-0.65609,0.119141
0,0.911085,0.169289
0,1.2608,-0.817459
0,-1.12935,0.200942
0,1.89527,-0.236956
0,-1.35057,0.735162
0,-0.836636,-0.373802
0,-1.28082,0.15319
0,-0.617977,-0.146857
0,-0.0797564,0.752524
0,0.0887035,-0.492167
0,1.41442,-0.842395
0,1.55779,0.497311
0,-1.11958,-0.174207
0,0.491576,0.178197
0,-1.55402,-0.947221
0,-0.164121,0.90422
0,-0.710666,0.755237
0,-0.733997,0.247736
0,-0.069663,-0.96594
0,0.919311,-0.244047
0,-1.72327,0.957593
0,1.51669,0.362661
0,0.939255,-0.678024
0,-1.294,-0.0788065
0,1.75664,0.933475
0,0.0252489,0.0694163
0,1.99923,-0.950771
0,-1.21096,0.239544
0,0.139633,-0.457567
0,-0.839008,-0.802308
0,-0.783306,-0.194183
0,0.364262,0.117046
0,1.68688,-0.965919
0,1.22106,0.118094
0,0.895766,0.0224063
0,0.236695,0.587817
0,1.68919,-0.1529
0,-0.0305544,0.106901
0,1.49533,0.484019
0,1.33593,0.794292
0,-1.14466,-0.239931
0,1.0849,0.203267
0,-1.95132,0.389222
0,-0.708682,-0.913459
0,-1.08173,0.601521
0,0.0274518,-0.24514
0,0.947413,0.340478
0,-1.60929,-0.0566719
0,0.0596888,0.404678
0,1.75365,0.448662
0,-1.08541,-0.616858
0,0.708565,0.324348
0,0.371521,0.702647
0,-1.95975,-0.528866
0,-0.0966952,0.516367
0,0.835082,0.26765
0,-1.8241,0.910252
0,1.51809,-0.479507
0,0.0803257,-0.691444
0,-1.87736,-0.375758
0,-1.10235,-0.484082
0,1.8147,0.513666
0,0.329279,0.466219
0,-1.57011,0.33937
0,-0.849822,-0.567242
0,-0.173185,0.723614
0,-1.9162,0.913143
0,-0.353538,0.0632116
0,-0.0421655,0.298745
0,-1.02529,0.0013842
0,0.354556,-0.432885
0,1.01296,-0.427705
0,-1.05666,-0.373159
0,0.482,-0.6183
0,0.558489,0.803847
0,1.79416,0.716796
0,1.1131,-0.0767213
0,1.39338,-0.265497
0,-0.0383204,0.878157
0,-1.25861,-0.555253
0,1.98326,0.107084
0,-1.48258,-0.891004
0,-0.114171,-0.617596
0,-1.72763,0.208054
0,1.7754,0.324367
0,1.8597,0.161992
0,0.877556,0.739203
0,-0.600029,0.98681
0,-0.98247,0.527724
0,-0.938787,-0.0698164
0,-1.49082,0.667869
0,0.103236,-0.759225
0,-1.43273,0.366541
0,-0.733077,0.0366756
0,0.506826,-0.643868
0,0.910174,0.945867
0,-1.90291,-0.323125
0,-0.279536,0.230847
0,0.608498,0.757188
0,1.41298,0.0133777
0,-0.0987009,-0.769724
0,1.87682,0.637478
0,-0.93747,-0.293572
0,-1.94597,0.966134
0,-0.0649885,0.767651
0,-0.975545,0.706899
0,1.29487,-0.287494
0,-1.06891,0.51426
0,-0.757483,0.972658
0,1.16491,0.0526432
0,0.860573,-0.0585357
0,0.232205,-0.970668
0,0.819792,0.400408
0,-0.325453,0.716955
0,-1.97876,-0.505086
0,-1.95458,-0.369951
0,0.0448872,0.00135404
0,-1.66684,-0.85584
0,-1.7957,-0.820715
0,1.86207,-0.157778
0,1.43601,-0.477562
0,-1.39189,-0.187925
0,-1.99734,-0.0912274
0,1.76667,0.952547
0,-0.886699,0.88852
0,-1.25641,-0.72054
0,0.766032,0.765172
0,-1.56439,-0.839587
0,-0.941402,0.0152709
0,1.90038,-0.67218
0,0.557851,-0.268216
0,0.0827112,0.48668
0,-0.408326,-0.150989
0,1.098,0.613903
0,-1.43617,0.437631
0,1.86935,0.885679
0,1.44449,0.068312
0,0.470628,0.604296
0,-1.82838,-0.354186
0,0.803423,-0.308508
0,1.65314,-0.198979
0,0.0983083,-0.178169
0,-0.583101,-0.793494
0,-1.51889,0.0381979
0,1.0196,-0.806394
0,1.54009,0.779524
0,-1.59899,-0.87631
0,1.03594,-0.100611
0,-1.93176,-0.430612
0,1.86822,-0.690261
0,0.460232,0.567673
0,0.209756,0.429865
0,-0.816201,-0.708104
0,1.71717,0.265531
0,-0.936377,0.58511
0,1.31259,0.546664
0,1.94043,-0.815441
0,1.13359,0.371025
0,0.0759597,0.432048
0,-1.7357,0.724333
0,-0.110345,0.0160887
0,-0.246976,-0.077812
0,-1.18882,0.930233
0,-0.305649,0.593025
0,-0.568968,0.117462
0,-1.34526,-0.338766
0,-0.234503,0.690476
0,-0.9488,-0.0891272
0,0.0882497,-0.81463
0,-1.85936,-0.0901915
0,1.62493,0.743937
0,1.26546,-0.103436
0,0.210325,-0.971302
0,1.40723,0.222971
0,1.84958,0.99166
0,-1.55791,0.634497
0,0.523327,0.234476
0,1.99198,0.828798
0,1.95156,0.627163
0,0.413292,-0.00272129
0,-1.48792,0.182441
0,0.332771,0.462586
0,-1.99174,0.692852
0,-1.20435,-0.883647
0,1.82449,0.549608
0,-0.678238,-0.104993
0,0.55356,0.321597
0,-0.876562,0.529266
0,1.79129,0.0790039
0,0.914235,-0.68297
0,-0.681395,-0.180946
0,1.16705,-0.846254
0,-1.56734,0.378601
0,-0.430724,0.907412
0,-1.11513,0.590506
0,0.734906,-0.220427
0,-1.59021,0.168583
0,-0.411897,-0.391599
0,-0.893401,0.0820912
0,0.0253717,-0.398546
0,-0.600409,0.47665
0,0.825642,-0.481317
0,-1.90169,0.928041
0,0.535948,0.323897
0,-1.07771,-0.862444
0,-0.925164,-0.978444
0,1.20102,0.994093
0,1.82227,-0.558989
0,-0.733799,-0.374875
0,1.30722,-0.583172
0,-1.58404,0.856204
0,0.535927,0.304026
0,1.00413,0.00877265
0,-1.37609,0.115302
0,-0.29599,-0.364254
0,1.57083,0.22835
0,-1.58569,-0.160799
0,-1.92761,-0.601544
0,0.362342,0.31321
0,-0.257874,-0.252319
0,1.19476,0.570133
0,1.69382,-0.16921
0,-0.803385,0.0165428
0,-0.446384,0.574933
0,-0.0549117,-0.104244
0,0.352606,0.932442
0,1.93542,0.586057
0,0.789321,0.652861
0,-0.441806,0.907841
0,-0.944929,-0.222299
0,1.7785,0.160161
0,-1.45781,0.387183
0,0.881063,0.346917
0,1.70158,0.905874
0,0.658662,-0.423303
0,-0.307782,-0.417277
0,-1.20404,0.836009
0,-0.530099,0.598611
0,0.827487,-0.593287
0,0.598137,0.140094
0,1.7119,0.491527
0,1.46744,-0.293927
0,1.2646,-0.131235
0,1.6458,0.150793
0,-0.894651,-0.0657829
0,-0.521906,0.506085
0,-0.480424,-0.988122
0,0.241802,-0.130735
0,0.672873,-0.324837
0,-0.853133,0.218328
0,-1.92215,0.551917
0,-0.40311,-0.84771
0,-0.765888,-0.683881
0,1.76874,0.330163
0,1.55306,0.476805
0,1.44124,0.176404
0,0.611999,0.965607
0,-0.622843,-0.00107702
0,0.195397,-0.727415
0,1.2609,0.372582
0,-1.60556,0.204151
0,1.2043,0.180843
0,-1.83528,0.0917073
0,1.26568,0.878191
0,1.23026,-0.741687
0,-1.79597,-0.853605
0,0.508643,-0.691766
0,0.0098123,-0.51002
0,-1.32072,0.185893
0,-1.40648,0.22485
0,1.09304,-0.534796
0,0.270771,-0.021549
0,1.932,-0.0358763
0,1.92899,-0.0937785
0,1.97067,0.607091
0,-1.52554,-0.0566139
0,1.75302,0.516731
0,-1.02172,-0.667038
0,-0.167151,0.0639347
0,1.02963,0.64821
0,-1.18552,-0.644567
0,0.265246,-0.0701557
0,-1.25673,0.218159
0,-1.58106,-0.630451
0,-1.53377,0.513531
0,-0.569444,-0.842008
0,-1.98138,0.892831
0,-0.300584,-0.063557
0,0.656788,-0.327754
0,-0.393247,-0.766386
0,-1.65682,-0.134807
0,-1.74924,0.319608
0,-0.887534,-0.811025
0,-1.32275,-0.387462
0,1.86038,0.672035
0,-1.39508,0.292362
0,1.22185,-0.587254
0,0.344432,-0.67818
0,0.277148,0.80897
0,0.0483229,-0.42596
0,1.88705,-0.641
0,-0.544621,0.999928
0,1.15166,-0.381616
0,0.221176,-0.75052
0,-0.417465,-0.0764847
0,1.82186,-0.13131
0,0.393264,0.853605
0,-1.52433,-0.73159
0,-0.329843,-0.817727
0,1.12633,-0.814043
0,0.774988,0.808575
0,1.66536,-0.101262
0,-0.96249,-0.698787
0,1.03277,0.18766
0,-0.160499,0.0752467
0,0.294439,-0.603187
0,1.82019,0.206076
0,1.91715,-0.319538
0,1.44636,-0.523258
0,-0.563612,0.0208012
0,1.5508,-0.416701
0,0.554437,-0.55572
0,-0.280013,0.759445
0,-1.85703,-0.688475
0,1.08051,-0.43882
0,0.00842232,-0.227723
0,1.14475,-0.452723
0,0.992091,-0.578579
0,1.17427,0.542292
0,-0.797395,-0.341968
0,1.20319,-0.774974
0,0.195385,0.0817903
0,-0.106695,-0.749023
0,0.700504,-0.284961
0,-1.91457,0.763654
0,-1.59073,-0.261678
0,-0.831291,0.265018
0,1.93196,0.0292511
0,-1.44102,-0.72455
0,-0.677615,0.298139
0,-1.79579,0.71207
0,-0.674924,-0.813575
0,-0.718695,0.50736
0,1.78723,0.380423
0,1.38062,0.733321
0,-0.468943,-0.791816
0,-1.90092,-0.388609
0,1.32412,0.388583
0,0.642145,-0.955964
0,-1.39054,0.468151
0,1.98429,0.715957
0,-1.59907,-0.0933919
0,1.46846,-0.13134
0,-0.822935,-0.443062
0,-0.258586,-0.989896
0,1.18183,-0.627393
0,0.710033,0.959728
0,1.75146,0.734572
0,0.484561,-0.466991
0,-1.60876,0.927498
0,1.53744,-0.264575
0,1.07662,-0.404829
0,0.847482,-0.694385
0,-1.78507,0.803222
0,-0.415109,0.973985
0,-1.33026,-0.345177
0,1.28762,0.406861
0,0.802114,-0.329393
0,1.53231,-0.790019
0,1.8663,-0.214615
0,1.09899,0.10314
0,1.97693,-0.753966
0,0.45908,0.636546
0,-1.85148,-0.00527377
0,-1.94299,-0.531234
0,-0.631584,0.185519
0,1.29389,0.586519
0,1.46454,-0.344751
0,1.84325,0.402953
0,-1.73951,-0.144282
0,-1.82172,0.928102
0,1.65313,0.54188
0,-0.779813,-0.287298
0,0.23195,-0.964504
0,1.92978,0.31504
0,-0.398206,-0.604256
0,0.663486,-0.756242
0,-0.396482,0.863553
0,1.07278,0.999898
0,0.110859,-0.460222
0,-1.04991,-0.396463
0,-0.914776,-0.670022
0,-0.967763,-0.0846304
0,0.129281,0.731688
0,0.812756,0.403012
0,1.79712,0.692663
0,0.77635,-0.543037
0,1.12477,0.460912
0,-1.3243,0.837053
0,-0.503749,-0.437168
0,-0.344879,0.381307
0,0.745521,-0.198685
0,-0.816432,-0.419547
0,-0.786832,0.939247
0,-0.576443,-0.302734
0,1.24121,-0.784301
0,0.31036,-0.222822
0,-1.69889,-0.104643
0,-1.68702,0.504422
0,-0.514852,0.899829
0,1.06636,0.634114
0,0.754734,0.861883
0,0.831929,-0.0498797
0,1.06884,0.438633
0,-0.851389,-0.381901
0,0.193025,-0.860826
0,0.173411,-0.269053
0,0.95853,0.39583
0,1.82748,-0.450756
0,-0.88804,0.722812
0,1.17313,0.581546
0,0.639882,-0.611915
0,0.320951,-0.338326
0,1.09952,0.650605
0,1.77613,-0.512124
0,-1.85323,-0.336796
0,-1.4104,-0.313866
0,1.02515,0.602084
0,-1.66483,-0.925939
0,0.0644948,-0.852426
0,-1.12056,0.156903
0,-0.902817,-0.205776
0,0.807362,0.265771
0,-1.87923,-0.467077
0,1.49328,0.819165
0,-0.222084,0.521884
0,0.00957318,-0.864508
0,0.160192,0.567811
0,0.582177,0.939165
0,-0.620574,0.884871
0,-1.59557,0.470968
0,-0.726484,-0.752812
0,-1.32743,0.152154
0,0.224533,-0.431535
0,-0.727885,0.940426
0,1.83227,0.434971
0,1.86294,0.221531
0,0.480504,0.390176
0,0.469989,-0.124042
0,1.94151,-0.254526
0,1.54913,0.871599
0,1.06028,-0.336146
0,-0.745638,-0.917128
0,-0.537844,-0.19832
0,-1.19493,0.580681
0,-0.0514075,0.296937
0,1.96147,0.924342
0,1.6486,-0.787596
0,-1.5266,0.823093
0,-1.89924,-0.262302
0,1.59455,-0.0519948
0,0.148681,-0.143036
0,-1.19924,-0.767095
0,0.694613,-0.504407
0,0.576893,0.484543
0,-1.51166,-0.953985
0,-0.961599,-0.732224
0,-1.75969,-0.94958
0,-1.16056,0.714776
0,-1.47078,0.23465
0,-1.22705,-0.660143
0,0.741869,0.537544
0,-1.802,0.933601
0,-1.59258,0.869121
0,-1.46331,0.843095
0,-0.733836,-0.98438
0,-0.804999,0.178027
0,-0.979745,-0.486735
0,1.00215,0.129294
0,1.99209,-0.363939
0,0.135912,-0.692667
0,1.77681,-0.111013
0,-0.41356,-0.00980735
0,-1.57327,0.979531
0,-0.364905,-0.915224
0,-0.815489,-0.39769
0,-0.0263722,0.703788
0,0.628175,0.319391
0,-0.155799,0.653366
0,1.74064,0.320582
0,1.53906,0.519073
0,0.80791,-0.0141565
0,-0.0412604,-0.590245
0,-1.47325,0.620008
0,-0.411945,0.135641
0,0.817606,-0.72099
0,-0.860458,0.609788
0,-1.58405,0.917172
0,1.63159,-0.307672
0,0.836203,-0.412975
0,0.461106,-0.83645
0,1.17,0.328982
0,1.34258,0.917923
0,-0.066164,-0.728015
0,1.52475,-0.0296807
0,1.66568,-0.803524
0,-0.913796,-0.93178
0,0.430181,0.329002
0,0.106336,0.735374
0,0.151783,-0.324859
0,1.75065,0.75153
0,-0.779245,-0.765894
0,1.93374,-0.524079
0,1.60852,0.803213
0,-0.165108,0.0170198
0,1.26981,0.216385
0,1.07619,-0.923964
0,0.71158,-0.74322
0,-0.720664,-0.888418
0,-1.2142,0.810001
0,0.686111,-0.73041
0,1.37189,0.699346
0,-1.93499,-0.297931
0,0.571214,0.601195
0,-0.228508,-0.269913
0,1.59235,-0.464632
0,-0.714108,-0.812679
0,-0.103261,-0.438587
0,0.0590684,-0.0570406
0,-1.43824,0.635018
0,0.851569,-0.0949701
0,1.32191,0.942871
0,-1.76836,0.083266
0,-0.834445,-0.950109
0,-1.84782,-0.169265
0,1.82618,0.377798
0,0.668675,-0.531417
0,1.8568,0.39726
0,0.125977,0.00739461
0,1.20827,-0.948524
0,-0.502344,0.548706
0,-0.584724,0.120747
0,-0.486929,-0.835013
0,0.631449,-0.0495719
0,-0.562187,-0.425414
0,1.60147,0.759363
0,1.9331,-0.430146
0,-1.87829,0.883374
0,-1.22551,0.0922655
0,-1.551,-0.352773
0,-1.83054,0.62709
0,-1.08904,0.394801
1,0.64771,0.672836
1,-1.49609,-0.35737
1,1.73721,0.0398517
1,-0.139024,0.0177748
1,1.45522,-0.88211
1,-1.13553,0.0437732
1,-1.77316,0.0309813
1,-0.458062,0.281258
1,-1.06055,0.0152031
1,1.34477,-0.713524
1,-1.16014,0.774743
1,0.973639,-0.800655
1,-0.480352,0.516585
1,-1.24985,0.879393
1,0.978877,-0.808761
1,-1.66444,-0.616855
1,1.49865,-0.666404
1,1.74533,0.463309
1,1.66872,0.401846
1,-0.386758,0.143445
1,-1.81163,0.372069
1,1.85214,0.703881
1,-0.676632,-0.263581
1,0.838394,-0.40609
1,-0.587906,-0.16739
1,-1.79232,0.911433
1,1.38758,0.0681372
1,0.657581,-0.434183
1,1.06052,-0.439334
1,0.277416,0.200989
1,1.49256,0.742378
1,1.56583,-0.458614
1,-1.88553,0.242201
1,-1.65509,-0.600861
1,-1.02253,0.508517
1,-1.42972,-0.559261
1,0.805748,0.784957
1,-0.450897,-0.346172
1,1.49633,0.192719
1,-1.25509,0.728236
1,-0.324228,-0.61993
1,-1.85426,0.154614
1,0.786415,-0.860988
1,-0.193278,-0.868647
1,-1.44872,-0.0790259
1,1.51771,0.465808
1,1.61724,-0.21784
1,-1.64978,-0.711681
1,-1.75864,-0.554613
1,-0.290862,0.862683
1,0.454213,0.571884
1,-0.775823,-0.884918
1,0.744301,0.284533
1,-1.15479,-0.560605
1,0.149791,-0.531268
1,0.31903,0.914617
1,-0.302856,0.833239
1,-1.41526,0.460509
1,-1.12884,0.312348
1,-1.42978,0.45723
1,-0.732575,0.016561
1,-1.05969,0.393377
1,0.173802,-0.789852
1,0.319176,-0.904863
1,-0.301956,0.825945
1,-0.733979,0.298568
1,0.299256,0.503111
1,1.42545,-0.554847
1,1.35947,0.529071
1,-1.52797,-0.285199
1,-0.753763,-0.0206211
1,-0.417219,-0.391262
1,0.768642,0.774146
1,0.82755,0.91072
1,-0.28554,-0.265787
1,-0.368034,0.805483
1,1.19351,0.157215
1,0.215508,-0.108878
1,1.6414,0.21737
1,-1.68769,-0.841014
1,-0.563739,0.427921
1,1.81425,0.0913952
1,0.812205,-0.0697565
1,1.52188,0.73486
1,-0.985492,-0.122992
1,0.911731,0.631864
1,-1.17548,0.220777
1,0.218801,0.842797
1,-1.04733,0.688434
1,-0.309716,-0.344125
1,1.17214,-0.755403
1,-0.791469,0.768492
1,0.529014,-0.142705
1,-0.302822,-0.755986
1,1.60786,-0.923048
1,0.664838,0.314822
1,0.645689,-0.49869
1,-0.597401,-0.0673336
1,0.158797,-0.207867
1,-1.75426,0.753163
1,-1.57384,-0.853486
1,1.63949,-0.660711
1,-1.65761,-0.190422
1,1.66806,-0.584833
1,0.880993,0.478354
1,0.525016,0.879609
1,1.01537,0.538445
1,-1.40236,0.65187
1,1.15784,-0.198721
1,0.909131,0.440687
1,0.233578,-0.50947
1,-0.139414,-0.579451
1,-0.163172,-0.289995
1,-0.278321,-0.239031
1,1.24447,-0.66539
1,-0.910571,0.761078
1,-1.69924,-0.0757115
1,1.77598,0.209135
1,-0.230066,-0.013157
1,1.02419,-0.760082
1,0.74183,-0.30861
1,0.231682,0.884003
1,-1.43622,-0.121365
1,-0.988516,-0.484589
1,-0.283432,0.652632
1,0.291293,-0.262863
1,1.23067,0.37715
1,-0.751838,0.151493
1,-0.452771,0.648474
1,1.52007,-0.887654
1,1.27956,-0.643844
1,-1.52877,0.502929
1,-1.33569,0.722288
1,0.640444,-0.443917
1,0.327169,0.193303
1,1.85857,0.112974
1,0.998404,-0.610245
1,1.19661,-0.168701
1,-1.08332,0.112482
1,0.149539,0.546408
1,0.55941,0.0283304
1,-1.90991,-0.595601
1,0.129745,-0.417183
1,-0.264258,-0.227201
1,-0.636265,-0.207405
1,-0.90593,0.52023
1,1.5526,0.240093
1,-1.80954,0.671934
1,-0.723344,-0.0778466
1,-0.871303,-0.766804
1,1.75977,0.634277
1,-1.86769,0.0543517
1,-0.239906,0.315749
1,-0.724502,0.133737
1,0.79886,-0.622362
1,0.789666,-0.60238
1,0.751563,0.533058
1,1.51646,0.560202
1,1.71778,0.10905
1,-1.61889,-0.194883
1,-1.48645,-0.338453
1,-1.78918,-0.749129
1,1.64181,-0.63321
1,1.85193,-0.0712137
1,-0.528473,-0.868556
1,-1.68994,0.34929
1,-1.45236,-0.157977
1,1.48205,-0.0541553
1,-0.24392,0.297752
1,-1.18906,0.380166
1,0.541146,0.403958
1,1.10091,-0.116457
1,-0.210697,-0.670726
1,-1.77246,0.914072
1,-0.539858,0.894224
1,1.43116,0.802884
1,-1.54331,0.573387
1,-1.50522,0.636437
1,1.10724,0.78359
1,-1.42384,-0.554393
1,-1.4485,-0.33667
1,-1.03282,0.303926
1,-0.84454,-0.852234
1,-0.697242,-0.524205
1,1.15418,-0.671828
1,-1.02355,0.422559
1,-1.53847,0.0234227
1,-1.49081,-0.854278
1,-0.597093,-0.779957
1,-1.05799,0.65745
1,1.27827,-0.514704
1,0.483767,-0.212603
1,-0.851901,0.693867
1,1.90563,0.13242
1,-0.367779,0.776936
1,1.54265,-0.0647539
1,-0.860675,0.715483
1,-0.771183,0.463011
1,1.85109,-0.105087
1,-1.60029,-0.267748
1,1.48325,-0.516611
1,1.77206,-0.614879
1,-0.664059,0.399635
1,1.60649,-0.225339
1,1.54697,-0.265994
1,1.91735,0.0106409
1,-1.49029,-0.60014
1,0.430161,-0.665207
1,1.13269,-0.845979
1,0.91425,-0.23346
1,1.29184,0.0258164
1,-1.84942,-0.837932
1,1.73,0.771163
1,-1.31602,-0.107999
1,-1.8172,0.686993
1,1.84411,0.634077
1,-1.25101,0.121321
1,1.31403,0.770293
1,-1.8726,0.54483
1,-1.79492,0.863097
1,-1.66371,0.269377
1,0.584488,-0.910623
1,-1.01406,0.681365
1,-0.35276,0.840216
1,1.78358,0.766278
1,-1.16047,0.38655
1,-1.0542,-0.627142
1,-0.12099,-0.895118
1,-0.893621,0.894097
1,0.155267,0.555033
1,-0.254075,0.834035
1,-0.684293,-0.175331
1,-1.88356,0.645381
1,1.02995,-0.358668
1,1.52004,-0.10589
1,-0.587682,-0.289594
1,-0.201231,0.0591515
1,-1.7006,0.634314
1,0.964385,0.135883
1,-1.06153,-0.15838
1,-1.43395,-0.0882602
1,-1.40595,-0.0523224
1,-1.18501,0.123073
1,0.926276,-0.879457
1,-0.331705,0.118496
1,0.805196,0.919078
1,-1.40106,0.849754
1,-1.09937,-0.839193
1,1.27114,-0.390305
1,-1.90923,0.300966
1,-1.09237,0.67705
1,1.32603,0.853115
1,0.736909,-0.0641376
1,-0.910151,-0.690012
1,1.26178,-0.314224
1,-1.2955,0.71593
1,0.225288,-0.216548
1,0.441766,0.0224307
1,1.82432,-0.682878
1,0.715816,0.853529
1,-0.648175,-0.2409
1,0.109338,0.0399385
1,-1.00235,0.823284
1,1.87365,-0.224909
1,-0.418078,0.422775
1,-1.60111,-0.898149
1,1.84884,0.0925433
1,1.54402,-0.22542
1,0.203306,-0.491132
1,-1.793,0.298177
1,1.32443,0.780187
1,1.56601,-0.891896
1,0.553792,-0.661985
1,-0.88613,0.715864
1,1.6718,0.512312
1,-1.84998,-0.150083
1,-0.739656,-0.41171
1,-0.621756,0.035556
1,1.36379,-0.200833
1,-1.90182,0.595192
1,0.621463,-0.865503
1,0.278705,0.0689892
1,-0.678316,-0.847259
1,-1.6067,0.314841
1,-1.38251,0.7496
1,0.65989,-0.104177
1,-1.7535,0.458158
1,-1.68168,-0.0415775
1,-0.236581,0.102672
1,0.150738,0.241067
1,-1.8676,-0.429254
1,0.202597,0.420832
1,-1.48026,0.0568044
1,-1.50182,-0.368846
1,0.754737,-0.13994
1,-0.763524,-0.554576
1,1.12177,-0.339435
1,1.75438,0.565584
1,0.644586,-0.8452
1,1.90421,0.182803
1,-0.538751,0.577424
1,-0.405584,0.715006
1,-0.324319,0.00316897
1,0.0901849,-0.449784
1,1.00644,0.07154
1,-0.957333,-0.503459
1,-0.500024,0.674793
1,0.965327,0.317622
1,0.276811,0.755397
1,0.67897,0.432086
1,-0.276227,0.728698
1,0.968494,-0.750041
1,1.88086,0.68832
1,-1.47026,0.560908
1,1.11431,-0.810297
1,-0.238066,-0.225605
1,-0.919917,-0.600485
1,1.85391,0.592638
1,-1.3902,0.284206
1,-0.493991,0.796798
1,0.704328,0.664517
1,-1.12412,-0.618085
1,-0.863171,0.150196
1,-0.317003,0.898362
1,1.50364,0.69772
1,-0.730208,-0.457257
1,1.36321,0.848227
1,-1.10326,0.741709
1,0.746172,-0.831783
1,1.4891,-0.607086
1,-1.56731,-0.473764
1,0.840009,-0.448875
1,-0.565525,-0.764743
1,0.340645,-0.235137
1,0.809963,0.163944
1,-0.514928,-0.266711
1,-0.33157,-0.220805
1,-1.19473,0.0831163
1,-1.5793,-0.888996
1,-1.6166,-0.830735
1,-1.68024,-0.864673
1,-0.0863395,0.127194
1,1.61764,-0.0734116
1,-1.45403,0.685956
1,0.109575,0.173237
1,-1.66393,-0.423187
1,0.561359,0.642956
1,-1.02444,0.15099
1,-1.41669,-0.0776816
1,-1.0406,0.695127
1,-0.556841,-0.282631
1,1.10596,0.675391
1,1.1023,-0.0786545
1,-1.72466,-0.198642
1,0.968811,-0.771628
1,0.210148,0.452871
1,-1.13163,-0.193083
1,1.83882,0.600043
1,1.6485,0.142883
1,-1.58405,0.793256
1,1.12972,-0.430509
1,-1.6486,0.773106
1,-0.637535,-0.777233
1,1.80967,-0.776162
1,-0.248272,0.408186
1,-0.537771,-0.228693
1,-0.758263,0.712178
1,1.58545,-0.630734
1,1.20404,-0.0640231
1,1.31958,0.363289
1,0.624144,-0.299152
1,-1.03985,0.507525
1,-1.08568,0.790866
1,-0.160798,0.179345
1,-0.337943,0.407065
1,-1.33928,-0.296046
1,-1.20152,-0.094538
1,-1.81323,0.012114
1,0.447048,-0.259068
1,-0.398384,-0.747959
1,1.76304,0.163989
1,-1.14212,-0.386172
1,-0.405149,0.204335
1,-0.237028,0.192301
1,1.81514,-0.336906
1,-1.56111,0.880409
1,-0.507812,-0.178383
1,0.284122,-0.550802
1,0.485174,0.108266
1,1.09849,-0.263548
1,-1.50457,-0.37836
1,-1.65973,-0.673309
1,-1.72367,0.0470422
1,-0.403031,-0.233711
1,1.57661,-0.313136
1,0.136787,0.184506
1,0.339738,0.447582
1,1.47408,0.303122
1,-1.37644,-0.0967187
1,-0.648379,-0.724704
1,-1.3789,0.46841
1,-0.397211,0.00119392
1,-1.78639,-0.605465
1,-1.52729,-0.164918
1,-1.89121,0.751822
1,0.963761,0.753712
1,0.317773,-0.217037
1,-1.31142,-0.141328
1,-1.84961,-0.493939
1,1.81952,0.860816
1,0.149329,0.422021
1,-1.4405,0.425218
1,1.59827,-0.674704
1,1.7578,0.218513
1,1.30085,0.728322
1,0.668062,-0.860899
1,-0.324923,-0.0869395
1,0.652326,0.759324
1,-1.00389,0.872145
1,0.32396,0.618592
1,0.773758,-0.665107
1,1.44189,0.606969
1,-0.418565,0.164922
1,1.34398,-0.393233
1,-1.21778,0.0859708
1,0.716362,-0.583171
1,1.31027,-0.819937
1,0.109317,-0.658466
1,0.869778,0.393801
1,1.61513,0.482607
1,-0.559484,-0.292166
1,-0.22206,0.816599
1,-1.80145,-0.432527
1,-0.0763379,-0.911839
1,-0.962829,0.668097
1,0.873822,0.362145
1,-1.62988,-0.320414
1,0.872463,-0.0388295
1,1.64186,-0.446245
1,-0.832546,-0.0799388
1,1.01571,0.19533
1,1.31539,-0.373221
1,1.47456,-0.417707
1,-0.770903,-0.661469
1,-1.1001,0.267599
1,1.70533,-0.633895
1,0.872462,-0.330117
1,-1.46669,0.477606
1,-1.11358,-0.34861
1,0.0903366,-0.25994
1,0.324031,-0.366954
1,0.44174,0.00868398
1,-0.476087,-0.355754
1,-0.504499,-0.841355
1,-0.554375,0.0384861
1,0.0947375,-0.767711
1,-1.25697,0.550285
1,1.9044,-0.208076
1,1.48662,-0.314821
1,1.35661,-0.874429
1,0.409481,0.0298276
1,1.16719,0.0275669
1,-1.50673,0.261164
1,1.37759,0.142492
1,-0.804146,0.361687
1,1.56107,0.542988
1,-0.942909,-0.264679
1,-1.8667,0.142932
1,1.48405,0.0642378
1,0.885155,0.204153
1,-1.07095,-0.112987
1,-1.12259,0.0719578
1,1.71181,-0.544391
1,1.58291,0.286307
1,0.0903329,-0.28517
1,-1.71209,0.314977
1,1.51864,-0.787574
1,0.283186,0.151303
1,1.1687,0.541908
1,0.38911,-0.03255
1,-1.58834,0.212659
1,1.32633,-0.386606
1,1.59919,0.0147524
1,-1.71779,-0.47446
1,-0.91427,-0.646027
1,-0.771056,-0.210279
1,0.241203,-0.184163
1,-1.12911,-0.905794
1,-1.67443,0.0755088
1,0.480954,-0.355713
1,1.40411,-0.402635
1,1.41914,0.885807
1,-1.12949,0.877909
1,-1.6416,0.109684
1,0.64193,0.707589
1,-0.954683,-0.556418
1,1.30448,0.662799
1,1.51449,0.308296
1,1.06511,-0.00203636
1,-0.595585,0.0875921
1,-1.37324,0.50484
1,-0.17219,0.887944
1,1.38248,-0.612595
1,0.606862,0.85876
1,-1.24858,0.916129
1,-0.866975,0.819397
1,1.6142,0.917826
1,0.907545,-0.816902
1,0.188674,-0.861273
1,1.65016,0.730738
1,-1.32321,-0.0955398
1,-1.52399,0.61309
1,1.6078,0.40419
1,0.0980188,0.255249
1,0.631642,0.335493
1,-0.243829,0.0561023
1,0.268269,0.0406556
1,0.67405,0.137075
1,-0.636008,0.46861
1,1.13959,-0.119427
1,-1.69943,0.231603
1,1.77677,-0.746896
1,-1.44824,-0.53906
1,-1.43894,0.657799
1,-1.88194,-0.7177
1,-0.157632,-0.608655
1,0.702688,0.343422
1,-0.472706,0.790489
1,-1.09037,0.36817
1,0.657052,0.592228
1,-1.29329,-0.248116
1,-0.31124,0.0907531
1,1.4078,-0.606223
1,1.27131,-0.166237
1,0.830385,0.405279
1,1.00895,-0.558373
1,-1.86577,0.349794
1,-0.267518,0.433715
1,0.783963,0.631357
1,-0.0862237,0.37645
1,-0.224501,-0.696628
1,1.56306,0.269318
1,-1.68914,0.902366
1,-0.833724,-0.450633
1,1.2432,0.450055
1,-0.369483,0.564809
1,-0.103862,0.906827
1,-0.93351,-0.246354
1,0.394424,-0.488055
1,0.983316,0.549549
1,-1.811,0.77325
1,1.79255,0.853422
1,1.72133,0.804927
1,1.35858,0.257978
1,-0.858027,0.708809
1,-1.54481,-0.368645
1,1.90366,0.0609291
1,-1.40048,-0.139126
1,0.961059,0.643736
1,0.10302,-0.178044
1,0.234115,-0.00241433
1,0.959471,0.383653
1,-1.25447,0.435916
1,-1.51158,0.770506
1,-1.3693,0.353851
1,0.339438,0.904284
1,-0.600868,0.920737
1,0.609004,0.133571
1,0.330002,-0.0457062
1,0.298331,-0.846711
1,0.965477,0.349353
1,0.261269,0.894865
1,-1.47879,0.120533
1,0.552973,-0.335818
1,1.79169,-0.0330551
1,1.11951,-0.566753
1,0.0871774,-0.284291
1,1.80183,-0.0397703
1,-1.4928,0.58916
1,-1.31294,0.615152
1,0.785537,0.472676
1,1.1467,0.0854901
1,-1.33188,0.591348
1,0.637042,-0.0416791
1,1.5189,-0.827409
1,0.421546,0.516757
1,1.79676,-0.440581
1,-0.840738,0.515686
1,0.260154,0.389405
1,0.717096,-0.599125
1,-0.967165,0.00511216
1,-0.969314,0.204482
1,0.619329,0.117567
1,-0.985755,0.331675
1,-1.35785,0.919938
1,1.08052,0.753733
1,-0.371216,0.184331
1,0.967842,-0.133336
1,0.331827,-0.525443
1,0.522788,0.856247
1,-0.545506,0.38557
1,1.61728,0.472286
1,0.823596,-0.385891
1,-0.961782,-0.720878
1,-1.62947,0.214637
1,-0.686966,0.617203
1,-0.280334,0.724939
1,-1.6193,-0.892804
1,1.21077,-0.0675886
1,-0.302001,0.0241257
1,1.62377,0.273323
1,0.143291,0.53997
1,1.34086,-0.742842
1,0.315872,-0.38585
1,0.181763,-0.71973
1,-1.29478,0.161098
1,-1.75704,-0.331519
1,-1.14667,-0.150458
1,-1.29422,-0.112101
1,-0.555879,-0.841158
1,-1.64936,0.539277
1,1.12454,0.797902
1,-0.480509,-0.610763
1,1.44159,-0.47953
1,1.814,-0.820415
1,1.84598,0.368564
1,1.9211,0.0409257
1,-1.40672,-0.174828
1,-1.41006,-0.297659
1,-1.92432,-0.768085
1,1.35238,-0.518315
1,-0.850011,-0.351606
1,0.442667,-0.563414
1,-0.886395,-0.580967
1,-1.57647,0.0316317
1,-1.60327,0.261391
1,-0.389833,0.268606
1,1.41119,-0.698633
1,-1.40638,-0.393158
1,1.76342,-0.842665
1,-1.91577,-0.461715
1,1.62113,0.250383
1,-1.72095,0.0481761
1,-1.35808,0.511168
1,0.715905,0.197147
1,0.544926,-0.126106
1,-0.861791,-0.304483
1,-0.288945,-0.182447
1,-1.55772,-0.00110496
1,-0.615378,0.718349
1,-0.511839,0.349234
1,-1.57868,0.33817
1,-0.142052,-0.37602
1,-0.499817,0.0667512
1,-1.36803,-0.88511
1,-0.758716,-0.297426
1,1.02474,-0.378278
1,0.806508,0.416489
1,0.569986,0.242349
1,-1.51611,-0.677643
1,1.27114,-0.55475
1,-0.357508,0.814765
1,1.40304,0.759381
1,0.53852,0.0771636
1,-1.1839,0.383461
1,-0.475336,0.576885
1,-1.84741,0.408308
1,-0.653538,0.244624
1,-0.870692,0.725359
1,-1.46008,-0.475196
1,0.121158,0.0164323
1,-0.460588,0.766859
1,-1.90471,-0.318168
1,1.37444,0.235736
1,-1.53122,0.4569
1,-1.91339,-0.225244
1,1.69299,-0.652135
1,-0.338727,0.389433
1,1.35066,-0.614992
1,-0.231799,-0.111611
1,1.91717,0.489069
1,-0.31013,0.338268
1,0.55416,0.325318
1,1.33496,-0.321485
1,-1.5989,-0.319108
1,1.21779,-0.169516
1,-0.0984917,0.256645
1,-1.86278,0.467965
1,1.19503,0.348818
1,-0.193171,-0.778123
1,-0.789674,-0.917896
1,0.244017,-0.51841
1,0.347253,0.314428
1,0.797402,-0.379753
1,0.281188,-0.311662
1,0.514928,-0.796921
1,-0.330144,0.812739
1,0.969791,0.0872183
1,1.8065,-0.0760807
1,1.61706,0.891244
1,1.19048,0.122088
1,-0.438853,0.922084
1,1.2765,0.53234
1,-1.24975,-0.566582
1,-0.579962,0.238543
1,0.714591,0.137628
1,-0.775664,0.67092
1,-0.495389,-0.754451
1,-1.0375,0.359584
1,0.343821,0.684783
1,-0.423162,-0.586662
1,0.737357,0.281115
1,-0.940849,-0.447391
1,-0.583075,-0.76242
1,-0.951664,-0.302561
1,-0.678227,0.294701
1,1.64869,0.671451
1,-0.482227,-0.00983784
1,1.64667,-0.338246
1,-1.22958,0.363407
1,-1.5036,0.89676
1,-1.29723,0.130372
1,0.746586,0.296661
1,0.596101,-0.802286
1,0.39177,0.172158
1,1.23113,-0.510344
1,0.823617,-0.191122
1,1.89547,0.00567916
1,-0.0862423,0.510262
1,0.979586,-0.692811
1,-1.05496,0.432634
1,0.446542,-0.535247
1,1.01137,0.456615
1,1.47732,-0.835069
1,0.660256,-0.373168
1,1.67996,0.84199
1,0.346371,-0.18894
1,0.217066,0.205713
1,-0.455676,-0.885469
1,1.4321,0.736406
1,-0.366596,-0.646102
1,-1.19514,-0.754362
1,-0.106754,-0.915066
1,-0.440824,-0.0986543
1,0.828575,0.315452
1,0.708146,0.259739
1,-0.107608,-0.830853
1,0.422483,0.551208
1,-1.60565,0.176082
1,0.996497,0.782338
1,0.832021,0.394838
1,-1.07491,0.632655
1,-0.13309,-0.831072
1,-0.481049,0.173578
1,-1.12369,0.454818
1,-1.70514,-0.156049
1,1.00678,0.227111
1,-0.335264,-0.351226
1,-1.32032,0.201942
1,-0.376911,-0.611078
1,-0.967248,-0.0108913
1,1.15651,0.00338807
1,1.16997,-0.052837
1,-1.89061,-0.0797528
1,1.54854,0.219792
1,-1.37249,-0.0271305
1,-1.30412,-0.438917
1,-1.34747,-0.184023
1,-0.628792,0.0586025
1,1.74827,-0.524807
1,-1.62008,0.373471
1,1.16706,0.132622
1,1.13341,-0.435257
1,-1.33147,-0.506822
1,-0.327743,0.472203
1,1.46774,0.527489
1,0.405881,0.063095
1,-0.966594,0.559306
1,-1.77536,0.0293475
1,-0.643833,-0.406659
1,-0.580479,-0.617976
1,-0.936431,0.776867
1,-0.189228,0.80902
1,-1.79721,0.523689
1,-0.975451,0.543506
1,-1.6933,-0.532896
1,0.778684,-0.43789
1,0.514339,0.57268
1,0.487898,0.283894
1,-1.79335,-0.847503
1,-1.16326,0.245587
1,-1.80294,-0.905823
1,0.419985,0.565477
1,1.78752,-0.162103
1,0.260626,-0.304725
1,-1.78433,0.440045
1,1.05306,-0.222776
1,1.5142,-0.540287
1,0.664768,-0.473915
1,0.444041,-0.420359
1,-1.16432,-0.245344
1,-1.29838,-0.252438
1,1.37917,0.143369
1,-1.47335,-0.335562
1,-1.19725,-0.787518
1,-1.90934,-0.137661
1,1.63699,0.193252
1,0.546866,0.180547
1,0.81144,-0.862707
1,1.48882,0.601172
1,-0.480588,0.440459
1,1.69442,0.861955
1,-0.396123,-0.483628
1,1.31162,-0.558403
1,-1.55384,-0.577381
1,-1.25768,-0.403623
1,-0.663701,0.829151
1,-1.33373,-0.480126
1,0.428239,0.363246
1,1.38284,0.898966
1,-1.64407,0.54092
1,-1.91534,-0.12261
1,0.928126,-0.794367
1,1.63949,0.177005
1,-0.251721,0.114576
1,1.35183,-0.503206
1,0.597044,0.639596
1,-0.172977,0.809406
1,1.06793,0.667885
1,-1.90318,-0.433173
1,0.739696,0.648874
1,-0.991562,0.840653
1,-0.694139,-0.366709
1,1.67288,-0.0752096
1,0.247979,0.611675
1,-0.42225,-0.528551
1,1.65492,-0.0391026
1,-0.48573,0.583054
1,-1.88249,-0.0542723
1,-1.44917,-0.414004
1,-0.67257,0.306465
1,1.58064,-0.589735
1,0.652625,0.704465
1,-1.34057,-0.631549
1,1.11866,-0.207411
1,1.15278,-0.829426
1,-1.3428,0.89636
1,0.250657,0.714891
1,-0.149389,-0.0324628
1,0.133892,-0.611507
1,1.46163,0.857691
1,-1.69116,0.271437
1,0.191704,-0.183852
1,1.10818,-0.449446
1,-0.355267,0.723395
1,0.478915,-0.62954
1,-0.870053,-0.860868
1,1.85624,0.735361
1,1.52037,-0.781605
1,-0.663378,-0.75538
1,-0.295097,-0.45089
1,-0.606422,0.136291
1,1.65314,0.12994
1,-1.1114,0.330885
1,1.66049,-0.181326
1,1.37161,0.504474
1,0.578512,-0.207523
1,1.19099,-0.462038
1,0.269979,-0.400189
1,1.73545,-0.888756
1,1.3768,0.0599862
1,0.523288,0.519305
1,1.66717,-0.0566847
1,1.33659,0.448258
1,-1.05289,0.145549
1,-0.475007,-0.362666
1,0.732685,-0.114869
1,0.201279,0.0255136
1,-1.50593,0.313825
1,-0.412252,0.891067
1,1.43736,0.562933
1,-0.428645,-0.379893
1,0.404306,0.19559
1,-0.271602,0.860186
1,-0.134358,0.200134
1,-0.320256,-0.521493
1,1.63529,0.690502
1,0.369397,0.296006
1,-1.19886,-0.800567
1,-1.50295,0.370661
1,0.321231,0.745567
1,1.37841,-0.17182
1,-1.74123,0.630099
1,-1.52791,0.108364
1,0.0985686,0.451387
1,-0.791231,0.541906
1,-1.31808,0.474228
1,-0.159615,0.124375
1,-0.990769,0.450729
1,-0.491052,-0.509071
1,-1.49803,-0.516043
1,0.916624,-0.280553
1,-1.91806,0.856529
1,1.04698,-0.464866
1,-0.722667,0.582296
1,-1.45116,0.919085
1,1.80887,-0.253897
1,-0.498602,0.882785
1,-1.68741,0.561252
1,-1.32047,0.114208
1,-0.404943,0.0400895
1,-1.32191,0.51441
1,1.86041,-0.664293
1,-1.46896,-0.483788
1,1.40367,-0.299027
1,1.21694,-0.649228
1,-0.966218,0.832618
1,-0.708675,-0.770921
1,0.811899,0.826452
1,-1.60012,-0.193755
1,0.342384,-0.70109
1,0.311885,0.7827
1,-0.51819,-0.635375
1,1.60867,-0.16592
1,1.41666,0.238208
1,-1.6618,0.238664
1,0.214655,0.677468
1,0.738263,-0.44636
1,1.90048,0.235752
1,-0.391525,0.366755
1,-1.59885,-0.448243
1,-1.6224,-0.426021
1,-1.60841,-0.41244
1,-0.376559,0.472433
1,1.89602,-0.113109
1,-0.317611,-0.222899
1,0.0911411,-0.685988
1,-0.988581,0.331222
1,1.75059,0.0734399
1,0.309988,0.761577
1,-1.60428,0.511354
1,1.72997,-0.328122
1,-1.47578,-0.299333
1,1.36349,0.174857
1,-0.842735,0.567053
1,1.84986,0.620266
1,1.24842,0.735614
1,-1.4633,-0.185112
1,-0.999856,0.253839
1,-0.949493,-0.339908
1,-1.82091,0.648146
1,1.29813,0.818944
1,0.417901,-0.0103218
1,-1.08327,0.0519181
1,1.2012,0.342912
1,0.162461,0.118413
1,1.91234,-0.431151
1,-0.86454,-0.739967
1,-0.867669,-0.671125
1,-0.224485,0.354769
1,-1.07471,0.270868
1,-1.03312,0.581805
1,0.220612,-0.619935
1,-0.346922,0.366664
1,1.68482,-0.0392264
1,1.18111,-0.611217
1,1.255,-0.425698
1,1.81007,-0.251224
1,0.80379,-0.32185
1,-1.60585,0.574379
1,-1.48674,0.512028
1,1.48011,0.571914
1,-0.135919,0.854941
1,0.247284,0.44669
1,-0.965015,-0.857885
1,-1.73505,-0.275761
1,-0.642535,0.90632
1,-1.82083,0.795016
1,-0.993856,-0.111505
1,-1.3827,0.387384
1,-0.62339,-0.22683
1,0.411233,0.479378
1,-1.69376,0.6215
1,0.55252,-0.248322
1,1.87962,0.457351
1,-1.73241,-0.233405
1,-0.396082,0.00456777
1,0.872682,-0.393442
1,-1.10028,-0.835941
1,-0.889684,-0.165039
1,1.58873,-0.270257
1,0.377098,-0.735064
1,1.43578,-0.40759
1,0.163505,-0.773121
1,1.85599,0.0415426
1,1.77554,-0.808922
1,-1.45757,0.367911
1,0.0968301,-0.294884
1,-1.02917,-0.877911
1,1.81678,0.191052
1,-1.34409,-0.901986
1,0.343679,-0.651905
1,0.569895,-0.702271
1,-1.08245,-0.827114
1,-1.40196,-0.627566
1,-0.175336,0.627782
1,-0.884503,0.170107
1,-1.66337,0.247017
1,-1.20207,-0.106782
1,-1.23141,0.348452
1,1.72096,0.249086
1,1.18258,-0.808033
1,-1.66068,-0.350789
1,-1.85681,-0.666723
1,-0.615029,-0.605908
1,1.23533,-0.637455
1,-0.323488,0.134955
1,-0.351476,-0.114638
1,-0.29747,0.581068
1,-0.782642,0.418331
1,-0.443319,0.684528
1,0.468615,-0.215933
1,0.424653,-0.0153269
1,-1.07366,0.161831
1,1.85007,0.139376
1,1.5686,-0.546373
1,-1.87624,0.321766
1,0.332779,0.41488
1,1.87077,0.191467
1,1.03867,0.002717
1,-1.12478,-0.292177
1,1.68569,0.884611
1,1.00287,0.766973
1,-1.66838,-0.357313
1,-0.434798,-0.70258
1,1.24043,-0.496241
1,-0.790282,-0.018819
1,-0.682556,-0.860316
1,-1.73678,-0.0231498
1,-0.487336,-0.604934
1,0.955953,-0.421008
1,0.725322,-0.605308
1,-1.8767,-0.228244
1,0.288856,0.892433
1,-0.513641,-0.713459
1,-0.643037,0.433167
1,1.13957,0.752672
1,-1.92371,0.838557
1,1.28672,-0.396294
1,-0.85562,0.657995
1,0.471558,0.8426
1,0.941203,0.561568
1,1.38207,0.0826137
1,1.76279,-0.197599
1,-1.7203,0.305995
1,-1.18618,0.822452
1,-1.83667,-0.878173
1,1.5786,-0.285654
1,-1.86137,-0.0316672
1,-1.20414,-0.117606
1,-1.3424,-0.619267
1,-0.431942,0.0393484
1,-0.400961,-0.77374
1,-1.57218,-0.880058
1,0.573733,-0.552546
1,1.47547,0.786459
1,0.252706,0.868133
1,-0.354535,0.444043
1,-1.38,0.471032
1,-1.75877,0.794454
1,-1.14443,0.30544
1,0.823508,-0.637134
1,-1.70786,-0.863092
1,-1.71515,-0.526895
1,-0.1583,-0.577325
1,-0.511705,-0.740825
1,1.3082,-0.250718
1,-0.923418,-0.256088
1,1.01671,0.798956
1,0.44014,0.455584
1,0.676648,0.042242
1,-0.27032,0.456529
1,1.38705,-0.731335
1,-1.46846,0.141656
1,1.76879,0.614504
1,1.02709,0.778312
1,0.563252,-0.776561
1,-1.07598,0.667313
1,1.32037,-0.43216
1,-0.240939,-0.127664
1,-1.51313,0.291775
1,1.03761,0.252419
1,-1.89504,-0.0445657
1,1.6119,0.309048
1,0.865771,-0.380638
1,1.02769,0.533059
1,0.487849,0.662533
1,-0.788806,0.789991
1,1.87058,0.679189
1,-1.29694,-0.79873
1,-0.291003,-0.150908
1,1.9026,-0.45052
1,-1.07656,-0.168408
1,-0.628992,-0.0674433
1,0.378066,-0.650873
1,1.80492,-0.453455
1,1.24868,0.541455
1,0.727056,-0.295629
1,1.12072,0.729158
1,0.0907912,0.689454
1,0.387168,0.903376
1,-1.87716,-0.272765
1,-1.86153,-0.203302
1,1.42525,-0.604982
1,1.91521,-0.296554
1,1.43918,0.904282
1,0.371432,-0.825929
1,-0.779405,-0.0685929
1,0.363669,-0.72207
1,-0.969203,-0.71636
1,1.01408,-0.782998
1,-1.1051,0.505851
1,-1.80998,-0.278784
1,-1.61994,0.0637802
1,-0.451285,-0.666701
1,1.26241,-0.188806
1,1.32583,-0.329434
1,0.090746,0.790219
1,-1.69863,0.121743
1,0.235827,-0.248858
1,-0.753294,-0.131933
1,1.48541,-0.244742
1,1.27761,0.0101071
1,0.416749,0.210164
1,0.358261,0.465725
1,1.8913,0.774163
1,0.544376,0.773224
1,-0.798449,-0.862074
1,1.61418,0.416625
1,1.77439,0.304842
1,1.59218,0.729606
1,1.71048,0.0217305
1,-1.21127,0.878177
1,0.361195,-0.672976
1,0.975041,0.801146
1,-1.45232,0.488519
1,-0.947206,0.0814518
1,-1.62307,0.662734
1,-0.690524,0.390357
1,-1.82462,0.243514
1,-0.0972038,-0.544352
1,1.15648,-0.503417
1,1.6603,0.781073
1,-0.971318,0.237538
1,0.643843,-0.659453
1,1.67761,0.228641
1,1.85568,-0.577855
1,0.628502,0.252447
1,-1.47765,0.47229
1,0.0855156,0.125711
1,-1.8964,-0.263565
1,-0.633088,-0.0324105
1,-1.57021,-0.830842
1,1.54238,-0.130887
1,-0.791578,-0.493255
1,1.43189,0.172134
1,-0.528751,0.389163
1,-1.80179,0.69205
1,-0.19361,-0.49815
1,-0.109673,-0.788225
1,-0.400284,-0.330118
1,0.508883,-0.399803
1,1.31681,0.0299198
1,-0.296931,-0.354843
1,0.908726,-0.596852
1,-0.707658,0.304208
1,1.43439,-0.372647
1,-1.42845,-0.495498
1,-0.678927,0.904951
1,0.370417,0.582901
1,-1.51142,-0.516101
1,-1.18506,-0.313312
1,-0.811759,0.289624
1,0.529086,-0.833297
1,0.638417,-0.45415
1,-1.48082,0.565255
1,1.09185,0.78665
1,1.51891,-0.391413
1,-0.890509,0.272477
1,1.27839,0.326217
1,1.21334,-0.209053
1,1.35066,0.836456
1,-0.983422,0.64352
1,1.70636,-0.681538
1,1.2303,-0.696786
1,1.11462,-0.450134
1,-0.641789,0.879395
1,-1.45784,0.323767
1,-0.86585,0.161247
1,1.20049,-0.473327
1,-0.935647,0.108005
1,-0.0987383,-0.184615
1,-0.231946,-0.201262
1,0.0764729,0.153221
1,-0.595064,-0.514835
1,0.749927,0.504615
1,1.54946,-0.0171189
1,0.752034,0.466755
1,-1.90557,-0.0712855
1,-1.80676,0.863392
1,0.765869,-0.623732
1,0.264732,0.311248
1,1.64459,-0.662762
1,1.10966,0.422873
1,1.47622,0.478219
1,-1.24229,-0.175459
1,1.13915,-0.312361
1,1.75803,0.207269
1,-0.602593,0.685297
1,-1.29042,-0.916945
1,0.29408,-0.0820127
1,0.196512,0.651821
1,0.985296,0.629144
1,1.80754,-0.757786
1,-0.265877,-0.779837
1,-0.657935,0.324663
1,-1.12997,-0.507399
1,1.60948,-0.7061
1,-0.467048,0.104785
1,-1.25931,-0.302211
1,-1.57653,-0.42628
1,0.455626,0.0283184
1,-0.800606,0.477942
1,-1.21611,0.434862
1,0.838377,0.103881
1,1.32136,0.907629
1,1.11347,-0.0793181
1,-1.22418,0.152476
1,0.796973,0.516117
1,1.40041,0.632785
1,0.596183,0.618028
1,1.51532,0.698044
1,1.03938,-0.424791
1,-1.87397,-0.374642
1,0.450515,0.689855
1,1.70374,-0.417631
1,1.00463,0.32742
1,-0.169068,-0.0600105
1,1.63263,-0.450732
1,1.0966,0.649398
1,0.612026,0.147521
1,1.17361,-0.891792
1,-0.31278,-0.120499
1,1.60787,0.477745
1,-1.55933,0.316591
1,1.47511,0.140513
1,-0.427587,-0.699571
1,0.556998,0.901678
1,0.620196,0.826908
1,-0.827052,0.862979
1,0.257828,0.231681
1,-1.36031,-0.380695
1,0.207848,0.201393
1,1.76282,-0.552537
1,-0.859597,0.374941
1,-0.520468,-0.374603
1,-0.167506,0.58125
1,-0.824662,0.125478
1,-0.33532,0.496131
1,-0.923527,0.223123
1,0.6817,-0.498833
1,0.233347,-0.860578
1,0.429057,0.919513
1,0.224838,0.740808
1,-1.85942,0.793713
1,-0.560804,-0.294597
1,1.32455,-0.616383
1,-0.557247,-0.87446
1,-1.22625,0.477885
1,1.5072,0.39657
1,1.63485,0.770065
1,0.155851,0.539211
1,0.901782,-0.697014
1,1.14842,-0.657926
1,1.44504,-0.815799
1,-1.17537,0.712657
1,-0.224358,-0.400845
1,0.762087,0.78627
1,-1.45773,-0.804516
1,1.4831,-0.0520312
1,-0.294412,-0.0247666
1,1.75774,-0.527022
1,-1.48818,0.789471
1,0.095321,-0.54627
1,-0.631165,-0.658202
1,-1.87373,-0.550697
1,-0.942816,-0.259917
1,0.251617,0.389804
1,-0.728575,-0.268605
1,-1.76068,-0.289597
1,-1.34495,-0.449852
1,-0.468661,-0.0857813
1,0.508178,0.767297
1,1.67957,-0.776832
1,-1.3453,0.0222718
1,-0.266718,-0.0925639
1,-1.78948,0.911322
1,-0.761327,-0.25405
1,-0.320702,0.0819276
1,1.46791,-0.716991
1,1.70251,0.874742
1,0.681739,0.296587
1,0.879548,0.75959
1,-0.259029,0.865272
1,-0.553545,0.494562
1,-1.48557,0.35933
1,0.221933,-0.701143
1,-1.32572,0.379266
1,1.28192,0.607064
1,-0.119785,-0.0361574
1,1.85728,0.0457647
1,-1.4389,-0.590792
1,-0.309933,0.451446
1,1.80072,-0.0663599
1,0.815241,-0.123293
1,-1.0652,-0.889202
1,-1.62039,-0.155595
1,0.606909,0.699902
1,1.10877,-0.568583
1,0.567492,-0.89372
1,1.3702,0.2892
1,0.543712,-0.810781
1,-1.66118,-0.729977
1,-0.297575,-0.525171
1,0.600216,-0.601791
1,0.964675,0.0798405
1,-1.363,-0.304201
1,-0.853722,-0.848317
1,-0.83078,-0.680234
1,-1.23797,-0.848289
1,0.0918366,-0.0807744
1,0.581638,-0.113408
1,1.89738,0.17918
1,-0.281316,-0.245905
1,-0.262487,0.16277
1,1.86235,0.33942
1,1.32703,0.173527
1,1.78052,0.742311
1,-1.44074,0.0510206
1,-0.121193,-0.0162042
1,-1.54372,0.922106
1,-1.81217,-0.848598
1,-0.403986,-0.0774997
1,1.21534,0.824677
1,0.329559,-0.553472
1,1.11226,0.594318
1,0.925244,-0.0607191
1,1.91854,0.277591
1,-0.854195,-0.0353199
1,0.121307,0.540549
1,0.636657,-0.541976
1,1.13108,0.858632
1,-0.696674,0.458468
1,-0.259828,-0.306944
1,-0.657529,0.256094
1,0.285265,0.244084
1,0.081107,-0.604977
1,1.27744,-0.145046
1,1.58499,0.646643
1,-1.29154,0.341696
1,-1.06526,0.366958
1,0.676141,-0.614819
1,-0.317591,0.513297
1,-1.90303,0.613041
1,-0.310829,0.0138955
1,-1.12282,0.819066
1,-1.45146,-0.433435
1,-0.613484,-0.294243
1,-1.16075,0.340426
1,0.740104,-0.306579
1,-0.119798,-0.691745
1,-1.68417,0.770616
1,1.06604,0.163647
1,-1.6787,0.13482
1,0.790181,-0.221817
1,0.930334,-0.635054
1,-1.11858,-0.704901
1,-1.23725,-0.201498
1,0.132079,0.354723
1,-1.74063,0.456378
1,-0.825301,0.266886
1,-1.16566,-0.753422
1,-0.410699,0.540264
1,1.14179,0.221452
1,1.12322,0.620918
1,-1.014,-0.269395
1,0.189373,-0.0472922
1,1.35781,-0.315535
1,0.368399,0.918574
1,0.561621,-0.767797
1,-0.807197,-0.00803739
1,0.130076,-0.608825
1,-0.343918,0.689384
1,1.35668,-0.0165716
1,1.31957,-0.368029
1,-0.125803,-0.356912
1,0.816969,-0.647966
1,1.42055,-0.559381
1,0.420625,-0.643293
1,0.698181,0.0179257
1,-1.75452,0.231141
1,-1.02075,0.29852
1,1.25374,-0.837964
1,-0.63068,-0.519757
1,0.716195,-0.838974
1,-1.86877,-0.675364
1,-0.111992,0.593606
1,-1.40991,-0.637884
1,-0.707829,-0.77662
1,1.25674,0.126406
1,0.910587,-0.332931
1,-0.799516,0.312222
1,-1.62891,0.738346
1,1.8328,-0.819588
1,0.778655,0.321221
1,-0.405081,0.630684
1,0.974457,-0.066828
1,0.927222,0.925215
1,0.902612,0.675456
1,-0.621033,-0.335373
1,0.989052,-0.12646
1,1.15867,0.220953
1,0.435576,-0.763515
1,1.07612,-0.139655
1,0.548663,-0.809373
1,1.43528,-0.638513
1,-0.0955403,0.88637
1,1.28738,0.882366
1,0.651313,0.146064
1,1.48773,-0.155208
1,-1.4874,-0.708898
1,-0.363016,0.72729
1,0.595433,-0.622752
1,0.527319,0.553158
1,0.365691,-0.611043
1,0.541353,0.264623
1,-0.889016,0.0601144
1,0.508466,-0.0611493
1,0.109905,-0.708771
1,-1.16748,0.291455
1,0.898416,-0.00199738
1,1.16651,0.127399
1,-1.42774,-0.534025
1,0.870975,0.0324287
1,-1.09593,-0.245864
1,1.20363,-0.337897
1,-0.709517,0.424039
1,0.738951,0.520168
1,-1.76619,0.145586
1,-1.22299,0.299194
1,-0.989262,0.855058
1,-0.161311,-0.517243
1,-0.299221,0.220582
1,-1.21779,0.131524
1,-0.476329,0.710911
1,-0.598084,0.349859
1,1.24511,0.871949
1,0.859217,0.667958
1,-0.536381,0.646093
1,-0.50457,-0.744364
1,-1.03454,-0.711949
1,0.264085,-0.764892
1,-1.58959,-0.257255
1,-1.38903,-0.0249687
1,1.75809,-0.717866
1,1.60392,-0.525481
1,-0.513366,-0.581807
1,0.311648,0.388928
1,-0.992764,0.0138236
1,-0.874142,0.848645
1,-1.32628,0.176092
1,0.967218,0.544512
1,0.137435,0.331623
1,1.35404,0.907254
1,-1.3427,0.109502
1,-1.14222,-0.71456
1,-1.53002,-0.474111
1,1.052,-0.450588
1,-1.68176,-0.191831
1,0.385895,0.588913
1,1.23325,0.536635
1,-0.164581,-0.263923
1,-1.82587,0.685025
1,-1.47593,0.0383221
1,0.713107,-0.611102
1,-0.221224,0.408396
1,1.36821,0.415203
1,1.86005,0.899054
1,-0.947877,0.0480182
1,1.89577,-0.820475
2,0.393292,-0.408197
2,0.369141,-0.302141
2,-0.195823,-0.717276
2,-0.703237,0.733754
2,-0.564558,0.285292
2,0.254949,0.154849
2,-1.62597,0.133711
2,0.438257,-0.594972
2,-1.02463,0.755231
2,-1.31057,0.20944
2,-1.33204,0.730506
2,-1.42392,0.749198
2,-0.738685,0.228162
2,0.808397,-0.52319
2,-0.631442,-0.507769
2,1.47077,0.0134215
2,-1.16536,-0.0673739
2,-1.46765,-0.408404
2,0.258995,0.0645068
2,1.39905,0.577626
2,-0.959306,-0.584171
2,-0.155604,0.28181
2,-0.39472,0.321943
2,0.254239,-0.483959
2,0.404759,0.724491
2,-0.514917,0.388308
2,-1.57316,0.798142
2,1.41241,0.744809
2,-1.28418,-0.327406
2,1.17915,0.2427
2,-0.864303,-0.071941
2,-0.943072,-0.254422
2,0.897586,0.748414
2,1.44954,-0.163377
2,1.82095,-0.410632
2,-0.296846,0.0895833
2,1.12712,0.132225
2,0.964789,0.678806
2,-0.238939,-0.378752
2,-0.21743,-0.595808
2,1.61322,-0.310219
2,1.01399,-0.816945
2,-1.30722,-0.688439
2,-1.38718,-0.766056
2,-0.462623,-0.660701
2,1.01044,0.302964
2,-1.12514,-0.149702
2,-0.796096,-0.280409
2,-1.159,0.488089
2,1.64109,0.211685
2,0.151527,-0.159765
2,0.50508,0.648796
2,1.29975,0.205859
2,0.521661,-0.642916
2,0.955795,-0.177966
2,-0.463257,0.592862
2,-0.190208,-0.242916
2,0.183795,-0.780078
2,0.177447,-0.0549816
2,0.549874,0.00769575
2,1.28655,-0.0685068
2,0.447305,0.53129
2,-1.76913,0.400439
2,0.943637,-0.0199907
2,1.56926,-0.353356
2,1.02607,0.695864
2,-0.889869,-0.423851
2,1.67351,0.261889
2,1.30883,0.542503
2,1.23559,-0.273663
2,0.982957,0.247743
2,1.57238,0.720238
2,1.51025,0.208872
2,-1.44068,0.142547
2,-0.586393,-0.422394
2,-0.951099,-0.00539868
2,-0.761277,0.298165
2,0.927638,0.115166
2,0.956583,0.424225
2,-0.28181,0.515355
2,1.06453,-0.260959
2,-1.02549,0.176589
2,1.51804,0.413296
2,0.39167,0.486428
2,-0.800732,0.21327
2,-1.74916,-0.820637
2,0.23428,-0.477032
2,0.430706,-0.799064
2,-1.40855,-0.0484865
2,1.05479,0.384778
2,1.70576,0.356518
2,-1.23482,-0.215317
2,1.33289,-0.414159
2,1.45956,-0.758186
2,-0.961412,-0.687064
2,1.83189,-0.730508
2,0.461154,0.249865
2,-0.665376,0.647448
2,-0.190135,0.21705
2,0.383091,0.501468
2,1.24926,0.797058
2,0.996973,0.403136
2,0.52208,-0.695837
2,-0.21401,-0.839712
2,1.23129,-0.0359408
2,1.53843,0.240446
2,-1.42082,-0.364021
2,1.69735,-0.234564
2,0.973464,0.260597
2,-0.548643,-0.0658939
2,1.76493,0.562983
2,-0.247527,0.698997
2,-1.25192,0.439841
2,0.204183,0.35617
2,1.43026,-0.163174
2,1.05531,0.0787063
2,-0.234325,0.122091
2,-1.81472,0.295763
2,-1.29384,-0.8451
2,-0.755875,-0.838842
2,-0.90487,0.681368
2,1.4505,-0.766681
2,1.47122,-0.233017
2,1.83213,-0.231635
2,0.568394,0.34964
2,-0.878373,-0.353539
2,1.69327,0.508579
2,0.211857,-0.312089
2,0.233153,0.0384383
2,0.67241,0.581433
2,0.550831,-0.273013
2,-0.385155,-0.111198
2,0.261021,-0.598898
2,-0.864537,0.683986
2,0.269278,-0.703899
2,1.03702,0.731668
2,-1.81312,-0.104669
2,0.505914,0.759405
2,1.31414,0.416689
2,1.75394,0.429527
2,1.13296,0.261303
2,1.04447,0.322903
2,-0.278539,-0.314563
2,0.775118,-0.390533
2,1.18711,0.518774
2,0.488995,-0.631207
2,1.55737,-0.113122
2,0.180218,0.810874
2,-0.870402,0.0488662
2,1.16361,-0.412247
2,-0.590815,0.517448
2,0.403008,0.338766
2,0.985027,0.0544426
2,-0.663785,0.701655
2,0.82287,0.689748
2,0.972835,0.296972
2,0.930304,-0.649459
2,1.51553,0.0284807
2,1.41422,0.599833
2,0.36689,0.201494
2,-1.51756,-0.767431
2,0.555184,-0.791401
2,1.17118,-0.535888
2,0.495413,-0.594501
2,-0.558343,-0.153034
2,-1.62266,0.301387
2,1.44158,-0.58823
2,-1.17318,-0.540791
2,1.45735,-0.292982
2,1.27497,-0.688958
2,0.667478,-0.247559
2,0.897664,0.252644
2,-1.76279,0.803423
2,1.08698,0.455301
2,-0.910953,-0.233268
2,1.48258,-0.588545
2,-1.66325,0.660248
2,-0.685611,0.0115709
2,0.954112,0.0920038
2,-1.51138,-0.71541
2,-0.695615,0.130911
2,0.385334,-0.322514
2,1.67197,0.442196
2,-0.773942,-0.803722
2,-0.778926,0.173139
2,-0.434196,-0.396602
2,1.82686,0.495781
2,-1.56397,0.0640628
2,-1.13956,0.569517
2,1.58027,-0.372639
2,-1.54573,-0.495321
2,-1.18027,0.0439076
2,1.67242,-0.337834
2,-0.644427,-0.450033
2,0.685963,-0.444521
2,1.83876,-0.654879
2,-1.62226,0.480638
2,1.19602,0.634536
2,-1.41514,0.280492
2,-1.32025,0.151283
2,-1.70536,-0.426279
2,0.822097,-0.606854
2,-0.770796,-0.257278
2,-0.625489,0.509882
2,-1.29505,-0.540971
2,-0.752956,0.146916
2,-0.608249,-0.444487
2,-0.335731,0.798115
2,1.61708,-0.743779
2,-0.969642,-0.180757
2,1.44774,-0.440805
2,-0.402853,0.692815
2,1.29545,-0.449643
2,1.57129,-0.728779
2,-0.906143,0.551524
2,1.27661,0.248514
2,1.61939,-0.450765
2,1.42947,-0.363053
2,-1.32474,-0.535094
2,1.21332,-0.049466
2,1.59282,0.54294
2,1.81645,0.257703
2,-0.336817,0.307438
2,0.785519,0.246635
2,-0.157674,0.835648
2,0.835891,-0.196589
2,-0.260688,-0.464871
2,-1.23909,0.0707068
2,0.307009,0.336853
2,1.70063,0.592369
2,1.82379,-0.786783
2,-0.201788,0.586372
2,1.48493,-0.0362124
2,-1.31848,0.555985
2,-1.14265,0.224658
2,-1.20912,-0.571108
2,-1.61475,-0.229546
2,-1.32718,-0.283773
2,1.31273,-0.780098
2,-0.984455,-0.316105
2,0.491871,-0.792548
2,-0.66043,-0.237849
2,0.842735,-0.215242
2,0.971191,0.638017
2,1.13418,0.174435
2,0.427747,-0.0472665
2,-0.284582,-0.147584
2,-1.55261,0.633554
2,-0.891446,0.505419
2,-1.18876,-0.783824
2,-1.67956,0.80296
2,0.692349,-0.41878
2,0.30103,-0.741481
2,-0.398819,0.402235
2,1.35366,0.0194889
2,-0.676557,0.524713
2,0.630266,0.557328
2,1.36735,-0.705794
2,1.67433,-0.677269
2,-0.60915,-0.143209
2,-0.763827,0.046053
2,1.77712,-0.494261
2,0.200824,0.0119931
2,0.469844,-0.353318
2,0.67562,-0.83147
2,-1.67917,-0.647024
2,1.56062,-0.0860792
2,-0.896281,0.480094
2,1.82349,0.778116
2,1.53721,-0.102775
2,1.14313,-0.812071
2,-1.46479,-0.331142
2,-0.670846,-0.641469
2,1.67793,0.413017
2,-1.51753,-0.734011
2,1.07559,0.139893
2,0.28455,0.701111
2,-1.5551,-0.826937
2,-1.07374,0.291458
2,1.16352,0.528392
2,0.932815,0.153325
2,-0.618518,0.132419
2,-1.27342,-0.238363
2,-0.930292,-0.404231
2,1.58377,0.792292
2,-1.15868,-0.225558
2,1.01062,-0.128664
2,1.5843,-0.0679424
2,-0.161865,0.768204
2,-0.326137,-0.790373
2,0.925109,0.223977
2,0.867233,-0.835595
2,1.05049,-0.760463
2,-0.653086,0.765936
2,0.657907,-0.364064
2,1.08616,0.00332741
2,0.564338,-0.688435
2,0.753757,0.0477323
2,-0.818069,-0.123279
2,0.879044,-0.368841
2,1.79064,-0.272054
2,-1.16514,-0.19675
2,1.06473,0.441871
2,-1.35027,-0.528035
2,-0.760651,-0.387402
2,-0.212268,-0.789405
2,1.74195,0.774511
2,-0.561545,0.627221
2,0.477016,0.366767
2,-1.3671,-0.728014
2,-0.431461,0.581562
2,-0.576651,0.626834
2,-1.28611,-0.0472669
2,-0.752247,-0.590058
2,-0.89021,0.580576
2,-1.73961,0.344799
2,-0.614614,0.686631
2,1.61657,0.834757
2,-0.599595,-0.166229
2,-0.954754,0.06249
2,1.63107,0.0583041
2,1.44634,0.525624
2,0.993839,-0.323608
2,1.13204,-0.70308
2,-0.832927,-0.541651
2,1.79148,0.32655
2,0.556146,0.0832551
2,-1.28381,0.699814
2,-0.602414,-0.367207
2,0.522356,0.144953
2,-1.40753,-0.179723
2,-1.28053,0.195134
2,-0.540718,-0.217771
2,0.696617,-0.245182
2,1.52562,-0.484577
2,1.43154,0.355466
2,-1.35911,-0.252963
2,1.71376,-0.789166
2,-0.954487,0.743205
2,0.761255,-0.510142
2,0.968889,0.119761
2,0.689476,0.616739
2,-0.764085,0.506276
2,-1.2936,0.217628
2,-0.242392,0.717821
2,1.03498,-0.436856
2,-1.61812,0.0764375
2,1.16682,0.648895
2,-1.5066,0.213997
2,-0.895194,0.640653
2,1.30031,0.852936
2,-0.598318,0.378437
2,0.691206,0.0958764
2,-0.92642,-0.531065
2,-1.03116,0.517448
2,1.61608,-0.237053
2,1.5394,-0.560217
2,1.24559,-0.127253
2,0.280821,0.125498
2,-1.17339,-0.420022
2,0.910973,0.0535492
2,-1.07905,0.708199
2,0.930195,-0.207835
2,0.527343,-0.733484
2,-1.58422,-0.84683
2,0.630231,-0.0806995
2,0.435869,0.376952
2,0.255328,-0.594527
2,-0.965229,-0.379715
2,-0.616791,-0.125072
2,-1.00469,-0.724096
2,1.47048,0.367624
2,0.831645,-0.409787
2,1.58469,-0.399664
2,-1.42451,0.0621033
2,-1.66294,-0.466138
2,1.55126,-0.668202
2,-1.78253,-0.300774
2,1.47667,-0.0364352
2,1.21154,0.0593081
2,-0.507519,0.285563
2,0.44601,0.740489
2,-0.306704,-0.649011
2,0.260214,0.508368
2,-1.40782,-0.831972
2,0.923017,0.70132
2,0.900362,0.641401
2,1.53309,0.731503
2,-1.01794,0.284366
2,-1.16495,0.308696
2,0.697437,0.691918
2,-0.940918,-0.244344
2,1.29535,-0.616097
2,1.2194,0.804338
2,-1.81207,0.536618
2,-1.11612,0.789512
2,-0.989261,0.506089
2,-1.16565,-0.562406
2,1.66503,-0.14464
2,1.15873,0.14137
2,-0.20147,0.311298
2,0.258115,0.292855
2,0.803515,0.478668
2,0.522021,0.142778
2,-0.302936,0.359389
2,1.05472,-0.0775621
2,-0.430109,-0.256693
2,-0.568717,-0.200356
2,-1.45419,-0.338712
2,-1.69907,-0.559636
2,1.22808,0.291189
2,-1.76157,0.398273
2,-1.65174,-0.443161
2,-0.242953,0.414528
2,0.261513,-0.212673
2,0.966569,-0.0247438
2,0.655172,0.694325
2,0.167449,0.140242
2,-1.4021,0.255828
2,1.76146,0.438604
2,0.612683,0.304503
2,-1.25349,-0.0561668
2,1.24832,-0.669758
2,0.212136,0.428967
2,-1.38697,-0.731594
2,-0.319524,-0.379557
2,0.718143,0.53731
2,-1.29436,-0.150427
2,1.7405,-0.18454
2,-1.22958,0.0294914
2,1.14399,0.757273
2,0.281809,-0.21166
2,1.02872,0.314072
2,-0.516996,0.412873
2,-1.15064,0.393458
2,-1.40483,-0.447486
2,1.60106,-0.545297
2,0.713905,-0.785754
2,1.23656,0.343175
2,-1.11926,0.301923
2,-0.162847,0.157253
2,-0.598945,0.475996
2,-0.569187,0.430671
2,-0.220546,0.339099
2,0.988926,-0.819676
2,0.943159,0.822441
2,0.461229,-0.697518
2,-0.506134,0.535129
2,-1.19574,-0.716608
2,-1.16616,0.603166
2,1.10416,0.765628
2,-0.895584,-0.650049
2,-0.447886,0.713225
2,-1.77411,-0.53626
2,1.23042,-0.0369506
2,1.0075,0.562698
2,0.5996,0.821125
2,0.459107,-0.387477
2,-1.03362,0.475102
2,-0.669337,0.37128
2,-1.40771,-0.448027
2,-0.673812,-0.732916
2,-1.68747,-0.562178
2,-0.668071,0.25525
2,-1.83832,0.0353967
2,0.632314,0.25896
2,0.662938,0.0551893
2,1.28603,0.191229
2,0.329941,0.507625
2,0.350953,-0.710414
2,-0.722121,0.300507
2,0.316129,0.546214
2,0.69384,0.263166
2,-0.902351,0.385261
2,1.64769,0.452861
2,-1.17899,0.441681
2,1.42453,-0.327729
2,1.1651,-0.380507
2,0.838021,0.567137
2,1.02194,0.016019
2,-0.344369,-0.262193
2,1.28456,-0.0254207
2,-0.275099,0.213467
2,-0.447768,-0.664294
2,-1.11147,0.373376
2,1.75768,0.254479
2,-1.20182,0.579465
2,1.09947,-0.187874
2,-0.346338,0.213483
2,-1.22427,0.649216
2,1.74909,-0.566023
2,0.209157,-0.258797
2,1.56886,-0.354221
2,-1.80575,0.822537
2,-1.24965,-0.500812
2,-0.375169,-0.4537
2,-0.374988,0.251366
2,-1.79275,0.446627
2,1.51771,-0.124723
2,1.46913,-0.661159
2,0.332654,-0.0628218
2,-0.358672,0.578165
2,1.35783,-0.597111
2,-1.56361,-0.48593
2,1.67143,0.309575
2,-0.599307,-0.826
2,-1.54226,-0.640976
2,1.33261,-0.526309
2,-1.32185,0.118358
2,-1.21814,-0.535626
2,1.49199,-0.747855
2,1.55058,-0.440953
2,1.17689,-0.598704
2,0.551617,0.418698
2,-1.32536,0.36932
2,-0.791113,-0.232274
2,0.166914,0.771708
2,0.602996,-0.179465
2,-1.07015,-0.10624
2,-0.702454,-0.526581
2,0.861093,-0.165276
2,0.867511,0.704415
2,0.458485,0.179578
2,-0.815654,-0.461163
2,0.622244,-0.544555
2,-1.79402,-0.0247565
2,-1.61925,0.286329
2,0.672811,-0.00082851
2,-0.48795,0.619801
2,1.47557,-0.0223653
2,0.562886,0.619227
2,-1.53353,-0.00812455
2,1.53124,0.112436
2,0.320219,-0.0747866
2,1.49585,-0.0206575
2,0.712449,-0.740737
2,-1.41072,0.39528
2,-1.0102,-0.63095
2,1.59174,-0.756756
2,0.918065,-0.675371
2,-1.34559,-0.304055
2,1.65117,-0.701957
2,-0.449139,-0.673485
2,0.627811,-0.19906
2,-0.331234,0.385857
2,0.345068,-0.28211
2,-0.893783,-0.810935
2,0.822859,0.397245
2,-0.496026,-0.312581
2,1.78053,0.526713
2,0.550629,0.0232374
2,-1.12762,-0.0582229
2,1.76298,-0.347307
2,1.06205,-0.554284
2,1.18021,0.187109
2,-0.52657,-0.0738184
2,0.893901,-0.591378
2,-1.73697,-0.131694
2,1.19886,0.629723
2,0.897798,0.233846
2,1.39367,-0.48018
2,0.531954,0.123726
2,0.931136,0.767575
2,0.612637,0.22677
2,1.85087,0.274188
2,-1.5102,-0.702689
2,-1.08252,-0.0938841
2,-1.38683,-0.649247
2,1.54828,-0.58122
2,0.64607,-0.549913
2,-0.733656,0.827643
2,-0.759838,0.724962
2,0.709661,-0.408381
2,1.23268,-0.431689
2,-1.13207,0.100477
2,-0.567348,0.0736317
2,-0.290816,-0.207018
2,-1.0958,-0.35832
2,1.59008,-0.4127
2,1.62213,0.198956
2,1.35908,0.637435
2,0.232319,0.175848
2,1.79131,0.379933
2,-0.169706,-0.665232
2,1.68413,-0.355764
2,-1.67948,0.0277975
2,-1.53435,-0.663218
2,1.52392,0.0502881
2,0.264787,-0.598753
2,-1.00898,0.157958
2,1.24548,0.823713
2,-0.655229,0.0984746
2,-0.94022,0.244418
2,0.629409,-0.0966337
2,0.663843,-0.0440736
2,0.406601,0.83181
2,-0.599091,0.551906
2,1.55808,0.18536
2,1.06777,0.728058
2,-1.34452,0.659584
2,1.77435,-0.419025
2,-0.810338,-0.520001
2,-0.724826,0.294585
2,-1.01685,0.227841
2,-0.439012,0.154321
2,0.548284,0.822404
2,0.532084,0.689874
2,-0.726675,-0.3818
2,-0.35472,-0.56455
2,1.18902,0.554864
2,1.4773,-0.572006
2,-1.07939,0.590682
2,-1.70252,0.106251
2,-0.567271,-0.478702
2,0.41811,0.273305
2,0.718751,-0.831425
2,0.503062,0.50717
2,0.934966,0.377643
2,0.38526,0.00771403
2,0.742671,-0.404181
2,1.17008,-0.54535
2,0.581361,-0.342391
2,0.83753,0.243402
2,0.426949,-0.343352
2,-1.06387,-0.0551246
2,-1.22579,-0.188519
2,0.894723,-0.67056
2,1.31189,0.804367
2,1.76573,0.380158
2,-1.49332,0.114833
2,1.57336,-0.563105
2,1.32825,0.163688
2,-0.378491,0.518375
2,1.46392,0.330353
2,-0.811855,0.778884
2,1.72256,0.572644
2,-0.159355,-0.328485
2,1.27803,-0.810998
2,-0.614548,-0.621583
2,-1.46037,-0.175185
2,-1.50208,-0.0677566
2,1.54891,0.310985
2,-0.695621,-0.640819
2,1.29287,-0.802097
2,1.36615,0.762961
2,0.929056,-0.230215
2,0.693289,0.485807
2,0.397081,-0.310524
2,1.33056,-0.147461
2,0.699618,0.0460328
2,-1.50541,0.630534
2,-1.2635,0.332101
2,-0.223247,0.340723
2,1.48026,0.517717
2,1.43742,0.705911
2,0.295825,-0.0364819
2,1.09468,0.0963265
2,1.64349,-0.376488
2,1.14143,-0.767297
2,-1.76523,-0.559916
2,-1.48841,-0.271373
2,-0.980751,-0.307313
2,-1.46251,-0.360897
2,1.14839,-0.321852
2,1.80405,-0.494108
2,0.380879,0.804121
2,1.18615,0.411656
2,-0.262366,0.676411
2,1.4802,0.794411
2,-0.310443,0.639747
2,0.684811,-0.689952
2,-0.18576,-0.449415
2,1.22331,0.128282
2,1.02946,0.63221
2,-1.23843,0.234333
2,-1.03712,0.389912
2,0.518742,-0.723637
2,0.181788,-0.237559
2,0.269435,0.0304588
2,0.387229,-0.41971
2,1.36857,-0.559749
2,-0.560372,-0.33996
2,-1.84593,-0.0489351
2,0.789032,-0.796987
2,-1.07058,-0.76559
2,1.27777,-0.235126
2,-1.04899,-0.0193571
2,-0.300636,0.217324
2,-1.48275,-0.731237
2,0.978007,-0.781868
2,1.08677,0.590792
2,0.568301,0.744375
2,1.13756,-0.516617
2,1.78448,-0.100453
2,1.77317,0.0631869
2,0.256344,-0.152223
2,1.6958,-0.360605
2,-0.570716,-0.717483
2,-0.668804,-0.773559
2,-0.961247,0.0869132
2,-0.923437,-0.389253
2,0.794539,-0.0669644
2,1.55178,-0.675791
2,0.86473,0.792821
2,-0.334998,0.593145
2,0.822919,0.609771
2,0.494604,0.35652
2,1.80153,0.099439
2,1.01665,0.284279
2,-0.572343,-0.0891424
2,0.522096,-0.17229
2,-0.273635,0.208923
2,1.54431,-0.727371
2,0.706944,-0.0780464
2,1.77812,-0.21101
2,0.183567,0.538045
2,-0.313123,0.562963
2,-0.812012,-0.367318
2,0.649202,0.503394
2,0.831815,-0.105417
2,1.70312,0.0260951
2,-0.713069,0.233697
2,-1.8158,0.226634
2,-1.28049,0.429748
2,-1.38442,-0.303888
2,1.58897,0.232452
2,-1.28927,-0.406905
2,-1.66951,-0.288389
2,0.641329,0.361853
2,-0.72718,-0.127722
2,-1.83277,-0.238755
2,-0.167569,-0.409178
2,1.35714,0.0174937
2,-1.30497,0.44359
2,-0.579081,0.202253
2,-0.450164,0.297064
2,1.25457,-0.251332
2,-0.721391,-0.545445
2,-1.31302,-0.29341
2,-1.7163,-0.267994
2,-0.791159,-0.412476
2,1.00805,-0.17973
2,0.682838,-0.0343729
2,-1.47027,-0.568541
2,0.755343,-0.820295
2,1.5853,0.206925
2,-0.672698,0.612416
2,-0.612432,-0.695252
2,-1.50362,0.219109
2,-0.871007,0.496946
2,-0.884118,0.585776
2,-1.80912,-0.149772
2,-0.9337,-0.140663
2,0.719219,0.38111
2,-1.03233,-0.0769204
2,-1.28872,0.492421
2,-1.33431,0.100043
2,-1.28307,0.229752
2,-0.710731,0.501008
2,-1.526,-0.595138
2,1.0097,-0.38016
2,-1.07198,0.772162
2,1.31892,-0.173095
2,-0.200234,-0.354673
2,0.481892,-0.326926
2,-1.57326,-0.0449875
2,1.67786,0.24798
2,1.64964,0.658961
2,-1.04262,-0.544671
2,-0.489413,0.82959
2,-1.68719,-0.754761
2,0.983734,-0.617233
2,1.59547,0.0458207
2,0.363523,0.0124136
2,1.79107,-0.274476
2,-1.60417,0.0755398
2,-0.481423,-0.81033
2,-1.16396,-0.68392
2,-0.192493,0.790871
2,1.53161,0.000460373
2,-1.81818,0.723555
2,-0.435358,-0.285301
2,-1.57598,-0.60521
2,0.279065,-0.0814519
2,-0.799313,0.143927
2,-0.26176,0.04216
2,-0.753834,0.226779
2,-1.40072,0.278798
2,-1.12354,-0.350515
2,1.38879,-0.751778
2,-0.626297,0.323519
2,-1.82501,0.669794
2,0.294399,-0.111087
2,-1.30827,0.789831
2,-0.951433,0.737081
2,0.898934,0.341915
2,-1.75435,-0.029509
2,1.1575,-0.443764
2,-0.40583,0.648524
2,-1.72903,0.39952
2,-1.10165,0.509154
2,0.901376,-0.625495
2,-0.284191,0.683156
2,-1.28083,-0.180274
2,1.52803,0.768757
2,1.75002,-0.0229117
2,0.434119,0.556296
2,1.07614,-0.185869
2,1.68978,-0.673061
2,0.31864,-0.168073
2,1.24115,-0.672968
2,1.32066,-0.457098
2,1.11014,0.0244009
2,1.35671,0.502034
2,-0.831987,-0.0250685
2,-1.13575,-0.351432
2,1.0034,0.210625
2,0.444311,-0.072377
2,-0.489467,0.802198
2,-0.986816,0.630832
2,-0.919809,0.691148
2,-1.496,-0.266949
2,-0.743829,0.329572
2,1.17473,0.241695
2,-1.38897,0.731854
2,1.37228,-0.76286
2,1.12967,0.192875
2,1.31746,-0.349559
2,1.1364,-0.354024
2,0.773019,0.701933
2,1.78121,0.300198
2,0.886385,0.344296
2,-0.307884,0.766719
2,0.246913,-0.0478062
2,-1.60595,-0.719625
2,0.904379,-0.137251
2,0.905434,0.302431
2,0.466353,-0.837414
2,-1.35608,0.667488
2,-0.681018,-0.33838
2,-0.743352,0.287822
2,-1.41318,0.689274
2,-1.62318,0.513737
2,1.69743,0.286917
2,0.687723,0.171222
2,-0.334704,0.563161
2,1.03431,0.00433881
2,0.780629,-0.544424
2,-1.37873,0.49648
2,-1.64002,0.330522
2,-0.398222,-0.774074
2,-1.27185,-0.0101793
2,-1.47011,0.0678322
2,-0.914286,0.719926
2,1.57483,-0.350296
2,-1.43293,-0.148788
2,1.53271,0.464607
2,-0.949839,0.48164
2,0.429807,0.773362
2,-1.54524,-0.255701
2,-0.811945,0.603654
2,-0.296811,-0.159349
2,1.67277,0.276367
2,0.328662,0.576121
2,1.75988,-0.452197
2,-0.178182,-0.828561
2,0.532898,0.471328
2,0.760176,-0.116891
2,-1.68129,-0.0392194
2,1.21888,-0.714195
2,-0.655475,0.612928
2,-0.989046,0.572262
2,-0.758262,-0.360944
2,1.23192,0.839387
2,-1.32046,0.325715
2,0.751149,0.437948
2,0.414722,0.158023
2,1.18687,0.039495
2,-0.791365,-0.638752
2,1.5631,-0.3695
2,-0.239332,0.424366
2,1.21382,-0.652769
2,-0.40117,-0.585101
2,-1.2417,0.0864344
2,-1.07224,-0.600733
2,-1.57911,-0.334797
2,1.53846,0.172149
2,-1.7474,-0.692703
2,-0.571,-0.516628
2,-0.905858,-0.842853
2,-0.911828,0.0650092
2,1.1275,0.161073
2,-0.858527,-0.150071
2,1.45841,0.804861
2,0.603363,-0.109328
2,0.920628,0.600374
2,0.453811,0.751484
2,1.43514,0.666742
2,0.407153,-0.432675
2,-0.510346,-0.312908
2,-0.83598,0.814364
2,-1.45624,0.458025
2,-1.41126,0.570678
2,1.33453,0.156458
2,-1.01144,-0.65571
2,0.985765,-0.0231603
2,1.64746,-0.36341
2,1.79766,-0.71689
2,1.61733,-0.502492
2,1.23654,0.443972
2,-0.337687,-0.540542
2,-0.667384,-0.175606
2,-0.215064,0.491161
2,0.408006,-0.273327
2,1.3217,-0.64091
2,-1.65697,0.276507
2,1.58197,0.596564
2,0.833318,-0.530464
2,0.929138,-0.291889
2,0.395669,0.555138
2,1.56497,0.724192
2,-0.378766,-0.399193
2,-1.20588,0.536562
2,0.367898,-0.790533
2,0.547088,0.0725119
2,-0.252861,0.562934
2,-0.781891,-0.156129
2,1.2007,0.721628
2,1.37436,0.206814
2,1.1338,-0.209693
2,-1.62865,0.10988
2,1.71654,-0.723356
2,1.52424,-0.323959
2,0.814018,0.534689
2,1.00683,0.466949
2,-0.912724,0.252891
2,0.807906,-0.0862165
2,-0.533466,-0.487047
2,1.80822,-0.512602
2,1.2926,0.271478
2,-1.33605,0.405214
2,1.46093,0.00174719
2,1.58875,0.171294
2,0.978948,0.590629
2,-0.35836,0.167376
2,-1.76579,0.133728
2,-1.12614,0.598725
2,1.72502,-0.565374
2,0.254871,0.460592
2,-0.204235,0.797668
2,-0.464875,-0.82827
2,-1.30954,0.393002
2,-0.415373,0.276246
2,-1.25942,0.557341
2,-0.615483,0.572985
2,1.49168,0.511349
2,-0.179918,-0.783417
2,-0.592006,-0.206763
2,-0.758933,-0.531783
2,0.463429,0.22754
2,-1.52628,-0.12091
2,-0.390193,0.745285
2,-1.74022,0.585154
2,0.913234,-0.0144295
2,-0.348198,-0.617366
2,1.48029,0.629735
2,-0.553671,0.808815
2,-0.688224,-0.648587
2,0.850521,0.236781
2,-0.171752,-0.471902
2,0.796621,0.527558
2,0.910935,0.739794
2,1.55194,0.133488
2,-1.21073,0.352422
2,-0.184127,0.698446
2,-1.71412,-0.242446
2,-0.997484,-0.436352
2,-1.27936,-0.251059
2,0.72245,-0.6249
2,-1.26799,-0.0539026
2,-1.76172,-0.513897
2,1.4332,0.658675
2,0.511284,0.461017
2,1.71406,-0.842184
2,0.564507,-0.243363
2,-0.866274,-0.155457
2,1.0399,0.243157
2,-0.979079,0.40299
2,-1.8227,-0.682038
2,-1.16848,0.231155
2,0.459194,-0.0612342
2,-0.537087,-0.565841
2,-0.663548,-0.253899
2,1.27817,0.511263
2,0.401595,-0.320495
2,0.721807,0.218045
2,0.525636,0.114892
2,-0.231391,-0.596432
2,-1.40521,-0.285613
2,-0.97008,-0.60741
2,-1.65256,0.666489
2,-1.63867,-0.453175
2,-1.44408,-0.679451
2,0.515221,0.154015
2,-0.612051,0.520579
2,1.20396,-0.0924505
2,-0.733829,0.261902
2,0.44434,-0.781798
2,1.48937,-0.771101
2,-0.689325,0.703321
2,-1.32112,0.247205
2,1.10031,-0.312818
2,0.627899,0.663945
2,1.43516,0.0643934
2,1.33798,-0.431256
2,-1.2133,-0.768521
2,0.417557,0.802795
2,1.21204,-0.463536
2,-0.201002,-0.287047
2,0.255476,-0.807999
2,-0.35828,0.689178
2,0.356559,0.138746
2,-0.982294,-0.325272
2,-1.70934,0.299384
2,1.56938,-0.328663
2,-0.428534,0.108437
2,0.28645,-0.29494
2,-0.644571,0.391061
2,1.8017,-0.493873
2,-0.181344,-0.0421749
2,-0.358035,-0.739555
2,-1.16024,-0.253845
2,-0.324232,-0.265459
2,-1.45203,0.0725974
2,-0.348255,0.660025
2,1.63079,-0.788343
2,1.59273,-0.247533
2,0.691675,0.780436
2,-0.235883,-0.496985
2,1.36213,-0.783488
2,0.963227,0.0639679
2,1.65315,-0.119581
2,1.84861,-0.640463
2,1.14562,-0.595597
2,0.692999,-0.494937
2,-1.575,0.562399
2,1.36433,-0.787205
2,-1.70138,0.194938
2,0.457859,-0.508993
2,1.80096,-0.381379
2,-0.841208,-0.145227
2,-0.521191,-0.734166
2,1.62427,-0.810965
2,-1.60802,0.69689
2,1.60724,-0.252754
2,1.51432,0.495339
2,-1.53394,0.338487
2,1.66065,0.389693
2,-1.54132,0.120977
2,0.632749,0.788578
2,1.00777,-0.537496
2,1.117,0.809424
2,-0.454186,0.157217
2,-1.73814,0.399006
2,0.47968,-0.496008
2,-0.256517,-0.471257
2,1.59123,0.812052
2,-0.742451,-0.077885
2,1.03958,-0.601385
2,1.78668,-0.421718
2,1.56398,0.668819
2,0.435623,-0.667246
2,0.41732,-0.582393
2,-0.300976,0.435686
2,-0.15055,-0.270172
2,-0.374885,0.440488
2,1.70684,0.289271
2,-0.946195,0.753207
2,0.8499,-0.660741
2,-0.173529,0.0577217
2,0.344216,0.617436
2,1.26258,0.1801
2,-1.24246,-0.254328
2,0.918883,0.0332569
2,-1.75539,-0.747891
2,-0.542863,0.149764
2,-0.422208,0.441278
2,1.80119,0.178176
2,1.21422,-0.736334
2,-1.13983,0.191419
2,0.886848,0.421501
2,1.36932,0.477316
2,0.955742,0.672544
2,-0.638233,0.0405257
2,-0.335271,0.129702
2,1.56678,-0.120994
2,1.44995,0.0035407
2,-1.76824,-0.0395123
2,1.06752,-0.0404453
2,0.290976,0.697272
2,0.918882,-0.182643
2,0.437147,-0.0520883
2,0.779587,-0.264787
2,-0.461035,0.65657
2,0.780953,0.422976
2,-0.539267,0.804046
2,1.62696,0.437098
2,-0.2462,-0.107238
2,-0.572468,0.0969136
2,-1.03698,0.774841
2,-1.16119,-0.705059
2,-1.68587,0.753503
2,0.307853,-0.605196
2,-0.922135,0.353312
2,-0.228835,-0.571472
2,0.804343,0.243808
2,-1.16722,-0.00985792
2,0.697833,-0.478786
2,-0.59726,0.316313
2,-0.872555,-0.424181
2,-1.00766,0.813725
2,1.29731,0.212259
2,-1.81121,0.222581
2,-0.717632,-0.324503
2,0.204693,0.0801724
2,-0.934406,-0.562859
2,0.333757,0.332162
2,-0.207363,-0.227605
2,-0.922311,0.548702
2,-0.775559,0.196388
2,-1.01012,0.657383
2,-0.608361,-0.625782
2,1.39783,-0.216422
2,1.81048,0.217547
2,0.427399,-0.389555
2,-1.11938,0.246637
2,-0.708432,-0.540706
2,0.767069,0.187282
2,-1.64463,0.395747
2,-1.44127,-0.0542028
2,-1.10255,0.43988
2,-0.733362,0.28628
2,0.434773,-0.712779
2,-1.1802,0.48072
2,-0.446791,0.665719
2,-1.2971,0.437066
2,0.838845,-0.492268
2,-0.315471,0.50086
2,-1.62036,0.779735
2,-0.736708,0.341601
2,0.576511,-0.136351
2,0.390337,-0.772419
2,-0.980914,0.772327
2,0.412668,-0.154138
2,-1.16415,-0.0280658
2,1.03845,-0.179053
2,-0.595005,-0.251029
2,-1.47574,-0.406501
2,-0.892474,0.222031
2,-1.1315,0.315728
2,-1.32119,-0.48772
2,-0.568298,-0.770837
2,0.667427,0.157414
2,-1.8106,0.663761
2,1.16102,-0.686588
2,1.44053,0.356944
2,1.38752,0.650958
2,0.348179,-0.567427
2,-1.24844,0.0578547
2,-1.58482,0.0130569
2,0.448764,0.638409
2,-1.30406,-0.406638
2,-1.38142,-0.261088
2,0.305542,-0.167922
2,-0.298309,0.533814
2,1.15288,-0.383216
2,-1.41393,-0.841164
2,-0.454947,0.192434
2,1.50591,-0.571155
2,-1.72298,-0.236469
2,0.177354,-0.102674
2,0.418809,-0.425126
2,-0.610826,0.0387998
2,1.61312,-0.300782
2,1.02615,0.709418
2,0.827483,-0.321058
2,0.725064,0.0989701
2,-1.5417,-0.374029
2,-1.38942,-0.364993
2,0.643134,0.120679
2,0.862195,0.0332928
2,-1.59351,-0.656621
2,1.46264,0.0695439
2,0.328574,-0.558071
2,-1.00201,-0.0477519
2,1.55599,0.012238
2,0.288145,0.137087
2,-1.32741,-0.51094
2,-0.348661,-0.262679
2,-0.980176,-0.299536
2,0.351782,0.176016
2,1.56357,0.604498
2,-0.683068,0.580297
2,-1.47072,-0.352502
2,-1.61781,-0.0283775
2,-0.603258,-0.0467959
2,0.625204,-0.824721
2,0.656885,0.0551528
2,-0.894056,0.0394514
2,0.435664,-0.15632
2,0.584985,-0.661265
2,-1.32397,0.560672
2,-1.24269,-0.243759
2,0.432292,0.414143
2,0.298189,-0.621654
2,-0.303535,0.107404
2,-0.303833,0.828791
2,1.13723,0.0145157
2,0.314471,0.454906
2,-1.09155,0.339922
2,-1.17603,-0.632033
2,-1.33162,-0.54103
2,1.83262,0.431382
2,-1.72548,0.496028
2,-1.64136,-0.585243
2,0.47315,0.649838
2,-0.187321,0.370666
2,0.521648,-0.704047
2,0.566134,-0.0812825
2,-0.259383,0.191946
2,0.778368,-0.138121
2,-1.69069,-0.565412
2,1.39576,0.173181
2,-1.13337,0.545938
2,-0.427529,0.03386
2,0.263042,0.806067
2,1.63918,0.345653
2,0.34313,-0.593923
2,-0.281578,-0.164909
2,-0.484753,0.566912
2,-0.376295,0.375851
2,1.70743,-0.282405
2,1.73085,-0.171672
2,-0.839902,-0.202197
2,0.79038,-0.54569
2,0.461053,0.733693
2,1.31749,-0.0130249
2,1.22818,-0.523616
2,-0.674834,-0.813072
2,0.894041,-0.0695314
2,-0.883468,0.690706
2,0.66818,-0.767771
2,1.12591,0.639443
2,-0.940923,-0.702699
2,0.862374,0.703602
2,0.377786,0.0978184
2,-0.792451,-0.48377
2,0.67697,0.531724
2,-0.823227,-0.768265
2,0.292681,-0.320552
2,-1.09395,0.387811
2,0.145078,0.714261
2,0.604771,-0.686827
2,-1.71744,-0.842069
2,-1.22755,-0.807439
2,-1.24503,-0.462398
2,1.73731,0.051161
2,-0.277565,-0.0759284
2,1.27733,-0.702125
2,-1.16611,0.724815
2,1.56586,-0.13072
2,-1.25089,-0.489316
2,0.602351,-0.75682
2,-1.3281,-0.521967
2,0.401226,0.282875
2,0.64956,-0.567412
2,-1.44448,0.293241
2,0.92314,0.0649266
2,1.62789,-0.320324
2,-1.49548,-0.345909
2,-1.72134,0.350897
2,0.697769,-0.431977
2,-0.780085,0.818461
2,-0.49724,-0.218827
2,-0.166444,-0.744049
2,1.11964,0.687122
2,-0.58309,-0.392782
2,-0.198482,0.629564
2,-0.689768,0.757787
2,-0.989474,-0.784594
2,-1.69798,-0.62772
2,1.79202,-0.639161
2,1.83099,-0.473649
2,-1.54373,0.688223
2,1.3722,-0.687677
2,0.573762,0.640123
2,0.806825,0.390766
2,-0.900299,0.342451
2,0.583713,0.311439
2,-0.284714,0.658335
2,1.73281,-0.845498
2,1.72867,-0.564845
2,-0.814393,-0.0956358
2,-1.3083,0.72944
2,-1.08822,-0.0474704
2,0.656142,0.77628
2,-0.727298,-0.651475
2,0.524409,-0.14138
2,0.74214,0.617498
2,0.847616,0.269634
2,1.80019,-0.160066
2,-1.38681,-0.675294
2,-0.667982,-0.225033
2,1.20825,0.628797
2,-0.844706,-0.166165
2,1.68992,-0.303969
2,1.64218,0.25097
2,1.23953,-0.711936
2,1.54323,-0.63974
2,0.734682,-0.663544
2,1.0064,0.392094
2,1.60644,0.498783
2,1.52001,-0.205473
2,-0.486858,0.303398
2,1.66824,0.748699
2,-1.17325,-0.590614
2,0.547892,-0.502647
2,0.366234,0.717821
2,-0.716041,0.470349
2,-0.448834,-0.106244
2,-0.718713,-0.451049
2,1.26649,0.82071
2,1.27315,-0.407341
2,1.63349,-0.291828
2,-1.117,0.668415
2,0.83739,0.259466
2,1.42706,-0.100224
2,1.33869,0.0629059
2,-1.60148,-0.278733
2,0.673588,0.198859
2,1.31468,0.563543
2,1.34741,0.203331
2,1.74374,0.0607987
2,0.729989,-0.308105
2,-0.224444,0.289955
2,1.10591,0.113404
2,1.69789,-0.657619
2,-0.211562,-0.233949
2,-1.74609,-0.221775
2,-0.407846,-0.479417
2,-1.06689,0.679463
2,-0.502118,0.217064
2,0.776852,-0.842657
2,-1.36993,-0.0113022
2,-1.10806,-0.161441
2,0.873983,0.171036
2,-1.80311,0.61943
2,-1.1591,0.837942
2,0.206559,0.607231
2,-1.39996,-0.40971
2,-1.4642,-0.0132632
2,0.944018,-0.520888
2,-0.932933,-0.146967
2,1.65806,0.190151
2,-1.24844,0.694676
2,-1.31088,-0.622124
2,0.547957,0.773731
2,-0.881251,-0.424418
2,1.21578,0.166408
2,1.58301,0.801354
2,-1.17882,-0.299463
2,1.8337,-0.627584
2,1.59045,0.343939
2,0.209337,0.512566
2,0.526873,0.0103829
2,1.80075,-0.156394
2,1.74943,-0.396419
2,-0.274658,-0.124928
2,-1.59685,-0.611842
2,0.557315,0.553125
2,1.69732,-0.715264
2,0.377771,0.172411
2,1.18028,0.307018
2,1.02256,-0.369518
2,0.646887,-0.281802
2,-1.19943,0.798543
2,-0.199682,0.220925
2,0.247144,-0.0839466
2,-0.275527,0.0509863
2,-0.451927,0.336507
2,0.558318,-0.606985
2,0.733572,-0.512215
2,-0.491434,0.413418
2,-1.375,0.469551
2,0.324069,-0.0280634
2,-1.58857,0.663849
2,-0.44245,0.051072
2,-1.04323,-0.508932
2,0.95203,0.542767
2,0.432658,0.412399
2,1.2493,-0.671145
2,0.393397,0.5031
2,0.315477,0.527527
2,-1.17407,0.202406
2,-0.893549,-0.838155
2,-0.23853,-0.737825
2,-0.940122,-0.629986
2,0.86819,0.103407
2,-1.06694,-0.589985
2,-1.62198,-0.556535
2,-0.929619,-0.159977
2,-1.4724,0.421764
2,-1.26333,0.825324
2,1.32919,-0.704355
2,0.322979,-0.0863947
2,-0.340937,-0.83958
2,-1.37884,-0.421378
2,1.83295,0.089363
2,-0.408973,-0.18553
2,0.396502,-0.569062
2,-0.932499,0.812769
2,0.908809,-0.390201
2,0.75357,0.674355
2,1.75419,-0.631265
2,0.268964,0.379517
2,-0.910296,0.248016
2,-1.39564,-0.724622
2,0.75588,0.691898
2,1.05833,-0.50352
2,-1.15495,-0.39549
2,1.69726,0.479439
2,-1.50478,0.526891
2,-0.867724,0.722665
2,0.174642,-0.0809239
2,0.306669,0.318835
2,-0.576833,0.0831634
2,0.814404,0.19339
2,-0.378113,0.047993
2,-0.267381,0.759696
2,1.54195,-0.252809
2,-0.302548,0.80783
2,0.857933,0.654649
2,1.5312,-0.78224
2,-1.4325,-0.397873
2,0.195526,-0.221836
2,0.865725,0.378583
2,-1.15033,-0.447171
2,0.679833,-0.750052
2,-1.0624,-0.252401
2,-1.11368,0.608982
2,1.07448,0.413057
2,0.619547,0.174888
2,0.535954,-0.585138
2,0.343513,0.587051
2,-1.14451,0.150939
2,0.952899,-0.145349
2,-0.499331,0.150029
2,-1.59834,-0.716542
2,1.05813,-0.443696
2,-0.378174,0.676805
2,-0.849414,-0.156923
2,1.16104,0.636913
2,-1.2749,0.10302
2,1.23432,-0.365257
2,1.34757,-0.501722
2,0.734459,0.0277244
2,0.469889,-0.0904555
2,-0.642924,-0.450504
2,0.951374,0.438867
2,0.258594,-0.360728
2,-1.63692,-0.492693
2,-1.62336,0.826828
2,-1.63168,0.129782
2,0.479923,-0.775541
2,-1.47352,0.468941
2,1.74298,-0.54206
2,-1.32136,-0.19809
2,0.675793,-0.341397
2,1.09267,0.375793
2,-1.06811,0.816864
2,-1.48113,0.412444
2,1.2977,0.31231
2,-1.69109,-0.815481
2,0.623913,0.447643
2,1.186,0.246491
2,0.929228,0.227436
2,1.20516,0.588115
2,-0.509063,-0.057232
2,-0.743944,0.503777
2,-0.193726,-0.765659
2,0.248662,0.343059
2,1.35335,-0.137382
2,0.508207,0.639026
2,1.09206,0.3203
2,-0.584892,-0.344877
2,-0.270712,0.264839
2,-0.196163,0.423537
2,-0.886304,0.273652
2,0.346252,0.360569
2,-0.537715,0.367693
3,0.255859,0.0843543
3,0.489279,0.605897
3,0.873026,-0.528989
3,-0.773394,0.0763963
3,0.280229,0.754701
3,0.96127,-0.162866
3,1.28952,0.137536
3,-1.30653,0.339876
3,0.337178,0.351386
3,0.310834,0.700836
3,-0.34255,0.397297
3,0.510795,-0.0435869
3,-1.45153,-0.517875
3,1.19484,-0.207527
3,-1.53535,-0.740221
3,-0.769389,0.37714
3,1.55185,0.104979
3,1.27289,0.6253
3,-0.738659,-0.0783571
3,-0.561981,-0.336309
3,0.690256,-0.0106059
3,0.731604,0.110012
3,-0.322351,-0.189452
3,0.347978,0.540872
3,1.48258,0.587819
3,1.77816,-0.711779
3,1.50131,0.21811
3,-1.39453,0.0362941
3,0.7093,-0.751671
3,0.94451,-0.196077
3,1.00873,-0.221912
3,0.257208,-0.728538
3,-1.5085,0.677509
3,1.67861,-0.321466
3,0.980602,0.283005
3,-1.25409,-0.0878872
3,-0.843085,0.46312
3,-0.632078,-0.437826
3,-0.682498,0.264777
3,0.708928,-0.0766578
3,-1.49793,-0.101375
3,-0.591087,0.641627
3,1.29124,0.0339216
3,-1.5317,0.0543612
3,1.7231,-0.0285572
3,-0.295691,0.294013
3,-0.842305,0.289119
3,-0.661433,-0.125361
3,0.725769,-0.133586
3,-0.660088,0.271517
3,-0.877251,-0.670378
3,1.51091,-0.0629273
3,-1.71289,-0.0572573
3,1.57565,-0.460944
3,0.58369,0.0803176
3,0.889538,0.736824
3,-0.319424,-0.730752
3,-0.643133,0.578383
3,-1.35933,-0.724226
3,-1.44485,0.399905
3,0.748562,-0.724372
3,-0.964238,0.59313
3,-1.68317,-0.101996
3,-1.30219,0.0711725
3,-0.94925,-0.180081
3,0.339677,-0.150788
3,0.433106,-0.263268
3,0.906202,-0.608804
3,-0.601054,0.258635
3,1.72817,-0.00494013
3,1.51858,-0.15273
3,1.67735,-0.453253
3,0.702173,-0.0255767
3,-1.27754,0.115124
3,1.70599,0.0289086
3,-0.354785,0.391119
3,1.00651,-0.534137
3,1.62959,-0.206972
3,1.2706,0.205347
3,-1.73478,0.658706
3,1.16738,0.423635
3,0.824299,-0.317971
3,-0.432194,-0.655225
3,-0.909368,0.712382
3,-1.48171,0.34633
3,0.609263,0.719362
3,-1.15624,-0.519007
3,0.834978,-0.0840371
3,1.63703,-0.173619
3,1.36226,0.727373
3,1.00363,0.407407
3,-0.430385,0.681486
3,1.25574,0.310251
3,-1.10858,-0.227884
3,-1.37617,-0.0128196
3,-1.00991,-0.380042
3,0.358766,-0.541001
3,-1.38187,-0.371502
3,-0.400441,0.486228
3,-1.74713,-0.00456447
3,-0.828528,-0.00954443
3,-1.39163,0.165367
3,0.405108,0.571786
3,0.577051,-0.741647
3,0.791185,-0.266425
3,-0.442206,0.533736
3,1.4038,0.137682
3,0.275433,0.760113
3,-1.45491,0.688207
3,-0.917925,-0.567194
3,-0.613475,-0.187073
3,-0.450665,0.548456
3,1.39877,0.165324
3,0.564676,0.010786
3,0.540704,-0.700731
3,-1.49276,-0.147708
3,-0.964249,0.481943
3,-0.979948,0.115142
3,-1.41682,0.353385
3,-1.50376,-0.0031912
3,-1.01794,-0.402125
3,0.795135,-0.19328
3,-0.791683,-0.305677
3,-0.335029,-0.128405
3,-1.48859,0.00654585
3,-0.431261,0.615058
3,-1.57428,0.245357
3,0.756391,0.211262
3,-1.02882,0.178545
3,-1.26198,-0.706935
3,-1.61298,-0.522697
3,-1.71677,-0.395112
3,-0.813316,-0.650778
3,-0.369636,0.0858294
3,-1.46474,-0.612274
3,1.41183,-0.638447
3,0.633325,-0.535285
3,0.624613,-0.276891
3,-1.71738,-0.163073
3,-1.63479,0.266938
3,1.20291,0.226574
3,0.892183,-0.428665
3,0.816756,-0.225137
3,1.03525,-0.551554
3,1.21227,0.0918178
3,0.822389,-0.674565
3,-0.722056,0.633592
3,1.23334,0.217737
3,-0.269575,-0.70171
3,0.342491,-0.741286
3,-0.606157,-0.207895
3,0.75259,-0.232729
3,-0.388633,0.393493
3,-1.4181,0.0729543
3,-1.58487,-0.641218
3,-1.46225,0.522633
3,1.49489,0.169787
3,1.03468,0.705806
3,-0.4297,-0.290782
3,0.907757,-0.621896
3,1.38688,-0.20237
3,-1.68242,-0.306
3,-0.774532,0.611466
3,-1.03926,0.209454
3,-1.60839,0.510609
3,-1.7273,-0.182239
3,0.487878,0.725354
3,0.920963,-0.0215084
3,0.992997,0.642287
3,1.69414,-0.00995104
3,-0.342265,-0.636899
3,-1.12658,-0.0544097
3,0.763472,0.444959
3,0.570461,-0.238886
3,-0.455003,-0.705682
3,1.38408,-0.295382
3,0.474918,0.237186
3,-1.08501,0.270302
3,1.63823,0.226818
3,1.63875,0.694281
3,1.33778,0.304717
3,1.09354,0.620155
3,0.798251,0.343997
3,-0.485679,-0.227743
3,1.22832,0.209309
3,1.72684,-0.000194729
3,0.926627,0.685281
3,-1.59821,-0.344375
3,0.993775,0.107433
3,-0.771774,0.529515
3,-1.25643,-0.10283
3,-0.930301,0.366587
3,-0.657598,0.628601
3,-1.27446,-0.18264
3,-0.490258,0.666822
3,-0.542037,0.00673607
3,-0.57722,0.230546
3,-0.563355,0.223922
3,-0.996593,-0.564115
3,1.14099,-0.212901
3,-0.475463,-0.73494
3,-0.283399,-0.64348
3,-0.914072,-0.0451103
3,0.765435,-0.351813
3,-0.667813,0.520977
3,1.10799,-0.330816
3,1.44166,-0.435615
3,0.551263,0.00155934
3,-0.508701,0.266752
3,0.506152,-0.170493
3,1.07553,-0.42731
3,1.70007,0.261822
3,1.46856,-0.518261
3,1.38836,-0.437374
3,1.46135,0.145527
3,-0.631421,0.0191627
3,0.404152,-0.0653474
3,1.57084,0.0846532
3,-0.756429,-0.155408
3,0.360072,0.662365
3,1.14886,-0.0765642
3,-1.22212,-0.665639
3,-1.45604,-0.291999
3,-1.57266,-0.672834
3,-1.05472,-0.730756
3,-0.253998,-0.601622
3,-1.36194,-0.686196
3,1.0865,0.64371
3,1.7086,-0.257291
3,0.86638,0.716198
3,-1.25749,0.467238
3,0.70858,0.222321
3,1.68496,-0.125292
3,0.606065,0.0520375
3,-0.539647,-0.70053
3,-0.849951,-0.752034
3,1.22441,0.63273
3,-0.962265,0.267659
3,-0.532506,0.103785
3,0.648231,0.50462
3,1.70322,-0.31342
3,-1.39909,-0.478386
3,1.6804,0.47373
3,0.667224,0.035176
3,-1.52039,0.546944
3,0.584443,-0.419316
3,1.0648,0.519103
3,-1.40535,0.514623
3,0.505971,0.33995
3,-1.08698,-0.490331
3,-0.728534,0.75603
3,1.40101,0.720162
3,-1.73683,-0.182114
3,-1.39213,0.291846
3,-1.07128,-0.347037
3,-0.720444,-0.134193
3,0.620549,0.283856
3,1.34453,0.103535
3,0.593246,0.341019
3,0.49658,0.757806
3,1.40132,-0.725055
3,-1.13296,-0.668314
3,1.01052,-0.433629
3,-0.998754,-0.143615
3,1.33843,0.263245
3,-0.835756,0.0429307
3,-1.23668,0.319921
3,-1.03144,-0.149048
3,-1.05105,0.199752
3,1.63371,0.319713
3,0.920717,-0.18512
3,-0.859913,-0.378381
3,1.29226,-0.226101
3,1.31745,0.0480898
3,-0.256295,0.128975
3,1.5945,0.066775
3,-0.744569,-0.73293
3,1.20408,-0.589605
3,0.886407,0.240135
3,-1.00839,-0.0876633
3,0.594074,-0.514236
3,0.50148,-0.365444
3,1.31461,-0.778148
3,1.20818,-0.0927143
3,0.864608,-0.70427
3,1.18517,-0.458739
3,1.21302,-0.323569
3,-1.15698,0.119817
3,0.460987,0.544078
3,-0.534174,-0.418516
3,1.18453,-0.431808
3,0.939689,0.322523
3,-0.706745,-0.289407
3,-0.42179,-0.123593
3,-0.412588,-0.247031
3,-1.26895,0.293195
3,-0.818137,0.503176
3,-1.5141,-0.613321
3,0.322359,-0.119741
3,-1.77057,-0.0433716
3,-1.41813,-0.637887
3,-0.418314,0.12953
3,1.31438,0.277501
3,-0.875753,0.772547
3,-0.944142,0.747508
3,1.53904,-0.717946
3,-0.249581,-0.658
3,-1.72331,0.749163
3,-0.740385,0.383533
3,-0.261751,-0.163199
3,-1.40116,-0.0857165
3,-1.04729,-0.255743
3,-1.56586,0.293921
3,-0.714816,0.441385
3,-1.11346,-0.430766
3,-1.2937,0.255763
3,1.29806,-0.303182
3,0.398561,-0.701142
3,1.49947,-0.553742
3,0.342703,-0.25027
3,1.72845,-0.708557
3,-1.17773,0.488484
3,-0.896493,0.360572
3,0.912101,0.16367
3,-1.70471,-0.371345
3,-1.43819,-0.46538
3,1.27485,-0.525866
3,-0.715113,-0.437382
3,-1.22697,0.70603
3,1.10648,-0.727787
3,1.36779,0.7521
3,-0.656281,0.492707
3,-0.972798,0.696457
3,-0.591943,0.40545
3,-0.934036,-0.277311
3,-0.637161,-0.628782
3,1.1806,-0.526956
3,-1.04996,0.301382
3,1.68978,0.0992569
3,-1.07917,-0.667067
3,1.11392,0.0384647
3,-0.384694,0.518939
3,-0.264384,0.0189668
3,1.15949,-0.689782
3,-0.552318,-0.220322
3,1.76176,0.663734
3,1.4315,0.377088
3,-1.3001,0.14821
3,-1.53971,0.149801
3,-1.42626,0.136466
3,-0.30948,-0.220198
3,-0.448096,0.625107
3,-1.72577,-0.233393
3,-1.38053,-0.34597
3,0.736798,0.770928
3,1.42674,-0.322152
3,1.65133,-0.556386
3,1.387,0.347343
3,0.866349,0.133834
3,1.66264,-0.368501
3,1.0685,-0.0422567
3,-0.604226,-0.146701
3,-1.32663,-0.161539
3,-0.796319,0.0614995
3,-0.810501,-0.524512
3,-0.912609,0.775133
3,1.23251,-0.0629816
3,-1.52519,0.188259
3,1.10418,-0.247734
3,-1.61124,-0.166563
3,1.67515,-0.306606
3,1.10374,-0.323624
3,-1.24098,-0.650325
3,1.76724,-0.264874
3,-0.764015,-0.121736
3,0.987883,-0.309478
3,-1.20207,0.292589
3,0.780438,0.62631
3,0.55712,-0.302198
3,-0.471497,-0.38864
3,-0.374277,-0.2496
3,-0.75715,0.0656402
3,0.921502,-0.522029
3,-0.310445,0.367722
3,0.770735,0.402083
3,-1.31887,-0.600939
3,-0.428834,0.583457
3,0.282147,0.382648
3,1.39024,0.613247
3,-1.20947,0.0244498
3,-0.850085,-0.355255
3,-0.443211,0.375619
3,-1.60763,0.142892
3,-0.863496,0.762933
3,-1.65313,0.201708
3,0.258564,-0.220206
3,-1.03938,0.393097
3,0.441886,0.0661485
3,0.277717,-0.309805
3,0.490852,-0.4436
3,-1.06293,-0.550509
3,0.784194,-0.615821
3,-1.21883,0.589953
3,-1.42769,0.325857
3,1.15706,-0.139155
3,0.65365,-0.0176148
3,1.00355,-0.334056
3,1.15699,0.114815
3,-1.02909,0.301989
3,0.865186,0.585206
3,1.16774,-0.437895
3,1.34048,-0.457917
3,-1.16003,0.608482
3,1.16443,-0.180636
3,-0.392862,0.768904
3,-1.62706,0.778901
3,-1.14436,0.235021
3,-1.40908,0.596481
3,0.772237,-0.386657
3,0.892719,0.42924
3,1.00601,0.33698
3,1.56397,-0.339903
3,-0.749919,0.646114
3,1.12927,0.0741728
3,-0.361136,0.747127
3,-1.18304,0.614333
3,-1.59338,0.0290327
3,1.6919,-0.4419
3,1.54051,-0.541428
3,-0.491188,0.459726
3,1.33862,-0.282615
3,0.47524,-0.536056
3,-1.36131,-0.511428
3,-0.338902,-0.310723
3,-0.507542,0.489947
3,1.32825,-0.715091
3,0.561077,0.662812
3,-1.7162,-0.166105
3,-0.32358,-0.183437
3,0.387599,-0.119382
3,0.267699,0.473812
3,-1.44338,0.517154
3,-1.47985,-0.409
3,1.67071,0.412421
3,-1.37326,-0.510366
3,0.806444,0.69503
3,0.290913,0.00789659
3,1.02535,0.0871558
3,-0.529945,-0.684345
3,1.5167,-0.408034
3,-1.13767,0.0509914
3,-0.59698,0.613856
3,1.18854,0.347665
3,0.229703,-0.39802
3,1.72742,0.290086
3,0.758171,-0.637752
3,1.22524,0.52897
3,-0.923321,0.0613917
3,-0.275029,0.226722
3,0.590719,-0.220176
3,-1.54621,0.340307
3,-1.02123,0.731622
3,-1.48004,0.244086
3,-0.865057,0.644903
3,1.0233,-0.578396
3,0.819627,0.742947
3,-0.752846,0.0196084
3,-0.447528,-0.738787
3,1.17259,0.374901
3,-1.3165,0.317672
3,-0.880865,0.111739
3,-1.16231,-0.389839
3,-1.6895,-0.455402
3,-0.35601,0.689522
3,-0.418588,0.108423
3,-1.26027,0.390061
3,-0.663162,-0.602818
3,-1.0931,0.552529
3,-0.833554,-0.648524
3,-0.789082,0.750539
3,0.834626,-0.726406
3,-1.60911,0.0521524
3,-0.70059,-0.608479
3,0.885691,0.730391
3,1.4933,-0.17761
3,-0.439508,-0.121435
3,0.855512,-0.702883
3,0.457451,-0.196772
3,-1.52331,-0.488004
3,-0.380895,0.660147
3,0.41336,-0.726892
3,-0.689886,0.782461
3,-1.16349,0.491691
3,-1.25372,-0.0572218
3,0.499375,0.449842
3,-1.36676,-0.474955
3,1.36395,0.367927
3,0.88432,0.186578
3,0.441508,0.736716
3,0.900577,-0.583324
3,-0.290338,-0.0586948
3,-0.981198,-0.764541
3,0.88184,0.589072
3,0.812109,-0.636893
3,-1.45303,-0.181132
3,-0.562814,-0.271156
3,0.342925,-0.490114
3,1.72704,-0.572878
3,1.71383,-0.225259
3,-0.360031,-0.728876
3,0.353663,0.37918
3,1.6568,-0.226839
3,0.813802,0.756177
3,-1.48047,-0.166255
3,0.745041,0.501477
3,0.573473,-0.399946
3,-0.350973,0.374277
3,0.937257,-0.563406
3,1.5264,-0.559106
3,0.76082,-0.495119
3,0.459656,0.512953
3,0.556081,-0.116635
3,0.971716,0.468383
3,0.85506,0.180298
3,0.833007,-0.0789966
3,1.44918,0.396988
3,1.50554,-0.0363696
3,0.440478,0.411166
3,-1.43544,-0.385367
3,0.47765,-0.702134
3,-0.758373,-0.265719
3,-0.270872,-0.729193
3,-0.62979,-0.553823
3,-1.65349,0.164127
3,-1.24038,-0.511387
3,0.434798,-0.249229
3,0.227445,-0.424939
3,-1.00866,-0.552433
3,-0.932385,-0.227919
3,0.791638,0.395328
3,1.73601,-0.532002
3,1.74563,0.170474
3,-0.831865,-0.73218
3,-0.56718,0.607271
3,1.7365,-0.700505
3,0.85072,0.118005
3,1.3249,-0.643765
3,0.964732,0.277543
3,0.559121,0.38791
3,-0.893315,0.597705
3,-1.29566,-0.598597
3,-0.338254,-0.290013
3,1.51711,-0.635931
3,1.27414,-0.0410319
3,-0.427455,0.435797
3,1.31217,0.677976
3,0.348386,-0.380006
3,-0.904958,-0.439951
3,0.5598,-0.452291
3,1.14933,-0.53621
3,-1.11288,0.341015
3,1.24123,0.296474
3,-0.542572,-0.66727
3,1.21735,0.557007
3,-0.611497,-0.439624
3,-1.68205,-0.584704
3,-0.839878,-0.52589
3,0.358886,0.410137
3,1.49285,0.531541
3,1.52251,-0.0923299
3,0.724926,-0.426415
3,0.717066,0.128744
3,0.527118,0.345432
3,-0.936728,-0.3429
3,0.353903,0.570833
3,1.19439,0.665529
3,-0.730941,-0.498261
3,-1.3141,-0.317904
3,-1.43528,0.421575
3,-1.45341,0.223179
3,1.65135,-0.631621
3,-1.02842,-0.726224
3,-1.62606,-0.534547
3,-1.49575,-0.297822
3,0.887118,-0.614165
3,-0.735071,-0.279102
3,-1.29018,0.253413
3,0.39886,0.203366
3,-0.988581,-0.297822
3,1.61356,-0.679829
3,-0.587171,-0.646958
3,-1.68021,-0.69005
3,1.59808,0.711552
3,-1.73845,0.361244
3,0.450596,0.104439
3,1.71011,-0.128558
3,1.14025,-0.521209
3,-1.41046,-0.140082
3,-1.08486,-0.456052
3,-0.501,-0.330361
3,0.577651,-0.29438
3,-1.26243,0.376594
3,-0.634204,0.55844
3,1.15879,-0.246995
3,-0.737753,0.51341
3,1.72183,-0.621243
3,1.37266,-0.772031
3,-0.624503,-0.214044
3,-0.603804,-0.228616
3,0.329975,0.58872
3,-0.487075,0.448248
3,-0.879467,-0.73494
3,0.749656,0.453678
3,1.16682,-0.452199
3,-0.718722,0.304989
3,1.60688,0.0339657
3,0.261903,0.401068
3,1.08009,0.414246
3,-0.987937,-0.524384
3,0.580111,-0.539834
3,-0.594372,-0.549664
3,0.255099,-0.442638
3,0.79687,-0.326606
3,1.17954,-0.130782
3,0.641052,0.135745
3,1.72666,0.0327803
3,-1.73159,0.0372439
3,-0.466614,-0.0271138
3,-1.06378,-0.576875
3,-1.61849,-0.72254
3,-1.24118,-0.248625
3,1.10977,-0.574061
3,-0.234654,0.634867
3,-0.573005,-0.744459
3,1.64549,-0.186712
3,1.05337,0.528054
3,-1.67093,-0.209869
3,0.498254,0.20309
3,-1.47796,0.245154
3,-0.670249,0.613625
3,-0.375644,0.490132
3,1.04792,-0.221513
3,1.53149,-0.388221
3,1.22921,-0.648368
3,-1.71754,0.239042
3,-0.988895,-0.0914155
3,-1.22747,-0.629596
3,1.59586,0.486805
3,-0.724057,0.495547
3,1.61899,0.70811
3,-1.23022,-0.742939
3,0.699949,-0.561579
3,-1.18056,0.633266
3,-0.402773,0.519794
3,-0.749131,0.268155
3,0.936607,0.0149871
3,-1.6435,-0.466397
3,-1.18351,-0.351443
3,-1.59636,-0.172257
3,-1.66559,0.281124
3,0.255059,-0.777898
3,0.490351,-0.143359
3,-0.7636,0.549704
3,1.14838,-0.441164
3,-1.74082,-0.732402
3,-0.424306,0.734191
3,0.899152,-0.281828
3,0.829344,0.128429
3,-0.734987,-0.413982
3,1.27195,-0.553923
3,-1.51515,-0.276087
3,0.678127,-0.0444182
3,-0.738985,-0.196507
3,-1.46954,0.484443
3,-1.69699,0.0104913
3,-0.944694,-0.152106
3,1.09214,-0.699353
3,1.70849,0.516712
3,1.48907,0.342892
3,0.324054,-0.666575
3,1.15023,-0.0743632
3,1.24128,-0.490686
3,0.513556,-0.179121
3,1.46921,-0.548221
3,-1.58427,0.181565
3,1.50636,0.292887
3,0.566553,-0.633919
3,-1.28878,0.707601
3,-0.541333,-0.085632
3,1.1622,-0.167003
3,-1.46381,-0.729656
3,-0.924142,-0.265609
3,-1.46914,0.475022
3,0.595397,0.631786
3,0.96871,-0.730279
3,0.424216,-0.534369
3,0.420035,0.721438
3,1.53392,-0.168286
3,-1.37052,0.58356
3,1.03756,0.188641
3,-0.795048,-0.481608
3,-0.947091,0.425228
3,-1.33441,0.303891
3,-1.38706,-0.491863
3,-1.20324,0.0191246
3,0.355137,-0.100758
3,0.924968,-0.526809
3,0.876691,-0.177426
3,-1.21934,0.344919
3,-1.34662,0.299262
3,0.803024,0.361041
3,-0.562331,-0.0403747
3,-0.561428,0.631883
3,-0.403848,0.527382
3,-0.560252,-0.11058
3,0.897657,0.134252
3,1.13343,0.306515
3,-1.14133,0.0716251
3,-0.256116,-0.54175
3,-1.5783,0.535968
3,-1.70697,0.0499919
3,-0.579075,0.644906
3,0.319648,-0.372528
3,-0.389475,0.496128
3,-0.435432,-0.336288
3,0.324046,-0.148616
3,1.62402,0.509292
3,-0.400004,-0.707153
3,0.898637,0.632317
3,0.63231,-0.227879
3,0.929325,0.760372
3,1.76098,-0.51308
3,-1.39304,0.773751
3,-0.971745,-0.0321733
3,-1.29627,0.624671
3,-0.688503,-0.181938
3,0.297731,-0.2991
3,-1.58964,-0.403975
3,-1.71224,-0.555991
3,-1.08836,-0.646673
3,-1.61938,-0.159192
3,-1.24883,0.416145
3,-1.13795,-0.464123
3,-1.38185,0.66986
3,-1.22598,0.221692
3,1.50368,0.649521
3,1.12569,-0.638543
3,-0.95183,0.381539
3,0.436757,0.705899
3,0.253947,-0.059236
3,-0.422635,0.724913
3,1.33911,-0.244194
3,-0.999473,-0.376571
3,1.06889,-0.539054
3,-1.13822,0.579507
3,-1.27922,-0.250171
3,0.512722,-0.282908
3,0.312189,0.489211
3,0.865721,-0.433698
3,-1.72703,-0.639617
3,-0.953546,-0.0825121
3,0.261001,-0.481653
3,0.555472,0.697907
3,1.05458,0.764313
3,0.218024,0.172221
3,1.33144,-0.428579
3,0.842992,-0.660713
3,0.602259,0.491516
3,0.653762,0.536325
3,0.935269,0.48255
3,-1.7425,-0.70443
3,-1.62959,-0.70968
3,-1.12668,-0.610719
3,-0.81271,-0.705788
3,1.25264,-0.761161
3,-0.272208,0.0178971
3,-0.813853,0.289186
3,0.966534,-0.295413
3,-0.262192,-0.0857225
3,0.511068,-0.377824
3,-0.678508,0.548807
3,-0.663347,0.664967
3,1.09068,0.748136
3,1.25244,-0.24868
3,0.388851,0.0198079
3,1.71319,0.645587
3,-0.999188,0.404877
3,1.2344,-0.147697
3,-0.465945,-0.122189
3,1.73595,-0.566331
3,-1.21249,0.461155
3,0.662491,0.170182
3,0.679115,-0.575889
3,0.355925,-0.483452
3,0.959526,-0.468901
3,0.362784,-0.5316
3,-0.406781,-0.0612078
3,-1.2181,0.13309
3,0.484594,0.168581
3,0.287746,-0.392598
3,-0.568914,0.671989
3,-1.47891,-0.0308813
3,-0.394881,0.148745
3,-0.625699,0.529015
3,-0.54761,-0.402557
3,0.902564,0.670058
3,0.728319,0.342112
3,1.75892,0.19871
3,-0.294122,-0.544088
3,-1.72394,0.702216
3,-1.09825,-0.202395
3,-1.00811,0.463395
3,-1.63072,-0.632283
3,-1.59868,-0.64854
3,-1.42174,-0.616921
3,-1.22588,-0.628354
3,0.848715,0.741744
3,1.2696,-0.427835
3,0.293888,-0.185647
3,-0.253102,-0.764586
3,-1.12418,0.0676068
3,1.25353,-0.0433753
3,1.32424,-0.486596
3,0.546978,-0.188302
3,1.25323,-0.158547
3,0.449336,-0.22608
3,-0.746064,0.317092
3,0.595931,-0.607074
3,1.34794,-0.733534
3,-1.56266,-0.666023
3,-0.738635,-0.205611
3,-0.86072,0.0259956
3,0.965522,-0.598607
3,-1.72213,0.628282
3,-1.13125,0.391071
3,-1.3607,-0.35409
3,0.725574,0.353605
3,-0.552302,0.143514
3,-1.03384,-0.162077
3,-0.270067,0.600367
3,-0.800504,0.512312
3,-0.340966,0.242376
3,-1.46111,0.647152
3,-1.35466,0.661692
3,-0.344018,0.687767
3,0.677575,0.439029
3,0.249081,0.471157
3,-1.24628,0.369728
3,1.34406,-0.73521
3,-1.72668,0.113719
3,-1.42033,0.283488
3,1.68374,-0.0986084
3,-0.97996,0.128537
3,-1.5172,0.401227
3,-1.47899,-0.308451
3,0.726754,-0.601073
3,-0.434079,0.391711
3,-0.978714,-0.305292
3,-1.27614,-0.551104
3,1.14899,-0.720071
3,0.442171,-0.483955
3,-1.7419,-0.554101
3,-1.46598,-0.557454
3,-0.504302,-0.484207
3,1.26781,0.344124
3,0.89047,0.688776
3,-1.7187,0.555102
3,1.45847,-0.480954
3,1.58902,-0.200316
3,1.03156,0.47843
3,-1.29718,-0.492805
3,-0.277945,-0.641064
3,0.481286,-0.217331
3,1.25127,-0.326046
3,-1.19724,-0.717062
3,1.66679,0.548432
3,1.05692,-0.207206
3,1.00647,-0.137607
3,-1.09533,0.00462916
3,-1.51444,0.613434
3,-0.552622,0.426446
3,-0.865714,-0.112008
3,-0.386523,0.729071
3,0.296991,0.282379
3,0.96996,-0.769558
3,-0.73472,-0.337029
3,1.05641,0.169997
3,-1.6919,0.239144
3,-0.565672,-0.728605
3,-1.40459,0.717478
3,1.08161,-0.599576
3,-1.51366,0.418325
3,-0.345222,-0.41884
3,1.56993,-0.062575
3,-0.410506,0.0620524
3,-1.22737,-0.140385
3,1.03948,0.478078
3,1.39312,0.32076
3,1.43054,-0.1321
3,-0.529633,0.555845
3,-0.910795,-0.0972857
3,0.647022,0.549874
3,0.44789,-0.680872
3,1.31835,-0.388227
3,0.634647,-0.0505582
3,-1.22537,-0.416578
3,-0.259023,0.428127
3,-0.87161,0.0998823
3,1.54566,-0.361295
3,-1.54223,0.109518
3,-0.912612,-0.0930161
3,-1.2736,-0.556629
3,1.62664,-0.401089
3,0.419501,-0.547143
3,-1.67887,0.455771
3,0.97808,-0.156161
3,-1.24492,-0.0748974
3,-1.14126,0.337802
3,-0.702547,0.291787
3,1.41738,-0.578943
3,0.535083,-0.131003
3,-1.54726,0.711823
3,0.549726,0.611357
3,0.518121,0.548766
3,0.320097,0.345391
3,0.872145,-0.773055
3,0.528789,-0.769498
3,1.65714,-0.532069
3,1.07249,0.620354
3,1.09454,0.288738
3,1.09526,0.1058
3,0.874843,-0.619485
3,-1.06132,-0.0724189
3,-0.534856,-0.272084
3,-1.00264,0.616789
3,-0.602127,0.141115
3,0.865051,-0.617386
3,-1.68563,0.150035
3,-0.224525,0.130169
3,-0.706248,-0.24815
3,-0.874419,-0.730114
3,-1.70348,0.641158
3,-1.4349,0.74584
3,-1.33002,-0.546999
3,-0.983019,-0.0266783
3,1.60606,0.697424
3,-1.52395,-0.294501
3,0.264573,-0.17586
3,1.0256,0.383655
3,1.48512,-0.762645
3,-0.986255,-0.626737
3,0.581515,0.443586
3,-1.58253,0.397736
3,-0.477817,-0.712785
3,-1.05537,0.73573
3,0.264975,0.271891
3,-1.53975,-0.265146
3,-1.0041,-0.739508
3,0.340083,0.0729953
3,0.849172,0.0489158
3,0.914556,0.538401
3,-0.872914,-0.651956
3,-0.300934,0.660984
3,1.54646,-0.742259
3,1.61912,-0.157057
3,-1.75219,0.169279
3,-0.342263,0.25259
3,-0.738142,-0.150064
3,0.975673,-0.340468
3,1.64246,0.619837
3,-1.71335,-0.582765
3,-0.31845,-0.781708
3,-1.26172,0.674027
3,1.4304,-0.321901
3,-0.629803,0.0152172
3,-0.378824,-0.749719
3,-1.04469,-0.0609612
3,1.34569,-0.736801
3,-0.469277,-0.496481
3,1.75095,-0.0323929
3,0.436465,-0.28412
3,0.423799,-0.753535
3,-0.903967,-0.0801672
3,-1.14754,-0.519046
3,-1.08213,-0.0188063
3,1.2898,0.672693
3,1.46433,-0.0774096
3,0.978648,0.306266
3,-0.735293,-0.508711
3,-1.43899,-0.398017
3,1.09709,-0.101174
3,1.53988,-0.340689
3,-1.26469,0.557804
3,0.963825,0.674327
3,-1.65103,0.703696
3,-0.344805,0.563744
3,-1.62124,0.358858
3,-0.444319,-0.0635129
3,-1.14647,0.243335
3,1.28837,0.0518945
3,-1.12097,0.529052
3,-1.42459,0.161095
3,1.30359,0.767165
3,0.960997,0.743223
3,0.686984,-0.0641822
3,-0.699135,0.644452
3,1.34296,-0.409317
3,0.674747,-0.0275417
3,1.47995,-0.160659
3,1.65086,-0.507279
3,0.6322,-0.173003
3,1.73138,0.254923
3,1.32293,0.618794
3,0.729417,-0.28588
3,1.59181,-0.274831
3,-0.888046,0.229689
3,1.56197,-0.0881677
3,0.881522,-0.599204
3,-0.24287,-0.34086
3,0.455536,0.612588
3,-1.28396,0.712425
3,0.876109,0.148686
3,-0.932713,0.298508
3,-1.02714,0.285505
3,0.554811,0.110525
3,0.548451,-0.763424
3,-1.4782,-0.587756
3,1.18663,0.326262
3,-1.40255,0.428401
3,-0.539286,-0.219918
3,-1.19132,-0.650109
3,-1.4055,-0.325994
3,-1.22209,-0.304986
3,0.955877,0.265872
3,0.250643,-0.492219
3,-0.657749,0.117205
3,0.934747,-0.590929
3,0.720897,0.453658
3,-0.508441,-0.236306
3,1.28374,-0.653262
3,1.65814,-0.103843
3,1.62769,-0.288192
3,1.34856,-0.232747
3,-0.264417,0.103322
3,1.54234,0.0834733
3,1.15018,-0.288313
3,0.445417,-0.739744
3,-0.437029,0.165888
3,1.50752,0.725377
3,-0.385451,-0.643938
3,1.46436,0.277077
3,1.14022,-0.0213911
3,-1.64031,-0.33604
3,-1.16824,0.621204
3,1.07358,-0.0364265
3,-1.24103,0.0329977
3,0.458531,-0.00584172
3,-1.60831,-0.204896
3,1.70005,-0.433367
3,-1.25839,-0.449246
3,1.28321,0.390953
3,1.06372,0.491912
3,0.453414,-0.63851
3,0.701282,0.167264
3,-0.86251,0.74358
3,-1.01848,0.223847
3,0.937082,0.297134
3,-0.593739,0.112068
3,0.689657,-0.289603
3,1.24967,-0.730507
3,-0.738347,-0.0538917
3,-0.464396,0.73295
3,1.1296,0.312499
3,0.836568,0.494688
3,1.03391,0.586627
3,-0.911285,-0.479294
3,0.710573,0.722562
3,1.35026,-0.00806788
3,0.702966,-0.047531
3,0.358936,-0.187491
3,-0.276469,-0.19421
3,1.50411,0.259083
3,-1.07481,0.00330441
3,-0.421108,0.624024
3,1.06591,-0.600201
3,1.17315,0.554198
3,1.03131,0.0709287
3,-1.54098,0.619537
3,-1.75395,-0.00320852
3,-0.930818,-0.370944
3,0.606253,0.331925
3,-1.25527,0.570309
3,-1.16671,-0.283884
3,-0.623749,-0.206166
3,0.411018,0.195424
3,-0.357488,-0.746503
3,0.596226,-0.418358
3,1.18336,-0.373126
3,-1.52062,-0.297567
3,-1.13754,-0.0799599
3,1.08938,0.379383
3,-1.49481,-0.725203
3,-1.44446,0.4611
3,0.613569,-0.437023
3,-0.26123,0.512689
3,-0.67246,-0.236142
3,-1.16574,-0.2171
3,-1.46768,0.0263977
3,0.41145,0.237421
3,-0.591481,-0.0162432
3,-1.20445,-0.660596
3,-1.26155,0.469542
3,0.742732,-0.0654474
3,0.743339,-0.40258
3,-1.74979,0.289264
3,-0.67217,-0.507604
3,1.04941,-0.627118
3,-1.02116,-0.535177
3,0.988008,-0.263855
3,-1.10377,-0.349522
3,1.64939,0.223246
3,-1.68878,0.200603
3,-0.733789,-0.568045
3,0.881502,-0.11819
3,-0.942731,-0.749608
3,-1.60123,0.58506
3,-1.61887,-0.220989
3,1.39894,0.0993132
3,-1.38933,0.302594
3,-0.310072,0.36873
3,-0.894953,-0.562969
3,-0.444477,-0.197634
3,-1.16304,-0.0872114
3,1.47036,0.210712
3,0.316226,0.11345
3,-0.701153,0.181248
3,-1.31263,0.114059
3,-0.523421,0.102526
3,-1.58605,0.110749
3,1.67596,0.289442
3,-0.254523,0.239405
3,0.852686,0.358634
3,-0.404031,-0.486631
3,0.83481,0.649412
3,0.459838,-0.624333
3,1.49562,-0.0699749
3,1.52912,-0.514191
3,-1.00932,0.0954183
3,1.57288,-0.401826
3,-0.524902,-0.525184
3,1.42534,-0.645457
3,1.75026,-0.12995
3,1.47167,0.548999
3,-1.06773,0.751798
3,-1.52547,0.1754
3,1.18882,0.265457
3,-0.299691,-0.0798184
3,-0.63822,-0.42949
3,0.967951,-0.194473
3,0.459975,-0.656929
3,1.40298,0.539208
3,1.11011,-0.47354
3,0.498084,0.475416
3,1.06643,-0.0669696
3,-1.16592,0.08825
3,-0.861379,-0.547449
3,-0.392732,0.461651
3,-0.702447,0.54287
3,-1.6054,0.131801
3,0.236959,-0.368974
3,-1.58248,0.448159
3,1.42576,0.188976
3,1.68844,-0.725909
3,-1.36996,0.730422
3,0.26212,0.732911
3,-0.771302,-0.640389
3,1.19858,0.510292
3,-0.792472,-0.638609
3,-1.46865,-0.364713
3,0.399443,-0.503242
3,1.67183,-0.653968
3,0.232317,-0.188444
3,0.872312,-0.345244
3,1.36634,-0.662324
3,1.52582,-0.491583
3,0.347111,-0.201135
3,0.248228,-0.339881
3,0.579583,-0.38417
3,0.861923,-0.450793
3,0.531128,0.732623
3,0.419119,0.356644
3,1.49963,0.0356413
3,-0.370849,0.620393
3,-1.01415,0.329087
3,-1.10972,0.579741
3,0.73412,-0.633413
3,-0.393677,0.20826
3,0.625298,0.727609
3,-0.687103,0.486141
3,0.536918,-0.052629
3,0.416949,0.169546
3,-1.73814,0.166687
3,-0.808973,0.249567
3,0.440307,-0.379247
3,0.300034,-0.606667
3,0.341368,0.150582
3,0.367983,-0.176371
3,-1.21046,0.693746
3,-0.469366,0.257458
3,1.003,-0.731567
3,-0.375612,-0.658707
3,-0.526467,-0.572107
3,-0.710574,-0.238609
3,1.5806,-0.756071
3,1.36959,-0.183666
3,1.71566,0.596822
3,0.933063,0.753321
3,1.02432,0.702085
3,-0.689846,0.164158
3,0.7229,0.443061
3,1.26343,0.639298
3,-0.590582,-0.248021
3,0.439124,0.12129
3,1.09593,-0.705766
3,0.669597,-0.102035
3,-1.0727,0.736523
3,-0.782987,-0.323355
3,-1.3358,-0.587085
3,0.647759,0.335667
3,-1.41119,0.531503
3,1.71555,0.0715981
3,-0.704363,0.675039
3,0.743451,0.0807567
3,-1.44661,-0.0237281
3,-1.4073,-0.118785
3,0.620802,0.0671232
3,1.30737,-0.256019
3,-1.49439,-0.553732
3,0.377846,-0.533274
3,-1.62671,0.119962
3,-0.751188,0.528347
3,0.604063,-0.222993
3,-1.52931,-0.131536
3,0.910594,0.585836
3,-1.31654,0.272629
3,0.998594,0.123899
3,0.407006,0.0161094
3,-0.425886,-0.233303
3,0.926853,-0.573378
3,-1.58269,-0.488917
3,0.229876,-0.0327653
3,0.623312,0.192685
3,-0.642713,-0.6607
3,0.472052,-0.581123
3,0.64672,0.115897
3,-1.02708,-0.247809
3,-1.26026,0.63192
3,0.790207,-0.0664524
3,1.37527,-0.376319
3,1.24739,-0.633499
3,-1.31563,0.597508
3,1.61578,0.369664
3,1.26021,0.207675
3,1.55607,-0.555398
3,-1.25979,0.486758
3,0.509715,-0.600323
3,1.05235,0.073863
3,-1.17395,0.627315
3,-1.51072,0.607366
3,-1.67896,-0.0577719
3,0.660839,-0.200273
3,0.903426,-0.66336
3,-1.04369,0.143704
3,-0.591042,0.550463
3,-1.7054,0.377206
3,0.979543,0.11392
3,-1.29477,0.161147
3,0.869584,0.101053
3,0.850991,0.115126
3,0.62197,-0.0268128
3,-1.37276,-0.654377
3,-0.753807,-0.0492098
3,-1.12085,0.129635
3,-0.41491,-0.759102
3,0.948282,-0.348862
3,-0.705906,0.466306
3,1.11092,-0.506834
3,1.41501,0.261804
3,0.916197,-0.330328
3,0.432618,0.724748
3,0.961451,0.258471
3,-1.21116,0.51169
3,0.481428,0.626578
3,0.478546,-0.0168032
3,1.42592,0.606307
3,0.698727,-0.204159
3,-0.439825,-0.580824
3,1.04933,0.768961
3,-1.62273,0.100097
3,0.285901,0.44514
3,1.07999,0.4072
3,-1.39944,0.466965
3,0.633776,0.662626
3,0.91575,-0.383902
3,0.739287,0.580827
3,0.909183,-0.139101
3,-0.242171,-0.663288
3,0.260723,-0.429841
3,1.33671,0.568618
3,-1.34257,-0.107716
3,-0.804691,0.372473
3,-0.866904,0.275489
3,0.890616,0.380286
3,-0.435692,0.205919
3,-0.929229,-0.360238
3,-0.468242,-0.396862
3,0.48102,-0.477645
3,1.57004,-0.101174
3,-0.825257,-0.491676
3,1.32974,0.6797
3,0.638785,0.149358
3,0.759444,0.220656
3,0.544436,0.593008
3,-1.58976,0.407265
3,-0.483692,0.691147
3,-1.49865,-0.35105
3,-1.66024,-0.732373
3,-1.55307,0.416012
3,1.73559,0.460562
3,-0.711526,0.410029
3,-0.37613,-0.250021
3,-1.41715,0.472373
3,0.582784,-0.195138
3,-0.510089,0.410664
3,-1.01154,0.450746
3,1.30296,0.0803092
3,1.31219,-0.360137
3,1.59014,0.535335
3,1.48429,0.425444
3,-1.5188,-0.46975
3,-1.72286,0.382485
3,-0.651603,-0.289901
3,-0.43663,-0.444623
3,-1.07159,0.381397
3,-1.14698,-0.433809
3,1.20351,-0.692475
3,1.2774,0.119423
3,-1.06476,-0.128763
3,-0.83481,-0.751199
3,-1.00957,-0.549077
3,-1.11109,-0.460223
3,-0.885724,-0.574247
3,1.01238,-0.135861
3,-1.08172,0.432881
3,-0.47837,0.0757831
3,-0.921363,0.155489
3,-0.856077,-0.68172
3,-0.378909,-0.069203
3,-0.532897,-0.351358
3,-1.65544,-0.147621
3,0.310475,0.353218
3,-0.415176,-0.146828
3,1.70178,-0.509103
3,0.859033,-0.206362
3,-1.59658,-0.226385
3,0.649855,0.0921599
3,1.12373,-0.120779
3,-1.72221,0.401908
3,0.781683,-0.214064
3,-0.604672,0.608293
3,1.61318,0.24732
3,-0.813904,0.105498
3,1.5927,0.520077
3,0.844624,-0.35576
3,1.75139,-0.621433
3,0.966327,0.154537
3,0.473268,-0.268953
3,1.46094,-0.0512125
3,1.49668,-0.0898111
3,-1.07219,0.0344229
3,-1.42521,0.513804
3,1.22598,0.55288
3,1.75823,0.1907
3,1.24199,0.147374
3,-1.13522,-0.22762
3,1.41932,0.0392104
3,1.0608,-0.14465
3,0.242843,-0.356452
3,-1.24606,0.702975
3,0.507696,0.155514
3,-0.990916,0.130498
3,-0.483636,0.344118
3,-0.913583,-0.408135
3,-1.10918,-0.0161355
3,-0.887537,0.59297
3,0.75348,0.282034
3,0.41713,-0.607502
3,0.384018,0.744686
3,-0.461057,0.513126
3,-0.242595,0.566831
3,-1.18646,0.128198
3,1.56621,0.480627
3,0.804925,0.750824
3,0.894705,-0.565
3,1.74172,0.764486
3,-1.36624,0.530497
3,-0.426247,-0.452336
3,0.341839,0.48011
3,-0.250423,-0.681528
3,-0.661449,0.357884
3,1.4369,0.593283
3,0.445482,-0.00760196
3,-0.832335,0.0218775
3,0.279162,-0.398455
3,-0.982686,0.581648
3,-0.617215,0.551681
3,0.727379,0.613789
3,-0.225194,-0.417939
3,-0.941503,0.113837
3,-1.02698,-0.109947
3,-1.42057,-0.374968
3,-0.674814,-0.493928
3,-1.62622,0.00912112
3,0.37963,0.513867
3,-0.483539,-0.342239
3,0.988083,0.75884
3,-1.5133,-0.380293
3,-0.946605,0.125183
3,-1.24234,-0.143744
3,-1.04031,-0.592895
3,1.18762,-0.33104
3,-1.12997,-0.753263
3,-0.469684,-0.600642
3,0.508523,0.0132221
3,-1.14076,0.106777
3,-1.48736,-0.717375
3,-0.292534,0.618406
3,0.783217,0.0258364
3,0.395621,-0.757391
3,1.67559,-0.0679994
3,-0.412882,0.126391
3,-0.574369,-0.421434
3,-1.07606,0.772248
3,0.89369,-0.255558
3,-0.45033,-0.634199
3,0.662177,-0.0589413
3,-1.54158,-0.13272
3,0.464908,-0.654289
3,0.469582,-0.391275
3,0.854688,-0.47633
3,-1.36003,-0.177678
3,1.45589,-0.0931674
3,-1.2684,-0.116107
3,1.11104,-0.712641
3,0.972837,0.0531112
3,-1.09291,0.728258
3,1.34817,-0.36771
3,-0.509799,0.639923
3,-1.60716,0.360041
3,1.63509,0.0583732
3,1.29093,-0.337323
3,1.3272,-0.705379
3,-0.871299,-0.728182
3,0.756602,0.39915
3,-1.33892,0.168227
3,0.55015,-0.616864
3,0.527388,0.154005
3,-0.520075,0.401603
3,1.63715,-0.449429
3,-1.63253,0.288899
3,-1.16933,0.207076
3,-0.933387,0.126957
3,1.6559,-0.525183
3,-0.588159,-0.435342
3,-1.39889,-0.204615
3,0.968893,0.28386
3,0.2707,-0.323723
3,-0.285194,-0.0908197
3,-1.0944,-0.16957
3,-0.586663,0.221142
3,-0.515526,0.0259272
3,-0.324724,0.44185
3,-1.55801,0.490963
3,-1.79025,-0.0304652
3,-0.354465,-0.408619
3,-0.787981,0.160169
3,0.672144,0.280959
3,1.53821,0.410174
3,1.13178,-0.575998
3,-0.613777,0.299667
3,-0.892523,0.0837758
3,-1.51333,0.285908
3,1.4558,0.562469
3,0.579214,-0.200688
3,1.48397,0.546009
3,1.20093,-0.535736
3,-1.2417,0.255051
3,1.26818,0.529269
3,-1.19884,0.0023343
3,-0.772326,0.494058
4,0.767916,0.29216
4,1.2629,-0.41596
4,-1.28352,-0.398305
4,-1.00773,-0.56006
4,0.838973,-0.0392333
4,-1.30633,0.682077
4,0.687143,-0.660641
4,-0.449981,0.62538
4,1.1074,0.475278
4,-0.449182,-0.65601
4,1.16794,0.593686
4,1.58138,-0.359607
4,1.08683,-0.0938564
4,-0.346908,0.0192424
4,-1.42458,0.445234
4,-1.44592,-0.0744631
4,-1.63058,-0.114624
4,1.22179,-0.132148
4,0.935093,0.622246
4,1.20009,0.439959
4,1.2871,0.205767
4,1.56515,-0.498604
4,-0.568566,-0.109937
4,-0.477506,0.0772331
4,0.723793,0.330133
4,-0.426974,-0.392559
4,-1.23057,-0.63952
4,1.3428,0.503399
4,1.41253,-0.295674
4,1.28563,-0.707023
4,1.17159,-0.373715
4,1.39271,-0.353186
4,1.23869,0.193333
4,1.52294,0.651949
4,-0.472983,0.226768
4,-0.918703,-0.328126
4,0.98924,0.496804
4,0.685057,0.106457
4,-1.56197,0.573966
4,0.320801,0.262571
4,-1.32445,0.121566
4,-0.632933,0.504158
4,-1.57895,0.52998
4,-0.437331,-0.27287
4,-1.53662,0.455131
4,0.56389,-0.0502109
4,0.957484,-0.293948
4,0.945512,0.640316
4,-1.29939,0.197297
4,-0.404088,0.318707
4,-0.562631,-0.195495
4,0.552991,-0.549261
4,-0.602363,-0.476669
4,-1.28118,0.243299
4,-1.62925,0.423794
4,-1.66066,-0.344254
4,1.5236,0.376157
4,-1.18992,0.48711
4,1.53931,-0.0116768
4,1.61193,-0.21468
4,-1.04903,0.25949
4,0.686868,-0.633185
4,-0.992609,-0.27495
4,-1.11349,0.404429
4,-1.3792,0.0324139
4,1.51162,-0.230364
4,1.1811,-0.105036
4,-1.0892,-0.0731472
4,0.971497,0.272206
4,0.415168,0.629107
4,0.656254,-0.452068
4,1.23006,-0.458071
4,-1.40869,0.582486
4,0.332266,0.697597
4,1.38478,-0.392983
4,-1.04601,-0.473465
4,1.14225,-0.678204
4,-0.649989,-0.113846
4,1.4062,-0.283213
4,1.1541,0.617878
4,-0.372662,0.0191791
4,0.585413,0.426851
4,-0.55504,-0.301153
4,-0.43424,-0.301723
4,-1.00685,-0.550555
4,1.58267,-0.389461
4,1.14309,0.0601136
4,-1.46353,0.214194
4,0.467866,-0.576033
4,1.63728,-0.222831
4,-1.61023,-0.204483
4,0.658702,-0.214651
4,-0.643607,-0.661089
4,-0.999363,0.21698
4,-1.65633,0.0612462
4,-1.55613,-0.127765
4,-1.09484,0.302462
4,0.441477,-0.256493
4,0.711016,0.290544
4,1.11448,0.604837
4,-0.503395,0.51646
4,-1.13895,-0.0905314
4,0.481817,0.449047
4,1.16151,0.59491
4,-1.5922,0.522997
4,-0.920294,-0.312245
4,1.23325,-0.496417
4,0.810015,-0.692429
4,0.418374,-0.216415
4,-0.549525,-0.547422
4,-0.379267,0.0370075
4,-0.646792,0.0342514
4,1.63965,-0.119892
4,1.45764,0.450242
4,-0.350883,-0.368808
4,-1.65159,0.152507
4,-0.476775,-0.157594
4,-1.1127,-0.612328
4,-0.42336,0.642786
4,1.27089,0.31829
4,0.706903,-0.156283
4,-0.738861,-0.356442
4,0.89008,-0.110481
4,0.890125,-0.430004
4,0.912964,-0.270655
4,-0.633215,0.682134
4,1.09923,-0.183303
4,-1.5898,-0.631201
4,-0.895065,0.416695
4,0.522813,0.151707
4,-0.690469,0.484967
4,0.992238,0.0233971
4,-0.687571,-0.0892879
4,-0.55589,-0.341851
4,-1.09535,-0.395906
4,1.12699,-0.355225
4,0.629442,0.615171
4,-0.627934,-0.0208272
4,1.36028,0.500447
4,0.697476,-0.417044
4,0.855404,0.496226
4,0.810945,-0.228279
4,1.35697,-0.144247
4,-1.04493,0.368901
4,0.902722,-0.31968
4,1.71081,-0.055562
4,1.3236,-0.0185436
4,-0.523037,-0.545528
4,-0.492525,-0.356132
4,0.41705,-0.112687
4,-1.51597,-0.611353
4,0.668126,0.208327
4,1.33268,0.515886
4,-0.777249,-0.550643
4,-0.432462,-0.361408
4,-0.570969,0.175155
4,-0.820299,-0.379821
4,-1.07565,-0.0708403
4,1.51384,0.593413
4,1.32215,0.268136
4,-1.12374,0.503583
4,1.41001,0.572633
4,1.64773,0.0678371
4,-0.907784,0.197054
4,-1.11861,0.339505
4,-0.335506,0.0631914
4,0.533012,0.406477
4,0.93292,-0.666048
4,1.31368,0.301989
4,0.586082,-0.43944
4,-0.924583,0.0616376
4,-0.610952,-0.682033
4,0.557738,0.6787
4,0.428888,-0.534809
4,1.46092,-0.178769
4,0.716854,0.45205
4,0.948792,-0.685627
4,-1.33618,0.495259
4,1.33831,-0.538612
4,-1.67603,-0.356958
4,-1.23414,-0.403849
4,-1.66084,-0.554666
4,1.3275,-0.281809
4,0.76124,0.480411
4,-0.600262,-0.526957
4,1.62604,0.625405
4,-1.21742,0.487871
4,-0.565659,0.487761
4,-0.889571,-0.23934
4,1.16847,-0.0795464
4,1.27283,-0.495392
4,-0.740902,0.668223
4,1.32505,-0.665931
4,0.656677,-0.37462
4,1.38612,0.376016
4,0.861857,0.222907
4,-0.737223,-0.419222
4,0.902706,-0.418893
4,-1.25575,0.155239
4,-1.3424,-0.384496
4,-0.722415,-0.256367
4,1.1506,0.52514
4,0.38155,-0.467992
4,0.700065,-0.55217
4,1.05642,-0.512079
4,0.646346,-0.0158508
4,-0.550663,-0.176756
4,-0.611327,-0.10103
4,1.42321,0.644581
4,-1.02903,0.0775059
4,-0.945325,0.275208
4,-0.632793,0.500873
4,1.24411,0.092915
4,1.48867,-0.247596
4,-0.720022,0.340972
4,-0.302554,-0.261587
4,-1.53456,0.138231
4,-1.624,-0.150517
4,1.0237,0.674398
4,1.22004,-0.297433
4,-0.361209,0.0894149
4,-0.787342,-0.194671
4,-1.36158,-0.0687267
4,1.51319,0.411792
4,0.393434,-0.541439
4,-0.529037,0.0813644
4,-0.424751,-0.379327
4,-0.919316,0.56172
4,-1.36621,0.593548
4,-0.965515,-0.00710337
4,-1.27245,-0.327387
4,0.619416,0.351101
4,0.813213,0.0680782
4,1.04227,0.169677
4,-1.49574,-0.255099
4,1.27546,0.0135046
4,-0.638021,-0.0894581
4,0.963986,0.57292
4,-0.923838,-0.0777633
4,-1.46998,0.0817347
4,-0.834425,0.703455
4,1.52313,0.59402
4,-1.0394,-0.302178
4,-1.67011,0.624918
4,0.689928,0.599148
4,1.59324,0.597244
4,1.60601,0.645193
4,0.74318,0.484181
4,0.943437,0.372518
4,0.88992,-0.362909
4,0.852554,-0.226364
4,-1.68207,0.347061
4,0.676149,-0.626202
4,1.25202,0.141202
4,-0.449847,0.268409
4,-1.42052,0.323459
4,1.51815,-0.550856
4,-1.30675,-0.141116
4,-0.865364,0.646949
4,-1.07735,0.631665
4,-1.55826,0.0606586
4,1.52568,-0.654686
4,-0.983432,0.430641
4,-1.5411,-0.0218037
4,-1.38762,0.230387
4,-0.736674,-0.321515
4,-0.474497,-0.168632
4,-0.975549,-0.0761486
4,-1.1492,0.108079
4,-1.65476,-0.659182
4,-0.630927,-0.602504
4,0.561082,0.412614
4,0.552585,0.629519
4,-1.27114,0.309863
4,0.364392,-0.527335
4,1.68032,0.448932
4,-1.0604,0.527809
4,-1.21809,0.0842582
4,1.63853,0.528825
4,0.832021,0.666178
4,1.51403,-0.597393
4,-0.398184,-0.166871
4,0.805835,0.547381
4,0.885989,0.598676
4,0.949167,-0.438744
4,1.0531,0.499161
4,1.40107,-0.127579
4,1.14133,0.357657
4,-0.759902,0.311877
4,1.49059,0.223442
4,-1.32174,0.563325
4,-0.539909,0.429222
4,-0.828527,0.137604
4,-1.28457,0.662545
4,1.45583,-0.240983
4,-0.499039,-0.191502
4,-0.762271,-0.442758
4,-1.59864,0.0795392
4,-0.573313,0.325678
4,-1.44814,0.0199427
4,0.676085,0.00616733
4,-1.41885,-0.411859
4,0.572086,-0.470718
4,-1.15957,-0.0843916
4,1.54255,-0.562884
4,0.35555,-0.205344
4,1.12378,-0.667426
4,1.35875,0.163396
4,-0.886586,-0.329845
4,1.14145,-0.406986
4,-0.509393,0.586448
4,0.856255,0.0375181
4,0.438338,0.253328
4,1.10311,-0.0463956
4,-0.527696,0.0101819
4,-0.764918,-0.149166
4,1.66975,-0.0958804
4,0.364635,-0.448084
4,0.850532,-0.314252
4,-0.481264,-0.0427662
4,-1.30689,0.101743
4,-0.663851,0.361967
4,1.45884,-0.314475
4,-1.40964,-0.588081
4,1.50245,0.307945
4,0.727847,-0.382687
4,-1.56082,-0.054113
4,-0.413109,0.159379
4,-1.49864,0.611761
4,0.583122,0.248102
4,-0.752686,0.214931
4,0.584234,0.548426
4,1.33188,0.165477
4,-0.60789,0.00652365
4,-0.962583,0.118515
4,1.13496,0.372737
4,0.681857,-0.184477
4,-0.720048,-0.0675522
4,-1.06586,-0.27436
4,0.457336,-0.259217
4,-0.639045,0.350263
4,1.07293,-0.174156
4,-1.33956,-0.494472
4,-0.519159,-0.0603766
4,-0.621786,0.237483
4,-0.794534,0.100459
4,-1.49647,-0.283474
4,-0.413092,-0.388796
4,0.603562,0.469659
4,-0.765879,0.340046
4,0.570072,-0.0149157
4,0.965037,0.598926
4,0.690675,0.330121
4,1.28095,-0.304331
4,1.45876,0.124965
4,0.457506,0.343747
4,-1.52748,0.617735
4,0.575274,-0.24528
4,-1.64715,-0.317568
4,-0.410552,0.575719
4,1.11571,0.220515
4,1.46831,-0.675778
4,-0.89845,0.221299
4,-0.439886,-0.538419
4,-1.06185,0.120848
4,-1.47662,0.668247
4,-1.31491,0.495323
4,-1.59963,0.0467624
4,-1.44021,0.661606
4,-0.736699,0.25561
4,0.429727,0.467125
4,-0.941046,-0.653126
4,1.57464,0.62927
4,1.31625,-0.335089
4,0.338431,0.63079
4,-0.573454,0.245609
4,0.686981,0.16405
4,1.43845,-0.384944
4,-0.538866,0.664141
4,-0.678596,0.321765
4,1.4187,0.608002
4,0.726371,0.330461
4,-0.825643,-0.327911
4,-0.977798,0.385058
4,-1.67172,0.41269
4,0.923794,-0.60609
4,1.35907,0.551193
4,0.794464,0.556612
4,0.590491,-0.0958164
4,1.59963,-0.336547
4,0.377915,-0.370124
4,-0.440444,0.447272
4,-1.49301,-0.526951
4,-1.34113,-0.0752819
4,-0.856385,-0.0186316
4,1.00486,0.413811
4,-0.50891,-0.58174
4,-0.802084,-0.667275
4,0.534851,0.588709
4,-0.472242,0.67447
4,0.611581,0.178545
4,0.418751,0.291019
4,0.550401,-0.165493
4,-1.14378,0.560032
4,-0.942775,0.124032
4,1.52959,0.28543
4,-1.21265,-0.0971467
4,-1.27379,0.216658
4,1.01316,0.137967
4,-0.584085,0.438282
4,-0.586819,0.352748
4,1.14668,-0.655118
4,1.60614,-0.625003
4,-0.970795,0.265558
4,-0.400371,0.33558
4,0.535559,0.605996
4,1.45281,-0.0517161
4,0.490577,-0.70385
4,1.27232,-0.541189
4,-0.682363,0.205295
4,-0.758111,-0.360133
4,-1.52757,0.248592
4,1.2961,0.0410296
4,-0.574336,-0.319191
4,1.24165,-0.530476
4,1.01979,-0.417504
4,-1.04921,-0.449985
4,0.325218,-0.408409
4,1.67508,0.0601014
4,1.20107,0.439238
4,-0.647946,-0.432349
4,-0.69338,0.597676
4,0.824865,0.66866
4,0.773187,-0.216368
4,1.44018,-0.572854
4,-0.960296,-0.0513781
4,0.595628,0.202082
4,-1.07193,0.526323
4,0.33628,-0.384396
4,-1.31124,0.242737
4,1.06032,0.0990856
4,1.05134,-0.209827
4,-1.33294,-0.494182
4,-0.410933,0.0708866
4,-1.02287,0.358813
4,1.38687,0.374377
4,0.530607,-0.703475
4,1.2659,0.562387
4,1.426,0.614969
4,-1.28763,0.284919
4,-0.954416,0.399524
4,-0.721665,0.665435
4,0.987413,-0.663903
4,-1.38699,0.439224
4,-0.980608,0.053561
4,0.552129,0.691045
4,0.44626,0.0927295
4,-1.41163,0.441291
4,1.51153,0.628182
4,-1.33264,-0.0536301
4,1.20007,-0.674662
4,-0.593664,-0.282764
4,1.28952,0.491313
4,0.340763,-0.559147
4,-0.705953,0.43823
4,-1.16635,-0.660818
4,-1.27927,-0.259839
4,0.350855,-0.192616
4,1.67587,0.00965774
4,-1.0918,-0.563907
4,0.379676,-0.227709
4,-1.23114,-0.511794
4,1.57408,0.175988
4,-0.837355,-0.532127
4,0.461093,0.430124
4,-0.349543,-0.493857
4,-0.563504,0.451403
4,-1.26406,0.0729257
4,0.825852,-0.206192
4,-0.845175,0.0475568
4,-1.62108,-0.164979
4,-0.927157,0.0406653
4,1.00768,0.664862
4,1.1923,0.705345
4,1.50577,0.685524
4,0.583311,0.670129
4,0.846132,-0.0977316
4,1.34964,-0.409415
4,-0.952462,0.540158
4,-1.24016,0.622241
4,-1.44042,-0.12678
4,1.64342,-0.252665
4,1.66297,-0.531945
4,-1.63195,-0.0517873
4,1.02818,0.323565
4,-1.27387,-0.669196
4,-0.722589,0.272588
4,-0.323545,0.41493
4,-1.21161,0.198713
4,-0.318767,-0.386141
4,-0.778212,0.476919
4,-0.409835,0.374847
4,-1.47988,-0.281687
4,-0.561062,-0.105772
4,1.02993,0.219821
4,1.23223,-0.688941
4,-0.82513,-0.0846594
4,-1.28041,0.380973
4,0.738241,-0.0553937
4,-0.893943,0.107244
4,-1.16712,-0.620069
4,-1.66999,-0.371657
4,0.862452,0.329631
4,1.3331,-0.11329
4,0.563491,0.457904
4,-0.832062,0.367241
4,-0.548203,-0.25501
4,-0.488477,-0.192049
4,1.05127,0.526915
4,0.637745,-0.0329303
4,-1.59136,-0.12336
4,-1.11184,-0.203927
4,-0.695937,-0.605302
4,1.45545,0.610785
4,-1.52893,0.34463
4,1.24735,-0.52994
4,-0.773525,0.194749
4,0.591584,-0.019332
4,-1.68035,-0.664436
4,1.28212,0.3902
4,0.865581,-0.661534
4,-1.11389,-0.0804728
4,1.21543,-0.367707
4,0.727858,0.202821
4,0.522369,0.648302
4,-0.827354,-0.363243
4,-1.28768,-0.231195
4,-0.691845,-0.406844
4,-0.570906,-0.0674566
4,0.517736,-0.0116154
4,-1.4913,-0.571624
4,-1.54722,0.528068
4,-0.527662,-0.495234
4,-0.670472,0.0419424
4,-1.36539,0.00654077
4,-0.303277,0.0768144
4,-1.27521,-0.0993137
4,-0.989716,0.148309
4,0.792019,0.376203
4,-1.00499,0.602285
4,-1.50748,0.350355
4,-0.707394,0.531123
4,-0.859128,-0.6685
4,-1.63406,-0.520939
4,0.837411,0.0101952
4,-0.705455,-0.0989794
4,-1.4015,-0.588319
4,0.351019,-0.503779
4,1.40987,0.194973
4,0.702595,-0.534067
4,1.33574,0.468246
4,-0.362572,-0.0503914
4,0.478174,0.134498
4,-1.35511,-0.15302
4,0.865631,0.175489
4,1.3697,-0.652215
4,-1.20153,-0.188663
4,-0.339669,0.580611
4,1.03107,-0.40608
4,-0.915363,-0.226908
4,-1.28757,0.0997581
4,-0.790694,0.119989
4,1.54392,0.404949
4,-1.6072,-0.0357868
4,-1.27602,-0.420912
4,1.26505,0.208385
4,-1.50182,0.258065
4,-1.62615,0.204849
4,-1.31903,-0.218351
4,1.56044,0.529499
4,0.788776,0.525227
4,0.367313,-0.227969
4,-1.03314,-0.526547
4,-1.69076,0.249442
4,1.33224,-0.456814
4,0.951891,-0.480823
4,-0.685697,0.152335
4,0.383956,-0.0921127
4,-1.47434,-0.581022
4,1.52721,-0.41093
4,-1.13666,-0.684811
4,-1.62717,0.467657
4,-0.556095,-0.483916
4,1.66771,-0.288515
4,0.669472,0.225149
4,-0.711621,0.0904912
4,0.742151,0.0702569
4,0.373127,-0.287895
4,0.738897,0.465588
4,1.29631,-0.344588
4,1.00802,-0.591782
4,0.903066,0.353365
4,-0.974577,-0.208664
4,0.918586,0.558366
4,1.67851,0.420983
4,-1.22484,-0.539179
4,1.04132,-0.011548
4,-1.51976,0.106396
4,-0.634791,0.22075
4,1.37902,-0.372905
4,1.50328,0.374237
4,1.22454,0.307768
4,1.43646,0.491962
4,1.27903,-0.583131
4,-1.54928,0.647746
4,1.57919,0.502677
4,-1.4832,0.0202646
4,-1.26765,0.189616
4,0.469139,-0.142239
4,1.45893,-0.0651184
4,-0.678086,0.679999
4,-1.6422,0.6536
4,0.833429,0.586981
4,-1.17242,0.0242266
4,-1.1714,0.252137
4,-1.60557,0.170776
4,0.648733,-0.235797
4,-1.44595,0.303127
4,-0.688646,-0.409349
4,-1.09702,-0.302114
4,-1.25264,0.455562
4,1.25968,-0.462369
4,0.532609,0.275989
4,-1.28439,-0.642245
4,-1.33044,0.447596
4,-0.660249,-0.4771
4,0.341097,0.208422
4,-1.26369,-0.60108
4,-1.41429,0.358373
4,-0.519845,-0.270327
4,0.47627,-0.051836
4,-0.684078,-0.225864
4,-1.00378,-0.345341
4,0.720372,-0.214009
4,-0.527433,-0.5518
4,1.53836,0.467633
4,0.373762,0.262689
4,0.846249,0.552584
4,0.623336,0.340551
4,-0.754011,-0.0876617
4,-1.55458,0.649191
4,-1.02631,-0.635916
4,-1.22064,0.479074
4,-1.52765,0.0707759
4,1.22102,-0.203768
4,1.13113,-0.0888919
4,-1.38431,0.324449
4,1.49133,-0.525305
4,1.3804,-0.666627
4,1.29322,0.226569
4,0.988005,0.59665
4,-0.83529,-0.218783
4,1.37691,-0.167584
4,0.918481,0.419147
4,-1.17672,0.457401
4,1.66727,-0.644388
4,-0.664217,-0.32305
4,0.863148,0.580829
4,0.704235,0.244078
4,0.759227,0.164059
4,1.17071,0.092639
4,-1.01553,0.202757
4,0.809565,-0.270096
4,-0.645817,-0.24453
4,-1.13457,-0.0105896
4,1.29352,-0.616699
4,1.15783,-0.00623667
4,-1.14465,-0.0202016
4,1.17216,-0.462216
4,-0.654423,0.417263
4,-0.852699,-0.405789
4,0.568861,-0.673946
4,0.442053,0.421224
4,-1.1344,-0.097618
4,0.878673,-0.1464
4,-0.630791,-0.0127228
4,-1.52672,0.0309877
4,-1.37191,0.162652
4,-1.46805,-0.560602
4,1.08996,-0.0785069
4,0.482463,-0.264767
4,1.20713,-0.0699537
4,-1.22801,-0.484248
4,-0.421472,-0.404817
4,-0.383384,-0.176338
4,-0.355924,-0.44201
4,-1.29489,-0.65586
4,1.63064,0.153134
4,-0.485535,0.385198
4,-1.70402,0.22035
4,0.441541,0.185883
4,0.829215,0.570888
4,-1.41161,0.420367
4,1.62449,0.432166
4,-0.349043,-0.701807
4,-0.338898,0.141398
4,1.01569,0.0626675
4,1.60075,-0.505073
4,0.470022,0.566841
4,-1.15701,-0.0716892
4,-1.03707,-0.0232641
4,0.780222,-0.129945
4,-0.727718,-0.415926
4,-0.481741,0.109522
4,-0.634694,0.0300173
4,-1.33239,-0.550764
4,0.812662,-0.647779
4,0.983807,-0.161869
4,-1.66894,0.039275
4,1.52548,-0.340285
4,-0.950744,0.30479
4,0.401898,0.0196525
4,-0.437825,-0.135788
4,-1.50281,-0.409092
4,-1.60004,0.617859
4,-1.44684,0.152513
4,1.47595,-0.13525
4,1.12967,0.0554053
4,1.42434,-0.420059
4,-0.392415,-0.0391135
4,0.659975,0.500968
4,0.541271,-0.632687
4,-0.901778,0.229641
4,1.34724,0.3054
4,-1.21939,0.0187493
4,-1.12802,-0.435515
4,-0.986959,0.0302808
4,-0.705095,-0.51445
4,-1.65588,-0.610478
4,0.770445,0.5401
4,0.408101,-0.366158
4,-0.846156,0.598501
4,1.47169,-0.343009
4,1.28356,-0.397179
4,-1.18148,0.0841335
4,-0.722652,-0.439075
4,0.772491,0.211991
4,1.13623,0.542425
4,-0.544283,0.439673
4,-0.46477,-0.517357
4,-0.826342,0.20114
4,1.18611,0.563951
4,-0.907272,0.0590369
4,1.5944,-0.570627
4,-1.36081,0.166197
4,-0.807664,0.548284
4,1.07105,-0.304109
4,-1.17342,-0.230807
4,-0.649536,-0.684417
4,-0.573993,0.597735
4,1.29432,-0.55983
4,0.420464,0.319053
4,1.33421,0.627431
4,-1.61648,-0.587413
4,-0.938787,0.654953
4,0.544574,-0.638589
4,1.63634,0.323416
4,0.372731,-0.539307
4,1.23797,-0.56929
4,-0.308218,-0.292059
4,0.978176,-0.473752
4,0.626825,0.136414
4,1.02985,0.61067
4,1.4249,0.329675
4,0.390934,-0.656421
4,0.799552,0.102194
4,0.841878,-0.371263
4,-1.63642,-0.669877
4,-1.41703,-0.675772
4,1.11942,0.629173
4,1.3733,0.656781
4,0.976941,0.306365
4,-0.907294,0.0444652
4,-0.672122,0.226208
4,0.60531,-0.569272
4,1.61045,0.413587
4,0.413645,-0.389945
4,-0.682772,-0.438212
4,-1.04799,-0.493128
4,0.594899,0.491707
4,0.384465,-0.148128
4,0.910573,0.475388
4,-1.64064,0.32936
4,0.481827,0.228568
4,0.972338,-0.528935
4,1.22704,-0.163942
4,-1.103,-0.571956
4,-0.526994,0.614153
4,0.774105,-0.371
4,-0.753795,-0.343065
4,-0.932848,0.144943
4,-1.306,-0.482233
4,-1.52084,-0.442355
4,0.823507,0.651937
4,-1.00996,-0.0953024
4,-1.46255,-0.162211
4,0.827433,0.00336764
4,0.424837,0.25111
4,-1.58391,0.316042
4,-0.817034,-0.667591
4,1.21131,-0.261825
4,-1.09435,0.443826
4,-1.6812,-0.229606
4,0.386476,0.204216
4,0.969462,0.251446
4,1.20967,0.200484
4,1.17308,0.536011
4,0.351494,0.554987
4,1.21454,-0.476612
4,-0.407963,-0.424232
4,0.806957,-0.304219
4,0.339243,-0.30956
4,-1.17335,-0.252094
4,-1.14735,-0.391689
4,0.397732,0.289222
4,-1.46025,-0.182942
4,1.25819,0.216929
4,1.61437,-0.227754
4,1.03774,0.0319353
4,-0.756087,0.535797
4,-0.810561,0.405558
4,-1.1419,0.657302
4,0.579624,-0.140611
4,-0.806568,-0.699337
4,0.366514,-0.271635
4,1.17713,-0.273928
4,0.341089,-0.38925
4,1.49688,-0.578718
4,1.49987,0.373574
4,-0.864614,-0.269287
4,-1.24303,-0.502982
4,0.711852,-0.525169
4,0.655806,0.577051
4,-0.780302,0.479813
4,-1.35579,-0.0934457
4,-0.469956,0.137815
4,1.30725,0.660176
4,-0.817281,-0.588328
4,-1.32581,0.679922
4,-0.76255,-0.0331314
4,-1.46156,0.486054
4,0.876703,-0.0583928
4,0.795201,-0.613314
4,1.65379,-0.535278
4,-1.28108,-0.352802
4,1.5426,-0.19536
4,0.344706,0.108564
4,-0.373621,-0.366377
4,1.59235,0.171833
4,-0.61202,-0.254136
4,0.588821,-0.156309
4,0.935459,0.438717
4,-1.65343,0.202885
4,-0.866431,-0.246374
4,0.805613,0.137698
4,1.43551,-0.31437
4,-0.474512,0.662937
4,1.62939,0.0592876
4,-1.09692,-0.242154
4,-1.38759,0.428799
4,0.999239,-0.554199
4,1.00019,0.227937
4,-0.36641,-0.360914
4,-0.621383,-0.0852257
4,-0.727694,-0.450457
4,-0.739751,0.606274
4,0.982649,0.620838
4,-0.535299,-0.568509
4,-1.33087,0.0365863
4,1.15906,0.454079
4,-0.618382,0.412809
4,-1.54455,-0.540287
4,-0.819661,-0.469772
4,1.65369,0.180496
4,0.649151,-0.386293
4,-0.785498,-0.334246
4,1.42956,0.61318
4,0.572012,0.400759
4,-1.01868,-0.108555
4,-1.68515,-0.560329
4,1.11608,-0.655789
4,1.2508,-0.00618
4,-0.498624,-0.202857
4,-0.966687,-0.565679
4,-0.426784,-0.64322
4,1.01778,0.000791322
4,-0.584444,0.161948
4,-0.388034,-0.0469958
4,-1.19408,0.600088
4,1.20184,-0.396227
4,0.802882,0.241856
4,1.37106,-0.0263309
4,-1.13174,-0.685712
4,-1.69254,0.208769
4,1.51844,-0.197336
4,-1.65748,0.336586
4,0.962903,0.0222238
4,-1.47718,-0.431233
4,-0.660425,0.461
4,0.978325,0.190063
4,-1.46725,-0.108729
4,0.603625,0.641055
4,-0.594168,-0.383203
4,-1.09526,0.64967
4,1.41698,-0.141008
4,1.50412,-0.528441
4,0.52547,0.316409
4,0.320398,-0.181973
4,1.49527,-0.615438
4,1.50354,-0.0179311
4,-1.69968,0.115401
4,1.54163,-0.110901
4,-1.30293,0.146941
4,-0.318994,0.139627
4,0.574484,0.473616
4,-0.552171,0.294008
4,0.359311,-0.2214
4,0.330639,0.546093
4,-1.09477,-0.0290149
4,-1.53946,0.596976
4,-1.56887,0.17306
4,-1.24312,0.0187385
4,0.368758,0.183144
4,-0.711628,-0.604044
4,-0.671141,-0.199237
4,-1.53019,0.00023885
4,-1.62982,0.518728
4,-0.776297,0.415403
4,-0.375529,-0.199062
4,0.857802,0.463688
4,-1.6408,-0.611297
4,-0.50259,0.376451
4,-1.261,-0.527709
4,-0.746067,0.135972
4,-1.51012,0.421708
4,1.42252,0.457229
4,-1.6368,-0.580418
4,1.53617,-0.138378
4,0.939403,-0.456566
4,-1.43586,0.507033
4,-0.393732,-0.505321
4,0.478868,0.436707
4,-1.20112,-0.0775543
4,0.700379,-0.681748
4,-1.12306,0.380004
4,-1.4709,0.20748
4,-1.55889,0.534778
4,-0.428209,0.489952
4,1.09368,0.519735
4,0.600988,0.119201
4,-1.18562,0.0197835
4,0.914201,-0.251614
4,1.00105,0.433995
4,-0.391613,0.535139
4,0.761383,0.136965
4,-0.40441,-0.618861
4,-1.30606,-0.630354
4,-0.657329,-0.384747
4,-0.4824,0.224584
4,-0.645272,-0.321615
4,0.747762,-0.697345
4,-1.42094,0.345058
4,0.341263,-0.334164
4,1.28023,0.0711871
4,0.590098,-0.0301174
4,1.11164,0.398367
4,-0.356066,0.435834
4,0.467296,0.40291
4,-0.636005,-0.568045
4,0.75632,-0.606433
4,1.41065,-0.533752
4,-0.795186,0.43791
4,0.622591,0.368413
4,1.6727,0.388042
4,-1.56904,-0.0376381
4,1.09276,0.0634577
4,-0.980359,0.431839
4,0.342414,0.657736
4,1.2373,0.358917
4,-0.675893,0.304139
4,-1.6803,0.580033
4,-0.619838,0.0580279
4,-1.45706,-0.0305721
4,-1.52816,-0.417593
4,-0.42317,0.0236898
4,-0.746638,0.242431
4,0.792812,0.319702
4,-1.43301,0.419394
4,0.689702,0.416777
4,0.98761,-0.346274
4,1.24299,0.395221
4,-1.62483,-0.0774458
4,1.6285,0.656663
4,0.531239,-0.309895
4,-0.441325,0.533959
4,1.0809,0.534352
4,0.477014,-0.218812
4,-1.29448,-0.34824
4,1.64257,-0.583472
4,-1.69766,0.554142
4,0.529158,-0.523014
4,1.36925,-0.645802
4,-1.09037,0.49522
4,-1.38075,-0.651257
4,-1.4437,0.110484
4,0.781098,0.0180064
4,-0.571306,-0.228241
4,0.929374,0.365599
4,1.02675,0.166345
4,-0.994341,-0.191503
4,1.16136,-0.591678
4,0.348768,0.0116766
4,0.828061,0.619608
4,1.16402,0.225069
4,0.44366,0.318938
4,-0.548353,-0.0694995
4,0.591904,-0.189845
4,1.08956,0.62854
4,1.37902,0.230126
4,0.596876,0.496861
4,1.51485,-0.167954
4,1.10402,0.410167
4,-1.16234,-0.634772
4,1.10718,0.488729
4,-0.912552,0.678796
4,1.62467,0.44471
4,-0.834339,0.253068
4,-1.65539,-0.0356447
4,0.698279,0.413181
4,-1.63839,-0.195842
4,-1.20181,-0.317666
4,-0.422191,-0.124475
4,0.400496,-0.338193
4,1.58234,-0.577647
4,-0.536493,0.0642703
4,-0.306517,0.0293489
4,1.23507,0.25059
4,1.22375,-0.130431
4,1.56433,0.652673
4,-0.690191,-0.423219
4,0.406598,-0.544255
4,-1.52325,0.0440241
4,-1.61981,0.655684
4,0.491058,0.260939
4,0.963774,-0.107664
4,-0.854908,0.387489
4,0.933788,-0.346286
4,-1.0789,-0.154672
4,0.335951,-0.442966
4,1.30679,-0.569913
4,-0.49733,0.633545
4,-0.797948,0.410815
4,-1.64962,-0.425272
4,0.96339,-0.556399
4,-0.852706,0.584007
4,1.07545,0.59429
4,-0.671337,-0.518867
4,-0.452036,0.0184657
4,1.27913,0.670569
4,-0.640321,0.424011
4,1.43796,-0.393486
4,-0.65753,0.482329
4,-1.26065,0.371274
4,1.32764,0.595741
4,-0.582915,-0.513963
4,-1.5345,-0.196583
4,1.16951,0.673344
4,1.6505,0.421685
4,-1.37303,0.326596
4,1.63645,0.0722416
4,-1.10992,0.359338
4,-1.23667,0.315078
4,0.804137,-0.53592
4,0.679431,-0.431938
4,1.03019,-0.516645
4,-0.972462,-0.119924
4,0.635507,-0.382913
4,0.436681,-0.0386999
4,-1.04491,0.645976
4,1.58317,-0.631956
4,1.55048,-0.192848
4,1.45897,-0.0913384
4,-0.926274,0.381618
4,1.45698,-0.573096
4,1.23263,-0.154828
4,0.824753,0.405123
4,-0.808969,0.271332
4,0.929845,0.127028
4,1.53756,0.352968
4,-0.65284,-0.0789295
4,-1.21462,-0.0441194
4,-0.307691,0.472904
4,-1.26026,0.0371609
4,0.626778,0.685923
4,1.17451,-0.542753
4,-0.460212,-0.287481
4,-1.62697,0.243652
4,0.761269,0.259224
4,1.52131,-0.189793
4,-1.19171,0.400662
4,-1.13059,0.43057
4,-0.976553,-0.551509
4,0.326852,0.0625853
4,1.10904,-0.506129
4,1.43678,0.429343
4,-1.14961,-0.629456
4,-0.632128,-0.411942
4,-1.51761,0.590143
4,-0.352984,0.433612
4,1.54879,-0.0579381
4,-1.32982,0.486
4,0.944795,-0.420724
4,1.36545,0.516523
4,-0.496793,0.400891
4,-1.38532,-0.395099
4,1.02783,-0.448881
4,1.66453,-0.279262
4,0.839401,-0.316433
4,-1.12454,0.22464
4,1.39124,-0.163677
4,-1.43431,0.565448
4,-1.39596,0.491846
4,-0.859532,0.664664
4,-1.19613,-0.438755
4,0.559276,-0.450956
4,-0.936283,0.637203
4,-0.535784,0.0935158
4,-0.404246,-0.212878
4,-1.43889,0.374274
4,-1.6748,-0.0661531
4,-0.591649,0.0450922
4,-1.36434,-0.0144492
4,-1.21881,0.646912
4,1.16392,-0.364492
4,-1.47521,0.54318
4,-1.31767,0.269399
4,-0.554863,0.479123
4,1.48869,0.298577
4,-1.05701,0.398829
4,1.55199,0.470629
4,1.32092,0.496025
4,-0.413058,0.385817
4,0.345836,-0.157753
4,-1.62183,0.296985
4,1.24445,-0.24722
4,-1.5375,0.436238
4,1.08064,-0.37884
4,0.434735,-0.294915
4,0.461167,-0.0160828
4,-1.53299,-0.37751
4,-0.629283,-0.489796
4,0.930753,-0.573473
4,0.535804,-0.238128
4,0.422979,-0.299366
4,0.942153,-0.419294
4,0.453139,-0.434783
4,0.412699,-0.614636
4,1.37295,-0.390388
4,-0.750796,0.183534
4,1.63267,0.636166
4,0.94249,-0.134889
4,1.16506,-0.611281
4,1.58762,-0.538353
4,-1.39647,-0.453302
4,-0.790277,-0.655353
4,0.548204,0.105641
4,-0.470441,0.457983
4,0.604437,-0.459089
4,0.470137,0.327397
4,-0.403418,-0.627741
4,1.25731,-0.204372
4,0.881632,0.6563
4,0.60275,-0.22024
4,-1.10643,0.0753836
4,-1.64991,0.592404
4,-0.545784,0.554962
4,-1.64623,-0.429511
4,1.29957,-0.379769
4,-0.403825,0.373813
4,-1.61411,-0.315036
4,-0.417319,-0.274647
4,0.957744,-0.0843385
4,-0.953236,-0.203414
4,-1.02219,-0.110804
4,0.72038,-0.677772
4,0.563447,0.65097
4,-0.747557,0.0396096
4,-0.465497,0.628405
4,0.997103,0.119577
4,-1.04137,0.128697
4,1.17532,0.689432
4,-1.55836,-0.225311
4,0.695722,-0.276677
4,1.25169,0.684314
4,1.66403,-0.10651
4,1.47405,-0.449741
4,1.44719,-0.473011
4,1.10074,-0.13969
4,-0.784599,0.165155
4,0.965042,-0.460392
4,1.44892,0.12508
4,1.37915,0.431116
4,1.63077,-0.295443
4,1.27957,-0.308437
4,1.55485,0.285733
4,1.26333,-0.659603
4,0.509905,-0.252886
4,0.440984,0.635256
4,-0.531277,0.0998039
4,0.968517,0.427262
4,-1.59508,0.231702
4,1.06295,0.328287
4,-0.670989,0.152605
4,1.0652,0.64558
4,-1.26266,0.0383787
4,0.550099,0.0503564
4,1.29608,0.650326
4,1.63341,-0.632768
4,0.805778,-0.614545
4,1.47762,-0.101407
4,0.410535,0.120763
4,1.23496,-0.573298
4,-1.57321,-0.5978
4,-0.939686,-0.505003
4,-0.892564,0.557819
4,-1.55536,-0.443557
4,0.794703,-0.677318
4,0.563626,-0.611555
4,-1.16362,0.356006
4,0.541028,-0.0542541
4,1.03145,-0.599372
4,-1.69617,0.400599
4,-1.39965,0.656861
4,1.47629,0.550438
4,-0.408742,0.0558855
4,-1.0407,-0.403863
4,-0.687022,-0.693897
4,-1.60307,-0.373629
4,-0.891717,-0.564698
4,-1.6159,-0.471426
4,1.60335,-0.10022
4,0.655607,-0.36552
4,0.574884,0.145222
4,1.54992,-0.235762
4,-0.755602,0.230857
4,1.41988,-0.699693
4,1.27545,0.451166
4,1.57694,0.411941
4,-0.532372,-0.129994
4,-1.11659,0.567545
4,-0.82317,-0.214051
4,-0.627335,-0.163159
4,-1.12675,-0.550075
4,0.937076,-0.325883
4,0.893262,-0.665137
4,0.34535,0.44431
4,0.517999,0.382732
4,-1.58535,-0.254335
4,0.427319,0.174114
4,0.309661,0.0914116
4,1.04997,-0.258985
4,-0.586644,0.726759
4,0.687138,-0.260017
4,-0.50599,-0.0895273
4,-1.20548,-0.12585
4,-0.507268,-0.129484
4,1.61465,0.0550343
4,-1.41102,0.354293
4,1.09227,0.0215166
4,-0.568484,-0.315713
4,-0.947303,-0.0166472
4,0.82802,0.42219
4,-0.656662,0.504246
4,1.38884,-0.195487
4,-0.494011,-0.035259
4,0.927557,-0.667629
4,0.511931,-0.192683
4,1.68919,-0.445534
4,-0.407788,0.237115
4,-1.46332,-0.0436433
4,-0.636348,-0.492009
4,-1.09609,0.597355
4,-0.695167,0.050686
4,-1.38823,0.0093409
4,0.744532,-0.102234
4,1.43623,0.571077
4,-0.370817,0.556039
4,-1.325,0.0485442
4,0.431346,-0.625239
4,1.66329,-0.361497
4,-0.808982,0.558238
4,-0.961449,-0.214471
4,-1.41921,-0.0493001
4,-0.396425,0.0985308
4,-0.613581,0.476238
4,1.64986,0.673768
4,-0.33446,0.361261
4,-1.50263,-0.611896
4,-1.1854,0.00307462
4,1.56577,-0.224912
4,0.661562,-0.232544
4,1.22653,0.50007
4,-0.693086,-0.322596
4,-0.415324,0.12537
4,0.882722,0.321135
4,0.928705,-0.677763
4,-1.5162,-0.137265
4,1.11743,-0.628146
4,1.11213,0.437299
4,0.613315,0.127256
4,0.879758,-0.526486
4,0.361818,-0.331471
4,-0.442736,-0.0398015
4,1.64037,-0.448412
4,-1.35101,-0.634729
4,-1.05283,0.588465
4,-0.715715,-0.143734
4,1.5572,-0.500157
4,-1.58509,-0.295559
4,-0.771558,-0.235776
4,0.405508,-0.67222
4,1.50534,0.360746
4,0.438455,0.315957
4,-0.617492,-0.683745
4,0.562691,0.285671
4,-0.964081,0.676058
4,1.22138,-0.324179
4,0.797683,-0.592694
4,1.46675,0.704296
4,0.880009,-0.0753501
4,-0.787529,0.295528
4,-1.33687,0.0773846
4,-1.35371,0.690066
4,-1.02091,-0.449894
4,-1.41697,-0.00282413
4,0.691388,0.417615
4,0.710413,0.0242222
4,1.1859,-0.0900638
4,-1.08447,0.259983
4,-1.66097,-0.309067
4,0.579595,0.392147
4,1.01093,-0.110311
4,0.806751,0.176342
4,-0.717792,0.40772
4,-1.66334,-0.654891
4,1.36452,-0.0867618
4,1.0378,0.364557
4,0.830113,-0.437554
4,-1.29172,-0.479683
4,1.05624,0.228566
4,-1.50618,0.427748
4,0.452393,-0.433888
4,-0.586836,-0.684673
4,0.433141,-0.439377
4,-0.948812,0.484368
4,0.406347,-0.0143465
4,-1.23792,0.224815
4,0.544077,-0.359255
4,-0.814517,0.0184056
4,-0.626698,0.457368
4,-0.6849,-0.114998
4,-1.43987,-0.637699
4,-1.1042,0.176359
4,-1.55923,0.65353
4,0.627524,-0.299147
4,-0.480591,0.0153684
4,0.495662,-0.133894
4,1.23354,0.493264
4,0.942265,-0.0676196
4,1.54325,-0.150892
4,-0.7747,-0.669536
4,-1.11498,-0.617348
4,-1.62798,-0.346538
4,-0.751763,-0.313044
4,0.602138,0.621424
4,-1.37658,-0.131364
4,0.838845,0.509243
4,-1.1285,-0.296715
4,-0.91591,-0.117163
4,-0.903397,-0.678264
4,-1.09924,0.678898
4,0.841059,0.329215
4,0.363343,-0.635752
4,-1.23437,0.0628833
4,1.62903,-0.387801
4,1.5951,0.324048
4,-0.324919,0.439596
4,0.820489,-0.393419
4,1.26444,-0.506484
4,-0.77589,-0.6674
4,-0.678211,0.226802
4,0.466133,0.016574
4,1.08001,-0.238163
4,1.55023,0.197813
4,0.645022,-0.655222
4,1.16529,0.0776442
4,-0.323661,0.461892
4,1.38524,0.334909
4,0.834927,-0.302927
4,-0.714086,0.203556
4,1.5844,-0.639428
4,1.18606,-0.0897292
4,-1.20565,-0.526223
4,-0.619178,-0.240793
4,0.886352,0.0859544
4,-0.942608,0.682977
4,-1.43938,-0.674085
4,-0.493823,-0.0380964
4,1.28701,-0.240944
4,1.48202,-0.42246
4,-0.85542,0.16461
4,1.10408,0.376638
4,-0.901263,0.66723
4,1.11226,0.573303
4,0.801088,-0.405802
4,0.531639,-0.0981539
4,-0.699125,-0.055344
4,-0.344547,-0.590907
4,0.77062,-0.175792
4,-1.23977,-0.08446
4,0.874543,-0.606767
4,1.68875,0.552582
4,-1.67436,-0.0211631
4,1.2089,-0.247145
4,1.63849,-0.429576
4,-0.357604,0.675714
4,-0.758047,-0.491262
4,0.749989,0.605936
4,1.39169,0.623316
4,-1.39612,0.337515
4,-0.650684,0.571343
4,1.57618,0.345836
4,1.02904,-0.222472
4,-0.733888,0.278421
4,0.970138,0.276199
4,-0.671103,-0.604939
4,1.07854,0.0193509
4,-0.903063,0.640142
4,0.618769,-0.153729
4,0.531095,0.278354
4,0.838937,0.12937
4,1.64849,0.623991
4,0.498138,-0.320013
4,1.25048,0.282356
4,1.38601,-0.495436
4,-1.18626,0.344117
4,0.544969,-0.304159
4,0.382412,0.416919
4,1.62988,0.118505
4,1.4257,0.400826
4,-1.3881,-0.422847
4,0.640173,-0.661984
4,-0.955796,0.0420114
4,1.52486,-0.128751
4,1.66651,0.653483
4,-0.709731,-0.130581
4,-0.668475,-0.178402
4,0.654061,-0.571896
4,1.64463,-0.389392
4,1.54404,0.508592
4,-0.347515,0.161129
4,-0.774789,-0.646224
4,1.40021,0.561646
4,1.54112,0.238234
4,-0.416952,-0.626188
4,-1.22308,0.659168
4,-0.961974,-0.422301
4,-1.30821,-0.489366
4,-0.977812,0.0309053
4,0.497182,0.287226
4,1.11373,0.433779
4,-1.4025,-0.485158
4,1.66426,0.413257
4,0.634804,-0.148971
4,-1.19529,-0.542725
4,-0.595955,0.387035
4,-0.825784,-0.106142
4,-0.698638,-0.0385154
4,1.02847,-0.323026
4,-1.34946,-0.101202
4,-1.11323,0.561393
4,-1.02408,-0.600242
4,-0.415362,-0.443809
4,1.4276,0.294912
4,1.47756,0.180182
4,-0.713277,-0.423163
4,-1.19663,0.31922
4,-0.805856,0.0217979
4,-1.64647,0.566169
4,1.55294,0.387302
5,-1.0874,0.0300794
5,-0.736792,0.561213
5,0.935391,0.0692707
5,-1.39729,-0.150442
5,0.641594,-0.367792
5,1.15813,0.0943585
5,1.55719,-0.157797
5,-1.48818,-0.164643
5,1.08778,-0.262475
5,-1.38362,0.220869
5,-0.623917,0.0137666
5,0.768379,-0.375118
5,1.51275,-0.0777755
5,-0.425762,0.455492
5,-0.972062,-0.254785
5,0.581916,-0.363285
5,-1.41745,0.313557
5,0.60842,-0.291647
5,-0.535309,0.420246
5,0.43614,0.265338
5,0.628704,-0.18118
5,-0.560149,0.0966141
5,0.904258,0.0546453
5,-1.51606,-0.249028
5,-1.37227,-0.124547
5,-0.915386,0.273238
5,-1.25676,-0.236795
5,-0.87069,-0.167632
5,-0.840638,0.244729
5,0.863589,0.4086
5,0.828707,-0.0456525
5,1.4688,-0.467026
5,-0.62733,0.403045
5,0.577772,0.413207
5,0.930232,0.110775
5,-1.35337,-0.280626
5,-0.617158,-0.233878
5,-0.761384,0.588837
5,0.709497,0.337549
5,-0.707174,-0.501529
5,-1.22445,-0.535198
5,-1.43322,-0.0132536
5,1.2782,-0.0442592
5,1.37458,0.53574
5,1.22833,-0.224138
5,0.666917,0.482641
5,-0.946032,-0.591072
5,-0.6246,0.0369331
5,0.694617,-0.443643
5,1.09034,0.126407
5,1.42504,0.115141
5,1.36332,-0.370037
5,0.744334,0.362699
5,-0.655361,0.140036
5,1.24879,-0.0980215
5,-1.05792,0.380799
5,-0.417578,-0.53023
5,1.2819,0.360191
5,0.651517,-0.445163
5,1.55616,-0.255645
5,-0.581726,0.427391
5,-0.581017,-0.049003
5,0.892344,0.133874
5,0.903053,-0.441048
5,1.3528,0.115364
5,-0.760356,0.298273
5,-0.631585,0.568297
5,-0.640601,0.185776
5,-0.833485,-0.276332
5,-1.10343,0.352973
5,-1.03916,-0.545754
5,0.637575,-0.512375
5,1.49772,-0.0756189
5,-1.30557,0.363094
5,0.41884,-0.000365668
5,0.743101,0.54023
5,-0.657456,-0.208236
5,-1.57268,-0.106855
5,-1.02678,0.384257
5,1.06341,0.207114
5,0.796738,-0.205027
5,-0.651794,0.125529
5,1.35455,0.407757
5,1.41908,0.456705
5,-1.53219,0.587602
5,0.504696,0.498836
5,-0.397409,0.540485
5,0.942601,0.569861
5,-0.620748,-0.371514
5,-1.13483,-0.403771
5,1.31339,-0.531607
5,1.02479,0.458925
5,0.428562,0.247098
5,-0.935776,0.0395638
5,1.38112,0.199376
5,-0.423802,-0.0178087
5,0.418393,0.574761
5,-1.33728,0.431013
5,-0.67865,-0.35602
5,-0.696249,-0.395056
5,0.942165,-0.293898
5,-1.29288,0.316534
5,-1.25432,-0.332596
5,0.406512,0.585881
5,0.806119,-0.163423
5,1.4465,0.0948051
5,1.12106,-0.242652
5,-1.00275,-0.111223
5,1.33196,-0.50399
5,0.8435,0.0223632
5,-1.1258,-0.264804
5,-0.765812,-0.112378
5,-0.809501,0.185728
5,1.17113,-0.0635008
5,1.39678,0.473945
5,-1.47627,-0.509009
5,-0.764799,-0.251944
5,1.06335,0.360617
5,0.687676,-0.2768
5,0.414732,0.580235
5,0.572601,0.341223
5,0.978824,-0.326759
5,-1.09613,0.20346
5,-0.758978,0.146614
5,-1.35509,0.588149
5,-0.487364,0.204179
5,0.688444,-0.513537
5,-1.03552,-0.502848
5,0.992282,-0.165924
5,1.33023,-0.38719
5,0.479107,-0.156826
5,0.830031,-0.203135
5,1.45174,-0.0591916
5,1.41099,0.303406
5,0.893998,0.33731
5,0.401766,0.580588
5,1.30968,0.0551456
5,1.26363,-0.305461
5,0.577112,-0.530801
5,-0.429982,0.0430333
5,1.13711,0.107957
5,0.635079,0.209603
5,-1.54128,0.419961
5,-1.38844,0.0751675
5,-1.56916,0.267779
5,-1.32983,-0.283138
5,0.637913,-0.205338
5,-0.840405,-0.434509
5,-0.395047,-0.380261
5,-0.823739,0.220105
5,-1.52792,0.0623669
5,0.981399,0.138717
5,0.837929,0.273694
5,1.43372,0.0493278
5,0.815539,-0.191779
5,1.20796,-0.585965
5,1.2157,-0.155232
5,1.23062,-0.330905
5,-0.682024,-0.547353
5,1.41812,-0.274722
5,1.45266,0.0242631
5,-0.956716,-0.222862
5,-0.583855,-0.457693
5,-0.752224,0.416107
5,1.37832,-0.13754
5,-1.00995,0.461701
5,-0.839198,0.0764734
5,-1.57272,0.00782477
5,0.654765,-0.317687
5,0.440465,0.413911
5,-1.14151,-0.565253
5,-0.685469,0.219613
5,-0.490737,0.599945
5,0.424876,0.33998
5,0.944607,-0.350321
5,-0.664443,-0.484963
5,-0.904087,-0.638229
5,0.550795,0.208499
5,1.59387,0.538498
5,1.51689,0.297824
5,1.03422,-0.418999
5,-0.5941,-0.54141
5,1.22606,0.563179
5,-0.671052,0.052708
5,-0.784852,-0.266984
5,-0.674785,0.274807
5,0.871921,-0.00381204
5,1.0528,-0.178203
5,1.04259,0.103209
5,0.775033,-0.488685
5,-1.11966,0.130595
5,0.823729,-0.123804
5,-1.57813,0.349403
5,1.57078,-0.514478
5,1.00801,0.202881
5,-1.48223,0.0597966
5,1.01724,-0.143446
5,-0.435201,0.422466
5,-1.27891,-0.474881
5,-0.403182,0.599854
5,0.52764,-0.446242
5,-0.945234,-0.114246
5,-1.06642,-0.401911
5,1.29437,0.475062
5,-1.22959,-0.109111
5,0.71281,0.0202506
5,-1.05472,-0.426616
5,0.444114,-0.533804
5,0.398879,-0.566802
5,-0.711782,-0.0599402
5,1.04065,-0.27847
5,-0.834115,-0.204865
5,-1.27261,-0.150077
5,1.59141,0.625426
5,1.10944,0.486016
5,-1.52922,0.373003
5,0.921137,-0.441922
5,1.41269,0.457323
5,0.707633,-0.239816
5,-0.763875,-0.138413
5,-0.665215,0.512373
5,1.23137,0.0247136
5,0.594078,0.497969
5,0.768482,0.212626
5,0.805912,0.0655893
5,1.33655,0.223161
5,1.2212,0.434455
5,0.56045,0.0363819
5,-0.586856,0.260678
5,1.57537,0.144043
5,0.602283,0.431075
5,-0.441141,-0.162326
5,-1.10197,0.495383
5,-0.512412,0.159639
5,-0.57535,0.546203
5,-1.35845,0.061923
5,-0.861032,-0.16229
5,-0.376892,-0.203889
5,1.15775,0.471057
5,-0.885891,-0.315003
5,0.751364,0.470304
5,0.661431,-0.207017
5,1.34964,0.092076
5,-1.22882,-0.160642
5,1.37639,-0.544588
5,1.23866,0.0358401
5,-0.960496,0.104054
5,-1.09881,0.270088
5,-1.34471,-0.175576
5,-1.01705,-0.278848
5,-1.06415,-0.268112
5,1.2664,-0.486844
5,1.5875,0.547719
5,1.00489,-0.377371
5,1.26955,-0.512609
5,1.22328,0.525036
5,1.10076,-0.564905
5,1.04195,-0.421043
5,-1.13126,-0.470842
5,-1.37525,-0.617664
5,0.574845,0.327043
5,-0.816826,0.157243
5,1.0851,-0.384248
5,0.502058,0.560525
5,-0.524357,-0.169461
5,-0.564534,0.0599053
5,-1.31586,0.276357
5,0.467149,0.220312
5,0.396997,0.168
5,-1.49754,-0.111353
5,1.32735,-0.0232046
5,1.34318,0.562259
5,1.3388,0.532812
5,1.28204,-0.293778
5,-0.835142,-0.578131
5,1.17639,-0.567394
5,-0.923774,-0.532582
5,1.02696,-0.0604033
5,-0.654969,-0.302865
5,0.839135,-0.0956245
5,0.861153,-0.0673456
5,1.07309,0.581912
5,-1.58384,0.285331
5,0.480188,-0.320918
5,-0.770301,-0.558287
5,0.714903,0.147386
5,0.711391,-0.207447
5,-0.607511,-0.587558
5,-0.506722,-0.477084
5,-1.56104,-0.207624
5,-1.57157,0.0728727
5,-1.21549,0.224625
5,-1.21221,-0.21026
5,1.23634,0.500563
5,-0.699522,0.0406767
5,-1.15333,-0.0684102
5,0.453183,0.551077
5,-1.42784,0.16121
5,-0.599323,0.239725
5,-1.06811,0.468153
5,-0.983425,-0.236346
5,0.905528,0.495347
5,-1.473,0.358588
5,1.17381,0.357554
5,-0.778233,-0.201874
5,0.716069,-0.0324029
5,0.983473,0.0939836
5,-0.710013,0.0612149
5,-0.794922,0.563262
5,-0.384951,-0.464499
5,-0.618871,-0.189753
5,0.878442,0.47816
5,1.25511,0.240236
5,0.977198,0.373088
5,-0.601279,0.259628
5,-1.17676,-0.415563
5,-1.01711,0.194283
5,-1.53757,0.113705
5,0.460673,0.18594
5,0.440139,-0.429145
5,0.879787,0.290926
5,0.82327,-0.26861
5,-1.10207,-0.472367
5,1.48489,-0.542436
5,1.53637,0.39192
5,-0.665132,0.28263
5,-1.46608,0.385959
5,1.30326,-0.537882
5,1.30365,0.419492
5,-1.37517,0.106316
5,1.15379,-0.279609
5,-1.35427,-0.562755
5,-1.12389,0.136232
5,0.507659,0.59206
5,0.989765,-0.418149
5,-0.622447,-0.287932
5,0.797898,-0.0899715
5,-1.49509,0.594734
5,1.3269,-0.00822225
5,-0.796863,0.00876345
5,-0.701614,-0.0346327
5,-1.15522,-0.19332
5,0.971437,0.618004
5,0.980406,0.39187
5,-1.05268,-0.298327
5,-0.444543,-0.376715
5,0.62888,-0.0305041
5,1.16675,0.369881
5,1.07385,0.574328
5,1.60661,-0.509105
5,1.45299,-0.501442
5,1.05671,-0.604838
5,1.28854,0.273314
5,-0.66741,0.0531257
5,-0.539271,0.459405
5,-0.554623,-0.217498
5,-1.06954,0.561687
5,-1.47574,-0.370625
5,-0.961046,0.0311593
5,1.5608,-0.32255
5,-1.02223,0.344146
5,-0.495096,0.489902
5,0.976739,0.241335
5,-0.863175,0.0992212
5,1.10598,-0.426359
5,-0.477713,0.255049
5,1.17653,-0.221894
5,1.29496,0.150868
5,1.511,-0.180412
5,0.941696,-0.474156
5,0.684397,0.249569
5,0.633663,-0.138948
5,0.545461,0.0161808
5,-0.643721,0.306875
5,0.932653,-0.46236
5,0.615123,0.416627
5,-0.91429,0.516968
5,-1.08255,-0.309803
5,0.623329,0.0338703
5,-1.53578,0.58437
5,-1.33183,-0.545838
5,0.595237,0.580529
5,-0.557236,0.0419174
5,-0.698957,-0.581072
5,0.858013,0.100728
5,1.39123,-0.288916
5,0.592678,0.375185
5,-0.684662,-0.0528769
5,-1.17321,0.421683
5,-0.832318,-0.115792
5,0.826892,0.267511
5,1.40929,0.248696
5,-1.23394,0.500993
5,-0.90285,0.441151
5,0.806937,-0.107524
5,-1.08477,-0.288042
5,-0.639135,-0.365319
5,0.617378,0.101011
5,1.62734,0.500837
5,-1.32028,-0.359815
5,-0.744055,-0.0236149
5,-1.01581,-0.0805724
5,-1.37685,0.421948
5,0.568044,-0.0674238
5,-1.55258,0.441381
5,-1.01124,0.09904
5,1.26559,-0.131343
5,1.53213,0.109546
5,0.942212,0.59032
5,-0.803228,-0.0534955
5,-1.41613,0.0425418
5,0.485355,-0.435496
5,1.03016,-0.0797151
5,-1.40884,0.585642
5,1.0848,0.479915
5,0.782791,0.294199
5,-1.59423,-0.139302
5,-0.965993,-0.219689
5,1.24813,-0.0282771
5,-0.604049,0.503913
5,1.32756,0.0286476
5,-1.2079,0.280296
5,1.21317,0.0952201
5,1.14085,-0.412451
5,-0.73822,0.333835
5,-0.74517,-0.256656
5,1.42572,0.312154
5,-1.00466,-0.436655
5,0.856245,0.557152
5,0.99629,-0.531586
5,0.974158,0.427135
5,-0.74516,0.604846
5,0.489915,-0.494063
5,-1.18002,-0.341178
5,1.06386,0.197099
5,-0.660348,0.281085
5,-1.09784,0.557415
5,-0.757748,0.386706
5,1.26964,-0.580811
5,-1.13649,-0.354433
5,-1.23259,0.60717
5,1.59157,-0.461922
5,1.19738,-0.465892
5,1.46655,-0.0176512
5,-0.898801,-0.289907
5,1.65293,-0.220667
5,-0.810607,0.484275
5,-0.574377,-0.600912
5,0.638433,-0.293032
5,1.20307,-0.308729
5,0.907196,-0.390959
5,-1.11794,-0.147032
5,-0.678174,-0.0242178
5,-0.452706,-0.198973
5,-1.58305,-0.579819
5,1.39783,-0.0513476
5,1.12832,-0.620435
5,0.902976,0.322654
5,-0.846138,-0.352481
5,1.47881,-0.133468
5,-1.55682,-0.454195
5,-0.884985,0.485928
5,0.823822,0.0411655
5,-1.20041,0.627381
5,-1.1585,-0.511522
5,-0.50981,-0.2751
5,-0.519109,0.273569
5,0.928367,-0.341381
5,-1.02549,0.277157
5,1.53004,-0.14458
5,-1.57411,-0.202482
5,-0.434246,-0.296016
5,0.916825,0.34424
5,-1.33625,0.588099
5,-0.755819,-0.356899
5,-0.756198,0.245958
5,1.19735,-0.499415
5,1.59538,-0.512642
5,-0.561636,0.378077
5,1.05444,0.0948148
5,0.395117,0.459958
5,-0.425566,0.404711
5,1.33611,0.312463
5,0.861185,-0.343912
5,0.458254,-0.130178
5,-1.39045,0.408414
5,1.50249,-0.515792
5,-1.44938,-0.229603
5,1.48754,0.379717
5,-0.405748,-0.156411
5,-0.673505,0.472562
5,0.846074,-0.572838
5,1.22165,-0.0460665
5,-1.39175,-0.313573
5,1.42798,0.306417
5,0.530396,-0.19464
5,-1.2897,0.108499
5,-0.41894,-0.342473
5,1.2962,0.193124
5,1.51651,0.0188153
5,-0.927177,-0.484636
5,1.18285,0.482854
5,1.46869,-0.598968
5,1.3122,0.576748
5,-1.40847,-0.281592
5,0.842699,-0.321953
5,-1.27613,0.52268
5,-1.23931,-0.468588
5,-0.478458,-0.0858123
5,-1.15945,0.129716
5,0.440891,-0.187755
5,1.16507,-0.567159
5,0.543084,-0.172715
5,1.17788,0.4122
5,1.57532,0.229725
5,-1.20052,0.384408
5,1.01317,-0.211118
5,-1.59824,0.0814472
5,-0.643913,0.439719
5,1.15836,-0.0529055
5,-1.45768,-0.452671
5,-1.05626,0.0931094
5,-1.56128,0.395805
5,1.15078,0.63385
5,-1.53586,-0.430965
5,1.28309,0.283204
5,-1.19228,-0.364495
5,1.34465,-0.0425787
5,1.41773,0.197069
5,-1.21204,-0.414187
5,0.624632,-0.105399
5,-0.789629,0.527947
5,-0.669944,-0.459392
5,-1.49057,0.19877
5,-1.03443,-0.381912
5,1.21245,-0.40127
5,1.48352,-0.570077
5,1.59106,0.607972
5,0.575867,0.233561
5,0.728965,-0.37829
5,-0.780033,-0.413018
5,-1.38043,-0.270406
5,-1.4802,-0.519256
5,0.45658,0.201805
5,-1.48157,-0.211081
5,-0.825607,0.437545
5,-0.615597,0.0200994
5,0.549205,0.0903738
5,-0.857599,-0.398863
5,1.5568,-0.117328
5,0.979799,-0.157283
5,0.592622,0.431737
5,-0.68317,-0.418989
5,-0.478711,-0.402628
5,-1.46616,0.490143
5,1.35458,0.500314
5,-0.650498,0.561068
5,1.50734,-0.347724
5,-0.363914,-0.180827
5,-0.990866,0.0479946
5,-0.411334,0.250913
5,-1.55053,0.57138
5,1.14221,0.145479
5,-1.47954,-0.600106
5,-0.40395,-0.518237
5,-0.582761,-0.471894
5,-1.61876,0.435203
5,-1.12435,-0.473486
5,-1.43618,-0.0592132
5,-0.870919,0.581483
5,0.854901,0.00712789
5,-0.995227,-0.508988
5,0.443766,0.59369
5,0.585562,0.577467
5,-1.236,-0.537857
5,1.22214,-0.32413
5,0.706292,0.426201
5,0.604064,-0.615576
5,0.851328,0.134106
5,-0.677674,-0.288245
5,1.21104,-0.607603
5,-0.668333,0.258573
5,0.506222,0.333492
5,-0.419764,-0.0832764
5,0.499965,-0.422352
5,-1.08265,0.263056
5,-1.57488,0.0924725
5,1.58258,-0.327849
5,1.11034,0.133574
5,-0.619671,0.034551
5,1.10459,0.0458517
5,-1.09055,0.234942
5,-1.36633,-0.399686
5,0.9411,0.408515
5,-1.58225,0.321739
5,0.475914,0.511246
5,1.06714,0.469039
5,0.846561,-0.015831
5,1.14838,0.00328636
5,-0.454897,-0.308696
5,0.754873,-0.231285
5,1.09559,0.562375
5,-0.658304,0.0547877
5,-0.594388,0.350564
5,-1.48351,0.171874
5,1.11582,0.205962
5,0.497691,0.136931
5,1.55731,0.230694
5,1.55435,0.420107
5,0.6938,0.507364
5,0.771276,0.551265
5,1.5727,-0.614434
5,0.413803,-0.463482
5,-0.772673,0.045749
5,0.710291,-0.140826
5,-0.552504,-0.247595
5,-1.57489,0.262923
5,-0.852973,-0.381312
5,-1.06727,0.171468
5,1.15148,0.288901
5,-1.25751,0.318678
5,-0.936275,0.135341
5,1.06053,0.535216
5,0.641147,-0.448995
5,-0.868363,-0.414293
5,-1.18202,0.154378
5,-0.438338,-0.25084
5,0.694706,0.403442
5,-0.55838,-0.0473042
5,0.596178,0.34317
5,0.887026,-0.625885
5,-1.22546,-0.0396071
5,1.31877,0.31511
5,-1.33109,0.191693
5,-1.13073,0.152224
5,-0.677157,-0.220038
5,-1.02134,0.06334
5,1.513,0.301257
5,1.54117,-0.108859
5,1.44514,0.325549
5,0.683117,-0.18809
5,-1.25055,-0.440977
5,0.964048,-0.155205
5,-0.735783,-0.415529
5,1.07651,-0.318499
5,-0.542858,-0.065081
5,0.501429,0.36785
5,-1.09664,-0.500336
5,-0.507138,-0.00305405
5,-0.891711,0.465546
5,-1.4427,-0.235448
5,-1.05466,-0.51593
5,-1.32186,-0.324111
5,-1.08493,0.261127
5,-0.627158,-0.177343
5,1.38719,-0.319513
5,-1.23826,-0.120439
5,0.621355,-0.370387
5,0.97185,-0.288114
5,0.50439,-0.170498
5,0.605591,-0.036178
5,1.35129,-0.200197
5,1.23705,0.449847
5,1.00107,0.151948
5,-0.998896,-0.302468
5,-0.747019,-0.364361
5,-1.37711,-0.0478623
5,0.546114,0.468667
5,0.876469,0.334782
5,1.0612,-0.420439
5,-1.12598,0.124946
5,0.863848,0.549437
5,1.34546,0.571608
5,-1.12053,-0.259099
5,1.19424,0.295447
5,-0.689795,0.0282923
5,1.44774,0.306249
5,-1.07962,-0.317615
5,-1.41529,0.0890967
5,0.463313,0.0743803
5,-0.714204,0.105638
5,-0.803277,0.282857
5,-0.414687,-0.349547
5,-1.04862,0.181524
5,-0.558031,0.561579
5,0.678406,0.499312
5,1.03923,0.210379
5,1.01085,-0.41009
5,-1.10931,0.187147
5,-0.708648,0.240048
5,1.58979,0.013757
5,-0.678987,-0.325278
5,1.11555,0.612031
5,0.576113,0.0164207
5,-1.48951,0.47828
5,-1.45923,0.296616
5,1.50818,0.170455
5,-1.27093,-0.329372
5,1.13122,-0.0389973
5,0.562339,0.223142
5,1.46238,0.470253
5,1.52364,0.00541059
5,-0.483216,-0.342355
5,1.58683,-0.577667
5,-1.23763,-0.357942
5,1.56006,0.331041
5,-1.54444,0.521784
5,-1.60839,0.398546
5,1.07273,0.151936
5,1.52326,-0.537656
5,-1.25045,0.0453443
5,-1.23326,0.0315558
5,1.11061,0.31707
5,0.459395,0.367257
5,-1.48814,0.0442658
5,-1.25621,-0.0464421
5,0.976063,-0.0545508
5,-1.34128,0.0230803
5,0.906872,-0.0915146
5,1.62437,0.608852
5,0.603284,0.57091
5,0.817859,0.561365
5,-1.44087,0.0117892
5,1.57143,0.577833
5,-1.39244,-0.40756
5,1.53787,-0.4148
5,0.621381,0.301437
5,1.44413,-0.549541
5,-1.02341,-0.140105
5,-0.389052,-0.56846
5,1.36382,0.198429
5,-1.52826,-0.0337846
5,0.558817,-0.260038
5,1.16252,0.42869
5,-1.06271,-0.530395
5,-0.817373,-0.510983
5,0.443144,-0.011065
5,1.24617,-0.247833
5,0.681298,-0.384224
5,1.29726,-0.198623
5,-1.45735,0.542388
5,-1.5146,-0.616391
5,-0.970813,0.454145
5,-1.29434,-0.30569
5,0.8725,0.557913
5,-1.38742,-0.48675
5,-1.26879,0.0327735
5,1.46616,-0.261754
5,-1.29658,-0.199626
5,0.73015,0.161134
5,-1.25472,0.375579
5,-1.12224,-0.0258251
5,0.63772,0.197178
5,-0.593348,-0.077566
5,-1.33563,-0.0075239
5,-0.682601,0.525141
5,0.65336,0.113982
5,-1.11006,-0.0983041
5,-1.22413,-0.318845
5,0.65483,-0.359609
5,0.67994,0.1069
5,-1.16629,0.0614547
5,0.440791,-0.463932
5,1.05192,0.188734
5,-0.679183,0.426841
5,0.490815,-0.363618
5,1.18259,-0.572832
5,-1.58917,0.261715
5,-1.0077,-0.193567
5,1.15572,0.503691
5,0.539541,-0.0397688
5,0.71023,-0.105232
5,-0.865463,-0.549409
5,1.46561,-0.258381
5,1.05981,-0.182399
5,-0.471693,-0.129712
5,-0.797038,0.223085
5,1.51123,0.159495
5,-1.03046,0.159113
5,1.43185,0.521427
5,0.848688,0.0308943
5,-0.542322,-0.259241
5,-0.967171,-0.0698467
5,1.50788,-0.265395
5,1.43537,0.352279
5,0.710905,0.292564
5,1.13959,0.565765
5,-0.655493,-0.161625
5,0.836029,-0.598913
5,-0.60987,-0.210279
5,-1.11732,0.341196
5,-1.566,0.0945657
5,1.52595,-0.606594
5,-0.680834,0.220711
5,-1.02029,0.180372
5,1.5427,-0.297212
5,-1.41726,-0.263309
5,-1.10964,0.166711
5,0.547205,-0.496391
5,1.17506,0.141501
5,1.25743,-0.11052
5,1.16433,0.0145091
5,0.922848,0.413451
5,-0.47699,-0.216788
5,-0.771413,-0.00581596
5,-1.26174,0.342606
5,-1.03837,0.400134
5,0.997411,0.0258157
5,-1.20083,0.553029
5,-1.39167,-0.423987
5,1.44116,0.124814
5,-0.499452,0.0222918
5,1.38716,-0.386462
5,1.15965,-0.220417
5,0.572107,0.425415
5,1.50666,0.37303
5,1.3203,0.469627
5,-0.556118,0.58767
5,1.29675,-0.158408
5,1.22371,-0.232067
5,1.13098,-0.18139
5,1.33013,-0.178922
5,-1.10551,-0.342941
5,-1.07975,-0.384656
5,1.15093,-0.54762
5,0.461062,0.290456
5,-0.877623,0.054594
5,0.801746,-0.407532
5,-1.08412,-0.102005
5,0.737498,0.299171
5,1.30938,0.370148
5,0.870518,-0.0278348
5,-1.26114,-0.545372
5,0.999686,-0.186811
5,-0.607854,0.381763
5,-1.21553,0.0989176
5,-0.519464,-0.579449
5,-1.1976,-0.116935
5,1.25416,0.549364
5,1.12191,0.236677
5,-1.34393,-0.227199
5,1.45181,0.0410554
5,1.06369,0.0580898
5,-0.986616,-0.33211
5,1.47976,0.0701704
5,-1.07824,-0.20873
5,-0.602868,-0.4468
5,1.1637,-0.109528
5,-1.33026,-0.029787
5,0.678983,0.0674253
5,-1.28943,-0.576886
5,0.52343,0.141394
5,-1.52632,0.493047
5,0.368964,-0.22368
5,1.24307,-0.290128
5,0.730085,-0.0492681
5,1.08906,0.161433
5,-1.31919,0.289006
5,1.42502,-0.563438
5,-1.10035,0.582799
5,1.15293,0.20058
5,0.620457,-0.287231
5,-1.54012,-0.150685
5,-1.57101,-0.102023
5,-0.918824,0.00887279
5,-1.49718,-0.345199
5,-0.883745,-0.541335
5,-1.26797,0.0531407
5,-0.977677,-0.119929
5,-1.46522,-0.0631194
5,0.688748,0.299622
5,1.37826,-0.394013
5,0.998932,-0.335991
5,-0.971354,-0.186384
5,1.50051,-0.32477
5,1.16177,-0.14801
5,-1.25099,0.426451
5,-1.42866,-0.630078
5,-0.968959,-0.161385
5,-1.5343,0.516571
5,-1.44492,-0.253956
5,1.31606,-0.464431
5,-0.724669,0.104135
5,-0.673509,0.299682
5,-1.56856,0.609429
5,1.41212,-0.385766
5,-0.846561,-0.521796
5,-0.510275,-0.575551
5,-0.683366,-0.465474
5,-0.706976,-0.489841
5,-0.9852,0.276113
5,0.493369,0.302549
5,-1.12333,0.602136
5,-0.435521,-0.236534
5,-0.520972,0.604386
5,1.20329,-0.382736
5,0.651147,-0.504778
5,0.897801,0.387331
5,1.09042,-0.48943
5,0.958399,-0.152884
5,1.43369,0.422661
5,1.40788,-0.475587
5,-1.55637,0.257371
5,0.464234,0.480376
5,1.30985,0.542876
5,1.17639,0.0953165
5,1.04298,0.577208
5,0.964813,-0.178936
5,-1.33437,-0.126706
5,-1.5279,-0.438101
5,1.17769,-0.00198022
5,1.4691,-0.511598
5,1.48727,0.0196735
5,-1.11,0.550112
5,1.37499,0.28025
5,-1.37868,-0.209749
5,1.50767,0.140645
5,1.30927,-0.230527
5,0.722815,-0.577097
5,-1.1517,-0.193188
5,1.51834,-0.351185
5,-1.41517,0.59194
5,-1.39216,-0.0380025
5,0.794034,0.273691
5,1.46445,-0.399884
5,-1.38577,0.140912
5,1.64557,0.134777
5,1.52701,-0.138711
5,-0.795494,0.403997
5,0.395725,-0.46848
5,-1.04803,-0.46085
5,-0.556131,0.641645
5,1.48222,-0.146855
5,1.2467,-0.516499
5,1.35164,-0.00336707
5,0.618801,0.0191235
5,0.999382,-0.438815
5,-1.18576,0.553494
5,1.03569,-0.15548
5,0.506118,-0.37883
5,-0.766738,0.211177
5,1.19033,0.609689
5,-1.61316,-0.539211
5,1.17559,0.201449
5,0.62713,0.123074
5,1.59865,0.463371
5,0.558243,0.592109
5,-1.44516,-0.240212
5,-0.484867,-0.194769
5,1.58682,-0.473412
5,1.11929,0.413031
5,1.08378,-0.0445103
5,-0.994062,0.297618
5,1.496,0.107271
5,1.40755,0.201461
5,-0.43251,0.446721
5,-0.411122,-0.381245
5,1.47985,0.0405995
5,-0.486355,-0.127422
5,1.40608,-0.0363698
5,0.820956,0.235255
5,-0.924583,-0.522815
5,1.31681,-0.400256
5,-0.814997,-0.359928
5,-1.00215,0.23048
5,-0.869818,-0.196627
5,1.35943,0.563174
5,0.423267,0.410876
5,1.04584,0.418905
5,-1.57153,-0.220468
5,-1.28259,-0.487935
5,-0.545964,-0.254647
5,-1.49202,-0.235875
5,-0.494135,-0.336935
5,-0.723601,-0.117797
5,0.579847,-0.335038
5,-1.24658,0.343433
5,-0.620237,-0.272543
5,-0.783052,0.608375
5,0.699435,0.358375
5,0.860875,-0.134219
5,1.00346,-0.291604
5,-1.06903,0.378209
5,-1.32023,-0.236472
5,-1.2514,-0.116365
5,0.544937,-0.604663
5,-1.49418,0.585922
5,1.18417,0.0830246
5,-1.24783,0.588782
5,1.21763,0.41026
5,-1.07427,0.289351
5,0.664846,-0.556844
5,0.994119,0.0803427
5,1.55956,-0.377244
5,-0.706214,-0.300083
5,-1.36776,0.304978
5,-0.942221,-0.214531
5,-1.09454,0.563312
5,-1.52688,0.450264
5,0.842217,-0.0976066
5,-1.09165,0.510911
5,-1.44271,-0.0250916
5,-1.44269,0.324348
5,1.50307,-0.527714
5,1.39587,0.536578
5,0.401438,0.0475349
5,-0.464235,0.239443
5,-1.51648,0.563327
5,-1.26169,0.323565
5,0.732393,0.0540859
5,-1.36702,0.242714
5,-0.887408,-0.27186
5,-0.548162,0.429214
5,-1.47564,-0.40399
5,-1.35658,0.162555
5,0.491613,0.502922
5,-1.52384,-0.195751
5,-0.996384,0.142757
5,1.29531,-0.136743
5,0.860399,-0.126934
5,1.54014,0.490382
5,0.782911,0.0811897
5,-0.767309,-0.454493
5,-0.44128,-0.274821
5,-1.42104,0.521726
5,-1.33891,-0.136912
5,1.17963,-0.0914144
5,0.603855,0.0972374
5,1.38779,-0.150773
5,-0.643247,-0.259082
5,0.674611,-0.274846
5,-1.19584,-0.476267
5,1.22025,-0.504215
5,1.21648,-0.454846
5,1.35995,-0.322948
5,1.57239,-0.198888
5,-1.29575,0.259272
5,0.901457,-0.0747677
5,0.681081,0.0242384
5,0.753796,-0.580624
5,-0.410987,0.350028
5,1.15287,0.128677
5,1.40044,0.427842
5,-0.568576,-0.189841
5,0.592074,-0.390071
5,1.10286,-0.571889
5,0.405526,-0.0255419
5,-1.18379,-0.106067
5,0.934462,0.283059
5,-0.56261,-0.591602
5,-1.1365,0.588374
5,1.34074,0.444954
5,0.450487,0.561722
5,-1.25118,-0.496932
5,-1.0093,-0.0782836
5,-0.5645,-0.477512
5,0.991413,0.492801
5,0.674949,-0.437462
5,-1.50429,-0.357048
5,0.56478,0.264295
5,-0.750337,0.384832
5,-1.12506,-0.32855
5,-1.58194,-0.151227
5,0.860782,-0.0885445
5,0.489108,0.271287
5,-1.03783,-0.399447
5,1.50906,0.125937
5,1.17393,-0.540222
5,0.843092,0.513778
5,0.402725,-0.0677296
5,1.0194,-0.430936
5,-0.49517,-0.30453
5,1.60027,-0.187416
5,1.18506,-0.387596
5,0.476807,0.510304
5,-0.773613,0.237728
5,-1.0112,-0.483742
5,1.31183,-0.180044
5,-0.764855,0.420805
5,0.86085,-0.41727
5,-1.2269,0.560359
5,-1.43613,0.0173098
5,-0.962033,-0.25155
5,-0.821719,0.590536
5,-0.89901,-0.54054
5,0.676909,-0.101922
5,-0.459806,0.421978
5,-1.57839,-0.595914
5,-1.52337,-0.613765
5,-1.09776,0.427176
5,-1.07512,-0.398349
5,-1.63742,0.418563
5,1.26573,-0.170866
5,-0.475902,0.523233
5,0.515677,-0.479966
5,1.34544,-0.177731
5,-1.31625,-0.169921
5,1.19919,0.560877
5,-1.02331,-0.0185175
5,0.426141,-0.0224295
5,1.12136,0.0963764
5,-1.41778,-0.591776
5,-1.24606,0.11829
5,1.10022,-0.575721
5,-0.939261,-0.0236472
5,-0.724547,-0.0417794
5,0.559538,-0.189219
5,0.540191,-0.379079
5,0.801812,-0.141252
5,0.969487,0.0444564
5,-1.36601,-0.436819
5,0.587103,-0.246799
5,0.7222,-0.188194
5,0.462108,0.0603002
5,0.606738,0.411411
5,-0.943761,0.315544
5,1.38066,0.543872
5,0.946052,0.492718
5,1.25002,0.478193
5,-1.2702,0.457527
5,-0.735191,-0.222086
5,0.687616,-0.428189
5,-0.847087,0.375479
5,-0.561235,-0.202683
5,-0.400356,0.311459
5,-0.427873,-0.0732019
5,-1.36514,0.52251
5,-0.513144,0.323337
5,-1.18001,-0.0614484
5,-1.26721,-0.0544511
5,-1.30763,-0.01141
5,-1.13172,0.0296506
5,-0.669114,0.465913
5,-0.387661,0.24569
5,-1.00705,-0.212569
5,-1.08051,-0.328515
5,-0.788378,0.450306
5,0.525766,0.381038
5,1.58664,-0.163357
5,-1.27369,-0.250457
5,0.505799,0.44861
5,0.663824,-0.477599
5,0.542045,-0.417769
5,0.564808,0.011053
5,-1.07117,0.3596
5,-1.31775,-0.546786
5,1.00503,-0.521616
5,-0.660051,0.515115
5,0.485121,-0.616486
5,1.19242,-0.0883969
5,-1.31699,0.474296
5,-0.418857,0.416541
5,1.39215,-0.451362
5,1.00293,0.295712
5,0.800142,-0.112955
5,-0.608935,0.469828
5,-0.839627,0.0481991
5,1.46343,-0.493012
5,1.13642,0.293759
5,1.2666,0.330742
5,0.649188,-0.468032
5,-1.22962,-0.12379
5,0.516699,0.549525
5,-0.412461,-0.591092
5,-1.20047,0.614864
5,-1.06903,-0.46039
5,-1.32019,0.065495
5,-1.4253,0.571776
5,-0.93311,0.0836414
5,-0.594535,-0.323701
5,1.27933,0.0990588
5,1.27623,0.382958
5,-0.846192,-0.055147
5,0.720972,-0.375587
5,-1.24167,0.325222
5,1.12947,0.302598
5,-0.800233,-0.253869
5,0.505685,-0.381618
5,-0.512317,-0.48915
5,-1.33205,0.151825
5,-1.59447,0.422818
5,-0.620917,-0.105453
5,-0.88079,0.494244
5,-0.711415,-0.476972
5,-0.611934,-0.439361
5,0.425696,0.212333
5,-1.00888,-0.135835
5,-0.556674,0.0576687
5,0.373673,-0.566468
5,-0.487813,-0.289547
5,0.822834,0.103241
5,-1.42909,-0.00347726
5,-0.94221,-0.0240603
5,-0.671286,0.571943
5,-0.883955,0.117268
5,0.490941,0.281215
5,-0.468711,0.596575
5,1.36702,0.326085
5,1.21581,0.0782696
5,1.02162,-0.60009
5,0.64901,0.421353
5,0.572521,0.546764
5,-0.854556,0.221828
5,0.908237,9.58561e-05
5,0.518758,-0.535927
5,-1.35636,-0.0327555
5,-0.391639,0.374419
5,-0.666796,-0.152825
5,1.63,0.335604
5,-0.535982,-0.131648
5,1.42862,-0.239764
5,0.769438,0.564734
5,-0.38526,-0.384571
5,-1.53288,-0.242304
5,-1.10126,0.0593492
5,0.400218,-0.0386882
5,0.949621,-0.410085
5,-0.481692,0.362086
5,-0.428838,-0.349025
5,0.792197,-0.198851
5,0.762724,0.108775
5,-0.656388,0.220334
5,1.3592,-0.218708
5,-1.09299,-0.369985
5,-1.57552,0.542631
5,0.799655,0.371387
5,-1.52003,-0.136108
5,0.846356,0.169457
5,1.36762,0.285688
5,-0.480434,-0.292595
5,1.03052,-0.572213
5,-1.25088,0.0462699
5,-0.920934,0.131842
5,0.85327,0.254353
5,-1.53835,0.355712
5,0.651872,-0.428326
5,1.31107,-0.580417
5,1.48971,0.0551906
5,-1.5184,0.0831696
5,-1.14299,-0.383414
5,-0.546777,0.62687
5,-0.571669,-0.176841
5,0.776505,-0.0478077
5,-1.42878,0.0573642
5,1.49758,-0.615535
5,1.06821,-0.414389
5,1.05749,0.0403553
5,0.658454,-0.144223
5,0.636302,-0.427928
5,0.652298,-0.436798
5,0.777894,-0.541114
5,-0.853083,-0.00841297
5,-0.989459,0.381848
5,0.614287,0.499511
5,1.59869,-0.568495
5,0.84762,-0.361133
5,-1.17121,0.0963103
5,0.750307,0.394703
5,1.03852,-0.123625
5,-1.51553,-0.262638
5,1.25589,-0.0402435
5,0.678548,0.44857
5,-1.13031,0.307602
5,-0.842728,0.146492
5,-1.42504,0.498339
5,1.46899,0.62683
5,1.17847,-0.579202
5,0.443212,-0.525554
5,-1.55533,-0.275666
5,0.74877,-0.000461275
5,-0.83552,-0.526456
5,1.42024,-0.301496
5,-0.453929,0.318148
5,0.627907,0.528638
5,0.635206,0.270533
5,1.38723,-0.515164
5,0.64297,-0.254906
5,0.496384,-0.391826
5,1.14421,0.433709
5,1.58399,-0.0613701
5,1.11064,0.406679
5,1.49759,-0.303788
5,-0.668309,-0.0177687
5,1.41488,-0.520227
5,-0.676499,0.181683
5,-0.953732,0.201431
5,-0.541985,0.225465
5,1.50547,0.0559968
5,0.439738,0.134247
5,1.52382,-0.291553
5,0.935738,-0.517942
5,1.38895,-0.283571
5,0.391927,-0.535464
5,-1.16795,0.48575
5,-0.745308,0.424152
5,1.46089,0.181132
5,0.899968,-0.101943
5,1.46271,0.319439
5,0.661289,-0.568381
5,-0.785016,0.623219
5,-0.586249,0.0586758
5,-0.99478,0.478466
5,-1.3968,-0.280784
5,-0.911039,0.306175
5,-0.492448,-0.0468573
5,-1.30762,0.500335
5,-1.35267,0.523746
5,0.925399,0.358525
5,1.47522,0.608745
5,-0.590793,0.0216517
5,1.14099,0.257087
5,-0.6662,0.166172
5,-0.52778,-0.22349
5,-0.872052,0.58677
5,1.54256,-0.227899
5,0.795827,0.288645
5,0.967161,-0.416311
5,1.26689,0.576939
5,1.27932,0.437583
5,-1.20974,0.048168
5,-1.32629,-0.151857
5,-1.1634,-0.206017
5,0.659106,-0.33936
5,1.21464,0.0133046
5,-0.840676,-0.039794
5,0.779404,-0.268987
5,1.26841,-0.0943242
5,-1.22207,-0.0550792
5,1.60426,0.171125
5,1.46971,0.167416
5,0.699098,0.284997
5,1.20982,0.349533
5,0.587294,0.596428
5,-0.853161,-0.610914
5,0.405269,0.51476
5,0.453863,0.312748
5,1.04616,0.0682533
5,-0.644061,-0.0450942
5,0.607085,0.263256
5,1.41376,-0.201801
5,-0.444494,-0.246308
5,0.734716,0.552583
5,-0.630453,-0.414759
5,1.21933,0.541525
5,0.410392,-0.45904
5,0.672825,0.540505
5,0.573354,-0.527455
5,1.44634,0.595962
5,-1.26734,0.587209
5,0.623469,-0.147908
5,-0.527294,-0.0431086
5,0.539774,0.519018
5,0.824635,-0.417467
5,1.34386,-0.285788
5,1.54692,-0.175673
5,-0.57347,0.566417
5,1.45487,0.0172749
5,-1.43361,0.164142
5,1.12784,-0.018029
5,-0.596447,0.171896
5,1.00219,0.418658
5,-1.12579,0.403425
5,-0.369561,-0.437534
5,0.761444,-0.0431123
5,-1.05139,0.167378
5,1.56082,-0.264304
5,1.50084,0.00371701
5,-1.58772,-0.367119
5,-0.442282,0.575952
5,-0.835258,0.519526
5,0.59581,0.465672
5,0.525449,-0.106428
5,1.4439,-0.527724
5,1.038,0.127198
5,1.23952,0.165095
5,-0.63898,0.0651869
5,-0.738463,0.242113
5,1.06417,-0.318062
5,-0.962542,-0.317978
5,-0.860075,0.0392715
5,-0.505115,-0.350838
5,-1.4278,-0.619202
5,-1.42967,-0.125014
5,0.522464,0.352279
5,0.806878,-0.398075
5,-0.558461,0.0807507
5,-1.34191,0.0790856
5,1.26737,-0.520848
5,-0.96769,-0.594975
5,0.50509,-0.0939316
5,-0.613089,-0.170248
5,-0.515627,0.179289
5,-1.12954,-0.565205
5,0.52048,0.534937
5,0.461605,0.327729
5,0.85865,0.46586
5,0.830023,-0.463662
5,1.41036,0.072543
5,0.789669,-0.14779
5,0.831765,-0.181481
5,0.989111,-0.217683
5,1.36456,-0.298086
5,1.44897,0.140236
5,-0.709026,0.339422
5,1.50391,-0.0177348
5,1.01923,-0.102321
5,-0.790533,0.52567
5,0.777846,0.0979778
5,-0.611207,0.379598
5,1.62438,0.0872253
5,1.30658,0.408033
5,0.433124,-0.591621
5,-0.51903,-0.238173
5,-0.789303,0.338845
5,1.00415,0.43511
5,0.579531,-0.512231
5,-0.663142,-0.454555
5,-0.479079,-0.198921
5,0.602199,-0.107959
5,-0.913066,-0.504936
5,0.872304,-0.54102
5,-0.765457,0.0633235
5,1.27561,-0.143668
5,1.40613,0.326638
5,1.04681,0.438113
5,0.631444,-0.335801
5,-0.590837,-0.581698
5,0.550107,0.0732677
5,-1.23933,0.14513
5,-0.763092,0.504479
5,-1.23951,0.248786
5,0.625336,0.0310895
5,0.552632,0.409033
5,0.361596,-0.237229
5,-1.05921,-0.454477
5,-0.742162,0.591585
5,0.726889,-0.37721
5,-1.44826,-0.546469
5,-1.15143,0.0993886
5,1.27255,0.546325
5,0.728331,0.247131
5,1.11668,-0.297139
5,-0.789375,-0.537057
5,1.38224,0.54829
5,-1.24333,-0.515297
5,0.824234,0.179797
5,1.41532,0.317028
5,-1.60653,-0.367163
5,-0.469811,0.149955
5,-0.730387,0.403329
5,-1.40519,0.220168
5,-0.963747,-0.405387
5,-1.10161,0.156277
5,1.42224,0.372573
5,-1.0444,0.0486601
5,1.00053,0.161645
5,0.614289,0.147042
5,-0.910064,0.20476
5,1.52547,0.548184
5,-0.413088,0.50654
5,-1.40453,0.598916
5,1.15756,0.325892
5,-1.43553,0.239055
5,-1.43233,0.447824
5,-1.10685,0.266797
5,1.28741,0.215608
5,1.07956,0.543158
5,-1.38691,-0.419668
5,-1.0375,0.493711
5,-0.785519,-0.0752594
5,-0.373011,0.255129
5,0.6304,0.166547
5,1.03892,-0.423967
5,1.58879,-0.411219
5,1.13811,0.322493
5,0.890136,-0.60765
5,1.07998,-0.156729
5,1.07429,0.0216467
5,1.45783,-0.247841
5,-1.18421,-0.0600477
5,-1.65179,-0.544355
5,-0.595607,-0.345316
5,0.612416,0.0806455
5,-1.21181,-0.299019
5,1.58586,-0.391684
5,-0.468996,0.105991
5,-1.21556,0.208333
5,1.52945,0.305652
5,0.723227,-0.556568
5,1.58864,0.102688
5,-1.01054,-0.343734
5,-1.49075,-0.448846
5,-1.07651,-0.482698
5,1.44204,-0.364319
5,1.43028,0.0296636
5,0.876484,-0.486029
5,-0.681236,0.37458
5,0.422276,0.321366
5,-0.694308,-0.225608
5,0.711555,-0.204887
6,-0.816745,0.00977497
6,-1.29406,-0.0186143
6,0.964873,-0.0642283
6,-1.10849,-0.237204
6,1.01921,-0.0229235
6,0.577975,0.42542
6,-0.985431,-0.157662
6,-0.67096,0.0317602
6,-1.31202,-0.102343
6,0.994173,0.386507
6,0.849818,0.20128
6,-0.703399,-0.159563
6,-0.533789,0.124185
6,0.932111,-0.0996293
6,0.801742,-0.187976
6,0.674018,0.12767
6,0.514657,0.322656
6,1.50315,-0.240582
6,-0.591957,0.493243
6,-0.947553,-0.194743
6,-1.50829,-0.283476
6,-1.13191,0.267473
6,1.495,0.0224005
6,0.987341,-0.273307
6,0.477672,-0.384881
6,0.641793,-0.0465386
6,-0.44639,0.476718
6,0.842386,0.351796
6,0.499298,0.473841
6,0.789135,0.234186
6,-1.46266,0.190505
6,0.998224,0.39342
6,-0.584632,0.310445
6,-1.16557,-0.0556629
6,-0.754915,0.197617
6,-1.09029,0.122823
6,-0.916326,0.0569106
6,-1.41413,0.505814
6,1.28523,0.426573
6,1.1547,0.321599
6,0.557636,0.268606
6,0.684386,-0.0591212
6,-1.17403,0.487063
6,0.471466,0.52151
6,0.785916,-0.500555
6,1.28545,-0.320779
6,1.10288,-0.43859
6,-0.512644,-0.160841
6,0.518786,-0.079725
6,-0.909676,-0.432317
6,1.04807,0.376443
6,1.3098,-0.37746
6,1.41195,0.319975
6,1.49447,0.333048
6,-0.636414,-0.273178
6,-0.462384,-0.408118
6,-0.783715,-0.0485485
6,1.03983,0.238964
6,-0.542477,0.198308
6,1.11838,-0.505658
6,1.13209,-0.498258
6,0.548475,-0.277424
6,-1.32424,0.52723
6,-0.580037,0.0454826
6,1.05481,0.212825
6,-1.02383,-0.2004
6,1.37416,-0.239655
6,0.824345,0.304229
6,1.14,0.118605
6,1.12591,-0.0766487
6,-1.47537,-0.517044
6,-0.572373,-0.0382184
6,-0.682192,-0.0765269
6,1.1855,0.0653124
6,-1.22926,0.204557
6,-0.876036,0.000646335
6,-0.700133,-0.379903
6,-0.743409,-0.0655321
6,0.891467,0.511496
6,0.971709,0.100884
6,0.653553,0.0650771
6,1.27242,-0.134018
6,1.22359,-0.186189
6,-0.809603,0.163221
6,1.45011,-0.363252
6,1.26787,-0.126637
6,-0.531102,-0.228743
6,1.07919,0.13957
6,-1.05222,-0.0937682
6,-1.48549,-0.167877
6,-1.55831,-0.278274
6,-1.15839,-0.145374
6,0.8124,0.2123
6,-1.52101,-0.230889
6,1.0965,-0.492651
6,0.771413,-0.514397
6,0.554747,0.058572
6,0.659182,-0.467161
6,-1.4166,-0.0161937
6,-0.618609,0.0925427
6,1.46214,0.463755
6,0.904062,0.0203628
6,0.825523,-0.275493
6,-1.30803,-0.432773
6,1.07616,0.498696
6,-1.4754,0.00132452
6,0.678506,0.388469
6,1.47528,-0.154901
6,-0.981224,-0.336253
6,0.891523,0.177373
6,1.05613,-0.136794
6,1.08347,-0.21569
6,0.785038,0.18942
6,-0.729069,0.174623
6,0.707388,0.12864
6,-0.840357,-0.353707
6,0.521621,-0.22681
6,0.958376,0.229766
6,1.50882,0.241623
6,1.29906,-0.0828023
6,0.907259,0.49434
6,-1.38838,0.333054
6,0.638191,-0.141628
6,-0.97864,0.273358
6,0.484087,-0.247361
6,0.557441,0.304669
6,-0.75774,0.290783
6,0.658854,-0.349548
6,-1.00773,0.310819
6,-1.09734,-0.363779
6,1.46785,0.310012
6,-1.1969,0.207061
6,0.654684,-0.327893
6,1.06937,0.0625959
6,-1.19355,-0.0597758
6,-0.809793,0.296244
6,1.07604,-0.324097
6,0.597088,-0.0277808
6,1.32578,-0.280457
6,-1.24543,-0.0196635
6,0.553389,-0.330493
6,-0.574896,-0.111358
6,0.555308,-0.237953
6,-1.40667,0.16886
6,0.858039,0.0325064
6,0.867253,-0.432432
6,0.669212,0.275338
6,0.881861,-0.178436
6,-0.905514,-0.319321
6,0.653115,-0.415333
6,-0.684307,0.487643
6,0.736277,0.395536
6,0.96324,-0.380934
6,-0.506677,-0.237104
6,1.45601,-0.440471
6,0.657013,0.343762
6,0.692336,-0.440492
6,-0.906969,0.492092
6,1.11953,-0.15601
6,1.17714,0.0504558
6,-0.905597,0.282927
6,1.3904,-0.510752
6,-1.0484,-0.322994
6,0.600322,0.524703
6,1.25664,-0.449289
6,-0.884764,0.245583
6,-0.940712,-0.523618
6,0.815515,-0.219429
6,-1.18568,-0.510122
6,0.940733,0.252675
6,-0.752593,-0.357212
6,-1.49337,0.469029
6,-1.39304,0.140833
6,0.920413,-0.000857228
6,1.39506,0.250059
6,1.08262,-0.467643
6,0.622093,0.148068
6,0.821702,-0.0766861
6,-0.975759,0.375982
6,-1.07853,0.379393
6,-1.39249,-0.145223
6,-0.966108,-0.511356
6,-0.783578,0.0874627
6,0.65875,0.334464
6,1.29416,0.491281
6,-0.92778,-0.494499
6,-1.37782,0.525622
6,0.710465,0.318415
6,-0.762824,-0.238694
6,1.3436,-0.504295
6,0.817847,0.248081
6,1.35735,0.28327
6,-1.27556,-0.324589
6,1.49311,-0.131953
6,1.40996,0.1066
6,-1.19317,0.430114
6,0.541626,-0.0133132
6,1.12911,0.173812
6,1.14286,0.0253969
6,-1.19024,0.249122
6,-1.18759,0.0289757
6,0.786464,-0.0367656
6,-0.858178,0.520843
6,-1.11594,0.522455
6,-0.895993,-0.470421
6,1.07959,-0.0284688
6,1.27048,-0.330603
6,-0.994491,0.0167216
6,1.24171,-0.151551
6,0.47673,0.059606
6,0.56615,-0.182701
6,-0.477205,0.0799439
6,1.35218,-0.183751
6,0.837579,-0.00148897
6,-0.738022,0.411816
6,0.995304,0.288396
6,0.685865,0.177242
6,-1.12021,-0.393318
6,0.581416,0.157266
6,0.848035,0.432546
6,-0.901891,-0.268065
6,0.461086,-0.107724
6,-1.43272,-0.307273
6,1.49729,-0.380263
6,1.18836,0.191526
6,0.561044,0.466825
6,1.2257,-0.188762
6,1.41659,-0.539468
6,0.419227,0.0397093
6,-1.54365,-0.457406
6,1.02914,-0.324727
6,-1.27647,0.119866
6,-1.46423,-0.173292
6,-0.628838,0.15385
6,0.976159,-0.268716
6,-0.704303,0.270021
6,-0.490774,0.224538
6,1.28199,-0.0101555
6,-0.811022,-0.326915
6,0.573107,-0.497201
6,-0.693344,-0.0804208
6,-1.46202,-0.224266
6,-1.36478,-0.00695748
6,-1.18456,0.104906
6,-1.18045,-0.120635
6,-1.47848,0.521215
6,-1.02037,0.520448
6,0.706552,0.547017
6,-1.5119,-0.117859
6,-1.41877,-0.347725
6,1.29297,0.0963194
6,0.903136,0.507477
6,0.94288,0.049772
6,1.27271,0.363339
6,1.25131,-0.482327
6,0.898092,0.493719
6,-0.648842,-0.346841
6,-1.0927,-0.318885
6,1.19832,0.52145
6,0.990554,-0.00532356
6,-0.491824,-0.151899
6,-1.17472,0.291765
6,0.468121,0.19902
6,0.805502,-0.500836
6,-1.26346,-0.267967
6,-0.634693,-0.161301
6,-1.49688,-0.459566
6,0.520557,0.369838
6,-0.57683,0.175737
6,-0.714477,-0.0519202
6,0.88967,-0.0704774
6,1.02847,0.124743
6,0.936945,-0.324903
6,-1.00294,-0.15696
6,1.06621,0.134741
6,-0.548953,0.150061
6,0.892465,-0.292769
6,0.952262,-0.0903341
6,-1.46786,-0.0808334
6,0.965335,-0.485492
6,1.39403,-0.471305
6,-1.51457,0.273985
6,-1.56357,-0.114622
6,1.07497,-0.504246
6,0.557024,0.336098
6,-1.05049,0.430659
6,1.40441,-0.406
6,-0.939806,-0.241797
6,0.742369,0.129393
6,1.04045,0.496328
6,-0.887956,0.0750137
6,-0.638393,-0.560191
6,-0.682687,0.409531
6,-0.742844,-0.285897
6,-1.10483,0.283335
6,-0.840424,-0.0647399
6,-0.946011,-0.118844
6,-0.735712,-0.348715
6,-0.524122,0.205879
6,1.31074,-0.275216
6,-1.23995,-0.524593
6,0.700092,-0.25104
6,-1.31513,-0.370622
6,0.874971,0.499499
6,1.0696,0.157644
6,-1.38702,-0.0715133
6,-0.877551,-0.231618
6,-1.35503,0.506516
6,0.75346,-0.333903
6,1.23322,-0.20005
6,0.525712,-0.51315
6,1.13454,0.325135
6,0.549771,-0.470481
6,-1.04633,-0.519991
6,-0.492606,-0.403464
6,0.538561,0.109632
6,0.638248,-0.165528
6,-1.39577,0.0525706
6,-0.894958,-0.167253
6,-1.16327,0.0612419
6,-1.43214,-0.188636
6,-1.26964,0.270217
6,-0.809916,0.431641
6,-0.844659,0.470164
6,-0.933886,-0.0186727
6,0.877451,0.439123
6,-1.26418,-0.376201
6,0.569157,-0.388111
6,-0.969175,-0.0913598
6,-1.27817,0.0186946
6,0.757344,0.350444
6,-0.868919,0.399373
6,1.30143,0.230023
6,-1.23151,-0.514344
6,-0.453473,0.340697
6,1.47242,0.0056697
6,1.23155,-0.339196
6,1.54691,0.10028
6,0.910344,0.223905
6,0.667179,-0.463513
6,0.929288,0.1461
6,1.02841,-0.147091
6,-1.23668,-0.436557
6,-1.3171,0.313894
6,-0.966703,0.171068
6,0.795912,0.237743
6,1.22275,0.315953
6,-0.704095,0.477787
6,0.729113,0.26746
6,0.83395,0.239921
6,0.654073,-0.0444043
6,-1.21944,-0.232028
6,-0.971771,-0.128746
6,-0.708208,0.155744
6,-1.09377,0.373607
6,-0.472655,-0.243702
6,1.2561,0.481374
6,1.14669,-0.0731198
6,-1.0874,-0.243742
6,-1.24289,0.375374
6,-1.12134,0.224093
6,1.01641,-0.00743714
6,-1.27826,-0.404467
6,0.797805,-0.44786
6,-0.534434,0.0940384
6,-1.28274,0.0938129
6,1.35215,0.0409303
6,-0.933557,0.447378
6,-0.835692,-0.250542
6,-1.30966,-0.321362
6,1.13088,0.0126524
6,0.605811,-0.244645
6,0.978176,0.539722
6,-1.25214,-0.271257
6,0.464153,-0.32981
6,1.31287,0.0427042
6,0.711757,0.0722259
6,-1.32872,-0.119274
6,-1.02309,0.0759818
6,-1.50586,-0.460187
6,1.20918,-0.178885
6,0.520918,0.114426
6,0.54181,-0.417806
6,0.992667,0.304244
6,1.25966,-0.466387
6,1.08987,-0.0206207
6,-1.37603,0.133435
6,1.28278,0.330528
6,0.571914,0.330654
6,-1.41115,-0.0251062
6,-0.609746,-0.387748
6,1.46553,0.423973
6,-1.19256,-0.450218
6,1.11149,0.527226
6,-1.15033,0.277203
6,-0.84741,-0.340638
6,-0.466906,0.219668
6,0.730455,0.0187999
6,0.56552,0.006603
6,-0.849495,0.0437004
6,1.52832,-0.46879
6,-1.06986,0.500839
6,-0.582209,-0.502535
6,-0.500883,-0.233174
6,-0.490866,-0.479011
6,0.683026,0.337125
6,-0.91383,-0.19386
6,1.42586,0.121586
6,0.959543,-0.32843
6,-1.46521,-0.280726
6,0.708018,0.536831
6,1.30962,0.232552
6,-1.01985,-0.25164
6,-1.36805,-0.180386
6,-0.872553,0.00900682
6,-1.33401,-0.399379
6,-0.629628,0.194244
6,-1.29771,-0.450021
6,0.634441,0.502557
6,-1.15765,0.259695
6,1.43396,-0.197844
6,-0.587113,-0.490581
6,-0.568076,0.0521089
6,-1.16894,0.172904
6,1.16661,-0.326873
6,1.22841,0.185172
6,0.787689,-0.239422
6,-0.967467,0.32617
6,1.09149,-0.0924542
6,-0.55184,-0.361139
6,0.589181,0.0218405
6,-0.518911,-0.504904
6,-1.01436,0.238856
6,0.891893,0.191634
6,1.1082,0.309518
6,-1.2594,-0.478157
6,0.826994,-0.396283
6,-1.44668,0.0911906
6,0.753867,0.293849
6,-0.505557,0.0227888
6,0.462863,0.439814
6,-0.542627,-0.347204
6,0.948459,-0.276057
6,0.826403,-0.254405
6,-1.2668,-0.101515
6,-0.837751,0.35965
6,1.29797,0.159044
6,0.7579,0.0132593
6,-0.990538,0.00650086
6,1.04222,0.363578
6,-1.28051,-0.157553
6,0.946324,-0.347338
6,-0.679111,0.305172
6,0.971379,-0.229295
6,0.838453,0.206652
6,1.33389,-0.158089
6,0.819383,0.171995
6,1.49515,-0.238094
6,-0.64697,-0.313275
6,0.793665,0.270642
6,-1.28721,0.0124448
6,1.50753,-0.142428
6,-0.699259,0.166562
6,1.30537,0.179386
6,-1.38464,-0.326175
6,0.84455,0.182244
6,-0.818691,0.106963
6,0.562927,0.0473164
6,1.06173,0.17066
6,0.889239,-0.502961
6,-1.15278,-0.375007
6,0.624148,-0.15596
6,-1.47311,0.162713
6,-0.703664,-0.283131
6,1.47985,0.318048
6,1.16614,0.153209
6,-1.1837,-0.499579
6,0.555297,-0.0540988
6,-0.826297,0.333545
6,-0.496311,0.521943
6,-0.501001,-0.345286
6,1.36581,-0.0733584
6,0.556791,0.122751
6,0.838654,-0.531844
6,-0.954973,0.0223744
6,-1.50334,0.241881
6,1.05302,-0.238997
6,-0.875686,0.436552
6,0.948754,0.228442
6,-1.28256,-0.473647
6,0.932152,-0.248688
6,1.0577,0.0934401
6,1.35984,-0.320008
6,-0.452428,0.406917
6,-0.443335,-0.513405
6,0.535198,0.552093
6,-0.684935,-0.284842
6,-1.23592,0.221397
6,0.994395,-0.442895
6,1.30744,0.298604
6,-0.745338,0.251304
6,-1.05987,0.137532
6,-0.570314,0.120697
6,-0.43913,0.0872044
6,0.68278,-0.311687
6,0.531929,0.455404
6,-1.34853,0.511361
6,0.49534,-0.188817
6,-0.911528,-0.204976
6,1.0842,0.365245
6,1.47358,-0.411156
6,-0.851785,0.0490951
6,-1.53534,-0.0983324
6,0.750869,0.233647
6,-0.782581,0.410086
6,1.21397,0.00147042
6,-1.2482,0.529922
6,0.964377,0.212204
6,1.31095,-0.352522
6,-0.831491,0.267298
6,-1.00062,-0.183026
6,-0.537209,-0.147537
6,-1.1267,-0.364961
6,1.32408,-0.0759817
6,1.27762,0.225914
6,0.957995,0.480824
6,-1.40269,0.476537
6,0.878066,0.0824438
6,-0.451455,0.036036
6,0.804718,-0.286215
6,0.617064,-0.146892
6,-0.605081,-0.543374
6,1.42029,0.204707
6,0.519238,0.0819368
6,0.964351,-0.368631
6,0.74378,-0.0248336
6,0.560679,0.50965
6,-1.38605,0.0237804
6,-1.38484,0.495735
6,-1.04207,0.21705
6,-1.17656,0.280123
6,-1.26329,0.385733
6,-0.627346,0.462154
6,-1.34091,0.394974
6,-1.43347,-0.0409397
6,0.574503,-0.400239
6,-0.580028,0.236067
6,1.48952,0.449429
6,-1.3932,-0.22769
6,-1.55472,0.0428615
6,1.04817,0.294373
6,0.831069,0.404522
6,1.1896,-0.275815
6,-1.20397,0.448925
6,-0.956888,-0.08661
6,1.14051,0.018055
6,0.748418,-0.338255
6,-0.46447,0.444892
6,-1.39019,0.161709
6,-0.544601,-0.304658
6,1.22899,-0.0713329
6,1.30763,0.354039
6,0.54109,-0.0786334
6,0.971176,-0.0822246
6,0.934319,-0.204686
6,-1.06031,0.375914
6,0.660497,-0.319568
6,-0.464956,0.316229
6,0.630579,0.10275
6,-1.16406,-0.0128737
6,-1.25507,-0.381985
6,1.31933,-0.300274
6,-0.888071,0.49285
6,-1.42446,-0.221632
6,-1.35474,0.31914
6,-0.598116,0.222565
6,-1.16199,0.0207261
6,0.604938,-0.344222
6,-1.2223,-0.268756
6,-0.869718,-0.292976
6,1.35666,0.191823
6,-1.14946,0.323334
6,0.708991,0.303472
6,0.541714,-0.223888
6,-1.22026,-0.474477
6,-0.491547,0.501068
6,0.746684,-0.484555
6,-0.524809,0.479062
6,-1.41267,0.188819
6,-0.56328,-0.353779
6,-1.33457,0.471346
6,-0.677385,0.409884
6,0.544722,0.363165
6,-1.17744,0.00416464
6,-1.4682,-0.445304
6,-0.995711,-0.310877
6,-0.829239,0.0348632
6,-1.26828,-0.348063
6,1.50889,0.179948
6,-0.560443,-0.350472
6,0.657929,-0.498249
6,0.513762,-0.327659
6,0.980632,-0.372619
6,0.504392,0.210849
6,1.15373,0.444765
6,-1.04067,-0.159413
6,0.724939,-0.209794
6,-1.55234,0.368964
6,-1.09084,0.566597
6,0.832351,0.222408
6,-0.645972,0.210432
6,-1.55488,-0.0735032
6,-1.38501,0.223031
6,1.17088,0.386516
6,0.928646,0.461473
6,-0.704187,0.256034
6,-1.13999,-0.425908
6,-0.670645,-0.0841181
6,-1.12643,0.430833
6,1.48519,0.436168
6,-1.09884,-0.122102
6,1.43211,0.00601638
6,1.32809,-0.0719132
6,1.0196,0.117154
6,-1.20301,0.139487
6,0.83464,0.255338
6,-0.8879,-0.256805
6,1.39184,-0.496214
6,0.540279,-0.413917
6,-0.675319,-0.310513
6,-1.3669,-0.101407
6,1.24045,0.257269
6,0.506745,0.342829
6,-1.3928,-0.214427
6,-1.0428,-0.137193
6,-1.42961,-0.401654
6,0.788528,-0.198876
6,0.74251,-0.44047
6,0.446284,0.312527
6,-1.24457,0.181301
6,-0.546632,-0.0774403
6,1.36767,-0.341815
6,0.564445,0.394284
6,-1.12074,0.0805942
6,1.33791,-0.476685
6,0.634358,0.332641
6,-0.593894,-0.097783
6,-0.663646,0.247335
6,0.88288,-0.147861
6,-1.14275,0.415462
6,0.655291,-0.48998
6,-1.23932,-0.116603
6,-1.40124,0.367456
6,1.40121,0.482126
6,-1.27157,-0.281132
6,1.42873,0.118981
6,-1.18131,-0.124659
6,-1.03832,-0.389429
6,0.728216,-0.138455
6,-1.33696,-0.0242888
6,1.46548,0.00511519
6,-0.992198,-0.344127
6,1.42215,0.461369
6,1.23014,0.10647
6,-1.45672,-0.527214
6,1.3282,-0.196371
6,0.949775,-0.177791
6,0.522028,0.561615
6,-1.13527,0.470857
6,0.476182,-0.336827
6,1.3863,-0.0885157
6,0.929171,-0.420528
6,-0.501273,0.542121
6,1.00517,0.0226108
6,-1.01639,-0.503746
6,1.0987,0.481655
6,-1.20382,0.310954
6,-1.45211,0.186931
6,-1.46571,0.311427
6,-1.50785,-0.0539023
6,1.41129,-0.309123
6,0.668637,0.131554
6,1.08637,-0.233501
6,-0.880492,-0.434975
6,-0.652958,-0.0769193
6,-0.556807,0.505596
6,-0.596315,0.235623
6,-1.08202,0.0877755
6,0.80838,-0.418409
6,0.455266,-0.426843
6,-1.17747,0.468588
6,1.31184,0.19864
6,0.590458,-0.509149
6,1.44068,-0.297811
6,-1.40998,0.000129235
6,-1.2828,0.284572
6,0.707689,0.00788313
6,1.03768,0.162963
6,1.025,-0.317787
6,1.10347,-0.11405
6,-1.22905,0.260325
6,-1.52255,0.0401672
6,-1.34997,0.184309
6,1.04233,0.147787
6,0.656689,-0.188164
6,-0.695736,0.474492
6,-1.2848,-0.309856
6,-0.593406,-0.430271
6,1.28541,0.476893
6,1.53732,-0.33233
6,-1.10377,0.111341
6,1.2931,0.314035
6,0.506877,0.503735
6,-0.624429,-0.271359
6,0.93893,-0.0957342
6,0.567808,0.00152823
6,0.977266,-0.425619
6,-1.05524,0.519536
6,-1.54432,-0.0358208
6,-0.549661,0.415132
6,1.16084,-0.515182
6,-0.904315,-0.129847
6,-0.884702,0.159441
6,-0.814875,0.46756
6,-1.12548,0.429035
6,1.08758,0.271941
6,1.14867,-0.374549
6,0.817909,0.220371
6,-0.599312,0.340255
6,1.09989,-0.286289
6,0.557863,-0.358232
6,-1.11235,-0.0657254
6,-1.48497,-0.497353
6,-1.18547,-0.062406
6,0.802349,0.434279
6,1.29361,-0.232219
6,-0.664641,-0.486477
6,-0.922433,0.141509
6,0.690634,0.538493
6,-1.30867,-0.0227894
6,-1.39099,0.232946
6,0.82997,-0.00104776
6,-0.651938,-0.443585
6,0.966456,0.345657
6,-1.49413,0.431283
6,-1.37447,0.0936338
6,-1.1647,0.294381
6,-0.660726,-0.275676
6,0.937718,-0.266453
6,0.730713,0.244721
6,-1.07586,0.0173409
6,-0.940879,0.408206
6,-1.41827,-0.359002
6,0.9485,-0.140738
6,-1.47043,0.180551
6,-0.896991,-0.0458162
6,1.01073,0.372417
6,-1.25239,0.254543
6,-1.32336,0.289367
6,1.11292,0.394709
6,-1.01643,0.0958103
6,1.42422,0.179782
6,-1.08877,-0.540817
6,-1.40264,-0.277455
6,-1.426,0.441765
6,1.41794,-0.224901
6,-0.494366,0.286317
6,-0.795102,-0.102175
6,1.11129,-0.35215
6,1.28088,-0.379721
6,-0.861093,0.324609
6,-0.673467,0.182643
6,0.530363,-0.26552
6,-0.951509,-0.136094
6,-0.516891,0.299075
6,0.937623,0.366373
6,-0.969659,-0.49412
6,-0.532096,-0.093047
6,0.458944,-0.223901
6,1.00972,0.441098
6,-1.20243,-0.0145702
6,0.618475,-0.40046
6,1.41661,0.0232967
6,1.49421,-0.570684
6,0.571981,-0.242711
6,-0.648763,-0.490383
6,-0.546727,0.171309
6,1.43705,0.332887
6,0.46757,0.440674
6,-0.693633,0.547186
6,1.09674,-0.353534
6,-1.22659,-0.28382
6,0.7343,0.0990345
6,1.45524,-0.373725
6,0.936004,-0.270728
6,0.828626,-0.470855
6,-0.95291,0.26394
6,1.09137,-0.212247
6,-0.807191,0.122442
6,-1.12544,-0.225813
6,-1.30811,0.354837
6,-0.643159,0.146223
6,0.995329,-0.159357
6,0.95428,-0.382498
6,1.25036,0.466121
6,1.29807,-0.0934872
6,1.30266,0.366766
6,-0.880246,-0.33674
6,-0.958709,0.342375
6,-1.43595,-0.402806
6,1.19861,0.186604
6,-0.638424,-0.369782
6,-0.789611,-0.0839119
6,0.658988,-0.518673
6,1.15864,-0.426644
6,1.37331,0.52164
6,-0.955363,0.140527
6,0.969218,-0.446451
6,-0.554499,0.172546
6,-1.33299,0.513097
6,0.737736,-0.565134
6,1.11922,-0.0201431
6,-1.39081,-0.285446
6,-1.17654,-0.4341
6,0.957826,0.0350483
6,0.660545,-0.063584
6,-0.469033,-0.190419
6,-0.583085,-0.162386
6,-0.529534,-0.225864
6,0.560247,0.261267
6,-0.818017,-0.394079
6,-1.03722,0.454329
6,0.721917,-0.419628
6,-0.745854,-0.435539
6,0.745447,0.339991
6,1.1024,0.215189
6,0.781285,-0.239418
6,-1.46558,-0.275701
6,-0.745826,0.158618
6,-0.527629,-0.15391
6,-0.954721,-0.174426
6,0.473865,-0.135263
6,-1.27567,-0.236825
6,0.913467,0.394618
6,-1.37311,-0.279772
6,-0.739561,-0.369248
6,1.11593,-0.463436
6,0.512299,0.168631
6,-0.523526,-0.47734
6,0.619981,0.0904434
6,1.49766,0.337879
6,1.06589,0.0379163
6,0.811567,-0.267897
6,-0.473861,0.070296
6,-0.525736,0.444335
6,0.506629,-0.0645593
6,1.54573,-0.193285
6,-1.47832,-0.239082
6,0.499559,-0.238525
6,0.949868,0.165966
6,-0.559344,-0.302635
6,-1.2969,-0.365243
6,-0.532832,-0.409661
6,0.907016,0.186368
6,-1.01179,0.323073
6,-0.477958,-0.367854
6,0.947905,0.0235424
6,0.615977,-0.480406
6,1.3507,-0.243363
6,-0.702363,-0.127821
6,-1.28536,0.37052
6,0.710273,-0.315784
6,0.719375,0.294733
6,1.2818,0.362435
6,1.04207,-0.176688
6,1.54058,-0.0244837
6,0.560257,0.23747
6,0.856508,-0.0210487
6,1.06642,-0.157201
6,-1.22114,-0.0417808
6,0.504671,0.090381
6,-1.37137,0.488826
6,1.34156,-0.526552
6,-1.32702,0.361712
6,0.831523,-0.2107
6,1.15424,-0.40191
6,1.49225,0.0821509
6,1.14028,0.121389
6,1.2931,0.47817
6,0.910476,-0.0580755
6,-1.41757,0.522953
6,-1.06504,-0.462114
6,0.86544,-0.432922
6,-1.36948,-0.18604
6,-1.4571,-0.326998
6,1.34197,0.10309
6,-1.34148,-0.0129708
6,-0.558408,-0.24688
6,0.736644,-0.00235249
6,-1.03912,-0.494101
6,-0.903523,-0.296663
6,0.651978,0.467599
6,1.05981,0.351765
6,-1.23188,0.0491541
6,-1.04112,0.366175
6,-1.18343,0.31685
6,0.61464,-0.145706
6,0.891683,-0.465371
6,1.45298,0.332116
6,1.4833,0.386294
6,-0.852113,0.0940181
6,0.799664,0.364614
6,-1.31277,0.513142
6,-0.921134,0.026343
6,1.02065,0.323236
6,-1.16081,-0.150874
6,-1.24857,0.222413
6,-0.551325,0.438922
6,-1.33151,0.372171
6,1.27542,-0.123295
6,1.18094,0.319673
6,-1.31314,0.353069
6,1.39384,-0.321824
6,-1.31749,-0.175286
6,1.07079,0.307656
6,0.932416,-0.188475
6,1.23127,-0.0893419
6,1.16118,0.348807
6,0.857119,-0.11939
6,-1.29281,0.10334
6,-0.577975,0.213336
6,-1.51114,0.44071
6,-0.880596,0.0996351
6,0.471795,-0.479179
6,-1.12589,0.286725
6,-1.14036,0.356097
6,-0.653591,0.16044
6,-1.26959,-0.156114
6,1.27499,-0.0376479
6,-1.10027,-0.216832
6,1.2831,0.218124
6,-0.601773,-0.250688
6,-0.538936,0.365321
6,-0.604195,-0.0894064
6,-1.09285,0.183956
6,1.49074,-0.0401867
6,0.723607,-0.48285
6,-1.0676,-0.0447759
6,-1.08179,0.477154
6,-1.39511,0.0137738
6,0.511668,-0.248543
6,1.05056,-0.289478
6,0.696885,0.0022773
6,-1.30343,-0.121936
6,0.598414,0.211013
6,1.09776,-0.164024
6,-0.799874,0.282457
6,0.644302,0.445938
6,0.764186,0.454805
6,0.516589,0.16902
6,0.684136,-0.158178
6,-1.17263,-0.307404
6,1.26567,-0.50245
6,0.942593,-0.488117
6,0.806567,-0.0993819
6,-0.480236,0.395005
6,-1.38775,0.151227
6,-0.820954,-0.317284
6,-0.987267,-0.502762
6,-0.765289,-0.353688
6,1.00298,-0.318686
6,0.80137,0.440335
6,0.910861,0.297172
6,-0.517036,0.532035
6,-1.45833,-0.519206
6,-0.638794,-0.137877
6,-1.05447,0.294036
6,-0.568425,-0.0394192
6,-1.25197,-0.528589
6,-1.46011,0.0638718
6,-1.51251,-0.051559
6,-0.703984,0.403799
6,-0.485066,0.139489
6,-0.909387,0.519249
6,1.06656,-0.486878
6,1.04966,0.282215
6,-0.983032,0.0138077
6,-0.528028,-0.065505
6,1.07378,0.0822546
6,-0.784515,-0.475127
6,1.31761,0.513537
6,-0.884802,-0.470949
6,-1.45797,0.357141
6,-1.43193,-0.181913
6,0.702559,0.355853
6,-0.800719,-0.0885752
6,0.525017,-0.167719
6,0.959817,-0.20625
6,1.337,-0.502295
6,0.576647,-0.467603
6,0.577654,0.0540811
6,-1.18264,-0.227473
6,-0.879002,0.409539
6,0.721242,-0.404995
6,-1.49315,-0.292151
6,-1.27741,0.472689
6,-1.49736,-0.15847
6,-0.97526,0.217198
6,-0.592926,0.133789
6,-0.58927,0.407318
6,-1.49379,-0.489661
6,1.41663,0.142771
6,1.37081,-0.404585
6,0.723596,-0.0168023
6,0.96301,-0.470064
6,-1.45536,-0.154119
6,-0.844389,-0.462839
6,-1.23017,0.194071
6,-1.352,0.0592711
6,-0.602047,-0.468688
6,0.949529,0.18738
6,-0.722747,0.175647
6,-0.887393,-0.336599
6,-0.906205,-0.477902
6,0.688842,0.438841
6,1.45121,0.256702
6,-0.823718,-0.000606396
6,1.41221,0.177722
6,-1.31896,0.188771
6,-0.467698,-0.120213
6,1.33476,0.321312
6,1.31589,-0.401162
6,0.618284,-0.386769
6,0.982704,0.33428
6,1.27072,0.437051
6,1.14756,-0.220242
6,-0.4254,-0.441787
6,-0.935887,0.403447
6,1.14313,0.406412
6,-1.04223,0.0520566
6,-0.84542,-0.00089876
6,-1.0322,-0.454214
6,-1.16309,0.331253
6,-0.523383,0.224414
6,0.861514,-0.517398
6,-1.18718,-0.0518002
6,1.18005,-0.258497
6,-1.10119,-0.278029
6,0.776215,-0.176509
6,0.523151,-0.417315
6,-1.30126,-0.261137
6,-0.768957,-0.418586
6,0.720311,0.279842
6,0.857455,-0.502488
6,1.01543,0.437182
6,1.42817,0.0172679
6,0.951378,-0.466612
6,-0.472989,-0.469031
6,-0.862667,-0.340307
6,1.04817,0.385157
6,1.41784,0.0407944
6,1.24454,0.42465
6,1.09693,0.00783532
6,-0.769128,0.350691
6,-1.13523,-0.176781
6,0.892253,0.127448
6,-0.878653,0.0158168
6,-1.2864,0.122587
6,-0.71222,0.0498897
6,1.08036,-0.458558
6,1.34721,-0.278112
6,-1.54024,0.0394685
6,1.14395,0.287884
6,1.35791,0.308821
6,-0.633664,-0.214338
6,1.34408,0.528994
6,-0.553202,0.106678
6,1.37421,0.023904
6,-0.846212,0.112206
6,-0.547322,0.0458224
6,-1.2017,0.423243
6,1.27847,0.360636
6,1.28124,0.220809
6,-1.25856,-0.488418
6,-0.880718,-0.198042
6,0.883133,-0.424725
6,0.566423,-0.484091
6,-1.42577,-0.403547
6,0.956822,-0.382565
6,-1.38175,0.23976
6,1.1608,0.174992
6,1.50196,0.440274
6,1.0061,-0.255156
6,1.3975,-0.261157
6,-0.493516,-0.364966
6,1.13412,-0.208385
6,0.8774,-0.071166
6,1.30973,0.143065
6,-0.650825,0.286491
6,-1.06465,0.0678851
6,0.750478,-0.444224
6,1.31119,0.512753
6,0.507318,0.177802
6,0.723409,-0.387536
6,1.50299,-0.521341
6,-1.13186,0.105923
6,-0.671762,0.435726
6,0.50713,0.437681
6,-0.487268,0.255223
6,0.792047,0.0458577
6,-1.01698,0.482901
6,-1.00207,0.422497
6,1.06078,-0.151661
6,1.19457,-0.485185
6,-1.48438,0.156856
6,-1.53748,0.127526
6,1.19397,0.420489
6,1.17895,0.0895057
6,-0.468976,-0.0214646
6,1.39343,-0.229791
6,-1.27862,-0.0518357
6,1.18279,0.31328
6,-0.65847,0.317197
6,-0.765139,-0.322821
6,1.35484,-0.0621608
6,1.23007,0.46193
6,-1.42876,-0.343082
6,-0.486909,0.420222
6,-1.38081,0.0851569
6,-0.68067,0.274556
6,1.5374,-0.433437
6,0.877421,0.0222449
6,-1.24533,0.0350144
6,-0.994243,0.477377
6,1.16145,-0.21661
6,-1.47373,0.249844
6,1.51745,-0.50209
6,1.39604,-0.0493505
6,-0.905012,-0.359073
6,0.680711,0.521139
6,1.41105,0.368154
6,0.721792,0.53753
6,0.530492,0.335435
6,-1.33073,0.202745
6,1.30667,-0.369407
6,-0.607746,-0.223302
6,-1.37284,-0.0602649
6,-0.982113,-0.0795674
6,-1.33903,0.191973
6,0.654477,-0.545476
6,-0.966672,-0.0402046
6,0.532505,0.537994
6,1.12789,0.150082
6,1.49737,0.0801541
6,1.34566,-0.0047613
6,-0.549311,-0.428362
6,-1.13755,0.0293187
6,-1.10515,-0.0076585
6,-0.58661,0.120197
6,1.19124,0.116027
6,-0.499791,-0.180562
6,-1.09319,-0.0782477
6,-1.5195,-0.398205
6,1.15696,-0.0906608
6,0.93463,-0.22873
6,0.468835,-0.109217
6,0.491411,-0.46264
6,0.824235,0.0214631
6,0.710169,-0.292065
6,-1.29631,0.156319
6,-0.685786,-0.113537
6,-1.50199,-0.495403
6,-0.824554,-0.1567
6,1.31138,0.49022
6,0.834181,-0.382786
6,-1.42071,-0.160265
6,-1.47891,0.402298
6,-0.605976,-0.0523816
6,-0.907906,0.284501
6,-1.00231,-0.401385
6,-1.55577,0.413723
6,-0.997316,-0.25847
6,0.528367,-0.158326
6,-0.737204,0.113547
6,0.494074,-0.363343
6,0.55141,0.225392
6,0.782198,-0.15897
6,-0.522949,0.208472
6,0.525756,0.273375
6,0.978209,-0.103047
6,0.580654,0.309564
6,0.867216,0.496956
6,0.743141,0.106361
6,-1.45921,-0.427601
6,-0.907175,0.397164
6,0.812229,0.392072
6,-1.12449,0.524469
6,-1.37441,0.268614
6,-0.557217,0.423946
6,0.640251,0.392299
6,0.990146,0.189984
6,0.544761,-0.150647
6,-0.739631,0.391064
6,0.988446,0.163257
6,-1.12117,0.514686
6,-0.454783,-0.313807
6,-1.26517,0.401717
6,1.0364,0.254982
6,-1.43739,0.224531
6,-0.758501,0.453853
6,1.10166,-0.272792
6,1.45091,-0.19244
6,0.870655,-0.393189
6,-0.641622,-0.28424
6,-0.522146,0.161157
6,-0.627303,-0.425764
6,-1.008,-0.49875
6,0.796389,0.16086
6,-1.04215,-0.0563801
6,-0.599863,-0.126513
6,-1.37806,0.480707
6,-1.51475,-0.240533
6,0.764454,-0.503162
6,0.774731,0.467968
6,-0.649835,-0.056696
6,1.49694,-0.503234
6,-1.21754,0.367981
6,-1.09888,0.053819
6,0.468315,0.0488446
6,-1.52548,0.17601
6,0.55886,0.304962
6,-1.15893,0.281092
6,-1.26339,0.441989
6,1.2311,-0.378568
6,-0.60626,-0.305424
6,-1.42169,-0.432101
6,-0.946057,0.0896015
6,-0.551549,0.460531
6,-1.40991,0.285867
6,1.02237,0.286028
6,-0.919986,0.267044
6,0.643924,0.0064812
6,-1.32151,0.0582135
6,0.627003,0.237886
6,0.749044,-0.0652258
6,1.03875,-0.144656
6,0.804681,-0.10119
6,-0.988714,0.209679
6,-1.11329,-0.0795621
6,1.45411,0.40183
6,-0.722705,0.511118
6,1.08709,0.0744783
6,-0.54138,-0.010547
6,-1.13544,-0.44249
6,0.930298,0.391738
6,-1.07093,-0.517402
6,-1.36766,0.215048
6,-0.823823,-0.0712386
6,-1.37347,0.0586411
6,-1.24937,-0.163402
6,-0.752745,-0.0699251
6,0.816294,-0.408809
6,1.49221,-0.145585
6,-0.639673,0.477424
6,-1.16929,0.0961151
6,0.766957,0.237093
6,0.467021,0.0673526
6,-1.30347,-0.450409
6,-0.822959,0.513265
6,-1.34556,-0.245577
6,0.586328,-0.256993
6,0.759185,0.0608944
6,0.687036,-0.421181
6,-1.29202,0.511367
6,-1.42612,-0.0445905
6,0.880906,0.341762
6,-1.54562,0.150728
6,1.56746,-0.207851
6,0.70755,0.365158
6,0.518357,-0.358203
6,-0.901778,-0.440255
6,1.35875,0.441396
6,0.826479,0.126961
6,-0.924665,0.0163871
6,0.950494,0.147055
6,-0.958254,-0.135756
6,0.522609,0.0932819
6,-1.44933,-0.214356
6,0.540469,0.0983462
6,-1.33546,0.342484
6,0.533579,0.384861
6,0.955169,0.136214
6,-0.964585,0.262124
6,-1.32381,-0.215636
6,-1.23463,-0.182403
6,-0.450343,0.514233
6,0.850757,0.155116
6,1.44048,0.352741
6,1.12916,0.113078
6,-1.41901,-0.53505
6,0.729553,0.516714
6,1.11588,-0.264923
6,-0.890461,0.346538
6,-0.573034,-0.165354
6,-0.630417,-0.0767793
6,1.06119,0.348541
6,-1.41996,-0.453038
6,-1.0173,-0.000605557
6,0.600037,0.541996
6,-1.35679,-0.516229
6,0.693452,-0.494427
6,-0.675407,-0.182353
6,1.03702,-0.0994126
6,0.815592,0.341059
6,-0.688797,0.359162
6,1.30173,0.158966
6,0.477474,-0.47157
6,1.51135,0.250801
6,-0.461567,-0.527015
6,0.528577,0.298485
6,-1.34471,-0.474533
6,-1.03276,-0.173001
6,-0.658584,0.226343
6,-0.830062,-0.412083
6,-0.598,-0.289925
6,1.42305,-0.318561
6,-0.817571,0.366138
6,-0.962511,0.431405
6,0.843745,0.355717
6,-0.801164,0.0372747
6,0.839061,0.48845
6,0.68977,0.47208
6,-1.46054,-0.429329
6,0.664101,0.356449
6,-1.44124,-0.0141722
6,-1.04979,-0.532739
6,-1.02542,-0.254571
6,-0.606499,0.193351
6,1.0942,0.463936
6,-1.3949,-0.0961573
6,-0.667927,-0.19688
6,1.40163,-0.203941
6,-1.44238,-0.503847
6,0.822208,-0.298792
6,-0.62493,-0.0548031
6,1.09869,0.129086
6,1.36977,0.113007
6,1.40456,-0.488176
6,0.823311,0.207023
6,1.23375,0.391765
6,1.3932,-0.457796
6,-1.28971,-0.441078
6,-1.37253,-0.335578
6,-1.3557,-0.0453394
6,-0.781381,0.400052
6,0.514405,0.282111
6,1.40008,0.513291
6,1.01299,-0.500304
6,1.22098,-0.244474
6,-0.612276,0.228454
6,0.489676,0.200808
6,0.786653,-0.0511633
6,-0.841125,0.278553
6,-1.45043,0.387567
6,-1.19851,0.127938
6,1.20675,0.545673
6,0.868757,0.0767633
6,-1.26302,0.164447
6,-0.501604,0.0386312
6,0.9006,-0.155858
6,0.474808,0.502441
6,0.476835,-0.0875991
6,-0.968655,0.325181
6,0.994634,0.202539
6,0.485312,-0.47751
6,-1.15192,-0.336936
6,0.548318,-0.137089
6,-1.17358,-0.362403
6,1.18254,0.0632324
6,-1.30753,-0.18416
6,1.03395,-0.126299
6,1.12132,0.517403
6,-1.11938,-0.019047
6,-0.792,-0.524729
6,1.47177,0.233551
6,0.4918,0.00839833
6,1.05029,0.49272
6,-0.59798,-0.288338
6,-1.14962,-0.00467859
6,1.30319,0.371507
6,-0.670595,-0.491683
6,-0.821561,-0.293908
6,-0.996518,-0.000153559
6,-0.748646,-0.164176
6,-0.693044,0.132393
6,-0.57538,-0.052988
6,-1.20433,-0.519758
6,-0.96576,-0.346045
6,-1.09383,-0.327458
6,-0.974271,-0.168106
6,-1.26101,-0.106635
6,-0.713829,0.0695461
6,0.800805,-0.430544
6,-1.38597,0.5017
6,0.661486,0.2324
6,-1.36418,-0.138325
6,0.947073,0.162769
6,-0.55889,-0.291219
6,1.38693,-0.128282
6,-1.34435,0.292913
6,0.669395,0.0384152
6,-0.988697,0.299922
6,-0.520901,0.311077
6,0.587958,-0.231706
6,-1.5204,0.140719
6,-0.833495,0.425747
6,1.13158,0.0273533
6,1.398,0.503391
6,-0.462584,0.125224
6,0.644186,-0.26353
6,-0.965358,-0.000215395
6,-1.38737,0.511821
6,-1.0389,-0.192239
6,-0.732649,0.216517
6,1.53347,-0.20067
6,-0.709763,0.161446
6,-0.905924,0.130192
6,0.572725,0.226486
6,-1.0076,-0.265322
6,-0.805827,0.293776
6,-1.07365,0.0530304
6,1.07085,0.395849
6,-1.22167,-0.537382
6,1.53299,-0.430746
6,0.480716,0.264231
6,1.10621,-0.43402
6,-1.18154,-0.238656
6,-1.10199,0.216632
6,0.597741,0.28851
6,1.46884,-0.204738
6,0.51946,0.0396799
6,-1.131,-0.429236
6,-0.907133,0.368632
6,-0.638041,-0.416318
6,-0.573647,0.364707
6,-0.835458,0.203497
6,-1.40723,-0.55115
6,-0.746612,0.166172
6,1.49032,-0.0484344
6,0.517799,0.0140161
6,0.581984,-0.206343
6,0.544834,0.389346
6,-1.40916,-0.0596513
6,0.964429,0.0917396
6,1.34329,0.212643
6,1.41024,-0.238224
6,-0.886848,-0.378126
6,-1.17021,0.0375361
6,-1.14904,0.570995
6,-1.1877,-0.519618
6,-1.22833,0.435163
6,1.02997,-0.492331
6,0.847848,0.496369
6,-0.580249,-0.146539
6,1.46306,-0.292502
6,0.911361,0.187037
6,-0.661767,-0.422297
6,-1.36573,0.206239
6,0.820843,-0.365221
6,-1.51324,-0.127166
6,-0.971645,-0.0125547
6,-1.39765,0.0856627
6,-1.24948,-0.335655
6,1.30526,-0.0322172
6,-0.845953,-0.455952
6,-1.33839,0.220831
6,0.933687,0.511749
6,1.49824,0.0461157
6,1.51306,0.239241
6,-0.472868,-0.286955
6,-0.4831,-0.0637886
6,-0.864873,0.334249
6,-0.745534,0.37593
6,0.669661,0.370182
6,-0.952046,-0.00387273
6,1.24023,-0.301163
6,-0.978648,-0.399467
6,1.36204,-0.480348
6,0.598949,-0.091125
6,-1.30105,-0.41488
6,-0.482262,-0.475228
6,1.32127,-0.456445
6,-0.587957,0.295289
6,-0.512924,0.102165
6,-1.31008,-0.140958
6,1.41506,-0.0396907
6,-1.11904,-0.356518
6,-0.855718,-0.272099
6,1.33325,0.365673
6,1.18446,-0.489029
7,-1.34613,-0.188438
7,1.47298,0.425692
7,0.955458,0.300684
7,1.34046,0.263526
7,0.90233,0.265425
7,-1.00816,0.174223
7,-1.32193,-0.313274
7,1.28813,0.219777
7,0.728258,-0.411407
7,0.808961,-0.376188
7,-0.787943,-0.285854
7,-1.08783,-0.342981
7,-1.20962,0.394502
7,0.688762,-0.1735
7,0.634003,-0.0337551
7,1.27228,0.381082
7,1.18077,-0.0164415
7,-0.669263,0.40802
7,-0.631548,0.195653
7,1.20792,-0.356625
7,1.07651,0.0493964
7,0.68018,-0.057606
7,1.31483,0.446847
7,-0.805366,0.0156289
7,-0.789215,-0.246784
7,-1.08259,-0.225889
7,0.946263,0.275183
7,1.01328,0.420875
7,0.849827,-0.079786
7,0.59705,-0.207738
7,-0.588189,-0.0973705
7,-1.37944,-0.295994
7,-1.13652,-0.213488
7,1.27837,-0.371221
7,-0.766349,-0.246273
7,-0.65991,0.134745
7,-0.540162,-0.0964708
7,0.930763,0.11892
7,0.941526,-0.367558
7,0.640625,0.300957
7,0.670628,-0.218376
7,-0.681311,0.349795
7,-0.557757,0.109948
7,-1.44001,0.215813
7,1.05023,-0.0724561
7,-0.97212,0.00750134
7,1.27098,-0.367955
7,-0.993932,-0.0870227
7,0.551289,-0.223051
7,-1.29582,0.0910726
7,-0.873954,-0.203335
7,-1.22885,-0.33975
7,0.962233,-0.2546
7,1.36793,0.357648
7,-0.64001,-0.0891007
7,-0.701073,-0.454551
7,1.16757,0.346771
7,-0.66465,0.23344
7,0.599229,0.369985
7,0.660538,-0.316998
7,1.01083,-0.173575
7,1.09256,0.12977
7,0.545457,-0.042071
7,1.26418,-0.115454
7,-0.929097,0.322706
7,-0.814315,0.418615
7,-0.843442,0.360144
7,0.912202,0.385578
7,-1.45585,-0.272984
7,1.19791,-0.133937
7,-0.893789,-0.35117
7,1.06872,-0.0833258
7,1.43839,-0.150241
7,-0.771185,0.00622424
7,0.990062,0.265483
7,-0.807595,0.427984
7,1.1729,-0.356815
7,0.907451,-0.169436
7,-0.557644,-0.302482
7,1.33046,0.241756
7,-0.615703,0.0673781
7,-0.601746,-0.124575
7,-0.81473,-0.453282
7,0.628192,-0.359663
7,-0.899064,0.322009
7,-0.96561,0.267694
7,0.625945,0.000729464
7,0.831348,-0.172032
7,-1.27923,0.1503
7,0.815962,0.352839
7,-1.14004,0.000139748
7,-0.839041,-0.024007
7,-1.12123,0.341152
7,0.82278,-0.161014
7,0.619214,0.0873006
7,0.967812,-0.28001
7,1.20874,-0.098797
7,0.651068,-0.0405983
7,1.19924,0.268928
7,-1.05522,-0.050515
7,1.38374,-0.0611885
7,-1.05482,0.000539742
7,-0.901518,-0.345155
7,-0.993145,0.112444
7,1.21332,0.104772
7,-1.33196,-0.441718
7,-1.11299,-0.187946
7,-1.30429,-0.140584
7,-0.857598,0.14038
7,-1.17539,0.137152
7,-1.48443,0.196857
7,0.679979,0.234265
7,0.696816,0.0011643
7,-1.30308,0.0774032
7,-0.790498,-0.27967
7,0.833533,0.174205
7,-1.28857,0.185984
7,0.706356,-0.394209
7,1.34826,-0.162754
7,-1.20749,-0.266411
7,-0.746295,0.0340399
7,0.908424,0.187509
7,-1.35453,0.256094
7,-0.954174,-0.0713131
7,1.07138,0.120387
7,0.855195,-0.424987
7,1.01839,-0.374603
7,0.629799,-0.15158
7,-1.00002,0.0960238
7,0.575782,0.0424712
7,0.683007,0.244466
7,-1.2184,0.292665
7,1.10541,-0.257044
7,0.940087,-0.46319
7,1.32387,0.187114
7,1.45543,-0.146006
7,-0.617604,0.213725
7,0.797266,0.199778
7,0.738779,0.36646
7,-1.19359,0.251696
7,-1.1385,0.134403
7,1.48742,-0.0108401
7,1.18214,0.0217978
7,-1.26642,0.338462
7,-1.10137,-0.380015
7,-1.11121,-0.441875
7,-0.700907,0.382417
7,-0.791312,0.327909
7,-1.42594,-0.454759
7,-0.725528,0.308324
7,-0.813991,-0.381829
7,0.965668,0.454161
7,0.618404,-0.329066
7,1.28858,0.119459
7,0.953755,0.304365
7,-0.620921,0.387446
7,1.16516,-0.00836902
7,-1.10554,-0.1931
7,0.988794,0.40551
7,-1.13634,-0.122835
7,-1.07224,-0.279153
7,0.787727,0.453681
7,1.43429,-0.352027
7,-1.29607,0.288415
7,1.067,-0.39257
7,0.733448,-0.158723
7,1.20754,-0.196542
7,0.528404,0.4441
7,-1.22037,0.0180234
7,0.667511,-0.186532
7,-0.64678,-0.162384
7,-1.3349,-0.134919
7,0.526712,0.307151
7,-0.642472,-0.0557844
7,-0.874098,0.123202
7,-1.03229,0.0670506
7,-0.968238,0.0376236
7,-0.670277,0.32893
7,1.39362,-0.263206
7,-0.711115,-0.263746
7,1.4544,-0.264604
7,-1.39753,0.194579
7,-0.990053,-0.0663861
7,-1.39052,0.128474
7,-0.967444,-0.39779
7,-0.653154,0.0268219
7,-0.633391,-0.381809
7,-1.03544,0.0811269
7,1.04642,0.135129
7,-1.0884,-0.194783
7,-1.39161,-0.282901
7,1.19074,-0.360372
7,1.18851,-0.293603
7,-1.14942,-0.173
7,1.27651,0.0849319
7,-0.971452,0.40074
7,0.64172,-0.459816
7,-1.03155,0.504131
7,1.44338,-0.0168726
7,-0.599343,-0.184667
7,0.848135,-0.323623
7,-0.869029,0.0846278
7,-0.854705,0.511356
7,-0.784066,-0.262992
7,-0.864164,0.230628
7,0.720402,0.326383
7,-1.41414,-0.025651
7,-1.14243,0.439351
7,-1.01915,-0.405453
7,0.606374,-0.125339
7,-1.24234,-0.144479
7,-0.874349,-0.191199
7,-1.06889,0.0852484
7,-1.19902,-0.03416
7,-1.14161,0.139744
7,0.507248,0.448066
7,1.19285,-0.272678
7,-0.713874,-0.110143
7,-0.825484,0.293822
7,-1.35609,0.445555
7,1.26148,-0.409429
7,1.10505,0.286941
7,-0.756351,0.158289
7,-0.95996,-0.149552
7,-1.44757,0.436133
7,0.610071,-0.0281474
7,-0.842811,0.0238685
7,1.15442,-0.0186538
7,-1.32106,0.0721087
7,-1.13799,-0.104719
7,0.916529,-0.0695536
7,-0.6389,-0.150366
7,-1.27269,-0.125513
7,-0.744195,0.106495
7,-1.00389,-0.0153533
7,-1.4851,0.0591402
7,1.00297,0.359635
7,-0.650623,0.309197
7,-1.08135,-0.454822
7,-1.01216,-0.230793
7,0.738725,-0.283977
7,1.20656,-0.171218
7,-1.43581,0.0410763
7,1.22685,0.0646147
7,1.04319,0.256619
7,-1.39682,-0.410553
7,1.2108,-0.414003
7,0.939945,0.396548
7,-1.3324,-0.373803
7,1.0927,-0.344499
7,1.36888,0.0196705
7,1.09789,0.184934
7,0.731217,-0.27246
7,1.1227,0.25125
7,1.09053,-0.133055
7,1.11417,-0.255495
7,0.642827,-0.27007
7,1.42906,-0.405818
7,-0.748192,-0.381686
7,-0.666475,-0.340835
7,0.851881,0.0503177
7,0.89567,-0.338001
7,0.638239,0.240013
7,1.15578,-0.0383495
7,-0.52036,0.449634
7,0.946825,0.39736
7,-1.31116,-0.152586
7,1.00714,0.0223006
7,-1.34855,-0.272962
7,0.967473,-0.272862
7,-1.36253,-0.244639
7,1.29576,0.0522482
7,1.07958,0.426626
7,-0.669608,-0.00765303
7,0.600132,-0.290318
7,1.17306,-0.395369
7,0.637159,-0.210026
7,1.09036,0.158523
7,0.794073,0.425383
7,0.786224,0.249624
7,0.54369,0.133922
7,-1.26453,0.198197
7,-0.79181,-0.360705
7,0.636461,-0.111719
7,0.530736,0.122645
7,0.815021,-0.324385
7,0.958629,-0.0579981
7,0.535781,-0.0463798
7,0.829963,-0.189458
7,0.911952,-0.0710495
7,1.36105,-0.0805165
7,0.777484,-0.231003
7,-0.871642,0.0322407
7,-1.43851,-0.0360075
7,-1.23063,0.0882901
7,1.19136,0.193391
7,0.604437,0.0807325
7,0.827146,0.167677
7,-1.4051,-0.412021
7,0.775657,0.204362
7,1.055,-0.142597
7,0.939547,-0.205658
7,-0.621979,-0.0863927
7,1.30029,-0.190697
7,-1.33898,0.160356
7,0.831263,0.149409
7,1.0596,0.360821
7,0.641923,-0.208619
7,-0.554274,-0.373967
7,-1.43899,0.366611
7,-1.09931,-0.182665
7,-0.636227,-0.147917
7,0.58507,-0.115488
7,0.696809,-0.341831
7,0.954252,0.271849
7,-1.0985,-0.156841
7,-1.16405,0.420371
7,-1.48153,-0.152883
7,-0.9769,0.339777
7,-1.10934,-0.269813
7,-1.16086,-0.296584
7,0.954405,0.256897
7,-0.811511,0.0654173
7,-1.40503,-0.184722
7,0.812426,0.299793
7,-1.47608,-0.368854
7,-0.590811,0.441608
7,1.48107,-0.490086
7,-1.38569,-0.380796
7,-0.80845,-0.423116
7,1.32583,-0.133623
7,-0.724551,0.1594
7,-1.1657,-0.391938
7,-1.35588,-0.0048575
7,-0.853994,0.209395
7,-0.882991,-0.100798
7,-0.678834,0.175077
7,-1.43365,-0.198297
7,-1.06573,0.347361
7,0.721369,-0.185677
7,0.561521,-0.0224134
7,-0.760408,0.460766
7,-1.30876,-0.349532
7,0.889112,0.0788134
7,1.15834,-0.118154
7,1.14858,-0.0704837
7,1.13164,-0.477008
7,0.906923,-0.22516
7,0.839957,0.309099
7,-1.0297,0.283898
7,-0.603413,0.0775398
7,-1.37986,0.228548
7,-1.14412,-0.454635
7,-1.1637,0.309957
7,0.98678,-0.124527
7,0.752632,-0.0122147
7,-1.34118,0.0701341
7,-1.08044,0.298809
7,-0.757549,0.185056
7,0.704256,-0.388084
7,1.18122,0.339222
7,-0.650411,-0.0197977
7,-0.852182,-0.330445
7,1.26466,0.0786446
7,-0.772654,-0.213192
7,-0.758326,-0.0614078
7,-1.17132,-0.112378
7,0.906444,-0.479986
7,-1.1295,-0.331208
7,0.823005,0.0267882
7,-0.93109,0.316739
7,-0.548214,-0.254767
7,0.764321,0.118091
7,-0.736242,0.333703
7,0.737753,-0.404786
7,1.43514,-0.307665
7,0.650478,0.119389
7,0.836822,0.285548
7,-0.983501,0.13268
7,1.38958,-0.0303281
7,-0.704693,0.208353
7,0.835323,0.305758
7,-0.638557,0.464918
7,-1.26745,0.0966684
7,0.629147,0.402746
7,-0.574441,0.424788
7,-1.15308,0.0931896
7,-1.42747,0.404609
7,1.15563,0.370374
7,1.23226,-0.180594
7,1.26983,-0.255292
7,-1.37633,-0.413296
7,0.96446,-0.207099
7,-0.616314,0.210836
7,-0.92747,-0.0919754
7,-1.23288,-0.455772
7,-1.39336,0.0476541
7,-0.86743,-0.403983
7,0.592741,0.294918
7,-0.695401,0.428039
7,1.28699,-0.0318556
7,0.731925,-0.250679
7,1.44453,-0.355344
7,1.3369,0.216576
7,1.25956,-0.229132
7,0.867809,-0.233334
7,0.657124,-0.146139
7,1.35085,-0.307674
7,1.10293,-0.328324
7,0.632667,-0.0717463
7,1.38218,-0.226027
7,0.636567,0.0408662
7,1.38967,-0.415024
7,0.810724,-0.116398
7,0.58602,-0.0469036
7,-1.07145,-0.156074
7,-0.995044,0.331648
7,0.769629,-0.441393
7,1.33813,0.406187
7,-1.27032,-0.257143
7,1.16859,-0.421708
7,-0.561849,0.230847
7,-1.43228,0.0527983
7,-1.16334,0.234156
7,0.761422,-0.399242
7,-1.22523,0.192144
7,-0.768729,0.287115
7,-0.873767,0.00881551
7,-1.19275,-0.266574
7,-1.35747,0.38891
7,1.03973,-0.336825
7,1.07446,0.435914
7,-1.18931,0.271783
7,1.2564,-0.299085
7,-1.27297,0.3227
7,-1.2273,0.00897523
7,-1.44009,-0.0674521
7,1.14441,0.421114
7,-0.945757,-0.0784998
7,-1.01674,-0.278207
7,0.808376,0.229983
7,-0.572788,-0.186705
7,-0.723625,-0.289508
7,1.30838,-0.370461
7,0.947878,-0.161492
7,1.07985,0.237676
7,1.02741,0.271168
7,0.710644,0.262992
7,-1.39639,-0.146167
7,-0.617514,-0.437509
7,-0.696959,0.0848744
7,-1.30331,-0.446424
7,0.704883,-0.43537
7,0.730891,0.177965
7,-1.17812,-0.212145
7,-1.45407,-0.163709
7,0.657471,0.239181
7,1.09508,0.0268409
7,-0.790684,0.332654
7,0.83973,-0.0404712
7,-0.922319,-0.0326739
7,1.01973,-0.355187
7,-0.678776,-0.0337623
7,-1.37287,0.0801392
7,0.651269,-0.202144
7,-0.682964,0.403015
7,1.35652,-0.149297
7,0.686403,-0.298068
7,-0.944168,-0.271929
7,0.917688,-0.0916859
7,1.21265,0.414669
7,-0.652192,0.122098
7,1.30053,-0.297104
7,-1.46224,0.167869
7,-0.762169,0.49365
7,1.2641,0.102576
7,1.20127,-0.306845
7,1.42752,-0.246584
7,1.21957,-0.128574
7,0.890334,-0.326219
7,1.26135,0.302413
7,-0.922692,-0.390319
7,-0.585855,0.463621
7,-1.37792,-0.218419
7,1.28583,-0.25727
7,-0.942549,-0.224752
7,0.7806,0.0994293
7,-1.31556,0.395121
7,0.676491,-0.0892463
7,1.03348,0.0175721
7,0.943104,0.122786
7,1.32137,0.138557
7,-0.901707,-0.108253
7,0.787313,0.40697
7,-1.40486,0.0741281
7,1.04049,0.314412
7,-1.15292,0.098451
7,0.596114,0.0622446
7,1.31296,0.390877
7,1.048,-0.0493772
7,1.40491,-0.291971
7,1.17239,-0.414138
7,-0.796213,-0.113935
7,-1.31892,0.24018
7,-0.659985,0.189204
7,-0.939627,0.243673
7,1.21765,-0.0197555
7,-1.40295,-0.0912402
7,-1.34473,0.201709
7,-1.39976,0.154512
7,-1.28702,0.200006
7,1.18152,0.256665
7,1.01207,-0.230855
7,0.761663,0.351567
7,0.572734,-0.35534
7,0.649378,-0.139035
7,-1.22913,-0.09123
7,-1.33666,-0.311592
7,1.03469,-0.350537
7,-0.793393,-0.0659449
7,0.886574,-0.318188
7,-0.555321,-0.276459
7,0.859065,-0.0941812
7,-1.35268,-0.295944
7,0.64795,0.327057
7,-1.00822,0.0600957
7,0.663179,-0.401295
7,-0.837737,-0.361459
7,1.07699,-0.282761
7,-1.24329,0.0830988
7,-1.22594,0.0228697
7,-1.13914,0.0652449
7,-1.25038,-0.225442
7,-0.995455,-0.251603
7,1.41672,-0.209132
7,-1.28232,-0.414234
7,0.7604,-0.130893
7,-0.825519,-0.0737705
7,1.27944,0.0818443
7,-0.980279,0.28571
7,-0.817873,-0.34568
7,-1.25825,-0.0927459
7,-0.717847,-0.264589
7,0.71094,0.328182
7,-0.742991,-0.00373851
7,-1.13933,-0.210595
7,-0.747917,0.113265
7,-1.27748,-0.235269
7,1.07211,-0.252386
7,-0.656579,0.44447
7,-0.688212,0.24457
7,0.996623,0.11352
7,0.815859,-0.0466861
7,-0.956349,-0.146274
7,0.738668,-0.373727
7,1.42518,-0.220758
7,1.17516,0.258863
7,-1.40903,-0.131291
7,-1.36144,-0.156474
7,-0.586883,-0.118598
7,1.49926,-0.1186
7,0.647967,0.449664
7,1.00224,0.0568173
7,0.690359,0.166839
7,-1.0381,0.132967
7,1.32755,0.439605
7,-1.22214,0.151706
7,-1.21257,-0.0435298
7,-1.28862,0.0354665
7,0.760686,0.100317
7,-1.15787,0.273242
7,0.867574,0.110819
7,-1.21779,0.273442
7,-1.40495,-0.381389
7,-1.37523,0.293921
7,-0.863078,0.462355
7,1.26315,0.25196
7,0.911154,-0.0827631
7,-0.946319,-0.0606488
7,-1.02174,-0.202948
7,-0.782336,-0.374683
7,-1.21456,0.156826
7,-1.2646,-0.0830538
7,1.29046,-0.366855
7,-1.16017,0.390163
7,-0.98265,0.21129
7,-0.713517,-0.129695
7,0.927773,-0.240266
7,-0.627447,-0.0960842
7,-0.841896,0.486847
7,0.860163,-0.375898
7,-0.540585,-0.20576
7,1.28118,0.294628
7,0.666813,-0.112103
7,-0.767788,-0.158288
7,0.657006,0.266091
7,1.25092,-0.466954
7,1.04407,0.0786746
7,0.803538,0.322676
7,0.804259,-0.239914
7,-1.28255,-0.020616
7,0.745004,-0.00397748
7,1.47241,-0.293228
7,1.1648,0.163671
7,0.951713,-0.237418
7,0.948479,-0.449583
7,1.0075,-0.509228
7,0.817304,-0.463335
7,1.08438,0.329052
7,-0.86307,0.100028
7,1.06693,0.206225
7,-0.692644,0.0332254
7,-0.855162,0.0385821
7,1.03209,0.0134321
7,0.738863,-0.0294154
7,1.0638,0.0507341
7,0.625507,-0.208851
7,-1.00729,0.123721
7,0.915126,-0.267723
7,-0.635227,-0.00668265
7,-1.06431,0.26113
7,-0.709116,-0.330312
7,-0.997673,-0.119318
7,1.0011,-0.253242
7,-1.16402,-0.332048
7,-1.05552,-0.324027
7,1.3148,-0.415536
7,0.765223,0.00897724
7,-0.69881,0.0440741
7,1.12693,0.148953
7,0.990987,0.00444006
7,1.33629,0.0406096
7,-0.99847,-0.216796
7,-1.26002,-0.0634675
7,-0.785318,-0.250363
7,-0.797273,-0.000895813
7,-1.35633,-0.2779
7,-1.40227,0.265942
7,-1.16615,-0.0725522
7,-1.03315,0.456603
7,0.897217,0.204058
7,-1.30806,0.182917
7,0.614737,-0.233077
7,-0.663256,0.353377
7,0.727082,-0.416779
7,-0.91379,0.125811
7,1.09912,-0.19637
7,1.13452,-0.352716
7,0.651034,-0.175179
7,-1.08322,-0.333739
7,0.71582,-0.226788
7,-0.722685,-0.464654
7,-1.0336,0.418358
7,1.23655,0.0572851
7,-0.728488,0.259073
7,-0.554124,0.258934
7,-0.734353,0.140543
7,-0.906817,0.0558575
7,1.37405,0.239439
7,-1.08391,0.468199
7,1.08754,0.447927
7,-1.17256,-0.138147
7,0.569734,0.391483
7,1.22278,0.140436
7,0.581082,-0.241949
7,1.2248,0.0630817
7,-1.08637,-0.2804
7,0.729661,0.428899
7,-1.16287,0.160145
7,0.688066,-0.181368
7,1.33369,0.447359
7,0.925489,0.216
7,0.951236,-0.403681
7,-1.07414,0.405937
7,-0.901394,0.253453
7,-1.0425,-0.218926
7,-0.587411,0.0766215
7,-0.714584,0.295373
7,-0.64107,0.378737
7,-0.8631,-0.434399
7,-0.908936,0.145064
7,1.25271,-0.195905
7,-0.829451,-0.400479
7,-1.25251,-0.0290875
7,-1.03822,-0.302197
7,-1.35279,0.340098
7,-1.14956,-0.299858
7,1.03218,-0.408043
7,-1.09412,0.210639
7,0.642393,0.367561
7,-1.32387,-0.213995
7,-1.08777,0.257726
7,-0.796547,0.0947441
7,-0.592621,0.412019
7,-1.42664,-0.427009
7,-0.894524,-0.173116
7,1.18576,-0.101167
7,-1.40586,-0.450638
7,-1.22974,0.375177
7,1.45444,-0.347192
7,-0.887187,-0.152444
7,0.998359,0.209675
7,1.26826,-0.248864
7,0.645393,0.401525
7,1.3024,-0.187004
7,0.929635,0.0443544
7,0.881669,-0.191691
7,-0.869937,-0.0119149
7,-0.808239,0.267282
7,-1.01006,-0.223611
7,-1.01998,-0.397628
7,-0.713657,0.140044
7,-1.4628,0.304645
7,1.37949,0.0665483
7,-0.662918,-0.250203
7,-1.36209,-0.41115
7,1.40614,-0.340583
7,0.798619,0.317584
7,0.782705,0.14678
7,-1.38184,-0.357002
7,-1.21324,0.149261
7,-0.956911,0.141583
7,-0.855486,0.123456
7,-1.41234,0.0290677
7,1.4827,-0.258353
7,0.792343,-0.205939
7,-0.890913,-0.0190689
7,1.43479,0.106011
7,0.911785,0.149096
7,1.32254,0.405888
7,-1.36344,-0.214106
7,0.685311,0.30193
7,-1.255,0.27035
7,1.40475,-0.179584
7,-1.20626,0.393674
7,0.732257,-0.0181991
7,1.04492,0.29843
7,-0.689381,0.14813
7,-1.45674,0.210361
7,1.3004,0.142971
7,-1.12686,-0.260798
7,-0.863184,-0.286385
7,1.01154,0.269568
7,-0.789547,0.0313361
7,1.12852,0.168583
7,-1.33364,-0.0102889
7,-1.0869,-0.177201
7,-1.37534,0.309418
7,-0.631663,0.317776
7,0.863728,-0.355628
7,0.521463,0.266338
7,0.638533,-0.339471
7,-1.08036,0.427031
7,0.63379,0.00282526
7,0.919235,0.229148
7,-1.15438,-0.338335
7,0.931049,0.0155549
7,-0.817885,0.108231
7,-1.3373,-0.240774
7,1.1429,0.427855
7,-0.918431,-0.252343
7,0.826607,0.388114
7,-0.854516,-0.107265
7,1.45992,-0.417438
7,-1.04359,-0.256839
7,-0.771207,0.243387
7,0.583448,0.229558
7,-0.88113,-0.439354
7,0.800649,-0.176569
7,0.745742,0.296472
7,0.871861,-0.438281
7,-1.16834,-0.00829991
7,-1.16932,0.435356
7,0.59585,0.505044
7,1.30729,0.011026
7,1.15595,-0.273122
7,-0.681002,0.14858
7,0.758485,-0.267596
7,-0.77374,-0.241019
7,1.32169,-0.17702
7,0.788679,-0.453093
7,0.710864,-0.29553
7,-0.9346,-0.263414
7,1.24495,0.204189
7,-0.864333,0.0256536
7,-0.995357,0.229137
7,1.41123,0.447912
7,0.613218,-0.278428
7,-0.918822,0.105619
7,-0.9543,-0.169146
7,0.731961,-0.392571
7,1.05576,-0.285178
7,0.637847,-0.237196
7,0.821067,-0.0291267
7,-0.598424,-0.00698745
7,-0.859717,-0.205704
7,0.531016,0.472661
7,0.820108,0.0101766
7,-1.50983,-0.12248
7,1.30974,-0.0827606
7,-0.737474,-0.349728
7,0.662797,0.407438
7,1.45425,0.210263
7,0.870132,0.0620953
7,-1.41396,0.307703
7,1.00919,0.403258
7,-1.34466,-0.146737
7,0.921749,-0.303839
7,-1.37587,0.281337
7,0.838566,-0.179257
7,-1.19383,0.426078
7,0.930221,0.326267
7,1.2989,0.233827
7,0.694977,0.158107
7,1.27083,-0.497336
7,0.936698,-0.235564
7,-1.29943,0.237252
7,0.991383,-0.102742
7,-0.825221,-0.229629
7,0.776397,0.113039
7,1.43508,-0.0603383
7,-1.42844,-0.210462
7,1.42273,0.366779
7,1.20957,-0.0061561
7,-0.77322,-0.121235
7,0.539314,0.301945
7,1.07368,0.239831
7,-0.675968,0.293574
7,0.942997,0.190439
7,0.732611,0.283814
7,0.892894,-0.125607
7,1.28861,-0.421704
7,0.934281,-0.407768
7,-0.908168,0.222202
7,-0.966108,-0.384654
7,0.89963,-0.363588
7,0.895313,0.381517
7,-0.970185,-0.179347
7,-0.934128,0.329514
7,0.626002,0.229523
7,-1.4543,-0.359157
7,0.682321,-0.360364
7,1.41068,1.25317e-05
7,-1.11211,0.00768886
7,-1.01259,-0.36643
7,-1.05565,-0.0158596
7,1.29174,-0.317484
7,1.27759,-0.323904
7,-1.46026,0.0843078
7,-0.942633,0.0883416
7,0.786024,-0.0334929
7,1.20894,-0.380181
7,0.796936,0.382995
7,-0.947673,0.301472
7,0.68431,-0.340503
7,1.36655,-0.363701
7,1.00958,0.206237
7,-0.78197,-0.0961321
7,-1.44028,-0.398309
7,-1.16624,-0.421776
7,-1.11153,0.00313882
7,-0.606306,0.417045
7,-1.08807,-0.425631
7,-0.812993,0.471036
7,-0.562651,-0.197229
7,-0.703589,-0.393819
7,-0.694351,-0.250622
7,0.780912,0.273076
7,-0.675492,0.445492
7,0.8343,-0.00109417
7,-0.474282,0.0157178
7,0.959312,-0.308162
7,0.526623,-0.351514
7,-1.33003,-0.279224
7,-0.909125,0.0394719
7,-1.15736,0.422787
7,-1.14588,0.216274
7,-0.697896,-0.279385
7,1.15043,-0.261248
7,1.20443,-0.0128299
7,0.779614,-0.500045
7,0.721443,0.328511
7,-0.717897,-0.338192
7,-0.770604,-0.219732
7,1.36223,-0.399879
7,-0.91611,-0.320187
7,-1.41441,0.465426
7,0.571715,0.132307
7,0.592729,0.212301
7,1.44168,-0.361158
7,1.40934,-0.187059
7,1.23825,-0.132327
7,0.857017,0.238088
7,-1.07302,-0.246945
7,-0.938384,-0.105312
7,0.875252,0.0050712
7,0.805947,0.0544905
7,1.39596,0.332473
7,1.10323,0.135376
7,0.554505,-0.094219
7,-1.38694,0.19343
7,-1.12899,0.405655
7,-1.03364,0.238325
7,1.45088,-0.171689
7,-1.32987,-0.314642
7,0.771519,0.380231
7,-0.638161,-0.295086
7,0.956003,0.119794
7,0.523043,0.00102576
7,0.579687,0.172579
7,0.900128,0.192169
7,0.973714,0.151566
7,0.778457,-0.22229
7,0.581285,0.13977
7,0.651371,-0.00866703
7,-0.755332,0.122327
7,-1.28172,-0.237356
7,-1.27479,-0.308333
7,1.02925,0.18186
7,0.883431,0.503493
7,-1.28802,0.430245
7,-1.04881,-0.134673
7,0.582777,0.396801
7,1.36035,0.126986
7,1.28864,-0.0381485
7,0.608817,0.210797
7,1.14977,-0.106039
7,-0.596018,-0.135608
7,0.862067,-0.170133
7,1.21353,-0.368659
7,-0.667776,-0.355568
7,0.92933,0.473511
7,0.722427,-0.173552
7,1.16401,0.377741
7,-0.618513,-0.00120059
7,0.94982,-0.193524
7,0.64293,0.0371225
7,-1.42215,-0.361434
7,-0.989099,-0.280707
7,1.24934,-0.43984
7,1.15807,0.23062
7,-1.08133,0.141796
7,1.31938,-0.25487
7,-1.3702,-0.175098
7,0.806111,-0.0412255
7,-0.730062,0.097143
7,-0.836764,0.322963
7,1.32317,-0.214791
7,-0.879613,-0.231511
7,-1.22152,-0.418365
7,1.10829,0.419471
7,-1.43643,0.332188
7,1.41891,0.433077
7,0.857704,0.17114
7,1.24525,-0.0349733
7,-1.0312,0.451964
7,0.595937,0.357124
7,-0.763998,0.216288
7,1.15227,0.244828
7,1.40879,-0.058227
7,1.2758,-0.156825
7,-1.40291,0.339075
7,1.34133,-0.314615
7,-0.831987,-0.228186
7,-1.32047,-0.0943269
7,-0.585543,0.21697
7,0.840436,-0.0813321
7,-0.721366,-0.235981
7,0.614774,-0.309728
7,-1.29391,-0.366798
7,-1.35267,-0.219904
7,-1.03249,-0.142165
7,-0.823562,-0.00210258
7,1.41984,0.0542968
7,1.43568,-0.285101
7,0.581491,-0.293926
7,0.742638,0.385121
7,-1.37914,0.168329
7,-0.785917,0.0268417
7,-1.13061,-0.0527093
7,-1.3554,-0.343155
7,0.784493,-0.103115
7,0.804215,0.169954
7,-1.14768,0.0332548
7,-0.672425,0.293307
7,-0.841754,0.134977
7,0.958961,0.231825
7,-0.693365,0.280631
7,-0.556141,0.317644
7,0.942776,0.416456
7,0.994348,-0.359658
7,-0.804405,-0.00390117
7,1.10177,0.0453022
7,-0.964422,0.252957
7,0.644709,-0.116426
7,1.06192,-0.410059
7,-1.38412,0.150665
7,-0.679685,0.106765
7,1.16218,-0.296834
7,-1.04852,-0.0829983
7,1.11969,0.0824641
7,-1.43089,-0.0107547
7,1.39882,0.0887739
7,-1.26882,-0.349346
7,-1.01567,0.0632279
7,-1.39503,-0.300611
7,1.28742,-0.203507
7,-0.802964,-0.425999
7,-1.29164,-0.275031
7,1.28272,-0.0640147
7,-0.93233,-0.169216
7,-1.02826,-0.282218
7,-0.828271,0.358912
7,1.07749,-0.244713
7,-1.10238,-0.0994873
7,-1.33311,0.0487422
7,0.582785,0.00794146
7,1.24571,-0.382162
7,1.10257,0.125953
7,-0.96012,0.31718
7,-1.27967,-0.447176
7,-1.31148,0.199383
7,1.36223,-0.342614
7,0.673469,0.287729
7,1.32851,-0.0682652
7,0.865142,-0.213903
7,-1.31093,0.20488
7,-0.922731,0.426681
7,1.46083,0.201171
7,1.39311,0.278509
7,-1.36688,0.183309
7,-0.824471,0.0223335
7,-0.937909,-0.104816
7,-0.957698,-0.162619
7,1.32533,-0.0388508
7,0.517529,0.0216174
7,0.952044,-0.194256
7,-0.880427,-0.214989
7,-0.621621,0.0693255
7,-0.583282,0.180839
7,-0.966617,0.215835
7,-0.986841,-0.203033
7,1.48866,-0.127264
7,-0.757154,0.015498
7,-1.04506,0.232064
7,0.986002,-0.256701
7,-1.04495,-0.275028
7,-1.2587,-0.304831
7,-1.17554,0.112554
7,0.768149,-0.323855
7,1.39836,0.358953
7,-0.708327,-0.288477
7,-1.16539,0.145033
7,0.689732,-0.0463347
7,-1.11676,-0.371966
7,-1.37516,0.258627
7,-1.28278,0.311255
7,1.36694,0.328741
7,-0.559873,0.147749
7,-0.583561,0.0346967
7,-1.27531,-0.0760485
7,0.97687,0.381087
7,1.07861,0.0428644
7,-1.38142,0.295843
7,-0.887429,-0.367248
7,0.819067,-0.265622
7,0.574592,0.344066
7,-0.949411,0.0255709
7,1.39734,-0.151613
7,-0.942393,0.3285
7,-0.659898,0.238128
7,1.34351,0.387003
7,-0.626194,0.101635
7,-0.682557,-0.317043
7,1.01182,-0.389021
7,1.27628,-0.0399474
7,-0.606483,0.0635427
7,0.612065,0.398391
7,0.744928,-0.29537
7,1.37174,0.428422
7,-0.821457,0.044491
7,1.05711,0.295913
7,0.751827,0.128244
7,1.04363,0.480668
7,1.04218,0.268479
7,-0.599457,-0.439058
7,-0.92364,0.266363
7,-0.845607,-0.0370328
7,-0.91439,-0.0108162
7,-0.610143,0.0935632
7,-1.3644,-0.201472
7,1.23628,0.024858
7,0.692419,0.329039
7,-1.39658,-0.403795
7,-0.71553,-0.246815
7,1.30896,-0.344861
7,1.1334,0.0580632
7,-1.43588,-0.386543
7,-1.12511,0.0164459
7,-0.677964,0.342664
7,-1.01431,-0.378406
7,-1.0877,0.112111
7,1.22387,0.252883
7,-1.26928,0.0486459
7,1.44897,-0.334276
7,0.836837,0.138593
7,-0.900838,-0.182049
7,1.02691,0.306793
7,1.08568,-0.119229
7,-0.618552,0.0459688
7,1.33335,0.000661343
7,-0.940597,0.334065
7,-1.18826,-0.296869
7,-0.621162,-0.0397344
7,-0.751792,-0.0672073
7,-0.618065,0.363494
7,-1.43663,0.135779
7,-0.757486,-0.0782495
7,-1.44999,0.421736
7,0.917071,0.45788
7,-0.890619,-0.0170045
7,1.02016,-0.277112
7,-1.04652,0.323615
7,1.36642,0.44067
7,-0.573134,-0.430543
7,-1.1451,-0.246469
7,-1.33574,0.264109
7,-0.601216,0.0888632
7,-1.03023,0.263934
7,-0.662266,-0.273032
7,-0.622784,-0.427439
7,-1.29738,0.222749
7,-1.08725,-0.375307
7,-1.27053,0.189594
7,0.662142,0.353676
7,1.07152,-0.0617669
7,0.725884,-0.36776
7,1.43651,0.133818
7,-0.961931,0.0909722
7,0.931404,-0.44622
7,-1.16734,0.0217621
7,0.868496,0.123712
7,0.72932,-0.0186035
7,1.28299,0.207723
7,1.39626,0.181305
7,1.33033,-0.276336
7,-0.81549,0.415771
7,1.07093,0.0120405
7,-0.721152,0.324996
7,0.801548,-0.127718
7,1.45688,-0.193432
7,0.790797,0.437774
7,0.92752,-0.273887
7,0.625014,-0.00508648
7,-0.848048,-0.0798335
7,-1.28699,-0.100644
7,-0.591822,0.236581
7,-1.06293,-0.314467
7,-0.887516,0.0988468
7,-0.74216,-0.0707744
7,1.1048,0.408386
7,-0.792631,0.353775
7,0.754417,0.0709224
7,0.748347,-0.457522
7,-1.23344,-0.306682
7,-1.4119,-0.294595
7,1.25622,0.197873
7,1.08539,-0.154238
7,-1.18726,-0.220591
7,0.663264,0.421955
7,-0.707632,-0.380591
7,-1.2123,-0.335725
7,1.37705,-0.37997
7,-1.33896,-0.454048
7,1.18731,0.0817904
7,-1.44069,-0.318131
7,1.16877,0.251726
7,-0.803183,0.407331
7,-1.35686,-0.155036
7,-0.555192,-0.462769
7,0.692223,-0.424201
7,-0.789666,-0.388809
7,0.646912,-0.40971
7,1.10125,0.14224
7,-1.08618,-0.380152
7,0.719598,0.326508
7,-1.15515,0.0800359
7,-0.680386,0.108336
7,-0.949066,-0.481242
7,-0.974791,-0.326458
7,1.27251,0.450531
7,1.17373,0.44611
7,-0.619957,-0.413346
7,-1.40635,-0.464831
7,0.755434,0.413959
7,-0.944989,-0.460866
7,-1.04272,-0.37209
7,1.45008,-0.00619831
7,-0.70348,-0.0688288
7,0.79068,-0.386972
7,-0.639462,0.0469081
7,-1.37557,0.224064
7,-0.584176,0.204693
7,-0.920166,-0.196948
7,-0.882029,0.407652
7,-1.13304,0.240122
7,1.22434,0.113403
7,1.23428,0.275605
7,-0.979159,-0.481161
7,-0.749863,-0.310897
7,0.795568,-0.138633
7,1.01617,0.0225599
7,1.25704,-0.131437
7,1.37548,0.414539
7,-1.27398,0.0586157
7,1.09091,0.0570415
7,0.725719,0.217182
7,-1.25802,0.0110966
7,-0.700548,-0.224238
7,-0.959711,-0.432335
7,-1.02165,0.320277
7,-1.04912,0.0580202
7,-0.881284,0.429011
7,0.757591,-0.171808
7,-0.631464,-0.495675
7,0.698657,0.169846
7,-0.937211,-0.103447
7,0.917433,0.403991
7,1.10412,-0.0991647
7,-1.40962,0.258306
7,-0.727255,-0.154308
7,-0.655486,-0.44689
7,1.39133,-0.29983
7,1.39201,0.146006
7,1.21319,0.0289847
7,0.72389,-0.370182
7,-1.15738,0.417951
7,1.24259,-0.251915
7,-0.856196,-0.0214182
7,-0.934873,-0.334167
7,-0.638513,0.012117
7,-1.08375,-0.244665
7,0.727502,-0.439928
7,-0.806517,-0.24687
7,1.27249,-0.404358
7,-1.1931,-0.0796539
7,1.43507,-0.0690221
7,1.24273,0.273183
7,-0.615559,-0.399259
7,1.38785,-0.248907
7,1.04602,-0.474946
7,-1.34469,-0.367483
7,0.696233,-0.333247
7,-1.42236,0.168421
7,-1.05755,-0.455333
7,1.13676,0.269614
7,-1.40419,0.326921
7,-0.751363,-0.422169
7,1.28809,-0.197999
7,-0.844159,-0.371295
7,-0.768552,0.0926697
7,1.13183,0.0066903
7,-0.638859,-0.494755
7,-0.50522,0.0229304
7,1.17413,-0.0157243
7,1.39254,0.444812
7,1.27519,-0.222832
7,-1.2757,0.076803
7,0.542536,-0.104035
7,-1.04881,0.238942
7,0.977474,0.203774
7,-1.46817,0.0442135
7,-1.17106,0.294527
7,0.950993,-0.0542151
7,-0.593676,-0.182497
7,1.28036,-0.0928541
7,-0.599714,0.151252
7,-0.942298,0.103359
7,-0.684923,-0.388711
7,0.944038,-0.176135
7,0.892716,0.0431034
7,-0.575436,-0.088356
7,-0.789329,-0.380073
7,-1.04665,-0.246424
7,-0.860694,-0.401219
7,-1.43718,-0.169564
7,0.78952,0.12392
7,0.863065,0.348304
7,-1.42381,0.187183
7,-1.38669,-0.350075
7,-0.80477,-0.173308
7,-0.866817,-0.432798
7,1.03109,-0.287365
7,0.860275,-0.336255
7,1.30776,0.036634
7,-0.735578,0.313067
7,0.983087,0.162727
7,0.69392,0.173626
7,-0.683116,-0.292841
7,1.02909,-0.25223
7,0.580229,-0.0428158
7,1.20713,-0.285804
7,0.741989,-0.331286
7,0.747693,-0.194771
7,-0.519103,0.411848
7,-1.13463,0.215328
7,-0.57413,-0.400822
7,0.810635,0.0170066
7,0.591422,0.274702
7,-1.40357,0.129017
7,-0.564177,-0.013895
7,-0.643568,-0.0818765
7,1.0261,0.0364841
7,-0.814414,0.359419
7,-0.833271,-0.371205
7,0.885858,0.175365
7,-1.40234,-0.256534
7,-0.578592,0.0464058
7,-0.901021,-0.16932
7,-0.719674,0.299014
7,1.35123,0.395453
7,1.06732,-0.296644
7,0.761864,-0.176864
7,0.987234,0.204678
7,0.834545,-0.341383
7,0.789879,0.438602
7,-1.30426,0.550635
7,-1.25561,-0.340011
7,1.3073,-0.346442
7,1.2932,0.359743
7,1.0052,-0.0173976
7,-1.30833,-0.373975
7,1.29414,0.421344
7,1.27775,0.457819
7,0.873753,0.376282
7,1.15388,-0.303059
7,-0.549131,-0.306429
7,-0.734496,0.10556
7,-0.819645,0.420163
7,1.3778,-0.0436952
7,-0.856359,-0.0802035
7,0.563111,-0.155904
7,-1.3222,0.317094
7,-1.40017,0.0635589
7,-1.41393,-0.0974718
7,-1.04191,-0.463301
7,0.655978,0.423514
7,1.2736,0.218059
7,0.766643,0.194704
7,0.991288,-0.37407
7,1.34161,0.411224
7,-0.565001,0.0810631
7,1.05739,0.390573
7,1.38428,0.224584
7,0.935152,0.199317
7,-0.59254,0.0589354
7,0.751907,0.268941
7,-0.893299,0.35908
7,-0.943938,0.433405
7,-0.804877,0.121335
7,-1.34617,0.333258
7,0.62803,0.420146
7,-0.996188,0.0114251
7,-0.825925,-0.115004
7,-0.944719,-0.0449722
7,1.25119,0.316503
7,-1.02498,0.475927
7,1.15159,-0.227849
7,-0.887998,0.139636
7,-1.26269,0.271199
7,-1.24072,-0.257708
7,-0.932199,0.148186
7,-0.52306,0.431475
7,-1.31836,-0.216856
7,1.1193,-0.457457
7,0.724365,0.31836
7,-0.620578,0.438846
7,1.13249,-0.446567
7,-0.670053,0.371918
7,-1.39898,0.269185
7,0.715838,-0.416183
7,0.798713,-0.0317085
7,0.565417,-0.334081
7,-0.509896,0.461241
7,1.44596,0.458366
7,-1.46995,-0.272075
7,-1.05359,-0.27193
7,0.890694,-0.0518243
7,0.984975,-0.152681
7,-0.572201,-0.24387
7,1.44336,0.400473
7,0.746071,-0.153591
7,-1.34454,-0.123665
7,0.980982,0.353052
7,0.677621,-0.136011
7,0.702674,-0.305493
7,0.837806,0.227998
7,0.861085,0.116467
7,-0.571033,0.375618
7,-0.548113,-0.0688877
7,-0.541278,-0.394617
7,0.761017,0.365185
7,1.34519,-0.223759
7,-0.560466,-0.499132
7,-0.577271,-0.371513
7,1.42355,0.229178
7,-1.43003,0.245243
7,-0.901966,-0.270726
7,0.516783,0.403131
7,0.721082,0.167628
7,-1.00741,0.332955
7,-0.717714,-0.00894286
7,-1.2597,0.300455
7,-1.01988,-0.236925
7,0.862767,-0.341082
7,0.767948,0.067166
7,0.766768,-0.156239
7,-1.34925,-0.163851
7,1.15733,0.122513
7,-1.1076,-0.369898
7,0.771556,-0.130586
7,-1.16129,-0.172638
7,-0.657924,-0.32363
7,0.539844,0.358673
7,0.736922,-0.289564
7,1.14758,-0.440381
7,0.675958,0.173001
7,0.651917,0.0964717
7,0.757724,0.0973288
7,1.41853,0.131712
7,1.33611,-0.136338
7,-1.2128,0.307443
7,-0.798807,0.0278719
7,0.788105,-0.332123
7,-1.05172,-0.24636
7,-0.535893,0.0500167
7,1.45385,-0.000961289
7,1.22179,-0.306554
7,-0.786858,0.101825
7,0.931147,0.115572
7,1.38961,-0.0638944
7,-1.18383,-0.00800962
7,-1.2654,-0.28824
7,-1.09956,0.0523138
7,-1.10559,0.116587
7,-0.551182,0.383936
7,1.24961,0.117812
7,1.079,-0.369327
7,-0.860975,0.338801
7,0.874112,0.0289142
7,-0.944846,-0.328287
7,-1.03226,0.31404
7,1.22612,0.0100857
7,0.851677,-0.343387
7,0.802466,0.0447936
7,-1.42616,-0.15828
7,-0.952584,0.171528
7,-0.758651,0.447608
7,0.954124,-0.113671
7,-0.921741,-0.015284
7,-0.940307,-0.46965
7,-1.07464,0.444867
7,-1.05449,0.0437434
7,0.6808,-0.0134112
7,-0.815897,-0.126745
7,-1.21094,-0.0330683
7,-0.893345,0.46187
7,0.599049,0.109084
7,-1.05056,-0.250161
7,1.0134,0.471255
7,0.766888,-0.255365
7,-0.794164,0.0125807
7,-1.17984,-0.328202
7,-1.00044,0.255669
7,1.43075,0.256602
7,0.816902,-0.483485
7,1.4102,0.173934
7,0.840709,-0.0718935
7,0.845951,-0.100083
7,0.777103,-0.237475
7,-0.752719,-0.420222
7,0.679062,-0.138249
7,1.23786,-0.397485
7,0.583468,0.218275
7,-0.756374,0.235233
7,1.34687,0.371167
7,1.06313,-0.0770888
7,-1.31802,0.0799115
7,-1.16032,-0.0445006
7,-1.2134,0.412011
7,1.37443,0.176895
7,0.850972,0.0718875
7,-1.43136,0.382607
7,0.68592,-0.144078
7,-1.34955,0.320284
7,-1.21941,0.0936328
7,0.964175,-0.187983
7,1.47677,0.00141103
7,-1.18924,0.0309745
7,0.661347,-0.265739
8,1.13276,-0.30431
8,1.36797,-0.393564
8,-0.687647,-0.00309271
8,-1.21869,0.2679
8,-0.876817,0.102219
8,1.26773,0.235716
8,1.17072,-0.405683
8,-0.849599,0.0806473
8,-0.762224,-0.0879866
8,1.15813,0.2358
8,-1.03489,0.249413
8,1.32917,0.19937
8,1.18211,0.381771
8,-1.15863,-0.341012
8,-1.36722,-0.0674409
8,0.627178,-0.039842
8,-1.06197,-0.395284
8,-1.24652,0.210471
8,-1.15493,0.248965
8,1.26105,-0.0179583
8,-0.739458,0.213371
8,1.35248,0.0364295
8,0.800944,0.12804
8,-0.96639,0.282475
8,-0.915559,-0.163871
8,1.07329,-0.295444
8,0.862692,-0.35772
8,-1.01414,-0.0658374
8,-0.671506,0.301816
8,-1.37265,0.261308
8,1.02928,0.109013
8,0.87725,-0.321902
8,-1.273,0.337473
8,-0.814373,-0.0126523
8,-1.25556,0.132286
8,-1.02847,0.0660011
8,1.18495,0.208693
8,-0.716817,-0.364845
8,-0.824435,-0.00465573
8,-0.831133,-0.03519
8,-1.20839,-0.200021
8,1.15388,0.374198
8,0.998953,0.342451
8,-0.745188,-0.112778
8,0.867881,0.10543
8,1.02505,-0.307166
8,-0.819814,-0.276853
8,-0.902145,0.294681
8,-0.773272,0.0751161
8,-0.808116,-0.370077
8,0.959676,0.0555529
8,-1.19361,0.294952
8,0.724298,-0.334751
8,-1.29779,-0.0168809
8,-1.19541,-0.174252
8,1.21063,0.0548399
8,0.964937,0.113666
8,1.32773,-0.193028
8,-1.19405,-0.0731187
8,1.42613,0.185588
8,1.20176,0.0606059
8,-0.801697,0.0356567
8,0.933378,0.0233747
8,1.09714,-0.190467
8,1.04647,0.258622
8,-0.801055,0.160177
8,-1.17008,0.0779824
8,-1.18671,0.225928
8,0.789921,0.349356
8,-0.763035,0.265856
8,0.63814,0.0689691
8,-0.7961,-0.233647
8,1.09887,0.291875
8,1.10759,0.132662
8,0.847864,0.383336
8,1.11497,-0.0784396
8,1.08384,0.0971512
8,0.628959,0.00601798
8,1.03845,-0.0501051
8,-0.699155,0.107357
8,0.871718,-0.399656
8,-0.894909,-0.0669527
8,0.661214,-0.145499
8,0.9554,0.308168
8,1.00218,-0.264568
8,0.645183,-0.0476459
8,0.695544,-0.0655292
8,0.777882,0.135613
8,0.99829,0.241088
8,1.35694,0.42637
8,1.19882,0.313043
8,0.899311,0.20655
8,-1.22369,0.00813599
8,-0.741046,0.0654645
8,-1.08786,0.209237
8,-0.711418,0.121052
8,-1.16795,-0.334147
8,-1.16798,-0.18022
8,1.17198,0.126275
8,1.09955,-0.221543
8,-1.23478,0.356032
8,0.862053,0.0625051
8,-0.814196,0.0698021
8,0.664448,0.172845
8,-0.871084,0.358284
8,1.28913,-0.352233
8,0.983177,-0.354424
8,-0.892668,-0.229073
8,1.22341,-0.09272
8,-1.11468,0.364374
8,-1.32617,0.0149118
8,-0.823875,-0.304516
8,1.07796,-0.0436407
8,0.75993,-0.301285
8,-1.04571,-0.273946
8,-0.607345,0.179618
8,-1.01345,-0.119875
8,-1.27884,-0.0975454
8,0.727471,0.261138
8,-1.11615,0.224258
8,0.800912,-0.0757555
8,0.61138,-0.251416
8,0.894889,0.0849706
8,0.724675,-0.261574
8,-1.25187,-0.000767346
8,-1.30788,-0.0174747
8,-0.959496,-0.239864
8,0.989594,0.284698
8,-0.792271,0.101342
8,1.10329,-0.178133
8,0.859553,-0.322734
8,-0.703775,-0.128694
8,0.989162,0.0235206
8,0.747039,0.127674
8,-0.716337,-0.0905187
8,-1.09541,-0.116068
8,-1.05222,0.172138
8,-1.14628,0.0211121
8,-0.919496,0.0755536
8,-0.840432,0.313959
8,-1.18383,0.365208
8,1.18153,-0.139731
8,0.920139,-0.0590706
8,-1.2446,-0.272605
8,-0.99111,0.0228223
8,1.22617,-0.000956283
8,-0.801578,-0.290665
8,-1.10331,-0.155389
8,0.694625,-0.265827
8,1.34466,0.353074
8,-0.989495,0.0134303
8,0.955881,-0.0571828
8,1.11555,0.0260927
8,1.28325,0.00113795
8,0.772357,-0.122235
8,-1.29974,0.000878101
8,-1.30519,0.256174
8,-0.93064,0.262402
8,1.37929,-0.267353
8,-0.977304,-0.21902
8,-1.04609,-0.0686642
8,0.918131,-0.0294258
8,-1.02466,0.200835
8,1.23946,-0.184084
8,-1.07377,0.0100493
8,-1.02094,0.316006
8,1.07953,-0.382201
8,0.840243,-0.274388
8,-1.04074,0.25287
8,1.25585,0.323023
8,0.942726,-0.0880455
8,-0.682733,0.275422
8,1.29447,0.248006
8,1.14894,-0.335259
8,-0.676911,-0.106061
8,1.27503,0.367233
8,-0.859993,-0.0808578
8,1.19429,-0.329709
8,1.34272,0.013327
8,0.827236,0.4059
8,0.759476,-0.123636
8,-0.962197,0.262831
8,0.858938,-0.291524
8,-1.24741,-0.361872
8,1.08178,0.207138
8,0.580107,0.039634
8,1.0914,-0.207622
8,0.714591,-0.11077
8,-0.947387,-0.0424873
8,0.928121,0.239144
8,-1.13388,0.108796
8,-0.98525,0.0359265
8,-1.1221,-0.32019
8,-0.654562,0.315743
8,0.744828,0.306083
8,-1.07439,-0.35813
8,1.22809,-0.180105
8,0.893427,0.00628846
8,-0.823627,0.0527971
8,-1.11621,-0.0985922
8,-0.622483,0.309331
8,0.899458,-0.303645
8,1.18544,-0.166564
8,-1.28603,-0.130837
8,1.03074,-0.277222
8,1.31837,-0.0902508
8,-1.08374,0.239494
8,0.726075,-0.160118
8,1.25041,-0.183021
8,-1.13521,-0.15192
8,1.27583,0.160496
8,-0.93424,-0.100069
8,-0.706125,0.401052
8,-1.07679,0.146336
8,-1.41305,-0.266786
8,0.658408,0.212258
8,0.983279,0.181065
8,-1.35496,-0.235515
8,1.17533,-0.122958
8,-1.12464,0.295964
8,0.959246,-0.313043
8,1.24521,-0.0597916
8,-1.21492,-0.139049
8,-0.990672,-0.125812
8,-1.02938,0.0904448
8,-1.15512,-0.409479
8,0.660337,0.343708
8,-0.77568,0.357011
8,-0.609878,-0.196736
8,-1.18281,0.112391
8,1.312,0.151125
8,1.06475,0.054569
8,-1.35654,-0.0707823
8,0.625723,0.118158
8,-1.36052,0.37579
8,-1.01756,0.437174
8,-0.837654,-0.00183671
8,-1.3013,-0.32496
8,-1.05001,0.117269
8,1.00092,-0.260597
8,-0.63727,-0.284082
8,-1.31339,0.398113
8,0.920596,-0.144925
8,-0.621404,0.250273
8,1.27924,0.242122
8,0.793524,0.361458
8,-1.0157,-0.144203
8,-0.77204,-0.284977
8,1.23299,-0.127081
8,-0.673788,0.206893
8,0.804395,-0.384207
8,0.768607,0.314122
8,-0.866497,-0.359297
8,1.04704,-0.174437
8,1.00154,-0.347251
8,-1.2954,-0.440962
8,-0.677023,0.355484
8,-0.951688,0.062003
8,0.819352,-0.136766
8,-1.04644,0.219744
8,0.751498,-0.155508
8,1.23364,-0.319514
8,-1.22261,0.198005
8,-1.23141,-0.246337
8,-0.865903,0.219264
8,-1.17071,-0.117171
8,-1.0467,-0.0403436
8,1.247,-0.357907
8,-0.784735,0.368269
8,1.05441,0.268326
8,0.925614,0.0387963
8,-0.844231,-0.345857
8,-1.04142,-0.256175
8,0.986078,-0.236642
8,0.761041,0.261853
8,1.28294,-0.236319
8,-1.06735,0.174633
8,-0.700157,0.0895668
8,1.22463,0.196935
8,0.635713,0.415295
8,0.759861,-0.232844
8,-1.2733,0.255413
8,-0.851638,0.113663
8,0.704882,-0.308662
8,0.688923,-0.0132293
8,0.905619,0.366426
8,-1.14735,-0.30967
8,1.06933,-0.283655
8,1.0519,-0.0260521
8,-1.09845,0.327746
8,-1.01285,-0.18591
8,1.17426,-0.335148
8,-1.06176,0.0941171
8,-0.687607,-0.269152
8,0.716973,-0.138457
8,0.794008,0.0405529
8,-0.672681,-0.0461893
8,-1.26507,0.145042
8,1.18853,-0.325904
8,-1.25228,-0.172711
8,0.850447,-0.159819
8,-0.790463,0.0589438
8,-1.04732,0.246353
8,-0.878253,-0.0363288
8,-0.978283,0.00111775
8,0.891534,0.203999
8,-1.08525,-0.213788
8,0.687943,0.301319
8,-0.939073,-0.332656
8,0.724792,-0.061088
8,-0.65284,0.269212
8,-0.643944,0.206928
8,-0.753076,-0.103156
8,-1.29946,0.190913
8,0.754221,0.00829361
8,0.717259,0.176692
8,0.605913,0.395093
8,-0.960103,0.173496
8,0.750502,0.0686791
8,-0.882656,0.291482
8,-1.33571,0.304446
8,-0.816632,0.122499
8,0.966984,-0.169687
8,-0.935895,-0.0690287
8,0.923011,-0.382848
8,1.09531,-0.0527249
8,1.19898,-0.234123
8,1.25699,-0.139259
8,-1.27069,0.0982679
8,-1.33631,-0.138352
8,0.737635,0.176656
8,1.11371,0.101038
8,1.228,0.251228
8,0.955117,0.311229
8,-1.01323,0.330024
8,1.07096,-0.241783
8,0.802827,-0.122612
8,-1.07697,0.114422
8,-0.791181,0.424761
8,0.650293,-0.317238
8,-1.0229,-0.160436
8,0.680314,-0.285875
8,0.791072,-0.132063
8,-0.81529,0.117134
8,-0.771332,0.334569
8,-1.03347,-0.264011
8,-1.35386,-0.166576
8,0.8628,0.364218
8,-1.17964,0.14209
8,0.833325,-0.288172
8,1.33421,0.249823
8,-0.686181,-0.253447
8,-0.764904,0.189271
8,-0.678365,0.21222
8,-1.21251,0.320222
8,1.13769,0.355014
8,-1.21481,-0.354441
8,1.13585,-0.0869358
8,-0.850956,0.0741631
8,1.12751,0.0106046
8,-0.964785,-0.302798
8,-1.37988,-0.185291
8,0.624819,-0.00110523
8,-0.852286,0.00672833
8,1.27747,0.275278
8,-0.670772,-0.378531
8,0.73906,-0.283949
8,-1.43558,-0.316572
8,1.11129,-0.319673
8,1.39278,0.0589482
8,-0.744958,0.328848
8,-0.881711,-0.28526
8,-1.01954,0.159266
8,1.05879,-0.105236
8,0.622443,0.0304205
8,1.2667,0.141695
8,0.7596,-0.0845956
8,-0.792923,0.3154
8,-1.27849,0.407455
8,-1.17511,0.0586211
8,-0.975249,0.292966
8,-0.785905,0.0258863
8,0.863741,0.13871
8,-0.736045,0.0995673
8,-1.27509,0.259011
8,0.781017,-0.027083
8,1.29223,0.00210092
8,0.985943,-0.00571073
8,0.650499,-0.326059
8,-1.13483,-0.106413
8,0.78198,-0.260604
8,-0.873862,0.198638
8,-1.06069,-0.0193609
8,-0.866619,-0.179928
8,-1.19368,0.307185
8,-1.18779,-0.0290179
8,-0.775388,-0.219589
8,-1.31131,-0.341326
8,-0.943283,0.301521
8,-1.0234,0.271574
8,1.10876,0.205613
8,-1.25131,-0.101837
8,-0.69133,0.0609416
8,-0.774909,-0.353309
8,-0.80844,-0.113354
8,-0.773369,-0.336431
8,0.55949,0.10811
8,0.964077,0.322424
8,-1.25577,0.322706
8,0.635666,0.192393
8,-0.82553,0.0351284
8,-0.965718,-0.124537
8,-1.37386,-0.0599562
8,1.05805,0.393429
8,0.871206,-0.113528
8,0.68413,-0.256605
8,-1.00325,0.149728
8,-1.0929,0.303674
8,0.796073,0.208664
8,1.06316,0.154515
8,0.986144,0.028591
8,-1.03165,-0.208045
8,0.899355,0.077503
8,-1.3844,-0.322518
8,-0.826928,-0.18666
8,-1.25567,0.104397
8,-0.855598,0.0918488
8,-1.27966,-0.389464
8,-0.641641,-0.322873
8,0.628916,0.144226
8,1.14036,0.097253
8,-0.98951,-0.295117
8,1.20247,0.415446
8,0.882149,0.283739
8,0.622144,0.155099
8,-0.910674,0.149636
8,-1.32907,-0.270109
8,-1.36673,0.312611
8,-0.939773,0.252147
8,0.726461,-0.123987
8,0.661414,0.19528
8,1.16593,0.202477
8,-0.83471,-0.0287627
8,0.908925,0.386253
8,-0.680645,-0.189891
8,-0.942871,0.346873
8,1.24252,-0.045435
8,-0.938178,-0.340091
8,0.779645,-0.231415
8,1.23558,-0.0623717
8,0.758615,0.0923132
8,0.916887,0.115483
8,1.34115,-0.213703
8,-1.13516,-0.195397
8,-1.0386,-0.150375
8,-0.817884,-0.355026
8,0.793127,-0.161352
8,-1.02557,-0.0526304
8,0.74415,0.245901
8,-1.11223,0.0869921
8,1.30858,0.184795
8,1.31455,-0.368808
8,-1.11536,0.374986
8,-0.70664,0.0886366
8,1.24227,0.235648
8,-0.8593,0.115548
8,0.662367,-0.376346
8,-1.16396,0.122021
8,-0.732222,0.250202
8,0.875203,-0.127248
8,0.989173,0.222501
8,-0.911468,-0.00333861
8,0.869997,0.0593845
8,-1.3092,0.0949171
8,-0.943792,0.0182974
8,1.19329,-0.260213
8,-1.15675,0.0159097
8,0.974963,0.191726
8,-0.80737,-0.283428
8,1.02748,-0.0445789
8,0.671857,0.165881
8,0.687939,-0.11053
8,-0.845225,-0.0806674
8,-1.28076,-0.420972
8,-0.940109,0.0015749
8,0.947293,0.295941
8,-0.831827,-0.337579
8,-1.20966,-0.0109879
8,-0.988179,-0.159385
8,-0.88436,-0.303125
8,0.721904,0.305698
8,1.22226,-0.210991
8,0.879523,-0.187459
8,-1.10709,0.275816
8,1.15072,-0.252767
8,-0.735702,-0.128092
8,-0.735327,-0.259436
8,1.13554,0.266423
8,0.687277,-0.228119
8,0.809361,-0.36931
8,-1.30562,0.151152
8,-1.01227,0.275817
8,1.43799,0.175325
8,-0.70043,-0.203585
8,-1.01159,0.232857
8,0.884233,-0.253298
8,-1.24081,-0.239064
8,-0.84725,0.219139
8,1.27656,0.0685392
8,0.802698,0.351473
8,0.869565,-0.0760047
8,1.16248,-0.00203031
8,-0.980187,0.262958
8,0.76717,-0.188769
8,-1.01648,0.201371
8,1.02473,-0.307148
8,1.0656,0.237744
8,-1.3904,-0.0383579
8,-0.57495,0.378097
8,-0.712898,-0.30336
8,0.832545,-0.00785705
8,0.792186,-0.2127
8,1.38858,0.1586
8,-0.930563,-0.250546
8,0.64538,0.299884
8,1.08369,0.0800824
8,0.805384,0.277534
8,-1.16154,-0.0563904
8,0.628458,-0.276781
8,-1.21517,-0.101341
8,1.15769,0.0965092
8,0.856659,0.149425
8,0.717996,-0.167415
8,-1.02862,0.10474
8,-0.993127,0.213924
8,1.23101,-0.147553
8,1.38777,-0.249895
8,-0.968389,-0.0662717
8,0.69442,0.0406048
8,0.721904,0.181692
8,1.1919,-0.382814
8,0.879049,-0.139065
8,1.20337,0.222274
8,-1.12693,0.369402
8,1.22582,-0.320519
8,-0.671168,0.081208
8,0.802857,-0.38809
8,-0.72971,-0.355026
8,1.29418,-0.128753
8,-1.05549,0.191353
8,1.1721,-0.132103
8,1.35061,0.127092
8,-0.793657,-0.0602268
8,0.653889,0.224172
8,1.02092,-0.301052
8,-0.800086,0.0723565
8,0.692452,-0.296891
8,-0.959013,-0.00896614
8,1.27079,0.206539
8,1.30812,-0.0535201
8,0.814567,0.413833
8,-1.12105,0.0327218
8,-1.29527,0.333243
8,-1.15364,-0.253994
8,-0.992266,-0.211731
8,1.09356,-0.159364
8,0.858004,-0.05549
8,-0.948096,0.396894
8,1.21179,0.103913
8,0.758928,-0.138611
8,-1.2165,0.0933062
8,-0.682094,0.106924
8,0.793965,0.0723716
8,-1.44596,0.0808795
8,1.01474,0.324383
8,0.895979,-0.0759768
8,1.18599,-0.0637847
8,-1.25183,0.164504
8,1.03524,0.304767
8,-1.37015,0.184515
8,0.896641,0.21976
8,-1.02145,0.261526
8,0.869628,0.0297807
8,1.27849,0.288552
8,-0.642773,0.325586
8,-1.39491,-0.166862
8,1.28944,0.00678577
8,0.77456,0.198345
8,-0.993924,-0.0776526
8,0.784826,-0.120443
8,-1.06399,0.418043
8,0.68642,0.143254
8,0.585846,-0.248079
8,-1.3617,-0.100339
8,-1.2814,0.0777234
8,-1.03526,-0.017363
8,1.16071,0.389905
8,-1.0152,0.0341304
8,-1.31535,0.365894
8,-1.2745,0.391356
8,-0.605658,0.0663164
8,0.733108,0.092203
8,1.03821,0.0159613
8,1.19215,0.279184
8,1.29682,0.146011
8,0.705006,0.115726
8,0.867991,0.353159
8,0.993423,-0.0996502
8,-1.25202,-0.191893
8,-0.732173,-0.099844
8,0.947658,-0.209072
8,0.807329,-0.100663
8,-1.24337,-0.156115
8,-0.964755,0.381793
8,-1.32165,-0.0618946
8,1.26687,0.121827
8,-1.34308,-0.383911
8,1.2795,-0.17035
8,1.17542,-0.403268
8,0.952244,0.0278915
8,-0.705285,-0.131707
8,-1.28443,0.168879
8,1.36049,-0.213204
8,-0.949034,-0.326671
8,-0.729805,-0.203709
8,-1.0684,-0.24112
8,-0.857558,-0.281968
8,1.28841,0.167847
8,-1.14789,0.0903429
8,1.13442,-0.229857
8,0.997639,-0.186144
8,-0.672956,0.0939043
8,-1.18466,-0.229089
8,-0.752607,0.266631
8,-0.927874,0.293293
8,-0.680557,-0.335428
8,-1.15659,0.150301
8,-0.780608,0.342336
8,0.701812,0.305001
8,1.36219,-0.105983
8,-0.871369,-0.284583
8,0.663148,-0.303786
8,-1.24415,-0.303898
8,0.604501,-0.20581
8,-0.816503,0.0756216
8,1.00344,0.127518
8,1.10639,-0.226387
8,1.35363,-0.012079
8,-1.1337,-0.331108
8,-1.08142,-0.132457
8,-0.922336,-0.223178
8,-0.867091,-0.194282
8,0.679603,0.290147
8,-0.752267,-0.198679
8,-1.21295,0.0268505
8,-1.10275,-0.246717
8,0.749019,-0.0512542
8,0.899905,-0.278634
8,1.28502,-0.00549549
8,-0.645228,-0.103749
8,0.744951,0.225323
8,-1.08401,0.297678
8,-0.577809,-0.306868
8,-0.94328,-0.219836
8,1.24265,-0.286712
8,-0.886849,0.125418
8,0.87095,0.0653526
8,-0.767235,0.0127195
8,-0.680887,-0.0883773
8,-0.639572,0.340861
8,1.31502,-0.258639
8,1.3444,-0.165213
8,-1.22111,-0.0905716
8,0.675922,-0.326324
8,-1.2947,-0.366981
8,1.16134,0.319468
8,0.971024,-0.197605
8,1.10908,0.199893
8,-0.859335,-0.218693
8,0.623304,-0.00664138
8,-0.6688,-0.204005
8,-1.32303,0.203755
8,-1.06927,-0.276743
8,-1.19757,0.000167283
8,0.710703,0.339714
8,-1.36242,-0.0912508
8,1.1296,0.319299
8,-0.7132,0.152187
8,-1.03787,0.0135367
8,-1.0843,0.155855
8,-1.30629,-0.34166
8,-0.831405,0.101529
8,0.764509,0.00642888
8,-0.68978,0.142331
8,1.13096,-0.399857
8,-1.07006,-0.152415
8,1.37834,-0.0512876
8,-1.36315,-0.197226
8,-1.37551,-0.149316
8,-1.19803,0.0863278
8,-0.918949,-0.351232
8,0.875927,-0.361875
8,-1.08578,0.105025
8,-1.3087,-0.376364
8,0.864891,0.179743
8,1.04813,0.010728
8,-1.38997,0.0166046
8,1.13432,0.371154
8,-1.18169,0.0234016
8,0.638173,-0.0347657
8,-1.12124,-0.102501
8,-1.23883,0.329034
8,-0.964178,0.369434
8,-1.2593,0.00435802
8,-0.854026,-0.315835
8,-0.949044,0.398427
8,1.07404,-0.368031
8,0.928969,-0.0900853
8,1.19907,0.0215602
8,1.20859,-0.0542795
8,-1.1566,-0.174848
8,0.877378,0.277951
8,-1.24431,0.288959
8,0.953172,-0.0732499
8,-1.03013,-0.0690406
8,-1.18492,-0.184947
8,1.07711,0.0467644
8,0.665416,-0.237181
8,1.09415,0.22717
8,-0.668008,0.244805
8,1.16858,-0.422482
8,0.73187,0.37751
8,-1.13745,0.328128
8,0.798366,0.000558148
8,-1.03695,-0.309843
8,0.767941,-0.170273
8,-1.07225,0.276969
8,-1.03998,-0.327429
8,0.690847,0.21938
8,1.34359,0.18894
8,-1.25466,-0.10845
8,1.1844,0.354263
8,-1.34199,-0.102895
8,1.29124,-0.409607
8,0.748526,0.133323
8,0.72496,0.330519
8,-1.08632,0.0253466
8,-0.651709,0.0550298
8,0.570617,0.0263988
8,-0.738908,-0.20502
8,1.24783,-0.00342334
8,1.22127,-0.130201
8,-1.13133,0.0490518
8,-1.32442,-0.270732
8,-1.30268,0.0997986
8,-0.778218,0.173284
8,-0.938152,-0.244401
8,-1.33883,0.166119
8,1.29611,-0.184561
8,-1.08066,0.0961867
8,-0.68572,0.117918
8,1.36197,-0.120157
8,1.06795,0.212154
8,-0.690595,-0.162389
8,0.895054,0.215036
8,-0.829756,0.345826
8,0.827563,-0.311691
8,-0.752527,-0.0706213
8,0.98283,0.357533
8,-1.21314,-0.0327433
8,-0.617724,0.265608
8,0.674614,-0.0491892
8,-0.862369,-0.330026
8,-0.634077,-0.180409
8,0.899557,0.21903
8,-0.987663,0.333378
8,-0.793727,0.0163952
8,-1.04,-0.229633
8,-1.21422,0.330708
8,0.742741,-0.000370438
8,0.775659,0.193028
8,-0.748424,-0.307448
8,1.07268,0.165567
8,-1.19239,-0.0161367
8,-0.8551,0.118024
8,-1.1448,-0.0426435
8,-1.1696,-0.137768
8,1.00766,-0.24918
8,0.799287,0.02109
8,-1.0578,-0.344851
8,1.25143,-0.0518634
8,-0.695286,0.293965
8,-1.32123,-0.305808
8,1.12468,-0.40337
8,0.872383,0.138016
8,-0.733418,-0.0382833
8,0.848838,-0.122482
8,0.652359,-0.0417767
8,0.768259,0.186888
8,1.26459,0.157493
8,-1.07464,-0.361807
8,-0.803664,0.233547
8,-0.823931,-0.207978
8,-1.00127,-0.291759
8,-1.14434,-0.355533
8,1.05299,0.134885
8,-0.763319,0.0957708
8,-1.31853,-0.352816
8,0.8031,-0.000907375
8,-0.99204,-0.199095
8,-0.716663,0.0879492
8,-1.04021,-0.159959
8,-1.33743,-0.207124
8,-0.93669,-0.308879
8,1.2695,-0.341679
8,-0.662004,-0.0972768
8,-1.06869,-0.303943
8,-1.09461,-0.0630973
8,-1.28369,0.316104
8,-0.799423,0.336328
8,0.660663,-0.386334
8,0.799048,-0.0668345
8,1.24224,-0.312937
8,0.615405,0.135859
8,-1.27161,-0.0580057
8,-0.620524,-0.133964
8,0.658787,-0.00817787
8,-0.977352,0.135119
8,0.708476,-0.263201
8,-1.28043,0.200305
8,-0.820822,-0.310578
8,-1.35575,-0.225185
8,0.860143,-0.262978
8,0.982277,-0.239641
8,1.24613,0.292618
8,1.25331,-0.127067
8,1.05664,-0.0723813
8,-1.08813,0.0780829
8,-0.996307,-0.23034
8,1.04573,-0.197866
8,-1.2092,-0.135093
8,-1.21105,0.0394666
8,1.18035,0.243881
8,-0.728427,0.0356311
8,1.18573,-0.0131691
8,0.756431,0.339172
8,-0.81919,-0.328911
8,-0.934067,0.310215
8,1.07416,-0.239084
8,1.32967,-0.0725179
8,-1.35872,-0.380516
8,1.05768,0.0795914
8,1.35846,0.0444049
8,1.21536,0.137618
8,1.28353,0.27684
8,-0.747353,0.124392
8,-0.729027,-0.368191
8,1.36279,0.212861
8,-1.30453,-0.137868
8,0.570059,0.0494158
8,-0.703658,0.327688
8,1.17415,-0.0852799
8,0.708762,-0.36189
8,1.31932,0.32256
8,1.25917,0.0619244
8,1.19821,0.105088
8,-1.09112,0.40693
8,-0.914087,0.358347
8,-0.869903,-0.341871
8,-0.722017,0.0332908
8,0.718565,-0.273846
8,-1.38272,0.378087
8,-0.944405,-0.343504
8,-0.704863,-0.0878429
8,-0.860385,-0.278441
8,1.34706,-0.331583
8,1.03804,-0.101739
8,-0.908072,0.178761
8,1.28724,0.261318
8,0.77078,-0.244456
8,1.16332,-0.296169
8,-1.2087,0.273
8,0.717094,0.0491558
8,-0.951132,-0.0596713
8,1.12116,0.128726
8,0.720233,-0.327895
8,-1.1479,0.372681
8,0.991025,-0.156741
8,-0.634978,-0.0782034
8,-0.885225,-0.240384
8,-0.705651,-0.194576
8,0.729046,0.117045
8,1.36982,-0.0840025
8,-1.11184,-0.326966
8,-1.3773,-0.292666
8,0.613404,0.166333
8,-1.01657,0.326514
8,-1.29408,-0.0703076
8,-0.987773,-0.348083
8,0.710735,0.327286
8,-0.949234,-0.189507
8,0.726341,0.0881537
8,1.3243,0.123749
8,-1.16215,-0.217539
8,1.22079,0.217955
8,1.19251,0.133443
8,1.01187,0.288605
8,-0.651644,0.0191179
8,-1.34528,-0.130383
8,0.837205,0.0316361
8,0.973024,0.0374217
8,1.21771,-0.288157
8,1.0769,-0.0244519
8,-1.34377,0.127921
8,-1.23773,-0.367261
8,0.736542,0.297101
8,0.637388,0.12529
8,0.734501,0.186385
8,-0.693634,-0.382851
8,0.81634,0.107456
8,0.972141,0.0406618
8,-1.07816,-0.337691
8,0.768925,0.0539172
8,0.702673,0.0365286
8,-0.653531,0.222006
8,-1.36077,0.206139
8,0.877433,-0.0842117
8,-1.15248,-0.1408
8,-0.986114,-0.102692
8,-1.01913,0.184079
8,-1.25596,0.0845788
8,1.03343,-0.115111
8,-0.714568,-0.233276
8,0.709592,-0.2977
8,-1.15552,0.321254
8,-0.817206,0.136743
8,-0.68779,-0.202322
8,0.671736,0.162886
8,-1.1295,-0.299313
8,-0.847728,0.275617
8,-1.143,-0.331818
8,-1.16361,-0.0344533
8,-0.938092,0.304287
8,1.06471,0.279181
8,0.731531,0.243662
8,0.7418,0.208292
8,-1.11263,0.36111
8,-0.830326,0.362911
8,0.952336,-0.354092
8,0.680497,-0.022845
8,-1.00264,0.0689234
8,1.17629,-0.135461
8,-1.09959,-0.163324
8,0.711671,0.337794
8,0.705887,0.121379
8,-1.34388,-0.273483
8,0.787983,0.210418
8,1.37435,-0.348981
8,1.10687,0.331833
8,-0.782521,-0.210045
8,0.675708,-0.358656
8,-1.08865,0.0640822
8,-0.913307,0.113325
8,-1.03565,0.201134
8,1.2308,0.174173
8,1.0832,0.0901922
8,1.17539,-0.0560495
8,1.23346,0.243199
8,1.2758,0.126959
8,-1.02519,-0.378377
8,0.803436,-0.127532
8,-1.11032,0.0708102
8,-1.32768,-0.312087
8,-0.772508,0.165562
8,-0.665439,-0.000754777
8,-0.670879,0.222866
8,1.15016,0.0738373
8,-0.968871,-0.0181881
8,1.06511,0.00415502
8,-0.648859,-0.343251
8,-0.64646,-0.218949
8,-0.839742,0.252235
8,-0.729839,0.171707
8,-0.69626,0.311188
8,1.26185,0.159363
8,1.07962,-0.118558
8,-0.758891,0.318681
8,0.897456,-0.0737847
8,-0.730461,0.0307427
8,-0.616633,-0.0453379
8,-0.921219,0.295283
8,-1.09723,0.0361097
8,1.3776,-0.147929
8,-0.920652,-0.057662
8,0.832693,-0.216991
8,0.843177,-0.0472224
8,1.17007,0.178866
8,-1.23061,-0.278421
8,1.2883,-0.269039
8,1.33736,-0.236716
8,0.950726,0.317179
8,-0.762915,-0.359772
8,0.939196,0.00227809
8,0.649253,-0.155629
8,-1.36615,0.0112426
8,1.0132,-0.0353016
8,-1.16551,0.192067
8,-0.747124,-0.0786229
8,0.602236,-0.339111
8,1.24329,0.21639
8,0.863964,-0.349446
8,1.15095,-0.334269
8,0.801243,0.0457776
8,-0.634605,0.229367
8,-1.19527,-0.0700274
8,-0.988664,-0.33463
8,0.749912,0.0603365
8,-0.871995,0.211414
8,-1.35487,-0.0897145
8,-0.698683,0.206512
8,-1.05149,-0.073225
8,1.00566,-0.0692722
8,-1.21207,0.148065
8,0.933209,0.268048
8,-0.960511,-0.0440355
8,0.931104,-0.263114
8,-1.36991,0.335652
8,-0.987618,0.225206
8,-1.15289,-0.149367
8,0.633597,-0.0567763
8,-0.853893,-0.188259
8,1.09471,0.260785
8,-0.945023,0.253701
8,-1.24466,-0.343707
8,-0.888758,0.0293169
8,-0.832204,-0.258776
8,0.621003,0.082163
8,-0.675454,-0.211653
8,-0.646746,0.272853
8,1.31362,0.315035
8,0.967408,-0.110855
8,-1.32571,-0.338216
8,0.84428,-0.19352
8,0.637329,0.303062
8,-0.661429,0.031112
8,-0.88459,0.237212
8,0.792731,-0.0359799
8,1.09261,0.135173
8,0.685393,-0.0607241
8,-1.303,-0.00141899
8,-1.1285,0.254295
8,-1.2545,0.07334
8,0.602044,0.314544
8,1.27821,0.117493
8,0.655196,0.308124
8,-1.13008,0.244054
8,-1.37485,0.248431
8,-0.796979,0.242308
8,-1.27066,-0.0593738
8,1.25095,0.0984347
8,-1.14683,-0.0535574
8,0.870232,0.00675648
8,-0.652313,-0.277863
8,0.892446,0.183001
8,-0.787573,-0.0912415
8,0.929788,0.157415
8,-1.33804,-0.148945
8,-1.33562,-0.111482
8,0.606178,-0.312009
8,-1.25762,0.175016
8,-1.18536,0.261698
8,-1.05722,0.0509116
8,-0.76159,-0.304478
8,-1.30899,0.0891854
8,1.30698,-0.256864
8,1.08029,0.0378319
8,-0.860566,-0.0939476
8,-0.655616,0.243991
8,-1.2212,0.0461204
8,1.37897,0.192864
8,1.34483,0.354765
8,-0.595363,-0.0623769
8,1.23107,0.289764
8,0.705831,0.279991
8,-0.635893,-0.0468378
8,1.1195,-0.374116
8,1.13187,-0.106264
8,1.154,0.179281
8,0.603908,-0.235213
8,1.3474,-0.230074
8,-1.38258,0.0154154
8,0.880003,0.162292
8,1.22446,0.157304
8,1.14019,0.0902552
8,-1.00465,0.195732
8,-1.00965,-0.353974
8,-0.908408,0.185566
8,-0.993896,0.156523
8,-1.24429,-0.366722
8,0.940069,0.273658
8,-0.914732,-0.238723
8,-1.09203,0.0460955
8,-1.3402,0.219925
8,1.03343,-0.206586
8,1.35952,0.15919
8,0.65835,0.2506
8,1.10892,0.0550183
8,1.02036,0.0882924
8,-0.695668,0.0939675
8,1.17496,0.0166459
8,1.31206,-0.0946674
8,1.12825,-0.290992
8,0.631175,0.0363114
8,-0.887189,0.378012
8,-0.951857,0.25304
8,1.17435,0.0248328
8,-1.16289,-0.314568
8,-1.12463,0.181715
8,-0.849183,-0.329152
8,1.00151,-0.022173
8,1.00137,0.292934
8,0.884619,-0.0486591
8,1.0294,-0.00115892
8,-1.30805,0.0546804
8,1.27872,-0.0711735
8,0.643202,-0.251899
8,0.933782,0.267626
8,0.99066,-0.0688099
8,-1.3817,-0.3779
8,1.26668,-0.0557622
8,0.728062,-0.108441
8,-1.15865,-0.247852
8,-0.629953,-0.23291
8,1.31108,-0.209085
8,1.00348,-0.102829
8,-0.712695,0.113572
8,0.650366,-0.108507
8,-1.32128,-0.326846
8,1.15781,0.229162
8,-0.802046,-0.14048
8,-1.34048,-0.195531
8,-0.988876,0.065717
8,-0.879902,-0.270362
8,-0.611333,-0.322774
8,1.17211,0.261533
8,1.32734,-0.201589
8,-1.4028,-0.0797454
8,-0.634346,0.208793
8,-1.25745,0.259847
8,0.960488,0.0620281
8,-0.916348,-0.287948
8,-1.24079,0.0749311
8,0.692138,-0.272159
8,1.18293,0.130331
8,-1.37162,0.273435
8,1.3323,0.15223
8,-1.00676,0.208476
8,1.39839,0.195054
8,1.00087,-0.33024
8,1.09094,-0.0252754
8,1.14503,-0.0677141
8,-1.20964,0.212748
8,1.13929,0.237804
8,-1.37554,0.349213
8,0.853809,0.164019
8,-0.836347,-0.0694457
8,0.954748,-0.210395
8,-1.17615,0.293441
8,-0.885148,-0.138449
8,-0.78554,0.0824005
8,-1.35343,-0.294112
8,0.906738,0.107113
8,-0.913039,-0.0138368
8,0.763642,0.158129
8,1.19075,0.0499883
8,-1.0315,0.0947257
8,-0.819873,0.0143077
8,-0.975114,0.353792
8,1.13695,0.016872
8,1.03221,-0.334922
8,1.35883,-0.112444
8,-1.22375,0.197575
8,0.875199,-0.0131249
8,1.2751,0.0138443
8,1.01818,0.0480926
8,0.823879,-0.246589
8,0.644223,0.342476
8,0.95585,-0.0757967
8,0.97665,0.149125
8,-1.07288,0.173036
8,-1.12614,0.408182
8,-0.781623,0.151225
8,-0.630846,0.00986142
8,-0.879013,-0.0801357
8,0.897012,0.06103
8,0.615243,0.123576
8,-1.30077,-0.364811
8,1.30216,-0.199586
8,1.05602,-0.0874517
8,0.952613,0.384663
8,1.21737,0.321399
8,1.02856,0.142321
8,-1.24063,-0.392813
8,-1.21946,-0.110573
8,-1.20612,0.309911
8,-0.745508,0.368983
8,1.30025,0.0821304
8,1.15408,0.0435516
8,1.01807,-0.230509
8,1.34897,0.153214
8,1.34819,0.31204
8,1.17678,-0.236147
8,-1.26289,-0.149997
8,-1.38422,0.386977
8,-0.90403,0.334137
8,-1.32485,-0.119581
8,-0.700027,-0.370327
8,-1.1881,0.241878
8,-1.05526,-0.123076
8,0.839094,0.198495
8,-0.853642,-0.0454618
8,-1.0988,-0.401497
8,-1.12547,0.248275
8,-1.25856,-0.365299
8,-1.04906,-0.311303
8,1.28807,-0.303419
8,0.996918,-0.0274883
8,0.977488,0.0619909
8,0.716646,0.0858577
8,1.22385,-0.0671813
8,1.03886,0.0593571
8,1.0685,-0.210311
8,0.982553,0.221156
8,0.669936,0.284412
8,-0.873143,0.0476887
8,0.714767,-0.0143198
8,-0.680137,-0.221387
8,1.12388,0.156538
8,1.36837,-0.139291
8,-0.981753,0.165658
8,1.20593,0.157304
8,-0.705253,-0.020204
8,0.948506,-0.319565
8,0.962803,-0.03374
8,0.874702,0.130081
8,-1.12257,0.234756
8,-0.878432,-0.109211
8,1.19285,0.0540403
8,-0.86086,-0.0583905
8,-1.42547,-0.162853
8,-1.36508,-0.404003
8,1.12816,0.250981
8,-1.09411,-0.0576271
8,1.03422,0.147421
8,1.01833,0.145235
8,0.985534,0.187846
8,1.00111,0.114689
8,0.869181,-0.117325
8,-1.07148,-0.332511
8,1.25966,0.0385148
8,-1.22222,-0.18644
8,1.16024,0.328516
8,0.762046,0.111236
8,-1.0447,-0.288643
8,-1.11117,-0.230779
8,1.15792,0.191138
8,-1.30567,0.121923
8,0.824585,-0.250325
8,1.43524,0.0416676
8,-1.0213,0.189865
8,-1.34549,0.0371393
8,0.883695,0.266727
8,-1.11646,-0.0828841
8,1.04386,0.128079
8,1.30811,0.282501
8,-0.710921,0.389018
8,-0.971072,0.217003
8,1.04645,-0.273245
8,1.01748,0.111647
8,-1.21324,-0.264596
8,-1.06351,-0.0562897
8,1.30891,-0.166663
8,0.722421,-0.00460046
8,1.3726,-0.127561
8,0.857781,0.116514
8,-0.69779,0.227784
8,-1.12638,-0.249572
8,-0.855732,0.179087
8,-1.26232,0.349179
8,-0.985115,0.0537587
8,-1.10207,0.0523643
8,1.35376,-0.371418
8,-1.22705,0.153836
8,-0.658745,0.24239
8,-1.21307,0.278965
8,-0.924654,-0.131254
8,0.861926,0.0704457
8,1.25107,-0.305244
8,-1.05489,0.0828751
8,1.31991,0.107923
8,0.819575,-0.179658
8,-0.850681,0.391342
8,-1.19752,0.191139
8,1.33492,-0.109185
8,-1.21661,0.369586
8,1.21282,0.265235
8,1.19797,0.217941
8,-0.711261,0.297447
8,0.749774,-0.346557
8,-1.13354,-0.0953285
8,0.907598,-0.348008
8,-0.687845,0.162563
8,0.871423,0.120347
8,-0.949911,0.0937439
8,0.706188,0.168779
8,-1.15219,0.188981
8,1.24426,-0.129595
8,1.06346,0.127673
8,1.19891,0.167422
8,-1.33635,-0.0427629
8,-1.24717,-0.271751
8,1.0557,-0.0320541
8,-1.12398,-0.247375
8,-1.0089,0.152278
8,-0.884584,-0.39084
8,1.2779,-0.290909
8,1.09185,-0.219083
8,-1.32236,0.196242
8,0.979352,0.356643
8,-1.16064,0.126769
8,-0.820047,-0.267776
8,1.36307,0.339531
8,1.01716,0.207979
8,-1.11025,-0.138997
8,-0.969757,-0.243845
8,0.823436,0.0428214
8,0.951155,-0.416517
8,-1.22299,-0.273692
8,-1.17672,0.116504
8,-1.34678,0.458955
8,-0.912267,-0.305611
8,-0.729605,0.276267
8,0.938267,0.321568
8,-1.35366,-0.0560689
8,0.974133,-0.352958
8,-1.38176,0.252409
8,0.980671,-0.303581
8,-1.25767,0.178665
8,-1.29119,-0.36555
8,0.689373,0.376968
8,1.25019,-0.0913166
8,1.14599,0.343935
8,-1.3228,-0.207245
8,1.16013,0.162416
8,1.03748,-0.256337
8,0.806308,0.0502355
8,-1.08852,0.345279
8,-0.823339,0.196971
8,0.814207,0.136013
8,-0.759867,0.138488
8,-1.32932,0.209169
8,-1.12891,0.294523
8,1.29729,-0.312397
8,-1.25747,-0.324514
8,-0.90876,0.430969
8,0.675975,0.243405
8,-0.745083,0.17715
8,-0.89848,-0.119659
8,0.796351,0.422561
8,-0.75532,0.193551
8,-0.963175,-0.126064
8,0.991676,0.218888
8,-1.16828,-0.146458
8,-0.677531,0.159782
8,-1.27775,0.269118
8,-0.750886,0.165758
8,1.06108,-0.248028
8,-0.800174,-0.391496
8,-0.918762,0.177364
8,-1.321,0.304299
8,-1.05385,-0.182329
8,-0.872447,0.266588
8,0.660351,0.0425035
8,-0.75184,-0.0313413
8,0.859013,0.033872
8,-1.30429,-0.0952382
8,0.621552,-0.0261392
8,-1.19412,-0.0358276
8,1.19697,0.0245485
8,1.18784,-0.18449
8,-0.874089,-0.356939
8,1.20284,0.1998
8,-1.37915,0.158581
8,0.771623,-0.0939268
8,-0.926365,0.111335
8,1.16469,0.0313675
8,-1.20145,-0.338441
8,-0.841313,0.322724
8,0.788257,-0.377842
8,1.16911,-0.346834
8,0.608838,-0.21386
8,1.02319,-0.302074
8,1.2194,0.203982
8,0.627786,0.111741
8,0.847929,-0.020667
8,1.33422,0.046412
8,0.918375,0.0802602
8,-0.873539,-0.254571
8,1.36145,-0.171848
8,-0.780496,-0.0230812
8,-1.21344,-0.0146853
8,-1.14974,-0.225785
8,0.908228,-0.0886666
8,-1.06177,0.214877
8,-1.35742,-0.179299
8,-1.06672,-0.348844
8,0.72457,0.244076
8,0.909877,-0.0649966
8,1.40793,-0.305685
8,0.81184,-0.0283488
8,-1.24351,-0.180111
8,0.850678,-0.131215
8,-1.33209,-0.291209
8,-0.752298,-0.066133
8,1.31895,0.053766
8,-1.32653,0.0932755
8,-0.946062,0.198568
8,0.704979,0.236811
8,1.20905,0.0450658
8,1.20209,-0.139017
8,0.864032,-0.0268169
8,-1.10783,-0.0448688
8,-1.01328,-0.383818
8,0.741178,-0.124229
8,0.869333,0.308486
8,-1.10575,-0.308528
8,-1.26773,-0.00261826
8,0.610306,-0.0497872
8,0.833437,-0.148033
8,1.23833,-0.347419
8,-0.759337,0.0784496
8,-1.10201,-0.128766
8,0.828998,-0.111593
8,0.799794,0.234692
8,-0.875844,-0.150853
8,-1.21997,0.0194865
8,1.40941,-0.190411
8,-0.746991,-0.25798
8,-0.843968,0.303962
8,0.580287,-0.231198
8,0.720088,0.129133
8,0.737929,-0.144637
8,0.793818,-0.230447
8,-0.885466,0.142017
8,-1.19663,-0.33623
8,-1.15108,-0.15758
8,0.999134,0.102939
8,-1.20605,0.0537124
8,-0.712807,-0.1631
8,-1.37585,-0.0524139
8,1.16106,-0.309072
8,-1.38057,-0.176743
8,0.708941,0.112126
8,1.3794,-0.34192
8,1.30315,-0.150635
8,-1.14475,0.200536
8,-1.20266,0.180084
8,-0.867717,-0.233429
8,-1.27298,0.368176
8,-0.820004,-0.0998435
8,-0.874352,0.406394
8,-1.19494,0.284886
8,-1.25693,0.192504
8,-1.21199,-0.400922
8,1.34379,0.359742
8,1.28065,-0.073415
8,0.756909,0.153614
8,0.627283,0.280538
8,-0.927998,0.186159
8,-0.860863,-0.244376
8,1.13853,0.0644211
8,-0.976241,-0.161874
8,-1.08187,-0.0623468
8,0.989353,0.300476
8,-0.683478,-0.376288
8,1.24935,-0.0307512
8,-0.907731,-0.172876
8,1.15211,-0.322077
8,-1.19914,0.284043
8,-1.24141,-0.325608
8,1.41843,0.154381
8,-0.784276,-0.364243
8,-0.987092,-0.0103381
8,1.30283,-0.332224
8,-1.21348,0.191244
8,-1.27404,0.300849
8,-1.22868,-0.235152
8,-1.28761,0.350193
8,0.775482,0.294018
8,-0.723151,-0.18944
9,-0.955782,0.0307353
9,1.36026,0.0884647
9,1.15202,0.169441
9,-0.819346,-0.0214193
9,-1.26882,0.0624098
9,-1.16992,0.261344
9,0.886132,-0.314662
9,-0.750428,0.114825
9,-1.26941,0.0675964
9,1.05773,-0.262247
9,-0.824056,0.305245
9,-0.817991,-0.0397555
9,-1.1596,-0.0202678
9,-1.026,0.0144303
9,0.775575,0.0762929
9,0.953685,0.0624373
9,-0.937671,0.377256
9,1.07011,-0.0517855
9,1.20942,0.292445
9,-0.84839,0.0703866
9,-1.19313,-0.0871064
9,0.981911,0.130674
9,-1.2052,0.161621
9,0.804568,0.157202
9,-1.12815,0.219857
9,1.08609,0.20324
9,-0.940677,-0.223295
9,-1.01327,0.104769
9,0.845252,-0.234637
9,-0.861551,0.282819
9,1.2346,0.103889
9,-0.834108,0.274775
9,-0.801409,-0.208689
9,-0.810426,-0.033281
9,-0.973513,-0.217577
9,1.14018,-0.140797
9,0.727531,0.0263707
9,1.03346,-0.249821
9,1.13982,-0.00978418
9,-1.18364,-0.151869
9,-0.979676,-0.238711
9,1.06394,0.200759
9,-0.770163,0.0858004
9,-0.790275,0.098201
9,-0.965409,0.0497922
9,1.15276,-0.0889178
9,1.02542,-0.0152169
9,-0.709327,0.116196
9,-0.784008,-0.19212
9,-1.05275,-0.282547
9,1.16122,-0.205646
9,1.11194,0.333831
9,0.756878,0.104047
9,-0.826287,0.235734
9,0.84471,0.106564
9,0.978673,0.0171943
9,1.21444,0.0991517
9,0.902948,-0.0998581
9,-1.09846,0.204457
9,0.760576,0.223629
9,0.938524,0.00926546
9,0.79617,0.332738
9,0.744277,-0.199389
9,-1.02724,-0.0462726
9,1.19092,0.0115518
9,-0.7821,0.287034
9,-0.762684,0.00318236
9,-0.842982,-0.310497
9,1.04203,-0.264106
9,0.842334,0.0497656
9,1.30285,-0.118236
9,1.27246,-0.17318
9,-0.965366,-0.00261234
9,-0.815038,-0.06259
9,-1.13041,-0.0432506
9,-1.01304,-0.00869703
9,0.857605,-0.253825
9,-1.27074,-0.171599
9,0.77895,0.284995
9,0.836397,0.00603304
9,1.17548,0.0951484
9,1.11719,0.162736
9,-0.899831,-0.0337418
9,-1.00165,-0.186528
9,-0.753546,0.0937931
9,1.07621,-0.134998
9,0.968864,0.231939
9,0.633365,0.0679042
9,-1.3007,-0.0766267
9,0.806337,0.208305
9,-0.892689,-0.221832
9,-0.974624,0.108301
9,1.06739,-0.220254
9,-0.688548,0.306258
9,0.932053,0.250475
9,-1.26079,-0.230048
9,0.884855,-0.204025
9,0.861011,0.308449
9,0.955671,-0.147539
9,0.765756,0.061247
9,-0.895484,0.289121
9,-1.07574,0.247222
9,1.18413,0.243306
9,1.2577,-0.347163
9,0.989354,0.0478538
9,-0.826883,0.0949803
9,-1.19897,-0.196281
9,-1.29422,-0.165544
9,-0.907582,-0.131181
9,-1.07939,-0.0502313
9,-1.12532,-0.0469849
9,-1.00703,0.232878
9,1.21178,0.15664
9,1.11826,-0.0304547
9,1.22801,-0.150169
9,-0.749499,-0.204423
9,-0.902317,0.287081
9,1.2014,0.157745
9,0.754521,0.121159
9,-0.73735,-0.166569
9,-0.992048,0.320091
9,-0.838762,0.111315
9,-0.811964,-0.305672
9,0.866416,0.135506
9,1.0035,0.00185551
9,-1.1607,-0.204171
9,-1.16701,0.235963
9,-0.693747,0.308406
9,0.94953,0.0662823
9,1.17356,-0.285741
9,1.24596,0.00101362
9,-0.957702,0.012222
9,0.956224,-0.233457
9,-1.03788,-0.0646547
9,-0.718075,0.0483958
9,-1.29362,-0.0385482
9,-0.893417,-0.170036
9,0.757357,0.166325
9,1.14944,0.0868244
9,-0.90034,-0.0282023
9,-0.895824,0.0336907
9,0.790838,-0.185018
9,0.806744,-0.0678886
9,1.06287,-0.23968
9,0.78335,-0.219575
9,-0.943499,-0.107046
9,1.20367,0.36789
9,0.883108,-0.0818976
9,1.0242,0.0313548
9,-0.956243,0.221998
9,-1.15853,-0.15816
9,-1.23789,0.0700003
9,0.688682,0.204094
9,-1.21423,0.209706
9,1.11437,-0.0502261
9,0.695686,-0.248317
9,1.11661,-0.250804
9,-0.637161,0.00310269
9,-1.04961,-0.0439416
9,-1.31778,0.00473956
9,0.733061,-0.0996459
9,-0.713997,0.222819
9,1.10461,-0.0636686
9,-1.24963,-0.166327
9,-1.09815,-0.175271
9,0.672929,0.132845
9,1.11286,0.114311
9,-1.26291,0.0989022
9,1.29741,0.276281
9,-1.04557,-0.0254667
9,-0.759323,0.0243885
9,1.16911,-0.0305456
9,-1.25368,-0.327493
9,-1.18644,-0.227458
9,-0.633127,-0.222888
9,-0.749939,0.0583072
9,-1.10083,0.235063
9,-1.30947,0.158763
9,1.02281,0.0341443
9,-1.07288,-0.151937
9,-0.767796,-0.172146
9,1.04067,0.235002
9,0.82663,-0.198283
9,0.905333,0.00213527
9,1.20969,0.0058202
9,1.27728,0.228383
9,0.974549,-0.187041
9,1.06302,0.0597112
9,-0.805268,-0.241368
9,1.274,-0.29716
9,-0.914807,-0.113473
9,0.983092,-0.219852
9,-1.13852,-0.22622
9,-0.929143,0.152662
9,-1.1378,-0.088789
9,-1.01047,-0.00420723
9,1.20105,0.236474
9,1.03591,0.0151727
9,-0.912952,0.218014
9,-1.03237,0.111753
9,-0.791941,-0.0444422
9,1.13895,-0.0972019
9,1.03311,-0.138021
9,0.778762,0.109617
9,1.19511,0.17729
9,0.824184,-0.130937
9,1.20422,0.160984
9,-0.778082,-0.112629
9,-0.920776,0.0749588
9,0.752751,0.255849
9,0.923986,0.259343
9,-0.77382,-0.151126
9,-0.980175,0.17274
9,1.0031,0.147192
9,-1.10069,-0.146858
9,-1.19054,0.218192
9,-1.10871,0.333015
9,0.839324,0.0847676
9,0.806096,-0.15357
9,0.728743,0.136587
9,-1.0732,0.0126901
9,-0.812067,-0.0266989
9,-1.08339,0.115766
9,1.15137,-0.0870524
9,1.27797,0.0393417
9,-0.963497,-0.170923
9,-0.882384,-0.272203
9,1.23353,-0.360208
9,-0.997358,-0.207599
9,-1.15875,0.200681
9,0.953874,0.0944694
9,0.803194,0.281794
9,-1.05573,-0.294891
9,-1.13011,0.223064
9,-0.971808,0.0254889
9,1.11697,-0.291465
9,-1.10227,-0.234975
9,0.890221,0.240767
9,1.07712,-0.0954457
9,1.01026,0.288869
9,0.937319,0.135112
9,1.13549,0.0752063
9,1.19212,-0.0281172
9,0.733663,-0.159121
9,-1.27632,-0.15991
9,-0.709299,-0.0142659
9,-1.13702,0.19984
9,-1.18807,0.0152705
9,-0.710983,-0.0500899
9,1.19261,0.350529
9,-0.759985,0.309045
9,-0.833052,0.161285
9,-1.29584,0.0329983
9,-0.769613,0.123823
9,0.831301,-0.162717
9,1.13066,0.189292
9,-1.21124,-0.130076
9,1.15392,-0.120192
9,0.877098,0.0278555
9,1.28422,-0.133635
9,-1.2415,-0.110688
9,0.996822,0.0982116
9,0.74327,0.337187
9,-1.12663,-0.106138
9,-0.71342,-0.153119
9,0.769465,0.0933534
9,-1.31144,0.244459
9,1.04573,0.250726
9,-1.31996,-0.243939
9,1.19577,0.283163
9,-0.975853,-0.245354
9,0.987878,0.241188
9,0.848632,-0.0531722
9,-0.994441,-0.198278
9,0.750402,-0.101718
9,-1.11499,0.0766359
9,-0.945858,0.299459
9,-0.893547,-0.0352331
9,0.918364,0.279507
9,-1.15004,-0.112715
9,0.883854,0.179472
9,-0.894294,0.0473783
9,-0.800668,0.291745
9,0.963908,0.266622
9,-1.11078,-0.0832026
9,1.0365,0.297802
9,1.10496,-0.320352
9,-0.893746,-0.0589486
9,-1.11165,0.185453
9,0.849904,-0.156236
9,-0.710195,-0.293262
9,-1.27178,0.0738351
9,0.866845,0.147109
9,-1.18626,-0.249554
9,-1.07365,0.0527724
9,-0.733181,0.231142
9,0.918393,-0.283968
9,1.26022,0.0966719
9,1.23445,-0.209537
9,0.914929,0.223074
9,1.3215,-0.164568
9,0.905314,-0.0351823
9,1.27854,-0.0386055
9,-0.973227,-0.0499221
9,-1.08694,0.150091
9,-0.911273,0.163674
9,1.20702,0.0397713
9,-1.00523,-0.25798
9,-0.961559,0.0955602
9,-0.745569,-0.140525
9,0.783774,0.144344
9,-1.20658,0.274175
9,-1.28163,-0.00683812
9,-1.1239,0.17118
9,-1.09111,-0.129809
9,-1.22399,-0.300354
9,-1.02222,-0.303351
9,1.22908,-0.0311657
9,1.12453,0.285057
9,0.961534,0.141421
9,-0.934794,-0.140635
9,1.13295,-0.0389822
9,-1.08536,0.225181
9,-0.783023,0.0549379
9,-1.13951,0.0236472
9,-0.84469,-0.239762
9,-1.23069,-0.164464
9,0.827809,0.0924825
9,0.926385,-0.0914431
9,-1.15099,-0.0682916
9,0.917544,-0.0728099
9,0.946192,0.188456
9,1.163,-0.222562
9,-1.15258,0.220744
9,1.08311,-0.115803
9,-1.11734,0.0353864
9,-0.723344,-0.229925
9,1.28591,-0.209836
9,-1.23592,0.00160616
9,-0.878108,-0.0293197
9,-1.25842,0.287307
9,-1.0414,0.343984
9,-1.20249,-0.00543211
9,-1.00252,0.0507693
9,-1.16082,0.304447
9,-1.20106,-0.358644
9,0.769561,0.0681615
9,0.735172,0.245066
9,1.27803,0.0584454
9,-0.847266,0.179165
9,0.893465,-0.175725
9,1.07925,0.138422
9,0.781559,0.0095976
9,1.14398,0.169
9,0.693065,-0.0965165
9,0.891455,0.142242
9,-0.816836,0.181998
9,-1.18901,0.215436
9,-0.841756,0.096126
9,0.757374,-0.165237
9,0.919188,-0.00328088
9,-0.675275,0.278351
9,-1.064,0.0774962
9,-1.05652,-0.238653
9,-1.02901,0.164009
9,-1.09255,0.0962996
9,-0.802268,0.268109
9,1.13144,-0.135267
9,-1.11397,0.255592
9,0.998703,0.0264781
9,-0.759049,0.122983
9,0.759485,-0.294334
9,0.94069,0.259813
9,0.991342,0.112682
9,0.967143,0.0943094
9,0.776816,0.284802
9,0.896582,-0.206812
9,-1.20672,-0.127233
9,-0.975555,0.201733
9,0.909111,0.0571596
9,-1.18834,0.20016
9,-1.12302,0.049202
9,-0.819714,-0.103871
9,-0.881772,-0.147721
9,-0.949719,-0.0670384
9,-0.833415,-0.0196489
9,-0.994516,-0.0208644
9,-0.713037,0.267423
9,-1.02949,-0.294011
9,-1.11428,0.300715
9,-0.74409,-0.170464
9,0.932261,0.0199931
9,1.00091,0.127548
9,-0.824353,-0.0231834
9,-1.36077,-0.167815
9,-1.33824,0.270171
9,0.846833,-0.167235
9,0.844446,0.0721092
9,1.30766,-0.083913
9,0.80748,-0.213954
9,-0.964718,-0.203801
9,-1.17517,-0.162238
9,-0.870155,-0.205859
9,-0.698856,0.122707
9,1.20769,-0.0639625
9,-1.1685,0.104073
9,1.20516,-0.0617773
9,-1.15388,0.00344388
9,0.785304,-0.0151812
9,-1.17086,0.101529
9,-1.12831,-0.0147829
9,-1.03271,0.241225
9,0.675364,0.108102
9,-1.04474,0.0504463
9,1.0364,-0.133234
9,-1.2333,0.214401
9,-1.10403,0.163152
9,1.13783,0.224853
9,-0.686299,-0.204348
9,-0.719131,-0.108874
9,0.949315,-0.270144
9,1.22448,-0.0690621
9,1.07614,0.142883
9,-1.27072,-0.162843
9,-0.742968,-0.194921
9,1.16639,-0.231079
9,-1.00285,0.272846
9,-1.24238,0.268106
9,0.793575,0.0325952
9,1.04841,-0.0354149
9,-1.0545,0.301865
9,0.862916,0.174241
9,1.23677,-0.0559778
9,0.879355,-0.121563
9,0.989027,0.0159147
9,0.870417,0.0119477
9,0.749064,0.183615
9,0.839118,-0.118409
9,-1.05671,0.102099
9,-1.06133,0.273657
9,1.19127,0.231165
9,1.21201,0.058628
9,0.830063,-0.208823
9,0.837273,0.308318
9,-0.818538,0.00245741
9,-0.780576,-0.0697509
9,-1.20533,-0.188925
9,-0.773309,-0.108915
9,-1.20828,-0.272804
9,0.961729,0.249119
9,0.746108,-0.173435
9,-1.06662,-0.129477
9,-1.26931,-0.026867
9,-0.902097,0.0958273
9,-1.28301,-0.213858
9,1.15079,0.0542843
9,-1.03272,0.254611
9,1.02325,0.257094
9,0.769384,0.0565262
9,-0.912629,-0.265396
9,-1.22867,-0.157472
9,0.760557,0.144108
9,0.879267,0.169625
9,0.911043,-0.0628055
9,1.19702,0.0609598
9,-1.24802,-0.0450907
9,-1.13024,-0.0868626
9,0.877501,-0.15254
9,1.21241,-0.0760172
9,0.855883,0.161945
9,-0.981099,-0.121326
9,-0.904832,0.220394
9,-0.785071,0.287845
9,1.04762,-0.0964323
9,-0.71562,0.0234229
9,-0.767209,-0.0860113
9,1.30068,0.11694
9,0.893613,0.28532
9,-1.08802,0.0251356
9,-0.72999,-0.102375
9,1.13561,0.0109691
9,-0.959978,-0.00649111
9,-0.818809,0.039784
9,-0.751804,0.270437
9,-1.13866,-0.253261
9,1.26333,-0.142524
9,-1.26818,0.027661
9,-0.80901,0.0150236
9,0.682146,-0.0431875
9,-1.1889,0.176136
9,-0.85844,-0.155435
9,0.808138,0.114174
9,-1.14123,0.249834
9,-1.10571,-0.155048
9,1.18501,-0.212106
9,0.808479,0.22783
9,-1.05547,-0.344309
9,0.920381,0.319583
9,-1.00178,0.231569
9,0.887097,0.244521
9,0.777926,0.181855
9,0.858218,-0.191593
9,0.986954,-0.171176
9,-0.744698,-0.0962649
9,1.15014,-0.248981
9,1.35415,0.203221
9,1.05381,0.0985127
9,-1.20441,0.327605
9,-0.78344,0.00891029
9,-1.2051,-0.198629
9,0.955738,0.232658
9,-1.23311,-0.161591
9,-1.28718,-0.0643843
9,-0.757553,-0.0307091
9,1.11181,-0.198431
9,1.07376,-0.131607
9,-1.24133,0.0644422
9,0.903909,-0.118325
9,0.992967,-0.175205
9,0.913711,0.281228
9,-1.13227,0.129056
9,0.931023,0.0615063
9,-1.07165,-0.149401
9,-1.25746,-0.144942
9,0.946748,0.11812
9,-0.762065,-0.00237861
9,0.769383,-0.163888
9,-1.07741,0.0323583
9,-1.20993,-0.160073
9,1.01699,-0.31397
9,-0.895661,0.0440877
9,-0.813989,-0.169656
9,-0.961963,0.0277259
9,0.670104,0.230473
9,1.27643,0.113819
9,-1.20565,-0.190379
9,-0.922647,0.100932
9,-1.16657,0.0377225
9,0.785497,0.0840142
9,0.746958,-0.0937429
9,-1.07626,0.00349276
9,-0.822524,0.233496
9,0.956415,-0.168132
9,1.26491,-0.270674
9,-1.15798,0.332513
9,-0.94187,-0.18988
9,1.23782,0.0336814
9,1.28366,-0.0940445
9,-0.756533,-0.214067
9,-0.857998,0.24855
9,1.09311,-0.214261
9,-1.29101,-0.185493
9,-0.851342,0.0464467
9,-0.82958,0.341434
9,-0.917882,-0.132445
9,-1.24358,-0.0322882
9,-1.00946,-0.202089
9,-1.0033,-0.134481
9,0.730076,0.3366
9,1.07192,0.229107
9,-1.12951,-0.201519
9,-1.25324,-0.191178
9,-1.16549,-0.312066
9,-0.961225,0.198241
9,1.32136,-0.309846
9,1.22412,0.285405
9,-1.07329,0.13236
9,0.677995,-0.086656
9,1.21201,-0.0439818
9,0.74985,0.301743
9,0.90698,0.0876448
9,0.845687,0.197925
9,0.986855,0.0295715
9,-0.667582,-0.211136
9,-0.939161,0.277776
9,0.839812,-0.0341139
9,1.29691,-0.0633233
9,-0.802113,0.139275
9,0.871326,-0.00823561
9,-1.13517,-0.264348
9,1.25852,-0.0196392
9,-0.727992,0.150936
9,-0.680054,-0.269602
9,-0.761894,-0.261807
9,-0.753956,-0.179653
9,-1.01713,-0.231409
9,1.22741,-0.254118
9,-0.682591,-0.242827
9,1.13316,0.256591
9,0.87138,-0.0827533
9,-1.00883,-0.183028
9,-0.898597,-0.0767826
9,-1.0873,-0.00429471
9,-1.22206,-0.113379
9,-0.766655,0.190858
9,0.997531,0.00347517
9,0.94059,-0.268976
9,0.909194,0.0182194
9,1.05935,-0.146543
9,-1.14358,0.310089
9,-1.00073,-0.177248
9,-0.736855,0.213292
9,-1.03757,-0.307591
9,-1.11631,-0.131957
9,-1.23226,0.368079
9,1.1101,-0.0546204
9,0.992311,-0.230761
9,-0.702382,-0.231396
9,-1.20184,0.0429214
9,0.823465,-0.0139333
9,-0.935429,0.341606
9,-1.27286,0.169297
9,-0.939744,0.0240059
9,-0.633633,0.235105
9,0.814225,-0.220283
9,-1.04321,-0.0118588
9,1.0388,0.0787298
9,0.981111,-0.157723
9,1.18549,0.292507
9,-0.853804,0.322423
9,-0.87888,-0.231348
9,-1.16826,-0.178714
9,1.32741,0.116753
9,-1.11766,0.166375
9,-1.03151,-0.325724
9,-0.96199,-0.0493692
9,-1.27896,-0.219836
9,-0.704933,0.196888
9,0.761064,0.122418
9,0.696682,-0.0889801
9,0.968219,0.182757
9,-0.98279,0.151942
9,0.703667,0.0250844
9,1.14194,0.0117662
9,0.763372,0.240953
9,-0.878903,0.221441
9,-0.701914,0.282317
9,-0.813474,0.0520535
9,-1.02547,-0.144702
9,0.982107,0.0119918
9,0.895562,-0.273986
9,1.26859,-0.309873
9,0.689394,-0.0398672
9,-1.28473,0.195941
9,1.30751,0.207865
9,-1.24966,-0.168757
9,1.16436,0.224037
9,1.2685,-0.203218
9,0.773447,-0.21098
9,1.33134,-0.196917
9,1.17824,-0.293676
9,0.960271,-0.280016
9,1.11123,-0.0965138
9,-1.12014,0.267869
9,-0.954308,0.160634
9,-1.28089,0.324338
9,-0.989982,-0.122027
9,-0.683302,0.279709
9,0.843095,-0.199182
9,-0.770453,-0.295534
9,1.18961,-0.149746
9,0.770703,0.0823446
9,-1.07215,0.139797
9,0.745398,-0.311147
9,0.96168,-0.0785698
9,0.789712,-0.0215013
9,-0.877542,-0.118841
9,-1.2633,-0.249992
9,1.02651,-0.285729
9,-1.03429,0.290199
9,1.15269,-0.142535
9,-0.931027,0.101815
9,0.644318,0.346468
9,1.00623,-0.0185047
9,1.09631,0.257456
9,1.08376,-0.365214
9,-1.22004,0.18999
9,-1.15839,0.0958408
9,1.16113,-0.0982774
9,-1.14163,0.17837
9,0.947676,-0.0162215
9,-0.786868,0.187785
9,1.03431,0.0555979
9,1.29635,0.242163
9,-0.905812,0.00757592
9,-1.1949,-0.226381
9,-0.74266,-0.224803
9,-0.680092,-0.135267
9,-1.18553,0.0891204
9,1.18404,0.100443
9,0.745785,0.113559
9,-1.15961,0.0631362
9,1.24193,-0.0238449
9,0.91996,-0.0475203
9,-0.773667,-0.153438
9,1.31082,0.0423817
9,-1.31736,-0.324198
9,-1.08597,0.0650636
9,1.04191,-0.0932681
9,-1.22386,0.113864
9,0.928069,0.270679
9,0.810855,0.360412
9,-1.12189,0.0306906
9,1.24624,0.0233475
9,0.893641,-0.234078
9,-0.852609,-0.145281
9,0.949428,0.178356
9,0.906619,-0.230142
9,-0.950834,0.0869934
9,-0.835617,0.0429575
9,-0.77889,0.225474
9,0.718382,0.231857
9,-1.08809,-0.322024
9,0.77582,-0.209711
9,1.28484,-0.151538
9,-1.1869,0.197403
9,-1.26456,-0.239455
9,-1.02749,-0.0106975
9,0.768702,0.0718431
9,1.05439,0.218042
9,1.17111,-0.148122
9,0.809246,0.128295
9,1.0992,-0.192642
9,1.07738,-0.141928
9,-1.1204,-0.185903
9,0.749018,-0.112195
9,-0.897892,-0.0418251
9,-1.1419,-0.00882139
9,0.850552,-0.230569
9,-0.819855,0.185943
9,-1.28093,-0.0189461
9,-1.2204,-0.14599
9,1.19432,-0.281692
9,-1.30519,-0.160827
9,-0.793961,-0.324698
9,-1.04651,0.189604
9,-0.833004,-0.0692657
9,-0.766889,-0.269528
9,-1.14527,0.280165
9,1.24488,0.143339
9,1.30976,-0.264984
9,1.18201,0.300206
9,0.987684,0.00462702
9,-0.831987,0.206015
9,-0.859261,-0.263985
9,0.758916,-0.179096
9,-1.18457,0.152335
9,-0.814371,-0.136945
9,-1.3154,0.245828
9,0.676343,-0.252759
9,-1.04876,0.195303
9,0.99376,-0.0344764
9,-1.05326,-0.263899
9,-0.963188,-0.183801
9,0.851425,0.247994
9,1.03414,0.318644
9,-1.12994,-0.0484777
9,1.0365,-0.0831197
9,-0.728419,0.0216455
9,-1.11116,-0.0456059
9,-1.2573,-0.308608
9,0.792279,0.186183
9,0.800739,-0.11027
9,1.28466,0.182901
9,0.902348,-0.132866
9,-1.14481,-0.22187
9,-1.25401,0.00190631
9,-1.06014,0.104791
9,0.811205,0.00239627
9,-1.19377,0.0843368
9,-1.09916,0.284696
9,-0.899075,-0.18998
9,1.23183,0.2663
9,0.760537,0.102863
9,-1.26428,0.0610316
9,-1.13271,-0.0833982
9,-1.19751,0.00335514
9,0.715663,-0.0241867
9,0.892988,0.171112
9,-0.858191,-0.275111
9,1.02869,-0.0223811
9,-0.719091,0.173449
9,-1.15724,-0.351841
9,-1.04559,-0.270422
9,0.937283,-0.231313
9,-0.870297,0.0886478
9,-1.06756,0.171568
9,0.710159,-0.0838331
9,1.05426,0.10972
9,-1.24528,0.24241
9,1.03019,0.0989214
9,1.11176,-0.0971658
9,0.99649,-0.229397
9,0.808602,0.0776613
9,-1.13945,0.0182897
9,0.720768,0.0747829
9,1.18819,0.0813561
9,1.27314,0.214654
9,-0.85285,-0.0410616
9,0.997792,0.164328
9,-0.793036,0.044199
9,1.10674,-0.233334
9,1.13317,0.17316
9,0.808074,-0.258081
9,-1.07315,-0.0236337
9,0.92094,0.240282
9,-1.22284,-0.170854
9,0.846144,-0.203634
9,-0.697895,0.00847414
9,-0.778209,-0.133863
9,-1.21904,0.0339711
9,-1.18215,-0.0403844
9,-1.06351,-0.131166
9,-1.06248,0.0377296
9,-1.1078,-0.0318699
9,0.940161,-0.0228872
9,-0.839421,-0.0320741
9,0.707614,0.25974
9,-1.18231,-0.180409
9,1.19245,0.00121254
9,-0.95094,-0.120122
9,-1.28479,0.177501
9,0.92561,-0.160707
9,0.779505,0.149938
9,0.930794,0.103302
9,0.884181,0.102281
9,-1.1679,-0.122725
9,1.02414,-0.183361
9,1.18049,-0.0401102
9,-1.08033,0.243524
9,-1.19017,-0.103544
9,-1.07996,0.033465
9,0.998287,-0.306547
9,-1.00699,0.0171363
9,-0.831021,-0.207879
9,-0.718397,-0.127569
9,-1.07665,-0.117112
9,-0.890857,-0.16393
9,0.803092,0.173933
9,-1.23732,0.0953463
9,1.19345,-0.174847
9,1.07489,0.0311789
9,1.18859,0.172722
9,1.24944,-0.027902
9,-0.980064,0.0958985
9,-0.966926,0.164569
9,-1.28459,-0.0102587
9,1.08534,-0.249822
9,-0.756143,-0.160231
9,-1.00026,0.0487938
9,0.871758,-0.269783
9,1.13237,-0.240244
9,-1.20646,0.305717
9,-0.978355,0.051916
9,-0.943445,-0.0979739
9,-1.27198,-0.328638
9,-1.24482,-0.140078
9,-0.773796,-0.245062
9,0.850545,-0.270215
9,0.801692,0.00625197
9,0.833694,0.00309326
9,1.19569,0.175697
9,0.802849,-0.196014
9,-1.25744,-0.283408
9,0.922798,0.127088
9,-1.09194,0.216159
9,-1.36997,-0.102872
9,-1.01798,0.230804
9,-0.887363,0.195628
9,-0.892769,0.124839
9,-0.932301,-0.162354
9,1.07562,-0.119833
9,0.88865,0.236718
9,-0.731568,0.175611
9,-1.19123,-0.0970799
9,-0.759681,-0.253943
9,1.20587,-0.0157214
9,1.18368,-0.318238
9,1.30245,-0.122641
9,-1.19283,0.0456311
9,-1.09091,0.16783
9,1.16976,0.221988
9,-0.920658,-0.0376144
9,1.01588,0.169189
9,0.890407,-0.244206
9,-0.787054,-0.189005
9,-1.0553,-0.018599
9,-0.747941,0.254878
9,0.778104,-0.265481
9,-1.24388,-0.250783
9,-0.99444,-0.237157
9,-0.860069,-0.209134
9,-1.16433,-0.330346
9,0.857266,0.172165
9,1.28214,-0.237072
9,-1.07332,0.0145404
9,-0.873588,0.128666
9,-0.845259,-0.218301
9,1.04545,-0.24342
9,0.954755,0.185837
9,-0.781616,-0.0750076
9,-1.13596,-0.166353
9,-0.729203,0.131535
9,1.09699,0.0536911
9,1.21729,-0.341387
9,0.777491,0.227999
9,1.11992,0.150694
9,-1.26823,0.131689
9,-1.0082,0.284752
9,-0.978341,0.244523
9,1.27798,-0.120961
9,0.793381,-0.240461
9,-1.20761,0.259491
9,-1.20208,-0.0483894
9,1.1054,-0.161995
9,1.0023,-0.0100574
9,1.01417,0.101848
9,-1.23943,-0.0363573
9,0.681688,-0.278662
9,1.14541,0.213707
9,-1.21841,-0.0467672
9,-0.9459,-0.219967
9,1.23633,0.259553
9,-1.11331,0.225698
9,0.76664,0.124018
9,-0.866815,0.0369837
9,-0.824392,0.0635845
9,-1.20592,0.088564
9,-0.714106,-0.189998
9,-1.16649,-0.00251178
9,0.805855,-0.252245
9,-1.07271,0.171017
9,0.794004,-0.035847
9,1.16048,0.12709
9,0.707722,-0.27463
9,0.693794,-0.144589
9,-0.970671,-0.11385
9,-0.998112,-0.0589987
9,1.08454,0.266857
9,-0.812195,0.162713
9,0.999009,0.0641326
9,0.89927,0.222722
9,1.31548,0.137225
9,-0.907949,0.291025
9,-1.23394,0.215703
9,0.664768,0.364458
9,1.2218,-0.244127
9,1.13269,-0.154947
9,-1.05716,-0.230493
9,-0.780707,0.148235
9,-0.993331,-0.265935
9,-0.933775,0.146205
9,1.25836,-0.226761
9,0.713079,0.0260539
9,1.18208,0.186359
9,0.760982,0.0688073
9,1.1824,-0.0394352
9,1.08761,-0.133652
9,0.946405,-0.143283
9,-1.28813,-0.192502
9,-0.827734,-0.0761415
9,-0.761568,0.2139
9,-0.801843,-0.218277
9,0.973413,0.0718836
9,1.01874,-0.0720298
9,-1.05392,-0.208579
9,-1.18114,0.168995
9,-0.888733,-0.00521728
9,0.834136,-0.239347
9,1.09422,0.154991
9,-0.876234,-0.015747
9,0.863457,0.0937324
9,-1.26023,-0.148486
9,0.794622,-0.313476
9,0.739473,0.0752413
9,-0.85892,0.145098
9,0.749407,-0.172549
9,-1.22632,-0.257171
9,-0.895112,-0.0704405
9,1.14912,-0.0127924
9,-1.23022,0.0360463
9,-0.985531,-0.243988
9,-1.07898,0.03486
9,-1.13343,0.136085
9,1.03125,0.0730001
9,0.714719,-0.0366485
9,-1.13601,-0.207415
9,-0.822034,-0.303376
9,0.786969,0.223423
9,1.11786,-0.0509342
9,-0.777745,-0.0343993
9,0.974376,0.0769295
9,0.680192,-0.0632988
9,1.2641,0.145383
9,0.780816,-0.199926
9,-1.29945,-0.22401
9,1.07645,-0.13064
9,1.24263,-0.110262
9,-1.02729,-0.223636
9,1.20499,-0.191542
9,1.01072,0.257921
9,0.931824,0.180574
9,-1.23165,-0.207206
9,-0.764561,0.28333
9,1.31704,0.209232
9,0.763587,-0.110403
9,-1.23881,-0.0161778
9,-0.822887,0.0872159
9,-1.19732,0.207736
9,1.14698,0.162021
9,-1.26068,0.152937
9,-1.22728,0.258246
9,0.920868,-0.087887
9,1.03278,-0.125364
9,0.840067,0.189263
9,0.935183,-0.141379
9,-1.14034,-0.101442
9,1.29173,0.158566
9,1.11458,0.192728
9,0.947678,-0.189734
9,-1.02362,0.0897514
9,0.737527,-0.154615
9,1.26818,-0.137381
9,-1.25717,0.285265
9,0.985773,0.254196
9,-1.03185,0.230692
9,-1.09609,-0.201281
9,0.788865,-0.313757
9,-0.803546,0.282863
9,-1.21664,0.112469
9,0.918979,0.236804
9,0.93956,-0.0316392
9,-1.25199,0.0635578
9,0.996072,-0.0264534
9,1.29625,-0.330083
9,-1.05632,-0.138342
9,-0.907517,0.0561703
9,0.821798,-0.222924
9,-0.736943,0.235448
9,1.2038,0.14918
9,0.772838,0.243661
9,-1.16888,-0.105951
9,-1.04899,0.214071
9,-0.904018,0.190995
9,-1.04462,0.198017
9,0.707957,0.289657
9,-1.11481,0.0739009
9,1.19181,-0.213337
9,0.947163,-0.177514
9,1.06754,0.240143
9,-1.06282,0.237076
9,0.795422,-0.173281
9,-0.826569,-0.27529
9,-1.11888,-0.105439
9,-1.07918,-0.0310242
9,1.16258,0.216031
9,-0.800843,0.23608
9,1.05,0.276812
9,-0.966467,-0.0125259
9,1.20257,-0.0711768
9,1.07533,-0.287675
9,-1.32094,0.016598
9,1.23357,-0.0752128
9,0.83287,0.085305
9,-1.15615,-0.151259
9,-0.937055,0.266709
9,1.22893,-0.235713
9,1.06099,0.269109
9,1.23215,-0.328086
9,0.996569,-0.207373
9,0.748471,-0.244713
9,-1.28596,-0.0508982
9,1.00092,-0.0883196
9,0.981883,-0.105244
9,1.13594,0.103578
9,0.939995,-0.0163696
9,1.20354,0.123209
9,-1.17214,-0.0163116
9,-1.13873,0.167396
9,1.13716,-0.142437
9,-1.07129,-0.274421
9,-1.15581,-0.139589
9,0.950004,-0.0353019
9,-0.902525,-0.136355
9,-0.856607,-0.0480365
9,-1.30835,-0.202946
9,-0.977055,-0.104734
9,-0.948126,0.197836
9,0.962953,-0.0233037
9,0.85988,-0.248951
9,-0.900111,-0.127483
9,-1.08167,0.188316
9,1.05098,-0.325305
9,-0.931702,0.0665796
9,-0.981545,-0.231277
9,-1.31257,0.0964736
9,-0.833253,0.116564
9,-1.04665,-0.349244
9,0.8042,0.0108773
9,0.713001,-0.128758
9,1.28288,0.189459
9,-1.12645,0.0195769
9,-1.13193,0.111457
9,-1.04642,0.0887708
9,-0.929874,-0.152805
9,-1.09174,-0.194671
9,0.863553,-0.218155
9,-0.999753,0.187534
9,-0.923062,-0.213346
9,0.897466,-0.131986
9,1.07598,0.0583247
9,1.18909,-0.181651
9,0.816267,0.195538
9,-1.10019,-0.0179194
9,1.13858,-0.131991
9,1.1198,-0.117061
9,-1.23398,0.110342
9,0.817098,-0.22066
9,-0.955273,-0.0441965
9,-1.28247,-0.129967
9,1.03848,0.141722
9,1.30051,-0.0118701
9,-0.930773,0.119077
9,0.805605,0.187848
9,-1.10187,-0.191769
9,-0.921072,0.134844
9,1.21796,-0.00671746
9,1.12718,-0.285354
9,-1.02521,0.0532002
9,0.731067,0.0482312
9,1.10773,0.238505
9,0.957988,0.0912383
9,-0.717388,-0.214692
9,1.09875,-0.00715576
9,-0.66306,-0.0984803
9,-1.3077,0.192689
9,0.719457,0.0654042
9,0.981445,0.039511
9,-1.10273,0.119215
9,0.829547,-0.245463
9,1.12153,-0.0486809
9,-1.07753,-0.256891
9,-0.817122,-0.113615
9,-1.25305,0.299554
9,0.712069,0.146031
9,0.953809,-0.222724
9,-1.19677,0.126706
9,-0.709274,-0.276345
9,0.715887,-0.313748
9,1.20374,-0.0842409
9,0.958075,-0.128092
9,1.02649,-0.194646
9,-0.974853,0.250025
9,-1.25098,-0.201115
9,-1.19363,0.304739
9,-0.984486,-0.109444
9,1.03098,-0.161056
9,-0.910806,-0.049103
9,0.742017,-0.0928165
9,-0.911245,0.140868
9,-1.0205,0.192082
9,-1.28042,0.256413
9,-0.916354,-0.0759785
9,-1.24195,-0.20165
9,-0.933733,0.251308
9,-1.07659,0.188065
9,0.911547,-0.131368
9,-1.22207,-0.00567502
9,1.16297,0.226286
9,-1.3171,-0.223325
9,-1.07277,-0.180263
9,1.01603,-0.18722
9,-1.17393,-0.142837
9,0.675306,0.210231
9,-0.785471,-0.00870633
9,0.845375,-0.158399
9,1.09488,0.283158
9,-1.21237,0.127051
9,1.19859,-0.020722
9,0.793743,-0.303508
9,-0.771941,-0.260052
9,-0.844526,-0.0413747
9,0.962221,0.0225464
9,1.13994,-0.167902
9,-1.17922,-0.203716
9,1.07245,-0.00135386
9,1.23198,-0.205658
9,-0.836257,0.00271573
9,-0.974088,0.0546257
9,1.02522,-0.303249
9,0.919509,0.170531
9,-0.847063,0.0115331
9,-0.910659,0.0555756
9,-1.10158,-0.251703
9,-1.0782,-0.156888
9,-0.733951,-0.044042
9,1.15072,0.0602807
9,1.2299,0.11291
9,-1.16766,-0.03171
9,-0.796693,-0.0642302
9,1.11085,0.122122
9,-0.896008,-0.253093
9,-0.965208,-0.194627
9,1.31547,-0.0891873
9,-0.931343,0.0513785
9,-1.32247,0.264297
9,-0.716895,-0.0964805
9,1.30797,0.00400316
9,1.11892,-0.086172
9,-0.923596,-0.0341577
9,-1.08443,0.00822794
9,-1.19121,-0.0922075
9,-0.780566,0.0889646
9,-0.947572,-0.232478
9,0.782002,-0.237825
9,-0.817976,0.254893
9,-0.847815,0.143185
9,0.77603,0.290491
9,-1.08022,0.0671888
9,0.76366,-0.0399032
9,-1.28892,-0.176248
9,0.908329,-0.224714
9,1.04457,0.0402981
9,0.873038,-0.093742
9,-1.21154,-0.237447
9,1.06588,-0.118681
9,1.34113,0.199446
9,-1.32477,0.150582
9,0.980449,-0.199022
9,1.21102,-0.238463
9,0.934804,-0.197895
9,-1.20143,0.307563
9,-1.20273,-0.166939
9,-1.03677,0.213265
9,-1.2222,0.229411
9,0.949597,0.0597067
9,-0.821837,-0.0874118
9,-0.917288,-0.185278
9,1.08805,-0.154583
9,-1.16965,0.268371
9,1.09561,-0.263919
9,-1.18409,0.00529019
9,0.790172,0.230953
9,-0.832942,0.139865
9,-1.23676,-0.279045
9,-1.17312,0.123862
9,-1.11504,-0.0827266
9,1.09441,0.167134
9,-1.06316,-0.139373
9,-1.09437,0.0608281
9,0.788592,-0.0555407
9,1.27905,-0.130999
9,1.22952,0.280432
9,-0.846439,-0.113259
9,-1.26851,-0.272046
9,-1.12748,0.319143
9,-1.24549,-0.236848
9,-0.736825,-0.266129
9,-1.16379,-0.0401668
9,0.915494,-0.218607
9,-0.764056,-0.314434
9,1.09503,-0.256994
9,-0.999382,0.196265
9,1.09162,0.087525
9,-1.03542,-0.0138165
9,-1.01045,0.246116
9,0.999883,-0.147107
9,-0.76488,-0.080242
9,-0.780811,-0.124303
9,-0.695532,-0.0415679
9,1.27624,-0.283611
9,1.12812,0.0624466
9,-0.873345,-0.158137
9,-0.885067,0.045048
9,0.869192,-0.0940917
9,1.10286,0.0471835
9,1.00837,0.059035
9,1.17556,0.110029
9,-0.912709,-0.125156
9,1.11965,-0.270692
9,-1.18841,0.0999154
9,1.04219,0.144768
9,-1.24032,-0.13267
9,-0.743225,-0.143771
9,-1.05173,-0.00289609
9,0.904602,0.115908
9,-0.758149,-0.00511114
9,-0.817912,0.0402581
9,-0.75315,-0.313973
9,0.774473,0.048801
9,1.17881,-0.0411716
9,-1.08505,-0.229683
9,1.04912,0.0109083
9,-0.822643,-0.117502
9,-0.693247,-0.241892
9,0.704988,-0.313847
9,-1.31164,0.0549608
9,-1.05456,0.218385
9,0.748314,0.375933
9,1.26107,-0.216436
9,0.704688,-0.194728
9,-0.672438,-0.350413
9,-0.915808,-0.268236
9,-1.04473,0.20535
9,0.871463,0.00129185
9,1.07398,0.370579
9,1.29425,0.265898
9,-0.685845,0.26357
9,0.926387,-0.160253
9,1.24228,-0.19537
9,-1.12065,0.252324
9,1.20019,-0.141817
9,1.0545,0.216139
9,0.905795,0.285062
9,1.04673,-0.145382
9,-0.843798,0.181023
9,1.03631,0.139333
9,0.721563,-0.121109
9,-1.21988,-0.135957
9,-0.932296,0.228258
9,-0.829254,-0.153554
9,1.04345,0.0419657
9,-0.902543,0.173638
9,1.24361,-0.0478084
9,1.21517,-0.200627
9,1.26159,-0.0530677
9,1.17641,-0.150607
9,0.838039,0.101257
9,-0.948311,0.318118
9,1.02923,0.143428
9,1.1841,0.138445
9,1.08728,0.0295438
9,-1.03926,-0.051776
9,-1.0504,-0.188822
9,-1.23016,0.187818
9,-0.794664,0.275307
9,-0.808665,0.177901
9,0.799317,-0.0789372
9,-1.1194,-0.169951
9,1.29932,-0.344628
9,1.10387,0.00392866
9,-1.30005,0.103221
9,0.916464,0.230255
9,-0.922486,-0.104187
9,1.19325,0.0529635
9,1.0499,-0.08022
9,1.08366,-0.134941
9,0.927539,-0.106465
9,1.21863,0.251586
9,0.92543,0.184122
9,-0.642072,0.150239
9,-0.846654,-0.250449
9,-0.762082,0.0629986
9,1.12841,0.284685
9,0.806712,-0.0909129
9,1.16602,0.153753
9,1.19124,-0.249504
9,0.805059,0.253245
9,-0.780008,0.22974
9,0.850374,0.0784346
9,1.29837,-0.224329
9,-0.888131,-0.0067321
9,-1.17592,-0.145934
9,-0.914087,0.0807968
9,-0.989897,0.223418
9,-1.25352,-0.273662
9,1.07572,0.282063
9,-1.30686,-0.288922
9,0.713722,0.0236807
9,-0.788606,-0.270751
9,0.968548,0.0260685
9,0.829795,0.169863
9,0.901586,0.276357
9,-0.77344,0.0237031
9,-0.821978,-0.342982
9,-0.750568,0.179649
9,0.996893,-0.219287
9,1.252,-0.269006
9,-0.798944,-0.0284932
9,0.715117,-0.363875
9,0.707263,0.158765
9,-1.23861,-0.338669
9,-0.877031,-0.235224
9,-1.11515,-0.195919
9,1.1546,-0.0254053
9,0.854137,-0.218099
9,1.06373,0.265062
9,1.22483,-0.0315449
9,1.19611,0.153441
9,0.979431,0.249235
9,1.22622,-0.209171
9,0.819271,0.00551343
9,-1.02809,-0.100999
9,-0.814144,-0.0439912
9,0.78637,-0.170036
9,-0.774161,0.286644
9,0.888783,-0.169679
9,1.19099,-0.0931744
9,-0.933646,-0.234894
9,-1.20637,0.264317
9,1.06637,0.118589
9,-0.866754,0.220897
9,-1.00142,0.273394
9,-0.928129,0.185972
9,-0.776034,-0.0828945
9,0.900627,0.283949
9,-1.03883,0.206513
9,-1.11754,0.217032
9,-1.08128,0.160967
9,-1.15204,0.286399
9,-0.831299,0.0672583
9,1.03986,-0.0762938
9,-0.802804,-0.114348
9,-0.704532,-0.261454
9,-0.829809,-0.0679259
9,-1.05794,0.082947
9,1.32131,0.109398
9,1.30176,0.280593
9,0.868094,0.0988424
9,0.933067,-0.0710297
9,1.08797,0.273576
9,1.16578,0.111133
9,0.753241,-0.219416
9,-1.27511,-0.160647
9,-1.02315,0.196324
9,-0.72005,-0.0799196
9,0.980511,0.0207364
9,1.19958,-0.295783
9,-0.988294,0.0585944
9,1.2765,-0.365825
9,1.25679,-0.297307
9,-1.1541,-0.131544
9,1.02687,-0.28499
9,-1.08076,-0.168281
9,-1.19009,-0.124922
9,1.12233,0.1526
9,-1.12492,0.148363
9,1.00684,-0.114604
9,-1.25904,-0.300496
9,-1.0964,0.275624
9,-1.15956,0.187341
9,1.03242,-0.265237
9,-0.970771,0.0390436
9,-0.878461,0.0653407
9,0.80503,-0.253645
9,-1.08314,-0.147454
9,0.971056,0.010078
9,-0.959199,-0.0902999
9,-0.773567,-0.11468
9,-0.884745,-0.0235765
9,-1.08958,0.378892
9,1.24497,0.217385
9,-1.17286,-0.0790536
9,-0.925177,0.14434
9,-0.850347,0.111849
9,1.24315,0.165774
9,1.20796,-0.0842128
9,-0.771625,0.276474
9,0.898544,-0.243734
9,-0.857022,-0.0727545
9,-0.952866,-0.0905549
9,-1.09561,-0.027773
9,0.909538,0.13981
9,0.737858,0.148083
9,0.954869,-0.246143
9,1.08163,0.0990917
9,-0.779775,-0.0894735
9,-0.873569,0.105454
9,-0.888146,0.22205
9,-1.17732,0.248305
9,1.17353,-0.252898
9,-1.15313,-0.129803
9,-1.10294,-0.210131
9,1.01518,-0.294667
9,0.938615,-0.0682795
9,0.942887,-0.28914
9,-1.04269,0.182927
9,-0.737872,0.105378
9,-0.969306,0.225898
9,0.734157,0.18614
9,-1.0738,0.0784029
9,-1.27191,0.180308
9,1.11785,-0.26863
9,-1.18935,-0.149655
9,1.00827,-0.112619
9,0.834957,-0.21059
9,1.16155,-0.106966
9,1.1818,-0.155015
9,-0.905977,-0.157767
9,-0.795276,-0.153957
9,-0.709304,0.0619815
9,-0.887519,0.0498285
9,1.12748,-0.0794007
9,-1.15168,-0.0246622
9,0.948967,-0.272518
9,0.960348,0.0907246
9,-1.10318,-0.0109249
9,-1.03181,0.0168693
9,-1.12518,0.216712
9,0.732417,0.319736
10,0.836464,0.18776
10,-1.09531,0.0474448
10,1.1141,0.0347765
10,-1.08656,-0.00906733
10,0.82612,0.0816155
10,-1.15344,-0.0761084
10,0.885183,-0.0454505
10,-1.09447,-0.064158
10,1.17215,0.0676441
10,-1.0535,-0.0732387
10,0.797125,0.00381006
10,1.17792,0.112473
10,-1.00238,0.0587797
10,-0.80428,0.0853542
10,1.13579,-0.106858
10,-0.957439,-0.0903792
10,-1.11446,-0.0138604
10,-1.13186,-0.187461
10,1.10731,0.127697
10,1.09704,-0.105327
10,0.88672,-0.247411
10,1.20005,-0.0765858
10,1.15852,-0.105451
10,-1.0893,-0.149418
10,-1.04926,0.0450027
10,1.18874,-0.231775
10,-0.785565,0.23196
10,-1.01604,0.0777528
10,1.30396,-0.0927952
10,1.09097,-0.132813
10,0.880295,-0.0234832
10,0.834884,0.01535
10,-0.831245,0.0170545
10,-0.875026,-0.166931
10,1.06918,0.193312
10,-1.08581,0.00948069
10,1.14922,-0.0161336
10,-1.0914,-0.14504
10,0.829936,0.0549532
10,-0.989975,-0.0511882
10,0.913726,0.129228
10,1.03892,0.159258
10,0.878866,-0.0185257
10,-1.00623,0.0586853
10,0.902914,0.249748
10,1.1275,-0.129176
10,1.07578,0.0530441
10,-0.936562,-0.270002
10,0.96512,-0.043306
10,-0.81466,0.0771164
10,-0.90486,-0.0532963
10,-0.839918,0.00136132
10,-0.972758,-0.12197
10,-1.20161,-0.158593
10,1.23737,0.232586
10,0.838712,0.0673641
10,-1.15232,0.0749535
10,0.895024,-0.0570132
10,0.811858,0.209475
10,-1.01258,0.248426
10,-0.780972,-0.0820885
10,-0.892745,-0.131052
10,1.11017,0.244564
10,-0.822596,-0.0721112
10,1.23928,0.213215
10,0.930132,-0.184261
10,-0.74861,-0.145311
10,1.09048,-0.115326
10,0.963616,-0.113779
10,-1.03591,0.132887
10,0.956407,-0.203139
10,-1.01466,0.16902
10,0.97569,-0.240089
10,0.855992,-0.120392
10,1.00214,0.0673856
10,1.08355,-0.0610557
10,0.764256,-0.0619063
10,-1.15009,0.157796
10,-1.12057,0.152672
10,-0.747152,0.160198
10,1.04544,-0.0536671
10,-1.03752,0.0910117
10,-1.07322,-0.0641482
10,0.880564,-0.128204
10,-1.0625,0.0354815
10,-0.86581,0.0175512
10,0.863525,-0.0461617
10,-0.826532,-0.0122892
10,0.943159,-0.138907
10,0.954038,0.154752
10,1.03813,-0.0897635
10,0.888566,0.118383
10,-1.17833,-0.0720522
10,-1.13444,0.00305846
10,1.15001,-0.0175001
10,0.819153,0.0185186
10,0.785187,0.148156
10,-1.23194,0.213434
10,-1.0352,0.0941653
10,0.988081,0.163138
10,0.936117,0.0908777
10,-1.0306,0.19042
10,-1.00996,0.034638
10,-1.21208,0.115429
10,-0.886305,-0.0315841
10,1.11024,0.0047934
10,1.12264,-0.0571432
10,-1.03665,-0.00575994
10,-1.10451,0.0523157
10,1.07496,-0.0582746
10,0.749412,-0.0316504
10,-0.923951,0.00797002
10,0.7963,-0.122782
10,-0.835666,0.163304
10,0.975652,0.180527
10,0.99837,-0.0913955
10,0.913021,0.230126
10,0.916459,0.000829575
10,1.0352,0.269808
10,-1.18648,-0.0219255
10,0.835405,-0.0741115
10,-0.94672,-0.163932
10,-0.847982,0.0304278
10,0.737165,-0.156123
10,-1.0706,-0.135764
10,1.0297,-0.0605535
10,-1.11804,-0.00193776
10,-1.13904,0.153874
10,-1.2416,-0.0811281
10,-1.11897,-0.22393
10,-1.15175,-0.0199565
10,-1.18131,0.225679
10,0.821106,-0.183877
10,1.05005,0.208829
10,1.19201,0.201069
10,0.857029,0.0475102
10,1.17505,0.155234
10,1.03741,-0.1491
10,-1.03098,-0.155463
10,-1.00308,0.175456
10,-0.983213,0.0282366
10,0.985506,-0.103691
10,1.16953,-0.130873
10,-0.80139,-0.119575
10,-0.824794,-0.0299709
10,-1.10134,-0.0473143
10,0.829279,0.105941
10,0.855422,-0.0481234
10,1.15838,0.018634
10,0.848804,-0.218844
10,-0.929558,-0.170783
10,-0.940798,-0.101695
10,-1.00295,-0.0395198
10,1.07656,-0.176678
10,-1.11648,-0.231035
10,-1.16767,-0.116263
10,1.11706,-0.0779199
10,-0.949928,-0.0411615
10,1.11986,0.163897
10,-1.01092,-0.17724
10,-1.13641,0.222689
10,-0.972509,0.00348672
10,1.02336,-0.0736866
10,-1.03751,-0.0923964
10,-0.955817,0.14284
10,-0.872671,-0.0255981
10,-0.908635,0.0113873
10,-0.826026,-0.0280403
10,1.11846,-0.0623344
10,1.12487,0.0329515
10,-0.755366,-0.127981
10,-0.883321,0.200711
10,1.0656,0.0868352
10,1.17009,0.140049
10,-1.11772,-0.0848117
10,0.799741,0.0740683
10,1.05096,-0.187513
10,-0.890282,0.144334
10,0.878031,-0.282214
10,-1.15721,0.00465569
10,-0.797365,-0.250553
10,0.891233,-0.00352997
10,-0.812128,-0.0553521
10,0.836142,-0.0295032
10,-1.14081,0.235144
10,-1.18024,-0.213429
10,-0.906792,-0.0572145
10,0.915414,0.0822637
10,-1.11334,0.0304053
10,-1.27119,-0.106586
10,1.10952,-0.0778823
10,-1.07075,-0.0973272
10,1.08459,0.0609865
10,-1.16972,-0.0193696
10,0.897371,0.0645632
10,-0.796999,0.132856
10,1.18824,0.160774
10,-1.19074,0.0889491
10,1.0416,0.264636
10,-0.9209,-0.169997
10,0.908626,-0.175181
10,-1.15954,-0.152411
10,1.16727,-0.0555763
10,0.988622,-0.187111
10,1.23682,0.108549
10,1.06319,-0.00916966
10,1.21746,-0.108419
10,0.905886,-0.00709625
10,-1.24987,-0.0506428
10,-0.794546,0.0164902
10,0.876111,-0.130046
10,-1.10189,0.177015
10,1.17962,-0.0918787
10,1.04335,0.111877
10,-0.882748,0.115518
10,-0.793542,-0.0421828
10,0.880924,0.251024
10,1.18484,0.0437509
10,-0.967026,0.124016
10,-1.06867,-0.161209
10,0.77107,-0.140481
10,0.816317,0.176698
10,-1.01029,0.0677662
10,-0.991043,0.083878
10,1.1064,-0.0717881
10,0.836191,-0.176618
10,-1.19873,0.0984121
10,0.946808,0.0487134
10,1.23223,0.0281154
10,0.964727,-0.115869
10,0.846142,0.103476
10,-1.10291,-0.17897
10,-1.14001,0.0336891
10,-1.15583,-0.0239696
10,1.16858,0.0137567
10,-1.16815,-0.011905
10,1.06813,0.179791
10,0.962541,-0.175525
10,-0.972961,0.0349
10,0.970065,-0.0678338
10,-1.2377,0.0404346
10,0.865483,0.108356
10,-0.941577,-0.149306
10,-0.899654,-0.00355994
10,-1.04451,-0.0778901
10,-0.89475,0.169585
10,-1.11143,0.146672
10,0.906869,-0.00809444
10,-0.975652,-0.188841
10,1.26507,-0.128192
10,-0.786021,0.172495
10,-1.15854,-0.110068
10,-0.92683,0.135721
10,-1.12996,-0.194426
10,0.776603,-0.17402
10,-0.949302,-0.0140793
10,-0.904453,0.0674559
10,-0.7774,-0.209001
10,0.858333,-0.159539
10,-1.23121,-0.204372
10,-1.1115,0.0661446
10,-0.797306,-0.191948
10,0.768622,-0.156468
10,0.772853,0.0327465
10,1.06807,-0.155286
10,-0.987942,0.161548
10,0.918447,-0.252895
10,1.20499,-0.15504
10,1.2475,-0.0306987
10,0.813818,0.18862
10,0.83373,-0.210404
10,1.00966,-0.127174
10,-1.1546,-0.0615763
10,-0.821255,-0.155437
10,1.06768,-0.148133
10,0.97115,-0.0771576
10,-0.88072,0.122094
10,-1.07739,0.0910561
10,1.09255,-0.0335359
10,0.999366,0.0258342
10,1.04569,0.167153
10,-0.942429,0.0536343
10,0.792782,-0.108312
10,-1.1106,0.180489
10,-0.843359,-0.107473
10,-1.16584,-0.0328964
10,-1.05133,0.173353
10,1.01748,-0.172851
10,1.0634,0.0615633
10,0.888357,-0.133434
10,0.874111,0.0409438
10,-1.22418,-0.104915
10,-0.86759,-0.215871
10,0.958353,0.0961278
10,1.13732,-0.131847
10,1.24143,-0.111858
10,-0.879446,0.0241647
10,0.793081,-0.255303
10,-0.819153,0.0967123
10,0.915011,-0.172889
10,1.06935,-0.0280823
10,-0.910222,0.0920268
10,-1.06763,0.27009
10,-1.12004,-0.0492814
10,0.980262,-0.0273968
10,1.10893,-0.147907
10,-0.884623,-0.211986
10,0.804606,-0.116766
10,-1.04952,0.0539932
10,0.906654,-0.156004
10,0.868449,0.121742
10,1.0427,-0.148393
10,1.03096,0.00546788
10,0.993986,0.25829
10,0.81841,0.157134
10,-1.01666,0.204854
10,0.87842,-0.160843
10,-0.877086,-0.182879
10,-0.818358,-0.0435801
10,1.15488,0.114139
10,1.12557,0.0369555
10,0.950474,-0.0893202
10,-0.926599,-0.201584
10,0.9438,-0.0909709
10,1.00274,-0.103537
10,-0.846969,-0.188558
10,-1.21059,0.0166432
10,1.1584,0.11327
10,-0.975873,0.0145737
10,-1.17292,-0.130057
10,-0.778481,-0.0449371
10,-1.16927,0.119168
10,-0.934308,-0.0229266
10,1.04931,0.000715392
10,1.09647,0.156423
10,0.868668,0.209042
10,1.25473,-0.205246
10,-0.960468,0.0944174
10,0.797667,0.166728
10,-1.16238,0.0965068
10,-0.894375,-0.0279753
10,-0.888207,-0.106633
10,-0.856629,-0.0512246
10,0.86819,0.10776
10,1.14722,0.0768842
10,1.13034,0.0574256
10,-0.894695,-0.273968
10,-1.2102,0.0847371
10,-1.21253,-0.00976215
10,-0.816095,-0.148236
10,1.10507,-0.155094
10,-1.12542,-0.103428
10,-1.27153,-0.133299
10,-1.0742,0.0369854
10,0.865686,-0.203565
10,1.06514,-0.0871557
10,0.844926,0.0921711
10,-1.037,-0.21566
10,-1.18517,0.00458038
10,-1.01726,-0.189172
10,-0.854436,0.192134
10,0.77042,-0.157597
10,-1.0669,-0.221719
10,1.25044,0.116244
10,1.24758,-0.130127
10,-1.01974,0.0988931
10,1.01924,-0.158362
10,1.05483,-0.205423
10,-0.792209,-0.152392
10,-1.20402,-0.159019
10,-1.10736,-0.0141583
10,0.785588,0.235353
10,-1.11033,0.161249
10,1.12637,0.112511
10,0.828944,-0.126488
10,0.828702,-0.1831
10,-1.15581,0.00638951
10,-0.898507,0.10155
10,0.805121,-0.118467
10,-0.981336,0.0779914
10,-0.815454,-0.18313
10,0.849827,-0.0893532
10,1.1787,0.111064
10,-1.16993,-0.0168674
10,-0.968064,-0.220595
10,-1.11946,-0.179593
10,1.00571,0.185849
10,-1.11509,0.201367
10,0.798104,-0.258465
10,0.96916,-0.0578432
10,-0.944023,0.0925666
10,-1.06967,-0.170583
10,-0.908198,0.0113354
10,0.981401,-0.0648773
10,0.906251,0.246344
10,-0.765599,0.0916868
10,1.09209,-0.154565
10,-1.13334,0.114138
10,-1.04654,0.149532
10,0.935998,-0.00929535
10,-1.08062,-0.221202
10,0.924159,0.0825199
10,-0.754362,-0.170809
10,-1.03191,0.0435124
10,1.03399,-0.110942
10,-1.14346,0.026032
10,0.763129,0.0244259
10,0.823237,-0.165673
10,-1.18114,0.110216
10,-0.912961,-0.00998477
10,0.778355,0.0597058
10,-0.81516,-0.0978689
10,-1.16405,0.17014
10,1.14416,-0.242922
10,1.20782,-0.138981
10,-0.877936,0.240401
10,-1.06604,-0.107638
10,-0.756212,-0.134873
10,-0.84308,0.162941
10,-0.880365,-0.00915587
10,1.24163,-0.105642
10,-0.963921,0.238912
10,-1.12097,-0.166353
10,0.918609,0.0707859
10,-1.25278,0.15508
10,1.12184,-0.175725
10,-0.953293,-0.0339741
10,-0.738271,-0.231278
10,0.834006,0.0309079
10,-0.99113,-0.230293
10,0.850064,0.162203
10,0.97931,-0.265034
10,0.990685,-0.139982
10,-0.828808,0.0446594
10,-0.7584,0.187367
10,1.12686,0.191965
10,1.14614,-0.19418
10,1.14112,-0.0668536
10,0.954667,-0.0704469
10,-1.15451,0.0633577
10,0.854836,0.163905
10,-0.924035,-0.180829
10,-1.05375,-0.152602
10,-1.0368,-0.00727265
10,-0.833043,0.149612
10,0.929861,0.0307913
10,1.03807,-0.0458094
10,-1.24026,-0.213403
10,1.09865,0.030735
10,1.20252,0.241828
10,-0.774015,-0.164326
10,1.22773,-0.198462
10,-1.15966,-0.000673769
10,-0.868586,0.182775
10,1.18029,0.177806
10,1.04574,0.0718061
10,1.18813,0.240276
10,0.866069,0.0278883
10,-1.03246,0.176398
10,1.09939,-0.0659766
10,0.773138,-0.0377936
10,1.1017,0.18935
10,0.837859,-0.169861
10,1.01372,-0.201079
10,-0.885993,0.122571
10,-1.05584,0.193152
10,0.867977,-0.159248
10,0.879374,0.184786
10,-0.821814,-0.217425
10,0.857358,0.0406895
10,-1.17361,-0.0341731
10,-1.05028,-0.00548123
10,-1.15478,-0.172819
10,-0.791433,0.0121777
10,-1.11915,-0.13758
10,-1.00497,-0.0483772
10,-0.956317,-0.196178
10,1.23977,-0.0682427
10,1.10544,-0.26565
10,-1.18492,-0.106213
10,0.789259,-0.221743
10,-1.11973,0.233065
10,1.09784,-0.209019
10,-1.14311,-0.135324
10,-1.17051,-0.0561095
10,1.13224,0.0616504
10,-1.19184,0.0115379
10,0.851509,-0.12604
10,0.894319,-0.0608818
10,1.03353,0.193204
10,-1.00524,0.0552263
10,0.755263,0.0981189
10,-1.14171,0.0944092
10,-1.08351,0.126133
10,-0.964661,-0.17124
10,-0.808945,-0.123739
10,0.829216,-0.198896
10,1.09223,0.0846798
10,0.814701,0.0792162
10,0.895087,0.0485427
10,-1.13866,0.11619
10,1.2342,-0.200818
10,-0.797855,0.0544104
10,0.818837,0.11507
10,0.974497,-0.0319969
10,-0.945418,0.0099114
10,-1.10648,0.142541
10,-1.23832,0.0728571
10,-1.1879,0.203523
10,-0.9206,-0.0108621
10,-0.805592,-0.112884
10,1.20028,-0.204172
10,-1.24223,-0.211019
10,-0.981279,-0.172461
10,1.0906,0.0211447
10,-1.11047,-0.179858
10,1.06229,0.136791
10,-1.32968,0.0334039
10,-0.85316,-0.206301
10,-0.963983,-0.0669826
10,0.834847,-0.219766
10,1.01617,0.00276372
10,-1.10413,0.154619
10,-0.981824,0.0785852
10,0.910048,-0.115414
10,-0.825542,0.0563219
10,0.90489,0.280652
10,-1.06574,0.174773
10,0.892264,0.0326501
10,-1.00045,0.18094
10,-0.779263,0.204835
10,-1.02853,-0.11555
10,1.13617,-0.0955778
10,-1.07077,-0.130959
10,-1.13277,0.0710164
10,0.873935,-0.134672
10,-0.810526,-0.228956
10,-1.22533,-0.081297
10,0.87545,-0.0472363
10,1.18557,0.102103
10,0.899016,-0.0825213
10,0.730782,0.144272
10,-1.02449,-0.196342
10,1.06228,0.0911357
10,1.18355,-0.165578
10,1.10368,0.176364
10,-1.15497,-0.0893682
10,-0.889674,0.287876
10,1.00145,-0.163819
10,-1.08109,-0.14611
10,-1.046,0.0590492
10,1.07652,0.122199
10,-0.838077,0.130743
10,1.0969,-0.162628
10,1.10227,0.186167
10,1.12564,0.203439
10,-0.753269,-0.0365675
10,0.996638,0.130927
10,-0.752781,-0.181497
10,-1.0405,-0.134299
10,0.918497,-0.0583532
10,0.834046,-0.0703242
10,-0.886195,-0.185908
10,0.961453,-0.0671708
10,1.1854,0.117452
10,0.925455,-0.137063
10,1.04683,-0.0640512
10,-0.910016,0.0560187
10,-0.967811,-0.176345
10,-0.84805,0.104032
10,0.996675,-0.12296
10,-1.01041,-0.0635809
10,1.12855,0.0396323
10,0.983984,0.192708
10,-1.01234,0.115888
10,-1.06338,-0.00671175
10,1.01974,0.0631295
10,1.18151,-0.105463
10,-0.943999,0.202849
10,0.926461,-0.0979969
10,-1.19084,-0.127007
10,1.13409,0.0394819
10,-0.891304,0.122084
10,1.25242,-0.182446
10,1.13479,0.02258
10,-1.08779,-0.183987
10,0.772324,0.121473
10,-1.13209,0.250913
10,-1.24819,0.0951323
10,-1.06963,0.112001
10,-0.981446,-0.0859741
10,-0.812961,-0.127923
10,1.14986,-0.168103
10,0.86789,-0.0950226
10,-0.909406,-0.196179
10,-1.08949,-0.00334394
10,1.20581,-0.21775
10,-0.827294,0.0333781
10,-1.1001,0.142466
10,-0.831944,-0.0227871
10,1.24401,0.0401829
10,-1.1601,0.180718
10,-1.05044,-0.187394
10,-1.13281,0.148369
10,-1.20638,-0.00382607
10,0.996456,-0.144081
10,1.05236,0.0251759
10,-0.741578,0.121601
10,-1.12552,0.118168
10,-1.08743,0.227545
10,-0.993977,-0.149785
10,1.08437,-0.0366797
10,-1.10246,-0.222527
10,-1.14896,0.109281
10,1.09639,-0.218155
10,1.15985,0.0377638
10,0.890797,0.0935511
10,-1.15428,0.0189815
10,-0.9206,0.0778825
10,-0.792724,-0.21008
10,0.811643,0.0428571
10,-1.24339,-0.289843
10,0.83311,0.154719
10,-0.819368,0.0639761
10,-1.15441,0.103501
10,0.78006,-0.158626
10,1.21697,-0.22016
10,0.945746,0.184265
10,0.853262,-0.00165031
10,1.17552,0.0138005
10,-0.848547,0.150186
10,-1.1457,-0.230331
10,-1.14409,-0.0409659
10,0.961646,-0.0495069
10,0.826191,-0.012301
10,1.17656,-0.115839
10,-0.763004,-0.0368681
10,-0.890545,-0.168534
10,1.10754,-0.0390082
10,0.916863,0.235607
10,0.926971,0.208874
10,1.05191,-0.104195
10,0.889494,-0.0416445
10,-0.865479,-0.0818513
10,1.09036,0.172433
10,1.13212,-0.189351
10,-1.13394,-0.0627782
10,-0.92359,-0.159116
10,-0.916632,0.210775
10,0.863362,0.0949782
10,0.985075,-0.076888
10,-1.12354,-0.0659716
10,-1.16569,0.0409828
10,0.868443,-0.101186
10,0.949445,0.0935539
10,-0.860413,0.1266
10,-1.15512,-0.0633416
10,-1.1375,-0.221885
10,-0.86423,0.259717
10,-0.999136,-0.121137
10,-1.24895,-0.193445
10,-1.187,0.234621
10,-1.10059,0.133829
10,-0.988409,-0.229325
10,-1.0528,-0.113732
10,-1.10927,0.0153565
10,1.02063,-0.122354
10,-1.03305,-0.132988
10,0.867036,0.2121
10,0.983307,0.0878001
10,-1.1545,-0.202015
10,0.946304,0.0975901
10,-0.844381,0.1413
10,-0.971572,0.227767
10,1.02615,0.143321
10,-1.06514,0.0547313
10,0.900788,0.116673
10,-1.04003,0.0291414
10,-1.08417,0.165904
10,0.81345,0.0870608
10,-0.949129,-0.0933506
10,-1.24965,0.0837036
10,-0.892246,-0.0761978
10,0.86708,0.00884455
10,1.12395,0.145251
10,-0.974542,0.084517
10,-0.851596,-0.125196
10,-1.16306,0.048726
10,1.19206,0.132784
10,1.18649,0.0804917
10,0.786261,0.0850974
10,-1.1489,-0.123388
10,1.00963,0.147418
10,-0.986491,0.117936
10,1.196,0.104339
10,1.06251,-0.0605481
10,-0.978611,-0.0826627
10,0.95888,-0.207751
10,-0.853032,0.177129
10,-1.10625,-0.1396
10,-0.929236,0.21083
10,-0.890933,-0.148125
10,-0.818622,-0.0963737
10,1.01895,-0.0120084
10,1.07573,-0.0618357
10,-0.772453,0.0922405
10,-0.828956,-0.124733
10,-1.10469,-0.155817
10,-0.894015,-0.207048
10,-1.20499,-0.175267
10,-1.09464,0.0849156
10,0.820662,0.0181739
10,1.02862,-0.058017
10,-1.1271,0.0889985
10,1.10349,-0.00352004
10,-0.980036,0.088509
10,-0.763598,-0.0236752
10,1.19119,-0.0742556
10,-0.993863,-0.00140199
10,-0.966744,0.131038
10,1.22612,-0.00672165
10,-1.20059,-0.156417
10,0.795014,-0.144948
10,1.18862,0.119074
10,1.19009,0.129605
10,1.00212,0.000345175
10,1.16526,0.271535
10,-1.05629,-0.188762
10,-1.21441,0.123004
10,-1.0717,-0.0872938
10,0.78578,-0.167804
10,0.763278,-0.0965428
10,0.761113,-0.0777099
10,-0.975781,0.203602
10,0.986298,0.0172358
10,0.806674,0.0202947
10,0.880091,0.145408
10,-1.0132,0.0375738
10,0.915075,-0.0426608
10,-0.993169,0.0100041
10,0.879367,0.14729
10,1.08165,0.0820167
10,-0.798092,0.0787099
10,-1.21135,-0.281754
10,-0.771301,0.0115235
10,1.16921,0.252957
10,-1.19981,-0.0592888
10,-0.827765,-0.145886
10,-0.94814,0.124418
10,-1.21847,0.14566
10,-0.990783,-0.199726
10,0.991763,-0.0579532
10,-0.98268,0.0732957
10,1.1336,-0.0676736
10,1.14708,-0.0717575
10,1.21508,-0.0416359
10,-1.02224,-0.164405
10,-0.843273,-0.0431851
10,0.987256,-0.086382
10,-0.903514,0.0166953
10,-0.911287,-0.220601
10,0.847743,-0.00226077
10,0.884716,0.0478072
10,-1.15017,-0.186598
10,-0.847441,-0.164352
10,-1.11696,-0.111078
10,1.10379,-0.208712
10,-1.19222,-0.0846658
10,0.931115,-0.0708737
10,1.0153,0.179121
10,-0.9185,0.18153
10,0.921355,0.161133
10,-1.10617,-0.0613624
10,0.938988,-0.174557
10,1.02724,0.077217
10,0.891241,-0.168411
10,1.20095,0.16327
10,-1.13263,0.0432486
10,-1.00251,-0.0714811
10,1.12115,0.127684
10,0.931594,-0.0411018
10,0.734329,0.113639
10,-1.16126,-0.111047
10,-1.25421,-0.170867
10,-1.06224,-0.0525784
10,0.874852,-0.215502
10,-1.19429,-0.00375081
10,-1.02614,0.144196
10,1.227,-0.0231215
10,1.16652,0.188415
10,-0.872055,-0.0302593
10,1.08849,-0.14508
10,0.779687,-0.151823
10,-0.782308,-0.247122
10,1.14546,0.0439256
10,-1.142,0.200547
10,-0.813899,0.251146
10,1.24348,0.10122
10,0.881716,0.256825
10,-0.933898,-0.317062
10,-0.803615,0.10996
10,0.956321,-0.158769
10,0.885492,0.118369
10,1.01891,-0.142096
10,1.16859,0.0997509
10,1.06183,-0.086897
10,1.1208,0.244363
10,-0.887216,-0.135351
10,1.18043,0.0212451
10,1.01303,-0.221551
10,-1.16411,-0.231357
10,-0.932948,-0.222884
10,-0.960529,0.11262
10,1.00015,-0.101137
10,-0.819903,0.138811
10,-1.03194,-0.0935732
10,-1.25443,0.0113983
10,0.881714,-0.0962212
10,1.12941,0.0768006
10,-1.1253,-0.0118367
10,1.19409,-0.0961385
10,-0.760385,-0.0631729
10,-1.04889,-0.158124
10,-0.86354,-0.102381
10,-1.12953,-0.0115053
10,-1.10922,-0.175491
10,0.79885,0.104861
10,-1.00193,0.0738348
10,1.1595,-0.223083
10,-1.01149,-0.00443394
10,1.18014,0.0898814
10,0.997484,0.195814
10,-1.20767,-0.115338
10,0.79577,0.0663635
10,0.858819,-0.157235
10,0.79385,-0.200502
10,0.89204,-0.0578113
10,1.06515,-0.0260382
10,0.986267,-0.223341
10,0.848581,0.0275919
10,-1.08151,-0.0232919
10,-1.10635,0.231846
10,0.754778,-0.182028
10,0.798466,-0.0394076
10,1.12499,0.0600585
10,-1.2186,-0.158628
10,-0.971113,0.108504
10,1.12582,-0.0607446
10,-0.884411,0.225207
10,0.991995,-0.0676885
10,-1.21132,-0.229777
10,-0.947961,0.0656176
10,1.09523,-0.169707
10,-1.24739,-0.11813
10,0.881365,-0.207448
10,-0.838377,0.167861
10,1.12449,0.0716417
10,0.794579,0.1703
10,-0.795751,-0.0588936
10,1.17367,-0.199374
10,0.80906,-0.224679
10,-1.05569,-0.130421
10,-0.899873,-0.135333
10,-1.03849,0.116393
10,-1.10575,0.10925
10,-0.802667,0.107601
10,0.953409,-0.252483
10,0.814785,-0.050717
10,-1.209,-0.235176
10,-1.05385,0.0299294
10,0.930674,-0.245397
10,1.20719,0.0992239
10,0.741241,0.123387
10,-0.676218,0.188724
10,1.0564,0.0306459
10,0.768258,-0.085005
10,1.06507,0.14283
10,0.860811,-0.162917
10,-0.862034,-0.108551
10,0.970435,0.223994
10,-1.07881,0.0497058
10,0.825541,0.0266746
10,-1.04839,-0.0967302
10,-0.859747,-0.0299593
10,-0.922564,-0.138942
10,-0.844881,0.00572482
10,1.0588,-0.0419278
10,1.18602,0.218536
10,1.14499,0.204594
10,-0.82889,-0.0550849
10,-1.12274,0.0611923
10,-0.943702,0.0871689
10,1.01768,-0.000917103
10,-1.18386,0.0298794
10,-0.963245,0.197252
10,-0.855386,0.0918105
10,-0.85747,0.0331656
10,-1.03846,0.018915
10,1.22786,0.0663509
10,0.922211,-0.0612842
10,-1.17765,0.0852493
10,1.10917,0.169811
10,0.780562,-0.181549
10,1.15696,0.113072
10,-1.10081,-0.197465
10,-0.815272,0.180338
10,-1.06547,0.226475
10,0.846194,0.216536
10,-1.12061,0.178663
10,-0.875642,-0.158406
10,-1.10416,0.02372
10,1.25122,0.196438
10,-0.889818,-0.230101
10,1.03796,0.0857503
10,-0.841785,0.059851
10,-1.00758,-0.165279
10,-0.763224,0.0104078
10,-0.811585,0.023421
10,-0.92594,-0.17397
10,1.26756,0.0767402
10,0.819679,-0.0164497
10,-0.91649,0.107337
10,-1.03796,-0.272301
10,-0.749483,-0.198892
10,1.27841,-0.0820939
10,0.848904,0.220642
10,0.839098,-0.159382
10,-0.914862,-0.140854
10,-1.08984,-0.164014
10,0.969465,-0.00216368
10,-1.17255,0.171948
10,-1.04811,0.1846
10,1.22931,-0.102602
10,0.970693,0.0610476
10,0.876327,-0.146904
10,-0.987636,-0.0212509
10,1.14368,0.116856
10,-1.13831,0.0545339
10,-0.78001,0.0117928
10,-0.821203,0.192077
10,-1.23759,0.135293
10,-0.908081,-0.196339
10,0.848884,-0.0563114
10,-1.04107,-0.138492
10,-0.860142,0.179219
10,-1.03977,0.150912
10,-1.19074,-0.071581
10,0.770889,-0.18663
10,-0.869439,-0.0677244
10,0.917716,-0.105191
10,0.863627,-0.176102
10,0.943038,0.168573
10,-0.992884,-0.00798727
10,-0.959763,0.206869
10,0.81122,-0.130823
10,-1.09097,-0.124375
10,1.14858,-0.0381453
10,0.911783,-0.126327
10,-1.01123,-0.0851885
10,1.1539,0.122205
10,-1.10857,-0.0939301
10,0.710987,-0.187091
10,-0.827952,-0.0781216
10,-1.0711,0.166285
10,-1.06409,0.199784
10,0.910257,0.163607
10,1.1585,-0.191161
10,0.935902,0.0276387
10,-1.11688,0.016169
10,-0.885468,0.136071
10,-1.03682,-0.0719418
10,0.951909,-0.0330747
10,-1.11762,0.199477
10,-0.898916,0.168873
10,-1.01164,0.223124
10,-1.18343,-0.183315
10,-0.84466,0.00679945
10,0.959124,0.161308
10,0.940045,-0.0285792
10,1.15191,0.122264
10,-1.1978,-0.0188746
10,-1.0434,0.17029
10,-1.06148,0.13096
10,0.969834,0.17887
10,1.08032,0.150439
10,0.852292,0.000879984
10,-0.833484,0.0745424
10,1.216,0.197017
10,-0.956026,-0.183317
10,0.954999,0.10376
10,1.0133,0.0893301
10,1.12496,-0.148487
10,-0.832142,0.0528869
10,-1.26657,0.118269
10,0.871316,-0.102639
10,0.938992,0.116521
10,0.821218,0.0860694
10,1.07705,-0.303346
10,1.07995,0.166833
10,-1.20225,0.274397
10,-1.07095,0.0860555
10,-0.96289,0.0185752
10,0.906088,0.106592
10,0.821196,-0.0111075
10,1.01508,-0.161956
10,1.03355,-0.00971167
10,-1.09413,-0.0477479
10,1.18378,-0.0379859
10,1.24283,0.186554
10,1.08162,0.159901
10,-1.11661,0.177131
10,1.05217,-0.165221
10,-1.16855,-0.121284
10,-0.931739,0.0631915
10,-0.941393,0.0131969
10,-0.897327,0.0303635
10,-0.878339,-0.249263
10,0.890347,-0.181883
10,-0.971892,0.136476
10,-1.04262,-0.0820123
10,-1.22823,0.0444283
10,0.766108,-0.178652
10,-0.802568,-0.149703
10,-1.18662,-0.0536631
10,-0.825963,-0.125069
10,0.8551,0.0539869
10,0.981642,-0.072233
10,1.04462,-0.199533
10,-0.912565,0.114358
10,-1.23865,0.151692
10,-0.868725,0.0242941
10,-1.22377,-0.123512
10,-0.765591,0.111079
10,-1.20573,0.266096
10,0.894001,0.192189
10,0.95948,0.0779604
10,-1.10536,0.114206
10,0.815888,-0.0680236
10,-0.792736,-0.00944129
10,-0.78562,-0.137431
10,1.10187,-0.101912
10,1.1514,-0.197818
10,-1.13666,0.11806
10,1.17591,-0.0119641
10,0.732455,0.171016
10,-0.826397,0.111437
10,1.02936,-0.141499
10,0.971871,-0.101394
10,0.834145,-0.127152
10,1.19355,-0.177428
10,-0.856451,0.0726126
10,-0.956899,-0.252409
10,-1.11525,-0.0118903
10,0.77982,0.115035
10,0.953717,-0.0701335
10,-1.04197,-0.151773
10,0.913067,-0.0396099
10,-1.03203,0.0890352
10,-1.05336,-0.253803
10,-0.812668,-0.203338
10,0.898648,-0.0905384
10,-1.26808,-0.0402518
10,-1.05439,-0.0634886
10,0.824353,0.165033
10,1.03825,-0.237387
10,0.821033,0.224005
10,-0.842315,0.0169586
10,0.881184,0.184109
10,-0.992567,-0.00962038
10,-1.06431,0.0521746
10,1.02496,-0.076401
10,-1.21919,0.110424
10,-1.16094,0.284159
10,1.14061,0.0462003
10,0.94941,-0.0211847
10,0.763202,-0.0703749
10,0.897137,-0.00431395
10,1.09866,0.2051
10,0.832303,0.20298
10,-1.12151,0.158569
10,-1.06473,-0.12517
10,-1.07794,-0.0474484
10,-1.08858,0.262114
10,1.13238,0.119123
10,0.907393,0.0328458
10,1.07996,0.0916583
10,-0.839133,-0.144763
10,-1.17067,0.083775
10,-0.962398,-0.0645292
10,-0.947804,-0.128148
10,0.932738,-0.0316889
10,0.798209,0.237652
10,-1.10777,-0.12304
10,-0.932075,0.157559
10,0.919501,-0.0465059
10,0.873941,0.154083
10,-1.14569,0.0353882
10,1.10534,0.133619
10,-0.993879,0.0912949
10,1.13686,0.204763
10,0.672717,0.222721
10,-0.846567,0.137869
10,0.741808,-0.0205404
10,-0.884528,0.192226
10,0.904485,-0.183475
10,1.21061,0.173975
10,0.866125,-0.208175
10,-0.922228,-0.148014
10,-0.809258,0.128068
10,0.823746,0.139425
10,0.885537,0.0338836
10,-1.05072,-0.240182
10,1.04743,0.0654923
10,0.951554,-0.0187429
10,0.983423,0.21405
10,1.12229,-0.189959
10,-0.891376,-0.191309
10,-0.941527,0.153605
10,-1.17323,-0.146282
10,1.02378,0.138137
10,0.938389,-0.0121587
10,-1.13257,-0.0781893
10,1.25344,0.188668
10,1.00738,-0.0609958
10,0.900797,0.0227387
10,1.25214,0.137319
10,0.955347,-0.184608
10,-0.761191,0.0522324
10,0.873295,0.0699991
10,0.963676,0.215026
10,1.23461,-0.202607
10,-1.17451,0.199186
10,-1.01904,0.0903464
10,-0.873526,0.173929
10,0.880076,-0.137657
10,-1.07762,0.102468
10,1.05085,-0.0945928
10,1.16929,-0.00773944
10,-0.77306,0.0511128
10,-0.798256,-0.0344581
10,-1.04437,-0.143988
10,0.996945,-0.0729161
10,1.01856,0.230129
10,1.16788,-0.0509805
10,1.0555,-0.0323673
10,1.14726,0.225354
10,-1.24911,-0.0516642
10,-0.978959,0.11894
10,0.976004,0.0515058
10,-0.917777,0.00139579
10,0.825059,-0.00995158
10,-1.07916,-0.147595
10,-0.769719,-0.164058
10,-1.13012,-0.155799
10,-0.889838,0.191571
10,-0.828935,0.159754
10,0.784019,0.112308
10,-0.854725,-0.125899
10,0.987312,-0.170534
10,-0.761789,0.058359
10,0.771983,-0.0484329
10,-0.828431,-0.167883
10,-0.77984,0.104228
10,0.90322,-0.0264614
10,-0.921929,0.203575
10,0.756715,-0.173542
10,-0.914529,0.212845
10,-0.978635,-0.113772
10,-0.847136,0.0261067
10,-0.926478,-0.137047
10,1.18682,-0.181875
10,-0.901792,0.17615
10,-0.815968,-0.190763
10,0.924599,0.219791
10,-0.993069,0.0227342
10,-0.985106,0.0725096
10,-1.11738,-0.14706
10,-0.79277,0.0803266
10,0.987269,-0.0566579
10,-1.12967,-0.0909703
10,-1.12344,-0.131113
10,-1.15421,0.133451
10,1.25007,-0.241738
10,0.989264,-0.172807
10,1.03665,0.0665011
10,0.962741,-0.139713
10,-1.13369,0.159049
10,0.798286,0.202907
10,0.897289,-0.00211939
10,-0.789911,0.0414689
10,1.1329,-0.0455277
10,1.1816,0.121788
10,1.07689,-0.0271069
10,0.90996,0.115538
10,-0.887604,-0.233101
10,0.925214,-0.208307
10,-0.840762,0.212996
10,-1.09461,-0.164594
10,0.927939,0.0711967
10,-0.874439,0.0695026
10,0.918175,-0.0311822
10,0.900048,-0.0412187
10,1.06081,-0.0274355
10,0.966866,0.235433
10,-1.14246,-0.00567148
10,-0.824873,0.14641
10,-0.955552,0.00600877
10,0.894259,0.185132
10,-0.935808,-0.0262758
10,0.796013,0.15454
10,-1.13734,-0.22889
10,-1.1248,-0.122393
10,1.14974,0.0422623
10,1.23892,0.101378
10,-0.790037,0.185378
10,1.09978,0.112909
10,0.796252,-0.170758
10,-1.12041,0.249967
10,-1.04247,-0.180865
10,-1.09946,-0.0447932
10,0.847093,0.0650829
10,0.941813,-0.171117
10,0.882873,0.158459
10,-1.04504,0.0900356
10,1.19842,0.0291547
10,1.16484,-0.174923
10,1.18044,0.00806214
10,-0.892505,0.256529
10,0.892785,-0.121054
10,1.09384,-0.165277
10,0.949663,0.0547797
10,1.03082,-0.149027
10,-1.18966,-0.116496
10,-0.7874,-0.200608
10,1.27562,0.224699
10,-1.03073,-0.141536
10,-1.25608,0.213226
10,0.805964,-0.147069
10,1.0898,-0.140584
10,0.933279,0.164184
10,0.960989,0.169653
10,0.918363,-0.0567589
10,1.15903,0.178952
10,0.925056,0.201245
10,0.812261,0.23061
10,-1.2069,0.228946
10,1.09684,0.0075996
10,-1.11055,0.00139589
10,0.902603,0.0122009
10,0.888388,0.221421
10,1.27185,-0.217847
10,-1.11513,-0.0452598
10,-1.19072,0.109639
10,0.777627,0.139198
10,1.22086,0.103104
10,1.05042,0.252137
10,1.13409,0.18577
10,0.969494,-0.222711
10,1.2074,0.156102
10,-0.754724,-0.00412739
10,0.813463,0.150058
10,-1.06673,-0.236588
10,1.23607,0.0131761
10,1.127,0.180766
10,-1.09938,-0.0415687
10,0.892068,0.0790363
10,-0.815143,0.0644252
10,-1.10656,-0.0823546
10,-1.21341,-0.107027
10,-0.737129,-0.189704
10,-1.12494,0.183866
10,0.816597,0.0100936
10,-0.977695,0.0364806
10,1.14027,-0.20744
10,0.86794,-0.191092
10,-0.824718,-0.165584
10,-0.835836,0.0868059
10,-0.874908,-0.192261
10,-1.22929,0.159525
10,1.08678,-0.232114
10,-0.887645,0.124677
10,-1.27716,0.138906
10,-1.13622,0.244749
10,0.878928,0.0503474
10,1.24695,-0.154049
10,1.04557,0.0675685
10,-1.05179,-0.127748
10,-0.986146,0.205946
10,-0.889201,0.0220934
10,1.09315,-0.187903
10,-1.11211,0.0287143
10,-1.00959,0.142862
10,0.915963,0.270583
10,1.15009,0.0017238
10,-1.08005,-0.0662701
10,1.01334,-0.0456275
10,1.22049,0.0462041
10,-0.885197,0.0764616
10,1.11229,-0.142204
10,-1.23629,-0.142553
10,0.834976,-0.118187
10,-1.11252,0.0685765
10,0.995533,-0.155622
10,0.998229,0.159419
10,-0.906787,-0.0537451
10,-0.735756,0.180022
10,0.939061,-0.207959
10,0.912466,-0.0262293
10,1.05867,-0.233621
10,-1.03181,-0.183924
10,-0.981226,-0.147727
10,-1.05741,0.138851
10,-0.92955,-0.262453
10,-0.787451,0.0734022
10,-1.19516,-0.0207422
10,-1.04655,0.152276
10,-0.812028,-0.0317047
10,1.15039,-0.0855661
10,-0.991652,0.169005
10,0.862509,-0.206778
10,-1.17321,-0.211168
10,-1.207,0.154751
10,-0.964454,0.11853
10,-0.789407,-0.0544731
10,0.964507,0.0457979
10,-0.990885,-0.193766
10,-1.04692,0.140896
10,-0.910192,0.132184
10,-1.12901,0.00839715
10,1.08886,0.0766834
10,1.02046,0.0109631
10,0.921464,0.131976
10,-0.866316,0.116717
10,1.16341,0.0661958
10,-0.835348,-0.00419971
10,1.14902,-0.0454157
10,1.16709,0.0163879
10,0.83748,-0.101879
10,1.11631,0.172835
10,-1.00182,-0.146925
10,-1.02868,-0.189782
10,-1.09786,0.0215467
10,-1.23336,-0.110141
10,-0.989249,0.0920588
10,-1.13882,-0.189882
10,-1.12779,-0.0269338
10,1.00311,-0.083421
10,-1.25102,0.190885
10,-1.15827,0.0516869
10,-0.879714,0.0270583
10,-0.7893,0.136426
10,0.772637,-0.124553
10,0.777005,-0.0132377
10,-1.13394,0.0133094
10,-1.00795,0.0981729
10,-0.932842,-0.199221
10,0.881677,0.0941912
10,-1.03257,0.151292
10,1.00113,0.197537
10,1.00365,0.162715
10,0.809722,0.114492
10,-1.06518,-0.0141579
10,-0.969867,-0.0666319
10,-1.01539,0.282535
10,1.05851,0.0362039
10,-1.09016,-0.115399
10,-1.25551,-0.206001
10,-1.00932,-0.0937295
10,0.835451,-0.0840781
10,1.00208,0.236177
10,-1.18286,0.170884
10,0.893411,-0.268522
10,-1.07919,-0.239834
10,-1.09155,0.0483631
10,0.841443,0.261626
10,-0.759353,-0.127646
10,-1.06298,-0.0226067
10,-1.14328,0.124649
10,-1.1308,0.0960333
10,-0.907779,-0.0673398
10,-0.946494,-0.20279
10,-0.837679,0.0583422
10,-1.01691,-0.0370489
10,1.08031,0.0312828
10,1.04819,-0.108961
10,0.737688,0.0860129
10,-0.825663,0.196194
10,-0.955559,0.0611688
10,0.842591,-0.102244
10,-1.19389,0.148972
10,1.1238,0.196807
10,-0.840651,0.242016
10,-1.14604,0.188507
10,-1.23789,-0.121221
10,1.25765,-0.0940287
10,1.17624,0.00416491
10,0.920139,0.0909423
10,1.2254,0.0104775
10,1.15408,0.0738292
10,-0.874621,0.0273028
10,-0.781344,0.172265
10,-0.838471,0.0872007
10,-1.19368,0.0538391
10,-1.10811,-0.0825536
10,-0.933117,0.0211777
10,-1.18324,0.175562
10,1.16693,0.109585
10,1.07571,-0.207894
10,0.949814,-0.0209693
10,1.05208,-0.03916
10,1.13232,0.0700529
10,-0.879187,-0.0613065
10,-0.798548,0.165363
10,1.17034,-0.00171428
10,1.09365,-0.0652973
10,-0.9888,-0.0439916
10,-0.829539,0.230508
10,0.860557,0.184481
10,-1.11166,0.0648963
10,1.18341,-0.187851
10,-0.806067,-0.255773
10,1.11428,-0.255808
10,-0.982459,-0.0335628
10,-0.889269,-0.00627936
10,-0.796813,0.0291826
10,-0.905342,0.247051
10,-0.943681,0.231991
10,-0.990258,0.00280523
10,0.96429,-0.0802889
10,1.07585,0.00232128
10,0.749672,-0.132497
10,0.786847,0.230947
10,1.09707,-0.0603026
10,0.877112,-0.170834
10,-1.0917,0.110298
10,0.884427,0.183381
10,1.15204,-0.129947
10,-0.948435,0.197364
10,-0.822837,0.0293063
10,-0.794368,-0.0592259
10,-1.15256,-0.10113
10,-1.20216,0.207784
10,-1.03443,0.198923
10,0.83383,0.0175034
10,-1.03321,0.0907339
10,-1.22749,0.0529153
10,0.881637,0.212446
10,-0.856286,0.193026
10,0.971122,0.17284
10,-0.938456,0.144396
10,-0.999481,0.119288
10,0.824913,-0.00893865
10,0.993898,-0.0922569
10,1.00366,-0.0554049
10,1.03316,-0.168758
10,1.06396,0.013799
10,-1.13043,0.0833809
10,-1.07837,-0.0886743
10,0.828377,0.0155255
10,-1.00553,-0.0970434
10,-0.925657,0.232468
10,-0.824158,0.0809189
10,1.20184,0.0470563
10,1.16705,-0.0322263
10,-0.897376,0.00358163
10,0.999227,-0.100535
10,-1.08393,-0.170991
10,-0.880475,-0.00799899
10,-1.16197,0.0760898
10,1.10452,-0.120157
10,-1.01388,0.112991
10,0.969937,0.142431
10,-1.17606,-0.201742
10,-0.82761,-0.042281
10,-0.970963,0.269388
10,0.983481,0.188529
10,1.06274,-0.00515795
10,-0.860299,-0.133645
10,0.837194,0.221552
10,0.800301,0.128008
10,1.06228,-0.165804
10,-0.827418,0.139734
10,-0.976312,0.0829779
10,1.09825,0.0265518
10,-1.07499,0.276773
10,-1.20042,0.160867
10,-0.925789,-0.224837
10,-0.909242,-0.179711
10,0.826939,-0.129885
10,1.17047,0.0437528
10,0.950909,-0.102868
10,-1.15936,0.0431735
10,-1.09095,-0.184358
10,-1.03773,0.182764
10,-0.940408,-0.0291341
10,0.815661,-0.10212
10,1.0724,0.151509
10,-1.09061,0.144837
10,1.1445,0.0448117
10,0.877653,-0.0880128
11,-1.08794,0.0408066
11,-0.821788,0.0951008
11,-0.97314,0.0368284
11,0.853524,-0.0895046
11,-1.22483,-0.143902
11,1.14397,-0.127992
11,-0.931493,0.149068
11,-0.891173,-0.0751209
11,0.949835,-0.144688
11,1.05023,-0.0562269
11,0.893737,-0.179496
11,1.08328,0.0641027
11,-1.17898,-0.131802
11,0.836675,-0.0786637
11,1.1864,0.0335143
11,-1.04731,0.137634
11,1.12977,-0.067533
11,-0.806327,0.0341556
11,-1.08174,0.105937
11,-0.813735,0.123834
11,-1.12207,-0.0621608
11,0.963463,0.109363
11,1.1103,-0.0735983
11,0.933696,0.118532
11,0.935637,-0.122136
11,0.882156,0.00649838
11,0.915324,0.0846731
11,0.982626,0.00755615
11,1.18555,0.0580299
11,-0.973295,0.142773
11,1.14824,-0.0117437
11,0.923413,-0.0572054
11,-1.08021,0.213973
11,-0.782892,-0.0290464
11,0.980156,-0.115879
11,1.16018,0.169613
11,-1.06646,0.124631
11,-1.01057,-0.105957
11,-0.785398,0.180404
11,-1.04175,-0.0286165
11,-1.13864,0.0353265
11,0.925053,-0.134706
11,1.04086,0.0344138
11,-0.91972,-0.00760668
11,0.902148,0.151313
11,-1.09122,-0.125157
11,0.957359,-0.0106722
11,0.999712,-0.141032
11,-0.847483,0.0403195
11,-0.891094,0.0334114
11,1.11233,-0.0444784
11,-0.952031,-0.239254
11,1.03767,0.197368
11,-1.09895,0.144506
11,1.08968,0.183429
11,-1.16493,0.00690258
11,1.07891,-0.114719
11,1.14349,0.0577468
11,1.10754,-0.170074
11,0.987776,0.121892
11,1.16116,-0.0463124
11,-1.01638,-0.120719
11,1.06318,-0.136932
11,1.04547,-0.0204882
11,-1.15818,0.0118689
11,0.956472,0.0644329
11,-0.977973,-0.0186292
11,-0.821641,0.0633412
11,0.896534,-0.0493362
11,-1.02254,0.178426
11,1.04656,-0.0781497
11,1.07253,-0.175423
11,0.952789,0.00842395
11,-1.06936,-0.0564421
11,1.06387,0.2225
11,1.08955,0.164629
11,1.14419,-0.0512286
11,-0.884961,-0.0603287
11,-0.88441,-0.143828
11,-1.11874,-0.0603225
11,-0.819846,0.138532
11,0.95588,-0.129165
11,-0.812769,0.0344155
11,-1.16541,0.00581609
11,-0.909823,-0.124518
11,1.18942,0.0306129
11,-0.898167,-0.126821
11,-1.00531,0.0610233
11,1.03659,0.100274
11,-0.886867,-0.134404
11,-1.11525,-0.0656607
11,-1.03192,0.100769
11,1.11252,0.0563373
11,0.956956,-0.0780147
11,1.09928,0.155257
11,0.883116,0.0500345
11,0.982648,-0.0634315
11,1.09346,-0.0591434
11,-1.02455,0.10478
11,-1.17712,0.0212359
11,-1.25818,-0.0582051
11,1.07593,-0.119341
11,-0.953154,0.154876
11,1.08552,-0.131212
11,-0.930841,-0.131155
11,1.04351,-0.129249
11,-1.11682,0.0367536
11,-0.884955,0.0672801
11,-0.997731,-0.0165159
11,-1.067,-0.169489
11,0.927485,-0.0674743
11,0.922572,0.210128
11,-1.00551,-0.0848297
11,1.00892,0.0679289
11,0.861039,0.0434926
11,0.967338,0.100621
11,0.92642,-0.184657
11,-1.00123,0.16478
11,-1.0357,-0.0881822
11,0.920841,-0.0286049
11,0.964783,0.0922045
11,-1.04104,-0.10966
11,0.831058,-0.129083
11,-1.10022,0.0127397
11,-0.843908,-0.0362945
11,-1.06454,-0.0456808
11,-0.797769,0.0967715
11,0.922255,-0.134288
11,1.13336,0.0431319
11,1.17224,0.135987
11,1.02368,-0.175204
11,-0.843926,-0.146784
11,-1.07304,-0.0706787
11,0.986083,-0.131139
11,-0.915986,-0.0360266
11,1.02213,-0.0693774
11,0.895777,0.0398824
11,1.09185,0.0467255
11,-0.936838,-0.0729211
11,-0.838583,0.0434047
11,-0.843146,0.099008
11,-0.942229,-0.00688661
11,-1.0773,-0.018686
11,-0.79409,-0.0527797
11,-1.03584,0.0231582
11,-1.13369,0.0355315
11,1.04704,-0.0302334
11,-1.05505,-0.0869837
11,1.03326,0.0109865
11,1.09955,0.0574447
11,0.918255,-0.118297
11,-0.896195,-0.194204
11,0.879271,0.0173794
11,-1.05017,0.122544
11,-0.975445,-0.120473
11,0.999101,-0.0370032
11,0.892214,0.145531
11,-0.921736,0.187556
11,0.915096,0.161801
11,-0.909224,0.113749
11,-1.11149,-0.0476736
11,0.91635,-0.146064
11,-1.00209,-0.0812573
11,1.11243,-0.0414474
11,1.01394,-0.171319
11,1.06163,-0.00408911
11,-0.902772,0.0611338
11,-1.0433,0.195634
11,1.12288,0.127488
11,-1.1857,-0.131321
11,0.861485,0.115038
11,-0.988174,0.0544583
11,1.15753,0.0809484
11,-0.876802,0.0519392
11,-0.916197,0.0593115
11,0.937163,-0.140449
11,-0.990372,0.195564
11,0.967163,-0.0212948
11,1.11753,0.0301633
11,0.870785,0.121318
11,1.0391,0.115792
11,-1.03206,-0.0884664
11,-1.11513,-0.117311
11,-0.920254,-0.0747851
11,-1.0547,-0.0363416
11,0.870679,-0.138372
11,0.924416,0.122507
11,1.06577,-0.0851402
11,-1.04446,0.0754136
11,1.08977,0.138866
11,-0.947409,-0.108261
11,0.904026,-0.00730673
11,-0.897267,0.0876606
11,1.17936,0.130646
11,1.13976,0.149065
11,-1.05489,-0.120235
11,-0.944827,-0.0477274
11,-1.13546,0.195831
11,1.09508,0.0576945
11,1.18488,0.0226132
11,-0.960732,0.0249407
11,1.08077,0.00327496
11,-0.845221,0.0980953
11,0.895178,0.0186588
11,-1.06324,0.110576
11,-1.09084,0.100902
11,0.882305,0.00923782
11,0.860641,-0.00602712
11,-1.03782,0.00866323
11,-1.09562,0.104758
11,0.840185,-0.0848931
11,-0.981218,-0.0642489
11,1.0368,0.0777215
11,-1.1217,-0.0572117
11,-0.988661,-0.143874
11,-0.855982,-0.178789
11,0.892071,0.0539029
11,-1.18082,0.135548
11,1.16296,-0.102023
11,0.859532,-0.0795847
11,0.993529,0.0558372
11,0.910312,-0.113458
11,-0.933597,-0.069692
11,1.09801,0.155182
11,1.02003,-0.0257014
11,-1.06676,0.0304072
11,-0.866365,0.065827
11,0.983467,-0.168398
11,-0.998588,-0.0129999
11,-0.87839,-0.0666425
11,0.900765,-0.0157609
11,-0.98757,0.0352435
11,0.926894,-0.0579014
11,-0.922037,0.0351037
11,-0.887468,-0.0989387
11,-1.10815,0.192664
11,0.879552,0.041309
11,-1.09503,-0.172874
11,0.884727,0.00727044
11,-0.967541,-0.0138591
11,-1.05847,-0.0193364
11,0.854922,-0.0300037
11,1.00436,0.0737737
11,0.831466,-0.253712
11,-1.10608,-0.0187209
11,1.09458,-0.15398
11,0.959477,-0.0789286
11,1.10125,-0.0579295
11,-1.09407,-0.0168768
11,1.02443,0.0841669
11,-1.00058,0.0121825
11,1.01182,0.0996859
11,1.02808,-0.0326226
11,0.913589,-0.138429
11,-0.965609,0.0827724
11,1.0064,0.00661892
11,1.12151,0.162092
11,0.891933,-0.00590613
11,-1.07501,0.10861
11,0.985548,0.0996204
11,0.824801,0.065233
11,1.05182,-0.000813915
11,-0.860251,0.0650475
11,1.05893,-0.0114695
11,-1.0067,-0.201804
11,1.06433,-0.0650594
11,-1.09253,0.112248
11,-1.0723,0.115343
11,1.05615,-0.10283
11,-0.996447,0.0862846
11,0.917812,0.101699
11,1.04525,0.0541628
11,1.04825,0.0125505
11,0.897559,-0.0894703
11,-1.01795,0.014019
11,-0.861467,0.112258
11,1.1946,0.0915219
11,0.890994,-0.0924536
11,0.938482,-0.0642833
11,-1.01695,-0.1836
11,-0.903026,-0.0427388
11,-0.94305,0.0974566
11,1.01768,0.0261493
11,1.08062,0.201612
11,-0.819342,-0.0559298
11,-0.933625,0.107182
11,-0.875737,0.0412359
11,0.996747,-0.013435
11,-1.02707,0.000177607
11,-0.936014,-0.0740665
11,-0.842996,-0.0801763
11,1.00312,-0.113905
11,-1.04307,-0.0440267
11,-1.07995,0.0723632
11,-0.838577,-0.0966402
11,-0.834299,0.163471
11,1.14026,0.123816
11,1.11061,0.117943
11,1.03829,-0.125824
11,0.892205,-0.0943719
11,1.14364,0.111779
11,0.845765,-0.157205
11,-0.979348,-0.172201
11,0.856547,-0.0958698
11,-1.12278,0.0519961
11,1.05772,0.0747862
11,0.931963,0.105615
11,-1.13808,-0.141331
11,0.909838,-0.112584
11,-0.898161,-0.0328431
11,1.19168,-0.101427
11,0.874917,0.0318013
11,1.03591,-0.189671
11,1.09121,0.0210606
11,1.0354,-0.18394
11,1.12583,0.0981998
11,0.935721,-0.138853
11,1.06363,0.104088
11,-0.931758,0.0115395
11,0.915655,-0.0626593
11,-0.890074,-0.0291923
11,-1.05302,0.194977
11,-0.875167,0.0551271
11,0.902438,0.0772832
11,0.814438,-0.0844809
11,0.936427,0.0930525
11,0.874469,0.0561181
11,-1.00432,0.0466051
11,-0.993099,-0.0802213
11,-1.1256,-0.0941427
11,0.905682,0.0152114
11,1.01031,0.0823964
11,0.877871,-0.184129
11,0.931631,-0.0309604
11,-0.850829,0.0516158
11,0.842609,-0.0148785
11,0.888015,0.087818
11,1.14771,-0.0481836
11,1.0961,-0.017824
11,-0.88975,-0.0844493
11,0.812667,-0.0980782
11,1.04905,-0.193448
11,-1.04206,0.12172
11,-0.977909,-0.0589428
11,-1.01993,0.106372
11,-0.943407,0.0581124
11,-0.991442,0.0325914
11,-1.09638,0.095821
11,1.09076,-0.0292734
11,-0.848948,0.0590918
11,1.11933,0.105645
11,1.03145,-0.0211371
11,1.07288,0.0833325
11,1.09053,-0.00261253
11,-0.987818,-0.0161995
11,1.11727,0.0295006
11,-1.14685,-0.0944668
11,-1.02677,-0.0566663
11,0.884263,0.118779
11,0.93331,0.154991
11,-1.00714,-0.0918374
11,1.04496,-0.0616332
11,1.06504,0.0400238
11,-0.915461,-0.135567
11,0.899097,0.0969445
11,-1.03284,0.00844055
11,-0.881621,-0.0727128
11,1.04393,0.00391274
11,0.801239,-0.0774795
11,-1.07951,-0.0451394
11,-0.992328,0.106108
11,-1.10509,-0.0326028
11,-0.952316,0.131686
11,-1.02605,-0.0575179
11,1.00492,-0.121294
11,0.879673,-0.108549
11,1.12413,0.0351199
11,1.05214,-0.058158
11,1.00669,-0.100183
11,1.15984,0.0476632
11,1.04176,0.0681279
11,-1.15588,0.0136698
11,-0.88177,0.112456
11,1.23054,0.108968
11,-1.15065,-0.0627132
11,-0.956941,0.0812861
11,0.926067,0.0595613
11,1.06066,0.111663
11,-0.956716,0.104685
11,0.852711,-0.0368153
11,0.904763,0.138161
11,0.957964,-0.0823276
11,-1.1145,-0.0442328
11,1.07834,0.0543352
11,-0.944274,0.0372337
11,-1.0272,0.0480115
11,0.901887,0.00591085
11,0.933294,-0.0559183
11,1.15156,-0.0323034
11,-0.832802,-0.0895641
11,-0.850959,-0.0697107
11,1.0443,-0.105946
11,1.15776,0.091443
11,-0.847407,0.0804066
11,-1.00243,0.151731
11,-1.05875,-0.148673
11,-1.03665,0.088838
11,-1.01739,-0.155295
11,1.16266,0.12756
11,1.12049,-0.170603
11,-0.9522,0.00633963
11,1.16099,-0.22353
11,0.880858,0.0284883
11,-0.835389,-0.0893863
11,0.994223,-0.129415
11,0.849633,-0.0703958
11,1.04488,0.0979074
11,-0.91338,0.140085
11,-0.89723,-0.129822
11,-0.986498,0.0721248
11,0.93876,-0.00655627
11,0.925788,-0.0673006
11,-0.955955,-0.00175359
11,-1.1728,0.0807641
11,0.903255,-0.0542004
11,-1.06608,0.0613769
11,0.795334,-0.102306
11,0.93532,0.0883615
11,0.875564,-0.048719
11,0.884032,0.0300187
11,-1.1016,0.00468198
11,1.05583,-0.147132
11,1.01284,-0.00903272
11,-0.987075,-0.153377
11,0.869639,-0.17061
11,0.95589,0.0621836
11,1.02244,-0.17628
11,1.14391,0.129381
11,-1.02191,-0.0427623
11,-1.02119,-0.0766085
11,-1.09542,-0.0496116
11,1.08447,-0.159135
11,-0.985873,-0.0866841
11,0.899204,0.0180167
11,-0.950673,-0.0346715
11,-1.09057,-0.00106842
11,-0.871808,0.0534928
11,-1.12935,0.0768713
11,1.02596,0.00694975
11,1.11704,-0.0985311
11,1.09743,-0.0894402
11,-0.997229,0.0526513
11,-1.01797,-0.00998399
11,-0.883899,-0.0208345
11,-1.19879,0.0686123
11,-0.911984,0.0724686
11,0.90602,-0.125489
11,-0.929013,-0.0460034
11,1.16405,-0.0129266
11,-1.0616,-0.0889776
11,0.862612,-0.131326
11,1.06211,-0.0406928
11,-1.12844,-0.065755
11,0.884788,-0.0234229
11,-1.06588,0.0838061
11,-1.00562,0.123629
11,-1.17756,0.200879
11,1.18087,0.148752
11,0.845773,-0.0278744
11,1.14804,-0.149066
11,0.813878,-0.119849
11,1.16338,0.0754611
11,0.980031,0.0726638
11,0.860284,-0.0181215
11,0.979574,0.074621
11,-0.91635,0.0162974
11,1.11736,-0.0453591
11,0.860982,0.0450794
11,-0.967519,-0.0904246
11,1.038,0.137275
11,-1.02728,-0.092874
11,-1.12431,0.0584759
11,-0.971363,-0.142865
11,1.11448,0.0486606
11,-1.07372,0.0532555
11,-0.914936,-0.0083547
11,0.912812,0.00491362
11,-1.04184,-0.118457
11,1.11126,0.0751211
11,1.15612,0.0898772
11,0.94517,0.00351345
11,0.825053,0.0235641
11,1.11314,-0.0893765
11,-0.966542,0.0901047
11,-0.930363,0.0466803
11,-0.84495,0.0377376
11,-0.993505,0.085294
11,1.12951,-0.0311951
11,0.920582,0.00198564
11,-0.957923,0.0973456
11,-1.18677,0.200206
11,-1.11661,-0.0393449
11,-0.906367,0.0108518
11,1.06548,-0.107782
11,0.840805,0.105999
11,1.03449,-0.00738382
11,-0.958147,-0.0260717
11,-0.885728,0.060907
11,1.05374,0.143752
11,-0.86062,-0.0310156
11,-0.994622,-0.144048
11,-1.11356,-0.129756
11,-1.10768,0.0931788
11,-0.930524,-0.0275592
11,1.15338,0.043066
11,-1.07256,0.189299
11,-1.05146,-0.137512
11,-1.09093,0.183861
11,-1.01146,-0.144283
11,1.02164,0.000960202
11,-1.04817,0.120931
11,0.929821,-0.00223083
11,1.10837,-0.142155
11,-1.07715,0.0182008
11,1.08652,0.1077
11,0.841296,-0.0140854
11,1.15387,-0.00484456
11,1.03586,0.185948
11,-1.10862,-0.0951334
11,-0.859224,-0.18471
11,0.825263,-0.0494326
11,0.8611,0.182769
11,-1.05485,-0.0656933
11,0.969571,-0.14743
11,1.03497,0.182777
11,-1.04533,0.102304
11,1.05834,-0.0429793
11,-1.10327,-0.143928
11,-1.11878,-0.0519754
11,-1.008,0.0223017
11,0.980811,-0.145247
11,-1.07882,0.0950518
11,-0.996888,-0.121104
11,1.11078,-0.130564
11,1.0549,-0.111031
11,0.862552,-0.0586516
11,-0.917245,-0.0260367
11,-1.11319,0.0472188
11,0.83465,-0.0684787
11,-0.900623,-0.0701149
11,0.921995,-0.0678735
11,1.09382,-0.0327222
11,-1.03203,0.136832
11,-1.0118,0.0584727
11,1.05516,-0.131506
11,1.1323,-0.0339385
11,1.04282,-0.172072
11,1.07761,-0.143886
11,-1.07229,0.00757121
11,-1.0299,-0.0157105
11,-1.08226,-0.0782875
11,-0.870046,0.0717593
11,-0.962924,-0.186825
11,-0.982344,-0.0230435
11,0.911058,0.0552291
11,-0.927155,-0.0210264
11,1.20858,-0.00835976
11,-0.989709,-0.107043
11,0.898397,-0.0240751
11,-1.00561,0.0222089
11,-0.949055,-0.0202959
11,1.06893,0.111271
11,0.90869,-0.0402093
11,1.00075,-0.0294312
11,0.913409,0.0237548
11,-1.14368,0.11638
11,0.900443,-0.0792408
11,-1.23081,0.152563
11,0.944633,-0.0363227
11,-1.03016,-0.0967523
11,-0.992292,-0.177474
11,-0.940617,-0.101178
11,1.13473,-0.0563542
11,0.935214,0.079179
11,1.00889,0.0356596
11,-0.856883,0.0320256
11,-1.00242,-0.0578882
11,-1.00565,0.12317
11,-0.842671,-0.0690363
11,-0.929408,0.119843
11,0.850337,0.139407
11,1.04358,0.146677
11,0.978576,0.0450084
11,-1.02881,-0.0379194
11,1.20439,0.0152139
11,1.05516,-0.0475162
11,0.889541,0.095292
11,0.939478,-0.23189
11,-1.03465,-0.0485887
11,1.06388,0.076633
11,-1.12097,0.00866
11,-1.00655,0.166445
11,-1.02521,0.0542327
11,-1.16027,0.0442344
11,-1.00732,-0.0351196
11,-1.11455,-0.0528074
11,1.02262,-0.15426
11,0.896224,0.131854
11,1.05372,-0.15133
11,1.0579,-0.0519474
11,0.849411,-0.00984478
11,1.08846,-0.0176843
11,-1.07748,0.13891
11,-0.931189,-0.132865
11,-0.999729,-0.139155
11,1.00457,0.0888625
11,1.07515,0.0155602
11,-1.1036,-0.0814991
11,-1.11635,-0.17673
11,-1.11322,-0.120998
11,0.958405,0.0380511
11,-0.947166,-0.155994
11,0.920158,0.00397893
11,1.18625,-0.0842472
11,1.03299,0.124706
11,-1.06339,0.0494214
11,-0.955131,-0.0500346
11,0.876883,-0.14564
11,-0.901081,0.0172222
11,-1.15703,0.144639
11,-1.08725,-0.0670274
11,0.870843,0.157658
11,-1.07163,-0.039196
11,0.977277,-0.00919242
11,0.955599,0.0139814
11,-0.952164,0.199363
11,-1.04319,0.0193525
11,-0.967739,0.123989
11,-0.951787,-0.0792954
11,0.80552,-0.0911
11,-1.06025,-0.215518
11,-0.835171,-0.167629
11,-0.900912,0.140438
11,-1.06801,-0.079408
11,1.11683,-0.0221671
11,-1.13377,-0.070653
11,0.89742,0.0858602
11,-0.922291,0.0150315
11,1.01813,0.033557
11,1.15817,0.0910936
11,-0.895115,0.108274
11,-1.03391,-0.0145746
11,1.11511,-0.0798106
11,-1.02981,-0.0800376
11,-0.959381,0.0492925
11,1.04645,-0.0617667
11,-1.08209,-0.158261
11,1.05814,0.126011
11,-1.02309,0.0844892
11,-1.0411,0.112967
11,-0.906681,-0.0718699
11,-0.926015,-0.00927542
11,-0.882256,0.0862085
11,-1.11008,0.070529
11,1.04987,-0.153083
11,-0.992408,-0.0959398
11,1.09205,-0.164328
11,-0.976288,-0.0895029
11,-0.873499,-0.0250813
11,-0.929099,-0.0047382
11,1.02658,0.0392596
11,0.843602,0.0100141
11,-1.03393,0.0727518
11,1.0042,-0.102888
11,-0.985662,0.00828269
11,-1.01751,-0.0845581
11,1.02206,-0.0358864
11,0.972851,-0.0500085
11,-0.95133,-0.0913836
11,-0.960401,0.116461
11,1.00088,-0.045569
11,-1.03198,0.0297868
11,-0.880377,0.0403472
11,1.02937,0.102096
11,0.842506,0.142769
11,-0.974428,-0.0415099
11,-0.86701,0.0957105
11,-0.968625,0.0447287
11,0.947587,-0.107577
11,-1.01525,-0.133634
11,1.12209,-0.0222307
11,-1.12533,-0.0296122
11,1.07389,0.151598
11,0.792991,0.0549932
11,1.02349,0.00167611
11,0.9518,0.067469
11,-1.08399,-0.115567
11,1.03883,0.084275
11,-1.0465,0.125774
11,-0.903539,-0.0815057
11,-1.07596,0.0137708
11,0.891169,-0.0244983
11,-0.949247,-0.0439077
11,-1.13172,-0.0518632
11,1.16481,-0.0424978
11,0.923964,0.0859618
11,1.01365,0.0854682
11,1.07461,-0.00132626
11,1.02616,-0.208469
11,0.904722,-0.177512
11,1.15999,-0.0107301
11,0.825716,0.0183565
11,-0.946145,0.176909
11,1.11178,0.174885
11,1.03545,0.00969458
11,0.856802,0.0990836
11,0.931004,-0.16589
11,0.943144,0.0960672
11,-1.04669,-0.114166
11,1.02643,-0.119691
11,-1.03535,-0.0456398
11,-1.1531,-0.134618
11,1.13074,-0.02177
11,1.16514,-0.069921
11,0.904222,0.0933851
11,-0.988208,-0.0468308
11,1.12825,0.0348484
11,-1.00649,0.00751717
11,-1.07781,-0.054453
11,-0.893855,0.164171
11,-0.985338,-0.0966679
11,0.857332,-0.0290142
11,-0.944181,0.0195701
11,0.958001,0.155595
11,0.914181,0.011187
11,-1.0235,0.0017792
11,-1.12323,-0.0684155
11,-1.11607,-0.0429511
11,1.10399,-0.1479
11,-1.1762,-0.0781917
11,-0.865822,-0.0825958
11,-1.14314,0.0590095
11,-0.981888,-0.0948137
11,-0.913893,0.0551341
11,0.906992,0.139702
11,0.820332,0.0222418
11,0.870554,-0.0774711
11,1.10156,0.0184751
11,-1.01823,0.0247455
11,-1.05421,-0.0844787
11,-0.881181,0.0159095
11,0.856811,0.0117089
11,1.02082,0.10487
11,0.928239,0.0549529
11,-0.947705,-0.113545
11,-0.941131,-0.0489323
11,-1.11779,-0.142352
11,-0.912285,-0.11687
11,0.920086,0.0945172
11,0.978431,0.0809355
11,-0.97699,-0.148638
11,-0.974043,-0.110208
11,-1.09567,0.0381037
11,1.01383,-0.0587002
11,0.862884,0.165156
11,-0.987782,0.0815973
11,-0.920255,-0.154763
11,0.967578,0.053115
11,-0.918982,0.119506
11,-1.02724,-0.00328926
11,-0.91408,0.172134
11,-0.883415,0.0299421
11,-1.11297,-0.0581527
11,-0.947446,0.0393253
11,0.983981,-0.0106533
11,1.15556,-0.10141
11,-1.00588,0.139312
11,1.19974,0.053515
11,1.17599,-0.123462
11,1.16858,-0.0201872
11,-1.02924,0.0602919
11,1.04393,-0.161902
11,-0.886774,0.128551
11,-0.840959,-0.162121
11,-1.09564,-0.0707093
11,0.996679,0.0916491
11,-1.12404,0.0345389
11,-0.963105,0.0355861
11,-1.05113,0.088307
11,1.07992,0.0898993
11,-0.945289,-0.13758
11,1.03262,0.132447
11,-1.03342,-0.110697
11,1.13922,-0.177379
11,0.928786,0.0235517
11,1.0644,-0.0592302
11,0.868221,-0.13665
11,1.03286,-0.0879755
11,-0.853416,-0.0553729
11,-0.914256,0.0149056
11,-0.98785,0.0742437
11,0.972652,-0.00981143
11,-1.11543,0.0360326
11,1.10841,-0.0815537
11,-0.99568,0.136412
11,1.0027,0.00761733
11,-0.977561,0.0822228
11,1.02325,0.0486082
11,-0.96865,0.0344854
11,0.973178,0.139244
11,1.13631,-0.0164725
11,-1.03787,-0.0263598
11,-0.990627,-0.0945236
11,0.887897,-0.0814835
11,1.1437,-0.0377302
11,1.05927,0.0317933
11,-0.903784,0.0708267
11,1.02313,0.10681
11,1.06378,0.0628514
11,-0.994723,0.0635031
11,0.850589,-0.092163
11,1.03249,-0.00407373
11,0.943649,-0.124478
11,0.999594,0.0174114
11,-0.941129,-0.0677869
11,-0.89581,-0.198531
11,-0.941367,-0.0267022
11,-1.14192,-0.00773663
11,0.999931,0.0111195
11,-0.93921,0.0657392
11,1.17663,0.0355362
11,-0.865712,0.11527
11,-0.985941,0.0198927
11,0.904843,-0.168466
11,0.823003,0.12402
11,1.09215,0.0434774
11,-0.956318,0.0294656
11,-1.00671,0.131866
11,-0.829456,0.0495008
11,0.956023,-0.143563
11,0.88488,-0.00959079
11,1.12407,0.0356627
11,-0.937589,0.088375
11,1.06062,-0.0737797
11,0.986748,0.139468
11,-0.844175,-0.0121374
11,-0.838228,-0.013971
11,-1.00887,-0.0935471
11,-0.97462,-0.166902
11,0.863832,-0.129424
11,-1.03664,-0.109675
11,-0.881134,0.0906115
11,0.83615,-0.088386
11,1.22582,0.138138
11,0.896886,0.075758
11,0.957582,-0.101933
11,0.906958,-0.0498456
11,1.07525,-0.0737505
11,-1.03633,0.121953
11,-0.873766,0.135222
11,1.03711,-0.127762
11,-1.1126,0.185095
11,-0.885642,-0.0387035
11,0.982326,-0.0740853
11,-0.905545,-0.129588
11,1.11326,0.142974
11,1.01916,-0.0539765
11,-0.882322,0.181544
11,0.971011,-0.173847
11,-1.05861,-0.0851099
11,-0.914373,0.138124
11,-1.01294,0.0385845
11,-1.24892,0.205816
11,-1.04062,-0.0602115
11,-1.06973,0.185303
11,-0.929845,-0.233698
11,-1.02614,-0.145317
11,-0.82331,-0.114748
11,1.15673,0.0896577
11,1.0508,-0.0353653
11,-1.03787,0.008505
11,0.968991,0.177989
11,0.9226,0.0305956
11,-1.04132,0.151021
11,0.803665,-0.0263829
11,1.13989,-0.0809036
11,0.926789,0.00756841
11,-0.906046,0.148348
11,-1.19206,-0.127408
11,1.04375,0.0283187
11,0.978798,0.0444772
11,1.10372,0.177959
11,-0.932676,0.0858442
11,-0.864919,0.103555
11,-0.925107,-0.0138109
11,0.938579,0.10481
11,-1.11576,-0.0442916
11,0.978841,0.073594
11,-0.980453,-0.0352011
11,0.782706,-0.00195592
11,-0.98786,-0.0375647
11,1.13233,-0.112785
11,-0.920013,0.00171411
11,0.985305,-0.0765125
11,-1.17573,-0.0736293
11,1.09494,-0.0452904
11,-1.04507,0.0659747
11,0.94909,-0.0763635
11,-1.1244,-0.0229576
11,0.998338,-0.18559
11,-1.08673,-0.0116315
11,0.901919,0.0783023
11,0.956201,-0.043165
11,-0.871282,0.0424106
11,-0.92085,0.0568613
11,-0.869394,0.139679
11,-0.982791,-0.0709791
11,-0.925003,0.0800514
11,-0.947111,-0.0444487
11,-0.870548,0.154763
11,1.03958,-0.10905
11,-1.12479,0.0763117
11,-0.885552,0.102531
11,-0.828556,-0.14642
11,1.152,-0.0315766
11,1.03321,-0.106145
11,-1.14323,0.0161027
11,1.02946,-0.0095533
11,-1.08786,0.130123
11,-0.827768,0.0647439
11,1.12259,-0.0038084
11,-0.863096,-0.0889879
11,-1.09029,0.00900643
11,0.917008,0.140263
11,1.02968,0.11
11,-0.903064,-0.0571347
11,-1.05226,0.0752009
11,1.09463,-0.0361187
11,-0.970865,-0.0591998
11,-1.12155,0.0840918
11,-1.07611,-0.0729228
11,-0.996635,-0.056106
11,1.10202,-0.135744
11,1.09539,-0.063422
11,1.0489,0.0457306
11,-0.902923,-0.127176
11,-0.842569,-0.109561
11,-0.977882,-0.00390515
11,-0.868966,0.0538106
11,-1.04017,-0.0329731
11,1.16893,0.170907
11,-0.972651,-0.186178
11,-1.05003,0.179629
11,1.05777,0.031339
11,0.996182,-0.0245671
11,1.11316,-0.0270267
11,-0.922522,-0.0222555
11,1.09494,-0.0891186
11,-1.154,0.0144898
11,1.08582,0.124158
11,1.00321,-0.190256
11,-1.05669,-0.0646323
11,-1.0641,0.0621975
11,0.825065,-0.0175816
11,-1.02648,-0.0844481
11,0.917626,-0.0350601
11,-0.88676,-0.0842041
11,-0.981911,-0.138803
11,1.09437,0.0263533
11,-1.02831,0.0948691
11,1.10466,-0.159702
11,-1.02844,0.0334084
11,-0.955959,-0.134963
11,-0.964254,0.0305252
11,-0.911731,0.140364
11,0.897325,0.112772
11,1.01533,0.0821619
11,1.02676,-0.0938846
11,-0.829566,-0.096039
11,1.0738,0.168644
11,-0.820373,0.0161004
11,0.956979,-0.0703312
11,1.14217,0.00549107
11,1.14091,-0.0850941
11,0.902287,0.155874
11,1.02867,0.0859004
11,-0.891758,0.00637065
11,1.11796,0.0737524
11,0.982943,0.0599336
11,0.96473,0.160998
11,1.15207,-0.00256092
11,1.02424,0.0356328
11,-1.00237,0.0450399
11,1.02626,-0.111403
11,1.16744,0.0139543
11,0.885377,-0.0897435
11,1.12894,0.0378904
11,0.952464,-0.118024
11,-0.910643,0.102119
11,-0.842032,0.140699
11,0.987773,-0.0640041
11,-1.01243,-0.0526453
11,-0.992063,-0.0510783
11,-1.08845,-0.0942279
11,0.913986,-0.102486
11,0.997196,-0.086048
11,1.00107,-0.0204277
11,-0.935616,0.0427643
11,1.21447,-0.0160545
11,-1.01357,-0.11025
11,-0.881651,0.0656678
11,1.04248,0.0579639
11,0.94554,-0.092966
11,1.07924,-0.0446846
11,1.12974,-0.139204
11,-0.917053,0.00341811
11,-0.919862,-0.0896903
11,1.19817,-0.0406361
11,1.00085,-0.00844817
11,0.808726,-0.153818
11,-0.988244,-0.025878
11,-1.01254,0.0623979
11,1.13162,-0.146236
11,1.0362,-0.0593271
11,0.9486,-0.0798232
11,1.05214,-0.11048
11,0.928455,0.146345
11,0.821228,-0.0204079
11,-1.02888,-0.159779
11,0.866873,0.0866231
11,-0.94998,0.0978661
11,1.02905,-0.0980054
11,-0.814714,0.181455
11,-0.889233,0.0168864
11,-0.849706,-0.190461
11,-0.925299,-0.0187498
11,-1.15721,0.158593
11,0.861339,-0.0649133
11,1.15871,-0.118377
11,-0.940025,0.0893004
11,-0.924586,0.0290649
11,0.970243,0.0654666
11,0.898272,-0.0516538
11,1.12967,0.127327
11,0.853281,0.141611
11,-1.0744,0.0302478
11,-1.10657,-0.121843
11,0.873939,0.138629
11,0.887342,-0.108363
11,1.02073,-0.0727895
11,-0.983394,-0.0712336
11,1.0795,-0.149237
11,1.03304,0.0692083
11,-1.14123,-0.163998
11,0.811872,0.0124243
11,-1.10064,0.000668151
11,1.18857,-0.149141
11,-1.08602,-0.0623183
11,-1.2197,-0.196782
11,-0.807006,0.0357865
11,0.947358,0.0449063
11,-0.962471,-0.0442301
11,-1.09071,0.0701906
11,-0.928545,-0.138453
11,-1.00821,0.0536757
11,-1.13479,-0.176076
11,1.01591,0.0137153
11,-1.11865,-0.112742
11,-0.984166,0.0758601
11,0.917392,0.0928385
11,-1.04374,-0.0363699
11,-1.01754,-0.0341023
11,0.952329,-0.170377
11,0.922354,0.106068
11,1.17038,-0.0913322
11,-1.02437,0.126679
11,-1.06933,0.0237183
11,1.10116,-0.053297
11,0.987709,0.07155
11,-1.02207,0.176402
11,-0.977297,-0.104429
11,-0.937316,0.0891644
11,1.08306,-0.0841063
11,-0.805849,0.0792453
11,1.03985,0.075952
11,-0.913884,0.0484305
11,1.08426,-0.0179856
11,0.989503,0.048059
11,0.871763,0.0617046
11,-1.22691,-0.159278
11,1.06397,0.0645761
11,-0.87179,-0.0290491
11,-0.903072,-0.105643
11,-1.03292,0.198246
11,-0.863895,0.0618791
11,-1.1726,-0.0943694
11,0.999347,-0.108302
11,0.96034,-0.0134917
11,0.997527,0.0195101
11,-1.11934,0.116034
11,1.03211,0.0295135
11,-1.15305,-0.0335036
11,0.900677,0.0160161
11,-0.967994,0.0642422
11,0.884125,0.0743561
11,0.848557,0.0176537
11,0.930408,-0.129349
11,0.939622,-0.0451785
11,0.976002,0.006686
11,-0.934841,-0.0313548
11,1.07317,0.17621
11,-1.07278,-0.143445
11,0.98021,0.102825
11,0.991568,-0.129084
11,-0.943033,0.0213766
11,1.0935,-0.176683
11,-0.911633,0.0131461
11,1.06358,0.173588
11,0.975856,-0.0582015
11,1.13949,0.0675523
11,0.868278,-0.0366309
11,1.01856,0.0318164
11,-0.838411,0.0046951
11,-1.08484,-0.115011
11,1.07257,-0.0732797
11,-1.04616,0.11764
11,-1.06517,-0.0423256
11,1.02524,0.105705
11,1.1736,0.140411
11,-1.02388,-0.120439
11,-0.894032,0.102519
11,0.797625,0.100743
11,0.889582,-0.107238
11,-1.06952,-0.0570555
11,-0.950799,-0.0780807
11,-1.047,-0.153435
11,-0.959203,-0.0696
11,-0.864947,0.0132455
11,-0.922414,0.133715
11,-0.830576,0.0640852
11,0.925584,0.116629
11,-0.896219,0.0673798
11,0.998926,0.0896808
11,0.788359,-0.0606428
11,-0.965432,-0.0342634
11,1.03343,-0.0113909
11,-1.11129,-0.105813
11,1.0352,-0.11653
11,0.98806,-0.132767
11,-0.9464,-0.107879
11,0.909288,0.0381758
11,-1.00046,-0.125646
11,0.85598,0.121492
11,1.11605,-0.101074
11,1.18111,0.110264
11,1.08446,0.131848
11,-0.846471,-0.00338636
11,-1.09363,-0.0284338
11,-1.03453,-0.129995
11,1.04825,-0.0163277
11,1.13705,-0.0624102
11,1.06693,-0.0154085
11,-1.0347,0.0976277
11,-0.974815,-0.0933215
11,1.19907,-0.0923782
11,-0.917602,-0.0364477
11,0.908259,-0.157225
11,-1.1655,0.057055
11,0.898081,-0.0703821
11,0.980322,0.0261914
11,1.11892,-0.0576656
11,-1.02128,-0.0911177
11,0.833133,-0.0902035
11,0.928963,-0.0198518
11,1.03042,-0.104309
11,1.05006,-0.047903
11,-1.04158,-0.157877
11,0.953979,0.0255215
11,-1.09575,0.148598
11,0.818474,-0.0794164
11,-0.800737,-0.0689826
11,0.83031,0.133689
11,-1.06779,-0.0923015
11,-0.905591,0.16288
11,0.846956,0.0606453
11,0.900706,-0.173595
11,0.871052,0.0788912
11,0.867726,-0.0976278
11,1.08698,0.0768243
11,1.11891,0.112989
11,0.876224,-0.0455835
11,1.0552,-0.173678
11,-1.0693,-0.0353042
11,1.11295,0.117246
11,1.12601,-0.0627948
11,-1.1268,-0.17748
11,-1.05562,0.103931
11,1.09041,0.0818041
11,-1.00732,-0.13016
11,1.05745,-0.00401057
11,1.03244,0.207611
11,-0.889575,0.115783
11,-0.970748,0.187861
11,1.10348,0.00441958
11,-1.16006,0.0402732
11,-1.14196,-0.144945
11,-1.01613,0.0255725
11,-1.0869,0.162713
11,-0.855528,0.12885
11,1.14331,-0.0687147
11,-1.11624,0.166838
11,0.932716,0.124908
11,-0.844115,0.158556
11,-1.03588,-0.071297
11,0.921168,0.011421
11,0.866778,-0.0387138
11,1.0811,-0.106903
11,1.00525,0.0542654
11,-0.945962,-0.0422376
11,-1.09731,0.071541
11,-0.884515,0.120128
11,-0.991919,-0.00514843
11,0.883723,0.115367
11,-0.957919,-0.0510107
11,-0.964871,0.107827
11,0.979131,0.133467
11,0.858581,0.0788005
11,-1.01938,-0.0851049
11,1.03528,0.11548
11,0.913351,-0.0115617
11,-0.94092,-0.123321
11,1.04972,0.0907596
11,-0.854526,-0.0783215
11,-0.870992,-0.147951
11,-1.03798,-0.0330463
11,0.941781,-0.133986
11,1.05128,0.153526
11,1.05607,-0.0414071
11,-1.09119,0.122649
11,-1.12826,-0.120261
11,-0.883427,0.130437
11,-0.950423,-0.00045486
11,-0.973166,-0.0596346
11,1.06905,-0.0644342
11,-0.904242,0.0252251
11,-0.882074,-0.0837427
11,0.930265,0.015811
11,-0.997402,0.0694412
11,-0.99764,-0.166878
11,-0.907638,0.0928138
11,0.884967,0.0468577
11,-0.943939,0.069827
11,-0.797592,-0.021878
11,1.04487,0.0373286
11,1.12521,-0.00768337
11,-1.01694,0.0785914
11,-1.15955,0.179019
11,-1.10027,-0.0113157
11,-1.03671,0.107471
11,-0.936453,0.0388156
11,-0.856986,0.0927364
11,0.912325,-0.0297379
11,-1.07605,-0.0181781
11,1.01912,-0.0773445
11,1.12657,-0.197485
11,-0.951534,-0.165506
11,-0.896126,-0.0455602
11,0.761373,0.00101446
11,0.874305,-0.0585261
11,-1.1685,-0.149743
11,-0.979217,-0.0712859
11,0.853615,-0.00975607
11,-0.96863,-0.157756
11,-0.891675,0.00575667
11,-1.18342,-0.0140721
11,-1.03703,0.187915
11,1.19052,0.164702
11,0.929985,0.122021
11,-1.06501,-0.0884172
11,-1.05727,-0.124924
11,-0.89754,0.0581512
11,0.88036,-0.0053826
11,1.12679,0.0877867
11,-0.869679,0.0544602
11,1.05299,0.0439306
11,-0.980604,-0.126871
11,0.95575,0.00109893
11,0.877358,-0.125463
11,-1.12449,0.0707646
11,0.963483,0.161691
11,1.15592,0.0052631
11,-1.00731,0.00457595
11,1.13622,0.155358
11,-1.05533,0.0847905
11,-0.870916,-0.131439
11,1.00711,-0.0909241
11,-0.921872,0.0554404
11,0.834693,-0.0813359
11,-0.942591,0.0985631
11,1.06818,-0.0887942
11,-1.0023,0.0896867
11,1.07227,-0.0212513
11,-1.19847,-0.0041592
11,0.969469,-0.0182981
11,0.922833,-0.00907822
11,0.864129,0.0214927
11,1.14659,-0.0802702
11,1.05171,-0.12523
11,1.00481,-0.114953
11,-0.761838,0.140504
11,1.13818,0.151124
11,1.07049,-0.0693828
11,-1.0816,0.0865751
11,-0.900663,0.1866
11,-1.01244,-0.0710825
11,-1.0297,-0.0784163
11,1.04908,-0.121308
11,-0.954985,-0.146801
11,1.13262,0.103007
11,1.07072,0.113571
11,1.10976,0.174595
11,1.11629,-0.125812
11,1.06283,-0.143481
11,-1.01845,-0.00942422
11,0.926062,0.134425
11,1.07567,0.0757543
11,1.23608,0.0520979
11,-0.940397,0.135281
11,-1.02676,0.0961189
11,-0.954181,0.145664
11,-0.966738,-0.0275148
11,1.08134,-0.206522
11,1.01049,0.0869139
11,-0.969853,-0.0807153
11,0.822259,0.0988814
11,1.08616,-0.0852463
11,-1.05221,-0.0977245
11,-0.954517,-0.0584834
11,-0.899106,-0.010301
11,1.10262,0.126501
11,-1.0081,0.0202026
11,1.10511,-0.114305
11,1.12792,0.117254
11,-1.03924,-0.0716778
11,-0.975352,0.0476292
11,1.09783,-0.114911
11,0.897338,0.103212
11,0.905475,0.148491
11,-1.17213,-0.0365702
11,-1.12068,0.123428
11,-0.993823,-0.103663
11,-1.11604,-0.00910619
11,1.14423,0.104843
11,1.03028,-0.0352481
11,1.076,0.154009
11,0.990735,0.118929
11,1.0799,0.0973947
11,0.891881,-0.0398112
11,0.831423,0.119857
11,-1.03916,-0.05011
11,1.11817,0.073224
11,0.922699,0.102475
11,0.85086,0.0767096
11,1.01439,-0.0459303
11,-0.954688,-0.10501
11,-1.11155,-0.128832
11,0.934038,0.108098
11,1.07367,0.0713917
11,-1.16351,0.122056
11,0.922567,-0.0411378
11,-1.1031,0.223548
11,-0.991936,0.0106487
11,1.01626,-0.143007
11,1.10402,0.104842
11,0.990945,-0.0113113
11,-0.918355,0.115828
11,-0.94454,-0.0236153
11,1.19471,0.12002
11,1.0341,-0.000840421
11,1.07802,-0.0764025
11,1.00734,0.0320861
11,-1.04546,-0.0839443
11,-0.933074,-0.0156826
11,-1.06745,-0.00168051
11,1.04632,-0.0709276
11,1.06033,-0.110636
11,1.23429,-0.0091268
11,-0.992664,0.0917867
11,-0.799186,-0.194226
11,-1.10149,-0.143219
11,0.931807,0.109085
11,-0.793433,-0.130096
11,1.17616,-0.147108
11,1.06119,-0.0987638
11,-0.994227,0.0187142
11,-1.09334,-0.0306587
11,1.03474,-0.0529383
11,0.978847,-0.0395776
11,1.08826,0.0620116
11,1.16654,-0.0340431
11,1.06017,-0.102416
11,1.03042,0.0226759
11,-0.995202,0.0586023
11,-0.970757,0.027309
11,-1.03313,-0.0615489
11,1.05537,0.0265336
11,-0.831132,0.00161391
11,0.907469,0.203855
11,-0.952906,-0.145039
11,-0.949942,0.219892
11,1.01504,-0.0316617
11,-0.759824,-0.0172025
11,-0.926025,0.00543298
11,-1.12687,-0.0594288
11,-1.03123,-0.00807909
11,0.913263,-0.128472
11,-1.01855,-0.00802229
11,-0.852582,0.208581
11,-1.08853,0.100081
11,-1.00182,-0.0363347
11,-0.929235,-0.244531
11,1.12045,-0.149693
11,1.10289,-0.0959993
11,0.967195,0.142625
11,-1.09023,0.041879
11,-0.9539,0.0686234
11,-1.06346,0.0927425
11,-0.838967,0.051095
11,0.869482,-0.0716431
11,-0.917975,0.0379305
11,0.92263,0.147278
11,-0.972466,0.0687176
11,-0.885766,0.0235822
11,1.04844,0.103064
11,0.859461,0.0451721
11,-0.992153,0.0730849
11,1.14991,0.0180084
11,0.977033,-0.0432216
11,-1.11599,-0.0960866
11,1.13865,-0.0692472
11,1.04896,0.0559314
11,0.910467,0.0443888
11,-0.871885,-0.0192761
11,-0.86763,-0.00541855
11,1.12172,0.00679874
11,-1.09741,-0.0531211
11,-0.906112,0.0298351
11,-1.07434,-0.0456604
11,1.00111,0.0462018
11,0.963789,0.129961
11,1.05609,-0.162955
11,-1.19509,-0.0254365
11,-0.957349,-0.131371
11,-1.03164,0.0368736
11,0.879253,0.187242
11,-0.869345,0.0611366
11,-0.949848,-0.00120872
11,0.815962,0.0229915
11,-1.03188,0.0918772
11,-0.881527,-0.0323182
11,1.06303,0.0920576
11,-1.08166,-0.123466
11,-0.898241,-0.0188912
11,1.1031,0.0253382
11,-0.910395,0.000605327
11,0.87234,0.0886792
11,-1.14616,0.0611226
11,-0.970193,-0.10363
11,0.967004,0.164428
11,-0.942062,-0.0719258
11,0.979012,-0.102825
11,-0.943164,-0.0872232
11,1.01496,-0.0393697
11,-0.904315,0.10189
11,0.844449,-0.0267925
11,-1.01831,0.0846166
11,1.13554,0.146737
11,-0.967895,-0.190872
11,-0.858627,0.00107276
11,-0.875421,-0.113556
11,1.11532,0.0406443
11,1.19612,0.0342083
11,-1.16883,-0.0977304
11,-0.960211,-0.00527971
11,-1.00772,-0.0494823
11,0.975049,0.0801964
11,-0.905008,0.123931
11,0.87534,-0.11116
11,0.928537,0.0761213
11,0.934323,0.0230031
11,-1.07878,-0.065334
11,0.9699,-0.0122669
11,1.05257,-0.0580248
11,-1.05238,0.0107493
11,-0.909929,0.0523809
11,-0.997116,0.0912458
11,-1.07803,0.0648126
11,-1.11896,-0.0869536
11,0.956963,0.166411
11,0.985297,0.128498
12,-0.895537,0.033987
12,-0.932421,0.0814579
12,-1.00837,0.0239493
12,-0.887591,-0.032013
12,0.980452,-0.0408834
12,-1.09076,0.114499
12,-0.956841,-0.058683
12,-1.06136,-0.0149564
12,1.01706,0.0176133
12,-0.991627,0.0778219
12,-0.950285,-0.0438154
12,-0.923557,0.0983562
12,1.08253,-0.0187397
12,-1.10419,0.0333814
12,-0.952616,0.0508638
12,-1.04582,0.0611567
12,-1.04972,0.100518
12,-0.906501,0.072538
12,-1.04227,-0.0313353
12,-1.04867,0.0316488
12,-1.094,-0.0345508
12,-1.02429,-0.0349823
12,-0.967892,-0.0478654
12,-1.08254,0.0243813
12,1.03978,0.119668
12,0.878054,-0.0242276
12,-1.02406,-0.0381527
12,1.11867,-0.0429178
12,-0.973538,-0.0984242
12,1.0903,0.00426403
12,1.03464,-0.137799
12,1.0472,-0.13335
12,-1.06374,-0.0388104
12,1.03085,0.0109176
12,0.888105,-0.0315715
12,-0.91799,0.145304
12,1.09551,-0.0557796
12,1.05918,0.0574118
12,1.04404,0.000788939
12,0.941833,0.010541
12,0.908628,0.0570672
12,1.03655,-0.0142064
12,-0.930412,0.0378611
12,1.10717,0.0136226
12,1.01181,-0.105998
12,-1.08115,-0.123038
12,1.05123,0.0294236
12,1.08768,0.0785908
12,-0.915297,0.122959
12,1.05687,0.0129594
12,-1.01605,0.0191119
12,1.07268,0.0463261
12,1.01367,0.0160781
12,-1.00982,-0.0557291
12,-1.06928,0.0407518
12,-1.00352,0.0744017
12,1.0224,0.0093672
12,1.06082,0.0248889
12,0.998583,-0.114022
12,0.898018,-0.0630015
12,-1.00151,0.0641179
12,-1.07589,0.0643221
12,-1.08037,0.0119153
12,-0.909799,-0.0571653
12,0.93406,-0.0520618
12,0.953716,-0.113567
12,1.05268,0.0487199
12,1.03449,-0.0010375
12,-0.978106,0.00786815
12,-1.02488,-0.0861392
12,0.95276,-0.115834
12,1.0967,0.0292353
12,0.958872,0.0310962
12,1.0145,0.114652
12,-0.944106,-0.00893705
12,-1.03465,0.0665098
12,-1.00921,-0.110708
12,-0.947894,-0.0821623
12,-0.971279,0.0671148
12,1.00761,-0.028282
12,-1.0477,-0.0240512
12,0.928268,-0.0675934
12,-1.00716,0.0258848
12,-1.04808,0.021117
12,-1.01239,0.178171
12,1.09673,-0.0159793
12,-0.931494,0.0830447
12,1.06025,-0.00753886
12,-1.07199,-0.076424
12,-1.08434,0.00837381
12,0.988073,0.0344888
12,1.02005,-0.0527726
12,1.00117,0.0124805
12,-1.05648,0.0709684
12,1.15419,-0.0292023
12,-1.03275,-0.011543
12,-1.02451,0.102531
12,-1.05399,-5.1663e-05
12,-1.11822,0.000695057
12,-0.951789,0.0308177
12,-1.09134,0.0415994
12,-0.987339,0.0944554
12,-0.851715,-0.0388143
12,-1.08701,-0.0917912
12,-1.00362,0.140732
12,1.06253,0.0112387
12,1.02244,0.0698985
12,0.951042,-0.0121733
12,-0.813462,0.087482
12,-1.0369,-0.0637463
12,-0.937168,-0.0223384
12,-1.08124,0.110184
12,0.946545,0.101362
12,1.09768,0.0662004
12,1.0298,-0.0190168
12,1.01927,-0.00824578
12,-0.979815,0.0761009
12,1.1202,-0.109404
12,-0.969156,0.073629
12,1.06494,0.0243172
12,0.901227,0.0436165
12,-0.93816,-0.0115292
12,-1.07746,0.11097
12,-0.99356,0.109368
12,-0.933484,-0.0344499
12,0.894021,-0.0897017
12,-0.917385,-0.0800973
12,0.956167,0.000908084
12,1.02057,-0.0931932
12,-0.992705,-0.0252437
12,0.967694,-0.0803651
12,1.09584,-0.0411526
12,-0.845327,0.0606299
12,0.984542,0.00460308
12,-1.10791,0.075639
12,1.16056,0.0949602
12,1.00196,0.0404527
12,-1.06022,0.118129
12,-1.03015,-0.103452
12,-0.954807,0.0464897
12,-0.933579,-0.0581534
12,1.06984,-0.00198317
12,0.966233,-0.0606407
12,0.997976,-0.0980707
12,1.00734,0.0605957
12,-0.852975,-0.0050869
12,1.05519,0.0202014
12,-1.04821,0.0165906
12,-0.97847,0.0295284
12,1.06093,0.076918
12,1.06829,-0.0897147
12,-1.03581,0.0140932
12,0.999358,-0.0966613
12,-1.02554,0.0132681
12,-0.934269,0.0245594
12,0.980856,-0.0533231
12,0.993054,-0.0537409
12,0.934783,0.0819853
12,0.943382,-0.0263658
12,1.04131,-0.0421651
12,1.09934,0.0379401
12,1.07266,0.0164111
12,-0.969775,0.00230648
12,-0.997338,0.0344321
12,-1.07,0.0778312
12,0.989614,0.112273
12,-0.911801,0.0501276
12,1.08629,-0.00377221
12,-0.91802,0.0108515
12,1.11639,-0.0598881
12,-1.03485,-0.00199407
12,-1.06485,-0.108645
12,-1.02277,0.104029
12,0.990343,0.0503576
12,1.02027,0.0551851
12,-1.05354,-0.0376797
12,1.06864,0.0740563
12,0.94264,0.0790358
12,1.03195,-0.0555242
12,0.993038,0.022968
12,-1.0739,0.00686359
12,-0.931859,0.0248014
12,-0.958008,-0.0352201
12,0.927663,-0.00285395
12,0.921163,0.0347676
12,-1.04489,0.0161331
12,1.17992,-0.0860562
12,0.964012,0.0534552
12,1.01788,-0.034108
12,0.924443,-0.0607796
12,-0.930916,0.0416995
12,-0.995248,0.140414
12,0.958255,-0.12074
12,0.995185,-0.0176967
12,0.914636,0.0784869
12,-1.06102,0.0493504
12,-0.90368,0.0484381
12,-0.992184,0.0223141
12,-1.03099,0.10808
12,0.920712,-0.0867692
12,-1.02004,0.0482308
12,0.981958,-0.0154638
12,-1.03107,-0.0384338
12,0.999968,0.0764635
12,1.01811,0.0861415
12,-0.936784,-0.0572745
12,1.05394,0.0530099
12,1.07032,0.0993071
12,0.975235,-0.0661164
12,-0.934778,0.0605761
12,0.891195,0.0142699
12,1.0574,0.0886706
12,1.11413,0.0705597
12,-0.988018,-0.0244357
12,-0.872192,0.0747012
12,0.928638,0.123947
12,-1.07924,-0.0495147
12,0.994951,-0.0404312
12,0.990808,-0.037861
12,-1.04589,-0.0460617
12,-0.962416,0.0373101
12,-0.893571,0.000412725
12,0.865117,-0.033267
12,-1.01725,-0.0467545
12,-0.95,0.0432169
12,-1.00905,0.0344387
12,-1.01488,0.067077
12,1.17441,0.0111927
12,0.951666,0.0922924
12,-1.05661,0.110918
12,0.988106,0.0288096
12,1.02554,-0.0608129
12,0.96647,0.00371772
12,-0.977876,-0.0445299
12,-1.01125,-0.0262147
12,-1.07314,0.0719436
12,-0.970992,-0.0783297
12,0.884152,-0.0869092
12,0.997389,0.013274
12,0.984142,-0.0449059
12,1.03164,-0.0320543
12,0.937057,0.00631078
12,-0.973827,0.0504723
12,-1.00227,-0.0202355
12,-0.975467,-0.0316974
12,-1.04164,-0.0140417
12,1.08656,0.0258874
12,1.04178,-0.064052
12,1.05747,-0.0562447
12,0.913847,-0.0448929
12,-0.927319,-0.0822079
12,-0.98082,0.0880075
12,0.964518,0.0362803
12,0.882975,-0.0103447
12,1.06168,-0.172506
12,-0.976998,-0.0255672
12,0.909489,0.0700204
12,-0.988778,0.045191
12,-1.06905,0.0389379
12,0.98297,0.0914683
12,0.995956,-0.0113617
12,-0.917109,0.137853
12,-1.06763,-0.0227043
12,0.904569,-0.11175
12,-0.975483,0.0929532
12,-1.02304,0.0772604
12,-1.0177,-0.00872789
12,1.05968,0.0635993
12,-1.07233,-0.072332
12,-0.981213,-0.0905269
12,-0.9271,0.00705273
12,1.09173,-0.0775108
12,0.922454,-0.0263954
12,0.873339,0.0185443
12,1.01116,-0.096897
12,-1.07627,-0.0629154
12,-0.842954,0.0631
12,-1.03799,0.0039979
12,-0.999572,-0.0262747
12,0.884063,-0.0572173
12,-0.979397,0.0297138
12,-1.08188,0.131167
12,-0.975414,0.0539159
12,1.13005,-0.0380816
12,-0.949905,0.113616
12,0.952635,-0.103125
12,1.02428,0.0829306
12,-1.05702,0.0645572
12,1.04449,0.0683169
12,1.02513,-0.0311875
12,1.02123,0.0252248
12,-1.09834,0.00852433
12,-1.02405,0.0107358
12,1.00849,0.0921762
12,0.93582,0.110379
12,-1.02015,-0.0457104
12,0.928976,0.129111
12,0.927565,-0.0225819
12,-0.941465,-0.0393834
12,0.851021,-0.0990347
12,-0.908889,-0.0809261
12,0.990002,0.039487
12,-1.11073,0.155956
12,0.936647,-0.0851506
12,1.02207,0.0370567
12,1.08619,-0.105388
12,0.994228,0.091892
12,0.934039,0.0242492
12,-1.00465,0.0102537
12,0.995455,-0.0083322
12,-0.983806,-0.0177234
12,1.05102,0.0378906
12,-0.977628,-0.00225906
12,0.964926,0.0917504
12,-1.03206,0.0818905
12,-1.06957,-0.0485981
12,1.01797,0.0899802
12,-1.07014,-0.0143395
12,-0.925056,-0.0537113
12,0.986906,0.0100492
12,1.09218,0.0162868
12,-0.932696,0.131616
12,-1.13201,0.0677493
12,0.981559,0.0577121
12,0.973454,-0.0724019
12,-1.08577,0.0776871
12,1.0042,0.0533586
12,-1.08148,0.0563374
12,0.990617,0.107622
12,-0.984942,-0.042477
12,-0.998905,0.0945443
12,1.00084,0.0504058
12,1.08286,0.0127652
12,-0.970765,0.0877174
12,-0.982233,-0.00985128
12,1.02812,0.00570064
12,0.972917,-0.156297
12,-0.938051,0.100109
12,-0.948928,-0.0588715
12,0.970379,-0.101267
12,-0.883652,0.0192466
12,-0.964653,-0.0658517
12,-0.969938,-0.0767755
12,0.984122,-0.050574
12,1.09768,-0.0586931
12,1.02741,0.0670206
12,1.00535,-0.0189607
12,0.988807,0.020358
12,-0.879325,-0.0489553
12,0.889936,-0.0340227
12,-0.997195,-0.0900194
12,-0.991723,0.0146209
12,0.929708,0.0786209
12,0.940512,-0.0576399
12,1.03109,0.0825085
12,0.982723,0.0090262
12,-0.987029,0.0526102
12,0.912309,0.0358943
12,0.991397,-0.0294762
12,0.943951,-0.0275138
12,1.08655,0.00141406
12,-1.0455,-0.0602706
12,0.986115,0.000564657
12,1.03916,-0.13236
12,-1.01102,-0.0760427
12,1.10531,4.37569e-05
12,-1.02916,0.0618711
12,1.0164,0.0394795
12,0.912456,-0.0952319
12,1.09325,-0.0830371
12,-1.04618,-0.106279
12,-1.07154,0.0243001
12,0.96543,-0.0168739
12,-1.17621,0.00387974
12,1.02851,-0.0254411
12,-1.04537,-0.0930281
12,-1.08707,0.00200239
12,1.08912,0.062464
12,0.943019,0.0684256
12,-0.918879,-0.0212424
12,0.909204,-0.021869
12,1.00417,-0.0411365
12,-0.987184,-0.0815556
12,0.933659,-0.0867951
12,0.966638,0.0557286
12,0.978722,0.0222055
12,-1.04935,0.0275905
12,1.03709,0.121778
12,-1.12107,-0.0518341
12,0.951155,0.0315558
12,-0.871095,0.116725
12,-1.03813,0.0114746
12,1.10948,-0.0382012
12,-1.05814,-0.0199163
12,-1.00995,-0.0115439
12,1.10328,-0.0220664
12,-1.0053,0.0318286
12,0.985688,0.0566502
12,-1.08792,-0.133163
12,0.90642,-0.0940894
12,-1.00503,0.00936693
12,0.991556,0.0140287
12,0.908341,-0.111375
12,-0.877496,0.0819873
12,-0.988035,0.0100546
12,-1.01656,-0.0486741
12,0.946658,0.0401435
12,-0.901404,-0.0301208
12,0.94992,0.0642811
12,0.944643,-0.0345137
12,-1.04047,0.0655351
12,1.0372,-0.0206746
12,1.114,-0.048259
12,1.04452,0.0252405
12,-1.08639,-0.00968885
12,0.990198,-0.00835721
12,0.923145,0.0214154
12,-0.961817,-0.0224424
12,1.07626,0.0514651
12,1.09957,0.1352
12,-1.0227,0.0189138
12,1.00706,0.0244534
12,-0.949431,-0.0724176
12,-1.08243,-0.00587933
12,0.926552,0.0205961
12,-0.983386,1.78609e-05
12,-1.0952,-0.00989575
12,-0.925229,-0.043547
12,-0.901302,-0.0385347
12,1.00482,-0.0525968
12,-0.95437,0.0404334
12,1.01933,0.0399188
12,-0.991461,-0.151226
12,1.01337,-0.0218853
12,1.0465,0.0115844
12,-0.973757,0.000611861
12,1.08248,-0.0268277
12,1.00319,0.112968
12,1.05955,0.0636869
12,-1.04683,0.017339
12,-0.943716,-0.0442416
12,0.994198,0.0719019
12,-1.09108,-0.0153593
12,0.967625,-0.0781029
12,1.04985,0.00376211
12,0.936834,0.0873794
12,-1.04771,-0.0104277
12,-1.0311,-0.0756663
12,-0.892343,-0.0646738
12,0.99983,0.0248001
12,-1.01658,0.00559457
12,-1.05644,-0.0894132
12,0.921397,0.0104575
12,1.06906,-0.0404001
12,-0.97555,0.0688704
12,0.941715,-0.117291
12,1.08728,0.0721946
12,-0.963851,-0.0979428
12,1.08605,-0.0414752
12,-1.04186,0.0699922
12,0.976816,-0.118844
12,1.01094,-0.0692668
12,-1.01947,0.0672969
12,-0.939921,0.0407145
12,-0.987287,0.00591178
12,-1.06847,0.100828
12,-0.95185,0.20495
12,1.04888,0.0315664
12,1.06173,0.173229
12,-0.960931,0.0129092
12,-0.860719,-0.0532996
12,0.991886,-0.0502486
12,-1.18327,-0.0035757
12,1.0077,-0.0112871
12,-0.909956,0.0158319
12,-1.06849,-0.0793746
12,1.00407,-0.0187271
12,1.1364,-0.0152078
12,1.04648,0.0887096
12,1.08557,0.0561294
12,1.00921,0.0263428
12,-1.01957,0.0602551
12,0.932047,0.0237346
12,0.987426,-0.078427
12,-0.904904,0.0388788
12,1.02768,0.055371
12,1.01436,0.0189294
12,1.05631,0.051807
12,1.02144,-0.104893
12,0.923311,-0.0426382
12,0.909102,0.0101806
12,1.02637,-0.0507865
12,-0.988369,0.082542
12,-1.04159,-0.00846362
12,0.898465,0.0614266
12,0.987844,-0.0966682
12,1.0118,-0.111146
12,0.940271,-0.00573836
12,-1.06924,0.0688305
12,-1.01249,-0.0744553
12,-1.0211,0.0233951
12,-1.12362,0.0458378
12,-1.09048,0.0313772
12,-1.01405,0.0714896
12,-0.957854,-0.151567
12,0.974499,-0.0111697
12,0.932213,0.0698594
12,-1.13432,0.115015
12,-1.01273,0.0896171
12,-0.999813,-0.019437
12,0.991587,-0.00507903
12,1.02643,-0.0442963
12,1.01214,0.0831511
12,0.871488,0.0167318
12,-0.925512,0.0494283
12,1.11565,0.0854746
12,-0.950286,-0.0308628
12,-1.0299,0.0679358
12,0.919558,0.0746949
12,1.14793,-0.0872185
12,0.980961,0.0216915
12,-1.0308,-0.000296984
12,0.983895,0.0624987
12,-0.948113,-0.0201861
12,-1.02617,-0.00136644
12,-0.891641,0.0622597
12,-1.093,-0.0622927
12,0.961724,-0.101273
12,-1.00951,-0.14697
12,-1.04493,0.0288735
12,-0.889362,-0.05648
12,-1.11899,0.102117
12,0.958959,0.0253413
12,-0.965175,-0.0142142
12,0.963533,-0.0124641
12,-0.977571,-0.0163437
12,-1.00339,-0.0729822
12,0.87676,-0.0626839
12,-1.02791,-0.040362
12,1.07925,-0.0188762
12,0.971339,0.0457685
12,1.06115,0.0262135
12,-1.08708,0.0101293
12,0.858996,0.0587146
12,-1.06465,0.000822062
12,-0.980977,0.0729767
12,0.90123,0.0213067
12,0.891907,-0.0179641
12,-0.971618,0.0279408
12,-1.11668,0.0443747
12,0.948883,0.0680414
12,1.01844,-0.0803441
12,-0.995536,-0.0206359
12,0.887502,-0.0809985
12,0.995537,-0.10534
12,1.05823,-0.0083808
12,1.02438,-0.0645359
12,-0.935309,-0.00435905
12,1.02878,-0.0695921
12,1.03847,0.0860755
12,0.957798,0.0315688
12,1.03573,-0.0723505
12,-0.918175,-0.0270855
12,1.10896,0.0617223
12,1.06646,-0.0505522
12,1.018,-0.093928
12,-0.975021,0.0477532
12,0.955049,0.0407598
12,0.908166,0.0958985
12,1.01971,0.0324827
12,1.00284,-0.0180829
12,0.96248,0.0398824
12,1.05721,0.00674775
12,0.953207,-0.0170691
12,-0.986929,-0.0533619
12,1.06402,-0.00965845
12,0.930934,0.0107926
12,0.975316,-0.0124989
12,0.970392,-0.0748356
12,1.08042,0.032348
12,-1.05125,-0.0589071
12,-0.989189,0.0293272
12,-0.981249,0.0172372
12,0.941329,0.0572837
12,1.10126,-0.0163463
12,0.942024,-0.0104568
12,-1.00415,-0.0433387
12,-1.07742,-0.0955082
12,-0.993465,-0.0958649
12,0.929995,-0.00949177
12,1.00586,0.108355
12,1.08809,0.0215769
12,1.12744,-0.026978
12,-0.945348,-0.0834706
12,-1.05466,0.0395569
12,-1.09515,-0.0703504
12,0.997608,0.0570695
12,-0.964801,0.124962
12,0.948385,-0.034397
12,-1.02838,0.0413778
12,-1.0694,-0.0462614
12,0.896906,0.00216499
12,0.994171,0.0513355
12,-1.03893,0.00102029
12,1.01264,-0.0232187
12,1.03008,0.104453
12,0.996559,-0.0146398
12,-0.97849,-0.0761627
12,0.9352,-0.0468705
12,0.98612,-0.0843729
12,0.827634,-0.0627305
12,-0.957973,0.0764955
12,-0.986233,0.0348832
12,-0.958987,0.028479
12,-1.06036,0.126588
12,-0.975188,0.073943
12,1.06938,-0.0165392
12,-1.06889,0.0746161
12,0.977742,-0.0639643
12,1.09137,0.0535376
12,1.07317,-0.168966
12,-1.00675,-0.0226959
12,0.957422,-0.0713387
12,-1.00129,0.0794984
12,0.959633,0.0264035
12,-1.09589,-0.114392
12,1.04399,-0.0128665
12,1.11803,0.0574173
12,1.06191,-0.0982553
12,0.988494,0.00878179
12,-0.908845,0.0552679
12,0.981658,-0.0268065
12,-0.94714,0.0578227
12,-1.0016,0.00273278
12,0.937536,-0.0566058
12,0.920914,0.0581686
12,1.07409,-0.0433609
12,-1.04459,-0.126188
12,-1.00459,0.100743
12,1.05187,0.0777549
12,0.919426,0.0559628
12,-0.924341,-0.0293175
12,0.871194,-0.0287268
12,1.04807,0.0826205
12,0.994028,-0.0231773
12,0.979625,0.0910229
12,1.01136,-0.0676526
12,1.13286,0.0493721
12,-1.12171,0.00553964
12,0.929165,0.0764368
12,1.06156,0.0613656
12,-0.965096,-0.0212648
12,0.972569,-0.00779541
12,-0.930289,0.17333
12,-0.945993,-0.00597542
12,-1.02018,-0.12583
12,-0.96157,0.036033
12,-1.04773,-0.0771223
12,0.989464,-0.0455187
12,0.891708,-0.118103
12,1.0597,0.0464843
12,0.982203,0.0612277
12,-0.961372,0.0737937
12,-1.01981,0.0294361
12,1.01949,-0.0456228
12,-1.04851,0.0202137
12,-0.939699,0.0966808
12,-0.943618,0.0684185
12,0.969831,-0.0145427
12,-0.957524,0.0371798
12,1.08511,-0.0264564
12,-0.954588,0.02647
12,1.01638,-0.0633521
12,0.943747,-0.0705567
12,1.043,-0.0807469
12,1.02136,-0.0274881
12,-0.976312,0.0182097
12,-0.936897,-0.0996672
12,0.990291,0.0541606
12,1.03253,-0.027569
12,0.876283,-0.0272488
12,-1.06273,-0.113204
12,-0.930999,0.00673964
12,-0.973166,0.0676514
12,1.06214,-0.0413638
12,-1.00627,-0.0888283
12,0.959569,-0.00017878
12,1.03971,0.0340128
12,0.80222,0.0119793
12,0.967243,0.0332738
12,-0.978223,0.0770369
12,1.01606,-0.0200592
12,1.02512,-0.00863998
12,-1.08047,-0.0546832
12,0.996043,-0.0831582
12,0.972447,-0.0793162
12,-0.883573,-0.0505345
12,0.878222,-0.032529
12,-0.982808,-0.105276
12,-1.04825,-0.0370139
12,-1.04902,0.0578967
12,0.996117,0.0994027
12,1.10241,0.0176733
12,1.05385,0.095517
12,0.994712,0.0133618
12,-0.961013,-0.0936594
12,-0.921044,-0.0143566
12,-0.927808,-0.0034347
12,-0.977962,0.0122846
12,-1.05733,-0.00867888
12,-1.05239,0.0121895
12,0.947793,-0.116575
12,1.05866,-0.0433207
12,1.11155,-0.0148697
12,0.904324,-0.109218
12,0.917403,0.0831925
12,-1.01592,0.0821996
12,-0.932157,-0.0234044
12,-1.00453,-0.0891723
12,-1.02551,0.0170423
12,-0.929108,0.0519808
12,-0.996478,0.0116188
12,-1.08808,-0.0149619
12,0.957235,-0.00539946
12,0.979128,0.019352
12,-1.01794,0.00550389
12,-1.00364,-0.0437439
12,-1.00791,-0.124227
12,-0.9977,0.020343
12,0.93813,0.0157336
12,-1.03674,0.0547759
12,-1.05531,0.0297021
12,0.986603,-0.046458
12,-0.854313,-0.033436
12,0.980881,0.0316615
12,-1.02492,-0.0518479
12,-0.885284,-0.0224787
12,-1.07532,-0.0408055
12,-1.01701,-0.040779
12,-0.953783,0.0441813
12,1.09923,0.0674557
12,-0.99006,0.0517118
12,1.04667,0.040739
12,-1.07535,-0.0952628
12,-1.10078,-0.0233846
12,-1.02185,0.00308939
12,-1.00932,-0.056637
12,-0.986713,0.012074
12,-0.987848,0.0502951
12,0.978511,-0.00993811
12,-0.911383,-0.0250521
12,-0.988139,-0.0911977
12,1.10397,0.0285312
12,0.993889,-0.0504348
12,-0.927688,0.0340654
12,0.99178,0.101769
12,1.04372,0.00837278
12,-1.06899,-0.0683634
12,1.1011,0.0324169
12,-1.00928,0.00268617
12,-0.862278,-0.0403607
12,-1.0033,0.0675619
12,0.955,0.0112519
12,1.00809,0.0859798
12,-1.01791,-0.0708771
12,1.00877,-0.00560917
12,0.8797,0.0872411
12,1.04998,0.0869798
12,0.97209,0.061385
12,-1.03406,0.0810867
12,0.932143,0.0288422
12,0.973321,-0.0971369
12,-1.06824,0.00906595
12,-1.06529,0.0232397
12,0.931814,-0.104527
12,-0.999093,-0.0691437
12,-0.964473,0.0121166
12,-1.12465,0.0439065
12,-0.973786,0.0806949
12,-0.950912,-0.00655555
12,0.879164,0.00184374
12,-0.94505,-0.0720722
12,-0.936017,0.0712222
12,-1.00417,-0.0169989
12,1.08194,-0.0727892
12,0.859962,-0.102513
12,-0.972727,-0.105816
12,-1.10926,0.0455487
12,1.09475,-0.0442965
12,-1.04288,-0.0426341
12,-0.893327,-0.0792117
12,-1.05546,0.0557639
12,1.06109,0.00134952
12,-0.997647,-0.0783437
12,-1.08986,0.0375485
12,-1.08571,0.152958
12,0.917664,-0.0574732
12,1.04069,0.00193637
12,0.929096,0.00619023
12,-1.12041,-0.139148
12,0.906159,0.0478257
12,1.00133,0.112408
12,-0.973495,0.0546499
12,-0.976903,-0.0427231
12,-0.901483,0.0966339
12,-0.971116,-0.0312663
12,0.996672,0.110481
12,-0.905475,-0.0243875
12,0.908031,0.0343801
12,1.01827,0.00703071
12,-1.07271,-0.0238724
12,0.997586,0.0714307
12,1.08072,0.0804574
12,-1.13054,-0.00907389
12,-0.995562,-0.0813293
12,-0.992918,0.0269655
12,-1.14009,-0.00188457
12,-1.08494,0.119424
12,-0.943879,-0.0896876
12,-1.01419,-0.0408206
12,-0.878987,0.0852907
12,-0.973793,0.0336358
12,1.02303,-0.112348
12,1.05651,-0.00840189
12,-1.08739,0.0289634
12,-1.03785,-0.0164452
12,0.968274,0.064775
12,-0.891561,0.0727885
12,-0.952424,0.109005
12,-0.91342,0.0104573
12,-1.10656,0.000185846
12,-0.991118,-0.130583
12,1.05591,-0.0215629
12,-1.03337,0.00606624
12,-1.04026,0.00594178
12,0.944102,0.0808951
12,1.05853,-0.0445064
12,-0.93571,0.0444496
12,-1.02391,-0.0268351
12,0.968446,0.0882832
12,1.00737,-0.067286
12,-0.958631,0.00114342
12,0.977161,-0.005729
12,0.913926,-0.00747372
12,-0.820926,0.106938
12,-1.0067,-0.0667925
12,-1.11006,-0.138421
12,-1.0067,0.0865578
12,0.933015,0.0931465
12,-0.987507,0.00491776
12,1.02674,-0.00365965
12,-1.15435,0.0160928
12,0.968253,0.00113286
12,0.938026,0.0203659
12,0.937338,-0.0708013
12,1.05546,-0.00518551
12,-0.901639,0.00367862
12,0.936224,-0.0495744
12,0.99318,-0.0519522
12,-1.12146,0.00325727
12,0.964963,0.0128112
12,-0.919982,0.0530389
12,1.06634,0.0595461
12,0.954011,-0.100447
12,0.956215,0.051914
12,0.924309,0.0463042
12,0.891489,-0.0234042
12,1.06962,-0.0480185
12,0.953615,-0.0234466
12,1.09388,-0.0788293
12,0.991566,0.0308145
12,1.03784,-0.0143946
12,-0.960277,0.144868
12,-1.01113,-0.124449
12,1.03503,0.0116385
12,1.01205,-0.0570856
12,0.92633,0.0289323
12,0.881327,-0.0688063
12,-0.931543,0.0124012
12,-1.03426,0.0552211
12,-0.915413,0.127686
12,0.862792,-0.00690351
12,1.03944,0.0846948
12,-0.972047,0.0855104
12,1.03524,-0.0320447
12,0.930084,0.0284045
12,-0.933998,0.081727
12,0.917898,0.0449622
12,-0.922144,0.0661836
12,-0.975169,0.0303889
12,-1.03703,0.0347188
12,1.0323,-0.0561637
12,0.987872,0.0256961
12,-0.878342,0.00880501
12,-0.911667,-0.145337
12,1.06873,-0.0455391
12,-0.985109,0.0657519
12,-0.962006,-0.0818636
12,-1.1037,0.058464
12,0.971091,0.114436
12,1.02446,-0.047505
12,-1.01158,0.0962474
12,1.03994,-0.0422917
12,-1.05815,0.00619657
12,1.01289,-0.0596071
12,0.991095,-0.04313
12,0.914821,-0.102529
12,-0.980001,0.0488855
12,1.07445,0.141667
12,1.00659,0.00477713
12,-1.09121,0.0988593
12,-0.941987,0.0237557
12,1.00893,0.0565052
12,-0.996697,0.0442288
12,-1.01845,0.00419615
12,0.907774,-0.0441365
12,1.03472,-0.042345
12,0.907115,0.067389
12,-1.08186,0.054532
12,-1.03826,-0.0661904
12,-1.06064,0.0311582
12,0.939699,-0.0822205
12,1.08748,0.0434099
12,0.973198,0.106783
12,-1.0355,-0.0250563
12,-0.988792,-0.00823587
12,0.912935,-0.0184927
12,-0.983616,-0.0876206
12,-0.899195,0.0588327
12,0.863028,0.0232324
12,-0.984585,0.0752153
12,-1.11837,0.0444724
12,1.01331,0.0334852
12,0.948325,-0.0767492
12,-0.944408,0.0214154
12,1.0049,-0.0312414
12,1.0608,-0.0702915
12,-1.08358,0.00523328
12,1.02719,0.0428604
12,0.963446,0.0213577
12,1.18765,-0.099242
12,-0.976481,-0.00775609
12,0.954272,0.0118316
12,1.10194,-0.0239579
12,1.03272,0.0356803
12,-0.96909,-0.0391145
12,-0.949144,0.112572
12,-1.12674,-0.0379722
12,0.96292,-0.038347
12,1.06611,-0.0703607
12,1.02435,-0.000831541
12,-0.949384,0.0271631
12,0.965463,0.163507
12,0.936288,0.00186099
12,1.0008,0.0363385
12,1.03384,0.0198791
12,1.03052,0.116467
12,-0.952626,0.0201844
12,0.975623,-0.00367439
12,-1.05834,-0.0212219
12,-0.971797,-0.121477
12,-1.03136,0.115879
12,0.984361,0.0778723
12,-0.967591,0.113561
12,0.972258,-0.00727112
12,1.06999,0.0192286
12,1.05274,-0.0428844
12,1.03113,0.095048
12,1.07789,0.000638549
12,1.04677,0.00900775
12,-1.04934,-0.0273234
12,-0.933696,0.0310053
12,1.038,0.0609078
12,-1.13469,0.064751
12,-1.07252,0.0362104
12,0.993901,-0.0255293
12,0.882809,0.0845505
12,-1.07401,-0.0493045
12,0.928585,0.0162973
12,-1.10326,-0.0288591
12,-1.00554,0.131776
12,-0.954791,-0.000269441
12,-0.966461,0.0276142
12,-0.997084,-0.0418176
12,-0.992606,-0.0405065
12,0.923822,0.0314174
12,1.06059,0.112066
12,0.942695,0.0929944
12,1.02931,-0.0204144
12,-1.04798,-0.142116
12,-0.934447,-0.0172726
12,-0.971085,-0.0656203
12,-1.03047,0.0787896
12,0.932517,-0.00926207
12,-0.925267,-0.072042
12,0.92198,0.109313
12,-0.93384,0.0744363
12,-1.11856,-0.0418393
12,-0.993299,-0.0652751
12,0.997324,0.0565239
12,1.02942,0.0279323
12,-1.02451,0.097409
12,-1.00439,0.0211762
12,1.01149,-0.0756957
12,1.06666,-0.113622
12,0.981266,-0.00922886
12,0.891441,-0.0730262
12,-0.953296,-0.0818525
12,1.12675,0.105945
12,1.07294,-0.0704116
12,-1.10907,0.0511025
12,0.931914,0.088251
12,-1.03612,-0.0823338
12,-1.07084,0.00324929
12,-0.96076,0.0456562
12,0.920152,-0.00663128
12,0.944239,-0.0477413
12,0.929703,0.0178111
12,1.08517,-0.0170121
12,-1.0439,-0.101598
12,-0.981899,0.0808059
12,0.951247,-0.0379837
12,-1.09647,-0.0235326
12,-0.970707,-0.0978739
12,-1.02944,-0.0598284
12,-1.00755,-0.0982655
12,-0.953098,0.0520327
12,-0.965352,0.109446
12,0.936392,0.0270103
12,-1.06186,-0.0222063
12,1.03132,-0.0102601
12,-0.947094,0.103744
12,-1.03405,0.0830499
12,-1.13907,0.0213811
12,-1.0084,0.0176865
12,0.970403,0.0486505
12,0.924518,-0.0369202
12,0.975089,-0.066012
12,1.02857,0.0722344
12,-0.848661,-0.017604
12,-0.919677,0.0800886
12,-1.14207,-0.0770573
12,1.00401,-0.112169
12,0.929009,-0.0361123
12,0.936462,-0.0066989
12,-1.00018,0.0235119
12,-1.03836,0.0313739
12,1.06259,0.00289091
12,-0.964361,0.0139917
12,-1.05262,-0.0331424
12,-1.00149,0.00593985
12,1.07101,0.0326424
12,0.982604,-0.158633
12,0.948763,-0.0675651
12,1.06086,-0.0033686
12,1.07603,-0.0201081
12,1.04458,0.0285087
12,1.00886,0.0107038
12,1.05912,-0.00599268
12,0.899809,-0.00354682
12,0.999276,0.0626734
12,1.06695,-0.0537259
12,-1.03366,-0.063798
12,0.923445,-0.0178038
12,-0.934894,0.0495243
12,0.944774,0.0556675
12,0.921031,-0.00185137
12,-1.07763,-0.0513071
12,-1.03829,-0.0323249
12,-1.00303,0.0272915
12,1.03208,0.0373314
12,1.0629,0.0265395
12,1.0759,0.119791
12,0.94787,-0.0265799
12,0.98074,0.0410794
12,1.07482,0.0119939
12,-1.00807,-0.0398004
12,1.02417,0.0379931
12,-0.941158,0.0719494
12,-0.922184,-0.0291447
12,-1.02451,0.0472236
12,1.06896,-0.0482922
12,-0.9744,-0.0318518
12,-1.07256,0.023081
12,1.04463,-0.0860509
12,1.07048,-0.0590355
12,0.911482,0.101604
12,1.08381,-0.0395155
12,-0.958581,0.0142699
12,0.936008,-0.0130674
12,0.944434,-0.00942892
12,-0.951041,-0.014751
12,0.964653,0.0546214
12,-0.999845,-0.015335
12,1.08685,0.0110466
12,-0.933477,-0.0466364
12,1.01943,-0.0399867
12,0.958884,0.0158194
12,1.10294,-0.0440077
12,-0.906034,-0.111564
12,-0.973018,0.103934
12,0.996408,-0.0084128
12,-0.964729,0.0148202
12,-1.04084,0.0471046
12,-1.05803,0.0495403
12,-1.04828,0.0575482
12,-1.05328,0.0448524
12,-0.966242,0.000350886
12,-0.880809,0.0304787
12,-0.907793,0.0121024
12,-0.985526,0.0252886
12,0.997761,0.10075
12,-0.955001,-0.0824723
12,1.03617,0.0889125
12,0.914726,-0.046323
12,0.977321,0.0183621
12,1.02309,-0.105136
12,-1.04295,-0.0572941
12,-1.04959,-0.0981788
12,0.939819,0.0681277
12,1.06683,0.0440141
12,-1.04951,0.00523429
12,0.988306,-0.058926
12,-1.05056,0.0332974
12,1.03679,0.0944814
12,-1.03479,0.0749272
12,0.966374,-0.0653086
12,0.928698,-0.0593339
12,0.959964,-0.0917002
12,-0.965304,0.0100965
12,-0.962228,-0.0235896
12,1.00406,-0.0147707
12,0.982238,-0.0536001
12,0.977924,0.0245741
12,0.964357,0.0475415
12,-1.04051,0.0725079
12,-1.19002,-0.100062
12,1.03234,0.0874854
12,-1.06836,0.126554
12,-0.978826,0.0305508
12,-0.997098,0.00110407
12,1.02961,0.05483
12,0.960785,0.0803611
12,0.946335,0.0728193
12,-0.897169,0.0504426
12,-1.03263,0.0678689
12,0.857768,0.106687
12,-0.942481,0.0282109
12,-0.838783,-0.098513
12,1.06065,0.0202688
12,0.963831,0.0613695
12,-1.06892,-0.102209
12,-1.01346,0.0317996
12,1.01171,0.00844131
12,1.11153,-0.0081649
12,-0.905074,0.0403737
12,1.00952,0.0154938
12,1.0018,0.0949636
12,1.08576,0.0680675
12,1.00433,0.00482822
12,1.00204,0.0350406
12,-0.849401,0.10174
12,-0.95485,0.0101543
12,0.98199,-0.0790275
12,1.03649,0.0759634
12,-1.07301,0.08661
12,0.938702,0.0360464
12,1.00547,-0.158736
12,-1.03313,-0.00211859
12,-0.908446,-0.0160388
12,1.03839,0.0697413
12,0.99084,0.00950107
12,0.931131,0.00532431
12,-1.00563,-0.0185493
12,-0.954052,-0.115328
12,-1.09484,0.019158
12,-1.01707,-0.0257179
12,1.01163,-0.0460635
12,0.927064,0.0132756
12,1.00882,-0.0109542
12,-0.991904,0.0411884
12,-1.02796,0.0958089
12,-1.09841,0.0908898
12,-1.0552,0.0650659
12,1.01512,0.0572172
12,-0.887299,0.133599
12,-1.02981,-0.0127281
12,-0.921206,0.0687544
12,1.1163,-0.0204109
12,1.00566,-0.00399694
12,1.01406,-0.0152244
12,0.972025,0.0344104
12,0.951808,0.0609748
12,-0.988597,-0.0398394
12,-1.07441,0.0155312
12,-1.10706,-0.0545578
12,0.983823,-0.0518325
12,0.963114,0.00768576
12,0.975761,0.0330518
12,0.944232,0.0816883
12,-1.08867,0.0253265
12,-1.0959,-0.0429359
12,1.05315,0.0874182
12,-0.961017,0.0960054
12,-0.983238,-0.0317468
12,0.945206,-0.0235749
12,-1.02327,0.0420315
12,0.884988,-0.04887
12,-0.963015,-0.0218012
12,1.07812,-0.0575555
12,-1.0033,0.0580804
12,-0.957828,0.116176
12,1.11012,-0.056684
12,-1.07064,-0.0181324
12,-1.01539,0.0690706
12,-1.01673,0.0065056
12,-1.06201,0.0860923
12,-1.10922,0.0500699
12,-0.886672,0.0753142
12,-0.983338,0.0997941
12,0.980221,0.0317663
12,-0.91385,-0.0471003
12,0.962688,-0.126306
12,1.0252,0.0412105
12,-1.02729,0.0136769
12,1.02123,0.0304989
12,-0.982269,-0.0039958
12,-0.93426,-0.0184643
12,1.04212,0.0298809
12,-1.0999,-0.0326144
12,-0.971353,-0.0881073
12,1.07703,-0.026173
12,-1.05405,0.0944266
12,-0.87311,0.0724073
12,-0.960003,0.00363772
12,-0.979421,0.0646643
12,-0.966171,-0.00728488
12,-1.0818,0.0733793
12,-0.981404,-0.155147
12,1.01988,-0.00673933
12,0.947438,-0.0614707
12,0.937577,0.0673694
12,-0.984276,0.0142909
12,-1.07423,-0.0733169
12,-0.965958,-0.0933419
12,0.943142,-0.0060347
12,-0.831357,0.045399
12,0.947589,-0.0639833
12,-0.881475,-0.0527431
12,-0.942191,-0.0118863
12,1.04693,0.107564
12,0.986942,-0.100147
12,0.988344,-0.0461948
12,-0.969316,0.0127226
12,-0.957071,0.00984865
12,-1.01564,-0.0486345
12,-1.12692,0.0853759
12,-1.01176,-0.052368
12,0.957497,0.0045805
12,-1.09799,-0.0286212
12,1.11239,0.0183862
12,-1.0114,0.0166109
12,-1.09741,-0.00424241
12,-0.952388,0.0224264
12,-1.04651,0.0162853
12,-1.01286,0.0157865
12,1.04451,0.0433199
12,-1.01845,0.0495785
12,-1.06526,-0.0323012
12,1.02461,0.0397962
12,-1.06823,-0.0789766
12,-1.03023,0.0588825
12,1.00378,-0.0230897
12,1.0835,0.00174015
12,0.936028,0.0323553
12,-0.974327,-0.0166008
12,1.03963,0.104406
12,-0.930585,-0.0267915
12,-0.965658,-0.031783
12,0.936963,0.0325225
12,-1.052,-0.0328418
12,-0.995798,0.0272853
12,1.06779,0.0724215
12,1.0291,-0.0117795
12,1.06033,0.0471945
12,-0.953645,0.0849019
12,1.03117,0.069532
12,-1.02317,-0.0641127
12,-1.11332,0.081407
12,-1.05606,0.0216886
12,0.942303,-0.0219427
12,-0.950573,0.0679937
12,-1.00333,-0.103388
12,-0.985538,0.101724
12,-1.0255,-0.0727339
12,-0.961337,-0.0270331
12,-1.07924,-0.0129236
12,-0.915186,0.0194001
12,0.909582,-0.0383816
12,-0.975157,-0.0185974
12,0.963019,-0.0295441
12,0.949503,0.0282765
12,1.06683,0.0619721
12,0.946993,0.042213
12,-0.993314,0.0742657
12,1.05747,-0.0630533
12,1.01402,0.104379
12,-0.948153,-0.0599099
12,-1.06477,-0.0322434
12,-0.909473,0.011856
12,-0.972294,0.0355455
12,0.788676,0.184024
12,-1.05631,-0.0767223
12,-0.989193,-0.0668354
12,-1.11099,0.0510914
12,0.878871,0.0273297
12,-0.96556,0.0291198
12,1.06332,-0.0757852
12,0.994693,0.0296429
12,-0.968311,0.109401
12,-0.950639,0.0469317
12,1.08541,-0.0816055
12,-1.04826,0.0712522
12,-0.916602,0.0794058
12,1.05689,-0.0890501
12,-0.933133,0.0293715
12,1.00383,0.051914
12,-0.911879,-0.0712007
12,-1.10337,-0.104749
12,-0.927727,0.104833
12,-0.937035,-0.0327531
12,-1.05926,0.0811137
12,0.933119,-0.0675106
12,1.00192,0.147286
12,-1.04801,0.0445003
12,0.936636,0.0767835
12,1.00687,-0.00422802
12,0.975433,0.0957397
12,-0.972407,0.000748591
12,-0.936422,0.0871954
12,1.06194,-0.0605357
12,0.966451,0.106993
12,-1.00276,0.0455475
12,-0.91447,0.0216673
12,-1.03683,0.046391
12,-0.94202,0.0951621
12,1.02881,0.0280256
12,0.950117,0.0766105
12,0.995967,-0.000401541
12,0.991506,-0.0654895
12,-1.05195,-0.0560203
12,1.01071,-0.130863
12,0.982377,0.0765686
12,-1.04372,-0.00943432
12,-0.845231,-0.00964006
12,1.02165,-0.0712574
12,0.960282,-0.17997
12,1.00208,0.0088534
12,1.02003,0.0146147
12,-0.957587,0.0755239
12,1.1683,-0.0227899
12,-0.93101,-0.0563462
12,0.960996,0.00308565
12,0.928497,0.0276111
12,-1.12455,-0.0459061
12,0.969301,0.0259341
12,1.05089,0.027637
12,1.06182,0.0677221
12,0.889091,0.148964
12,-1.12456,0.0243438
12,-1.04831,-0.0967824
12,0.971984,-0.21074
12,1.04691,0.0407368
12,0.964424,-0.0696717
12,-1.07987,-0.00709047
12,0.925403,0.0226252
12,0.968051,0.0229757
12,-0.847601,-0.0132552
12,0.95185,0.0117427
12,-0.957845,0.019382
12,1.05976,-0.000194723
12,-0.979687,-0.0210367
12,1.04588,0.083691
12,-0.99343,0.0514908
12,1.05757,-0.0351162
12,-0.917345,-0.0525238
12,1.08753,-0.0574719
12,-0.908749,-0.141658
12,-0.941277,0.0230248
12,1.04666,-0.00608163
12,-0.915129,-0.0454096
12,-0.911823,0.0213857
12,-0.931613,-0.0300025
12,-1.02825,0.00653502
12,-1.02671,0.0102571
12,-1.01602,-0.0728443
12,-0.956191,-0.0809397
12,-0.995178,0.00668236
12,1.07895,-0.0728476
12,1.01173,-0.114436
12,-0.926589,-0.0720971
12,-0.936272,-0.070509
12,0.978322,0.00609682
12,-0.980816,-0.0537636
12,1.07255,-0.0423482
12,-0.881756,-0.0283609
12,-0.953709,-0.0279351
12,0.988213,-0.0956708
12,0.977741,0.0218757
12,1.06514,-0.0639565
12,-0.942615,0.0398065
12,-0.98114,-0.0747689
12,0.997733,-0.0819969
12,-0.986738,-0.044664
12,1.0481,0.0338269
12,-1.08401,-0.0282798
12,-1.02635,-0.0202958
12,-0.920451,0.0795355
12,0.989347,0.121556
12,-1.03207,0.0141229
12,0.972974,-0.0901939
12,-0.979562,0.163264
12,0.975617,0.0394781
12,-0.95273,-0.000158362
12,-0.834472,-0.0844552
12,-0.97088,-0.0976013
12,-1.02508,-0.0412555
12,-0.887204,0.0467952
12,0.892903,-0.0769569
12,1.05021,0.0664814
12,1.04098,0.0389966
12,1.01874,-0.0214113
12,-0.916828,0.109973
12,-1.04063,0.0667823
12,-1.04434,-0.0570377
12,-0.930964,0.0212299
12,-0.992546,0.122639
12,0.883629,0.0872075
12,-1.07112,-0.0207725
12,-1.00049,-0.0441439
12,0.94896,-0.00641603
12,1.0388,-0.0146648
12,1.04362,-0.0293392
12,0.885566,-0.000795255
12,-0.929142,-0.0844863
12,1.02021,-0.0667878
12,0.993571,0.0298457
12,-1.00662,0.11486
12,1.02885,0.0173421
12,-1.088,0.0495596
12,0.974529,-0.0302591
12,0.965523,-0.0670606
12,0.950396,-0.0694669
12,-1.04564,-0.0520447
12,-0.910898,0.0471326
12,-1.06331,0.00999088
12,-1.03898,-0.0207814
12,-1.01376,-0.0388346
12,1.05212,0.0465602
12,0.977635,0.0498764
12,-1.06144,-0.0550375
12,0.961222,-0.0835838
12,1.01348,0.0144764
12,-1.04192,0.0712027
12,0.992822,0.023192
12,-0.932915,-0.0590713
12,0.900807,-0.0571737
12,0.899994,0.00573672
12,0.977545,0.0084492
12,-1.01402,-0.105715
12,0.873451,0.0267225
12,1.04587,0.014168
12,0.913856,-0.0602551
12,1.04225,-0.0616852
12,0.943199,0.0439723
12,1.11082,0.162294
12,-0.968612,0.0663811
12,-1.10082,-0.0759153
12,-0.975437,0.1358
12,-1.08945,0.045693
12,1.0004,0.0734136
12,-0.988901,-0.0209217
12,-1.00288,0.0422206
12,1.16782,-0.0459171
12,-1.00069,-0.0265834
12,-0.980575,0.0102569
12,1.07034,-0.0202982
12,-1.11172,0.0777615
12,0.952977,-0.0370783
12,-1.03567,-0.00285151
12,-1.04568,0.0547724
12,-0.986686,0.0789766
12,0.896167,0.00755467
12,0.934036,0.0758491
12,0.964501,-0.0408974
12,0.996168,0.003103
12,0.961716,-0.0577232
12,0.99157,-0.0219595
12,0.940827,0.0464207
12,0.955764,-0.157329
13,0.914751,-0.0895634
13,1.05432,0.0308904
13,1.06626,-0.0203136
13,-0.938237,-0.0323671
13,1.00424,-0.0379991
13,0.991688,-0.0301788
13,-0.956917,-0.0219595
13,-0.986724,-0.0718604
13,0.914298,-0.0294247
13,-1.05038,-0.0452927
13,1.01051,0.00283537
13,0.956772,0.0786244
13,-0.962999,0.0163867
13,-1.02217,-0.0693106
13,-1.04223,-0.0164883
13,-1.00192,0.0329577
13,-1.06044,-0.0520583
13,-1.00397,-0.0396898
13,1.06363,-0.0895604
13,-1.00233,0.0123798
13,-0.965197,-0.0206704
13,-0.984348,0.0335563
13,-1.03901,0.0656952
13,1.02981,0.0521335
13,-0.929132,0.0411963
13,-1.00682,0.0174917
13,-0.953923,-0.00443357
13,-0.953342,0.00263608
13,0.972775,0.017395
13,0.98913,-0.0483343
13,1.0694,0.0548621
13,0.936193,0.0055833
13,1.0122,-0.0139406
13,1.01499,-0.043692
13,-0.916888,-0.00910459
13,-1.02101,-0.0385713
13,1.02805,0.0480745
13,0.995639,-0.0561125
13,0.975823,-0.0521064
13,0.950646,0.0157464
13,-0.905052,0.015952
13,-0.963421,-0.0161297
13,0.976686,0.0275126
13,-1.08152,0.137996
13,-1.01351,-0.0335233
13,1.03626,-0.0933618
13,0.963119,0.0475837
13,0.958418,-0.0077039
13,-0.911526,0.0295425
13,0.979118,0.0183006
13,0.973417,-0.0452443
13,0.989159,-0.0144844
13,1.01897,0.11301
13,-1.0475,-0.0606013
13,1.0842,-0.0341029
13,-0.892564,-0.121136
13,0.997799,0.0344131
13,1.09083,-0.00509113
13,0.950619,0.0308002
13,-0.913044,-0.0612558
13,0.973952,0.0475748
13,-0.942787,0.041749
13,0.962383,-0.0995472
13,0.882937,-0.00363685
13,0.984433,-0.0335667
13,0.97671,0.0141228
13,-1.05811,0.00656965
13,0.976784,-0.0531156
13,-0.939827,0.137545
13,-0.961991,0.0130726
13,0.996076,-0.0356456
13,-1.01646,0.0991187
13,-1.04721,0.0633944
13,-1.00274,-0.0224672
13,-0.980516,-0.0591712
13,-0.951081,-0.0967109
13,1.01801,-0.0229374
13,0.868618,0.00787179
13,0.975389,0.0839029
13,-0.960253,-0.0994807
13,0.981703,-0.115731
13,-1.01185,-0.0698634
13,-1.04353,-0.0762916
13,-1.04079,-0.0654558
13,-1.00946,0.0495757
13,1.00979,0.0416154
13,0.994849,-0.0335879
13,0.977774,-0.0824868
13,1.02611,-0.00261988
13,0.976578,-0.00842737
13,-1.00537,-0.0871276
13,0.953206,-0.0392497
13,-0.990209,-0.0948454
13,-0.997659,0.0145402
13,-0.985017,0.00526505
13,-0.996128,-0.00525303
13,-1.10891,0.0689933
13,-0.991466,0.000637906
13,0.953558,0.00321246
13,0.998276,0.0616118
13,0.998491,-0.0300549
13,-1.0991,0.0779821
13,-1.04169,0.071028
13,0.890819,0.048636
13,-1.04884,0.0196644
13,-1.03606,-0.0505563
13,-0.978642,-0.00356844
13,1.01369,0.0870024
13,-1.00982,0.000425689
13,0.941267,0.0745016
13,-1.08913,-0.0213443
13,0.978825,0.0367253
13,-1.04634,0.0242477
13,-0.966214,-0.00394287
13,-1.01065,0.0420931
13,-1.00925,0.0968806
13,-0.938505,0.0638848
13,1.08103,-0.0545936
13,-0.907726,-0.106811
13,-0.984935,0.113254
13,0.961382,-0.0646712
13,-0.931965,-0.0061448
13,1.06423,0.103473
13,1.00008,0.070842
13,0.882113,-0.0474912
13,-1.00382,0.0472158
13,1.04669,0.00179912
13,1.00493,0.0607868
13,0.937179,0.00958502
13,0.95154,0.0325332
13,0.954938,0.035759
13,-0.98395,0.042681
13,1.01411,-0.011175
13,-0.990821,0.0220836
13,1.00839,0.0194246
13,-1.07656,-0.0327351
13,-0.945547,0.122214
13,0.962689,0.0784293
13,-0.897659,-0.0772233
13,-0.989171,-0.0451967
13,-0.947662,-0.0349159
13,-1.09929,0.116654
13,-0.981588,-0.0684231
13,-1.10024,-0.000565023
13,0.99628,0.0815139
13,0.971021,-0.0296556
13,1.01045,-0.0743298
13,1.07479,0.0643803
13,1.00232,0.0171471
13,1.01836,-0.00398048
13,-1.0137,0.0299477
13,-0.991502,-0.0102762
13,-1.03665,-0.019037
13,0.983295,0.0350752
13,1.03148,-0.0745907
13,1.00785,-0.0157559
13,-0.967841,0.00602449
13,0.983625,0.01262
13,-0.986854,0.0320683
13,0.932909,-0.0301274
13,-0.973821,-0.0439221
13,1.06995,-0.0959789
13,0.850945,0.0329304
13,-0.996866,0.00884577
13,0.945901,-0.0120026
13,-0.999416,0.100033
13,0.935622,0.0192289
13,-1.0143,0.00334451
13,-1.02593,0.0696922
13,0.954517,-0.00760935
13,1.03314,-0.0405809
13,-0.965612,0.0130435
13,1.00523,0.122209
13,-0.958664,0.101265
13,-0.959005,0.0393816
13,1.00307,-0.0359662
13,1.00518,-0.0413193
13,0.968396,0.00240187
13,-1.02976,0.00377599
13,1.07965,0.00460482
13,-0.999754,0.0822706
13,-0.963163,-0.0244234
13,1.04445,-0.00515021
13,-0.972425,-0.00387274
13,-0.984515,-0.0903841
13,-0.979678,0.00406854
13,1.0048,-0.00452099
13,-0.981631,0.0260811
13,-1.04325,-0.0525063
13,1.04108,-0.0279884
13,-1.07257,0.0487434
13,1.01786,0.0432405
13,1.04405,0.00157082
13,0.965645,-0.0212301
13,-1.08497,0.0499874
13,-0.944315,-0.119489
13,0.898654,-0.00309712
13,0.892983,-0.0398893
13,1.04601,0.0614946
13,0.987969,-0.0626441
13,0.974542,0.0217819
13,-0.955448,-0.097189
13,-1.01038,0.0471676
13,-1.04474,-0.00148145
13,-0.965797,0.00358669
13,-1.07975,0.0167486
13,-1.00788,-0.0170514
13,1.02625,0.0257492
13,0.895403,-0.0138877
13,-1.027,-0.110629
13,-0.967825,0.0428896
13,1.05846,-0.067622
13,-1.06515,-0.0831241
13,0.961086,0.0735273
13,-1.03083,0.00900314
13,-0.992445,0.00874654
13,-1.00792,-0.052631
13,-0.993662,0.0417961
13,-1.05597,-0.0316364
13,-1.0745,0.0596525
13,1.01052,-0.00129351
13,-0.959168,-0.118299
13,-0.876735,0.0666267
13,0.950878,-0.00746493
13,1.06832,0.0250812
13,-0.973212,-0.0038133
13,-0.986861,0.110117
13,0.975312,-0.00266156
13,-1.02502,0.0452194
13,1.0154,0.068536
13,-0.879001,0.0846347
13,-0.991375,-0.0486479
13,-1.02019,-0.0228246
13,-1.00556,0.047376
13,1.0327,0.10386
13,0.955357,0.0040661
13,-0.956691,-0.00570998
13,1.0896,-0.0842814
13,1.00823,-0.00860528
13,-1.0397,0.0189511
13,-1.07941,-0.0031089
13,0.96307,-0.0530125
13,1.0182,-0.0481893
13,-0.931712,-0.0951169
13,0.997762,0.0780439
13,1.03067,0.00873662
13,1.00503,-0.0115087
13,-1.03902,0.0312577
13,1.01188,0.0624994
13,-0.973686,-0.0312848
13,-0.999292,0.014861
13,0.98941,0.13257
13,0.92334,-0.0616276
13,1.0386,-0.0558765
13,-1.02953,-0.00898459
13,-0.991452,-0.00779969
13,-0.953392,-0.0334973
13,-0.999502,0.0140136
13,-1.01312,-0.0493354
13,-0.959914,0.00835222
13,-0.991019,0.0172855
13,-0.972184,-0.0394698
13,0.99963,0.130553
13,1.02649,-0.00735388
13,1.01394,-0.00234818
13,0.993414,-0.0871048
13,-1.08417,0.0168952
13,-0.952211,-0.0217405
13,-1.11231,-0.100163
13,-0.938116,0.136522
13,-1.04085,0.0987721
13,-1.02712,-0.0725487
13,-1.03358,-0.078447
13,-0.92813,0.0249085
13,-0.982745,0.00661939
13,1.00852,0.00877326
13,-1.03989,0.0327648
13,0.967797,0.0157055
13,0.888703,0.037026
13,-1.07544,0.112289
13,-1.01747,0.0575102
13,1.03393,0.0764744
13,-1.09392,0.0131733
13,-0.940466,-0.0333823
13,1.03418,-0.0368874
13,-1.01283,-0.0382144
13,-1.03801,-0.0518374
13,1.10022,-0.0422079
13,1.04113,0.0390708
13,-1.01218,-0.0359829
13,-1.14648,0.0617821
13,-0.983165,-0.0554602
13,1.02201,0.0945969
13,-0.999458,-0.039854
13,-1.02931,0.037799
13,-0.922902,0.00514963
13,1.08397,0.0729607
13,-0.96626,-0.0406732
13,0.982153,0.0602708
13,-0.968331,0.0486637
13,1.03549,-0.042806
13,-1.01226,-0.118687
13,0.876118,0.0962377
13,0.911074,0.051647
13,0.930988,-0.0312486
13,-1.01087,-0.0718588
13,-0.930337,0.0352409
13,-1.08973,-0.0442023
13,1.02888,-0.0462274
13,1.09329,0.017871
13,1.01151,-0.00776473
13,-1.09055,-0.00167763
13,0.991264,-0.102985
13,1.02893,-0.00859397
13,-0.972217,-0.0802908
13,-1.09959,0.0853522
13,1.07937,-0.111526
13,-0.910302,-0.06555
13,0.985626,0.070793
13,-0.943179,0.0187529
13,1.00261,0.0478887
13,1.02474,-0.0566776
13,-1.07023,-0.0315495
13,0.989402,0.0304534
13,0.984404,-0.0193625
13,-1.11248,-0.060455
13,-0.926088,0.0248623
13,1.01446,-0.032061
13,1.05162,0.0222832
13,-1.03392,-0.00914489
13,1.07954,0.0570919
13,-0.982794,-0.0480559
13,-0.969788,-0.0296438
13,0.934748,0.0450424
13,-1.0314,-0.0242094
13,1.05307,0.0311197
13,-0.987793,0.0496336
13,-0.964207,-0.00161778
13,-0.980099,0.0420159
13,-1.0175,-0.089254
13,1.0684,0.0257727
13,1.04879,0.0751927
13,-0.938159,-0.0513739
13,1.00716,-0.0470674
13,-1.01077,-0.0821031
13,-1.01964,-0.0102025
13,1.09844,0.0245238
13,-0.989095,-0.029923
13,-1.00916,0.0245979
13,-0.960398,0.0231458
13,0.974963,-0.131048
13,-0.978847,0.0408716
13,-0.994139,0.0287193
13,-1.05769,-0.0602574
13,-0.935939,-0.00668809
13,0.934687,0.000149714
13,-0.962899,-0.0469884
13,-0.951771,-0.0262364
13,-0.976194,-0.0276708
13,-1.0889,0.0800993
13,-1.01961,0.00676711
13,1.00515,0.0226371
13,-1.05679,0.0119886
13,-0.967451,0.00307742
13,-1.00955,0.0698776
13,1.0795,0.0149692
13,0.954442,0.012224
13,0.935404,0.0388071
13,-0.992141,-0.0532921
13,1.05659,-0.023591
13,1.05046,0.000958729
13,-1.02411,0.0231818
13,0.916708,0.0613534
13,-0.998528,-0.0689411
13,-0.928271,-0.0514747
13,-1.0583,0.109261
13,0.891892,-0.0289263
13,0.966608,-0.0418544
13,0.995383,-0.00875873
13,-1.01766,-0.0202823
13,1.04495,0.0103505
13,1.06782,-0.0518482
13,-0.963103,0.0678952
13,-1.03664,-0.0685414
13,-1.02291,0.00653579
13,0.976897,0.0363209
13,1.00194,-0.0592575
13,0.889991,-0.076679
13,1.02089,-0.0520486
13,1.01296,0.0491186
13,-0.951969,0.0100775
13,-1.01644,-0.0329788
13,1.01371,-0.118395
13,-0.94976,-0.0436314
13,0.966384,0.0251039
13,-1.04719,0.020442
13,-1.04781,-0.0333275
13,0.910218,-0.129001
13,-1.01361,0.0485923
13,1.06678,0.0316355
13,1.0798,0.0314411
13,0.972756,-0.0171671
13,0.957815,0.0814357
13,1.02,0.0249217
13,0.996958,-0.039051
13,1.01923,-0.0232256
13,-0.97888,0.018318
13,-1.01165,-0.0398509
13,0.979314,0.00903895
13,-1.04179,-0.00550478
13,1.07205,-0.0491146
13,1.01538,-0.0333915
13,1.00452,-0.0168576
13,-1.02042,-0.030533
13,-0.999567,-0.130345
13,-1.09314,-0.104587
13,-1.02546,-0.0215638
13,0.958163,0.02261
13,1.00213,0.0145263
13,0.944385,0.0244622
13,1.03729,-0.102719
13,-0.982216,-0.0531602
13,1.00471,-0.0227048
13,-0.980105,0.0690435
13,1.00659,0.00144034
13,-0.999274,-0.0890063
13,-0.95001,0.0555697
13,-0.967874,-0.00983402
13,0.95965,0.0323204
13,0.928156,0.0122583
13,1.01799,-0.0286245
13,0.983603,0.0218179
13,0.874704,-0.00647179
13,-1.00542,-0.0259606
13,-1.01826,-0.0269945
13,1.04271,-0.00175301
13,-0.912345,0.0235658
13,1.07717,0.0312331
13,1.0874,0.0336152
13,0.999385,-0.00745713
13,1.08151,0.0620831
13,-0.991561,0.0833713
13,-0.986991,0.0667625
13,0.977349,-0.0470105
13,1.03374,-0.0292581
13,-0.902228,-0.0203275
13,0.918655,0.0211282
13,0.959182,-0.0182732
13,0.992416,-0.0380264
13,1.04512,0.0351053
13,-0.988045,-0.0253956
13,-1.03248,-0.0364544
13,-0.950098,0.0935789
13,-0.92389,-0.0256581
13,-0.996474,-0.0516515
13,-1.03325,-0.0759643
13,0.975045,-0.0604079
13,1.0431,-0.0261866
13,-0.984115,0.0102592
13,0.945664,0.0565499
13,0.939524,0.00178507
13,1.06665,0.0303812
13,-1.02072,-0.0573067
13,-0.98961,0.079754
13,1.05142,0.0305683
13,-0.975541,-0.0303475
13,-0.940368,0.043188
13,-1.02396,-0.0258143
13,0.955067,-0.00683256
13,-0.881953,0.0229726
13,1.02415,-0.0754843
13,-1.02588,0.0330355
13,-0.912181,0.0180185
13,-0.947503,-0.0107304
13,-1.00789,-0.0133333
13,-0.958265,0.0630065
13,-0.924895,0.00619953
13,-0.955255,-0.0517211
13,1.04472,0.0167982
13,-1.02107,-0.0312842
13,-0.904226,-0.0176453
13,-1.00884,-0.0259763
13,-0.959253,-0.0312852
13,0.977257,0.10321
13,0.941634,0.0349178
13,-1.07014,0.0159843
13,-1.04849,-0.000764004
13,0.910951,0.0479101
13,1.0248,-0.0312525
13,-1.04452,0.0205355
13,-1.0656,0.0751883
13,1.08213,-0.0380065
13,1.04406,0.0056138
13,-0.959206,0.0291909
13,-1.00779,0.078772
13,-0.999003,0.101017
13,0.933493,0.0825079
13,1.05017,-0.0133769
13,0.96555,0.0924525
13,0.996586,-0.116327
13,1.02419,0.0791542
13,-0.998821,0.0571674
13,1.08842,-0.017787
13,0.930072,-0.0277829
13,-1.04938,0.00475214
13,-1.03213,0.0289834
13,1.02748,-0.0263461
13,-0.916491,0.0144853
13,-0.937611,-0.0326075
13,1.00505,0.152907
13,-1.04559,0.0119649
13,0.971189,-0.0228233
13,1.05339,0.0592707
13,-0.978579,-0.00468259
13,-0.998488,-0.024197
13,1.02388,-0.0630017
13,0.989049,0.0494448
13,0.909844,0.109683
13,0.941846,0.0507972
13,-1.0215,0.0867809
13,0.958371,-0.0103387
13,-1.00326,0.0268719
13,-1.00673,-0.0260679
13,0.977374,-0.0138647
13,1.01915,-0.0335795
13,1.01531,0.0514577
13,1.05243,0.113767
13,-1.05438,0.0367449
13,-0.967625,0.0603232
13,1.0333,0.0507425
13,0.990855,0.0154753
13,-0.896103,-0.0468517
13,-0.969927,-0.0274915
13,0.928107,0.0298514
13,1.02796,-0.0029214
13,-0.944785,0.0418393
13,1.08518,0.0136814
13,-0.989892,0.0485808
13,-1.07342,-0.0231182
13,-1.02312,-0.100178
13,-0.964419,-0.0248977
13,0.98252,0.00346618
13,0.948302,-0.00739674
13,-0.934267,-0.0654334
13,-1.01129,-0.0650677
13,0.985111,0.0810325
13,1.00257,-0.0100278
13,-1.02689,0.0307732
13,1.08307,-0.0740248
13,0.950374,0.0899028
13,1.03466,0.0646537
13,-1.03078,-0.0935802
13,1.07276,-0.0729164
13,-0.993001,-0.00904804
13,0.941527,-0.0532566
13,1.10369,0.0322958
13,-0.937581,-0.0288608
13,0.927305,0.042605
13,1.06144,0.019053
13,1.05548,0.00871845
13,1.00409,0.0296102
13,0.913977,-0.0727016
13,-0.926641,0.0324814
13,0.9873,-0.0147862
13,-1.01217,0.0697638
13,-0.878287,-0.032551
13,1.02195,0.0460407
13,1.02174,-0.0489325
13,-0.888438,0.124835
13,1.00915,0.00474544
13,-1.01603,0.0103813
13,1.06374,-0.0190091
13,0.98641,0.011128
13,0.999645,0.029451
13,-1.0132,-0.0158242
13,-0.96945,-0.0276688
13,-0.924294,-0.0272319
13,-0.96646,0.0562616
13,1.03174,-0.0175879
13,-0.97737,-0.0154267
13,0.91045,-0.0842486
13,0.975994,0.0158531
13,0.924943,-0.00710008
13,0.908298,0.0201423
13,-0.953745,-0.0749414
13,0.985641,0.0384812
13,1.06429,-0.0630105
13,-1.01765,-0.0409738
13,1.03046,0.0252709
13,1.083,-0.0162752
13,-1.07263,-0.0665795
13,-1.0035,-0.0397307
13,0.887894,0.0484911
13,0.987154,0.0313552
13,0.96706,0.0561178
13,-0.997263,-0.0390712
13,-0.961236,0.0911474
13,-0.96664,0.0603747
13,1.04365,-0.00296032
13,1.01547,0.0622526
13,-0.984159,-0.00639102
13,1.08926,-0.0847249
13,0.975429,-0.0207957
13,1.02302,-0.0660139
13,1.03611,0.0557451
13,-0.943896,0.00827374
13,1.03319,-0.0537169
13,-1.01573,-0.0197322
13,-0.977009,-0.0447294
13,-0.961719,0.0233444
13,-1.00819,0.0117073
13,0.969845,0.0372853
13,0.967693,-0.0178852
13,0.995028,0.01212
13,-0.99482,0.0227534
13,-0.994916,0.0505909
13,1.0308,-0.0482011
13,0.990515,0.0663596
13,0.999489,0.0636419
13,-1.05608,-0.0224395
13,-0.972538,-0.00860991
13,-1.02816,0.0172756
13,1.00797,-0.0137454
13,-0.947778,0.0313176
13,0.975779,0.111627
13,0.858704,0.0569943
13,1.02308,0.0715805
13,-1.07332,0.070748
13,1.01895,0.0255486
13,0.962566,-0.0451543
13,0.998135,0.121047
13,0.952347,0.0441265
13,1.01946,-0.0138265
13,0.986521,-0.064809
13,0.922233,0.0934148
13,1.02173,-0.064178
13,0.955229,0.000607794
13,0.945948,-0.0489711
13,-0.994703,0.0435519
13,-0.949814,-0.00970285
13,-0.944022,-0.040105
13,-1.0107,0.0388629
13,1.03144,-0.0612373
13,-1.09537,-0.036913
13,-1.00903,-0.0245577
13,-0.939975,-0.0125821
13,-0.989783,0.0234929
13,-1.03363,0.0587171
13,1.05496,-0.0733634
13,0.964091,0.0458467
13,0.991796,0.0237255
13,1.02666,-0.0244736
13,0.946133,0.0938948
13,1.00156,0.0325351
13,-1.0765,-0.0218368
13,0.989723,0.0278289
13,-0.983635,-0.0128481
13,-0.989501,0.0908147
13,-1.02343,-0.0817821
13,0.958559,0.106427
13,1.00904,-0.0512765
13,-1.073,0.0266029
13,1.05108,-0.00305077
13,1.0388,-0.0209461
13,-0.991401,-0.0551317
13,1.01714,-0.0515695
13,1.04952,-0.00574453
13,-0.977662,0.0352265
13,0.917517,-0.00489819
13,0.965912,-0.0193862
13,-1.02556,-0.103683
13,-0.950115,0.0140162
13,0.935712,-0.0266388
13,-0.915664,-0.002904
13,1.06362,0.00266415
13,-1.07907,-0.00670124
13,-0.95409,0.0135351
13,0.954304,0.0331637
13,-1.04326,-0.085665
13,-1.00224,-0.0169235
13,1.02042,-0.00542537
13,-1.01364,0.0404941
13,1.06249,0.032169
13,-1.02373,0.0468024
13,-0.981549,-0.019721
13,-1.07686,-0.00814693
13,-1.06719,0.0154596
13,-0.982005,-0.00111303
13,1.0945,-0.027169
13,1.02582,0.076693
13,-1.00682,0.0336529
13,1.07952,-0.00634592
13,-1.02352,0.00372466
13,-1.03902,-0.00133601
13,-0.959878,0.0351994
13,1.01106,0.0406607
13,1.05695,0.0238494
13,-1.057,-0.0186174
13,-1.06852,0.0657798
13,-1.08594,0.056024
13,-1.01402,0.0327448
13,-1.04243,0.0686929
13,-0.92234,0.00995589
13,0.993863,0.0274237
13,1.02738,-0.0391249
13,-0.966777,0.00179681
13,-1.0663,-0.0967743
13,-0.967571,0.0372545
13,0.940964,-0.114189
13,0.969966,-0.0151395
13,-0.938507,-0.0325165
13,0.91153,0.0165415
13,-1.04581,-0.097837
13,-1.05173,0.0923413
13,1.037,0.0203708
13,-1.04067,0.029102
13,0.977352,0.062686
13,-0.932522,-0.00506185
13,0.972516,0.0183179
13,-0.995252,0.0166525
13,-0.9643,-0.0221998
13,-0.925807,0.017385
13,-1.08738,0.0171189
13,0.920292,0.0227612
13,-1.03799,-0.0348957
13,-1.0704,0.0503087
13,1.02995,-0.0675889
13,-1.01813,0.0558192
13,1.01142,0.0492486
13,1.03772,0.0394307
13,0.975046,-0.0318094
13,0.93889,-0.034042
13,0.972247,0.0362303
13,1.02419,-0.00301516
13,-1.00356,0.0153241
13,-0.969611,-0.0808405
13,0.906263,0.00552865
13,0.99809,-0.0513463
13,1.0229,0.0275503
13,-0.976249,-0.0111896
13,-0.961546,0.100193
13,-0.984428,0.0765393
13,1.06247,-0.00150862
13,-0.968438,0.011028
13,1.1337,0.0189229
13,-0.987238,0.0642542
13,-0.893385,0.0467929
13,-1.11061,0.0109489
13,-1.0887,0.0434031
13,-0.893041,-0.0720767
13,1.03238,-0.0106121
13,0.967359,0.0835864
13,-1.00527,-0.0124825
13,1.00943,-0.0483849
13,-1.04552,0.0265243
13,-0.91461,0.0170984
13,-1.01568,0.0645404
13,0.995337,0.10845
13,1.00538,-0.0278954
13,-1.02887,-0.0433694
13,-0.991071,0.0419714
13,-1.03622,0.0241508
13,-0.959621,-0.0975593
13,-1.02642,0.0426591
13,-0.96822,-0.0108117
13,-1.03829,0.0698265
13,1.00228,-0.060694
13,1.03814,-0.0375693
13,0.927958,-0.0454254
13,0.900374,0.0765959
13,-0.977672,-0.0400608
13,1.06772,0.087673
13,-1.04897,0.0575097
13,1.04563,0.0527508
13,-0.968092,-0.0557929
13,-0.954899,0.0171368
13,0.986066,-0.12248
13,-1.0165,-0.0209383
13,-1.02829,0.0101278
13,1.06499,0.00670608
13,-0.978345,0.0189438
13,0.983352,-0.0492471
13,0.994062,0.0199096
13,-0.984129,0.0157461
13,-0.968595,-0.0584193
13,-1.04809,0.048108
13,0.909235,-0.0179492
13,-1.01807,0.021345
13,-1.05221,0.104232
13,-1.01581,0.056124
13,-1.01599,-0.072052
13,-0.984828,-0.074005
13,-0.968202,-0.0193612
13,-0.945419,-0.0877059
13,1.02852,-0.0575774
13,1.06511,0.000507199
13,0.983604,-0.0688185
13,0.981329,0.046209
13,-0.928697,-0.0189008
13,0.998712,0.0505821
13,0.941061,0.0596696
13,-0.969166,0.0650566
13,0.974,0.0240534
13,1.0286,-0.0744447
13,1.01982,-0.0409671
13,-1.0618,0.0935297
13,-0.983341,-0.00247757
13,-1.02888,-0.0364026
13,0.95957,-0.00912997
13,1.08633,-0.0328022
13,-0.970043,-0.00438501
13,-1.01862,0.0505727
13,0.989351,-0.0605859
13,-1.04774,-0.00540863
13,1.0428,0.05281
13,0.974731,0.0406453
13,-0.984727,-0.0569064
13,0.997209,-0.126201
13,1.03651,0.0819248
13,-1.037,-0.0488648
13,-0.959284,-0.0389768
13,0.972137,-0.0259688
13,-1.03185,-0.0179783
13,-0.983107,0.0279152
13,1.02155,-0.0419979
13,-1.03654,-0.00499477
13,0.875644,0.0399922
13,1.02888,0.0468089
13,0.99377,0.0214453
13,0.925533,0.0484486
13,-0.923581,0.0698843
13,-0.956651,-0.119282
13,-0.977227,-0.0199088
13,-0.958622,0.0755339
13,-1.03405,-0.00927779
13,-1.01387,-0.0147218
13,1.03203,0.0312813
13,-1.03868,-0.0480822
13,1.02347,-0.0126175
13,0.945308,0.0177473
13,1.06162,-0.0430144
13,-0.996924,0.0141054
13,-1.11841,-0.0463748
13,1.00532,0.0208631
13,0.98633,0.00808677
13,-1.01116,-0.000355073
13,1.01017,-0.0986643
13,0.921821,-0.12416
13,-1.04527,-0.02541
13,-1.0073,-0.0053925
13,1.08808,0.059364
13,0.946577,0.0773567
13,-0.990812,-0.000314304
13,0.981695,-0.000224921
13,-1.05077,0.0193106
13,1.02769,-0.054996
13,0.997446,-0.00491423
13,0.98644,0.0195357
13,0.95479,0.00960558
13,-1.05025,-0.0746787
13,-1.00403,0.00277287
13,0.972821,0.0872618
13,-1.06846,-0.0895627
13,0.954613,0.0533524
13,1.00692,-0.00291971
13,0.962911,-0.00848113
13,-0.937022,0.0694265
13,-0.998999,0.0263291
13,1.00488,-0.0361423
13,-1.0672,-0.0254287
13,0.955426,-0.0152924
13,-0.973424,0.0253068
13,-1.06521,0.0504779
13,-0.97273,0.0485787
13,0.982451,-0.0336106
13,-1.05129,-0.03818
13,-1.00958,-0.0508794
13,-0.968551,0.0197564
13,0.999079,0.00828722
13,-1.09261,-0.071117
13,-1.03808,0.0725231
13,-1.09242,0.00366377
13,-0.946698,0.0550944
13,-1.06015,0.00831409
13,-1.0078,0.00481474
13,-1.01856,-0.00856197
13,-0.988946,0.0248244
13,-1.02327,0.0298534
13,0.955576,-0.054308
13,1.02654,-0.102857
13,-1.01738,-0.017338
13,0.997301,-0.043519
13,-1.03708,0.075957
13,1.05585,0.0300387
13,1.04783,-0.00782192
13,-0.970048,0.0263249
13,-1.02203,-0.00964846
13,0.981059,0.0146767
13,-0.954717,0.0190412
13,1.04235,-0.0707118
13,-0.944067,0.035388
13,-1.02064,-0.00369985
13,-0.949236,-0.00268528
13,1.02386,-0.0369523
13,0.990706,0.0220811
13,1.01374,-0.00513129
13,-1.00498,0.00160308
13,-0.935719,0.00862584
13,-1.00806,-0.0280439
13,0.991211,-0.0338656
13,1.00201,-0.0144464
13,-0.945411,0.00672132
13,-1.0288,-0.0974671
13,-1.06523,-0.040347
13,-0.939343,0.0130658
13,1.03956,-0.0790223
13,-1.05444,-0.0665481
13,0.947625,0.0176268
13,1.00161,-0.0691155
13,-1.07385,-0.0211224
13,-0.928511,0.00303805
13,0.982375,-0.0145149
13,1.0634,-0.120063
13,-1.01741,0.0917266
13,0.967693,0.00362899
13,-1.04818,-0.0134838
13,-1.03245,0.0152719
13,0.908027,-0.045429
13,-0.906519,0.0395157
13,1.03132,-0.0481528
13,1.02498,0.035145
13,-1.03433,0.0422555
13,-0.997106,-0.0329287
13,-1.00465,0.0403656
13,-0.998729,0.0181705
13,0.976012,-0.0467181
13,-0.990037,-0.0271613
13,-1.09321,0.0702511
13,-0.963721,-0.0604474
13,1.01637,-0.0108065
13,-0.979826,-0.0917893
13,-1.06768,0.0535225
13,-1.00139,-0.0253217
13,-0.970961,0.113753
13,0.936884,-0.0370874
13,-0.990473,0.015859
13,-0.967741,0.0476174
13,0.957851,0.0303874
13,-1.03171,-0.0377879
13,1.03837,-0.0375446
13,-0.90465,0.0122079
13,-0.934605,0.0532702
13,0.974474,0.00227279
13,-1.08147,0.0491521
13,-0.920414,-0.000655196
13,1.01679,-0.0352803
13,1.14399,-0.062845
13,-0.961072,-0.0224771
13,0.989311,0.0462647
13,-1.01088,0.0346971
13,0.987676,0.0916513
13,1.11716,0.0297339
13,-0.905258,0.0161337
13,-1.01573,-0.0383375
13,0.933923,0.0529487
13,1.10286,0.0417354
13,1.03797,-0.0124473
13,1.02653,-0.028365
13,0.971868,-0.0508463
13,0.995991,-0.0798206
13,1.00799,0.0351399
13,-0.984498,0.0774963
13,-0.935326,0.0638991
13,-1.06758,0.0234547
13,0.936787,0.08312
13,-0.997662,0.0448361
13,-1.02814,-0.00602828
13,1.0532,0.0943533
13,-1.0615,-0.0422143
13,0.988263,0.0231028
13,0.966234,-0.00971258
13,-0.964222,-0.0365619
13,0.952344,0.0223726
13,0.996905,0.0733974
13,-1.00193,-0.0120728
13,0.988089,0.0409289
13,-1.11,-0.102959
13,1.05728,0.00626056
13,1.00025,-0.0744082
13,-0.994386,-0.0123283
13,-1.02612,-0.0791685
13,1.00609,0.0457842
13,0.898713,0.0719785
13,-1.11961,0.0672228
13,1.01245,-0.0051564
13,-1.00734,-0.0203796
13,0.950821,-0.00107547
13,1.06077,-0.0100123
13,-0.989792,-0.00960909
13,-1.00476,0.00392741
13,-1.0517,0.0207486
13,0.998172,-0.0366156
13,0.983807,-0.0421896
13,-0.998267,-0.00556508
13,1.02469,-0.0567684
13,-0.970408,-0.0735466
13,0.982865,0.0368512
13,0.98977,-0.0532229
13,1.01427,-0.00826568
13,-1.03225,-0.0407677
13,1.00715,-0.0245607
13,0.922775,0.047216
13,-0.994954,0.0119473
13,0.960234,0.0634328
13,1.01799,-0.034251
13,1.01811,-0.0206866
13,0.978126,0.000941564
13,-0.980186,-0.0310374
13,0.96842,0.0363704
13,1.0221,-0.0521456
13,-1.07788,0.0818177
13,-1.03082,-0.0351488
13,-1.02684,-0.0208121
13,-1.02908,-0.030334
13,0.938771,0.00250112
13,0.943645,-0.00301156
13,0.946712,0.0596339
13,1.10943,-0.000226675
13,-1.04934,-0.0554017
13,0.99216,0.0194062
13,-0.900352,-0.0520264
13,1.02241,-0.0081813
13,0.993204,0.0851796
13,-1.02392,-0.0778837
13,0.992603,0.0089457
13,1.04732,0.0834373
13,0.993678,0.0231958
13,-1.04809,0.0545908
13,-1.06303,0.0186314
13,-1.03702,0.0294051
13,-1.04976,0.0608302
13,0.982775,0.0150173
13,0.954502,-0.0088146
13,0.948644,-0.078949
13,1.08449,0.00724425
13,-1.00538,-0.0413982
13,0.984642,-0.049263
13,1.00837,-0.0481671
13,-1.08865,-0.0587747
13,-0.966612,0.0202311
13,-1.05155,-0.0210135
13,1.0457,0.0767692
13,1.0443,-0.0879294
13,1.07199,-0.00588662
13,1.01416,-0.0149038
13,1.1133,0.0250605
13,1.06369,0.0239917
13,-0.938283,-0.0254741
13,-0.969528,0.0682763
13,0.9815,-0.095451
13,-0.955684,-0.06938
13,-1.00543,-0.061623
13,1.03168,0.0405623
13,-0.970774,0.0538484
13,-1.03165,0.0116475
13,-1.02584,-0.0563313
13,0.952242,-0.0271542
13,-0.940424,0.0554649
13,-0.955053,-0.0125553
13,1.05995,0.0846105
13,-0.972661,-0.0555778
13,1.0663,-0.0341253
13,-1.07309,0.05338
13,-0.984077,0.0625736
13,1.00668,-0.0708796
13,-0.973108,-0.0965038
13,0.892675,0.0372482
13,0.941289,0.0522096
13,-1.06363,0.0648752
13,-0.970416,0.0126592
13,-1.04152,-0.0392705
13,1.0069,-0.042888
13,-1.00251,-0.0364427
13,-1.04262,-0.0146872
13,-1.03886,0.0418273
13,-0.966001,0.0845075
13,1.05424,-0.0405486
13,-1.03257,0.104409
13,-1.0217,0.108671
13,-1.06296,0.0400129
13,1.05956,-0.0596084
13,0.948306,0.0638624
13,0.994855,-0.0224901
13,-1.01337,0.0934872
13,0.92928,0.0145777
13,-1.01692,0.0246369
13,1.01215,-0.0115333
13,0.970975,-0.0390525
13,0.955315,0.000961506
13,-0.943496,0.0216479
13,-0.98538,-0.0655169
13,1.04521,-0.00138414
13,1.04379,0.0909543
13,1.04086,-0.003331
13,-0.974127,0.0203027
13,-0.991592,-0.0531456
13,-0.941564,0.00717019
13,1.01496,-0.094529
13,-1.08333,0.0118371
13,0.968563,-0.0305451
13,1.01453,0.0784997
13,0.982377,-0.106144
13,-0.976636,0.0248745
13,0.923481,0.0497783
13,1.02712,-0.0177574
13,-0.95929,-0.0423178
13,1.02085,0.0383773
13,-1.0137,-0.0119721
13,1.01968,-0.149749
13,1.00773,0.104658
13,0.97985,-0.0551453
13,-1.00292,-0.0456572
13,0.997114,-0.0297618
13,1.00444,-0.0555925
13,1.00399,-0.0867422
13,1.01063,-0.00567977
13,-0.982733,-0.0120017
13,-0.973898,-0.00653775
13,0.887405,-0.0650718
13,-0.910767,0.0472841
13,-0.966429,-0.0462061
13,1.0155,0.0621379
13,-0.975278,0.0162034
13,1.12054,0.0176159
13,-1.01799,-0.0501731
13,-0.921673,-0.0714462
13,0.988008,0.00323845
13,-1.04354,-0.0511953
13,0.926206,0.03396
13,-1.00328,-0.00472904
13,-1.00116,0.0866935
13,1.06083,-0.0925541
13,0.892919,-0.0553209
13,0.99866,-0.0281117
13,-1.03089,0.0313757
13,1.02119,-0.0203506
13,-0.92841,-0.0139851
13,-0.94549,-0.0312881
13,1.03161,0.0683971
13,0.925696,-0.0536106
13,-1.02218,-0.00956427
13,0.96773,0.00209471
13,-1.06093,-0.02099
13,1.05711,0.0613683
13,0.975275,-0.11163
13,0.998603,-0.0265253
13,1.01271,0.039062
13,-1.0231,0.0690829
13,0.998655,-0.074644
13,-1.01772,0.0893881
13,1.02269,-0.054779
13,0.984551,0.0114206
13,-1.01983,0.0325015
13,-0.97311,-0.00806415
13,-1.02803,0.0972219
13,1.02904,-0.0354154
13,-0.994498,-0.0712832
13,-0.998191,-0.136233
13,1.03864,-0.0687893
13,-1.041,0.0106702
13,0.987018,0.0183258
13,0.974419,0.0141523
13,-1.03229,-0.0405348
13,-1.00427,0.00795194
13,-1.0044,0.0543003
13,-0.938363,0.0512393
13,-1.10387,-0.00849021
13,-0.904528,0.0297733
13,-0.983939,0.0461991
13,1.02143,-0.0107362
13,1.06749,0.0143847
13,0.997307,0.00695679
13,-0.987834,-0.0233593
13,1.05443,-0.0408192
13,-1.03922,0.0306829
13,0.997441,0.00235573
13,-1.09855,-0.0441024
13,0.953546,-0.0158392
13,1.00112,-0.0246673
13,-0.919945,0.0925841
13,0.899353,-0.0130818
13,0.966615,0.03153
13,-0.920735,0.0530144
13,-0.920992,0.0415114
13,-1.05529,-0.12604
13,-1.08243,0.0123824
13,1.03447,-0.0315446
13,-1.02908,-0.0391838
13,0.935084,0.0377266
13,1.03544,0.0828494
13,-1.06083,-0.03549
13,-1.04055,-0.0973017
13,0.955172,-0.00107642
13,-0.981448,-0.065763
13,-1.03861,-0.0561614
13,-1.00063,0.0379514
13,0.885238,-0.0395538
13,-1.02044,-0.0462212
13,1.05908,0.0457875
13,0.972231,-0.0416126
13,1.06664,-0.00320877
13,-0.904962,0.0070295
13,1.00926,-0.03762
13,1.00125,-0.0211809
13,-0.923501,-0.0280742
13,1.02335,-0.00411245
13,1.05168,-0.00949752
13,0.932605,-0.0516355
13,0.979773,0.048496
13,0.907598,0.0166828
13,0.98209,0.070121
13,-0.905451,0.0223057
13,-1.02064,0.0307959
13,0.912459,-0.00838641
13,0.972391,0.113998
13,-0.948729,-0.0414277
13,-1.01539,0.0228907
13,1.05374,-0.0275204
13,-0.970226,-0.0830148
13,1.03677,-0.0523145
13,-0.96502,-0.00256069
13,-0.948311,0.0106603
13,0.918674,0.019316
13,1.05569,-0.0563155
13,0.916022,-0.0769248
13,-1.01209,0.00116813
13,1.01998,0.0333333
13,-1.07856,-0.0334382
13,1.00179,0.0520285
13,0.990964,-0.0191443
13,1.09189,-0.0076034
13,1.03059,0.00242053
13,-0.982381,0.0339433
13,0.987765,0.0341113
13,-0.975513,-0.0741078
13,1.00412,-0.0193743
13,0.993461,-0.0777216
13,-1.02569,0.0393684
13,-1.03383,0.0166572
13,1.00459,-0.0281089
13,-0.925379,-0.103458
13,1.03327,-0.0521435
13,0.98548,0.0150966
13,-0.996304,0.0472852
13,-0.944684,0.017881
13,0.967331,0.0499706
13,-0.973531,0.00679394
13,-0.95801,0.012074
13,-1.02964,0.0267355
13,-1.01118,-0.0182713
13,-0.942114,-0.0516283
13,1.06686,-0.0376677
13,-0.975677,-0.0093382
13,1.10913,0.00956225
13,-0.945856,-0.00561628
13,-1.07823,-0.0217111
13,1.02797,-0.0383851
13,-0.930749,0.0966257
13,1.01991,0.0409954
13,0.987766,-0.01349
13,0.905565,-0.0178907
13,-0.975495,-0.0180945
13,0.969299,-0.0861599
13,-0.911484,0.0212988
13,1.03721,0.0318166
13,-0.979656,-0.053954
13,1.01278,-0.0433546
13,-0.96424,0.0106038
13,0.998401,-0.0142533
13,-1.065,0.0108272
13,-0.979844,0.0319122
13,1.02071,-0.100252
13,1.0653,-0.0158869
13,-1.00157,0.0133454
13,0.948436,-0.0684882
13,-1.04491,0.0173638
13,0.997856,-0.0428171
13,1.0119,-0.0390838
13,-1.0239,-0.026457
13,-0.950371,0.0546415
13,1.01929,-0.0604317
13,-0.975444,0.0563816
13,-0.99883,-0.00564643
13,-0.975981,0.043775
13,0.884028,0.0406873
13,0.992696,0.0830749
13,0.984874,0.0622331
13,-0.983931,0.0204308
13,1.04885,-0.0665236
13,0.934835,0.0180397
13,1.04752,-0.0711021
13,-1.01707,-0.0524016
13,0.995431,0.0220901
13,-0.98585,0.0271275
13,-0.927332,0.00825996
13,0.930231,-0.013824
13,-1.05756,0.0502011
13,0.943991,-0.103194
13,-1.02291,0.0551165
13,-0.949546,0.0316696
13,-1.05133,0.012993
13,1.05455,-0.0911927
13,0.987506,0.0030979
13,1.01715,-0.0513225
13,-0.998935,0.0128334
13,-1.0011,-0.00905867
13,1.03929,-0.0227988
13,1.05877,0.000639396
13,0.956469,0.0288547
13,-1.0797,-0.0428369
13,1.03272,-0.0131239
13,-1.06861,0.0136799
13,0.967976,-0.0306907
13,-0.946078,-0.045634
13,-0.975485,0.0771573
13,-0.902624,-0.0424546
13,0.95253,-0.0314137
13,-1.01861,-0.0238707
13,-1.0562,0.00797882
13,-1.12199,-0.0190354
13,1.04447,-0.0196201
13,-0.985442,0.034859
13,1.06649,0.00954116
13,-1.0581,0.0483976
13,-1.00571,0.0438402
13,0.939039,-0.0742449
13,0.996447,0.0414902
13,-0.988067,0.00996012
13,1.01519,0.0362506
13,1.06736,-0.0292039
13,-0.968747,0.0677304
13,-0.946084,0.00577062
13,1.08172,0.0413252
13,-0.969859,-0.00562553
13,0.942974,-0.0395659
13,-0.981605,0.00422938
13,0.920372,0.00706024
13,-1.02383,-0.0119013
13,0.938419,-0.0264553
13,-0.956165,-0.0117305
13,1.01286,0.0375174
13,-1.08218,0.00526201
13,0.969377,-0.0825022
13,1.05277,0.0338495
13,-0.987813,0.0189737
13,-1.12455,-0.0216498
13,-1.0139,0.0289975
13,-1.00002,-0.0197564
13,-1.06752,-0.0117732
13,-0.984099,-0.00848313
13,-1.05948,0.0990531
13,1.02316,0.00411687
13,-0.917258,0.0582514
13,0.995909,-0.0272391
13,1.04311,0.0211499
13,1.04514,-0.0283808
13,-1.03633,-0.018503
13,0.993891,0.0172022
13,-0.990747,-0.0149835
13,0.977411,-0.0455635
13,1.00717,0.0168885
13,1.00952,-0.0426191
13,0.965988,0.0591692
13,-1.05964,0.0904957
13,-0.967981,0.0145635
13,0.963797,-0.0706142
13,-1.08695,0.0215639
13,1.08356,0.120289
13,-1.02152,0.0534217
13,1.0075,0.0238152
13,-1.01464,0.0460403
13,1.07447,0.0236828
13,0.961363,0.112339
13,-1.05229,0.0158012
13,-0.902788,-0.0404659
13,-1.03378,-0.0774523
13,1.00251,0.0903759
13,1.02517,0.080628
13,0.946539,-0.0177561
13,1.04003,0.105536
13,-1.12883,0.0703168
13,-1.08047,0.00834207
13,0.945268,0.00918161
13,-0.951969,-0.0103788
13,-0.937164,-0.0420012
13,1.03134,-0.0157354
13,1.00851,0.0917077
13,-1.02519,0.0125667
13,-1.08043,0.0299779
13,1.06987,0.0607228
13,-1.03045,-0.0898598
13,0.948041,-0.0329487
13,1.02963,0.0780437
13,0.915399,0.0836349
13,-1.01968,-0.0555077
13,0.983063,0.053472
13,-0.926624,-0.013456
13,1.0409,0.00512478
13,0.976844,-0.0237919
13,0.992791,0.00890554
13,0.964958,0.0113436
13,1.01312,-0.0431985
13,-1.00776,-0.0167732
13,-0.938105,0.0518659
13,0.936609,0.0964397
13,0.932638,-0.0162067
13,1.09447,0.0335296
13,-0.91013,0.0725257
13,0.990734,-0.0378822
13,0.949842,-0.116812
13,-1.01202,-0.00036933
13,-0.883979,-0.01002
13,-0.951465,-0.0175548
13,-0.965509,-0.0255247
13,1.01891,0.00819034
13,0.98027,-0.000285245
13,-0.971423,-0.0234145
13,-1.0109,-0.0300812
13,1.01149,0.0453683
13,-0.966721,-0.0270705
13,0.937753,0.0126062
13,0.99765,0.0652494
13,0.984612,0.0644635
13,-0.980787,0.00575354
13,0.941343,-0.0263871
13,-0.912693,-0.0429945
13,-0.980842,0.0294947
13,-1.01755,-0.029386
13,0.977718,-0.0578726
13,1.07733,-0.0145227
13,0.972867,0.0395934
13,1.09822,-0.00434357
13,1.00709,-0.00186156
13,-1.06171,0.0398633
13,-0.959618,-0.00437095
13,1.05594,0.0334658
13,-0.998568,0.00820123
13,-1.05751,-0.00182431
13,-0.962582,0.00388876
13,-0.975074,-0.0839262
13,-1.01104,-0.122464
13,-0.987574,-0.00574009
13,-0.91345,0.0258843
13,-1.11352,-0.00456946
13,-0.994569,-0.0335863
13,0.932489,0.0166728
13,1.03162,-0.0613959
13,0.990482,-0.0460155
13,1.02434,0.0566115
13,1.02905,0.122221
13,1.04166,-0.0437584
13,-1.05833,-0.0739606
13,-0.936793,-0.00256837
13,0.994665,-0.00353135
13,1.0261,0.0675726
13,-1.02261,-0.00605626
13,-0.950549,-0.0629692
13,0.965642,-0.00360319
13,1.03696,-0.073031
13,-0.933353,-0.018281
13,-0.995702,-0.0227724
13,1.03173,-0.00835462
13,0.917814,0.0708119
13,1.00732,0.00270509
13,-1.06993,0.00826215
13,-1.01384,0.0564793
13,1.08428,0.0014035
13,-1.06418,-0.108584
13,1.06713,-0.0280081
13,0.94959,0.0149273
13,0.999624,-0.00844768
13,-1.04655,-0.00325143
13,0.978898,-0.0439329
13,-1.047,-0.00093736
13,0.985222,-0.0830136
13,-1.07112,-0.0285848
13,-0.942467,0.0385998
13,0.956538,0.0324658
13,0.987057,-0.050393
13,-0.982371,-0.0945999
13,-1.05594,0.000338046
13,-0.965018,-0.0259143
13,-0.977925,-0.0542667
13,-0.968938,-0.0285054
13,0.960277,-0.0680945
13,0.988187,-0.0149638
13,-1.02942,-0.00258352
13,1.01761,-0.0590161
13,-0.958336,0.0822487
13,-0.992496,0.0216636
