step,filter,seed,graph_degree,n_nodes,slab,n_slab,J,L,cells,xdeg,cv2,ari
0,xcoord,0,3.38,100,0,131,10,10,17,1.7,0.6850416642386805,0.3975033593733654
0,xcoord,0,3.38,100,1,131,10,10,21,2.1,0.7242002214323174,0.3423707983877986
0,xcoord,0,3.38,100,2,131,10,10,18,1.8,0.9666686090554161,0.5522382195867459
0,xcoord,0,3.38,100,3,132,10,10,20,2.0,0.6230486685032139,0.4704704484022319
0,xcoord,0,3.38,100,4,132,10,10,20,2.0,1.7433425160697893,0.538208632375589
0,xcoord,0,3.38,100,5,132,10,10,16,1.6,0.19008264462809918,0.3941496378421621
0,xcoord,0,3.38,100,6,131,10,10,21,2.1,0.8123069751180002,0.45680927113555625
0,xcoord,0,3.38,100,7,131,10,10,18,1.8,0.5995571353650719,0.5499760570189948
0,xcoord,0,3.38,100,8,131,10,10,18,1.8,0.5911660159664355,0.4154007012122293
0,xcoord,1,3.22,100,0,131,10,10,17,1.7,0.48691801177087574,0.3526489635621213
0,xcoord,1,3.22,100,1,131,10,10,19,1.9,0.6884214206631315,0.4005618641924044
0,xcoord,1,3.22,100,2,131,10,10,21,2.1,0.48435405862129244,0.3572364507668113
0,xcoord,1,3.22,100,3,132,10,10,17,1.7,0.7483930211202938,0.4864422073102756
0,xcoord,1,3.22,100,4,132,10,10,18,1.8,0.7231404958677689,0.40716365937910787
0,xcoord,1,3.22,100,5,132,10,10,18,1.8,0.30578512396694213,0.5662477781757583
0,xcoord,1,3.22,100,6,131,10,10,13,1.3,0.28553114620360126,0.4010295788943501
0,xcoord,1,3.22,100,7,131,10,10,21,2.1,0.5553289435347589,0.5432710511664575
0,xcoord,1,3.22,100,8,131,10,10,17,1.7,0.538430161412505,0.3943059884212003
0,xcoord,2,3.38,100,0,131,10,10,18,1.8,0.7652817434881417,0.43225081338694693
0,xcoord,2,3.38,100,1,131,10,10,18,1.8,0.6457082920575723,0.36802449894990924
0,xcoord,2,3.38,100,2,131,10,10,19,1.9,0.526775828914399,0.3395978976075828
0,xcoord,2,3.38,100,3,132,10,10,16,1.6,0.5941230486685032,0.4591132172245759
0,xcoord,2,3.38,100,4,132,10,10,21,2.1,0.8319559228650136,0.40942728952861757
0,xcoord,2,3.38,100,5,132,10,10,18,1.8,0.41735537190082644,0.4649281919895507
0,xcoord,2,3.38,100,6,131,10,10,18,1.8,0.6226327137113221,0.4437554798598909
0,xcoord,2,3.38,100,7,131,10,10,21,2.1,0.5749082221315774,0.442281701824863
0,xcoord,2,3.38,100,8,131,10,10,20,2.0,0.5441990559990676,0.3675800259763147
0,knn_k1,0,1.8,100,0,131,10,10,10,1.0,0.15203076743779498,1.0
0,knn_k1,0,1.8,100,1,131,10,10,10,1.0,0.05413437445370317,1.0
0,knn_k1,0,1.8,100,2,131,10,10,10,1.0,0.07627760620010489,1.0
0,knn_k1,0,1.8,100,3,132,10,10,10,1.0,0.04453627180899909,1.0
0,knn_k1,0,1.8,100,4,132,10,10,10,1.0,0.059458218549127646,1.0
0,knn_k1,0,1.8,100,5,132,10,10,10,1.0,0.12947658402203857,1.0
0,knn_k1,0,1.8,100,6,131,10,10,10,1.0,0.11473690344385529,1.0
0,knn_k1,0,1.8,100,7,131,10,10,10,1.0,0.12172950294271895,1.0
0,knn_k1,0,1.8,100,8,131,10,10,10,1.0,0.044810908455218235,1.0
0,knn_k1,1,1.8,100,0,131,10,10,10,1.0,0.15203076743779498,1.0
0,knn_k1,1,1.8,100,1,131,10,10,10,1.0,0.05413437445370317,1.0
0,knn_k1,1,1.8,100,2,131,10,10,10,1.0,0.07627760620010492,1.0
0,knn_k1,1,1.8,100,3,132,10,10,10,1.0,0.04453627180899909,1.0
0,knn_k1,1,1.8,100,4,132,10,10,10,1.0,0.059458218549127646,1.0
0,knn_k1,1,1.8,100,5,132,10,10,10,1.0,0.1294765840220386,1.0
0,knn_k1,1,1.8,100,6,131,10,10,10,1.0,0.11473690344385529,1.0
0,knn_k1,1,1.8,100,7,131,10,10,10,1.0,0.12172950294271898,1.0
0,knn_k1,1,1.8,100,8,131,10,10,10,1.0,0.044810908455218235,1.0
0,knn_k1,2,1.8,100,0,131,10,10,10,1.0,0.15203076743779498,1.0
0,knn_k1,2,1.8,100,1,131,10,10,10,1.0,0.05413437445370317,1.0
0,knn_k1,2,1.8,100,2,131,10,10,10,1.0,0.07627760620010492,1.0
0,knn_k1,2,1.8,100,3,132,10,10,10,1.0,0.044536271808999085,1.0
0,knn_k1,2,1.8,100,4,132,10,10,10,1.0,0.059458218549127646,1.0
0,knn_k1,2,1.8,100,5,132,10,10,10,1.0,0.12947658402203857,1.0
0,knn_k1,2,1.8,100,6,131,10,10,10,1.0,0.11473690344385529,1.0
0,knn_k1,2,1.8,100,7,131,10,10,10,1.0,0.12172950294271895,1.0
0,knn_k1,2,1.8,100,8,131,10,10,10,1.0,0.044810908455218235,1.0
0,dtm_k10,0,1.8,100,0,131,10,10,10,1.0,0.0622924072023775,1.0
0,dtm_k10,0,1.8,100,1,131,10,10,10,1.0,0.11590233669366587,1.0
0,dtm_k10,0,1.8,100,2,131,10,10,10,1.0,0.036652875706543915,1.0
0,dtm_k10,0,1.8,100,3,132,10,10,10,1.0,0.04338842975206612,1.0
0,dtm_k10,0,1.8,100,4,132,10,10,10,1.0,0.060606060606060615,1.0
0,dtm_k10,0,1.8,100,5,132,10,10,10,1.0,0.05257116620752985,1.0
0,dtm_k10,0,1.8,100,6,131,10,10,10,1.0,0.05646524095332441,1.0
0,dtm_k10,0,1.8,100,7,131,10,10,10,1.0,0.04364547520540762,1.0
0,dtm_k10,0,1.8,100,8,131,10,10,10,1.0,0.023833109958627117,1.0
0,dtm_k10,1,1.8,100,0,131,10,10,10,1.0,0.0622924072023775,1.0
0,dtm_k10,1,1.8,100,1,131,10,10,10,1.0,0.11590233669366587,1.0
0,dtm_k10,1,1.8,100,2,131,10,10,10,1.0,0.036652875706543915,1.0
0,dtm_k10,1,1.8,100,3,132,10,10,10,1.0,0.043388429752066124,1.0
0,dtm_k10,1,1.8,100,4,132,10,10,10,1.0,0.060606060606060615,1.0
0,dtm_k10,1,1.8,100,5,132,10,10,10,1.0,0.05257116620752985,1.0
0,dtm_k10,1,1.8,100,6,131,10,10,10,1.0,0.05646524095332441,1.0
0,dtm_k10,1,1.8,100,7,131,10,10,10,1.0,0.04364547520540762,1.0
0,dtm_k10,1,1.8,100,8,131,10,10,10,1.0,0.02383310995862712,1.0
0,dtm_k10,2,1.8,100,0,131,10,10,10,1.0,0.0622924072023775,1.0
0,dtm_k10,2,1.8,100,1,131,10,10,10,1.0,0.11590233669366587,1.0
0,dtm_k10,2,1.8,100,2,131,10,10,10,1.0,0.036652875706543915,1.0
0,dtm_k10,2,1.8,100,3,132,10,10,10,1.0,0.04338842975206612,1.0
0,dtm_k10,2,1.8,100,4,132,10,10,10,1.0,0.060606060606060615,1.0
0,dtm_k10,2,1.8,100,5,132,10,10,10,1.0,0.05257116620752985,1.0
0,dtm_k10,2,1.8,100,6,131,10,10,10,1.0,0.0564652409533244,1.0
0,dtm_k10,2,1.8,100,7,131,10,10,10,1.0,0.04364547520540762,1.0
0,dtm_k10,2,1.8,100,8,131,10,10,10,1.0,0.02383310995862712,1.0
0,random,0,1.8,100,0,131,10,10,10,1.0,0.17533943243400735,1.0
0,random,0,1.8,100,1,131,10,10,10,1.0,0.1566925004370375,1.0
0,random,0,1.8,100,2,131,10,10,10,1.0,0.08093933919934734,1.0
0,random,0,1.8,100,3,132,10,10,10,1.0,0.04683195592286502,1.0
0,random,0,1.8,100,4,132,10,10,10,1.0,0.06864095500459137,1.0
0,random,0,1.8,100,5,132,10,10,10,1.0,0.03764921946740129,1.0
0,random,0,1.8,100,6,131,10,10,10,1.0,0.024998543208437737,1.0
0,random,0,1.8,100,7,131,10,10,10,1.0,0.05413437445370317,1.0
0,random,0,1.8,100,8,131,10,10,10,1.0,0.02732940970805897,1.0
0,random,1,1.8,100,0,131,10,10,10,1.0,0.06695414020161997,1.0
0,random,1,1.8,100,1,131,10,10,10,1.0,0.08676650544840045,1.0
0,random,1,1.8,100,2,131,10,10,10,1.0,0.09375910494726418,1.0
0,random,1,1.8,100,3,132,10,10,10,1.0,0.05486685032139577,1.0
0,random,1,1.8,100,4,132,10,10,10,1.0,0.04109274563820019,1.0
0,random,1,1.8,100,5,132,10,10,10,1.0,0.08585858585858586,1.0
0,random,1,1.8,100,6,131,10,10,10,1.0,0.06928500670124119,1.0
0,random,1,1.8,100,7,131,10,10,10,1.0,0.05646524095332441,1.0
0,random,1,1.8,100,8,131,10,10,10,1.0,0.09026280519783232,1.0
0,random,2,1.8,100,0,131,10,10,10,1.0,0.061126973952566874,1.0
0,random,2,1.8,100,1,131,10,10,10,1.0,0.04364547520540762,1.0
0,random,2,1.8,100,2,131,10,10,10,1.0,0.07744303944991551,1.0
0,random,2,1.8,100,3,132,10,10,10,1.0,0.06634527089072545,1.0
0,random,2,1.8,100,4,132,10,10,10,1.0,0.08011937557392103,1.0
0,random,2,1.8,100,5,132,10,10,10,1.0,0.07093663911845731,1.0
0,random,2,1.8,100,6,131,10,10,10,1.0,0.06811957345143058,1.0
0,random,2,1.8,100,7,131,10,10,10,1.0,0.04714177495483946,1.0
0,random,2,1.8,100,8,131,10,10,10,1.0,0.11124060369442342,1.0
0,ecc_p1,0,3.18,100,0,131,10,10,18,1.8,1.1240020977798495,0.42246436021063904
0,ecc_p1,0,3.18,100,1,131,10,10,19,1.9,1.2309305984499739,0.4789640868742667
0,ecc_p1,0,3.18,100,2,131,10,10,19,1.9,1.2132160130528524,0.5595471459949722
0,ecc_p1,0,3.18,100,3,132,10,10,17,1.7,0.6586317722681359,0.38656413134196055
0,ecc_p1,0,3.18,100,4,132,10,10,16,1.6,0.8438934802571166,0.38598320930429064
0,ecc_p1,0,3.18,100,5,132,10,10,20,2.0,0.864095500459137,0.3305633090842856
0,ecc_p1,0,3.18,100,6,131,10,10,14,1.4,0.5002622224812072,0.37264319368703336
0,ecc_p1,0,3.18,100,7,131,10,10,22,2.2,1.1985898257677297,0.33751719496872085
0,ecc_p1,0,3.18,100,8,131,10,10,14,1.4,1.1055882524328415,0.4190874115592519
0,ecc_p1,1,3.14,100,0,131,10,10,20,2.0,0.8775129654449041,0.3136344224093691
0,ecc_p1,1,3.14,100,1,131,10,10,18,1.8,0.7757706427364373,0.4031979896801964
0,ecc_p1,1,3.14,100,2,131,10,10,16,1.6,0.6381329759338034,0.3943409292461646
0,ecc_p1,1,3.14,100,3,132,10,10,22,2.2,0.7146464646464646,0.40098234296374474
0,ecc_p1,1,3.14,100,4,132,10,10,17,1.7,1.3474517906336088,0.6076486708990575
0,ecc_p1,1,3.14,100,5,132,10,10,15,1.5,0.2982093663911845,0.20805885444640804
0,ecc_p1,1,3.14,100,6,131,10,10,17,1.7,0.8375968766388904,0.3836454899416524
0,ecc_p1,1,3.14,100,7,131,10,10,17,1.7,1.021851873433949,0.3649084584037372
0,ecc_p1,1,3.14,100,8,131,10,10,15,1.5,1.1965503175805607,0.48486303137016595
0,ecc_p1,2,3.06,100,0,131,10,10,16,1.6,0.548627702348348,0.4058366144567421
0,ecc_p1,2,3.06,100,1,131,10,10,18,1.8,0.8156284598799601,0.46861620750107585
0,ecc_p1,2,3.06,100,2,131,10,10,14,1.4,0.7498980245906414,0.4504838837838462
0,ecc_p1,2,3.06,100,3,132,10,10,21,2.1,0.8464187327823691,0.43680310217719504
0,ecc_p1,2,3.06,100,4,132,10,10,14,1.4,0.62465564738292,0.4552301456297155
0,ecc_p1,2,3.06,100,5,132,10,10,20,2.0,0.9536271808999083,0.4253780145821649
0,ecc_p1,2,3.06,100,6,131,10,10,14,1.4,1.317697103898374,0.5348153130888185
0,ecc_p1,2,3.06,100,7,131,10,10,20,2.0,1.1292465474039974,0.3325533938250925
0,ecc_p1,2,3.06,100,8,131,10,10,16,1.6,0.5691393275450148,0.24154363462266462
0,gauss_0.1,0,3.26,100,0,131,10,10,19,1.9,1.1113571470194044,0.3608515713552645
0,gauss_0.1,0,3.26,100,1,131,10,10,16,1.6,0.543033622749257,0.30673338341015227
0,gauss_0.1,0,3.26,100,2,131,10,10,17,1.7,0.7741973078491929,0.35459729036225185
0,gauss_0.1,0,3.26,100,3,132,10,10,16,1.6,0.494949494949495,0.3134643434486157
0,gauss_0.1,0,3.26,100,4,132,10,10,14,1.4,0.7033976124885214,0.5839440689400243
0,gauss_0.1,0,3.26,100,5,132,10,10,14,1.4,0.5121671258034894,0.43128775178176276
0,gauss_0.1,0,3.26,100,6,131,10,10,22,2.2,0.9678340423052272,0.42276147354035976
0,gauss_0.1,0,3.26,100,7,131,10,10,24,2.4,0.7551424742147894,0.42288309946438557
0,gauss_0.1,0,3.26,100,8,131,10,10,21,2.1,0.6581201561680554,0.40415448632299045
0,gauss_0.1,1,3.32,100,0,131,10,10,20,2.0,1.0243575549210422,0.4474014540404723
0,gauss_0.1,1,3.32,100,1,131,10,10,15,1.5,0.528757065439077,0.23270747889779383
0,gauss_0.1,1,3.32,100,2,131,10,10,19,1.9,0.7459938232037759,0.3355458018911672
0,gauss_0.1,1,3.32,100,3,132,10,10,17,1.7,0.4381313131313131,0.2070215090754502
0,gauss_0.1,1,3.32,100,4,132,10,10,20,2.0,0.7952249770431588,0.4470323129432983
0,gauss_0.1,1,3.32,100,5,132,10,10,15,1.5,0.31542699724517903,0.2656198236612963
0,gauss_0.1,1,3.32,100,6,131,10,10,21,2.1,0.8367810733640231,0.4130000766469085
0,gauss_0.1,1,3.32,100,7,131,10,10,20,2.0,0.5558533884971739,0.4702683365042792
0,gauss_0.1,1,3.32,100,8,131,10,10,19,1.9,0.6374919876464076,0.37017679923774277
0,gauss_0.1,2,3.58,100,0,131,10,10,23,2.3,0.9259367169745354,0.24878845529242272
0,gauss_0.1,2,3.58,100,1,131,10,10,15,1.5,0.7525202494027157,0.3314061278991875
0,gauss_0.1,2,3.58,100,2,131,10,10,19,1.9,0.5444904143115203,0.19912365970900825
0,gauss_0.1,2,3.58,100,3,132,10,10,20,2.0,0.5174471992653812,0.23701034176098917
0,gauss_0.1,2,3.58,100,4,132,10,10,15,1.5,0.5203168044077134,0.4135801155641332
0,gauss_0.1,2,3.58,100,5,132,10,10,18,1.8,0.5330578512396695,0.3654339745165247
0,gauss_0.1,2,3.58,100,6,131,10,10,23,2.3,0.8455218227376028,0.3432175353262738
0,gauss_0.1,2,3.58,100,7,131,10,10,22,2.2,0.6627236175048076,0.43908492343948785
0,gauss_0.1,2,3.58,100,8,131,10,10,24,2.4,0.7271720762193347,0.3534710659737791
0,dm_eig0,0,3.28,100,0,131,10,10,21,2.1,0.5993823203776004,0.3008365913945332
0,dm_eig0,0,3.28,100,1,131,10,10,17,1.7,0.5245615057397587,0.4038811203596184
0,dm_eig0,0,3.28,100,2,131,10,10,19,1.9,1.1379290251150864,0.36099785354031194
0,dm_eig0,0,3.28,100,3,132,10,10,20,2.0,0.965105601469238,0.40116012839043724
0,dm_eig0,0,3.28,100,4,132,10,10,16,1.6,0.9742883379247016,0.42790920451062253
0,dm_eig0,0,3.28,100,5,132,10,10,17,1.7,0.3620293847566574,0.3467872092186971
0,dm_eig0,0,3.28,100,6,131,10,10,16,1.6,0.846978614299866,0.43025893849309865
0,dm_eig0,0,3.28,100,7,131,10,10,19,1.9,1.3305751413087814,0.46079060761300267
0,dm_eig0,0,3.28,100,8,131,10,10,19,1.9,0.66849251209137,0.28216565602754135
0,dm_eig0,1,3.26,100,0,131,10,10,19,1.9,0.5954198473282443,0.3896246845589281
0,dm_eig0,1,3.26,100,1,131,10,10,20,2.0,0.905483363440359,0.457298606443507
0,dm_eig0,1,3.26,100,2,131,10,10,19,1.9,0.6197774022492861,0.299362977916734
0,dm_eig0,1,3.26,100,3,132,10,10,18,1.8,0.6776859504132233,0.35513866880954914
0,dm_eig0,1,3.26,100,4,132,10,10,15,1.5,0.3360881542699725,0.36988942914322864
0,dm_eig0,1,3.26,100,5,132,10,10,17,1.7,0.4498393021120294,0.3265101322946453
0,dm_eig0,1,3.26,100,6,131,10,10,18,1.8,0.561797098071208,0.29738662473371563
0,dm_eig0,1,3.26,100,7,131,10,10,20,2.0,0.9893945574267232,0.31659059419480795
0,dm_eig0,1,3.26,100,8,131,10,10,17,1.7,0.7365538138803098,0.47268680958607306
0,dm_eig0,2,3.1,100,0,131,10,10,20,2.0,0.6747275799778568,0.36563108747761086
0,dm_eig0,2,3.1,100,1,131,10,10,19,1.9,0.6153487559000057,0.3148030605445748
0,dm_eig0,2,3.1,100,2,131,10,10,15,1.5,0.6109201095507254,0.3687190771622039
0,dm_eig0,2,3.1,100,3,132,10,10,17,1.7,0.3132460973370064,0.2915639327029657
0,dm_eig0,2,3.1,100,4,132,10,10,19,1.9,0.35651974288337923,0.2767987123574738
0,dm_eig0,2,3.1,100,5,132,10,10,12,1.2,0.3085399449035813,0.2746343982689077
0,dm_eig0,2,3.1,100,6,131,10,10,18,1.8,0.6834683293514363,0.28387049082188204
0,dm_eig0,2,3.1,100,7,131,10,10,18,1.8,0.7967484412330285,0.49748921524199813
0,dm_eig0,2,3.1,100,8,131,10,10,17,1.7,0.4413495717032806,0.2863683283883428
1,xcoord,0,1.98,100,0,131,10,10,11,1.1,0.5736262455567858,0.8283836500603455
1,xcoord,0,1.98,100,1,131,10,10,10,1.0,0.9596760095565527,0.8922296899444747
1,xcoord,0,1.98,100,2,131,10,10,13,1.3,0.302196841675893,0.43266441378701603
1,xcoord,0,1.98,100,3,132,10,10,10,1.0,0.6678145087235998,0.7342010590412047
1,xcoord,0,1.98,100,4,132,10,10,12,1.2,0.5564738292011019,0.5921924102482262
1,xcoord,0,1.98,100,5,132,10,10,8,0.8,0.418732782369146,0.8306717828590595
1,xcoord,0,1.98,100,6,131,10,10,15,1.5,0.8731425907581146,0.618235987475323
1,xcoord,0,1.98,100,7,131,10,10,9,0.9,0.502534817318338,0.7538786555237664
1,xcoord,0,1.98,100,8,131,10,10,11,1.1,0.5236291591399103,0.8148477254470847
1,xcoord,1,2.02,100,0,131,10,10,12,1.2,0.46774663481149137,0.679215991488428
1,xcoord,1,2.02,100,1,131,10,10,12,1.2,1.3222422935726357,0.8848869619585779
1,xcoord,1,2.02,100,2,131,10,10,11,1.1,0.43260882232970116,0.6027511550946179
1,xcoord,1,2.02,100,3,132,10,10,9,0.9,0.29545454545454547,0.6481340268372352
1,xcoord,1,2.02,100,4,132,10,10,14,1.4,0.8142791551882458,0.6156867309511659
1,xcoord,1,2.02,100,5,132,10,10,10,1.0,0.283287419651056,0.5706800503443487
1,xcoord,1,2.02,100,6,131,10,10,14,1.4,0.4937357962822678,0.51654510177771
1,xcoord,1,2.02,100,7,131,10,10,10,1.0,0.4736903443855253,0.5898554742748418
1,xcoord,1,2.02,100,8,131,10,10,9,0.9,0.3577880076918595,0.7796897709863692
1,xcoord,2,1.96,100,0,131,10,10,10,1.0,0.3443272536565468,0.8393958977567991
1,xcoord,2,1.96,100,1,131,10,10,10,1.0,0.8687722160713245,0.7298928071768847
1,xcoord,2,1.96,100,2,131,10,10,12,1.2,0.5502593088980828,0.6043102293461441
1,xcoord,2,1.96,100,3,132,10,10,8,0.8,0.519742883379247,0.8920401032432588
1,xcoord,2,1.96,100,4,132,10,10,16,1.6,0.8677685950413223,0.5140327323529946
1,xcoord,2,1.96,100,5,132,10,10,9,0.9,0.37809917355371897,0.7415023006871502
1,xcoord,2,1.96,100,6,131,10,10,12,1.2,0.7026979779733117,0.6351780638391944
1,xcoord,2,1.96,100,7,131,10,10,11,1.1,0.5915739176038693,0.7063747377600986
1,xcoord,2,1.96,100,8,131,10,10,10,1.0,0.39094458364897156,0.8111523575434268
1,knn_k1,0,1.8,100,0,131,10,10,10,1.0,0.062292407202377484,1.0
1,knn_k1,0,1.8,100,1,131,10,10,10,1.0,0.08443563894877922,1.0
1,knn_k1,0,1.8,100,2,131,10,10,10,1.0,0.1310529689412039,1.0
1,knn_k1,0,1.8,100,3,132,10,10,10,1.0,0.10996326905417818,1.0
1,knn_k1,0,1.8,100,4,132,10,10,10,1.0,0.10192837465564739,1.0
1,knn_k1,0,1.8,100,5,132,10,10,10,1.0,0.08011937557392103,1.0
1,knn_k1,0,1.8,100,6,131,10,10,10,1.0,0.18815919818192414,1.0
1,knn_k1,0,1.8,100,7,131,10,10,10,1.0,0.3093642561622283,1.0
1,knn_k1,0,1.8,100,8,131,10,10,10,1.0,0.07627760620010489,1.0
1,knn_k1,1,1.8,100,0,131,10,10,10,1.0,0.062292407202377484,1.0
1,knn_k1,1,1.8,100,1,131,10,10,10,1.0,0.08443563894877922,1.0
1,knn_k1,1,1.8,100,2,131,10,10,10,1.0,0.1310529689412039,1.0
1,knn_k1,1,1.8,100,3,132,10,10,10,1.0,0.10996326905417818,1.0
1,knn_k1,1,1.8,100,4,132,10,10,10,1.0,0.1019283746556474,1.0
1,knn_k1,1,1.8,100,5,132,10,10,10,1.0,0.08011937557392103,1.0
1,knn_k1,1,1.8,100,6,131,10,10,10,1.0,0.18815919818192414,1.0
1,knn_k1,1,1.8,100,7,131,10,10,10,1.0,0.3093642561622283,1.0
1,knn_k1,1,1.8,100,8,131,10,10,10,1.0,0.07627760620010489,1.0
1,knn_k1,2,1.8,100,0,131,10,10,10,1.0,0.06229240720237748,1.0
1,knn_k1,2,1.8,100,1,131,10,10,10,1.0,0.08443563894877922,1.0
1,knn_k1,2,1.8,100,2,131,10,10,10,1.0,0.1310529689412039,1.0
1,knn_k1,2,1.8,100,3,132,10,10,10,1.0,0.10996326905417816,1.0
1,knn_k1,2,1.8,100,4,132,10,10,10,1.0,0.1019283746556474,1.0
1,knn_k1,2,1.8,100,5,132,10,10,10,1.0,0.08011937557392103,1.0
1,knn_k1,2,1.8,100,6,131,10,10,10,1.0,0.18815919818192414,1.0
1,knn_k1,2,1.8,100,7,131,10,10,10,1.0,0.3093642561622284,1.0
1,knn_k1,2,1.8,100,8,131,10,10,10,1.0,0.07627760620010489,1.0
1,dtm_k10,0,1.8,100,0,131,10,10,10,1.0,0.07278130645067304,1.0
1,dtm_k10,0,1.8,100,1,131,10,10,10,1.0,0.07161587320086245,1.0
1,dtm_k10,0,1.8,100,2,131,10,10,10,1.0,0.0832702056989686,1.0
1,dtm_k10,0,1.8,100,3,132,10,10,10,1.0,0.10996326905417818,1.0
1,dtm_k10,0,1.8,100,4,132,10,10,10,1.0,0.07208448117539026,1.0
1,dtm_k10,0,1.8,100,5,132,10,10,10,1.0,0.14439853076216713,1.0
1,dtm_k10,0,1.8,100,6,131,10,10,10,1.0,0.15086533418798442,1.0
1,dtm_k10,0,1.8,100,7,131,10,10,10,1.0,0.06345784045218811,1.0
1,dtm_k10,0,1.8,100,8,131,10,10,10,1.0,0.05296894120389256,1.0
1,dtm_k10,1,1.8,100,0,131,10,10,10,1.0,0.07278130645067304,1.0
1,dtm_k10,1,1.8,100,1,131,10,10,10,1.0,0.07161587320086243,1.0
1,dtm_k10,1,1.8,100,2,131,10,10,10,1.0,0.0832702056989686,1.0
1,dtm_k10,1,1.8,100,3,132,10,10,10,1.0,0.10996326905417818,1.0
1,dtm_k10,1,1.8,100,4,132,10,10,10,1.0,0.07208448117539026,1.0
1,dtm_k10,1,1.8,100,5,132,10,10,10,1.0,0.14439853076216713,1.0
1,dtm_k10,1,1.8,100,6,131,10,10,10,1.0,0.15086533418798437,1.0
1,dtm_k10,1,1.8,100,7,131,10,10,10,1.0,0.0634578404521881,1.0
1,dtm_k10,1,1.8,100,8,131,10,10,10,1.0,0.052968941203892554,1.0
1,dtm_k10,2,1.8,100,0,131,10,10,10,1.0,0.07278130645067304,1.0
1,dtm_k10,2,1.8,100,1,131,10,10,10,1.0,0.07161587320086243,1.0
1,dtm_k10,2,1.8,100,2,131,10,10,10,1.0,0.0832702056989686,1.0
1,dtm_k10,2,1.8,100,3,132,10,10,10,1.0,0.10996326905417818,1.0
1,dtm_k10,2,1.8,100,4,132,10,10,10,1.0,0.07208448117539026,1.0
1,dtm_k10,2,1.8,100,5,132,10,10,10,1.0,0.14439853076216713,1.0
1,dtm_k10,2,1.8,100,6,131,10,10,10,1.0,0.15086533418798442,1.0
1,dtm_k10,2,1.8,100,7,131,10,10,10,1.0,0.0634578404521881,1.0
1,dtm_k10,2,1.8,100,8,131,10,10,10,1.0,0.052968941203892554,1.0
1,random,0,1.8,100,0,131,10,10,10,1.0,0.026163976458248358,1.0
1,random,0,1.8,100,1,131,10,10,10,1.0,0.054134374453703164,1.0
1,random,0,1.8,100,2,131,10,10,10,1.0,0.07045043995105181,1.0
1,random,0,1.8,100,3,132,10,10,10,1.0,0.023875114784205693,1.0
1,random,0,1.8,100,4,132,10,10,10,1.0,0.04109274563820019,1.0
1,random,0,1.8,100,5,132,10,10,10,1.0,0.08930211202938475,1.0
1,random,0,1.8,100,6,131,10,10,10,1.0,0.0692850067012412,1.0
1,random,0,1.8,100,7,131,10,10,10,1.0,0.041314608705786376,1.0
1,random,0,1.8,100,8,131,10,10,10,1.0,0.02732940970805897,1.0
1,random,1,1.8,100,0,131,10,10,10,1.0,0.026163976458248358,1.0
1,random,1,1.8,100,1,131,10,10,10,1.0,0.03665287570654391,1.0
1,random,1,1.8,100,2,131,10,10,10,1.0,0.0483072082046501,1.0
1,random,1,1.8,100,3,132,10,10,10,1.0,0.07552800734618917,1.0
1,random,1,1.8,100,4,132,10,10,10,1.0,0.09733700642791554,1.0
1,random,1,1.8,100,5,132,10,10,10,1.0,0.06290174471992654,1.0
1,random,1,1.8,100,6,131,10,10,10,1.0,0.021502243459005886,1.0
1,random,1,1.8,100,7,131,10,10,10,1.0,0.044810908455218235,1.0
1,random,1,1.8,100,8,131,10,10,10,1.0,0.10191713769593849,1.0
1,random,2,1.8,100,0,131,10,10,10,1.0,0.07278130645067304,1.0
1,random,2,1.8,100,1,131,10,10,10,1.0,0.08909737194802167,1.0
1,random,2,1.8,100,2,131,10,10,10,1.0,0.052968941203892554,1.0
1,random,2,1.8,100,3,132,10,10,10,1.0,0.08585858585858586,1.0
1,random,2,1.8,100,4,132,10,10,10,1.0,0.019283746556473833,1.0
1,random,2,1.8,100,5,132,10,10,10,1.0,0.11685032139577597,1.0
1,random,2,1.8,100,6,131,10,10,10,1.0,0.06578870695180933,1.0
1,random,2,1.8,100,7,131,10,10,10,1.0,0.1240603694423402,1.0
1,random,2,1.8,100,8,131,10,10,10,1.0,0.06578870695180934,1.0
1,ecc_p1,0,1.96,100,0,131,10,10,13,1.3,0.7567158091020338,0.617889163364965
1,ecc_p1,0,1.96,100,1,131,10,10,8,0.8,0.27125458889342113,0.591325750691757
1,ecc_p1,0,1.96,100,2,131,10,10,10,1.0,0.1706776994347649,0.7264221686715323
1,ecc_p1,0,1.96,100,3,132,10,10,11,1.1,0.4823232323232323,0.940615412793626
1,ecc_p1,0,1.96,100,4,132,10,10,11,1.1,0.22727272727272727,0.9383977010168318
1,ecc_p1,0,1.96,100,5,132,10,10,10,1.0,0.36363636363636365,0.9758592094351792
1,ecc_p1,0,1.96,100,6,131,10,10,10,1.0,0.6112114678631781,1.0
1,ecc_p1,0,1.96,100,7,131,10,10,10,1.0,0.40492978264669893,1.0
1,ecc_p1,0,1.96,100,8,131,10,10,15,1.5,0.8206980945166369,0.8164118928009314
1,ecc_p1,1,1.92,100,0,131,10,10,12,1.2,0.5810267466930832,0.46906583429606613
1,ecc_p1,1,1.92,100,1,131,10,10,8,0.8,0.46331798846221084,0.6672768312585281
1,ecc_p1,1,1.92,100,2,131,10,10,9,0.9,0.16269448167356215,0.8442891783966843
1,ecc_p1,1,1.92,100,3,132,10,10,12,1.2,0.534435261707989,0.8616302611701603
1,ecc_p1,1,1.92,100,4,132,10,10,11,1.1,0.22727272727272727,0.9383977010168318
1,ecc_p1,1,1.92,100,5,132,10,10,10,1.0,0.36363636363636365,0.9758592094351792
1,ecc_p1,1,1.92,100,6,131,10,10,10,1.0,0.6112114678631781,1.0
1,ecc_p1,1,1.92,100,7,131,10,10,10,1.0,0.404929782646699,1.0
1,ecc_p1,1,1.92,100,8,131,10,10,14,1.4,0.6585280578054892,0.7876746466918337
1,ecc_p1,2,1.96,100,0,131,10,10,13,1.3,0.7536856826525263,0.6257651600694565
1,ecc_p1,2,1.96,100,1,131,10,10,8,0.8,0.26566050929433016,0.5890524794798333
1,ecc_p1,2,1.96,100,2,131,10,10,10,1.0,0.1706776994347649,0.7264221686715323
1,ecc_p1,2,1.96,100,3,132,10,10,11,1.1,0.4823232323232323,0.940615412793626
1,ecc_p1,2,1.96,100,4,132,10,10,11,1.1,0.22727272727272727,0.9383977010168318
1,ecc_p1,2,1.96,100,5,132,10,10,10,1.0,0.36363636363636365,0.9758592094351792
1,ecc_p1,2,1.96,100,6,131,10,10,10,1.0,0.6112114678631781,1.0
1,ecc_p1,2,1.96,100,7,131,10,10,10,1.0,0.40492978264669893,1.0
1,ecc_p1,2,1.96,100,8,131,10,10,15,1.5,0.7630091486510112,0.7822225785788258
1,gauss_0.1,0,1.8,100,0,131,10,10,10,1.0,0.15203076743779498,0.9784958396107
1,gauss_0.1,0,1.8,100,1,131,10,10,10,1.0,0.11939863644309774,1.0
1,gauss_0.1,0,1.8,100,2,131,10,10,10,1.0,0.12056406969290834,1.0
1,gauss_0.1,0,1.8,100,3,132,10,10,10,1.0,0.07093663911845731,1.0
1,gauss_0.1,0,1.8,100,4,132,10,10,10,1.0,0.09274563820018367,1.0
1,gauss_0.1,0,1.8,100,5,132,10,10,10,1.0,0.057162534435261717,1.0
1,gauss_0.1,0,1.8,100,6,131,10,10,10,1.0,0.07627760620010489,1.0
1,gauss_0.1,0,1.8,100,7,131,10,10,10,1.0,0.26041605967018244,0.985083704291615
1,gauss_0.1,0,1.8,100,8,131,10,10,10,1.0,0.4597051453877979,0.9285093008074304
1,gauss_0.1,1,1.8,100,0,131,10,10,10,1.0,0.15203076743779498,0.9784958396107
1,gauss_0.1,1,1.8,100,1,131,10,10,10,1.0,0.11939863644309774,1.0
1,gauss_0.1,1,1.8,100,2,131,10,10,10,1.0,0.12056406969290834,1.0
1,gauss_0.1,1,1.8,100,3,132,10,10,10,1.0,0.07093663911845731,1.0
1,gauss_0.1,1,1.8,100,4,132,10,10,10,1.0,0.09274563820018367,1.0
1,gauss_0.1,1,1.8,100,5,132,10,10,10,1.0,0.057162534435261717,1.0
1,gauss_0.1,1,1.8,100,6,131,10,10,10,1.0,0.07627760620010489,1.0
1,gauss_0.1,1,1.8,100,7,131,10,10,10,1.0,0.26041605967018244,0.985083704291615
1,gauss_0.1,1,1.8,100,8,131,10,10,10,1.0,0.4597051453877979,0.9285093008074304
1,gauss_0.1,2,1.8,100,0,131,10,10,10,1.0,0.15203076743779498,0.9784958396107
1,gauss_0.1,2,1.8,100,1,131,10,10,10,1.0,0.11939863644309774,1.0
1,gauss_0.1,2,1.8,100,2,131,10,10,10,1.0,0.12056406969290834,1.0
1,gauss_0.1,2,1.8,100,3,132,10,10,10,1.0,0.07093663911845731,1.0
1,gauss_0.1,2,1.8,100,4,132,10,10,10,1.0,0.09274563820018367,1.0
1,gauss_0.1,2,1.8,100,5,132,10,10,10,1.0,0.057162534435261717,1.0
1,gauss_0.1,2,1.8,100,6,131,10,10,10,1.0,0.07627760620010489,1.0
1,gauss_0.1,2,1.8,100,7,131,10,10,10,1.0,0.26041605967018244,0.985083704291615
1,gauss_0.1,2,1.8,100,8,131,10,10,10,1.0,0.629858399860148,0.9964509750024018
1,dm_eig0,0,2.06,100,0,131,10,10,12,1.2,0.7348639356680847,0.7357304272970503
1,dm_eig0,0,2.06,100,1,131,10,10,11,1.1,0.8441233028378301,0.7402445718675223
1,dm_eig0,0,2.06,100,2,131,10,10,13,1.3,0.4006759512848902,0.5062428262089398
1,dm_eig0,0,2.06,100,3,132,10,10,9,0.9,0.2758264462809918,0.6183527521830897
1,dm_eig0,0,2.06,100,4,132,10,10,11,1.1,0.45580808080808083,0.5939941528824282
1,dm_eig0,0,2.06,100,5,132,10,10,10,1.0,1.0018365472910928,0.7141958517987003
1,dm_eig0,0,2.06,100,6,131,10,10,12,1.2,0.695705378474448,0.6909671322218928
1,dm_eig0,0,2.06,100,7,131,10,10,11,1.1,0.5979838004778276,0.7778265849182353
1,dm_eig0,0,2.06,100,8,131,10,10,14,1.4,0.6699493036536331,0.6005741501764472
1,dm_eig0,1,2.06,100,0,131,10,10,13,1.3,1.035487442456733,0.6685605811660379
1,dm_eig0,1,2.06,100,1,131,10,10,11,1.1,0.6518268166190783,0.6749364016507694
1,dm_eig0,1,2.06,100,2,131,10,10,11,1.1,0.5556785735097023,0.6406190159834304
1,dm_eig0,1,2.06,100,3,132,10,10,11,1.1,0.2689393939393939,0.5410665912321883
1,dm_eig0,1,2.06,100,4,132,10,10,10,1.0,0.5828741965105602,0.7179260120466001
1,dm_eig0,1,2.06,100,5,132,10,10,12,1.2,0.8016528925619835,0.535876334239339
1,dm_eig0,1,2.06,100,6,131,10,10,10,1.0,0.5179768078783288,0.702876761487686
1,dm_eig0,1,2.06,100,7,131,10,10,12,1.2,0.6873142590758116,0.6952386349454218
1,dm_eig0,1,2.06,100,8,131,10,10,13,1.3,0.279470893304586,0.5164843085056884
1,dm_eig0,2,1.98,100,0,131,10,10,11,1.1,0.3992774313851175,0.5843860220320003
1,dm_eig0,2,1.98,100,1,131,10,10,8,0.8,0.505273585455393,0.9266498985310896
1,dm_eig0,2,1.98,100,2,131,10,10,11,1.1,0.4403006817784512,0.5425198859672902
1,dm_eig0,2,1.98,100,3,132,10,10,12,1.2,0.5550964187327824,0.6408592878580945
1,dm_eig0,2,1.98,100,4,132,10,10,12,1.2,0.4738292011019284,0.532280087327501
1,dm_eig0,2,1.98,100,5,132,10,10,9,0.9,0.7055785123966944,0.6580510310998607
1,dm_eig0,2,1.98,100,6,131,10,10,12,1.2,0.663539420779675,0.6727687262884117
1,dm_eig0,2,1.98,100,7,131,10,10,11,1.1,0.6338791445719948,0.8276940703881054
1,dm_eig0,2,1.98,100,8,131,10,10,13,1.3,0.7370199871802342,0.6039879459942578
2,xcoord,0,1.96,100,0,131,10,10,9,0.9,0.42072140318163276,0.9015394015341205
2,xcoord,0,1.96,100,1,131,10,10,10,1.0,0.5879028028669657,0.7126229288953438
2,xcoord,0,1.96,100,2,131,10,10,14,1.4,1.130062350678864,0.622605380035038
2,xcoord,0,1.96,100,3,132,10,10,9,0.9,0.1797520661157025,0.726986274713351
2,xcoord,0,1.96,100,4,132,10,10,14,1.4,0.7692837465564737,0.5995818744430873
2,xcoord,0,1.96,100,5,132,10,10,9,0.9,0.3801652892561984,0.8821982284948204
2,xcoord,0,1.96,100,6,131,10,10,11,1.1,0.5979838004778277,0.641576867224247
2,xcoord,0,1.96,100,7,131,10,10,10,1.0,0.6531670648563604,0.5829705705918455
2,xcoord,0,1.96,100,8,131,10,10,12,1.2,0.4271895577180817,0.6673482134578191
2,xcoord,1,1.92,100,0,131,10,10,10,1.0,0.35365071965503175,0.7802107980210798
2,xcoord,1,1.92,100,1,131,10,10,11,1.1,0.7864343569722044,0.7537938059350235
2,xcoord,1,1.92,100,2,131,10,10,15,1.5,0.9885204824893655,0.5592832441058636
2,xcoord,1,1.92,100,3,132,10,10,8,0.8,0.13406795224977044,0.7238750379653656
2,xcoord,1,1.92,100,4,132,10,10,12,1.2,0.2865013774104683,0.47591198926678635
2,xcoord,1,1.92,100,5,132,10,10,9,0.9,0.49276859504132237,0.9419695545831079
2,xcoord,1,1.92,100,6,131,10,10,10,1.0,0.7755375560864751,0.7455518242475356
2,xcoord,1,1.92,100,7,131,10,10,11,1.1,0.8505331857117884,0.7053265761394298
2,xcoord,1,1.92,100,8,131,10,10,10,1.0,0.6275275333605269,0.8178913664862375
2,xcoord,2,1.94,100,0,131,10,10,11,1.1,0.44671056465240966,0.7561818628981187
2,xcoord,2,1.94,100,1,131,10,10,10,1.0,0.5925645358662084,0.5888432810143478
2,xcoord,2,1.94,100,2,131,10,10,13,1.3,1.0703338966260707,0.5916216068383657
2,xcoord,2,1.94,100,3,132,10,10,9,0.9,0.17768595041322316,0.683053877359516
2,xcoord,2,1.94,100,4,132,10,10,13,1.3,0.5056244260789716,0.513293311968206
2,xcoord,2,1.94,100,5,132,10,10,9,0.9,0.3935950413223141,0.7476069023349206
2,xcoord,2,1.94,100,6,131,10,10,11,1.1,0.6120855428005362,0.6448193459162231
2,xcoord,2,1.94,100,7,131,10,10,9,0.9,0.4385525319037352,0.5281182395793705
2,xcoord,2,1.94,100,8,131,10,10,12,1.2,0.4062117592214906,0.6377307109830194
2,knn_k1,0,1.8,100,0,131,10,10,10,1.0,0.10774430394499157,1.0
2,knn_k1,0,1.8,100,1,131,10,10,10,1.0,0.12406036944234021,1.0
2,knn_k1,0,1.8,100,2,131,10,10,10,1.0,0.136880135190257,1.0
2,knn_k1,0,1.8,100,3,132,10,10,10,1.0,0.1868686868686869,1.0
2,knn_k1,0,1.8,100,4,132,10,10,10,1.0,0.0881542699724518,1.0
2,knn_k1,0,1.8,100,5,132,10,10,10,1.0,0.10996326905417816,1.0
2,knn_k1,0,1.8,100,6,131,10,10,10,1.0,0.07977390594953676,1.0
2,knn_k1,0,1.8,100,7,131,10,10,10,1.0,0.07744303944991551,1.0
2,knn_k1,0,1.8,100,8,131,10,10,10,1.0,0.0692850067012412,1.0
2,knn_k1,1,1.8,100,0,131,10,10,10,1.0,0.10774430394499156,1.0
2,knn_k1,1,1.8,100,1,131,10,10,10,1.0,0.1240603694423402,1.0
2,knn_k1,1,1.8,100,2,131,10,10,10,1.0,0.136880135190257,1.0
2,knn_k1,1,1.8,100,3,132,10,10,10,1.0,0.1868686868686869,1.0
2,knn_k1,1,1.8,100,4,132,10,10,10,1.0,0.08815426997245182,1.0
2,knn_k1,1,1.8,100,5,132,10,10,10,1.0,0.10996326905417816,1.0
2,knn_k1,1,1.8,100,6,131,10,10,10,1.0,0.07977390594953676,1.0
2,knn_k1,1,1.8,100,7,131,10,10,10,1.0,0.0774430394499155,1.0
2,knn_k1,1,1.8,100,8,131,10,10,10,1.0,0.0692850067012412,1.0
2,knn_k1,2,1.8,100,0,131,10,10,10,1.0,0.10774430394499157,1.0
2,knn_k1,2,1.8,100,1,131,10,10,10,1.0,0.1240603694423402,1.0
2,knn_k1,2,1.8,100,2,131,10,10,10,1.0,0.136880135190257,1.0
2,knn_k1,2,1.8,100,3,132,10,10,10,1.0,0.1868686868686869,1.0
2,knn_k1,2,1.8,100,4,132,10,10,10,1.0,0.08815426997245182,1.0
2,knn_k1,2,1.8,100,5,132,10,10,10,1.0,0.10996326905417816,1.0
2,knn_k1,2,1.8,100,6,131,10,10,10,1.0,0.07977390594953676,1.0
2,knn_k1,2,1.8,100,7,131,10,10,10,1.0,0.07744303944991551,1.0
2,knn_k1,2,1.8,100,8,131,10,10,10,1.0,0.0692850067012412,1.0
2,dtm_k10,0,1.8,100,0,131,10,10,10,1.0,0.15203076743779498,1.0
2,dtm_k10,0,1.8,100,1,131,10,10,10,1.0,0.04597634170502885,1.0
2,dtm_k10,0,1.8,100,2,131,10,10,10,1.0,0.14037643493968885,1.0
2,dtm_k10,0,1.8,100,3,132,10,10,10,1.0,0.1903122130394858,1.0
2,dtm_k10,0,1.8,100,4,132,10,10,10,1.0,0.08930211202938476,1.0
2,dtm_k10,0,1.8,100,5,132,10,10,10,1.0,0.19605142332415065,1.0
2,dtm_k10,0,1.8,100,6,131,10,10,10,1.0,0.03781830895635453,1.0
2,dtm_k10,0,1.8,100,7,131,10,10,10,1.0,0.12289493619252959,1.0
2,dtm_k10,0,1.8,100,8,131,10,10,10,1.0,0.21263329642794707,1.0
2,dtm_k10,1,1.8,100,0,131,10,10,10,1.0,0.15203076743779498,1.0
2,dtm_k10,1,1.8,100,1,131,10,10,10,1.0,0.04597634170502885,1.0
2,dtm_k10,1,1.8,100,2,131,10,10,10,1.0,0.14037643493968885,1.0
2,dtm_k10,1,1.8,100,3,132,10,10,10,1.0,0.1903122130394858,1.0
2,dtm_k10,1,1.8,100,4,132,10,10,10,1.0,0.08930211202938476,1.0
2,dtm_k10,1,1.8,100,5,132,10,10,10,1.0,0.19605142332415065,1.0
2,dtm_k10,1,1.8,100,6,131,10,10,10,1.0,0.037818308956354525,1.0
2,dtm_k10,1,1.8,100,7,131,10,10,10,1.0,0.12289493619252956,1.0
2,dtm_k10,1,1.8,100,8,131,10,10,10,1.0,0.21263329642794707,1.0
2,dtm_k10,2,1.8,100,0,131,10,10,10,1.0,0.15203076743779498,1.0
2,dtm_k10,2,1.8,100,1,131,10,10,10,1.0,0.045976341705028845,1.0
2,dtm_k10,2,1.8,100,2,131,10,10,10,1.0,0.14037643493968885,1.0
2,dtm_k10,2,1.8,100,3,132,10,10,10,1.0,0.1903122130394858,1.0
2,dtm_k10,2,1.8,100,4,132,10,10,10,1.0,0.08930211202938476,1.0
2,dtm_k10,2,1.8,100,5,132,10,10,10,1.0,0.19605142332415065,1.0
2,dtm_k10,2,1.8,100,6,131,10,10,10,1.0,0.03781830895635453,1.0
2,dtm_k10,2,1.8,100,7,131,10,10,10,1.0,0.12289493619252959,1.0
2,dtm_k10,2,1.8,100,8,131,10,10,10,1.0,0.21263329642794707,1.0
2,random,0,1.8,100,0,131,10,10,10,1.0,0.14503816793893132,1.0
2,random,0,1.8,100,1,131,10,10,10,1.0,0.036652875706543915,1.0
2,random,0,1.8,100,2,131,10,10,10,1.0,0.11124060369442339,1.0
2,random,0,1.8,100,3,132,10,10,10,1.0,0.16276400367309463,1.0
2,random,0,1.8,100,4,132,10,10,10,1.0,0.07667584940312214,1.0
2,random,0,1.8,100,5,132,10,10,10,1.0,0.07438016528925623,1.0
2,random,0,1.8,100,6,131,10,10,10,1.0,0.07977390594953676,1.0
2,random,0,1.8,100,7,131,10,10,10,1.0,0.07860847269972612,1.0
2,random,0,1.8,100,8,131,10,10,10,1.0,0.10075170444612785,1.0
2,random,1,1.8,100,0,131,10,10,10,1.0,0.061126973952566874,1.0
2,random,1,1.8,100,1,131,10,10,10,1.0,0.07278130645067304,1.0
2,random,1,1.8,100,2,131,10,10,10,1.0,0.09375910494726414,1.0
2,random,1,1.8,100,3,132,10,10,10,1.0,0.049127640036730945,1.0
2,random,1,1.8,100,4,132,10,10,10,1.0,0.10307621671258037,1.0
2,random,1,1.8,100,5,132,10,10,10,1.0,0.04683195592286502,1.0
2,random,1,1.8,100,6,131,10,10,10,1.0,0.08093933919934734,1.0
2,random,1,1.8,100,7,131,10,10,10,1.0,0.07627760620010489,1.0
2,random,1,1.8,100,8,131,10,10,10,1.0,0.05063807470427131,1.0
2,random,2,1.8,100,0,131,10,10,10,1.0,0.05063807470427131,1.0
2,random,2,1.8,100,1,131,10,10,10,1.0,0.07977390594953673,1.0
2,random,2,1.8,100,2,131,10,10,10,1.0,0.10308257094574907,1.0
2,random,2,1.8,100,3,132,10,10,10,1.0,0.08930211202938478,1.0
2,random,2,1.8,100,4,132,10,10,10,1.0,0.07552800734618918,1.0
2,random,2,1.8,100,5,132,10,10,10,1.0,0.05371900826446281,1.0
2,random,2,1.8,100,6,131,10,10,10,1.0,0.07045043995105181,1.0
2,random,2,1.8,100,7,131,10,10,10,1.0,0.06112697395256686,1.0
2,random,2,1.8,100,8,131,10,10,10,1.0,0.08327020569896858,1.0
2,ecc_p1,0,1.84,100,0,131,10,10,10,1.0,0.12988753569139327,0.815888734718284
2,ecc_p1,0,1.84,100,1,131,10,10,10,1.0,0.25575432667093995,0.9508856480164201
2,ecc_p1,0,1.84,100,2,131,10,10,10,1.0,0.2639123594196143,1.0
2,ecc_p1,0,1.84,100,3,132,10,10,10,1.0,0.23163452708907256,1.0
2,ecc_p1,0,1.84,100,4,132,10,10,10,1.0,0.3096877869605143,1.0
2,ecc_p1,0,1.84,100,5,132,10,10,10,1.0,0.2764003673094583,0.9702342719490399
2,ecc_p1,0,1.84,100,6,131,10,10,11,1.1,0.39030359536157566,0.9408889093743767
2,ecc_p1,0,1.84,100,7,131,10,10,10,1.0,0.37812481790105484,0.9648696318846651
2,ecc_p1,0,1.84,100,8,131,10,10,11,1.1,0.5620884563836608,0.9077810931051118
2,ecc_p1,1,1.84,100,0,131,10,10,10,1.0,0.12988753569139327,0.815888734718284
2,ecc_p1,1,1.84,100,1,131,10,10,10,1.0,0.25575432667093995,0.9508856480164201
2,ecc_p1,1,1.84,100,2,131,10,10,10,1.0,0.2639123594196143,1.0
2,ecc_p1,1,1.84,100,3,132,10,10,10,1.0,0.23163452708907256,1.0
2,ecc_p1,1,1.84,100,4,132,10,10,10,1.0,0.3096877869605143,1.0
2,ecc_p1,1,1.84,100,5,132,10,10,10,1.0,0.2924701561065198,0.9777987984161808
2,ecc_p1,1,1.84,100,6,131,10,10,10,1.0,0.340830953907115,0.9858905643436724
2,ecc_p1,1,1.84,100,7,131,10,10,10,1.0,0.37812481790105473,0.9928251864903817
2,ecc_p1,1,1.84,100,8,131,10,10,12,1.2,0.6621409008799023,0.8831370906289917
2,ecc_p1,2,1.82,100,0,131,10,10,10,1.0,0.12988753569139327,0.815888734718284
2,ecc_p1,2,1.82,100,1,131,10,10,10,1.0,0.25575432667093995,0.9508856480164201
2,ecc_p1,2,1.82,100,2,131,10,10,10,1.0,0.2639123594196143,1.0
2,ecc_p1,2,1.82,100,3,132,10,10,10,1.0,0.23163452708907256,1.0
2,ecc_p1,2,1.82,100,4,132,10,10,10,1.0,0.3096877869605143,1.0
2,ecc_p1,2,1.82,100,5,132,10,10,10,1.0,0.2764003673094582,0.9702342719490399
2,ecc_p1,2,1.82,100,6,131,10,10,11,1.1,0.39030359536157566,0.9408889093743767
2,ecc_p1,2,1.82,100,7,131,10,10,10,1.0,0.37812481790105484,0.9648696318846651
2,ecc_p1,2,1.82,100,8,131,10,10,10,1.0,0.4748557776353359,0.9441327953285438
2,gauss_0.1,0,1.82,100,0,131,10,10,10,1.0,0.08909737194802168,1.0
2,gauss_0.1,0,1.82,100,1,131,10,10,10,1.0,0.07278130645067304,1.0
2,gauss_0.1,0,1.82,100,2,131,10,10,10,1.0,0.12872210244158264,1.0
2,gauss_0.1,0,1.82,100,3,132,10,10,10,1.0,0.0674931129476584,1.0
2,gauss_0.1,0,1.82,100,4,132,10,10,10,1.0,0.06290174471992654,1.0
2,gauss_0.1,0,1.82,100,5,132,10,10,10,1.0,0.021579430670339766,1.0
2,gauss_0.1,0,1.82,100,6,131,10,10,10,1.0,0.037818308956354525,1.0
2,gauss_0.1,0,1.82,100,7,131,10,10,10,1.0,0.08909737194802168,0.9748816872898388
2,gauss_0.1,0,1.82,100,8,131,10,10,11,1.1,0.18134141367053203,0.8871099233859422
2,gauss_0.1,1,1.82,100,0,131,10,10,10,1.0,0.08909737194802168,1.0
2,gauss_0.1,1,1.82,100,1,131,10,10,10,1.0,0.07278130645067304,1.0
2,gauss_0.1,1,1.82,100,2,131,10,10,10,1.0,0.1287221024415827,1.0
2,gauss_0.1,1,1.82,100,3,132,10,10,10,1.0,0.0674931129476584,1.0
2,gauss_0.1,1,1.82,100,4,132,10,10,10,1.0,0.06290174471992654,1.0
2,gauss_0.1,1,1.82,100,5,132,10,10,10,1.0,0.021579430670339766,1.0
2,gauss_0.1,1,1.82,100,6,131,10,10,10,1.0,0.03781830895635453,1.0
2,gauss_0.1,1,1.82,100,7,131,10,10,10,1.0,0.0890973719480217,0.9748816872898388
2,gauss_0.1,1,1.82,100,8,131,10,10,11,1.1,0.177495483946157,0.8851825897852256
2,gauss_0.1,2,1.82,100,0,131,10,10,10,1.0,0.08909737194802168,1.0
2,gauss_0.1,2,1.82,100,1,131,10,10,10,1.0,0.07278130645067303,1.0
2,gauss_0.1,2,1.82,100,2,131,10,10,10,1.0,0.12872210244158264,1.0
2,gauss_0.1,2,1.82,100,3,132,10,10,10,1.0,0.0674931129476584,1.0
2,gauss_0.1,2,1.82,100,4,132,10,10,10,1.0,0.06290174471992654,1.0
2,gauss_0.1,2,1.82,100,5,132,10,10,10,1.0,0.021579430670339766,1.0
2,gauss_0.1,2,1.82,100,6,131,10,10,10,1.0,0.037818308956354525,1.0
2,gauss_0.1,2,1.82,100,7,131,10,10,10,1.0,0.0984208379465066,0.979984432989721
2,gauss_0.1,2,1.82,100,8,131,10,10,11,1.1,0.18903327311928209,0.8249981388854073
2,dm_eig0,0,2.06,100,0,131,10,10,13,1.3,0.6279354349979605,0.5294180777156778
2,dm_eig0,0,2.06,100,1,131,10,10,11,1.1,0.3197948837480334,0.6419273505043068
2,dm_eig0,0,2.06,100,2,131,10,10,9,0.9,0.47211700949828095,0.7821011480263612
2,dm_eig0,0,2.06,100,3,132,10,10,13,1.3,0.5996326905417816,0.507774952315505
2,dm_eig0,0,2.06,100,4,132,10,10,10,1.0,0.3980716253443526,0.5846867809611161
2,dm_eig0,0,2.06,100,5,132,10,10,13,1.3,0.738406795224977,0.6090090684126012
2,dm_eig0,0,2.06,100,6,131,10,10,9,0.9,0.538197074762543,0.9576563623152399
2,dm_eig0,0,2.06,100,7,131,10,10,12,1.2,0.8327603286521764,0.8092878584981554
2,dm_eig0,0,2.06,100,8,131,10,10,13,1.3,0.38401025581259834,0.472321118668123
2,dm_eig0,1,2.0,100,0,131,10,10,13,1.3,0.8279237806654621,0.6692464398754109
2,dm_eig0,1,2.0,100,1,131,10,10,12,1.2,0.3922265602237633,0.5844625588592813
2,dm_eig0,1,2.0,100,2,131,10,10,9,0.9,0.4647747800244741,0.7741524596215485
2,dm_eig0,1,2.0,100,3,132,10,10,13,1.3,0.6130624426078971,0.551508459594606
2,dm_eig0,1,2.0,100,4,132,10,10,9,0.9,0.33264462809917367,0.5905821013168534
2,dm_eig0,1,2.0,100,5,132,10,10,13,1.3,0.5280073461891645,0.5368029495178879
2,dm_eig0,1,2.0,100,6,131,10,10,9,0.9,0.47211700949828095,0.883115688825453
2,dm_eig0,1,2.0,100,7,131,10,10,11,1.1,0.6095215896509529,0.7560398171287076
2,dm_eig0,1,2.0,100,8,131,10,10,11,1.1,0.6454169337451199,0.6487414457774435
2,dm_eig0,2,2.08,100,0,131,10,10,13,1.3,0.4930948079948722,0.46773221246802876
2,dm_eig0,2,2.08,100,1,131,10,10,11,1.1,0.6479808868947033,0.8082533440500207
2,dm_eig0,2,2.08,100,2,131,10,10,8,0.8,0.3038867198881184,0.7710956920716461
2,dm_eig0,2,2.08,100,3,132,10,10,13,1.3,0.8264462809917357,0.7822380764435659
2,dm_eig0,2,2.08,100,4,132,10,10,11,1.1,0.5,0.4948533694940132
2,dm_eig0,2,2.08,100,5,132,10,10,15,1.5,1.0781680440771346,0.7578860896227677
2,dm_eig0,2,2.08,100,6,131,10,10,10,1.0,0.28255929141658415,0.5586469105458304
2,dm_eig0,2,2.08,100,7,131,10,10,11,1.1,0.41722510343220104,0.6290186350151303
2,dm_eig0,2,2.08,100,8,131,10,10,12,1.2,0.4831303537089914,0.5121778365789029
3,xcoord,0,1.96,100,0,131,10,10,10,1.0,0.4177495483946157,0.8233595911447152
3,xcoord,0,1.96,100,1,131,10,10,11,1.1,0.364664063865742,0.7160716500967017
3,xcoord,0,1.96,100,2,131,10,10,16,1.6,1.2646698910319911,0.6412326939289021
3,xcoord,0,1.96,100,3,132,10,10,8,0.8,0.22589531680440772,0.7777480874604814
3,xcoord,0,1.96,100,4,132,10,10,12,1.2,0.6363636363636364,0.6719300418563559
3,xcoord,0,1.96,100,5,132,10,10,12,1.2,0.6707988980716254,0.6363516647254488
3,xcoord,0,1.96,100,6,131,10,10,10,1.0,0.5564361051220792,0.6313801559915934
3,xcoord,0,1.96,100,7,131,10,10,10,1.0,0.779033855835907,0.7785410073347867
3,xcoord,0,1.96,100,8,131,10,10,9,0.9,0.18157450032049416,0.717831290001566
3,xcoord,1,2.08,100,0,131,10,10,14,1.4,0.6291591399102615,0.7071221688121008
3,xcoord,1,2.08,100,1,131,10,10,10,1.0,0.5226385408775712,0.6948116236931953
3,xcoord,1,2.08,100,2,131,10,10,16,1.6,0.9215663422877455,0.5549625072969063
3,xcoord,1,2.08,100,3,132,10,10,7,0.7,0.09354912764003673,0.7950453912645848
3,xcoord,1,2.08,100,4,132,10,10,13,1.3,0.8189853076216712,0.6879280410919448
3,xcoord,1,2.08,100,5,132,10,10,12,1.2,0.5840220385674931,0.60112626822941
3,xcoord,1,2.08,100,6,131,10,10,11,1.1,0.65310879319387,0.5839823845586514
3,xcoord,1,2.08,100,7,131,10,10,12,1.2,0.4649495950119457,0.5164864514353926
3,xcoord,1,2.08,100,8,131,10,10,9,0.9,0.21513897791503991,0.7421598302063849
3,xcoord,2,1.94,100,0,131,10,10,12,1.2,0.3013227667385351,0.6852848194671964
3,xcoord,2,1.94,100,1,131,10,10,10,1.0,0.420080414894237,0.654809270128919
3,xcoord,2,1.94,100,2,131,10,10,16,1.6,1.1024415826583533,0.6274256623755666
3,xcoord,2,1.94,100,3,132,10,10,8,0.8,0.3140495867768595,0.9499922087165749
3,xcoord,2,1.94,100,4,132,10,10,10,1.0,0.40495867768595045,0.6981928977501437
3,xcoord,2,1.94,100,5,132,10,10,10,1.0,0.5266299357208449,0.6476618710828218
3,xcoord,2,1.94,100,6,131,10,10,12,1.2,0.49152147310762784,0.4841040578461931
3,xcoord,2,1.94,100,7,131,10,10,11,1.1,0.5031175339432434,0.6120926852362465
3,xcoord,2,1.94,100,8,131,10,10,8,0.8,0.23675776469902687,0.9402539055852421
3,knn_k1,0,1.8,100,0,131,10,10,10,1.0,0.034322009206922674,1.0
3,knn_k1,0,1.8,100,1,131,10,10,10,1.0,0.17883573218343923,1.0
3,knn_k1,0,1.8,100,2,131,10,10,10,1.0,0.11473690344385527,1.0
3,knn_k1,0,1.8,100,3,132,10,10,10,1.0,0.07093663911845731,1.0
3,knn_k1,0,1.8,100,4,132,10,10,10,1.0,0.1053719008264463,1.0
3,knn_k1,0,1.8,100,5,132,10,10,10,1.0,0.11685032139577597,1.0
3,knn_k1,0,1.8,100,6,131,10,10,10,1.0,0.06695414020161997,1.0
3,knn_k1,0,1.8,100,7,131,10,10,10,1.0,0.1252258026921508,1.0
3,knn_k1,0,1.8,100,8,131,10,10,10,1.0,0.07860847269972614,1.0
3,knn_k1,1,1.8,100,0,131,10,10,10,1.0,0.034322009206922674,1.0
3,knn_k1,1,1.8,100,1,131,10,10,10,1.0,0.1788357321834392,1.0
3,knn_k1,1,1.8,100,2,131,10,10,10,1.0,0.11473690344385529,1.0
3,knn_k1,1,1.8,100,3,132,10,10,10,1.0,0.07093663911845731,1.0
3,knn_k1,1,1.8,100,4,132,10,10,10,1.0,0.1053719008264463,1.0
3,knn_k1,1,1.8,100,5,132,10,10,10,1.0,0.11685032139577597,1.0
3,knn_k1,1,1.8,100,6,131,10,10,10,1.0,0.06695414020161997,1.0
3,knn_k1,1,1.8,100,7,131,10,10,10,1.0,0.1252258026921508,1.0
3,knn_k1,1,1.8,100,8,131,10,10,10,1.0,0.07860847269972614,1.0
3,knn_k1,2,1.8,100,0,131,10,10,10,1.0,0.034322009206922674,1.0
3,knn_k1,2,1.8,100,1,131,10,10,10,1.0,0.1788357321834392,1.0
3,knn_k1,2,1.8,100,2,131,10,10,10,1.0,0.11473690344385527,1.0
3,knn_k1,2,1.8,100,3,132,10,10,10,1.0,0.07093663911845731,1.0
3,knn_k1,2,1.8,100,4,132,10,10,10,1.0,0.10537190082644629,1.0
3,knn_k1,2,1.8,100,5,132,10,10,10,1.0,0.11685032139577597,1.0
3,knn_k1,2,1.8,100,6,131,10,10,10,1.0,0.06695414020161997,1.0
3,knn_k1,2,1.8,100,7,131,10,10,10,1.0,0.1252258026921508,1.0
3,knn_k1,2,1.8,100,8,131,10,10,10,1.0,0.07860847269972614,1.0
3,dtm_k10,0,1.8,100,0,131,10,10,10,1.0,0.40959151564594143,1.0
3,dtm_k10,0,1.8,100,1,131,10,10,10,1.0,0.28489015791620537,1.0
3,dtm_k10,0,1.8,100,2,131,10,10,10,1.0,0.10075170444612785,1.0
3,dtm_k10,0,1.8,100,3,132,10,10,10,1.0,0.041092745638200194,1.0
3,dtm_k10,0,1.8,100,4,132,10,10,10,1.0,0.08930211202938478,1.0
3,dtm_k10,0,1.8,100,5,132,10,10,10,1.0,0.08241505968778699,1.0
3,dtm_k10,0,1.8,100,6,131,10,10,10,1.0,0.07045043995105181,1.0
3,dtm_k10,0,1.8,100,7,131,10,10,10,1.0,0.08560107219858984,1.0
3,dtm_k10,0,1.8,100,8,131,10,10,10,1.0,0.07627760620010489,1.0
3,dtm_k10,1,1.8,100,0,131,10,10,10,1.0,0.4095915156459414,1.0
3,dtm_k10,1,1.8,100,1,131,10,10,10,1.0,0.28489015791620537,1.0
3,dtm_k10,1,1.8,100,2,131,10,10,10,1.0,0.10075170444612785,1.0
3,dtm_k10,1,1.8,100,3,132,10,10,10,1.0,0.041092745638200194,1.0
3,dtm_k10,1,1.8,100,4,132,10,10,10,1.0,0.08930211202938476,1.0
3,dtm_k10,1,1.8,100,5,132,10,10,10,1.0,0.08241505968778699,1.0
3,dtm_k10,1,1.8,100,6,131,10,10,10,1.0,0.0704504399510518,1.0
3,dtm_k10,1,1.8,100,7,131,10,10,10,1.0,0.08560107219858984,1.0
3,dtm_k10,1,1.8,100,8,131,10,10,10,1.0,0.07627760620010489,1.0
3,dtm_k10,2,1.8,100,0,131,10,10,10,1.0,0.4095915156459414,1.0
3,dtm_k10,2,1.8,100,1,131,10,10,10,1.0,0.28489015791620537,1.0
3,dtm_k10,2,1.8,100,2,131,10,10,10,1.0,0.10075170444612785,1.0
3,dtm_k10,2,1.8,100,3,132,10,10,10,1.0,0.04109274563820019,1.0
3,dtm_k10,2,1.8,100,4,132,10,10,10,1.0,0.08930211202938478,1.0
3,dtm_k10,2,1.8,100,5,132,10,10,10,1.0,0.08241505968778697,1.0
3,dtm_k10,2,1.8,100,6,131,10,10,10,1.0,0.07045043995105181,1.0
3,dtm_k10,2,1.8,100,7,131,10,10,10,1.0,0.08560107219858984,1.0
3,dtm_k10,2,1.8,100,8,131,10,10,10,1.0,0.07627760620010489,1.0
3,random,0,1.8,100,0,131,10,10,10,1.0,0.07511217295029426,1.0
3,random,0,1.8,100,1,131,10,10,10,1.0,0.07278130645067304,1.0
3,random,0,1.8,100,2,131,10,10,10,1.0,0.05063807470427133,1.0
3,random,0,1.8,100,3,132,10,10,10,1.0,0.03305785123966942,1.0
3,random,0,1.8,100,4,132,10,10,10,1.0,0.0743801652892562,1.0
3,random,0,1.8,100,5,132,10,10,10,1.0,0.10307621671258037,1.0
3,random,0,1.8,100,6,131,10,10,10,1.0,0.07627760620010489,1.0
3,random,0,1.8,100,7,131,10,10,10,1.0,0.09492453819707476,1.0
3,random,0,1.8,100,8,131,10,10,10,1.0,0.06345784045218811,1.0
3,random,1,1.8,100,0,131,10,10,10,1.0,0.12522580269215083,1.0
3,random,1,1.8,100,1,131,10,10,10,1.0,0.08909737194802168,1.0
3,random,1,1.8,100,2,131,10,10,10,1.0,0.058796107452945646,1.0
3,random,1,1.8,100,3,132,10,10,10,1.0,0.07552800734618917,1.0
3,random,1,1.8,100,4,132,10,10,10,1.0,0.07897153351698807,1.0
3,random,1,1.8,100,5,132,10,10,10,1.0,0.10307621671258037,1.0
3,random,1,1.8,100,6,131,10,10,10,1.0,0.07278130645067303,1.0
3,random,1,1.8,100,7,131,10,10,10,1.0,0.09842083794650662,1.0
3,random,1,1.8,100,8,131,10,10,10,1.0,0.10075170444612785,1.0
3,random,2,1.8,100,0,131,10,10,10,1.0,0.029660276207680206,1.0
3,random,2,1.8,100,1,131,10,10,10,1.0,0.06811957345143058,1.0
3,random,2,1.8,100,2,131,10,10,10,1.0,0.03898374220616515,1.0
3,random,2,1.8,100,3,132,10,10,10,1.0,0.07897153351698807,1.0
3,random,2,1.8,100,4,132,10,10,10,1.0,0.07667584940312215,1.0
3,random,2,1.8,100,5,132,10,10,10,1.0,0.16161616161616166,1.0
3,random,2,1.8,100,6,131,10,10,10,1.0,0.0774430394499155,1.0
3,random,2,1.8,100,7,131,10,10,10,1.0,0.06112697395256686,1.0
3,random,2,1.8,100,8,131,10,10,10,1.0,0.040149175455975766,1.0
3,ecc_p1,0,1.9,100,0,131,10,10,12,1.2,0.17965153545830667,0.722021050138318
3,ecc_p1,0,1.9,100,1,131,10,10,11,1.1,0.2890274459530331,0.9549920856492811
3,ecc_p1,0,1.9,100,2,131,10,10,10,1.0,0.3396655206573044,0.9869153657892089
3,ecc_p1,0,1.9,100,3,132,10,10,10,1.0,0.35904499540863183,1.0
3,ecc_p1,0,1.9,100,4,132,10,10,10,1.0,0.3498622589531682,1.0
3,ecc_p1,0,1.9,100,5,132,10,10,10,1.0,0.3693755739210285,0.948002476883049
3,ecc_p1,0,1.9,100,6,131,10,10,12,1.2,0.474739234310355,0.9149435887996196
3,ecc_p1,0,1.9,100,7,131,10,10,10,1.0,0.5389546063749198,1.0
3,ecc_p1,0,1.9,100,8,131,10,10,10,1.0,0.7836955888351494,0.9971199185140606
3,ecc_p1,1,1.92,100,0,131,10,10,12,1.2,0.16986189615989747,0.7173045159898077
3,ecc_p1,1,1.92,100,1,131,10,10,12,1.2,0.33908280403239904,0.8807183514897948
3,ecc_p1,1,1.92,100,2,131,10,10,10,1.0,0.3396655206573044,0.9869153657892089
3,ecc_p1,1,1.92,100,3,132,10,10,10,1.0,0.3590449954086317,1.0
3,ecc_p1,1,1.92,100,4,132,10,10,10,1.0,0.3498622589531682,1.0
3,ecc_p1,1,1.92,100,5,132,10,10,10,1.0,0.2534435261707989,0.8947296537573411
3,ecc_p1,1,1.92,100,6,131,10,10,11,1.1,0.26851582075636615,0.8946851272889683
3,ecc_p1,1,1.92,100,7,131,10,10,11,1.1,0.6159314725249113,0.9602775010246345
3,ecc_p1,1,1.92,100,8,131,10,10,10,1.0,0.7836955888351494,0.9971199185140606
3,ecc_p1,2,1.92,100,0,131,10,10,12,1.2,0.16986189615989747,0.7173045159898077
3,ecc_p1,2,1.92,100,1,131,10,10,12,1.2,0.33908280403239904,0.8807183514897948
3,ecc_p1,2,1.92,100,2,131,10,10,10,1.0,0.33966552065730443,0.9869153657892089
3,ecc_p1,2,1.92,100,3,132,10,10,10,1.0,0.35904499540863183,1.0
3,ecc_p1,2,1.92,100,4,132,10,10,10,1.0,0.3498622589531681,1.0
3,ecc_p1,2,1.92,100,5,132,10,10,10,1.0,0.36937557392102843,0.948002476883049
3,ecc_p1,2,1.92,100,6,131,10,10,12,1.2,0.474739234310355,0.9149435887996196
3,ecc_p1,2,1.92,100,7,131,10,10,10,1.0,0.5389546063749198,1.0
3,ecc_p1,2,1.92,100,8,131,10,10,10,1.0,0.7836955888351494,0.9971199185140606
3,gauss_0.1,0,1.8,100,0,131,10,10,10,1.0,0.09375910494726415,1.0
3,gauss_0.1,0,1.8,100,1,131,10,10,10,1.0,0.08909737194802167,1.0
3,gauss_0.1,0,1.8,100,2,131,10,10,10,1.0,0.059961540702756264,1.0
3,gauss_0.1,0,1.8,100,3,132,10,10,10,1.0,0.09044995408631773,1.0
3,gauss_0.1,0,1.8,100,4,132,10,10,10,1.0,0.09733700642791554,1.0
3,gauss_0.1,0,1.8,100,5,132,10,10,10,1.0,0.09044995408631773,1.0
3,gauss_0.1,0,1.8,100,6,131,10,10,10,1.0,0.03432200920692268,1.0
3,gauss_0.1,0,1.8,100,7,131,10,10,10,1.0,0.17417399918419676,0.9794460088152673
3,gauss_0.1,0,1.8,100,8,131,10,10,10,1.0,0.16251966668609058,0.9124494769008826
3,gauss_0.1,1,1.8,100,0,131,10,10,10,1.0,0.09375910494726415,1.0
3,gauss_0.1,1,1.8,100,1,131,10,10,10,1.0,0.08909737194802168,1.0
3,gauss_0.1,1,1.8,100,2,131,10,10,10,1.0,0.059961540702756264,1.0
3,gauss_0.1,1,1.8,100,3,132,10,10,10,1.0,0.09044995408631773,1.0
3,gauss_0.1,1,1.8,100,4,132,10,10,10,1.0,0.09733700642791554,1.0
3,gauss_0.1,1,1.8,100,5,132,10,10,10,1.0,0.09044995408631773,1.0
3,gauss_0.1,1,1.8,100,6,131,10,10,10,1.0,0.03432200920692268,1.0
3,gauss_0.1,1,1.8,100,7,131,10,10,10,1.0,0.1741739991841967,0.9794460088152673
3,gauss_0.1,1,1.8,100,8,131,10,10,10,1.0,0.13454926869063574,0.8979569553716306
3,gauss_0.1,2,1.8,100,0,131,10,10,10,1.0,0.09375910494726415,1.0
3,gauss_0.1,2,1.8,100,1,131,10,10,10,1.0,0.08909737194802167,1.0
3,gauss_0.1,2,1.8,100,2,131,10,10,10,1.0,0.059961540702756264,1.0
3,gauss_0.1,2,1.8,100,3,132,10,10,10,1.0,0.09044995408631773,1.0
3,gauss_0.1,2,1.8,100,4,132,10,10,10,1.0,0.09733700642791554,1.0
3,gauss_0.1,2,1.8,100,5,132,10,10,10,1.0,0.09044995408631773,1.0
3,gauss_0.1,2,1.8,100,6,131,10,10,10,1.0,0.034322009206922674,1.0
3,gauss_0.1,2,1.8,100,7,131,10,10,10,1.0,0.17417399918419676,0.9794460088152673
3,gauss_0.1,2,1.8,100,8,131,10,10,10,1.0,0.2744012586679098,0.9676252400700294
3,dm_eig0,0,2.1,100,0,131,10,10,12,1.2,0.39502360002330866,0.5208961156584286
3,dm_eig0,0,2.1,100,1,131,10,10,12,1.2,0.755841734164676,0.9442037350956983
3,dm_eig0,0,2.1,100,2,131,10,10,10,1.0,0.5482780723734049,0.7819079811643378
3,dm_eig0,0,2.1,100,3,132,10,10,12,1.2,0.4669421487603306,0.6329785373330832
3,dm_eig0,0,2.1,100,4,132,10,10,12,1.2,0.4696969696969697,0.62494646916232
3,dm_eig0,0,2.1,100,5,132,10,10,12,1.2,0.4986225895316805,0.5502711789675188
3,dm_eig0,0,2.1,100,6,131,10,10,12,1.2,0.9754093584289961,0.7919418882401715
3,dm_eig0,0,2.1,100,7,131,10,10,12,1.2,0.7320668958685391,0.7340462495901189
3,dm_eig0,0,2.1,100,8,131,10,10,11,1.1,0.5774721752811609,0.6828313290685867
3,dm_eig0,1,2.12,100,0,131,10,10,13,1.3,0.8551949187110307,0.784849228927262
3,dm_eig0,1,2.12,100,1,131,10,10,13,1.3,0.6794475846395898,0.865695597023527
3,dm_eig0,1,2.12,100,2,131,10,10,9,0.9,0.32632130994697284,0.7670818752791375
3,dm_eig0,1,2.12,100,3,132,10,10,12,1.2,0.7520661157024794,0.7176062790401158
3,dm_eig0,1,2.12,100,4,132,10,10,14,1.4,0.5876951331496785,0.6472734511196229
3,dm_eig0,1,2.12,100,5,132,10,10,12,1.2,0.9008264462809917,0.679393842008331
3,dm_eig0,1,2.12,100,6,131,10,10,12,1.2,0.9334537614358137,0.7789769029457579
3,dm_eig0,1,2.12,100,7,131,10,10,10,1.0,0.49699900938173763,0.7681391334260342
3,dm_eig0,1,2.12,100,8,131,10,10,11,1.1,0.5313210185886604,0.6843148324653792
3,dm_eig0,2,2.14,100,0,131,10,10,11,1.1,0.48004195559699325,0.5646429606374325
3,dm_eig0,2,2.14,100,1,131,10,10,14,1.4,0.76621409008799,0.8405143848410335
3,dm_eig0,2,2.14,100,2,131,10,10,11,1.1,0.740283200279704,0.8532767778429644
3,dm_eig0,2,2.14,100,3,132,10,10,13,1.3,0.4727961432506888,0.5933653858396698
3,dm_eig0,2,2.14,100,4,132,10,10,10,1.0,0.3050964187327823,0.7186367994322131
3,dm_eig0,2,2.14,100,5,132,10,10,13,1.3,0.727961432506887,0.5537526910201083
3,dm_eig0,2,2.14,100,6,131,10,10,12,1.2,0.916671522638541,0.7737061806060445
3,dm_eig0,2,2.14,100,7,131,10,10,12,1.2,0.6873142590758115,0.6922994685340302
3,dm_eig0,2,2.14,100,8,131,10,10,11,1.1,0.6056756599265779,0.7453862727250031
4,xcoord,0,2.04,100,0,131,10,10,10,1.0,0.4130878153953732,0.811754799003245
4,xcoord,0,2.04,100,1,131,10,10,13,1.3,0.6824777110890973,0.5514385328382324
4,xcoord,0,2.04,100,2,131,10,10,12,1.2,0.8845055649437681,0.5882081140739392
4,xcoord,0,2.04,100,3,132,10,10,8,0.8,0.25252525252525254,0.7842110493941062
4,xcoord,0,2.04,100,4,132,10,10,14,1.4,0.6696510560146922,0.5320319564858843
4,xcoord,0,2.04,100,5,132,10,10,8,0.8,0.43434343434343436,0.7451814955300431
4,xcoord,0,2.04,100,6,131,10,10,13,1.3,0.4294621525552124,0.5845018447895615
4,xcoord,0,2.04,100,7,131,10,10,12,1.2,0.469145154711264,0.6153600588214301
4,xcoord,0,2.04,100,8,131,10,10,12,1.2,0.2509760503467164,0.6662683856224203
4,xcoord,1,2.02,100,0,131,10,10,11,1.1,0.5467047374861604,0.80230293118464
4,xcoord,1,2.02,100,1,131,10,10,12,1.2,0.7054950177728572,0.5805910429614599
4,xcoord,1,2.02,100,2,131,10,10,12,1.2,0.8775129654449041,0.7554720307356843
4,xcoord,1,2.02,100,3,132,10,10,7,0.7,0.16666666666666666,0.6782767519804831
4,xcoord,1,2.02,100,4,132,10,10,15,1.5,1.021349862258953,0.5814804057892045
4,xcoord,1,2.02,100,5,132,10,10,8,0.8,0.4701561065197429,0.7600319024402794
4,xcoord,1,2.02,100,6,131,10,10,13,1.3,0.5885437911543617,0.6498098427417363
4,xcoord,1,2.02,100,7,131,10,10,12,1.2,0.5376726298001283,0.7650021953032521
4,xcoord,1,2.02,100,8,131,10,10,11,1.1,0.42107103315657607,0.7520411501590996
4,xcoord,2,2.02,100,0,131,10,10,10,1.0,0.46553231163685105,0.8526486708928652
4,xcoord,2,2.02,100,1,131,10,10,14,1.4,0.8216887127789754,0.742130156453083
4,xcoord,2,2.02,100,2,131,10,10,11,1.1,0.8543791154361634,0.7923194236527767
4,xcoord,2,2.02,100,3,132,10,10,7,0.7,0.1955922865013774,0.6921491082302621
4,xcoord,2,2.02,100,4,132,10,10,14,1.4,0.62465564738292,0.4940123810074433
4,xcoord,2,2.02,100,5,132,10,10,8,0.8,0.5280073461891643,0.7838497502115758
4,xcoord,2,2.02,100,6,131,10,10,14,1.4,0.4969990093817375,0.5613212302582526
4,xcoord,2,2.02,100,7,131,10,10,13,1.3,0.6870229007633588,0.782952955990638
4,xcoord,2,2.02,100,8,131,10,10,10,1.0,0.2732358254180992,0.7436659443157433
4,knn_k1,0,1.8,100,0,131,10,10,10,1.0,0.10890973719480218,1.0
4,knn_k1,0,1.8,100,1,131,10,10,10,1.0,0.20097896392984094,1.0
4,knn_k1,0,1.8,100,2,131,10,10,10,1.0,0.15086533418798442,1.0
4,knn_k1,0,1.8,100,3,132,10,10,10,1.0,0.09848484848484852,1.0
4,knn_k1,0,1.8,100,4,132,10,10,10,1.0,0.09389348025711662,1.0
4,knn_k1,0,1.8,100,5,132,10,10,10,1.0,0.09274563820018367,1.0
4,knn_k1,0,1.8,100,6,131,10,10,10,1.0,0.1287221024415827,1.0
4,knn_k1,0,1.8,100,7,131,10,10,10,1.0,0.1741739991841967,1.0
4,knn_k1,0,1.8,100,8,131,10,10,10,1.0,0.052968941203892554,1.0
4,knn_k1,1,1.8,100,0,131,10,10,10,1.0,0.10890973719480218,1.0
4,knn_k1,1,1.8,100,1,131,10,10,10,1.0,0.2009789639298409,1.0
4,knn_k1,1,1.8,100,2,131,10,10,10,1.0,0.15086533418798442,1.0
4,knn_k1,1,1.8,100,3,132,10,10,10,1.0,0.0984848484848485,1.0
4,knn_k1,1,1.8,100,4,132,10,10,10,1.0,0.09389348025711665,1.0
4,knn_k1,1,1.8,100,5,132,10,10,10,1.0,0.09274563820018367,1.0
4,knn_k1,1,1.8,100,6,131,10,10,10,1.0,0.1287221024415827,1.0
4,knn_k1,1,1.8,100,7,131,10,10,10,1.0,0.17417399918419676,1.0
4,knn_k1,1,1.8,100,8,131,10,10,10,1.0,0.052968941203892554,1.0
4,knn_k1,2,1.8,100,0,131,10,10,10,1.0,0.10890973719480218,1.0
4,knn_k1,2,1.8,100,1,131,10,10,10,1.0,0.2009789639298409,1.0
4,knn_k1,2,1.8,100,2,131,10,10,10,1.0,0.15086533418798442,1.0
4,knn_k1,2,1.8,100,3,132,10,10,10,1.0,0.09848484848484852,1.0
4,knn_k1,2,1.8,100,4,132,10,10,10,1.0,0.09389348025711665,1.0
4,knn_k1,2,1.8,100,5,132,10,10,10,1.0,0.09274563820018368,1.0
4,knn_k1,2,1.8,100,6,131,10,10,10,1.0,0.12872210244158264,1.0
4,knn_k1,2,1.8,100,7,131,10,10,10,1.0,0.1741739991841967,1.0
4,knn_k1,2,1.8,100,8,131,10,10,10,1.0,0.052968941203892554,1.0
4,dtm_k10,0,1.8,100,0,131,10,10,10,1.0,0.3489889866557893,1.0
4,dtm_k10,0,1.8,100,1,131,10,10,10,1.0,0.12872210244158266,1.0
4,dtm_k10,0,1.8,100,2,131,10,10,10,1.0,0.19515179768078783,1.0
4,dtm_k10,0,1.8,100,3,132,10,10,10,1.0,0.12029384756657484,1.0
4,dtm_k10,0,1.8,100,4,132,10,10,10,1.0,0.1053719008264463,1.0
4,dtm_k10,0,1.8,100,5,132,10,10,10,1.0,0.03305785123966942,1.0
4,dtm_k10,0,1.8,100,6,131,10,10,10,1.0,0.0832702056989686,1.0
4,dtm_k10,0,1.8,100,7,131,10,10,10,1.0,0.04597634170502885,1.0
4,dtm_k10,0,1.8,100,8,131,10,10,10,1.0,0.11473690344385529,1.0
4,dtm_k10,1,1.8,100,0,131,10,10,10,1.0,0.3489889866557893,1.0
4,dtm_k10,1,1.8,100,1,131,10,10,10,1.0,0.12872210244158266,1.0
4,dtm_k10,1,1.8,100,2,131,10,10,10,1.0,0.19515179768078783,1.0
4,dtm_k10,1,1.8,100,3,132,10,10,10,1.0,0.12029384756657484,1.0
4,dtm_k10,1,1.8,100,4,132,10,10,10,1.0,0.10537190082644629,1.0
4,dtm_k10,1,1.8,100,5,132,10,10,10,1.0,0.03305785123966942,1.0
4,dtm_k10,1,1.8,100,6,131,10,10,10,1.0,0.0832702056989686,1.0
4,dtm_k10,1,1.8,100,7,131,10,10,10,1.0,0.04597634170502885,1.0
4,dtm_k10,1,1.8,100,8,131,10,10,10,1.0,0.11473690344385527,1.0
4,dtm_k10,2,1.8,100,0,131,10,10,10,1.0,0.3489889866557893,1.0
4,dtm_k10,2,1.8,100,1,131,10,10,10,1.0,0.12872210244158266,1.0
4,dtm_k10,2,1.8,100,2,131,10,10,10,1.0,0.19515179768078783,1.0
4,dtm_k10,2,1.8,100,3,132,10,10,10,1.0,0.12029384756657485,1.0
4,dtm_k10,2,1.8,100,4,132,10,10,10,1.0,0.10537190082644626,1.0
4,dtm_k10,2,1.8,100,5,132,10,10,10,1.0,0.03305785123966942,1.0
4,dtm_k10,2,1.8,100,6,131,10,10,10,1.0,0.0832702056989686,1.0
4,dtm_k10,2,1.8,100,7,131,10,10,10,1.0,0.045976341705028845,1.0
4,dtm_k10,2,1.8,100,8,131,10,10,10,1.0,0.11473690344385527,1.0
4,random,0,1.8,100,0,131,10,10,10,1.0,0.052968941203892554,1.0
4,random,0,1.8,100,1,131,10,10,10,1.0,0.07860847269972614,1.0
4,random,0,1.8,100,2,131,10,10,10,1.0,0.059961540702756264,1.0
4,random,0,1.8,100,3,132,10,10,10,1.0,0.07323232323232325,1.0
4,random,0,1.8,100,4,132,10,10,10,1.0,0.08930211202938476,1.0
4,random,0,1.8,100,5,132,10,10,10,1.0,0.19834710743801648,1.0
4,random,0,1.8,100,6,131,10,10,10,1.0,0.10075170444612785,1.0
4,random,0,1.8,100,7,131,10,10,10,1.0,0.0622924072023775,1.0
4,random,0,1.8,100,8,131,10,10,10,1.0,0.1380455684400676,1.0
4,random,1,1.8,100,0,131,10,10,10,1.0,0.05529980770351379,1.0
4,random,1,1.8,100,1,131,10,10,10,1.0,0.019171376959384652,1.0
4,random,1,1.8,100,2,131,10,10,10,1.0,0.10541343744537031,1.0
4,random,1,1.8,100,3,132,10,10,10,1.0,0.08011937557392103,1.0
4,random,1,1.8,100,4,132,10,10,10,1.0,0.12029384756657485,1.0
4,random,1,1.8,100,5,132,10,10,10,1.0,0.06864095500459139,1.0
4,random,1,1.8,100,6,131,10,10,10,1.0,0.044810908455218235,1.0
4,random,1,1.8,100,7,131,10,10,10,1.0,0.08676650544840045,1.0
4,random,1,1.8,100,8,131,10,10,10,1.0,0.06811957345143058,1.0
4,random,2,1.8,100,0,131,10,10,10,1.0,0.03082570945749083,1.0
4,random,2,1.8,100,1,131,10,10,10,1.0,0.04597634170502885,1.0
4,random,2,1.8,100,2,131,10,10,10,1.0,0.0622924072023775,1.0
4,random,2,1.8,100,3,132,10,10,10,1.0,0.04453627180899909,1.0
4,random,2,1.8,100,4,132,10,10,10,1.0,0.06290174471992654,1.0
4,random,2,1.8,100,5,132,10,10,10,1.0,0.12144168962350783,1.0
4,random,2,1.8,100,6,131,10,10,10,1.0,0.10890973719480217,1.0
4,random,2,1.8,100,7,131,10,10,10,1.0,0.04597634170502885,1.0
4,random,2,1.8,100,8,131,10,10,10,1.0,0.09026280519783231,1.0
4,ecc_p1,0,1.84,100,0,131,10,10,11,1.1,0.1941611794184488,0.8190648526939702
4,ecc_p1,0,1.84,100,1,131,10,10,10,1.0,0.20097896392984094,1.0
4,ecc_p1,0,1.84,100,2,131,10,10,10,1.0,0.1240603694423402,1.0
4,ecc_p1,0,1.84,100,3,132,10,10,10,1.0,0.284435261707989,1.0
4,ecc_p1,0,1.84,100,4,132,10,10,10,1.0,0.352157943067034,1.0
4,ecc_p1,0,1.84,100,5,132,10,10,10,1.0,0.1857208448117539,1.0
4,ecc_p1,0,1.84,100,6,131,10,10,10,1.0,0.2790629916671523,0.9912375303316258
4,ecc_p1,0,1.84,100,7,131,10,10,10,1.0,0.38511741739991845,0.9406534112329251
4,ecc_p1,0,1.84,100,8,131,10,10,11,1.1,0.445428588077618,0.9856330826603453
4,ecc_p1,1,1.9,100,0,131,10,10,11,1.1,0.16339374162344855,0.8594167266303353
4,ecc_p1,1,1.9,100,1,131,10,10,12,1.2,0.3628576423285356,0.9525652506340185
4,ecc_p1,1,1.9,100,2,131,10,10,10,1.0,0.1240603694423402,1.0
4,ecc_p1,1,1.9,100,3,132,10,10,10,1.0,0.284435261707989,1.0
4,ecc_p1,1,1.9,100,4,132,10,10,10,1.0,0.352157943067034,1.0
4,ecc_p1,1,1.9,100,5,132,10,10,11,1.1,0.2601010101010101,0.967761783900837
4,ecc_p1,1,1.9,100,6,131,10,10,10,1.0,0.2790629916671523,1.0
4,ecc_p1,1,1.9,100,7,131,10,10,10,1.0,0.3851174173999184,0.9406534112329251
4,ecc_p1,1,1.9,100,8,131,10,10,11,1.1,0.44286463492803446,0.984556561908621
4,ecc_p1,2,1.88,100,0,131,10,10,13,1.3,0.2476545655847561,0.7648540313794908
4,ecc_p1,2,1.88,100,1,131,10,10,12,1.2,0.3628576423285356,0.9525652506340185
4,ecc_p1,2,1.88,100,2,131,10,10,10,1.0,0.1240603694423402,1.0
4,ecc_p1,2,1.88,100,3,132,10,10,10,1.0,0.28443526170798905,1.0
4,ecc_p1,2,1.88,100,4,132,10,10,10,1.0,0.352157943067034,1.0
4,ecc_p1,2,1.88,100,5,132,10,10,10,1.0,0.1857208448117539,1.0
4,ecc_p1,2,1.88,100,6,131,10,10,10,1.0,0.2790629916671523,0.9912375303316258
4,ecc_p1,2,1.88,100,7,131,10,10,10,1.0,0.3851174173999184,0.9406534112329251
4,ecc_p1,2,1.88,100,8,131,10,10,9,0.9,0.19730784919293742,1.0
4,gauss_0.1,0,1.84,100,0,131,10,10,10,1.0,0.14969990093817376,1.0
4,gauss_0.1,0,1.84,100,1,131,10,10,10,1.0,0.10774430394499157,1.0
4,gauss_0.1,0,1.84,100,2,131,10,10,10,1.0,0.1182332031932871,1.0
4,gauss_0.1,0,1.84,100,3,132,10,10,10,1.0,0.1317722681359045,1.0
4,gauss_0.1,0,1.84,100,4,132,10,10,10,1.0,0.1283287419651056,1.0
4,gauss_0.1,0,1.84,100,5,132,10,10,10,1.0,0.11225895316804409,1.0
4,gauss_0.1,0,1.84,100,6,131,10,10,10,1.0,0.17300856593438615,1.0
4,gauss_0.1,0,1.84,100,7,131,10,10,10,1.0,0.30004079016374335,0.8894584585480184
4,gauss_0.1,0,1.84,100,8,131,10,10,12,1.2,0.199230814055125,0.7429410315087197
4,gauss_0.1,1,1.84,100,0,131,10,10,10,1.0,0.14969990093817376,1.0
4,gauss_0.1,1,1.84,100,1,131,10,10,10,1.0,0.10774430394499156,1.0
4,gauss_0.1,1,1.84,100,2,131,10,10,10,1.0,0.1182332031932871,1.0
4,gauss_0.1,1,1.84,100,3,132,10,10,10,1.0,0.1317722681359045,1.0
4,gauss_0.1,1,1.84,100,4,132,10,10,10,1.0,0.1283287419651056,1.0
4,gauss_0.1,1,1.84,100,5,132,10,10,10,1.0,0.11225895316804409,1.0
4,gauss_0.1,1,1.84,100,6,131,10,10,10,1.0,0.17300856593438615,1.0
4,gauss_0.1,1,1.84,100,7,131,10,10,10,1.0,0.30004079016374335,0.8894584585480184
4,gauss_0.1,1,1.84,100,8,131,10,10,12,1.2,0.199230814055125,0.7429410315087197
4,gauss_0.1,2,1.84,100,0,131,10,10,10,1.0,0.14969990093817376,1.0
4,gauss_0.1,2,1.84,100,1,131,10,10,10,1.0,0.10774430394499156,1.0
4,gauss_0.1,2,1.84,100,2,131,10,10,10,1.0,0.1182332031932871,1.0
4,gauss_0.1,2,1.84,100,3,132,10,10,10,1.0,0.1317722681359045,1.0
4,gauss_0.1,2,1.84,100,4,132,10,10,10,1.0,0.12832874196510563,1.0
4,gauss_0.1,2,1.84,100,5,132,10,10,10,1.0,0.11225895316804409,1.0
4,gauss_0.1,2,1.84,100,6,131,10,10,10,1.0,0.17300856593438615,1.0
4,gauss_0.1,2,1.84,100,7,131,10,10,10,1.0,0.30004079016374335,0.8894584585480184
4,gauss_0.1,2,1.84,100,8,131,10,10,12,1.2,0.2006293339548977,0.7435933384746664
4,dm_eig0,0,2.1,100,0,131,10,10,12,1.2,1.0872909504108152,0.8170718767648736
4,dm_eig0,0,2.1,100,1,131,10,10,11,1.1,0.8197657479167885,0.8142036433058345
4,dm_eig0,0,2.1,100,2,131,10,10,9,0.9,0.5916904609288502,0.9115775151351464
4,dm_eig0,0,2.1,100,3,132,10,10,11,1.1,0.2222222222222222,0.5184680353904757
4,dm_eig0,0,2.1,100,4,132,10,10,13,1.3,0.4698117539026631,0.5242039831618713
4,dm_eig0,0,2.1,100,5,132,10,10,11,1.1,0.5025252525252525,0.7712113968291558
4,dm_eig0,0,2.1,100,6,131,10,10,15,1.5,0.6144164093001576,0.6114662935201828
4,dm_eig0,0,2.1,100,7,131,10,10,12,1.2,0.6551483013810385,0.6470482505009377
4,dm_eig0,0,2.1,100,8,131,10,10,11,1.1,0.5813181050055358,0.6172462218172987
4,dm_eig0,1,2.04,100,0,131,10,10,13,1.3,1.2127498397529282,0.7080025752437303
4,dm_eig0,1,2.04,100,1,131,10,10,11,1.1,0.5864460113047026,0.7504706763471384
4,dm_eig0,1,2.04,100,2,131,10,10,9,0.9,0.6881883340131693,0.6437944948301806
4,dm_eig0,1,2.04,100,3,132,10,10,10,1.0,0.4428374655647383,0.7625407967146854
4,dm_eig0,1,2.04,100,4,132,10,10,13,1.3,0.6399219467401286,0.5817251316606921
4,dm_eig0,1,2.04,100,5,132,10,10,10,1.0,0.35445362718089996,0.7529048086995276
4,dm_eig0,1,2.04,100,6,131,10,10,13,1.3,0.4658236699493037,0.542025199735652
4,dm_eig0,1,2.04,100,7,131,10,10,13,1.3,0.7355049239554804,0.6906664469890436
4,dm_eig0,1,2.04,100,8,131,10,10,10,1.0,0.22079132917662142,0.5017814848776365
4,dm_eig0,2,2.12,100,0,131,10,10,12,1.2,0.5740341471942195,0.5975150052441789
4,dm_eig0,2,2.12,100,1,131,10,10,9,0.9,0.52141483596527,0.8524489801983435
4,dm_eig0,2,2.12,100,2,131,10,10,9,0.9,0.38505914573742783,0.7173534024749312
4,dm_eig0,2,2.12,100,3,132,10,10,9,0.9,0.44008264462809926,0.7854983990026113
4,dm_eig0,2,2.12,100,4,132,10,10,14,1.4,0.7692837465564737,0.5822548376809151
4,dm_eig0,2,2.12,100,5,132,10,10,13,1.3,0.6354453627180902,0.696224253051885
4,dm_eig0,2,2.12,100,6,131,10,10,15,1.5,0.5409941145620887,0.5987787395502046
4,dm_eig0,2,2.12,100,7,131,10,10,13,1.3,0.6188450556494377,0.5748700767099745
4,dm_eig0,2,2.12,100,8,131,10,10,12,1.2,0.4775362741099004,0.5900696837466161
5,xcoord,0,2.22,100,0,131,10,10,12,1.2,0.21881009265194337,0.607714741344637
5,xcoord,0,2.22,100,1,131,10,10,14,1.4,0.4252083211934036,0.5727348734701432
5,xcoord,0,2.22,100,2,131,10,10,14,1.4,0.6976866149991258,0.7592552507073562
5,xcoord,0,2.22,100,3,132,10,10,9,0.9,0.46074380165289264,0.8186753350100867
5,xcoord,0,2.22,100,4,132,10,10,14,1.4,0.7467860422405875,0.7056063774968931
5,xcoord,0,2.22,100,5,132,10,10,9,0.9,0.23553719008264465,0.7402381625277118
5,xcoord,0,2.22,100,6,131,10,10,13,1.3,0.7567158091020336,0.6064016042605768
5,xcoord,0,2.22,100,7,131,10,10,12,1.2,0.4104073189208089,0.6638044401270554
5,xcoord,0,2.22,100,8,131,10,10,14,1.4,0.1951517976807878,0.604466460243576
5,xcoord,1,2.24,100,0,131,10,10,13,1.3,0.287046209428355,0.6824418118301672
5,xcoord,1,2.24,100,1,131,10,10,14,1.4,0.6014218285647689,0.5695638364431831
5,xcoord,1,2.24,100,2,131,10,10,13,1.3,0.5673329060078084,0.8047416846609672
5,xcoord,1,2.24,100,3,132,10,10,9,0.9,0.2685950413223141,0.7427994440254552
5,xcoord,1,2.24,100,4,132,10,10,13,1.3,0.7205004591368228,0.8075702292336566
5,xcoord,1,2.24,100,5,132,10,10,9,0.9,0.48966942148760334,0.6925412926170859
5,xcoord,1,2.24,100,6,131,10,10,15,1.5,0.7804906473981703,0.6855405852253601
5,xcoord,1,2.24,100,7,131,10,10,13,1.3,0.4643086067245499,0.6130245218075477
5,xcoord,1,2.24,100,8,131,10,10,13,1.3,0.38552531903735215,0.6908650624034061
5,xcoord,2,2.2,100,0,131,10,10,12,1.2,0.21321601305285245,0.6152667466864162
5,xcoord,2,2.2,100,1,131,10,10,13,1.3,0.455218227376027,0.6758344120279749
5,xcoord,2,2.2,100,2,131,10,10,13,1.3,0.5976341705028845,0.748751733372909
5,xcoord,2,2.2,100,3,132,10,10,10,1.0,0.454315886134068,0.7904409217727562
5,xcoord,2,2.2,100,4,132,10,10,13,1.3,0.6712580348943987,0.7319334134111486
5,xcoord,2,2.2,100,5,132,10,10,8,0.8,0.4279155188246097,0.8478752547326017
5,xcoord,2,2.2,100,6,131,10,10,14,1.4,0.5377891731251091,0.5736560392161882
5,xcoord,2,2.2,100,7,131,10,10,13,1.3,0.5082454402424101,0.624905736257463
5,xcoord,2,2.2,100,8,131,10,10,14,1.4,0.28652176446594024,0.733455324232051
5,knn_k1,0,1.8,100,0,131,10,10,10,1.0,0.07511217295029426,1.0
5,knn_k1,0,1.8,100,1,131,10,10,10,1.0,0.14037643493968882,1.0
5,knn_k1,0,1.8,100,2,131,10,10,10,1.0,0.044810908455218235,1.0
5,knn_k1,0,1.8,100,3,132,10,10,10,1.0,0.16391184573002757,1.0
5,knn_k1,0,1.8,100,4,132,10,10,10,1.0,0.027318640955004594,1.0
5,knn_k1,0,1.8,100,5,132,10,10,10,1.0,0.17309458218549129,1.0
5,knn_k1,0,1.8,100,6,131,10,10,10,1.0,0.1252258026921508,1.0
5,knn_k1,0,1.8,100,7,131,10,10,10,1.0,0.09375910494726418,1.0
5,knn_k1,0,1.8,100,8,131,10,10,10,1.0,0.027329409708058975,1.0
5,knn_k1,1,1.8,100,0,131,10,10,10,1.0,0.07511217295029426,1.0
5,knn_k1,1,1.8,100,1,131,10,10,10,1.0,0.14037643493968885,1.0
5,knn_k1,1,1.8,100,2,131,10,10,10,1.0,0.04481090845521823,1.0
5,knn_k1,1,1.8,100,3,132,10,10,10,1.0,0.16391184573002757,1.0
5,knn_k1,1,1.8,100,4,132,10,10,10,1.0,0.027318640955004594,1.0
5,knn_k1,1,1.8,100,5,132,10,10,10,1.0,0.1730945821854913,1.0
5,knn_k1,1,1.8,100,6,131,10,10,10,1.0,0.12522580269215083,1.0
5,knn_k1,1,1.8,100,7,131,10,10,10,1.0,0.09375910494726415,1.0
5,knn_k1,1,1.8,100,8,131,10,10,10,1.0,0.027329409708058975,1.0
5,knn_k1,2,1.8,100,0,131,10,10,10,1.0,0.07511217295029426,1.0
5,knn_k1,2,1.8,100,1,131,10,10,10,1.0,0.14037643493968882,1.0
5,knn_k1,2,1.8,100,2,131,10,10,10,1.0,0.044810908455218235,1.0
5,knn_k1,2,1.8,100,3,132,10,10,10,1.0,0.16391184573002754,1.0
5,knn_k1,2,1.8,100,4,132,10,10,10,1.0,0.027318640955004594,1.0
5,knn_k1,2,1.8,100,5,132,10,10,10,1.0,0.1730945821854913,1.0
5,knn_k1,2,1.8,100,6,131,10,10,10,1.0,0.12522580269215083,1.0
5,knn_k1,2,1.8,100,7,131,10,10,10,1.0,0.09375910494726418,1.0
5,knn_k1,2,1.8,100,8,131,10,10,10,1.0,0.027329409708058975,1.0
5,dtm_k10,0,1.8,100,0,131,10,10,10,1.0,0.13454926869063574,1.0
5,dtm_k10,0,1.8,100,1,131,10,10,10,1.0,0.1030825709457491,1.0
5,dtm_k10,0,1.8,100,2,131,10,10,10,1.0,0.05646524095332441,1.0
5,dtm_k10,0,1.8,100,3,132,10,10,10,1.0,0.12373737373737374,1.0
5,dtm_k10,0,1.8,100,4,132,10,10,10,1.0,0.05945821854912765,1.0
5,dtm_k10,0,1.8,100,5,132,10,10,10,1.0,0.08356290174471993,1.0
5,dtm_k10,0,1.8,100,6,131,10,10,10,1.0,0.05180350795408194,1.0
5,dtm_k10,0,1.8,100,7,131,10,10,10,1.0,0.08093933919934734,1.0
5,dtm_k10,0,1.8,100,8,131,10,10,10,1.0,0.029660276207680206,1.0
5,dtm_k10,1,1.8,100,0,131,10,10,10,1.0,0.13454926869063574,1.0
5,dtm_k10,1,1.8,100,1,131,10,10,10,1.0,0.1030825709457491,1.0
5,dtm_k10,1,1.8,100,2,131,10,10,10,1.0,0.05646524095332441,1.0
5,dtm_k10,1,1.8,100,3,132,10,10,10,1.0,0.12373737373737377,1.0
5,dtm_k10,1,1.8,100,4,132,10,10,10,1.0,0.05945821854912765,1.0
5,dtm_k10,1,1.8,100,5,132,10,10,10,1.0,0.08356290174471993,1.0
5,dtm_k10,1,1.8,100,6,131,10,10,10,1.0,0.05180350795408194,1.0
5,dtm_k10,1,1.8,100,7,131,10,10,10,1.0,0.08093933919934734,1.0
5,dtm_k10,1,1.8,100,8,131,10,10,10,1.0,0.029660276207680206,1.0
5,dtm_k10,2,1.8,100,0,131,10,10,10,1.0,0.13454926869063574,1.0
5,dtm_k10,2,1.8,100,1,131,10,10,10,1.0,0.1030825709457491,1.0
5,dtm_k10,2,1.8,100,2,131,10,10,10,1.0,0.05646524095332441,1.0
5,dtm_k10,2,1.8,100,3,132,10,10,10,1.0,0.12373737373737374,1.0
5,dtm_k10,2,1.8,100,4,132,10,10,10,1.0,0.059458218549127646,1.0
5,dtm_k10,2,1.8,100,5,132,10,10,10,1.0,0.08356290174471993,1.0
5,dtm_k10,2,1.8,100,6,131,10,10,10,1.0,0.05180350795408193,1.0
5,dtm_k10,2,1.8,100,7,131,10,10,10,1.0,0.08093933919934737,1.0
5,dtm_k10,2,1.8,100,8,131,10,10,10,1.0,0.029660276207680206,1.0
5,random,0,1.8,100,0,131,10,10,10,1.0,0.07394673970048365,1.0
5,random,0,1.8,100,1,131,10,10,10,1.0,0.1252258026921508,1.0
5,random,0,1.8,100,2,131,10,10,10,1.0,0.10541343744537035,1.0
5,random,0,1.8,100,3,132,10,10,10,1.0,0.03650137741046832,1.0
5,random,0,1.8,100,4,132,10,10,10,1.0,0.03650137741046833,1.0
5,random,0,1.8,100,5,132,10,10,10,1.0,0.09963269054178148,1.0
5,random,0,1.8,100,6,131,10,10,10,1.0,0.0692850067012412,1.0
5,random,0,1.8,100,7,131,10,10,10,1.0,0.04481090845521824,1.0
5,random,0,1.8,100,8,131,10,10,10,1.0,0.10424800419555971,1.0
5,random,1,1.8,100,0,131,10,10,10,1.0,0.06345784045218811,1.0
5,random,1,1.8,100,1,131,10,10,10,1.0,0.033156575957112064,1.0
5,random,1,1.8,100,2,131,10,10,10,1.0,0.07394673970048365,1.0
5,random,1,1.8,100,3,132,10,10,10,1.0,0.06290174471992654,1.0
5,random,1,1.8,100,4,132,10,10,10,1.0,0.08241505968778697,1.0
5,random,1,1.8,100,5,132,10,10,10,1.0,0.023875114784205693,1.0
5,random,1,1.8,100,6,131,10,10,10,1.0,0.05646524095332441,1.0
5,random,1,1.8,100,7,131,10,10,10,1.0,0.0354874424567333,1.0
5,random,1,1.8,100,8,131,10,10,10,1.0,0.052968941203892554,1.0
5,random,2,1.8,100,0,131,10,10,10,1.0,0.06695414020161997,1.0
5,random,2,1.8,100,1,131,10,10,10,1.0,0.05180350795408194,1.0
5,random,2,1.8,100,2,131,10,10,10,1.0,0.07627760620010489,1.0
5,random,2,1.8,100,3,132,10,10,10,1.0,0.08241505968778699,1.0
5,random,2,1.8,100,4,132,10,10,10,1.0,0.09274563820018368,1.0
5,random,2,1.8,100,5,132,10,10,10,1.0,0.03535353535353535,1.0
5,random,2,1.8,100,6,131,10,10,10,1.0,0.03898374220616514,1.0
5,random,2,1.8,100,7,131,10,10,10,1.0,0.07161587320086243,1.0
5,random,2,1.8,100,8,131,10,10,10,1.0,0.07045043995105181,1.0
5,ecc_p1,0,1.84,100,0,131,10,10,12,1.2,0.263562729444671,0.9282438474443935
5,ecc_p1,0,1.84,100,1,131,10,10,10,1.0,0.08676650544840045,1.0
5,ecc_p1,0,1.84,100,2,131,10,10,10,1.0,0.07045043995105181,1.0
5,ecc_p1,0,1.84,100,3,132,10,10,10,1.0,0.11455463728191002,1.0
5,ecc_p1,0,1.84,100,4,132,10,10,10,1.0,0.30050505050505055,1.0
5,ecc_p1,0,1.84,100,5,132,10,10,10,1.0,0.07667584940312215,1.0
5,ecc_p1,0,1.84,100,6,131,10,10,10,1.0,0.08909737194802167,1.0
5,ecc_p1,0,1.84,100,7,131,10,10,10,1.0,0.042480041955597,1.0
5,ecc_p1,0,1.84,100,8,131,10,10,10,1.0,0.30237165666336463,0.9379654714527031
5,ecc_p1,1,1.82,100,0,131,10,10,11,1.1,0.16595769477303188,0.9369172974521267
5,ecc_p1,1,1.82,100,1,131,10,10,10,1.0,0.08676650544840045,1.0
5,ecc_p1,1,1.82,100,2,131,10,10,10,1.0,0.07045043995105181,1.0
5,ecc_p1,1,1.82,100,3,132,10,10,10,1.0,0.11455463728191002,1.0
5,ecc_p1,1,1.82,100,4,132,10,10,10,1.0,0.3005050505050505,1.0
5,ecc_p1,1,1.82,100,5,132,10,10,10,1.0,0.07667584940312214,1.0
5,ecc_p1,1,1.82,100,6,131,10,10,10,1.0,0.08909737194802167,1.0
5,ecc_p1,1,1.82,100,7,131,10,10,10,1.0,0.042480041955597,1.0
5,ecc_p1,1,1.82,100,8,131,10,10,10,1.0,0.40376434939688827,0.983478996109499
5,ecc_p1,2,1.84,100,0,131,10,10,12,1.2,0.263562729444671,0.9258938415210527
5,ecc_p1,2,1.84,100,1,131,10,10,10,1.0,0.08676650544840045,1.0
5,ecc_p1,2,1.84,100,2,131,10,10,10,1.0,0.07045043995105181,1.0
5,ecc_p1,2,1.84,100,3,132,10,10,10,1.0,0.11455463728191002,1.0
5,ecc_p1,2,1.84,100,4,132,10,10,10,1.0,0.30050505050505055,1.0
5,ecc_p1,2,1.84,100,5,132,10,10,10,1.0,0.07667584940312214,1.0
5,ecc_p1,2,1.84,100,6,131,10,10,10,1.0,0.08909737194802167,1.0
5,ecc_p1,2,1.84,100,7,131,10,10,10,1.0,0.042480041955597,1.0
5,ecc_p1,2,1.84,100,8,131,10,10,10,1.0,0.30586795641279646,0.9395842385544924
5,gauss_0.1,0,1.84,100,0,131,10,10,10,1.0,0.05063807470427133,1.0
5,gauss_0.1,0,1.84,100,1,131,10,10,10,1.0,0.08909737194802168,1.0
5,gauss_0.1,0,1.84,100,2,131,10,10,10,1.0,0.16368509993590116,1.0
5,gauss_0.1,0,1.84,100,3,132,10,10,10,1.0,0.24196510560146928,1.0
5,gauss_0.1,0,1.84,100,4,132,10,10,10,1.0,0.20867768595041325,1.0
5,gauss_0.1,0,1.84,100,5,132,10,10,10,1.0,0.16276400367309463,1.0
5,gauss_0.1,0,1.84,100,6,131,10,10,10,1.0,0.09375910494726414,1.0
5,gauss_0.1,0,1.84,100,7,131,10,10,11,1.1,0.34928034496824206,0.8788791506965108
5,gauss_0.1,0,1.84,100,8,131,10,10,11,1.1,0.21595478118990738,0.8634397492831122
5,gauss_0.1,1,1.84,100,0,131,10,10,10,1.0,0.05063807470427133,1.0
5,gauss_0.1,1,1.84,100,1,131,10,10,10,1.0,0.08909737194802167,1.0
5,gauss_0.1,1,1.84,100,2,131,10,10,10,1.0,0.16368509993590122,1.0
5,gauss_0.1,1,1.84,100,3,132,10,10,10,1.0,0.24196510560146928,1.0
5,gauss_0.1,1,1.84,100,4,132,10,10,10,1.0,0.20867768595041325,1.0
5,gauss_0.1,1,1.84,100,5,132,10,10,10,1.0,0.16276400367309463,1.0
5,gauss_0.1,1,1.84,100,6,131,10,10,10,1.0,0.09375910494726414,1.0
5,gauss_0.1,1,1.84,100,7,131,10,10,11,1.1,0.34928034496824206,0.8788791506965108
5,gauss_0.1,1,1.84,100,8,131,10,10,11,1.1,0.21595478118990738,0.8634397492831122
5,gauss_0.1,2,1.84,100,0,131,10,10,10,1.0,0.05063807470427133,1.0
5,gauss_0.1,2,1.84,100,1,131,10,10,10,1.0,0.08909737194802167,1.0
5,gauss_0.1,2,1.84,100,2,131,10,10,10,1.0,0.16368509993590122,1.0
5,gauss_0.1,2,1.84,100,3,132,10,10,10,1.0,0.24196510560146928,1.0
5,gauss_0.1,2,1.84,100,4,132,10,10,10,1.0,0.20867768595041325,1.0
5,gauss_0.1,2,1.84,100,5,132,10,10,10,1.0,0.16276400367309457,1.0
5,gauss_0.1,2,1.84,100,6,131,10,10,10,1.0,0.09375910494726414,1.0
5,gauss_0.1,2,1.84,100,7,131,10,10,11,1.1,0.45696637725074307,0.9248918355646025
5,gauss_0.1,2,1.84,100,8,131,10,10,11,1.1,0.28005360992949135,0.8938994521305386
5,dm_eig0,0,2.06,100,0,131,10,10,11,1.1,0.596701823903036,0.6777503358003683
5,dm_eig0,0,2.06,100,1,131,10,10,10,1.0,0.6578287978556028,0.7879651361785631
5,dm_eig0,0,2.06,100,2,131,10,10,10,1.0,0.4107569488957519,0.8750382264069422
5,dm_eig0,0,2.06,100,3,132,10,10,12,1.2,0.14187327823691462,0.7369922771049334
5,dm_eig0,0,2.06,100,4,132,10,10,11,1.1,0.34090909090909094,0.6610722285422186
5,dm_eig0,0,2.06,100,5,132,10,10,12,1.2,0.650137741046832,0.7011727706430827
5,dm_eig0,0,2.06,100,6,131,10,10,11,1.1,0.3646640638657421,0.6618414361692209
5,dm_eig0,0,2.06,100,7,131,10,10,13,1.3,0.19311228949361925,0.5757571203108387
5,dm_eig0,0,2.06,100,8,131,10,10,13,1.3,0.29159139910261633,0.6886475808049964
5,dm_eig0,1,2.14,100,0,131,10,10,13,1.3,0.6309655614474682,0.5472943804436365
5,dm_eig0,1,2.14,100,1,131,10,10,10,1.0,0.6018880018646932,0.732717141834587
5,dm_eig0,1,2.14,100,2,131,10,10,12,1.2,0.5208903910028554,0.7802802516811809
5,dm_eig0,1,2.14,100,3,132,10,10,12,1.2,0.20936639118457298,0.8036579634910742
5,dm_eig0,1,2.14,100,4,132,10,10,11,1.1,0.4191919191919192,0.8057317413675341
5,dm_eig0,1,2.14,100,5,132,10,10,12,1.2,0.743801652892562,0.6604587356369053
5,dm_eig0,1,2.14,100,6,131,10,10,10,1.0,0.5214731076277607,0.7389763697933641
5,dm_eig0,1,2.14,100,7,131,10,10,13,1.3,0.2900763358778626,0.6486264817172923
5,dm_eig0,1,2.14,100,8,131,10,10,14,1.4,0.4170502884447293,0.682600778635662
5,dm_eig0,2,2.06,100,0,131,10,10,12,1.2,0.2691568090437621,0.35623795458075763
5,dm_eig0,2,2.06,100,1,131,10,10,10,1.0,0.554105238622458,0.7067636542533098
5,dm_eig0,2,2.06,100,2,131,10,10,10,1.0,0.3291766214090088,0.8083300475298961
5,dm_eig0,2,2.06,100,3,132,10,10,12,1.2,0.2534435261707989,0.8758137398978882
5,dm_eig0,2,2.06,100,4,132,10,10,12,1.2,0.41046831955922863,0.6275801637916122
5,dm_eig0,2,2.06,100,5,132,10,10,11,1.1,0.601010101010101,0.774416071986658
5,dm_eig0,2,2.06,100,6,131,10,10,11,1.1,0.2710797739059496,0.6089899841710268
5,dm_eig0,2,2.06,100,7,131,10,10,12,1.2,0.2523745702464891,0.6735796404341747
5,dm_eig0,2,2.06,100,8,131,10,10,13,1.3,0.21432317464017242,0.6349537154631614
6,xcoord,0,2.3,100,0,131,10,10,15,1.5,0.37317172658935965,0.6990134041190674
6,xcoord,0,2.3,100,1,131,10,10,12,1.2,0.36705320202785385,0.6476346099772401
6,xcoord,0,2.3,100,2,131,10,10,10,1.0,0.23477652817434888,0.7649958066309877
6,xcoord,0,2.3,100,3,132,10,10,13,1.3,0.43549127640036733,0.7024228305482353
6,xcoord,0,2.3,100,4,132,10,10,14,1.4,0.5362718089990818,0.7283275036803017
6,xcoord,0,2.3,100,5,132,10,10,12,1.2,0.36363636363636365,0.6679214798438511
6,xcoord,0,2.3,100,6,131,10,10,12,1.2,0.4271895577180818,0.811418415877762
6,xcoord,0,2.3,100,7,131,10,10,13,1.3,0.287046209428355,0.5898337914550765
6,xcoord,0,2.3,100,8,131,10,10,14,1.4,0.37462851815162285,0.7014334153601451
6,xcoord,1,2.24,100,0,131,10,10,14,1.4,0.13641396189033272,0.6571773025787228
6,xcoord,1,2.24,100,1,131,10,10,12,1.2,0.3474739234310355,0.5573117768267555
6,xcoord,1,2.24,100,2,131,10,10,11,1.1,0.28261756307907465,0.7949611875450153
6,xcoord,1,2.24,100,3,132,10,10,13,1.3,0.5086088154269973,0.6789680806834139
6,xcoord,1,2.24,100,4,132,10,10,12,1.2,0.47520661157024796,0.8356343017096186
6,xcoord,1,2.24,100,5,132,10,10,11,1.1,0.1590909090909091,0.769261818849
6,xcoord,1,2.24,100,6,131,10,10,12,1.2,0.18804265485694305,0.6920195094013653
6,xcoord,1,2.24,100,7,131,10,10,13,1.3,0.287046209428355,0.5638060056942171
6,xcoord,1,2.24,100,8,131,10,10,14,1.4,0.38115494435056224,0.7117504294410503
6,xcoord,2,2.18,100,0,131,10,10,13,1.3,0.28401608297884734,0.7578335462548949
6,xcoord,2,2.18,100,1,131,10,10,12,1.2,0.2439834508478527,0.5669151273754703
6,xcoord,2,2.18,100,2,131,10,10,10,1.0,0.28955189091544786,0.7771804445237585
6,xcoord,2,2.18,100,3,132,10,10,13,1.3,0.6503673094582185,0.7417313804585853
6,xcoord,2,2.18,100,4,132,10,10,12,1.2,0.43388429752066116,0.8188985864905934
6,xcoord,2,2.18,100,5,132,10,10,12,1.2,0.35537190082644626,0.6399342768124254
6,xcoord,2,2.18,100,6,131,10,10,11,1.1,0.1723675776469903,0.7641444578422861
6,xcoord,2,2.18,100,7,131,10,10,12,1.2,0.39921915972262695,0.702194672336477
6,xcoord,2,2.18,100,8,131,10,10,14,1.4,0.3925761901987064,0.6655674733643115
6,knn_k1,0,1.8,100,0,131,10,10,10,1.0,0.0692850067012412,1.0
6,knn_k1,0,1.8,100,1,131,10,10,10,1.0,0.0692850067012412,1.0
6,knn_k1,0,1.8,100,2,131,10,10,10,1.0,0.191655497931356,1.0
6,knn_k1,0,1.8,100,3,132,10,10,10,1.0,0.05945821854912763,1.0
6,knn_k1,0,1.8,100,4,132,10,10,10,1.0,0.14095500459136823,1.0
6,knn_k1,0,1.8,100,5,132,10,10,10,1.0,0.08471074380165292,1.0
6,knn_k1,0,1.8,100,6,131,10,10,10,1.0,0.18815919818192414,1.0
6,knn_k1,0,1.8,100,7,131,10,10,10,1.0,0.0622924072023775,1.0
6,knn_k1,0,1.8,100,8,131,10,10,10,1.0,0.08560107219858984,1.0
6,knn_k1,1,1.8,100,0,131,10,10,10,1.0,0.06928500670124119,1.0
6,knn_k1,1,1.8,100,1,131,10,10,10,1.0,0.0692850067012412,1.0
6,knn_k1,1,1.8,100,2,131,10,10,10,1.0,0.191655497931356,1.0
6,knn_k1,1,1.8,100,3,132,10,10,10,1.0,0.05945821854912765,1.0
6,knn_k1,1,1.8,100,4,132,10,10,10,1.0,0.14095500459136823,1.0
6,knn_k1,1,1.8,100,5,132,10,10,10,1.0,0.08471074380165292,1.0
6,knn_k1,1,1.8,100,6,131,10,10,10,1.0,0.18815919818192414,1.0
6,knn_k1,1,1.8,100,7,131,10,10,10,1.0,0.06229240720237748,1.0
6,knn_k1,1,1.8,100,8,131,10,10,10,1.0,0.08560107219858984,1.0
6,knn_k1,2,1.8,100,0,131,10,10,10,1.0,0.0692850067012412,1.0
6,knn_k1,2,1.8,100,1,131,10,10,10,1.0,0.0692850067012412,1.0
6,knn_k1,2,1.8,100,2,131,10,10,10,1.0,0.191655497931356,1.0
6,knn_k1,2,1.8,100,3,132,10,10,10,1.0,0.059458218549127646,1.0
6,knn_k1,2,1.8,100,4,132,10,10,10,1.0,0.14095500459136823,1.0
6,knn_k1,2,1.8,100,5,132,10,10,10,1.0,0.0847107438016529,1.0
6,knn_k1,2,1.8,100,6,131,10,10,10,1.0,0.18815919818192417,1.0
6,knn_k1,2,1.8,100,7,131,10,10,10,1.0,0.0622924072023775,1.0
6,knn_k1,2,1.8,100,8,131,10,10,10,1.0,0.08560107219858984,1.0
6,dtm_k10,0,1.8,100,0,131,10,10,10,1.0,0.22312219567624267,1.0
6,dtm_k10,0,1.8,100,1,131,10,10,10,1.0,0.12056406969290834,1.0
6,dtm_k10,0,1.8,100,2,131,10,10,10,1.0,0.15552706718722686,1.0
6,dtm_k10,0,1.8,100,3,132,10,10,10,1.0,0.07208448117539026,1.0
6,dtm_k10,0,1.8,100,4,132,10,10,10,1.0,0.06404958677685951,1.0
6,dtm_k10,0,1.8,100,5,132,10,10,10,1.0,0.08356290174471993,1.0
6,dtm_k10,0,1.8,100,6,131,10,10,10,1.0,0.04947264145446069,1.0
6,dtm_k10,0,1.8,100,7,131,10,10,10,1.0,0.08443563894877922,1.0
6,dtm_k10,0,1.8,100,8,131,10,10,10,1.0,0.05646524095332441,1.0
6,dtm_k10,1,1.8,100,0,131,10,10,10,1.0,0.22312219567624267,1.0
6,dtm_k10,1,1.8,100,1,131,10,10,10,1.0,0.12056406969290834,1.0
6,dtm_k10,1,1.8,100,2,131,10,10,10,1.0,0.15552706718722686,1.0
6,dtm_k10,1,1.8,100,3,132,10,10,10,1.0,0.07208448117539026,1.0
6,dtm_k10,1,1.8,100,4,132,10,10,10,1.0,0.06404958677685951,1.0
6,dtm_k10,1,1.8,100,5,132,10,10,10,1.0,0.08356290174471993,1.0
6,dtm_k10,1,1.8,100,6,131,10,10,10,1.0,0.0494726414544607,1.0
6,dtm_k10,1,1.8,100,7,131,10,10,10,1.0,0.08443563894877922,1.0
6,dtm_k10,1,1.8,100,8,131,10,10,10,1.0,0.05646524095332441,1.0
6,dtm_k10,2,1.8,100,0,131,10,10,10,1.0,0.2231221956762427,1.0
6,dtm_k10,2,1.8,100,1,131,10,10,10,1.0,0.12056406969290834,1.0
6,dtm_k10,2,1.8,100,2,131,10,10,10,1.0,0.15552706718722686,1.0
6,dtm_k10,2,1.8,100,3,132,10,10,10,1.0,0.07208448117539026,1.0
6,dtm_k10,2,1.8,100,4,132,10,10,10,1.0,0.06404958677685951,1.0
6,dtm_k10,2,1.8,100,5,132,10,10,10,1.0,0.08356290174471995,1.0
6,dtm_k10,2,1.8,100,6,131,10,10,10,1.0,0.0494726414544607,1.0
6,dtm_k10,2,1.8,100,7,131,10,10,10,1.0,0.08443563894877922,1.0
6,dtm_k10,2,1.8,100,8,131,10,10,10,1.0,0.05646524095332441,1.0
6,random,0,1.8,100,0,131,10,10,10,1.0,0.1182332031932871,1.0
6,random,0,1.8,100,1,131,10,10,10,1.0,0.10075170444612785,1.0
6,random,0,1.8,100,2,131,10,10,10,1.0,0.06345784045218811,1.0
6,random,0,1.8,100,3,132,10,10,10,1.0,0.0169880624426079,1.0
6,random,0,1.8,100,4,132,10,10,10,1.0,0.07552800734618915,1.0
6,random,0,1.8,100,5,132,10,10,10,1.0,0.0881542699724518,1.0
6,random,0,1.8,100,6,131,10,10,10,1.0,0.07977390594953673,1.0
6,random,0,1.8,100,7,131,10,10,10,1.0,0.0564652409533244,1.0
6,random,0,1.8,100,8,131,10,10,10,1.0,0.06578870695180934,1.0
6,random,1,1.8,100,0,131,10,10,10,1.0,0.07278130645067303,1.0
6,random,1,1.8,100,1,131,10,10,10,1.0,0.07744303944991551,1.0
6,random,1,1.8,100,2,131,10,10,10,1.0,0.17300856593438615,1.0
6,random,1,1.8,100,3,132,10,10,10,1.0,0.09618916437098256,1.0
6,random,1,1.8,100,4,132,10,10,10,1.0,0.07782369146005509,1.0
6,random,1,1.8,100,5,132,10,10,10,1.0,0.02157943067033976,1.0
6,random,1,1.8,100,6,131,10,10,10,1.0,0.07744303944991551,1.0
6,random,1,1.8,100,7,131,10,10,10,1.0,0.048307208204650086,1.0
6,random,1,1.8,100,8,131,10,10,10,1.0,0.03315657595711206,1.0
6,random,2,1.8,100,0,131,10,10,10,1.0,0.05763067420313502,1.0
6,random,2,1.8,100,1,131,10,10,10,1.0,0.036652875706543915,1.0
6,random,2,1.8,100,2,131,10,10,10,1.0,0.06928500670124119,1.0
6,random,2,1.8,100,3,132,10,10,10,1.0,0.05371900826446281,1.0
6,random,2,1.8,100,4,132,10,10,10,1.0,0.07667584940312214,1.0
6,random,2,1.8,100,5,132,10,10,10,1.0,0.06634527089072544,1.0
6,random,2,1.8,100,6,131,10,10,10,1.0,0.07045043995105181,1.0
6,random,2,1.8,100,7,131,10,10,10,1.0,0.04481090845521823,1.0
6,random,2,1.8,100,8,131,10,10,10,1.0,0.044810908455218235,1.0
6,ecc_p1,0,1.86,100,0,131,10,10,13,1.3,0.20371773206689592,0.7980316366005865
6,ecc_p1,0,1.86,100,1,131,10,10,10,1.0,0.07744303944991551,1.0
6,ecc_p1,0,1.86,100,2,131,10,10,10,1.0,0.13221840219101452,1.0
6,ecc_p1,0,1.86,100,3,132,10,10,10,1.0,0.12947658402203857,1.0
6,ecc_p1,0,1.86,100,4,132,10,10,10,1.0,0.09504132231404959,1.0
6,ecc_p1,0,1.86,100,5,132,10,10,10,1.0,0.09963269054178146,1.0
6,ecc_p1,0,1.86,100,6,131,10,10,10,1.0,0.14969990093817376,1.0
6,ecc_p1,0,1.86,100,7,131,10,10,10,1.0,0.1834974651826817,1.0
6,ecc_p1,0,1.86,100,8,131,10,10,10,1.0,0.2056406969290834,0.7897932479458109
6,ecc_p1,1,1.86,100,0,131,10,10,11,1.1,0.06724549851407263,0.8624382661016726
6,ecc_p1,1,1.86,100,1,131,10,10,12,1.2,0.21321601305285245,0.8822103081048714
6,ecc_p1,1,1.86,100,2,131,10,10,10,1.0,0.13221840219101452,1.0
6,ecc_p1,1,1.86,100,3,132,10,10,10,1.0,0.1294765840220386,1.0
6,ecc_p1,1,1.86,100,4,132,10,10,10,1.0,0.09504132231404962,1.0
6,ecc_p1,1,1.86,100,5,132,10,10,10,1.0,0.09963269054178146,1.0
6,ecc_p1,1,1.86,100,6,131,10,10,10,1.0,0.14969990093817376,1.0
6,ecc_p1,1,1.86,100,7,131,10,10,10,1.0,0.18349746518268167,1.0
6,ecc_p1,1,1.86,100,8,131,10,10,10,1.0,0.22195676242643206,0.7975490974462686
6,ecc_p1,2,1.86,100,0,131,10,10,13,1.3,0.20371773206689586,0.7980316366005865
6,ecc_p1,2,1.86,100,1,131,10,10,10,1.0,0.07744303944991551,1.0
6,ecc_p1,2,1.86,100,2,131,10,10,10,1.0,0.13221840219101452,1.0
6,ecc_p1,2,1.86,100,3,132,10,10,10,1.0,0.1294765840220386,1.0
6,ecc_p1,2,1.86,100,4,132,10,10,10,1.0,0.09504132231404962,1.0
6,ecc_p1,2,1.86,100,5,132,10,10,10,1.0,0.09963269054178144,1.0
6,ecc_p1,2,1.86,100,6,131,10,10,10,1.0,0.1496999009381738,1.0
6,ecc_p1,2,1.86,100,7,131,10,10,10,1.0,0.1834974651826817,1.0
6,ecc_p1,2,1.86,100,8,131,10,10,10,1.0,0.21612959617737898,0.794787287688882
6,gauss_0.1,0,1.84,100,0,131,10,10,10,1.0,0.08909737194802168,1.0
6,gauss_0.1,0,1.84,100,1,131,10,10,10,1.0,0.08676650544840045,1.0
6,gauss_0.1,0,1.84,100,2,131,10,10,10,1.0,0.1648505331857118,1.0
6,gauss_0.1,0,1.84,100,3,132,10,10,10,1.0,0.07782369146005509,1.0
6,gauss_0.1,0,1.84,100,4,132,10,10,10,1.0,0.06519742883379247,1.0
6,gauss_0.1,0,1.84,100,5,132,10,10,10,1.0,0.11455463728191002,1.0
6,gauss_0.1,0,1.84,100,6,131,10,10,10,1.0,0.04597634170502885,1.0
6,gauss_0.1,0,1.84,100,7,131,10,10,11,1.1,0.277489656779908,0.9202453987730062
6,gauss_0.1,0,1.84,100,8,131,10,10,11,1.1,0.23133850008740753,0.9525243701787113
6,gauss_0.1,1,1.84,100,0,131,10,10,10,1.0,0.08909737194802168,1.0
6,gauss_0.1,1,1.84,100,1,131,10,10,10,1.0,0.08676650544840045,1.0
6,gauss_0.1,1,1.84,100,2,131,10,10,10,1.0,0.1648505331857118,1.0
6,gauss_0.1,1,1.84,100,3,132,10,10,10,1.0,0.07782369146005512,1.0
6,gauss_0.1,1,1.84,100,4,132,10,10,10,1.0,0.06519742883379247,1.0
6,gauss_0.1,1,1.84,100,5,132,10,10,10,1.0,0.11455463728191002,1.0
6,gauss_0.1,1,1.84,100,6,131,10,10,10,1.0,0.04597634170502885,1.0
6,gauss_0.1,1,1.84,100,7,131,10,10,11,1.1,0.277489656779908,0.9202453987730062
6,gauss_0.1,1,1.84,100,8,131,10,10,11,1.1,0.21595478118990738,0.9267644120123021
6,gauss_0.1,2,1.84,100,0,131,10,10,10,1.0,0.08909737194802168,1.0
6,gauss_0.1,2,1.84,100,1,131,10,10,10,1.0,0.08676650544840045,1.0
6,gauss_0.1,2,1.84,100,2,131,10,10,10,1.0,0.16485053318571183,1.0
6,gauss_0.1,2,1.84,100,3,132,10,10,10,1.0,0.07782369146005509,1.0
6,gauss_0.1,2,1.84,100,4,132,10,10,10,1.0,0.06519742883379247,1.0
6,gauss_0.1,2,1.84,100,5,132,10,10,10,1.0,0.11455463728191002,1.0
6,gauss_0.1,2,1.84,100,6,131,10,10,10,1.0,0.04597634170502885,1.0
6,gauss_0.1,2,1.84,100,7,131,10,10,11,1.1,0.277489656779908,0.9202453987730062
6,gauss_0.1,2,1.84,100,8,131,10,10,11,1.1,0.21595478118990738,0.9267644120123021
6,dm_eig0,0,2.06,100,0,131,10,10,13,1.3,1.3794067944758461,0.7826849424245351
6,dm_eig0,0,2.06,100,1,131,10,10,14,1.4,1.1055882524328418,0.8774838775845955
6,dm_eig0,0,2.06,100,2,131,10,10,10,1.0,0.3093642561622283,0.7820338092908888
6,dm_eig0,0,2.06,100,3,132,10,10,15,1.5,0.8250688705234159,0.8291028868375758
6,dm_eig0,0,2.06,100,4,132,10,10,10,1.0,0.1019283746556474,0.7960749905837221
6,dm_eig0,0,2.06,100,5,132,10,10,11,1.1,0.8358585858585859,0.8785209836424235
6,dm_eig0,0,2.06,100,6,131,10,10,11,1.1,0.33902453236990854,0.5527425000360449
6,dm_eig0,0,2.06,100,7,131,10,10,8,0.8,0.3318571178835732,0.8893041015048239
6,dm_eig0,0,2.06,100,8,131,10,10,11,1.1,0.48516986189616,0.5054582130235947
6,dm_eig0,1,2.14,100,0,131,10,10,13,1.3,1.4006176796223995,0.7921196400877718
6,dm_eig0,1,2.14,100,1,131,10,10,13,1.3,0.6370258143464833,0.7579118379058799
6,dm_eig0,1,2.14,100,2,131,10,10,11,1.1,0.4992716042188684,0.8308839040855074
6,dm_eig0,1,2.14,100,3,132,10,10,14,1.4,0.5812672176308539,0.7469028655392072
6,dm_eig0,1,2.14,100,4,132,10,10,12,1.2,0.2975206611570248,0.7716192208397971
6,dm_eig0,1,2.14,100,5,132,10,10,10,1.0,0.6815886134067954,0.8886726728043056
6,dm_eig0,1,2.14,100,6,131,10,10,11,1.1,0.5326029951634522,0.7010132572935064
6,dm_eig0,1,2.14,100,7,131,10,10,12,1.2,0.7054950177728571,0.6839874104961218
6,dm_eig0,1,2.14,100,8,131,10,10,11,1.1,0.4826059087465766,0.50454951720053
6,dm_eig0,2,2.16,100,0,131,10,10,12,1.2,0.9348522813355866,0.7147375101369002
6,dm_eig0,2,2.16,100,1,131,10,10,13,1.3,0.6658120156168054,0.7369766574473116
6,dm_eig0,2,2.16,100,2,131,10,10,11,1.1,0.5120913699667853,0.84328008323006
6,dm_eig0,2,2.16,100,3,132,10,10,14,1.4,0.7130394857667582,0.7392168771881523
6,dm_eig0,2,2.16,100,4,132,10,10,13,1.3,0.2713498622589532,0.6314573322094292
6,dm_eig0,2,2.16,100,5,132,10,10,11,1.1,0.3787878787878788,0.6538553927456161
6,dm_eig0,2,2.16,100,6,131,10,10,9,0.9,0.4448458714527125,0.6189453539935322
6,dm_eig0,2,2.16,100,7,131,10,10,11,1.1,0.4120971971330343,0.6557026031298233
6,dm_eig0,2,2.16,100,8,131,10,10,14,1.4,0.5834741565176853,0.4457712695928023
7,xcoord,0,2.32,100,0,131,10,10,13,1.3,0.2915913991026164,0.7993992509774193
7,xcoord,0,2.32,100,1,131,10,10,12,1.2,0.15168113746285183,0.5833841678073951
7,xcoord,0,2.32,100,2,131,10,10,12,1.2,0.41180583882058164,0.8521012698745509
7,xcoord,0,2.32,100,3,132,10,10,15,1.5,0.602961432506887,0.7690171008985218
7,xcoord,0,2.32,100,4,132,10,10,14,1.4,0.370752984389348,0.7633100519874926
7,xcoord,0,2.32,100,5,132,10,10,14,1.4,0.27915518824609736,0.6227412189631881
7,xcoord,0,2.32,100,6,131,10,10,9,0.9,0.33681020919526833,0.9013837129039988
7,xcoord,0,2.32,100,7,131,10,10,12,1.2,0.25377309014626187,0.6870216016097055
7,xcoord,0,2.32,100,8,131,10,10,15,1.5,0.4273643727055532,0.6818372313719413
7,xcoord,1,2.22,100,0,131,10,10,13,1.3,0.2643202610570479,0.780657977595064
7,xcoord,1,2.22,100,1,131,10,10,12,1.2,0.17126041605967016,0.598481172197207
7,xcoord,1,2.22,100,2,131,10,10,12,1.2,0.2733523687430803,0.7918776979136404
7,xcoord,1,2.22,100,3,132,10,10,14,1.4,0.5282369146005508,0.74649874480815
7,xcoord,1,2.22,100,4,132,10,10,13,1.3,0.34595959595959597,0.7739179428409837
7,xcoord,1,2.22,100,5,132,10,10,12,1.2,0.4118457300275482,0.7500931270118105
7,xcoord,1,2.22,100,6,131,10,10,9,0.9,0.32212575024765455,0.8834611796046485
7,xcoord,1,2.22,100,7,131,10,10,12,1.2,0.20762193345376148,0.643286069429856
7,xcoord,1,2.22,100,8,131,10,10,14,1.4,0.3550492395548045,0.6335392000960559
7,xcoord,2,2.28,100,0,131,10,10,13,1.3,0.23098887011246427,0.6747989962393462
7,xcoord,2,2.28,100,1,131,10,10,12,1.2,0.15168113746285183,0.5784582301202329
7,xcoord,2,2.28,100,2,131,10,10,12,1.2,0.4118058388205816,0.8521012698745509
7,xcoord,2,2.28,100,3,132,10,10,14,1.4,0.5218089990817264,0.6762056012477369
7,xcoord,2,2.28,100,4,132,10,10,14,1.4,0.4350321395775942,0.7896748083416626
7,xcoord,2,2.28,100,5,132,10,10,14,1.4,0.3048668503213957,0.6026239983405101
7,xcoord,2,2.28,100,6,131,10,10,9,0.9,0.21513897791503991,0.85509555850196
7,xcoord,2,2.28,100,7,131,10,10,13,1.3,0.6097546763009148,0.7873855005403773
7,xcoord,2,2.28,100,8,131,10,10,13,1.3,0.4582483538255347,0.738352528277066
7,knn_k1,0,1.8,100,0,131,10,10,10,1.0,0.15203076743779503,1.0
7,knn_k1,0,1.8,100,1,131,10,10,10,1.0,0.05879610745294564,1.0
7,knn_k1,0,1.8,100,2,131,10,10,10,1.0,0.15552706718722686,1.0
7,knn_k1,0,1.8,100,3,132,10,10,10,1.0,0.1317722681359045,1.0
7,knn_k1,0,1.8,100,4,132,10,10,10,1.0,0.08700642791551881,1.0
7,knn_k1,0,1.8,100,5,132,10,10,10,1.0,0.11340679522497704,1.0
7,knn_k1,0,1.8,100,6,131,10,10,10,1.0,0.05763067420313502,1.0
7,knn_k1,0,1.8,100,7,131,10,10,10,1.0,0.11240603694423404,1.0
7,knn_k1,0,1.8,100,8,131,10,10,10,1.0,0.05996154070275627,1.0
7,knn_k1,1,1.8,100,0,131,10,10,10,1.0,0.15203076743779498,1.0
7,knn_k1,1,1.8,100,1,131,10,10,10,1.0,0.05879610745294564,1.0
7,knn_k1,1,1.8,100,2,131,10,10,10,1.0,0.15552706718722686,1.0
7,knn_k1,1,1.8,100,3,132,10,10,10,1.0,0.1317722681359045,1.0
7,knn_k1,1,1.8,100,4,132,10,10,10,1.0,0.08700642791551884,1.0
7,knn_k1,1,1.8,100,5,132,10,10,10,1.0,0.11340679522497707,1.0
7,knn_k1,1,1.8,100,6,131,10,10,10,1.0,0.057630674203135016,1.0
7,knn_k1,1,1.8,100,7,131,10,10,10,1.0,0.11240603694423404,1.0
7,knn_k1,1,1.8,100,8,131,10,10,10,1.0,0.059961540702756264,1.0
7,knn_k1,2,1.8,100,0,131,10,10,10,1.0,0.15203076743779498,1.0
7,knn_k1,2,1.8,100,1,131,10,10,10,1.0,0.05879610745294564,1.0
7,knn_k1,2,1.8,100,2,131,10,10,10,1.0,0.15552706718722686,1.0
7,knn_k1,2,1.8,100,3,132,10,10,10,1.0,0.1317722681359045,1.0
7,knn_k1,2,1.8,100,4,132,10,10,10,1.0,0.08700642791551884,1.0
7,knn_k1,2,1.8,100,5,132,10,10,10,1.0,0.11340679522497704,1.0
7,knn_k1,2,1.8,100,6,131,10,10,10,1.0,0.05763067420313502,1.0
7,knn_k1,2,1.8,100,7,131,10,10,10,1.0,0.11240603694423403,1.0
7,knn_k1,2,1.8,100,8,131,10,10,10,1.0,0.059961540702756264,1.0
7,dtm_k10,0,1.84,100,0,131,10,10,10,1.0,0.07627760620010489,1.0
7,dtm_k10,0,1.84,100,1,131,10,10,11,1.1,0.1826233902453237,0.9163965308975034
7,dtm_k10,0,1.84,100,2,131,10,10,11,1.1,0.12108851465532311,0.8829999404579849
7,dtm_k10,0,1.84,100,3,132,10,10,10,1.0,0.24655647382920112,1.0
7,dtm_k10,0,1.84,100,4,132,10,10,10,1.0,0.025022956841138658,1.0
7,dtm_k10,0,1.84,100,5,132,10,10,10,1.0,0.061753902662993576,1.0
7,dtm_k10,0,1.84,100,6,131,10,10,10,1.0,0.05180350795408194,1.0
7,dtm_k10,0,1.84,100,7,131,10,10,10,1.0,0.05763067420313502,1.0
7,dtm_k10,0,1.84,100,8,131,10,10,10,1.0,0.08676650544840045,1.0
7,dtm_k10,1,1.86,100,0,131,10,10,10,1.0,0.07627760620010489,1.0
7,dtm_k10,1,1.86,100,1,131,10,10,12,1.2,0.28174348814171674,0.9074402403607429
7,dtm_k10,1,1.86,100,2,131,10,10,11,1.1,0.12749839752928152,0.8954428177784924
7,dtm_k10,1,1.86,100,3,132,10,10,10,1.0,0.24655647382920112,1.0
7,dtm_k10,1,1.86,100,4,132,10,10,10,1.0,0.025022956841138665,1.0
7,dtm_k10,1,1.86,100,5,132,10,10,10,1.0,0.061753902662993576,1.0
7,dtm_k10,1,1.86,100,6,131,10,10,10,1.0,0.05180350795408194,1.0
7,dtm_k10,1,1.86,100,7,131,10,10,10,1.0,0.05763067420313502,1.0
7,dtm_k10,1,1.86,100,8,131,10,10,10,1.0,0.08676650544840048,1.0
7,dtm_k10,2,1.8,100,0,131,10,10,10,1.0,0.07627760620010489,1.0
7,dtm_k10,2,1.8,100,1,131,10,10,10,1.0,0.1730085659343861,1.0
7,dtm_k10,2,1.8,100,2,131,10,10,10,1.0,0.15552706718722686,1.0
7,dtm_k10,2,1.8,100,3,132,10,10,10,1.0,0.2465564738292011,1.0
7,dtm_k10,2,1.8,100,4,132,10,10,10,1.0,0.025022956841138665,1.0
7,dtm_k10,2,1.8,100,5,132,10,10,10,1.0,0.06175390266299359,1.0
7,dtm_k10,2,1.8,100,6,131,10,10,10,1.0,0.05180350795408194,1.0
7,dtm_k10,2,1.8,100,7,131,10,10,10,1.0,0.057630674203135016,1.0
7,dtm_k10,2,1.8,100,8,131,10,10,10,1.0,0.08676650544840048,1.0
7,random,0,1.8,100,0,131,10,10,10,1.0,0.05063807470427133,1.0
7,random,0,1.8,100,1,131,10,10,10,1.0,0.026163976458248358,1.0
7,random,0,1.8,100,2,131,10,10,10,1.0,0.12056406969290838,1.0
7,random,0,1.8,100,3,132,10,10,10,1.0,0.06519742883379248,1.0
7,random,0,1.8,100,4,132,10,10,10,1.0,0.09848484848484852,1.0
7,random,0,1.8,100,5,132,10,10,10,1.0,0.13636363636363638,1.0
7,random,0,1.8,100,6,131,10,10,10,1.0,0.07860847269972612,1.0
7,random,0,1.8,100,7,131,10,10,10,1.0,0.1240603694423402,1.0
7,random,0,1.8,100,8,131,10,10,10,1.0,0.09842083794650662,1.0
7,random,1,1.8,100,0,131,10,10,10,1.0,0.10541343744537032,1.0
7,random,1,1.8,100,1,131,10,10,10,1.0,0.07278130645067303,1.0
7,random,1,1.8,100,2,131,10,10,10,1.0,0.07278130645067304,1.0
7,random,1,1.8,100,3,132,10,10,10,1.0,0.10307621671258037,1.0
7,random,1,1.8,100,4,132,10,10,10,1.0,0.08930211202938476,1.0
7,random,1,1.8,100,5,132,10,10,10,1.0,0.061753902662993576,1.0
7,random,1,1.8,100,6,131,10,10,10,1.0,0.045976341705028845,1.0
7,random,1,1.8,100,7,131,10,10,10,1.0,0.1030825709457491,1.0
7,random,1,1.8,100,8,131,10,10,10,1.0,0.03898374220616514,1.0
7,random,2,1.8,100,0,131,10,10,10,1.0,0.037818308956354525,1.0
7,random,2,1.8,100,1,131,10,10,10,1.0,0.06695414020161997,1.0
7,random,2,1.8,100,2,131,10,10,10,1.0,0.06811957345143058,1.0
7,random,2,1.8,100,3,132,10,10,10,1.0,0.08700642791551884,1.0
7,random,2,1.8,100,4,132,10,10,10,1.0,0.03650137741046833,1.0
7,random,2,1.8,100,5,132,10,10,10,1.0,0.148989898989899,1.0
7,random,2,1.8,100,6,131,10,10,10,1.0,0.044810908455218235,1.0
7,random,2,1.8,100,7,131,10,10,10,1.0,0.06462327370199872,1.0
7,random,2,1.8,100,8,131,10,10,10,1.0,0.02150224345900589,1.0
7,ecc_p1,0,2.0,100,0,131,10,10,13,1.3,0.0779674844123303,0.6986298225544313
7,ecc_p1,0,2.0,100,1,131,10,10,16,1.6,0.403181632771983,0.7725598934303084
7,ecc_p1,0,2.0,100,2,131,10,10,10,1.0,0.12522580269215083,1.0
7,ecc_p1,0,2.0,100,3,132,10,10,10,1.0,0.1857208448117539,1.0
7,ecc_p1,0,2.0,100,4,132,10,10,10,1.0,0.20408631772268135,1.0
7,ecc_p1,0,2.0,100,5,132,10,10,10,1.0,0.25000000000000006,1.0
7,ecc_p1,0,2.0,100,6,131,10,10,11,1.1,0.3249227900472001,0.9715006438879775
7,ecc_p1,0,2.0,100,7,131,10,10,10,1.0,0.21263329642794707,0.9689111346033527
7,ecc_p1,0,2.0,100,8,131,10,10,10,1.0,0.20913699667851526,0.7939197160172818
7,ecc_p1,1,2.14,100,0,131,10,10,19,1.9,0.3252724200221433,0.5338142100436621
7,ecc_p1,1,2.14,100,1,131,10,10,16,1.6,0.4516636559641047,0.7805031932911894
7,ecc_p1,1,2.14,100,2,131,10,10,10,1.0,0.12522580269215083,1.0
7,ecc_p1,1,2.14,100,3,132,10,10,10,1.0,0.1857208448117539,1.0
7,ecc_p1,1,2.14,100,4,132,10,10,10,1.0,0.20408631772268135,1.0
7,ecc_p1,1,2.14,100,5,132,10,10,10,1.0,0.25000000000000006,1.0
7,ecc_p1,1,2.14,100,6,131,10,10,11,1.1,0.29159139910261644,0.9561813814815858
7,ecc_p1,1,2.14,100,7,131,10,10,10,1.0,0.20330983042946218,0.9878654587703488
7,ecc_p1,1,2.14,100,8,131,10,10,11,1.1,0.29159139910261644,0.8149165793717577
7,ecc_p1,2,2.02,100,0,131,10,10,19,1.9,0.5422760911368802,0.6279534836823177
7,ecc_p1,2,2.02,100,1,131,10,10,11,1.1,0.17364955422178197,0.9396537647033466
7,ecc_p1,2,2.02,100,2,131,10,10,10,1.0,0.12522580269215083,1.0
7,ecc_p1,2,2.02,100,3,132,10,10,10,1.0,0.1857208448117539,1.0
7,ecc_p1,2,2.02,100,4,132,10,10,10,1.0,0.20408631772268135,1.0
7,ecc_p1,2,2.02,100,5,132,10,10,10,1.0,0.25,1.0
7,ecc_p1,2,2.02,100,6,131,10,10,11,1.1,0.3249227900472001,0.9715006438879775
7,ecc_p1,2,2.02,100,7,131,10,10,10,1.0,0.21263329642794707,0.9689111346033527
7,ecc_p1,2,2.02,100,8,131,10,10,10,1.0,0.42124584814404753,0.8894088101067663
7,gauss_0.1,0,1.8,100,0,131,10,10,10,1.0,0.10657887069518093,1.0
7,gauss_0.1,0,1.8,100,1,131,10,10,10,1.0,0.07278130645067306,1.0
7,gauss_0.1,0,1.8,100,2,131,10,10,10,1.0,0.07627760620010489,1.0
7,gauss_0.1,0,1.8,100,3,132,10,10,10,1.0,0.05945821854912765,1.0
7,gauss_0.1,0,1.8,100,4,132,10,10,10,1.0,0.07323232323232323,1.0
7,gauss_0.1,0,1.8,100,5,132,10,10,10,1.0,0.15587695133149682,1.0
7,gauss_0.1,0,1.8,100,6,131,10,10,10,1.0,0.12988753569139327,1.0
7,gauss_0.1,0,1.8,100,7,131,10,10,10,1.0,0.12172950294271898,1.0
7,gauss_0.1,0,1.8,100,8,131,10,10,10,1.0,0.13338383544082513,1.0
7,gauss_0.1,1,1.8,100,0,131,10,10,10,1.0,0.10657887069518096,1.0
7,gauss_0.1,1,1.8,100,1,131,10,10,10,1.0,0.07278130645067304,1.0
7,gauss_0.1,1,1.8,100,2,131,10,10,10,1.0,0.07627760620010489,1.0
7,gauss_0.1,1,1.8,100,3,132,10,10,10,1.0,0.05945821854912765,1.0
7,gauss_0.1,1,1.8,100,4,132,10,10,10,1.0,0.07323232323232325,1.0
7,gauss_0.1,1,1.8,100,5,132,10,10,10,1.0,0.15587695133149682,1.0
7,gauss_0.1,1,1.8,100,6,131,10,10,10,1.0,0.1298875356913933,1.0
7,gauss_0.1,1,1.8,100,7,131,10,10,10,1.0,0.12172950294271899,1.0
7,gauss_0.1,1,1.8,100,8,131,10,10,10,1.0,0.13338383544082513,1.0
7,gauss_0.1,2,1.8,100,0,131,10,10,10,1.0,0.10657887069518093,1.0
7,gauss_0.1,2,1.8,100,1,131,10,10,10,1.0,0.07278130645067304,1.0
7,gauss_0.1,2,1.8,100,2,131,10,10,10,1.0,0.07627760620010489,1.0
7,gauss_0.1,2,1.8,100,3,132,10,10,10,1.0,0.059458218549127646,1.0
7,gauss_0.1,2,1.8,100,4,132,10,10,10,1.0,0.07323232323232325,1.0
7,gauss_0.1,2,1.8,100,5,132,10,10,10,1.0,0.1558769513314968,1.0
7,gauss_0.1,2,1.8,100,6,131,10,10,10,1.0,0.12988753569139327,1.0
7,gauss_0.1,2,1.8,100,7,131,10,10,10,1.0,0.12172950294271898,1.0
7,gauss_0.1,2,1.8,100,8,131,10,10,10,1.0,0.1333838354408251,1.0
7,dm_eig0,0,2.22,100,0,131,10,10,13,1.3,0.8218635277664474,0.6163397856366848
7,dm_eig0,0,2.22,100,1,131,10,10,12,1.2,0.4537614358137638,0.7335108618562828
7,dm_eig0,0,2.22,100,2,131,10,10,13,1.3,0.5839986014801003,0.7288938699655265
7,dm_eig0,0,2.22,100,3,132,10,10,11,1.1,0.41540404040404044,0.6636525385109306
7,dm_eig0,0,2.22,100,4,132,10,10,13,1.3,0.5101010101010102,0.7062135687621095
7,dm_eig0,0,2.22,100,5,132,10,10,12,1.2,0.5991735537190083,0.7612517885019683
7,dm_eig0,0,2.22,100,6,131,10,10,14,1.4,0.47578812423518435,0.6395110174870327
7,dm_eig0,0,2.22,100,7,131,10,10,14,1.4,0.7841617621350735,0.8439268010758727
7,dm_eig0,0,2.22,100,8,131,10,10,9,0.9,0.3179301905483363,0.9121637195028585
7,dm_eig0,1,2.18,100,0,131,10,10,13,1.3,0.45067303770176564,0.48361061578987885
7,dm_eig0,1,2.18,100,1,131,10,10,11,1.1,0.1646757181982402,0.63242168964181
7,dm_eig0,1,2.18,100,2,131,10,10,13,1.3,0.40370607773439776,0.5805573630925457
7,dm_eig0,1,2.18,100,3,132,10,10,11,1.1,0.33459595959595956,0.6408274124950507
7,dm_eig0,1,2.18,100,4,132,10,10,13,1.3,0.7995867768595041,0.8059665308372604
7,dm_eig0,1,2.18,100,5,132,10,10,12,1.2,0.5247933884297521,0.6319330209731429
7,dm_eig0,1,2.18,100,6,131,10,10,13,1.3,0.7385350504049879,0.8320416914409663
7,dm_eig0,1,2.18,100,7,131,10,10,14,1.4,0.718897500145679,0.8179458731872556
7,dm_eig0,1,2.18,100,8,131,10,10,9,0.9,0.22982343686265366,0.8575386280877866
7,dm_eig0,2,2.32,100,0,131,10,10,13,1.3,0.6658120156168056,0.5466676564670909
7,dm_eig0,2,2.32,100,1,131,10,10,11,1.1,0.5428588077617856,0.8191670041306212
7,dm_eig0,2,2.32,100,2,131,10,10,14,1.4,0.7221607132451489,0.7783614399976664
7,dm_eig0,2,2.32,100,3,132,10,10,12,1.2,0.5330578512396694,0.7176381024856062
7,dm_eig0,2,2.32,100,4,132,10,10,13,1.3,0.563820018365473,0.7272901916541215
7,dm_eig0,2,2.32,100,5,132,10,10,12,1.2,0.6432506887052342,0.7596139734829048
7,dm_eig0,2,2.32,100,6,131,10,10,14,1.4,0.7107394673970046,0.7466975004604871
7,dm_eig0,2,2.32,100,7,131,10,10,16,1.6,0.5840568731425908,0.65598413327527
7,dm_eig0,2,2.32,100,8,131,10,10,11,1.1,0.49542567449449354,0.8419965492545087
8,xcoord,0,2.22,100,0,131,10,10,13,1.3,0.7945923897208786,0.8504174574486544
8,xcoord,0,2.22,100,1,131,10,10,14,1.4,0.4757881242351844,0.774476019048572
8,xcoord,0,2.22,100,2,131,10,10,11,1.1,0.19800710914282388,0.7174996368526364
8,xcoord,0,2.22,100,3,132,10,10,13,1.3,0.5444214876033059,0.8621813576615096
8,xcoord,0,2.22,100,4,132,10,10,10,1.0,0.20179063360881544,0.8243813196260306
8,xcoord,0,2.22,100,5,132,10,10,13,1.3,0.29671717171717177,0.7834162355867834
8,xcoord,0,2.22,100,6,131,10,10,11,1.1,0.32107686032282506,0.7923733312050261
8,xcoord,0,2.22,100,7,131,10,10,13,1.3,0.20523279529164967,0.673247791866166
8,xcoord,0,2.22,100,8,131,10,10,13,1.3,0.5536973369850242,0.7636756969112988
8,xcoord,1,2.24,100,0,131,10,10,14,1.4,0.2799953382670007,0.5899444674913147
8,xcoord,1,2.24,100,1,131,10,10,14,1.4,0.47905133733465405,0.7432189548465608
8,xcoord,1,2.24,100,2,131,10,10,11,1.1,0.19544315599324052,0.7106976531301133
8,xcoord,1,2.24,100,3,132,10,10,13,1.3,0.5444214876033059,0.8621813576615096
8,xcoord,1,2.24,100,4,132,10,10,10,1.0,0.16965105601469238,0.8224852866960014
8,xcoord,1,2.24,100,5,132,10,10,13,1.3,0.23852157943067037,0.7377475179107894
8,xcoord,1,2.24,100,6,131,10,10,11,1.1,0.32492279004720004,0.7890379110071801
8,xcoord,1,2.24,100,7,131,10,10,13,1.3,0.25674494493327893,0.7219180663579354
8,xcoord,1,2.24,100,8,131,10,10,13,1.3,0.35219392809276845,0.6497096096333006
8,xcoord,2,2.24,100,0,131,10,10,14,1.4,0.24736320727230338,0.5767078172914673
8,xcoord,2,2.24,100,1,131,10,10,14,1.4,0.47252491113571454,0.7544737321576724
8,xcoord,2,2.24,100,2,131,10,10,12,1.2,0.2062234135539887,0.7124776860316986
8,xcoord,2,2.24,100,3,132,10,10,14,1.4,0.3032598714416896,0.6934765491421553
8,xcoord,2,2.24,100,4,132,10,10,10,1.0,0.1696510560146924,0.8332324660973571
8,xcoord,2,2.24,100,5,132,10,10,12,1.2,0.2258953168044077,0.7780046862352054
8,xcoord,2,2.24,100,6,131,10,10,10,1.0,0.2907173241652585,0.8297130872189149
8,xcoord,2,2.24,100,7,131,10,10,13,1.3,0.18705203659460404,0.6558258257810143
8,xcoord,2,2.24,100,8,131,10,10,13,1.3,0.4355224054542276,0.7230360025158568
8,knn_k1,0,1.98,100,0,131,10,10,10,1.0,0.052968941203892554,1.0
8,knn_k1,0,1.98,100,1,131,10,10,10,1.0,0.13105296894120388,1.0
8,knn_k1,0,1.98,100,2,131,10,10,12,1.2,0.29852572693898954,0.8866618588270329
8,knn_k1,0,1.98,100,3,132,10,10,11,1.1,0.18308080808080807,0.9244042912761787
8,knn_k1,0,1.98,100,4,132,10,10,13,1.3,0.2564279155188246,0.9022468525883441
8,knn_k1,0,1.98,100,5,132,10,10,13,1.3,0.24001377410468325,0.9023210886351953
8,knn_k1,0,1.98,100,6,131,10,10,10,1.0,0.07278130645067304,1.0
8,knn_k1,0,1.98,100,7,131,10,10,10,1.0,0.2650777926694249,1.0
8,knn_k1,0,1.98,100,8,131,10,10,10,1.0,0.0564652409533244,1.0
8,knn_k1,1,1.98,100,0,131,10,10,11,1.1,0.14544606957636502,0.9834991454437061
8,knn_k1,1,1.98,100,1,131,10,10,11,1.1,0.20826292174115724,0.928058567001004
8,knn_k1,1,1.98,100,2,131,10,10,10,1.0,0.21962589592681084,1.0
8,knn_k1,1,1.98,100,3,132,10,10,10,1.0,0.0915977961432507,1.0
8,knn_k1,1,1.98,100,4,132,10,10,10,1.0,0.05142332415059689,1.0
8,knn_k1,1,1.98,100,5,132,10,10,10,1.0,0.03879706152433426,1.0
8,knn_k1,1,1.98,100,6,131,10,10,10,1.0,0.07278130645067304,1.0
8,knn_k1,1,1.98,100,7,131,10,10,12,1.2,0.47893479400967315,0.9548309467821182
8,knn_k1,1,1.98,100,8,131,10,10,15,1.5,0.2577938348581086,0.712156789324097
8,knn_k1,2,1.94,100,0,131,10,10,10,1.0,0.052968941203892554,1.0
8,knn_k1,2,1.94,100,1,131,10,10,10,1.0,0.1310529689412039,1.0
8,knn_k1,2,1.94,100,2,131,10,10,12,1.2,0.35166948313035373,0.9115900236952946
8,knn_k1,2,1.94,100,3,132,10,10,12,1.2,0.17768595041322313,0.8656641629970492
8,knn_k1,2,1.94,100,4,132,10,10,10,1.0,0.05142332415059688,1.0
8,knn_k1,2,1.94,100,5,132,10,10,10,1.0,0.03879706152433426,1.0
8,knn_k1,2,1.94,100,6,131,10,10,10,1.0,0.07278130645067304,1.0
8,knn_k1,2,1.94,100,7,131,10,10,10,1.0,0.2650777926694249,1.0
8,knn_k1,2,1.94,100,8,131,10,10,13,1.3,0.2370491230114795,0.8567351595578028
8,dtm_k10,0,1.94,100,0,131,10,10,12,1.2,0.2831420080414895,0.9052867285938073
8,dtm_k10,0,1.94,100,1,131,10,10,10,1.0,0.09842083794650662,1.0
8,dtm_k10,0,1.94,100,2,131,10,10,10,1.0,0.14037643493968885,1.0
8,dtm_k10,0,1.94,100,3,132,10,10,10,1.0,0.07323232323232325,1.0
8,dtm_k10,0,1.94,100,4,132,10,10,11,1.1,0.18686868686868688,0.9713908864828563
8,dtm_k10,0,1.94,100,5,132,10,10,10,1.0,0.04568411386593206,1.0
8,dtm_k10,0,1.94,100,6,131,10,10,10,1.0,0.08909737194802168,1.0
8,dtm_k10,0,1.94,100,7,131,10,10,10,1.0,0.08909737194802167,1.0
8,dtm_k10,0,1.94,100,8,131,10,10,14,1.4,0.408892255696055,0.8688356733719226
8,dtm_k10,1,2.14,100,0,131,10,10,12,1.2,0.20482489365421594,0.8414199156108546
8,dtm_k10,1,2.14,100,1,131,10,10,10,1.0,0.09842083794650662,1.0
8,dtm_k10,1,2.14,100,2,131,10,10,10,1.0,0.14037643493968885,1.0
8,dtm_k10,1,2.14,100,3,132,10,10,11,1.1,0.14267676767676768,0.9597627270141795
8,dtm_k10,1,2.14,100,4,132,10,10,10,1.0,0.1019283746556474,1.0
8,dtm_k10,1,2.14,100,5,132,10,10,10,1.0,0.04568411386593205,1.0
8,dtm_k10,1,2.14,100,6,131,10,10,12,1.2,0.26216420954489833,0.9376764340940961
8,dtm_k10,1,2.14,100,7,131,10,10,16,1.6,0.3901287803741041,0.738498902316099
8,dtm_k10,1,2.14,100,8,131,10,10,16,1.6,0.6250801235359245,0.8627088353846779
8,dtm_k10,2,1.9,100,0,131,10,10,10,1.0,0.15902336693665872,1.0
8,dtm_k10,2,1.9,100,1,131,10,10,10,1.0,0.09842083794650662,1.0
8,dtm_k10,2,1.9,100,2,131,10,10,10,1.0,0.14037643493968885,1.0
8,dtm_k10,2,1.9,100,3,132,10,10,10,1.0,0.07323232323232325,1.0
8,dtm_k10,2,1.9,100,4,132,10,10,10,1.0,0.1088154269972452,1.0
8,dtm_k10,2,1.9,100,5,132,10,10,10,1.0,0.04568411386593205,1.0
8,dtm_k10,2,1.9,100,6,131,10,10,10,1.0,0.08909737194802167,1.0
8,dtm_k10,2,1.9,100,7,131,10,10,10,1.0,0.08909737194802167,1.0
8,dtm_k10,2,1.9,100,8,131,10,10,15,1.5,0.39589767496066663,0.8169514571136355
8,random,0,1.88,100,0,131,10,10,10,1.0,0.03548744245673329,1.0
8,random,0,1.88,100,1,131,10,10,10,1.0,0.06695414020161997,1.0
8,random,0,1.88,100,2,131,10,10,10,1.0,0.040149175455975766,1.0
8,random,0,1.88,100,3,132,10,10,10,1.0,0.05027548209366393,1.0
8,random,0,1.88,100,4,132,10,10,10,1.0,0.019283746556473833,1.0
8,random,0,1.88,100,5,132,10,10,12,1.2,0.20523415977961432,0.9256495037769942
8,random,0,1.88,100,6,131,10,10,12,1.2,0.19083969465648856,0.8780084782658237
8,random,0,1.88,100,7,131,10,10,10,1.0,0.11007517044461279,1.0
8,random,0,1.88,100,8,131,10,10,10,1.0,0.030825709457490826,1.0
8,random,1,1.8,100,0,131,10,10,10,1.0,0.05180350795408193,1.0
8,random,1,1.8,100,1,131,10,10,10,1.0,0.13454926869063574,1.0
8,random,1,1.8,100,2,131,10,10,10,1.0,0.06462327370199872,1.0
8,random,1,1.8,100,3,132,10,10,10,1.0,0.06404958677685951,1.0
8,random,1,1.8,100,4,132,10,10,10,1.0,0.013544536271809,1.0
8,random,1,1.8,100,5,132,10,10,10,1.0,0.0674931129476584,1.0
8,random,1,1.8,100,6,131,10,10,10,1.0,0.033156575957112064,1.0
8,random,1,1.8,100,7,131,10,10,10,1.0,0.10424800419555968,1.0
8,random,1,1.8,100,8,131,10,10,10,1.0,0.07511217295029426,1.0
8,random,2,2.0,100,0,131,10,10,10,1.0,0.07627760620010489,1.0
8,random,2,2.0,100,1,131,10,10,10,1.0,0.024998543208437737,1.0
8,random,2,2.0,100,2,131,10,10,10,1.0,0.07744303944991551,1.0
8,random,2,2.0,100,3,132,10,10,12,1.2,0.21074380165289255,0.8864982759248042
8,random,2,2.0,100,4,132,10,10,12,1.2,0.1487603305785124,0.8210397431845383
8,random,2,2.0,100,5,132,10,10,13,1.3,0.2788108356290175,0.8845632415078487
8,random,2,2.0,100,6,131,10,10,13,1.3,0.28553114620360126,0.9203900683053006
8,random,2,2.0,100,7,131,10,10,10,1.0,0.13221840219101455,1.0
8,random,2,2.0,100,8,131,10,10,10,1.0,0.03665287570654391,1.0
8,ecc_p1,0,2.52,100,0,131,10,10,18,1.8,0.36880135190256974,0.6145819981967875
8,ecc_p1,0,2.52,100,1,131,10,10,20,2.0,0.5698385874949012,0.6655533065966396
8,ecc_p1,0,2.52,100,2,131,10,10,18,1.8,0.7170328069459821,0.8115441921912177
8,ecc_p1,0,2.52,100,3,132,10,10,14,1.4,0.46877869605142325,0.8740465903530505
8,ecc_p1,0,2.52,100,4,132,10,10,11,1.1,0.29545454545454547,0.9635648771484017
8,ecc_p1,0,2.52,100,5,132,10,10,12,1.2,0.2603305785123967,0.9480466057170757
8,ecc_p1,0,2.52,100,6,131,10,10,11,1.1,0.3544082512674087,0.9830920416434178
8,ecc_p1,0,2.52,100,7,131,10,10,10,1.0,0.1858283316823029,0.9560228691409799
8,ecc_p1,0,2.52,100,8,131,10,10,12,1.2,0.5614474680962649,0.9032752287368557
8,ecc_p1,1,2.36,100,0,131,10,10,16,1.6,0.34537614358137636,0.7336234062696869
8,ecc_p1,1,2.36,100,1,131,10,10,20,2.0,0.5814929199930075,0.6752772574123659
8,ecc_p1,1,2.36,100,2,131,10,10,18,1.8,0.7254239263446185,0.8138509762521063
8,ecc_p1,1,2.36,100,3,132,10,10,10,1.0,0.16850321395775944,1.0
8,ecc_p1,1,2.36,100,4,132,10,10,12,1.2,0.30578512396694213,0.9086029170608213
8,ecc_p1,1,2.36,100,5,132,10,10,10,1.0,0.1088154269972452,1.0
8,ecc_p1,1,2.36,100,6,131,10,10,11,1.1,0.3544082512674087,0.9830920416434178
8,ecc_p1,1,2.36,100,7,131,10,10,10,1.0,0.25808519317056117,0.9916570499838236
8,ecc_p1,1,2.36,100,8,131,10,10,11,1.1,0.5595245032340773,0.9900269500738462
8,ecc_p1,2,2.4,100,0,131,10,10,15,1.5,0.33820872909504107,0.7566442563105339
8,ecc_p1,2,2.4,100,1,131,10,10,22,2.2,0.4191480682943885,0.4730137508293577
8,ecc_p1,2,2.4,100,2,131,10,10,16,1.6,0.5915156459413787,0.8239133851715562
8,ecc_p1,2,2.4,100,3,132,10,10,12,1.2,0.35399449035812675,0.9586864979485916
8,ecc_p1,2,2.4,100,4,132,10,10,11,1.1,0.29545454545454547,0.9941676967299438
8,ecc_p1,2,2.4,100,5,132,10,10,12,1.2,0.2603305785123967,0.9492481865034901
8,ecc_p1,2,2.4,100,6,131,10,10,11,1.1,0.3544082512674087,0.9830920416434178
8,ecc_p1,2,2.4,100,7,131,10,10,10,1.0,0.25808519317056117,0.9916570499838236
8,ecc_p1,2,2.4,100,8,131,10,10,11,1.1,0.5595245032340774,0.9900269500738462
8,gauss_0.1,0,1.98,100,0,131,10,10,14,1.4,0.4039974360468503,0.9195624715269768
8,gauss_0.1,0,1.98,100,1,131,10,10,10,1.0,0.09725540469669601,1.0
8,gauss_0.1,0,1.98,100,2,131,10,10,11,1.1,0.17236757764699026,0.9521775706791178
8,gauss_0.1,0,1.98,100,3,132,10,10,13,1.3,0.31163911845730025,0.9018236038731241
8,gauss_0.1,0,1.98,100,4,132,10,10,10,1.0,0.09044995408631774,1.0
8,gauss_0.1,0,1.98,100,5,132,10,10,11,1.1,0.1755050505050505,0.9772963770457485
8,gauss_0.1,0,1.98,100,6,131,10,10,10,1.0,0.1380455684400676,1.0
8,gauss_0.1,0,1.98,100,7,131,10,10,10,1.0,0.07860847269972614,1.0
8,gauss_0.1,0,1.98,100,8,131,10,10,10,1.0,0.24176912767321254,1.0
8,gauss_0.1,1,2.04,100,0,131,10,10,14,1.4,0.3517860264553347,0.8733788649664885
8,gauss_0.1,1,2.04,100,1,131,10,10,10,1.0,0.097255404696696,1.0
8,gauss_0.1,1,2.04,100,2,131,10,10,11,1.1,0.1723675776469903,0.9521775706791178
8,gauss_0.1,1,2.04,100,3,132,10,10,12,1.2,0.23140495867768596,0.9141743263592259
8,gauss_0.1,1,2.04,100,4,132,10,10,12,1.2,0.1349862258953168,0.7903145309137728
8,gauss_0.1,1,2.04,100,5,132,10,10,11,1.1,0.1755050505050505,0.9772963770457485
8,gauss_0.1,1,2.04,100,6,131,10,10,10,1.0,0.13804556844006763,1.0
8,gauss_0.1,1,2.04,100,7,131,10,10,10,1.0,0.07860847269972614,1.0
8,gauss_0.1,1,2.04,100,8,131,10,10,12,1.2,0.18804265485694305,0.8192072322327
8,gauss_0.1,2,1.94,100,0,131,10,10,12,1.2,0.2341938115494435,0.9333605241097404
8,gauss_0.1,2,1.94,100,1,131,10,10,12,1.2,0.2523745702464892,0.9159355952687139
8,gauss_0.1,2,1.94,100,2,131,10,10,11,1.1,0.14929199930074008,0.9403150793514677
8,gauss_0.1,2,1.94,100,3,132,10,10,11,1.1,0.20833333333333334,0.9900685672047341
8,gauss_0.1,2,1.94,100,4,132,10,10,10,1.0,0.09044995408631774,1.0
8,gauss_0.1,2,1.94,100,5,132,10,10,11,1.1,0.1755050505050505,0.9772963770457485
8,gauss_0.1,2,1.94,100,6,131,10,10,10,1.0,0.1380455684400676,1.0
8,gauss_0.1,2,1.94,100,7,131,10,10,10,1.0,0.07860847269972614,1.0
8,gauss_0.1,2,1.94,100,8,131,10,10,10,1.0,0.24176912767321254,1.0
8,dm_eig0,0,2.36,100,0,131,10,10,11,1.1,0.6466989103199114,0.8658967704798024
8,dm_eig0,0,2.36,100,1,131,10,10,15,1.5,0.4500903210768604,0.7694147471010566
8,dm_eig0,0,2.36,100,2,131,10,10,14,1.4,0.3044694365130236,0.5782935849240833
8,dm_eig0,0,2.36,100,3,132,10,10,14,1.4,0.497704315886134,0.7593533450486745
8,dm_eig0,0,2.36,100,4,132,10,10,12,1.2,0.4903581267217631,0.5840237241028982
8,dm_eig0,0,2.36,100,5,132,10,10,12,1.2,0.40082644628099173,0.8809009919519011
8,dm_eig0,0,2.36,100,6,131,10,10,16,1.6,0.4870928267583474,0.5428008353464568
8,dm_eig0,0,2.36,100,7,131,10,10,12,1.2,0.2118174931530797,0.779241671864604
8,dm_eig0,0,2.36,100,8,131,10,10,12,1.2,0.42579103781830896,0.7902262464571457
8,dm_eig0,1,2.32,100,0,131,10,10,11,1.1,0.5261931122894937,0.8529808450147559
8,dm_eig0,1,2.32,100,1,131,10,10,14,1.4,0.5067886486801467,0.8431257946707066
8,dm_eig0,1,2.32,100,2,131,10,10,13,1.3,0.3234077268224463,0.7815984796635059
8,dm_eig0,1,2.32,100,3,132,10,10,16,1.6,0.4325068870523416,0.6461179594130085
8,dm_eig0,1,2.32,100,4,132,10,10,11,1.1,0.31565656565656564,0.6679910234012021
8,dm_eig0,1,2.32,100,5,132,10,10,12,1.2,0.384297520661157,0.8608488236188607
8,dm_eig0,1,2.32,100,6,131,10,10,13,1.3,0.20826292174115726,0.5723238623179124
8,dm_eig0,1,2.32,100,7,131,10,10,14,1.4,0.3224171085601072,0.6911258854515454
8,dm_eig0,1,2.32,100,8,131,10,10,12,1.2,0.31530796573626246,0.7591113062140279
8,dm_eig0,2,2.36,100,0,131,10,10,12,1.2,0.7600372938639941,0.849556739899534
8,dm_eig0,2,2.36,100,1,131,10,10,15,1.5,0.47980886894703106,0.790834399169338
8,dm_eig0,2,2.36,100,2,131,10,10,14,1.4,0.3697336985024181,0.6024884307848024
8,dm_eig0,2,2.36,100,3,132,10,10,14,1.4,0.5202020202020201,0.8473409532558659
8,dm_eig0,2,2.36,100,4,132,10,10,11,1.1,0.2689393939393939,0.5740163321135441
8,dm_eig0,2,2.36,100,5,132,10,10,12,1.2,0.384297520661157,0.9022645417978615
8,dm_eig0,2,2.36,100,6,131,10,10,16,1.6,0.40877571237107396,0.5198693918495763
8,dm_eig0,2,2.36,100,7,131,10,10,12,1.2,0.3013227667385351,0.8203637456048797
8,dm_eig0,2,2.36,100,8,131,10,10,12,1.2,0.43278363731717273,0.795621561186104
9,xcoord,0,2.28,100,0,131,10,10,12,1.2,0.23699085134898898,0.5506389287943072
9,xcoord,0,2.28,100,1,131,10,10,15,1.5,0.5619719130586798,0.793661011734809
9,xcoord,0,2.28,100,2,131,10,10,13,1.3,0.47188392284831887,0.8100473982987673
9,xcoord,0,2.28,100,3,132,10,10,12,1.2,0.27548209366391185,0.8855261308569601
9,xcoord,0,2.28,100,4,132,10,10,14,1.4,0.6760789715335169,0.8579262496503669
9,xcoord,0,2.28,100,5,132,10,10,12,1.2,0.5798898071625345,0.9590021339422475
9,xcoord,0,2.28,100,6,131,10,10,13,1.3,0.455218227376027,0.7957335414029988
9,xcoord,0,2.28,100,7,131,10,10,11,1.1,0.11211467863178137,0.7861260542724756
9,xcoord,0,2.28,100,8,131,10,10,12,1.2,0.6006060252899018,0.8009981334354105
9,xcoord,1,2.24,100,0,131,10,10,12,1.2,0.7908047316589946,0.7114216284655513
9,xcoord,1,2.24,100,1,131,10,10,14,1.4,0.49699900938173763,0.831322429177184
9,xcoord,1,2.24,100,2,131,10,10,13,1.3,0.33552823262047665,0.753827202404119
9,xcoord,1,2.24,100,3,132,10,10,11,1.1,0.15782828282828282,0.954774086203507
9,xcoord,1,2.24,100,4,132,10,10,14,1.4,0.7789256198347105,0.8073695039687724
9,xcoord,1,2.24,100,5,132,10,10,12,1.2,0.12396694214876033,0.7047389253550279
9,xcoord,1,2.24,100,6,131,10,10,13,1.3,0.5915739176038692,0.828414469197241
9,xcoord,1,2.24,100,7,131,10,10,11,1.1,0.3621001107161587,0.95607826064754
9,xcoord,1,2.24,100,8,131,10,10,12,1.2,0.6453586620826295,0.8561931703836763
9,xcoord,2,2.28,100,0,131,10,10,12,1.2,0.40061767962239964,0.686254636996721
9,xcoord,2,2.28,100,1,131,10,10,15,1.5,0.6126682594254415,0.8315703576637097
9,xcoord,2,2.28,100,2,131,10,10,13,1.3,0.41734164675718205,0.8059236460820787
9,xcoord,2,2.28,100,3,132,10,10,11,1.1,0.1515151515151515,0.9466880520910637
9,xcoord,2,2.28,100,4,132,10,10,14,1.4,0.8174931129476581,0.8344170014806426
9,xcoord,2,2.28,100,5,132,10,10,12,1.2,0.21625344352617082,0.7707380141726411
9,xcoord,2,2.28,100,6,131,10,10,13,1.3,0.4733989860730726,0.7936767380166275
9,xcoord,2,2.28,100,7,131,10,10,12,1.2,0.17545597575898841,0.7766244691462525
9,xcoord,2,2.28,100,8,131,10,10,12,1.2,0.653749781481266,0.8625974106968214
9,knn_k1,0,2.36,100,0,131,10,10,14,1.4,0.3191538954606374,0.8291150143200251
9,knn_k1,0,2.36,100,1,131,10,10,14,1.4,0.288153371015675,0.8456344797772499
9,knn_k1,0,2.36,100,2,131,10,10,12,1.2,0.17825301555853393,0.8472184760694138
9,knn_k1,0,2.36,100,3,132,10,10,13,1.3,0.3056703397612488,0.8666157871875854
9,knn_k1,0,2.36,100,4,132,10,10,10,1.0,0.11914600550964187,1.0
9,knn_k1,0,2.36,100,5,132,10,10,12,1.2,0.162534435261708,0.8778107404349736
9,knn_k1,0,2.36,100,6,131,10,10,16,1.6,0.397587553172892,0.769724126192047
9,knn_k1,0,2.36,100,7,131,10,10,14,1.4,0.3827865509002972,0.883854716657311
9,knn_k1,0,2.36,100,8,131,10,10,13,1.3,0.14766039275100518,0.7924146405187069
9,knn_k1,1,2.4,100,0,131,10,10,12,1.2,0.2509760503467164,0.9026318642483937
9,knn_k1,1,2.4,100,1,131,10,10,13,1.3,0.15372064565002042,0.7868268806224462
9,knn_k1,1,2.4,100,2,131,10,10,13,1.3,0.264320261057048,0.8276404012865738
9,knn_k1,1,2.4,100,3,132,10,10,11,1.1,0.23863636363636365,0.9878940472905055
9,knn_k1,1,2.4,100,4,132,10,10,15,1.5,0.38085399449035817,0.8156645607745057
9,knn_k1,1,2.4,100,5,132,10,10,14,1.4,0.3096877869605142,0.8375782562962774
9,knn_k1,1,2.4,100,6,131,10,10,18,1.8,0.49676592273177556,0.7329439526146195
9,knn_k1,1,2.4,100,7,131,10,10,14,1.4,0.3566808461045394,0.8594665282004548
9,knn_k1,1,2.4,100,8,131,10,10,10,1.0,0.06811957345143058,1.0
9,knn_k1,2,2.28,100,0,131,10,10,11,1.1,0.16595769477303188,0.949511038271552
9,knn_k1,2,2.28,100,1,131,10,10,11,1.1,0.20313501544199056,0.979904591057543
9,knn_k1,2,2.28,100,2,131,10,10,11,1.1,0.16723967134782355,0.983790359530016
9,knn_k1,2,2.28,100,3,132,10,10,12,1.2,0.23829201101928374,0.8674747986303025
9,knn_k1,2,2.28,100,4,132,10,10,15,1.5,0.5289256198347108,0.8742322780377705
9,knn_k1,2,2.28,100,5,132,10,10,13,1.3,0.21613865932047752,0.850422666350858
9,knn_k1,2,2.28,100,6,131,10,10,12,1.2,0.20622341355398868,0.9444695038775699
9,knn_k1,2,2.28,100,7,131,10,10,13,1.3,0.2658353242818018,0.8488869104885532
9,knn_k1,2,2.28,100,8,131,10,10,16,1.6,0.399452246372589,0.7358649530961954
9,dtm_k10,0,2.32,100,0,131,10,10,14,1.4,0.26204766621991726,0.7142499279050639
9,dtm_k10,0,2.32,100,1,131,10,10,11,1.1,0.15698385874949014,0.9165075235653207
9,dtm_k10,0,2.32,100,2,131,10,10,11,1.1,0.17108560107219858,0.9455002434006854
9,dtm_k10,0,2.32,100,3,132,10,10,10,1.0,0.03764921946740129,1.0
9,dtm_k10,0,2.32,100,4,132,10,10,10,1.0,0.09159779614325071,1.0
9,dtm_k10,0,2.32,100,5,132,10,10,10,1.0,0.08585858585858586,1.0
9,dtm_k10,0,2.32,100,6,131,10,10,15,1.5,0.31897908047316603,0.8095191835533027
9,dtm_k10,0,2.32,100,7,131,10,10,14,1.4,0.3991026163976457,0.8488502346689392
9,dtm_k10,0,2.32,100,8,131,10,10,21,2.1,0.26163976458248356,0.46267335328528386
9,dtm_k10,1,2.5,100,0,131,10,10,13,1.3,0.2006876056173883,0.8208174657952434
9,dtm_k10,1,2.5,100,1,131,10,10,13,1.3,0.2703805139560632,0.86836870786696
9,dtm_k10,1,2.5,100,2,131,10,10,14,1.4,0.26041605967018233,0.7839018000097036
9,dtm_k10,1,2.5,100,3,132,10,10,16,1.6,0.3774104683195592,0.7340735748690413
9,dtm_k10,1,2.5,100,4,132,10,10,13,1.3,0.27433425160697883,0.8870629489172709
9,dtm_k10,1,2.5,100,5,132,10,10,10,1.0,0.08585858585858586,1.0
9,dtm_k10,1,2.5,100,6,131,10,10,12,1.2,0.14608705786376086,0.9147046730095372
9,dtm_k10,1,2.5,100,7,131,10,10,14,1.4,0.43336635394207795,0.9039698817493794
9,dtm_k10,1,2.5,100,8,131,10,10,20,2.0,0.6234485169861895,0.6839932300386431
9,dtm_k10,2,2.24,100,0,131,10,10,13,1.3,0.20826292174115732,0.8532804162200266
9,dtm_k10,2,2.24,100,1,131,10,10,12,1.2,0.29712720703921686,0.9374354115872963
9,dtm_k10,2,2.24,100,2,131,10,10,12,1.2,0.29433016723967137,0.940826894633883
9,dtm_k10,2,2.24,100,3,132,10,10,11,1.1,0.1111111111111111,0.9480301216116793
9,dtm_k10,2,2.24,100,4,132,10,10,10,1.0,0.09159779614325071,1.0
9,dtm_k10,2,2.24,100,5,132,10,10,10,1.0,0.08585858585858586,1.0
9,dtm_k10,2,2.24,100,6,131,10,10,10,1.0,0.028494842957869592,1.0
9,dtm_k10,2,2.24,100,7,131,10,10,12,1.2,0.2411864110483072,0.9158494820769081
9,dtm_k10,2,2.24,100,8,131,10,10,22,2.2,0.4550434123885556,0.539039805119808
9,random,0,1.94,100,0,131,10,10,10,1.0,0.07860847269972614,1.0
9,random,0,1.94,100,1,131,10,10,10,1.0,0.07627760620010489,1.0
9,random,0,1.94,100,2,131,10,10,10,1.0,0.040149175455975766,1.0
9,random,0,1.94,100,3,132,10,10,10,1.0,0.04683195592286502,1.0
9,random,0,1.94,100,4,132,10,10,14,1.4,0.39485766758494023,0.9125005965018913
9,random,0,1.94,100,5,132,10,10,13,1.3,0.3414830119375574,0.9094231141734758
9,random,0,1.94,100,6,131,10,10,10,1.0,0.0156750772099528,1.0
9,random,0,1.94,100,7,131,10,10,10,1.0,0.07977390594953676,1.0
9,random,0,1.94,100,8,131,10,10,10,1.0,0.13105296894120388,1.0
9,random,1,2.24,100,0,131,10,10,14,1.4,0.3028378299632888,0.8396885214525472
9,random,1,2.24,100,1,131,10,10,13,1.3,0.1809917836955888,0.8233861191729825
9,random,1,2.24,100,2,131,10,10,11,1.1,0.17621350737136532,0.9845427260955332
9,random,1,2.24,100,3,132,10,10,11,1.1,0.11363636363636363,0.9839723368639341
9,random,1,2.24,100,4,132,10,10,10,1.0,0.022727272727272728,1.0
9,random,1,2.24,100,5,132,10,10,10,1.0,0.029614325068870528,1.0
9,random,1,2.24,100,6,131,10,10,12,1.2,0.14189149816444263,0.8499172270356432
9,random,1,2.24,100,7,131,10,10,15,1.5,0.30149758172600666,0.8029167945962542
9,random,1,2.24,100,8,131,10,10,16,1.6,0.40504632597168,0.7942804739214968
9,random,2,2.02,100,0,131,10,10,10,1.0,0.07161587320086243,1.0
9,random,2,2.02,100,1,131,10,10,10,1.0,0.11473690344385529,1.0
9,random,2,2.02,100,2,131,10,10,10,1.0,0.07161587320086245,1.0
9,random,2,2.02,100,3,132,10,10,12,1.2,0.21487603305785125,0.884581235539352
9,random,2,2.02,100,4,132,10,10,12,1.2,0.17493112947658404,0.8693162217739329
9,random,2,2.02,100,5,132,10,10,10,1.0,0.03764921946740129,1.0
9,random,2,2.02,100,6,131,10,10,13,1.3,0.21129304819066488,0.8647074721421512
9,random,2,2.02,100,7,131,10,10,14,1.4,0.444787599790222,0.8988908955292488
9,random,2,2.02,100,8,131,10,10,10,1.0,0.048307208204650086,1.0
9,ecc_p1,0,2.7,100,0,131,10,10,13,1.3,0.2809859565293398,0.8664846008857142
9,ecc_p1,0,2.7,100,1,131,10,10,18,1.8,0.29747683701415994,0.5520702765633988
9,ecc_p1,0,2.7,100,2,131,10,10,19,1.9,1.0272128663830777,0.756114418071779
9,ecc_p1,0,2.7,100,3,132,10,10,14,1.4,0.7017906336088152,0.9361473460005377
9,ecc_p1,0,2.7,100,4,132,10,10,19,1.9,0.9737144168962351,0.7945989260913292
9,ecc_p1,0,2.7,100,5,132,10,10,15,1.5,0.43422865013774103,0.7647537237938391
9,ecc_p1,0,2.7,100,6,131,10,10,13,1.3,0.455218227376027,0.9484827204759324
9,ecc_p1,0,2.7,100,7,131,10,10,11,1.1,0.22492861721344914,0.8537280345809919
9,ecc_p1,0,2.7,100,8,131,10,10,13,1.3,0.45067303770176564,0.8471221873319451
9,ecc_p1,1,2.72,100,0,131,10,10,18,1.8,0.582774896567799,0.7620935877826782
9,ecc_p1,1,2.72,100,1,131,10,10,17,1.7,0.2788881766796807,0.5393990842392763
9,ecc_p1,1,2.72,100,2,131,10,10,14,1.4,0.7662140900879901,0.9256853178342795
9,ecc_p1,1,2.72,100,3,132,10,10,15,1.5,0.6804407713498621,0.8146587901621889
9,ecc_p1,1,2.72,100,4,132,10,10,21,2.1,1.1019283746556476,0.7594138165654447
9,ecc_p1,1,2.72,100,5,132,10,10,16,1.6,0.371900826446281,0.6231199600948325
9,ecc_p1,1,2.72,100,6,131,10,10,12,1.2,0.26775828914398925,0.8090285439554025
9,ecc_p1,1,2.72,100,7,131,10,10,11,1.1,0.29415535225219985,0.8863384012746506
9,ecc_p1,1,2.72,100,8,131,10,10,12,1.2,0.44676883631490005,0.9336871575815866
9,ecc_p1,2,2.64,100,0,131,10,10,14,1.4,0.37626012470135767,0.8166070461503321
9,ecc_p1,2,2.64,100,1,131,10,10,17,1.7,0.5265427422644368,0.747322353318318
9,ecc_p1,2,2.64,100,2,131,10,10,19,1.9,1.0094982809859565,0.7571669424270178
9,ecc_p1,2,2.64,100,3,132,10,10,13,1.3,0.5921717171717171,0.9484451314772484
9,ecc_p1,2,2.64,100,4,132,10,10,17,1.7,0.7952249770431589,0.8222098928769579
9,ecc_p1,2,2.64,100,5,132,10,10,14,1.4,0.37557392102846643,0.7944490623235884
9,ecc_p1,2,2.64,100,6,131,10,10,14,1.4,0.37626012470135767,0.76212305872699
9,ecc_p1,2,2.64,100,7,131,10,10,13,1.3,0.47491404929782643,0.8444204591197735
9,ecc_p1,2,2.64,100,8,131,10,10,11,1.1,0.43132684575490954,0.9865689947349198
9,gauss_0.1,0,2.2,100,0,131,10,10,21,2.1,0.645883107045044,0.6022558811425046
9,gauss_0.1,0,2.2,100,1,131,10,10,13,1.3,0.21129304819066488,0.8712478009466457
9,gauss_0.1,0,2.2,100,2,131,10,10,10,1.0,0.09259367169745354,1.0
9,gauss_0.1,0,2.2,100,3,132,10,10,10,1.0,0.10651974288337923,1.0
9,gauss_0.1,0,2.2,100,4,132,10,10,10,1.0,0.08815426997245182,1.0
9,gauss_0.1,0,2.2,100,5,132,10,10,11,1.1,0.13005050505050506,0.9142624938112097
9,gauss_0.1,0,2.2,100,6,131,10,10,13,1.3,0.302196841675893,0.86056521088281
9,gauss_0.1,0,2.2,100,7,131,10,10,11,1.1,0.18775129654449046,0.9660545846354196
9,gauss_0.1,0,2.2,100,8,131,10,10,11,1.1,0.14544606957636502,0.9293130959630609
9,gauss_0.1,1,2.34,100,0,131,10,10,17,1.7,0.7048540294854612,0.8133231727664988
9,gauss_0.1,1,2.34,100,1,131,10,10,14,1.4,0.2751005186177961,0.8305206217769433
9,gauss_0.1,1,2.34,100,2,131,10,10,14,1.4,0.408892255696055,0.8839996762867289
9,gauss_0.1,1,2.34,100,3,132,10,10,13,1.3,0.3907254361799817,0.9536515462564644
9,gauss_0.1,1,2.34,100,4,132,10,10,11,1.1,0.15656565656565657,0.9620461205920208
9,gauss_0.1,1,2.34,100,5,132,10,10,12,1.2,0.23140495867768596,0.9194125045032391
9,gauss_0.1,1,2.34,100,6,131,10,10,14,1.4,0.4659984849367751,0.8950990098087991
9,gauss_0.1,1,2.34,100,7,131,10,10,10,1.0,0.11473690344385527,1.0
9,gauss_0.1,1,2.34,100,8,131,10,10,12,1.2,0.2230056523512616,0.8418452466102536
9,gauss_0.1,2,2.64,100,0,131,10,10,29,2.9,1.0058854379115434,0.5122642946654198
9,gauss_0.1,2,2.64,100,1,131,10,10,18,1.8,0.41495250859507016,0.6835766005862504
9,gauss_0.1,2,2.64,100,2,131,10,10,10,1.0,0.09259367169745354,1.0
9,gauss_0.1,2,2.64,100,3,132,10,10,10,1.0,0.10651974288337923,1.0
9,gauss_0.1,2,2.64,100,4,132,10,10,13,1.3,0.2862718089990818,0.8868221897973289
9,gauss_0.1,2,2.64,100,5,132,10,10,10,1.0,0.09504132231404959,1.0
9,gauss_0.1,2,2.64,100,6,131,10,10,16,1.6,0.6082978847386515,0.8321153090811944
9,gauss_0.1,2,2.64,100,7,131,10,10,12,1.2,0.29013460754035314,0.945980878322531
9,gauss_0.1,2,2.64,100,8,131,10,10,14,1.4,0.3942077967484412,0.8148278156322994
9,dm_eig0,0,2.46,100,0,131,10,10,12,1.2,0.3488724433308083,0.6858382028635623
9,dm_eig0,0,2.46,100,1,131,10,10,17,1.7,0.7543849426024123,0.4043335033104222
9,dm_eig0,0,2.46,100,2,131,10,10,12,1.2,0.3432783637317173,0.8427133696773391
9,dm_eig0,0,2.46,100,3,132,10,10,14,1.4,0.27915518824609725,0.6722441212919944
9,dm_eig0,0,2.46,100,4,132,10,10,15,1.5,0.2448347107438016,0.668760922523823
9,dm_eig0,0,2.46,100,5,132,10,10,14,1.4,0.33218549127640024,0.7907340428224494
9,dm_eig0,0,2.46,100,6,131,10,10,11,1.1,0.4761960258726183,0.8925964941578906
9,dm_eig0,0,2.46,100,7,131,10,10,12,1.2,0.3838354408251267,0.6622088805170429
9,dm_eig0,0,2.46,100,8,131,10,10,16,1.6,0.5001456791562263,0.6557232538597156
9,dm_eig0,1,2.36,100,0,131,10,10,13,1.3,0.5067303770176563,0.7096159648295802
9,dm_eig0,1,2.36,100,1,131,10,10,14,1.4,0.6781073364023074,0.7244754641351054
9,dm_eig0,1,2.36,100,2,131,10,10,12,1.2,0.2174115727521706,0.7578320036904375
9,dm_eig0,1,2.36,100,3,132,10,10,14,1.4,0.48806244260789716,0.7751344344803087
9,dm_eig0,1,2.36,100,4,132,10,10,13,1.3,0.335514233241506,0.8496505938098358
9,dm_eig0,1,2.36,100,5,132,10,10,15,1.5,0.33780991735537186,0.7347073671455064
9,dm_eig0,1,2.36,100,6,131,10,10,11,1.1,0.40440533768428416,0.7456164344375696
9,dm_eig0,1,2.36,100,7,131,10,10,13,1.3,0.25977507138278655,0.6276174833213632
9,dm_eig0,1,2.36,100,8,131,10,10,13,1.3,0.36582949711555274,0.530292678857325
9,dm_eig0,2,2.3,100,0,131,10,10,10,1.0,0.3210185886603345,0.8693181191631403
9,dm_eig0,2,2.3,100,1,131,10,10,15,1.5,0.7857350970223181,0.6051259412097763
9,dm_eig0,2,2.3,100,2,131,10,10,11,1.1,0.3185129071732417,0.8440679507741937
9,dm_eig0,2,2.3,100,3,132,10,10,14,1.4,0.3096877869605142,0.6992076033857589
9,dm_eig0,2,2.3,100,4,132,10,10,14,1.4,0.33057851239669417,0.7609477794047189
9,dm_eig0,2,2.3,100,5,132,10,10,13,1.3,0.37132690541781455,0.8569247762898241
9,dm_eig0,2,2.3,100,6,131,10,10,12,1.2,0.7880076918594487,0.8781924356611965
9,dm_eig0,2,2.3,100,7,131,10,10,13,1.3,0.4188567099819359,0.7295977123291841
9,dm_eig0,2,2.3,100,8,131,10,10,13,1.3,0.24765456558475613,0.487153519283618
10,xcoord,0,2.62,100,0,131,10,10,14,1.4,0.5785793368684807,0.8874385415306966
10,xcoord,0,2.62,100,1,131,10,10,14,1.4,0.3289435347590467,0.7926419440417596
10,xcoord,0,2.62,100,2,131,10,10,15,1.5,0.436105122079133,0.6696273696901104
10,xcoord,0,2.62,100,3,132,10,10,14,1.4,0.45110192837465557,0.880851146930128
10,xcoord,0,2.62,100,4,132,10,10,15,1.5,0.4807162534435261,0.8079783954453413
10,xcoord,0,2.62,100,5,132,10,10,11,1.1,0.17803030303030304,0.8261589524831499
10,xcoord,0,2.62,100,6,131,10,10,15,1.5,0.41163102383311,0.8132375272842038
10,xcoord,0,2.62,100,7,131,10,10,18,1.8,0.7170328069459821,0.7853375431064823
10,xcoord,0,2.62,100,8,131,10,10,15,1.5,0.5392459646873727,0.6175132398001372
10,xcoord,1,2.54,100,0,131,10,10,13,1.3,0.40067595128489003,0.8140437451911059
10,xcoord,1,2.54,100,1,131,10,10,13,1.3,0.27189557718081697,0.8439991839621557
10,xcoord,1,2.54,100,2,131,10,10,15,1.5,0.3889050754618029,0.6713409963231994
10,xcoord,1,2.54,100,3,132,10,10,13,1.3,0.4250459136822774,0.9081024572960057
10,xcoord,1,2.54,100,4,132,10,10,13,1.3,0.2579201101928375,0.7969324354360733
10,xcoord,1,2.54,100,5,132,10,10,12,1.2,0.1349862258953168,0.8529663065178248
10,xcoord,1,2.54,100,6,131,10,10,18,1.8,0.3037701765631373,0.5899146579323997
10,xcoord,1,2.54,100,7,131,10,10,15,1.5,0.6371423576714645,0.8858779365606216
10,xcoord,1,2.54,100,8,131,10,10,15,1.5,0.4745644193228833,0.6632779537899005
10,xcoord,2,2.68,100,0,131,10,10,14,1.4,0.4235767146436686,0.7453653074295213
10,xcoord,2,2.68,100,1,131,10,10,14,1.4,0.37789173125109254,0.8557211047397597
10,xcoord,2,2.68,100,2,131,10,10,15,1.5,0.4081347240836781,0.7696754427158716
10,xcoord,2,2.68,100,3,132,10,10,14,1.4,0.41574839302112027,0.7648703152919366
10,xcoord,2,2.68,100,4,132,10,10,17,1.7,0.6098484848484849,0.7805064711353062
10,xcoord,2,2.68,100,5,132,10,10,12,1.2,0.10330578512396695,0.8275013821791478
10,xcoord,2,2.68,100,6,131,10,10,16,1.6,0.2950294271895577,0.6804848372265825
10,xcoord,2,2.68,100,7,131,10,10,15,1.5,0.5724608123069753,0.8537004474683081
10,xcoord,2,2.68,100,8,131,10,10,17,1.7,0.700891556436105,0.6094100130005297
10,knn_k1,0,3.58,100,0,131,10,10,21,2.1,0.5920400909037936,0.5699110920111177
10,knn_k1,0,3.58,100,1,131,10,10,18,1.8,0.5680904376201853,0.7301283973387248
10,knn_k1,0,3.58,100,2,131,10,10,16,1.6,0.4311520307674378,0.8060411324362289
10,knn_k1,0,3.58,100,3,132,10,10,19,1.9,0.5179063360881543,0.6894380093167537
10,knn_k1,0,3.58,100,4,132,10,10,21,2.1,0.4559228650137742,0.5765532982688677
10,knn_k1,0,3.58,100,5,132,10,10,15,1.5,0.35330578512396693,0.7157071297344706
10,knn_k1,0,3.58,100,6,131,10,10,18,1.8,0.6037526950643901,0.7225942407067046
10,knn_k1,0,3.58,100,7,131,10,10,23,2.3,0.7356214672804615,0.6404282712753353
10,knn_k1,0,3.58,100,8,131,10,10,28,2.8,0.4537614358137637,0.38346264601914776
10,knn_k1,1,3.54,100,0,131,10,10,17,1.7,0.47106811957345135,0.6472642827601608
10,knn_k1,1,3.54,100,1,131,10,10,18,1.8,0.5722859973195035,0.7152456349873288
10,knn_k1,1,3.54,100,2,131,10,10,14,1.4,0.3093642561622283,0.853482037000364
10,knn_k1,1,3.54,100,3,132,10,10,19,1.9,0.3652433425160698,0.6198288242475241
10,knn_k1,1,3.54,100,4,132,10,10,20,2.0,0.3682277318640955,0.5471147081097633
10,knn_k1,1,3.54,100,5,132,10,10,19,1.9,0.5331726354453626,0.6620673306092485
10,knn_k1,1,3.54,100,6,131,10,10,18,1.8,0.5303304003263213,0.6968953378261047
10,knn_k1,1,3.54,100,7,131,10,10,25,2.5,0.6272361750480742,0.5338965907062534
10,knn_k1,1,3.54,100,8,131,10,10,27,2.7,0.7007750131111239,0.4737955458369976
10,knn_k1,2,3.32,100,0,131,10,10,15,1.5,0.2036011887419148,0.6469040448750838
10,knn_k1,2,3.32,100,1,131,10,10,17,1.7,0.40172484120971963,0.7225822499121602
10,knn_k1,2,3.32,100,2,131,10,10,20,2.0,0.37171493502709635,0.5311275666259706
10,knn_k1,2,3.32,100,3,132,10,10,18,1.8,0.5247933884297522,0.7651159118989197
10,knn_k1,2,3.32,100,4,132,10,10,13,1.3,0.23702938475665755,0.8683977812437491
10,knn_k1,2,3.32,100,5,132,10,10,15,1.5,0.48415977961432505,0.8412089277267095
10,knn_k1,2,3.32,100,6,131,10,10,18,1.8,0.7002505681487092,0.7887880499311275
10,knn_k1,2,3.32,100,7,131,10,10,24,2.4,0.8026921508070627,0.6481884945287718
10,knn_k1,2,3.32,100,8,131,10,10,26,2.6,0.7105063807470426,0.5022174828600949
10,dtm_k10,0,2.72,100,0,131,10,10,12,1.2,0.20342637375444325,0.9039848486625309
10,dtm_k10,0,2.72,100,1,131,10,10,14,1.4,0.4056290425965853,0.8489013269252895
10,dtm_k10,0,2.72,100,2,131,10,10,15,1.5,0.4780607190723151,0.8342170888162586
10,dtm_k10,0,2.72,100,3,132,10,10,16,1.6,0.43067033976124885,0.7328642341324674
10,dtm_k10,0,2.72,100,4,132,10,10,12,1.2,0.2630853994490358,0.9713467871682036
10,dtm_k10,0,2.72,100,5,132,10,10,14,1.4,0.3000459136822772,0.7908192955492085
10,dtm_k10,0,2.72,100,6,131,10,10,15,1.5,0.3521939280927686,0.7524643072279354
10,dtm_k10,0,2.72,100,7,131,10,10,23,2.3,0.41664238680729554,0.5100760345100321
10,dtm_k10,0,2.72,100,8,131,10,10,15,1.5,0.32072723034788186,0.7892607897009112
10,dtm_k10,1,2.84,100,0,131,10,10,12,1.2,0.14468853796398812,0.8673887432276695
10,dtm_k10,1,2.84,100,1,131,10,10,13,1.3,0.3749198764640756,0.8893643271769897
10,dtm_k10,1,2.84,100,2,131,10,10,11,1.1,0.14801002272594838,0.9500203930823052
10,dtm_k10,1,2.84,100,3,132,10,10,18,1.8,0.48140495867768607,0.6729624006611132
10,dtm_k10,1,2.84,100,4,132,10,10,13,1.3,0.3161157024793389,0.9328008307017366
10,dtm_k10,1,2.84,100,5,132,10,10,16,1.6,0.44352617079889806,0.7742181138059357
10,dtm_k10,1,2.84,100,6,131,10,10,18,1.8,0.3960724899481382,0.6030765222599703
10,dtm_k10,1,2.84,100,7,131,10,10,15,1.5,0.4221199230814055,0.8661142470793566
10,dtm_k10,1,2.84,100,8,131,10,10,26,2.6,0.38628285064972906,0.3836581716305532
10,dtm_k10,2,3.0,100,0,131,10,10,13,1.3,0.34613367519375327,0.915933008699568
10,dtm_k10,2,3.0,100,1,131,10,10,16,1.6,0.49641629275683236,0.7800211180874826
10,dtm_k10,2,3.0,100,2,131,10,10,16,1.6,0.27078841559349687,0.6391507666958733
10,dtm_k10,2,3.0,100,3,132,10,10,15,1.5,0.3601928374655647,0.7735922846861437
10,dtm_k10,2,3.0,100,4,132,10,10,13,1.3,0.3235766758494031,0.9289386620139388
10,dtm_k10,2,3.0,100,5,132,10,10,14,1.4,0.2679063360881542,0.7794956902461974
10,dtm_k10,2,3.0,100,6,131,10,10,20,2.0,0.667734980478993,0.6687177952549728
10,dtm_k10,2,3.0,100,7,131,10,10,22,2.2,0.42171202144397174,0.5041590874661125
10,dtm_k10,2,3.0,100,8,131,10,10,21,2.1,0.6238564186236234,0.6517817528815343
10,random,0,3.54,100,0,131,10,10,22,2.2,0.5755492104189733,0.5856613951332367
10,random,0,3.54,100,1,131,10,10,20,2.0,0.4905891265077793,0.6407132956297884
10,random,0,3.54,100,2,131,10,10,19,1.9,0.4271312860555912,0.6782809142441705
10,random,0,3.54,100,3,132,10,10,21,2.1,0.5354683195592287,0.6000169410906153
10,random,0,3.54,100,4,132,10,10,20,2.0,0.6391184573002756,0.6597852847258254
10,random,0,3.54,100,5,132,10,10,22,2.2,0.6464646464646465,0.5970499647705766
10,random,0,3.54,100,6,131,10,10,19,1.9,0.6264203717732066,0.7545273865784913
10,random,0,3.54,100,7,131,10,10,16,1.6,0.33045859798380045,0.6988107236980127
10,random,0,3.54,100,8,131,10,10,18,1.8,0.44012586679097954,0.6855699666641117
10,random,1,3.2,100,0,131,10,10,19,1.9,0.36734456034030655,0.6256214236342112
10,random,1,3.2,100,1,131,10,10,15,1.5,0.4203717732066897,0.8453534752409491
10,random,1,3.2,100,2,131,10,10,16,1.6,0.4572577355631956,0.8028553211443235
10,random,1,3.2,100,3,132,10,10,14,1.4,0.3305785123966942,0.8496182774316918
10,random,1,3.2,100,4,132,10,10,15,1.5,0.368801652892562,0.8127598477688678
10,random,1,3.2,100,5,132,10,10,22,2.2,0.6212121212121212,0.5931264526843618
10,random,1,3.2,100,6,131,10,10,18,1.8,0.6520016316065497,0.7934137255325463
10,random,1,3.2,100,7,131,10,10,20,2.0,0.5232212575024766,0.6482219952384026
10,random,1,3.2,100,8,131,10,10,21,2.1,0.4231688130062351,0.5503297255098878
10,random,2,3.12,100,0,131,10,10,19,1.9,0.48913233494551606,0.66190365139568
10,random,2,3.12,100,1,131,10,10,13,1.3,0.2900763358778626,0.9380921262834786
10,random,2,3.12,100,2,131,10,10,16,1.6,0.3565643027795583,0.7633220734819312
10,random,2,3.12,100,3,132,10,10,21,2.1,0.5740358126721763,0.6493730493838836
10,random,2,3.12,100,4,132,10,10,25,2.5,0.5467171717171716,0.49301961570729547
10,random,2,3.12,100,5,132,10,10,19,1.9,0.6574839302112027,0.7672779380639404
10,random,2,3.12,100,6,131,10,10,13,1.3,0.19917254239263446,0.8453861955009567
10,random,2,3.12,100,7,131,10,10,12,1.2,0.2481790105471709,0.8911753893696276
10,random,2,3.12,100,8,131,10,10,18,1.8,0.48627702348347995,0.6906130400210666
10,ecc_p1,0,3.08,100,0,131,10,10,17,1.7,0.4472932812773149,0.7598133387544977
10,ecc_p1,0,3.08,100,1,131,10,10,20,2.0,0.369384068527475,0.5535124414086748
10,ecc_p1,0,3.08,100,2,131,10,10,20,2.0,0.37404580152671757,0.5493141073718336
10,ecc_p1,0,3.08,100,3,132,10,10,22,2.2,0.7777777777777778,0.6260202080875605
10,ecc_p1,0,3.08,100,4,132,10,10,20,2.0,1.0684113865932048,0.6666783007408168
10,ecc_p1,0,3.08,100,5,132,10,10,16,1.6,0.7043158861340679,0.8997491488611665
10,ecc_p1,0,3.08,100,6,131,10,10,13,1.3,0.37795000291358316,0.8862902369922736
10,ecc_p1,0,3.08,100,7,131,10,10,13,1.3,0.593088980828623,0.9440045480791226
10,ecc_p1,0,3.08,100,8,131,10,10,13,1.3,0.8415593496882467,0.9137663827104764
10,ecc_p1,1,3.0,100,0,131,10,10,18,1.8,0.5534059786725717,0.8031930412856259
10,ecc_p1,1,3.0,100,1,131,10,10,18,1.8,0.37089913175222883,0.6224008359618856
10,ecc_p1,1,3.0,100,2,131,10,10,23,2.3,0.3657129537905716,0.45117390087178944
10,ecc_p1,1,3.0,100,3,132,10,10,17,1.7,0.6937557392102847,0.7855453608830932
10,ecc_p1,1,3.0,100,4,132,10,10,19,1.9,0.9867998163452709,0.6764970871039756
10,ecc_p1,1,3.0,100,5,132,10,10,14,1.4,0.4912764003673095,0.9030386050418896
10,ecc_p1,1,3.0,100,6,131,10,10,12,1.2,0.20482489365421594,0.8473107847588335
10,ecc_p1,1,3.0,100,7,131,10,10,14,1.4,0.6210011071615872,0.8929617199229432
10,ecc_p1,1,3.0,100,8,131,10,10,15,1.5,0.999009381737661,0.8572808871927349
10,ecc_p1,2,2.92,100,0,131,10,10,17,1.7,0.5166365596410465,0.8067354104921647
10,ecc_p1,2,2.92,100,1,131,10,10,18,1.8,0.2639123594196142,0.5957974466055276
10,ecc_p1,2,2.92,100,2,131,10,10,24,2.4,0.7215779966202437,0.5751023095683806
10,ecc_p1,2,2.92,100,3,132,10,10,19,1.9,0.3347107438016529,0.47617736299439967
10,ecc_p1,2,2.92,100,4,132,10,10,17,1.7,0.8127869605142334,0.6746537901486843
10,ecc_p1,2,2.92,100,5,132,10,10,14,1.4,0.5426997245179063,0.9332157052374442
10,ecc_p1,2,2.92,100,6,131,10,10,11,1.1,0.2582600081580328,0.9736426892476862
10,ecc_p1,2,2.92,100,7,131,10,10,13,1.3,0.5279412621642094,0.899847806769529
10,ecc_p1,2,2.92,100,8,131,10,10,13,1.3,0.8188334013169395,0.8857425886925432
10,gauss_0.1,0,3.1,100,0,131,10,10,25,2.5,0.6651127556669191,0.5675029797405858
10,gauss_0.1,0,3.1,100,1,131,10,10,28,2.8,0.6854495658761143,0.48274355583456235
10,gauss_0.1,0,3.1,100,2,131,10,10,21,2.1,0.670357205291067,0.6994539898812804
10,gauss_0.1,0,3.1,100,3,132,10,10,11,1.1,0.22095959595959594,0.9780844433598165
10,gauss_0.1,0,3.1,100,4,132,10,10,14,1.4,0.5202020202020201,0.8859734170567891
10,gauss_0.1,0,3.1,100,5,132,10,10,16,1.6,0.3884297520661157,0.7207543946284832
10,gauss_0.1,0,3.1,100,6,131,10,10,14,1.4,0.3762601247013577,0.8506191673239296
10,gauss_0.1,0,3.1,100,7,131,10,10,13,1.3,0.2840160829788474,0.8501233558612945
10,gauss_0.1,0,3.1,100,8,131,10,10,13,1.3,0.42188683643144337,0.9120804878429937
10,gauss_0.1,1,2.9,100,0,131,10,10,22,2.2,0.6037526950643903,0.6564508653811815
10,gauss_0.1,1,2.9,100,1,131,10,10,24,2.4,0.34957170328069465,0.44978385401802107
10,gauss_0.1,1,2.9,100,2,131,10,10,18,1.8,0.5932637958160946,0.7627545283097512
10,gauss_0.1,1,2.9,100,3,132,10,10,14,1.4,0.43985307621671244,0.9062961498905665
10,gauss_0.1,1,2.9,100,4,132,10,10,14,1.4,0.26147842056932963,0.7453671863631711
10,gauss_0.1,1,2.9,100,5,132,10,10,12,1.2,0.19834710743801653,0.9168517192692468
10,gauss_0.1,1,2.9,100,6,131,10,10,15,1.5,0.4745644193228834,0.8429857770222493
10,gauss_0.1,1,2.9,100,7,131,10,10,14,1.4,0.4708933045859797,0.887642115389254
10,gauss_0.1,1,2.9,100,8,131,10,10,12,1.2,0.29992424683876234,0.9030404790604892
10,gauss_0.1,2,3.18,100,0,131,10,10,22,2.2,0.5114503816793893,0.6046911228471601
10,gauss_0.1,2,3.18,100,1,131,10,10,24,2.4,0.4306858574675136,0.48700266141408666
10,gauss_0.1,2,3.18,100,2,131,10,10,20,2.0,0.6048015849892198,0.697942970631968
10,gauss_0.1,2,3.18,100,3,132,10,10,20,2.0,0.6437098255280074,0.6613624065853932
10,gauss_0.1,2,3.18,100,4,132,10,10,17,1.7,0.5669191919191918,0.7562505609137514
10,gauss_0.1,2,3.18,100,5,132,10,10,13,1.3,0.29970156106519746,0.9544848005720242
10,gauss_0.1,2,3.18,100,6,131,10,10,14,1.4,0.37462851815162274,0.8278464804393975
10,gauss_0.1,2,3.18,100,7,131,10,10,15,1.5,0.3871569255870871,0.7899662364112883
10,gauss_0.1,2,3.18,100,8,131,10,10,14,1.4,0.28162694481673556,0.767743990702105
10,dm_eig0,0,2.6,100,0,131,10,10,13,1.3,0.2340189965619719,0.7472391656144969
10,dm_eig0,0,2.6,100,1,131,10,10,17,1.7,0.738535050404988,0.7264233291000034
10,dm_eig0,0,2.6,100,2,131,10,10,13,1.3,0.8976166890041373,0.9373525106543723
10,dm_eig0,0,2.6,100,3,132,10,10,15,1.5,0.4393939393939393,0.7754397812122203
10,dm_eig0,0,2.6,100,4,132,10,10,15,1.5,0.8749999999999999,0.85779756840571
10,dm_eig0,0,2.6,100,5,132,10,10,13,1.3,0.05796602387511479,0.6050232509572702
10,dm_eig0,0,2.6,100,6,131,10,10,17,1.7,1.105063807470427,0.7535667149199997
10,dm_eig0,0,2.6,100,7,131,10,10,13,1.3,0.3643144338907989,0.8233457642924978
10,dm_eig0,0,2.6,100,8,131,10,10,14,1.4,0.28162694481673556,0.5413900113332265
10,dm_eig0,1,2.6,100,0,131,10,10,13,1.3,0.33704329584523046,0.7910118963122361
10,dm_eig0,1,2.6,100,1,131,10,10,13,1.3,0.20068760561738827,0.7051095364610368
10,dm_eig0,1,2.6,100,2,131,10,10,15,1.5,0.8783870403822622,0.7449602034538045
10,dm_eig0,1,2.6,100,3,132,10,10,16,1.6,0.5463728191000918,0.7977183637304964
10,dm_eig0,1,2.6,100,4,132,10,10,13,1.3,0.5041322314049588,0.858717054460719
10,dm_eig0,1,2.6,100,5,132,10,10,15,1.5,0.2741046831955922,0.6794524505390271
10,dm_eig0,1,2.6,100,6,131,10,10,17,1.7,0.8395781131635686,0.5201955958963214
10,dm_eig0,1,2.6,100,7,131,10,10,13,1.3,0.48703455509585697,0.9371745217757007
10,dm_eig0,1,2.6,100,8,131,10,10,15,1.5,0.4081347240836781,0.5208398571325639
10,dm_eig0,2,2.54,100,0,131,10,10,11,1.1,0.13262630382844826,0.8006803410214706
10,dm_eig0,2,2.54,100,1,131,10,10,14,1.4,0.4692616980362449,0.7791572176504934
10,dm_eig0,2,2.54,100,2,131,10,10,13,1.3,0.8339840335644777,0.912986153959792
10,dm_eig0,2,2.54,100,3,132,10,10,17,1.7,0.4888659320477503,0.7076544085229778
10,dm_eig0,2,2.54,100,4,132,10,10,14,1.4,0.5635904499540862,0.8115051439111263
10,dm_eig0,2,2.54,100,5,132,10,10,15,1.5,0.2913223140495867,0.7069745249501865
10,dm_eig0,2,2.54,100,6,131,10,10,15,1.5,0.7140609521589653,0.7005506771260414
10,dm_eig0,2,2.54,100,7,131,10,10,14,1.4,0.3729969116018879,0.8038835125981594
10,dm_eig0,2,2.54,100,8,131,10,10,14,1.4,0.33710156750772097,0.5425945517066295
11,xcoord,0,2.82,100,0,131,10,10,22,2.2,0.6319561797098072,0.5764569400767929
11,xcoord,0,2.82,100,1,131,10,10,15,1.5,0.41512732358254184,0.8184227992433899
11,xcoord,0,2.82,100,2,131,10,10,16,1.6,0.35842899597925526,0.7431396300480634
11,xcoord,0,2.82,100,3,132,10,10,17,1.7,0.5825298438934802,0.7927340953323283
11,xcoord,0,2.82,100,4,132,10,10,13,1.3,0.2683654729109275,0.7744652517265304
11,xcoord,0,2.82,100,5,132,10,10,12,1.2,0.18732782369146006,0.8655160161138644
11,xcoord,0,2.82,100,6,131,10,10,14,1.4,0.38278655090029706,0.8219049802086709
11,xcoord,0,2.82,100,7,131,10,10,16,1.6,0.5020103723559233,0.7796580243471797
11,xcoord,0,2.82,100,8,131,10,10,16,1.6,0.45539304236349865,0.7722062189034726
11,xcoord,1,2.9,100,0,131,10,10,22,2.2,0.6011887419148069,0.5557784118597544
11,xcoord,1,2.9,100,1,131,10,10,17,1.7,0.7068352660101392,0.8564765660002794
11,xcoord,1,2.9,100,2,131,10,10,16,1.6,0.25587086999592096,0.641232487356809
11,xcoord,1,2.9,100,3,132,10,10,11,1.1,0.19318181818181818,0.9831328497797477
11,xcoord,1,2.9,100,4,132,10,10,13,1.3,0.43698347107438024,0.9278381295447319
11,xcoord,1,2.9,100,5,132,10,10,15,1.5,0.2672176308539944,0.7433824685752256
11,xcoord,1,2.9,100,6,131,10,10,16,1.6,0.3546996095798613,0.7074128629512174
11,xcoord,1,2.9,100,7,131,10,10,16,1.6,0.5038750655556203,0.776865385636959
11,xcoord,1,2.9,100,8,131,10,10,19,1.9,0.4049880543091895,0.5867415272992289
11,xcoord,2,2.84,100,0,131,10,10,22,2.2,0.41402016199522174,0.49534849177921947
11,xcoord,2,2.84,100,1,131,10,10,18,1.8,0.6855661092010956,0.7697218169788809
11,xcoord,2,2.84,100,2,131,10,10,11,1.1,0.17108560107219864,0.9582200223326132
11,xcoord,2,2.84,100,3,132,10,10,16,1.6,0.4765840220385675,0.7887582991707222
11,xcoord,2,2.84,100,4,132,10,10,15,1.5,0.384297520661157,0.7237876174046387
11,xcoord,2,2.84,100,5,132,10,10,14,1.4,0.36111111111111105,0.8416370197714123
11,xcoord,2,2.84,100,6,131,10,10,14,1.4,0.3387331740574558,0.841052274526174
11,xcoord,2,2.84,100,7,131,10,10,12,1.2,0.3320902045335354,0.9394739803531744
11,xcoord,2,2.84,100,8,131,10,10,20,2.0,0.2971272070392168,0.49722026788245366
11,knn_k1,0,3.7,100,0,131,10,10,14,1.4,0.4154186818949945,0.8251893519599455
11,knn_k1,0,3.7,100,1,131,10,10,20,2.0,0.46494959501194566,0.5841109899161893
11,knn_k1,0,3.7,100,2,131,10,10,20,2.0,0.5465299224986889,0.5930636732389314
11,knn_k1,0,3.7,100,3,132,10,10,22,2.2,0.5429292929292929,0.5808315489456333
11,knn_k1,0,3.7,100,4,132,10,10,22,2.2,0.4848484848484848,0.5402672514087913
11,knn_k1,0,3.7,100,5,132,10,10,21,2.1,0.4703856749311295,0.5369280541428694
11,knn_k1,0,3.7,100,6,131,10,10,21,2.1,0.4647747800244741,0.5727915076335157
11,knn_k1,0,3.7,100,7,131,10,10,24,2.4,0.6264786434356975,0.5703416244485303
11,knn_k1,0,3.7,100,8,131,10,10,21,2.1,0.6385408775712372,0.5796872048996772
11,knn_k1,1,3.72,100,0,131,10,10,23,2.3,0.41932288328185996,0.4655931749427714
11,knn_k1,1,3.72,100,1,131,10,10,22,2.2,0.5704213041198066,0.5542497270485818
11,knn_k1,1,3.72,100,2,131,10,10,17,1.7,0.572111182332032,0.797279373463985
11,knn_k1,1,3.72,100,3,132,10,10,21,2.1,0.39084022038567495,0.5167994703615255
11,knn_k1,1,3.72,100,4,132,10,10,18,1.8,0.2892561983471075,0.6122925102692117
11,knn_k1,1,3.72,100,5,132,10,10,18,1.8,0.40495867768595056,0.6201680025338032
11,knn_k1,1,3.72,100,6,131,10,10,24,2.4,0.5537556086475148,0.5080640911515415
11,knn_k1,1,3.72,100,7,131,10,10,20,2.0,0.6514189149816444,0.7010912359403176
11,knn_k1,1,3.72,100,8,131,10,10,23,2.3,0.35767146436687836,0.43217838223105304
11,knn_k1,2,3.92,100,0,131,10,10,22,2.2,0.3499213332556379,0.4675739516309415
11,knn_k1,2,3.92,100,1,131,10,10,20,2.0,0.34607540353126276,0.5557308149029233
11,knn_k1,2,3.92,100,2,131,10,10,24,2.4,0.4055124992716042,0.388517481893981
11,knn_k1,2,3.92,100,3,132,10,10,20,2.0,0.47842056932966026,0.5922523063076577
11,knn_k1,2,3.92,100,4,132,10,10,23,2.3,0.6341827364554636,0.5688441735795955
11,knn_k1,2,3.92,100,5,132,10,10,21,2.1,0.571625344352617,0.5807151411007652
11,knn_k1,2,3.92,100,6,131,10,10,23,2.3,0.49973777751879234,0.5182540735016617
11,knn_k1,2,3.92,100,7,131,10,10,22,2.2,0.6499038517568907,0.6160870554404785
11,knn_k1,2,3.92,100,8,131,10,10,21,2.1,0.6140667793252143,0.6290432878475006
11,dtm_k10,0,3.76,100,0,131,10,10,21,2.1,0.4696695996736787,0.5505236412775721
11,dtm_k10,0,3.76,100,1,131,10,10,19,1.9,0.6197774022492861,0.7685736566247302
11,dtm_k10,0,3.76,100,2,131,10,10,21,2.1,0.33506205932055233,0.4768126093907953
11,dtm_k10,0,3.76,100,3,132,10,10,18,1.8,0.43801652892561993,0.705522516699955
11,dtm_k10,0,3.76,100,4,132,10,10,21,2.1,0.5017217630853995,0.6250101009916549
11,dtm_k10,0,3.76,100,5,132,10,10,19,1.9,0.31726354453627176,0.5863877026569947
11,dtm_k10,0,3.76,100,6,131,10,10,21,2.1,0.7021735330108968,0.669139581828267
11,dtm_k10,0,3.76,100,7,131,10,10,21,2.1,0.7462269098537382,0.6888106771669704
11,dtm_k10,0,3.76,100,8,131,10,10,27,2.7,0.5749082221315776,0.4335920597414842
11,dtm_k10,1,3.76,100,0,131,10,10,19,1.9,0.5577763533593614,0.6310673203932123
11,dtm_k10,1,3.76,100,1,131,10,10,20,2.0,0.48592739350853675,0.6353053904621321
11,dtm_k10,1,3.76,100,2,131,10,10,17,1.7,0.3363440358953441,0.633761820484219
11,dtm_k10,1,3.76,100,3,132,10,10,18,1.8,0.4194214876033059,0.6972900147619574
11,dtm_k10,1,3.76,100,4,132,10,10,20,2.0,0.47153351698806245,0.6472811817081918
11,dtm_k10,1,3.76,100,5,132,10,10,24,2.4,0.5399449035812672,0.5213492161379102
11,dtm_k10,1,3.76,100,6,131,10,10,24,2.4,0.9761086183788825,0.6690414022084665
11,dtm_k10,1,3.76,100,7,131,10,10,22,2.2,0.9062991667152267,0.7424906783409605
11,dtm_k10,1,3.76,100,8,131,10,10,24,2.4,0.5118000116543325,0.500484841080205
11,dtm_k10,2,3.82,100,0,131,10,10,20,2.0,0.5511916554979314,0.6203053025539652
11,dtm_k10,2,3.82,100,1,131,10,10,20,2.0,0.5325447235009615,0.6652106588390537
11,dtm_k10,2,3.82,100,2,131,10,10,20,2.0,0.5838237864926286,0.6416575297611152
11,dtm_k10,2,3.82,100,3,132,10,10,17,1.7,0.41471533516988063,0.7508094160253508
11,dtm_k10,2,3.82,100,4,132,10,10,26,2.6,0.6473829201101928,0.5211073102730254
11,dtm_k10,2,3.82,100,5,132,10,10,21,2.1,0.465564738292011,0.5963848019284912
11,dtm_k10,2,3.82,100,6,131,10,10,24,2.4,0.9117767029893363,0.6268703645476909
11,dtm_k10,2,3.82,100,7,131,10,10,19,1.9,0.5378474447875998,0.7056921888653948
11,dtm_k10,2,3.82,100,8,131,10,10,24,2.4,0.5006118524561507,0.4846631405052538
11,random,0,4.6,100,0,131,10,10,25,2.5,0.7933104131460871,0.6106758611813835
11,random,0,4.6,100,1,131,10,10,25,2.5,0.9710389837422061,0.6230666718633288
11,random,0,4.6,100,2,131,10,10,24,2.4,0.4055124992716042,0.4499814159657503
11,random,0,4.6,100,3,132,10,10,22,2.2,0.6414141414141414,0.6030145100137875
11,random,0,4.6,100,4,132,10,10,26,2.6,0.4623507805325987,0.4511110437056912
11,random,0,4.6,100,5,132,10,10,31,3.1,0.551423324150597,0.35942798411004717
11,random,0,4.6,100,6,131,10,10,24,2.4,0.7047957578229708,0.5754789851651441
11,random,0,4.6,100,7,131,10,10,28,2.8,0.8127148767554336,0.4920938082321235
11,random,0,4.6,100,8,131,10,10,25,2.5,0.4728162694481674,0.4499068147272515
11,random,1,4.26,100,0,131,10,10,21,2.1,0.775595827748966,0.7627994749888359
11,random,1,4.26,100,1,131,10,10,22,2.2,0.7396422119923083,0.612098704497312
11,random,1,4.26,100,2,131,10,10,21,2.1,0.5969349105529982,0.6567873739672719
11,random,1,4.26,100,3,132,10,10,28,2.8,0.7451790633608814,0.4905662200308206
11,random,1,4.26,100,4,132,10,10,25,2.5,0.42332415059687784,0.4275946212984938
11,random,1,4.26,100,5,132,10,10,25,2.5,0.5581955922865013,0.5024112073703771
11,random,1,4.26,100,6,131,10,10,25,2.5,0.4699026863236408,0.45657046338911456
11,random,1,4.26,100,7,131,10,10,25,2.5,0.6068410931763883,0.5416290922148456
11,random,1,4.26,100,8,131,10,10,21,2.1,0.3986947147602121,0.5504481920225718
11,random,2,4.4,100,0,131,10,10,23,2.3,0.6230406153487559,0.5822299550156543
11,random,2,4.4,100,1,131,10,10,29,2.9,0.41104830720820457,0.3619334083827161
11,random,2,4.4,100,2,131,10,10,30,3.0,0.5471126391235942,0.38215352035839156
11,random,2,4.4,100,3,132,10,10,23,2.3,0.47050045913682276,0.5511750131402863
11,random,2,4.4,100,4,132,10,10,17,1.7,0.707415059687787,0.8076120752387043
11,random,2,4.4,100,5,132,10,10,30,3.0,1.0695592286501372,0.5378898503516784
11,random,2,4.4,100,6,131,10,10,22,2.2,0.6140085076627237,0.6472995780159589
11,random,2,4.4,100,7,131,10,10,23,2.3,0.4112813938581667,0.49865223180094587
11,random,2,4.4,100,8,131,10,10,23,2.3,0.4595303304003262,0.5301979256184965
11,ecc_p1,0,3.12,100,0,131,10,10,13,1.3,0.32037760037293866,0.86654420619372
11,ecc_p1,0,3.12,100,1,131,10,10,17,1.7,0.3680438202901929,0.6497942691721796
11,ecc_p1,0,3.12,100,2,131,10,10,21,2.1,0.4403006817784511,0.5165916694974801
11,ecc_p1,0,3.12,100,3,132,10,10,22,2.2,0.6035353535353535,0.5217812278086977
11,ecc_p1,0,3.12,100,4,132,10,10,14,1.4,0.6808999081726353,0.9339010287689611
11,ecc_p1,0,3.12,100,5,132,10,10,15,1.5,0.74931129476584,0.8516333131090111
11,ecc_p1,0,3.12,100,6,131,10,10,21,2.1,0.44764291125225797,0.5075023168997539
11,ecc_p1,0,3.12,100,7,131,10,10,20,2.0,0.8635277664471767,0.6439878030642956
11,ecc_p1,0,3.12,100,8,131,10,10,13,1.3,0.317347473923431,0.8734860562692159
11,ecc_p1,1,3.04,100,0,131,10,10,15,1.5,0.3556902278422004,0.7978916791780714
11,ecc_p1,1,3.04,100,1,131,10,10,16,1.6,0.3882640871744071,0.7058462971992013
11,ecc_p1,1,3.04,100,2,131,10,10,21,2.1,0.45253773090146265,0.5437797102105412
11,ecc_p1,1,3.04,100,3,132,10,10,20,2.0,0.5013774104683196,0.5414402690174025
11,ecc_p1,1,3.04,100,4,132,10,10,14,1.4,0.39325068870523416,0.8208220937438008
11,ecc_p1,1,3.04,100,5,132,10,10,18,1.8,0.9028925619834712,0.7858895908858106
11,ecc_p1,1,3.04,100,6,131,10,10,21,2.1,0.5406444845871454,0.5276834247019646
11,ecc_p1,1,3.04,100,7,131,10,10,13,1.3,0.4961249344443797,0.8072350481465091
11,ecc_p1,1,3.04,100,8,131,10,10,14,1.4,0.29957461686381914,0.797480556706413
11,ecc_p1,2,3.02,100,0,131,10,10,13,1.3,0.2961365887768779,0.8728946822534345
11,ecc_p1,2,3.02,100,1,131,10,10,17,1.7,0.4512557543266708,0.682990551003428
11,ecc_p1,2,3.02,100,2,131,10,10,20,2.0,0.39502360002330866,0.5573547485393447
11,ecc_p1,2,3.02,100,3,132,10,10,21,2.1,0.6270661157024793,0.5876344524665703
11,ecc_p1,2,3.02,100,4,132,10,10,14,1.4,0.3755739210284665,0.8093621019511342
11,ecc_p1,2,3.02,100,5,132,10,10,20,2.0,1.1143250688705233,0.7503739117518633
11,ecc_p1,2,3.02,100,6,131,10,10,18,1.8,0.5198415010780257,0.6319763571633237
11,ecc_p1,2,3.02,100,7,131,10,10,15,1.5,0.6056756599265778,0.7464108726447573
11,ecc_p1,2,3.02,100,8,131,10,10,13,1.3,0.34310354874424565,0.9476972939606741
11,gauss_0.1,0,3.9,100,0,131,10,10,29,2.9,0.5225802692150806,0.35046921295049294
11,gauss_0.1,0,3.9,100,1,131,10,10,22,2.2,0.6704154769535575,0.6587688799191366
11,gauss_0.1,0,3.9,100,2,131,10,10,20,2.0,0.6793893129770994,0.7425701296775921
11,gauss_0.1,0,3.9,100,3,132,10,10,26,2.6,0.563820018365473,0.48360830062137605
11,gauss_0.1,0,3.9,100,4,132,10,10,23,2.3,0.5101010101010102,0.5098796621194492
11,gauss_0.1,0,3.9,100,5,132,10,10,21,2.1,0.5668044077134988,0.6610056583183339
11,gauss_0.1,0,3.9,100,6,131,10,10,20,2.0,0.56750772099528,0.632550715877753
11,gauss_0.1,0,3.9,100,7,131,10,10,17,1.7,0.4037060777343977,0.6910550063944116
11,gauss_0.1,0,3.9,100,8,131,10,10,17,1.7,0.5701299458073539,0.765814215590498
11,gauss_0.1,1,4.04,100,0,131,10,10,26,2.6,0.9498863702581437,0.5763318063856127
11,gauss_0.1,1,4.04,100,1,131,10,10,22,2.2,0.5037585222306392,0.5892911094209284
11,gauss_0.1,1,4.04,100,2,131,10,10,26,2.6,0.7286871394440884,0.5466227817454477
11,gauss_0.1,1,4.04,100,3,132,10,10,27,2.7,0.7634297520661156,0.5246190794566824
11,gauss_0.1,1,4.04,100,4,132,10,10,18,1.8,0.5123966942148761,0.7382736810023045
11,gauss_0.1,1,4.04,100,5,132,10,10,25,2.5,0.8394168962350778,0.600328680908642
11,gauss_0.1,1,4.04,100,6,131,10,10,22,2.2,0.5652933978206399,0.5505122182001945
11,gauss_0.1,1,4.04,100,7,131,10,10,18,1.8,0.29118349746518263,0.6012428444383934
11,gauss_0.1,1,4.04,100,8,131,10,10,18,1.8,0.4443214264902977,0.6617814834738877
11,gauss_0.1,2,3.84,100,0,131,10,10,29,2.9,0.7929607831711437,0.478137406451525
11,gauss_0.1,2,3.84,100,1,131,10,10,22,2.2,0.6293922265602239,0.6231048413318343
11,gauss_0.1,2,3.84,100,2,131,10,10,22,2.2,0.6422119923081406,0.6557353761858861
11,gauss_0.1,2,3.84,100,3,132,10,10,24,2.4,0.6473829201101928,0.537406788256729
11,gauss_0.1,2,3.84,100,4,132,10,10,19,1.9,0.5942378328741964,0.7334987168092181
11,gauss_0.1,2,3.84,100,5,132,10,10,21,2.1,0.34504132231404966,0.4896421179663043
11,gauss_0.1,2,3.84,100,6,131,10,10,19,1.9,0.5622049997086416,0.6802451490823379
11,gauss_0.1,2,3.84,100,7,131,10,10,18,1.8,0.6142415943126857,0.7416452601112182
11,gauss_0.1,2,3.84,100,8,131,10,10,18,1.8,0.43593030709166136,0.6631884811462367
11,dm_eig0,0,2.86,100,0,131,10,10,16,1.6,0.43488141716683176,0.6055887775056701
11,dm_eig0,0,2.86,100,1,131,10,10,17,1.7,0.37596876638890503,0.6574677726194705
11,dm_eig0,0,2.86,100,2,131,10,10,14,1.4,0.25225802692150806,0.7339839965250431
11,dm_eig0,0,2.86,100,3,132,10,10,16,1.6,0.9265381083562901,0.8260151328492011
11,dm_eig0,0,2.86,100,4,132,10,10,17,1.7,0.39715335169880617,0.6894823551777745
11,dm_eig0,0,2.86,100,5,132,10,10,17,1.7,0.4459366391184574,0.660712634198962
11,dm_eig0,0,2.86,100,6,131,10,10,15,1.5,0.3609346774663481,0.6790844585907584
11,dm_eig0,0,2.86,100,7,131,10,10,15,1.5,0.40114212458481446,0.7723395949970857
11,dm_eig0,0,2.86,100,8,131,10,10,16,1.6,0.3435114503816794,0.5334705915085416
11,dm_eig0,1,2.72,100,0,131,10,10,17,1.7,0.44333080822795873,0.5938770851475773
11,dm_eig0,1,2.72,100,1,131,10,10,16,1.6,0.48149874715925645,0.7280667920421531
11,dm_eig0,1,2.72,100,2,131,10,10,15,1.5,0.26303828448225636,0.7164497949220346
11,dm_eig0,1,2.72,100,3,132,10,10,16,1.6,0.7245179063360881,0.6609666578278934
11,dm_eig0,1,2.72,100,4,132,10,10,13,1.3,0.3310376492194675,0.9030773824662729
11,dm_eig0,1,2.72,100,5,132,10,10,17,1.7,0.5083792470156107,0.6671362131751571
11,dm_eig0,1,2.72,100,6,131,10,10,13,1.3,0.48551949187110305,0.9000268181822102
11,dm_eig0,1,2.72,100,7,131,10,10,15,1.5,0.48854961832061083,0.7786960496785633
11,dm_eig0,1,2.72,100,8,131,10,10,14,1.4,0.23431035487442456,0.6561203905592341
11,dm_eig0,2,2.8,100,0,131,10,10,17,1.7,0.6236233319736612,0.7027849664170794
11,dm_eig0,2,2.8,100,1,131,10,10,16,1.6,0.5131985315541052,0.7602530791261154
11,dm_eig0,2,2.8,100,2,131,10,10,17,1.7,0.3997436046850416,0.6460023281115239
11,dm_eig0,2,2.8,100,3,132,10,10,16,1.6,0.6657483930211203,0.7114368401935628
11,dm_eig0,2,2.8,100,4,132,10,10,13,1.3,0.19077134986225897,0.8095436078711811
11,dm_eig0,2,2.8,100,5,132,10,10,17,1.7,0.45374196510560144,0.6653683784981186
11,dm_eig0,2,2.8,100,6,131,10,10,15,1.5,0.25604568498339264,0.6056702457374026
11,dm_eig0,2,2.8,100,7,131,10,10,14,1.4,0.34852281335586505,0.7341616817727131
11,dm_eig0,2,2.8,100,8,131,10,10,15,1.5,0.36617912709049594,0.583411538630729
12,xcoord,0,3.18,100,0,131,10,10,22,2.2,0.6191364139618903,0.6197333222345447
12,xcoord,0,3.18,100,1,131,10,10,16,1.6,0.5616805547462269,0.8149550742848063
12,xcoord,0,3.18,100,2,131,10,10,20,2.0,0.5208903910028554,0.633612404896747
12,xcoord,0,3.18,100,3,132,10,10,20,2.0,0.285583103764922,0.5078137762047372
12,xcoord,0,3.18,100,4,132,10,10,13,1.3,0.3534205693296603,0.9524857962976071
12,xcoord,0,3.18,100,5,132,10,10,15,1.5,0.3171487603305784,0.8202812737441789
12,xcoord,0,3.18,100,6,131,10,10,16,1.6,0.5094691451547113,0.8409273477927852
12,xcoord,0,3.18,100,7,131,10,10,14,1.4,0.2571528465707126,0.7694127413091801
12,xcoord,0,3.18,100,8,131,10,10,23,2.3,0.4273643727055533,0.4634738426384474
12,xcoord,1,3.22,100,0,131,10,10,22,2.2,0.7627177903385585,0.6811483891408168
12,xcoord,1,3.22,100,1,131,10,10,18,1.8,0.4149525085950702,0.6519634165737884
12,xcoord,1,3.22,100,2,131,10,10,19,1.9,0.4160596701823903,0.6061089291454371
12,xcoord,1,3.22,100,3,132,10,10,16,1.6,0.3608815426997245,0.7312109938485847
12,xcoord,1,3.22,100,4,132,10,10,16,1.6,0.480257116620753,0.8010548223471059
12,xcoord,1,3.22,100,5,132,10,10,14,1.4,0.24862258953168043,0.8350474088887356
12,xcoord,1,3.22,100,6,131,10,10,15,1.5,0.485053318571179,0.8869875624869388
12,xcoord,1,3.22,100,7,131,10,10,18,1.8,0.32474797505972847,0.6011899363176653
12,xcoord,1,3.22,100,8,131,10,10,23,2.3,0.5426257211118234,0.4970960036824396
12,xcoord,2,3.08,100,0,131,10,10,21,2.1,0.454985140726065,0.5186655935623983
12,xcoord,2,3.08,100,1,131,10,10,14,1.4,0.4447875997902219,0.8742927023290873
12,xcoord,2,3.08,100,2,131,10,10,18,1.8,0.6331216129596177,0.7666519003828302
12,xcoord,2,3.08,100,3,132,10,10,20,2.0,0.34067952249770445,0.5254788282941706
12,xcoord,2,3.08,100,4,132,10,10,15,1.5,0.4480027548209366,0.8626540801144454
12,xcoord,2,3.08,100,5,132,10,10,14,1.4,0.2598714416896235,0.8420097482653822
12,xcoord,2,3.08,100,6,131,10,10,17,1.7,0.37002505681487086,0.7032906068465286
12,xcoord,2,3.08,100,7,131,10,10,13,1.3,0.39916088806013644,0.9366052776542756
12,xcoord,2,3.08,100,8,131,10,10,22,2.2,0.3550492395548045,0.43595988005816433
12,knn_k1,0,4.0,100,0,131,10,10,20,2.0,0.5325447235009615,0.6553129969640017
12,knn_k1,0,4.0,100,1,131,10,10,21,2.1,0.503933337218111,0.6031373705592056
12,knn_k1,0,4.0,100,2,131,10,10,21,2.1,0.5112755666919178,0.567745312215547
12,knn_k1,0,4.0,100,3,132,10,10,20,2.0,0.6850321395775941,0.6930865446134886
12,knn_k1,0,4.0,100,4,132,10,10,20,2.0,0.6528925619834712,0.72744960834719
12,knn_k1,0,4.0,100,5,132,10,10,22,2.2,0.5227272727272727,0.4926898346039283
12,knn_k1,0,4.0,100,6,131,10,10,27,2.7,0.47106811957345146,0.39063003591165846
12,knn_k1,0,4.0,100,7,131,10,10,22,2.2,0.5037585222306392,0.5709087132454272
12,knn_k1,0,4.0,100,8,131,10,10,27,2.7,0.6472816269448167,0.4923441314274814
12,knn_k1,1,4.2,100,0,131,10,10,23,2.3,0.43004486918011753,0.5131285348718114
12,knn_k1,1,4.2,100,1,131,10,10,25,2.5,0.6738535050404988,0.5173021990086495
12,knn_k1,1,4.2,100,2,131,10,10,26,2.6,0.6468737253073831,0.48905877058396297
12,knn_k1,1,4.2,100,3,132,10,10,22,2.2,0.6111111111111112,0.5654858985871098
12,knn_k1,1,4.2,100,4,132,10,10,18,1.8,0.541322314049587,0.7262069647378444
12,knn_k1,1,4.2,100,5,132,10,10,24,2.4,0.9146005509641874,0.6092883628580588
12,knn_k1,1,4.2,100,6,131,10,10,21,2.1,0.3619835673911777,0.5328569668748442
12,knn_k1,1,4.2,100,7,131,10,10,25,2.5,0.5281743488141716,0.47613092776058835
12,knn_k1,1,4.2,100,8,131,10,10,26,2.6,0.6014218285647689,0.47940929038547747
12,knn_k1,2,4.24,100,0,131,10,10,20,2.0,0.6840510459763417,0.7343961987595697
12,knn_k1,2,4.24,100,1,131,10,10,26,2.6,0.5408192995746168,0.4567025903745142
12,knn_k1,2,4.24,100,2,131,10,10,25,2.5,0.8428413262630383,0.6050715614062037
12,knn_k1,2,4.24,100,3,132,10,10,23,2.3,0.5153810835629017,0.5219242119671678
12,knn_k1,2,4.24,100,4,132,10,10,17,1.7,0.48886593204775025,0.7477594246809004
12,knn_k1,2,4.24,100,5,132,10,10,23,2.3,0.4810606060606059,0.47270238575466056
12,knn_k1,2,4.24,100,6,131,10,10,28,2.8,0.6462910086824775,0.47613816721430835
12,knn_k1,2,4.24,100,7,131,10,10,19,1.9,0.5865625546296835,0.7477411144209384
12,knn_k1,2,4.24,100,8,131,10,10,31,3.1,0.6384243342462561,0.3723993839508598
12,dtm_k10,0,3.86,100,0,131,10,10,20,2.0,0.45795699551308205,0.5825769034037329
12,dtm_k10,0,3.86,100,1,131,10,10,21,2.1,0.5504341238855546,0.6223408222264178
12,dtm_k10,0,3.86,100,2,131,10,10,24,2.4,0.5229881708525145,0.5377235309648237
12,dtm_k10,0,3.86,100,3,132,10,10,18,1.8,0.6053719008264464,0.7096280175714343
12,dtm_k10,0,3.86,100,4,132,10,10,23,2.3,0.7899449035812672,0.6550004164718165
12,dtm_k10,0,3.86,100,5,132,10,10,18,1.8,0.6157024793388431,0.7764033921352036
12,dtm_k10,0,3.86,100,6,131,10,10,23,2.3,0.470252316298584,0.5363566272815511
12,dtm_k10,0,3.86,100,7,131,10,10,24,2.4,0.9117767029893364,0.662861498668808
12,dtm_k10,0,3.86,100,8,131,10,10,22,2.2,0.601188741914807,0.6238263112142526
12,dtm_k10,1,4.06,100,0,131,10,10,18,1.8,0.39817026979779735,0.6259190624272194
12,dtm_k10,1,4.06,100,1,131,10,10,21,2.1,0.5602237631839637,0.6203404740547263
12,dtm_k10,1,4.06,100,2,131,10,10,22,2.2,0.5909329293164735,0.6263672040021716
12,dtm_k10,1,4.06,100,3,132,10,10,20,2.0,0.691919191919192,0.6402896132365292
12,dtm_k10,1,4.06,100,4,132,10,10,26,2.6,0.5369605142332415,0.4301768865675416
12,dtm_k10,1,4.06,100,5,132,10,10,20,2.0,0.7676767676767677,0.742599926258433
12,dtm_k10,1,4.06,100,6,131,10,10,24,2.4,0.39432434007342243,0.4797273938669023
12,dtm_k10,1,4.06,100,7,131,10,10,24,2.4,0.7187809568206982,0.5684160277417158
12,dtm_k10,1,4.06,100,8,131,10,10,28,2.8,0.5745003204941436,0.43484469859628394
12,dtm_k10,2,3.66,100,0,131,10,10,17,1.7,0.2630382844822563,0.5958936966324475
12,dtm_k10,2,3.66,100,1,131,10,10,19,1.9,0.40055940795990913,0.5930262055902416
12,dtm_k10,2,3.66,100,2,131,10,10,19,1.9,0.54006176796224,0.7414670756688904
12,dtm_k10,2,3.66,100,3,132,10,10,18,1.8,0.6157024793388431,0.6505132869179786
12,dtm_k10,2,3.66,100,4,132,10,10,23,2.3,0.8163452708907253,0.6995556122512683
12,dtm_k10,2,3.66,100,5,132,10,10,20,2.0,0.6942148760330579,0.7304548295967782
12,dtm_k10,2,3.66,100,6,131,10,10,23,2.3,0.6123186294504982,0.5958313549603833
12,dtm_k10,2,3.66,100,7,131,10,10,20,2.0,0.4835965270089155,0.6298505964732031
12,dtm_k10,2,3.66,100,8,131,10,10,24,2.4,0.4334828972670591,0.4636165242161791
12,random,0,4.38,100,0,131,10,10,25,2.5,0.4291125225802693,0.4320551152101101
12,random,0,4.38,100,1,131,10,10,26,2.6,0.5074879086300332,0.4607716345194269
12,random,0,4.38,100,2,131,10,10,21,2.1,0.5944875007283958,0.6569037785598888
12,random,0,4.38,100,3,132,10,10,29,2.9,0.6543847566574837,0.45698938188662996
12,random,0,4.38,100,4,132,10,10,23,2.3,0.7028236914600552,0.6232613300943265
12,random,0,4.38,100,5,132,10,10,26,2.6,0.4116161616161617,0.4158158757891659
12,random,0,4.38,100,6,131,10,10,23,2.3,0.8857292698560687,0.6533537363754047
12,random,0,4.38,100,7,131,10,10,25,2.5,0.5631373463084901,0.5102436505292095
12,random,0,4.38,100,8,131,10,10,21,2.1,0.5920400909037936,0.6758997049544346
12,random,1,4.54,100,0,131,10,10,25,2.5,0.6505448400442865,0.556083565966247
12,random,1,4.54,100,1,131,10,10,30,3.0,0.6904609288503001,0.4455700607490109
12,random,1,4.54,100,2,131,10,10,24,2.4,0.8250684692034267,0.6237789916062785
12,random,1,4.54,100,3,132,10,10,23,2.3,0.4361799816345271,0.5333614171306834
12,random,1,4.54,100,4,132,10,10,22,2.2,0.5934343434343434,0.6088958949845233
12,random,1,4.54,100,5,132,10,10,23,2.3,0.6658631772268137,0.6313653067786796
12,random,1,4.54,100,6,131,10,10,23,2.3,0.5640696929083386,0.5721113466816915
12,random,1,4.54,100,7,131,10,10,29,2.9,0.5023017306683759,0.4028220734662828
12,random,1,4.54,100,8,131,10,10,28,2.8,0.5614474680962647,0.4353345915471397
12,random,2,4.62,100,0,131,10,10,30,3.0,0.7708758230872327,0.47761698452923484
12,random,2,4.62,100,1,131,10,10,22,2.2,0.5319620068760563,0.5805007021348183
12,random,2,4.62,100,2,131,10,10,28,2.8,0.7702931064623272,0.5230064504764801
12,random,2,4.62,100,3,132,10,10,25,2.5,0.7848943985307619,0.6395448711053967
12,random,2,4.62,100,4,132,10,10,25,2.5,0.6385445362718088,0.5420309305476924
12,random,2,4.62,100,5,132,10,10,28,2.8,0.6616161616161613,0.4707940021641307
12,random,2,4.62,100,6,131,10,10,25,2.5,0.7321251675310295,0.5744395560392155
12,random,2,4.62,100,7,131,10,10,24,2.4,0.5565526484470603,0.5219681762248755
12,random,2,4.62,100,8,131,10,10,24,2.4,0.34677466348114916,0.4389065008195026
12,ecc_p1,0,3.14,100,0,131,10,10,19,1.9,0.5932055241536042,0.6687265329443243
12,ecc_p1,0,3.14,100,1,131,10,10,17,1.7,0.2551133383835441,0.568392429664106
12,ecc_p1,0,3.14,100,2,131,10,10,18,1.8,0.4841792436338208,0.5851893418327901
12,ecc_p1,0,3.14,100,3,132,10,10,17,1.7,0.8323002754820937,0.7912620909615975
12,ecc_p1,0,3.14,100,4,132,10,10,16,1.6,0.3314967860422406,0.6280846663949177
12,ecc_p1,0,3.14,100,5,132,10,10,18,1.8,0.6074380165289256,0.7257258674840517
12,ecc_p1,0,3.14,100,6,131,10,10,19,1.9,0.5622049997086418,0.6194248535838136
12,ecc_p1,0,3.14,100,7,131,10,10,16,1.6,0.34724083678107337,0.7233174858683038
12,ecc_p1,0,3.14,100,8,131,10,10,17,1.7,0.8138220383427539,0.7627364831631771
12,ecc_p1,1,3.26,100,0,131,10,10,20,2.0,0.7306683759687663,0.5972730117915372
12,ecc_p1,1,3.26,100,1,131,10,10,18,1.8,0.3625080123535924,0.5953155985634044
12,ecc_p1,1,3.26,100,2,131,10,10,18,1.8,0.5638948779208669,0.6053317656270542
12,ecc_p1,1,3.26,100,3,132,10,10,17,1.7,0.8771808999081726,0.7942053211765967
12,ecc_p1,1,3.26,100,4,132,10,10,14,1.4,0.3675390266299357,0.7568845693129889
12,ecc_p1,1,3.26,100,5,132,10,10,19,1.9,0.513544536271809,0.6280231255195735
12,ecc_p1,1,3.26,100,6,131,10,10,21,2.1,0.7070683526601014,0.5618668829346557
12,ecc_p1,1,3.26,100,7,131,10,10,17,1.7,0.38983742206165134,0.7112841756672822
12,ecc_p1,1,3.26,100,8,131,10,10,19,1.9,0.8057805489190606,0.685303549099269
12,ecc_p1,2,3.16,100,0,131,10,10,17,1.7,0.4730493560981294,0.7672582731680568
12,ecc_p1,2,3.16,100,1,131,10,10,16,1.6,0.3826700075753161,0.7145167626437167
12,ecc_p1,2,3.16,100,2,131,10,10,17,1.7,0.5602237631839635,0.6946222881585301
12,ecc_p1,2,3.16,100,3,132,10,10,17,1.7,0.6781450872359963,0.6796865677961209
12,ecc_p1,2,3.16,100,4,132,10,10,16,1.6,0.5133149678604224,0.7415686550528025
12,ecc_p1,2,3.16,100,5,132,10,10,17,1.7,0.5064279155188246,0.700128632258991
12,ecc_p1,2,3.16,100,6,131,10,10,21,2.1,0.6899364838878854,0.5742433563870353
12,ecc_p1,2,3.16,100,7,131,10,10,18,1.8,0.37509469145154706,0.6429106256196835
12,ecc_p1,2,3.16,100,8,131,10,10,19,1.9,0.7238505914573744,0.6532245158184409
12,gauss_0.1,0,4.32,100,0,131,10,10,22,2.2,0.6934910552998077,0.6392734893988493
12,gauss_0.1,0,4.32,100,1,131,10,10,24,2.4,0.8054891906066081,0.6662793966112015
12,gauss_0.1,0,4.32,100,2,131,10,10,28,2.8,0.48639356680846096,0.41017216498331405
12,gauss_0.1,0,4.32,100,3,132,10,10,26,2.6,0.5876951331496786,0.4844367225963047
12,gauss_0.1,0,4.32,100,4,132,10,10,26,2.6,0.9428374655647384,0.611513730145413
12,gauss_0.1,0,4.32,100,5,132,10,10,22,2.2,0.8434343434343434,0.7387492912484515
12,gauss_0.1,0,4.32,100,6,131,10,10,24,2.4,0.6264786434356974,0.5460643694862511
12,gauss_0.1,0,4.32,100,7,131,10,10,23,2.3,0.7061360060602527,0.6326153111760845
12,gauss_0.1,0,4.32,100,8,131,10,10,21,2.1,0.35708874774197313,0.4912941101453947
12,gauss_0.1,1,3.86,100,0,131,10,10,25,2.5,0.8166190781422992,0.602322203909209
12,gauss_0.1,1,3.86,100,1,131,10,10,22,2.2,0.6191364139618905,0.6447197120509215
12,gauss_0.1,1,3.86,100,2,131,10,10,27,2.7,0.6284016082978846,0.46412958992478887
12,gauss_0.1,1,3.86,100,3,132,10,10,21,2.1,0.5017217630853995,0.603110317906331
12,gauss_0.1,1,3.86,100,4,132,10,10,23,2.3,0.5813820018365472,0.5476671291001028
12,gauss_0.1,1,3.86,100,5,132,10,10,22,2.2,0.6540404040404041,0.6528812039937579
12,gauss_0.1,1,3.86,100,6,131,10,10,16,1.6,0.41436979197016494,0.7866834054722859
12,gauss_0.1,1,3.86,100,7,131,10,10,21,2.1,0.8710448109084551,0.725903558685914
12,gauss_0.1,1,3.86,100,8,131,10,10,16,1.6,0.1943359944059204,0.6268359554630107
12,gauss_0.1,2,4.1,100,0,131,10,10,27,2.7,0.540294854612202,0.43430828759222745
12,gauss_0.1,2,4.1,100,1,131,10,10,25,2.5,0.6651127556669191,0.5727373828478305
12,gauss_0.1,2,4.1,100,2,131,10,10,24,2.4,0.6684342404288796,0.5896745169136774
12,gauss_0.1,2,4.1,100,3,132,10,10,24,2.4,0.4628099173553719,0.4907604276775027
12,gauss_0.1,2,4.1,100,4,132,10,10,22,2.2,0.6994949494949495,0.6700344189801489
12,gauss_0.1,2,4.1,100,5,132,10,10,22,2.2,0.7272727272727273,0.6807935598068559
12,gauss_0.1,2,4.1,100,6,131,10,10,20,2.0,0.6327719829846745,0.7195173124166666
12,gauss_0.1,2,4.1,100,7,131,10,10,23,2.3,0.7114969990093817,0.6233573841212867
12,gauss_0.1,2,4.1,100,8,131,10,10,18,1.8,0.39397471009847906,0.6327240534973331
12,dm_eig0,0,2.82,100,0,131,10,10,13,1.3,0.4355224054542276,0.7268717275441514
12,dm_eig0,0,2.82,100,1,131,10,10,19,1.9,0.6286346949478469,0.6696397444662269
12,dm_eig0,0,2.82,100,2,131,10,10,16,1.6,0.5057397587553173,0.8245875698954191
12,dm_eig0,0,2.82,100,3,132,10,10,13,1.3,0.3295454545454545,0.7988414140514912
12,dm_eig0,0,2.82,100,4,132,10,10,15,1.5,0.26377410468319556,0.7593809261196501
12,dm_eig0,0,2.82,100,5,132,10,10,14,1.4,0.24701561065197425,0.7966444230741068
12,dm_eig0,0,2.82,100,6,131,10,10,19,1.9,0.475846395897675,0.525094836359966
12,dm_eig0,0,2.82,100,7,131,10,10,16,1.6,0.43488141716683176,0.7645760156429695
12,dm_eig0,0,2.82,100,8,131,10,10,16,1.6,0.539304236349863,0.7140665327264326
12,dm_eig0,1,2.92,100,0,131,10,10,13,1.3,0.4097663306334129,0.7074812903256064
12,dm_eig0,1,2.92,100,1,131,10,10,18,1.8,0.4652992249868888,0.6470094881072458
12,dm_eig0,1,2.92,100,2,131,10,10,18,1.8,0.38558359069984266,0.6475007248310086
12,dm_eig0,1,2.92,100,3,132,10,10,16,1.6,0.4765840220385675,0.6972988358441977
12,dm_eig0,1,2.92,100,4,132,10,10,15,1.5,0.299931129476584,0.781865461159172
12,dm_eig0,1,2.92,100,5,132,10,10,17,1.7,0.3776400367309458,0.701284976963566
12,dm_eig0,1,2.92,100,6,131,10,10,17,1.7,0.5324864518384709,0.6438560245203504
12,dm_eig0,1,2.92,100,7,131,10,10,16,1.6,0.28384126799137577,0.6780815991744238
12,dm_eig0,1,2.92,100,8,131,10,10,16,1.6,0.4255579511683468,0.6633022360843863
12,dm_eig0,2,3.0,100,0,131,10,10,15,1.5,0.38016432608822337,0.6442629549055672
12,dm_eig0,2,3.0,100,1,131,10,10,17,1.7,0.36011887419148064,0.643876349011129
12,dm_eig0,2,3.0,100,2,131,10,10,20,2.0,0.5698385874949012,0.6594450423715921
12,dm_eig0,2,3.0,100,3,132,10,10,17,1.7,0.40691000918273645,0.6216166505978054
12,dm_eig0,2,3.0,100,4,132,10,10,18,1.8,0.33471074380165294,0.6240231155583997
12,dm_eig0,2,3.0,100,5,132,10,10,14,1.4,0.30486685032139577,0.8959822137525806
12,dm_eig0,2,3.0,100,6,131,10,10,15,1.5,0.5200163160654975,0.7180839986115932
12,dm_eig0,2,3.0,100,7,131,10,10,18,1.8,0.22405454227609115,0.533271968926644
12,dm_eig0,2,3.0,100,8,131,10,10,16,1.6,0.4162344851698619,0.625361704850906
13,xcoord,0,3.16,100,0,131,10,10,22,2.2,0.5473457257735566,0.609740743802009
13,xcoord,0,3.16,100,1,131,10,10,17,1.7,0.5641862362333196,0.8163679815868049
13,xcoord,0,3.16,100,2,131,10,10,15,1.5,0.3976458248353826,0.8894762487548664
13,xcoord,0,3.16,100,3,132,10,10,16,1.6,0.20293847566574838,0.6514737484651647
13,xcoord,0,3.16,100,4,132,10,10,20,2.0,0.13636363636363635,0.45437110858174773
13,xcoord,0,3.16,100,5,132,10,10,17,1.7,0.42447199265381086,0.7387492912484515
13,xcoord,0,3.16,100,6,131,10,10,16,1.6,0.2931647339898607,0.7073597148574436
13,xcoord,0,3.16,100,7,131,10,10,15,1.5,0.32422353009731375,0.8255291497015803
13,xcoord,0,3.16,100,8,131,10,10,20,2.0,0.3041198065380805,0.5363753355511406
13,xcoord,1,3.06,100,0,131,10,10,23,2.3,0.47293281277314814,0.5285746530741984
13,xcoord,1,3.06,100,1,131,10,10,16,1.6,0.49641629275683236,0.8308475201714911
13,xcoord,1,3.06,100,2,131,10,10,14,1.4,0.2669424858691218,0.8588865043129521
13,xcoord,1,3.06,100,3,132,10,10,14,1.4,0.35468319559228645,0.8811442042134727
13,xcoord,1,3.06,100,4,132,10,10,20,2.0,0.12488521579430671,0.4470848315710098
13,xcoord,1,3.06,100,5,132,10,10,17,1.7,0.47520661157024796,0.7540488688572894
13,xcoord,1,3.06,100,6,131,10,10,12,1.2,0.24258493094807992,0.960283886313652
13,xcoord,1,3.06,100,7,131,10,10,18,1.8,0.3436279937066604,0.6581440224713315
13,xcoord,1,3.06,100,8,131,10,10,19,1.9,0.3053435114503817,0.5831404385192537
13,xcoord,2,3.08,100,0,131,10,10,21,2.1,0.4403006817784512,0.5821970484516583
13,xcoord,2,3.08,100,1,131,10,10,18,1.8,0.5240370607773439,0.7400483928625944
13,xcoord,2,3.08,100,2,131,10,10,14,1.4,0.21146786317813643,0.8024889729893665
13,xcoord,2,3.08,100,3,132,10,10,14,1.4,0.2164830119375574,0.7839285361548227
13,xcoord,2,3.08,100,4,132,10,10,18,1.8,0.21280991735537197,0.5711677969733037
13,xcoord,2,3.08,100,5,132,10,10,16,1.6,0.4361799816345271,0.7763977866801716
13,xcoord,2,3.08,100,6,131,10,10,14,1.4,0.2636792727696521,0.8162797242101602
13,xcoord,2,3.08,100,7,131,10,10,18,1.8,0.3310413146087059,0.6637423380787326
13,xcoord,2,3.08,100,8,131,10,10,21,2.1,0.3032457316007226,0.49945206320458607
13,knn_k1,0,4.1,100,0,131,10,10,18,1.8,0.4757881242351844,0.6590299436090495
13,knn_k1,0,4.1,100,1,131,10,10,23,2.3,0.7356214672804615,0.6044795301637813
13,knn_k1,0,4.1,100,2,131,10,10,23,2.3,0.39519841501078024,0.47995998470722023
13,knn_k1,0,4.1,100,3,132,10,10,22,2.2,0.5555555555555556,0.5575188210620997
13,knn_k1,0,4.1,100,4,132,10,10,24,2.4,0.512396694214876,0.5050271802361013
13,knn_k1,0,4.1,100,5,132,10,10,21,2.1,0.6704545454545455,0.6803956092798388
13,knn_k1,0,4.1,100,6,131,10,10,25,2.5,0.5456558475613309,0.5143865733903615
13,knn_k1,0,4.1,100,7,131,10,10,22,2.2,0.5268341005768895,0.5749261654669744
13,knn_k1,0,4.1,100,8,131,10,10,27,2.7,0.7448283899539654,0.49896873179444506
13,knn_k1,1,4.2,100,0,131,10,10,18,1.8,0.467397004836548,0.682201988449648
13,knn_k1,1,4.2,100,1,131,10,10,25,2.5,0.4378532719538487,0.3815285497757764
13,knn_k1,1,4.2,100,2,131,10,10,26,2.6,0.4650661383369267,0.4002102832041572
13,knn_k1,1,4.2,100,3,132,10,10,22,2.2,0.3939393939393939,0.509673829251128
13,knn_k1,1,4.2,100,4,132,10,10,22,2.2,0.648989898989899,0.5908325482090134
13,knn_k1,1,4.2,100,5,132,10,10,23,2.3,0.6500229568411386,0.6136130592665953
13,knn_k1,1,4.2,100,6,131,10,10,24,2.4,0.42788881766796805,0.4763839547012764
13,knn_k1,1,4.2,100,7,131,10,10,24,2.4,0.8110832702056989,0.6483352840102597
13,knn_k1,1,4.2,100,8,131,10,10,26,2.6,0.8529223238739001,0.5566104872164268
13,knn_k1,2,4.2,100,0,131,10,10,17,1.7,0.3918186585863294,0.709615902567657
13,knn_k1,2,4.2,100,1,131,10,10,24,2.4,0.40271545947205883,0.42625328114746414
13,knn_k1,2,4.2,100,2,131,10,10,29,2.9,0.3840102558125983,0.33624301302401366
13,knn_k1,2,4.2,100,3,132,10,10,16,1.6,0.581267217630854,0.8341981612869741
13,knn_k1,2,4.2,100,4,132,10,10,29,2.9,0.4912764003673094,0.37126490168756776
13,knn_k1,2,4.2,100,5,132,10,10,19,1.9,0.4699265381083563,0.6600380501383996
13,knn_k1,2,4.2,100,6,131,10,10,24,2.4,0.5873200862420606,0.5414796129778819
13,knn_k1,2,4.2,100,7,131,10,10,29,2.9,0.5529980770351377,0.39625925334153134
13,knn_k1,2,4.2,100,8,131,10,10,23,2.3,0.9178952275508419,0.6960108964155893
13,dtm_k10,0,4.2,100,0,131,10,10,19,1.9,0.5511333838354409,0.679607830114205
13,dtm_k10,0,4.2,100,1,131,10,10,25,2.5,0.39414952508595075,0.4349725455854006
13,dtm_k10,0,4.2,100,2,131,10,10,21,2.1,0.611619369500612,0.6598406851727616
13,dtm_k10,0,4.2,100,3,132,10,10,22,2.2,0.7575757575757576,0.6748086836650584
13,dtm_k10,0,4.2,100,4,132,10,10,23,2.3,0.43882001836547285,0.5002920862943532
13,dtm_k10,0,4.2,100,5,132,10,10,26,2.6,0.7219926538108355,0.5292170156041305
13,dtm_k10,0,4.2,100,6,131,10,10,23,2.3,0.6337626012470134,0.5974202249006455
13,dtm_k10,0,4.2,100,7,131,10,10,28,2.8,0.6201853038867198,0.46774175206004875
13,dtm_k10,0,4.2,100,8,131,10,10,23,2.3,0.7168579919585105,0.6082257118404477
13,dtm_k10,1,3.96,100,0,131,10,10,17,1.7,0.44927451780199285,0.7516689887412695
13,dtm_k10,1,3.96,100,1,131,10,10,19,1.9,0.3784161762135074,0.6253024141379365
13,dtm_k10,1,3.96,100,2,131,10,10,17,1.7,0.6236233319736612,0.8816333257289933
13,dtm_k10,1,3.96,100,3,132,10,10,22,2.2,0.7348484848484849,0.6613209498530626
13,dtm_k10,1,3.96,100,4,132,10,10,24,2.4,0.4159779614325069,0.47399192115354266
13,dtm_k10,1,3.96,100,5,132,10,10,24,2.4,0.5702479338842975,0.47642047723652464
13,dtm_k10,1,3.96,100,6,131,10,10,28,2.8,0.45702464891323336,0.392447206922367
13,dtm_k10,1,3.96,100,7,131,10,10,24,2.4,0.5509585688479692,0.5393245359655636
13,dtm_k10,1,3.96,100,8,131,10,10,23,2.3,0.4756133092477127,0.4880939673051116
13,dtm_k10,2,4.16,100,0,131,10,10,19,1.9,0.5002039508187168,0.650803599623301
13,dtm_k10,2,4.16,100,1,131,10,10,21,2.1,0.38645766563720063,0.5476433188693864
13,dtm_k10,2,4.16,100,2,131,10,10,25,2.5,0.4728162694481673,0.4705530719140997
13,dtm_k10,2,4.16,100,3,132,10,10,24,2.4,0.6969696969696969,0.5988535971812251
13,dtm_k10,2,4.16,100,4,132,10,10,24,2.4,0.41046831955922863,0.4851053196734043
13,dtm_k10,2,4.16,100,5,132,10,10,24,2.4,0.8126721763085399,0.5923580053410308
13,dtm_k10,2,4.16,100,6,131,10,10,24,2.4,0.5789289668434241,0.5355169816656613
13,dtm_k10,2,4.16,100,7,131,10,10,24,2.4,0.4111065788706952,0.465845759178104
13,dtm_k10,2,4.16,100,8,131,10,10,23,2.3,0.9018122487034554,0.70723236366728
13,random,0,4.6,100,0,131,10,10,27,2.7,0.8014684458947614,0.5328746251855805
13,random,0,4.6,100,1,131,10,10,22,2.2,0.5909329293164735,0.6277488300218859
13,random,0,4.6,100,2,131,10,10,23,2.3,0.5747916788065964,0.5735424144992648
13,random,0,4.6,100,3,132,10,10,26,2.6,0.8921028466483013,0.6261483101164598
13,random,0,4.6,100,4,132,10,10,32,3.2,0.4508723599632691,0.31552743145186213
13,random,0,4.6,100,5,132,10,10,24,2.4,0.9311294765840221,0.64726361715496
13,random,0,4.6,100,6,131,10,10,20,2.0,0.5605151214964164,0.6470207198652417
13,random,0,4.6,100,7,131,10,10,26,2.6,0.6892954956004896,0.5424650610326266
13,random,0,4.6,100,8,131,10,10,30,3.0,0.5156459413787076,0.36526334552549905
13,random,1,4.74,100,0,131,10,10,27,2.7,0.4144280636326554,0.4032312666567798
13,random,1,4.74,100,1,131,10,10,28,2.8,0.6626070741798262,0.49101692720131657
13,random,1,4.74,100,2,131,10,10,23,2.3,0.8347998368393448,0.7081136408864726
13,random,1,4.74,100,3,132,10,10,27,2.7,0.599173553719008,0.4643258288487187
13,random,1,4.74,100,4,132,10,10,26,2.6,0.6742424242424242,0.5463438910419178
13,random,1,4.74,100,5,132,10,10,28,2.8,0.6712580348943983,0.45251021081754633
13,random,1,4.74,100,6,131,10,10,28,2.8,0.5483946156983858,0.4139656870449029
13,random,1,4.74,100,7,131,10,10,26,2.6,0.5438494260241244,0.4660160358306535
13,random,1,4.74,100,8,131,10,10,24,2.4,0.676825359827516,0.5949607643685151
13,random,2,4.9,100,0,131,10,10,30,3.0,0.40726064914632015,0.345993393069725
13,random,2,4.9,100,1,131,10,10,27,2.7,0.5402948546122021,0.42280500684337324
13,random,2,4.9,100,2,131,10,10,31,3.1,0.7757123710739469,0.43333758149863966
13,random,2,4.9,100,3,132,10,10,26,2.6,0.8055555555555555,0.5863917949288326
13,random,2,4.9,100,4,132,10,10,26,2.6,0.47428833792470154,0.4450678360094782
13,random,2,4.9,100,5,132,10,10,23,2.3,0.5127410468319559,0.5639054479959845
13,random,2,4.9,100,6,131,10,10,26,2.6,0.5438494260241244,0.46642447158652806
13,random,2,4.9,100,7,131,10,10,26,2.6,0.7195967600955656,0.5361531890098918
13,random,2,4.9,100,8,131,10,10,30,3.0,0.7044461278480275,0.45162173119805393
13,ecc_p1,0,3.18,100,0,131,10,10,19,1.9,0.25441407843365776,0.44204202975356827
13,ecc_p1,0,3.18,100,1,131,10,10,18,1.8,0.4967659227317755,0.6814400977690207
13,ecc_p1,0,3.18,100,2,131,10,10,17,1.7,0.576073655381388,0.7195702401460807
13,ecc_p1,0,3.18,100,3,132,10,10,16,1.6,0.3039485766758494,0.6377444456975302
13,ecc_p1,0,3.18,100,4,132,10,10,17,1.7,0.30348943985307625,0.6659490326709441
13,ecc_p1,0,3.18,100,5,132,10,10,14,1.4,0.19719926538108354,0.7888039337282573
13,ecc_p1,0,3.18,100,6,131,10,10,21,2.1,0.8832818600314668,0.7196504688532179
13,ecc_p1,0,3.18,100,7,131,10,10,20,2.0,0.7143523104714178,0.562526991407425
13,ecc_p1,0,3.18,100,8,131,10,10,17,1.7,0.33832527242002214,0.5722066389654866
13,ecc_p1,1,3.06,100,0,131,10,10,16,1.6,0.41436979197016494,0.6642681912984942
13,ecc_p1,1,3.06,100,1,131,10,10,18,1.8,0.5030592622807529,0.7079778255169864
13,ecc_p1,1,3.06,100,2,131,10,10,18,1.8,0.5953615756657537,0.6925530527087285
13,ecc_p1,1,3.06,100,3,132,10,10,16,1.6,0.3774104683195592,0.6627957939526969
13,ecc_p1,1,3.06,100,4,132,10,10,16,1.6,0.29843893480257117,0.7438814769701333
13,ecc_p1,1,3.06,100,5,132,10,10,16,1.6,0.2066115702479339,0.6508011451253705
13,ecc_p1,1,3.06,100,6,131,10,10,16,1.6,0.49455159955713535,0.7900663860397156
13,ecc_p1,1,3.06,100,7,131,10,10,19,1.9,0.45813181050055357,0.5304953344692619
13,ecc_p1,1,3.06,100,8,131,10,10,18,1.8,0.33943243400734224,0.4550203368411467
13,ecc_p1,2,2.98,100,0,131,10,10,17,1.7,0.4235184429811782,0.6181835805554631
13,ecc_p1,2,2.98,100,1,131,10,10,15,1.5,0.36792727696521194,0.7314394467179507
13,ecc_p1,2,2.98,100,2,131,10,10,16,1.6,0.44047549676592274,0.7517289933395656
13,ecc_p1,2,2.98,100,3,132,10,10,16,1.6,0.3627180899908173,0.5945395413298531
13,ecc_p1,2,2.98,100,4,132,10,10,16,1.6,0.21212121212121213,0.6413358983926383
13,ecc_p1,2,2.98,100,5,132,10,10,16,1.6,0.28191000918273645,0.7247096676889045
13,ecc_p1,2,2.98,100,6,131,10,10,14,1.4,0.29304819066487964,0.7391080251771084
13,ecc_p1,2,2.98,100,7,131,10,10,20,2.0,0.308781539537323,0.4254533961763529
13,ecc_p1,2,2.98,100,8,131,10,10,19,1.9,0.4271312860555912,0.4824557867579576
13,gauss_0.1,0,4.36,100,0,131,10,10,24,2.4,0.5341763300506964,0.5372001325446014
13,gauss_0.1,0,4.36,100,1,131,10,10,27,2.7,0.43016141250509876,0.39785429135203154
13,gauss_0.1,0,4.36,100,2,131,10,10,27,2.7,0.5560282034846453,0.4443358941473682
13,gauss_0.1,0,4.36,100,3,132,10,10,27,2.7,1.1291322314049583,0.6251449712586576
13,gauss_0.1,0,4.36,100,4,132,10,10,24,2.4,0.581267217630854,0.558414031042379
13,gauss_0.1,0,4.36,100,5,132,10,10,22,2.2,0.40909090909090906,0.5469927879274533
13,gauss_0.1,0,4.36,100,6,131,10,10,25,2.5,0.685507837538605,0.5433659430228354
13,gauss_0.1,0,4.36,100,7,131,10,10,20,2.0,0.3647223355282327,0.5531693034394931
13,gauss_0.1,0,4.36,100,8,131,10,10,22,2.2,0.2755666919177205,0.43574020574945466
13,gauss_0.1,1,4.38,100,0,131,10,10,26,2.6,0.5135481615290485,0.4559466423876389
13,gauss_0.1,1,4.38,100,1,131,10,10,28,2.8,0.40481323932171775,0.35818769235127945
13,gauss_0.1,1,4.38,100,2,131,10,10,28,2.8,0.3721811083270205,0.3610555112026353
13,gauss_0.1,1,4.38,100,3,132,10,10,25,2.5,0.632805325987144,0.5103062075024659
13,gauss_0.1,1,4.38,100,4,132,10,10,23,2.3,0.7133838383838386,0.6395779950342373
13,gauss_0.1,1,4.38,100,5,132,10,10,23,2.3,0.5945821854912764,0.5478591709645562
13,gauss_0.1,1,4.38,100,6,131,10,10,24,2.4,0.7747217528116079,0.6111284137581998
13,gauss_0.1,1,4.38,100,7,131,10,10,24,2.4,0.5929141658411515,0.5005875203002926
13,gauss_0.1,1,4.38,100,8,131,10,10,18,1.8,0.45900588543791154,0.6263212933950781
13,gauss_0.1,2,4.2,100,0,131,10,10,24,2.4,0.47543849426024126,0.5087688164954802
13,gauss_0.1,2,4.2,100,1,131,10,10,28,2.8,0.42112930481906635,0.3951554175342602
13,gauss_0.1,2,4.2,100,2,131,10,10,26,2.6,0.6438435988578755,0.5034552821330319
13,gauss_0.1,2,4.2,100,3,132,10,10,26,2.6,0.8980716253443527,0.5996380448042385
13,gauss_0.1,2,4.2,100,4,132,10,10,22,2.2,0.606060606060606,0.6453976098545955
13,gauss_0.1,2,4.2,100,5,132,10,10,20,2.0,0.7493112947658404,0.7734386466629637
13,gauss_0.1,2,4.2,100,6,131,10,10,25,2.5,0.7962239962706136,0.547027860040001
13,gauss_0.1,2,4.2,100,7,131,10,10,21,2.1,0.46722218984907643,0.5762068985108716
13,gauss_0.1,2,4.2,100,8,131,10,10,18,1.8,0.44641920633995674,0.6490325445113406
13,dm_eig0,0,3.1,100,0,131,10,10,19,1.9,0.681778451139211,0.6023295629394291
13,dm_eig0,0,3.1,100,1,131,10,10,20,2.0,0.4299865975176272,0.5823054336195611
13,dm_eig0,0,3.1,100,2,131,10,10,16,1.6,0.37894062117592214,0.6946829691753276
13,dm_eig0,0,3.1,100,3,132,10,10,16,1.6,0.35353535353535354,0.6424255427453675
13,dm_eig0,0,3.1,100,4,132,10,10,14,1.4,0.3048668503213957,0.8084899935183995
13,dm_eig0,0,3.1,100,5,132,10,10,17,1.7,0.6508264462809917,0.759060231219981
13,dm_eig0,0,3.1,100,6,131,10,10,17,1.7,0.45918070042538306,0.6688285919186787
13,dm_eig0,0,3.1,100,7,131,10,10,17,1.7,0.3621001107161588,0.7343956201562786
13,dm_eig0,0,3.1,100,8,131,10,10,19,1.9,0.6906357438377715,0.6368338386544878
13,dm_eig0,1,3.06,100,0,131,10,10,18,1.8,0.6603927510051862,0.6707389951436717
13,dm_eig0,1,3.06,100,1,131,10,10,19,1.9,0.373987529864227,0.6176462636895176
13,dm_eig0,1,3.06,100,2,131,10,10,15,1.5,0.47106811957345146,0.7715038054661297
13,dm_eig0,1,3.06,100,3,132,10,10,17,1.7,0.3795913682277319,0.6015893565087792
13,dm_eig0,1,3.06,100,4,132,10,10,16,1.6,0.4527089072543618,0.7748118329612974
13,dm_eig0,1,3.06,100,5,132,10,10,15,1.5,0.32747933884297514,0.6861620971102959
13,dm_eig0,1,3.06,100,6,131,10,10,18,1.8,0.4820814637841617,0.6174473979674467
13,dm_eig0,1,3.06,100,7,131,10,10,16,1.6,0.24468271079773907,0.6856651345730196
13,dm_eig0,1,3.06,100,8,131,10,10,19,1.9,0.5777052619311228,0.6328609363826926
13,dm_eig0,2,2.92,100,0,131,10,10,15,1.5,0.48680146844589484,0.6909129851544067
13,dm_eig0,2,2.92,100,1,131,10,10,17,1.7,0.1936950061185245,0.5844063375708324
13,dm_eig0,2,2.92,100,2,131,10,10,15,1.5,0.29800128197657483,0.6683424045017978
13,dm_eig0,2,2.92,100,3,132,10,10,17,1.7,0.4147153351698807,0.6120755161915623
13,dm_eig0,2,2.92,100,4,132,10,10,16,1.6,0.4049586776859504,0.7814601517382854
13,dm_eig0,2,2.92,100,5,132,10,10,16,1.6,0.48760330578512395,0.7413278179748416
13,dm_eig0,2,2.92,100,6,131,10,10,18,1.8,0.4233436279937066,0.5961267428398852
13,dm_eig0,2,2.92,100,7,131,10,10,16,1.6,0.2875706543907698,0.7379212308854128
13,dm_eig0,2,2.92,100,8,131,10,10,16,1.6,0.3863993939747101,0.6235309660486298
