x,y
7.374406049192966384e-01,4.309846720766354333e-01
8.236299012661160157e-01,7.381988047457027635e-01
9.842717222632921259e-02,9.781389373133760889e-01
7.657811702235357565e-01,7.981547178889704108e-01
1.476767296722364398e-01,4.191148593192738914e-01
3.970015761811163668e-01,9.516814947289469195e-01
6.425381878635136879e-01,8.203870394571659563e-01
3.813589828948496518e-01,2.023588985407451246e-01
5.649617725410979174e-01,8.782960543037315881e-02
8.422079104349180501e-01,6.301500978064991099e-01
7.966051940967426859e-01,3.746294792572111287e-01
9.628214960200052186e-01,9.367633343612659091e-01
7.564601523796298244e-01,1.652019034412184340e-01
4.582988959845556987e-01,2.863096222681707492e-02
1.469908597778098458e-01,6.990107671704769432e-01
7.440825644757235180e-01,9.673437970818142828e-01
3.270016544623300381e-01,3.242131961753731417e-01
4.392506011174465708e-01,1.817651337756972518e-01
1.130629293085168852e-01,4.710691764830113870e-01
2.549919166430459350e-01,6.683250047346463996e-01
4.107085545178710273e-01,8.168162003125439830e-01
7.344766201820941420e-01,3.430165208112213593e-01
8.441773501081787368e-01,7.735146960828952478e-01
3.936144777322574395e-01,2.960020459132581272e-01
6.830063081427802940e-01,1.283522624971226156e-01
1.926555815977134267e-01,-5.432028392735930786e-03
7.640228983349579561e-01,6.921706133013970641e-01
7.228116545269289706e-01,7.750304421703017033e-01
4.659593417056953624e-01,5.765352137607044902e-01
1.866546692891786763e-01,1.319814471542875289e-01
6.850983541650337294e-01,4.718558264045192296e-01
5.565476273129853491e-01,7.926530624692579297e-01
6.477637623519144627e-01,5.369885615769078857e-01
5.682844918322103034e-01,3.206978198310284633e-01
-1.109878455791783042e-02,4.182696533806690153e-01
2.218399693403273198e-01,3.700394176480610309e-01
8.180804499504602534e-01,2.285302510574555301e-01
6.813362687096485848e-02,2.921395661600189042e-01
3.252417488205128215e-01,6.635617924846850535e-01
5.495790952720679412e-01,7.577510173833085227e-01
6.566209879988468279e-01,4.205374476000050543e-01
8.290748287357769808e-01,1.722653000422737501e-01
3.365437183975480973e-02,1.155755319571335760e-01
7.238647874588494124e-01,4.892236070063920583e-01
1.467388422476148813e-01,4.995789542125537164e-01
1.426954381159599994e-01,7.121744777125161852e-01
4.258665866422017277e-01,3.745859165864126594e-01
2.643185593314234527e-01,6.421701148302856321e-01
3.867484160679000582e-01,1.058640783421029297e-01
1.342584543899108807e-01,9.786856724691135323e-01
9.225745672763371319e-01,7.119950462608711783e-01
2.794482306120921189e-01,9.560627347495727069e-01
7.747470350953976626e-01,7.182950543731658755e-01
4.426473993697984111e-01,2.409153691244622086e-01
7.169078241562054643e-02,9.072019188443111171e-01
4.738918080080494200e-01,2.025502029784244373e-01
3.612530613877363850e-01,5.608243203387905940e-01
1.856716257805456627e-01,8.824383363053642793e-01
7.798330722585217201e-01,7.325642931864291274e-01
4.534981192519458859e-01,6.284167276555971959e-01
6.173556038091465581e-01,6.755097836819051738e-01
6.739976912567816059e-02,4.222387609232973738e-01
1.066824127135542963e-02,5.244265987092331383e-01
3.343458411534199759e-01,1.714996457473871583e-01
1.012158176271950455e-01,5.505192222024057891e-01
2.233403193582859103e-01,9.277418893205420236e-01
5.610569672323589829e-01,3.697850503026548497e-01
6.316326371063026857e-01,1.875510754055722748e-02
9.565743650269058485e-01,4.870643616371317930e-01
7.605158146192442237e-01,6.891665093081117410e-02
5.222968481254608442e-01,4.880628655965306151e-01
9.210753154144786237e-01,5.626872144488098693e-01
4.949458748035565070e-01,2.274577253893947937e-01
3.366619952896291457e-01,5.699167773723869956e-01
4.795327128508272696e-01,3.307613549670387898e-02
8.526207763952374785e-01,9.222972975356922287e-01
1.377320489288287875e-01,5.725320196063354850e-01
1.443474015111906872e-01,6.469648481773290216e-01
2.927668013886402520e-01,6.666521436536727574e-01
7.290579039863668287e-01,7.689401580309646045e-01
1.123743454065051356e-01,9.223232890945975981e-01
2.525862967521443903e-01,4.694284944072337623e-02
5.512949374979558836e-01,3.541238547126181468e-01
8.203408927758724101e-01,8.134747941218823941e-01
3.030174780650687905e-01,9.718169368440373601e-01
2.995189409535757297e-01,5.379276776328547616e-01
2.431887061482622125e-01,9.194222167559983339e-01
1.873289621073714606e-01,4.750969852568007190e-02
4.310467174250001143e-01,1.006348773968885002e+00
9.049062510278285121e-01,7.234927447222834207e-01
9.184853933402465920e-01,8.852385008295556856e-01
5.528587213412871071e-01,2.892580795595197651e-01
7.783604097605942851e-01,6.579488391489916044e-01
3.341530353450263835e-01,1.076308276225485389e-01
7.083108708141259147e-01,2.566271787035241392e-01
9.588986600881029831e-01,2.303698554597839732e-01
1.046832493811756248e-01,8.471198015361462996e-01
1.482939556139060422e-01,1.711671142639426546e-01
6.248826410642299711e-01,8.512164661343729621e-01
1.872425206051648028e-01,3.276526131214901882e-01
7.527658911309872414e-01,1.007333369255691169e+00
4.964042365010068458e-01,1.613880501794980882e-01
3.138499126865238603e-02,2.266102715196067208e-01
1.222419755495898486e-01,6.767993823737735726e-01
1.360861895783386233e-01,4.866014347414158170e-01
6.701972638682643924e-01,6.108006636559748515e-01
1.850785502513996872e-01,8.112062038228308181e-01
7.113630454378195855e-01,7.358266916910735089e-01
1.596655459850661596e-01,1.220504198951941344e-01
9.204260284421500460e-01,3.921838810994427993e-01
2.908795233993896612e-01,4.751822314990324370e-01
6.528752755052648071e-01,9.888874593047422001e-01
3.006760034232635048e-01,9.179044983348336739e-01
4.449260407863277200e-02,5.234541662990772615e-01
6.614886787153985148e-01,1.318005191472917392e-01
1.850662773443854658e-01,4.393453480978769532e-01
9.749766030204851663e-01,6.218653609317358333e-01
9.205070329727392808e-01,7.964525857789277463e-01
4.660967051862227595e-01,8.121410798701953482e-01
7.192169213430590902e-04,8.990276281434175787e-02
8.341593764468766548e-01,8.111676982666790048e-01
2.185791304476321639e-01,5.441779496544921768e-01
6.333838075410189727e-01,8.917481876456816448e-01
6.101730127092904743e-01,4.107596142959007990e-01
4.088965161201310039e-01,4.261901662633388876e-01
6.707381179722782250e-01,9.066562613360363843e-01
4.706022436688984123e-01,2.278977382932178553e-01
2.118819073714153789e-01,7.400616918421843993e-01
8.307587458930748570e-01,1.141737971910052329e-01
1.107004982644516355e-01,6.031347895116799807e-01
1.396244198576855888e-01,8.019973483941434944e-01
3.339434214820213298e-01,1.437507083869776214e-01
8.908476771227955560e-01,1.659769347935835526e-01
2.648053201153954261e-01,1.451006449850623103e-01
1.156139031942083062e-01,3.044455369740219075e-03
4.564292578513298032e-02,1.597590742535863195e-01
3.903614870077067728e-02,5.709834057683400577e-01
6.710592355074439519e-01,3.757364879965491844e-01
3.297227792715663464e-01,5.085422380928359409e-01
8.988992467344243398e-01,8.888656946309581031e-01
5.702156229122732484e-02,1.904901500891902355e-01
2.515516165502938994e-01,2.587193521722550016e-01
5.722366386513045855e-01,4.156759095762442846e-01
2.882072064635335384e-02,3.903925295456683875e-01
5.231270525204706479e-01,1.306622823895288166e-01
8.517612718602660671e-01,3.944283401958470492e-02
9.497756899560372279e-01,4.789830244980396862e-02
8.821794664969090372e-01,8.758842383726237468e-01
9.894729241700100930e-01,8.105742035965440850e-01
8.019518780081639209e-01,6.359093398494594096e-01
7.360859851408878551e-01,1.280064501855359693e-01
5.316847898976441167e-01,4.732390298580683718e-01
8.584795763017722958e-01,4.412823358202249691e-01
3.980711981622225282e-01,6.346416765205797894e-01
3.056852152112407572e-01,1.346448378171472282e-01
4.864850993505697163e-01,4.126279384656949545e-01
2.001045767596655311e-01,3.634175500123780767e-01
3.814607186496770108e-01,3.395353605258447094e-01
3.735987249703716095e-01,6.566082231176261219e-01
3.097656463259510495e-01,9.572476584246102371e-01
9.332162366152298993e-01,4.754281843953861442e-01
2.946737091484976645e-01,5.461099934915369936e-01
8.483776334721548906e-01,6.804210160281043418e-01
8.049664885960057248e-01,5.318129382819501982e-01
6.412627187049403377e-01,2.762169928064390767e-01
7.219904478878194087e-01,2.004466877989594942e-01
6.763900026530987875e-01,8.561371590165747225e-01
1.708940644505179129e-01,6.352324150764471211e-01
1.012565070579276028e-01,7.567491734905252843e-01
6.799529686338731671e-02,9.857486200982259472e-01
1.281978796866076187e-01,9.989563638192640038e-01
8.408722370406895852e-01,5.586174083304099591e-01
8.119659474923831555e-01,7.894366561740323585e-01
9.346676936709689132e-01,2.638761162424869133e-01
5.699175888632139753e-01,1.050891393227267878e-01
5.973498103781699209e-01,1.748328896780251829e-01
5.916578630542448369e-01,5.801608727424987233e-01
4.587893212356043970e-01,5.334599977298811746e-01
7.357937851664899664e-01,7.824675008281459787e-01
4.835478143652888194e-01,6.153304464449748101e-01
9.393522107665304155e-01,1.304369175911496426e-01
1.165559149219018431e-01,7.194701899071712092e-02
6.876256237719144959e-01,4.046524317010262717e-01
7.827021951359596219e-01,6.689893202455176047e-01
3.448976216689312868e-01,8.862568076571970543e-01
7.835856902883933106e-01,2.981004992268944664e-01
3.840184794219814179e-01,3.175924867237358562e-01
1.489091437029259890e-01,2.042256082193828481e-01
9.162949724805046214e-01,4.555286282331559300e-01
3.899755205389422996e-01,7.284349598338034637e-01
5.566963240475801822e-01,9.259356807712362247e-01
7.888426047742971292e-01,4.857060538437417141e-01
4.299125379393297086e-01,1.008047989225997254e+00
7.280778914461716322e-01,9.627058386700336756e-01
1.552693303269562786e-01,8.311251478959771344e-01
6.334192291159721488e-01,8.377890178153803158e-02
5.994334768124587320e-01,7.030598401163348221e-01
-7.609315156093844623e-03,4.830195622017606216e-01
8.110219113438253968e-01,2.885096631637585896e-01
4.609394001109517469e-01,4.741980543230894796e-01
2.847634350808735948e-01,9.242668380228679093e-01
7.967907905273643454e-01,1.219578142697002043e-01
1.009142678498907042e+00,8.944300287512240155e-01
2.728139833719365193e-01,8.706521753975446920e-01
1.041965439079343275e-01,9.942277664145905414e-01
6.926372461328119678e-01,6.375136782212575959e-01
9.684629079811316044e-02,8.825767064167204801e-01
7.938421951336976923e-02,2.870011483756828019e-01
1.408170555379040789e-01,7.871650841622291894e-01
1.983082233138454831e-01,9.036662373627173395e-01
6.586616693096074560e-01,3.535068179024702939e-02
-2.498351401993882323e-02,5.691838344571072822e-02
6.050793201974747904e-01,8.077258199920860360e-01
2.370024650720988224e-01,8.422020556535020352e-01
7.473014135877435737e-02,8.116265417158443629e-01
9.557163761709941419e-01,7.820029943938271444e-01
6.941686529423345409e-01,8.503155891790717957e-01
5.390363622869917548e-04,2.438557084936711084e-01
1.304112821811944101e-01,5.482201080755015887e-01
7.278012271352318763e-01,6.076589369241174321e-01
8.584477656152212921e-01,1.624636872964240752e-01
7.413859874239004943e-01,1.967580149339137052e-01
2.581964080992724675e-01,6.801975813997335196e-01
9.858677960316954980e-01,5.858917659711019299e-01
2.696018903652105600e-02,6.086963339581680232e-01
5.096373128673475916e-02,9.239008961119430374e-01
7.291634711656965750e-01,2.017921981650848406e-01
1.047942395750594974e-01,1.908703032591936022e-01
1.030142985851314252e+00,4.321035301806419593e-01
7.758163420135230082e-01,6.297047467161286383e-01
5.902842903858037671e-01,1.255547195113279335e-01
9.612930457096270365e-01,3.129356291501059761e-01
5.942841645064781408e-01,7.156804055259681219e-01
6.799995479779608054e-01,9.396102204367708932e-01
1.590421481098892309e-01,4.936217527356838719e-01
3.847384905354146456e-01,5.094653051746901307e-01
1.029751504506031118e-01,1.469208514118230946e-01
2.886964017714070407e-01,3.282042216475767327e-01
3.947392007093684096e-01,6.288116868875519572e-01
6.334684772899590310e-01,3.998127142163221404e-01
4.037667591934893108e-01,2.383639424377820559e-01
6.029310587555096745e-01,3.144824421571278950e-01
1.327768499597810348e-02,3.970291522186276123e-01
4.891932782886635467e-01,2.000380196911231145e-01
5.700948433572294860e-01,6.193933429795189793e-01
7.111933978777732479e-01,6.627934662811101330e-01
6.312123510837049922e-01,2.916681187005942255e-01
8.033486627267149016e-01,5.434973438217822750e-01
4.548906248111636019e-01,6.288751456935475215e-01
4.317845901612569204e-01,5.032928483004912579e-01
7.444883190660088745e-01,8.705199734719583082e-01
9.436987975082402613e-01,5.144431730605849573e-01
5.030513176722825053e-01,7.955247128815678970e-01
3.438873872142118038e-01,8.644165444525176989e-01
4.678537337321105327e-01,1.085373314606242756e-01
1.104870821988830493e-01,8.406496550255686540e-01
6.123636719786307303e-02,3.031500744668574332e-01
3.094868063755774057e-01,1.562004952430058324e-01
3.094193881376564037e-01,7.687850391221906499e-01
3.707815052511671816e-02,8.435687518644283678e-01
8.557648246011427817e-01,3.968529679451420766e-01
1.525599944438685851e-01,6.143997681925290610e-01
1.399133353727864404e-01,4.008557624284654342e-01
9.593026892093358127e-01,9.902122681647087532e-01
8.000063986103529423e-01,3.403985614944164406e-01
6.787975593182862255e-01,6.853056908467274333e-01
4.142223844869720173e-01,6.100540871142519084e-01
-2.112838359515679248e-02,2.056917563060672582e-01
5.271370972818442135e-01,1.425522609327518897e-01
1.703441546440772336e-01,8.416336923229674749e-01
9.795252448025199010e-01,5.966387116118054834e-01
8.476649550818595724e-01,1.012891445056708140e+00
1.124716287953882454e-01,4.189487770053401672e-01
4.017739680548984005e-01,1.171464374345904808e-01
7.351314572152968241e-01,4.366465602526186096e-01
4.446250092964749157e-01,1.363005218289471410e-01
1.847888786070323308e-01,8.972513978889598008e-01
1.853861091088536764e-02,2.062939311314145319e-01
2.543391683252435587e-01,4.997292184658781999e-01
5.983967935234186797e-01,5.051410445816143513e-01
6.593181859957718272e-02,2.637864798671971656e-01
8.577239581127583667e-01,6.377345886113590101e-01
6.460124752690894478e-01,6.572209459706355172e-01
7.667462557181035088e-01,9.045343782780729258e-02
3.893655172449426716e-01,5.344032267890971299e-01
3.492289125328132404e-01,8.224502722967513835e-01
4.971738521353979423e-01,7.520104466060718584e-01
8.658206281067225563e-01,5.641729267129861336e-01
8.981519952248073757e-01,6.455800067217412064e-01
8.600870085893812522e-01,3.255982829262852873e-01
4.829078351967969196e-01,5.787101531615455041e-01
1.148394895901325569e-01,3.872294495782238610e-01
9.132684603308179883e-01,6.394477559189214455e-01
1.773321689327068407e-01,3.457736185350883673e-01
2.270752275957853561e-01,2.263718507319018025e-03
9.403530650593049378e-01,4.467493761632288507e-01
2.975541654996118335e-01,6.199206749135354189e-01
-2.191405640067856098e-02,2.306934394378484798e-01
7.075241259941356109e-01,6.310061782718050516e-01
9.547490025329362640e-01,5.861466597343433227e-01
5.161185411811088919e-01,7.706928601432012638e-01
9.037207864254886980e-01,7.646008448975404326e-01
9.836524734106909529e-01,8.173907061489813497e-01
8.432023596995960046e-01,8.975621938114350384e-02
7.447550076961080290e-01,4.483786838892843685e-01
5.780970431244727425e-01,6.214866319761035429e-01
9.838870650250023386e-01,1.004363454100030584e+00
3.069516868241329854e-01,7.256196098137657202e-01
7.603558413671901439e-01,3.309797194737417181e-01
1.180108532272784033e-01,2.008823349976108369e-02
7.621698129424034907e-01,4.848804952493234732e-01
9.757214345421687529e-01,4.497976273325402508e-01
9.519250380302758385e-01,4.507979179632400912e-01
7.836708916954874260e-01,9.141858378245665273e-02
5.202822710128768291e-01,8.292127696439125506e-01
9.280448802296256128e-01,8.137055997589290879e-01
2.826790578789525887e-02,3.900905384620552696e-01
-1.036343626104451604e-02,9.279842434037648136e-02
6.729239519154602833e-01,7.106459746870729122e-01
8.238269220251945857e-01,8.587046786467001924e-01
7.592360083177429608e-01,8.371047358373511216e-01
6.237599153904783977e-02,2.210588290156718094e-01
5.962080216555067924e-01,8.730337102791072557e-01
3.740062941278810699e-02,5.255486040269322645e-01
7.019563624431202076e-01,8.144623008337495418e-02
4.181030432412002895e-01,8.736222240678185313e-01
6.726340241659478636e-01,2.650626672310203436e-01
8.478055338129524277e-01,3.781455353057734947e-01
8.520059331842916306e-01,3.056305995378422180e-01
5.833054300762720024e-01,4.001307945542555977e-01
2.790739993104578431e-01,8.543867236435348511e-01
1.787618160878698126e-01,6.014742949869429645e-02
3.337847663978931734e-01,7.017358722482636146e-01
8.276680295009932742e-01,1.019211368808474960e+00
3.075679400978344469e-01,3.825889665069854839e-01
1.348585824853554549e-01,5.479280833874310419e-01
9.946341695438952746e-01,7.138294334652439677e-01
6.150549268716738460e-01,4.018259885189748859e-01
9.404681915658356095e-01,5.021117238690986362e-01
1.296957078728555590e-01,3.828516733931217053e-01
8.529619085130038525e-02,1.914956037223072838e-01
2.524842617131358227e-02,4.473936490134308719e-01
5.943683689077891019e-01,3.520945922211741186e-01
3.944913278694667791e-01,9.657737570312511233e-01
7.212569955316914250e-01,5.264632954045364022e-01
2.758688990771115956e-01,9.210312941792221375e-01
2.244268156809409442e-01,3.038433114445029393e-01
9.163517160628203984e-01,5.252025835103952822e-01
7.581291606309634723e-01,5.705071951804754349e-01
6.576562866522907003e-01,3.487746274493692678e-01
2.365864824459760485e-01,3.262269553626778174e-01
1.222207589226700364e-01,8.572547795309642948e-01
2.924413472909694889e-01,5.548914395643402830e-01
8.042630843533896678e-01,7.923228830916454468e-01
4.120256698666376893e-01,4.965634342392220013e-01
9.698480500665768167e-01,6.592990388628755527e-01
8.192281414285669250e-01,9.338944293793635110e-01
7.675123091867893654e-01,1.881330340219586339e-01
5.652911431141790510e-01,1.150413568699936440e-01
6.766027375575801583e-01,9.472679229077721752e-01
5.329690491253703533e-01,4.595789272442947770e-01
7.152193499559464374e-02,9.698129883236527027e-01
1.061514223372114485e-01,3.158740383254955014e-02
2.168868768619463261e-01,5.997136326521246286e-02
4.573645971362925167e-01,5.138979552084542712e-01
3.245243088848804858e-01,2.187701708675552151e-02
1.079608828434305973e-01,4.243997681725342752e-01
8.044042601658060732e-02,7.105135281941679093e-01
2.148341890252617736e-01,2.947629316356651930e-01
3.590443721429632529e-01,4.257522048773878520e-01
-4.730785865099283727e-02,1.055592537464420111e-01
8.626913799508314495e-01,-7.710746196232144342e-03
5.515950170155796695e-01,5.259888622092093735e-01
3.537503956841731023e-01,4.128204848250021097e-01
8.190094440658933772e-01,8.535830889914304276e-01
2.415089502201898108e-01,3.231447791936546965e-01
2.616543500990953786e-01,4.678858237382189644e-01
6.860690087522687275e-01,2.345824030070237376e-01
3.087186580240666722e-01,9.249827606339924291e-01
2.806003834609430148e-02,4.781429655537006163e-01
6.933969330852335355e-01,1.562900856401018557e-01
1.957090363760989604e-02,1.155366339757045446e-01
8.951855693472692277e-01,3.468278743521807476e-03
1.919296072107610496e-01,3.857861880547717309e-02
7.518476492799738842e-02,6.167764989477029225e-01
2.266274665448837489e-01,5.798956202860819920e-01
5.848426561445408955e-01,8.478187129774092945e-01
-1.015758585818727494e-02,8.878624135341767198e-01
5.934474979623099999e-01,1.547488062971796863e-01
7.750893572007433452e-01,8.504643325462811765e-01
2.389847641000198697e-01,8.825600101744527359e-01
4.406272512808226405e-01,5.842367575032975102e-01
1.018234025471904225e+00,4.068299972111604212e-01
8.121435122602007617e-01,2.903039870224771724e-01
8.139744043557384234e-01,5.811123890362844824e-01
2.053722741535081164e-01,4.014491025655705925e-01
3.076255211594824956e-01,7.101398805054887076e-02
3.564731113112180882e-03,3.324383821739856915e-01
3.943303277475528057e-02,1.648166187742919342e-01
7.276895976806442290e-01,6.634462730765620098e-01
7.575360596278595260e-01,3.034427733267163751e-01
9.124988282050493504e-01,5.969160441124015115e-01
1.147852731657200143e-01,1.101628695445105305e-01
7.365923460782630716e-01,1.890088819030257272e-01
5.245541895758234485e-01,1.028151030037763203e+00
8.489344977916722657e-03,4.362780292519198577e-02
9.835130767755699832e-01,5.993904047908296118e-01
1.143080413700190145e-01,8.872250238444073789e-01
8.823203116367777099e-01,5.108524349121807973e-01
6.283805143082501488e-01,2.669480273033909556e-01
1.076848371625153955e-02,5.854143711756858437e-01
2.878540991396951187e-01,6.806777759571167596e-01
8.419491358924767743e-01,4.710999125482700362e-02
6.061159665982239764e-01,2.202013182821665194e-01
8.727213106942708354e-01,2.467035458235976308e-01
6.205295903576816263e-01,5.547372830388760390e-01
3.835953073800704716e-01,6.777927730210443480e-01
7.349932480265291002e-01,5.468093645533512737e-01
7.647624124176481963e-01,9.518434140699011392e-01
4.413838147636373055e-01,5.251266681009703063e-01
4.505553865364921029e-02,7.736966275148698946e-01
5.428991016223230215e-01,4.266770316319278278e-01
9.042732214523800660e-02,8.821235546142991435e-01
3.733043189107557169e-01,6.556654042547704897e-01
1.343494699786901836e-01,9.364341166929733840e-01
2.103562114936432803e-01,1.695009544341115337e-01
8.619607701198356287e-01,9.212968466796332967e-01
2.192973921622604627e-01,4.787066603828075140e-01
7.524229109118233394e-01,8.694472905620682646e-01
3.808037079511094603e-01,5.111482565901146469e-01
7.677669223447385338e-01,7.731332951222928962e-01
7.590814548228573821e-01,5.293118017894399285e-01
1.159977281851556352e-01,9.253807485627542073e-01
9.047120855859972499e-01,8.128552428426661924e-01
1.277780963344736231e-01,2.375985817389554000e-01
7.728959205402692323e-01,4.076330478520941158e-02
9.535804424484092268e-01,3.769774432389135788e-01
7.253133060720069469e-01,8.855748958241709268e-01
3.938677689931060488e-01,3.504770498734240958e-01
5.936044952244794448e-01,5.969704210053837778e-01
4.154688101223817376e-01,5.846241080829418513e-01
9.138493396014232273e-01,4.336139551569931916e-01
2.064537213496067669e-01,3.759410866149830999e-01
3.775914339935830810e-01,9.358659053749873724e-02
1.715257185915327331e-01,6.810875275216708991e-01
3.252038847718891068e-01,9.356175933627910446e-01
2.388252420901421091e-01,1.083244348196074902e-01
7.469049033118309033e-01,8.572655253719405621e-01
2.769508577707781027e-01,2.229990509905303009e-01
1.865714866959714002e-01,5.233807722123980932e-01
4.619032621112074688e-01,2.416465636432421349e-01
2.671516866235206997e-02,4.482542589912423825e-01
9.829568643633513902e-01,6.617682842736202220e-01
4.971562934136763423e-01,1.166037293651639023e-01
2.592268784740850984e-01,2.800830237694442726e-01
7.582983060213682736e-01,8.672266237169670156e-01
9.518703339039384925e-01,1.004972649079875824e+00
9.857243288010403282e-01,9.803188182705750986e-01
9.661590539305270342e-02,1.101830497765051153e-01
3.000094608545337271e-01,5.525717661282897319e-01
1.092084476851206271e-01,8.413171028962938003e-01
6.147855567755515782e-01,5.331374257563781249e-01
1.862900266189933263e-01,2.243886655456362456e-01
1.517649295509112817e-01,8.150596379068765218e-01
5.636350711982530681e-01,7.414729768470714744e-01
3.027559487092386648e-01,3.649888032474640776e-01
4.273346673492893211e-01,7.870958294900206598e-01
7.709684409689685491e-01,2.118221846419159060e-01
9.324879678936309757e-01,1.331930918727169122e-01
8.722408728231374475e-01,1.363123418373947682e-01
2.873395164058755724e-01,8.225000089891348898e-01
1.637117028360737803e-01,4.219929065908663568e-01
4.430942778704538010e-01,2.561509639976426445e-01
7.030572743956644555e-01,8.818308845646050109e-01
8.747412797095978076e-01,3.877332483567358934e-01
5.429039002300710681e-01,2.214183171006888218e-01
2.865264332196103547e-01,1.832276419493344410e-01
9.476219633091342853e-01,9.009214977295484372e-01
7.535777780353485333e-01,4.815739990810037341e-01
4.897729213618447486e-01,5.573210729654812789e-01
5.444821904424613779e-01,4.687465146458732468e-01
1.581792485559112560e-01,1.260760270042450559e-01
9.759248542722278597e-01,5.124826673034451607e-01
9.516018854835314178e-01,1.593013664992135314e-01
5.572255617865984334e-01,1.594790967970329265e-01
2.587932441581183851e-01,4.446333842287505944e-02
1.218435325685213455e-01,9.237418960364232046e-01
3.206634639703416778e-01,5.681887741155053906e-01
4.982660272073403118e-01,3.930946682972439321e-01
5.195306887954647124e-01,2.143986001843780631e-01
1.008177907888800906e+00,8.237691858233785469e-01
7.570020271935071765e-01,4.456595303001428254e-01
1.512592346459450121e-01,9.465615404627127916e-01
3.278442309991242420e-01,3.014002359705874462e-02
3.439757558673624538e-01,7.964981707178402370e-01
6.356601869850084796e-01,7.232755360000667766e-01
7.426478484543648229e-01,2.303792496293199932e-01
9.021236766290852138e-01,4.257897956967487962e-01
5.953489396250855048e-01,2.276702622725315650e-02
1.000375262892628569e+00,2.871002768451740850e-01
6.813220822394595866e-02,4.170587984558842276e-01
1.093267374138836290e-01,1.432921679486517941e-01
6.173079576074834707e-01,3.874971605773091521e-01
9.267764442085709709e-01,3.392852609331738489e-01
6.965760478430871316e-01,4.609227224189380578e-01
6.741821747077543225e-01,5.812136933165540364e-01
4.689273172836406212e-01,9.593921369341841254e-01
3.429378199445461961e-01,1.907194564605938225e-01
6.799880238208202421e-01,8.397703105146239189e-01
1.679954484264626485e-02,4.545760595509538149e-01
8.944871452371736531e-01,7.297619783667554927e-01
1.003448832994533468e+00,5.567722817240441380e-01
6.467938574418710118e-01,2.879276382523689448e-01
9.322526285275659630e-01,3.327622575127910931e-01
7.786003464241304517e-01,3.941624965087665577e-01
5.446498465147145973e-01,6.972470340817593648e-01
5.011748024234746746e-01,8.931821395762421512e-01
4.480624516630213328e-01,6.220970418220490572e-01
3.115917486742873499e-01,4.191923498767612943e-01
4.379059783073662171e-01,1.213481215867029395e-01
1.029164039850959667e-01,6.702241558926486098e-01
6.545813866058465269e-01,6.347967921716224371e-01
-1.359545765074491458e-02,3.125382750459689829e-01
1.761225484412183295e-01,7.835355385144761042e-01
8.246561031819348297e-01,2.377371753674426547e-01
6.643876616813508829e-01,1.285696978676420521e-01
2.831318108559041646e-01,1.321236923636003591e-01
2.701709265200204491e-01,6.996261503582736907e-01
9.039262564143357714e-01,2.309050152752719631e-01
5.355764899618322694e-01,7.010657079780363565e-01
9.501475215355311699e-01,6.146848550598204008e-01
2.467099671294616381e-01,6.274008563888512358e-01
3.511074422099287329e-01,9.971054264861990424e-01
4.207909020360275365e-01,6.585891093244642391e-01
-3.748164872637779754e-04,4.044164645898951638e-01
8.905223718316302994e-01,5.998447333844167950e-01
4.299911891208522685e-01,9.638143594891851462e-01
8.677019094823018586e-01,3.433754074375283682e-01
5.357194008726751111e-01,4.794238443461458221e-01
6.511803122081254447e-01,3.288567497536376005e-01
2.319878601780474836e-01,8.944079065278317531e-01
9.136485967057146329e-01,8.608245567911525509e-01
9.480111336300022229e-01,7.575725751465670621e-01
7.505028533870766738e-01,7.583840840669018313e-01
4.776827193299593710e-01,4.520372970815254021e-01
2.344837235506937734e-01,6.359320756824665688e-01
2.778916326235064682e-01,2.842038806416638530e-01
5.864623604174532545e-01,4.074634223605442251e-01
2.059635543475904773e-01,8.078971403302174226e-01
8.477464951271486138e-01,1.830064031160709703e-01
-7.564948929418665452e-03,2.912050510964094285e-01
7.986769964300503011e-01,8.335860496829202715e-01
1.266133057799031791e-01,7.925670235820051479e-01
6.103377524846712726e-02,4.215874714559270098e-01
1.019703070220865593e+00,1.800297579670134540e-01
1.449478971439663866e-01,4.328880715760473064e-01
6.302928457666814310e-01,9.202231452618220287e-01
9.484856104557490841e-01,1.119144910154347139e-01
1.571199983466163574e-01,7.938750344618809018e-01
2.741476572556613700e-01,8.972754000762910298e-01
6.782745229499869133e-01,7.011746883091782290e-02
8.255118453367006337e-01,1.672597808839893507e-01
4.202667015096141490e-01,5.676008074221662314e-01
4.649645451311320565e-01,6.591800679038828381e-01
6.390518341385427181e-01,9.951289080573860746e-01
1.016064421490995295e+00,5.490858710268641252e-01
8.947200296317700530e-02,7.444529171612180862e-01
9.908673277819042280e-01,3.291597706504229004e-01
4.607232670408097919e-01,4.167862860466458597e-01
3.011116794487710135e-02,6.496325739010103684e-01
3.602793315384278938e-01,7.863754244258639448e-01
8.238099277251823560e-01,8.345269591237816087e-01
4.126562146981046508e-01,3.032820991651949405e-01
7.434908182864511383e-01,8.178020307868828498e-01
4.707871813478478051e-01,8.972165558870539570e-01
1.428001811906805807e-01,8.638525818315710980e-01
9.022818923109145184e-02,1.220918618790407945e-01
5.360328171571070444e-01,4.022382051946782333e-02
7.425584574456614573e-02,-1.320704294978249961e-03
4.248803865628776322e-01,7.978350678533588924e-01
1.420137339542030391e-02,6.373039483491486079e-01
7.865423841755535550e-01,1.941909746645266721e-01
1.843210487532681852e-01,8.273290940566948581e-01
8.068091611377614658e-01,5.403380378943478668e-01
8.088859965538072183e-01,9.212977730163680878e-02
3.921295591045482754e-01,7.459485933099390120e-01
2.382326494448844256e-01,7.561821074384376118e-01
4.818560559326299231e-01,7.420288296276016382e-01
4.299446113071291320e-01,3.598133763927862661e-01
2.077344648204728361e-01,2.272509285697882631e-01
7.503056091250039916e-01,1.213604126960368401e-01
8.553330954100148154e-02,1.337091881340125299e-01
1.354075862504885153e-01,8.167340701392836744e-01
4.040778232376884826e-01,9.856911535060801643e-01
1.199300782919433817e-01,6.487335633063292528e-01
4.421877965203627192e-01,4.084982416747214296e-01
8.895445986913984582e-01,9.645273552755269098e-01
8.718604736971945490e-01,1.978246647589812224e-01
2.292908091177476571e-01,6.891258409108721450e-01
2.885206290113593863e-01,7.581000268647102303e-01
5.432189892567725886e-01,5.381552919993887185e-01
7.858304364985585488e-01,7.135589025428725751e-01
3.952824409446835385e-02,-1.648565048912961628e-03
6.053241798078324853e-01,4.982762825669124207e-01
2.711294072697602031e-01,3.947388649141087003e-01
7.733727181947054330e-01,8.267975746056379638e-01
5.730438202683745263e-01,3.828523230401624233e-01
2.783175088362162541e-01,5.441031867700689695e-01
3.106691774823326924e-01,5.697772332251570537e-01
7.016477564147735047e-01,6.341460762319967026e-02
-2.144045828560973282e-02,2.257980013238628514e-01
9.232090499309685283e-01,6.720664334849103527e-01
1.862601072636003163e-01,8.433808101417837877e-01
4.572392857474137928e-01,4.643997469254845800e-01
9.364393116792174565e-01,9.325198887215344068e-02
1.935674419575746097e-01,6.306153669266509887e-01
1.878399503165192330e-01,6.641889829394889144e-01
2.309963835829559609e-01,1.176430559352968641e-01
2.199840978613144260e-01,4.073449249359421542e-01
1.861788617278613278e-01,1.140208700453341495e-01
8.443369689393367405e-01,3.184998003152226809e-01
3.443594145202315548e-01,7.632537445880029081e-02
3.458062728638621741e-01,2.603980529559576929e-01
5.928811017083082113e-01,2.261424939008400137e-01
8.750429135758466259e-01,9.525068429744502074e-01
1.212019288824352226e-01,9.848413726967222837e-02
1.159197942762082711e-01,6.100950767789530271e-01
1.328834041147624323e-01,8.484928917036882456e-01
7.459219016624372145e-01,8.207324415028249831e-01
4.944162116155033648e-01,9.951602466230519140e-01
5.716734234694887534e-02,4.040260517913367155e-01
3.429698002521334721e-01,9.410995369554254752e-01
5.676751442510677981e-01,7.838445853652019624e-01
1.622262955875443391e-01,1.017951996399726333e+00
5.041504141800442484e-01,4.819613519546813718e-01
9.507618897843964634e-01,3.487617467018265804e-01
3.809171531668466004e-01,5.999365729757094590e-01
1.195119750829476829e-01,3.019221914490034520e-01
1.762446467644457060e-01,1.162730951058482398e-01
8.645193448233875477e-01,5.767870778432738765e-01
3.525050241368197779e-01,4.527870398776613903e-01
4.559114651714675226e-01,6.625216887381063513e-01
8.917273125763990338e-01,9.297575741002437333e-01
3.785961975476457297e-01,3.401392635144465104e-01
4.722426377542990328e-01,5.744627546868933399e-01
4.443685105965590743e-01,6.455331430567562423e-01
5.668104407024207037e-01,3.351170101582646166e-01
3.485498532113806558e-01,3.811886059475223520e-01
9.564221896475968987e-02,1.714445635689177405e-01
7.374330216488224066e-01,4.017000256668106228e-01
2.150106812378119736e-01,5.616914222283105884e-01
7.537935762920321414e-01,2.418157494613761282e-01
8.109293189371095112e-01,9.383839851211117633e-01
5.831371513459494560e-01,6.852263363498400928e-01
5.154913610234283794e-02,9.619117961906097358e-01
4.052239103360399386e-01,9.407589990408714575e-01
5.694502096202050945e-01,1.279678785290845090e-02
5.329975911440300307e-02,6.493922716819333640e-01
5.967018827829102534e-01,7.185149812835582572e-02
7.624057271123415580e-01,8.682629523117815218e-01
5.081926543884986991e-01,4.592887735235204327e-01
3.269704609257120462e-03,8.059378104008098065e-01
3.112517228487770016e-01,8.575492815199571295e-01
3.651140037832030782e-01,5.782029741286157654e-01
2.530230650338435305e-01,1.560799912465715145e-01
7.727743913002877996e-01,4.763530940735924424e-01
4.876925654165363277e-01,9.448857026933593639e-01
9.687976425684875492e-01,8.653649910679529489e-01
1.974965524422616636e-01,6.064641421984426906e-01
8.656195266447884729e-01,3.576517539491939623e-01
1.086073260326020917e-01,8.067279008351829761e-01
4.999051238130937103e-01,5.720201516459295643e-01
1.007820707574502039e+00,5.979007044075601573e-01
4.463300706682583052e-01,4.106778857899641699e-01
4.186941438861981890e-01,1.283852167174841241e-01
7.761399926436020058e-01,8.555979887046878396e-01
3.069782979638948639e-01,2.939075547286118528e-01
8.860574477563100126e-01,2.957981030484755497e-02
5.282731495727447379e-01,4.799161094968065200e-01
7.005047597584493912e-01,1.606119436259976219e-01
6.849966679037564621e-01,3.989711296653686845e-01
6.076308894892420431e-01,4.005902733184441011e-02
4.263533410800913748e-01,5.339228549329964046e-01
2.387887543802720280e-01,1.344777496293354802e-01
1.911430261689952836e-01,3.397371633644692412e-01
8.913222482745417063e-02,9.519632214665363357e-01
3.893092107152615888e-01,8.042640637778802892e-01
9.563261045467290611e-01,9.251681171973263895e-02
6.564542303403481105e-01,8.627843283935154872e-01
6.349760088791761570e-01,4.246116162418857032e-01
4.539542610493909613e-01,2.707863970049033051e-02
5.473016505979130253e-01,9.794388510806815162e-01
9.749922939795321319e-01,6.114534084223534338e-02
7.274871294813789468e-01,3.311852045197047900e-01
9.088380534077172834e-01,6.987367974254336811e-02
9.683577010574890842e-01,8.150346965100868646e-01
1.054396194173374685e-01,2.991032312695677056e-02
8.559305468214313262e-01,1.255870256268125096e-01
4.993013061662565644e-01,8.937970042608063270e-01
5.326818733388347660e-01,4.026764620693327190e-01
4.233252019462728222e-01,2.931151246379529174e-02
9.679148549594953632e-01,3.109964256500237223e-01
1.519678297231318309e-01,2.717732783709848055e-01
9.628804198520188873e-01,8.714958801860925308e-02
8.607133759601265366e-01,7.314296339761700017e-01
8.729500750054995928e-01,9.696315706482603325e-01
8.157170248652767519e-01,9.386906893055765311e-01
1.308211188593102203e-01,7.947229942715732243e-01
5.578895164455356381e-01,5.877337800837849624e-01
8.646591591789072329e-01,9.616622253060351788e-01
7.356611865904110203e-01,4.724974782664672079e-01
4.721937280133338133e-01,3.989594711701349716e-01
3.863366267089387018e-01,4.297736365676219639e-01
9.641468939320574361e-02,4.251948955204012948e-02
7.658617003470293838e-01,4.897939502520983757e-01
9.024005323569209702e-01,6.221571399777638955e-01
-1.511420229694399736e-02,1.304987976796892768e-01
2.235585386410058328e-01,9.764552427962557291e-01
2.111753896438692824e-01,4.994685558009530624e-01
8.962460808474942420e-01,9.910608476388901300e-01
2.306974879903931352e-01,1.868034025976704829e-02
1.542056153279641739e-01,7.495343901076065296e-02
1.911107672898289256e-01,5.708895683699838353e-01
9.132113326053906688e-01,5.230829875217765101e-01
6.270747489650774220e-01,2.165715902360199618e-01
8.212764941403617458e-01,6.336034952773700324e-01
8.506348685680065191e-01,9.615673580371797424e-01
3.572101043033231726e-01,7.638488268653544078e-02
2.166427031659937386e-01,4.514354277287880302e-01
9.732318148806021751e-01,3.420763844138052789e-01
8.035744384327558887e-01,5.637598856889184384e-01
1.867911404342972037e-01,3.159197864862916538e-01
6.610005540072014796e-01,6.600420874717141118e-01
4.312058464101127808e-01,1.991450636333350621e-01
6.870763203713091682e-01,2.155191743068324561e-01
9.379311962332923525e-01,1.919773594565240271e-01
1.066977069703029524e-01,4.810922219757609586e-01
5.134083559144286824e-01,5.100166886576118497e-01
4.327347237878002018e-01,9.797708382757187584e-01
4.958703885350627671e-01,4.817138745771938346e-01
4.296242181494351886e-01,8.092665094185962082e-02
5.895461529036506443e-01,2.245900134175528584e-01
6.672580314740910179e-01,3.195315777029475446e-02
9.439144662885142756e-01,4.801158530538218172e-01
8.841683696932129966e-01,4.540141540870658021e-01
7.803557891607013075e-02,8.193181784186237548e-01
6.229124485144974521e-01,8.204559699541362772e-01
3.959561382209253466e-01,6.362031763999229650e-01
8.184434682996637456e-01,6.364786075489320405e-01
3.348514608316948693e-01,6.789150906727872137e-01
6.715064608879330876e-01,9.875991180867615959e-01
3.623180431935907331e-01,3.929908803912128268e-01
8.168732822475964772e-01,5.007111651335572899e-01
7.001878954881839423e-01,4.386018589318778638e-01
2.007524929031706817e-01,7.763115105890254775e-01
1.453040851761095154e-01,1.916289602754533694e-01
6.362423773816533457e-01,7.064806025948688895e-01
8.833897646448549690e-01,2.806064049960589335e-01
1.140317847284637032e-01,9.452595366045569714e-01
1.536569253795224410e-01,2.044291523488798723e-01
2.911423203550959626e-01,5.466114331647569102e-01
8.891996082318308625e-01,7.707708321384605377e-01
7.424286496072367569e-01,1.917306945153050002e-01
3.925018004535936744e-01,4.649666387622743424e-01
1.155776760286748722e-01,2.706240863124543816e-01
3.038212767192965957e-01,1.564644813768263643e-01
5.276388032551208029e-01,7.034506173149940311e-01
7.803521879771894987e-02,4.831251518428369418e-01
7.787806023230211538e-01,7.551614980165737290e-01
8.366550488369935978e-01,4.789555425950602907e-01
8.212132267889824533e-01,2.244361561423781903e-01
3.915012432993826286e-01,1.548029074830915008e-01
5.032961162908744512e-01,4.189427297138178519e-01
2.707150922428895878e-01,7.654885263502432258e-01
2.715969713088902671e-01,2.520219135243248476e-01
1.370280952643562478e-01,4.253087618309300266e-01
2.966590312705442711e-01,3.815290049574870945e-01
2.325977769199799039e-01,7.387750777334136654e-01
9.477165216174886497e-01,5.082299082919621291e-01
6.380185044812413109e-01,8.813976002887995431e-01
1.000730578595610432e+00,6.401437085781370717e-01
8.928036242510188902e-01,9.350867998872556264e-01
7.539784321801180633e-01,4.701157715373467938e-01
7.319676449028252041e-02,-1.375464326736235143e-03
5.003706448710271149e-01,5.120962821721440905e-01
3.672328540811228836e-01,5.824772639976938393e-01
5.640456642325457626e-01,8.221516108995398087e-01
9.195102432299910589e-02,1.933661616135773087e-01
7.862543410148911116e-01,8.442871164575233012e-01
1.010764149228038145e+00,8.782996236770953535e-01
8.687008447662444288e-01,3.191254291288017630e-01
3.965807256212980914e-01,2.493885805472621231e-01
5.745092533172680982e-01,9.513014209075485450e-01
3.535688295012070492e-01,5.681371624470683557e-01
2.817347417836497669e-01,1.732215710147427812e-01
1.676782468773106993e-01,3.821368830109232728e-02
9.499681670042241510e-01,4.081266691140731928e-01
8.015445340833209364e-01,6.601785784036383609e-01
1.846133046894206653e-01,1.946326212372936904e-01
7.957261464532204842e-01,2.675232162754389020e-01
9.181930365146573347e-01,1.350615681750211572e-01
6.830690152176581709e-01,7.875755399396590084e-01
2.221406444444060102e-01,3.048945606059439428e-01
9.946141841791538152e-01,2.814560202516963594e-01
4.519648936991207400e-01,3.959973761215708210e-01
2.340608322238121597e-01,7.695690550435282384e-01
8.201621817574360485e-01,3.720563347336567350e-01
8.500238770731971538e-01,2.206423749640993304e-01
1.142824488230282168e-02,5.706967495849968319e-01
9.700771158478560530e-01,-1.537896844282569953e-02
2.336349233491750998e-01,5.065846867619334670e-01
7.725984725454494439e-01,9.780122549511180430e-02
4.036104419402750665e-01,7.624336468595136473e-01
3.938575224423290222e-01,1.704566930900466293e-01
1.779961932632204979e-01,4.036747215470448125e-01
4.958498784869943554e-01,8.197616379397663078e-01
6.448165452898186878e-01,7.090443910051148491e-01
1.000804300476269670e+00,4.260146719977204177e-01
4.246144136540391245e-01,8.684033135954982718e-01
2.781449607965040816e-01,7.364233453743341817e-01
7.812661636516947672e-01,7.429530790717558952e-02
4.331548688018110327e-01,2.362900250216668219e-01
1.668448361100953736e-01,4.576111323702143907e-01
2.999788003173147199e-01,8.115181808316411782e-01
9.291732172877681384e-01,8.071883286361817289e-01
2.449446881604844806e-01,2.882670463386927673e-01
2.691794712454700922e-01,9.873739823251168057e-02
9.721720649367782130e-01,3.523062859058636032e-01
2.453777872777507252e-01,8.339888511470870958e-01
4.133054922834612510e-01,4.532069521565063042e-02
1.611991192715165055e-01,6.482720731437764394e-01
7.811763010634434901e-01,2.252134050201153870e-01
9.611010245084498083e-01,8.241723402394669495e-01
7.846178275023173443e-01,2.193476614602958286e-01
4.085547065177713710e-02,8.598721759746241755e-01
2.872714496600151657e-01,6.363650645575577025e-01
7.323402945830963517e-01,1.373087606255533333e-01
7.936076668761887776e-01,9.448407771018780821e-01
7.381178312629275151e-01,4.602080935951073370e-01
8.777494443968408833e-01,5.205276977980458630e-01
7.544983365892514726e-01,8.325132686108439595e-01
7.671464821233809905e-01,2.536070208503443668e-01
1.141732704921399333e-01,2.170311636135796585e-01
5.140942335125937568e-01,5.198111057198511187e-01
5.771560956913959206e-01,3.805164779087221727e-01
7.988306521485495360e-01,9.104889040073486095e-01
2.752543867219373053e-01,7.719822787848777956e-01
6.979860735177424447e-01,5.277436474002770161e-01
2.250417315978131549e-01,8.000466643943054956e-01
9.510424078205205189e-01,7.083295235048919780e-01
9.037899653767116348e-01,9.840578700012985180e-01
3.613124105624835880e-01,6.099204141366185716e-01
4.649542190867246849e-01,9.908857671421780200e-01
1.066803493909425637e-01,4.118564592556281934e-01
8.804292072038030215e-01,2.592808623867045026e-01
7.695571158853221627e-01,3.815659260345742321e-01
9.901895621939581504e-01,8.881559022673447545e-01
2.843438699313742823e-01,7.654618736668912238e-01
3.670933106908048638e-01,6.172480048674663378e-01
6.552301075261638408e-01,8.090786738513120468e-01
1.018341853921333334e-02,2.202896983969811207e-01
7.174367525605788165e-01,5.748345058715684797e-01
5.033647898889194172e-01,4.780522946260675615e-02
3.380537854736045955e-01,9.060400095564417056e-01
1.976349059747450204e-02,3.706021614588541624e-01
9.123739381097238921e-01,4.381695680242039120e-02
7.685054274579733447e-01,2.460936623952125757e-01
8.961591229925376378e-01,7.459223480565939646e-01
9.078963321932976838e-01,2.007703677807147202e-01
5.164484202602090956e-01,7.810908576414001825e-01
2.553508363218789379e-01,2.271671604158978786e-01
3.303144251120072872e-02,9.702850130444569121e-01
6.816067664591560771e-01,6.287416050264020839e-01
7.336210721137957913e-01,5.222104755430220235e-01
4.842713756607773257e-01,4.394364524118755666e-01
6.003376593794046423e-01,1.968046023556966895e-01
8.667705743897033965e-01,8.216790108429160577e-01
3.656775512891082824e-01,5.351127196120570861e-01
1.255426585492081526e-01,9.794137084019821637e-01
8.747151849262522205e-01,9.375507240428045952e-01
3.531493784006960457e-01,1.658943947049910106e-01
1.962939314759418463e-01,4.379003853558360859e-02
1.363911359966063497e-01,1.113552737583724944e-01
1.025736093171576657e+00,7.015821301926349063e-02
1.106885645970556581e-01,8.440070801172990800e-01
5.777028412199025631e-01,7.839798390422006991e-01
6.369670418385938726e-01,8.840351396125442074e-01
6.590378038343912559e-01,5.434384542837632504e-01
7.022959400670684138e-01,4.289305023643809611e-01
2.960815061137309079e-01,4.607292252482165784e-01
1.478476019283339882e-01,8.049556681826331994e-01
2.539864426390360252e-01,1.489829733311015536e-01
2.625915636982644186e-01,8.500152453729146185e-01
3.278674943989982049e-01,7.197783830246053949e-01
8.711726089824000097e-01,6.942744985015927850e-02
7.575993398590002981e-01,3.234330602491107265e-01
2.206792781516324076e-01,6.664782582462925875e-01
9.276908795287952536e-01,3.201638527163329639e-01
5.924615827444359439e-01,3.206890938797807844e-01
5.956695483175677985e-01,6.564612113607986021e-01
6.171486244253742148e-01,6.193778121369264422e-01
9.848775827748132428e-02,6.937578264955204244e-01
6.851330775584623112e-01,6.834591803254301823e-01
3.630613276525800071e-02,4.411064154392111414e-01
4.219417730228633423e-01,6.619318294392090296e-02
2.256817528015547247e-01,4.495951718156217525e-01
7.652656626785971916e-01,2.713141848405436485e-01
8.221933888726982165e-01,5.494734333752774313e-01
7.647230686357678886e-01,4.855434805246244823e-01
5.099422871350502984e-01,6.482195005856355996e-01
8.813446735614074434e-01,5.001730029773697739e-01
5.384057582887756821e-01,5.972923788769302078e-01
6.922349424478140278e-01,7.063041327076163833e-02
5.014762232681725385e-01,5.151506974045180209e-01
9.291908116341278667e-01,4.775968838864558808e-01
4.272676345984280366e-01,9.740123421790695124e-01
4.644994474757545011e-01,1.765688932990195081e-01
2.289896324489004709e-01,8.822212776770783915e-02
2.191243476230768372e-02,4.517993577158925245e-01
7.364640738701629941e-01,7.055626059210136081e-01
7.277472226372076747e-02,5.886268305945747681e-01
1.290355053129047802e-01,9.096686839962391247e-01
1.715204409563817201e-01,6.037929098600159916e-01
3.199042144055597725e-01,6.406157421723370771e-01
4.104498286867808154e-01,7.821738179420445469e-01
2.673742501103679170e-01,8.962134958576168930e-01
4.775964660372872816e-01,7.638700708125243377e-01
8.823597936900814398e-01,9.907643078280120585e-01
2.409528434342425030e-01,2.701497017127724720e-01
2.508585140938907054e-01,2.396324865137795246e-01
5.826613827489623976e-01,9.911934235715309516e-01
1.002440545075995892e+00,5.623344635360981725e-01
6.312493018464869765e-01,8.199759607546921458e-01
9.288913806699136133e-01,2.098469797993124941e-01
5.325797307075876841e-01,8.296885984558071137e-01
3.329563754505186490e-01,4.425333332778230155e-01
9.835251762096186567e-01,9.694925741842514988e-01
8.711725970183576973e-01,8.050329835544163259e-01
2.740388587201528781e-01,2.996634633686239835e-01
5.463953940138382981e-01,5.579003458914698621e-01
4.930128088688834342e-01,6.208040656533214685e-01
4.164246560550859400e-01,7.446579232845259577e-01
3.217300546498002012e-01,3.134435564316144784e-01
1.246262605765772885e-01,2.072018814063146253e-01
8.546536804056272807e-01,4.415398981409487944e-01
2.340375950442022124e-01,7.866288003157394515e-01
5.637894065204620553e-01,2.636003105475065098e-02
3.291320474219128767e-01,1.738411363908943241e-01
6.595542173982310574e-01,2.652519321526659590e-01
3.393571278323301299e-02,6.179170624541614060e-02
5.886608996474256283e-01,1.596919653868451860e-02
8.695085345081240424e-01,1.409650528400429592e-01
5.711386469581360981e-01,4.307457110936417921e-01
4.120327351808628080e-01,7.855786946985936214e-02
7.877106928181032419e-01,9.127462686031682093e-01
3.029264343541767171e-02,1.601046938323551216e-01
8.877420515303725557e-01,5.601824058537312467e-01
1.696363738771699270e-01,1.625380403766962800e-01
6.656196616377053621e-01,6.808650103900077966e-01
5.884564863819600200e-01,9.750215160704504003e-01
5.542590063301642278e-01,2.954954354595473176e-01
4.522905924083955864e-01,3.493964501783096144e-01
2.257372864354924014e-01,3.255842454936254404e-02
3.337160200455280834e-01,7.028723475802953757e-01
2.634934819969865505e-02,4.357903344248078015e-01
6.263773454480077163e-01,5.970028591805913720e-01
7.683712648953072710e-01,7.905311877081131477e-01
6.975629209916325291e-01,1.156704161568242462e-01
4.704160247798508387e-01,5.683362183059282868e-01
2.660650127907510654e-01,5.088621404247795077e-02
1.959276616011029482e-01,4.475868216103608965e-01
3.980883424734451004e-01,1.902050955087542794e-01
8.169824981625397609e-01,9.242312020590053301e-01
1.975644306558700658e-01,8.999702249727138392e-01
4.596888253432393490e-02,9.382090738506158045e-01
9.369811180599105782e-01,1.588910143583205370e-02
7.825016550736958454e-01,9.713163928249952672e-01
9.370373025511401499e-01,1.029067178034569041e+00
5.478010709794116639e-01,6.650554502457098338e-02
8.300010127646216818e-01,5.695567633471058100e-01
6.396996452172819536e-01,4.101837336574205573e-01
5.893490914705104000e-01,1.751088225038909263e-01
7.181506219675298786e-01,5.640102345663852712e-02
7.646745048328006389e-01,8.475771196289819676e-01
4.592629268221141148e-01,4.889269001589650054e-01
3.093851573140560252e-01,9.996164721451531454e-01
7.468332341948078490e-01,3.726238002265608307e-01
2.065778051048260400e-01,2.474950955015014775e-01
4.706047303245005087e-01,9.980907934650605773e-01
7.291978826490479459e-01,2.372043181223336683e-01
8.517012013180554897e-01,3.962574917380695116e-01
8.467544390812231647e-01,2.509269642994713667e-01
6.664633301339686344e-01,9.457075241089074602e-01
2.674308314015911847e-01,6.774325347422871513e-01
9.910771940472082875e-01,1.304382372115131528e-01
1.061418176654150419e-01,6.914327452386129780e-01
3.361432388307585839e-01,1.045151171042652954e-01
5.057635392710040367e-01,7.567636116128747537e-01
2.964326228482782044e-01,3.232777331463126957e-01
8.402557901010403452e-01,4.985117579822166411e-01
8.331652290120521442e-01,4.443017148585933218e-01
9.197678166270024658e-01,6.623308692176591572e-01
1.363414307297748929e-01,8.849346335286142340e-01
4.353203496620276503e-01,1.365791126846030434e-01
1.248224095940711209e-01,6.753415544591367947e-01
7.641123274206026994e-02,2.379043032564225890e-01
1.234603399721209416e-01,4.576688218543821240e-01
4.003152496033881014e-01,5.063078311454174418e-01
3.202844524746807919e-01,3.961133724638767062e-02
6.330721547558253448e-01,3.836113972398357275e-01
6.545689465720220257e-01,1.339474690037109339e-01
5.188428738339605911e-02,2.146239093930798481e-01
4.558409758703112491e-01,3.932079992004987590e-01
8.017170105672214442e-01,3.974588567822927021e-01
5.355789332534600655e-01,6.320250497310477833e-01
4.383671983173365039e-02,5.424274256019654405e-01
3.208479749991131613e-01,4.051584092029135720e-01
8.581356939785479698e-02,8.092829416936542231e-01
9.230607250858863244e-01,3.510133645384768547e-03
5.789456544633367896e-01,8.189046116659330909e-01
2.819629504565669409e-01,7.981533451943980673e-01
6.095427044063972399e-01,9.483478002694695208e-01
9.455314788489230793e-01,2.276605909469593333e-02
4.303102830375662435e-01,5.513652183483837010e-01
1.308815869259086218e-01,3.667657924492750410e-01
9.977119118449901958e-01,2.438387820785776344e-03
4.724602730657541105e-01,8.347889302927350430e-01
3.120925299744861658e-01,4.977148157050592103e-01
9.289892542702160583e-01,4.895731778102780929e-01
1.166594162622258818e-01,3.742934559334362699e-02
9.845793111384029128e-01,2.551851578396694964e-01
5.231821992197986937e-01,9.628666067326907552e-02
4.313149410575965459e-01,9.250946740935824808e-01
4.963586835840804179e-01,1.001694919605565781e+00
2.774448386331643257e-01,4.945516205319162029e-01
8.386132689955366759e-01,4.365628798861305171e-01
2.991172789712053248e-01,8.790491989112098059e-01
4.009883409129276211e-01,4.983878724360657486e-01
9.916026480257199571e-01,2.125548588279219664e-01
3.048717676337464044e-01,7.066566118187328494e-02
3.654182967918749303e-01,2.138795809937990566e-01
6.596305082386313412e-01,2.024922969351273527e-01
6.870699695206902158e-01,2.995025445245722562e-01
3.652120059353642367e-01,3.407805316851892918e-01
7.069303459151887736e-01,4.615057183180878431e-01
3.510844180281660343e-01,8.795648984563956274e-01
5.974633911764370975e-01,1.838994723791507746e-01
9.008584810053354985e-01,3.439001263696435107e-01
2.335347190130744599e-02,5.033652238159297410e-01
1.531550711974378476e-01,2.563026233948078603e-01
7.740522404662510958e-01,1.163824564256053934e-01
8.076743798093690696e-01,9.215943345456307778e-01
6.113207018195560005e-01,7.169482102049742345e-01
7.327833700154355867e-01,1.019077794347384103e+00
3.553178054805380959e-01,1.456531539858848534e-01
4.921237806278371263e-01,5.436502104458148521e-01
2.079229104733687217e-01,6.126135814527746692e-01
-1.642313776583641249e-02,9.693635215883817935e-01
2.743623688244905545e-01,4.298303871117434977e-02
8.489001845472950170e-02,2.405732727375507751e-01
2.876438518499562780e-01,4.287041390879961500e-02
2.657570696306805202e-01,1.918004308343321251e-01
3.663007933937832972e-01,4.184509690138970561e-01
3.569052201756013343e-01,3.174371861587111932e-01
6.636188456415050008e-02,3.076124877078739717e-02
1.922579523621210373e-01,7.482832941425632267e-01
9.681054828799132705e-01,9.082980005668942480e-01
5.074727585889791115e-01,5.264862868210937741e-01
3.645118567562564138e-01,7.858245072910124973e-01
7.417227843044083002e-01,8.135596327221022994e-01
9.034680049700463123e-01,4.264119063307554303e-01
7.935050670972907394e-01,8.120360055650773790e-01
2.688092163038635074e-01,9.088537580377993308e-01
8.083586151951288601e-02,1.003109917930647521e+00
7.490356695618944904e-01,9.632725720349877285e-02
6.295066516807523715e-01,3.430311930782922736e-02
7.775874691331471356e-01,8.284531280062145120e-01
6.073217615635509992e-01,8.405256934315548101e-01
1.277433819540228777e-01,2.722602813166572489e-01
4.296488569546994540e-01,3.020003740469538386e-02
4.500316527690144119e-01,2.491880974210070598e-01
3.991802112087371457e-01,4.411791938955788028e-01
8.695157479771939979e-01,2.593208121399055988e-01
9.008794930855512639e-01,4.094706454132534534e-01
2.974488469472763019e-01,5.095759777031707571e-01
4.155893428304409665e-01,2.547951252263345179e-01
5.131007330876916628e-01,1.650167401274394985e-01
3.487099051912221359e-01,5.433368312682915757e-01
4.006365083264356586e-01,8.356116396601042107e-01
2.594498148040658703e-01,9.587763915158604711e-01
7.690342911346488286e-01,9.799494822025907048e-01
8.337035067190630144e-01,1.571582614270853884e-01
5.440468065837850142e-01,1.637217261900820175e-01
8.372203023239792596e-01,5.869303442725345432e-01
2.688044791085865692e-01,8.858239901049321796e-01
9.576762734779159514e-02,5.455285161937651894e-01
7.146674602186540159e-01,6.113555748550734276e-02
6.009610397070230814e-01,8.216161543989192184e-01
5.382842259272995616e-02,5.260702303821238601e-01
2.947429470197718282e-01,6.558579537879383192e-01
1.054040037301719468e-01,9.233447941922894309e-01
8.964379382453416811e-01,1.754591576834490796e-01
2.886593161034404220e-01,5.584999372040095889e-01
7.384661394235992882e-01,4.682918959627256905e-01
1.882891137201345710e-01,1.086775825784591226e-01
9.799472267552676863e-01,4.465917984603435809e-01
8.427039964489012602e-01,4.517781648382749871e-01
9.274628927572577952e-01,9.853961375969096104e-02
1.531866624490758333e-01,9.279703162005044081e-01
9.203363488286728789e-01,3.122790397902626691e-01
3.495157030116037844e-01,4.426256012987890842e-01
4.230366714167883013e-01,1.657557653774761053e-01
9.009898125958937243e-01,2.663388660200333158e-01
7.336671648822908898e-01,7.336319471569166528e-02
5.961374053881500490e-02,6.448525517707986987e-01
3.329300520916758654e-01,6.824163335443141909e-01
6.658951366955404017e-02,9.417885738709514953e-01
7.710833930276147496e-01,8.720449987307490325e-01
1.307585134070858301e-01,3.148543265615391107e-01
3.706871997032890054e-01,5.588943251652033206e-01
3.153531158738785978e-01,6.085988701938433582e-02
3.907261520872866156e-01,2.613851738938768876e-01
4.031036948196314862e-01,1.763921531381662799e-01
2.966674292333967289e-01,6.313566015151773625e-01
3.331876476317087721e-01,3.785739366388791716e-01
5.340067313465861609e-01,7.639506616208978640e-01
3.667542950442132521e-01,5.963095299265279703e-01
9.484348469894304801e-01,5.104419848646359892e-01
8.987400144413106862e-01,7.878276833823821823e-01
4.841451665551248923e-02,4.461551541023540679e-01
7.037396539645420779e-01,9.945726472150855368e-01
4.705883354318583511e-01,9.092356872342541307e-02
5.416029881303913163e-01,1.626672417114979341e-01
7.700702533719816500e-01,5.399335377404895775e-01
7.441221367965155098e-01,8.601543988012140263e-01
5.819884583961998370e-01,5.878574007426266013e-01
7.673007363737960329e-01,8.404200430659374277e-01
8.606567890986878133e-01,-1.348087435014363317e-02
5.559277515129036340e-01,1.946337387925053952e-01
8.458582391664649647e-01,6.653997671413038884e-01
3.996396399507579633e-01,1.694304420138874612e-01
3.427352324680288942e-01,7.212249363724907436e-01
1.963054273035028663e-01,1.229272534388308885e-01
8.624553746690477585e-01,7.351292375679485680e-01
1.690092106924274418e-01,2.592678681417830422e-01
9.788011564340880488e-01,6.886287003713339461e-01
5.823181569368403032e-01,3.152244193268424755e-01
3.156041291103365842e-01,6.054078662853844273e-02
7.459875561953268619e-01,2.481315573603274857e-02
1.037915706627314145e-02,7.394325194088277042e-01
9.393760922473435304e-01,7.597980898054047527e-01
4.466078260251450383e-01,4.734932460389890130e-01
4.435721687608670250e-01,3.547945201972775298e-01
5.447430064522770232e-01,4.443681266958014464e-01
5.997618808162702431e-01,8.966154702415881639e-01
9.660574182460572867e-01,6.203315920512701698e-02
3.686263755694675903e-01,1.922013820776224402e-01
3.710194293552502298e-01,3.022044869389522437e-01
1.981904603881842752e-01,7.655212044518200365e-01
4.766301391773581364e-01,9.182469242902405737e-01
1.809570143836489869e-02,8.013521296711186015e-02
3.960918348683962198e-01,7.830668805934805354e-02
2.766020410082551950e-01,9.712078572847923086e-01
2.282391392010590658e-01,1.711658143728984338e-01
5.797716881544855427e-01,4.961803108467045531e-01
5.969851331313243969e-01,3.492477989712670094e-01
7.961465374391227812e-01,1.535814391596855844e-01
4.205742030104818729e-01,6.879458063687229341e-01
8.550414570647169032e-01,3.878278139533024027e-01
5.737299233019536038e-01,7.395322676840238030e-02
1.469266787483317072e-01,7.916827353020253200e-02
7.080366336233723246e-01,2.748889081685151892e-01
6.964383368961347687e-01,6.326744955158632167e-02
8.838372656096716851e-01,8.400640978943552106e-01
8.009232492035257833e-02,2.593943281921029520e-02
5.836109242467552027e-02,8.549515468252637529e-01
2.382501776570922214e-01,5.274734307792880994e-01
4.283749703806609688e-01,7.604205588425942963e-01
5.004107736387501948e-01,4.786058568230621146e-01
1.012643896103080809e+00,1.012248314760210155e-01
8.641924375964656901e-01,1.896533206832649171e-02
4.536500769902281349e-01,8.923159646918435994e-01
6.775882652926128458e-01,6.795469108358118682e-01
2.811694033016429728e-01,4.026437063063330601e-01
3.585872245634096900e-01,5.154016513083468087e-01
4.514600129801031314e-01,2.882147803891648707e-01
3.049872710410002075e-01,2.485527485810675175e-01
3.866109021589652084e-01,1.242225896199827678e-01
8.593161555221799919e-01,6.261892163438982362e-01
1.396522028195424925e-01,7.048469279321287750e-01
8.567351404647638446e-01,2.466931050009499859e-01
1.870215942342175475e-01,1.044807029335840035e-02
2.702347331963033186e-02,7.750272980280694668e-01
9.758552985571516958e-01,4.268158294791078722e-02
7.554745791150070389e-01,5.543507953658294990e-02
5.819269299472714652e-01,7.655922538496461316e-01
3.482314978435562258e-01,3.040242743047088386e-02
5.754662001681732919e-01,9.714541406117964684e-01
2.957385401536021807e-01,1.588867483553567661e-01
1.233915621735491575e-01,5.922852968513141469e-01
5.958732704022878801e-01,8.192062505516823911e-01
7.661227709086100290e-01,8.923974571103910902e-01
8.031597931130438628e-01,2.048807347965895809e-01
5.494951716780538398e-01,3.020563292102038666e-01
3.344186377453539638e-01,9.812615443730742237e-01
6.875150663900636561e-01,9.871933196669827604e-01
4.402118000669425490e-01,5.482475995845323968e-01
4.853944385816879037e-01,1.056633105129388406e-01
2.296889048818777368e-01,5.365205811872137964e-01
6.396789071340866495e-02,9.439606571195213736e-01
1.036619357367768168e-01,2.009177155850799812e-01
7.963625703667839284e-01,9.244207184241742814e-02
9.371381321547449517e-01,7.289743996691141481e-01
6.749069326593890028e-02,6.941794313317302123e-01
6.254000772880420334e-01,7.177383113177903118e-01
8.458013496537988285e-01,7.622048264520973060e-01
5.957848806716252721e-01,3.332897378089068607e-01
6.936218081187691675e-01,9.801273666073923030e-01
5.867363481596787889e-01,6.696892703981918160e-01
4.058237128505162716e-01,7.455339723381854133e-01
1.005014455302260634e+00,1.785335587594159279e-01
2.211040743463524028e-01,5.078541403580344449e-01
4.518198017566966151e-01,5.832525265278231119e-01
3.413787996417638748e-02,4.221683084512844464e-01
5.503748978839204664e-01,5.832231524302937675e-01
6.566492254235112291e-01,7.298253709427287017e-01
6.209240034179295264e-01,7.509078741629267029e-01
6.281860899155052858e-01,5.480362679881141119e-01
6.263455281404716191e-01,9.402233368564934246e-02
2.886701735458289120e-01,5.371152561558998340e-01
8.994353169559937689e-01,6.779437979671086856e-01
5.581009241601600501e-02,5.909217569720194296e-01
2.235070026063532000e-01,7.443804446366928396e-01
7.967872051819349100e-01,5.872153762938158161e-01
6.087246811830020476e-01,3.365097341563913491e-01
4.401353335186676818e-01,9.022348817710154067e-01
7.019202472305254847e-01,5.444167538955293484e-01
3.886573809658547818e-01,4.587640905621510196e-02
1.423495902647385902e-01,1.922960148803273817e-01
3.770224983855454681e-01,9.322528199275188499e-01
4.965904303301752476e-01,2.277356726412748389e-01
9.928418344953640617e-02,3.320903999919226357e-01
7.709141397703354048e-01,3.852957751690969657e-01
7.619564504193347965e-01,7.653687543945848493e-01
1.038197494004853977e-01,6.010406030666359811e-01
9.846009539127601462e-01,3.913534757349655946e-01
6.429989260049218114e-02,9.509589303255929771e-01
8.711049073920511532e-01,5.211915030117666436e-01
5.868269558422036791e-01,2.163206258791098291e-01
8.269257523860158443e-01,4.904549599127598358e-01
4.761881175120131343e-02,6.822221041752860593e-01
9.138542110451088885e-01,8.220458396660939027e-01
2.535345644061441361e-01,5.556990421879155068e-02
9.220146305970029488e-01,9.466252941935510146e-01
5.333105881315453045e-01,6.173572315999578120e-01
4.527492983985346164e-01,4.321766211313803341e-01
1.424082966449796706e-01,7.870447373561734183e-02
2.107833367773665201e-01,8.756604452125653637e-01
1.456369418057798237e-01,2.285280306211501800e-01
5.338262382201744982e-01,2.194356226490821460e-01
1.975085982485906277e-01,5.684035470751008789e-01
3.893925359794023766e-01,6.267389629711956900e-01
8.916892765961974554e-01,1.373283980492077672e-01
8.910776163069673572e-01,9.068456990946524021e-01
8.535653592089028630e-01,6.345061361491016738e-01
6.139910210929421241e-01,6.234198648907540719e-01
6.976044684747165769e-01,-8.280440459715456697e-03
9.354105575953886031e-01,6.036070268183915122e-01
7.759111381556097475e-01,3.713327552010294852e-01
9.015893589540966910e-03,5.242520812113626860e-01
5.105001727764163499e-01,4.221276594781335212e-01
3.255752098231067260e-01,2.459238715927813679e-01
5.335892693510556617e-01,3.745679408235356167e-01
9.674420793263469598e-01,1.738529789481342569e-01
3.189410795252033415e-01,2.783528128732922213e-01
5.654501944827324822e-01,4.896340278703112392e-01
6.463248764379543321e-01,9.087950656534404814e-01
2.809175997327010843e-01,6.707797859867359325e-01
5.459767611197815368e-03,3.108321916729601675e-01
4.687102460092099632e-01,5.551523204211182561e-02
6.347755322200546724e-01,6.979754660416694900e-01
7.427502816061847257e-01,5.487025450812428318e-01
6.208784109501565007e-01,3.968919503145332817e-01
4.651882499571472623e-02,9.721720744526306246e-02
6.560407078987916529e-01,9.946832848840413410e-01
2.343391178802598993e-02,5.923829728545920714e-01
7.269044705433831410e-01,8.496219232840548363e-01
5.378402115484147705e-01,6.453092431494011905e-01
6.900560380142701788e-01,8.672213232242356185e-01
1.191126522269113919e-01,8.915703538072982104e-01
6.079694107744972736e-02,8.173446786873359571e-01
7.841808378282356939e-02,1.735797758814207892e-01
-2.284588664861646537e-02,4.411579087422580203e-01
3.224890014759868584e-01,1.426166110608987903e-01
4.503815085093625936e-01,3.727327487102272130e-01
7.701705086670319611e-01,8.905837696900827938e-01
6.029591310770563428e-01,1.139481906655269994e-01
3.047589949143856836e-01,8.920473791331494651e-01
9.897033689660535150e-02,4.155094235890980370e-01
9.221501906944371552e-01,9.504191954033660572e-01
4.277029987158455504e-01,6.498684434895870554e-01
4.526293872023732234e-01,7.764653217959645026e-01
1.442868939781430382e-02,1.533403146374008041e-01
5.926149813777538133e-01,2.293330243791634748e-01
6.749868335606264980e-01,3.031323916625642267e-01
8.759590965054487866e-01,8.278460241037139955e-01
4.973546822527501465e-01,7.624475194021153035e-01
2.490462461234669855e-01,5.068290744557475414e-01
1.910339171128418445e-01,8.717931125535739456e-01
8.306720792787650742e-01,8.932013026976315384e-01
8.989282160841524094e-01,9.477107098587715939e-01
2.521453111149640214e-01,9.582501414062660761e-01
5.922154848418021977e-01,4.188838608508261840e-01
6.113154788552327412e-01,3.456392458320626804e-01
2.933741365378813026e-01,2.408731110727665992e-01
5.983265991599996669e-02,5.224663618948827137e-01
8.763136071206086841e-01,6.485441897951309542e-01
5.441666949221444227e-01,4.406593458619022519e-01
4.505622407992258549e-01,2.024557824617072843e-01
7.693943535794708355e-01,1.960536101541961451e-01
7.326769604813127001e-01,7.552349099145141409e-01
5.630674361825876995e-01,8.569714364726385147e-01
3.153576718570303972e-01,8.805299074649939328e-01
7.665687831274764497e-01,7.873351576640662541e-01
6.689243452299393766e-01,8.376749784774288887e-01
1.034588590992795654e+00,4.237569607508258618e-01
8.564772064535939311e-01,7.361772084199872390e-01
4.834217492291192353e-01,9.293090671779818956e-01
4.111590414635066248e-01,5.410716967180565495e-01
1.129106359751476801e-01,2.043927853064522182e-01
8.458380985478612946e-01,3.661849217680842594e-01
3.922024290238296240e-01,2.678932589331542991e-01
5.025614118773384931e-01,7.811379603588046727e-01
8.571963901169976641e-01,8.005332365339924705e-02
6.064447071472837125e-01,4.479944471549311968e-01
6.562299320351056009e-01,4.471458211448890996e-01
3.594709501799278062e-01,4.406631052952193484e-01
5.973981117438423860e-01,5.035745718484774258e-01
5.017888703365114278e-01,7.938728146241169625e-01
7.480178872011333802e-01,3.415137154089599725e-01
7.977168270541755701e-01,8.459985244315603170e-01
1.462382178634208940e-01,5.861753782163662274e-01
2.913636141559781123e-01,7.442237789287874383e-01
2.629050795368256255e-01,6.473779539272573880e-01
2.188909853675391759e-01,5.314830645177004431e-01
9.297759670980122459e-01,3.737180220841309630e-01
8.634964931655521037e-01,9.742743347620591576e-01
8.456855680406647480e-01,1.544754779686485502e-01
8.326448417807537083e-01,3.207076630836173253e-02
4.033920262694461467e-01,8.608117333689668804e-01
7.068091325755584409e-01,5.225731898310074230e-01
3.456928790721026656e-01,8.186294223288119731e-01
7.249060993287944621e-01,4.572205393672887919e-01
9.164684625578281008e-01,2.129341740645357972e-01
1.838060454159715640e-01,6.776992831767245651e-01
9.727289623892013681e-01,2.427269115863097959e-01
2.475569454243451983e-01,1.720647557012258688e-01
8.686192067494556968e-01,2.692815939557074989e-01
5.087635544837681989e-01,9.777965448041296970e-01
4.707622177793635565e-04,5.577182358206530521e-01
4.714625903855520495e-01,7.979475796757421469e-01
3.462255828717816231e-01,4.151371540074189070e-01
2.067743450068926792e-01,7.419115614039702988e-01
7.462557274456209644e-01,1.183851677812910314e-01
3.987028312257400176e-01,8.947648905562569643e-01
3.519638412203883460e-02,3.179606165900597525e-01
5.736445945281020142e-01,3.297511978169030966e-01
2.940276099086869821e-01,4.421190223792668128e-01
2.008889942955684738e-01,5.239768628963364927e-01
6.777360531940154198e-01,5.871596866407996496e-01
1.210602032308186193e-01,8.362765767392539296e-01
2.062330724923573944e-01,7.316931823246977107e-01
3.366292460403231823e-01,7.798268272210595597e-01
1.988576256867918834e-01,1.733194359742453172e-01
4.996994005938467098e-01,2.236420554175340067e-02
2.181178455062786903e-01,7.295807535913556574e-01
8.240327406559982970e-01,7.866500071143096851e-02
8.691669285109125953e-01,7.734047957179784882e-01
8.849583392004394256e-01,7.325844433956801849e-01
6.954445071954430402e-01,5.317275549820901226e-01
6.399566556365956504e-01,9.133712900829503711e-01
1.216624266260549897e-01,2.701347425056228602e-01
6.518976910799481606e-02,9.594874903389237764e-01
4.224998583556979215e-01,6.838122363610991128e-01
8.486598499196351675e-01,9.619135994712386672e-01
1.635220199951244180e-01,7.871637003581982706e-01
8.957448716544069711e-01,6.227115056870088927e-02
7.620693388610364494e-01,3.561771676814122212e-01
6.543742169188835334e-01,4.905268942605446880e-01
2.591272164093724739e-01,1.192916970695459405e-01
1.375780081589492720e-01,1.169876208281205032e-01
6.513980671369751230e-01,3.856806825148177409e-01
2.100338889098654627e-01,6.809049456616860230e-01
6.797775114413179276e-01,5.071235642002336341e-01
9.044861544489307681e-01,3.978362916207835442e-01
8.079601686508164349e-01,5.364115663199513218e-02
7.377966964964052243e-01,9.802028617771766372e-01
8.643112634437382091e-01,5.808739454100892985e-01
6.107966907437166748e-01,3.727222096318083544e-01
6.940610459548796074e-01,7.421757144298490871e-01
1.003273814011054643e+00,4.781613812087300297e-01
4.647530991743891587e-02,6.332482439572354460e-01
1.215095777512043562e-01,2.404142737858311341e-01
3.304789358116496656e-01,7.485146784049965252e-01
1.697760343594316712e-01,1.551359474535324856e-01
5.809767166175401620e-02,8.429121505440735351e-01
7.133208611742465344e-01,7.842870921155285779e-03
2.337696946660639333e-02,5.266976390117092954e-01
2.614093680480241710e-01,6.226796876040278095e-01
4.554933331576597189e-01,9.463390083058167424e-01
2.588292492905998055e-01,6.581242452748602423e-01
6.085176299522183224e-02,9.701668839925122745e-01
9.647671942063796857e-01,7.274962013655339454e-01
4.425855186424004217e-01,2.531583451388921824e-01
8.030172242668943694e-01,7.369799432192775113e-01
2.236269316054015910e-01,4.733277032267418916e-01
4.437496065241368637e-01,8.497757666572322011e-01
6.582702700216427338e-01,6.664819486956096162e-01
6.155214308611834939e-01,2.683789663451168206e-01
4.042200042635918922e-01,5.960740760161924168e-02
7.953659815849487558e-01,4.120299123373303840e-01
4.235423322042063954e-01,2.722441813542498812e-01
2.188740712845685110e-01,6.056269145090404926e-01
2.340288914532905884e-01,5.857422188519469802e-02
7.828406485904069179e-01,3.816564950954853264e-01
3.768363838775435903e-01,4.030381403849632727e-01
8.341229893544853669e-01,3.296374221726047771e-01
7.459109702748789594e-01,9.631298954621042574e-01
6.657444459061319098e-01,4.369490579589261903e-01
7.654676346715614255e-01,4.712715021574914731e-01
4.203007606907577243e-01,5.215114625017832628e-01
3.573956178939843853e-01,8.957419986272091572e-02
4.297714423060468025e-01,1.221796978018553914e-01
4.195357461047101166e-01,5.816021875808558006e-01
9.244796126662709890e-01,4.825905788797687362e-02
6.267695521121395830e-01,4.449091567645109269e-01
4.542310817852332483e-02,2.637719318521981604e-01
1.097942537245681915e-01,2.388660212762063195e-01
2.579418504594575001e-01,4.007276501244936284e-01
5.204549167977680080e-01,1.601623370678591923e-02
1.522756935180781535e-01,1.087360479480215802e-01
5.615626021145244673e-01,3.215698874530063534e-01
5.849920878638441568e-01,2.069186091802085181e-01
-3.950927633550350981e-03,9.584888840036205337e-01
6.531996237324483312e-02,1.566950844883295835e-01
1.485819040406678448e-01,9.527368224971679567e-01
5.986909501204487061e-01,5.776081781935502590e-01
9.943558605726005029e-01,6.190048585480961013e-02
9.845426731562080258e-01,1.979166635249694217e-01
6.135642207577935991e-01,4.302704846400235428e-01
3.964220400697400781e-01,9.541593859203716388e-01
1.365521617156440770e-01,9.964728218230249901e-01
3.664185184409203266e-01,6.520346533994902938e-01
9.523409377779574747e-01,4.911911576896442477e-02
9.144843527297693564e-01,5.736786042348874792e-01
7.044559783221439053e-01,1.593102160017227653e-01
5.312474991881138697e-01,6.619186613890543081e-01
4.600729653328312629e-01,1.366414992382399551e-01
2.555022314011636819e-01,8.486834872342017277e-01
3.856138102675348012e-02,7.132625585397176504e-01
1.031420946202237676e+00,1.511467013802220496e-02
1.625100618813353492e-01,6.602968844959253847e-01
7.603853768395835155e-02,5.843858734476085059e-01
6.534905006425271168e-01,5.842445836688435756e-01
3.690144989084314653e-01,6.809121820335852782e-01
5.919308219116258263e-01,2.062075153609377043e-01
5.620173856995933637e-01,9.066000545332365546e-01
6.406021284667557936e-01,5.124675565775583808e-01
3.209273964656270128e-01,9.749043411662210168e-02
2.471838580897857962e-01,-2.333371834842692949e-02
9.654943644252469426e-01,2.119967345359841659e-01
8.347503390477120089e-01,1.409584590899843337e-01
2.664864010647522430e-01,4.215743360339318513e-01
3.338627930972637992e-01,8.072052302964910497e-01
9.380133057409487662e-01,8.433346564470216578e-01
1.643590598120172053e-01,8.053511551800848212e-01
1.410408809971977206e-01,8.904873768724207439e-01
5.092809692192815652e-01,3.442623395244013840e-01
1.523626341986601407e-01,3.995296100930086081e-02
2.664464060489705188e-01,9.177068246053969869e-01
7.581757342796402455e-01,9.559484351738970487e-01
8.980107459445972606e-02,5.772464238727096353e-01
2.609668994680751086e-01,5.471705473931119945e-01
2.869733882003507874e-01,2.995575114845805409e-01
5.741677761511241318e-01,1.904709901397125260e-01
4.840299636694873620e-01,6.354728706572314589e-01
1.533601869691204600e-01,9.277583997351606104e-01
5.359756439854634902e-01,8.016493231787187312e-01
6.826703627596811819e-01,6.919212607351943323e-01
7.671065667249498121e-01,8.560632217937906852e-01
6.347371694560319799e-01,2.709692672475395581e-01
1.138100905387881279e-01,6.054401181076281002e-01
4.452819626332678998e-02,1.853568485432817714e-01
1.108588505257695755e-01,5.503480735188673867e-01
1.014675233842068924e-01,6.164594915627713556e-01
8.046568639938641576e-01,8.075791051015823729e-01
2.953764173795553338e-01,5.485576957536963949e-01
5.870626447016025207e-01,4.748863845506270942e-01
6.843783975116145557e-01,2.327115072741383905e-01
9.746675441015241192e-01,6.666935190706901881e-02
8.246877244271920704e-01,6.046256349590881651e-01
2.460526167213052950e-01,7.583634972941256658e-01
1.017492952000663559e-01,7.850350055171008146e-01
5.844786511619670666e-01,1.211479878962418433e-01
1.242152477229490071e-01,7.210387422230422061e-01
3.026816558416663416e-01,9.259419164683281300e-01
7.385812211084872292e-01,7.182122465546343371e-01
3.013003975247834920e-01,6.794075959234406881e-01
9.623949188031978297e-01,8.613351634734632556e-02
3.249537260733689759e-01,2.281731709572001610e-01
4.195039162293593415e-01,7.400902344459578952e-01
4.649763107323738875e-01,5.618030958534020458e-01
3.073350889605605540e-01,1.196985566884898183e-01
2.574909677863390089e-01,8.620336937360554286e-01
6.105045905530607220e-01,4.020694543540898613e-01
7.947255597264226701e-01,5.496803786297138616e-02
2.336702880460865273e-01,2.359928916734713167e-01
9.830171465530653796e-01,7.044122375124767244e-01
6.230365267315161049e-01,1.537274691936749670e-02
1.897047065725867843e-01,6.321309309081842853e-01
3.636916904007970741e-01,9.120246883015401540e-01
7.816894156442665276e-01,4.389123480361855623e-01
7.225941216895211960e-01,9.985958174564661949e-01
4.421332548568542298e-01,6.432308299646738448e-01
9.284878767654841658e-01,2.487390295469288359e-01
8.369951557520476371e-01,1.053544667051171946e-01
6.749774355901547729e-01,7.985687996157815327e-01
5.721263396125166878e-01,5.380796906125970835e-01
5.908300688869998485e-01,1.300953195865536538e-01
2.312082622009641875e-01,2.789561729741882878e-01
5.993860427348343123e-01,4.305129489011416122e-01
2.710929770504358904e-01,8.820228151409473805e-01
3.426055001007323186e-01,4.706777182294604178e-01
4.140867764083380753e-01,2.042430894225120142e-01
7.430779878993498677e-01,4.962907171929717420e-01
1.005770445687389353e-02,9.643355671862213763e-01
8.301602244746094650e-01,7.174835083756690990e-01
8.851446246951347741e-01,8.478589922857967531e-01
3.360340412679251321e-01,6.088988290433694495e-01
6.060235049358314585e-01,2.497611298404280311e-01
2.400747082179932046e-01,1.038183583435833557e-01
6.633196839178925330e-01,7.801757182364927878e-01
7.709602636740797710e-01,3.448945931630520989e-01
2.091619275694695801e-01,4.704421189822518001e-01
5.497108636773023749e-01,9.089669640900259751e-01
8.719920035428553318e-01,9.103874836733714115e-01
8.616256277743703507e-01,9.667142452816949172e-01
4.496147055178174035e-01,4.303425215083031552e-02
5.304369816695650441e-02,3.865840779993348075e-01
2.577132086310822690e-01,2.061095553687860849e-01
9.801728157255380491e-01,1.747380964576947804e-01
9.634146607018666542e-01,7.652250466036486509e-01
6.363369250699276725e-01,6.726851895917540514e-01
3.243953287932800911e-01,6.838812077959482982e-01
1.783684332125864136e-01,9.445241754079648500e-01
2.512127372860101793e-01,2.716578799615392836e-01
7.348478943392062757e-01,6.354081174841694768e-01
4.410611833415368777e-01,6.414763050933138810e-01
1.598822856491050881e-01,6.826556992123394840e-01
2.648658739036984788e-01,3.101012844174877436e-01
1.487851323010043747e-01,3.862086292971289581e-01
3.560895386583108335e-01,4.708213174499557008e-01
1.696099519792034771e-01,2.112011838326657565e-01
5.538173402768407083e-01,8.648519661701661865e-02
6.608050018444106000e-01,9.510996843909065301e-01
4.241296272310620119e-01,8.907757489596601630e-01
1.198955750149736793e-01,2.528204160725807531e-02
7.122640586535187168e-01,7.480809772211574060e-01
8.532616261233458843e-01,2.242851440356123660e-02
7.669536179198223058e-01,3.420834283833280587e-01
2.970801231773607110e-01,1.874849015384473239e-01
1.010833685007469285e+00,4.911162266351422334e-02
8.376744536663179863e-01,6.357911670456287689e-01
7.623021437234352993e-01,7.091178626923174688e-01
7.989735378275181210e-01,2.016856900303277689e-01
-8.357367150096401548e-03,5.930444900002774800e-01
3.605771087681439724e-01,9.529317285564295470e-02
1.876318256018118524e-01,3.424392523569332325e-01
7.751465467596460601e-02,4.493457710778243908e-02
9.358648941028691048e-01,2.921528303687773165e-01
9.697202648260182523e-01,9.616469796198570119e-01
1.484806495125507719e-01,7.084334365290710922e-01
6.253766271071010685e-01,6.965527973771766801e-01
9.770415928847214770e-02,1.937628018170214628e-01
9.129678007011550467e-02,6.089497030798914912e-01
9.504007391861094556e-01,6.937747149385188328e-01
7.131550391834515779e-01,9.982820976877160302e-01
6.698926836511329697e-01,3.647241706732161359e-03
8.214274084591108860e-01,3.457909345916408972e-01
1.470950625186637738e-02,5.331919966601060823e-01
9.430544253817819689e-01,2.362861390074999235e-01
4.758306901799669864e-01,2.009925497554142793e-01
3.147705425560910070e-02,1.225804043434004509e-01
7.645316564778480428e-01,9.067689121395468010e-01
1.509128690021799835e-01,2.814880714584988008e-01
2.021563929678580340e-01,4.502747594746678295e-02
5.404158517711772358e-01,6.778981053811243829e-01
6.421987510044572245e-01,3.726073917516002920e-01
5.798279755129125412e-01,8.177071636163837920e-02
1.562165480546313101e-01,9.514554299651402092e-01
7.871045940268136532e-01,9.269102814622617315e-01
9.243662092316322632e-01,6.290528045576710969e-01
9.486997810506432316e-01,4.419745679284085571e-01
-3.379081666344146972e-02,9.783003225687181281e-02
9.547413636340890131e-02,1.072460709455657357e-01
3.532536253465812237e-01,7.000632901871460811e-01
7.865184470349576573e-01,5.703620077041535730e-01
1.569127347699391106e-01,7.421807087730615260e-01
3.286134727111111320e-01,-7.706745097184469762e-03
2.547396952589217056e-01,3.201087431349375345e-01
2.839475213867501124e-01,7.976477921756079947e-01
7.794352287288227599e-01,6.931677408242942207e-01
1.332169800754378908e-01,8.081692183122033413e-01
7.050790602984501332e-01,1.674109126425457339e-01
6.812212697098992686e-01,5.027148431821737429e-01
4.389169319554770965e-01,1.357836771677911059e-01
5.118548188036791124e-01,1.056453764789031524e-01
1.534250971034319677e-01,1.518758175524685672e-01
9.399631669652942501e-01,2.838373346638552452e-01
3.687870999625116331e-01,3.430443991257997038e-01
8.818273443427661062e-01,5.780286760372957966e-01
8.995201973107881388e-01,2.569182893157169745e-01
9.987340148733320211e-02,5.729116522457009530e-01
3.452926542104605701e-01,7.912068740556243984e-01
8.805329753814787885e-01,4.730215043674068642e-01
9.837969950627948323e-01,5.207788078558929223e-01
2.688733342496221201e-01,4.914610607751049853e-01
1.000288912584246931e-02,7.764195118383748762e-01
9.414088247477316040e-02,3.089189741684074675e-01
5.655574675060539569e-01,3.184815602003397000e-02
6.737020732210576013e-02,6.882128311834274648e-01
7.774752828774360303e-02,5.019752863832428469e-01
2.942876956918679676e-01,2.405394503824529739e-01
1.865558646397958154e-01,7.739257393545561081e-01
9.752530598955023722e-01,1.250772206870002512e-01
9.785673127320718701e-01,5.696816461885451099e-01
6.442123900186021990e-01,7.050760427558622201e-01
7.050444797147287224e-01,8.000304224886982674e-01
4.922063204687014970e-01,5.650843328249967046e-01
3.043898650470883149e-01,1.090505042163815164e-01
6.817576533477993639e-01,2.767515462294191722e-02
3.028429095145014349e-01,8.563609761772596196e-02
1.884012632587421521e-01,6.188678289688493983e-01
6.310084373463139551e-01,4.211153719056914824e-01
1.028900013863884855e-01,4.206497956509624991e-01
3.391049593672819107e-01,7.297089952139493851e-01
6.069704180005429661e-01,5.041459722896186602e-01
5.239303272772181108e-01,9.774030366848579510e-01
7.666800788205379025e-01,5.105654180735261782e-01
5.089860280045608310e-01,5.123050262730717563e-02
9.208116986576312391e-01,3.351856095195310803e-01
2.612462119967139396e-01,9.955282250698928026e-01
6.832310883953760516e-01,1.656055509408240964e-02
5.459613262331447503e-02,-3.790266208497015260e-03
5.927437631377907579e-01,8.585132511719094361e-02
9.217692303758074912e-01,9.385757920777026975e-01
5.246550275824983789e-01,6.226142770953674299e-01
3.020571093546411401e-01,3.551385726799048681e-02
7.224227192598557945e-01,7.644258340087034531e-02
9.574193695475016752e-02,3.145032404151874017e-01
1.147142395317046065e-02,4.314699849934895970e-01
7.141376187887285010e-01,8.082059612621670386e-01
5.943957539226504272e-01,8.341622670365043124e-01
4.053222998663729704e-01,8.449773871004819803e-01
5.476869549993657049e-01,2.153582345508736895e-01
9.499389529027535417e-01,2.842894036027794891e-01
5.421197000007695055e-02,2.264503511201042263e-01
3.934805178402611681e-01,3.484017718028472599e-01
5.746944140364996789e-01,8.903789264204464704e-01
2.677596445226818056e-01,5.168274345063111896e-01
3.668643408350444335e-01,8.234038824614249297e-01
1.564090051365362999e-01,1.178902115874121831e-01
4.960952994242506797e-01,6.676729222498332117e-01
7.766317108921355628e-01,6.242012685246441928e-01
7.493975357340499910e-01,3.960993917561935751e-01
4.246536122810763703e-02,1.158262855031872984e-01
1.364534531919971150e-02,3.089683699222700031e-01
5.059416796358147117e-01,3.407198974850162987e-01
5.191591306166228881e-01,4.883487149485696843e-01
6.604928942648247148e-01,6.795865490348111937e-01
3.140317211441937539e-01,3.412182087908154360e-01
5.861925853016447530e-01,5.736626012896341997e-01
2.981908518851809076e-01,3.251194048003319126e-01
6.711581546907356977e-01,6.616871760653023626e-01
1.289032250700128945e-01,4.120531476423752726e-01
8.815254991348097091e-01,3.832972740291336333e-02
8.462421374139759145e-01,1.711744747920574128e-01
5.187293594519686302e-01,4.723704344420737722e-01
3.314222136867332746e-02,8.826695302023652712e-01
4.477205776343321508e-01,9.489354509116556535e-01
2.982453194277106534e-01,8.476040520019381130e-01
9.117645307116637454e-01,5.319441788525941517e-01
1.906324733978873309e-01,6.739481211606784816e-01
5.427179502723322724e-01,9.207994111142306926e-01
4.589125765985097027e-01,2.779579248964896832e-01
1.093104060398181060e-01,6.991530274700280545e-01
9.428045213857312312e-01,5.518888509193112246e-02
7.727275222412592903e-01,9.258156166818957145e-01
5.772863088025598916e-02,9.688465855422162543e-02
6.828822568041925667e-01,6.458268311772963344e-01
9.623680826437225333e-02,8.535347883573377592e-01
5.428439379195743042e-01,9.106089387500695409e-01
8.549186465138700619e-01,7.971066348575331917e-01
5.171133215074699141e-01,2.276886398125504141e-01
5.120551629221746781e-01,1.169138482299870302e-01
6.697530563125926317e-01,1.440810086873742790e-01
4.738473095015950931e-01,8.104909010023969573e-02
2.681647836740055912e-01,2.290254763928713522e-01
6.324024135873920205e-01,7.939586625422051513e-01
3.174622799960691300e-02,8.283171726973103111e-01
8.665091274027401091e-01,3.524859745634125741e-01
6.368599890780656247e-01,4.104648844827490373e-01
1.238854125957502272e-01,5.411502037091862061e-01
6.868283806625605226e-02,8.800824245543519275e-01
9.225418055636984693e-01,8.448262835696289663e-01
5.673707213299853391e-01,5.456165540326446406e-01
9.917992307118133066e-01,2.907499546156024350e-01
9.075082433094418255e-02,5.607575833265038279e-01
3.121133383833437636e-01,3.100089427958899191e-01
2.068521260265265144e-02,5.785233581014994630e-01
2.640874774971967986e-01,2.166109264394692202e-01
4.343977925347680680e-02,3.427789406496626889e-01
9.225258294399095726e-01,3.719197735562905227e-01
6.890977412871754915e-01,7.820620716286890151e-01
3.227612155675134709e-01,8.361298245653502326e-01
6.834088635633340791e-01,5.321339281018524492e-01
5.283091626744244873e-02,6.960004590342055292e-03
9.968170067272215107e-01,7.880014572071227796e-01
9.478853704567373750e-01,9.005095195941905661e-01
1.885798627818869450e-02,7.946155244588803956e-01
4.607431136379702696e-01,7.895218767720511011e-01
5.348561246887224147e-03,2.617771023417767573e-01
7.915974251852497812e-01,8.037347715876370646e-01
6.238927364407070852e-01,2.887668435594715755e-01
2.902903074308660347e-01,9.839636926029833308e-01
4.360149315325137498e-01,4.595468419352949363e-01
5.252897475666764571e-01,4.404394337439213603e-01
5.706991133056029675e-01,4.307141689122650496e-01
8.360674279706448164e-01,9.238711069889802285e-01
9.053706488070722980e-01,5.978527436571449138e-01
4.518137774261546391e-01,6.911580130411838496e-01
8.163917581626153330e-01,5.827241968940580774e-01
7.042042057668014277e-01,7.593813687798899315e-01
6.769270678084122750e-01,7.260786819457885066e-01
2.188176883545607243e-01,4.944238442387883792e-01
5.878347320752244087e-01,5.001798497113461861e-02
8.733438915689761828e-01,6.285598066400706063e-01
1.835467942469544145e-01,8.240485500194295598e-01
7.194511171695309182e-01,7.447153964758121969e-01
3.829914246973092906e-01,8.132604313640279248e-01
4.298360489084937508e-01,5.451707329993833451e-01
1.869702333898881630e-02,6.440125943386507679e-01
7.207369664232240458e-01,5.662620068859043343e-01
5.242803056212753665e-01,8.341253209104368960e-01
6.807948890521493546e-01,2.600939581917570687e-01
9.775511201866265987e-01,6.877756947670355947e-01
9.568417030900614462e-01,9.812283136386229510e-01
9.432795212461544399e-01,7.472698378694300203e-01
6.175197222616626291e-01,1.638571874481702106e-01
5.577912843974740520e-01,7.872771161225715630e-01
5.155998544159273722e-01,8.476870652512071835e-01
8.051528713946748406e-02,3.994541166978390345e-01
4.832330887595007174e-01,4.397657806931554170e-01
1.241346891904034078e-01,1.435022564736196660e-01
8.342930758518880552e-01,5.043651281515864060e-01
3.255855100603244345e-02,-1.702973123032028996e-03
4.687875775701451642e-01,1.899369791659711593e-01
7.373405678912938743e-01,7.933478021189366292e-01
2.140542758962095948e-01,6.134592372001724803e-01
1.210587318521764988e-01,3.085348686773488058e-01
8.879172223246492024e-01,5.699746483527984298e-01
9.137890659369676261e-01,2.063972330205614825e-01
3.333779039581655224e-01,4.595400516119862444e-01
4.742135274964080494e-01,1.009995722674859930e+00
1.077474365292914321e-01,8.558435447321512957e-01
8.828274827274654735e-01,5.835018660137059054e-01
3.498107711553428700e-01,5.215814124290989451e-01
2.703219016169268740e-01,8.308234175221539397e-01
5.081931800668930688e-01,9.285666813671844544e-01
6.243923287999776361e-01,5.215324025857884793e-01
7.265051637752668601e-01,5.218439750328461857e-01
9.367223883355793035e-01,1.892997310570936065e-01
1.008432708131213662e+00,8.333450174408432165e-01
8.595307342414800766e-01,4.495603578022046576e-01
8.389127946235370725e-01,3.379436396750115645e-01
7.464429159615310061e-01,1.420994113382736679e-01
3.103562941489442228e-01,4.645751951963568160e-01
3.145634871877558969e-01,3.696294406550778011e-01
8.315047878081727184e-01,2.418081517614155129e-01
7.085710651117300696e-01,1.105195076002091492e-01
7.842797207578118268e-01,8.296909985381167862e-01
4.191790305627927093e-01,7.360851216013194476e-01
9.225291164135063227e-01,7.969924079232812986e-01
4.006886420350618261e-01,4.731488645925823744e-01
7.579729613362210516e-01,2.859500735107020630e-01
8.297125861359013754e-01,3.034230088224361688e-01
7.816602493695361531e-01,9.862662660497978351e-02
3.609572282185680159e-02,1.007385348273011516e+00
8.892542718722779016e-01,8.920781531513614082e-01
9.386350360330485421e-01,4.639749855850599514e-01
3.016780083322224137e-01,1.305615521016945391e-01
5.007774772604959290e-01,2.275281712661476052e-01
9.293111827341535847e-01,-2.862093145162210306e-02
1.581998926683550466e-01,2.602907134808503109e-01
1.529353922792605625e-01,2.359919594328553638e-01
6.911772758389727045e-01,3.049593112496783998e-01
6.135585560855590925e-01,8.866182873636100359e-01
6.357650042131196555e-01,7.169517321695206835e-01
3.479349752911086724e-01,1.665808380898796681e-01
3.666375050954566173e-01,9.517884907212853518e-01
6.215883087799504159e-01,2.877812655037675915e-01
4.387141761677186835e-01,8.707770991308492192e-01
6.589902047001030549e-01,5.328721381466843265e-01
8.746632358555153086e-01,6.854999739405136516e-01
6.267662482760103515e-01,1.958121249881101811e-01
1.176396918152411014e-01,9.409634362158059151e-01
5.875843257484681947e-01,4.226628263371904337e-01
6.030690641102878224e-01,5.103628067636260812e-02
8.251627201090673269e-01,2.109668105694207374e-01
8.191030097339588867e-01,5.447667148469227394e-01
2.691023533529893208e-01,3.977882526599361979e-02
8.075813878907517340e-01,1.856073805564362467e-01
6.123100654676520704e-02,8.032986613972510348e-01
3.433179775308966009e-01,3.865086358523801557e-01
2.341229552728764929e-01,8.385220047411132693e-01
2.882003162346836733e-01,2.234945836554486087e-01
3.239989569631422373e-01,2.090631720611435540e-01
3.117399231946092475e-01,7.306872314955685510e-02
1.401934189102178596e-01,4.059151313768877278e-01
8.535642944072308058e-01,8.444791295979908741e-02
2.494177364864715307e-01,8.696284204715977184e-01
8.957999469169338758e-01,6.849046724030617428e-01
2.446497298870406178e-01,4.079556746315255444e-01
2.316712736130788486e-01,1.367980551567744563e-01
4.006808295931681418e-01,5.610713654820941310e-01
3.322690193716466567e-01,6.195226610576101134e-01
2.769958608629404240e-01,3.669425198774677321e-01
7.481411653570729792e-01,8.689439329958141833e-01
3.097156445779907230e-01,5.648682685086330313e-01
2.833842653315321591e-01,6.125935642745544002e-02
7.506519334067018878e-01,1.861032105219429522e-01
4.222820117334818990e-01,5.292195806132860003e-01
2.122133908582456985e-01,8.831558635016903414e-02
3.452755408282310312e-01,9.456249516963133317e-01
6.224015622656330349e-01,3.619714718000455189e-01
2.312007155573589726e-02,5.569259564827943043e-01
8.428443835990906408e-02,5.638392547270063559e-01
7.489084878687536362e-01,4.216621094651930024e-01
3.049746776936346215e-01,2.733948516169605603e-02
2.528359941448153972e-02,4.478331595554977396e-01
8.894765340352075444e-01,2.636260734184245891e-01
5.993381439071944206e-01,6.975576149125178871e-01
4.656252701776025793e-02,1.462176685309719004e-01
3.699065704788997433e-01,6.763765444151405015e-01
4.426542440235448073e-01,7.169958814107662004e-01
8.657686424608860287e-01,7.726997483215986007e-01
9.925441215231785019e-01,7.439735040346366901e-01
8.464314717485021955e-01,8.562028648253229290e-01
7.436213785333313231e-01,8.124826211931353015e-01
9.435008706463834383e-01,4.515467793415881004e-01
6.437340056475289174e-01,5.362998711173752042e-01
8.458185563676681173e-01,4.509081641187238088e-01
8.306313055151575142e-01,8.159080319082728794e-01
9.629048310997321281e-01,2.666524104817686314e-01
6.803258776174995193e-01,7.575824120509537796e-01
9.505387900262161072e-01,9.128284085804501125e-01
5.954383348285290367e-01,5.760112093600568972e-01
1.563421229441282201e-01,9.421812024405239461e-01
2.495581326959688817e-01,7.350737173876913388e-01
8.110151750802947479e-01,4.132317929782606258e-01
2.347002225555906707e-01,1.694719677970924765e-01
8.540730380756984541e-01,4.993801591153640418e-01
9.848197971491444436e-02,7.189009671137255308e-01
2.637304239124264038e-01,9.132708430413669642e-01
3.175288354901101839e-01,1.887372373174582008e-01
9.407982410604542878e-02,5.504339215723950129e-01
4.638643930948664895e-01,7.702260167843426597e-01
4.327310581950720159e-01,3.515535409035185355e-01
2.562945606344310123e-01,2.645442482285227381e-01
9.274015552826353481e-01,1.672512817137553065e-01
9.756885865173107186e-01,3.306887303963993441e-01
8.492049346151973876e-02,2.627391582781873347e-01
6.296587637103016888e-02,7.975482363409017728e-01
5.321406719148387143e-01,3.480857360635851716e-01
6.619279167793798990e-01,5.889080269499922249e-01
9.501466491034904482e-01,9.430220507032387456e-01
6.789590191713994471e-01,8.252368669493641562e-01
8.190856808110027476e-01,5.281499887289042849e-01
6.860339222959885852e-01,5.194175015632090942e-02
7.645354265340433830e-01,9.666815622731255164e-01
6.093723556725642865e-02,8.357837245532528936e-01
9.449308455642063675e-01,2.015858553584835566e-01
5.049194797665855772e-01,9.149750267557433814e-01
9.559807995428996064e-01,1.417618144678256531e-01
3.424746120839454733e-01,6.992509776713466962e-01
2.664820559907294939e-01,3.056444229809058832e-01
1.023119205866751709e-02,1.670834584170171611e-01
5.820903582403990084e-01,6.613860837771026180e-01
6.850911824711436449e-01,7.847095894756564993e-01
3.757593400685952933e-01,2.754306299901027044e-01
4.161027560574796086e-03,2.343060610294990798e-01
3.316802934863378183e-01,1.464130409512533204e-01
4.715083276835309312e-02,1.762349640411665086e-01
6.596103109855557811e-01,6.280165785852812599e-01
9.635271802207728831e-01,7.587380530818101931e-01
5.766640769419850709e-01,1.594245401957120056e-01
5.622975583109162123e-01,7.455325717701656585e-02
4.329479881420092435e-01,3.745778435529570904e-01
4.116332090146566092e-01,2.940645037423694208e-01
6.731163131130607491e-01,8.104528485308643004e-01
7.709649664334075059e-01,6.174904673715100323e-01
5.143626368282190331e-01,3.251912866938811569e-02
7.382795334936611553e-01,5.453859408623258354e-01
2.494162335425718913e-01,3.374781101015126850e-01
9.563099141112704205e-01,6.686229283831655046e-01
5.047493152628419466e-01,6.008145719044338806e-01
4.309039797475489042e-01,4.753127516161681498e-01
2.672672734902847846e-01,4.455292048280839468e-01
7.239657663960522571e-01,6.385920930085263458e-02
7.747584111714220789e-01,2.832538851990115680e-01
6.923932820386367037e-01,6.081272426472770221e-01
6.187192938675136755e-01,6.112214731379761457e-01
9.624553390682152321e-01,4.715677840261358056e-01
7.400785860295039376e-01,7.271885853045459980e-01
2.319015439012401258e-01,2.845020749106491609e-01
4.354453324906528144e-01,2.864785159890903543e-01
3.333706488866553519e-01,3.728581900860335474e-01
5.959474922145717724e-01,2.026735017193379007e-01
8.336312358362300001e-01,4.502258755368522825e-01
6.840496035673149233e-01,7.715576608492777377e-02
4.925732368653734650e-01,1.529474434956134415e-02
6.929416689024499032e-01,3.713736708082826521e-01
9.735756333987599653e-01,3.277322974930959587e-01
5.888263979640326884e-01,2.469428153629084632e-01
6.698302557062622009e-01,4.718593409619253887e-01
3.935641447478308019e-01,1.964491718998775949e-01
1.215096346364851337e-01,1.307484035699007507e-01
9.804633440202528138e-01,3.931418594589995430e-01
-2.160343255111383740e-03,9.750354415029340860e-01
-1.664862864708772233e-02,4.113291411606797565e-01
7.436750384279795512e-01,8.899566565030079257e-01
7.379643046972159670e-01,4.410698953686583712e-01
9.561112067024154504e-01,3.637494747575074211e-02
1.024361383905626699e+00,8.365914077801925863e-01
8.942707613591145410e-01,2.267337031479541298e-01
1.610970360897199805e-01,6.362204736708544361e-01
5.396187294957432989e-01,5.245637771663915760e-01
9.239737539509187414e-01,6.260269915724513412e-01
2.950454283866544847e-01,4.028239948477798649e-01
1.096343751571101643e-01,2.192918588687706172e-01
1.228041656113250946e-01,8.190689539098283678e-01
6.841784619269065670e-01,5.196809258810236587e-01
3.668911929443745557e-01,7.281212499427774931e-01
8.126164259610566543e-01,8.648026197309048868e-01
5.381251159708559939e-01,7.897916707839502948e-01
5.080502349835939180e-01,5.115518224760682298e-01
8.721526462417007464e-01,4.044419552592010692e-01
3.777138062446001587e-01,3.008445019000819953e-01
5.227797809997400957e-01,5.303438970809356556e-01
6.684612800450786541e-01,4.428108784133458764e-01
2.286942529003301583e-01,8.638203968671089861e-01
3.678190932510655986e-01,9.177910710698050645e-01
2.003769172709101709e-01,5.888882563782396051e-01
5.144757675354406645e-01,7.945884695112856999e-01
1.214950604260678912e-01,9.176820114510221282e-01
5.570999924613739829e-01,5.728990137507340430e-01
5.464630437035754573e-01,3.656885392179273081e-02
4.947800708626343136e-01,2.465508998605993596e-01
3.817152837505440877e-01,6.460958216267601584e-01
4.710573689502717265e-01,1.423715860440696590e-01
8.091467663880586025e-02,2.016343046294559460e-01
2.245163509890381326e-01,6.205900086204536592e-01
1.973122511864319195e-01,8.828059247213316807e-01
2.244353063621175870e-01,9.044828913525009007e-02
8.753418146428255664e-01,2.977219112074119267e-01
4.174863269128121224e-01,9.691139407191606825e-01
9.544061226620759175e-01,7.312952212628096582e-01
8.173108203326415189e-02,6.333409864437179460e-01
1.010130529834989188e+00,9.427711906156885924e-01
1.150639225964611434e-01,4.242212653735689676e-01
2.965372821225287225e-01,1.700129427672289750e-01
6.793055225737645308e-01,2.918538722249922057e-01
3.449978119297876233e-01,8.934022870312914588e-02
4.719093013057091279e-01,1.763178655504695214e-01
4.063232598773756643e-01,1.144868174460671045e-01
9.770439503182772878e-01,1.807746451130041732e-01
5.085422385260133238e-01,2.170420097920922053e-01
9.229233054056280861e-02,2.004782449398685995e-01
8.149044502252057731e-02,1.361249395154575381e-01
5.038348406695974946e-01,6.267401233907210489e-01
6.311922246876200404e-02,4.643995232000440732e-01
5.922711270848202147e-01,2.313765386923031242e-01
4.102353155353148928e-01,1.097811831702500962e-01
2.289144402282975721e-01,4.376398235542757753e-01
9.882101991653156059e-01,9.796134263392181074e-01
9.814119529405471720e-01,4.043604429687768786e-01
5.675585992613291914e-02,2.783211723748224564e-01
2.410595216409966712e-01,-3.184868742572727340e-02
8.882879711335325834e-02,4.670798745143519559e-01
3.252205500602158295e-01,1.586571513744936268e-01
7.147430315075730123e-01,3.405434853271075424e-01
8.555810142063917656e-01,2.203205629528819376e-01
5.363036115629642442e-01,1.772108027123832641e-01
4.950701840756100980e-01,1.851695408587299141e-01
1.655748418698651248e-01,6.223122594871961510e-01
2.512901804987937582e-01,1.768323549421142171e-01
9.242721813309144885e-01,4.359637155421820787e-02
5.781270241131980514e-01,5.382591650283266027e-01
2.426479656828919307e-01,4.430434517271801820e-01
7.762339021449586596e-02,7.247348505353579107e-01
2.144175098703707261e-01,2.233444870981274033e-01
3.684617325013863631e-01,8.910110745593957660e-01
8.023467054476365323e-01,9.676524426548623881e-01
6.466473647926058721e-01,6.430336882459729564e-01
5.147944656555121234e-01,9.189094692430794797e-01
5.172509583297901781e-01,3.840705187976434232e-01
6.557796733941398948e-01,5.451807926817515693e-01
1.044871979948250040e-01,3.828587790239432187e-01
3.374218752012502764e-01,8.604754881073307660e-01
3.751092245855552898e-01,8.568864965288015556e-01
4.392451681731293078e-01,7.732509226602332086e-01
1.396827094569245975e-01,9.633092804069174342e-01
4.956208005401447902e-01,2.607214352505676236e-01
2.379135767894700881e-01,2.647698385537283206e-01
3.522162274951208261e-01,6.901854699248444192e-01
9.557777507029771025e-01,6.583670598563445830e-01
5.364427665911930543e-01,4.468210032861875680e-01
8.292389358055618498e-01,8.498047226777679652e-01
3.278035814689875815e-01,9.666678380116581204e-01
4.372716747729878950e-01,7.912982617942374564e-01
9.824942909447982320e-01,6.959898500430140578e-01
1.503280892926958934e-01,6.290478077020582592e-01
1.034141577076720941e-01,7.445073598044744667e-01
2.671561876905858557e-01,6.550483498250712078e-01
8.910631841087621741e-01,1.638365342531719893e-01
3.935634738981977354e-01,6.061268555279585302e-01
4.435776373311237641e-01,1.373035563565569162e-01
2.651659771571936858e-02,4.001150474822099956e-01
6.657160337799462591e-01,5.810150736505027558e-01
1.799786981858576551e-01,4.434643780278261227e-01
3.601761115878914787e-01,2.824582219944635209e-01
7.498552814509453768e-01,3.261534119488254113e-01
5.465782366023810290e-01,9.278767853149725298e-01
5.385501997775730132e-01,6.252215134501994953e-01
1.139446750571355693e-01,1.732826761105987212e-01
9.366139606980505850e-02,7.559918310367765848e-01
8.437085360792906386e-01,1.440203878126385950e-01
2.165705168604043218e-01,3.408202265177824319e-01
5.805530010765910243e-01,6.255302863962964866e-01
7.289406678075867063e-01,9.118247537130375058e-01
2.502556080707962205e-01,6.305613018756295318e-01
5.547027807492425078e-01,2.897607222483206124e-01
9.094828507096861525e-01,8.959189151358218361e-02
7.353224574886774167e-01,7.060470840790710190e-01
9.111765400464248987e-01,5.229257620968572606e-01
3.284450270892851909e-01,8.306767750315805499e-01
7.225848133652302829e-01,5.019814559796316189e-01
7.648422881763059511e-01,2.851577971355179209e-01
6.039657365748559714e-01,8.700003450077418155e-01
3.242477871846276560e-01,5.105976444153365046e-01
9.740507763148031906e-01,8.037184820169599453e-01
9.299473860830728134e-01,3.726831343993065038e-01
9.727963974726943075e-01,1.523488445460470797e-01
5.112943859737892893e-01,4.299665561068874431e-01
7.853845746003067507e-01,9.154894755911073823e-01
7.299788219929527200e-01,6.112870078964183218e-01
4.282757012396251617e-01,5.127873666605968772e-01
5.236018009020486641e-01,7.538460773805792312e-03
5.205229406380068591e-01,8.341579406889380044e-01
6.992064727582546491e-01,8.296884861570190672e-01
3.700074344165772966e-01,5.157978906603419844e-01
8.421347785214104709e-03,3.664526145031054560e-01
4.771833080532194016e-01,2.693397454559406379e-01
3.086821632027636486e-02,6.839143117945387651e-01
4.102322731264437805e-01,4.011355840085952806e-01
2.190660380540898622e-01,5.525615914957079378e-01
4.541482452436756967e-01,4.731755210424600233e-01
5.897003681140740028e-01,2.384929870667994167e-02
9.097200812920733792e-01,9.895961062492977800e-02
4.304488933911605475e-01,2.003994706783790714e-01
5.144275260089231638e-01,2.931748706777280167e-01
8.313236714760823265e-01,4.253193261047112927e-01
6.499910433783383512e-01,2.838856176002383935e-01
1.859472622632313624e-02,3.931481496336009518e-01
5.496286113535093776e-01,4.801584528200357749e-01
9.477259470094291371e-01,6.668872436943552584e-01
9.591444927875096838e-01,3.002877888309115617e-01
8.198570673645949602e-01,5.295416942254536075e-01
6.063130275839709871e-01,9.788842093976889425e-01
6.923978410956139751e-01,9.439908073986660320e-01
7.342392884848990553e-01,1.453461290631797298e-01
7.168276902086431202e-01,4.587091572927684546e-01
9.327684532910597293e-01,7.864423177644533913e-01
1.007039710276928929e-01,1.567103845552210717e-01
7.122966831474268623e-02,5.152948035658249104e-01
1.067570280471243360e-01,6.885396626681101750e-01
5.088046301928201842e-01,8.591268666497646755e-01
3.038439360706403081e-01,5.242726764872018830e-01
1.253240062492869955e-01,9.024709566119355486e-01
1.924931405168754384e-01,9.627857169856382513e-02
2.241676032299741717e-01,7.993020257612369894e-01
1.106855497013146949e-01,6.184279439484589025e-01
7.289925186426510217e-01,7.362214147586912949e-01
2.347430641437610876e-01,4.378628332212707031e-02
4.562055691053283346e-01,2.140813287738782267e-01
6.981864831883000111e-01,3.701225983626841298e-01
4.559336063545857409e-01,9.607990213936432045e-02
5.782866324309633432e-01,1.746300611770202904e-01
7.137990445816335683e-01,7.975132809223538233e-02
9.618915217596183398e-01,6.913727696647845589e-01
1.632324790337337794e-01,1.925022706172763512e-02
3.299489364118885493e-01,1.362758406843382619e-01
2.016225052288063979e-01,9.214489436011511492e-01
6.050325056848832039e-01,1.678228697363155497e-01
5.445610286926118038e-01,2.652039754830449181e-01
9.634309436670239757e-01,1.086487092582029412e-02
7.316701342297303734e-01,7.721976444084006630e-01
5.882206439317168301e-02,1.540435186425584413e-01
3.764872270878876770e-01,8.587620792427612670e-01
5.248326549038413447e-01,6.608368513720644932e-01
8.275373951163274011e-01,8.547580917442673121e-01
5.151229324694512890e-01,4.974393125928004977e-01
7.514996218372032022e-01,2.678878750630097061e-01
8.742170061999195996e-01,2.994090363680466590e-02
1.889062578855217334e-01,8.145898954086241428e-01
3.499568229650417694e-01,1.144691027040480591e-01
1.842722710891407656e-01,5.482044856676351330e-01
8.517299616088656045e-01,8.004013519106652208e-02
1.545243258175042420e-02,4.702923479649367411e-01
9.542605628298158615e-01,2.749407387220642596e-01
9.455854105063807857e-01,9.059784236832645332e-01
2.900444480444247519e-01,8.218390197549336751e-01
7.268829958186503459e-01,5.212983722951064491e-01
4.469260767957425884e-01,8.209614124766786425e-01
7.860161589347873790e-01,7.357535895096719569e-01
1.003083753775251497e+00,4.252426701822537569e-01
8.123723193377396790e-01,8.687863348433757515e-01
2.072512298567423805e-01,4.021911483455337111e-02
3.797250118273978181e-01,8.844487568381904641e-01
2.823582620723197323e-01,6.805682991393566805e-01
1.824136036893247992e-02,3.575795544760443923e-01
6.083499990675993452e-01,1.204765227617880657e-01
8.964941382926077118e-01,1.831902965277865669e-01
9.191844732137255392e-01,2.157011430728248969e-01
1.011327351430265642e+00,6.052993511181556929e-01
9.237593995501827693e-02,6.829978911839325317e-02
8.671730461974568038e-02,5.810098638068130761e-01
7.867923450561337129e-01,4.210997047788016534e-01
4.749343256381211020e-01,5.674500819894340298e-01
5.366264382692871315e-01,6.790843293151845872e-01
4.894532940030418278e-01,7.187935997606351712e-01
1.063860188275232987e+00,3.442691725425547355e-01
4.296130965485341069e-02,1.583176584586774571e-01
5.641861341679550446e-01,3.449994535322159495e-01
9.418793476547930865e-01,6.276501871494961637e-01
5.430211802137306920e-01,7.805867753304644996e-01
2.553701915875372097e-01,8.140948211278895563e-01
-3.146278355838626195e-02,6.368556603309658559e-01
9.560155386736457483e-01,7.751755833626386982e-01
8.742368412804543132e-01,3.652815407507548073e-01
8.247180361641749391e-01,5.483064956164921400e-01
6.202952106711907554e-01,6.056624274084543291e-02
2.000108639099639207e-01,5.432089572052319904e-01
5.662693845434235707e-02,7.687112313697415100e-01
8.284826295237235350e-01,9.654691615585342390e-01
8.906517012554106272e-02,9.445214323611383911e-01
7.904413769269291734e-02,4.682210978207464458e-01
8.678982848768325153e-01,8.121537423201545536e-02
1.413302580730476862e-02,5.237301416754698569e-02
4.909604038256690228e-01,8.002870742059599030e-01
1.386780797111544783e-01,1.406395825878313244e-01
5.749992927529006259e-01,2.317517543687880321e-01
7.251848537860162702e-01,9.722634066962576593e-01
7.708412995911378962e-01,8.597305909309024274e-01
5.009880103077685165e-01,8.625885304694118627e-01
1.685279517469071286e-01,7.380251173732364778e-02
6.829712388194272288e-01,6.279464957364579158e-02
8.773285709862788107e-01,6.712402652037442463e-01
9.895984948658391733e-01,2.930633644745159194e-01
4.750929245235960274e-01,7.491404378174763012e-01
2.384014164792908341e-01,5.533249242095793496e-01
6.301118324969875450e-01,9.746006667689132152e-01
7.582570691892358550e-01,1.317523118194201259e-01
4.638843858572297418e-01,5.683365820976153948e-01
1.508974050127302180e-01,4.057168040685974475e-01
3.096912282551011475e-01,1.219757175468452054e-01
4.981057019390151552e-01,1.445430528646235446e-01
5.778762752698758387e-01,1.384583108883105929e-01
7.334905050069207011e-01,1.791846912105915512e-01
9.042785360112708393e-01,3.696027089805632715e-02
5.413173316833922444e-01,3.251417178264446872e-01
2.475812131978609720e-01,4.993249878599432812e-01
8.471838397340605287e-01,9.216477370244878786e-01
2.920991421688751144e-01,1.344911280838910483e-01
7.457819377525293225e-01,5.941135997047820583e-01
2.147527298025404541e-01,7.484815959521268214e-01
5.514088653143859320e-01,6.488229210173136474e-01
3.433022197070152992e-01,4.276240787984458280e-01
2.117659307093269772e-01,7.342949151251451090e-01
1.419888739506686426e-01,8.362727811230188379e-01
8.168286096110835004e-01,7.319398471466174172e-01
-2.206159114835428564e-03,2.396792687397125143e-01
4.702800257162446096e-01,6.101047858059053253e-01
9.495980635670695502e-01,3.377263005054335077e-01
8.485156887224987177e-01,1.610382765854990739e-01
4.270338886258083777e-01,7.000006086927308691e-02
7.499452865307237870e-01,1.261542856223819009e-01
2.146203096664831000e-01,7.760102459050252088e-01
5.327293276396050103e-01,8.616569007437154329e-03
-5.373468605591999459e-03,4.956935513311011010e-01
2.854026712084863915e-01,2.081016019597404232e-01
5.958633717858035084e-01,2.229135105420598784e-01
5.914255875706245780e-01,3.933915572868987853e-01
1.697096108458621411e-01,1.576660982987541371e-01
2.252672758962225019e-01,2.659416462785677004e-02
3.409889337494648176e-01,8.825701359198208085e-01
8.457802201318417312e-01,3.920959740808498961e-01
5.820315746266102597e-01,5.650099425703549727e-01
8.712516198953556001e-01,2.360131936285784771e-01
3.004690387936684304e-01,2.950548982680609167e-01
4.389162691926874749e-02,3.339702228633212866e-01
8.724076697697834559e-01,8.698170383462064947e-01
1.199067494248867993e-01,4.364918527962551309e-01
3.961864304268225556e-01,4.893327019888538132e-01
5.735817061249075532e-01,1.291884659401842245e-03
8.315378238444741665e-01,9.668633526534714528e-01
6.237591679513003751e-01,6.826806426676768069e-01
4.954713995084817912e-01,3.562196840739452752e-01
1.574657937529942431e-01,5.800859960491935308e-01
5.184372648190263555e-02,8.308572334584803931e-01
4.129031412390550271e-01,4.207172204491708700e-01
3.417945250462459117e-01,9.504602347021661179e-01
1.818408518175103628e-01,9.878131955026589472e-02
1.269395035470289312e-01,6.698180158818926033e-01
9.835387340927143063e-01,2.184064069518843187e-01
9.045568875963488908e-01,2.706975261106879249e-01
6.281277641690405922e-01,7.717971694701668273e-03
4.562908251615176436e-01,6.693458139841789167e-01
5.278697861730822227e-01,2.572263711604894643e-01
8.198439449758543329e-01,9.772359102883078075e-01
4.566880068673747073e-01,6.368081997664356564e-01
7.922740045577920664e-01,2.325749254851643966e-01
8.398579516711960347e-01,2.955235402214715923e-01
8.077017393590799621e-01,1.452835406259025408e-01
2.773213051928101747e-01,5.189565187804543456e-01
5.138364467476086439e-01,8.469144364434904038e-01
9.950780383560811071e-01,8.725227669499453775e-02
2.417934158941289491e-01,3.585970563532237532e-01
4.083102257920742106e-01,4.918966067680828891e-01
8.373001109801953001e-01,7.861623933173566003e-01
3.980427658005623870e-02,4.764466757881465897e-01
6.111449006182760879e-01,4.376927068537552201e-01
1.143534096883699475e-01,4.032262973542761753e-01
3.787384056289123113e-01,2.155869122390395021e-01
7.496945138350067372e-01,3.314041535913355152e-01
5.533587682938794217e-01,4.972105404436005793e-01
8.393134963032611306e-01,1.424387217388612403e-01
1.110589134559597513e-01,3.117457681917404910e-01
4.324832417724365774e-01,3.079117498303867162e-01
7.564382451870732549e-01,2.411949313198215317e-01
8.294009439605988521e-02,4.219124429826920930e-01
7.820216565628445027e-01,9.067906812668882210e-01
7.669768909109428989e-01,5.223115027819512646e-01
7.213295921906315300e-01,6.732716184985514385e-01
2.599692421112608232e-01,5.444439329511694403e-01
7.798951101873653480e-01,2.703794292695358426e-01
6.237011304890658359e-01,5.233262911008477181e-01
5.041637389091849775e-01,7.008583731277935602e-02
6.710745827298305599e-01,8.446258562854698226e-01
1.357638171879491373e-01,3.370533034315690846e-01
3.289303048496640403e-02,2.130515218721856091e-02
1.012072482958477959e+00,5.027524284600478621e-01
3.682894993540882234e-01,2.743615835977393225e-01
9.964696269123508587e-01,2.347804001348188507e-01
7.110542768381098444e-01,2.919099172350714255e-01
6.490655755637558810e-02,6.829996975506846812e-01
-1.651857928427032367e-03,7.008175198517990756e-01
2.764876576434005528e-01,7.335809168602263064e-01
7.345527804128347826e-01,7.098773007997850604e-01
6.544238536251228283e-03,7.203715864597498575e-01
1.008555563591252424e+00,2.220038848648633323e-01
2.591484770542415439e-01,7.839463278354373843e-01
1.630843755265357631e-01,6.596853469562034000e-01
7.708088138493569552e-01,4.710328771054582420e-02
5.659661536863498377e-01,5.450372177401681117e-01
2.909163766599490719e-01,8.953226154923812352e-01
1.519781969306034930e-01,3.316433920164796878e-01
8.648284787447624300e-01,1.790974567057043720e-01
8.426268762002125934e-01,7.870088295114947841e-02
4.836846783319684873e-01,1.025944802681707513e-01
6.518504726787708314e-01,8.192859126482220367e-01
8.370714283358844376e-01,9.845096479503089304e-01
6.754521262080984689e-01,7.605195173687704369e-01
4.905160245197905389e-01,9.053404574018233397e-01
6.234671285236066396e-01,9.227906191103040223e-01
2.258293976001364278e-01,5.199167258066631492e-01
7.503623802353303063e-01,2.099803493418205269e-01
2.086262125806526424e-01,9.819183773472450749e-01
4.460537560822893655e-01,1.838248221357026424e-01
3.001289021686333047e-01,3.610099219409234617e-01
6.532650219464566366e-01,8.703203809834431093e-01
9.905037789946280480e-01,6.469991986212442203e-01
7.031383837148067473e-01,2.990298348719082622e-01
8.641721452074315746e-01,2.219186639038163433e-01
1.616008842565626602e-01,9.758555910279977930e-01
8.911033789570950159e-01,2.736714210291725236e-01
6.955726227419567476e-01,4.715438234723364208e-01
3.285229798260325684e-01,2.924455816295024602e-01
1.701542086470992643e-01,5.544201715902906669e-01
4.309142491337923930e-01,4.998676595145153945e-01
2.316997173566985868e-01,9.475597799376502817e-01
6.079817230900010916e-01,9.098934938605229839e-01
8.762431889662165851e-02,6.316161262514566888e-01
8.333507378737893267e-01,3.252911451209787863e-01
1.842469999801971681e-01,2.953995654703273632e-01
2.809706817559993741e-01,4.724212249696817523e-01
3.838678540485891966e-01,2.722101795465901031e-01
6.785521021311623491e-01,3.904325836002852518e-02
3.654613403383175085e-01,6.736017889918902712e-01
1.754814466502135351e-01,2.316654153496141844e-01
2.145512500140629997e-01,-2.452492611111684040e-02
4.564273133544168304e-01,5.118779099154109613e-02
2.655854805106381278e-01,9.668564544147439932e-01
9.169766767001520380e-01,2.126963780338587684e-01
3.135407315401108064e-01,4.742894086874974713e-01
8.537265738409105520e-01,7.872824795029191858e-01
1.180248671920256787e-01,1.430046222141086731e-01
4.058685565531837125e-01,8.621935484405908179e-01
8.519996174903787800e-01,1.067922402845054575e-01
5.812026972607626796e-01,1.161653327561740501e-01
6.647243023709205056e-01,8.879986932190389037e-01
4.705363372162684743e-01,4.483574922311717170e-02
5.776805039522918683e-01,4.228739132347656970e-01
8.146551853163472856e-01,3.315452906576086822e-01
8.818265682081026791e-01,2.944398736447410014e-01
1.553654036776021541e-01,2.617016326599005405e-01
5.787044766565965781e-02,2.892512599754474834e-01
6.594561065818488332e-01,1.026755415918725878e-01
1.053988007232469909e-01,1.148757466532160654e-01
5.322608900217690175e-02,8.719064232289351901e-01
9.333957777865754535e-01,3.715917567588696013e-02
7.748643088754623154e-01,7.422631895195846985e-01
9.869991281477115130e-01,3.354230373040723578e-01
2.764118202812231861e-01,4.481332362078070952e-01
8.682561808367074141e-01,7.077424399453688952e-01
5.007925983176148010e-01,2.562582831084259660e-01
6.722571814508917498e-01,8.562338527307670200e-01
4.207659639350068148e-01,6.763595639842002738e-01
3.919652019822348898e-01,4.772716025485858049e-01
5.284767789183340003e-01,7.911175791147442293e-01
9.492040871664571000e-01,4.322657955735014212e-01
3.750865688089554673e-01,3.742499509380100009e-01
1.644471121127432101e-01,3.566505985734077511e-01
7.660671713264502469e-02,4.039486403520337610e-01
1.620466550954502150e-01,3.683866003273832956e-01
8.183556668271320111e-01,2.913672002922729209e-01
6.111585109557434725e-01,9.109425495596625844e-01
5.526937940104559299e-01,1.436529137848603366e-01
3.439731400129858452e-01,5.672941221092718811e-01
5.194782838250469048e-01,1.109919698661205323e-01
4.320096868762182130e-01,5.484202789830575631e-01
2.747799578058349179e-01,6.114967303903305895e-01
1.075070028438320224e-01,3.679963062816991037e-01
7.905902829162559931e-01,2.914729942638826232e-01
6.404208789788817802e-01,4.075516662294651482e-01
3.173682048722899496e-01,9.151172568474948976e-01
3.303617303172362574e-01,2.257625478952289266e-01
9.356877670882024489e-01,7.546918787988218247e-01
6.707159227569600146e-01,3.101502061976678035e-02
1.160427527435062972e-01,6.350628593689645607e-01
2.276962342724054011e-01,2.084363622418844986e-01
7.971725667063424003e-01,2.898640838033685885e-01
7.444414100255550282e-02,5.694787027277951191e-02
4.600451616040835967e-01,5.890382198332148045e-01
8.472049604756342056e-01,1.062140650591313767e-01
2.037922827489200006e-01,5.570921240119376394e-01
3.654097127592231264e-01,5.166113772199913967e-01
9.099911387064970603e-01,5.341400807790984695e-01
4.090069605215367332e-01,9.730953561870843149e-01
8.840375953849713420e-02,8.767168301376526696e-01
4.915904634378105431e-01,5.267204833711081058e-01
9.157179645818253055e-01,5.287817089993195330e-01
4.823607734300717209e-01,2.740962850579141685e-01
6.821954521973156993e-01,6.180278414535869125e-01
2.223872510919924494e-01,7.084516513135586946e-01
6.621361636851417209e-01,4.210182192739864715e-01
3.624616026077780769e-03,4.369042770049725299e-01
4.040602349617835459e-02,6.958620014459744596e-02
4.544844778904792437e-01,8.717722964938445784e-02
3.122047369403362360e-01,6.385104501058597171e-01
2.915957345687669178e-01,1.014738322158110551e+00
8.936952477834350095e-01,5.876424738353154265e-01
9.979153232941279095e-01,8.323206516538500521e-01
3.269413044126584511e-01,7.738311537717947886e-01
1.363136307028776917e-01,6.660095677714247264e-01
4.858296663327002496e-01,5.554352334357151588e-05
2.756129868906995739e-01,9.498481061972033901e-01
3.055662746392110996e-01,1.907774032006744891e-01
2.191137590146360614e-01,4.857696822188390939e-01
8.695225520794102048e-01,7.895782630889555120e-01
4.251192014914105810e-01,2.142240535167844184e-01
3.756594721921865249e-02,4.329870426592091204e-01
8.218905658925688140e-01,7.086390012333444455e-01
4.182868331392278205e-01,5.635851102547758673e-01
4.396663809357697072e-01,5.476014497047192453e-01
5.309825397209877451e-01,6.730989986533694180e-01
4.979129813824136330e-01,9.631410951924171959e-01
4.215967782174141476e-01,1.813335508117353001e-02
2.324012112696061394e-01,5.107547064935188397e-01
5.614307503339138750e-01,5.690974984498794464e-01
7.052187268789402719e-01,2.988290819896443629e-01
6.465766517790728640e-01,6.891826348516526535e-01
4.087247379045843565e-01,4.231051081904978473e-01
1.555217572675776649e-01,4.318170591381468304e-01
7.857213498106528915e-01,9.002983350781612604e-01
6.155693186449239240e-01,2.833169267805398794e-01
7.280032417347299667e-01,7.366133729251582718e-01
3.352096128652831686e-01,8.574059618111184999e-01
7.721442570994635490e-02,3.453109516837306325e-02
8.390760328267304891e-02,1.471564070240904409e-01
8.868637085161731326e-01,4.466100881737490313e-01
2.903256231355998973e-01,4.425957581454771916e-01
4.160620495477228564e-01,3.109620610561754650e-01
9.503590187616778318e-02,6.847595270241543242e-01
1.198511027987833460e-01,7.816969528199576578e-01
2.053081085037975761e-01,7.323178595147086245e-01
7.834652920077662674e-01,8.655214449775486263e-02
6.669819015607661439e-02,9.660975393985467008e-01
4.341143695012972259e-01,6.126298755728283307e-01
3.162137319775909505e-02,2.581616870589859003e-01
4.945366907644347942e-01,8.878547437108057494e-01
2.770922723469794735e-01,7.542468008951500602e-01
6.650317865903253578e-01,1.232478628630190171e-01
2.679111623113554774e-01,2.421608959597363331e-01
4.281959229783920962e-01,6.378125466613057126e-01
4.478813355686495079e-01,2.410113953394592834e-01
7.141470765478565852e-01,6.002873743962968689e-01
5.374705093208818063e-01,5.624817962430049834e-01
2.439159841026116715e-01,6.881329671630611600e-01
3.541553282119024315e-01,3.476264065948247994e-01
1.455090669347514354e-01,5.950928735627886157e-01
6.098191857314237962e-01,3.241616061633277868e-01
9.000242309565225085e-01,8.434087325258620149e-01
1.089005505612745534e-01,6.816234056672307862e-01
3.737672209814235647e-01,9.971887876515163063e-01
2.255746441684421677e-01,2.787861234845824820e-01
4.752094134164765449e-01,2.661889616531065150e-01
6.902747808977601762e-01,4.972140217510312987e-01
2.174575182709561627e-01,5.171608508611799104e-01
8.632068715981712215e-01,7.669727564280663934e-01
5.012700957159327286e-01,2.838602514305106905e-01
1.637059690712667215e-01,8.808199118673950556e-01
7.143489423821959283e-01,5.579653656040280962e-01
8.690587294655831574e-01,1.260226183629473140e-01
6.620677169756756797e-01,2.046316550643983434e-01
1.312561438271603320e-01,4.651317894070862158e-01
3.778488728852361089e-01,9.231122229455444028e-01
3.037153197163684482e-01,8.122671494225930378e-01
7.893432509330746694e-01,6.792396029066941621e-01
8.937431881021644653e-01,4.220689177293212024e-01
3.744934538249134470e-01,1.608502760493767392e-01
2.639848634053938436e-01,9.202315523183507429e-01
4.516999746770697377e-01,3.476255673134197033e-01
2.024055789971461183e-01,4.997368118311467655e-01
7.225344468657862729e-01,3.117830783801158745e-01
7.720788767057710222e-01,6.159170973474482613e-01
8.458866140903728015e-01,2.620181515479337309e-01
6.200149057564751098e-01,1.578460873457663005e-01
3.764136547000225819e-01,7.362159844215060422e-01
6.415889475322714697e-01,2.071903684159493997e-01
8.757060922845817386e-01,3.639965902045990548e-02
6.373767705967943176e-01,1.023198256582610544e+00
5.475240297475459927e-01,8.014457543104330783e-01
5.962986908433298705e-01,7.766130270270996672e-01
6.517064508560573843e-01,6.473963262395678875e-01
2.584164201446423337e-01,7.653699864054941404e-01
2.043761508156826112e-01,9.984400334399770038e-01
2.276328988035661027e-01,2.327030808113429161e-01
8.685299506551457105e-01,2.081301181760767949e-01
3.606778098475270644e-01,7.162297847149943220e-01
1.603575594860869036e-01,1.317219668600567162e-01
4.952967425541323077e-01,2.648930541539685768e-01
2.438045848507656432e-01,4.655163194947188089e-03
4.242304032563349869e-01,2.997590589065645128e-01
4.662483683608546758e-02,6.260986523272773496e-01
6.669014409968228030e-01,7.853546809195306733e-02
3.290646678093543387e-01,8.829198716266829505e-01
5.610006176674237066e-01,3.945971149445104409e-01
4.595885709314823098e-01,2.274276507853892071e-01
8.165434354817536766e-01,9.098700077171697487e-01
9.381080382723503419e-01,1.842857964760575562e-01
2.848238651732361015e-01,1.106907789082757776e-01
3.313673437305144631e-01,3.308708492311394078e-01
6.524315726384912750e-01,1.874612148874771345e-01
9.398605977382827881e-01,1.005644237618286141e-01
1.507623953629077737e-02,8.602153984467585390e-01
7.105239535638090409e-01,3.890546147601552929e-01
5.630112156453046524e-01,2.221764337217789209e-01
1.723493929289365567e-01,4.721148754193291164e-01
3.452301253098930545e-01,6.045357248470879519e-01
2.487494776692497633e-01,6.615132787895993127e-01
8.156204509807606362e-01,1.772016427559713891e-01
3.806517210240227544e-02,4.506409521106314320e-01
7.762027434011913307e-01,6.776198209129304928e-01
6.785272740267817015e-01,3.668156203250768077e-01
2.421651654627365036e-01,5.484927612458282420e-01
2.100838027415554976e-01,7.396782005644475522e-01
2.074751932138820809e-01,2.616552628077480347e-01
5.121695723991357418e-01,5.130455474149235862e-01
6.042847155032556872e-01,4.112454366008206352e-01
9.127961661481943656e-01,8.510692287914527476e-01
9.150260568925994153e-01,5.903896497798920562e-01
6.422325582428493052e-01,5.905545325833463366e-01
4.450386963482312330e-01,3.338626262468334382e-01
5.873399431162823481e-01,3.816382118427632392e-02
3.025434575348733349e-02,8.483503921882774579e-01
1.968083943432252444e-02,5.533066067549728961e-01
6.315616601304646638e-01,2.094463582553484360e-01
8.819115052827732892e-01,2.098044892342572632e-01
9.253635002324434033e-01,7.605640627280599864e-01
2.426328075200041845e-01,1.294403532021661252e-01
3.018418701552172401e-01,3.764591785426153470e-01
2.484011270968544405e-01,9.920759696999260635e-01
2.371083413728343747e-01,8.127968102347066237e-01
1.557666160951565459e-01,9.611739007751051167e-01
2.292748898370408350e-01,3.890420687846622427e-01
5.615956329210022302e-01,1.147111095803632214e-01
8.204393492575511315e-01,2.416401992156714806e-01
5.623642150803738193e-01,5.436589528413754424e-01
6.069829066330222345e-01,1.808450130277045043e-02
1.437640963068891609e-01,1.533891597011294017e-01
3.295612621860547486e-01,1.554595838269417496e-01
9.245188216020984173e-01,4.944682871923287149e-01
6.014498487107096114e-01,3.630212792174301040e-01
2.902599269976600671e-01,5.073566522615531316e-01
3.285141189965882225e-01,3.299966912650404427e-01
4.563382730863561054e-01,4.718701927022974640e-01
9.885349221951833520e-01,2.527100524290464278e-01
4.671459872304098981e-01,1.663543703285801367e-01
3.788200276352826079e-01,7.035164632097746784e-01
1.838009376421348429e-01,6.129439424462153063e-01
4.213105268135980408e-01,6.731384435470566530e-02
8.975962542900843832e-01,4.255458708283341718e-01
7.942712905615595398e-01,3.897892474125844720e-01
9.180737484993802822e-01,3.025503704728608190e-01
4.061764116013573678e-01,7.811030080386724972e-01
3.498818538909658771e-01,3.654861826660248392e-01
9.914141927497631679e-01,5.614681683290422276e-01
7.054391011204711459e-01,6.541392480140292287e-01
8.194639739483926544e-01,8.866138404925484329e-01
5.764100172595475469e-01,3.022607527992031695e-01
2.463419112321604820e-02,6.244042423510894890e-01
7.888352544711179082e-01,4.553659909992842092e-01
1.975097990821854110e-01,2.924818066697302266e-01
5.116584758860039939e-01,8.247635328682184630e-01
1.816076916727598634e-01,6.082483875627512360e-01
7.795546095983572066e-01,9.187751265078734075e-01
1.076575929935187359e-01,9.143740730264451333e-01
6.381591169487079718e-01,7.629062742000379815e-01
4.281316031112718246e-02,4.643362647315022462e-01
6.044022343700732325e-01,3.173915387406922584e-01
4.421277229330793923e-01,5.412740706305267935e-01
5.406348217803181866e-01,7.905894676813135513e-02
4.934093618299952855e-01,2.368136065946009616e-01
9.478806758312435798e-01,1.012008495385709805e+00
3.439383273501634419e-01,1.691468400429116947e-01
2.019387916935430072e-01,5.144220510157184734e-01
8.552197187543453261e-01,4.794642930532149738e-01
3.527936803006800903e-02,3.725767595783874286e-02
1.877034281938204097e-01,8.141090891382301020e-01
6.090337816584772135e-01,5.390393475097901010e-01
3.402178288631339531e-01,9.295583690765403251e-01
3.427186833808547051e-01,8.442950162388254132e-01
8.917680561805564343e-01,5.030976437206701180e-01
9.033322271844014262e-01,2.704352819286041099e-01
6.247552289609961118e-01,9.837691637242212961e-02
4.487081465318759066e-01,2.249374646701649827e-01
6.434104910406081290e-02,-2.348187560317527289e-02
3.299200572615046956e-01,5.933569832753723405e-01
4.591292976790591340e-01,3.047092368652700722e-01
9.781522670537882158e-01,9.513572226616849870e-01
1.119001909517636367e-01,3.936156083883295964e-01
6.623396080802395058e-01,7.522194095477529041e-01
3.784961169084457011e-01,7.421379155060988664e-01
8.536069883233896038e-02,3.614464286754442424e-01
6.773312269401323693e-01,6.374040181287526918e-01
8.794149518844374125e-01,4.984635162601716574e-02
1.802163787150178331e-01,5.608100126423647136e-02
1.960775710424110252e-01,5.129508031174520588e-02
4.873470046242945886e-01,5.089398626359934452e-01
6.513417600694709764e-01,4.197290790526736481e-01
-8.329841494387334178e-03,6.824971194434530375e-01
7.571125857288554806e-02,8.817501032162461394e-01
4.301546453919800200e-02,5.588348506415149464e-01
9.010825165793592273e-01,5.633485978223453650e-01
6.113611243551398955e-01,6.748297791148170077e-01
1.728398873646483369e-01,6.642739677515338004e-01
8.900177021024080481e-01,9.442035208525836332e-01
4.457083672207752811e-01,3.387627745689212877e-01
7.668233233132055737e-01,5.569093488026077843e-01
2.856446239008970100e-01,1.989092716526694171e-01
1.689042020169430613e-01,4.402893137561043613e-01
1.535822786231965387e-01,2.577370353192538072e-02
5.524449723743192486e-02,9.350430757685914696e-01
6.225913503340611832e-02,1.019254392072000831e-01
4.217347690871346977e-01,2.332909787020114034e-01
9.411517099998804037e-01,9.068063757042712503e-01
4.296745768592262205e-01,4.429764413532748524e-01
3.771431997910487111e-01,5.115097377163295433e-02
2.861405120940800906e-01,1.303260228972089874e-01
1.073854450517635201e-01,5.382453866570665602e-01
8.947854982253140854e-02,1.100230360567984594e-01
5.061575553324942911e-01,4.679075709678023332e-01
1.795445257410359374e-01,1.415816792795220568e-02
1.847081506741563850e-01,2.346132075444742338e-01
7.979731472429287820e-01,9.072807462624981056e-01
4.136035043572129366e-01,4.136164964332607608e-01
6.890061338210168307e-01,6.486854166601815352e-01
1.474041145919203766e-01,1.032394832373872140e-01
4.605981961161746407e-01,5.769761916987293793e-01
1.315681266392681459e-01,3.326499636774641888e-01
2.971415263844513488e-01,2.212591816431984104e-01
4.698160600586797075e-01,6.174933132108706424e-01
4.927609130471629628e-01,2.139115675485960266e-01
9.372189372943073860e-02,8.334826530537593481e-01
4.561426960789922158e-01,7.930878461911861077e-02
2.243025698243223121e-01,8.304064105433252019e-01
7.422192000339457030e-01,9.064398033387415232e-01
5.852775802223572077e-01,4.614012399924237728e-01
4.074817752739071652e-01,1.581210708928499908e-01
6.516610270402667382e-01,6.097485368747743717e-01
1.706801816814078054e-01,9.089223454286516901e-01
3.846786072682282787e-01,3.333340774195511086e-02
3.432092586814892710e-01,8.717133937586252213e-01
9.027619594576574702e-01,4.939854990084185937e-01
9.552134240111067598e-01,9.035616595183534328e-01
8.149331692441758035e-01,8.484777121741867711e-01
3.679026393612053192e-01,7.944059101483936791e-01
5.644852745895005963e-01,7.456207663892068238e-01
1.571583575775446218e-01,7.415263882188098954e-01
9.628426221667810703e-01,3.273306915465359901e-01
1.007928900447436327e+00,3.800138156802360112e-01
1.889819784323750473e-01,1.447854625822768415e-01
7.722229642547745465e-01,5.094709248790805223e-01
2.699599845318673697e-01,5.761491428114865476e-01
3.440150987450036335e-01,4.926471093613491448e-01
8.218649123180512550e-01,6.525153791958736571e-01
7.641823556004806450e-01,6.144036907829872884e-01
9.756392985025755804e-01,2.532260627405655273e-01
2.572893757505473333e-01,1.447021713966381573e-01
5.569103078233760273e-01,6.204730118712744602e-01
7.276467120841131342e-01,3.271521945953886346e-01
3.125421004306837280e-02,6.090489860231041996e-01
9.586562445121640241e-01,2.915454612995219130e-01
2.002457268822693537e-01,2.701514199223588042e-01
4.291452856635105118e-01,2.264990025246301220e-01
3.682132915734130374e-01,6.512449312314502192e-01
3.454225532249789454e-01,3.994335405414860540e-01
1.215975753336291307e-02,8.909646351472976233e-01
4.044461314393869578e-01,3.384182122493027967e-01
9.777176966420991766e-02,6.269245579129039125e-01
8.787325173895834673e-01,6.956903060067176625e-02
1.434991190327508659e-01,1.525831070184428817e-01
5.981177727411103318e-01,9.187043765389986127e-01
4.411596535246761208e-01,3.778717339749279591e-01
7.841462131416022663e-01,7.590727504308950602e-01
2.376812819521882392e-01,1.428628593320518669e-01
3.656007412344772223e-01,8.004782985061265066e-01
7.295314778856345495e-01,6.168009625708912314e-01
8.783563260150721863e-01,2.854700513063474498e-01
3.578623327527859499e-01,7.540568421264742804e-03
8.640076590682402857e-01,5.988866932601222270e-01
2.746273367093240436e-01,1.165030405001467317e-02
7.301196102085246720e-01,7.477418662858047460e-01
6.950053938725593294e-01,2.005826014290372217e-01
9.114816826469549493e-01,7.671115691336128917e-01
6.784267322958998925e-01,6.367689547685986273e-01
9.232476752831816347e-01,9.178724565585314465e-01
5.959678500847714888e-01,4.300848058186955702e-01
3.806367064369762243e-01,8.254451392088170136e-01
6.229942332936695415e-01,3.986093606894861030e-02
1.384268932505381411e-01,9.196115922790416564e-01
8.934920969324557927e-01,9.566731088450696197e-01
4.277104361989940706e-01,7.902429445101408767e-01
8.083432037752431576e-01,3.313009422214987509e-01
1.622638403955852238e-01,9.899210514723073562e-01
3.895935636438265653e-02,5.630049294240428992e-01
6.538132325011355439e-01,6.791268367508149773e-01
2.808124021064993259e-01,7.176063891551496265e-01
2.337728535488844406e-01,8.212148055280323877e-01
1.733946597931324829e-01,6.921953026598728353e-01
7.873486309362446312e-01,1.919625005359588965e-01
2.413054977380723332e-01,7.689746546870555033e-01
7.952442012005236927e-02,1.682340755750534877e-01
4.155987928797321151e-01,9.280527486771726897e-01
5.469737732430481891e-01,4.092745597882190833e-01
9.347305484955393817e-01,4.695316822041744054e-01
4.761647189849609885e-01,4.079873882573734067e-01
3.121251107931554136e-01,3.342217451370141923e-01
6.979274490736125935e-01,3.266545061066820910e-02
6.616508014453557074e-01,2.142589140768834111e-01
3.460467754561533105e-01,1.631835389613401910e-01
5.449150735911060250e-01,7.294121480338826569e-01
3.441434186313972465e-01,1.920342300106954170e-01
2.314857960796674330e-01,8.116781587933296072e-01
2.606506771470175066e-01,7.717394503178697240e-01
3.791382103368866607e-01,1.623907872033698296e-01
7.489662032467458985e-01,4.799071352170058424e-01
6.207348632304793279e-02,9.725237552482290937e-01
1.478207050794437816e-01,3.738075290254989635e-01
3.893900114826931991e-01,5.045290198705395524e-01
8.140084116105552603e-01,7.940679151576422387e-03
9.239843517030423836e-01,6.331132229180291837e-01
9.596596873008709228e-01,7.998261692375654430e-01
9.208421187976036926e-01,5.816491757016316599e-01
3.674757652455520884e-01,4.278709477020254948e-01
6.322976521364958025e-01,4.047163513079590769e-01
7.202510162493032109e-01,8.224199970209408739e-02
8.350157018959587507e-01,2.009561738681414078e-01
9.513538253998766736e-01,1.645580504281023981e-01
1.439741863309685344e-01,7.737196190512602989e-01
7.961573602760144697e-01,7.498571543403349526e-01
9.647587107439692389e-01,2.900782877565064588e-01
7.957683864199198709e-01,3.425374385835318614e-01
5.314710268406532823e-01,4.489313054611007714e-01
6.567570164315868209e-03,5.838437491795033241e-01
7.452128085404893243e-01,2.019991089943649065e-01
9.654800474564806390e-01,5.080416043505168178e-01
1.791482273563642091e-01,6.619074564230273960e-01
2.036292681495299739e-01,5.537647580862271185e-02
6.904125401241779647e-01,7.902571701327182341e-02
1.058346108074736114e-01,7.107374890917730337e-01
6.536181248871753002e-02,7.874500200859729793e-01
7.994094221431876646e-01,1.477773398861972620e-01
5.198979250588372514e-01,8.398643371030696525e-02
6.283638547815147968e-01,8.655144633474098903e-02
9.359886883255156276e-01,2.081593375084939135e-01
6.717588798594683608e-01,1.486999663678713890e-01
2.111530638299815299e-01,4.356701687140978052e-01
5.732386465121512842e-01,9.940426027620533622e-01
5.377787030887504205e-02,-5.793304860337264743e-04
3.227121169473314843e-01,3.761290325314104455e-01
9.195589847659374483e-01,9.365211654882269476e-01
8.584663031836137215e-01,1.378041875995457133e-01
4.114911716337777414e-01,7.455141851238094031e-01
3.202303049278181768e-01,6.563560083574926374e-01
2.188303865794756220e-01,3.424552646909866938e-01
8.379583277030819843e-01,2.344667052681765340e-01
9.417284665032403801e-01,3.185038096458904788e-01
2.565753601157398645e-02,2.725709761966634281e-01
1.555010739183036450e-01,4.817667038768501109e-01
1.038380472184554787e-01,6.223989315101980946e-01
8.790809967118958790e-01,3.288710491379812084e-01
1.780673365710779277e-01,3.821402210186226611e-01
7.730185084482770197e-01,6.149618647024239770e-01
5.747927641853914360e-02,5.436371948703724311e-01
4.744599540569428564e-01,3.107365564841463312e-01
1.012205096350028560e-01,1.005532871663300520e+00
2.153017907726761382e-01,2.140374081284346086e-01
1.833001254574452565e-01,5.563664002055871416e-01
4.120678931535101119e-01,2.485047518570968061e-01
4.455205557436416330e-01,6.364268489393796191e-01
2.631713945121008091e-01,8.989378741701229414e-01
3.134775084254462496e-01,2.027314220978450043e-01
9.390646314027275565e-01,8.141568340719952390e-01
3.202415211481988710e-01,8.329033548915630858e-01
4.935184640999856764e-01,3.437477417051665318e-01
8.236018043620672024e-01,7.659725672658118656e-01
2.973511012286205180e-01,6.021436602223239065e-01
4.047527108996893386e-01,8.717736100760879042e-03
9.544526597276408175e-01,5.379543691311150511e-01
5.748091495471581158e-01,5.985737479681991768e-01
5.567937316669354653e-01,2.517603249235748075e-01
9.442964543684876366e-01,6.113463567299476376e-01
6.489577462360903715e-01,4.556579070375685880e-01
2.915044413489202846e-01,6.190283481626939616e-02
3.612336829955694606e-01,1.643991837170337145e-01
6.611701710478010696e-01,8.589376131060124653e-01
3.084472523915026132e-01,3.344007885237731403e-01
6.463938040601080459e-01,1.461702467371412406e-01
9.286809892123585319e-01,3.694670190898854956e-01
1.075618160581976734e-01,1.602602861417679603e-01
9.480189691661123907e-01,2.575804019458051153e-01
6.477772120271768630e-01,1.333112826379777016e-01
1.811386594428928409e-01,8.498052599473645552e-01
1.521933503440454083e-01,4.242178519779558898e-02
5.296641106847952418e-01,8.409399849094101320e-01
3.417271306232299577e-01,1.298522882032142056e-01
9.343120226436365527e-01,6.700906865163679393e-01
8.418169706842905109e-01,7.763546302484177764e-01
6.808231838096090449e-01,3.958253540747656007e-01
3.221982265038995652e-01,6.880424158287548053e-01
7.056693020060693655e-01,9.812210132502073856e-01
5.651924068743012786e-01,3.127384469773451525e-01
5.065498850849809997e-01,6.047485397015545106e-01
4.010613500537127951e-01,7.680967567784089400e-01
6.136465530663193224e-01,1.247047586601479977e-02
5.351634656124170109e-01,6.502829964974723431e-01
8.795242261905135139e-01,3.971991887925893083e-01
5.760935467228291973e-01,5.254058323124204399e-01
5.479764500359560753e-01,5.765627597666340975e-02
8.978499534533060933e-01,9.288065241636710434e-01
5.764968756592926402e-01,5.516027257857666344e-01
5.318369727075245024e-02,5.813495430079729243e-01
4.424549634913948482e-01,7.295630700896756915e-01
8.351218252977306300e-03,7.029515624521573969e-01
2.626249033968925950e-01,6.547234695916283043e-01
6.023670508230724030e-01,2.004386636211773209e-01
4.629227308304857402e-01,8.323213763462607995e-01
6.043935203527724953e-01,7.737200451811152013e-02
4.623252105606088791e-01,3.033996021264133702e-01
6.337193868382885453e-01,6.067226107517785794e-01
3.202827941672309331e-02,6.063328068265136928e-01
7.290276877467898320e-01,7.765479610389394161e-01
9.560085438553574122e-02,3.051440799951070093e-01
4.158846160579501849e-01,2.186316781547177346e-01
4.473299040100346402e-01,9.482603595555270937e-02
1.032035479227016994e-01,6.566982071615400374e-01
2.258893720928188409e-01,7.307041852366574775e-01
4.964847102410007568e-02,5.266852955028723526e-01
4.154856156284157387e-01,7.902243728307406512e-01
7.796699713914926333e-01,3.453002565174867478e-01
6.325579828998427745e-01,2.375842693350247448e-01
5.794470851193003202e-01,7.289993526981601579e-02
4.871336368886851065e-01,1.586603268188015170e-01
8.689524422475884968e-01,4.590659527236997106e-01
5.704849499042722316e-01,3.386177219989542353e-01
3.113714081683895407e-01,2.150236175603513766e-01
9.215543422089051973e-01,8.031022794077039562e-01
1.194180765032936409e-01,7.416714542160888213e-01
4.169492807313964766e-01,3.232098202367764822e-02
5.368844676879530597e-01,1.114895707740333336e-01
2.257251576487721012e-01,6.624708404253897287e-01
2.507336001625095623e-01,8.690472343001436339e-01
6.400276895347554174e-01,8.708152104716003761e-01
5.857760554017562571e-01,8.524657099021561990e-01
3.718927104485143520e-01,5.397405216874706646e-01
5.190015550596930316e-01,9.323817007316760330e-01
1.780079657618819922e-01,5.686871161855462375e-01
7.517568046389645486e-01,3.806618807293764006e-01
8.802813199391839039e-01,3.734298218749443343e-01
1.805209398970642753e-01,5.912800042126240552e-01
4.187234789572098492e-01,3.085352554076301740e-03
8.469050445393656867e-02,2.011130894381961964e-01
7.277103652026073455e-01,8.755228056400109482e-01
5.360274418088918358e-01,1.015428353791805460e-01
5.584978506364425277e-01,9.196519786718957423e-01
7.003012095660993142e-01,2.971862908900316236e-01
1.252823316936920728e-01,8.970719039887898871e-01
8.649475375394539700e-01,5.671113995681541925e-02
8.164458103117885335e-01,9.779749106213168897e-02
7.441496669669840636e-02,7.678303224365513602e-01
5.400832680773517414e-01,4.028790715352625895e-01
9.602450536405232606e-01,8.464938382915186965e-01
7.287273609377933892e-02,6.059311928839512529e-01
7.760588770907156375e-01,5.541227413109628408e-01
9.447665033078909147e-01,6.717142894406233911e-01
8.944014563871641177e-02,1.862888766735959489e-01
8.048488384962402264e-01,9.976337938703189190e-01
1.262864391503578654e-01,1.029390918397295185e-01
7.397616450298450941e-01,4.373620365256094406e-02
6.101909308065764370e-02,8.605043527184231822e-01
8.065389539976680622e-01,9.086251772597178089e-01
6.389953178781028198e-01,3.240591000744377226e-01
8.977339765793670434e-01,2.861309679488953095e-01
2.793023608132988445e-01,8.731343092505403636e-01
6.646545834434083311e-01,8.632862570706543170e-01
1.571930538087453200e-01,9.736369856646853727e-01
6.268883324711738148e-01,6.978749107083997982e-01
9.005702712318600645e-01,3.977691624420957583e-01
6.975223423256193822e-01,6.545257940390418749e-01
8.206364644457689872e-01,9.069104218955496011e-01
7.132970877689694955e-01,5.566491454154464530e-02
1.804557245395126408e-01,9.356645083636088156e-01
9.693462703463348040e-01,9.728067901071242307e-01
3.732010165276587743e-02,3.729653890032999519e-01
7.498583887738686782e-01,7.597892154974983381e-01
8.272316634295522053e-02,5.864528269861415399e-01
1.049238976213953123e-01,4.812995631291757670e-01
2.120403261067922707e-01,3.644977196413964893e-02
7.155332050673079980e-02,9.079709662720975016e-01
7.313258475632489208e-01,9.756480039361804524e-01
4.447678716615933725e-01,4.374767481116123014e-01
3.551559323082393860e-01,6.031565682252781890e-01
3.633109071791590372e-01,7.372156829566394176e-01
7.851780324870734074e-01,9.116407914743531737e-01
1.989117293199118841e-01,5.221245727825274408e-01
2.272460491397213234e-01,6.571627408389288383e-02
6.998566862129280697e-01,6.022015788218246790e-01
7.391096607800485829e-01,4.027705519144771096e-02
9.664525244825906691e-01,9.990872469628674368e-01
4.421225003563741263e-01,8.770153800766702368e-01
2.344939601402607210e-01,7.136456331457231572e-01
8.599340693346755327e-01,8.317045381823723327e-01
7.713150073630012926e-01,4.839321285921763249e-01
8.414806852349303590e-01,6.840766769454094121e-01
1.043625452873920972e-01,1.253016882465013970e-01
7.621949495911151118e-01,5.951617351581823812e-01
5.575589217502986417e-01,8.895735249303858838e-01
6.301473391366170240e-01,4.018477614844515600e-01
4.125748594505105338e-01,6.349681282024525197e-01
7.526648791847010411e-01,5.569541806150903884e-01
5.154654468631029163e-01,7.308910610786094608e-01
7.098653042051162876e-01,8.357858705562491997e-01
6.584411217520484694e-02,7.466224727695425223e-01
5.304140028870679702e-01,6.749517197736082386e-02
6.950970341215688686e-01,7.442954357675138910e-01
5.100763521979456705e-01,8.418886460231449487e-01
2.859958505257897965e-01,1.877994549584003914e-01
3.615337683731547069e-01,4.188817613838723419e-01
6.973699069123691086e-01,8.618849596377713418e-01
7.259707909287423933e-01,2.153023990196044901e-01
3.651525764427963061e-01,1.413238410160534142e-01
6.756900136208172647e-01,2.575983658514846009e-01
5.351059665849553504e-01,7.959593638330396681e-01
6.539492034801979159e-01,3.205469530640137066e-01
3.716065637501064223e-01,6.539487930409375593e-01
5.856798482028267028e-01,1.137186073988847024e-01
9.183653327664794697e-01,5.220661298649995619e-01
4.760930747129229479e-01,2.152873612918549950e-01
3.683221189837518339e-01,3.409672100722918597e-01
2.973500117618249616e-01,5.837967837611499622e-01
4.616562071188481942e-01,8.932059971966318512e-01
9.564975126731966037e-01,2.339623614238883764e-01
1.151067164297811390e-01,7.921263135961418289e-01
9.783705108498514935e-01,8.502970125780326960e-01
3.292073741420495359e-02,2.678927390966472921e-01
5.738100152156069833e-02,8.072750427141451857e-01
5.783836289126637054e-01,4.902329678793286849e-01
5.266213084044309989e-01,2.540808447031197570e-01
6.288014964329083911e-01,3.266305847812624868e-02
6.841744325483134492e-01,7.311517507553735307e-01
6.736506078747650506e-01,3.122973804918373064e-01
8.193180354608009530e-01,6.917452324450938939e-01
9.739057723859584348e-02,1.716855948605502391e-01
6.388139149775595715e-01,2.746820079513138668e-01
1.094354850989941313e-01,1.631664045443854405e-01
1.346412130899712067e-01,4.794116279934309555e-01
6.243469621490782551e-01,1.950934646760063285e-01
7.228279513582878124e-01,2.799689620976767990e-01
2.990833604644199117e-01,2.218514460092984586e-01
8.182754005016573684e-01,9.652751569878155191e-01
4.903622112716074510e-01,5.330449678793747204e-02
2.615638014026219205e-01,1.625661501324253688e-01
8.378279417573899490e-01,7.655523235171106389e-02
9.863962458923150045e-01,5.495067828167718993e-01
5.273118218091283893e-01,8.378155626891614638e-01
-1.055662798515857176e-02,7.576605609579613043e-01
1.158831237825591748e-01,8.428076835238399456e-01
5.439763083481307104e-01,7.728976705099072086e-02
8.023107395367800043e-01,3.486418879827944683e-02
1.529415723620589362e-01,8.022029762452702606e-01
4.749199535620254320e-01,8.427382882253724450e-01
6.156249730027674172e-01,6.508496944180504062e-01
2.866409396891861361e-01,1.781426018464502270e-01
9.356039426650492041e-01,1.360731339660453676e-01
5.167964878138746609e-01,2.898173104937474265e-01
2.582330152716185712e-01,5.968997822609186654e-01
8.098449833272338694e-01,7.649124176024812982e-01
8.848238170910492917e-01,2.875852629779367398e-01
4.693123803893475277e-01,-4.356885468015067597e-02
7.401109176478933849e-01,3.276139519093159147e-01
5.753870770125605327e-01,1.870311943063251714e-01
8.204658606915569141e-01,8.507977093360992171e-01
8.832216890843308521e-01,3.273499546255530246e-02
1.009561527277165860e+00,2.662313816294627489e-01
3.220255105426984565e-01,2.412770514411793077e-01
2.731621418079304697e-01,5.805278533236412075e-01
2.493615441937043209e-01,3.642160606665609812e-01
6.430313081938250352e-01,8.225208967725423648e-01
6.776550320292645813e-01,5.520971587424221561e-01
1.855401130967579415e-01,7.985898492810918903e-01
2.119592180217843083e-02,2.253574941340924509e-01
7.438749662583415967e-02,6.656116785266766867e-01
3.613528104918565242e-01,6.460884561559223638e-01
3.587870471489294499e-01,4.461403005859924109e-01
4.181829889124959454e-01,1.974993484794405896e-02
4.033570968112899502e-01,6.465707199434144181e-01
5.646526268860967424e-01,1.045998788756902775e-01
6.353580973413904820e-01,3.212681567603126731e-01
2.133378934933660015e-03,2.140647186405560676e-01
5.252307399295842449e-01,3.444395672727584845e-01
7.104318101584836675e-01,2.482912394952683233e-01
7.647445090610902607e-01,2.744907651774765034e-01
6.048616058452627176e-01,8.115678934124201938e-01
4.167641846271215034e-01,3.966878500100937815e-02
5.209985448592217017e-01,9.657389934416505950e-01
9.738856997447838948e-01,2.456075435644985983e-01
7.812830558786487689e-01,3.725206066252038650e-01
1.685806124429934383e-01,6.677184733490912905e-01
5.265137747670640689e-01,5.170293324126252754e-01
8.185757637048013402e-01,3.707606374947686745e-01
6.456026490938332474e-01,3.655023043066698007e-01
5.535050869458366801e-02,3.796690784428453092e-01
9.730228133365290688e-01,5.137760454652549047e-01
1.178237232424515502e-01,7.156280838913744446e-01
9.448058404292448698e-01,9.047944618498713343e-01
6.200646614066791518e-01,4.151393527719591803e-01
5.551388841627890036e-01,8.156758140290735204e-01
8.639588345489220833e-01,8.271743990374559319e-01
4.809572316759211374e-01,1.556411712289854643e-01
5.699217502506778166e-01,1.788685439659732646e-01
7.392225555997970765e-02,4.982452178686355704e-01
6.214102865593336134e-01,8.745167788071740445e-01
7.949394281986772448e-01,8.650322973588151498e-01
7.404434527205983052e-01,7.424221423715922086e-01
1.318700678967686495e-02,6.032748002995529379e-01
9.443539654302968156e-02,7.221658034181907548e-02
1.705571469004609764e-01,8.140319583088172495e-01
7.531018963266272737e-01,9.621245320559658198e-01
9.817747630703489436e-01,8.792571639550946783e-01
1.521531699603450583e-01,8.951353671348042385e-01
8.499907355896325623e-01,8.544112223241377979e-01
1.250649672464054230e-01,1.183223059814329792e-01
9.424003021163708249e-01,1.946341067537424863e-01
3.803093677246000559e-01,4.469757659317911691e-01
1.083583798296808287e-01,2.029695143261308135e-02
9.939427899412822676e-01,8.988031506989346830e-01
9.027436414242148155e-01,2.766300837396319934e-01
2.612013947508944334e-01,4.568910029031642006e-01
4.356637601547250216e-01,3.497447684318120281e-02
7.568154776284545804e-01,9.879858638258254278e-01
5.222860001456923751e-01,3.867068625574917040e-01
4.051470199651558413e-01,9.820659853781917026e-02
2.784563654517191456e-01,4.940959713834262024e-01
4.393324536135023162e-01,5.466140825126748481e-01
8.212990471486912858e-01,2.349025068734333088e-01
2.958528827603765926e-02,2.394725365881392870e-02
1.256719627382699156e-01,5.624765699089178117e-01
8.032864405494281046e-01,9.219851016932729681e-01
6.769182907546190675e-01,3.486224787839978800e-01
1.642781960926248952e-01,4.205173668136628629e-01
3.280935983475342099e-01,8.885876825527738720e-01
5.198027311848621990e-01,1.987590601508471277e-01
2.914763045402797292e-01,1.756051080849501400e-01
8.938301430491666366e-01,4.804119941403760252e-02
3.878303034012335962e-03,2.040267883284621331e-01
8.346989368545515431e-01,5.267133337939522431e-01
6.264874733151899466e-01,3.233487185053086632e-01
9.713803597206210894e-02,8.490948361850302328e-01
1.890477709562804198e-01,5.249119659750593747e-02
5.766561294428393936e-01,1.033660593928309307e-01
1.078300545791437137e-01,8.044527726992398708e-01
4.978184438874001527e-01,2.190529973156148114e-01
3.456468207695316264e-01,7.509219198417784735e-01
4.838134370876203544e-02,1.021750943592474731e-01
5.986695492429882082e-01,6.100393464052283887e-01
1.000512761590793165e+00,3.854926811430108846e-01
2.153837558032154625e-02,5.505099348524455927e-01
6.295050106700569303e-01,1.497904328357699821e-01
5.498719700284964151e-01,1.805579905334898927e-01
8.433006260482225347e-01,8.263320937763320995e-01
4.357833949628830417e-01,9.490230895732274519e-01
9.572784773603146835e-01,1.438927258971556544e-01
3.898905948597962134e-01,6.119226259049742600e-01
7.186235288798606402e-02,3.678541051138075058e-01
2.475222993530359072e-01,9.698581195617127504e-01
3.950848456686402166e-01,7.803516687401010898e-01
3.994434266613231532e-01,1.565666100495105018e-01
8.844145917406091018e-01,1.127002854872885713e-02
2.656725030711432067e-02,3.765869734141814029e-01
6.892077233593836283e-01,3.342392205153038032e-01
9.355730257566513552e-02,3.148133203439542616e-01
2.343918806511674779e-01,2.790092317673729255e-02
5.267000593748457637e-01,1.050560503317322092e-01
2.649532067519896894e-01,6.247863097941676047e-01
7.104279020113238863e-01,2.758765773023316159e-01
3.088122249581944923e-01,2.097524606094287036e-01
9.629531963274217121e-01,1.778407011441169860e-01
1.828552652761516739e-01,4.706836153468566541e-01
1.907372541237424557e-01,1.869008785940649842e-01
9.451660028044533979e-02,6.603103777353795945e-01
6.011337102601531646e-01,6.523167048856777228e-01
7.546406479569871539e-01,3.100740306475479602e-01
9.139304050194717588e-01,7.066339299774835325e-01
8.078957880159641780e-01,7.149069641828202926e-01
3.631472440549007863e-01,2.567686683721246976e-01
4.365517157920359437e-01,1.309826338427863002e-01
4.810111635510657679e-01,8.121911368593767722e-02
4.794579918857276926e-03,9.244523824079607932e-01
6.990885313852935878e-01,5.570825516827170309e-01
3.062932964408916492e-01,5.869240049595271236e-01
8.868877387468188100e-01,6.230330784289676016e-01
5.923163526483922192e-01,4.559712999216707918e-01
3.459336810156026787e-01,6.990240138672622061e-01
1.008361335917704604e+00,3.989868837379421107e-01
3.891623205561985932e-01,4.105341955135011212e-01
4.506673330745886163e-01,9.793956912403825044e-01
6.999016607590526906e-01,3.801783565178192270e-01
3.979978702756000186e-01,4.602493955016646598e-01
3.849925667281657582e-03,5.374746840750108667e-01
8.167832904161985708e-01,6.595432702965763339e-01
1.997522089835220283e-01,7.537497201575372729e-01
7.402303908729226389e-01,2.804774801821171004e-01
6.270129408265842086e-01,6.563608486902640093e-01
8.317751669764220646e-01,1.037530834949528247e-01
1.895336242144507743e-01,4.871242586649185968e-01
7.020883084666414142e-02,4.053746363313838752e-01
7.980436434803047652e-01,1.191695084964167761e-01
4.815770949951387880e-01,9.911356216715628831e-01
5.003088919947136226e-01,5.409568726038896935e-01
5.801917253163701993e-01,1.652075327618840739e-01
1.449760471928237815e-01,7.320810199151948083e-01
4.353431456365947638e-01,3.083658908211596716e-01
-5.549342819179993447e-03,8.726935026180836497e-01
1.962516258946726821e-02,7.764534827669196115e-01
3.675351892874825777e-01,6.084644014292441838e-01
2.348723481618091857e-01,1.481340600610840941e-01
5.458319335571064634e-01,6.692397264873866103e-01
2.429416556267379734e-01,4.158145180883234260e-01
4.229919657702812530e-01,2.284818244380352747e-01
5.908882689845824654e-01,1.394616314500557175e-01
4.883197889701579864e-01,9.498393319224392173e-02
4.649420174351576729e-01,3.177626474795304246e-01
4.508465696798713562e-01,4.422660116212804859e-01
9.152305113707411843e-01,5.064218457230027504e-01
8.103000234794860424e-01,2.108882981342267704e-01
3.552086760016099909e-01,7.398958044519333976e-02
4.258068351086847225e-01,6.544656282544064618e-01
8.510113798984454414e-01,5.423474462219395331e-01
6.312649764051732060e-01,1.998479042822751128e-01
1.457973905298294917e-02,8.126930060905022124e-01
1.388562199790540908e-01,5.946501804676912473e-02
9.076850757060734853e-01,9.658574874040872782e-01
6.308492066113532415e-01,4.044891547650749097e-01
8.574969561067876667e-01,2.219739310338576244e-01
4.127566583925255106e-01,3.402072283214036541e-01
9.284558371720723624e-01,9.482035841617616478e-01
6.302631087254597642e-01,1.366201270604739948e-01
4.437860402925172809e-01,2.531268681027631917e-01
8.828395178289641931e-01,1.343190041194623763e-01
5.493569847470123474e-02,6.873544298052496337e-01
4.622076369992608180e-01,8.395782572189395276e-01
9.333586081604455797e-02,8.328839405410850549e-01
3.987309109832095494e-02,1.169564459318779559e-02
4.385577691846152537e-01,2.552563260438482917e-01
6.251261668192210630e-01,4.356442642113331210e-02
3.658662040551007022e-02,7.434518073779098346e-01
2.362544701135046998e-01,6.440579841183440291e-01
7.505180675456644135e-01,3.720645498648519900e-02
7.671727219516917273e-01,2.993066888913350487e-01
4.111169139682364082e-01,8.933932832351573761e-02
7.847653210316265504e-01,5.476129336170186823e-01
5.067133971444942597e-01,9.642365425091192765e-01
3.351612115664369673e-01,8.956310849015574060e-01
7.090142658827442990e-01,9.283775168560148838e-01
9.048131850191228898e-01,9.769657516730453350e-01
1.686035052775577137e-01,7.864872209729730779e-01
7.594101706932694373e-01,6.800388453802065358e-01
2.619354385480532343e-01,9.831464386111957721e-01
1.908044093100664529e-01,5.109609410702957710e-01
5.205241656192821642e-01,1.818359615823124109e-01
7.182547375671479717e-01,7.576076602880600641e-02
6.982381758846352149e-01,8.409656616612964930e-01
3.108129680144228191e-01,6.973907940063298616e-01
2.141493876683586983e-01,8.095215436020695154e-01
9.568526950136433395e-01,1.478357729344454141e-01
7.285878718759569717e-01,4.836103302720130559e-01
5.335254005579829206e-01,7.202136722778907929e-01
4.851546059435412617e-01,5.849753309291240155e-01
2.304570960731038010e-01,3.723166716113836539e-01
8.589943000592974442e-01,1.285167585794756706e-01
6.056342525990989767e-01,1.953223997811762147e-01
8.531455215800304304e-01,5.982415618451910611e-01
4.291339766817505175e-01,2.440904089478905248e-01
4.532340773071170670e-01,9.316885600102734477e-01
4.641481703909263734e-01,5.060176323787679564e-01
7.396066446956393037e-01,3.840965276311670840e-01
4.029196339628672296e-01,3.115208572996573388e-01
1.366608774980831997e-01,7.266671687990857720e-01
8.627000578713742707e-01,8.988768402447380179e-01
8.659127164631092999e-01,4.750995642241995220e-01
3.014367923848775277e-01,6.282407846455845268e-01
9.683872372138390139e-01,7.221459081270246161e-01
4.880975766826353701e-01,6.878143590194752965e-01
7.854025917519046329e-01,9.014252710301908778e-01
7.732636463231673529e-01,4.831469750985767364e-01
2.772689420725882314e-01,5.005960265684543664e-01
3.264945911935948075e-01,9.523288259211925011e-01
4.757577661518389567e-01,5.060780220883720482e-01
3.678199572409432405e-01,6.265166728616600178e-01
5.206822232233617731e-01,1.179019589016211261e-01
8.751925113083348640e-01,3.602398494135656271e-01
4.371511010778525996e-01,1.851006256531449734e-01
5.437673374977772811e-01,7.249762206865865144e-01
8.704894934459881384e-01,-1.262225724720227038e-03
9.703193019957383481e-01,7.520475642295947338e-01
3.012762376671496711e-01,1.927918388950902728e-01
2.950758831125062098e-01,8.893229390663016654e-01
2.562651376377476087e-01,4.456999546586227212e-01
7.137049917488275108e-01,9.038795952001034140e-01
6.497846987126223439e-01,7.844495439863740094e-01
1.582403243892835654e-01,8.096975744561248911e-01
2.905954004231091070e-01,1.391861429167308983e-01
9.909679760100276180e-01,2.155820228956276674e-01
1.404869711665382714e-01,6.208445964385209681e-01
3.144493819494907916e-01,1.241411771470741499e-01
5.931133019437370146e-01,7.227645320770537118e-01
7.689122152685026190e-01,1.522441750497539048e-01
5.120497283263889532e-01,7.735215742210735934e-01
1.544013679549506302e-01,2.051156334445746188e-01
-3.855709568945465959e-03,4.770360097682264100e-01
2.257296013274294466e-01,6.955179623693390489e-01
9.458506342081024476e-01,1.835201293030798431e-01
6.750776290245228406e-01,2.202628638993212873e-01
8.541996556733402052e-03,7.476810762958900902e-01
4.375965413324485187e-01,9.218557754901689494e-01
5.419006701863307018e-01,1.465099722276506089e-01
4.601672254362125236e-01,2.126062450357495415e-01
8.661570403193845635e-01,6.498489505037480241e-01
3.363022998858463675e-01,4.988308618193573185e-01
6.710528819308958504e-01,7.777262793078254521e-01
6.838731227294406190e-02,-3.392403614942366558e-03
1.381884807505344148e-01,3.859226642739991275e-01
5.137736273577289126e-01,1.371602224029785655e-01
4.181849251333014106e-01,4.424070302494377827e-01
1.159213982744901894e-01,9.385137068569636698e-01
6.212304542026164667e-01,3.532033762131616683e-01
5.240171314644804790e-01,3.241402748406000400e-01
8.550488756296701354e-01,6.092660600380180869e-01
5.299511507607221894e-01,9.289773284933802167e-01
8.271090184794958056e-01,7.889522288066707079e-01
2.406972068751802307e-01,1.803137826393721166e-01
6.495233644818161345e-01,4.903681509493932333e-01
6.786154022098033201e-01,7.244471754228278826e-01
3.047014304493503301e-01,3.028381661922858736e-01
4.838045931088349461e-01,2.524022208944345924e-01
7.015370945540849723e-01,7.333577061544387377e-01
4.952283924016117056e-01,6.935387590948961511e-01
5.187576700238513139e-01,7.206218651201791170e-01
2.424365679259034567e-01,7.687027137977234803e-01
6.988514292243097614e-01,2.770212024868798362e-01
5.286396433440050391e-01,8.277533688649491017e-01
2.379559553412229911e-01,7.441663294668002804e-01
9.875040735497883082e-01,9.034208315542431311e-01
3.944222560987644122e-01,6.133184221599951025e-01
1.010630243558513719e+00,5.837450651452309458e-01
1.116384675589103120e-01,4.695285553786532340e-02
7.881108913101185776e-01,4.194608464783300406e-01
2.399846820926727908e-01,3.452788608607131327e-01
7.492565849149551704e-01,4.425389824258023075e-01
8.857510981868302880e-01,7.452507434559341171e-01
1.011546025308797558e+00,8.958941271952293173e-01
2.462080088118903110e-01,6.465305252020123739e-01
2.149035587513447101e-02,1.002164227697110110e+00
2.561118967187930306e-01,6.353899442528377906e-01
8.343734149484030027e-01,1.608251630442091851e-01
8.626850160068678663e-01,-1.747080944341137393e-02
4.472788070978407915e-01,4.764600131362922153e-01
3.650591833528561425e-01,5.746463019154776086e-01
9.001158738750729693e-01,3.298052403675957311e-01
6.017962604213797917e-01,9.014182155331422752e-01
7.505157881570087008e-01,3.699370119211790181e-02
8.989205680813032728e-01,4.883059047903615113e-02
6.007114327769523809e-01,6.067728440262445400e-01
7.506610829558262310e-01,1.266818534093651638e-01
1.822531281002163217e-01,7.197391654088680646e-01
1.529489954286511744e-01,4.819051779670489033e-01
7.060223357318706761e-01,6.538936361836505951e-01
1.863599674127941197e-01,3.314687760648516446e-01
9.731078250902448490e-01,4.358693395755432465e-01
1.969464883038078359e-02,2.273678933369376043e-01
3.695937997038860057e-01,9.840593261105486933e-01
2.938986541554803877e-01,1.135303476838117435e-02
5.440314289763789057e-01,4.543257559462546280e-02
2.997794631517263220e-01,9.848392143249965480e-01
7.032062165328295533e-01,4.385393628852679582e-02
4.534787362214389161e-01,1.570415375300538430e-01
1.441123191338748721e-01,6.090453542046840862e-01
4.859877088446807880e-01,7.562159236261889461e-01
8.851763510271972724e-01,2.477145272328904746e-01
9.534950046024158743e-01,5.045110891951292142e-01
2.773659069817089318e-01,8.549283416816553238e-01
3.164935524000488110e-02,5.668574488235370579e-01
7.265897734963043808e-01,2.568106209140493812e-01
8.513574406908240855e-01,2.193795156588033146e-01
8.343419073019652243e-01,1.054456697538215665e-01
1.715481479009602073e-01,3.523328023519027297e-01
8.485881590565929056e-01,1.492578623451685238e-01
8.903200094003657084e-01,2.167161858544333630e-01
4.277597621192441579e-01,3.516075461848494066e-01
1.295068200351517373e-01,9.490066692518039915e-01
4.204847411413821234e-01,7.254236374258007380e-01
5.732913658661606959e-01,5.055901223202476924e-01
6.033382755224055982e-01,9.204724661697198940e-01
7.107493135451310451e-01,5.387733480384324647e-01
6.221528641997366993e-01,6.282748850413868436e-01
4.482592669458521639e-01,6.450626780812342975e-01
4.443103873179666263e-01,7.561171545947795725e-01
9.652706258873429146e-01,1.005445316383446475e+00
8.098868610665362899e-01,5.780340001910169168e-01
7.418668647525032966e-01,1.673857553480135874e-01
5.042153940433743431e-01,2.301849170190364835e-01
-7.730835851307267872e-03,9.705480379568532934e-01
8.892144189445373437e-01,5.279612646018696509e-01
2.865326351313177700e-01,6.998910682149931395e-01
4.307286949483668526e-01,8.204606639861433681e-01
9.721748915305210570e-01,3.148849070049842824e-01
2.639283153696743711e-01,2.715938253142359260e-01
1.126263219095619134e-01,3.769987477398659137e-01
4.312072879906471423e-02,1.278027349455335970e-01
2.710733396423573582e-01,1.640097342453222529e-01
7.390976573794590943e-01,8.847014747130449441e-02
8.582938139968283586e-01,2.277369506598563575e-01
1.000879386499229362e-01,-1.928173305917457378e-02
7.211027796129244605e-01,2.733374294170878294e-01
5.308692977162506876e-01,1.222622579429259448e-01
1.001662068253381888e+00,1.451349204679539262e-01
4.135190429895768127e-01,8.092711686878282240e-01
2.680825728139077380e-01,2.491054195093199142e-01
7.858819782478448923e-01,2.512715081256889915e-01
5.256286973653231942e-02,4.367246742168360840e-01
-8.297118486979331020e-03,8.961239551803986680e-01
6.417987246633742870e-01,5.938623417753690070e-01
2.071753576210060843e-01,6.813740566080792593e-01
6.835975745519109470e-01,4.823981773287903951e-02
9.017848312248558651e-01,5.805392949755008303e-01
7.772801990821699425e-01,2.766931546539842524e-01
1.297126991491546200e-01,6.929522591967344214e-01
8.084845273395988574e-01,3.986158758255707868e-01
4.772871928450139051e-02,8.324567952969881279e-01
2.018149687223960154e-01,3.052213450428788444e-01
6.319639396740643900e-01,1.067908037132962312e-01
7.301970497555759776e-02,-3.451371646983099339e-02
9.302164594065364112e-01,2.931417391080781698e-01
6.743732713480169449e-01,1.023248943520926435e+00
6.643948419427984087e-01,5.338644765058223607e-01
5.215754892431386791e-01,3.874288200526197490e-01
6.018485580481848229e-01,9.484517833223414796e-01
7.699451893419682058e-01,4.560359314363919836e-01
3.412158887269954866e-01,9.001418279953272705e-01
1.437670836830404753e-01,8.691006192452912504e-01
2.371574156971167358e-01,7.172928646653105034e-01
8.163303030673367822e-01,5.028499091792179021e-01
2.457454981322857446e-01,8.529181159032237503e-01
3.542863302502697320e-01,2.967673987484966136e-01
4.919198876810522147e-01,4.196038522171309237e-01
6.250305683923477185e-01,1.236847081314687707e-01
4.500244680746358084e-01,8.932098060089666003e-01
3.089021743364764316e-02,4.248992801385518270e-01
6.815401659769161347e-01,8.979473528603931776e-01
5.935275940411066653e-01,7.804338869917194499e-01
2.128755688869266582e-01,3.614838039283463922e-01
9.415609263820265973e-01,8.898138744560930569e-01
5.716619059200686026e-01,4.785831173019430840e-01
4.640608921142997945e-01,4.191867976130938395e-02
8.679216688285064096e-01,8.276967220608013598e-01
4.698993139586303824e-01,2.898194486360255451e-01
3.455523300009637477e-01,1.166797671122235119e-01
7.260094614500943733e-01,5.642558553281677991e-01
2.428893717773419891e-01,6.751483632102631693e-01
9.608141385449323613e-01,1.869149979591376853e-01
4.333485887887619792e-01,5.018721954503387872e-01
1.429003622052417710e-01,5.377050865452613904e-01
6.256197150451650035e-01,1.579961924153557573e-01
1.741855075881806325e-01,8.478750714057106119e-01
2.703901538502698210e-01,6.428675697294160551e-01
6.273858421655175155e-01,8.295785963450348355e-01
7.316834005826853282e-01,8.487080681418501804e-01
6.089241317071067972e-01,4.569620567052291582e-01
4.173392616922137477e-01,4.202311695536969371e-01
4.464836286644030539e-01,1.325441608131023852e-01
4.291116730012624059e-01,3.814399366597182595e-01
2.525879378591228824e-02,2.925713912955490992e-01
7.457567735737313797e-01,5.852675642314191240e-01
7.869173066079138135e-01,5.700942973668753355e-01
8.476346322022623170e-01,8.178266830150159317e-01
8.420810659675850851e-02,9.618721581634177564e-01
4.130808252848616746e-02,5.843178876359080842e-01
7.611535043093283770e-01,3.110953291160756251e-01
6.157039659171232859e-01,3.773349417124854388e-01
4.536495334817554348e-02,-4.172854934648343242e-03
1.083223466370409616e-01,1.247280050239015503e-01
6.095137866043145447e-01,5.369499992712497560e-01
4.729319615041018277e-01,7.349815402393482522e-01
-6.288182611560905882e-03,2.576090132504548769e-01
7.672632646053325622e-01,9.265275894914134502e-01
4.332982417965582922e-01,8.772889691295432391e-02
8.011655982919831942e-01,8.852051757905472495e-01
4.158082021814467621e-01,2.639532682188522328e-01
2.455995524416412085e-02,5.881136980762378119e-01
8.855639356465089262e-01,6.824191640829585515e-01
3.133380206799255552e-01,6.642731869413247558e-01
8.319719430370375868e-01,4.669532766813977442e-01
8.148142890363840873e-01,4.263781609384976190e-01
3.171040663769962853e-01,5.704383038662422800e-01
4.654065785744826433e-01,9.643833915294818260e-01
5.262030569834539317e-01,3.840423201538032405e-01
4.000532411811431599e-01,5.502965133186823454e-01
3.528511301502490483e-01,6.970901272604661525e-01
3.841847762855136739e-01,3.488762098073616702e-01
6.035340297442077784e-01,7.063097841646308328e-02
6.791486688293146834e-01,5.519605396643239015e-01
4.444610347185604660e-01,7.019504981035491475e-01
7.687014530220647179e-01,8.836602397090322913e-01
4.054580166726654000e-01,3.063361081485434512e-01
7.115319177452734678e-01,5.988122048033543976e-01
6.501957694005437993e-01,5.673601455827494977e-01
7.637180515236720035e-01,2.017001928502997199e-01
5.742991488389366239e-01,1.394613874306191159e-01
4.338566572732029392e-01,6.838330136953681970e-01
4.782323783235366554e-01,3.980897332393701915e-01
9.012322745252950851e-01,7.898487675529524132e-01
5.578102460891886105e-01,9.498439200940911320e-01
4.309957157514520132e-01,7.352983624849023236e-01
1.902526937329054590e-01,3.061842054624007159e-01
3.652062674296493450e-01,8.708714456113270108e-02
5.210457227919702561e-01,2.126351200552547838e-01
6.211675571948671593e-01,2.112116481122993938e-01
1.327670715599346962e-01,9.351264921243438444e-01
6.699299222205042925e-01,9.211067774399218644e-01
4.563691537010008403e-01,4.073352857470709243e-02
5.730645563694947153e-01,5.864051582563266640e-01
1.860998835740372906e-02,8.768124309365720181e-01
6.301468679374276904e-01,7.651103164700019388e-01
4.761929592567096803e-01,6.223731705105166601e-01
2.546551751670802499e-01,9.868314354454226223e-01
4.058362690829483976e-01,1.500458640179124503e-01
4.915674757625701496e-02,6.691419872561491511e-01
9.494928288122300719e-01,9.099817909835883345e-01
7.269334934210739396e-01,1.002174672042908554e+00
7.622484270680663920e-01,3.580214363429004010e-01
6.089006073349271242e-01,7.043205131720375878e-02
2.297358391661595278e-01,4.311738743322540701e-01
2.018885020502508287e-01,9.386444826432792654e-01
9.715130734245205346e-01,3.746440578292848933e-01
6.796226619215671727e-01,3.983398768740902263e-01
9.087439496866915600e-02,3.535872182945334896e-01
2.564526328990869852e-01,3.296571816126685484e-01
2.516508690349125166e-01,1.392928541025718614e-01
2.270241436653571143e-01,9.034927446115984528e-01
7.823371339886377174e-02,3.360064652424342713e-01
5.256253576847496056e-01,3.654772602115057833e-01
5.300561672955441672e-01,3.882847527815105199e-02
6.704853496768375942e-01,5.589077764166119344e-01
6.813930368275979976e-01,5.477073238207497141e-01
4.324912477258046617e-01,3.933055114135907138e-01
2.084274587223718112e-01,5.088219740140946801e-01
1.696262933261563632e-02,2.839627980690069275e-01
6.890517020302662221e-01,9.759455450755120942e-02
6.927206664635536526e-02,6.719729845428027426e-01
4.024666888261120290e-01,8.083910134674709980e-01
9.199525054951823710e-01,9.711769609497361566e-01
4.217991736183737683e-01,2.243586521290216740e-01
6.251586273167166752e-01,6.508525829868866408e-01
6.519673851870660952e-01,3.651950737670056624e-01
7.922242736985819767e-02,2.202842811809697376e-01
1.762503828613350698e-01,1.061604428496725344e-01
8.928439324486761031e-01,4.307469803879408754e-03
6.274026227833819913e-01,9.342518130964478917e-01
3.693653392473102426e-01,5.385640352267722086e-01
7.006689662239979910e-01,2.916170475548700569e-01
4.845061026294927853e-01,8.086717810577914722e-01
7.794128891243760071e-01,8.311869807515449571e-01
9.796143021093738357e-01,4.056422045060050774e-01
7.539654911216102651e-01,5.693518364731400272e-01
6.650386615650689670e-01,7.725794633921798660e-01
7.333345468900095421e-01,8.843803511921050076e-01
3.221247488807793546e-01,6.294586967812076939e-01
2.636056367187768479e-01,5.700207402211456831e-01
7.388096584778788278e-01,8.257667518516609295e-01
4.194030516691408805e-01,5.244306572196019145e-01
3.556812315083345832e-01,1.468676172421942705e-01
2.438871569440132780e-01,9.274533794490417149e-01
2.962838822990450649e-01,9.887510769781028275e-01
2.750245336361346604e-01,6.939634297328300949e-01
5.667646103149661663e-01,6.929046220705797898e-01
6.334306175877726375e-01,6.945891034642781570e-01
8.957046321404917855e-01,5.631644815432451656e-01
7.114647893666949108e-02,2.898936512997591364e-01
7.077166070325637826e-01,5.164381269216928860e-01
5.367159810847214052e-01,5.725531986280590901e-01
3.765341922963315602e-01,7.831453781792949709e-01
7.407442179594436737e-01,7.435040839055646611e-01
7.211141801146184749e-01,9.054185217709244116e-01
6.227683667909036380e-01,9.514872615341865014e-01
1.149898644028195110e-01,6.873772408045234483e-01
7.340543247818470673e-01,4.874344171282869453e-01
3.060822033434509870e-01,5.233239097983118926e-01
3.518111517190694593e-01,8.888781134782555160e-01
3.651645789274381992e-01,1.683276714039235455e-01
5.782969099480612662e-01,3.897722664343928334e-01
6.337002625112835019e-02,5.825418797409888105e-01
5.026024824229425869e-01,1.586441518477688661e-01
5.713287233600806703e-01,5.497641504533511414e-01
7.776497942979858635e-01,3.862703890546907437e-01
2.175396238849653108e-01,9.400757266047569116e-01
5.262366369239355191e-01,1.503171837029827762e-02
8.221495254844021217e-01,2.120996122619920876e-01
7.436650779164013514e-01,7.161734635544552141e-01
9.493609240817170170e-01,9.412554860506548993e-01
2.757603785575948874e-01,7.789925073133697753e-01
3.148459910772647419e-01,6.073353259381523150e-01
5.957264649317358662e-01,4.003994495117003949e-02
1.726239933445555819e-02,7.927117122086146939e-02
1.481712873494366312e-01,2.572575213881734268e-01
9.294084369338071472e-01,4.982130696142543780e-01
8.325490654892845344e-01,8.177801105592457098e-01
6.943407147835298776e-01,4.186938526104659886e-01
8.496567054169302802e-01,7.443845309710249714e-01
7.225352824665669527e-01,9.488463953123783545e-01
6.350998258588349543e-01,5.595055085866638134e-01
8.919297123425622420e-01,4.740757127592040154e-01
8.105096547556690512e-01,7.629038737267687664e-02
-6.922242817312051696e-03,5.599865779190951187e-01
6.439444755139905885e-02,9.695971953665574183e-01
-3.829405454038313159e-03,7.219986837929800449e-01
2.356207789277035836e-01,9.772971166561954526e-01
3.719219109598690953e-01,4.309919668754579047e-02
5.730310577095400204e-02,5.549243146005895522e-01
1.031078547726678174e+00,1.002324121903153342e+00
3.800377025247638207e-01,4.814796706478601807e-01
6.722662179215072031e-02,5.080541115065173585e-01
5.876188652449277905e-01,2.320011566360801747e-01
5.681963429891939699e-01,9.201856865104989236e-01
-3.624504981180769886e-02,2.475113599847506562e-01
2.536305627133351170e-01,1.083195375867398724e-01
1.738526225597825381e-01,6.179398995394931315e-01
1.192359090861381948e-01,7.146433932906189890e-01
8.843867689665728671e-01,9.490113294530072574e-01
6.591984037231435334e-01,1.648238568784959612e-01
1.101296438809210715e-01,2.061054355996725096e-01
9.635318686493269391e-01,9.739980876878923111e-01
3.843158902830451917e-01,3.765402839408889535e-01
5.246868504805042299e-01,2.876410890524604413e-01
9.917157097475218785e-01,2.254202825967245583e-01
3.700300704348740144e-01,4.342466195748328484e-01
1.163822835729199645e-01,3.870828600427279609e-01
8.466208973388555936e-01,1.024370763002721979e-01
6.068259630414413186e-01,3.953281815113246500e-01
1.733644668641106390e-01,-2.872283481050095372e-03
2.587385802462613960e-01,4.104917795262383318e-02
3.957344104542052099e-01,8.340042876472290034e-01
7.202039521689245216e-01,9.366505570998017172e-01
3.931540160500454073e-01,7.237100222752892442e-01
6.518105807188343537e-01,1.947010897095483861e-01
3.041677736627427242e-01,5.231470195750865804e-01
7.662962350182044302e-01,4.341983224508399464e-01
2.344723996308831215e-01,9.803518635693471150e-01
1.257839778475960124e-01,9.588195336208623631e-01
8.299971277565467709e-01,8.222506176281862977e-01
7.995719396415996716e-01,2.209364331021012318e-01
6.200580276771781030e-01,7.792938775636542026e-01
7.123602382700251479e-01,2.549065506044848051e-01
1.470456323409431720e-01,3.134054844480650970e-01
4.767527992685813287e-01,5.904107614442012375e-01
8.338445555742526327e-01,7.571267533268649652e-01
6.451660697428226454e-01,2.392057200345935886e-01
4.850846179451807072e-01,3.530649693516385024e-01
2.265437406664351505e-01,3.446565083997174539e-02
3.204636225891075441e-01,2.483054553385643237e-01
5.657794153712032426e-01,9.289004604980065360e-02
2.731927792462201521e-01,8.800834203261651001e-03
6.604509906186163404e-01,6.051081101011825947e-01
3.324852086324461276e-01,1.293929539346194979e-01
9.752049810624233706e-01,6.236777401229649520e-01
6.960880016511262758e-01,4.988886262001997474e-01
8.216268839536533530e-01,9.044641973036616767e-01
3.636179371288452145e-01,7.158016691495965311e-01
2.386545075219800582e-01,6.781542190133571513e-01
3.779261069742751444e-01,1.475715428860545353e-02
9.376259733878538061e-01,8.733948851084978315e-01
3.203810593511262073e-01,9.692289596002751084e-01
2.897476513222837502e-01,4.779536799898260746e-01
8.509765706758281034e-01,3.280216158510919078e-01
4.343945888882433937e-01,6.666109789789098627e-01
1.442301311707333555e-01,4.265543724925225377e-01
2.736349907883819932e-01,7.332262709891969044e-01
1.402158796984220857e-01,2.059231373902070394e-01
7.176602016032875841e-01,1.648072705929047588e-01
4.418977337315290188e-01,7.314236201137964688e-01
7.611914935220748246e-01,6.043958489894824676e-02
8.612228700555564220e-01,6.911239800433719438e-01
3.635994807570253617e-01,7.491476930199396644e-01
7.409980720337692173e-01,5.877678502715083519e-01
5.486404601633798617e-01,7.186840925677012715e-01
1.013581532244668626e+00,5.661253097014939950e-01
8.240885135260709315e-01,7.323699101410210410e-01
8.511800369837185798e-01,9.552361601833232463e-01
1.961596395791151970e-01,1.469755497040539372e-01
6.004279814009280125e-01,4.438682787676497821e-01
5.816007076652793817e-01,7.977181690912533707e-01
9.434435580577443803e-01,4.091889902389551636e-01
7.021406837461370287e-01,2.053363525301877546e-01
5.246772726385384722e-01,5.098050677544212206e-02
5.051037011773311658e-01,5.178638335696033046e-01
7.237360167099842201e-01,6.294986994073198394e-01
3.798551099134344078e-01,2.120171257029384443e-02
1.142650077028828648e-01,9.788621275854583192e-01
9.205795694575414911e-01,3.423012040948396617e-01
2.692495727803609351e-01,4.504158077744893629e-01
6.861031100084818979e-01,3.441964765639241031e-01
8.059510943163963881e-02,4.338218994186803790e-01
2.827092032601006277e-01,3.565631852888148656e-01
1.661978827647841161e-01,6.394402475987723822e-01
5.090071900531354387e-01,2.984545142056287959e-01
5.166236108688361250e-01,5.228029812806966881e-01
7.802221631752216391e-01,9.944520687073228338e-01
1.292584731450351632e-01,8.983648953531099268e-01
7.524978662502269655e-01,6.859505892767917556e-01
3.673622366803808159e-01,3.300114114834398205e-01
-1.439618056146342931e-02,9.756083882126025397e-01
5.954090151258766284e-01,3.773234846412809040e-01
5.395591997286192099e-01,4.952276548489732699e-02
1.557328472730975799e-01,6.201109288688703147e-01
5.423918191749241835e-01,7.586842001039847405e-01
6.973760355240692377e-01,5.879552045199671895e-01
8.192837863291640987e-01,9.384636886583111459e-02
7.225736007190752819e-01,7.249871273612858991e-01
2.612734393245115805e-01,1.799934110319852676e-01
2.023546270849128637e-01,2.359259943012833038e-01
5.161192807819399153e-01,1.420988596189471931e-01
6.384107168727261028e-01,8.195138101058616065e-02
2.741748479127571400e-02,3.127953555849691258e-01
1.868256105659042987e-01,9.590806590511525842e-01
3.015265551577637204e-01,2.530494893581832772e-01
1.797090635049460872e-01,3.918016089585584227e-01
5.365616275809788061e-01,7.658983711378833936e-01
3.263684346515459134e-01,6.506950544883157717e-01
4.996354527786369681e-01,8.258086808507789645e-01
5.748273201824876111e-01,3.139258604649199369e-01
7.307310909695707846e-01,8.119486748035315005e-01
4.212635331706456876e-01,9.692264395530605370e-01
8.944197710897983100e-01,2.389325531426590710e-01
7.856693721248079187e-01,5.888148086355158295e-01
5.827985275598148718e-01,5.220532396729808955e-01
8.288557826645224225e-01,6.084946365017986913e-01
5.577045379873873943e-01,4.745242307157945816e-02
4.641900814719951418e-01,8.759414147055836208e-01
6.830532464941577730e-01,3.625685717327989388e-02
8.783484143681371537e-01,8.333461977944875976e-01
5.594194164661208113e-01,7.172774143330501451e-02
5.476584821711414364e-01,4.830926994431195692e-02
3.061658547773750683e-01,6.504973857848657115e-01
9.355920917394673353e-01,3.488425268755451225e-01
9.013386995275225466e-01,9.041830304689180142e-01
4.164223814158686532e-02,2.685182889725405975e-01
6.826307033532982294e-01,7.683956889035664650e-01
3.379159293919463680e-01,6.732388598855261197e-01
5.901265009479338408e-01,7.511243538809895259e-01
7.337582011045346020e-01,1.082735675814870818e-01
1.760544879414144837e-01,1.338450471083481863e-01
9.248705396196899020e-01,9.120548617529373736e-01
7.750922393046272285e-01,1.124848016863736061e-01
5.684575569537908546e-01,1.714662562131297752e-01
3.335600731969653454e-01,2.415525542853279584e-01
7.659287504774873190e-01,1.382938156814161879e-01
6.533891415760697541e-01,9.302433390166390259e-01
6.917888788503924191e-01,7.678400578479246952e-02
8.843143867281755277e-01,6.344555735379685535e-01
4.773270629095501261e-01,6.402086973265154191e-01
8.806213519876713303e-01,4.840591460159551218e-01
5.148773366837339216e-01,4.726128193297785551e-01
8.066824521937734915e-02,7.820319081602493672e-01
1.736765530801888946e-01,4.148215790320132768e-01
3.530996278939724786e-01,2.722576439974131457e-01
4.518399780499661178e-01,5.983654808556094773e-01
3.127139880643433623e-01,1.971318052308023150e-01
8.824139422613691552e-01,9.867620367715511653e-01
4.733356512466546651e-01,3.275275668777109517e-01
3.163578992348980989e-02,4.554682445984405137e-02
3.848264631035571703e-01,9.206149942837675848e-01
7.603579811442962022e-01,3.416494990392381359e-01
1.002169033230193573e+00,4.338932300787067819e-01
2.736097893451653884e-01,3.900020102461780325e-01
2.539403415426013111e-01,8.855193790957069933e-01
3.157577145276083685e-01,6.777234771371485333e-01
3.880433625864215252e-01,8.831049089219670245e-01
6.610044200124137737e-01,4.372772423405963949e-01
1.178610652948142989e-01,8.959286149988213710e-01
5.638606272139866649e-01,3.298580038560476324e-01
8.730315155550577577e-01,6.363931129044217427e-02
3.690446832254347109e-01,5.369231373600265034e-01
3.491783171637588001e-01,4.519872254287470859e-01
3.034995955638231657e-01,1.158235640351841650e-01
4.222556452045281988e-02,1.624512806545378441e-01
9.546532804651144399e-01,5.667168597786700346e-01
4.937866501780837636e-01,4.194707888099145632e-01
7.540388255016450270e-01,1.377566184276078354e-01
2.671406018724381548e-01,6.397268311152047859e-01
5.327870767126742235e-01,7.726692369250250936e-01
9.194106953480637445e-01,8.373058041962393450e-01
2.283757482343861667e-01,8.651622996532983001e-02
1.472992343645231905e-01,8.207197266339716357e-01
9.318972183855398495e-01,9.345745297502825455e-01
3.289196418987243020e-01,8.506079877245236176e-01
5.676335488348908109e-01,8.277236862583874366e-01
5.664038188740386781e-01,1.564210462880079033e-01
7.271387637249288050e-02,9.531113403425897079e-01
4.179453121253751680e-01,3.558303868036444828e-01
3.471870366403402297e-01,3.876524027575490305e-01
9.530348592277911868e-01,6.680767007463626894e-02
1.235116607770435637e-01,7.783283470329430687e-01
5.437699639832642706e-01,9.512458144069571575e-02
3.206274985229501384e-02,2.045181236768044697e-01
2.628077863259337121e-01,-7.675287362726018747e-05
1.750770823682161192e-01,7.833677965457691572e-01
8.508051021700900884e-01,9.271769870033917949e-01
3.793742386721696835e-01,3.533760543897226380e-01
9.768268909395225741e-01,7.728610824386997757e-01
5.155062925146035591e-01,3.067862964619537114e-01
3.163202233903351090e-01,5.319333998885025228e-01
5.510944683171274949e-01,1.316833173797151563e-02
9.697544825631349008e-01,6.027897061248685961e-01
6.025223630311121736e-01,2.147202312193977891e-01
7.753736375608148990e-01,7.755652938024983900e-01
8.682176594318359586e-02,5.579166341669564710e-01
6.362637259169744430e-01,8.151257044184325729e-01
1.884655861902443108e-01,8.606966571760857887e-01
4.610090802046151182e-01,1.014719778835207475e-01
1.103546560200532878e-01,1.831988954026657901e-01
3.026287073412046169e-01,5.070949208953703380e-01
7.803773704937094768e-01,2.036611228283666253e-01
9.856611593277611050e-01,1.876316978429625193e-01
6.048496894484045594e-01,9.449000082489509289e-01
8.469160175707738381e-01,6.454028049975650827e-01
7.175584043995105743e-01,1.315781340642803166e-01
-7.395872004582353110e-03,3.912548888012594150e-01
7.564281528296273871e-02,3.617358750421520441e-01
2.454544911542120567e-01,9.322665221497087318e-01
8.744637371082927269e-01,8.053393158546024999e-01
7.103468145881298712e-01,1.345717998324579834e-01
6.062033652153464569e-03,6.229849653551975397e-01
6.697529643383289821e-01,4.065699828632507451e-01
4.877654859142249721e-01,4.879863357329869977e-01
2.120685252935055609e-01,3.109439713970885144e-01
4.306263396169758284e-01,6.197766553614695306e-01
9.695954260336924202e-01,5.626759708728652498e-01
7.700229548274257763e-01,7.989006553607509442e-01
1.696143622706155485e-01,6.127259165865925894e-01
4.665444913433205443e-01,5.764309473161871589e-01
4.939745422141290226e-02,9.025830234728533519e-01
9.428688307805171975e-01,4.753363196471101226e-02
2.019211405196146836e-01,1.598066945243412362e-01
8.151210303374953892e-01,6.150631129350122572e-01
1.992280077316858078e-01,8.178883800703711238e-01
3.259551379891902911e-01,4.625492705897540913e-01
3.570328534264218256e-01,5.262263477531242684e-01
4.932105275043335291e-01,2.960923964141002895e-01
4.227082754978221391e-01,9.232989427420184025e-01
4.848172256725156726e-01,9.357190395717301934e-01
5.636186065395629718e-01,7.528121413184276634e-01
3.041985625312467745e-01,8.122079142456197776e-01
2.658945314686185779e-01,3.099719065161161968e-03
1.642840592790111576e-01,3.270188996971688800e-02
9.304622528791132163e-01,9.798241416411337390e-01
7.726627104566399229e-01,1.245945227870879080e-01
9.419406072875141644e-01,7.570907157131669951e-01
3.080628813825668777e-01,5.430735825754325896e-01
6.828590842215571666e-01,-1.605494676009774913e-02
4.809351118545240888e-01,7.225642648368864052e-01
2.049873357395619322e-01,3.962014741909749560e-01
5.301478808632045236e-01,7.511863490683416966e-01
9.077714624829251733e-01,8.632107163900587521e-01
6.388572892677877313e-01,5.667076241038436768e-01
5.801209477060887965e-01,5.279327715432832191e-01
5.920922573948925183e-03,6.917725967057910541e-01
7.207287252446623604e-01,4.880936263211652082e-01
8.898285970537115341e-01,6.744881463697858237e-01
3.678650128200859903e-01,1.165442034094792481e-02
7.402252545812793016e-02,3.776094753589039899e-01
4.539549523492626415e-01,1.820917549263241786e-01
2.047688555791934983e-01,2.385687709761668274e-01
8.140544234584029537e-01,7.567580474977584348e-01
3.745080191130397695e-01,1.568251940571457614e-01
1.254088179582900642e-01,8.167958675218267572e-02
3.773642681204350535e-01,7.880538585601018498e-02
3.698251534075500668e-01,9.549593844159057765e-01
4.801564542092465193e-01,8.599150058421679566e-01
1.386805566503281351e-01,2.764932299219632905e-01
9.486464647359202917e-01,3.675455423600054172e-01
6.401404193295484601e-01,9.896811800113455293e-01
5.418365491200521911e-01,3.140056197937669547e-01
5.322157674951989437e-01,3.349945971082946700e-02
1.447924869488141919e-01,1.905176360350899906e-02
8.908229950829975596e-01,6.823808533157834644e-01
2.624719309589814698e-01,2.112978271662322716e-01
6.525305903492431003e-01,9.220257891811088902e-01
3.056573351407853023e-01,3.243858858850618421e-01
8.778125082604921747e-01,8.634287715997052137e-01
8.980515473823741379e-01,3.014411679962814006e-01
1.255913007413185234e-01,4.136889573408518705e-01
3.196954625007671358e-01,9.147311092615374450e-01
4.514668194908751098e-02,6.036990416650783731e-01
9.093758706558839888e-01,9.834772181243872646e-01
6.446937529706830983e-01,9.768678495840019682e-01
7.334068941231428052e-02,4.013691930773695127e-01
2.437704161740441439e-02,9.867053747900591532e-01
9.211350264467076387e-01,5.867026171083662700e-02
3.611369080864167136e-02,3.654527937726895215e-01
2.453395614457543616e-01,8.244901304972065414e-01
1.116700210747988142e-01,7.941341303068070179e-01
5.467063072282852820e-01,3.707092006059346523e-01
1.662969124200496251e-01,9.954498557470327080e-01
6.558881938864546957e-01,4.279202359372104025e-01
3.517085333043191153e-01,8.805755031438434743e-01
8.356468293447136819e-01,8.342155094848250352e-01
6.043105750372184115e-01,8.666769286532639560e-01
3.298838965632870379e-01,6.746980975569787375e-01
4.246521459492264006e-01,5.885791813532352812e-01
1.006094907754896628e+00,1.006063215121730803e+00
5.221441402611967098e-01,5.679583309090440180e-01
9.252437143615833692e-01,9.914177402124478844e-01
8.522579927457240023e-01,3.108136461212526042e-02
2.882411948791376854e-01,9.164475512789823641e-01
7.677174825291704918e-01,7.580852589306925626e-01
6.459556126706191836e-01,4.163465046166630601e-01
4.123876699670250279e-01,7.980582707165003731e-01
2.984168858819361558e-01,6.576013490834096142e-01
7.341049805869229727e-01,8.734649498489395203e-01
2.951340314166560064e-01,7.159301999578452369e-01
1.302883188527701186e-01,1.117489727639821712e-01
4.341480597429033805e-01,5.633274607417595309e-02
9.393418826087871487e-01,9.312263070694802858e-01
6.749665169418365973e-02,8.439060344581161832e-01
4.658208437191496687e-01,7.162079627015709438e-01
8.655139707818070294e-01,5.725468480931004134e-01
1.164737816532198378e-01,4.052415691108562229e-02
4.918566910924622726e-01,9.207766954033002049e-01
6.020147457796662938e-01,3.874537823881936127e-01
4.618153317967987892e-02,9.447477773487840125e-01
3.616208378307018134e-01,6.869427200381054144e-01
6.664174070566305508e-01,2.707325462391821369e-01
5.852816012458402634e-02,3.815648186112460816e-01
2.946976259792233321e-01,7.119343311880790282e-01
8.278251191360552763e-01,2.193354556587172877e-01
5.004642248237317625e-01,6.479134796429070198e-02
2.193699130982800227e-01,7.841184799252078896e-01
7.513380700314811200e-01,7.775409265110688750e-01
1.280499488149418608e-01,5.517576732089103375e-01
4.415726257523275300e-01,9.988852441190230191e-01
6.544323137400768209e-01,9.354577000963237854e-01
1.141550014543033786e-01,4.327419120239371364e-01
7.940333509967022474e-01,3.577469913932656009e-01
6.553168770490451767e-01,5.282295910832710550e-01
1.009513511425344401e+00,1.805308278614217998e-01
9.266285306650376974e-01,3.985479126002546835e-01
4.808006843890284543e-01,4.860896012045937131e-01
2.902420772861359910e-01,9.536550537467834987e-01
9.097615220507478950e-01,9.713518494204652631e-01
9.961229206076058773e-01,6.435272614998083229e-01
4.547199964793238736e-01,8.626211941363247648e-01
-1.708415239158334736e-02,8.083883295612571684e-01
5.152033313369225320e-01,6.874159699653776823e-01
3.800208860483231810e-01,3.549801919613690959e-01
4.602940501608907692e-02,3.997314166118977052e-01
4.056074745600011244e-01,1.986612431300993353e-01
2.440832346833364253e-01,5.635317629950713503e-01
3.328876597557081096e-01,8.389155456329920879e-01
9.997359525205164188e-02,5.994509309044985246e-01
1.409184200043893387e-01,5.275349375512971006e-01
5.402494604006974344e-01,6.571451218866187771e-01
4.402937963847206593e-01,5.355138159187751157e-01
1.826123050528392078e-01,4.038234145710899448e-01
3.644130196996048787e-01,6.974362987612675591e-01
4.283218306517543872e-01,7.409909268110672631e-01
4.349787356612837552e-01,2.462523604208555206e-01
2.591447393880678129e-01,4.035024298979270757e-02
5.229728918584404251e-01,8.413322778826440862e-01
7.702436958169136538e-01,4.144739630677498066e-01
1.959294786000679578e-01,8.488239558501092796e-01
8.600224792097688198e-02,4.170966798666622122e-01
8.541695555054091837e-01,3.947979704960888347e-01
1.381509953157195048e-01,2.624772925579647587e-01
6.151972922322180848e-01,1.815836302852777695e-01
6.451176855253698550e-01,4.710848332176317266e-01
3.614918386306388842e-01,2.458966565707824126e-01
8.144517458188378356e-01,4.013961782251445620e-01
7.335892476886716196e-01,4.244997555186420524e-01
1.025126907933197329e-01,4.200354891807476232e-01
5.009166879360410496e-01,4.513341596172321668e-01
7.889365226128536301e-01,9.240207895053400566e-01
7.822119144024182180e-01,6.087587684128474841e-01
5.365569004974253264e-01,6.364841266131757713e-01
2.697374421424239554e-01,8.126274302692709783e-01
8.577417422477746634e-01,2.820524978865004972e-01
9.041585879467444187e-01,8.906110779027586188e-01
4.336111127649252550e-01,8.892634624016240164e-01
9.900946695219574323e-02,3.868250858581465113e-02
3.275002633027139232e-01,5.773325865181581085e-01
3.693553954329945599e-01,9.604625771949062418e-01
2.373264840506316420e-01,2.996428170916295430e-01
6.412793973118521285e-01,-8.293538872583380156e-03
7.243690294379516725e-01,3.868950782834418844e-01
9.642908456868082290e-01,6.974547820782085461e-01
8.112699405313017476e-02,1.119089313490947701e-01
8.980783079444645822e-02,9.573051120655672319e-01
6.732902824574245049e-01,4.174080791442624228e-01
1.697387639699627637e-01,8.786619408382581042e-01
2.152058963032755234e-01,7.052623467621564890e-01
7.457778776426611245e-01,2.959786583659652637e-01
5.317500285268329518e-01,2.409489154031165814e-01
3.783401701769719128e-01,1.006083006314936412e+00
7.471123744522275567e-01,8.370113538997765446e-01
5.356818761033349530e-01,2.529063681361884974e-01
6.946203293244465060e-01,5.175506454597407213e-01
1.788782219762882486e-01,4.198626594079486463e-01
6.233314621283260193e-01,7.195777895433128624e-01
2.035114865720413224e-01,9.056929572784837568e-01
3.983800359356162168e-01,2.846038980179304567e-01
2.020865784713143931e-01,7.580867795874777215e-01
3.391425514656608575e-01,4.782774088152239589e-01
2.011928965137150804e-01,6.522206320702171878e-01
7.614861505664495267e-01,3.404081079252896935e-01
9.460673650017999980e-01,4.876106623899048587e-02
1.742066972918999979e-01,6.025022619624507136e-01
6.978958683712371824e-01,2.866895197502927206e-01
5.224323683327104506e-01,2.768093850704745895e-01
5.363547774162963355e-01,6.755714267222185931e-01
9.761792586094989455e-01,4.331303859104518317e-01
6.336741495634828913e-01,5.532095779101128263e-01
2.927247256896280958e-01,2.840852871927460055e-01
9.850020223697173449e-01,2.422440034678935983e-01
7.724749795043275302e-01,1.564098912853229273e-01
8.088929225675820511e-01,2.033220744495277676e-01
9.722476141124475335e-01,7.056893244399667919e-01
1.012021959260247794e-01,6.713516816607099091e-01
6.182750580700996368e-01,3.354842660791116926e-01
2.452016061735247665e-01,7.326403372821683746e-01
7.597925439060102537e-01,3.175345456663631882e-01
8.692158124734365998e-01,2.410848128621313202e-01
3.376988341807561633e-02,5.950216788867580542e-01
1.229116624745670849e-01,2.651987503783497235e-01
5.357422663260410500e-01,2.822581425206610040e-01
2.109761559175740153e-01,6.974035806949113736e-01
5.666311928782492569e-01,8.205830368442070810e-01
5.786603913089658491e-01,4.724997727180501594e-01
2.500249908439546309e-01,7.927689619808639954e-01
1.946045427487257118e-01,2.632618369462407237e-01
8.413731127490726713e-01,7.522926406288579226e-01
6.163285919107539534e-01,6.699571079076263591e-02
1.212099189096657870e-01,4.939660323162594624e-01
7.612396952384207216e-01,4.577808073546409395e-01
2.726085810965402784e-02,2.310282867775577675e-01
5.691876463662197683e-01,7.248504690157585584e-01
2.358418014569472684e-02,7.008532668071536242e-02
2.750310325608780748e-01,9.550824857287518177e-02
5.389269692501422737e-01,1.186919165702170625e-01
6.337791833005910203e-01,7.773508401375165411e-01
9.668384348268261874e-01,9.522273266999561336e-01
2.451520482045187743e-01,2.986250501968374174e-02
3.546652758237229808e-01,7.273610894063213816e-01
6.026124480067272804e-02,4.109610197159283551e-01
2.864874814484937859e-01,2.176121949626039498e-01
6.771204547909124294e-01,6.510242987921885938e-01
5.712503766216829870e-01,9.034650160372070804e-01
7.258222886715193223e-02,1.671292021440235753e-01
3.912338840635886661e-01,6.724949731834068967e-01
5.781382706805546778e-01,5.390021017588487312e-02
9.547523376844230247e-01,3.161617161890825645e-01
3.575260749815596384e-01,6.313889025090668738e-01
9.344291517028832095e-01,6.711901696818920460e-01
9.547130507884987738e-01,1.734736404966814860e-01
6.216089320747385516e-01,8.211450489573898226e-01
5.213677576124177149e-01,3.796368140539860270e-01
9.947892858629180379e-01,1.082875921658448398e-01
3.916341124534027385e-01,8.606422152318546903e-01
8.845544656193056188e-01,9.695251620598744902e-01
9.033525617457315304e-01,6.493011415819011090e-02
9.212894730327556569e-01,4.400030646066181994e-01
6.581960285058916504e-01,3.936186929470419371e-01
8.366325706656493333e-01,5.626933501742978905e-01
8.465998332992726860e-01,1.727542694740591966e-01
1.649245056591719105e-01,4.131615010870368643e-01
-1.496559806014413282e-02,6.945149661193678048e-01
2.900040442231724414e-01,5.519019204063182471e-01
6.402029809700955643e-02,2.060992118838688436e-01
6.001155670459902280e-01,2.807807607163950170e-01
1.978134907341650151e-01,2.274086041148681292e-01
2.251147909772365507e-01,6.352227017082575644e-01
1.865839807968528719e-01,3.605415818590465005e-01
6.799604431953161221e-01,5.463402712466967071e-01
5.415967032365534006e-01,2.521621599126314672e-01
9.413150120550844990e-01,4.513529283638739176e-01
2.537526131752296243e-01,8.959234312898851638e-01
6.281374112421524991e-01,5.779803357869250924e-01
8.826441383136396368e-01,7.520216142363256306e-02
8.617989037742023184e-01,6.672269081528160450e-01
3.733233195907611490e-01,2.523969685572161059e-01
1.159373754640079940e-01,9.641636751998745591e-01
1.380274945425511435e-01,2.809780233793843784e-01
6.668466338123829606e-01,7.232826482253732481e-01
1.814421700583636332e-01,8.327353448980900907e-01
4.865868429298725317e-01,8.443404581263352915e-01
9.332889245200480521e-02,5.169104790171753089e-02
6.393079004817076028e-01,1.786075227515137864e-01
4.990361255198981216e-01,9.303742604845335537e-03
7.461738185474222629e-01,9.119551463825794624e-01
8.499751509130937244e-01,1.025324880464743460e+00
9.236229478265063353e-01,4.506453211134323622e-01
4.034461099571233222e-01,8.898514497590140904e-01
9.295485492365171964e-01,9.783609275499145497e-01
7.290220480832315664e-01,2.059271017515203195e-01
9.469743274782173037e-01,9.822217323507426157e-01
6.634979287169217033e-01,8.419693592728942910e-01
5.665470628055515601e-01,9.456139068493487621e-01
9.132438412962411156e-02,8.383839202688384562e-01
5.238323906095242177e-02,3.275232147733402321e-01
1.309960126370152966e-01,4.937781569267341575e-01
2.187558712075527712e-01,9.476477296740062339e-01
5.701454329922392983e-01,8.923426906212761356e-01
3.302421887951407231e-01,3.095488996482190919e-02
7.508170630384050082e-01,6.855916051104432585e-01
5.266929499024469719e-01,7.988422040022320481e-01
8.508239350125208489e-01,5.657731188921585330e-01
9.593036767272323795e-01,7.425668857825409308e-01
6.664799330715835968e-01,3.748515238148380502e-01
-3.140082647619895501e-02,2.335303728116981670e-01
7.462015990658139586e-01,7.158666735690201177e-01
3.103265822759202486e-01,6.669761121428066097e-01
1.624997815914403509e-01,2.863433421466188844e-01
9.649736356145816041e-01,4.193777960661945747e-01
2.460762593690943578e-01,5.242074202521229687e-01
4.364351575755905932e-01,7.253837035836500080e-01
9.652714939665639760e-01,5.806894201026328028e-01
5.677614389784212401e-01,3.740961138087745552e-01
5.696233800350029020e-01,2.871244406594373189e-01
1.021211401613518997e-02,8.717589699396051106e-01
4.174191917708733879e-01,4.787580318364201282e-01
9.197651077413232512e-02,8.692881465090048776e-01
1.783049829706984390e-01,4.262308438093711516e-01
8.236216191910841200e-01,4.494974924219959922e-01
9.433126709241846930e-01,1.821474057277083780e-01
7.193768639208415472e-01,9.878669842256765365e-01
5.488429552210793982e-01,6.985713392927582754e-01
3.943830565566838753e-01,7.388941076709123479e-01
8.853119211988185189e-01,7.012493000645709795e-01
9.620188314488512527e-01,6.091402666108521879e-01
5.702307945409075263e-01,2.973052993365493113e-01
7.008332433750462664e-01,8.731608443723724022e-01
6.520712145909750568e-01,2.541888485059110026e-01
5.893652994209913620e-01,7.393404665410282517e-01
9.523869218110350143e-01,1.674427375806750162e-01
1.209021625770197034e-01,3.924233452518487431e-01
1.311186313995044705e-01,1.022826508242619559e+00
4.296853093729317563e-01,5.178658869255571284e-01
2.239424551197744806e-01,4.263226429947600260e-01
9.850641405790850902e-01,5.023553119203051365e-01
-5.028075887193674334e-03,1.774153295587193035e-01
9.839924519337489572e-01,9.790364622048729482e-01
1.954796930760163975e-01,6.000780557765603707e-01
8.491336901935138404e-02,5.692835241981002437e-01
1.445296141348456076e-01,8.377105569848170008e-01
9.341623475047579062e-01,1.625694885492872110e-01
4.652663387022218933e-01,9.913513483859028030e-02
3.040897332455224089e-01,1.033798298017081785e-01
2.788332429656391609e-01,9.809539662587430930e-01
6.275603083949268801e-03,8.553596923772937011e-01
6.569304135339767980e-02,5.277854670558230765e-01
4.088423827417520529e-01,9.221097271829038489e-01
1.908234242362695232e-01,1.758365098613584310e-01
7.439899349463364731e-01,7.267644897578086072e-01
7.296053180623799372e-01,1.582683242744011357e-02
2.417365276076101355e-01,8.053485674278262341e-01
5.906358983134321061e-01,5.741699022528579111e-01
3.151185312969782548e-01,2.582509719442522833e-01
9.653441877183851494e-01,7.570692199822141033e-01
1.095649604556876711e-01,9.307597469408276369e-01
6.090038878487976648e-01,3.371467185446301307e-01
4.075696451395562914e-01,7.460640617820132325e-01
3.942029447593643487e-01,5.869519901844277854e-01
7.384267263519647129e-01,1.940099111342021843e-01
9.546297742077063386e-01,3.526376013483732419e-01
4.397857904583962751e-01,6.844990751094063297e-01
5.751279626261726063e-01,4.532183326875822149e-01
6.293392696501771688e-01,8.804434543523836920e-01
8.255822153350266257e-01,8.435846009785971100e-01
2.515583939504070221e-01,3.584940867520218233e-01
5.644839444388817240e-01,5.744091661275342597e-02
7.801284070745972965e-01,3.328804942330331751e-01
2.789682945980948015e-01,2.510826264807946018e-01
2.612560280278046765e-01,3.240668986440963240e-01
6.112542512749959966e-01,5.903238609179634055e-01
2.715082445836150549e-01,1.782956514658050884e-01
7.931736771774220429e-01,8.512923542807081245e-02
4.924238882920206617e-01,5.242806233190333565e-01
5.479392744608235777e-01,9.092547587589370206e-01
6.074727329259758113e-01,1.005487251074013155e+00
8.818391203589647231e-01,1.936356184869948427e-01
2.830782105323775832e-01,3.500831822075208266e-01
3.948368032035064479e-01,5.516908792602337464e-01
2.418436993350777664e-01,2.328535933432183125e-01
3.640904783307775672e-01,6.677520842021462677e-01
6.904396322511978656e-01,9.877715493333688590e-01
2.144092194630935477e-01,3.961499877404600078e-01
9.536710388266105287e-01,6.779769044558273672e-01
5.684487567618606851e-01,5.514980746889556196e-01
6.319083825397708853e-02,8.895387188652318367e-01
6.302600935546572858e-01,5.717460912925879102e-01
5.393881169872671855e-01,3.738149689348662652e-01
2.600419425286346620e-01,7.490654121859261494e-01
5.078395088125252643e-01,5.709890211054020198e-02
4.092008636508261410e-01,9.171875261139585955e-01
3.709162830290668178e-01,4.452217460158438556e-01
6.178134740158034433e-01,8.024724286794157058e-01
6.817440290778613576e-01,8.543585608810150278e-01
1.065142246677580895e-01,9.097241420734863970e-01
9.037199535767216352e-01,5.323089734728653211e-01
6.511602419200367420e-01,1.835059684615009123e-01
4.832031245313203605e-01,1.969351798653333485e-01
4.047321230613176030e-02,9.661523625828758455e-01
2.269297272136961141e-01,5.668493854961444978e-01
2.936312485437617137e-01,3.811034832618588331e-01
3.983854077218131340e-01,3.300420387115849397e-01
6.597602257105668055e-01,9.609759869098292162e-01
4.342303434121111416e-01,1.035547270491009808e+00
6.676364672114623033e-01,5.932192927636843471e-01
2.467230471475930775e-01,7.760248489708569675e-02
8.579544394574467603e-01,5.771193131896567019e-01
4.440584816780395738e-01,8.391122663339960486e-01
3.082383595350793870e-01,7.707473647266900318e-01
3.365478922687217267e-01,9.078965192445279664e-01
2.856701078189964327e-01,1.460352430991092576e-01
7.514973291189012139e-01,1.923131909758548641e-01
9.277882403295181213e-01,6.451793387566783222e-01
1.925816545964494364e-01,1.660639981524807129e-01
9.261515764667166417e-01,5.840102387240574400e-01
9.265597213050007497e-01,1.333835139728675456e-01
9.199623069078634030e-01,5.134830631872406848e-01
6.981293754670974128e-01,4.071676173877131211e-01
4.048836384661546467e-02,9.367487785517555343e-01
9.885765061672868725e-01,3.731706828679004495e-01
9.335944966252612831e-01,1.767705742448039963e-01
1.936904224341426395e-01,4.499121606588675493e-02
3.823558899828994884e-01,2.456241187170728896e-02
3.779254933743257383e-01,1.324968988070191478e-01
7.159835722777400102e-01,8.437622006633681560e-01
6.908345534587665426e-01,2.064745340487912084e-01
7.607142373153025217e-01,2.452080372890937110e-01
7.524747860165255098e-01,5.624244202972917828e-01
3.750927025153512062e-01,4.502256430488636024e-02
8.332683363376552910e-01,9.222783095266118281e-01
6.591406271986610665e-01,9.333109087233688594e-01
9.269379849472590971e-01,2.001660814661210541e-01
7.403540357375786307e-01,3.255781890864782868e-01
4.956941329244416994e-01,1.797609533281171457e-01
9.649056272665964551e-01,7.261556453775368514e-01
2.255373783074541283e-01,3.535310090552232221e-01
4.278933311727471933e-01,7.666430722279587995e-01
9.137117109540653370e-01,3.748278544197070627e-01
4.787778810844495747e-01,5.677404353196179310e-01
4.190876466251963195e-01,4.791224607460703999e-01
1.122761695280593830e-01,1.490895664662684195e-01
3.739525682329909451e-01,9.341820555614269717e-01
3.441625064757123931e-01,2.843062496962187047e-01
7.225035490890269196e-01,9.179373520437942302e-01
4.495303073786322545e-01,6.641513156184269961e-02
7.048276436229591324e-01,4.261386618908762358e-01
6.853843208193334258e-01,2.680196469959688077e-01
5.699514929093374427e-02,3.536579272240006899e-01
7.120786682846474980e-01,4.128105419994593239e-01
1.937092751802850232e-01,4.464199257509375851e-01
7.474382454951998822e-01,1.392596511609752452e-01
6.657909733918846440e-01,6.659969354232108119e-01
3.665608892777493244e-01,9.388484752269806721e-01
8.845266667002137373e-01,3.270065231655305271e-01
1.425700480013385174e-03,3.365314986192558533e-01
2.140828502496927854e-01,5.541720470742209637e-01
9.189081827411560432e-01,8.484910705760499994e-01
2.928352186573130456e-01,4.358346278157794185e-01
2.350909499000487096e-02,5.479384891173385563e-01
4.539035366583185627e-02,9.476347644891727207e-01
8.774554468121903428e-01,1.816338533195096527e-01
7.007148505920651749e-01,5.375870238755261488e-01
7.641368929750489425e-01,4.637742617412724533e-01
2.477103219093643449e-01,6.553511591833299788e-01
1.081224078690850438e-01,5.967563219388959395e-01
2.168136731505140857e-01,7.028442694582470729e-01
8.152517343548582041e-01,1.189350216166879665e-01
4.238105083970890585e-01,7.475100222161922270e-01
1.885586608195918557e-01,5.701756732282863283e-01
7.056805949123338140e-01,3.506289721630364009e-01
8.743361228027775045e-01,5.221303334945968100e-01
6.193159148239749667e-01,1.172901930221891265e-01
7.000353871257820187e-03,3.156133749985499948e-02
9.021457640705922154e-01,8.571632175339871651e-01
8.334466081357209122e-01,2.018265487229473631e-01
5.268616455266571519e-01,7.728093639650944757e-01
6.592884271839618560e-01,7.111384677436402568e-02
9.278973026219730080e-01,1.323280599027649718e-01
1.449576185520184413e-01,9.292720970121490787e-01
4.923682322709108661e-01,3.753065617056684511e-01
5.604621118058975560e-01,1.000475340297334759e+00
1.216279615759156968e-01,7.260781539117087124e-01
3.489896596916385874e-01,1.254961483804894473e-01
4.453644223020143400e-01,5.237709004557612458e-01
1.913747997764334574e-01,4.131112367908861827e-01
6.167857941414518486e-01,5.293911696621068641e-01
7.271072056295879715e-01,8.543046855994059774e-01
4.065616953505423181e-01,4.339299780073165302e-01
5.047594847415107777e-01,5.665632855332241036e-01
1.110419373718333630e-01,3.396181164346986914e-01
1.526067838491516615e-01,4.013136585899514386e-01
9.497365174010061750e-01,5.668353524276752431e-01
4.532998662150752867e-01,5.417402673187585727e-01
6.642447304722983725e-01,4.821804054009471430e-01
4.682208174591065419e-01,6.866576901229594077e-01
4.954607820516288702e-02,5.366782457246731530e-01
5.735666968384842690e-01,7.367193182685333186e-01
9.614013734992920002e-01,8.100218479243966874e-01
4.701658733049140504e-01,1.512316365541570284e-01
5.865591920016582916e-01,8.336224824731205407e-01
9.051216657073740679e-01,8.323851874767801418e-01
2.000439069212164300e-01,6.993260778285772528e-01
9.133700937131723485e-01,6.878090879939298130e-01
6.656548614647975759e-01,5.325778971767355374e-01
6.265097344201647767e-01,2.979581885094732541e-01
7.907446232175660561e-02,8.401979667361552107e-01
9.335137416354364337e-01,8.484052090860702000e-01
3.307140009404448411e-01,8.349114620772793427e-02
3.015746794004326992e-01,8.176795102874216958e-01
6.550715541074509929e-01,9.684835454875576621e-01
3.401883327985587013e-01,5.708380927596429233e-01
7.599592617548295292e-01,2.453502876029115820e-01
9.391909296994933598e-01,5.822221421011466447e-01
-1.905623959717631447e-02,1.851145212261440937e-02
8.706517908819955132e-01,6.780469637105580594e-01
7.678998471188848152e-01,7.928117213598261381e-01
3.983097049021162572e-01,8.134127883991600916e-01
9.702969644200608590e-01,1.895692911409459502e-01
7.378961480416471597e-01,2.985091705597367473e-01
3.236628052757508089e-01,4.012115875200965021e-01
9.143793369733015375e-01,1.241053869481153170e-02
4.330591797958401323e-01,6.680430898190853339e-01
1.150491325594241027e-01,8.199005973378598044e-01
9.441997069528947906e-01,8.655455598133149353e-02
1.314699289059604315e-01,9.982739523135504278e-01
1.949817620241318383e-01,7.520575000974377700e-02
9.054137927829235544e-01,8.900783777920664441e-01
6.477033731858178323e-01,5.149108390800927193e-01
9.390249249069936299e-01,6.448152267268839610e-01
6.963080368692695643e-01,8.719743949957341478e-01
6.388476050774121173e-01,5.310631600830962862e-01
4.219323417880326277e-01,4.919531816808029867e-01
5.018254468981789840e-01,3.177247875376832953e-01
4.557272409621406783e-01,7.824054154136558248e-01
4.247232272263503638e-01,1.420274694226098845e-02
2.674246899527433219e-01,2.205120393377243693e-01
7.675856734426038663e-01,4.380539928642568914e-01
2.655782896570504925e-01,8.104217710745285075e-01
2.130196628031881187e-02,1.528273409764399904e-01
8.489709232079988288e-01,5.474603549845713513e-01
8.036985615786270687e-01,8.429976607817990519e-01
9.433455693656168650e-01,5.360503729281125562e-02
8.115315311398904052e-01,7.094374832430685451e-01
2.241949148590188789e-01,9.637955142912922879e-01
3.896648229427893129e-01,8.998797990215625653e-01
6.168160281932343336e-01,5.359101847061333856e-01
1.508599503020894017e-01,9.060682963790074318e-01
5.449842639562659796e-01,-5.981935723563883145e-03
1.482051751234073067e-03,7.755426593030162463e-01
1.467799862988315440e-01,6.074513095050660949e-01
6.822210437238511727e-01,2.827480445062425796e-01
5.638440259365609108e-01,2.416367118617494536e-01
9.413689778039333600e-01,8.757610179445263210e-01
2.791950059118272764e-01,5.363249803250607073e-01
4.745054382789096192e-01,9.742647545888444283e-01
3.828435623838485347e-01,5.439821266653871445e-01
9.059306022163230443e-01,1.384526222446324228e-01
5.408561766358342959e-01,1.356454742566317595e-01
6.046324746815833207e-01,3.214997797389775869e-01
9.749453989107076390e-01,3.931240502972736528e-01
1.524837891196600681e-01,8.255784257518627989e-01
8.153865310710350922e-01,7.188058366198896154e-01
7.611663920995959121e-01,2.397876766826137762e-01
6.200683286536593508e-01,2.349272400080822110e-03
2.489545631404623538e-01,9.150253018510017267e-01
7.626315567772042892e-01,2.200270496765817096e-01
8.978597857445222430e-02,9.493506603900347951e-01
1.056543822872640509e-01,2.731075417025214946e-01
1.989216712910821527e-01,-4.338999966917602910e-03
2.853356857446046613e-01,9.502355905957337034e-01
2.962541465434034293e-01,4.988156866360333730e-01
7.456997769519674302e-01,5.282235437123338206e-01
7.183184852593366143e-01,6.613141906226038813e-01
5.959239300284869811e-01,6.453903281054507168e-01
7.918198650986681963e-01,7.151659996154312582e-01
7.804693403605776902e-01,1.358227542242130548e-01
6.400377570339876865e-01,7.360152610443448928e-01
3.017402689447871711e-01,8.710233388517318875e-01
3.429482841128705939e-01,2.470876934236653499e-01
8.639672734553714983e-01,2.570027374936247888e-01
4.577597331851546714e-01,3.729772909156703897e-01
8.535921555431528196e-01,4.638769093274549560e-01
6.767242247686169332e-01,7.555894009276858947e-01
6.618548056887859632e-01,9.733234283314824431e-01
7.844039788378056599e-01,3.822340052968810076e-01
9.540151874959448275e-01,5.068712564354709293e-01
1.987585007178201829e-02,2.457496392002160301e-01
6.137215407550143942e-01,1.287277984175116408e-01
6.006060114422906437e-01,3.856738030995262578e-01
5.323814002748051832e-01,1.149997795771282028e-03
8.610044950413930920e-01,3.619635106723064766e-01
1.747497112546211873e-01,4.115885998775374310e-01
5.033961326824709648e-01,6.351186631941517780e-01
5.021381904787262096e-01,8.846535692464388423e-02
9.192163295280807445e-01,4.523515330384053623e-01
8.588227949385404680e-02,7.634045112790461829e-01
6.539485219317786591e-01,6.267877890401912788e-01
4.013087579146321082e-01,4.473800620594435840e-01
5.355632787106171522e-01,5.160611143693176472e-02
2.827473998308071002e-01,9.916935776078347198e-01
6.321166056910930697e-01,4.034593941677611650e-01
1.983676087007754940e-01,7.710670442746838660e-01
2.272523424316314489e-01,1.387857939018719011e-01
1.135631148046411798e-01,7.114630325247748299e-01
6.336198346704540185e-01,8.936170691241279718e-02
1.106028585728074110e-01,6.256351291769378653e-01
5.771142643450586363e-01,6.771409979142051228e-01
2.262370656170796801e-01,7.147678377519276482e-01
9.443707029819453647e-01,6.175794302025541249e-01
1.837357395579010677e-01,6.828513019369336634e-01
3.330647745108172852e-01,5.476816254465521894e-02
3.043571791736062182e-01,9.027794421429556904e-01
3.880280490465875531e-01,9.019392339752295706e-01
5.203873282863068495e-01,4.852052419087731772e-01
-3.191070735193438090e-03,6.057161527068433138e-01
1.230554723513188481e-01,4.783127606325706660e-01
2.603984111613532049e-01,3.755356213074119709e-01
5.307660759415236962e-01,3.020779661423185145e-02
3.057002263085783489e-01,1.006540356690760252e+00
2.635578853023761922e-02,3.156711676264746247e-01
3.264877441102101430e-01,3.646904091457373598e-01
6.516006039041585263e-01,2.220111877579228343e-01
4.902648395101015244e-01,6.210343392256623130e-01
3.232732722965406258e-01,9.456458806030426656e-01
9.765970013880544975e-01,1.132763383511583843e-01
3.596026246698307283e-01,2.086843281875150613e-01
1.742765023579959938e-01,4.920067148229834153e-01
5.382762248586729914e-01,4.351709325426770247e-01
2.589355360906370751e-01,2.661541511982458141e-01
1.002389107082350073e+00,9.155310556981153258e-01
6.887851789811978709e-02,6.799032567024192453e-01
4.374138528133996173e-01,6.987817972334169347e-01
6.159511860869730793e-01,9.125903440618503559e-01
1.105187146656702452e-01,3.367551072881422858e-01
9.681354091096820991e-01,1.986296580188002536e-01
1.461382617839943610e-01,7.131573130454267329e-01
7.871312498420558468e-01,7.267576848886425633e-01
7.782891168860546216e-01,7.121915481914696811e-01
1.673054300011753426e-01,6.582968204705841320e-01
7.817906751854459824e-01,8.905772772414788374e-01
2.304653603584894683e-01,1.279283798280124174e-01
7.721613940845839519e-01,2.188415316926778653e-01
-1.311971355583002596e-04,8.338142151058898222e-01
5.149849123305184628e-01,3.058005608272277298e-01
4.257681247418698689e-02,1.312781276570702815e-02
7.977686497504641316e-01,4.814010958179583688e-01
1.518610097808125725e-01,3.764762925812752403e-01
1.804519878637359520e-01,1.270383984558157153e-01
2.879109332224779050e-01,5.240536586275419406e-01
2.326972004372203640e-01,3.224653114095025752e-01
4.758102021194599573e-01,4.130032007564427010e-01
1.356302649737443633e-01,2.917133060837738545e-02
3.228851469263565449e-02,3.825563787940547411e-01
6.928970110736454302e-01,1.312059700952410701e-01
7.646975730790738224e-01,7.291613021051687182e-01
-1.059108536392748892e-02,2.751860178688045680e-02
1.685399168593284813e-01,8.195170767448180238e-02
5.327989036087524832e-01,4.238257174637258956e-02
8.192270704156652261e-01,4.679338984205391183e-01
7.156539204975468360e-01,7.541036341674374199e-01
4.715241728060683424e-01,8.922703425496139040e-01
9.738155273461913675e-01,3.363947331542401775e-01
1.189868733108234850e-01,3.736868214799777821e-01
2.383515035559947148e-01,5.671938800304567874e-01
3.779351123732738182e-01,4.835365902541591265e-01
7.626899648332828852e-01,2.804263398353153414e-01
5.454420728062215895e-01,3.536036045183095222e-01
8.033250291527486153e-01,6.499238978646152409e-01
3.870818694368696744e-02,6.605864822979954365e-01
1.579306540806307280e-01,7.155128891612827502e-01
5.652219699066133307e-01,3.798099761025164334e-01
6.817990779841960336e-01,8.337965333007436586e-01
7.856229190947725538e-01,5.524556985544705201e-01
6.873160197236825031e-01,4.008329115279077870e-01
8.255298984815339081e-01,8.416474917790082166e-01
1.463805669373026419e-01,2.247462944492860659e-01
2.757343884299430781e-01,1.657915206143304176e-01
3.766000797381308662e-01,1.831574217481444222e-01
5.861142425518385268e-01,7.184197767749474217e-02
2.434478077108194194e-01,6.615312702848836768e-01
3.815851613056875369e-01,4.154443791241532180e-01
7.658121961259254373e-01,1.000538073432537756e+00
6.066773720846202478e-01,9.961508345362879435e-02
1.255136681268425314e-01,9.810231719894295654e-01
6.845466295713937832e-01,7.541995763470253911e-01
6.574732254265639453e-01,1.934187169157046138e-01
4.609763298077009241e-01,7.888202458937304540e-01
8.768830446002925383e-01,2.234566087406996970e-01
5.833566834612514684e-01,1.726040097201533285e-01
9.668874217927893033e-01,2.475654022577548075e-01
7.196818055079787779e-01,2.346083992129769091e-01
5.793459319039107047e-01,6.441089186657051879e-01
3.031259211944361542e-01,8.190709267792548598e-01
9.071432674606950686e-01,8.646131046435543421e-01
3.205682601025842682e-01,7.302083221370210264e-01
5.444134269056559727e-01,6.326206669631090351e-01
4.787863311886484396e-01,6.042561667746486620e-01
9.343156551758899364e-02,3.852284614295815590e-01
1.767882243505435880e-01,2.701422895800684176e-01
1.304756975265269903e-01,2.148931826423243763e-01
7.939383007281232141e-01,5.124532293482136902e-01
1.538546847527855199e-03,7.865322372432230758e-01
8.965203317631568192e-01,8.742237240664259001e-01
8.251974313001889660e-01,9.773177820579073138e-01
5.902473579897994371e-01,9.734673191418002913e-01
9.501458138633870343e-01,3.276532860897629074e-01
8.199749283822884705e-01,7.807519665045749013e-01
7.936453955791576975e-01,8.789937098325115716e-01
3.641888287274103742e-01,3.975296020892752913e-01
6.397059285881047108e-01,7.271105992228936721e-01
9.166085793473875976e-01,8.815751357353397433e-01
7.032819667639588213e-01,9.281026290628672237e-01
1.867401497862916371e-01,9.318082723305749493e-01
1.072438680818737916e-01,5.641807372766861617e-01
1.013963964355720504e-01,5.729747185689126887e-01
4.125411011738554512e-01,3.370245761358696412e-02
6.240514043445517522e-01,7.518807597631511630e-01
2.041970118567412729e-01,6.697310787852065461e-01
1.426749258268885934e-01,1.407468850556160278e-01
1.570715148997985922e-01,6.020261164978966129e-01
7.775982266077131611e-01,5.598566005016674119e-01
8.018512502365625627e-01,5.869593204505859640e-01
7.863564433182228530e-01,9.381477325954269419e-01
4.026545386347203381e-01,1.672574265586549425e-01
1.195039204910680469e-01,5.937581644939922132e-01
5.371648350252218318e-01,1.744915332132254415e-01
8.919682803798089088e-01,9.670947474933311305e-01
2.747110678620525714e-01,2.279615113015223127e-01
2.104857304431171083e-01,4.442636184136153354e-01
8.842262144555217418e-01,5.827978112109430953e-01
7.008540746451412395e-02,4.332628185871263415e-01
9.087683568463134076e-02,4.396880092597573175e-01
4.591462317106821955e-01,6.459270950623536844e-01
5.561516146637611735e-01,8.868610229170735826e-01
5.586925409594046404e-02,7.543393353346982133e-01
7.576860193022891266e-02,2.979483907410109267e-01
8.562600594011526844e-01,6.841089475986721347e-01
1.558045782522158307e-01,4.991696579444455106e-01
6.888562982253072509e-01,9.401761221007475244e-01
6.476005780052659366e-01,5.433209128311851377e-02
5.133139814486760155e-01,1.813871287507945462e-01
3.566619702075676801e-02,6.063944398064671226e-01
7.323373626212025256e-01,3.378079631935291399e-02
7.913242966137112866e-01,7.159325306635306863e-01
7.205053447397148370e-01,2.369250544976870543e-01
3.885802454762794511e-01,1.111693252807320342e-01
2.533910671672575110e-01,2.984531227854628765e-01
3.214231787487576431e-01,1.652474961114353547e-01
2.100082869079450409e-01,9.242550835184561997e-01
7.777267799268268167e-01,4.014894881554822992e-01
9.323139835262999053e-01,2.590666510699290437e-01
3.878004399583033224e-01,8.289857963998285006e-01
4.567864500729552080e-01,2.143905605611097498e-01
3.659234083313770980e-01,5.380758613019721581e-01
6.043583522553750420e-01,4.136438193238827221e-01
4.380140088456737635e-01,2.630979537100556764e-01
5.007246906665945296e-01,2.360287344558125444e-01
8.677585437454442552e-01,7.694439837203557175e-01
4.149141505182404321e-01,7.485172316647862312e-01
1.444676246212042367e-02,3.247386063535265266e-01
4.714632726921621497e-01,4.622902206900071920e-01
7.414802470248872401e-01,9.886533539067525744e-01
3.849439743529376456e-01,3.458708488919539081e-01
6.187916284514621834e-01,2.937732957641112086e-01
1.389835412803147874e-01,9.799874721924939358e-01
7.841188694158064409e-01,9.637357488052261667e-01
2.338382723670438257e-01,3.024511706868692612e-02
3.924405865846226638e-01,9.310771118808376379e-01
1.140446006212512686e-01,1.429009569213381403e-01
6.113930620590964093e-02,7.885120759827707326e-01
7.615856569984866820e-01,7.031889113447681305e-01
5.345065716343001816e-02,7.785697210163167181e-01
4.721873622142502280e-01,1.801721073360209313e-01
3.356821653240515957e-01,5.068221917582772518e-01
3.276613470487134694e-01,9.654787491468771465e-01
4.812980748606223713e-01,3.167480578883281050e-01
6.732119531222042763e-01,6.550808875986136037e-01
-6.777291424897961825e-04,5.878555478083545838e-01
2.407722430500980892e-01,3.445596574026931758e-01
7.418240455247786524e-01,5.522392170213341611e-01
3.274010630913720132e-01,1.632801328057240098e-01
5.233901549774985229e-01,3.228875849874990878e-01
8.946506869113795002e-01,5.207816765922120839e-01
8.602270492756051157e-01,3.813877599234614668e-01
8.022458409589033890e-01,5.518494721907259148e-02
2.714443408773623556e-01,9.715682996234659141e-02
5.307229769286612997e-02,8.987984965884516786e-01
7.025358661379110803e-01,6.166500617657956207e-01
5.318624535255517261e-01,5.746909910854841597e-01
6.479514357032812866e-01,8.353742319694541507e-01
6.279658668522749565e-01,7.497880444239128916e-01
2.549284215416542931e-01,9.445781091196774337e-01
6.461294593667019082e-02,3.967697126463157753e-01
8.861785981329898254e-01,1.895031916097143776e-01
1.445434714312989477e-01,3.740945449622657404e-01
4.207429321456850890e-01,9.544979924544767513e-01
8.256222298170335927e-01,4.460238953240258097e-01
9.391582080841350821e-01,6.375239099793426067e-01
8.990087832099445952e-01,2.369099776370565125e-01
4.613931168003071459e-01,3.541377513583146563e-02
-4.141162659030342766e-03,7.364185628640071979e-01
1.397855777738657435e-01,5.223903412133269475e-01
6.925295875056420858e-01,1.712915935830203878e-02
4.255313074240596460e-01,6.830332471496436408e-01
9.060956431310969172e-01,2.975959548449372827e-01
9.638935046513883442e-01,8.004167693358755775e-01
6.373187656873374740e-01,4.029616024750805048e-01
6.842715575667271954e-01,8.418445114288034548e-01
2.916271776496224821e-01,9.967044613066212699e-01
9.006365866450775082e-01,4.619751055344888946e-01
7.316358368703614889e-01,5.120486405537456598e-01
7.442699289162619802e-01,7.794592184242993271e-01
4.927629062310637242e-02,7.925500466682881828e-02
3.585988036278285329e-01,9.300174807722693116e-01
4.204022315068948190e-01,8.762293188958680812e-01
4.349848003937318852e-01,3.041067778198507932e-01
9.032491579358095102e-01,5.513434412602689072e-01
3.753385631848811244e-01,5.056961552897260015e-02
1.237119019309169121e-01,1.188624390254448826e-01
3.843886196505306718e-01,6.072403422243800586e-01
3.292875178523471114e-01,8.489270017411539027e-02
2.785346971684315998e-01,4.064591266767663136e-01
1.006461313134756841e+00,4.152026158235155862e-01
1.013300760551133911e-01,5.851667613890747521e-01
9.338770495125463533e-01,7.761816089533406515e-01
8.664981001839576757e-01,8.945952484142869476e-01
6.372315578017669901e-01,9.868035722816723698e-01
2.046373601310708112e-02,8.409435961468614273e-01
8.345011574065720472e-01,9.597390347323111470e-01
4.511273488694271250e-01,7.687305631555580998e-01
1.741667263685824640e-01,6.071001875067409959e-01
3.789360344847579332e-01,6.066937887707990473e-01
7.050073930017800583e-01,3.305233058376740862e-01
2.294127285534110494e-01,3.156171761431583733e-01
6.685187275275740193e-01,6.990478555310649655e-01
7.074715296587916757e-01,1.663567798427525724e-01
8.156125102920962489e-01,6.560152513969038646e-01
1.664812639235043260e-02,3.376439540763719327e-01
4.528497349575242303e-01,3.196596313766643660e-01
1.193528694444675464e-01,1.929112932343773623e-01
3.758419395383624795e-02,7.170941414189578589e-02
3.115307087549755161e-01,8.302428472103773327e-01
5.305733988057549366e-01,4.369603590217013833e-01
6.257326972422718736e-01,5.315713981952311373e-01
1.671743421699379006e-01,2.162207100112836233e-01
2.212658446441015947e-01,5.906225229687650513e-01
4.909145274419334237e-01,3.826923765628696406e-01
5.316024668570368261e-01,1.021692088233586926e+00
2.866929872558815484e-01,5.182478290442673607e-01
4.635341295788172333e-01,7.026110101338431946e-01
7.090936190505831016e-01,7.182708781946590681e-01
2.212002449814282068e-01,4.110534119165106803e-01
8.363908426802263429e-01,4.032981318747033139e-01
9.944363021500919331e-01,3.673101513436047849e-01
5.031996111784389214e-01,5.029938434080829524e-01
3.987481077796555806e-01,8.601771621163258885e-01
1.403517984824904641e-01,5.841796568571038240e-01
6.063295704546277642e-01,8.653587073022760423e-01
5.782304532248884188e-01,9.261688793585955981e-01
8.699064554528573856e-01,3.774505488778889806e-01
8.706321337142395311e-01,9.690601033478873916e-01
2.744010571947667620e-01,6.022692783522592963e-01
2.940188895548544457e-01,6.379738196135592565e-01
8.736250612794355108e-02,7.303910317391815177e-01
4.089092744039953820e-01,5.859861677751437847e-01
2.077124053887695679e-02,6.812881555801537647e-01
4.931793199418959550e-01,6.283563294457484849e-01
2.936706865853073722e-01,1.541693016296773466e-01
4.255553396162684576e-01,9.479431967768463529e-01
2.144880818537720779e-01,6.968489201019585355e-01
6.896585824492247607e-02,6.971120098212533200e-01
2.489371701995221620e-01,4.804424913802488040e-01
3.487895263519462108e-01,9.546125613019362799e-02
3.602831415476618337e-01,3.239813887860069630e-01
5.065553801799093092e-01,9.520582282468966762e-01
4.849672084064465261e-01,9.005775604569887793e-01
4.558655904660204872e-01,9.257681610054097066e-02
2.531231652901175244e-01,3.903299368869189712e-01
2.972167718571985806e-01,8.368934403188414972e-01
6.925187948882479683e-01,5.936257544486170934e-01
5.162006423857226078e-01,3.720511519568217018e-01
6.075681969501873780e-01,1.731531535971707059e-01
1.564868559171259110e-01,2.918481807379552095e-01
1.707644220515330546e-01,6.876977344957950766e-01
3.503298582629951752e-02,1.478888672193125475e-01
8.909074037117862277e-01,9.916139470587259641e-01
4.729887449526765097e-01,4.706748114952574724e-01
8.095577926101077404e-01,2.805108533606116492e-02
4.200166184434450112e-01,9.344614973930738533e-02
3.993161826496334221e-01,9.925170365194204702e-01
7.443294447301931349e-01,1.007832946272848140e+00
7.580049432553981337e-01,6.042920995941040152e-01
7.408961404573147780e-01,6.807902036908624055e-01
4.608251861470812338e-01,2.676913089981298177e-01
5.405993498002464870e-01,2.439669049331662509e-01
5.040463619588108068e-01,9.585005251682764127e-02
5.580218487452255349e-01,2.684830628268257136e-01
2.937107185434946754e-01,5.109908475351907509e-01
1.444876382872353204e-01,9.693339881721694251e-01
4.470193607326882757e-01,3.571459109281246436e-01
6.998220317571464399e-02,8.693461558473524198e-01
6.416737822089898513e-01,4.324975376593973020e-01
2.273496820990732470e-01,7.357128369475611773e-01
9.148229409754938812e-01,3.554179984043974727e-01
1.171453918860745624e-01,1.086122556207402001e-01
-1.813820161237003278e-02,7.431720370399815812e-01
9.783147957391419292e-01,9.701331770109462571e-01
8.147089916335343851e-01,1.356932642632006358e-01
1.000055952188432462e+00,2.827279185643729043e-01
3.307749452210755337e-01,6.633844562316197901e-01
3.596009272255154543e-02,8.619728190182907035e-01
9.903579242464769505e-01,7.529788021485456229e-01
7.914292085545983069e-01,3.831987322458743628e-01
6.893565236615332992e-02,7.743783431076551871e-01
5.798537582635461263e-01,8.935850730858240221e-01
1.319315630160673991e-01,3.005864680467942307e-01
3.396909488522361076e-01,6.865160979167438393e-01
7.893347535165288198e-01,9.724924645452468486e-01
2.857711336616219344e-01,4.920849783474454675e-01
3.739450276376563714e-02,2.328008176123755602e-01
3.917279653608576329e-01,5.941350790895529865e-01
4.488252373372570991e-01,3.423066136602280207e-01
6.220899952105858333e-01,8.176111609089191656e-01
2.567732654239708312e-01,3.371408410101348618e-01
7.109845809646621051e-01,7.609681764302401730e-01
8.249369522125461485e-01,2.356419378089003591e-01
5.363043954027738591e-01,8.889518152467210665e-01
3.746743560911200976e-01,4.295076796239119532e-01
1.013009239263509720e+00,8.578075744072506670e-02
7.046036357355550672e-01,8.159066889289358082e-01
1.425850724271889580e-01,7.197086232864918776e-01
4.381307204085832518e-01,8.439946937386545445e-01
9.132627060345749337e-01,8.751076649814020225e-01
7.116430292343425834e-02,7.373633440816459439e-01
9.273297290611953736e-01,6.093482761401208814e-01
6.151566474515868244e-01,-1.207639395369886071e-03
8.502408346380958548e-01,4.838110272581074012e-02
3.404982473959392020e-01,9.275990060617406163e-01
9.535108577631131732e-01,9.994103450455799065e-01
5.014640296238594974e-01,1.697916581374882272e-01
4.598824669415304545e-01,7.042197956055977481e-02
8.858200141741718880e-01,5.650013731514174076e-01
3.993790497846160248e-01,6.780881324917135966e-02
4.088573309173827997e-01,8.703860729247969719e-01
7.130025286382155603e-01,6.028217890226607312e-02
1.246210883986552109e-01,3.740379531333536955e-01
7.435250549933562769e-02,9.059826733031592916e-01
6.836867716185677235e-01,4.948296183476211946e-02
7.974515565765635250e-01,3.865458928619762147e-01
2.646199372350159229e-01,5.755295822858647048e-01
3.977032703561577537e-02,5.010656547226786106e-01
8.377603721133178860e-01,9.370070299911952283e-01
3.680705860635327675e-01,6.251974024264749241e-01
2.219252802346151077e-01,5.476966395291230638e-01
2.632472856789400129e-01,5.333945235607597812e-01
2.004546568825148478e-01,9.519084880477569621e-01
8.987162998372918432e-01,2.896519664265826965e-01
7.558601070509552988e-01,1.253135141362421712e-01
7.368127912970662274e-01,2.479778513573473453e-01
1.400742118334159514e-01,6.917743799813516059e-01
4.804366654215050936e-01,5.271314974383209950e-01
5.432410560091884832e-01,4.540774238861938761e-02
6.218202973925358173e-02,6.038678568174177252e-01
6.212029154464231429e-01,3.959462161828306709e-02
3.715674840203178064e-01,6.134963478850959939e-01
6.508262397859486681e-01,8.429371575140978123e-01
4.100125772720017991e-01,5.796236010937647620e-01
5.669470052389222747e-01,3.304468989211911678e-01
7.308973976353554114e-02,7.543169511890230466e-03
8.376606157232504568e-01,1.856524822082025739e-01
6.199132351662767215e-01,5.814431505665115241e-01
3.987303647671641138e-01,8.571549922204482197e-01
6.893097998184058994e-01,1.486017422017021743e-02
7.433994612134069424e-01,5.198693752760754627e-01
3.580836655217255471e-01,7.464262944315421811e-01
7.067343550383234918e-01,3.263671686579840414e-01
9.996611904972434459e-01,6.609098619689619536e-01
6.210615787742564953e-01,3.304112923889494791e-02
2.573229661095994825e-01,4.217101218338570878e-01
6.560291645287323892e-01,4.971044395825334750e-01
7.505756898445451464e-01,2.627008577996990946e-01
6.772834063400671178e-01,8.242079424779765739e-01
7.224421715287671075e-01,7.472967910495533772e-01
8.924833810225730746e-01,5.934581782514712633e-02
7.231738334468437168e-01,9.696037898891338713e-01
5.962920525257708881e-01,2.244746450014545036e-01
9.985152103753660580e-01,1.547460497223924480e-01
3.541406223408431475e-01,1.808872815972736581e-01
5.062058268011797590e-01,4.354440169693821749e-01
4.832928369848624173e-01,9.337718315124509116e-01
4.867671453813789406e-01,5.378854921383341425e-01
9.131195051256582040e-01,8.145184880496240121e-01
2.154116096559598181e-01,-2.415081715271352042e-02
6.067086030076705994e-01,8.330142949220755710e-01
5.829368200002081890e-01,2.415670297900023578e-01
7.605582917584053915e-01,6.941472600875094878e-01
5.508846826958959664e-01,8.330298585799519318e-01
7.641117820118045190e-01,6.272557200709043546e-01
6.424795639885084730e-01,6.520836947707665532e-01
5.284988185714099007e-01,4.666307896635486507e-01
6.958077269485456462e-01,6.218734402385796001e-01
4.765717686124527619e-01,1.268622479238530332e-01
6.797291438109031025e-01,6.677719168188530618e-01
3.426651184822207541e-01,3.698996665344246315e-01
2.223985163928570152e-01,9.654037397893204808e-01
8.716480373624998501e-01,5.201716831688429910e-01
4.250150865905812925e-01,7.118367720141985933e-01
5.319461804351338641e-01,1.011605092276712803e+00
7.422067416886818370e-02,4.486975663389933949e-03
5.650503159217612481e-01,2.279478178235610497e-01
5.879686632336589280e-01,7.742254337049416790e-01
1.303521134573835116e-01,4.520090027039770364e-01
6.579272548827403977e-01,8.463857750241219335e-01
4.838881064582333802e-01,2.059268468117236572e-01
5.813018298438156206e-01,4.665124055411392634e-01
7.715046239213119161e-01,5.843847530487402686e-01
2.992114262147190784e-01,7.384864657722961523e-01
5.450529682852018887e-01,1.839346773809096836e-01
5.664699900685624678e-01,9.652842408874178215e-01
6.846932886366426940e-01,2.712145960178753423e-01
7.113720046297884458e-01,2.704802742612548716e-01
5.841632089727282207e-01,5.113093075032565382e-01
2.481958258697323505e-01,3.517204893389676013e-01
9.668069379783097439e-01,2.307073159745428592e-01
7.687857356516152318e-01,6.952592761555336232e-01
5.342395102085912839e-01,1.537097199178343865e-01
2.217046974464712272e-01,1.995777951057174926e-01
5.792369896068517710e-01,9.604044935910860392e-01
8.373141220560472719e-01,5.353854213435954579e-03
2.749696462977138656e-01,1.432295340630364844e-01
9.528598246542804295e-01,2.366186657888914580e-01
2.281720259060283640e-01,6.197549767989456448e-01
5.335301917576248387e-01,2.512999780595102095e-01
6.548825155600337400e-01,1.265946457526520297e-01
1.410639408682363982e-02,8.447739285795816122e-02
3.960860874877488169e-01,9.479863795756670042e-01
5.262448933739394263e-01,7.481951437835365759e-01
3.186963941646549503e-01,7.721804610923472811e-01
9.484199716824496251e-01,3.316759403889392166e-01
9.803427367523257496e-01,6.430526119519462958e-01
7.584321277353780477e-01,2.380254970205879783e-01
6.435114920468442135e-01,5.499102982433723419e-01
9.571060151146519868e-01,9.110948482545688787e-01
4.344523631975495404e-01,9.329092372412565171e-01
8.695443783784645442e-01,5.809902083621892865e-01
7.155969843737891578e-02,1.243699784126392344e-01
7.963412753372106634e-02,1.123319406940862103e-01
9.732352033964384308e-01,2.171167160728323386e-01
6.960167591416619448e-01,6.102052182942038216e-01
6.369176637953384290e-01,2.178742411706645343e-01
5.474045650905979832e-01,6.548006700323274476e-01
5.456893905870139339e-01,1.633977049139004878e-01
7.270997033119187547e-01,8.393713773217705010e-02
6.067534379115365750e-01,4.474791791054829604e-01
2.398925328459337869e-01,8.095602148958590538e-01
1.695591592052556607e-01,9.364669406364439785e-01
8.859341615133073944e-01,3.504893749705608741e-01
2.982085725353341155e-01,1.004425969128450724e-01
9.329304163271674444e-01,6.334830089630436589e-01
-1.435002084424936986e-02,5.268626199362963503e-01
8.473839165825736153e-02,5.550142426256140515e-01
4.884532147335063912e-01,6.908160212776900955e-02
7.972300864372087181e-01,2.463734171575322762e-01
5.754970484938281006e-01,6.464613965181882360e-01
1.003024739932635967e+00,4.983264651922499344e-01
9.289010866896001417e-01,3.372432374863445492e-01
8.540766340010808033e-01,2.341926235286514169e-01
7.198816113426127483e-01,8.762232213995277408e-02
9.930769065183014943e-01,9.602469574035492617e-01
4.361564850669731874e-01,5.158213967017651891e-01
5.843949996241233347e-01,2.966836334702443456e-01
6.684228029787944170e-01,7.051398966937294510e-01
5.219453896321688546e-01,1.689930403427641337e-01
8.794241906911536288e-01,1.211044792575503987e-01
6.040739587163543867e-01,1.109026265991153032e-01
1.431697781058384744e-01,-9.028908140660995424e-03
3.701168795930935285e-01,6.440662008152058249e-01
5.169197965845369058e-01,6.724478396985260620e-01
6.782490825209155361e-01,1.637381480580507587e-01
5.105086605106083641e-02,6.456187795626003867e-01
6.524752995635390018e-01,5.826184276320657274e-01
2.410596329548614358e-01,7.974387326527482278e-01
5.373248540467446405e-02,6.316354795703775782e-01
1.045480744001153761e-01,6.825374832542888681e-01
4.003015369882969021e-01,7.043025880483075873e-01
6.381386465740898628e-02,5.787988275205432354e-01
1.594988063432616621e-01,7.035553251394147667e-01
1.183513093129392318e-01,7.226082018265242435e-02
7.533579555287844842e-01,9.733730884576974329e-02
2.388148651603019534e-01,8.468673278791452042e-01
8.268589608950862591e-01,8.300062686581641813e-01
3.253068473894732970e-01,5.579835145305035438e-01
7.877541361727241620e-01,1.357137217997278766e-01
7.545660352203344967e-01,1.048723875532290711e-01
9.283622013926805527e-01,6.448008114270662450e-01
5.041285579873259204e-01,4.969826380051934889e-01
2.073555293835727953e-01,3.745165028955563802e-01
7.181018429368364320e-01,5.480538425733570973e-01
5.547263824712100888e-01,1.926147065053222251e-01
6.641843886294516164e-01,3.738609372053887103e-01
1.659617576621490176e-01,9.346211715226933059e-01
4.918741806859815990e-01,5.486187691768061869e-01
9.758354285419984508e-01,3.916281714235220202e-01
9.204148175909901974e-01,6.878589055837108779e-01
6.351811798222306571e-01,2.506315339483924931e-01
7.462820769191236270e-02,4.270174924469127831e-01
3.003933216389727615e-02,3.736465429045256886e-02
6.127533793745919555e-01,6.976505324236108585e-01
1.768812107345321682e-01,7.550841432386863339e-01
9.674704333829264868e-01,7.103925225152137868e-01
7.757705713347102794e-01,7.150512426930932808e-01
2.385033387373984848e-01,3.664085659974070097e-01
9.052348177250993944e-01,6.851715561911974062e-01
8.165499417306339991e-01,9.719694158605640677e-01
2.360084792476922211e-01,3.317478749329393350e-01
6.740105089029945207e-01,2.936855745673917772e-02
5.673955844274587434e-01,8.163187817841563998e-01
6.102211762645869397e-01,2.953982734100306096e-01
6.887868959143975678e-01,1.564882566002546160e-01
9.182025702539687861e-01,1.213224863158427480e-01
8.825109631484110428e-01,4.967493815116019729e-01
4.315605273513218876e-01,5.244898145190627359e-01
2.175533889561567791e-01,4.874127046242582306e-01
8.362654869870365104e-01,7.873761230037761294e-01
1.563971679939055726e-01,6.545603250262670425e-01
8.304081628043997743e-01,8.291403331400289956e-01
4.336434511863930252e-01,5.301735819081151990e-02
9.382443278334258174e-01,3.666108819391451501e-01
3.513755875529130379e-01,7.536455756010822515e-01
2.649423363521110630e-01,8.055526628085519780e-01
5.749573713283430421e-02,7.319816316744921503e-01
9.869551984768799580e-01,1.001006202643985654e+00
9.442356839836961724e-01,8.683137826691949002e-01
2.789000023252309890e-01,9.766298809789066837e-01
9.243523774741178034e-01,5.218779973531986194e-01
3.722819459273529197e-01,9.730891006544660493e-02
6.073578229577724086e-01,7.257594313761017712e-01
3.885334451503823505e-01,3.713548109625658400e-01
5.918436081834933526e-01,2.917006926013950355e-02
9.309249599576394640e-01,2.276899187682155656e-01
1.216226489479953210e-01,-3.770521205890386973e-03
8.338585230083103150e-01,8.770455031281713110e-01
7.905524800180505074e-02,1.524893417851778954e-01
4.953720170328275163e-01,1.880533990553629187e-01
7.335107692259371648e-01,5.618119130745293649e-02
5.630896218426257871e-01,3.936932659589874595e-01
4.448753941349087304e-01,4.165340591608983623e-01
1.398126036287929419e-01,2.146286225180494833e-01
1.013401189384940670e-01,1.276345257229895558e-01
9.762995702553473043e-01,3.046774552905412992e-01
3.107949647679202343e-01,9.434532315160926164e-02
7.884434984589708817e-01,9.210148313952829513e-01
7.446300021876377517e-01,5.806233051874207796e-01
8.357866240355589227e-01,3.725622417743765791e-01
8.864818460263947930e-01,8.001398014153959792e-01
1.600252735628178435e-02,4.826580066053652862e-01
2.750838731976720797e-01,9.256426042322773995e-02
8.454254398717607755e-01,-1.335909034351067531e-02
7.373340695695518310e-01,9.518516390462122834e-01
5.006497931401493462e-01,3.751804307023661744e-01
6.151168846364351017e-01,7.523596961797689442e-01
2.177373196910003805e-01,2.405861052931496102e-01
6.206515788354586283e-01,9.210236021169090348e-01
3.494000508447774322e-01,3.714884107086584564e-01
9.730133913609698704e-01,1.724851677880047118e-01
5.794921917383898807e-02,5.660684091627489201e-01
4.448658096892110780e-02,1.906980435018369446e-01
6.325320692545584045e-01,6.850474624830077408e-01
5.201586894273734218e-01,3.623999048274538226e-01
5.903704561010487684e-01,6.208533785664573923e-01
7.939212726455660007e-01,7.918364659162752117e-01
6.618571613781657481e-01,8.584089202141190755e-01
8.186731626686908347e-01,1.327958351616790322e-01
9.444657071147513072e-01,9.142674592854406201e-01
3.468768948368831651e-01,-2.223301049041094546e-03
6.051710416998876685e-01,4.700719265564191063e-01
7.468823044818051482e-01,5.164601750022281834e-01
9.369485445655113820e-02,2.392033842903962537e-01
9.079411597897203423e-01,2.579476514699922951e-02
7.271779107154472399e-01,3.077466372933463368e-01
4.546506775121366695e-01,5.331735530539998269e-01
2.118947277554512065e-01,6.448921764465331830e-01
7.107229672210105820e-01,6.938528002809465911e-02
3.879404371642167226e-01,7.497370976459400982e-01
7.176432576908405858e-01,5.717584371639525820e-01
7.708778993530825963e-01,1.022419523489788429e-01
1.139885401575416179e-01,6.590997984563133905e-01
7.086730192694243868e-01,7.850757514349494537e-01
1.983977831386828927e-01,5.181336207851817699e-01
6.719119887316091777e-01,2.715365821608722308e-01
5.066946575709075917e-01,6.139516129654858378e-01
2.183254920475159178e-01,3.826067469779109165e-01
2.337709967235531705e-01,8.921753695489541558e-01
2.201967445089403341e-01,9.017520892335129101e-02
7.805440949585427945e-03,3.663422798538586850e-02
1.892545362484345794e-01,6.495111946348891552e-01
-1.620179180324086976e-02,2.934519513008078673e-01
4.364817425724099725e-02,4.081161047717448698e-01
3.751202036632611536e-02,6.282494683617427800e-01
7.090080734051269484e-01,7.290755289199684075e-01
2.531256375899943456e-01,8.837023353694485328e-01
7.181393466016994243e-01,5.578747504006105473e-02
4.598026836651220584e-01,7.523912316327615590e-01
2.935007460313920347e-01,4.251552867105563016e-01
6.078863895288715291e-01,4.675876746208992851e-02
9.289749039296077981e-01,1.575637481806970164e-01
6.787288363479016678e-03,-8.082832080153161750e-03
4.055520505872679538e-01,8.950740731207362799e-01
7.996258887126129755e-01,8.962524673037800538e-01
5.554525239176744122e-01,4.828520952506941688e-01
4.109793132784020364e-01,1.349145340302261575e-02
9.333093991529538558e-01,5.332498694150141771e-01
4.211484453033371156e-01,5.368214981508593331e-01
7.986588504155913704e-01,2.179283317906073325e-01
7.120243359499072167e-01,7.196349522461112924e-01
8.727044833048597239e-01,3.080388905296173319e-02
1.402569968570685222e-01,4.580734070012618675e-01
8.524116978796427713e-01,9.965612363664734241e-01
5.403187842408399000e-01,1.999172672985442267e-01
1.540268823529035436e-01,6.120564028243294930e-01
2.297838489682596519e-01,5.424497120620270785e-01
7.881379696501328302e-01,3.866508674574345439e-01
4.191893795111430454e-01,6.512954597713560556e-06
2.647433259339843081e-01,7.295455358555493763e-01
3.594027915386490690e-01,1.968589236845643686e-01
9.257151738109747896e-02,1.239721789163035631e-01
6.833321775486107530e-01,6.119708252184309361e-01
4.887769224938352530e-01,4.802918496606020105e-01
1.062531109335278778e-01,5.124872232903475711e-01
6.942378678388759494e-02,9.274428076417622346e-01
5.557327707138418754e-02,4.506820298296492777e-01
6.527019762030917757e-03,7.750575356391532500e-01
1.691147537098991460e-01,9.658661200236510203e-01
5.642108565739647336e-02,8.129889702771098126e-01
6.557483639461750835e-01,2.590032935684041804e-01
1.939978885060044955e-01,3.474870426812415869e-01
8.281764437659538958e-01,8.923383506390945019e-01
1.911049097876030833e-01,3.452574624551125182e-01
2.548716424478808529e-01,1.228143158747049823e-01
6.533411544820504346e-01,3.509434996645821037e-01
1.831789052669139939e-01,8.050490536070876724e-01
7.528503593197349852e-01,7.567039233396027909e-01
6.410639387792717303e-03,8.986902627877170202e-01
5.932312285481271541e-01,5.109593184209926253e-01
2.602057008417945141e-02,9.067241215880839089e-01
5.255138307780310436e-01,8.406843591793577986e-01
6.672257540447279478e-01,7.943439472322068040e-01
6.941085523293749615e-01,9.368132194695171222e-01
2.104952000253172417e-01,2.238577640325487006e-01
7.238434412380895244e-01,5.014399585175809415e-01
6.297858984260926718e-01,6.826558378248867021e-01
5.382245015526345711e-01,7.740484316874977067e-01
3.260291768640057875e-01,8.826387049017090369e-01
8.801591414506210187e-02,7.001139383059400423e-01
8.768773815930285265e-01,2.599077973565369626e-01
3.268884009740979923e-01,3.063649087637324575e-01
5.484154820866331548e-01,4.342227450556611634e-01
9.088085990197292130e-02,8.559086400751533263e-01
1.822366805141251433e-01,5.629863233745779905e-01
6.198142996934603577e-01,6.071299884836400818e-04
1.119869196207487760e-01,9.320510519574209951e-01
6.639677831197798863e-01,9.410145853826878959e-03
8.120148513764311460e-01,5.196360273438703770e-01
9.479115723483967637e-02,6.748473018260288114e-01
4.955252270756310140e-01,1.749348853313711927e-01
8.570925801108890685e-01,3.103505269972539615e-01
2.919019347293927424e-01,2.748602816968233609e-01
7.926980522923540162e-01,6.801158266706055500e-01
9.175486434461326279e-01,2.057560872037205169e-01
8.159220729543954498e-01,5.839350599835673172e-01
3.279696368666378259e-01,2.142119713223001112e-02
8.625895143565344148e-01,2.810425293347272868e-01
6.403506166250596543e-01,5.723731703216995426e-01
-1.588197194373391907e-03,9.689740052945735593e-01
8.302451661514177461e-01,4.680850688766827750e-01
7.065457731260680330e-01,4.975513993585100603e-01
7.492907242894871755e-01,1.379144634729613517e-01
4.661367649050227602e-01,3.410284575347866665e-01
4.515660089480504347e-01,4.201825083804989758e-01
1.622719443675395279e-01,9.838173507165195453e-01
7.060534432690504514e-02,8.154721687425108348e-03
3.794820395953386050e-01,6.268864204903987769e-01
1.926683539752283292e-01,5.138564253762677447e-01
7.212276629079126256e-01,1.106137974177190120e-01
9.777671394475448974e-01,3.525044226150187976e-01
6.443497331467239464e-01,1.187572795376742596e-01
7.325091169929826007e-01,8.359092351614566541e-01
7.624811811555738672e-02,1.205363557628467142e-01
2.645363107654755130e-01,-3.057890565509479436e-02
9.839176617937783753e-01,6.023646881336391923e-01
6.280046768197183882e-01,9.361759605265163042e-01
8.337997748098640027e-01,8.368047576093579076e-01
3.280094258340295332e-01,3.455878286502519492e-01
3.236923199797058781e-01,3.094474762446635108e-01
3.749618477804788630e-01,1.632614865411717575e-01
3.489336058917485439e-01,4.744822346691533466e-01
3.220317744425703066e-01,2.007341114598049092e-01
3.850596946762019912e-01,5.179585472625681808e-01
7.267283872397668487e-01,6.838818487939070101e-01
1.900750234789187199e-01,5.702266447138737426e-02
3.237733145531625500e-01,1.509242758647152960e-01
4.318744955168823396e-01,9.722667663948556527e-01
1.903109107424933721e-01,3.275596084257426654e-01
6.985049124556620415e-01,5.069729444046090494e-01
9.153473509471982128e-02,1.432446803729490459e-01
9.477527063188789791e-01,8.007734148647228933e-02
6.164390037069312767e-01,7.640398940987949139e-01
2.842604822015230015e-01,7.076502509661081186e-01
1.952450619434822343e-01,2.741238722449890197e-01
3.143820161032589433e-01,1.004662607103601335e+00
1.822347687592619780e-01,1.332804496387864912e-01
9.326893931651480951e-01,1.847310335664580916e-01
8.600898518414085148e-01,6.341161906973603601e-01
5.900524573195179423e-01,7.795865510509052410e-01
7.141489070281673568e-01,8.582211630125538560e-02
9.931315477569918615e-01,9.216232662960754940e-01
9.045475848489784587e-01,6.006924384101993697e-01
5.422494255523796491e-01,5.405309177479633576e-01
3.501894306042017957e-02,4.510033295754869997e-01
5.886065534505441343e-01,6.845596612645628021e-01
3.177490454304088274e-01,4.419546952557514286e-01
6.322566385315234738e-01,4.331524252177961221e-01
9.589749085950474150e-01,7.148023927818565326e-01
7.923749971890169802e-03,2.888250835083942120e-02
7.172676232319313838e-01,4.123614910132532563e-01
8.385993441617737298e-01,1.890716392756278397e-01
2.488010820642094431e-02,3.700251852617363890e-01
7.342218293657403194e-01,9.804923153444924377e-01
8.719173165463489639e-01,4.732911028172487322e-01
7.849881132253901939e-01,1.267487060788693998e-02
5.647907747505820364e-01,9.268441289705480202e-01
3.744768637480432871e-01,9.876580725621375567e-01
1.997510932411777629e-01,1.238844206791153285e-01
5.331357368493488957e-01,9.507735798223719836e-01
3.220760051998859397e-01,7.712347981166637334e-01
1.902845979952799693e-01,7.795220327002341243e-01
5.215826959992555523e-01,1.877995535500202318e-01
7.352935463992292808e-01,7.094995498554846902e-01
4.669961359126957867e-01,2.195484798329060960e-01
1.206725079533486622e-01,9.878505657210605584e-01
6.540407123987912463e-01,8.009952602387173659e-01
6.852402796709521349e-01,8.359886175281202592e-01
1.636281835988860622e-01,4.811513259976515355e-01
6.724051829894057697e-01,9.224480122556991124e-02
9.811175365430484241e-02,6.473430523169322326e-01
8.801694862788640439e-01,6.644109614651421136e-01
2.735545900424374982e-02,9.689917137890404764e-01
1.558925538542794142e-01,2.199260003204954461e-01
9.921601981977037354e-01,7.415360438231195506e-01
9.399399324574494452e-01,8.071348418087971321e-01
6.717881747586084140e-01,2.661744102749874497e-01
3.106852387375552693e-01,9.193811865831709174e-01
8.492909270321247206e-01,3.645988078720122094e-01
3.373105487552195969e-01,2.888361400812302637e-01
3.383459496843413961e-01,8.586098784749842672e-01
1.201096717095627778e-02,4.059306374863314026e-01
9.408387667252372522e-01,5.432100658981466879e-01
4.471711900389576666e-01,3.154258405779375996e-01
6.773012081423830655e-02,2.153657293096719882e-01
6.966299270619899509e-02,1.461886619943965349e-01
1.389833772046865645e-01,3.051883720898267427e-01
4.728062148896756273e-02,9.721725861650536427e-01
1.340063874308500269e-01,3.881437156709094394e-01
8.769721347496572950e-01,8.854097977043459688e-02
4.785276242949534908e-01,8.562811104280050323e-01
5.647569229904375598e-01,2.261180452888309766e-01
7.599029687134726263e-01,6.781719194099427028e-01
3.660229362535675768e-01,8.313734318829216208e-03
5.298864539680327168e-02,8.171159049232571414e-01
3.345912120993099759e-01,1.294793538273724121e-01
5.097963188817300484e-01,9.160932574258058292e-01
-1.642150887955101668e-02,6.539287739756184659e-03
4.402387339772659836e-01,6.868799578950708362e-01
4.577833616027442432e-01,9.065866475757169418e-01
6.056323547725767087e-02,3.262804639892823988e-01
3.595848485211121659e-01,3.602632916980826883e-01
4.589188654570557357e-01,8.012452688672186962e-01
3.251703597871183349e-01,7.820922200235478350e-01
1.576061763539312321e-01,5.525072366452853379e-01
3.691842458785030145e-01,5.796786759463420369e-01
1.006527402038900204e-01,9.651857694579821789e-01
9.014465057791497538e-01,8.480215444830481175e-01
9.153962246457226781e-01,1.462345147947807233e-01
4.955865493615025374e-01,3.092969976581205760e-01
8.528407376793369910e-01,1.914488611486459546e-01
2.215532802571658910e-01,6.703918174317361478e-01
5.220343654757276380e-02,7.364928868362364822e-01
2.747797484683965896e-01,6.688282700673909842e-01
8.532390171569180781e-01,6.175468349436100679e-01
2.091120830712524803e-01,6.645528360513903998e-02
2.511755215725226809e-02,1.118159462558345474e-01
6.100176401121796266e-01,3.505394280509894211e-01
2.511804575963341724e-01,2.349844092481731539e-01
9.280674908572095205e-01,1.090912822362513496e-01
3.084989012157198784e-01,5.120151523465116261e-01
-2.347259985804968016e-02,9.537076785755618236e-01
9.523406310811387276e-02,6.817818610588898265e-01
6.532263642061364450e-01,8.494928447395666549e-01
6.598446463949675378e-01,7.926823569436346473e-01
4.028424558952177770e-01,4.781151286525653354e-01
6.746131491933397006e-01,5.581149593633353279e-01
5.228432461087603178e-01,2.098013152455449060e-01
2.926503149309362395e-01,3.995914617710135674e-01
6.554297116989810795e-03,4.037697613778164496e-01
2.596919375183892251e-02,5.902999087165089476e-01
7.128537316080671982e-01,5.762598528580997748e-01
7.045030271022989510e-01,-1.976196523704591007e-02
3.507054145702796083e-02,6.974444028976644061e-01
7.988818390525176394e-01,7.232404470263096297e-01
6.603877460066307492e-01,6.733173697939422997e-01
6.973460607811912126e-01,7.391261066949497138e-01
7.247526683212711651e-01,6.937721930859454267e-02
5.211205849986873251e-02,3.428589611841354468e-01
5.087996775735289523e-01,7.830157813910985087e-01
3.299248124207694866e-01,2.878123625522876483e-01
7.968300062315454291e-01,2.556681343741402657e-01
8.368822463359901764e-01,1.774197334524295899e-01
3.867498306422594845e-01,4.175439374859070130e-01
3.186393111589578830e-01,-1.541343954860475290e-02
2.407741335593464038e-01,3.009530962748231953e-01
3.416453533243258844e-01,7.730889602164754404e-01
3.767372259913286114e-02,3.616014383699513446e-01
3.679002248956378396e-02,9.252825218837447130e-01
8.266633903578329834e-01,9.993463069773395047e-01
8.998675094350393477e-01,2.824881130738339241e-01
6.459100020857002633e-01,2.860290218794377393e-01
8.615868569772102692e-01,4.177251383456951905e-01
3.729886013850166049e-01,9.144152697543087571e-01
8.177618494502155722e-01,9.694542012591080837e-01
3.807995595764121499e-02,2.415728798580209502e-01
3.174626911262634077e-01,4.170434053149870146e-01
4.820029224299017812e-01,2.519351324953271187e-01
7.493087272067689986e-01,2.297893191969847815e-01
7.174576941643534544e-01,8.470036361221748855e-01
6.466024076047776070e-01,3.252909656779116032e-01
1.742915660278760992e-01,1.371480283647140141e-01
7.534622360924344564e-01,4.574539435730195502e-01
2.513425117879059673e-02,9.962447642473281073e-01
6.739679961084109605e-01,8.372901309828126859e-01
4.481649624846373303e-01,9.527116638102601787e-01
1.967301772601967036e-01,1.816045843157822748e-01
8.739135797003845241e-01,8.732621943661275088e-01
4.885054391063749502e-01,1.264277748140625601e-01
2.677909880800910525e-01,7.730472320651544660e-01
8.463607331508593568e-01,3.263529563197330452e-01
9.356558525957511807e-02,6.665625281520187739e-01
7.127940648598826145e-01,4.554490941407617899e-01
6.101949748802500961e-01,9.691958773459442567e-01
2.385389969977430025e-01,5.638259554739847301e-01
5.731710387005892748e-01,5.556009461423443430e-01
8.860324660521027296e-01,6.181453081842139818e-01
5.085450983955815962e-01,1.418582078669253232e-01
6.805022824664260783e-01,1.684729933329607021e-01
1.112825123158999764e-02,4.753110100799937121e-01
5.609409568995720186e-01,9.860911270767513948e-01
7.084723133258407080e-01,8.439614238864658891e-01
3.489808387234736298e-01,4.925407397931427234e-01
9.776010777822589093e-01,3.955800062650209337e-01
8.219399192021010769e-01,5.403905193985704125e-01
2.238461133212768239e-01,5.674246947838286204e-01
2.242846946233416905e-01,-1.472595337613899491e-02
2.365868201000725368e-01,1.901075267040018280e-01
4.235193458727189997e-01,8.640558534895927956e-01
3.345068744641212510e-01,8.324360186288762842e-01
5.213023877487095170e-01,-6.919192996411733729e-03
1.627846301504317639e-01,9.131880319573508764e-01
5.828752530175036473e-01,9.488058882342197409e-01
3.091494307565517685e-01,7.380714343455806459e-01
7.728347895806677581e-01,9.942714011955398057e-01
1.213358110021517562e-02,9.841282557340926829e-01
4.010095811798197740e-01,8.223959833255360952e-01
5.570959102592573098e-01,5.651915109515355251e-01
3.553277345438677903e-01,8.303930160551599160e-01
2.790385655201398918e-01,4.498911345053178135e-01
5.531556898129302846e-01,7.561745077194397258e-01
4.765998823419981267e-01,6.577552790514680225e-01
4.379388489377977201e-01,6.933391702945110868e-01
6.704018352206223552e-01,7.397225507042246573e-01
8.391990488567803164e-01,5.248502898287801255e-01
1.432494880882200228e-01,6.703978531351664216e-01
7.637323616211749711e-02,2.279682228927360776e-01
7.699399565318816308e-01,4.386302759911197557e-01
5.015970058028135226e-01,1.007115981808762717e+00
2.290363455769649503e-01,2.840793746162572492e-02
1.171413485007127275e-01,2.620135931231818427e-01
7.095218158561114041e-01,7.144049122229899629e-01
5.607516938036549714e-01,2.504270745158260758e-01
4.985915172491811043e-01,-1.520365825882203856e-02
6.703069236386277607e-01,6.120000106509362325e-01
2.370509712790063242e-02,7.713055229068617180e-01
7.283557355260177335e-01,3.308148559802579491e-01
6.315844877617220465e-01,6.014442907635026980e-01
1.165151466335622304e-01,1.931712277610454220e-01
6.756927166082848935e-01,9.211810032477493193e-01
5.470476372920438646e-01,5.504434029329099420e-01
6.861220440642840090e-01,4.335888885174017382e-01
6.996443588262327151e-02,3.925758907489505511e-01
8.940098895749216679e-01,7.922267477035934702e-01
9.543362084624649189e-01,1.602930230570327463e-01
4.901655749344366875e-01,5.768459544843894671e-01
2.314436502185551747e-01,1.441994710198378771e-01
7.882429770471115482e-01,6.826039465619950786e-01
6.321926083036742972e-01,2.700793441243641291e-01
5.168156215464974057e-01,-1.552976401855428457e-03
1.467847566622534905e-01,5.241976651616206961e-01
3.066128021535906578e-01,9.677683246669607220e-01
4.856285713246373259e-01,1.298864855914606264e-01
3.004127530875144725e-02,7.414695236239040588e-01
1.753772746635780255e-01,2.258453949217084922e-01
3.944873529731868778e-01,2.293125530241013066e-01
6.196377343392412973e-01,4.988953509209031467e-01
5.995828944699115037e-02,7.846721353523998799e-01
4.222490592414819832e-01,6.257174833595003927e-01
1.251704335909227875e-02,5.902355963391969773e-01
2.612487121998196549e-01,4.782349497692536811e-01
3.124995065399974736e-01,1.003753669282547056e+00
2.184278210711916579e-01,9.157505462086225068e-01
8.968065003745848696e-01,4.619934269466481336e-01
3.154902635364970620e-01,3.967590864276463458e-01
1.016875308079506102e+00,6.391210912019674728e-01
5.454107640470695628e-01,3.221858203472985349e-02
8.736087187005989740e-01,8.433616145293876265e-02
3.199201134417441195e-02,3.141907356360345571e-01
4.570700473677918874e-01,8.605948585033332821e-01
8.099343262615749106e-01,1.830072166929894162e-01
3.807814621105433672e-01,8.165844813426594850e-01
4.995955183649998799e-01,1.736736345502540302e-01
4.257233871389705659e-01,6.395735329776685019e-01
9.696292573399151182e-01,7.095996457295611348e-01
1.428881338468974797e-02,7.129457672030987681e-01
2.838518973754334263e-01,8.817761856415469168e-01
4.103243002305880793e-01,1.816242478179749542e-01
4.925106821539866897e-01,2.585898161344848400e-01
2.209059102089816762e-01,5.777006856422856051e-01
7.711511966140174312e-01,8.723161442103397611e-01
4.052957845829550654e-01,5.118766770925702730e-02
4.637464462282094302e-01,4.328335280125601980e-01
1.700516336378480042e-01,8.818377827144080472e-01
9.692644259940671470e-01,4.330948095479391496e-02
8.102845319048309625e-01,6.309600055934275753e-01
2.120366332731689618e-01,6.014406600961823557e-01
1.282868289734506451e-01,5.767044289736214524e-02
9.687556404130985843e-01,6.755388850404473455e-01
2.697976269609606015e-01,4.488654127009008565e-01
9.547541271478244829e-01,4.334222481666700211e-01
8.753682271084393118e-01,8.894236037062780431e-01
3.611829177130219115e-01,6.564623284156623217e-01
6.650271538249075132e-01,7.779485151313930702e-01
3.594945396903665991e-01,9.418180527076139286e-02
2.108141344376998905e-01,6.090035283688084444e-01
7.706438026874715685e-01,7.492432259074121026e-01
5.714549376540847270e-01,6.634293546368355554e-02
2.742576941965096937e-02,8.213705860565838623e-01
5.803780719877690286e-01,7.984956426296472287e-01
1.146462231200160442e-01,3.701321811032976528e-01
9.404525532078779060e-01,2.039854602057420974e-01
7.260159629299987871e-02,6.473557774807432441e-01
6.215823608096761044e-01,9.671023812953115639e-01
9.292173266695430423e-01,7.122990080753397457e-01
2.602403611888651908e-02,5.158783913492273054e-01
9.066509051463661484e-01,4.526159827469304342e-01
9.628731778231012228e-01,6.546094830898456784e-01
1.375076783902705324e-01,4.958763082165452696e-01
6.802643532799519388e-01,5.580469174419286360e-02
3.451184601201596758e-01,6.848792848272915457e-01
1.716925409146276005e-01,3.450549605490786931e-01
7.069841076694520776e-01,7.331595033335680522e-01
5.356622543551194937e-01,9.835954265790721740e-01
9.341018154790310390e-01,4.740374336711433156e-01
1.775784760980593791e-01,7.983601290587767352e-01
2.535981067500123198e-01,8.547741336186914785e-01
6.202831786384241930e-01,4.093161461106821775e-01
5.403781759281341968e-01,5.581416064960791346e-01
9.222584201031274187e-01,2.150287099336184726e-01
9.302960611001488411e-01,5.071839881297295766e-02
8.041803396862012843e-01,9.201565595538188091e-01
4.286774331887792666e-01,7.635895325067881823e-02
8.327108903681695873e-01,8.468335171224175006e-01
3.264089148593060652e-01,5.570352670412411777e-01
7.977113720345415659e-01,1.789467956867432930e-01
6.038549504803835122e-01,4.559760098998663636e-01
2.044846982429300297e-01,8.389028040780280859e-01
3.050033694791660088e-01,9.342905399403177436e-01
5.628814827996398984e-01,4.939006094430583582e-01
4.135281129556372948e-01,4.107856028822461369e-01
8.058628982934334939e-01,6.833355271491478033e-01
7.381636871285957024e-01,4.546677807671452021e-01
2.536089931321925395e-01,1.042701962076622024e-01
7.804296904127775436e-01,4.233263928687741595e-01
4.865839042271476456e-01,4.541320555133111503e-01
4.163807880884037305e-01,6.844065255886653265e-01
6.352572273686958315e-01,9.807188954417328519e-01
1.208971002069175044e-01,5.752659927379447646e-01
6.162748670511083993e-02,8.009011166902250123e-01
6.160030027346989900e-01,4.436530544193295067e-01
7.878371262742973613e-01,4.480847884182581065e-01
2.474285113713034501e-01,4.818800165774568822e-01
9.641403290964950523e-02,9.265781039913203454e-01
7.037475523306868652e-01,7.660817419672357742e-01
8.643341714674052101e-01,7.675982074547100797e-01
4.160687225714632675e-01,1.126210345409930091e-01
3.674743662775485364e-01,9.219469406151017399e-01
9.488176633290102968e-01,8.168037894815817213e-01
1.699262111711224155e-01,2.171933968105817792e-01
8.794040246138286054e-01,1.331583460679798825e-01
5.437732758106982311e-01,3.935069485305515147e-01
2.731916580146569462e-01,6.939399037654059299e-01
9.943956940318129378e-01,7.519776629684348235e-01
5.095298048007019798e-01,4.412202954971590763e-01
8.657800956855610242e-01,5.540107613748030957e-01
5.002035559189660363e-01,6.908595344440823238e-01
2.055399920175463857e-01,6.436958944795244386e-02
8.715825596923064689e-01,6.272332110878429123e-01
1.566203818797533565e-01,3.068173020718786836e-01
1.011382220318816749e+00,6.514727520480286804e-01
6.539408852737048639e-01,7.443379552139707533e-02
9.671013795030801719e-01,8.982251610338189973e-01
5.325070678831831383e-01,3.316308163124009889e-01
6.674471372507299050e-01,8.232881882334877055e-01
7.853965534894066236e-01,9.864409620266092471e-01
6.500059689669864804e-01,3.510051547047828291e-01
4.994826553446311546e-01,8.019574509540239315e-01
2.624418525850607531e-01,2.250203038197908789e-01
7.352332495938596058e-01,4.230874465632580850e-01
8.130618007672365533e-01,1.761368265294892821e-01
3.392935057681001343e-01,2.470412506749530279e-01
6.910724557254191991e-01,7.146695477759341664e-01
4.548254942199014272e-01,5.109830036177408497e-01
1.082998234413612287e-01,6.727071563907713880e-01
9.792524332642374985e-01,7.963481676383996621e-01
2.572050748715653534e-01,6.320869826064934305e-01
2.692386162420405959e-01,2.973205546374875149e-02
2.156113652976414941e-01,9.637555822613846912e-02
1.987420036717028882e-01,8.004156135289847152e-01
2.619148748470919164e-01,7.769988851975163646e-01
9.659377898326999556e-01,5.344023071107161238e-01
4.587959096426766359e-01,7.307331730875521458e-01
1.120571248182675034e-01,4.131898460814374952e-01
5.068516169171726204e-01,8.274158104916967682e-01
8.156410952909621814e-01,8.581840684416209841e-01
7.033196102957227636e-01,5.301763696734943521e-01
8.344209299293998683e-01,8.776218567990372588e-01
4.762912532329178217e-01,9.770371997866460489e-01
9.124269813397513085e-01,5.016155675841557082e-01
9.662749523431382603e-02,2.107894679385309555e-01
7.926020696757776207e-01,1.468294215982576256e-01
4.630499365817129509e-01,5.915043489898571538e-01
8.697622359569403550e-01,8.467265102004227773e-01
7.707153478282386949e-01,4.068942988185913490e-01
1.338495631502690242e-01,7.087401467140472811e-01
1.772798459794227843e-01,5.489124558658253772e-01
9.972884058149554809e-01,5.672384917971469154e-01
6.738066547986044652e-01,7.161327470971604603e-01
8.373137980802761726e-01,4.292155931961839088e-01
4.594651597117140884e-01,1.572149855576288613e-01
6.188511231041600169e-01,2.721391693930060862e-01
4.759223137948704885e-01,7.678737514089285510e-01
3.310508906349886316e-02,5.589859656665894239e-01
1.913807693652287145e-01,2.917149990623350564e-01
5.769794634897110197e-02,2.129315293538140696e-01
1.038909926100533676e+00,1.013156183529399401e+00
7.106509160914721290e-01,6.130935725016248838e-01
8.084720448018104522e-01,8.786897730793102879e-01
5.482582814982607244e-01,3.188551821934420410e-02
7.139383396096360412e-01,9.684487508372170428e-01
2.315784519201319336e-01,4.578888453098743372e-01
3.873346349379921394e-01,3.764282830241622024e-01
7.536504170757679644e-01,3.669469221307465889e-01
9.197195823311041796e-01,7.947311947351818340e-01
4.122846484357684665e-02,8.223106403641349260e-01
7.758764903504982158e-01,5.485529326000603279e-01
4.987156876962561269e-01,8.261187677587752409e-01
4.021258982980420171e-01,1.849350570819052186e-01
3.043852723871490751e-01,2.586403435917552507e-01
7.020966177528403795e-01,2.199563059363915107e-01
6.497990747094232189e-01,4.632269818024687957e-01
8.395478799083196941e-01,4.758879775227353170e-01
9.226869872560162777e-01,8.934593432716604333e-01
2.035021406641094044e-01,6.844029405005357392e-01
2.418109973729620499e-01,8.209787630305688255e-01
6.283825715177171478e-01,3.196751943637818894e-01
2.495546287760331272e-01,4.270489697035052545e-01
8.013941843174499091e-01,8.254945993030183837e-01
3.949778019068323626e-02,3.272768952493704253e-01
4.181584754265387227e-01,6.073700915888168295e-01
1.542807055431580365e-01,3.529345337685346196e-01
9.049299453015580141e-01,4.577151228328513732e-01
7.455823781711207188e-01,5.039224655473503178e-01
4.873122837952073572e-01,6.469942146193559118e-01
2.614590666916673523e-01,2.806062901288388090e-01
9.762097234992979100e-01,8.390967059254017535e-01
7.322026785725990194e-01,1.610613847424623712e-01
8.500567762264963495e-03,1.460153439395379116e-01
9.033207847499623577e-01,8.310086559328208056e-01
4.941239179829576833e-01,9.797611978887169615e-01
1.400203712294974534e-01,5.437384763330793680e-01
1.632476798902305348e-01,3.105544216178448003e-01
9.250518626782751053e-01,8.681790603548035223e-01
1.098269133660503827e-01,2.617970302442232944e-01
6.131938778181773575e-01,6.464735424656685436e-02
5.290828463052453801e-01,5.938059824924161179e-01
3.040912541758316046e-01,2.894917955138818222e-01
2.233212062017800870e-01,9.851799179033232656e-01
3.630101173330078645e-01,5.951425505527481175e-01
3.224952031811775255e-01,6.958386995904468630e-01
9.807093602062598447e-02,6.361221048008049161e-02
7.442882068391678541e-01,7.446578095690941090e-01
2.610371770626269128e-01,4.172585555059491469e-01
9.482057494819660093e-01,1.318805983086275002e-01
1.940255637941254441e-01,4.322078273961006967e-01
3.115141279426770771e-01,6.170070237190711238e-01
6.991052921160161304e-01,5.120604851235320831e-01
6.024775427006663353e-01,4.237607861796247044e-01
7.411107678627179007e-01,9.046894185802803467e-03
3.206670213663881386e-01,6.831126437266391571e-01
3.236332815960453191e-01,9.371877420454473306e-02
3.540521249057858588e-01,7.061580426970911484e-01
1.830033388978657138e-01,7.449911385291327903e-01
8.243517305197604061e-01,6.270016459385653329e-01
2.492280309787479609e-01,7.805299719516480828e-01
2.078329354831561782e-01,8.941417666786894980e-01
7.665558040752188385e-01,4.087038069294429699e-02
7.946064423254945996e-01,4.773601342226595490e-01
4.633233636682286827e-01,4.025066844966834201e-01
6.250009810214436357e-01,6.888120086320047575e-01
8.935441499225867945e-01,2.360288149388149459e-01
6.209660137753890696e-01,6.805983544544541575e-01
6.628165105004221180e-01,4.829963224671572908e-01
4.104459135908481437e-01,8.058679034379464534e-01
3.067959480719924525e-01,1.908522905779029277e-01
5.471107425463781482e-01,2.605254743406723583e-01
5.102102005649682137e-02,5.733296791910057894e-02
6.634546274246357900e-01,9.951045557465608704e-01
4.740251944170930098e-01,1.769616996560915978e-01
8.077543925127367297e-01,2.674553725120220604e-01
9.719309281013521762e-01,5.622392696663300882e-01
2.405722553120815399e-01,4.832836540971067185e-01
3.422280714582925931e-01,7.828319865095844099e-01
9.681915667405049941e-02,8.849521451539729133e-01
7.626480388821156309e-01,8.640207783950479836e-01
8.656556810570221749e-01,2.401616443838373582e-01
5.114679330604302576e-01,8.690664395558814759e-01
3.511650474054542892e-01,6.902151581548687798e-02
2.479932327022758842e-01,2.542376734424241502e-01
8.665665658736703136e-01,4.718334195920980134e-01
6.715409870536954706e-01,9.431331677171380656e-01
2.904977900914097466e-01,7.650397973721000389e-01
3.429553483193807650e-02,1.101930478471251501e-01
1.431298740332243025e-01,3.491719252310956367e-01
4.096434965877684409e-01,4.645686005607623237e-01
2.538157503867271569e-01,7.133506519023936898e-02
6.740164271174847732e-01,1.780558054363545056e-02
8.291680594335215648e-01,9.637117777804571350e-01
6.696488383165116742e-01,6.205712287944928907e-01
6.574171197967650926e-01,6.569558574941467555e-01
9.587379826681704520e-01,9.112096933494657769e-01
4.430074300933092291e-01,6.427291173831065629e-01
7.890347189211692758e-01,-2.684090348893417716e-02
5.598144931513222566e-01,6.177485051016641249e-01
7.255784456451780384e-01,3.892515763241090609e-01
3.035764007165843159e-01,1.934352183677775783e-01
5.525151569611911340e-01,9.285578460897698783e-01
8.818087788069751687e-01,3.483870380858005156e-01
2.585660552216420549e-01,7.579969453677559699e-01
7.365208205094252447e-01,4.557250636548983991e-01
3.962865688463231284e-01,1.329353427626475681e-01
7.692481815632805642e-01,5.927851208018786178e-01
3.687182852972867297e-01,9.315815214417708656e-01
6.665866887196657542e-01,9.070082046659461161e-01
4.765260822192030066e-01,4.598569598281480042e-01
9.416306919173503820e-01,9.400596019051425944e-01
9.638813734836687575e-01,8.372522941452816836e-01
4.731453792078398890e-01,2.185288925672075888e-01
4.162945326319063555e-01,9.416533140985642314e-01
3.467161136613873818e-01,7.399425899142795249e-01
9.265248946299557975e-01,9.416412954705425387e-01
9.414544894207617087e-01,5.643410707548736083e-01
5.153029747062316535e-01,9.567602338226410819e-01
2.201607569596823188e-01,1.861655394163890809e-01
9.639324117674856751e-01,6.920261319358929075e-01
5.356706698559743351e-01,1.598939718519469255e-01
5.381201833449048566e-01,9.870869372929634844e-01
6.026798793600471882e-01,3.964148332497787752e-01
5.317477613013359417e-01,8.757563225247523286e-01
9.271400837904267833e-01,4.174586674221068550e-01
6.215712973270169917e-01,2.659132590385810402e-01
4.379037980093695159e-01,2.590119176653535304e-01
5.148324021767335390e-01,6.065706282971586871e-01
3.459282570952783020e-01,2.574663218565720335e-01
1.273358954299352586e-01,1.257652778993111065e-01
7.198137479948139017e-01,2.034454436918873843e-01
1.490652283408278045e-01,9.947144803922731704e-01
2.739254310572625251e-01,9.084425372608945226e-01
6.416239693645559017e-01,7.063107598305304879e-01
5.630405568452104825e-01,1.527833051894889604e-01
8.491145358203993077e-01,8.507729977483694528e-01
3.540748991905386944e-01,8.101040872036215923e-01
5.534344566518467623e-01,8.982408924930382899e-01
8.119396662640913087e-01,1.172787374878286881e-02
8.632963533774509202e-01,9.442262338727727133e-01
7.424784204082561789e-01,1.187030672800744174e-01
8.314780828425133441e-01,6.455076728592160640e-01
3.187759217871169448e-01,9.152169055064265368e-01
5.066738724856980625e-01,8.536972421976594116e-01
6.744658984141735925e-01,2.883103529415460553e-01
9.850205334688401093e-01,5.732193522971724686e-01
5.267484412256788762e-01,3.914652423377948387e-01
1.071631549898743735e-01,6.852858143327743567e-01
4.102687044856386800e-01,9.200420135212238337e-01
9.883267934393014098e-01,7.988008112602461575e-01
2.653488858471430567e-01,7.351273122180927988e-01
2.162077394894559856e-02,8.467093822858746677e-01
5.007309461152948948e-01,9.756894588476772157e-01
3.593980179673267328e-01,2.766257718677222477e-01
9.697704863030537359e-01,5.442448467147307234e-01
8.288004254144966110e-01,8.867863072908448441e-01
4.928162364468922640e-01,4.607565655403437210e-01
5.599764579170756207e-01,8.967490827761048777e-01
9.628344213116485362e-01,3.437729034792251226e-01
7.418477833231802432e-01,2.991524384892724209e-01
6.138263109803148154e-01,8.267819256631073754e-01
8.654328543495088955e-01,3.997667188318924647e-01
3.781037450074715700e-01,2.173500653057013621e-01
1.596519370141599448e-01,3.539551876217396087e-01
8.512130686927208423e-01,4.728199177831668987e-01
3.169241655188644868e-01,7.349301273806971846e-01
2.305439795121393409e-01,2.725960849415666187e-01
9.586911820461476719e-01,5.493022261636328757e-02
4.253533158781579449e-01,5.708874715066539762e-01
2.118401460635143951e-01,2.819747411947620686e-01
1.856205206728281654e-01,3.636441918012262575e-01
8.926922365076770394e-01,4.220373274516045492e-01
4.150754432362300794e-01,3.832305450155155113e-01
9.869293635636401385e-01,9.538517176387006913e-02
8.642312971156790313e-01,3.228299343282220457e-01
9.352084112310551367e-01,3.184135151763642368e-01
6.839689736720169777e-02,4.919562442655008305e-01
2.383901274412491278e-01,7.839353170666598647e-01
6.582740334747699817e-01,6.844034479139116112e-01
1.909999773965278536e-01,6.983112473639790929e-01
3.347329754060549001e-01,1.000555023227046592e+00
6.881948486276296961e-01,6.143905865009116063e-01
8.861944775362649018e-01,6.013437195323358964e-01
4.976417285739933583e-01,2.372566363516354637e-01
6.959805549695010640e-01,3.822344160817581771e-01
4.718565483030637969e-02,8.339720500510653389e-01
5.465933253928677987e-02,6.963726105358883922e-01
1.599560271172240367e-01,4.342131980978791717e-01
8.769399323183608708e-01,8.644781048820872338e-02
6.452058355103257314e-01,6.126947697762016309e-01
8.793372368474500211e-01,1.912421219816944629e-01
8.184054950691528330e-01,4.487482332521099404e-01
4.252165113843980326e-01,3.499420319499820797e-01
3.905716672755254470e-01,4.871371463001618607e-01
1.072550076527805790e-01,4.820594835717145199e-01
6.219039468117477654e-01,5.013290655908005933e-01
1.733861846588686806e-01,3.731810026483135534e-01
4.236288138178114226e-01,6.791865488543535889e-01
8.900761913712387230e-01,5.218238433713267010e-01
6.954072742839612076e-01,9.048192162703479202e-02
9.351357802284183673e-01,3.043327408126919043e-01
3.426915013270929733e-01,1.899710878620672894e-01
9.991866651848153869e-02,8.060451583074219606e-01
2.338378904067663078e-01,2.821252241133692107e-01
1.840902360307358210e-01,9.797731174710289093e-01
7.540842132904662654e-01,9.396685419651685800e-01
8.382132218325424322e-01,9.199243038142196349e-01
4.577364484431566960e-01,1.445392623837944701e-01
3.263195631615887771e-01,2.914414124973596643e-01
7.192087704544211091e-01,7.817971657372847077e-03
1.460985693025362298e-01,6.888249538606693312e-01
1.467566199095937662e-01,5.199250520713849522e-02
9.722732152139851314e-02,6.637329089254780934e-01
1.087200411945421774e-01,1.527639237552174678e-01
2.461641741694797769e-01,7.331062953055993425e-01
2.054581842221387955e-01,3.189102311356937364e-02
9.202287062871828960e-01,8.936399625262604340e-01
1.394947480304681298e-01,2.859852837367189982e-01
1.936015107060787277e-01,7.089074193489186548e-01
2.399396274416632224e-01,9.320847054620118310e-01
8.175660485989176829e-01,5.696610548753113790e-01
-5.217728348213891351e-03,8.628661674102729995e-01
7.546930154637517818e-01,7.890254928464154327e-01
1.168820664109911783e-01,7.159816976257091792e-01
8.163676387063025786e-01,9.354032508179022098e-01
5.761062940570571556e-01,5.094956781442886440e-01
4.126518171996024775e-01,6.919916604337208454e-01
9.292242613621974900e-01,6.085502446812135480e-01
2.005447359972953314e-01,2.324876833804170179e-02
6.301734219164399908e-01,8.527923512162168818e-01
5.213700155924522184e-02,4.064005917626319353e-01
8.885851789851858529e-01,5.017186852669470731e-01
2.533467878808390861e-01,3.017292254916041916e-01
4.245970635282494410e-01,1.281779633721579215e-01
6.320302272642445152e-01,6.025741062449396779e-01
6.677512757875293525e-01,5.872592246962894391e-01
2.527581514338463411e-03,1.749849917791398701e-01
1.851254048758359527e-01,8.712911825709036828e-02
7.346339585374914716e-01,1.068393389230856971e-01
6.686852260212123866e-01,1.993238739432288409e-01
1.204281149953145419e-01,1.553808647242709284e-01
5.077483226026493490e-01,6.294699986815971426e-01
7.920370186417197145e-01,1.526305660513146700e-01
6.489409395657113055e-01,7.380093718050113605e-01
3.240477613985257577e-01,9.689424879725135054e-02
1.317122604275340059e-01,8.212354467161864235e-02
8.756710058549004305e-01,4.147206035685409020e-01
5.563976094634386360e-01,7.502646155449267384e-01
3.423134598998430200e-01,6.645621938629314718e-01
8.755880362105132597e-02,5.057855175924530489e-01
7.533747473337637501e-02,2.627549610898738952e-01
2.787056431693683001e-01,7.300470738270805615e-01
6.733617996157957863e-01,7.850924489904432813e-01
7.070292114733631172e-02,9.876343259049972234e-01
5.717869685698874493e-02,8.237374223013257390e-01
7.171802067338287623e-01,6.302596335782993942e-01
4.708315595970657408e-01,7.536062839893746812e-01
7.538554179078091888e-01,1.782069223226436794e-01
8.173703993485649244e-01,7.240916928002096020e-02
4.987869977345655848e-01,6.107311376223825139e-01
8.371842942394587261e-01,4.879671227745058237e-01
2.618522008889460628e-01,5.046804208205140085e-01
2.572550427003319484e-01,5.087691364428923446e-01
4.689023739549748604e-01,7.678712439070520812e-01
2.505937019922730991e-01,1.847078603332144298e-01
4.845616601461583128e-01,7.696683345588689606e-02
2.368836615835634984e-01,3.602740889942047664e-01
5.058902504974949199e-01,3.048434043018424244e-01
5.584908126235317294e-01,8.888351066194956074e-01
5.739521129379741016e-01,3.002252988644190101e-01
2.193342637893930941e-02,1.223539338269953730e-01
5.762382105561993928e-01,6.757053849917494803e-01
7.847503708123362842e-02,2.227083099862923188e-01
3.072763673548933872e-01,2.991230554721677759e-01
9.511833671910400190e-01,1.953922529050603207e-01
9.324211523667640111e-02,3.323081409467017466e-01
1.492905751351764898e-01,1.543387239427329027e-01
4.238350697161184510e-01,3.151202446709209237e-01
8.848255240109460795e-02,6.412829620646816053e-01
4.967946528529227912e-01,9.606535530075580032e-02
8.595697699929434332e-01,2.478789965509535509e-01
9.559879307307156404e-01,9.284129559634810569e-01
4.312287232272283832e-01,2.153607387980190913e-01
8.473681195678287592e-01,3.760276312693077716e-01
1.574343164809983431e-01,5.453234054529584318e-01
4.683886774488479898e-01,8.551051255046946409e-01
7.568397677432884274e-01,9.037118294817507724e-01
7.227199299527409249e-01,6.819987959883390127e-01
4.929337242592014001e-01,9.672344955270536504e-01
9.319278977878125980e-01,8.273276260720625608e-01
7.819942101146413194e-01,5.724102676231590525e-01
2.471132030675815827e-01,8.584911258815766111e-01
-1.090621425612372727e-02,2.096425907014060064e-01
4.240403185215326221e-01,6.222238855435361371e-01
5.981825257567436882e-01,1.895575649491720582e-01
9.495267914971876333e-02,2.089726578463037554e-01
3.638315854401856786e-01,9.126523874931949040e-03
7.006941514685488537e-01,2.863361954515144525e-01
3.557410081194740115e-01,3.804587196048285769e-01
4.892923045454286579e-01,8.687481702353263557e-01
1.556646839167420693e-01,3.210454878048499272e-01
7.080619186431273970e-01,7.484761317079405285e-02
8.740320315068454970e-01,9.700509376418318119e-01
5.696350661417071137e-01,9.660481661506126194e-01
4.279010210616227550e-01,4.103280107029437240e-01
1.105512949221063579e-01,2.577840850879185158e-02
2.418304059767272252e-01,4.984783968074001925e-01
5.354628656669218056e-01,1.921612033027482735e-01
6.025792269728011963e-01,1.494367850015165256e-01
3.629776254454642470e-01,2.131251055791098248e-01
6.566435319917538482e-01,5.152818129731225882e-01
7.304319176296120153e-01,4.212939070769950584e-02
4.460876265758693671e-01,9.872263158308952624e-01
5.900854689999755764e-02,4.055456408655663814e-01
2.773325827028807339e-02,1.475318559848379785e-01
4.533837244250590870e-01,1.573969686017110126e-01
5.299170468875156192e-01,8.920611135053975183e-01
1.852438725137186271e-01,1.065126504958231884e-01
8.565834599274255723e-01,4.771765184139002414e-01
8.825394183324603015e-01,3.141694688076857589e-01
6.255019278327851318e-01,9.448580297786508542e-01
1.803708624757978662e-01,8.263045641930687468e-01
6.044099761970317397e-01,7.968229338252308391e-01
1.761847716858170598e-01,4.439566941103892384e-01
1.768439974770534828e-01,9.239271752716730068e-01
6.203021791285815573e-02,6.392495821109357712e-02
9.029129644301103763e-01,3.354273605634451871e-01
6.145455451339194575e-01,2.553952424766595120e-01
6.794335645730690265e-01,2.225866297582438924e-01
4.641309493954466348e-01,5.011368698228311214e-01
3.306105107740572868e-01,2.610751710271531634e-01
1.601376879392995556e-01,6.707353804829420119e-01
1.529006250410699097e-01,3.140867194169721377e-01
3.669440660300684609e-01,4.629773456329328574e-01
7.255389438224724152e-01,4.370507600738318121e-01
8.903553165977624584e-01,6.826880921228336563e-01
8.480856869945443410e-01,6.919183894632782161e-01
1.630745451565510651e-01,9.528802449063855651e-01
8.010065870879773398e-01,5.639421078943797072e-01
1.726307068174042225e-01,1.536247141668347360e-01
6.042590111120026419e-01,4.235565513896201173e-01
6.909461331801660666e-01,3.943035484428820125e-01
4.898436981797968937e-01,1.579353815702005115e-01
1.356950176556971921e-01,5.433259924458602730e-02
8.509758834721302678e-01,5.821904135192667029e-01
9.272087052429764942e-01,7.836924630809982695e-01
7.943731331198109480e-01,4.764663770367277840e-01
7.948492899247090460e-01,9.088782482679490515e-01
7.200086194273633833e-01,1.059371833681393010e-01
6.513306561955088947e-01,7.989866437421366818e-02
4.867764373595540039e-02,6.981035026324410309e-01
8.472298816470411609e-01,1.184452648047670809e-01
4.852596760938945875e-02,9.069711569904357340e-01
1.077222726461061486e-01,3.479211042765911754e-02
6.946635011450460473e-01,8.643451931725426585e-01
4.741336902551572252e-01,5.338360639780298511e-01
3.556666412909457176e-01,2.506637709657431046e-01
7.459498227634187018e-01,8.353107652658653404e-01
3.165868276702185624e-01,2.480321632197804438e-01
2.657915712817285891e-01,4.893789872815768049e-02
2.727160397116135671e-01,4.565786925836323729e-02
7.669979499914693077e-01,2.218390806858233089e-01
6.796488018881936544e-01,5.456683383795899456e-01
8.353290648422693199e-01,9.573554872381285774e-01
3.447643238688539169e-01,6.869002023873518881e-02
7.398788407679139922e-01,9.958379679122282557e-03
2.449250457959928073e-01,5.852898554280443894e-02
8.874971017681286822e-01,2.719734285429710810e-02
5.016677367865285397e-01,3.968482550950765408e-01
5.879112081905719656e-01,2.632193968506249537e-01
8.855940928373607912e-01,7.521754426730355991e-01
3.990898136983388467e-01,3.711991338279523323e-01
8.283030443807907206e-01,7.849611338461602861e-01
4.180079409442237215e-01,3.684095119701754073e-01
4.865530789477030132e-02,9.080568323615378912e-02
4.717276380901512522e-02,4.082061361570687996e-02
1.262242477297672305e-01,8.543682691052763012e-01
8.089569815223586202e-01,8.737381450534482674e-01
6.142415978757200801e-01,6.433947222874096816e-01
1.199881745990668269e-01,7.187065323691980145e-01
2.639993687557378732e-01,5.337727612130632737e-01
9.528158483813973234e-01,8.469133705972061721e-01
2.301275550202883935e-01,7.630848401206949960e-01
8.370665156622644765e-02,-2.943863013511453797e-03
3.614912524716881737e-02,1.366905221724446229e-01
7.262155013117457258e-01,3.940691007559747883e-01
3.670804552102085311e-02,9.877979916023732487e-01
5.666716365878218253e-01,4.207891645643939693e-01
5.081955181200553673e-01,5.487476303987330883e-01
4.520031070625095126e-01,6.090082458090165796e-01
8.497573405865529450e-01,3.046321673666963492e-01
4.810784529139262578e-01,-5.400002641581556212e-03
8.565011982056937034e-01,2.943129839350093202e-01
2.721303811737999512e-01,1.023208551042357195e+00
5.631558823664319924e-01,1.402937943977377588e-01
2.698298141686530371e-01,3.607091169318845658e-01
9.854458706175605043e-01,4.162736757744845972e-01
2.390312622411191468e-01,5.801077533612875037e-01
3.887502711927511845e-01,2.819009716762031423e-02
8.626257716578402679e-01,3.078194416241103112e-02
9.185854367483271554e-01,8.159251680683425878e-01
8.325102682483068173e-02,7.183468242164828821e-01
7.708985923099813675e-01,5.774435379287720105e-01
5.640178911473763268e-01,4.862211353087902282e-02
5.416359354414269217e-02,7.291288357033949286e-01
7.806843408562980091e-02,2.188147146719989500e-01
5.143484676767082764e-01,1.474967801425079439e-01
7.763159201226165207e-01,8.092787383117565625e-01
8.235194670310077569e-01,7.169471932632015543e-02
4.027365587031447869e-01,8.469481524960402741e-01
3.482476897067998123e-01,6.989441282324498905e-01
5.792966169155291389e-01,3.467355794041567796e-01
3.008304474065407463e-01,6.389941631444459036e-01
1.197087293511580330e-01,8.538045012666390932e-01
6.059238286963769538e-01,1.097086514699910365e-01
7.282116973812834404e-01,4.275743214307856643e-01
2.278741558289175406e-01,9.692171240314334524e-01
7.307391138785775953e-01,5.642782603582128242e-01
8.171842312510094741e-01,5.652738201227166526e-01
4.626260406132099434e-01,2.378759646193868982e-01
1.236713648886546002e-01,4.416853047486506978e-01
4.354981595938153260e-01,7.185004826940931677e-01
4.320400866882473934e-01,6.008063013838464972e-01
8.192380026144401306e-01,9.940078193519499283e-01
3.391659999012072157e-01,9.245139300625162537e-01
8.199026582425316123e-01,7.704405195047077382e-02
3.313262572671519246e-01,2.076643219754818470e-01
6.751645030429780370e-01,5.342809550905387450e-01
4.972336270384496992e-01,7.420502178320016462e-01
3.324831320781470034e-01,3.616780904234298544e-01
8.576226774614505999e-01,9.586894489802837427e-01
7.604261801803630094e-01,2.153238344156714890e-01
6.417560211292598626e-02,1.731555718338455008e-01
4.388356178027287280e-01,2.396466035978174203e-01
8.865738158692137993e-01,6.902009690289052646e-01
4.039456953839076769e-01,2.622178665517180818e-01
3.649932996389777529e-01,5.141829707812233252e-01
7.185243868671719047e-01,9.325577571252255393e-02
8.581609595013673930e-01,9.050584130788794091e-02
2.505699126073307470e-01,1.002689633003435166e+00
1.901264643634920093e-01,1.452505617927704051e-01
6.277014704175395421e-01,4.119927407894347082e-01
1.079555200767242928e-01,6.598846372324115341e-03
8.564964522029697158e-02,5.169315707863710863e-01
1.914295772154900876e-01,7.845358063544815019e-01
8.660772006666969114e-01,1.565459297989525989e-01
3.382817973298082315e-01,1.659821470367101592e-01
2.693729036126829013e-01,2.685721709167078197e-01
7.671065994191841320e-01,3.433228941076866825e-01
5.091822738180116215e-01,6.635960435773451405e-01
8.372367512436819093e-01,2.943533815110651042e-01
2.115833282384933234e-01,9.748308026563360373e-01
3.086112261415889235e-01,7.160896020425436825e-01
6.610460886393021429e-01,4.683072028886439697e-01
2.123747203037882891e-01,1.440833387257196008e-01
4.794790828968246710e-01,5.313010498819442651e-01
7.930104327782989682e-01,7.034656216154466790e-01
8.783967205795790711e-01,9.451975812025439350e-01
7.272072785860395072e-01,4.522105720174133398e-02
3.977625455414512401e-01,6.372284255760767291e-01
5.970517342796728411e-01,1.823571444432297017e-01
5.621292770668198102e-01,3.533152610671985161e-01
3.337563621801901137e-01,8.387797398742310451e-01
4.364751152232527742e-01,5.453584272322069548e-01
5.654506732635852240e-01,5.732352384310536175e-01
2.028819005987092805e-01,6.221047483063064654e-01
3.168811335673080154e-01,6.508709276126721788e-01
1.704299532457323463e-01,9.844823461608541715e-01
7.452275781038660840e-01,4.090364285102145447e-01
3.291865364385341830e-01,3.423873096043057451e-01
7.232561363545724209e-01,6.427277290365638329e-01
6.987398299677427538e-01,8.820283151171047775e-01
4.755048913447971204e-01,6.705973095236652526e-01
4.617186503129092623e-01,6.637807075467828666e-01
4.754215770747746150e-01,7.694736704919027392e-01
1.280380125716537240e-02,2.271146948474667970e-01
2.733718099554214853e-01,9.501157824200003876e-01
5.019750204584776387e-01,3.559449107173352500e-01
3.904932160605852354e-01,4.393078803205396898e-01
8.929432071381865343e-01,9.550560150887295041e-01
8.670398099116168877e-01,8.442772950496852946e-01
1.763608185041643794e-01,2.724934330889670075e-01
5.722907893659023859e-01,6.682803260971840187e-01
1.985499064072350217e-01,7.633855095684486392e-01
2.286344699195777264e-01,2.283037439340275532e-01
2.975726265645952662e-01,8.218022164635240268e-01
7.752491212170080637e-01,5.218791878423872932e-01
7.934470530626344109e-01,8.577350199455917590e-01
3.753116391491316262e-01,7.490000741902428372e-01
1.830747872430975309e-01,5.060926736736873766e-01
1.191566789632887702e-01,4.100744336359463116e-01
5.106648146401545629e-01,8.097997842842082072e-02
4.890910161051135741e-01,6.583361217695629097e-01
6.028249176795370534e-01,4.978538608510930247e-02
1.107338845289454893e-01,3.849575836928317285e-01
8.205935506993492501e-01,8.920382440027221360e-01
3.033573029595794113e-01,6.864075486206379084e-01
5.409458980624288760e-01,1.010105751285396591e+00
1.237110591238106960e-01,5.364990918942450504e-01
5.882947558916318265e-01,2.720213918618611948e-01
6.219406640580638079e-02,5.153692601775348991e-02
4.225725092292658691e-01,6.965686045989482045e-01
6.723870706818798615e-01,1.921197833232718699e-01
8.363160155447669775e-01,3.839038093377019623e-01
9.513072524966756927e-01,7.084565056994179821e-02
8.563779247541812856e-01,9.293568410276500380e-01
8.122398588088030058e-01,8.143296421077296232e-01
3.700735744345471923e-01,7.227528957636377704e-01
6.138585360019928050e-01,4.328150942336230211e-01
9.859585535038997151e-01,2.990130414179145157e-01
4.045450620403093223e-01,8.815499573597733729e-01
3.134030859014676484e-01,1.633643518840399989e-01
2.727673590003953930e-01,7.456383677300909563e-01
8.750068294140408431e-01,8.316849591086822313e-02
6.066540172247681939e-01,6.205170979574035073e-01
6.621761077892635017e-01,6.927102468884431818e-01
9.894768102316503500e-01,3.283592598379374006e-01
3.050942274917177732e-01,6.224016942572516697e-01
4.386089539681533589e-01,5.210646461244038408e-01
5.653916116828103244e-02,1.841841185040436757e-01
9.357084163589987069e-01,6.174185032996194755e-02
6.029464065116767468e-01,7.523458597627949995e-01
1.017215307343618050e-02,2.324520003159386006e-01
3.409173499832576226e-01,4.908443233602191036e-01
3.560481559655267469e-01,6.688298665805677556e-01
2.335420714187124991e-01,3.100034743273261464e-02
9.617893274287480504e-03,3.646679803333301439e-01
3.331382391170569779e-01,9.384146375856072808e-01
4.329213086966134799e-02,5.339808540492134714e-01
5.356205392368660334e-01,6.741271405116275872e-01
6.384013906188484855e-01,2.840230809194628850e-02
6.234768744844180199e-01,3.090501378185617209e-01
7.834423302851906135e-01,1.818039666970349966e-01
7.338236213482489667e-01,6.210688186165638225e-01
6.299865681397025519e-01,2.043596125820132392e-01
6.939192199882010526e-01,7.178688190898558918e-01
4.973243332106388470e-01,3.338322954364154049e-01
1.789361318231851850e-01,2.724467560755476914e-01
7.812652065015573966e-01,4.332997542616003894e-01
6.837663872184104319e-01,7.414453279328462321e-01
6.984895242186339726e-01,6.535111717198133219e-01
5.974316720996895036e-01,5.316567388409637607e-01
1.946029042690814725e-01,8.112978915184121398e-01
9.578597803390854759e-01,5.014128749730237811e-01
9.744965226800123004e-01,9.852528094883913345e-01
4.679298779741611347e-01,7.151951346126247389e-01
6.798283466751976478e-01,2.541066900501001147e-01
7.637114640615255690e-02,4.733289463124205620e-01
7.608177137117713151e-01,3.061577060972585640e-01
7.705152583034583502e-01,6.443621881442552768e-01
6.819752119585952288e-01,2.745015909806018950e-01
4.828571894435864653e-01,1.844197269969582165e-01
2.709760896431347987e-01,9.488680939555386995e-02
1.132478771739911655e-01,2.142827183255325840e-01
5.500080021131137364e-01,3.949743754048760103e-01
2.798037558316181506e-01,8.814786480735724572e-01
5.265902797631829557e-01,9.152833614382633876e-01
6.081275581568721389e-01,3.912609713080968110e-02
9.233262936421945399e-01,8.632868066537655594e-01
6.351747471029940417e-01,5.253821413551867936e-01
4.306604154923565075e-01,4.872289288338007562e-01
7.584501425944824016e-01,5.046623815127661006e-01
2.103816140051764372e-01,5.721601930469447789e-02
7.712716659133361796e-02,2.407319399691460471e-01
3.477050864780963368e-01,8.896316181642985876e-01
2.105985842408886755e-01,3.282711905483929882e-01
2.170932089841171586e-01,5.362275674984237073e-01
6.200790691219655315e-01,5.305943949414279048e-01
9.491624505169901083e-01,9.908942838351297855e-01
8.369897054734918296e-01,8.121596663228759505e-01
3.704121826893824743e-01,6.023210977329361837e-01
3.405386274784104050e-01,7.891183640550667455e-01
2.207531806177675249e-01,2.158526417544950060e-01
3.865047701588152085e-02,5.836719497037637927e-01
6.742740491261549618e-01,1.234963998000001163e-03
5.214548366971589743e-01,3.898578025431081451e-01
7.989062612939491492e-01,5.497270627633364659e-02
2.857882968836722090e-02,6.299874314342340798e-01
5.919059152338457253e-01,8.335879335956727365e-01
5.850205131168936257e-01,9.303102218003089785e-01
2.900815828717697165e-01,4.043348424129125651e-01
9.876316999722982715e-01,1.049328378497047659e-01
7.956085827091610163e-01,-2.835499900792794528e-03
4.965744844381175249e-01,1.546148491153034321e-01
5.915494270772126972e-01,8.154916376501155639e-01
4.594269123336894300e-02,1.330553476456982354e-01
3.435933907181431546e-01,2.366342389180325911e-01
3.860103219068993785e-01,8.888313770058700047e-01
1.051490089326734684e-01,4.375217850825949273e-01
4.548755430808576472e-01,2.570476817187995477e-01
3.176339641046689310e-01,7.378713724022569753e-01
6.072226149389060579e-01,8.076115434237657320e-01
3.654526058311209358e-01,6.161790402534599309e-01
8.662033667763286982e-01,8.646557804366260536e-01
9.405422309734728925e-01,2.675697483893411111e-01
9.641321091948437116e-01,8.413702501592521532e-01
7.948511951759744676e-01,6.694431085571482809e-01
9.646372973010076679e-01,4.454243068135173567e-01
7.374810533120026435e-01,6.722415319029784175e-01
7.588887521461170627e-01,7.866473162755891479e-01
2.111199376786160320e-01,3.664281334228734477e-01
4.275560790377154752e-01,7.270498589995142424e-01
6.950579074720176775e-01,8.250783222226137914e-01
7.944762452375216943e-01,5.901814026173566319e-01
1.195486402955476535e-01,6.355683859965818305e-01
8.851716887032575753e-01,6.600008413070953539e-01
8.965172327344624881e-01,9.609617952382301098e-01
3.669115948004810779e-01,7.549254023550935333e-01
5.405371784828272297e-01,4.747109731977759983e-01
2.297646055245324836e-01,2.572295772035385619e-01
1.700805023749076272e-01,6.265535260252070859e-01
1.372805443332007769e-01,4.409202717435403152e-01
5.068501030383492090e-01,4.089367814978496773e-01
8.643317570864818000e-01,4.518198679447167354e-01
8.508182357033426679e-02,1.010857308335550098e+00
8.409308216730457808e-01,6.656704741631155331e-01
7.493252459323803683e-01,1.230184670489803261e-01
7.727191225249505635e-01,2.530811322903786520e-01
5.038220816788906431e-01,1.889549743177787178e-01
7.692537524735545418e-01,1.989783231685793574e-01
2.595919752667799063e-01,1.274318231772826049e-01
7.222949892033067032e-01,2.949811101817889636e-01
4.994812353835813012e-01,3.235753495167240645e-01
7.580313497515848153e-01,2.464737934002836917e-01
9.708678558173244877e-01,3.600412962990974242e-01
8.685173371929652553e-02,2.269369836062140322e-01
5.894702578601510035e-02,4.483676083600596218e-01
2.302028568820367049e-01,8.757361469192578296e-01
5.346181707442867470e-01,2.190117437593659677e-01
4.723319343002133630e-01,2.233436291529722617e-01
1.844313057427960090e-01,3.252390871718178200e-01
8.107625886236297097e-02,1.774838054859045888e-01
9.418352039599386938e-01,6.712673151070797095e-01
9.496873139543916542e-01,2.368700344716787864e-01
8.462742243291918598e-01,3.605731454393696356e-01
1.338225972202775893e-01,7.838545742734961408e-01
5.011912296192417432e-02,3.999423096792064647e-01
8.482655578172261235e-01,5.967802872717187235e-01
5.343693864468571642e-01,3.790766282665223308e-01
6.480393740602946595e-02,9.961698480701340896e-01
1.862924530613020990e-01,2.635285674994913285e-01
2.375586269204566781e-01,8.943648883679493622e-01
7.769375245562115673e-01,4.498406416325200219e-01
9.559960526270320225e-01,5.629974692945591275e-02
9.107901657304751097e-01,9.898615980411676341e-02
3.763749935251788914e-01,5.505637279496447545e-02
9.692806521046264390e-01,9.440183409784127511e-01
5.856759441635916996e-01,2.118510234027192740e-01
2.778222463923633589e-01,4.515986362970172419e-01
3.081433932391713371e-01,4.507330984404182145e-02
6.691508026952390775e-01,6.291113109892476629e-01
8.907105107128110433e-01,4.621717655251615375e-01
3.424379474863044059e-01,5.275163407136485016e-01
2.047289069452961907e-01,6.099866590061411298e-01
7.833881041241895771e-01,1.340192948991593969e-01
3.051508359386876923e-01,8.709554465190726402e-01
4.821022842683169718e-01,5.125660761212100791e-01
7.534506279980014432e-01,6.052181347284404378e-01
1.153740856994850128e-01,8.129731699455837735e-01
9.357313243736471442e-01,5.017808028557113609e-02
1.142409064904525290e-01,7.194135124963781935e-01
6.317134753106904421e-01,3.982500689005167294e-01
5.224523724890430820e-01,7.111710484438146240e-01
4.890734501294848879e-01,1.336983275254977344e-01
1.221605620799463970e-01,4.148671169810991821e-01
9.662586897575465850e-01,5.687698617210694696e-01
3.488978136999754676e-01,9.100704919499161827e-01
3.749328678092995193e-01,4.982082006052037104e-01
1.179652464992508309e-01,7.308225262057701510e-01
6.816436044984051090e-01,7.898157830989240846e-01
2.988990178683813004e-01,4.106169258348896789e-01
1.427006356891954153e-01,9.979313681148888060e-01
9.418982748312100528e-02,6.609304447231747481e-01
7.054826139147638564e-01,1.678621163307064679e-01
3.888401246561160596e-01,5.128295510144940950e-02
5.894148581171581025e-01,9.941944347254347836e-01
4.418632079949981750e-01,1.004088483029906165e+00
1.075845208384465512e-01,3.933091625699866589e-01
8.651365439337566077e-01,8.740979890712179401e-01
3.180092264893729648e-01,6.718316145864080546e-01
8.780098934830027346e-01,7.771169512201053786e-01
6.107595775595198173e-01,1.897754202838188853e-01
8.435231584745758737e-02,5.985628683593982036e-01
5.132199880000910541e-01,2.579337191193464829e-01
3.001521448069116027e-01,3.719710503945323210e-01
5.402665921597469278e-01,4.030484573987669350e-01
3.623400808030670661e-01,1.199151130938073684e-01
8.611840682254666701e-01,6.092826267536639584e-01
1.222278548644373380e-01,4.249609328723308321e-01
4.000908567942143002e-01,5.936300895450732362e-01
6.166184975952959668e-01,6.356894842464382300e-01
6.920946217371924947e-01,1.197586792417508206e-01
2.871502579168779268e-01,4.379400977073457171e-03
4.295497224109004475e-01,4.129728093350340523e-01
7.369094147690818941e-01,1.799062239779796735e-01
6.153711140650551803e-01,3.188904435417146410e-01
3.840207806534067236e-01,6.916348088698245355e-01
7.503925592428929703e-02,3.666700334784124271e-01
3.534805272037000456e-01,7.558534215166968773e-01
1.870140501544115263e-01,9.144308813319261819e-01
1.000530424153688758e+00,8.355318815155730050e-01
2.941038328839113425e-01,6.700986394447955297e-01
1.255427674704243102e-01,8.753923936928715843e-01
5.756426229544308049e-01,2.017317778989949073e-01
3.284472659433183561e-01,8.065734895696972107e-01
8.638380734397256289e-01,5.247049460519166431e-01
4.915426569012096292e-01,7.426517476567405796e-01
7.985901960529353527e-01,7.912723860205784776e-01
4.038976961076288230e-01,6.135839832495457724e-01
8.607797298094286287e-01,1.723020873459354951e-01
4.066112570926532221e-01,4.273948018273893146e-02
4.285196206940226626e-01,7.725840291563709217e-01
2.048019864035895699e-01,5.234973134278100293e-01
-4.855445234313275626e-02,8.821034204482289809e-01
8.307362369276474201e-01,5.203005459526994780e-01
7.187908137519540830e-01,1.260391578311647609e-01
8.385990832184090360e-01,7.066825528279517821e-01
7.623026688022266351e-02,9.497358117406816680e-01
-4.268147256001397077e-03,6.396436465582567843e-01
1.653443875997701595e-01,7.085729589288984887e-01
5.743133970092920842e-02,6.552126296713127462e-02
4.847609598518948237e-01,9.958763973433791827e-01
2.963427803536174410e-01,5.686604370037033895e-01
5.292537440986218034e-01,8.324437518687288762e-01
2.829601498822282846e-01,5.820009047596780283e-01
9.428265182573656311e-01,3.424237380168913547e-01
4.190466726337802594e-01,8.895355176281055654e-01
3.006739223815992346e-01,3.795275441865525456e-01
3.118269796541338068e-01,8.316588645627749354e-01
9.140290932694470349e-01,6.205195994897223510e-01
6.107476997193879154e-01,3.849234153722620455e-01
-6.794375288705509219e-03,1.307932312280871145e-01
1.265841093560257924e-01,1.149027625002953662e-01
6.510853011454272865e-01,1.473913408291497307e-01
1.024778324798567286e-01,3.735904666137333519e-01
2.173078767576845372e-01,1.539249318465273908e-01
1.459316937254952207e-01,2.510368495639563324e-01
5.612582642516069642e-01,7.671065594313145608e-01
8.552346298695951976e-01,7.546955335463624293e-01
6.452073827528335137e-01,8.938335188732563497e-01
5.021324148809624965e-01,6.286741408853673274e-01
3.880618338633076703e-01,3.264758216374346600e-01
3.336508043848327443e-01,1.469412463092472365e-01
7.893692969922915248e-01,8.842829271205129849e-02
6.934984665713731511e-01,8.625173960817138497e-01
4.992889057836612521e-01,9.772767014974198529e-02
4.167263746666718394e-01,3.239146389716236474e-01
9.900772642455424322e-01,6.995433155882939680e-01
7.311299161899852406e-01,5.323824658645928132e-01
6.947627074512487955e-01,6.944019830687441219e-01
5.466753358536571850e-02,2.342433497307069568e-01
-5.470378180500164861e-03,4.711307049988465168e-01
8.786852437932951565e-01,5.982128550468057693e-01
4.656657399908429307e-01,9.274548742937717138e-01
1.644930567982284819e-01,1.081239625871536492e-01
9.190826098916958786e-01,9.145034472167539175e-01
6.826278904123155300e-01,2.340285611006035216e-01
9.600117537468397799e-01,7.869655262380225169e-01
6.888503625870233682e-01,1.931387450838823183e-01
4.881170478410827296e-01,7.987147234460822975e-01
8.814622196177461788e-01,5.268026365889091345e-01
5.385236019028314391e-01,7.056509756997252358e-01
5.311851060471630692e-01,4.082211554614258997e-01
1.091913503255006190e-01,1.283190383147611857e-01
7.313912919833924775e-01,4.376131917634695778e-04
1.940987034574894604e-02,9.286502620770171745e-01
7.324822146073264317e-01,2.593825218306411787e-02
3.091807098338922866e-01,7.347908861496762478e-01
3.965205737267101238e-01,4.490203588232303256e-01
4.578852007672114532e-01,2.298832578916326919e-01
7.490617974297173465e-01,9.323960716311896491e-02
4.625199365889520742e-01,1.466160157078345849e-01
7.030482758856267111e-02,1.478764587017303012e-01
8.622220120660952780e-01,1.676403526134703226e-01
2.633521895500169352e-01,1.140193212224094588e-01
7.769863699370334054e-01,4.798188321184570504e-01
9.271977131255786375e-01,6.292471487291653176e-01
5.347695873858694382e-01,6.536815691090808178e-01
5.298822943033135863e-02,9.677523980487218180e-01
9.330290977872723879e-01,3.017442282775321671e-01
6.212322413754843842e-01,2.140734413422743232e-01
5.422424838802104574e-01,7.892390425452867619e-01
8.925758303567712382e-01,3.539835921323075119e-01
6.768668730189703053e-01,7.178964003344749933e-01
2.460428603403359282e-01,6.129691319763972412e-01
6.362210364164854193e-01,7.566365361665766676e-01
9.912458490759166185e-01,1.922911702365871084e-02
2.044304800161507174e-01,1.482418422149401893e-01
1.636938218683936241e-01,4.378572484650884444e-01
8.596565091847262474e-01,4.463513342745581980e-01
6.635794878099549043e-01,3.719823630358443656e-01
3.055187228562633028e-01,8.408359835178689234e-01
6.366979160449829367e-01,3.484517910901764326e-01
9.080328926784335675e-01,4.978424014603412551e-01
2.119801436739913170e-01,4.569318623892426046e-01
6.268729226292186762e-01,3.552287602544850764e-01
8.207586153978355670e-01,4.728943303555306343e-01
5.026917933024029894e-01,8.699056279703776262e-01
4.762609476810966691e-01,4.087007853602693253e-01
1.121327433887259195e-01,3.540390709259511048e-01
4.133347194515870071e-01,1.844036298378362304e-01
5.870926941688100476e-01,1.446206324540654231e-01
2.529987791551405740e-01,5.644386046300290394e-01
2.483913806504504940e-01,6.463921285568499098e-01
7.002939460706317787e-01,2.983962135135906357e-01
8.634562221085320677e-02,4.681275114714364971e-01
9.483993302052776131e-02,4.909460545910121487e-01
7.212023312337000336e-01,6.069433359692295582e-01
4.679257654793954058e-01,9.768574119145818635e-01
7.886074657519545617e-02,8.799090985384647734e-01
7.939216852853593354e-01,4.290273486013148618e-01
1.547920050880459142e-01,1.481192769006103027e-01
9.236807711881563909e-01,2.294116391195060167e-01
9.058984000242706891e-01,4.874223126775473758e-01
4.668843708585092567e-01,6.297039370242464296e-01
2.238086272785667630e-01,4.224128834923736031e-01
9.658499174927381858e-01,1.964792558036547176e-01
8.997048334552711912e-01,1.007481095446361774e+00
3.430503592264572826e-02,5.126089236758899492e-01
1.624753880084883195e-01,6.060013894375193555e-01
1.002284423426421212e+00,9.149689911041130053e-01
9.266147682152413578e-01,2.344423407326395870e-01
5.145909088853255486e-01,2.363487705471890854e-01
9.263837772945668902e-01,2.106911091457609742e-01
1.826847940128645820e-01,3.617184219097506481e-04
2.002916565749988664e-01,1.812273240984997869e-01
8.939324560309462597e-02,8.939586398528004407e-01
7.641164562843053565e-01,2.173662257349668891e-01
8.202090102820370765e-01,4.319270911742451591e-01
7.733787181769460339e-01,3.197675069321647690e-01
5.227303889491704547e-01,3.857851660000428673e-01
1.770645117891497256e-01,5.866823809831465120e-01
7.514366577905502442e-01,6.855519482875707116e-01
3.660887194643399067e-01,5.224911583371332213e-01
7.702439987007931865e-01,5.082919997171975873e-02
7.286680073383144940e-02,3.796789082902716772e-01
2.289568627067357087e-01,3.841577435826413756e-01
9.940833437468406253e-02,6.290026072332666196e-01
6.572202064179246683e-01,7.843414157919524898e-01
6.843820666903839278e-01,3.932893430727699702e-01
9.535609819868448023e-01,7.290421134632411038e-01
5.231250090989818524e-01,2.265753728008346179e-01
6.593434378840965504e-01,5.610403283356591997e-01
6.867998623066065011e-01,7.612235318208260271e-01
9.404726710032849102e-01,9.841283921884281805e-01
6.676649461254153817e-01,9.731063062633037442e-01
9.021910460334791049e-01,9.049523931730011142e-03
6.188229755123928477e-01,2.253793858429093688e-01
3.190797950747648049e-01,3.035907267574290413e-01
5.030706235474388111e-01,1.031695496139165349e-03
2.136372462006074224e-01,-1.514411085363195908e-02
6.522197009472305851e-01,8.851244902178366791e-01
1.008174445453795309e+00,4.488183457909964980e-01
2.696188155189931934e-01,8.693252647406011224e-01
8.395489546680418025e-02,9.916169752566070805e-01
7.067058496510520982e-01,5.142862424485952211e-01
1.170950738207905129e-01,3.877782053019077080e-02
5.471152538084901318e-01,4.174200239734976448e-01
8.605027390025125067e-01,6.122819564852035601e-01
4.128647653967549846e-01,2.204219255407554867e-01
4.537663272593239205e-01,1.575599435053849917e-01
6.604856835304804275e-01,6.074712041969835274e-01
8.089336995440633560e-01,4.709162428304249359e-01
2.901086269173912546e-01,8.349747337270022607e-01
6.843318343561940464e-01,7.057580018611403494e-01
5.274873505481727509e-01,9.263537407045767669e-01
1.986329632165120262e-01,3.831665244909541190e-01
7.747740529709237212e-01,1.383463356452197535e-01
8.127029599488587719e-01,3.411337848609605206e-01
1.434260523727858283e-01,8.654262282415406404e-02
8.617907250471722458e-01,8.026846326838539269e-01
2.454204476707039784e-01,1.300745227179034846e-01
2.214332165897799076e-01,2.179758881863683717e-01
7.315977315896502464e-01,2.149588093293566260e-01
1.920060950939803945e-01,5.287786322659072946e-02
5.710497887623012803e-01,7.039902204835591926e-01
6.248526611746595405e-01,5.682420351659307478e-01
1.002162774272278511e+00,5.199711231432100345e-01
8.277621309618491408e-01,6.319191456536722429e-01
7.370871456295664814e-02,8.551895326465078773e-01
5.830220090461273319e-01,6.750189410499173315e-01
1.862215783071683450e-01,4.135058440823549675e-01
8.433864323132511664e-01,2.031693580959212930e-01
4.646237097259543064e-02,2.626609773184616636e-01
5.086299283711266384e-01,7.929131920680589918e-01
6.367864622617627202e-01,9.346403474298409231e-01
4.337410924581535654e-01,3.895358751303807932e-01
2.138228942571529234e-01,2.345911722175155756e-01
7.440802279239383532e-01,9.402683141999847172e-02
2.601350855490207059e-01,8.813417634760183361e-01
5.969854525379981736e-01,3.479064606451101604e-02
7.167694503585048116e-01,4.672633021511936602e-01
8.395946037122313799e-01,7.287499366128955547e-01
1.666634671239838536e-02,2.179660249055133392e-01
2.414857819362911662e-01,6.803480800419829944e-01
5.040269743853122986e-01,7.461049273986092301e-01
5.511565425257333173e-01,3.477633991354577292e-01
1.058392041339623751e-01,2.039363547474681571e-01
4.159428955607977207e-01,5.250783908716111226e-01
9.002104049879464664e-01,2.545879386842440084e-01
6.675251927237862981e-01,1.263035835983483124e-01
6.718555049657350953e-01,2.921821308076772566e-02
6.454888466589099316e-01,1.712228703846732925e-01
1.750492458553519204e-01,5.582228538524312000e-01
3.635665314330600584e-01,4.697749500634226805e-01
3.204303472841087408e-01,9.479524791260807159e-01
2.839996288664486390e-01,5.541981825650331706e-01
8.678391535167927495e-01,6.414310079832608036e-01
3.221987701446992758e-01,5.419614271701505004e-01
8.326548575188752466e-02,5.743657404717511517e-01
4.385684344938035051e-01,8.012186052525724911e-01
8.522947337288195868e-01,1.962873514704944755e-01
8.114225613955354521e-02,3.934095782398007723e-01
5.406074367596319652e-01,3.569626012270327164e-01
6.238979671687218120e-01,4.911633575143612984e-01
9.572184756746298095e-01,3.708777508232627973e-01
8.563223331100164315e-02,2.715716253922278445e-01
6.145386224677625853e-01,2.480470005241895426e-01
2.326525604803328928e-01,3.584170951472708810e-01
6.958140360537932168e-01,9.395048445859469632e-01
3.642004440383846964e-01,2.230226740216702808e-01
3.884338162153744833e-01,3.415192158977360948e-01
1.011697974675996869e+00,4.868930725771766221e-01
7.048982232288875105e-01,9.650196939283983699e-01
6.188877197492724802e-01,2.568261131219315985e-01
6.004928053279268152e-01,3.623740609649990230e-01
4.205498111717549947e-01,9.394372915976212379e-01
2.681744431077450752e-01,4.395719841177855858e-01
1.686441883943639031e-01,1.629736729746017743e-01
5.677802634086946965e-01,7.683288814167018588e-01
6.243848431815914868e-01,3.206419556542975946e-01
4.006302729328399537e-02,4.932453858883477094e-01
5.096800331040175491e-01,7.583898386700815841e-01
6.020088512549273130e-01,9.214713116469293031e-01
8.225702270268581140e-01,3.947398241010030562e-01
6.181579896540218000e-01,7.372675852901410254e-01
9.648936771558950243e-01,4.044750899682966194e-01
6.284940080009281393e-01,4.218350065141179828e-01
7.367253716643028527e-01,8.895957915677870087e-01
9.382793624569945035e-01,1.456095510077397570e-01
1.645095065328148753e-01,7.322332008220679977e-01
6.206800173354256600e-01,9.095064747142651562e-01
3.172353117876308137e-01,8.725762153154379419e-01
6.790351993463820124e-01,1.861432487043796768e-01
1.513953018052925370e-01,7.222976096766606791e-01
1.541923601614737516e-01,8.001696313627710833e-01
5.475885952325910688e-01,4.536238252222855594e-01
3.194737586394520990e-01,9.730078268571117350e-01
7.280669651830469213e-01,7.477566981853640549e-01
7.834399599569326078e-01,5.598984220161377090e-01
9.732580135879708161e-01,6.197697045904012603e-01
5.313583662203483771e-01,2.760080733310135148e-01
2.779876174382430731e-01,7.359330258658576263e-01
3.429521241290661715e-01,7.305056465696663226e-01
9.723408551611171236e-01,4.209414742639938645e-01
1.278872909011765091e-01,6.580933061072583579e-01
-5.394547698782104633e-03,7.942557393409291899e-01
5.341841669739131326e-01,4.549988021404612337e-01
5.598199648392255812e-01,4.729675444503662618e-01
3.102631300585118046e-01,2.688560442271561990e-01
4.212466803250254355e-01,8.791533667909520178e-01
1.243495046832911594e-01,3.508423508904529586e-01
2.335842705351932891e-01,4.087188881736758539e-01
1.538835538750049914e-01,7.685517597577639082e-01
6.869161792792147225e-02,6.494386884806390148e-01
2.071536707542881717e-01,4.786613225494433799e-01
1.784521417610533123e-01,7.329022182175984890e-01
9.996950277026956933e-01,2.536080475179456895e-01
9.378130812898914925e-01,3.050981566364956987e-01
5.837067978341278218e-01,6.814939218032783907e-01
2.190910714059753905e-01,4.994812475244582162e-01
8.133584522007665518e-02,7.207340503936771059e-01
4.379767195276197955e-01,8.805025660947093380e-01
2.797956997706321780e-01,9.044726113133549905e-01
1.668384074980903686e-01,5.852639268890467150e-01
3.218279497378098708e-01,2.044159712904383142e-01
8.410432419099528323e-02,6.412226474155131584e-01
2.297740743854169154e-01,5.549657803065660699e-01
9.825466747258509992e-01,2.976224174307997572e-01
1.805315830340657388e-02,1.537606723495876515e-01
1.316731728018988024e-01,4.574132406520884930e-01
7.117220942982981358e-01,3.198615982505381150e-01
1.368747435221911724e-01,6.820130667038460937e-01
2.985322714134179267e-01,5.778858970601421507e-01
9.251515310596614139e-01,2.962151383082093359e-01
5.820229615873306894e-01,7.998325338084943947e-01
7.172446828575019806e-01,7.532908491309967536e-01
7.960452410851540650e-01,5.012782834937447030e-01
5.749598693593640508e-01,7.257100893722336910e-01
6.922931653509015737e-01,6.881238620035764475e-01
3.850128941979255592e-01,8.055851194159584505e-01
1.877372938583339590e-01,1.922531408241923145e-01
3.407052266261557105e-01,2.415726544975844436e-01
6.524781791365076300e-01,2.603072419251390990e-01
6.466876094178922729e-01,5.261101070076404929e-01
1.457574657545680774e-01,2.333000777781612245e-01
5.397524822990760196e-01,7.551653949136523103e-01
3.846652698858147312e-01,2.320775008484447510e-01
2.970183848335120058e-01,1.040196847862974588e-01
6.457531253704373864e-02,9.666519060921610063e-01
8.980904855981106105e-02,1.213810430153607900e-01
8.521197910155270394e-01,6.290620023061910260e-01
4.387477933207802328e-01,6.595689426341647676e-01
9.350338726857782001e-01,9.812318283203111391e-02
2.257364274608456567e-01,8.653484523089475244e-01
7.840365290594718539e-01,1.003754558332262459e+00
3.203823350373781187e-01,9.527627237372995328e-01
3.700644577982073469e-01,7.265371318999620520e-01
8.923551424603808346e-01,1.359318672605701606e-01
2.267085925664302504e-01,5.750015461238934256e-01
8.454089912457959377e-01,5.349150460533342449e-02
8.926782802608798084e-01,2.936362153111873319e-01
4.359888629830772633e-01,3.483643070191226876e-01
8.733740287730850094e-01,1.715222741377871452e-01
5.845497909069650166e-01,1.009417512389372690e-01
9.201454972065447047e-01,8.086216086796529368e-01
2.680840312180172158e-01,2.895933051301692873e-01
3.285771116414049065e-01,4.345980876590078146e-01
8.273069018060466018e-01,5.198822767757950158e-01
4.348032377850775121e-01,7.284159864403884077e-01
4.513705500757508315e-01,1.116943616807702794e-01
9.529455774292486248e-02,3.194496038553665263e-01
6.099646459358936124e-01,1.506085262128457058e-01
5.071775410556672581e-01,2.747290811851765824e-01
7.051723452160986172e-01,3.164552879097713711e-02
4.609263170876208848e-01,8.066035681844262173e-02
3.573958271911553686e-01,8.250892281452395366e-03
4.674372008026287384e-01,7.824526733638572651e-01
1.258725976409311442e-01,7.189122217961265715e-01
5.632712851057596337e-01,5.100885104911440093e-01
5.770116760103659592e-01,2.969971818615415593e-01
6.939320349648585573e-01,7.880091142632572598e-01
8.092960716527672904e-01,2.552844961307571547e-01
6.514216807974889667e-01,1.512066268306311578e-01
4.824476261615632255e-01,-1.191401715390943798e-02
2.002864580214642198e-01,6.077854836239382497e-01
8.590132303652550094e-01,4.497654099116833032e-02
5.650020154158560404e-01,6.064700885477073422e-01
9.297746440932894707e-01,6.293266799925485433e-01
8.934868652133949596e-02,1.625167757683505798e-01
6.342872185352811387e-01,2.490010783066382571e-01
9.268615244290492328e-01,9.400474572413326513e-01
9.645513543260673117e-01,2.926882022485626789e-01
6.906368548694115095e-01,6.609113825614215676e-01
2.494836767853070639e-02,2.541366974165443215e-01
2.098831494857468505e-01,3.418171829968527642e-01
9.355768362627320256e-01,8.253603482722187135e-01
2.883400999129283604e-01,5.146683047364928321e-01
1.782175462133976929e-01,2.801432605805015408e-01
5.608955156815356030e-02,6.427026266544753064e-01
6.346068121909462789e-01,8.219331750821485816e-01
9.123683823654402669e-01,1.461113041739255936e-01
7.009123779843837720e-01,1.415501970839639911e-01
3.595556316393638818e-01,5.204135095634869757e-01
4.767921423459913627e-02,1.677612363473815205e-01
2.691236438448195156e-01,1.230112843668224598e-01
9.570546807636626241e-01,2.439563446500979671e-01
4.746619101440902599e-01,9.800323394674942401e-01
5.327857987630812975e-01,4.019080384402873851e-01
9.182308092794211341e-01,2.419917588023821620e-01
1.777353008479397034e-01,5.311041431507608213e-01
4.197049672969321854e-01,7.759461602470710817e-01
5.982591919788275703e-02,6.419273638715666808e-01
6.864358228846033638e-01,1.004317877894099542e+00
1.323435486105685732e-01,2.311928863256193789e-01
9.418991050032504697e-01,6.418697282839892493e-01
3.662375023194552187e-02,7.041830738941481926e-02
8.088876182869303433e-01,5.550085129992752275e-01
5.640401003389460266e-01,9.137413927114961254e-01
2.143562540320177734e-01,1.512579912805422644e-01
6.343086528585911710e-01,8.929830984843836195e-01
2.831309964657308664e-01,6.548366785459250883e-01
1.588013322284923812e-01,1.662045620093713649e-01
9.469583972561049778e-01,1.341525510280757727e-01
2.389916442179380179e-02,7.806584180425167885e-01
3.635953036104641045e-01,4.106388523582426009e-01
7.827315334236484290e-01,2.072401383740277991e-01
6.238323957120261998e-01,3.176292053484534028e-01
8.778286463953213770e-02,6.883525981529666771e-01
3.384245094303474088e-01,8.323571958618879441e-01
9.156460839840812049e-01,8.202566220297434763e-01
3.167640976974415712e-01,2.077347607835677290e-01
8.960363567796169049e-01,4.444235858771400371e-01
7.226821743137451515e-01,8.517353636307541942e-01
2.778996170367225016e-01,1.369705276432493513e-01
6.524767362125523107e-01,5.717501945178223854e-01
2.988997839711757809e-01,5.839679389263284781e-01
7.707897209207053013e-01,3.559802301012748860e-01
2.408758162699655980e-01,6.968609774920972999e-01
7.638510267156420896e-01,9.870357244809191410e-01
1.531573200469463492e-01,9.188999868312236474e-01
7.567673483548015279e-01,6.858673277227163023e-01
2.793873375274835147e-01,4.155248941490781445e-02
5.157631397490339831e-01,2.776184720510219139e-01
2.739678277363698511e-01,9.496759690733457271e-01
1.494232694396795402e-01,9.309017752810425650e-01
4.917912961008925055e-01,8.301300862060240204e-01
2.945900281309216662e-01,6.055918594923463960e-01
5.582031407167969972e-01,9.432777905946440056e-01
1.776032523911279526e-01,2.256544149551636957e-01
9.757763823660846603e-01,1.160362676900505430e-01
6.239373536604452264e-01,5.985534605570075328e-02
8.390621183210976441e-02,5.877537481724267598e-01
5.413058405948674157e-01,5.617599317702782757e-01
5.245233085708799203e-01,7.369375261979995706e-01
1.013562048540801008e+00,2.583932007546828613e-01
3.574751680639393081e-01,3.154781930353072750e-01
7.643284844499008690e-01,3.113610456906761859e-01
6.990690871769138504e-01,4.725519535706241836e-01
5.840592350772614294e-01,8.525114572464795870e-01
4.873129353654599427e-01,4.878145444368500727e-01
2.612151881064173065e-01,5.426296593474133623e-01
2.673961022645730545e-01,8.621995704861480370e-01
4.136191602514714405e-01,1.232870014881787268e-01
2.393894626294734707e-01,5.123578324435436038e-01
9.102870293460780804e-01,3.391029577138767181e-01
2.795018536971475842e-01,3.856678440039746358e-01
1.000383331030527678e+00,8.529997380308057542e-01
1.662764406928748384e-01,6.235638634048525919e-01
8.002593719589985444e-01,7.280560645206356485e-01
5.109846793711804169e-01,6.867446766697827831e-01
6.039063750066843150e-01,2.034363147063708022e-01
7.276292617032577292e-02,3.726676975454720764e-01
8.281404054771818180e-02,3.953363649748098396e-01
8.344975351661526597e-01,8.523893503470405530e-01
7.164676692478125219e-02,8.154096904289878656e-02
6.435300307340905412e-01,4.887190994899147656e-01
1.613184729632524128e-01,8.307245366041081658e-01
2.020526407805774693e-01,1.229468070223115744e-01
7.530192141979756837e-01,6.165373226834952591e-01
3.693612688501208274e-01,7.150357354195935322e-01
9.024650052028483360e-01,1.926478613915324004e-02
6.213355792910685294e-01,2.458228472484652316e-01
4.834526144153742933e-01,4.061994241558878338e-01
3.793720884035891583e-01,2.185474317471045869e-01
7.979223161407392739e-01,3.907288361098463780e-01
9.032992416497900301e-01,2.862925197342519601e-01
8.650011636408154736e-01,5.274193017738532108e-01
3.784134718602363279e-01,7.348186008369674838e-01
8.155931185284529539e-01,4.925463883453127245e-01
4.399892073458324115e-01,5.969782048278555742e-01
6.137655373948476267e-01,4.566275879972428453e-01
7.598169230750402292e-01,3.849747465921330436e-01
4.478952885944200157e-01,6.078622255944425845e-01
9.857875544990497563e-01,2.404416725032021696e-01
2.406886833925473423e-01,1.455315130577235772e-01
6.911519638184576708e-01,4.520846408684096041e-01
3.909111547783337137e-01,2.211146701363918277e-01
9.055104985989211874e-01,4.876266020121639566e-01
5.973390758099100806e-01,1.181162415815534966e-01
1.122769521429529682e-01,7.071826895781226086e-02
3.420489961472022444e-01,4.492170840058021253e-01
2.447074788487297869e-01,3.181596275150656017e-01
-4.240730770435560681e-04,3.381376732515357642e-01
1.132117860376751356e-01,1.510310174858964238e-01
-1.706061470151254769e-02,7.137765490763051668e-01
9.198580202342079293e-01,6.126105062777386090e-01
1.055129650476835379e-01,9.841664793900526398e-01
9.577358155168916864e-01,4.608289895698107208e-01
7.233654497082840640e-02,7.283630000432110840e-01
8.994312038759748607e-01,7.964599957987616996e-01
6.365080935930863548e-01,6.428605982543180719e-01
1.021559656480072187e+00,9.183475601295344737e-02
1.370079189231891703e-01,8.742638924475896189e-01
1.212344151228700456e-01,3.452424142721886580e-01
3.185485348915939041e-01,2.554758801058740203e-01
-1.179440002383617264e-02,5.391440794959116989e-01
4.122652214554782257e-01,5.341909158663977752e-01
2.899852285794601858e-01,9.807893037306638639e-01
6.343110745461347788e-01,9.641422946094354574e-01
3.469960845034709140e-01,2.033864091958806353e-02
7.700334325296115390e-01,7.827683512131049515e-01
3.472806334497258174e-03,6.238972617148114130e-01
6.786554388574407293e-01,1.460538661392989657e-01
5.687237682216741419e-01,2.613955523734169395e-01
4.417251655867383831e-02,8.706363813912251226e-01
4.972126774859106924e-01,7.809631104051948380e-01
7.177249747561247339e-01,9.622646617917737233e-01
4.613930856984101991e-01,4.198754020007168242e-01
2.729346005433965217e-01,6.143148545178948039e-01
4.593047439366565454e-01,7.270502580208232368e-01
3.668401984805959026e-01,1.167389913421020831e-01
8.831874742541917511e-01,8.206787148120404662e-01
3.203471034860718714e-01,7.178256850268925904e-01
4.963721597808600783e-01,7.782377613771872538e-01
4.078695617447185007e-01,5.167170392081977814e-01
4.737782865022593937e-02,1.955957030932185536e-01
8.184699580795133933e-01,3.828312121464700346e-01
2.256162668055636950e-02,2.012830086748261249e-01
3.990654946730164410e-01,7.244925175050695998e-01
3.549293844875030524e-01,7.505672098340745446e-01
8.391515450161667333e-01,3.336433946457542099e-01
7.878296261151892521e-01,1.401254297759400025e-01
4.185478140864616892e-01,1.151664113046355631e-01
3.601278972272313472e-02,6.035835775449892998e-02
1.172526580393432882e-01,8.528999264227431487e-01
5.147614405221829781e-01,9.537441079229639351e-01
5.217352974724253079e-01,6.468973515398009910e-01
2.216940608516431432e-01,4.883426577213582642e-01
3.721835857521310631e-01,9.367107570523538485e-01
9.338443307220657408e-01,2.172916308655943596e-01
6.217121523140464179e-01,6.275809829076747226e-01
5.421284545138264077e-01,1.005590245331330623e-01
6.391603228377117363e-01,7.877833252030750355e-01
3.529010815439523885e-01,5.114171634596424987e-01
1.033100662672592068e-01,9.105023854295025698e-01
9.548528575372740301e-02,1.970964503910826726e-01
2.835159617686191513e-01,8.392524948574990873e-01
7.280168081791917878e-01,-1.650681460046952639e-02
2.059466255346505681e-01,7.640159139544792088e-01
4.074318634831525787e-01,5.674681734976341763e-02
9.605115137730577679e-01,1.592708544211875188e-01
5.129411162859707218e-01,2.493031317893885934e-01
7.466492931813386580e-01,7.776545352645045650e-01
4.065427542272795902e-01,6.450532194705083100e-01
8.963019875169647710e-01,8.013219411639531664e-01
4.076017666217178759e-01,4.617417449719894429e-01
8.776341777425438195e-01,4.742201783739167370e-02
2.812049757313069692e-02,1.969669089010181728e-01
8.538052954097642422e-01,1.679354111869069410e-01
2.853149267345228557e-01,6.274459183532193896e-01
1.861173412744623890e-01,2.725255883638191268e-01
4.504135035168924661e-01,2.373595938417124851e-01
9.607551778418688126e-01,1.484935264090151419e-01
8.420862187578763702e-01,5.281729243279278396e-01
1.425984247048213693e-01,1.404329936742270413e-01
4.841931116321205320e-01,3.607612900200294348e-01
1.993988089428920807e-01,9.523268434471258148e-01
4.734870591916121585e-01,9.004594238137819673e-01
1.718624648624596796e-01,1.929874959111273769e-01
5.839776262627348613e-01,2.531795470466662867e-01
1.706330198492983508e-01,8.774640635950134437e-02
6.993518992376927812e-02,7.633605604186622928e-01
2.714750957634571304e-01,1.010461676196894309e+00
2.150186129632891130e-01,3.591706757595292121e-01
3.680159373814288482e-01,4.894871667638738266e-01
8.769710412570784763e-01,8.446045064475683484e-01
5.936243515963421195e-03,4.013924767443277641e-01
8.349915970625846340e-01,1.578637752698290988e-03
5.221971226076757011e-01,2.617364117857564620e-01
4.006631642094537482e-01,4.052715266933564209e-01
3.916548964820646961e-01,8.804567351211538551e-01
5.218036365152007861e-01,9.246610042600313939e-01
7.188983019021270016e-01,3.879873042808373862e-01
5.060964607928681858e-01,3.734444704084758371e-01
8.517694704102405368e-01,1.732654219715624722e-01
9.758792324466312174e-01,5.849483556421839481e-01
6.226093020341573192e-01,5.174204563875961504e-01
5.598141287368967323e-01,6.630932228929148353e-01
6.365190879070283803e-01,2.209405905443789231e-01
6.029361481901254205e-01,3.308135938759809713e-01
6.678397822763959546e-01,5.598573240916522309e-01
1.709417701157760205e-01,7.256383648166623290e-01
4.942966962324530367e-01,5.702160463198100437e-01
6.954438886432439126e-01,6.478505395096573194e-01
7.600391377223403300e-01,2.137393008949315942e-01
1.068982288133687175e-01,6.713647169097638479e-01
2.581859701621153080e-01,1.465966994161349846e-01
1.262075585131109123e-01,2.865389988111509134e-01
1.024658906677279324e+00,1.903834851453454491e-01
3.065443119294424257e-01,9.565867711316398125e-01
9.698603696439452859e-01,2.106621831973127246e-01
8.542100982889794247e-01,1.124841794559218316e-01
7.616275477994276510e-01,3.683247620484754459e-03
3.950425168451911495e-01,2.451970742091733879e-01
7.211674410897078724e-01,5.115965823032380191e-03
4.505938369370556251e-01,6.871088115768816396e-01
6.512338283914566317e-02,8.959998243672899765e-01
3.667955618834352061e-01,1.963263030788639230e-01
2.823299609394186449e-01,3.517136770929122358e-01
2.092022350353658633e-01,4.868882130628368055e-01
6.403020473906715360e-01,4.346700147205506126e-01
4.448771149640257105e-01,7.738625821486420087e-01
3.050310542348465548e-01,6.348734804358731054e-01
9.308924365399392498e-01,2.527898009482456576e-01
6.452221771573788400e-01,9.625141654615515519e-01
5.211687242875231441e-01,9.914284977394520748e-01
2.946006856107057370e-01,5.601695152983652282e-01
3.466031278030194951e-01,1.447905955755384409e-02
1.001848361875361526e+00,2.471742852873592411e-01
9.712254278286637232e-01,6.099164586524822296e-01
8.786458659766358537e-01,9.795475140469086517e-01
5.494183033321482501e-01,9.975396294888719817e-01
7.427810468362920915e-01,5.094416039325911916e-01
6.548580535473104147e-01,2.127485700582385231e-01
3.351916883322354768e-02,2.420966029307001777e-01
4.411049264916888091e-01,1.995440126183051222e-01
5.151641099725424722e-01,6.770105006394249170e-01
6.544529012380733146e-01,9.200781753524048812e-01
9.830574825337600187e-01,8.955215043271147479e-01
6.151808637339466479e-01,1.950775587939511391e-01
9.142918218348082826e-01,1.489572485711903593e-01
1.713260756226638315e-01,3.478431440304596278e-01
5.519848282374612003e-01,6.828363704809912171e-01
-1.819679099778822445e-02,7.584866003922321465e-01
1.802161358047229822e-01,2.861109108072125706e-01
2.837628552880915866e-01,3.668232942468686586e-01
7.593846694473008752e-01,1.885625123971608127e-02
1.990785025450791113e-01,2.070188730369197649e-02
7.867359683516068625e-01,9.769252423790044659e-01
6.658323289684293655e-01,6.090119003873467607e-01
8.817025305962669091e-01,2.410889052904506002e-01
8.324754437554343633e-02,4.989422024069048445e-01
2.587152532763370982e-01,4.416737646932683559e-01
4.481393500783104056e-01,3.089731234498218071e-01
4.611508208560469724e-01,3.893358196131507798e-01
1.343054005887664992e-01,8.631958944704964942e-01
7.202629730294288768e-01,3.148720949557715088e-02
1.047841086039831282e-01,1.047284087710221578e-01
7.029103997331540010e-02,5.680160125426379075e-02
1.706440951441035025e-01,8.221298711089602973e-01
8.221538550079761087e-01,8.024428318002950755e-01
6.339490315542960497e-01,7.402140670017555157e-01
7.588959940031141382e-01,8.818620592562798066e-01
6.982390679704124636e-01,7.312835801897668020e-01
8.168010873326934096e-01,5.723435907109480913e-01
2.025033602071940331e-01,6.518216216721683942e-02
4.016733731515592098e-01,8.081229704263043212e-02
1.313612411166552030e-01,1.329709561827112016e-02
3.011638254483022803e-01,9.680401359786672266e-01
3.723258607702084610e-01,2.271074056798439433e-01
3.919933338025117786e-01,2.902360268247733410e-01
6.879864262254409280e-01,6.344481824528906966e-01
9.067972130402762732e-02,5.046764187518484324e-01
4.495715065388157516e-02,6.711625907322521511e-01
9.291216292297634904e-01,9.387353100847786180e-01
2.256630795932263178e-01,7.075513515028929445e-01
7.726154512717483547e-01,8.616427009735876386e-01
2.492564156634746453e-01,4.206683036629149108e-01
2.238205287228366147e-01,-1.325304554466873869e-02
6.615476830926372287e-01,4.460631511601949595e-01
2.655715982827880906e-01,8.442176659105015135e-01
5.258969550324780196e-01,1.001290198141465027e+00
8.102743328388357646e-01,8.544859251333035699e-01
8.037649447343974130e-01,1.058657453803956983e-01
9.656442219042521424e-02,9.422418383601841585e-01
1.433499482099004352e-01,3.993398892962861102e-01
6.063122862973473470e-01,1.955146925465541530e-01
2.371890074688866312e-01,4.771221846959304846e-01
3.285216403265333041e-01,6.749200850486128944e-01
9.243648274879970317e-02,5.180734113651687123e-01
1.887662478392061471e-01,5.763796743933541356e-01
9.512440221333126611e-02,1.907119246314122329e-01
8.318652215303167230e-01,2.230254637675824214e-01
7.582373371683548413e-01,2.606000477360773671e-01
2.456798617198678591e-01,2.803542131782074676e-01
8.770557165821321055e-01,3.745334289102180136e-01
2.726225203696027721e-01,5.227424271584703019e-01
3.546984824565879157e-01,7.576711803483335839e-01
9.887369621463778513e-01,5.174130797036132767e-01
4.647233717961544719e-01,3.383330697876348325e-01
9.966580564895091143e-01,4.755749522417633268e-01
1.985264990901453863e-01,9.501647652057478854e-01
9.308154610755368097e-01,4.192582844700337152e-01
3.256111577475099272e-01,6.556248249220196778e-01
8.371971743591408721e-01,4.932458002421609145e-01
3.336484995719219970e-01,3.119449988773475013e-01
2.928847928971725634e-01,1.294315494709852576e-01
7.545163396242269283e-01,9.342346334998875845e-02
3.604719831571007727e-01,8.480349391420261007e-01
3.703246363461888957e-01,2.707596212735796093e-01
9.257020997499907367e-01,1.239685534684133311e-01
8.816685180566606883e-01,7.831475976640639436e-02
4.114380230430245144e-01,6.510364635239274111e-01
3.776248721390856877e-01,5.156968348237140898e-01
1.906577771532283472e-01,5.992461851676179618e-01
1.591073306076052352e-01,8.125778885138761343e-01
6.028996975970838390e-01,4.912346250264794656e-01
6.136892932116305016e-02,5.007686332647421912e-01
5.975464150236173833e-01,2.563743444125561877e-01
6.823963414154339269e-01,4.259974016634778676e-02
1.800747386524993721e-01,7.738517620302532984e-01
1.595578242083859899e-01,2.412948494127830079e-01
6.524218396474249504e-01,7.016792612106347304e-01
4.292685469034773077e-02,9.742667767409364521e-02
4.402118969277536431e-01,6.064013552528731976e-01
4.628472550073688963e-01,6.788523812159661386e-01
7.618875742411247431e-01,8.999741989424592248e-01
3.888940534929140602e-01,1.462909012394776609e-01
2.673260696870599085e-01,1.502010093168268390e-01
3.990636162960675692e-01,8.735284420404946237e-01
3.483734233397683400e-01,1.223899585954758562e-01
5.743725370600565316e-01,1.004972542787507805e+00
1.892188332546601015e-01,8.147122899527311501e-01
8.019204515165188063e-01,4.187061362338856396e-01
6.084481200106146570e-01,4.404201077976585554e-01
2.708159885356929975e-01,3.793891645638835519e-01
6.665685082817870977e-02,7.386848977958188067e-01
8.241497254886851476e-01,3.474315369585375679e-01
5.926793332333641917e-01,2.277430361970387840e-01
1.212901635076380630e-01,6.965868934331834739e-01
1.761679951927358767e-01,7.762470381120210039e-01
3.025178479074083215e-01,8.391137642863776280e-01
3.925555203534902282e-01,3.708655111952361416e-01
7.371244020410648856e-01,4.891782828424449669e-01
1.748920986228107433e-01,8.886263256644638675e-01
3.403721047110986331e-01,7.988124863851926716e-02
4.360495934440175025e-01,5.643843191337102327e-01
5.968658238251255410e-01,8.769680460355974150e-01
5.147927663717394298e-01,2.284114307267434141e-01
2.498479292254359163e-01,8.583050239451427144e-02
7.066471927405429954e-01,1.071332171549185946e-01
5.883346123284055595e-01,6.087749522290800686e-01
7.845634189218869681e-01,6.837719285322221840e-02
1.855404536974301355e-01,9.381764962600201985e-01
5.869504375361704884e-01,4.440633620334268894e-01
7.204921645615081083e-01,8.647706673806219158e-01
2.857567048257426690e-01,9.196590875119622366e-01
1.296260319647818404e-01,9.752772827617592899e-01
1.809720656205966727e-01,2.867802498669105860e-01
9.519803230617815415e-02,7.965135445747282272e-01
9.647063884542490531e-01,3.054994862203583850e-01
3.367962370760569368e-01,2.708492085168242580e-01
1.490532675236750093e-01,7.830983167616304419e-01
7.654466132642838427e-02,9.402876169232122772e-01
9.052104548628047143e-01,9.672417966167715098e-02
5.265532129171901499e-01,9.991569026676483389e-01
8.312417341624170897e-01,7.333138434333439371e-01
5.171393448428994455e-02,7.665339776218704770e-02
8.164729005484062663e-01,3.581414131059247885e-01
6.506046831852565493e-01,7.494741065951128212e-01
4.214161232123507239e-01,1.255173475649767612e-01
4.151954550127274213e-01,8.770242470300001481e-01
3.451292784857136753e-01,4.916441332539731035e-02
9.927295863096222694e-01,6.775583286650381787e-01
5.612378872973687871e-01,8.174507905386426687e-01
4.145336352189856743e-01,9.962725146149631339e-01
8.974812116691679442e-01,2.717501996587793900e-01
3.750992400642739755e-01,2.875800694107975009e-01
6.310440418774092564e-01,5.958451341909708487e-01
5.025891270039590797e-01,9.851839724009532340e-01
5.066034263320917663e-01,7.652626844928221983e-01
6.337606270910524087e-01,5.488798596501303084e-01
3.078657283444499737e-02,6.500592089402176255e-01
6.717777641305477943e-01,1.507680099891528791e-01
8.145962856278805564e-01,4.327646610176481001e-01
2.989769096636298862e-01,8.463695476063503031e-01
3.497287632870046958e-01,6.062960968144754936e-01
6.110236236399122500e-01,7.502569121524303719e-02
4.533858348505088731e-01,2.226592841847433446e-01
1.858323017749881345e-01,6.494520275342710036e-01
3.827130673211986966e-02,9.955496456625509971e-01
3.992761006128274226e-01,2.882137374342705893e-01
9.416296968204664886e-01,5.191310329803340284e-01
5.852551117823208138e-01,6.912021150268821135e-01
8.945304535768476839e-01,1.312154361251982315e-01
7.188145165386976287e-02,9.974145465216450734e-01
1.629788766545792536e-02,6.856580066351611880e-01
6.128812640024812186e-01,5.598976920364059362e-01
7.760110540023572590e-01,9.768831838498389653e-01
3.612806969543994051e-02,5.951122403684288020e-01
7.337900795689172861e-01,2.862665038723655186e-01
8.966422509116540596e-01,4.495088620994581174e-01
1.503547748707170784e-01,8.818343685144763855e-01
9.403099508521273187e-01,8.612692983341156683e-02
7.363784931647250342e-01,2.217955137402696231e-01
2.325397487985319048e-02,2.860289194822449588e-01
8.515567100703702597e-01,1.366292562096022845e-01
1.332879700859254946e-01,7.423901994921178193e-01
3.909185049377605914e-01,1.777343121333236353e-01
2.304448116189468931e-01,8.052967251632554557e-01
6.317578813464629350e-01,7.690074321410484970e-01
7.769130367687637762e-02,4.579762731982750523e-01
8.427211365898749085e-01,2.975361252275041668e-01
1.723291215894156014e-01,3.744466047968902367e-01
2.890243820229801974e-01,1.755260552777783978e-01
9.523765432048101331e-01,4.767520753509172926e-01
6.031227076957076383e-01,1.335555357467513027e-01
5.900279736437010758e-01,5.607757275310434331e-01
9.297241504836910586e-01,3.946707307819044552e-01
8.155441959403704200e-01,3.191371761683053920e-01
5.632123605241869946e-01,9.373154189354020449e-01
5.972820661356642580e-01,6.978891002178472247e-01
9.025359210867440751e-01,9.324546608141580650e-01
2.136988215296516391e-01,2.155773932437279605e-01
5.627016891069800408e-01,9.901953452548425405e-01
5.088804161997271258e-01,2.971258516766581703e-01
5.239117815157543490e-01,6.245675485757492401e-02
1.881613504551933325e-01,1.424204324007738165e-01
-7.765667941476803171e-03,6.837227369866466509e-01
3.241126915438475864e-01,1.589808002822753752e-01
4.940442265269804900e-01,3.018989802143965950e-01
3.956932917571274189e-01,3.415770425532000942e-01
6.660724256243671926e-03,7.146409161145715894e-01
1.032106453002007984e-01,2.280112431807229390e-01
2.173578285272721733e-01,3.282098040188650701e-01
1.607171255801757848e-01,3.394624494336934695e-01
2.551144705918521605e-01,7.926055519490823875e-02
8.775885797579764391e-01,3.009922676664203989e-01
6.528767509653826684e-02,5.205577831081013018e-01
1.194364427872948164e-01,7.778131233345686457e-01
6.391378790301656398e-02,4.960841129577973074e-01
9.298981323421734446e-01,1.274637926102883956e-01
1.785179688679312537e-01,5.877924516657653253e-01
1.001494215027012524e+00,3.598908966811438792e-01
6.253690488700560657e-01,1.605951870101965939e-01
6.583832551081209017e-01,2.216772901679974761e-01
5.778465129324369398e-01,7.293047609358574435e-02
5.381162643614026964e-01,2.402695289314047966e-01
6.667092259771646434e-01,7.624583942323867047e-01
8.506286370340417902e-01,9.902434582199639568e-01
4.270678010993051443e-01,6.551840464759305371e-01
5.756226745906119213e-02,8.983611707950949210e-01
5.966072732215095265e-01,4.136999518792852104e-01
4.366944343555543839e-01,7.756625242004638876e-01
8.458917043376704692e-01,7.943717561504615166e-01
5.360161897216956239e-01,3.874404047830338760e-01
9.366366898800070340e-01,6.316355596707606823e-01
5.556667906574553895e-01,6.198130018612366676e-01
5.994931514842876119e-01,7.144818823355419957e-01
5.525622022714609116e-01,8.639426752648974306e-01
8.481981905520650233e-01,4.633452728510413232e-01
1.792296743968453121e-01,6.187884054411076917e-01
6.093436659396821442e-01,5.261222634381652608e-01
8.967718183014857791e-01,1.109419384649580342e-01
3.145867597208461541e-01,8.676620783601571851e-01
9.175178043934546501e-01,4.117075095679025298e-01
1.954985341865432547e-01,4.427847327877039718e-01
4.272383260714709419e-01,4.961693219307592995e-01
2.894961499565671392e-01,2.867548633882061049e-01
6.330871744933617151e-01,6.445249000586613652e-01
6.576760788311279970e-01,3.713287435834585204e-01
3.638227149316572984e-01,3.302791398670685830e-01
9.258967947321694592e-01,4.278293534680669419e-01
6.107988424508916658e-01,5.364372821708919270e-01
8.700001344881409526e-01,3.669848322589978618e-01
4.200691296891909121e-01,8.491566894685063094e-01
1.775850726593644069e-01,5.982141860838379177e-01
4.211263428309314216e-01,9.990394722051286758e-01
7.004152712280299342e-01,7.661382600078352027e-03
8.305060072813298389e-01,7.182483386325179131e-01
5.701926648895745409e-01,2.386761292190419104e-01
1.695884257185550359e-01,5.910859567888556709e-01
4.278776683349688748e-01,8.512545721585055292e-01
2.674082580500932727e-01,6.485761848231461624e-01
2.488168811104035649e-01,6.100178817953564314e-01
5.648007796755247223e-02,3.942686634844603799e-01
1.433113416665166562e-01,6.000259584620242226e-01
3.242085441618984820e-01,8.045967941450994365e-01
9.281294295462175215e-02,5.720154757050089911e-01
5.721483878861658434e-01,-3.308070069190604395e-03
1.175388587980757266e-02,3.203404511130507615e-01
6.116733018541536948e-01,9.563362092165326178e-01
9.994014968789165232e-02,7.039792013522013781e-01
6.949265007161120611e-01,6.634037198122791912e-01
4.955964003109969429e-01,1.000652092934162241e+00
5.297837708209158780e-01,8.701002532698378644e-01
2.517343051464460690e-01,7.926699450558313265e-01
9.882568346945790339e-01,9.315681266541500083e-01
3.040678773245880651e-01,8.352936418754371983e-01
1.025343565902963189e-01,6.629785809478025982e-01
3.150384220532435053e-01,6.612547887492711274e-01
4.019275433369467465e-01,8.759147911843005729e-03
1.775793612117610165e-01,2.454466495354711703e-02
4.263687776334403323e-01,8.097434739329834041e-01
7.083489880623697887e-01,7.896875737762000247e-01
8.212312871138821579e-01,3.541054665359831266e-01
5.007831963429713040e-01,5.036707165484245463e-01
8.196223269158472990e-02,6.218198437192425931e-01
7.165206299961710545e-01,6.075230272037330792e-01
7.534256027887826779e-01,8.769136844483271798e-02
7.798076322400178118e-01,2.291523187875723344e-01
8.796374567759595031e-01,2.541754813073684449e-01
4.854707937414182162e-01,5.045321776328658414e-01
2.523915262494939027e-01,3.610616179069105480e-01
1.861420187960256545e-01,5.693270080810460820e-01
9.344105464592828980e-01,3.603716691060848687e-01
5.058658688269186410e-01,8.712877645851925257e-01
4.364504981746833989e-01,8.518987580612153998e-01
4.360409720435071135e-01,5.031450290161214589e-01
1.238251661867283276e-01,1.679277277683724479e-01
6.313211880554768785e-01,8.048886880251886478e-01
1.817954546055857157e-01,8.915257379081388267e-01
3.525931848570820759e-01,3.993253554034202901e-01
8.915243639143517473e-01,8.952425047262846380e-01
5.414594907237665344e-01,3.255312184971276834e-01
1.616802595689102728e-01,2.165274390529021986e-01
7.935973605224569960e-01,3.135845878269985509e-01
7.309305291041351405e-01,1.945091301135253858e-01
4.633218171754429071e-01,3.318468437415771910e-01
5.160700577135164391e-01,5.644405576596230878e-01
1.020289109697050334e+00,8.956832572107661372e-01
7.241588807281041928e-01,1.261407864087993325e-01
8.842561629024711101e-01,9.091698231161199351e-01
8.774149181637762585e-01,4.737458471121824832e-01
1.504628316750168948e-01,7.326931873200945855e-01
4.012283811079613294e-01,3.441913437961170996e-01
3.695779895713039442e-01,5.748814350554470876e-01
3.570171001921428888e-01,6.877439686566545474e-01
6.677877941038216081e-01,4.888265160066607717e-01
6.551740968084872330e-02,9.397776865952273129e-01
3.958650612874882180e-01,4.905143659122925825e-01
4.606880120782974597e-01,3.532115536924206323e-01
6.749803916048708885e-01,-3.476191902721477434e-03
8.503707614079637489e-01,9.345063315830579032e-02
9.920794264990664413e-01,6.119991529725895552e-01
9.126874014106403643e-02,5.471215279898256068e-01
3.126632116387170757e-01,9.293288183379917466e-01
7.298313436468972792e-01,5.275637023391996916e-01
4.349407428773465201e-01,1.009675416680422932e+00
6.877521865833267078e-01,5.072637471892299521e-01
4.273889126578033770e-01,3.120450538753636316e-01
6.835049032856683748e-01,5.953578481070652684e-01
8.510757928629024693e-01,5.564199184140884435e-01
6.026378169655275396e-01,4.794807141332255163e-01
7.688819824713535311e-01,4.421842276690124973e-01
8.572732242377080203e-01,3.369299418399869794e-01
6.642707593753576223e-01,9.673539287130662467e-01
7.372570176655188767e-01,3.318215554836618231e-01
6.949476572947275166e-01,2.491451249879566288e-01
4.615309198626828951e-02,8.002193284025007625e-01
7.967537994014386449e-01,2.128997700200852689e-03
9.592021209296858197e-01,4.315204998427336069e-01
9.094239454912379506e-01,8.007083760842930165e-01
9.387886257638741183e-01,8.081321338856671810e-01
9.709390656562884026e-01,6.268716133243670274e-01
2.272774089400073083e-01,4.409391571913055530e-01
7.484125973468039872e-01,1.065574868521665663e-01
9.258737189405442658e-01,2.029113693728683276e-01
8.711539055877403070e-01,4.693510608815958385e-01
8.141941156483935016e-01,1.001485518271189257e+00
4.285133215144826258e-01,6.927597354025868404e-01
2.692701227413679677e-01,7.834125629818705638e-01
8.319738174869409919e-01,2.702644763310284581e-01
3.915593173121000720e-02,4.085153459274707410e-01
1.794097953670817924e-01,8.576157958469059484e-01
2.629662699048884167e-01,8.998411632597533849e-01
9.725243906899823099e-01,9.184449644660597212e-01
6.176341573220257564e-01,2.968998338555770000e-01
8.377498276912070940e-01,6.989765844474795653e-01
9.639795760948840497e-01,3.548817965033179700e-01
4.796900424748017783e-02,1.007916939151041413e+00
8.112906831542920916e-01,2.029524829899793936e-01
7.368738476615451782e-01,-1.223956737464805718e-02
5.652087825557242651e-01,3.465520370855210142e-01
3.870890072996771014e-01,2.290822663282805760e-01
2.368056877909702762e-01,4.737878012886332924e-01
2.342271456412828579e-01,4.614673427274647022e-01
5.635248786042886815e-01,7.220009782574779988e-01
6.838090289119904686e-01,2.528311427645771325e-01
2.819872971674403789e-02,8.316872991076715849e-01
8.806534888992345600e-01,1.009793599183918866e+00
9.658421826709649993e-01,6.137470335891174189e-01
8.996295819531687776e-01,4.447084640008902023e-01
7.473609605007729417e-01,9.184314060557329240e-01
7.949487648572045595e-01,4.161213446071931332e-01
3.718642522620868029e-01,3.092263899121938109e-01
3.483606089304066566e-01,7.928527593375651605e-01
6.849864753041362553e-01,2.376836582923996521e-01
7.103720636856954984e-01,3.634426635839964614e-01
5.149379806012391869e-01,3.189831651640034904e-01
5.240925360608209571e-01,7.072234643581237767e-01
6.910235573930585407e-01,7.656814053146759891e-01
4.219424161931670803e-01,6.886062721379622165e-01
2.440804340754499091e-01,4.829667383615356968e-01
5.368439139233467383e-01,7.042552394159239393e-01
9.367936271231283030e-01,3.415046201316580543e-01
8.365335184310489502e-01,2.884218417276841473e-01
5.790805694365611656e-01,8.380780552753442914e-01
7.406428794188825160e-01,8.499281417087071189e-01
8.203124408508896126e-01,2.552792635461805237e-01
9.928318752976806882e-01,9.300406786645974977e-01
4.770457001075435466e-01,5.818206989333310486e-02
2.604565468319758326e-01,8.361214220840543776e-01
9.582338392500303614e-01,8.221927482177362467e-01
3.746880529359113976e-01,6.974682121351261088e-02
4.983550958044179469e-01,3.878913832386989280e-01
1.020548446230853251e-01,9.517532018405913674e-02
1.721598852705793492e-01,2.156071556709531489e-01
7.544148325713991854e-01,3.811053934974884538e-01
4.387491936567736173e-01,5.825505008858939959e-01
9.297995322101200166e-01,7.678525087649950009e-01
6.763146147592687951e-01,7.559167921850244998e-01
7.243759694305030861e-01,6.660787794526787930e-01
5.139506049177205993e-01,5.764749678890463969e-01
4.766943964656032984e-01,4.156363172600220923e-01
3.024882110971260363e-01,3.329187642494713106e-01
4.027500786318763404e-01,5.823424859959241973e-01
4.814247338253296316e-01,8.603487066831155827e-02
3.643755704788154137e-01,3.560122166994484361e-01
7.067046224490527440e-01,3.002635697654952307e-01
9.216596834800397722e-03,1.079929744553007054e-01
5.212602832831427779e-01,2.093953481001022410e-01
4.930549719006011578e-01,5.964354624642771441e-01
9.420395275140475144e-01,6.468009983485140113e-01
3.867475302399025344e-02,3.984439885619576183e-01
7.669026129580305273e-01,2.393541119573635301e-01
9.221008198642851594e-01,5.045755460669522074e-01
6.772710343097518293e-02,2.332587987457228340e-01
9.261389796794893270e-01,1.010922770797623160e+00
8.694374960464448243e-01,3.242823044453136960e-01
8.105685810784142298e-01,2.114406241469617975e-01
3.893437701477896473e-01,6.853883694832224593e-01
9.431529124580038115e-01,4.628958980772766019e-01
4.897323123776872178e-01,2.340649683454531227e-01
3.983001629529212551e-01,8.795135098627826498e-02
8.386411622664092791e-01,4.661284347095823177e-02
7.014086919865005765e-01,2.373289511570684240e-01
4.657722735190237273e-01,3.019750129479690237e-01
4.328172205173169140e-01,5.610878127918458302e-01
6.329622496710259894e-01,9.209193541670930294e-01
3.435339913616079488e-01,5.763370921449213480e-01
8.940509240764825671e-01,2.857486689006502600e-01
8.826851235327486389e-01,9.936839979316733906e-01
8.680312922904500628e-01,5.700515298626689376e-01
7.041316578177786445e-01,4.944180808236934288e-01
6.305646614206555922e-01,9.945448333740619651e-01
2.552751772065476876e-01,7.827668508289725713e-01
5.131365956321622956e-01,1.999647854100259914e-01
6.481815588188589716e-01,7.903582510161126784e-01
5.550109265226620403e-01,8.892213331237367457e-01
3.480499864395029119e-01,8.941011515422266909e-01
6.516020486224958219e-01,7.991207720580665308e-01
2.934510440672982723e-01,4.672705541471454671e-01
8.853314863459441630e-01,3.578426930167666331e-02
3.864734779762006855e-01,7.960092049615057341e-01
7.523814837745027573e-01,8.441929868592688013e-01
7.437183233285926676e-01,9.245669233741057313e-01
4.834084997485675328e-01,5.982894275479070378e-01
8.506155514968976039e-01,7.045248367082654894e-01
8.236936887899108661e-02,3.754206349105931317e-01
5.737331043109000772e-01,7.341078751124199275e-01
5.370411541586258553e-01,7.878216649012811379e-01
8.374821067951671028e-01,2.376875187003199830e-01
6.072823993355227490e-01,5.476307894684473432e-01
2.239089000411489949e-01,4.873213983187174581e-01
5.798884184455079804e-01,8.131697868722459477e-01
4.266277278369294268e-01,8.273860601047379471e-02
5.222509799239133388e-01,8.346086283094260594e-01
5.624937128464534419e-01,3.127627496445925526e-01
9.326538460572231237e-01,1.494638790059265587e-01
2.965654579894507203e-01,4.236991518608962393e-01
7.366840664285857487e-01,8.464592836939349718e-01
4.690658404678739457e-02,7.861115419866729903e-01
7.214269282074475820e-01,8.791038389658221153e-01
8.986080559380235089e-01,7.868697943266280692e-01
1.664727534649984575e-01,3.200006180756870267e-01
9.145135560543242725e-01,5.767674823504657100e-01
5.255048147397048952e-01,9.430178068587518059e-01
8.398949882239679088e-01,7.182171928887703949e-01
8.817232915612588373e-01,1.371785232263736110e-01
7.965028077577677168e-01,9.571997011252024734e-01
5.976398702594822726e-02,2.211546311817635391e-01
7.919489606473291143e-01,5.255125552737015537e-01
5.490906739652116203e-02,2.670003528620700783e-01
3.330747677081320468e-01,3.038674109890963093e-01
8.868209119439384169e-01,6.274673596559712241e-01
7.367886089009750838e-01,4.041366758688132166e-02
4.231402010514350165e-01,2.982570919970343737e-01
8.234226492204061998e-01,9.616801418099599763e-01
4.419011777852898115e-01,9.719387263304875013e-01
5.085386933667631823e-03,2.871012537924975683e-01
7.774117651649835592e-01,3.463142957371834196e-01
9.083269921727610274e-01,2.507932112321681895e-01
7.596345535405213401e-01,1.683470991553461804e-01
2.017314322507951507e-01,4.380431384375514936e-01
9.345645749232244226e-01,5.909079868812391334e-01
6.401510758506092635e-01,-9.740073774228464459e-03
4.478123755841276893e-02,6.792518198415456454e-02
8.229836885115565659e-01,2.465171955212306643e-01
3.171749063121763190e-01,6.168937626774673166e-01
6.029612724618703679e-01,4.114666829833195094e-01
2.243636947864650726e-03,4.448917081382562366e-01
7.265348677953709089e-01,2.164797306971188717e-01
7.023952438550228328e-01,2.416879825925286052e-02
8.902247099973129574e-01,9.485311977105743697e-01
-1.367248826642660300e-03,4.933745300288082114e-01
4.282775012879039833e-01,8.560146418862836226e-01
5.591224877801269644e-01,6.004515832621771798e-01
2.300411771637763114e-01,8.024810852594249644e-02
6.914377918616860796e-01,5.963814033166803252e-01
8.242964578118997521e-01,8.093646695700236204e-01
6.260715925781407121e-01,5.268353664541172154e-01
9.060412421193271282e-01,7.735450234674985381e-01
8.964970647746349774e-01,1.007691550927614532e+00
4.373013693513889133e-01,7.501640190241345429e-01
6.911919291228589834e-01,1.946107686733188069e-01
6.417747162458788956e-01,4.195422157442117439e-01
4.450731905437511626e-01,1.929164005317862973e-01
8.264978075523946588e-01,7.212784663747638936e-01
5.372182852919964446e-01,1.663950223936128126e-01
5.663621542103688400e-01,9.832764051036865793e-02
3.545014265770242701e-01,3.692485741402933286e-01
8.631951586232635698e-01,4.251953105610197792e-01
6.107766114533195179e-01,8.718628828085577265e-01
4.319565991323712772e-01,9.029213137768616892e-01
1.354251109168909672e-01,3.559030760104624491e-01
8.054092699521096799e-02,5.558539199638162787e-01
9.879798984927005145e-01,6.529846511077043170e-01
6.332646191398406676e-01,2.716690647681845872e-01
9.229021389065762415e-01,4.539487410756322117e-01
2.690075316239599612e-01,9.773582537616196664e-01
4.485972253455354775e-01,3.693489375295643806e-01
3.407065314828767316e-02,1.746913418792758743e-01
8.166126379504707877e-01,5.125132998795902672e-01
9.340792055861669718e-01,8.944199803289312745e-02
5.845678359650081646e-01,7.444483124106652250e-01
6.190203728460724752e-01,4.999793067966356586e-01
5.527828575524130761e-01,7.058273925182697583e-01
8.299709047069849799e-01,3.419104177615099882e-01
4.510831506610389341e-01,6.320144172959130113e-01
3.007390319791756195e-01,1.597258670038854966e-01
9.564200241093498978e-01,2.061682921630203225e-01
2.268814224215590647e-01,6.271107545829806007e-01
7.252351321487161828e-02,4.627254742737512555e-02
7.231244877760109602e-02,1.124492288003819118e-01
4.101233091398399089e-01,8.483736961637052820e-01
3.257041223098979255e-01,4.375471141433692202e-01
6.008729500289704539e-01,2.928831735355004739e-01
4.411272219738405775e-01,4.136692496359354876e-01
3.543937796733711565e-01,3.909789632355610833e-01
4.354732337462322717e-02,8.527753228721058898e-01
9.551026810265407230e-01,8.532071850770874821e-01
3.412874143905157004e-02,7.697423015959513615e-01
5.387744494924114891e-01,8.544740868693603830e-02
9.063826027891489501e-01,7.754081156036657374e-01
1.633329338688190302e-01,9.835545056565413446e-01
1.315589298564471543e-01,4.461794717340082927e-01
1.570677392510544390e-01,1.638563950799385716e-01
1.014751807278784668e+00,5.484207910928260432e-01
2.909519040359944686e-01,7.812804937125488181e-01
8.916494643184685875e-01,9.213072558964590097e-01
9.610688448397046724e-01,9.121754584383966469e-01
6.259571609736884756e-01,3.514689321198554706e-01
9.481031781933972891e-01,1.225008104353661753e-01
1.273182000385005841e-01,4.315288644206211610e-01
2.856259483335001348e-01,6.148342529999244466e-01
8.953923678570501199e-01,5.174916636542644666e-01
5.064112376533848048e-01,4.250132751096408201e-01
7.097287944518867464e-01,1.425858448252828037e-01
4.830117635961921063e-02,6.502510525071723002e-01
5.373787954229938268e-01,4.092465934967006724e-01
3.692518212156056245e-01,2.957437327213998171e-02
6.672120665156777708e-01,4.365509658334772447e-01
4.504048468479423528e-01,8.877802765726614531e-01
7.361367279512552875e-01,2.377216412712902793e-01
6.668682903376470517e-01,1.179960625449962969e-01
1.988193947786803806e-01,7.131531902426142544e-01
1.352988523387572972e-01,2.737723932114295988e-01
8.738941096051153767e-01,7.517628986749650410e-01
9.404319011911931314e-01,9.101393221555726942e-01
2.862548428828775582e-01,6.309697904051214667e-01
3.740876742560284574e-01,6.891800217587472632e-01
3.176366237228601119e-01,-2.000832032023355800e-02
9.934864115037497778e-02,7.610173374268082158e-01
6.747705053601604774e-02,6.280306003914055690e-01
9.052529343411928053e-01,7.399726365910788140e-01
3.833952348768856488e-01,2.165323035434922327e-01
8.808300769176948819e-01,5.393963174137842431e-01
4.136930377834351913e-01,9.143830149822897990e-01
2.090970667860891086e-01,4.126093221271101008e-01
1.097708994542155314e-01,1.473450707347225275e-01
3.863392822453219355e-01,6.992720276164495763e-01
3.225770249779261190e-01,6.746821859415395028e-01
7.885630568952793906e-01,8.932965173152910276e-01
1.644946502641475225e-02,7.670945735656330422e-01
1.553384597532935507e-01,7.164582609605880670e-01
3.804746131124318587e-01,7.063406285291219389e-01
2.024464653451908680e-01,6.634970458375341051e-01
1.081696005384130410e-01,1.527014795183591067e-01
6.415119077690470961e-01,3.439767264571093608e-01
7.116902023581828107e-01,6.971304202659354132e-01
6.197368910740579384e-01,7.017866797917717836e-01
7.989585723835328501e-01,9.110585969296016717e-01
6.333437777514833167e-02,5.497679761512510588e-01
7.478460901128202165e-01,1.897854628351384743e-01
2.607529830430549977e-01,2.616835483298863840e-01
5.699499767930985561e-01,3.742236865498425047e-01
6.785338310259080297e-01,5.960097420758562192e-01
6.745076633738891214e-01,2.479302024477781641e-01
8.024374035328079025e-01,6.523271325228843232e-01
9.842301183172297296e-02,2.168456937648330085e-01
3.094775645820767029e-01,9.600747378198294379e-01
3.325427397680468800e-01,6.667926083462732967e-02
1.378479774887641229e-01,5.309786096492519203e-02
3.923300964334922591e-01,8.069889314963840654e-01
4.639962293969245311e-01,8.556453905846460595e-01
6.305585289360046697e-02,4.049881642354997147e-01
7.857018270144489058e-01,6.632200648564019474e-01
8.452678324643373431e-01,2.681665284141711014e-01
5.204002762872781407e-01,6.809301626015888953e-01
1.583394909069862910e-01,7.864414190702039287e-01
3.421312039950255013e-01,8.036094395997536721e-02
7.630871617537761109e-01,7.477953574261000380e-01
8.712776017307141130e-01,8.865611608836191371e-01
2.831693702580914684e-01,6.092438451840777036e-01
9.646870181605188277e-01,2.341742844223057562e-01
4.639366063086720060e-01,9.128508889466575571e-01
8.351975488050993046e-02,9.369295062048681455e-01
4.450212562408976669e-01,8.916349605722415639e-01
6.285749369704164424e-01,6.780044318335148867e-01
7.697302216336986413e-01,5.392932016285020835e-02
6.239309309561058559e-01,9.486164295452720330e-01
9.441343752459685490e-01,9.878836587569280736e-01
6.685777725859052278e-01,5.985690115997048810e-01
5.499020468965865049e-01,5.879985246877491578e-01
5.820812532994871225e-01,5.824888528157837891e-02
9.833774431208865130e-02,6.246857598938044820e-01
2.925064916027798612e-01,3.056347702693837376e-01
1.672313755562947757e-01,8.026152082775587226e-01
9.510974869390392827e-01,6.487738195732850599e-01
9.381569957898489021e-01,8.885089997186446098e-01
2.225943389121467775e-01,1.520099089357959954e-01
2.136934273221531289e-01,1.022849886662652447e-01
5.649512864332970619e-01,2.907088296567901242e-01
9.301939780143867464e-01,6.213547340959525433e-01
3.525270875473450194e-01,9.881286652409425608e-01
9.459192724457242685e-01,7.762404368337801897e-01
7.679299289124278394e-01,1.004871451868466048e+00
6.391659733926640108e-01,8.659412333174437704e-01
8.055114111261971188e-02,5.832198832086824547e-01
4.833637980868281669e-01,-5.444792426274776276e-03
1.172879720449365448e-01,2.163243153249272063e-02
2.836251906401577316e-01,5.445801758558276029e-02
4.157781012702623791e-01,8.719355657347791499e-01
6.032156577928963204e-01,6.803364205428039657e-01
5.735160477273210100e-02,8.652749041826199861e-01
1.681101363612306498e-01,2.941373608578369270e-01
5.137519220846292756e-01,8.865041380751623734e-01
9.966592596460781550e-01,7.833168178400479187e-01
7.441486877997184335e-01,5.635920779715681839e-01
6.798535308791553433e-01,1.658370785166655426e-01
2.688467997862637460e-01,1.010328814769559935e+00
9.798376697217906495e-01,3.457845186415519079e-01
2.571385647653295914e-01,2.373725895573428613e-01
4.540498031014854607e-01,2.456335197964424344e-01
6.560593451942932086e-01,8.887131159146424708e-02
1.099480489038553166e-01,2.866528799703179642e-01
8.034563130973227940e-01,3.138110682512711969e-01
4.801695536114669594e-01,6.410733456317850854e-01
8.000735246644522514e-01,3.121347638391368529e-01
7.183500364312910280e-01,2.879406831300052039e-01
6.330920220119020669e-01,4.433201221977227102e-01
9.337239579874457851e-01,9.874613634135643858e-01
7.357135423184116840e-01,9.228741113853436984e-01
1.304375803580780646e-01,6.461777987267954826e-01
1.758248433799599608e-01,2.760606789425804619e-01
5.123628890962101945e-01,7.674577249300958970e-01
6.865054501625094119e-01,8.501808701558730696e-01
5.386422127142047600e-01,9.315158082257046779e-01
9.113511549765550557e-01,8.591199252106740403e-01
2.076271654178858950e-01,5.228633724540290295e-01
7.200530626286958391e-01,9.862571343226047560e-01
2.655868932829827736e-03,2.988585736402012971e-01
3.540443829737329184e-01,3.137997404532126278e-01
8.138508508089379312e-01,4.747944421019833355e-02
3.293087258302672682e-01,6.704998552659781064e-01
3.697580457755605954e-01,1.431691477030281323e-01
6.046936328340710709e-01,5.335348885492141591e-01
9.778857726332489397e-01,7.682814558560048246e-01
1.003621319806388801e+00,1.799034426186414681e-01
7.415262317987565410e-01,5.133149926917697226e-01
7.411808802644096472e-01,4.487009424097846422e-01
1.824621410373675756e-01,4.833381152684971399e-02
8.085374306132745437e-01,8.173853743977556041e-01
1.558135169355574501e-01,6.636544783938184144e-01
7.544676271725228034e-01,5.796914474520811211e-01
3.213541376529370219e-01,8.637791023911234323e-01
6.217029207823144832e-01,7.096035805494911308e-01
6.920000264875674212e-01,7.163049102918949140e-01
1.482874548624459055e-01,9.529663131189822778e-01
2.909030605361392907e-01,8.215781962323551735e-01
9.079873575934210850e-01,6.426540904883182304e-01
6.040832672275697757e-01,1.192913482064485303e-01
4.263351221026666638e-01,6.153718159703408519e-01
1.138701965200158428e-01,9.893131680289035668e-02
1.019819106766995498e+00,3.204242150000757849e-01
3.857738634565076041e-01,2.344194316203617179e-01
6.381426554419253883e-01,5.032410023041397062e-01
8.214756123908341090e-01,5.288633650578243861e-01
-6.221009753413626192e-03,4.843355750862233244e-01
5.521226364591417385e-02,8.096701186280550466e-01
1.275948282937455214e-01,2.014201530245508798e-01
4.341534550453369223e-01,1.627667044346597924e-01
5.734658658909200790e-01,4.504887589693890027e-01
9.427325064868755655e-01,6.776016801536206835e-02
6.040905428632390439e-01,6.927946049439452914e-01
1.035443333727131265e-01,6.300255657421427458e-01
8.638077178600578332e-01,8.007283484370373294e-01
9.216587863569073447e-01,7.514723729487545745e-01
3.806110749684519234e-01,9.002797656908715362e-01
2.032812623688990405e-01,5.682244535732783319e-01
7.422870961008319890e-01,8.872992623821269742e-01
8.965252963767312844e-01,8.231907168522134555e-02
7.054681826082517260e-01,1.806150719204306365e-01
8.012501717419731051e-01,7.327452435164792943e-01
2.067323827723690499e-01,8.034034555395216382e-01
4.351370584748163184e-01,5.834237334194268820e-01
9.663170991426327516e-01,6.291296819725179512e-01
6.102078851316774522e-01,1.811047320754615234e-02
2.106047762072540686e-01,-1.819238569821868962e-02
3.267869283120733437e-01,3.634844213072364605e-01
5.175228284279544955e-01,7.144684543338355454e-01
1.530100703563814779e-01,5.994028154794275309e-01
9.498747041887111164e-01,1.619906759129219886e-01
6.645175736341258910e-01,5.729113654218315893e-02
5.329757112051826118e-01,7.365382968079784431e-01
1.651541357918996644e-02,3.375963162281338525e-01
8.759038488717727500e-01,1.967538978536882699e-01
7.448715034590424056e-01,5.940372609151143291e-01
1.354813542493739087e-01,7.297938768614486982e-01
5.142266029843687303e-01,1.068609821071865029e-01
9.245223805782624149e-01,5.009214572289354406e-01
7.727018502928457711e-01,2.198175640254367569e-01
1.082974978057258120e-01,7.230423826213031591e-01
6.782497804684582965e-01,2.347686141645586588e-01
7.216277929486725196e-01,4.720421844361473163e-01
3.509058418402850044e-01,8.301354030450572852e-01
5.915629906447122943e-01,5.235949601291624012e-01
7.618295693931400603e-01,5.184249030783729673e-01
9.698170096323726064e-01,8.612525798051520187e-01
3.664248231860539051e-01,4.721694633159879140e-01
9.585784805987157542e-01,8.922394661966371876e-01
1.979871121735522488e-01,2.878262011776490659e-01
3.976873320349625374e-01,8.693943703068959250e-01
9.299650429175424504e-01,8.005711976846517919e-01
2.961896861578395268e-01,9.350664218021839114e-01
5.405241494653088147e-02,4.387683591016959261e-01
3.957861204677894928e-01,5.605880598037465967e-01
6.089295028163896895e-01,1.916967818751285635e-01
2.165476015866199255e-01,7.519423988969442529e-01
9.522386790017273173e-02,5.043068029490846982e-01
1.807098671805970336e-01,2.661666119907560857e-01
2.770065237540009773e-01,7.129790710024779266e-01
4.547584464435180940e-01,2.870132749650884940e-01
8.134162277813835606e-01,8.475943302914260014e-02
7.503231141570398943e-01,2.644987640842809684e-01
9.164451678813246849e-01,-2.893423321896505113e-02
5.601973266924495931e-01,6.305488133041410315e-01
6.096600901377097204e-01,8.335780734888449395e-01
9.419019030481605437e-02,4.440725335188452916e-01
8.360161295042697338e-01,8.892986273339904546e-01
5.134257652225356905e-01,5.871408030788463073e-01
8.016864608264426817e-01,8.051048702589113093e-01
8.853490073423100348e-01,8.554508370264304329e-01
4.189113930424043786e-01,6.355646287956248086e-01
4.809227532090048496e-01,1.539178757429432998e-01
8.346041518105151713e-01,6.429508814512713277e-01
3.635523226073972269e-02,6.692371280272284562e-01
2.914062058153288337e-01,8.411236590604027896e-02
6.042532329691969739e-01,7.482186711982197203e-01
5.331434556231208211e-01,-2.211018453811155679e-02
5.919515684424007107e-01,2.807436287880148845e-02
9.323314025633084867e-01,2.305059315978297552e-01
8.654698776816888151e-01,2.086809330307398680e-02
7.990241789349541990e-02,4.697744616247461202e-01
7.731991837556084768e-01,9.452514340383086910e-01
5.214436178679268119e-01,3.593184411534632861e-01
4.447334986297046128e-02,5.579997221240187155e-01
3.714416262169689120e-01,9.105829960256258682e-01
5.084312794290593018e-01,7.792878620799390532e-01
8.776568876392912832e-01,7.017850978162490372e-02
4.337227624858333019e-01,9.351945934636233249e-01
4.095959343549938070e-01,5.498957228690688481e-01
8.676688539404873168e-01,2.729558215617529093e-01
8.811511791195624221e-01,4.081781107777627815e-01
6.008740096645789341e-01,2.894697056150365433e-01
5.268055077954907350e-01,3.822729916155265251e-02
7.881941550468449242e-02,4.495041667114652584e-01
3.280609566896786067e-01,6.088999965419036320e-01
8.826673177545241167e-02,1.534378394740151530e-01
1.827318611191036668e-01,4.680432067235981708e-01
2.458220915965476094e-01,1.433290745879617356e-01
6.422037956702618677e-01,7.158123966598809451e-01
6.813588174468412362e-01,2.514547183696666521e-01
8.611485055235829078e-01,6.007621061963706044e-01
5.912079492491356669e-01,2.274940008228157062e-01
2.424194696638048985e-01,4.497175812679871654e-01
2.140137711024362455e-01,6.922339004520913219e-01
2.751390356255324354e-01,1.564658393287880478e-01
1.784049907875582264e-01,1.405689846095659334e-01
4.272835770069224326e-01,8.526841779374124547e-03
5.173407645187282355e-01,3.010286000002607154e-01
5.459418404735251196e-01,9.146383852542442350e-01
8.815219442360400226e-01,5.368803613192876245e-01
3.943540571762709779e-01,6.770510479587688035e-01
9.130431814948348768e-01,5.155338173022183668e-01
1.143929214787718224e-01,7.681944416814103782e-01
1.164243552060828350e-02,7.644033408888245562e-01
1.123531028857390202e-01,7.030280447439335445e-02
7.971380307772796270e-01,6.793578215977278401e-01
5.719629357025661776e-01,8.307407119698749787e-01
8.660334095833522872e-01,4.891852056184751163e-01
9.688779782328056367e-01,3.776888336712819205e-01
1.702306692162233182e-01,8.367593239203615640e-01
4.562455219800843342e-01,8.885378760176285695e-01
5.282225326516626351e-02,1.301983580355675629e-01
3.935149172332069734e-02,5.933532632905905713e-01
8.197424389201533046e-01,4.087520471244775466e-01
7.841800996203804330e-02,3.765774052586224330e-01
3.657864498888105942e-01,6.456821471195294260e-01
6.916816499793865258e-01,1.032878418801789905e-01
4.471575491526746937e-01,6.620404351684834321e-01
2.893672340342979821e-01,4.465223681045796811e-01
5.784681916060869789e-01,4.081739871552354515e-01
2.862359837360228462e-02,2.248446566888296638e-01
7.681329155420610899e-01,2.376349470729940128e-01
7.957196900225890213e-01,4.688554913069625241e-01
4.916014459317840091e-01,7.606423074053847433e-01
3.767233627327199463e-01,2.245191376075288958e-01
8.514536486886667421e-02,6.671870014118709280e-01
4.768068695667509460e-01,8.345538033755348639e-01
4.338326453852565101e-01,4.142029824886639955e-01
3.224148168442647067e-01,1.758511140278200546e-01
8.557772736368929323e-01,8.643229404059676879e-02
9.163544924683315607e-01,2.254781998560756798e-02
5.314273059729097692e-01,9.050936466487397025e-02
7.771788391536899043e-01,2.314265253636943465e-01
5.714153190512870628e-01,9.007257081684799660e-01
6.463471913863254592e-01,1.741578764971075111e-01
7.684415879502728419e-01,4.506603721436911458e-01
2.633616403110996054e-02,5.030127866253466529e-01
8.410804742869827377e-01,4.490361393458087713e-01
7.463675199045806119e-01,6.977218698757856608e-01
4.736874771993670463e-01,3.310767444488427746e-01
7.261834838549986459e-01,3.514240038390687437e-01
1.594727577015083997e-01,3.325192497423268279e-01
8.378222465478166736e-01,2.365897230590830458e-01
2.488280826616528774e-01,1.227504638992652358e-01
6.454859024995036887e-02,1.008225799457226568e+00
5.165155113095772910e-01,6.962525969879650445e-01
7.674454938743608956e-01,3.386209925655975783e-01
7.983987300205936943e-01,9.722448959733248630e-01
7.482957357387360897e-01,7.126581634779628471e-01
4.533969606085172521e-01,8.547341180389896875e-01
8.520938704709507538e-02,7.623886848080443368e-01
3.310812554190980528e-01,5.872488872946670657e-01
8.934075703329592555e-01,5.810059700105125735e-01
1.724876245138352859e-02,7.433556533804150934e-01
9.136713203906501324e-01,6.502239047374830383e-01
8.789956168377902612e-01,8.257845163653674270e-01
8.440004202040000125e-01,3.428223399712158614e-01
4.459756773081450798e-01,8.382603936475081507e-01
8.882539897185044442e-01,1.459033106977404015e-01
1.561461252696931257e-01,3.484979824064315945e-01
7.929552305207955287e-01,8.988944546758076415e-01
5.553312828178531557e-01,9.994622818539733444e-02
3.208035353535918510e-01,8.711038786533553679e-01
3.352509523417173676e-01,9.307785147604494269e-02
3.037137612184360735e-01,7.700405012890061407e-01
5.039861443744483305e-01,1.932342037604238838e-01
3.048501382683583283e-01,9.251968994179022854e-01
4.602097605586155105e-01,4.459878391119118102e-01
1.672487944563140760e-01,2.781316523747499048e-01
7.883365036769669487e-01,7.944813985560755798e-01
4.560500971137762538e-01,8.710674972128343851e-01
3.782228726137753516e-01,8.325851227834013546e-01
1.753433412546473447e-02,3.420898115894101532e-01
8.648445828063444640e-01,8.591940483092685987e-01
7.828320117242990595e-01,6.664548354385476658e-01
8.413926578044669258e-01,7.215321355159546313e-01
2.712669608858277459e-01,5.066428262782388670e-01
6.450727059812100261e-01,5.905116252346924721e-01
8.652834435958398629e-01,4.718004548979490287e-01
1.923892709392080458e-01,2.371287631673773821e-01
8.384113663410271977e-01,-1.537477302923395683e-02
8.705964823474248160e-01,3.854472633881238230e-02
3.801008598908033331e-01,8.136108814519824595e-01
4.173279698670965265e-01,8.390322335506567031e-01
9.355446118122472121e-02,5.317217012855459668e-01
5.827609928283297158e-01,8.851854885566412534e-01
7.164535457764761861e-02,2.968019797258939496e-01
6.280695405396139464e-01,9.842393267405441515e-01
8.301239257267394311e-01,8.135897931553575102e-01
5.087950224997284110e-01,5.698947228194475301e-01
8.668814827716238014e-01,8.690481828274357889e-01
8.010573410535931638e-01,8.078030846546500054e-01
8.923079744176589667e-01,1.102456395233197689e-01
2.911127306510622459e-01,9.968704390699321127e-01
5.606141618782836122e-01,1.727665551481258610e-01
4.965145020229705941e-01,6.390874134050749111e-01
7.877966545657187902e-01,8.341146535177160759e-01
3.554534739379275332e-02,4.706173387574420497e-01
2.140082210194784937e-02,9.159894647117160504e-01
1.844957748470153480e-01,6.431171575056943146e-01
5.587768159275783297e-01,5.998212497162547230e-01
5.663671429339546259e-01,6.772449778426243849e-01
6.167509073312781309e-01,6.651159042695983792e-02
3.499747671875532151e-01,5.585072929462409075e-01
3.357967551226662684e-01,7.570916835327671235e-01
3.242978860903091842e-01,8.178703898589514409e-01
1.952669460175173455e-01,7.754093145281396593e-01
1.716589987049928767e-01,5.455226129308207161e-01
3.453280949178197945e-01,6.218500577294234777e-01
1.843692051805664311e-01,7.710006556560849988e-01
5.601847452242745273e-01,9.561877808633436615e-01
6.791877273701906192e-01,5.990306012765698185e-01
8.249999416993345491e-01,2.261797661427394635e-01
6.449781063726927055e-01,3.984347192547127436e-01
7.796344449363535878e-01,4.635187706530541352e-02
4.321513372865424807e-01,6.322921490413077050e-01
4.471293874769280419e-01,2.093982850913959914e-01
4.674161477830573452e-01,8.563717688510523729e-01
2.246972733890289231e-01,3.725185295273822361e-01
1.011415297337165731e+00,9.343071494620354134e-01
1.340642154556926507e-02,5.199707010616811953e-01
6.519225762227602583e-02,9.097834300520539763e-01
4.366784465260954984e-01,4.244621755126963825e-01
2.704845053597104143e-01,5.688251666955463914e-01
1.261459459149744944e-01,8.090838426163897701e-01
4.998755786911249221e-01,5.512128840846810540e-01
8.149401994434736229e-01,2.097536685305889659e-01
2.101465809890781522e-01,4.254958651360867261e-01
7.788945424159982034e-01,7.947111377450022385e-02
8.045772046330083027e-01,4.965424512575529192e-01
5.811249404505469673e-01,5.481932749238388469e-01
4.235128795927489698e-02,2.570434328534008106e-01
7.575822797732330027e-01,4.250136999389290682e-01
5.843836006777577419e-01,9.138196400286906496e-01
4.705080389612908282e-02,4.877019739025643674e-01
3.493430590421471305e-01,9.215447118855694952e-02
9.059746023047324792e-01,9.634945577208635648e-01
3.231003238098550945e-01,9.582876951542852462e-01
1.443258165665033468e-02,9.807217167487509712e-01
8.403629390365713325e-01,2.153723743677885827e-01
5.776510639336385200e-01,7.998455128709159867e-01
3.030076690564169062e-01,3.163136422020101923e-01
6.425989048191719233e-01,1.498947681949174826e-01
1.300485149219629266e-01,2.391161856467347024e-01
7.537905849783120837e-01,3.870417897779437899e-01
5.424379998069389641e-01,2.117276604063866308e-01
2.018014602962293624e-01,6.228535836252683255e-01
1.062447472836788032e-01,6.393874984356494595e-01
3.843243349542191378e-01,7.103720801242993099e-01
3.612688067904599176e-01,7.992003315609925718e-01
7.181949310417717891e-02,8.798359704450917640e-01
2.840213271264931394e-01,1.913960939828501448e-02
5.538861472273325370e-01,2.482718599334760023e-01
4.327627184845534436e-01,7.989288864252193090e-01
7.973728484047413190e-01,5.860009143291380340e-01
9.827113128148103893e-01,4.640640491300764836e-01
5.007924645333740321e-02,8.562690545696425293e-01
2.747980893166778182e-01,1.855053913052531200e-01
6.780203800570380746e-02,3.367183200972283519e-01
3.215141221563720397e-01,2.710238831419918837e-01
5.922611303045115516e-01,7.731845104991338369e-01
9.084717760418871135e-01,7.435828101286720559e-02
1.387427956010024444e-01,5.972893876594700391e-01
1.456755792175961628e-01,3.545779614139067393e-01
6.263765338298086238e-01,7.806606053439871795e-01
2.115743694548506970e-01,6.670315098286709876e-01
6.365749209735468428e-01,9.144756773197929567e-01
3.287409998524661314e-01,7.409689821432052792e-01
7.756715029783753934e-01,2.443283831495416114e-01
6.223167862679536144e-01,6.715217773272436075e-01
2.694277392442721575e-01,4.274005817394921913e-01
4.023044883337634214e-01,7.809243644889544145e-01
-3.150389368146571788e-03,5.185752464509025828e-01
1.665427693060689551e-01,6.248830971461214467e-01
6.958924435581884671e-01,4.952197398437666043e-01
5.591442178914526329e-01,3.157274166619897238e-01
3.508731371377676322e-01,7.602318846002178443e-01
1.399263225577972725e-01,7.875018417721070252e-01
6.495552228846797060e-01,8.516163975555474108e-01
2.673632539080094683e-01,5.450108362454427757e-01
-6.819335255522029904e-03,9.218894742287515598e-01
6.446876692068985726e-01,6.224091579847988998e-01
7.342783890976699590e-01,2.992659308652924066e-01
6.080635276700483427e-01,8.283922835028555420e-01
1.136224519930450205e-01,9.548834070085709946e-01
9.137746601359203469e-01,9.567632181880996178e-01
7.986513576722539254e-01,2.702234255511889449e-01
6.077947462660971967e-01,1.141619179848037124e-01
7.057366470423297455e-01,1.644809865853530118e-01
8.581435985352967588e-01,2.345846742506932092e-01
1.557315771454169384e-01,6.417331450398068571e-02
7.659204859080793737e-01,2.194578912992777298e-01
2.116512537804224603e-01,1.745231010700248053e-01
3.283703469478672088e-01,9.460846341696609318e-01
5.029390055144866700e-01,2.720423772746715096e-01
1.729576588737675724e-01,3.770766832524530265e-02
3.565891569731049482e-01,1.112305403157395761e-01
7.423248810304875628e-03,8.570026130627064753e-02
2.679385022787270643e-01,7.599950558515004007e-01
8.161664954247482839e-02,7.003823160437788742e-01
5.984939975365282105e-01,8.907883839229564504e-01
1.839727909852215959e-01,8.090193378753802733e-01
8.518368086700887076e-01,9.697582353631934993e-01
7.774793607969844311e-01,1.094297979180662711e-01
9.471909747288929093e-01,8.184745683257067528e-01
1.786075277662709238e-01,1.549683845768562718e-01
9.396204617652441637e-01,1.838594943244480362e-01
7.602031328539725630e-01,4.150605345981123739e-01
7.125739634649311816e-01,8.293585190885441327e-02
7.075068630047116613e-01,4.910245785205769042e-01
8.908825261802940654e-01,2.093586398310123831e-01
9.425668027036154806e-02,1.780055537625352124e-01
8.275792279884255920e-02,9.802548078012142119e-01
1.214917422791860768e-01,2.059306990393726111e-01
7.894941937653103814e-01,2.287763515334757802e-01
2.420183517762401204e-01,6.693911703848046679e-01
4.106940563500260932e-01,8.599599857593043239e-01
6.551842069914666222e-01,2.608189601134373592e-01
5.955932995752988290e-01,8.872782511448080722e-01
3.749378718534043253e-01,7.401495463920233497e-01
3.830419773768717340e-01,5.307430173393121731e-01
7.350865723791671913e-01,3.200939093498730847e-02
4.708222364002342397e-01,9.286140162548393862e-02
6.854125155216332921e-01,5.964740436347273356e-01
3.212031412846130807e-01,7.368403931134814844e-02
9.541948854045728678e-01,3.265729277879291237e-01
2.480676518374793638e-01,7.121480488615991589e-02
5.720168790784210255e-01,2.681776609541021705e-01
8.627007719946335751e-01,7.173646499150643230e-01
3.959935615880632448e-02,5.568276109726062462e-01
2.505257037827662292e-01,2.387969400627172611e-02
5.975514323469905964e-01,1.671564636292268147e-01
9.025179731452216414e-01,5.434773608811341861e-01
1.921559206719139490e-01,9.654307838894887750e-01
5.508165932595008307e-01,1.910845962143743193e-01
5.174970393352031905e-01,9.485714079550483513e-01
3.828408922422739114e-01,4.345129828880592293e-01
4.616979524825490233e-01,2.691098128792935307e-01
1.851054483344449220e-01,5.551116245015953465e-01
8.805025716337052666e-01,7.308291860047591015e-01
8.494373909389860144e-02,4.118640644444383492e-01
1.457415651531856343e-02,3.289597863987592241e-01
6.794230000216604504e-01,2.879268108603099119e-01
8.337619614204856422e-01,4.864897666549846122e-01
6.653620407556375405e-01,8.848097679818203165e-01
6.930039744133499324e-01,9.000973214463920957e-01
8.142372592775009021e-01,5.512458116235028349e-01
3.242272122418875524e-01,2.760089469556532560e-01
8.841150444940381048e-01,4.416741609914632410e-02
9.630837689723447115e-01,3.447346170919748931e-01
7.388300635578866071e-01,3.611241605297828561e-01
9.495534048403849736e-01,5.410786794312534564e-02
3.387942598491631707e-01,8.755605231791953047e-01
2.554073326512246167e-01,2.760089018606680655e-01
8.977235729938199960e-01,8.481534292528049024e-01
9.235619648784759717e-02,6.416469166228997434e-01
1.957534531156824575e-01,2.197972551276647923e-01
6.211598008083484279e-01,1.346280415903582939e-01
4.594711483114961026e-01,2.606571440078319091e-01
8.426335078706557180e-01,5.919570376936895695e-01
2.024066805109948353e-01,9.235052366339678853e-01
8.096298570580171550e-01,2.492869338917794719e-01
9.330291762241631481e-01,2.811802508657403332e-01
2.791867578961195195e-01,3.700203514527132809e-01
1.455418396075977283e-01,6.931038135525867672e-01
5.577708160107336388e-01,8.949876469501204523e-01
2.256480159932796326e-01,1.789355422258943340e-01
3.453764181205899453e-01,1.475123078428367818e-01
9.433563628889676256e-01,6.836770012667237051e-01
8.367673350436088953e-01,7.595393771027554308e-01
2.464232964865857578e-01,1.474173558945471030e-01
4.704801861315898170e-01,8.517564505073560444e-01
3.374906088726243869e-01,-4.603228084091871494e-03
6.490498764456571479e-01,1.639979433027965450e-01
5.354695143211337660e-01,2.811681743512423060e-02
5.215224335870274341e-01,4.059314056811552107e-01
8.701047053425308153e-01,7.328346710916764373e-01
5.251183569866385570e-02,7.449833218556942693e-01
7.973159036806897193e-01,7.050305635959872586e-01
9.234674453696813945e-01,7.528171348487571191e-01
2.026454875624680296e-01,3.452550992015933629e-01
3.372360250738389298e-01,4.804264968163652338e-01
9.723307291460524526e-01,6.311686645465468537e-01
3.197988094396985725e-01,9.660423661180141952e-01
6.889638794764316732e-01,2.675515343469098695e-01
9.504010052521298935e-01,3.559185225207577297e-01
5.278671970628243670e-01,4.638719781721933888e-01
9.152993888484761698e-01,2.456042274219297217e-01
3.669249991320231441e-01,6.289959703753769116e-01
9.048984823522634446e-01,1.265065140391126719e-01
1.778162491282274660e-01,9.708826287358017781e-01
7.721231254364010477e-01,3.196520178946838375e-01
3.649244550319924452e-01,4.530841980565611382e-01
6.697007870981986910e-01,5.509261032491991061e-01
7.585375338975600679e-01,3.039872917508695468e-02
8.349774340475834000e-01,6.454887417186321030e-02
8.861871662192359889e-01,3.596989129862972201e-02
1.288583619043981998e-01,1.654632970545007187e-01
2.079847432062663648e-01,4.359668565865786882e-01
6.731728544105858303e-01,8.813743346172179249e-01
4.945795418643336161e-01,4.984680175013763148e-01
3.066215849346670130e-01,8.028345113656998322e-01
1.128535914793726697e-01,3.040695720765424492e-01
1.036658546844457657e-01,1.934135857033323913e-01
6.167529417146973003e-01,1.220126603671787269e-01
1.065146498741428444e-01,8.127867342499391912e-01
1.245289140619770668e-01,6.495928032671930419e-01
3.322244805255480382e-01,8.740552371848323565e-01
6.902593305061527351e-01,5.276714169292764933e-02
8.850400899804291566e-01,3.930856797190508956e-01
2.972342026966328654e-01,7.040048386671284852e-01
7.149775450561359769e-01,3.013219960369376005e-01
3.585154028020547390e-01,1.692838049893202468e-01
6.209081242878322637e-01,9.617098810838002887e-01
4.165713339667586612e-01,9.763755301336204395e-01
1.912138303711845844e-01,7.792091309209313588e-01
9.105982708302527984e-01,6.919170368396448945e-01
1.401567902830551937e-01,3.410704936709697543e-01
8.491515444581287930e-02,5.821163265006831233e-01
1.028591074580236242e+00,3.736230168547037267e-01
1.571409184242847645e-01,2.797435335880891771e-01
5.618409547154071815e-01,5.539017105184728118e-01
2.166789547285566109e-01,7.375094884595009281e-01
6.546495006806569983e-02,5.982618313361997009e-01
4.451395451931283720e-01,1.405518424541495337e-01
6.179287949019732773e-01,6.908174653684908684e-01
4.462065510895780185e-01,7.915169466212131910e-01
4.847999711840593196e-01,2.925833940470357053e-01
9.909088888695462005e-01,9.443354685425641160e-01
1.155944542502591044e-01,9.418469253544613506e-01
7.939190794245672977e-01,1.036399308604798175e-01
4.712187147968202594e-01,2.051660615481924743e-02
5.915022860810026373e-01,9.548401302573225058e-01
3.651397443527845121e-01,5.092214811228902294e-01
2.158149534103869505e-01,5.721647701833818545e-01
8.325884591636104615e-01,2.017333874464087573e-01
5.231585487494325726e-01,3.184993154775571100e-01
7.599402486021697989e-01,7.047430804578911356e-01
6.831537653111172670e-01,3.832399678945079269e-01
5.746728054306203815e-01,6.669836478706223648e-01
6.731677747637494491e-01,5.536271726333464871e-01
8.594644528339762113e-01,2.407690718661423812e-01
6.310795672943481094e-02,9.858234054558584480e-01
8.301640545212368716e-02,9.061482861453917792e-01
6.085411239068574396e-01,9.073675139600811956e-01
5.295935327133006743e-01,8.206244525654668998e-01
7.042700339783153352e-01,5.494789081845542489e-01
3.593091740011009061e-01,1.780074055889384332e-02
2.412550163676783210e-01,9.382571591782985498e-01
2.875576532144294428e-01,7.574051220552204811e-01
5.149417598052995482e-01,3.066387995478340733e-01
1.006881250720338850e+00,5.986983490612908521e-02
5.385407036473731646e-01,4.563691491852454041e-01
9.682122522341378434e-02,1.937055059909194021e-01
6.603940572606743498e-01,1.055529929264249211e-01
8.114398277276591021e-01,6.158513669858939332e-01
1.267165200776823319e-01,3.236870698006645286e-01
9.867631157956668897e-02,7.899214093031343698e-01
4.873227966867790251e-01,1.605011838386212822e-02
5.293065315608641574e-01,4.732875745359827468e-01
6.660382417784567188e-01,8.276125829333885048e-03
3.834560522653074344e-03,3.038185930588365169e-01
7.139486466891366012e-01,6.873224717371400061e-01
2.723858177530191771e-01,1.905626352155337100e-01
6.998075434800752337e-01,8.220624773138340835e-02
5.520695792124383772e-01,4.000405641815107383e-01
2.639206728468243002e-01,4.976483236096753693e-01
2.098341663562575676e-01,5.115474097497876294e-01
1.429083697772360606e-01,3.801271676695522350e-01
5.356029923583038865e-01,1.217815524348149839e-02
6.263134330331110444e-01,7.482165181363030770e-01
9.585808520097427454e-01,2.135707740641065444e-01
2.076263009837510665e-01,2.918747368711134271e-01
8.745235123222893092e-01,4.170367612934545720e-01
2.637590425452998599e-01,7.747440695050428205e-01
4.062661213390390824e-02,5.420666131045298597e-01
4.555116873208088779e-01,6.129722551626843874e-01
7.275387105694489653e-01,3.023539275641765611e-01
6.439189046994409082e-01,5.227595863387708430e-01
1.377171897343780482e-01,9.113890049379380631e-01
7.385060000771663802e-01,9.190764592210409756e-01
6.873762802171179409e-01,2.558072045172831710e-01
4.301765323060890434e-01,3.872153532616128269e-01
3.267470974240582055e-02,3.989843561183323284e-01
3.954900129436185741e-01,4.688118034212654210e-03
8.530535958147423825e-01,1.210860100255990446e-01
5.186543033414937609e-01,7.822085140587966556e-01
6.133976381223407159e-01,1.873979039723516482e-01
6.161329685807488410e-01,7.440570124701058052e-01
8.082097806260662987e-01,3.109101546169674712e-01
2.027326196443670833e-02,5.850871407909511435e-01
2.548302288099958957e-01,8.005504034019579329e-01
6.432849242254148336e-01,7.762610640381669702e-01
9.511863251157995913e-01,5.918832740454630370e-01
8.883206117133074509e-01,6.311134444344432826e-01
2.010051340262499764e-01,8.156949983834450579e-01
7.238882281800073093e-01,9.735988176513750147e-01
2.143187509878079766e-01,3.515513905425468044e-01
8.400327729824914602e-01,7.545500676295320563e-02
6.183247460966337927e-01,5.140600071877147181e-01
1.795411576761080374e-01,1.473986495944138719e-01
8.040381559151210666e-01,7.357535683644494950e-02
7.894204131319539908e-01,7.485210297454949480e-01
6.364346373391137623e-01,3.950711684660289658e-01
4.263649531522148428e-02,8.317164782335115802e-01
1.154744981155667594e-01,2.716514683941658737e-01
9.485371572479111002e-01,2.740817045380440353e-01
2.279713457059351356e-01,9.498504258766867769e-01
9.685336522355368627e-02,1.661302820016205828e-01
4.610565163762959107e-01,7.529292141416847883e-01
8.540206831057611803e-01,7.647501530367619704e-01
9.587344350226941758e-01,8.575202797916174624e-04
6.397615844146938846e-01,1.052872528240187677e-01
9.016444594588787220e-01,9.303053965527948721e-01
2.992398084280306070e-01,8.414072503874066022e-01
6.060754874421040439e-01,9.672646462157205582e-02
6.260155983126238777e-01,1.018712072833499294e+00
2.809612752380490908e-01,7.760901108636867468e-03
9.729894448593273681e-01,4.120075344724409838e-01
4.151411326523429812e-01,7.277282058380412089e-01
6.184752689827138772e-01,3.524441237039324104e-01
7.355629240633390631e-02,7.924043236189552974e-01
5.244718034065704027e-01,6.714364540462792741e-01
8.513687422097767632e-01,2.148720691138599620e-02
8.314882281693207755e-01,7.593124640745327891e-01
9.452165105891277008e-01,2.550663808561071666e-01
3.395625983661971214e-01,6.802854013266513844e-01
9.296097079382039663e-01,1.024756287863422433e+00
4.282627120172212143e-01,5.285672618800967282e-01
1.543665188257608289e-01,6.800447386624731694e-01
8.491470243126463258e-01,7.720169190291017447e-01
3.489451639417951445e-01,9.466065389834897870e-01
9.528416914974623120e-02,4.721367247086580288e-01
5.541212991584588687e-01,5.517893542911054272e-01
7.443720513879761302e-01,5.680876901619009711e-01
1.402161122663992399e-01,2.022075883218756309e-01
5.508846051919682463e-01,7.271051732818163416e-01
5.160219291425183208e-01,3.528077607453755649e-01
7.825038990496838154e-02,8.128617523342113182e-01
5.094979753503602327e-01,5.564390877602013452e-01
4.441826956606489407e-01,2.601960235742282190e-01
3.104497603964402330e-01,7.958767228492630297e-02
6.783585992244088869e-01,2.612508184330653571e-01
3.293804828014798014e-01,1.002604464010813823e+00
3.894503421762177675e-01,5.149364277147784330e-01
3.848018728982158798e-01,2.797062551769424754e-01
-1.082103731395494053e-02,8.750928392236100306e-01
4.779045833005287069e-01,7.340313657090586918e-01
9.695904712034633111e-01,3.100566925934340398e-02
6.841324570868639876e-01,1.351128960885362718e-01
4.613107184724469234e-01,8.278332037200507587e-01
6.698350917342867084e-02,1.001411870863399889e+00
5.943892828076420276e-01,4.240140181818580212e-01
1.031185752510599754e-02,5.913430428030677088e-01
4.923073655953419392e-01,2.478032530108635056e-01
4.979765054258414869e-01,2.070114828341920732e-02
9.987644194080337323e-01,3.276130661678129385e-01
4.512487533745193624e-01,7.595541259727456307e-01
7.163552328310957007e-01,8.896420238133077030e-01
9.450142052890416755e-01,2.080056160234615148e-01
3.922586283945194152e-01,6.798507638420955290e-01
4.082475108551318621e-02,7.218230422877933705e-01
-2.716599785958269050e-03,9.353763472798374279e-01
7.179439706837544843e-01,5.705324187868900943e-01
4.125696336639268491e-01,1.009322287803877227e+00
7.652910468569562585e-01,7.800300149040590991e-01
8.334027718564510634e-01,1.971671189402292648e-02
6.036510177144033956e-02,2.074068587986627743e-01
6.105184801207250711e-01,6.391389319554282578e-01
3.474115096589507345e-01,9.974948619479658829e-01
7.421419931898537437e-02,7.761006677226721662e-01
4.700988033004654953e-01,3.805292849628220675e-01
1.315424887501924489e-02,7.061174788276055603e-01
7.782660374227333699e-01,2.863285386811926791e-01
4.973719005666983883e-01,5.960528404975916628e-01
3.830484473572599025e-01,6.711375050661707586e-01
4.401888585134720588e-01,8.574276393723332390e-01
7.049312306380238757e-01,1.236611447587030316e-01
7.726830941163953526e-01,3.594400174211461740e-01
9.410366151245505018e-01,6.008698495127171579e-01
-6.119762821358371019e-03,7.527704475419234598e-01
1.155018791601213624e-01,8.803413275637241853e-01
9.451871024381399700e-01,6.635798531400743938e-01
5.282590655542082070e-01,5.778573283158163765e-01
4.158147844646586377e-01,9.223837098825198033e-02
9.428926984509568010e-01,3.288215975647327260e-01
2.951689131915121722e-01,1.783765483353172976e-01
9.791127960166933208e-01,8.998231487985305366e-01
3.508975734208310548e-01,2.266838766057598098e-01
8.068934438638696305e-01,3.934213449293833542e-01
9.436629616345424409e-01,9.145890422214956184e-01
7.599427301239152222e-01,5.222744302219785306e-02
6.909517827688598235e-01,9.924933576987118311e-01
3.609067205301650372e-01,8.747059679597414261e-01
4.130232884166726293e-01,9.722180653342655798e-01
6.337462457285596429e-01,9.694652875265868941e-02
4.732988492809523384e-01,8.421112109723387362e-02
3.930140680360781902e-01,9.180806676804278421e-01
2.373979195363309369e-01,9.441216844010724696e-01
8.552458764735314245e-02,6.740069009753248963e-01
9.750444710092782685e-01,6.958051041370513223e-01
9.138522617684922134e-01,1.006216060625172659e+00
6.561981440097696128e-01,7.684573989127433391e-01
6.825717085446963983e-03,4.072385257167065453e-01
3.020247961660734171e-01,8.526178650903795120e-01
6.922580680289279753e-01,6.110755212922216462e-01
9.650921783682886446e-01,7.999471647551872899e-02
9.308782066611086536e-01,1.058245456091786163e-01
3.728547570316020354e-01,6.133976622348376040e-01
3.073803280713703900e-01,6.832903672690664454e-01
7.908473571781851064e-01,7.692145022449998759e-01
1.988910666611437561e-01,1.547407535369564047e-01
6.681062316586888761e-02,4.509178185904206271e-01
1.080365814577959882e-01,3.309713597248559735e-01
8.647497097063561178e-01,9.484761168402732201e-01
8.699828360291239626e-01,-1.980353487628920897e-02
5.473168887602428700e-01,1.606158018444001079e-01
3.687507578286378096e-01,4.335885876364980462e-01
9.280836528300840937e-01,6.450889429136594799e-01
2.785272324148179157e-01,6.750624627296326619e-01
9.420566042636876469e-01,6.589854260961050536e-02
8.281045094822654384e-01,2.167529670392335517e-01
1.488746242461795044e-01,8.575917107268659079e-01
3.517326268214474375e-03,7.529957113303321625e-01
8.607209062253125265e-02,6.023497934215534810e-01
5.873125995747786598e-01,8.718372081562516529e-01
8.232691027902248049e-01,7.129633674914265251e-01
3.515596496142314731e-01,1.569995750642484700e-01
6.092567885166704222e-01,5.174761796863353025e-01
1.027229941334752983e-01,9.940135618798964234e-01
3.248480122530685854e-01,1.792614935010482941e-02
9.104119789847949784e-01,5.885129953197459907e-01
7.340422046677517187e-01,1.650427991668539929e-01
4.474055350425977240e-01,6.494348177032551739e-01
2.514448437111527213e-01,7.054604391113015183e-01
2.306330850936310350e-01,2.140562702305263132e-01
7.964691816295721427e-03,3.047864004590227216e-01
2.676179914455940057e-01,8.076752554614281543e-01
5.692391063647628258e-01,1.835972270959367325e-01
5.730669327725153028e-01,2.294354499594149221e-01
4.481021510896568971e-01,8.557083755917904710e-01
7.284703937745899971e-01,6.910154024182305621e-01
3.087423705855755762e-01,1.495530007082624957e-01
7.697902043212272449e-01,5.559747563052791497e-01
6.077633142284395440e-01,9.602727258679285560e-01
3.255518245269079514e-01,8.196797008508696081e-01
5.883241059266302031e-01,2.439484793700479048e-01
6.898403807214328887e-02,6.218802689032959519e-01
3.089913248115593314e-01,6.531373503459451113e-01
7.070206994441698978e-01,4.469496708824322595e-01
5.355939138868816007e-01,6.310621519180290573e-01
4.542929271991075213e-01,8.558584082696035766e-01
6.101556827309182612e-02,9.508514692763416765e-01
1.034677412011607636e-02,1.877385295569530821e-01
6.796061855493649162e-01,9.553576857677356649e-02
2.441628211293087047e-01,1.167131828964209361e-01
7.155465029885162975e-01,5.566689394908480581e-01
9.366026487158118918e-02,4.627925231813435070e-01
1.790933306793204560e-01,9.790725342172882373e-01
1.096174615063857105e-01,5.932829928915261952e-01
5.133396212006362536e-01,5.585740794982642088e-01
9.771957738282155415e-01,3.330914417762512181e-01
7.483992439452979983e-01,4.324699530343429910e-01
6.470401210248644119e-01,3.569367559399206913e-01
1.891069132797797425e-01,9.054934313470207330e-02
1.040491293536490724e-01,9.294761819413125403e-01
8.016556800485556966e-01,2.741005202431949228e-01
5.158568588077200312e-01,6.985373229378686322e-01
3.748061559252073294e-01,4.480530874487055337e-01
7.156634449424105204e-01,2.437455575434839539e-01
5.318265653473507326e-01,2.386581816823287461e-01
2.742513001531322620e-03,6.987931806163277804e-01
7.292260891361611597e-01,9.467661200815175038e-01
2.037004058840040377e-01,7.294782092110877469e-01
9.579663743581071644e-01,6.778628754017460567e-01
9.570225808126380240e-01,9.853306207788868898e-01
8.005295421318527893e-01,9.702401021103593814e-01
6.698069354146602983e-01,4.962053607979699521e-01
9.505480637088674634e-01,8.242916915796948407e-01
1.107921851053815659e-01,3.216079300647417538e-01
2.386008283941584707e-01,8.532106550103748521e-01
2.513814011825395989e-01,2.997840934103317423e-01
5.091271728621334924e-01,9.842404845194530072e-02
9.892519525484354537e-01,5.222654413470843027e-01
1.769338978294794917e-01,2.592344178171658298e-01
7.886521472725438464e-01,6.483768918847070406e-01
4.406900680453544328e-01,3.087946412969133636e-01
8.863976009685313739e-01,7.538000895478139674e-01
7.357992434523544789e-01,4.623399440930754389e-01
9.715265261328804858e-01,7.061929625404433919e-01
3.728300615647200389e-01,9.514034902725536647e-01
9.206040667222816776e-01,7.297287944408551441e-01
7.451459149246010272e-01,4.511520014074932305e-01
4.850608998054051768e-01,2.224685433211703312e-01
6.531544954417864979e-01,3.677290027549069418e-01
3.723138899647463473e-01,9.148495255705436646e-01
1.305246047494815487e-01,8.140390346667958354e-01
2.979169689135662824e-01,2.869051016153340017e-02
3.673504415269667617e-02,4.033607779002416072e-01
4.519139076119849108e-01,3.073788920275312142e-01
6.503296903992354938e-01,4.651955459830368067e-01
7.795185069078250373e-02,3.336646505416386854e-01
1.018323855605022810e-01,2.753541794817856991e-02
2.183693958156912585e-01,7.053897279690956035e-01
6.913742605992420076e-01,8.646194662742665571e-01
7.751026581075532995e-01,5.065194867461579875e-01
3.139460043471306583e-01,-2.029129470703031415e-02
6.488896475104267703e-01,2.845361070554078831e-01
2.496018693265694977e-01,9.917938013681056875e-01
1.906103889798241302e-01,5.416892127899955445e-02
9.414628390724132379e-01,3.200701361858365734e-01
4.035528162714746570e-01,7.351071969214058310e-02
4.064092702710250804e-01,9.695775658052551149e-01
7.219174434127449969e-01,4.900291723469926697e-01
3.007543369981600101e-01,3.579351035391459823e-01
6.303804551339228235e-01,2.812494490593659413e-01
1.582582269545750320e-01,7.094001193346739509e-01
8.955324068149477235e-01,8.980431937827939581e-01
8.430879444889513019e-01,5.403342479541861643e-01
7.802510022026017955e-01,9.603366315010917198e-01
1.460253671303342847e-02,4.133239438588692249e-01
2.424530014068936590e-01,9.595332716207732870e-01
9.338851790251058160e-01,7.889746302436558834e-01
2.958831914537161101e-01,9.279846648775469387e-01
2.183286971836104901e-02,1.885352500196833536e-01
6.216401554416587372e-01,8.109196044225724931e-01
8.371540625798816748e-01,2.979912226397389285e-01
3.873107622869956246e-01,4.535418356123370187e-01
2.761933023298156209e-02,8.473668918513485027e-01
3.070084820272820925e-01,2.036205758671198462e-01
3.893120298436955617e-01,7.186182013095289145e-01
8.521715483663435675e-01,2.292309058759210705e-01
1.715238521113396364e-01,9.440821270215311589e-01
5.459661221872157411e-01,3.576382415957468086e-01
1.946597882855242156e-01,1.018880828659368465e+00
6.884968317341199073e-01,2.049225814150273939e-01
1.123926552940943263e-01,2.156778101740834674e-01
2.746132113271238517e-01,1.099008028770500495e-01
2.032855479986858949e-01,9.462286919016235642e-02
3.717574780643604360e-01,5.014091929434452144e-01
4.501914021358310314e-01,8.225764378392295129e-01
2.619340865275657793e-01,8.876482532035192552e-01
8.993110563603702312e-01,9.397694530563233117e-01
1.999222958896731128e-01,2.667074107617783407e-01
6.026785399988324743e-01,1.328394396327380600e-01
9.896078638248589909e-02,5.094396970939409769e-02
6.134531838415405725e-01,7.981483022885149659e-01
2.345505175238036810e-01,9.690807321899889137e-01
7.851068216727381532e-01,8.794655297010373074e-02
3.848796977284362208e-01,9.906166132703447813e-02
9.541418853134157052e-01,7.127585636084358134e-01
6.832539226349539918e-01,7.092596282076738534e-01
2.758138581453884464e-01,9.417251335300667048e-01
8.891697467177906988e-01,7.237227607628364812e-01
4.750310817586950729e-01,3.532649342142237664e-02
2.110064449380804480e-02,1.078228491472800754e-01
6.088460206153066823e-01,7.713078139672587819e-01
9.792796275211297363e-01,1.617082447717373417e-01
2.915419430879674367e-01,6.814437512071791492e-02
9.693456012102749098e-01,7.693999358417537016e-01
4.715653600370814380e-01,5.677722924843998653e-01
5.362210456503667677e-01,2.650381379295307926e-01
1.716157391680940003e-01,2.946922355727427667e-01
2.672806196859391359e-01,5.689640318129097762e-01
2.957766887705759462e-01,7.497634362535339214e-01
5.812505283181773619e-01,5.181468703847044166e-01
9.410128107646473783e-01,3.424196178602627039e-01
6.508433863562363975e-01,-3.000067800185476571e-02
7.168117947119830857e-01,5.164515122237413047e-01
1.848974662628222743e-01,1.760931318293421782e-02
7.456597051999942494e-01,6.701664955659553113e-01
6.469473494920008338e-01,4.409849377296760631e-01
6.599895862044988792e-01,5.733129986027749592e-01
2.485717743723264428e-01,5.027797813913837954e-01
5.001193918292992091e-01,8.417440275599328281e-01
4.192477779964380868e-01,3.843613735891604488e-01
9.782778197893444716e-01,9.007477936394739926e-01
2.634562020673678617e-01,9.432086068436600357e-01
1.396606551796186202e-01,8.665634021220348648e-01
1.857359037378545075e-01,4.326847518532397352e-01
9.801844411460237660e-01,1.047777660655274945e-01
8.251893634129904287e-01,5.343356595928432373e-01
6.316681512400196263e-02,9.639091117952016674e-01
5.556223351542953770e-01,8.880666574234870048e-01
8.454505937408905991e-01,-1.892832948716805658e-02
2.769562050203349113e-01,3.637415993163377048e-01
5.392686287887774599e-01,8.797140503986070059e-02
3.798040065131418896e-01,8.212695981411964885e-01
1.977043131697953093e-01,6.950055252668074779e-01
4.840437714243338019e-01,3.801367350844075260e-02
1.651140052407515935e-01,1.519490542329125504e-01
6.577740598618989631e-01,8.760987718477568353e-02
8.023684298177962138e-01,8.442607079314787821e-01
7.753916352832834757e-02,9.014927752073196299e-01
9.524723298898170043e-01,4.631361620580290439e-02
9.390872254080162573e-01,3.246150405216559620e-01
6.885865762619390873e-01,2.101782047646577889e-01
8.016866130563231607e-01,8.054128737573141850e-01
9.724823187438690342e-01,1.042862902285638826e+00
6.942024553283758503e-02,6.789993627682560096e-01
2.525492955368275338e-01,1.089976462153664227e-01
1.471995733498814851e-01,9.786311194542572922e-01
7.056538951261301928e-01,9.397205903882210887e-03
9.975646939042388528e-01,7.848375393259425792e-01
2.955480749434857279e-01,4.810745017109311350e-01
7.545446934125288330e-01,7.030173980033149750e-01
4.697122315013829152e-01,5.193022497323468434e-01
7.013192171986189216e-02,4.691223634779209117e-01
3.767939949674448119e-01,2.703315671004682397e-01
2.748346977173763417e-01,6.390218366798827709e-01
4.061374347427315623e-01,4.350342179686711441e-01
1.639177052299086446e-01,9.597557074589626591e-01
2.208728911688787877e-01,4.366281477612350970e-01
2.340608259827957061e-01,7.282009038223665742e-01
4.416769176114160311e-01,3.809046031233336849e-01
8.876379993294107873e-01,7.729076568458771446e-01
5.353017114772832263e-01,4.457707851904906260e-01
9.769026771131671394e-01,9.876938885460967432e-01
6.851184219275641141e-01,7.738410724400085483e-01
8.828573753581283601e-01,9.622233623723135398e-01
6.330094222359669565e-02,9.903245862375464892e-01
6.961630418038240453e-01,6.009903531063315318e-01
4.309742919449514043e-01,3.607134459772090018e-01
7.911708878788504817e-01,6.616324267984281526e-01
1.787418808455845942e-01,6.076972763900618801e-01
1.420209187846160903e-01,4.784240893722001564e-01
5.946397528600818605e-01,6.325689784196434351e-01
1.483495737257263247e-01,1.200886991805287796e-01
2.501546321194630385e-01,6.240337976180200252e-01
9.605403778921794977e-01,8.067556009359844182e-01
7.419478212473382683e-01,3.107791009882072686e-01
9.750874661496242157e-02,8.602057554550370799e-01
5.145738793055905091e-01,1.154725612862721185e-01
5.373167031309313835e-01,6.478875250222427828e-01
3.125943432860402438e-01,3.685411475353632393e-02
6.338002418196985177e-01,5.575648236062871049e-02
4.989544773749495787e-01,8.313367214566568242e-01
9.556745506384506372e-01,3.482809149502451018e-01
2.623803965679127534e-02,4.932778838451428727e-01
2.728356434435478262e-01,8.896863794290542637e-01
6.958144428857336861e-01,4.117995565699920646e-01
7.899154461182754661e-01,3.758526419614838798e-01
5.558432549899093855e-01,9.036659463855795105e-01
1.997537600031716598e-01,3.067812003556276701e-01
8.974328751339785137e-01,4.602244325750796117e-01
3.133762789137190530e-01,6.639025595638824162e-02
4.209206060541855199e-01,5.030847838597611865e-01
4.145976309067235799e-01,2.909831091581503437e-01
3.827692909811007960e-01,6.734875453996957972e-01
8.655673994930732640e-01,6.561650697080299022e-01
6.441148467030757274e-01,8.108572871075249155e-01
1.802983902991295018e-01,3.270284882040154217e-01
3.875579585985024916e-02,3.833765469624320632e-01
9.701908292647711818e-01,3.411176241354436089e-01
8.419592799328098343e-01,7.294227485122461996e-02
4.609139533953777734e-01,3.434864069483472004e-01
1.443173302780127454e-01,3.847356482866142180e-01
6.668733231091543701e-01,4.870868066479314695e-01
8.395412601652357809e-01,8.974888049793708911e-01
4.476635257777104582e-01,9.453805490027250569e-01
8.809339776580220327e-02,2.976332353947621079e-01
4.286478607077255365e-01,5.902865839755156996e-01
5.615841326198380834e-01,5.822989684293808921e-01
8.805476273034703594e-01,2.820144067886543593e-01
8.109322915860663894e-01,5.523432988367233953e-01
5.132945760169276284e-01,3.309066536196897390e-01
2.571419554812660602e-01,3.833783863040295947e-01
7.573617538585017961e-01,4.999623197927045015e-01
1.248261750625715844e-01,7.000716171143019917e-01
6.797986899309477193e-01,9.684974471182448141e-01
4.937340117415089935e-01,6.519341081470271249e-01
5.099339008641193827e-01,6.592193306807877518e-01
4.381380952874112111e-01,1.480157244138760597e-01
9.581306049221125498e-01,7.090868658548471481e-01
5.748090978707278698e-01,4.781301152432354540e-01
6.956091347356445631e-01,1.309286362269053983e-01
3.388099023950377209e-01,1.524719267671169054e-01
1.726707113538991367e-01,2.550154189041282937e-02
7.495620120710362322e-01,2.198153217175728424e-01
8.127103926951076973e-01,9.133976079009720195e-01
1.586685745459232577e-01,7.192250872180618870e-01
4.416451980173675684e-01,9.096396228183932786e-01
4.930642621446751361e-01,3.763757810142313032e-01
2.561586902528784626e-01,9.033175838570054461e-01
2.101438287927628878e-01,8.513433819397797642e-01
2.136096703359685600e-01,5.977382463669110857e-01
4.670956176342492272e-01,1.123946667418568995e-01
9.625214827346212365e-02,2.990756189682938215e-01
7.410539930559258970e-01,7.518475645601154778e-01
1.921964841167807803e-01,4.458412485706266803e-01
1.394019207583076514e-01,6.850197161641843335e-01
7.771815525756279319e-01,8.813135918830447002e-01
8.766325991596494172e-01,3.518679346555338427e-01
2.556920721504437610e-01,9.166754322970265267e-01
1.534453183618828265e-01,2.588407269252223503e-02
3.252401224068319219e-01,7.649761743639350575e-01
6.817072187455851529e-01,1.028529785677262609e+00
3.717005333776732812e-01,2.946818497184355290e-01
3.977390684961917278e-01,7.738551911685608298e-01
2.269676539832385376e-01,9.540685223209914856e-01
5.014088241704509619e-01,7.587133377799768486e-01
8.277464564361367572e-01,4.905537043148807674e-01
7.416962390698584873e-01,3.610480969961644138e-01
8.114751740710728356e-01,8.181634236252227632e-01
5.971922050745342991e-01,2.235526323982215680e-01
9.604939219473529466e-01,9.108193473114784000e-01
6.158763731591012647e-01,9.723445224525433250e-01
4.905170774404664646e-01,3.943366009001130768e-01
4.620977289801479482e-01,1.225811354697256550e-02
5.614984851272575295e-01,6.345917073916589324e-01
1.233863701359688009e-01,2.460960668911463256e-01
7.229222540887271231e-01,7.930920459268194778e-01
9.829045126848517944e-01,2.574141649287679523e-01
8.430771562829800780e-01,2.094975523785996274e-01
1.353573636389313051e-01,7.341473098910208384e-01
4.316819501644995061e-01,8.015413988217287011e-01
2.620929741249693468e-01,2.361964316922296747e-01
5.191117746379384501e-01,9.843730081566234857e-02
2.461665576707926517e-01,1.746298863017675951e-01
3.115698239142280501e-01,7.792172520165333571e-01
1.012305215003309472e-01,6.224984291219702870e-01
5.963628029202987513e-01,5.423665849336718470e-01
4.848650734506759208e-01,6.666045878535989955e-01
8.335968052257948235e-01,1.405312476236152130e-01
8.250087743968811393e-01,5.410182394970578651e-02
4.911922890899548810e-01,5.424852900910395181e-01
1.884426808063554282e-01,7.767129805121190944e-02
6.842531128353460113e-02,3.801340754948829420e-02
5.858758002910844365e-01,1.549068724422776044e-01
8.502756895129419679e-01,9.073697113328144104e-01
3.080246479896092127e-01,1.637292216096281894e-01
4.298485002106587349e-01,8.774647423562875748e-01
3.869347093666459791e-01,1.264431924274980468e-01
9.835223218328915662e-01,5.045807651497786761e-01
3.620091258073733775e-01,8.964004597101377092e-01
9.244185188779892037e-01,4.860965404186567973e-01
3.279500107703750000e-01,4.757992916409444217e-01
2.182599415410960975e-01,4.839762511963930924e-01
2.350868097193527795e-01,6.424767526331013334e-01
7.584927985608317380e-01,9.969554799680420132e-01
8.375953339202297787e-01,9.355007749935310979e-02
2.078473986250677086e-01,5.735546575042477224e-01
2.505782595753200392e-01,9.161235606331183390e-03
7.570857697003648967e-01,3.524365389397799975e-01
7.238979521615647450e-02,5.334181815685355987e-01
9.801548011977604391e-01,6.822240224311310053e-01
1.541831156325790542e-01,5.041941130520403158e-01
9.036530502409566568e-01,5.439565174471420322e-02
6.613584348743821728e-01,7.020914312632396959e-01
7.331023932234986829e-01,1.472341164778230294e-01
9.102492254205127864e-01,3.009746024631271277e-01
6.298076010542556780e-02,6.401140683466717551e-02
4.650451877251324806e-01,4.549599023064659215e-02
7.730400955726088874e-01,8.245180200211540411e-01
5.658566873504489864e-02,7.889296754100436626e-01
9.866614059040540452e-01,1.577204006468310021e-02
7.459273123692947705e-01,9.915043520906990926e-01
7.820790908233334893e-01,5.172601374477353575e-01
8.593838299356537647e-01,6.996668526667192411e-01
3.062565534742857087e-01,2.544566343049756707e-01
4.932961616322243392e-01,3.607593468048795882e-01
3.365107443178895763e-01,1.379763547154553849e-01
8.724384860451641632e-01,6.850245586154597444e-01
3.225732711062151425e-01,2.428839692880126466e-01
1.291626459775571389e-01,9.324063441999444479e-02
6.599073631457426092e-01,5.731452825139417284e-02
9.377724715064162941e-01,2.663996048795924110e-01
6.810769060885568660e-03,8.797207950348810979e-01
3.344205219631884995e-01,3.741151436174114386e-01
1.130579377506742006e-01,6.332032048749155484e-01
3.167752953090474666e-01,8.186919177912101997e-01
6.165789014877733898e-01,8.846422490786426396e-01
6.135497124353905818e-01,7.983942831345784974e-01
6.936894609919540544e-01,4.541142558061315171e-01
7.081390777958969096e-01,6.681804078271449399e-01
2.219625333092902289e-02,7.216111530697842946e-01
2.562834933804321591e-01,5.425877795667123360e-01
1.282084672745437692e-01,-2.599061848298112737e-02
1.308436167777356912e-02,1.536971653058499809e-01
2.737355468303365874e-02,1.163752238272543760e-01
5.810825526507137351e-01,3.855175712190649362e-01
9.715677769050430346e-01,7.954061609394008636e-01
1.713733914134359937e-01,3.750778582609504697e-01
4.667083961667096159e-01,3.915841897933050597e-01
4.842924739274235835e-01,6.904130209455234812e-01
6.434915123761647537e-01,3.901573910302461035e-01
7.240586972994876858e-01,3.333482901559596812e-01
8.042249100270751905e-01,9.681989503570295197e-01
2.602545845856495399e-01,7.743142788048908987e-01
8.584188598472298759e-01,5.001273835601062201e-01
1.074381350521626810e-01,7.964606626385629662e-01
4.164874730963612492e-01,1.976243169993701643e-01
6.124773845583095788e-01,4.259549523209227861e-01
3.296456760690027327e-02,9.820338575878126974e-01
2.494588706944885492e-01,4.985806549606237592e-01
6.646746263442492308e-01,1.255903377274922295e-01
7.571061412428417015e-01,6.243326358936850395e-01
4.778573824819697391e-01,5.433891803881053528e-01
9.665751717788574338e-01,9.377858122764418658e-01
1.380418298163927637e-01,4.170495163611822598e-01
5.109161144191616266e-01,9.515471259781330682e-01
7.981630353749871176e-01,4.343637599437401575e-01
8.953043434945475720e-01,3.889981948873328932e-01
2.909914482195499752e-01,5.827853606307766832e-01
3.344066524620903369e-01,6.247210321704562697e-01
4.165984664467894394e-01,8.374202180516215899e-01
9.353269754696266203e-01,3.011130385687414424e-01
5.046982991340593916e-01,7.188419549667568464e-01
1.552422381569883714e-01,7.898006052907511343e-01
5.927027281651439106e-01,1.418416622837656571e-01
8.400204428654577393e-01,4.213450712010202714e-01
1.857521258377111129e-01,1.673498042618919712e-01
7.971429996895340597e-01,9.593265534053783128e-01
4.078485386505718568e-01,8.558135518009747644e-02
6.473006654802521131e-02,6.674309092363589491e-01
3.900951371254017253e-01,4.122008139080757250e-01
3.355937191806668829e-01,4.752105550104754328e-01
6.792946619365543004e-01,5.360221701606682210e-01
1.820665420003772517e-01,4.976146044182994665e-01
4.646016097134188505e-01,5.723466376065697858e-01
9.404158530098635782e-02,1.581352510486477292e-01
5.307878836741209971e-01,2.452966433975479477e-01
6.536833554205454533e-01,3.893317262091935960e-01
2.214123357567991945e-01,6.511672084402184701e-01
3.939121078333621129e-01,1.717599020197435600e-01
8.098668818876459952e-01,4.184087050779417560e-01
9.047287482506811696e-01,1.931584410702760768e-01
8.576983715488158966e-01,8.225764453411138488e-01
8.805549877448887175e-02,5.125945538610735541e-01
7.175455009024807040e-01,5.342792229187045550e-01
3.931419850063340160e-01,9.608624527098976742e-01
7.212398204926370182e-01,9.643610013407546422e-01
8.518854259136567908e-01,8.118879894745041348e-01
7.507456984947086243e-01,6.714679026868491940e-01
9.181004686862053177e-01,6.187297440582383290e-01
1.186445002869478405e-01,5.810364967981480611e-01
1.437737612486590377e-01,9.400350758684823393e-01
6.207201698899034170e-01,5.962024439537777498e-01
2.110286751828751584e-01,5.261494999465435862e-01
3.353213119105195594e-01,6.584831862586479900e-01
5.894047639671249339e-01,5.020780356919790632e-01
2.497369881553629101e-01,4.869315308438832979e-01
4.955720700105392673e-01,8.428716480671991640e-01
9.191055311007660933e-01,7.451361927982963484e-01
3.227368068168950388e-01,5.753573660946452450e-02
9.420228776981481866e-01,9.866530385432973338e-01
1.372066405634051744e-01,6.991349571630940396e-01
4.221879446382673651e-01,1.262460389923114046e-01
9.856099717766084733e-01,9.256442759809813126e-01
9.831300518678234290e-01,1.757438633323033794e-01
5.100741740214598252e-01,8.794528881753105320e-01
7.118888916806430656e-01,4.330252097885351481e-01
5.301399541329148146e-01,1.982186780689060984e-02
6.024724434284693952e-01,8.804742857138890821e-01
-1.478382137711066469e-02,1.610681034272938850e-01
5.274083369647579733e-01,5.405055900141398917e-01
3.078017147058291214e-01,4.608216899014305756e-02
8.008677470762833872e-01,2.521024418259513733e-01
6.575922426663526332e-01,5.414652969320464804e-01
4.602315769098214160e-01,5.827541815686206883e-01
7.183130904010681661e-01,5.843902711701567387e-01
5.701593706822953855e-01,4.479438703691525636e-01
4.412632250479483487e-01,4.966337895895426291e-01
4.714631734034840926e-01,4.245036090383547678e-01
2.055936638005858852e-01,7.541996889928130887e-01
1.364105959772994314e-01,9.021916262208126147e-01
6.455435983322265203e-01,6.564930483398728756e-02
6.330023123146402142e-01,3.761128921217223864e-01
9.325115980408528182e-01,9.503135174483603453e-01
8.461424783767463875e-01,5.771349199149763409e-01
8.825577074620801765e-01,6.319094858745997190e-01
8.899310787841280268e-01,2.124819262254120100e-01
9.115258194211737219e-01,6.477346006123692046e-01
3.059821276337476026e-01,9.799450414636846629e-01
7.118804353071302993e-01,9.093776541171854078e-01
2.664968166222487708e-02,5.492693101003685019e-01
7.353718344378865623e-01,-1.873501891012827741e-02
7.630487844947512199e-01,6.622399656954608416e-01
2.693926360731164205e-01,6.961351472522654404e-01
1.377519194603843700e-01,8.450138659701863508e-01
8.786556449943966340e-01,4.933354927241790921e-01
5.250314409167353702e-01,3.749933253515530529e-01
3.302857868398025309e-01,8.451930975882674391e-01
3.158452134545720047e-01,4.111262902043181233e-01
3.276221978517736000e-01,6.637460805049359980e-01
8.015843020019273180e-01,1.670158431799241838e-01
2.172340879265265701e-01,9.594318301756918355e-02
1.132419017258010641e-01,4.134520372385092069e-01
7.702903208505011978e-01,5.389724215204704239e-01
3.464459397512385797e-02,6.117096188957729108e-01
8.091564967060986824e-01,3.647464031194926348e-01
2.551263551673657592e-01,7.477132876580151466e-01
-9.713812612441675987e-03,8.401179020980485967e-01
8.308431966710955185e-01,8.771965726622311665e-01
7.849444271293820607e-02,1.027409892641135691e-01
8.565515178966077725e-01,4.625858200994540370e-01
4.013397265113816115e-01,6.147714408585017720e-01
5.148887418559743717e-02,6.641782537326310631e-01
9.521409915927611101e-01,6.422751893347538044e-01
4.640463907155379930e-01,9.578799461502686130e-01
7.178071736983823170e-01,8.706350339365941104e-02
6.775825256680660935e-01,8.398104650178608854e-02
3.043026814563196125e-01,6.380706012416910156e-01
2.176227655022508478e-01,6.014267711677397793e-02
6.419418958677939324e-01,3.001862984995888328e-01
5.181324670269331634e-01,2.527347004545729692e-01
7.014739531767486547e-01,9.135705992341970338e-01
8.973260560508634909e-02,7.800728628739577175e-01
1.599228307229333956e-01,3.238402737818074639e-01
3.519070662782901038e-01,2.455106583437622059e-01
6.572460061042573187e-02,7.786422497273246535e-01
7.966860246286220359e-01,9.723023472062772843e-01
9.093838840290620062e-01,4.330200748650133158e-01
9.433411911129266358e-02,4.730812355459769469e-02
5.242852442900247656e-01,8.517025794137840222e-01
2.923650140334763115e-01,1.961269792307569759e-01
4.519742352436033617e-01,8.820811086810980139e-01
4.525825005150589386e-01,7.420824691403115070e-01
4.452899447486640128e-01,3.835135834356995232e-01
3.925818237212084227e-01,7.937106281209830305e-01
7.432777278687238143e-01,4.300450289763392830e-01
2.656583532391608160e-01,1.196299030329553981e-01
-1.966291234000961882e-02,1.236844733326955825e-01
1.760219748589112454e-01,6.722323214893596299e-01
8.287371515432661040e-01,7.481035497326662398e-01
7.156683852592271577e-01,9.684507060070918216e-01
9.618468730516365195e-01,2.761488328923691338e-01
1.439234487287243680e-01,1.414483566609474885e-01
9.049460586856868938e-01,1.276533379854209171e-01
3.247382315933466379e-01,5.243863778670911913e-01
6.683133557087758136e-01,6.015499910765459424e-01
7.610715837981811838e-01,5.621416119923550170e-01
8.359081235142168387e-01,9.223808844808435714e-02
8.651199970477908563e-01,5.772734170729827419e-01
2.600587856585986901e-01,9.794458552115177241e-01
9.306196730054949739e-01,8.213033861103123945e-01
8.937008272211147686e-01,3.572212446477586179e-01
2.239935113471582251e-01,1.652045881378702563e-01
8.894396484438324979e-01,8.149427061396062877e-01
9.977424031676840332e-01,8.580814480090896978e-01
6.452760649133717497e-01,1.602167319730759543e-01
2.047140072655153353e-01,4.567195790596239591e-01
7.847155166790791281e-01,1.812377700395272628e-01
9.367831172724708777e-01,6.860066810078163657e-01
3.358293165171370442e-01,8.599275294829337168e-01
5.785441967658352391e-01,7.217742772007174068e-01
3.839472120223375029e-01,3.944776586523935924e-01
-2.182974835358061222e-03,5.180845730093514012e-01
7.476910030706348520e-01,9.346383790839557504e-01
8.864641380693123462e-01,8.582296349752392695e-02
9.893408493507915846e-01,1.528181233691430219e-01
7.698226141364597486e-02,7.651773023402501650e-01
9.206327173880127779e-01,9.570769420349988232e-01
8.356906112566209188e-01,2.004914217171187285e-01
1.559953460681246518e-01,9.739961906379453194e-02
5.805679885047564381e-01,4.605838750109313429e-01
1.232197675975295753e-01,4.823312918280450168e-01
5.704140591518339631e-01,6.853877344863976706e-01
4.399296978915755441e-01,3.229505816057597345e-01
6.594740289413896228e-01,7.079848257576116799e-01
2.299357875015486941e-01,2.206030679478779288e-02
9.348747032703003113e-01,7.851293311279011755e-01
2.059619924552450465e-01,5.483725567633203068e-01
6.177122250581271734e-01,7.680798972421568060e-02
2.018151215270333754e-01,9.314406848249526805e-01
4.987621071677766915e-01,1.866286728346018275e-01
8.157770020662862276e-01,5.146415294413615449e-01
6.028210243447694738e-01,3.064276183118747610e-01
1.019532207962538933e-01,1.534856298298584998e-01
9.603369225115350183e-01,6.283073607371014724e-01
8.476618988259281284e-01,3.467151873550140817e-02
7.582884591344164482e-01,4.689013272851037528e-01
6.916304757619468058e-01,3.427136251479853679e-01
5.825451257043219311e-01,6.551857395306746878e-03
3.406591604361929038e-02,8.286865204733897539e-01
1.006980268515210719e-01,4.442229790442323023e-02
9.385928676259325254e-01,2.700363858450804955e-01
5.314002783319822232e-01,8.152357842951620803e-01
7.332363543577332665e-01,8.124185565894320726e-02
5.495653438813546954e-01,5.263392236943263969e-01
3.538462172524624583e-01,7.253724681723638934e-01
9.635132280645473113e-01,1.312155070899704290e-01
1.989789993502238952e-01,7.163835415948747176e-01
4.930151034769257312e-01,7.724155903543435953e-01
1.463331179901984358e-01,4.986382413966046478e-02
7.007693664054353011e-01,9.963190687068846918e-01
1.120273409777912399e-01,8.726852484655559516e-01
3.818316934561890585e-01,3.300880612010680809e-03
5.067069394062885257e-01,2.752924473410477968e-01
6.894478436409348099e-01,2.893546128869995959e-01
4.535136811495266151e-01,1.800136770384354323e-01
8.447372333095145569e-01,8.804231040228012173e-01
4.272763944304606154e-01,4.377016186531912378e-01
1.016073109124111307e+00,1.666397876357741115e-01
8.020715158759561536e-01,5.628042779485940006e-01
9.125996378198799608e-01,3.178932299955900542e-01
3.156127700572026185e-01,3.487037729825120946e-01
-5.119355798050184009e-03,1.739988450816994936e-01
9.791791070871239677e-01,2.266839831178053266e-01
2.319485273433833858e-02,2.702634623468182506e-01
4.050651752804604877e-01,5.377865777196975117e-01
4.347647758575833021e-02,8.243647815707022541e-01
8.286177987454819149e-01,1.843167073510012521e-01
8.020576065035451840e-01,3.918547033878719277e-01
4.422847275093362840e-01,9.260138057918876342e-01
8.820102411364101336e-01,3.559692019273932306e-01
4.732652289733250139e-01,2.733060658143567911e-01
4.860688233393157254e-01,6.730283006504658161e-01
9.954726880513567466e-02,9.115611864906555395e-01
7.232210360221462686e-01,1.291913477039739466e-01
9.057022983960145712e-01,7.423243237472706424e-01
3.307304602013006467e-01,5.181001604111513670e-01
8.503731802345066981e-01,9.457891150787056667e-01
2.828096433988943614e-01,6.722458279697910433e-01
8.347585258130005847e-01,9.824249760518628527e-01
6.401165703008573904e-02,5.085595434318270769e-01
8.789210757239201977e-01,1.390283586803905437e-02
4.751748643261360372e-01,5.667888080159634301e-01
5.079812591983969838e-01,7.377199972763603952e-01
9.457655774402268234e-02,7.561691640749399479e-01
2.897979833522253412e-01,8.202026147684884361e-01
4.365736901770959077e-01,5.548239403380431090e-02
9.648851019076860602e-01,7.902997433598308863e-01
3.346504712097420065e-01,2.860318540966537149e-01
6.166941990756692471e-01,9.892978130054053132e-01
2.820077699437568142e-01,9.453680752606633542e-01
3.461812523360986438e-01,7.032604459993627710e-01
3.577414880507160388e-01,1.040943196666960918e-01
9.165326537755767999e-01,1.724178754552000981e-01
9.073642303062799952e-01,1.054698416881381107e-01
2.655815239056296129e-01,8.815821489090021057e-01
6.651971530460641935e-01,1.674562287088779133e-01
5.937883500363250189e-01,1.721565220252878614e-01
8.448309391147026393e-01,2.891408643746364374e-02
5.104638250461287496e-01,8.312128230072325652e-02
7.117390619598092938e-01,9.796872637207119094e-01
8.208289228516191249e-01,3.608465063845076037e-01
2.396023640629716400e-01,1.139221597710286665e-01
8.619727265826783169e-01,8.219762602725809442e-02
6.429013639345118047e-01,3.250246491085675982e-01
9.843343020280782563e-01,4.807674540436577826e-01
5.457143278081775239e-01,9.265413850677549634e-01
9.919757397964359402e-01,5.749615489368375965e-01
7.983075259461307471e-01,6.011242542944947864e-01
4.101911470580766883e-01,6.145819666359805811e-02
6.905635848527308385e-01,7.250030136862672947e-01
1.271726348455026467e-01,2.119772434788167181e-01
7.024849096263658943e-01,1.353260319405888978e-01
6.729486338044767813e-01,6.936372371505900025e-01
3.252076497955823098e-01,2.535738477352286746e-01
3.876846269041905324e-01,3.449749767386972032e-01
6.159174762609542775e-01,7.372934463719607034e-01
8.739989686819842341e-01,1.426273220813112017e-02
7.321713867191846914e-01,3.165886444560880864e-01
8.658883994899533310e-01,8.689182351968179063e-02
5.562946529282059016e-01,5.192758241274042508e-01
3.160064954888427979e-01,9.542986355948456234e-01
9.047904775558829327e-02,1.367073675966284652e-01
6.490760197593309355e-01,5.198980472601983926e-01
2.896960062735223218e-01,3.139427817367425599e-01
1.324662913128549224e-01,8.718149565865747075e-01
5.812064218281624006e-01,2.700783566024098636e-01
3.903369255022415274e-01,9.037957039148356575e-01
9.084190928508155682e-01,7.267835823451666843e-02
6.221319718507892782e-01,1.167137373061321037e-01
2.476989042708601374e-01,8.299330384610423827e-01
8.918460796615721442e-01,1.003542553823985051e-01
8.386311872449939697e-01,7.068623405008940264e-01
7.507755526633722587e-01,8.278378536915340646e-01
5.475963533155085994e-01,9.322242084415246488e-01
2.119495691205376675e-01,5.111263559787146971e-01
3.129367138281312632e-01,7.898957129500826513e-01
1.288499924524618423e-01,3.973582114118321962e-01
7.777197576682144398e-01,2.993889574195162107e-01
2.606375106850372103e-01,2.794680883183358056e-01
6.940138390459512641e-01,2.709801385561139697e-01
3.716805175526622373e-01,5.495641118590539609e-01
9.549776245617531689e-01,7.855142778571242435e-01
1.803855798970980806e-01,9.212411668145535915e-01
8.634921859883963879e-01,7.721798140596490834e-01
4.720650814763147629e-01,8.075879606981006820e-02
7.165326901351838362e-01,4.933024639131296518e-01
2.888969687172066592e-01,5.569283929701435154e-03
2.042090701313084011e-01,5.897161728518923729e-01
1.030747252972175482e-01,6.668890915324939828e-01
8.055359691105759001e-01,3.092335928042024840e-01
1.024722454734471738e-01,1.044136117666503161e-01
3.624546605459952331e-01,8.212223270237496431e-01
6.426152940303995198e-01,8.578605527842170231e-01
9.731298539514392498e-01,2.329564985566799362e-01
6.776915276610668837e-01,4.441761078464785406e-01
4.938820855894385242e-01,3.107989557200041553e-01
3.635282932346884377e-01,6.709784516335058902e-01
6.444123879993359783e-01,3.274790640105940120e-01
1.108167084265425234e-01,6.005216220810352112e-01
7.263796042741870185e-01,5.522189274864536257e-01
1.423385573494405365e-02,2.868480090698735108e-01
7.651056083651461837e-01,7.118212013695028872e-01
1.003738247210140579e-02,4.557538682683087705e-01
4.379110877893925280e-01,6.438619011857753538e-01
1.106286834300360677e-01,6.160521093955018124e-01
9.454495313459664319e-01,3.856497264530937552e-01
3.458201963779877763e-01,7.016197691680484128e-02
6.022377813191467921e-02,9.181138267459940661e-01
9.721759437555178573e-01,1.700816574379195034e-02
9.207481993862906000e-01,2.007894318888432672e-01
5.410186327758038649e-01,7.037544028781340666e-01
3.581382968750999596e-01,5.104490735189609607e-01
6.234666293178041663e-01,2.181414028639562519e-01
1.003402132689153570e+00,1.796409659632552114e-01
-1.375240348461711018e-02,9.196386849033838518e-01
4.144969376815315631e-01,4.001687119342299814e-01
2.531476953073468206e-01,1.726540120962056016e-02
2.926089121201831955e-01,4.256565064407945020e-01
5.513387147384976039e-01,4.217461447460722490e-01
9.125106517058882982e-01,9.131638084106933340e-01
3.187143156600275029e-01,9.801326575051232393e-01
8.790033547784323886e-01,8.902612557283173800e-01
6.940815583959274448e-01,1.909504728820439201e-01
1.686224635182996812e-01,9.285947004999376420e-01
5.358240520919271832e-01,8.902560665075621715e-01
7.265197352363541583e-01,2.122866546294512324e-01
3.867428876373391611e-01,9.901788544473435483e-01
-1.572720961077134910e-02,7.243059287652753309e-01
9.790167709959871623e-01,8.987751152009643141e-02
2.619258040471842963e-01,5.836605303760624697e-01
8.172149118553834191e-01,5.031407250249779750e-01
9.218578260948169512e-02,1.017817284847320758e-01
3.668200626259551789e-01,3.233868614492980131e-01
2.279318369707491188e-01,8.385224894155107744e-01
8.974412965259675329e-03,8.382922978508555722e-01
9.196681178393196765e-01,6.426661456921720639e-01
6.438242800315449044e-01,1.192929220667670598e-01
5.889803342396784380e-01,3.700818101595726439e-01
2.455539775986362028e-01,5.932070051553631762e-01
3.827211225917712123e-02,2.765378730342645808e-01
6.479757133322231466e-01,4.447812873798438482e-01
1.248986597696741391e-01,1.748015107342783953e-02
2.484109247464890147e-01,5.650458700897345032e-01
5.300756184144145289e-01,9.580739374132483943e-02
6.434625740173820496e-01,9.314079913668025235e-01
5.832317304693099835e-01,5.323173497617239569e-01
5.765121634416080498e-01,8.884959653374802091e-01
9.326035861553282347e-01,3.606314111890904228e-02
2.318540152120852627e-01,1.186184664355877105e-01
7.653425200747983048e-01,4.215366713704418039e-02
9.381570162072875307e-01,2.864762932744895421e-02
5.848715579434715650e-01,2.658098495969246078e-01
4.467620952613043928e-01,4.328517112327891492e-01
7.810511417159141656e-01,4.933154270117520723e-01
3.944805727631577885e-01,7.388956512468586313e-01
9.179553585474138355e-01,8.051506025625455587e-01
7.318690561481290269e-01,5.166274876520902115e-01
8.820028782534170553e-01,4.630102128338418610e-01
9.490377931419635704e-01,7.628511469539778211e-01
1.468215777394047683e-01,6.300445687283914853e-02
6.969677604585521324e-01,6.871320231293653880e-01
5.721699084342993791e-01,9.393423935518745438e-01
5.240842252245073718e-01,3.442320174983849457e-01
5.508483400123618257e-01,5.055308747321361762e-02
5.809119613777661284e-01,8.926510829946857628e-01
-2.186800912910595932e-02,8.497859939615853841e-01
8.431068727678822095e-01,9.204479984810656767e-02
8.351194572332453214e-01,7.423309736235514933e-01
5.147300447538945001e-01,2.637540497338347611e-01
2.791749950024084437e-01,6.002940417936579731e-01
2.274269369285974451e-01,3.195694427515913261e-01
9.512360117125550074e-01,7.301591174252440863e-01
7.618269957800349879e-01,9.415332000675273871e-01
-4.046032169291092356e-02,2.965925520409727900e-01
6.622656265719413238e-01,4.538420563862992640e-01
9.705464189431214916e-02,7.539828232898917459e-01
5.016750188765084495e-02,5.040173054966227140e-01
5.571231063186692367e-01,6.564075487542362364e-01
3.245957169116802099e-01,2.869898139037410992e-02
9.238580736662035386e-01,9.367116326401994097e-01
4.439002065334678448e-01,1.765895222823118255e-02
6.193775193032088344e-01,3.097411155534497418e-01
2.197674973676893573e-01,1.894255381902154312e-01
1.710859238888647882e-01,3.092310740416677750e-01
2.874180904311045004e-01,8.618348328798086655e-01
4.637419379967692157e-01,4.300552422008828146e-01
1.050057938678255753e-01,8.690989732444840410e-01
2.172754955227487739e-02,2.507760750440830022e-01
6.076923162068381679e-01,7.254731534568711337e-01
7.903467403462093310e-01,3.976598566217713349e-01
3.144367762639473929e-01,2.963726180986144265e-01
5.779366901057571004e-01,3.674305023333462317e-01
3.411982672569369712e-01,2.491624809468645160e-02
9.602330107376614299e-01,7.453086831925521960e-02
2.890246547822170609e-01,8.908681832950745560e-01
7.261118339975421998e-01,5.456786569027716194e-01
6.674565880236111859e-01,1.296592428192579194e-01
8.265741709248585201e-01,2.379657110774413276e-01
9.663222481110698148e-01,2.383534073491312133e-01
6.300270093550777162e-01,5.192575755057367015e-01
1.694058058289743263e-01,3.393653615067234175e-01
7.739578841102885409e-01,2.317709094250719748e-01
9.553889903127056327e-01,2.970696698411883219e-01
6.291137810230192917e-01,6.201853076470071890e-01
4.730793476013605003e-01,6.596388382568260100e-01
7.450709962512522821e-01,6.010932115510236873e-01
5.289937753208352467e-01,6.265899867965378789e-01
4.228314954189852370e-01,7.762263677935168915e-02
1.662808360226175619e-01,5.884002791497517926e-01
8.784021854451639078e-01,2.076677905491889839e-02
5.060881533492926909e-01,2.557494269349128713e-01
5.878246890388599821e-01,7.373345864817459905e-01
7.242792241726878633e-01,7.047692454354761438e-01
7.798085067515906355e-01,7.194608034684142617e-02
4.891952227779603479e-01,2.800299760704966223e-01
9.753179571267110992e-01,8.066763990515701810e-01
1.053327629248981961e-01,2.407952783002337005e-01
4.449490712372236034e-01,9.522251631510274539e-01
1.288363169736153335e-01,5.880065075425061627e-01
3.178969229689400100e-01,6.536666499810391828e-01
6.709292352407091320e-01,2.335878462861250560e-01
7.815787240147434867e-01,1.051821248677607679e-01
8.326272294244732031e-01,2.205480251713359263e-01
5.946638735957950894e-01,3.550814787794956406e-01
6.042254808048669323e-01,2.450635279686380619e-01
5.378313824490145167e-01,2.010948881374177016e-02
3.766183993223720661e-01,8.354997707426912168e-01
4.464290006745367800e-01,5.013128178650012590e-01
6.231496384353573115e-01,4.597897452085409342e-01
8.841118263513277897e-01,3.885254603483602742e-01
9.526434930968430415e-01,8.620001940081013503e-01
3.688281852278862960e-01,4.003198958393918705e-01
6.691294238317079257e-01,7.760960110271715173e-01
1.726347162760510368e-01,2.248982345341629385e-01
1.353206593288051318e-01,7.657448646786665369e-01
7.179247963259358656e-01,1.990077482247921692e-01
5.269474076258886530e-01,7.650479006509759428e-01
9.301652396137065626e-01,2.079086119813511047e-01
2.780497670757695605e-01,3.319003709691201176e-01
6.165088747508039591e-01,1.841974873983846517e-01
2.087656961963865743e-01,7.633652491594551392e-01
5.584974878181571123e-01,1.707028298230668928e-01
3.939076376681137637e-01,1.484104767194271979e-01
3.638514316800864346e-01,4.036152497564473585e-01
8.105186270456625486e-02,8.869540484994566099e-02
8.726517885318438861e-01,8.629035744426735155e-01
-7.507597275934597622e-03,6.319230092305451185e-01
7.765429957788196058e-02,8.256946435304629572e-01
8.990462545604063216e-01,5.774311668211199455e-01
6.028599390055616736e-01,3.626194149999777405e-01
2.460260621714752960e-01,5.333971693648946744e-01
1.174456504547835428e-01,7.034731376346560205e-01
4.671627032404589430e-01,2.090360600481282749e-01
5.820951137163977718e-01,7.867662025581263485e-01
5.883467149762610093e-01,5.555064259823495609e-01
8.508838050131013464e-01,1.494043474665892116e-02
6.294815816632884919e-01,3.920977172553782863e-01
2.002999108276090900e-01,9.670148886746857686e-01
4.332391360221025667e-01,3.436360540472369052e-01
1.828629693236985820e-01,9.569794124737288632e-01
8.701859945390895135e-01,6.642160400593609404e-02
5.370107143363171964e-01,1.493007977287249821e-01
6.854156588049348242e-01,4.963040008663811009e-01
1.390683849497373337e-01,5.212275083219181093e-01
9.100760175277353703e-01,3.378968676991547238e-01
1.101419537906398599e-02,9.635371913785905074e-01
1.543133967075201451e-01,5.155737698772843158e-01
5.546004762899128249e-01,2.195074683335997978e-01
1.877047508208525006e-01,1.388350225985573450e-01
6.065788518863189649e-02,5.251748277511465446e-01
7.949225930751340208e-01,1.562601115330951584e-01
7.166267883624886093e-01,3.617333811030432611e-01
4.287735995979871650e-02,4.962422430144635688e-01
2.397865660077738159e-01,6.188314542954733710e-01
3.466024889217699800e-01,6.915845742143246211e-01
9.197780552525688380e-01,2.437955684261798039e-01
9.618103646472511148e-01,1.975569281029756208e-01
7.019155620016169495e-02,1.948343679021435071e-01
8.135666730175610262e-01,7.007606042640259769e-01
9.574981177522446929e-01,6.932211837633782681e-01
3.913976573201627951e-01,8.495943327012392965e-01
9.878033597764707130e-01,7.736391877862333066e-01
5.518676806545428359e-01,8.569255032597721256e-01
1.762069666193037121e-01,9.106381113895464230e-01
9.711471307750341175e-01,6.931072559867990091e-01
1.934570786812117027e-01,1.240707751942904113e-01
9.390339258673153777e-01,9.051523387577297131e-01
7.369553101053757382e-01,9.291873640895982334e-01
4.947423636512741640e-01,8.886538510191920315e-01
1.658567028147387434e-01,1.916968700827444971e-01
5.170382664465127398e-01,3.454524351471395249e-01
4.270643370859332211e-01,8.396405761605442164e-01
4.363866798454819895e-02,7.478917097130609593e-01
7.624902098107853854e-02,8.189457043901072764e-01
1.685580335307599875e-01,7.410179353459955820e-01
6.151185788205086880e-01,3.626016789687239728e-01
2.499863610679304016e-01,6.518188048490375364e-02
3.533293670129383224e-01,1.888158108539831070e-01
1.103272579269416465e-01,7.446796346692204915e-01
2.255736200531801849e-01,2.329930369839684490e-01
3.410117235941201863e-01,4.415390627441410643e-01
5.200038367105277448e-01,6.693428319250205316e-01
5.622577448445268411e-01,4.756370488140851394e-01
4.012688214173048551e-01,2.642214046472411426e-01
6.707319279705936665e-01,3.046942440915111905e-01
8.354438614760837378e-01,5.973483330007098857e-01
6.859119466448653224e-01,5.114695349431760407e-01
9.045967169656785600e-01,4.183854481012373450e-01
4.271811465678329589e-01,9.081464037199272754e-01
6.297493593994550887e-01,4.769690724498399925e-01
2.728956985859215534e-01,2.450285925530028830e-01
8.311023538684193523e-01,2.725160336393955829e-01
6.827281635134895346e-03,1.459189720703971474e-02
9.357767780239046873e-01,5.852730804926382646e-01
5.025350160263180044e-01,8.704758777037215900e-01
3.717224806548299343e-01,7.889288135613427011e-01
7.415807334950563767e-01,4.786122839169067444e-01
7.474851124952355264e-01,9.663054579447255543e-01
1.826383272765187693e-01,-6.948285981903480624e-03
8.387949862808774526e-01,4.114179848405740691e-01
5.743538690620022535e-01,2.145746210105390628e-01
8.225306939159905406e-01,7.339823374065641559e-01
9.366929889215457328e-01,4.690479745116622468e-01
9.870669214633455146e-01,5.083364802878952426e-01
6.116474713002528762e-01,6.460741972269965494e-01
5.085092838344205113e-01,5.554116537795138475e-01
2.356689237683496918e-01,3.720829097361422200e-01
7.238189860174950585e-01,3.427759306869334471e-02
6.934587445852264942e-01,2.816102748992981297e-01
2.609828202140184739e-01,7.003117335700298485e-01
1.986040736063685586e-01,9.679991754667962578e-01
1.020024874209345622e+00,4.491961630275932427e-01
3.751309456605621540e-01,7.076943335272514735e-02
7.497654841038143836e-01,1.894084672663112479e-01
9.347448871911914203e-01,9.760236642802373463e-01
1.112126564696809816e-01,6.593636206164944502e-01
4.862147951401939450e-01,5.778897784120718972e-01
1.496928235981203892e-01,7.443861185637655753e-01
1.616957062251128951e-01,9.106497848264965000e-01
4.172980512621299320e-01,6.393759933591101063e-01
9.136331175059962950e-01,7.511212857179304647e-01
5.420707209944094496e-01,4.031227681050635892e-01
4.600153907444657353e-01,3.729190370655086628e-01
9.426843509467449644e-01,2.701435090949109719e-01
4.219165493765254515e-01,7.960001067886119941e-01
3.440466636989801819e-01,9.007543577648209343e-01
2.498100288711527783e-01,7.555711031320265503e-03
6.245031980384977421e-01,5.541390492270190649e-01
9.252219510957969684e-01,4.157793305867851230e-01
1.446044599431497990e-01,3.189281265205201610e-01
3.960208734906710548e-01,5.741536312192748737e-01
2.825482133154179065e-01,5.490755764638979297e-01
9.470857214782542055e-01,4.246504889886283385e-01
6.471172755026202150e-01,2.494873121288153084e-01
7.735053556788434870e-01,3.035050811535525694e-01
5.600331787696859465e-01,3.240964221289717173e-01
9.653454492205322535e-02,3.091466149194270763e-01
2.034364024443368058e-01,8.904902081218658561e-01
2.785930424032567188e-01,9.544620189876834582e-01
4.901612883944495014e-01,2.147964711910111402e-01
3.683178846192305400e-01,1.625310320424106225e-01
8.362481924017411972e-01,1.221797763831981160e-01
8.582482070024809451e-01,4.750188901689739868e-02
2.866688763161442943e-01,1.660285404660203912e-01
6.832059082556524165e-01,5.342724306856102556e-01
9.054857805099164603e-01,3.726360775722686314e-01
5.267066865588433677e-02,7.589013958067908350e-01
5.687235805064166927e-01,8.243576162211542213e-01
4.409878755841382669e-01,7.139704959506688597e-01
1.850755022376167902e-01,1.005893868953252834e+00
1.684311256351105623e-01,8.254393745452753839e-01
2.136753724104036856e-01,8.156803760272653969e-01
8.682124659189563998e-01,8.577870631209105756e-01
4.670124836380228350e-01,4.059214098621526934e-01
7.959953644012263130e-01,5.562464674193222658e-01
6.236783587451826261e-01,2.615462701582714211e-01
4.660724821780742877e-01,3.463436723530362027e-01
6.493685585889481526e-01,1.777096025545987223e-01
3.541197378112221350e-01,8.453792399473429864e-01
5.625107761857504052e-01,8.909961695844795804e-01
2.071711129242304883e-01,4.230003716155276150e-01
4.938392872034648162e-01,4.159718076251705532e-01
6.808372031097170707e-01,1.614179977219343809e-01
5.177735634051930935e-01,1.435081300966415951e-01
6.103941060836507448e-01,8.165312372000896879e-01
-5.119146624267482959e-03,4.689693299713434405e-01
4.868798892137528034e-01,6.483015963191609554e-01
8.434302032299298424e-02,4.255036067881014517e-01
7.692470203084958991e-01,5.417502608250714946e-01
7.456516338230418928e-01,3.216533708843535844e-01
9.591470338808236740e-01,7.327086562054631325e-02
9.519272213787877135e-02,5.159940847339451464e-01
4.649132456127316737e-01,6.417007755182779771e-01
2.082053417119254235e-01,2.599075852375424267e-01
7.658725029285851083e-01,3.021017714926647058e-01
7.244560886887624340e-01,6.254826107100678323e-01
1.039289455940874962e-01,7.233435079680948787e-01
8.715269263632595687e-01,7.949558150471155438e-01
-2.265618750953456856e-02,5.402853504181447386e-01
9.083587289403570741e-01,6.224381649500337899e-01
3.101701611674164694e-01,1.953225281174465200e-01
6.833251353959997054e-01,7.482121895685815982e-01
9.338043150795657388e-01,9.045819856820028759e-01
3.513857857291001752e-01,6.274130139342941614e-01
9.020703421494843943e-02,7.790423614842169331e-02
1.208426802394965693e-01,9.390336217094220617e-01
1.468604570375419971e-01,5.071241135606764372e-01
4.269072258860429070e-01,3.312808173104976328e-01
5.263659870394696849e-01,2.451480388382132683e-03
3.746679356945568085e-01,4.643064421069301728e-01
8.081616360232032337e-01,6.881915256730583019e-01
8.612815448448619682e-01,3.702073500255066985e-01
1.065035376250542676e-01,4.134734257511952227e-01
9.758115838451860702e-01,2.593986341749724422e-01
1.751097997011905882e-01,9.480037093326205699e-01
9.594948846401719633e-01,1.696308973486168603e-01
7.885968483489905756e-01,4.361182118432158084e-01
4.915562099525463413e-01,5.155413828773640628e-01
9.668795749801101236e-01,1.588777532415873994e-01
7.430392381588081241e-01,-1.911874964705571542e-04
6.310094876153710119e-01,7.021185615044952533e-01
7.513056989781402573e-01,9.268943737174987207e-01
7.457484486775358690e-01,7.445201046924271315e-01
2.593943777938280681e-01,9.800729779471337721e-01
4.481796006493667939e-01,4.094027649748214759e-01
4.850101517882658420e-01,3.894332363474117820e-01
5.964671669865946324e-01,3.396007193427227899e-01
2.690348266261822774e-01,9.511827977064348794e-01
9.232373270138112265e-01,4.769620880469117585e-01
9.615514688376345376e-01,4.130427928916947100e-01
3.861232193539294588e-01,9.089456330860036237e-01
6.119290798221804772e-01,7.632151602325080164e-01
4.057265372362446887e-01,4.017629574299830253e-01
8.518292782493118442e-02,9.653567164650894705e-01
2.294033658974541645e-01,4.863233910320789999e-01
1.218131676719768908e-01,6.325976296990626357e-01
3.691166187682805022e-01,7.498622928529441456e-01
5.148448644087846304e-01,1.037232839867416462e-01
-2.311362587803195145e-02,2.225179004150255602e-01
7.498313588702719690e-01,8.396682092566646327e-01
3.316730976859414426e-01,5.015963493247501681e-01
2.438521695292452385e-01,8.482971045292064804e-01
9.634739590177159307e-01,7.369484321875824362e-01
4.327482731653430753e-02,4.667292626859774751e-01
9.653896037952730547e-01,2.222690084156476731e-01
6.678922577509083247e-01,9.291544680479111307e-01
7.824949917749887129e-01,5.940407477608887765e-01
5.143433237439939409e-01,9.351844609290150823e-01
3.671783330969999315e-01,9.059858104544710189e-01
4.099734820013905545e-01,7.332322084229011550e-01
9.215251509815208797e-01,5.424758335698404155e-01
3.173386018173262602e-01,5.862148484279582072e-02
7.806998561280497073e-01,6.368222784855011032e-01
2.687459756838982416e-01,8.656788977393197193e-01
9.175852842885702243e-01,9.025489329005188521e-01
5.951256770574377963e-01,1.018886796744923107e+00
9.046194911311854492e-01,1.065960753957335694e-01
9.765462261509423314e-01,5.451129030828462119e-01
9.080228357133373063e-01,7.628458687781771719e-01
6.613176073795560272e-01,2.996828195893710967e-01
3.988560521412418125e-02,2.954072739058531960e-01
6.972638601126264213e-01,8.605160106626337235e-01
1.295920762623917720e-02,2.339593935899440813e-01
6.719038315574330511e-01,2.841073080153351804e-01
1.843537521169278381e-01,8.808097392025396322e-02
6.177331174011682080e-01,6.123192420220386900e-01
8.666524101771092559e-01,3.017293267163415060e-01
1.146395744526844535e-01,8.039270458684463216e-01
9.869839054626450281e-01,3.355045447736775266e-01
8.635801390455236648e-01,7.595167004998421012e-01
9.103370051168164778e-01,4.342042701129041338e-01
6.606363389798908248e-02,9.611363378513532174e-02
7.534595138095249167e-01,8.898554212267922869e-01
5.043723776540189885e-01,5.966774835342929240e-02
6.761693999858611748e-02,5.497330449745675418e-01
9.367135974861737768e-01,4.085763927733273015e-01
6.562825317768760103e-01,5.170835042394992254e-01
9.293556037084442778e-01,8.627984704229064716e-01
2.052356331994020233e-01,6.973829936835287402e-01
8.485253849487057742e-01,9.466709229281357052e-01
5.637821043697707202e-01,1.304370500681252543e-01
5.328422536513413021e-01,6.496893598308302042e-01
2.596178108446490773e-01,9.819637378013921225e-01
2.241794853297653656e-01,9.107792382039390233e-01
4.014885617910237681e-01,-2.486915614103121092e-02
5.441111408226648738e-01,6.174437651471066379e-01
8.694546607697032359e-01,5.514512257739739853e-01
1.269191045878418911e-01,9.264045157945731690e-01
6.016216689308003795e-01,2.796566884563985722e-01
9.126486827159930870e-01,1.419751744057317078e-01
1.118777705962551022e-01,5.189749573634064861e-01
6.465453286282616396e-01,5.034775155473597552e-01
9.350258215058810940e-01,2.654778588987875554e-01
1.013117003189276888e+00,2.721067211657259358e-02
9.081078455031595109e-02,2.275094411886903756e-01
9.627440409185009096e-02,4.272080143187475532e-01
8.426261918537242268e-01,8.397447158311337478e-01
7.243755297860000608e-01,2.342373938577422404e-02
8.870876839167669559e-01,3.835037388270189362e-01
7.168580185748236744e-01,7.175143367480851797e-01
1.577434247173613580e-01,5.199862187281857340e-01
9.336265447761085134e-01,2.775984728013499159e-01
6.983613661476135714e-01,9.748502266687010254e-01
3.408776546456026013e-01,4.044215192559575400e-01
4.228293222170125820e-01,8.403940399499137959e-01
4.288543929338834437e-01,4.982277332118097424e-01
2.358867197732077425e-01,9.629543790050504315e-01
9.090568172550955728e-01,5.892393544438355724e-01
9.544385990528990726e-01,6.735933215368573590e-01
9.913815039814675156e-01,1.381363717237970856e-01
2.340631625150232931e-01,8.727092391888016110e-01
4.416958345469347291e-01,4.175847932279851404e-01
7.417284511659868462e-01,6.331268363276107980e-01
3.363675546491580737e-01,4.186220113028841228e-01
4.034097227963236443e-01,1.444417757969269078e-01
2.215993109134565542e-01,5.824050315777752340e-01
7.379966683850180953e-01,4.265855964586410254e-01
3.831419725836137657e-01,6.495814581577391555e-01
1.629617483909236719e-01,3.819190029687004051e-01
2.125170055694940163e-01,6.598082448090637486e-01
1.473436353456435421e-01,3.925112241711572469e-01
6.331236487804496882e-01,8.848714032452725808e-01
6.895296887431723309e-01,9.438202489678433338e-01
7.073042593088146868e-01,3.675602996540539569e-01
2.652480729279309557e-01,6.402126978107755551e-02
2.369317497501392533e-01,1.629412784217642851e-01
3.819342917813318139e-01,7.319050099937323139e-01
6.613542242501616597e-01,2.938466357742432478e-01
5.088814957504439462e-01,2.434334492863045873e-01
5.352085016123406813e-01,4.955669566818506344e-01
2.931680649186502730e-01,3.169070168725775516e-01
9.685188780337539161e-01,5.506304627543771035e-01
5.530397616206339517e-01,1.728927889187946432e-02
1.645141188211041161e-01,3.398652454791728506e-01
9.585650831994478871e-01,1.643373883873937846e-01
2.972073775525215233e-01,1.000674022311720313e+00
5.189162116702386029e-01,3.065976746410664644e-01
6.145896033934573621e-01,4.964924698734217157e-01
9.404221624304205385e-01,5.049238220767289509e-02
8.118332410980729774e-01,2.806965052337871414e-01
8.102391999172773307e-01,8.091770561953242069e-01
8.375276133382096866e-01,8.383781635238934937e-01
7.177181088400381714e-01,1.450906450927235414e-01
5.457457915347831839e-02,3.274263248866530196e-01
4.780104450061172794e-01,2.987565731230260591e-01
7.493471822486357237e-01,7.108591851360663849e-01
9.531763718651665718e-01,3.826788360916120180e-01
7.725590747981404549e-01,7.321469824595852049e-01
9.667858905210386933e-01,7.647050301471930434e-01
3.082972154249797869e-01,9.382274259137856481e-03
9.433891601174084762e-01,6.708991761339870852e-01
8.493343622803430915e-01,8.160305525091922085e-01
7.414531831209003609e-01,7.747285331752395976e-01
9.400100992348904283e-01,9.125978783623255319e-01
3.544229780922509843e-01,6.913419407750281964e-02
2.994077230740900195e-02,4.389905617530548976e-01
8.357286655887191662e-01,8.487036536874039694e-01
4.158837215215510641e-01,3.108033765451360120e-01
4.950641714417527983e-01,8.330609404051133593e-01
6.473576884974409085e-01,1.265659971885690349e-01
3.911670408240415231e-01,5.550208765618922513e-01
5.702319473404016126e-01,8.027913084872188021e-01
9.452643419239677991e-01,8.265570089633388073e-02
2.117181581527040612e-01,4.102539330302431564e-01
2.918285362588748377e-01,4.602387317870949568e-01
5.108178632818992371e-02,5.209775652417426850e-02
8.487574914568485340e-01,9.783778445789022282e-02
8.407161354382994833e-01,3.005882681699446057e-01
3.173569007446035428e-01,1.047156769881760485e-01
1.483195810427827797e-02,3.761245736310022680e-01
7.992918554156233091e-01,9.219056755207321041e-01
4.756207296513779992e-02,3.935045531754537834e-03
1.420444701493655260e-01,7.538947304557509499e-01
2.001760197207611003e-01,2.375569613861813756e-01
8.997885631570742282e-01,8.667676736459104525e-01
7.019816855192713145e-01,1.565871799961622013e-01
3.422200577779366260e-01,2.292855788552629892e-01
6.727887886991715805e-01,7.144717232425317199e-01
1.662804403201526560e-01,8.959742995966951673e-01
4.397779904453302802e-01,7.758032643625550895e-01
6.687210852974309616e-02,3.782596105885978055e-01
1.805628364844600806e-03,6.913788990810190160e-01
8.206858105375426649e-02,3.445739862925776276e-01
7.930540672259563939e-01,7.377039312938656890e-01
6.378476432238326943e-01,6.944234945388390035e-01
6.705675611612742504e-01,6.678620313347243265e-01
3.816684499750785942e-01,5.421531438578031104e-02
4.780950733011716802e-01,6.572287305265660240e-02
4.570803374879068293e-01,4.947491484186898880e-01
1.511931283025088613e-01,8.315509269187016939e-01
6.847046352061720853e-01,5.772925026762152356e-01
9.547936559384397892e-01,2.963729120533659112e-01
2.210251909818740090e-01,1.644769369278785698e-01
5.515760593203666851e-01,2.180695999333063795e-01
8.653197461898710641e-01,3.057964774242048489e-01
4.615529724565137770e-01,5.649978109484681266e-01
3.000878741406181049e-01,7.541947955989746211e-01
7.201441778489917622e-01,7.377101616572739884e-01
6.084807767275640655e-01,4.657421268659511226e-01
4.437560839861543482e-01,7.350816650697477028e-01
3.636903554158922858e-01,4.383593327041341858e-01
1.562532214776339856e-01,7.261413155029566857e-01
6.366875576585626084e-02,1.005411079242101824e+00
1.796703883108623778e-01,3.646110909177883164e-01
2.396872918816954079e-01,2.709298674027061371e-01
2.821948469337996479e-01,7.026362900772911146e-01
1.653420066091932927e-01,2.536379758743891322e-01
9.521322690233888220e-02,3.315825468684812649e-01
9.173057111405719111e-01,3.871413869999340562e-01
8.016049461501265627e-01,4.883168424258002571e-01
4.443961987806863134e-01,8.418487020463722992e-01
1.319945010389207696e-02,8.580192253465687147e-01
4.931789465348134782e-01,3.444329448792589621e-01
8.815568246732530255e-01,3.565244549166421417e-01
9.611252773558484064e-01,9.259569744343604247e-01
2.890876659989277675e-01,3.513452259672307787e-01
8.156897687458187773e-01,1.662239347232380704e-01
7.086855580929314335e-01,1.370976326831324643e-01
2.182061610001562180e-01,5.055661967912641330e-01
7.364069297531742331e-01,7.292965356641037955e-01
6.132388933863516245e-01,2.470772320274329803e-01
4.172116444874571783e-01,2.184388600604846853e-01
2.559648561202440553e-01,3.267883027210349289e-01
6.105123512780772366e-01,2.144308845464381608e-01
2.027888748569230473e-02,6.550342935764738028e-01
2.164009581875665084e-02,9.327972456928936840e-01
3.691740267623818683e-01,-1.504533338099093426e-02
9.292690923201195607e-01,5.805646997018566458e-01
8.266513669768880135e-01,4.202925648418843196e-01
3.508184057889275342e-01,6.588689140606351913e-01
4.232067239523163993e-01,5.765989036230981801e-01
2.923692613960461872e-01,3.533980298288175170e-01
6.986848340931003931e-02,7.943479049351396259e-01
3.420329450272905358e-01,9.947236961955275847e-01
2.620703079469687835e-01,4.874579302420691818e-01
3.113617121803360921e-01,7.091329397304078075e-01
7.922128754247871329e-01,4.555724406584942265e-01
3.867069135492227638e-01,7.716512058450721856e-01
1.891370855567681419e-01,6.156883545489210130e-01
7.010382486992068340e-01,2.568388168676310479e-01
6.573384329331798392e-01,7.005208009342051012e-01
8.682686560145946864e-02,3.270665192673196109e-01
3.941924163614360377e-01,7.690238818406236465e-01
5.593790847968541646e-01,4.238898918358163237e-01
3.144219919003585773e-01,3.787290743867277251e-03
8.565883886388700116e-03,2.304167184668612367e-01
1.126111403717361403e-01,1.359818211961697221e-01
6.008503826840975170e-01,5.669287653273995531e-01
2.089497229911670140e-02,6.125715312499750986e-01
1.321064936140065593e-01,3.754560007123341481e-01
1.028181680506671691e+00,5.346416795988123694e-01
-8.778492087624982509e-03,3.765563587318605521e-01
6.738910932329988945e-01,2.319838909711905151e-01
9.705326396110194320e-01,4.435608241280125097e-01
1.949247800929811494e-02,5.109347959390254656e-01
6.826601423714900863e-01,4.283548302260976048e-01
9.645026021301386088e-01,8.946893483797988544e-01
1.379252627831412392e-01,6.642765239915959796e-02
3.190923446869895486e-01,6.172199719409728891e-01
5.880212592210176670e-01,2.807043763488651367e-01
9.524550712130531727e-01,3.054143376258570686e-01
7.891686853596152629e-01,8.782679464773577305e-01
1.220908562382219398e-01,2.471201718632277666e-01
2.377211865539521074e-01,9.256494854520221915e-01
3.441182799593848207e-01,7.836100292825349811e-01
4.536382677702361366e-01,5.005195540721916192e-01
9.266253792930331246e-01,4.449477805827533050e-01
7.133011868042258286e-01,4.370730153119546380e-01
9.630885164216107519e-02,6.705395278295489536e-02
1.860018244429252621e-01,7.124690528711055126e-01
3.913519775776691523e-01,4.926638324145879433e-01
8.870759713656023449e-02,6.030453591815404524e-01
8.239059314846015614e-01,5.994848735414355367e-01
9.608535543749783248e-01,2.166010236338643258e-02
5.738353616351937747e-02,4.830298754260883842e-01
2.590129404080220854e-01,6.887364789493174433e-01
7.837558133124326032e-01,6.709921856753796321e-02
9.333773462163961199e-01,3.364943849216182892e-02
6.957412367274340426e-01,3.816666890123445177e-01
6.977027176672251363e-01,8.754554709799061696e-02
9.155393137105617418e-01,9.706824783576218918e-01
4.754284244738946064e-01,5.065085721567366139e-01
6.332980360173372514e-01,5.777779042265268616e-01
5.125223304826469484e-01,5.654902496009828194e-01
8.777899795435759600e-01,6.387735835257490891e-01
1.874881514803358185e-01,8.952987660026731076e-01
1.802647977488102404e-01,1.839730901111011063e-01
1.017050764983991940e+00,1.572008516319936822e-01
5.161512281300766058e-02,5.647435621538200445e-01
8.325173645477539353e-01,5.120416419397229302e-02
4.894451941470112089e-01,6.355755896406485583e-02
4.292196802868131211e-01,3.259419391631672713e-01
1.368843867891775812e-01,9.175336856578339972e-01
6.197327618096444279e-01,8.057184482258648028e-01
9.024337094929352210e-01,9.462448023243129613e-01
7.416029184971304478e-01,2.998786524581218971e-01
8.540470015268671888e-01,5.406825595711742816e-01
3.063455762431090412e-01,4.309155144904301959e-01
3.024132743790082789e-01,4.430606886650944598e-01
7.709123679321713274e-01,4.963273828662662646e-01
2.966606830033267084e-01,6.642582068054281308e-02
8.608616518207723445e-01,4.015113713068110823e-01
4.389894598634906386e-01,7.604893021806753417e-01
8.573502194459300396e-01,5.517914196898787704e-01
6.418695993386563936e-01,2.305600324965507986e-01
9.231705268346287463e-01,5.641044203036781335e-01
7.021710998614224541e-01,1.170060312311776707e-01
5.886962447514676455e-01,3.647259066381360881e-01
4.474228021655120013e-01,6.589490153535856320e-01
7.886846874048707434e-01,3.717635486584665583e-01
8.970778393233628245e-01,2.083275364976888977e-01
5.733679399659171727e-01,1.212954385406563862e-01
2.833265993369495361e-01,9.000275825670362995e-01
4.209533033257772949e-02,9.394672502414546100e-01
3.325806248421582789e-01,6.775649850801320762e-01
1.188886085952156058e-01,6.344656981316642019e-01
9.184310635801219425e-01,5.527513754537300983e-01
4.019663409742805782e-01,7.813767446683119733e-01
7.310505049420319423e-01,1.159644659474634715e-01
6.770836281413107338e-01,6.970560904444123018e-01
7.118297119568014475e-01,3.149990753540518051e-01
3.833966837720532150e-01,9.689526942230718420e-01
5.872835341976276879e-01,4.990954354068010690e-01
9.764086569751915246e-01,2.336337720199171963e-01
3.724728195385295648e-01,7.665479165589363930e-01
6.967463817351647881e-01,9.813736076804056019e-01
6.279427236748532648e-01,3.017496069182910023e-01
3.826292219228105140e-01,8.374976269726594480e-02
9.512470595689923591e-01,1.455873728846741044e-01
5.361100385442074678e-01,3.917840590248110599e-01
1.519298820287403873e-01,2.697131145966403798e-01
6.340166538394502727e-01,1.913622336516125622e-02
9.625557571948306634e-01,9.252777763948222267e-01
7.121641718239019037e-02,8.878365092025061189e-01
3.725629569128870999e-01,7.958463186608716322e-02
3.044311130853611935e-01,8.320301972459280826e-01
6.436545442491141689e-01,2.689810608561579719e-01
7.041151421380950071e-01,7.511829952559982981e-01
7.285189503409701395e-01,5.538907045903639359e-01
7.877541614809937531e-01,6.370971877403275307e-01
1.038053410683646427e-01,7.814256364605705052e-01
3.478784892175927346e-01,6.804836306648899269e-01
6.604302546394851259e-01,3.188803474397725601e-01
1.844769203407270186e-01,7.153080685159891594e-01
8.744292548219351202e-01,8.225020530533938556e-01
6.534968563217070647e-01,2.115075776204446423e-01
3.011162092407422830e-01,7.406531320398986873e-01
3.976077123408410241e-01,7.306816804313402969e-01
2.926761200211431824e-01,1.094647563277231089e-02
5.513020968283586232e-01,6.054792732622575890e-01
6.057610885843838222e-01,2.547975178927109341e-01
7.981657326569022715e-01,5.063302837710910165e-01
7.724799303151581586e-01,6.077826235761173423e-01
4.017661267151305671e-01,6.952844026480577977e-01
6.108715559406822093e-01,5.101512401522209084e-01
6.165941510321366614e-01,7.188105477932971166e-02
9.214454122997680630e-01,3.262277851168272069e-01
2.075190713623040473e-01,7.537526953958629816e-01
2.330554565308851633e-01,9.650930626633377196e-01
4.197994054295366428e-01,2.983937298306837960e-01
5.307463903040736397e-02,2.094695427793704171e-02
1.155086328959508413e-01,-2.162277524740358406e-02
3.305446016926059105e-01,3.250094630112844163e-01
4.332809922891376897e-01,2.575465550694263084e-01
4.003324035348413551e-02,5.534425541669752563e-02
1.729216984958734937e-01,3.824034631415510477e-01
1.581481248599408973e-01,3.790181543730309355e-01
9.352871468764020202e-01,2.631794143114452589e-01
1.893880720726113798e-01,6.273701720412537819e-01
4.964205342738234883e-01,5.581836619398079097e-02
8.081803036611787672e-01,6.922293357267943481e-01
9.556565986164277104e-01,9.179290468697222094e-01
5.946947020062622880e-01,6.967529895277498886e-01
3.905107484344846891e-01,9.267527138856529456e-01
5.585362541515312973e-01,3.280354430283398681e-01
5.338952472729045252e-03,6.050596384674139516e-01
5.332237755146114200e-01,8.496742105664734090e-01
1.627266359359013093e-01,7.844899921943209176e-01
4.824422410327142141e-04,5.983803868684727245e-01
3.882905843288800840e-01,3.569410751783941294e-01
4.254248059149849936e-01,2.452296532413152652e-01
1.668104249916972093e-01,8.287679441708938333e-01
2.551413641323584947e-01,7.256762766581363877e-01
7.211517787575913996e-01,3.875471397560993625e-02
8.914065601264643535e-01,8.150438673782480770e-01
8.155314803458952877e-01,8.194733076032502117e-01
5.958142750908026475e-01,9.679954976448144066e-01
1.783337423994635906e-01,5.030585044832894259e-02
7.038042831664432786e-01,3.162734148474171114e-01
6.080921456257161184e-01,3.415898095167987925e-01
3.125881610254829801e-01,9.048703873902530503e-01
1.312611840302915778e-01,2.046625295908038322e-01
6.436966597262634426e-01,7.902353847477335824e-01
8.408533584238249148e-01,2.469477355547239628e-01
8.690092218394469548e-01,6.251465201890822332e-01
8.533495991606649955e-01,2.306805398476355351e-02
3.579283926401240490e-01,4.887369847199837247e-01
5.597531134390452134e-01,8.350006534446721695e-02
5.373292205616231332e-01,6.730372538536505411e-01
3.796947526811263462e-01,5.060196711420278382e-01
3.060389728192739467e-01,8.489302946926924331e-01
6.203397853120412586e-01,4.853574430161863296e-01
9.748912679526959835e-01,6.918755235459731479e-01
2.948245231567832580e-01,6.863323983457296773e-01
9.255470867870485563e-01,3.914680037769994320e-02
6.292931296257656681e-01,1.617166722061066375e-01
7.931881125719172365e-01,6.485806797164466175e-01
9.439459609297017328e-01,6.557859592618263678e-01
1.584502452378533030e-02,4.840637670200091391e-01
8.957600872433627570e-01,2.515193576839598322e-01
1.025125406258900612e-01,7.352619016879089475e-01
5.217163138613535311e-01,6.706456246427668078e-02
2.670442971105072005e-01,3.335395832371701452e-01
6.895970725228711684e-01,4.440089722585658372e-01
4.594839377388894031e-01,7.777907169497142448e-01
2.427062959998299574e-01,6.515566167688612298e-01
3.570479314075187816e-01,4.486161578853105070e-01
5.471529281721653204e-01,6.653193990657295664e-01
9.485190288293056105e-01,2.652318877099403838e-01
8.810258113825623905e-02,4.170206592292367009e-01
5.680577774134994984e-01,1.998059109912715681e-01
8.571803841893207432e-01,8.081837279678738550e-01
4.813845035501385650e-01,4.811081147602516705e-01
3.765519261398433265e-02,5.348822813821528799e-01
6.114781328387707271e-01,8.581885773277813101e-01
5.078497859929007596e-01,1.500650587102113354e-01
2.005930344055252834e-01,1.469318744907700258e-01
9.420713163915694910e-01,7.862099730494045424e-01
8.330241165937093406e-01,8.354105952246122513e-01
1.008808503339677087e-01,7.372416298313888561e-01
6.986169780270709007e-01,2.328766963921544420e-01
5.363951287787541711e-01,6.702279745342623052e-01
8.486528831054264144e-01,9.710025108086162149e-02
8.681181716550415706e-01,9.408542288291901201e-01
9.217334476936492882e-01,2.610525195600833445e-02
2.332299086455565662e-01,7.033900456473294316e-01
2.972736364558459243e-01,7.118118392358747937e-02
7.902738793471393297e-01,-3.497381591800949319e-04
4.396784597634398328e-01,9.546644677309743532e-01
4.421931449290036897e-01,9.406190275982749815e-01
4.235743939796754454e-01,3.548079468874124065e-01
1.237348335175101482e-01,3.733766998701638640e-01
3.378078721705878862e-01,8.394547820672112470e-01
9.397213672795732275e-01,7.068507763835272725e-03
9.681083832441213233e-02,6.200937947928389926e-01
4.993764011107083012e-01,3.215290927722376790e-01
2.411960959033573326e-01,2.215960020649306306e-01
5.158495539976876154e-01,3.898646267575130164e-02
7.672238062055629637e-01,2.908061380108623029e-01
3.650079496358594189e-01,5.501082198789494226e-01
2.122615009250420071e-01,8.846817169916096901e-01
7.013675310324578582e-01,8.630159865909518002e-01
4.628450907511563739e-01,4.253462897283144528e-01
2.469242966212208401e-01,5.624197063374857253e-01
6.258266476305587300e-01,4.279912258383331558e-01
1.424900451930689871e-01,2.908282797101896522e-01
-5.173653785866341032e-03,3.475265323124023253e-01
5.849865154155438063e-01,9.511372924746076540e-01
1.585362941698012229e-01,6.800332954506060901e-02
2.906989575827227390e-01,1.549120525396124881e-01
6.620951184017370705e-01,-2.944420961788487071e-03
9.694971476063203308e-01,8.640379314421074985e-01
4.853176648978322905e-01,8.679647600841446931e-01
6.197590911807997482e-01,9.646752080108709215e-01
2.574493029873225480e-01,1.016983834190874791e+00
1.464676175257715041e-01,3.593152403113815119e-01
9.251796751669736363e-01,3.565415804214248641e-01
1.902499003404196365e-01,6.587757171637538545e-02
1.575943091644078919e-01,3.207204439810675822e-01
4.442425351594199712e-01,5.187258516445740764e-01
8.213601764930318350e-01,-1.020449398193678386e-02
8.319348877786202356e-01,5.516733086951272069e-01
7.459032459173309260e-01,7.529597270554381216e-01
8.802163067572281729e-01,9.966903556780194740e-02
5.804239300978217830e-01,9.631501190727739248e-01
7.377802303626307401e-01,1.201133186578391410e-01
5.785840023431846335e-01,7.607115982464693893e-01
2.689219748771391472e-01,6.682295610309411105e-01
8.898994781779709928e-01,5.101162411890055592e-01
1.824627448635130211e-01,5.605600000289896467e-01
5.840607540421310917e-01,3.994140842789720147e-01
6.923146069358063759e-01,4.876432546052648087e-01
9.034965548211830733e-01,8.290079984653170309e-01
7.678891672875198804e-01,5.475723348233334509e-01
1.773504485489741933e-01,7.579507886034152486e-01
9.606788222979537051e-02,5.296512326720284047e-01
3.812121517534865917e-02,5.187423231023680081e-01
6.778640276136435050e-01,4.344449177708977761e-01
4.249809218832670266e-01,1.511944969609732847e-01
3.340660031790732010e-01,4.273665677447218703e-01
8.730660689079373649e-01,9.072406259722749500e-01
9.516796292598477258e-01,1.190989898057537022e-01
3.060302790679036433e-01,4.514217623529972467e-01
6.389014813836727535e-01,6.958140680586395455e-01
7.714659451219781916e-01,4.941673725815154961e-01
5.306457763451636334e-01,9.700483419863921153e-01
2.681106473377450339e-01,8.047691671554796367e-01
7.307465902867315011e-01,1.431964277583474832e-01
9.060495955564557002e-01,8.954974589745824387e-01
7.310560669404796430e-01,1.269797318023526689e-01
1.242994722927504708e-01,7.148323194247769852e-01
1.115893823391084505e-01,1.644251413176255339e-01
4.009996013662010528e-01,-9.838942850473191698e-03
6.872780230585515682e-01,5.623399012785165185e-01
6.147954300338343697e-02,5.351865763074592497e-01
7.865001365616697271e-02,9.176341635420526277e-02
4.732734980201370178e-01,4.907430822444303065e-01
3.038734044777440801e-01,5.806612244992743754e-01
4.026323636876237844e-01,6.044414119978532840e-01
3.569291335189055947e-01,7.187114596298338487e-01
5.651627858166260454e-01,1.894062007890074395e-01
6.505884314393460821e-01,7.745660503366380567e-01
6.908809580381632121e-02,6.099523475358086255e-01
7.903886785867945131e-01,1.042679124063586177e-01
9.124705687259846432e-01,3.904909389791140772e-01
7.349597128390316092e-01,9.076878668629484448e-01
9.829865495513812057e-01,5.840208035978660117e-01
7.085842116521462453e-01,2.164832597420557614e-01
2.567003673510370176e-01,8.534480021477760525e-01
3.860762620844301884e-01,8.114735184484744845e-01
6.197696082338197132e-02,1.984766596633738278e-01
1.218292791339127407e-01,5.602080453758153666e-01
1.047274171504148921e-01,3.678138270407154131e-01
9.638301583341810641e-01,7.926687590505240300e-01
7.352230412289602057e-01,1.339155088157429618e-01
3.575988874892279679e-01,6.590268480705893106e-01
3.169096020488738896e-02,4.288016335316018890e-01
9.630437944958200047e-01,8.405540655482195145e-02
8.553014255058608573e-01,1.582790943483790569e-01
2.310199886652908874e-01,1.882552189475848181e-01
9.360562452378217158e-01,6.039395774494955571e-01
7.791153359311334681e-01,3.282693982433648738e-01
8.998359777159269379e-01,6.071445717607097947e-01
5.999581177677857369e-01,7.605867746976906485e-01
7.662306873921612693e-01,6.481585550208479596e-01
1.305156602054419746e-01,8.716581838926948933e-01
2.662463039373892393e-01,1.005840033921266752e+00
3.734212697523554558e-01,1.498626289824048219e-01
3.162491341522203903e-01,5.843684603602552485e-01
3.860037320277497908e-01,8.496861388901170153e-01
6.842861522809309260e-01,2.117481855284052694e-01
5.630004454729781171e-01,7.530745928180081483e-01
8.856334086271520079e-01,3.826914220019552171e-01
9.319423164164170048e-01,4.228550458831671632e-02
6.764552469431344139e-01,7.677047020629045315e-01
4.246607572279914589e-01,1.744184810980576109e-02
6.834664717966930647e-01,3.647151807287297154e-01
1.640532470448008429e-01,1.574894199343272183e-01
7.222436502201547981e-01,1.830232533813906382e-01
4.967002282447907646e-01,9.648021569772599060e-01
7.648837952510790794e-01,5.427021167098783350e-01
5.329252171385364667e-01,1.953476107795165673e-01
4.621584733363428010e-01,1.189880383901222305e-01
5.042163965724889146e-02,1.179883946149913043e-01
6.299682224970589717e-01,1.603400000651919455e-01
1.451493642130454176e-01,9.145953301164987392e-01
1.166401979424322721e-01,7.561522634983519620e-01
4.005282475679088350e-01,5.661416865710768853e-01
9.296372062194441233e-03,-2.556451078077237940e-02
7.834223760594386521e-01,4.710163129507514146e-01
7.420423454319702294e-02,3.291205105644076090e-01
4.968300531190986136e-01,1.644149819924347333e-01
5.657728211824190057e-01,5.235771950720896628e-01
6.114326749381592263e-01,7.775333328680914535e-01
4.181713513790079051e-01,8.873118420560025532e-01
4.671904384357806195e-01,4.578051642120614106e-01
6.531088629557652014e-01,5.912484288616610684e-01
4.503040110682362401e-02,1.001446940826601351e+00
9.349376712863873840e-01,2.460745906365818803e-01
5.094577488049975011e-01,8.105792502677460210e-01
9.169945985595026050e-01,6.011662879359753742e-01
-3.444632456670038145e-05,6.745305190867783018e-01
8.795141255322172502e-02,6.760070010322708489e-01
5.892249713302463165e-01,6.222243097665305367e-01
1.706039614622420209e-01,4.919789288710499364e-01
5.828705438405055173e-01,2.838313926826079303e-01
1.785404976675865063e-01,2.306307300848444708e-01
8.880853734315697912e-01,4.550142263328785797e-01
6.617956668502246176e-01,4.775415901640741034e-01
8.408235248141430196e-01,4.903077165246614300e-01
8.716061582208846359e-02,2.075023245542124972e-01
2.361908552591408111e-02,8.024493291150921470e-01
6.793118359079559632e-01,7.584244324065420040e-01
7.403638092851612118e-01,8.537122987904172122e-01
1.019092119376997951e+00,6.249829398092328070e-01
2.603113066001225273e-01,6.984203906955607777e-02
6.157769388189719972e-01,7.996324803077418109e-01
5.811327367664647081e-01,2.950627844395841692e-01
7.306197873694603162e-01,4.369275893573200120e-01
2.868644994533571246e-01,8.392403170074094199e-01
5.365519261627510472e-01,2.672578841590193544e-01
3.740215233134074890e-01,5.699312825238839197e-01
4.261281429508142482e-01,1.603457049522462041e-01
6.022594525729971782e-01,6.898322100537258583e-01
-8.031396436116859314e-03,4.912103218154411088e-01
5.928860305873169256e-01,3.643214469333065919e-01
3.154476979519654223e-01,3.094019014098641218e-01
4.753271532473147265e-01,7.965118168063055615e-01
4.767804089211186147e-01,1.080187121493263458e+00
3.888040716457010770e-01,7.006387626382043488e-01
5.665998801867428991e-01,7.778235585539635677e-01
8.751193107806766180e-01,4.769544306830474367e-01
5.063574791114465734e-01,9.575961779793936701e-01
9.277093793136425015e-01,1.029900648591146606e+00
1.853706340499174376e-01,1.905908091678409910e-02
4.317378731657262048e-01,6.915216394919645460e-01
6.936891570458554590e-02,3.368778044393879179e-01
5.343176343844400211e-01,2.254905965587713224e-01
7.545881428629525045e-01,1.905257277431831875e-01
8.355411038576845417e-01,3.479234798972940523e-01
5.928003546318206807e-01,5.165837483931995378e-01
3.230674556053966806e-01,4.120538284306423660e-01
8.069891334390179027e-01,5.208553325484157615e-01
6.521380616979444156e-02,7.076882148527549043e-01
1.670475612721309677e-01,4.966157480956385761e-01
4.751914415176584083e-01,4.403404973757450991e-01
4.136535568426902287e-02,2.960131789773309818e-01
4.827183729037359816e-02,4.102584064893945448e-01
6.592142230700950289e-01,6.398777484280500083e-01
6.123479129077295108e-02,1.255087041317460850e-01
6.624755851240502480e-01,5.257419634250195539e-01
8.351964916506462444e-01,2.365210890978199088e-01
1.364954404871518978e-01,3.605297900377293918e-01
6.197883322243301629e-01,4.713471564323768459e-01
1.175976077748627779e-01,3.942564420355733346e-02
7.257574221053195718e-01,2.963325177351140427e-01
6.419115085108590968e-01,2.985544009149239120e-01
2.987800919158178359e-01,2.014349921779340913e-01
9.535015256472562095e-01,1.129823409997755823e-02
8.479967805407118142e-02,8.242928591093579005e-01
1.216155967344288297e-01,2.706505246773345252e-01
2.475009815903852495e-01,6.976648649333010432e-01
4.289612831396046322e-01,8.478000653054335034e-01
7.734124354739120299e-01,5.211307513972598393e-01
2.555560727277272348e-01,7.997011013235963972e-01
8.890235883895774016e-01,8.216736081833495575e-01
6.749041339566690112e-02,6.808124828823427510e-01
6.925402309106321042e-01,9.359024159214843763e-01
2.725418363494187535e-01,7.646066766938239834e-01
6.701434230335336917e-01,8.658257004170568649e-01
6.942768950143266560e-01,8.337295689320516345e-01
3.648547812160987114e-01,1.504677781633408096e-01
3.765101489504844579e-01,8.163105207421447185e-01
1.666926675766364774e-01,6.403681061005227493e-01
9.631882660356567705e-01,8.907595289230320068e-01
6.716061302100111430e-01,7.744568455544769137e-01
1.468184290081870624e-01,4.926350066944338857e-01
5.190190507300458389e-01,7.863265819804715617e-01
2.644691984483447111e-01,1.258122226704509183e-01
7.134208917037199171e-01,4.952066200912473293e-01
8.541251191407992494e-01,4.714962810203847665e-01
8.162163871063359277e-01,5.013228477381254100e-01
7.726682089466395675e-01,6.800144623081929574e-01
2.449254889147297332e-01,2.847908263174890320e-01
8.781196165556118816e-01,2.576733194533198934e-01
7.077393336885554609e-01,1.644195821102057697e-01
7.653501382448036905e-01,2.449500627119771123e-01
5.946039392366522236e-01,5.945569240138296463e-01
1.788864170612360915e-01,4.900485412842782718e-01
8.587503006929850802e-01,7.053633793957175824e-01
1.001050264749672625e+00,8.082881635337405557e-01
6.153860912124051730e-01,5.511532984957392411e-01
9.017496502738625574e-01,5.342389789511360343e-01
3.941100545113184750e-01,8.496053166173613835e-01
9.408775128806226018e-01,4.363131842729164322e-01
1.040309602345228651e-01,6.100210968877834983e-01
7.501967017457530362e-01,3.293103818596114229e-01
7.462093005408911850e-01,5.107033073034528137e-01
2.791518477953077171e-01,6.164209652674955686e-01
3.914179466865315704e-01,7.726945988833328061e-01
-3.664284571448232775e-02,8.204907738388597105e-01
2.995613387999652155e-01,9.408608521811075986e-01
7.530083164193331902e-01,2.340831882739008440e-01
9.796794151629885095e-01,4.946227941971184650e-01
5.262319824798364909e-01,9.085459914203796172e-01
9.347969492103234135e-01,7.285772680981867921e-01
9.781469530265629597e-01,3.164380471416028406e-01
2.035997583597106420e-01,4.218368794191770105e-02
3.282950493906284239e-01,6.495842791076906764e-01
3.609625160359588025e-01,5.753596718192621751e-01
1.508572539179595801e-02,3.671667451689196726e-01
7.899806967009896930e-01,7.808134534488941902e-02
7.527985003661740171e-01,7.263310572964447598e-01
5.396774878009251708e-01,8.922668257758227250e-01
9.748976850488276780e-01,3.334869466316615905e-02
6.880714133388773357e-01,2.592627582859769464e-01
4.325870237735617296e-01,6.107082862748776098e-01
6.950031661317610521e-01,8.612624496545904229e-01
7.144711926075062447e-01,7.891736560145207191e-01
5.858475253586392650e-01,1.298202145724198509e-01
-4.594058533885121698e-04,5.347278776978398040e-01
7.177764645155917389e-01,1.112391640168125112e-01
4.449198998573907771e-01,2.357733243675812496e-01
5.806315728033611956e-01,3.909157714165487074e-01
1.856364640301469415e-01,-2.204365684543247578e-02
3.592986076854868260e-01,5.147731368070561642e-01
9.221097317446210750e-01,2.046025301303867061e-01
5.340281487260755133e-01,5.867182246008147972e-01
6.655976604296741650e-01,3.273456878928007741e-01
1.145069782844790607e-01,9.048797977345108823e-01
9.571077203933038291e-01,4.371446626448995398e-01
5.859159032979757153e-01,-7.236819739034297538e-03
8.460940778671995066e-02,1.090380385333231950e-01
7.157456471503518269e-01,2.387817243988955285e-01
1.547076367641996575e-01,1.001261027335658901e-02
-2.101699807889983312e-02,3.995404642409317586e-01
5.319227519344720267e-01,6.021940161686569759e-01
4.912807259604089483e-01,4.933810288657908272e-01
7.763073608472939036e-01,2.912184873182041001e-01
2.454837691601544636e-01,8.619929335181703012e-01
6.656574394532928096e-01,4.997849688543572477e-01
2.892059774783382053e-01,1.513118709690729757e-01
-8.208230133692928643e-03,8.614203375288389530e-01
6.134983253399353131e-01,4.552462780002201198e-02
1.485725693922466673e-01,2.523160449577815934e-01
2.343886101179730730e-01,5.514776430704161347e-01
3.947485504626996877e-01,8.772411041477649052e-01
7.499891807410276057e-01,8.856142667856778949e-01
8.559045858185768685e-01,9.552513169807015370e-01
9.737696057966336305e-01,3.130221923474655332e-01
2.061787466647611311e-01,1.792680529330972494e-01
5.869876313102333487e-01,6.768996039658597974e-01
8.892638806380036287e-02,8.011075273814873832e-01
7.899383663799327548e-01,6.442015046956024449e-01
4.446512302761604918e-01,1.892428589407591510e-01
4.969250760631412356e-01,1.691408229839670985e-01
6.144996655855963219e-01,3.052524073069434740e-01
2.699742412962194416e-01,4.468161136709368209e-01
5.566919098493917639e-01,3.824759781336565245e-01
9.536159202544417512e-01,-5.573818195177713750e-04
9.078872032311368079e-01,1.538987636765743600e-02
2.382916560902152425e-01,9.931614787180238491e-01
7.237585680012421641e-01,6.035554680805030880e-01
7.118963503224036149e-01,3.893608790342056314e-01
7.904336030291754245e-01,1.527266633820078823e-01
7.757156629314266860e-01,9.425807458566188846e-01
8.563337356785060139e-01,6.888524950571747185e-01
6.735357237355421578e-01,5.413099797818522463e-01
3.904648852339495657e-01,8.727055408521364743e-01
6.409531391757904428e-01,4.028113500522880752e-01
8.280661952835784989e-01,6.909905840520519371e-02
8.319313096112422867e-01,8.050112838613485700e-01
2.510489483623982165e-01,1.026701756538115837e-02
7.087982138427900702e-01,2.146678795790279981e-01
9.834856472474837741e-01,2.739669124725074151e-02
2.358670307496250063e-01,4.625474493128892139e-02
7.682543967685919739e-01,5.867830186649367619e-01
8.870854535176653233e-01,9.661190987768994987e-01
6.212341705592590024e-01,2.458239508150802111e-01
6.976114733836868975e-02,8.636095347992079896e-01
2.418527914378703902e-01,8.510200315864477894e-01
8.940670474554746061e-01,6.091727395534701772e-01
6.175884830244092738e-01,9.356659195933461071e-01
7.968573645648142634e-01,6.777106346572305817e-01
4.741639736509360437e-01,4.805442417697847191e-01
3.878517011147911697e-01,9.776528321901162277e-01
6.197678618865126721e-01,7.813627324454633927e-01
4.799047037861924048e-02,8.605020816813673257e-01
4.184987540454658816e-01,7.352738646368505160e-01
5.695416428927676383e-02,8.974089161070892828e-01
6.791731604107082987e-01,4.653386851165728921e-01
3.165622002490514619e-01,3.336954043196577180e-01
2.971964871659458218e-01,1.531548400391153364e-01
4.606732433126515813e-01,4.254731380859596568e-01
4.053527101973103397e-01,6.886401899576929386e-01
4.273215553805773670e-01,8.328815498237475412e-02
8.546170637439971518e-01,4.453852337411228768e-01
6.850011335496594134e-01,9.357503818680021901e-01
7.891281009177508743e-01,5.352559812858950217e-01
5.137590778680575232e-01,8.259445877859774576e-01
8.197181149467637207e-01,1.945646140784856315e-01
6.226436577958001095e-01,8.894332575843275634e-01
8.399403911435928682e-01,1.069505204335101933e-01
4.781900367653469375e-01,4.855382202137507042e-01
2.947862417553632763e-01,6.788289016811199783e-01
4.715696166896186647e-01,2.973483222473386478e-01
3.208651359411366366e-01,8.866994650094750519e-01
8.523597314716808704e-01,8.010854275055611096e-01
8.862837984225703236e-01,9.376932395667223474e-01
4.778230103714086741e-01,8.135636054989255073e-02
7.965569033523401954e-01,6.111369231789306466e-01
4.124075840283953909e-01,9.724771398528795352e-01
3.461658863380261408e-01,9.248698037278982875e-01
6.330831974866097944e-01,5.483964342458097496e-02
8.553784884997275295e-01,7.407572415700719448e-01
6.492494390620845435e-01,6.358330723377527693e-01
2.216741277906685015e-01,2.157904510840616130e-01
3.344212033820088970e-02,1.167417440987909005e-01
3.394106352439800744e-01,5.553703965346554750e-01
1.298948959819708204e-01,5.800423763138164990e-01
2.864578433361506526e-01,2.438831529853696667e-01
9.567799938919346880e-01,9.931996712000200622e-01
7.708679431084791700e-01,5.064824744412465413e-02
7.080136930839436848e-01,1.811055223440725948e-01
5.828763250654833694e-01,8.893612629052770613e-01
3.621949388725089758e-01,9.335210104013581534e-01
7.572463262620955371e-01,2.575659492579998600e-01
9.957330055056080875e-02,8.044755957583432648e-01
4.495377666232504565e-01,7.059968523954841813e-02
9.624122457919290219e-02,9.789974596609529733e-01
2.381661499720435504e-01,9.233536707582957748e-01
7.067529662871423479e-01,3.230766719436588552e-01
3.715927205932104127e-01,7.780338828079365054e-01
4.597667604710705680e-01,9.541405459490223673e-02
2.569615134632561304e-01,8.678345230989933379e-01
7.115648082986461009e-01,5.291914770110967003e-01
2.386299541488205445e-01,4.834030487103309071e-01
7.459172551159822806e-01,4.994637923229545973e-02
1.004767488045856805e+00,8.728158012656804798e-01
3.102200892887143624e-01,8.584484551491057269e-01
6.746031751615179095e-01,6.701918156331175824e-01
9.343524760862170764e-02,9.152070158152530999e-01
4.509899613178599553e-01,8.081763429146198163e-01
2.970492016690389758e-01,2.803419252842362375e-01
9.427252755090417269e-01,5.271296390325268533e-01
4.703821732864108679e-02,8.518629448204995125e-01
2.055827306512511277e-01,8.784538321892120250e-01
9.076262172659227412e-01,6.701605277385719317e-02
5.756291681566830798e-01,1.010402539494990259e+00
9.694693416225079741e-01,5.299958896725017743e-01
6.722392277364352964e-01,5.776774858544764246e-01
1.752919500162524180e-01,6.819847018121802940e-01
3.037692725621936041e-01,3.291651874540699740e-01
4.230943073027544910e-01,8.001456210722598383e-01
2.133339358434366839e-01,2.240231416806130471e-01
-5.974195352152966362e-03,1.601805263938618773e-01
9.992348267925789118e-01,4.205988390732013360e-01
1.859314972504128582e-01,9.632901892607380612e-01
1.100713283594617620e-02,4.925225838737201101e-01
8.135760150041284611e-01,7.183936858866798447e-01
2.020057373121652566e-01,7.103338036418573864e-01
6.274639808971252952e-01,6.988681147537193494e-01
2.303789138251170487e-01,7.856245645681744216e-01
5.578327263539580860e-01,6.786505303385523824e-01
9.353404934828725148e-01,8.724185791553707991e-01
7.902702470001282675e-01,2.912286311068891798e-01
4.942863605990931858e-02,5.660870546126578473e-01
2.480344980428465448e-02,7.187642417941145778e-01
7.058038191882343160e-01,5.921735701821659870e-01
1.533991284443747549e-01,8.868750116544653617e-01
5.975284924228606576e-01,4.918191617461044052e-01
5.934450564860757060e-01,1.045163501359466229e-01
7.090238027874136151e-01,5.930417552766142908e-02
5.825354858969676863e-01,1.278303408268964547e-01
1.652910453634119647e-01,2.165809996707935836e-01
-1.195878405278293782e-02,8.709683691736466171e-01
7.779741866580509591e-01,2.883857241725389445e-02
3.914056556590066183e-02,8.051561745855563279e-01
1.040869303605870821e-02,4.848851784758732020e-01
7.353190279362224746e-02,5.790677537347481696e-01
1.001064740181496715e+00,1.810810859278731144e-01
9.437299280499114040e-01,8.554559462519157886e-01
9.780241844523828165e-01,7.602313626698855575e-01
9.002781975832673256e-01,6.008624993277463799e-01
8.680815878438539190e-01,8.633208644935433385e-02
7.169473851369156936e-01,6.244594235526046422e-01
8.245398621761010349e-02,2.876075734273366713e-01
2.129805734230751646e-01,3.902904784681988093e-01
1.635198827874206895e-01,2.835675356416509363e-01
2.909431322930237096e-01,6.087315145888169132e-01
1.379663987465322705e-01,2.218192311801919780e-01
3.216562583699963951e-01,4.232469144199124123e-01
4.243947597432690122e-02,9.979547081681804377e-01
3.312039868530205489e-01,2.700070580228917105e-01
5.283328266371493109e-01,8.457689251077068482e-01
4.689910877252710386e-01,1.928847332331778408e-01
5.833861604678070023e-01,4.787702381443369459e-01
4.002366254187003647e-01,9.765260393679138229e-01
9.811288035965766152e-01,5.374417182772855961e-01
2.923184188106391773e-02,5.815271593865867228e-01
9.412825425423508863e-01,9.178630287352197437e-01
2.323964044602267742e-01,1.912367691559555549e-01
1.210675091929466485e-01,8.332402874871307485e-01
5.197317731150470355e-01,3.481084527352088509e-01
3.075069374148934331e-01,2.459575834655726712e-01
8.645919194218310011e-01,4.117405514850203119e-01
2.725428611480792962e-01,6.952176558312845867e-01
6.224763272542535031e-01,7.357944383109009667e-01
8.132758735883078849e-01,1.355133040282512358e-01
-9.733139143663300033e-04,7.392164343080012689e-02
7.144489030043680300e-01,9.486383458619362941e-01
3.275640299096477803e-01,7.789609184783672369e-01
7.375629070864135883e-01,9.940243723353782146e-01
4.813143132453988615e-01,1.307240430615220217e-01
7.703850476462925645e-01,8.056871180328053494e-01
6.963824786720338444e-01,8.723317284039612263e-01
4.051409617924336404e-01,6.856739813275786188e-01
3.033062513802488591e-01,4.245001708507748495e-01
2.671270232588177085e-01,1.631475136888282385e-01
4.012438103920439730e-02,6.990875056846260760e-01
8.625424311044469494e-01,3.399708184638707831e-01
4.250690912452018688e-01,-9.295183804804738742e-03
3.863216020192033473e-01,3.130291938529558560e-01
5.970252490555502112e-01,8.989559163378685325e-01
5.170609424656831266e-01,6.780646515902020166e-01
6.984245860617986912e-01,1.717270754038494607e-01
3.340622764380587473e-01,6.931272254191039872e-02
4.459433498184658951e-01,8.886210035818263853e-01
4.690689210428825584e-01,4.383045760630220333e-01
1.781355821648105964e-01,3.029628459559394194e-01
9.190949284929043062e-01,3.222832429323899128e-01
7.417166379513879804e-01,3.245098687040286201e-02
1.387683525680496466e-01,3.093284217557689675e-01
8.960318776919115047e-01,2.181954592258835146e-01
7.621708039689616410e-01,1.804048366974275175e-01
6.068724020146905040e-01,6.047054898186730032e-01
6.391040588059825334e-01,2.914708677159574268e-01
1.555316008430050467e-01,8.785935567659868273e-01
5.479410047524266858e-01,2.156530158134053743e-01
4.011317007419472613e-01,5.835710945714633890e-02
4.878564743390159664e-01,4.576344264589322641e-01
1.402102619922739046e-01,4.422694080693047591e-01
6.391570678165678920e-01,9.512497390066776415e-01
7.109392459117346297e-01,5.063100073043501625e-01
7.753425254245492892e-01,2.513629313854532366e-01
6.765911266490730602e-01,-1.244221555172777757e-02
8.043947863380852825e-02,6.095618437764754871e-01
2.043729658005404570e-01,6.856681354236303649e-01
6.138460437767881972e-01,5.785313047776593359e-02
4.366144373947583035e-01,5.675410949793755488e-01
7.168084654217110607e-01,7.958728503315641856e-01
3.579804311476687539e-01,8.530422272406500417e-01
3.579726259044296310e-01,2.533548597514301282e-02
6.148973326661489880e-01,2.417909847284926972e-01
1.124041211357583031e-01,2.511395182992726682e-01
8.186327751496399463e-01,9.142082003755152009e-01
9.238545974654613913e-01,3.234236498667436566e-01
4.948661418207347396e-01,7.938817853150705872e-01
3.414017276047190963e-01,3.824611281120751660e-01
2.252284308070689467e-01,5.647316390798761132e-01
6.609805484942152809e-01,3.040133295677727721e-01
3.635416265935111080e-02,7.255222141744978037e-01
5.951327615191687181e-01,2.186004576396688992e-01
3.007689680672937516e-01,9.505672924801589208e-01
6.291173597142999396e-01,5.686836201608814756e-01
6.688680434336897740e-01,9.706974190418753423e-01
3.272579824549168293e-01,2.805334338989561860e-01
3.894582588494721609e-01,8.051233595348871175e-01
1.585559090898768231e-01,2.020514357048144582e-01
2.520251003605348816e-01,6.096846426672521968e-01
6.179670298374859705e-01,4.055758243034583987e-01
2.675531527919509656e-01,7.313029789051730400e-01
3.077207789466820942e-02,7.640172455648851502e-01
1.950035005692555556e-01,9.019429475881159952e-01
3.766034618918578381e-01,6.329201130315509349e-01
1.409132991541467705e-01,2.381975620068700339e-01
6.751704831925590122e-01,5.348331828872453508e-01
7.582837579679220230e-01,5.786966168564920965e-01
5.769267289900367190e-01,8.697178012462268848e-01
4.252585595336795810e-01,8.826474905995127518e-01
3.566879408911173832e-01,3.372407625916207796e-01
8.112013340325928690e-01,-7.268302072536928643e-03
1.518324540359495267e-01,4.904918592140424666e-02
5.287356528067335137e-01,6.272281411487632408e-01
2.148388259535913627e-02,1.513041873781561242e-01
3.149060756126752514e-01,2.884736283929491552e-01
6.623420581216168945e-02,1.913054207988572064e-01
8.463272556481574727e-01,6.943751625251791681e-01
3.017201982894532897e-01,2.345241357107995528e-01
8.881366419409432444e-02,3.369897249773846082e-01
3.949474115121808793e-01,9.269675310648012312e-01
7.559596069415183139e-01,4.756261421447957050e-01
1.328355956023717643e-01,6.049502591356206160e-01
9.195744753751247114e-01,8.138739544206921583e-02
8.333244675450655059e-01,1.535859033040078148e-01
7.108839287084238734e-01,2.099849261435275949e-01
5.855856076156290557e-01,2.551247898270256886e-01
5.561941768344185189e-01,5.806215078292672471e-01
6.039665800652028738e-01,7.188609312410920715e-01
4.668912122886044458e-02,6.912069995265991418e-01
1.939127026604120230e-01,6.656550672244988531e-01
1.510974323762131477e-01,4.589743791760051983e-01
3.895337763031654910e-01,9.890647648905644962e-01
6.214598488190798964e-01,9.020063950269037456e-02
7.157751870781919878e-01,1.760985363428736183e-01
3.309574626786864204e-01,3.991975288600012606e-01
7.690797950511208958e-01,9.393844822555824647e-01
9.625695917196084306e-01,1.635873404642430584e-01
5.097030754516736206e-02,8.514563272680342187e-01
2.602071089337195109e-01,5.812594604454455194e-01
9.803106500637697174e-01,1.723477300281143487e-01
3.435439108309890632e-01,8.689809550214063760e-01
6.637441617717647624e-01,9.239718971304066164e-01
6.081231696730854397e-01,3.286915946598009119e-01
8.156711629340172021e-01,7.520276961925972392e-01
9.520360324341327063e-01,4.810017262359079226e-01
5.386235861453476659e-01,3.371064891743318359e-01
2.409610249273900773e-01,9.833530348444401437e-01
9.650374102837750989e-01,5.358376638078816701e-01
9.490157964705693283e-01,3.336097073079863917e-01
8.617771224293658827e-01,6.548705017913803994e-01
7.150114252391550629e-01,7.223921003822272313e-01
6.164775163110075562e-01,8.418772635072432342e-01
3.823805900653786116e-01,8.603606809985014925e-01
1.885356911594554541e-01,1.933655751987701232e-01
7.099555735540161727e-01,7.107735256591829476e-01
9.344185625504646264e-01,2.329739872927294453e-01
6.450706204505368691e-02,5.082259195330753876e-01
8.700268192962633540e-01,9.713020004773875726e-01
8.445666341942781319e-01,5.030127573186556900e-01
8.371108774426126997e-01,2.205272166948126500e-01
9.076143819333010176e-01,5.583074011388033941e-01
3.813654493326124051e-01,5.783340708927490192e-01
7.940512769219042477e-01,2.394056031594410661e-01
1.205393920962285204e-01,7.540180368303769365e-01
9.586443243287142701e-01,6.506298964114319849e-01
1.830820675195950764e-01,6.151187896336451910e-01
1.381548253108252911e-01,3.344216770519727322e-01
4.027111845069232532e-02,5.255825401538344321e-01
3.568292952742373458e-01,9.078120846389907406e-02
3.038184503301084027e-01,6.581822646540889110e-01
2.765992697321116300e-01,1.972965341716909071e-01
5.605741716787772111e-01,7.541580321401544218e-01
8.019373270287266653e-01,4.771354869088575423e-01
6.873594306601746862e-01,8.485260957652599467e-01
6.228453035771747137e-01,5.549459004519550209e-01
5.145646742919991745e-02,2.561999552308773520e-01
3.194873506538264962e-01,3.953477099332418643e-01
9.496063488904181726e-01,2.364698779400479234e-01
5.491724921580557472e-01,1.007139876318365213e+00
6.138200493021465087e-01,2.174507034041380793e-01
9.340211724040927699e-01,3.414547257526486246e-01
3.270653431872951045e-02,4.577544986793976589e-01
2.421657996191125817e-01,8.321211402887218611e-01
2.252022858015151896e-01,8.559800516037887608e-01
4.963765261323568878e-03,9.268813810727563052e-01
2.299178501693058957e-02,8.975471853452546833e-01
5.319069144420644768e-02,8.960243156425246047e-01
8.307285312218671836e-01,5.900284152801122950e-01
5.145610727076570245e-02,6.234514554745307358e-01
6.301130842868311044e-01,5.636543569768011075e-01
6.423796130333939702e-01,9.591136574696909056e-01
1.016448995831505719e+00,4.962531639497673175e-01
9.008102930666068986e-02,1.559074734461680378e-01
7.172695961417413502e-01,9.733465162697255701e-01
4.818240404005580402e-01,1.264105819105871553e-01
3.558772106460711404e-01,3.656007242553026559e-01
9.558936351407190113e-01,7.007565869561214189e-01
1.431834570319039379e-01,3.449921305108943348e-01
1.434470868994486281e-02,6.562668914832405775e-01
6.630022547565359581e-01,6.072987499645370740e-02
3.743884942412408212e-01,9.186263988246083922e-01
8.383375227279585840e-01,5.733056808819462224e-01
4.929128522247611111e-01,9.783915474374361709e-01
7.332942761404951382e-01,9.487678416695860539e-01
5.514010137552085439e-02,2.284511914665040833e-01
-1.352004720581725938e-02,8.570251291051004250e-01
7.064978490076080364e-01,2.021433463464002156e-01
9.836246673694363230e-01,9.423554846264504681e-01
2.235791574030122908e-01,6.528352439031387400e-01
6.993136047521134602e-01,2.242871489564380802e-02
7.073383825962242799e-01,2.226485804696001769e-01
8.798990243035071934e-01,8.103863058409688236e-01
8.992682658919676220e-01,7.715425756553763170e-01
1.548677170488295118e-01,3.719978060502036610e-01
6.930377650532527634e-01,3.105166255170918044e-01
7.381931317197190090e-01,3.514961693536418075e-01
1.715996799129300976e-01,5.015527966425016304e-01
7.052060577874894598e-01,5.347248919025786584e-01
6.546512445108682021e-01,4.344944487866743699e-01
7.564395049941504690e-01,6.496697037956850052e-01
6.027586315297023267e-01,4.171909379775491922e-01
5.366766246822076702e-01,8.372556328051468377e-02
6.606350183079365834e-01,2.018620883804611021e-01
8.331409102695924718e-01,8.248077809309569686e-01
5.131427070232823517e-01,8.160389987985662286e-01
6.517320716060760466e-01,1.454289688367499667e-01
