step,filter,seed,graph_degree,n_nodes,slab,n_slab,J,L,cells,xdeg,cv2,ari
0,xcoord,0,1.66,100,0,131,10,10,6,0.6,0.29747683701416,0.8669425051239309
0,xcoord,0,1.66,100,1,131,10,10,11,1.1,0.44542858807761787,0.5086207169891487
0,xcoord,0,1.66,100,2,131,10,10,8,0.8,0.2320960316997844,0.6201532589629564
0,xcoord,0,1.66,100,3,132,10,10,10,1.0,0.5495867768595042,0.7507350352682242
0,xcoord,0,1.66,100,4,132,10,10,10,1.0,0.38544536271809,0.6129003150422664
0,xcoord,0,1.66,100,5,132,10,10,10,1.0,0.5438475665748393,0.7176117759592431
0,xcoord,0,1.66,100,6,131,10,10,9,0.9,0.5360992949128838,0.805708777602775
0,xcoord,0,1.66,100,7,131,10,10,9,0.9,0.23297010663714238,0.5185674473330987
0,xcoord,0,1.66,100,8,131,10,10,10,1.0,0.6566633646057921,0.7924383968010138
0,xcoord,1,1.72,100,0,131,10,10,7,0.7,0.27469261698036235,0.7847113526151118
0,xcoord,1,1.72,100,1,131,10,10,11,1.1,0.2621059378824078,0.515829795623889
0,xcoord,1,1.72,100,2,131,10,10,8,0.8,0.49128838645766565,0.8776905484757144
0,xcoord,1,1.72,100,3,132,10,10,9,0.9,0.1053719008264463,0.4170629572774871
0,xcoord,1,1.72,100,4,132,10,10,12,1.2,0.46005509641873277,0.525330565423818
0,xcoord,1,1.72,100,5,132,10,10,11,1.1,0.481060606060606,0.587849398791425
0,xcoord,1,1.72,100,6,131,10,10,7,0.7,0.34240428879435925,0.8983467822768761
0,xcoord,1,1.72,100,7,131,10,10,11,1.1,0.3262047666219917,0.46867580956567273
0,xcoord,1,1.72,100,8,131,10,10,10,1.0,0.745236291591399,0.8194009646926135
0,xcoord,2,1.72,100,0,131,10,10,10,1.0,0.5168113746285182,0.687593927138646
0,xcoord,2,1.72,100,1,131,10,10,9,0.9,0.21618786783986946,0.5231689657112104
0,xcoord,2,1.72,100,2,131,10,10,9,0.9,0.4878503583707243,0.7876074950338172
0,xcoord,2,1.72,100,3,132,10,10,7,0.7,0.39164370982552793,0.9629366882792129
0,xcoord,2,1.72,100,4,132,10,10,12,1.2,0.33195592286501374,0.3845610339430129
0,xcoord,2,1.72,100,5,132,10,10,9,0.9,0.15082644628099173,0.4806835046829366
0,xcoord,2,1.72,100,6,131,10,10,11,1.1,0.445428588077618,0.5587979273772715
0,xcoord,2,1.72,100,7,131,10,10,8,0.8,0.48662665345842315,0.8915440398687037
0,xcoord,2,1.72,100,8,131,10,10,11,1.1,0.7454111065788708,0.7956157505949013
0,knn_k1,0,2.7,100,0,131,10,10,16,1.6,0.4162344851698619,0.7095233127900354
0,knn_k1,0,2.7,100,1,131,10,10,14,1.4,0.312627469261698,0.8240313575881294
0,knn_k1,0,2.7,100,2,131,10,10,19,1.9,0.48248936542159543,0.6213966962546864
0,knn_k1,0,2.7,100,3,132,10,10,16,1.6,0.24150596877869604,0.6479541380467012
0,knn_k1,0,2.7,100,4,132,10,10,13,1.3,0.37132690541781455,0.8967170455080596
0,knn_k1,0,2.7,100,5,132,10,10,15,1.5,0.4480027548209367,0.8390261816093144
0,knn_k1,0,2.7,100,6,131,10,10,13,1.3,0.26129013460754036,0.9458987446732962
0,knn_k1,0,2.7,100,7,131,10,10,15,1.5,0.38540877571237114,0.840387103871684
0,knn_k1,0,2.7,100,8,131,10,10,14,1.4,0.4252083211934036,0.887966340928212
0,knn_k1,1,2.66,100,0,131,10,10,12,1.2,0.14888409766330635,0.8302937214858276
0,knn_k1,1,2.66,100,1,131,10,10,15,1.5,0.3119864809743022,0.7757812825822973
0,knn_k1,1,2.66,100,2,131,10,10,18,1.8,0.32055241536041024,0.5711576175803721
0,knn_k1,1,2.66,100,3,132,10,10,16,1.6,0.25436179981634527,0.6049918945190723
0,knn_k1,1,2.66,100,4,132,10,10,14,1.4,0.3546831955922865,0.8090224830870334
0,knn_k1,1,2.66,100,5,132,10,10,14,1.4,0.41896235078053257,0.9114767297526563
0,knn_k1,1,2.66,100,6,131,10,10,14,1.4,0.22288910902628045,0.8136096402329532
0,knn_k1,1,2.66,100,7,131,10,10,16,1.6,0.4516636559641047,0.8254472923249028
0,knn_k1,1,2.66,100,8,131,10,10,14,1.4,0.3991026163976457,0.8680567108071024
0,knn_k1,2,2.74,100,0,131,10,10,15,1.5,0.34869762834333673,0.721108708135451
0,knn_k1,2,2.74,100,1,131,10,10,16,1.6,0.3435114503816794,0.7493523306080617
0,knn_k1,2,2.74,100,2,131,10,10,15,1.5,0.48680146844589484,0.8733328128047081
0,knn_k1,2,2.74,100,3,132,10,10,16,1.6,0.2745638200183655,0.6658789024016207
0,knn_k1,2,2.74,100,4,132,10,10,14,1.4,0.3852157943067033,0.8271083542299063
0,knn_k1,2,2.74,100,5,132,10,10,16,1.6,0.4233241505968779,0.776385093734462
0,knn_k1,2,2.74,100,6,131,10,10,13,1.3,0.264320261057048,0.9460185701222533
0,knn_k1,2,2.74,100,7,131,10,10,15,1.5,0.3137346308490182,0.7760097764743019
0,knn_k1,2,2.74,100,8,131,10,10,17,1.7,0.372006293339549,0.6937628916609371
0,dtm_k10,0,2.7,100,0,131,10,10,15,1.5,0.33646057922032524,0.7999430924479102
0,dtm_k10,0,2.7,100,1,131,10,10,16,1.6,0.2726531087931939,0.663440557129777
0,dtm_k10,0,2.7,100,2,131,10,10,15,1.5,0.2962531321018589,0.7736639930625496
0,dtm_k10,0,2.7,100,3,132,10,10,15,1.5,0.18629476584022034,0.7153926559536395
0,dtm_k10,0,2.7,100,4,132,10,10,18,1.8,0.5991735537190083,0.7844954993630843
0,dtm_k10,0,2.7,100,5,132,10,10,14,1.4,0.3080808080808081,0.7994863545370716
0,dtm_k10,0,2.7,100,6,131,10,10,17,1.7,0.41757473340714407,0.7223504952883487
0,dtm_k10,0,2.7,100,7,131,10,10,14,1.4,0.25715284657071263,0.8183142546318601
0,dtm_k10,0,2.7,100,8,131,10,10,11,1.1,0.11852456150573976,0.9798020130778902
0,dtm_k10,1,2.66,100,0,131,10,10,14,1.4,0.22125750247654563,0.7976310819084217
0,dtm_k10,1,2.66,100,1,131,10,10,15,1.5,0.41687547345725773,0.8006588305214655
0,dtm_k10,1,2.66,100,2,131,10,10,16,1.6,0.17009498280985957,0.6195158715603548
0,dtm_k10,1,2.66,100,3,132,10,10,15,1.5,0.34469696969696967,0.8105862359885884
0,dtm_k10,1,2.66,100,4,132,10,10,18,1.8,0.4318181818181819,0.6846683382721678
0,dtm_k10,1,2.66,100,5,132,10,10,14,1.4,0.3032598714416896,0.8341481849615446
0,dtm_k10,1,2.66,100,6,131,10,10,15,1.5,0.2665345842316882,0.7540492666325856
0,dtm_k10,1,2.66,100,7,131,10,10,14,1.4,0.25552124002097776,0.8125255581531124
0,dtm_k10,1,2.66,100,8,131,10,10,12,1.2,0.2104189732533069,0.9703762858475722
0,dtm_k10,2,2.64,100,0,131,10,10,13,1.3,0.24765456558475613,0.9194874997189212
0,dtm_k10,2,2.64,100,1,131,10,10,12,1.2,0.22999825185012532,0.9252968633388239
0,dtm_k10,2,2.64,100,2,131,10,10,16,1.6,0.26146494959501193,0.6832550930767398
0,dtm_k10,2,2.64,100,3,132,10,10,11,1.1,0.14646464646464646,0.9844084952601988
0,dtm_k10,2,2.64,100,4,132,10,10,17,1.7,0.4888659320477502,0.7679685878683102
0,dtm_k10,2,2.64,100,5,132,10,10,15,1.5,0.39462809917355374,0.8033878670081993
0,dtm_k10,2,2.64,100,6,131,10,10,16,1.6,0.2950294271895577,0.7022115217356927
0,dtm_k10,2,2.64,100,7,131,10,10,14,1.4,0.3061010430627586,0.8701919502552773
0,dtm_k10,2,2.64,100,8,131,10,10,18,1.8,0.5240370607773439,0.7705874290962151
0,random,0,2.84,100,0,131,10,10,17,1.7,0.34823145504341235,0.6664858231435394
0,random,0,2.84,100,1,131,10,10,18,1.8,0.24922790047200047,0.5775973138402161
0,random,0,2.84,100,2,131,10,10,13,1.3,0.1431152030767438,0.8290351638857201
0,random,0,2.84,100,3,132,10,10,15,1.5,0.3102617079889807,0.8217891810946375
0,random,0,2.84,100,4,132,10,10,15,1.5,0.2723829201101928,0.7513013014348788
0,random,0,2.84,100,5,132,10,10,17,1.7,0.40105601469237834,0.7223890044749333
0,random,0,2.84,100,6,131,10,10,16,1.6,0.4106404055707709,0.7651188831325466
0,random,0,2.84,100,7,131,10,10,14,1.4,0.4659984849367752,0.9121315736538754
0,random,0,2.84,100,8,131,10,10,17,1.7,0.4056873142590757,0.7416622664575258
0,random,1,2.98,100,0,131,10,10,17,1.7,0.41163102383310995,0.7115647632949715
0,random,1,2.98,100,1,131,10,10,18,1.8,0.44012586679097954,0.6899892749274503
0,random,1,2.98,100,2,131,10,10,17,1.7,0.44333080822795873,0.7436639878103608
0,random,1,2.98,100,3,132,10,10,19,1.9,0.23220844811753905,0.516439563597621
0,random,1,2.98,100,4,132,10,10,19,1.9,0.17114325068870526,0.49427796390677964
0,random,1,2.98,100,5,132,10,10,15,1.5,0.3309228650137741,0.8019038211207002
0,random,1,2.98,100,6,131,10,10,16,1.6,0.5654099411456209,0.7855461720656637
0,random,1,2.98,100,7,131,10,10,11,1.1,0.17364955422178197,0.9826016722463962
0,random,1,2.98,100,8,131,10,10,17,1.7,0.39181865858632936,0.7246856783896387
0,random,2,3.14,100,0,131,10,10,18,1.8,0.240836781073364,0.573562002513215
0,random,2,3.14,100,1,131,10,10,18,1.8,0.21356564302779557,0.5857284919078465
0,random,2,3.14,100,2,131,10,10,18,1.8,0.3646057922032516,0.6420704574722528
0,random,2,3.14,100,3,132,10,10,18,1.8,0.17148760330578514,0.5534331454551031
0,random,2,3.14,100,4,132,10,10,18,1.8,0.5082644628099174,0.737238586664683
0,random,2,3.14,100,5,132,10,10,15,1.5,0.46177685950413205,0.8755751117788941
0,random,2,3.14,100,6,131,10,10,16,1.6,0.5896509527416817,0.8896538297577012
0,random,2,3.14,100,7,131,10,10,18,1.8,0.35411689295495596,0.6467164546417569
0,random,2,3.14,100,8,131,10,10,18,1.8,0.4149525085950702,0.6181699553568533
0,ecc_p1,0,1.8,100,0,131,10,10,9,0.9,0.30534351145038163,0.6994258029095489
0,ecc_p1,0,1.8,100,1,131,10,10,10,1.0,0.6624905308548452,0.6336129783885379
0,ecc_p1,0,1.8,100,2,131,10,10,11,1.1,0.5672163626828275,0.6731183348029424
0,ecc_p1,0,1.8,100,3,132,10,10,11,1.1,0.6325757575757576,0.6978020495562892
0,ecc_p1,0,1.8,100,4,132,10,10,10,1.0,0.24540863177226818,0.534989487411044
0,ecc_p1,0,1.8,100,5,132,10,10,10,1.0,0.3085399449035813,0.6245574099079805
0,ecc_p1,0,1.8,100,6,131,10,10,9,0.9,0.4123302837829963,0.7135671643634579
0,ecc_p1,0,1.8,100,7,131,10,10,12,1.2,0.47893479400967315,0.5510469621543538
0,ecc_p1,0,1.8,100,8,131,10,10,8,0.8,0.16310238331099586,0.6455075222365619
0,ecc_p1,1,1.86,100,0,131,10,10,11,1.1,0.41978905658178434,0.6729210491500697
0,ecc_p1,1,1.86,100,1,131,10,10,12,1.2,0.4271895577180817,0.47682423522342243
0,ecc_p1,1,1.86,100,2,131,10,10,9,0.9,0.5675659926577705,0.7909130587658283
0,ecc_p1,1,1.86,100,3,132,10,10,13,1.3,1.1129476584022038,0.7290371268786944
0,ecc_p1,1,1.86,100,4,132,10,10,9,0.9,0.47107438016528935,0.7046578186445451
0,ecc_p1,1,1.86,100,5,132,10,10,10,1.0,0.41184573002754826,0.787192118226601
0,ecc_p1,1,1.86,100,6,131,10,10,8,0.8,0.27125458889342113,0.6869797999611943
0,ecc_p1,1,1.86,100,7,131,10,10,11,1.1,0.30441116485053327,0.5656839095974632
0,ecc_p1,1,1.86,100,8,131,10,10,10,1.0,0.6741448633529514,0.714266222728797
0,ecc_p1,2,1.82,100,0,131,10,10,11,1.1,0.28646349280344974,0.5684959513761283
0,ecc_p1,2,1.82,100,1,131,10,10,9,0.9,0.49099702814521295,0.6706607293505059
0,ecc_p1,2,1.82,100,2,131,10,10,12,1.2,0.31670648563603526,0.5500123650705816
0,ecc_p1,2,1.82,100,3,132,10,10,9,0.9,0.7530991735537191,0.7688241763802369
0,ecc_p1,2,1.82,100,4,132,10,10,11,1.1,0.2815656565656566,0.5551974214343272
0,ecc_p1,2,1.82,100,5,132,10,10,8,0.8,0.15335169880624427,0.6155979724858356
0,ecc_p1,2,1.82,100,6,131,10,10,12,1.2,0.2733523687430803,0.501706443359513
0,ecc_p1,2,1.82,100,7,131,10,10,9,0.9,0.44799254122720117,0.7281034913892036
0,ecc_p1,2,1.82,100,8,131,10,10,10,1.0,0.5680904376201853,0.7088915106279673
0,gauss_0.1,0,2.48,100,0,131,10,10,14,1.4,0.9277431385117416,0.7063409270504727
0,gauss_0.1,0,2.48,100,1,131,10,10,13,1.3,0.26280519783229417,0.6538585839584898
0,gauss_0.1,0,2.48,100,2,131,10,10,12,1.2,0.393625080123536,0.7055568034933148
0,gauss_0.1,0,2.48,100,3,132,10,10,13,1.3,0.6369375573921029,0.6978954672289077
0,gauss_0.1,0,2.48,100,4,132,10,10,14,1.4,0.1586317722681359,0.5851991495642261
0,gauss_0.1,0,2.48,100,5,132,10,10,15,1.5,0.3309228650137741,0.734665099093892
0,gauss_0.1,0,2.48,100,6,131,10,10,15,1.5,0.5025348173183382,0.7505418998547179
0,gauss_0.1,0,2.48,100,7,131,10,10,13,1.3,0.45976341705028834,0.7013703952716831
0,gauss_0.1,0,2.48,100,8,131,10,10,15,1.5,0.7385350504049879,0.6391287036079355
0,gauss_0.1,1,2.5,100,0,131,10,10,14,1.4,0.6976866149991257,0.5783989559910782
0,gauss_0.1,1,2.5,100,1,131,10,10,13,1.3,0.3218926635976925,0.6827595252107954
0,gauss_0.1,1,2.5,100,2,131,10,10,12,1.2,0.3824369209253541,0.7011008228141162
0,gauss_0.1,1,2.5,100,3,132,10,10,13,1.3,0.6264921946740128,0.6864008624395821
0,gauss_0.1,1,2.5,100,4,132,10,10,14,1.4,0.3064738292011019,0.7017548732806845
0,gauss_0.1,1,2.5,100,5,132,10,10,15,1.5,0.2517217630853994,0.6251213150612029
0,gauss_0.1,1,2.5,100,6,131,10,10,16,1.6,0.5691393275450148,0.728231018938125
0,gauss_0.1,1,2.5,100,7,131,10,10,13,1.3,0.46885379639881125,0.7038309210093096
0,gauss_0.1,1,2.5,100,8,131,10,10,15,1.5,0.6021793601771459,0.6144019219723097
0,gauss_0.1,2,2.6,100,0,131,10,10,15,1.5,0.9640463842433424,0.6546222112501906
0,gauss_0.1,2,2.6,100,1,131,10,10,14,1.4,0.5312627469261697,0.729730388377826
0,gauss_0.1,2,2.6,100,2,131,10,10,13,1.3,0.45976341705028856,0.6839329101857313
0,gauss_0.1,2,2.6,100,3,132,10,10,14,1.4,0.6455463728190999,0.6398342044281964
0,gauss_0.1,2,2.6,100,4,132,10,10,15,1.5,0.3257575757575757,0.6637154027003707
0,gauss_0.1,2,2.6,100,5,132,10,10,16,1.6,0.5335169880624426,0.816329536672937
0,gauss_0.1,2,2.6,100,6,131,10,10,15,1.5,0.5602237631839636,0.7730820270264327
0,gauss_0.1,2,2.6,100,7,131,10,10,13,1.3,0.3915855719363674,0.6764694335866205
0,gauss_0.1,2,2.6,100,8,131,10,10,15,1.5,0.5986830604277141,0.5893897324208737
0,dm_eig0,0,1.72,100,0,131,10,10,8,0.8,0.41763300506963463,0.7299985080286231
0,dm_eig0,0,1.72,100,1,131,10,10,11,1.1,0.4120971971330342,0.5003358673188185
0,dm_eig0,0,1.72,100,2,131,10,10,9,0.9,0.5832993415302138,0.644587521636776
0,dm_eig0,0,1.72,100,3,132,10,10,10,1.0,0.5495867768595042,0.7507350352682242
0,dm_eig0,0,1.72,100,4,132,10,10,10,1.0,0.38544536271809,0.6129003150422664
0,dm_eig0,0,1.72,100,5,132,10,10,10,1.0,0.5438475665748393,0.7176117759592431
0,dm_eig0,0,1.72,100,6,131,10,10,9,0.9,0.5360992949128838,0.805708777602775
0,dm_eig0,0,1.72,100,7,131,10,10,9,0.9,0.23297010663714238,0.5185674473330987
0,dm_eig0,0,1.72,100,8,131,10,10,10,1.0,0.6566633646057921,0.7924383968010138
0,dm_eig0,1,1.74,100,0,131,10,10,9,0.9,0.6221082687489073,0.8616026729104087
0,dm_eig0,1,1.74,100,1,131,10,10,9,0.9,0.273876813705495,0.666484734945599
0,dm_eig0,1,1.74,100,2,131,10,10,9,0.9,0.3882058155119166,0.667345227371798
0,dm_eig0,1,1.74,100,3,132,10,10,9,0.9,0.1053719008264463,0.4170629572774871
0,dm_eig0,1,1.74,100,4,132,10,10,12,1.2,0.46005509641873277,0.525330565423818
0,dm_eig0,1,1.74,100,5,132,10,10,11,1.1,0.481060606060606,0.587849398791425
0,dm_eig0,1,1.74,100,6,131,10,10,7,0.7,0.34240428879435925,0.8983467822768761
0,dm_eig0,1,1.74,100,7,131,10,10,11,1.1,0.3262047666219917,0.46867580956567273
0,dm_eig0,1,1.74,100,8,131,10,10,10,1.0,0.745236291591399,0.8194009646926135
0,dm_eig0,2,1.72,100,0,131,10,10,8,0.8,0.40085076627236177,0.8165087392783058
0,dm_eig0,2,1.72,100,1,131,10,10,11,1.1,0.1544199055999068,0.44379253148817344
0,dm_eig0,2,1.72,100,2,131,10,10,9,0.9,0.3546413379173708,0.5841092472590891
0,dm_eig0,2,1.72,100,3,132,10,10,7,0.7,0.39164370982552793,0.9629366882792129
0,dm_eig0,2,1.72,100,4,132,10,10,12,1.2,0.33195592286501374,0.3845610339430129
0,dm_eig0,2,1.72,100,5,132,10,10,9,0.9,0.15082644628099173,0.4806835046829366
0,dm_eig0,2,1.72,100,6,131,10,10,11,1.1,0.445428588077618,0.5587979273772715
0,dm_eig0,2,1.72,100,7,131,10,10,8,0.8,0.48662665345842315,0.8915440398687037
0,dm_eig0,2,1.72,100,8,131,10,10,11,1.1,0.7454111065788708,0.7956157505949013
1,xcoord,0,3.76,100,0,131,10,10,21,2.1,1.4510809393391992,0.6026039519212574
1,xcoord,0,3.76,100,1,131,10,10,18,1.8,0.6645883107045043,0.342627968832893
1,xcoord,0,3.76,100,2,131,10,10,26,2.6,1.389254705436746,0.3447408109962805
1,xcoord,0,3.76,100,3,132,10,10,22,2.2,0.9166666666666666,0.3959713975692867
1,xcoord,0,3.76,100,4,132,10,10,18,1.8,0.6549586776859505,0.41698513200211873
1,xcoord,0,3.76,100,5,132,10,10,21,2.1,0.8030303030303031,0.32886355813700374
1,xcoord,0,3.76,100,6,131,10,10,22,2.2,1.0268049647456443,0.31246682428809835
1,xcoord,0,3.76,100,7,131,10,10,20,2.0,1.2178194743896045,0.5307230696703797
1,xcoord,0,3.76,100,8,131,10,10,20,2.0,0.9987180234252087,0.3988638538604181
1,xcoord,1,3.98,100,0,131,10,10,23,2.3,1.051920051279063,0.39551143299469355
1,xcoord,1,3.98,100,1,131,10,10,19,1.9,0.874424567332906,0.42506391141440014
1,xcoord,1,3.98,100,2,131,10,10,21,2.1,1.0276790396830022,0.36189593762470856
1,xcoord,1,3.98,100,3,132,10,10,23,2.3,0.554981634527089,0.24253761404035934
1,xcoord,1,3.98,100,4,132,10,10,24,2.4,0.977961432506887,0.31865435351023896
1,xcoord,1,3.98,100,5,132,10,10,20,2.0,1.1212121212121213,0.42181252558214966
1,xcoord,1,3.98,100,6,131,10,10,22,2.2,0.6934910552998078,0.3079140145911789
1,xcoord,1,3.98,100,7,131,10,10,20,2.0,1.0546588194161182,0.4432862299634168
1,xcoord,1,3.98,100,8,131,10,10,27,2.7,1.2388555445486857,0.29536113455198915
1,xcoord,2,4.0,100,0,131,10,10,22,2.2,0.8755317289202262,0.3299154213991406
1,xcoord,2,4.0,100,1,131,10,10,17,1.7,0.81778451139211,0.40036587168832855
1,xcoord,2,4.0,100,2,131,10,10,26,2.6,1.2074471184662898,0.40656717252562197
1,xcoord,2,4.0,100,3,132,10,10,22,2.2,0.9646464646464646,0.32396811015425936
1,xcoord,2,4.0,100,4,132,10,10,28,2.8,0.6616161616161613,0.18235389481639755
1,xcoord,2,4.0,100,5,132,10,10,20,2.0,0.8135904499540864,0.3071770106832819
1,xcoord,2,4.0,100,6,131,10,10,23,2.3,1.2181108327020571,0.34647961566954055
1,xcoord,2,4.0,100,7,131,10,10,22,2.2,1.2088456383660628,0.35930437884818633
1,xcoord,2,4.0,100,8,131,10,10,20,2.0,1.0896218169104364,0.5062219326526145
1,knn_k1,0,3.08,100,0,131,10,10,18,1.8,0.29118349746518263,0.6034605882202949
1,knn_k1,0,3.08,100,1,131,10,10,17,1.7,0.3165316706485636,0.5975509289405697
1,knn_k1,0,3.08,100,2,131,10,10,15,1.5,0.5200163160654974,0.8580983050786845
1,knn_k1,0,3.08,100,3,132,10,10,17,1.7,0.32300275482093666,0.659104101594986
1,knn_k1,0,3.08,100,4,132,10,10,17,1.7,0.4225206611570249,0.6517068454587369
1,knn_k1,0,3.08,100,5,132,10,10,17,1.7,0.4966712580348944,0.736134121626241
1,knn_k1,0,3.08,100,6,131,10,10,17,1.7,0.4413495717032806,0.7542988718579028
1,knn_k1,0,3.08,100,7,131,10,10,17,1.7,0.3937998951110075,0.7044585896146811
1,knn_k1,0,3.08,100,8,131,10,10,19,1.9,0.29870054192646117,0.5430953938269532
1,knn_k1,1,2.96,100,0,131,10,10,19,1.9,0.4470601946273527,0.552220128183472
1,knn_k1,1,2.96,100,1,131,10,10,18,1.8,0.4023658294971155,0.6299028478185043
1,knn_k1,1,2.96,100,2,131,10,10,16,1.6,0.33045859798380045,0.6920972712373298
1,knn_k1,1,2.96,100,3,132,10,10,17,1.7,0.33471074380165294,0.6765356675285944
1,knn_k1,1,2.96,100,4,132,10,10,15,1.5,0.4531680440771349,0.8231023968109227
1,knn_k1,1,2.96,100,5,132,10,10,16,1.6,0.47474747474747475,0.8462738224328219
1,knn_k1,1,2.96,100,6,131,10,10,15,1.5,0.5025348173183382,0.8974123024718283
1,knn_k1,1,2.96,100,7,131,10,10,16,1.6,0.4870928267583474,0.8022859779665396
1,knn_k1,1,2.96,100,8,131,10,10,16,1.6,0.5299807703513781,0.8630397025382396
1,knn_k1,2,3.08,100,0,131,10,10,18,1.8,0.33313909445836487,0.611177015233082
1,knn_k1,2,3.08,100,1,131,10,10,17,1.7,0.28086941320435865,0.586461429111367
1,knn_k1,2,3.08,100,2,131,10,10,18,1.8,0.6037526950643901,0.7492759010240152
1,knn_k1,2,3.08,100,3,132,10,10,17,1.7,0.1415289256198347,0.5477383407715772
1,knn_k1,2,3.08,100,4,132,10,10,16,1.6,0.4527089072543618,0.7648446999098656
1,knn_k1,2,3.08,100,5,132,10,10,17,1.7,0.3873966942148761,0.7320214080861753
1,knn_k1,2,3.08,100,6,131,10,10,16,1.6,0.5691393275450148,0.8813987832510108
1,knn_k1,2,3.08,100,7,131,10,10,17,1.7,0.3957811316356855,0.7052470524705247
1,knn_k1,2,3.08,100,8,131,10,10,18,1.8,0.5219392809276848,0.7341855477939846
1,dtm_k10,0,3.08,100,0,131,10,10,12,1.2,0.3334887244333081,0.9435321005838471
1,dtm_k10,0,3.08,100,1,131,10,10,16,1.6,0.4497989627644077,0.773124084103393
1,dtm_k10,0,3.08,100,2,131,10,10,16,1.6,0.3229998251850125,0.7048147583655343
1,dtm_k10,0,3.08,100,3,132,10,10,18,1.8,0.44008264462809926,0.7193227620459127
1,dtm_k10,0,3.08,100,4,132,10,10,17,1.7,0.34641873278236923,0.6875236620814811
1,dtm_k10,0,3.08,100,5,132,10,10,19,1.9,0.5048209366391184,0.6418066168553486
1,dtm_k10,0,3.08,100,6,131,10,10,19,1.9,0.32970106637142366,0.5936228157574823
1,dtm_k10,0,3.08,100,7,131,10,10,19,1.9,0.6884214206631315,0.6908840517523749
1,dtm_k10,0,3.08,100,8,131,10,10,18,1.8,0.4652992249868889,0.717913183303222
1,dtm_k10,1,3.16,100,0,131,10,10,14,1.4,0.40236582949711547,0.8611265646479536
1,dtm_k10,1,3.16,100,1,131,10,10,18,1.8,0.44641920633995685,0.6760322144744747
1,dtm_k10,1,3.16,100,2,131,10,10,18,1.8,0.38768137054950175,0.6446258615338013
1,dtm_k10,1,3.16,100,3,132,10,10,19,1.9,0.3783287419651056,0.6023746383535021
1,dtm_k10,1,3.16,100,4,132,10,10,18,1.8,0.42975206611570244,0.6939613317852047
1,dtm_k10,1,3.16,100,5,132,10,10,16,1.6,0.37373737373737376,0.7470064776282117
1,dtm_k10,1,3.16,100,6,131,10,10,18,1.8,0.33523687430802396,0.6330787229676603
1,dtm_k10,1,3.16,100,7,131,10,10,19,1.9,0.4204883165316707,0.5816188747918584
1,dtm_k10,1,3.16,100,8,131,10,10,18,1.8,0.5114503816793893,0.756722898630297
1,dtm_k10,2,3.04,100,0,131,10,10,14,1.4,0.3827865509002972,0.8572556968771263
1,dtm_k10,2,3.04,100,1,131,10,10,16,1.6,0.34724083678107337,0.7243230458343438
1,dtm_k10,2,3.04,100,2,131,10,10,17,1.7,0.42946215255521236,0.7305596472897825
1,dtm_k10,2,3.04,100,3,132,10,10,16,1.6,0.2874196510560147,0.6992224758902529
1,dtm_k10,2,3.04,100,4,132,10,10,17,1.7,0.3034894398530762,0.6749843946549942
1,dtm_k10,2,3.04,100,5,132,10,10,17,1.7,0.2566574839302112,0.5943491668504693
1,dtm_k10,2,3.04,100,6,131,10,10,19,1.9,0.4315599324048715,0.6423838308540191
1,dtm_k10,2,3.04,100,7,131,10,10,18,1.8,0.5743837771691626,0.725107732833864
1,dtm_k10,2,3.04,100,8,131,10,10,18,1.8,0.31006351611211475,0.6247103257080256
1,random,0,3.24,100,0,131,10,10,18,1.8,0.4736903443855253,0.6906021125936395
1,random,0,3.24,100,1,131,10,10,18,1.8,0.3918769302488199,0.638554364135868
1,random,0,3.24,100,2,131,10,10,20,2.0,0.46494959501194566,0.5956805122250703
1,random,0,3.24,100,3,132,10,10,17,1.7,0.5044765840220385,0.7796582192289435
1,random,0,3.24,100,4,132,10,10,16,1.6,0.23415977961432508,0.6650221964951717
1,random,0,3.24,100,5,132,10,10,17,1.7,0.20397153351698805,0.5993009203287307
1,random,0,3.24,100,6,131,10,10,19,1.9,0.4537031641512731,0.6374010586121498
1,random,0,3.24,100,7,131,10,10,20,2.0,0.5418681894994465,0.6450821420871738
1,random,0,3.24,100,8,131,10,10,17,1.7,0.4116310238331099,0.6989211916600955
1,random,1,3.3,100,0,131,10,10,17,1.7,0.28086941320435865,0.6158974237622035
1,random,1,3.3,100,1,131,10,10,19,1.9,0.5489190606608007,0.735201219163444
1,random,1,3.3,100,2,131,10,10,16,1.6,0.4330167239671348,0.8298910423658324
1,random,1,3.3,100,3,132,10,10,18,1.8,0.3140495867768596,0.586581796615903
1,random,1,3.3,100,4,132,10,10,18,1.8,0.2603305785123967,0.6043102147105944
1,random,1,3.3,100,5,132,10,10,20,2.0,0.3269054178145087,0.5109827761150434
1,random,1,3.3,100,6,131,10,10,20,2.0,0.42998659751762724,0.600877088516837
1,random,1,3.3,100,7,131,10,10,20,2.0,0.5325447235009615,0.6297941057731127
1,random,1,3.3,100,8,131,10,10,17,1.7,0.3937998951110075,0.7337313460167577
1,random,2,2.92,100,0,131,10,10,18,1.8,0.2513256803216596,0.5676821684930031
1,random,2,2.92,100,1,131,10,10,16,1.6,0.37894062117592214,0.7630970537741237
1,random,2,2.92,100,2,131,10,10,17,1.7,0.36606258376551476,0.6942671218708665
1,random,2,2.92,100,3,132,10,10,17,1.7,0.2508034894398531,0.6342874519987262
1,random,2,2.92,100,4,132,10,10,14,1.4,0.42217630853994487,0.9012581112687
1,random,2,2.92,100,5,132,10,10,14,1.4,0.33218549127640035,0.8678248701570197
1,random,2,2.92,100,6,131,10,10,16,1.6,0.3416467571819824,0.7029399750494044
1,random,2,2.92,100,7,131,10,10,18,1.8,0.467397004836548,0.7336350484654146
1,random,2,2.92,100,8,131,10,10,16,1.6,0.38080531437561915,0.7799029843007301
1,ecc_p1,0,4.7,100,0,131,10,10,30,3.0,0.4422236466406387,0.3065043028620462
1,ecc_p1,0,4.7,100,1,131,10,10,23,2.3,0.8589243051104248,0.4111716780004977
1,ecc_p1,0,4.7,100,2,131,10,10,24,2.4,0.6656372006293341,0.33844634736737306
1,ecc_p1,0,4.7,100,3,132,10,10,27,2.7,0.7541322314049587,0.38360423909415264
1,ecc_p1,0,4.7,100,4,132,10,10,28,2.8,0.5780532598714415,0.3744077952532394
1,ecc_p1,0,4.7,100,5,132,10,10,24,2.4,0.6391184573002754,0.45097600607761623
1,ecc_p1,0,4.7,100,6,131,10,10,26,2.6,0.9620068760561739,0.4876264395832064
1,ecc_p1,0,4.7,100,7,131,10,10,28,2.8,0.6006060252899014,0.33020114238063736
1,ecc_p1,0,4.7,100,8,131,10,10,25,2.5,1.4809160305343507,0.5174183804961155
1,ecc_p1,1,4.68,100,0,131,10,10,29,2.9,0.5665171027329409,0.3439491285112586
1,ecc_p1,1,4.68,100,1,131,10,10,25,2.5,1.0904958918477945,0.4429936354423302
1,ecc_p1,1,4.68,100,2,131,10,10,28,2.8,1.0900879902103604,0.3567838432444583
1,ecc_p1,1,4.68,100,3,132,10,10,29,2.9,0.9706152433425159,0.41493367640198264
1,ecc_p1,1,4.68,100,4,132,10,10,23,2.3,0.7186639118457301,0.5841940183764069
1,ecc_p1,1,4.68,100,5,132,10,10,22,2.2,0.7348484848484849,0.6064330927697209
1,ecc_p1,1,4.68,100,6,131,10,10,29,2.9,0.7828215138977915,0.41986302719446916
1,ecc_p1,1,4.68,100,7,131,10,10,24,2.4,0.8866033447934272,0.5562338883046541
1,ecc_p1,1,4.68,100,8,131,10,10,25,2.5,1.8567682535982746,0.5920793765560971
1,ecc_p1,2,4.76,100,0,131,10,10,29,2.9,0.7490239496532834,0.3533564567701255
1,ecc_p1,2,4.76,100,1,131,10,10,26,2.6,0.8589825767729153,0.4174391250121783
1,ecc_p1,2,4.76,100,2,131,10,10,23,2.3,0.7088165025348173,0.3729569724195436
1,ecc_p1,2,4.76,100,3,132,10,10,27,2.7,1.1787190082644625,0.558508295515699
1,ecc_p1,2,4.76,100,4,132,10,10,28,2.8,0.8608815426997244,0.5002694260365773
1,ecc_p1,2,4.76,100,5,132,10,10,26,2.6,1.0234159779614325,0.5586508774608483
1,ecc_p1,2,4.76,100,6,131,10,10,29,2.9,0.806479808868947,0.42583094724932713
1,ecc_p1,2,4.76,100,7,131,10,10,25,2.5,0.49612493444437955,0.39697145065041
1,ecc_p1,2,4.76,100,8,131,10,10,25,2.5,1.073014393100635,0.4854898521355722
1,gauss_0.1,0,3.34,100,0,131,10,10,22,2.2,0.5063224753802228,0.5276798868225062
1,gauss_0.1,0,3.34,100,1,131,10,10,14,1.4,0.31752228891090256,0.8411633623231661
1,gauss_0.1,0,3.34,100,2,131,10,10,20,2.0,0.42765573101800597,0.5725670535926765
1,gauss_0.1,0,3.34,100,3,132,10,10,18,1.8,0.36570247933884303,0.6663363258970983
1,gauss_0.1,0,3.34,100,4,132,10,10,18,1.8,0.24380165289256203,0.5995981731480968
1,gauss_0.1,0,3.34,100,5,132,10,10,18,1.8,0.3512396694214876,0.6572130715312635
1,gauss_0.1,0,3.34,100,6,131,10,10,18,1.8,0.545014859273935,0.7154834957417403
1,gauss_0.1,0,3.34,100,7,131,10,10,21,2.1,0.653225336518851,0.6218098476637108
1,gauss_0.1,0,3.34,100,8,131,10,10,18,1.8,0.41914806829438844,0.6975607539270718
1,gauss_0.1,1,3.3,100,0,131,10,10,20,2.0,0.4323174640172484,0.5551358977041894
1,gauss_0.1,1,3.3,100,1,131,10,10,16,1.6,0.40877571237107396,0.7164985515528894
1,gauss_0.1,1,3.3,100,2,131,10,10,18,1.8,0.5953615756657535,0.7497902226113462
1,gauss_0.1,1,3.3,100,3,132,10,10,19,1.9,0.5833333333333334,0.7351424770793679
1,gauss_0.1,1,3.3,100,4,132,10,10,17,1.7,0.32690541781450877,0.6686009581408201
1,gauss_0.1,1,3.3,100,5,132,10,10,19,1.9,0.49391643709825533,0.6768711048365375
1,gauss_0.1,1,3.3,100,6,131,10,10,19,1.9,0.5577763533593614,0.669504513409642
1,gauss_0.1,1,3.3,100,7,131,10,10,20,2.0,0.5418681894994465,0.6039253317404409
1,gauss_0.1,1,3.3,100,8,131,10,10,17,1.7,0.5126740865916904,0.8388878598066721
1,gauss_0.1,2,3.24,100,0,131,10,10,19,1.9,0.3319153895460638,0.5168876422435628
1,gauss_0.1,2,3.24,100,1,131,10,10,18,1.8,0.5240370607773439,0.6909580849534733
1,gauss_0.1,2,3.24,100,2,131,10,10,14,1.4,0.420313501544199,0.8899180687916579
1,gauss_0.1,2,3.24,100,3,132,10,10,18,1.8,0.46074380165289264,0.6981183701237071
1,gauss_0.1,2,3.24,100,4,132,10,10,19,1.9,0.22348484848484848,0.5231443798320314
1,gauss_0.1,2,3.24,100,5,132,10,10,16,1.6,0.4398530762167126,0.8009030951638589
1,gauss_0.1,2,3.24,100,6,131,10,10,19,1.9,0.3075578346250218,0.5529767484687179
1,gauss_0.1,2,3.24,100,7,131,10,10,18,1.8,0.4736903443855253,0.6569257140644951
1,gauss_0.1,2,3.24,100,8,131,10,10,21,2.1,0.33750946914515473,0.5141832458081754
1,dm_eig0,0,4.04,100,0,131,10,10,19,1.9,0.9275683235242701,0.499122962612586
1,dm_eig0,0,4.04,100,1,131,10,10,19,1.9,1.3460754035312628,0.5932321227985966
1,dm_eig0,0,4.04,100,2,131,10,10,25,2.5,1.0409649787308433,0.2934726650144696
1,dm_eig0,0,4.04,100,3,132,10,10,23,2.3,0.9879476584022038,0.314600609249665
1,dm_eig0,0,4.04,100,4,132,10,10,26,2.6,0.7190082644628099,0.280110692614692
1,dm_eig0,0,4.04,100,5,132,10,10,25,2.5,0.9111570247933881,0.2875642966581383
1,dm_eig0,0,4.04,100,6,131,10,10,21,2.1,0.6850416642386808,0.23876205879245466
1,dm_eig0,0,4.04,100,7,131,10,10,22,2.2,1.0293689178952277,0.38169225577306026
1,dm_eig0,0,4.04,100,8,131,10,10,22,2.2,1.3857584056873145,0.4662941415533607
1,dm_eig0,1,4.04,100,0,131,10,10,19,1.9,0.9807120797156342,0.4735108199052636
1,dm_eig0,1,4.04,100,1,131,10,10,19,1.9,1.0316415127323582,0.43903984555052084
1,dm_eig0,1,4.04,100,2,131,10,10,26,2.6,1.1953266126682591,0.33832834663827926
1,dm_eig0,1,4.04,100,3,132,10,10,22,2.2,0.5580808080808081,0.26678008867409386
1,dm_eig0,1,4.04,100,4,132,10,10,23,2.3,0.9932277318640953,0.4154098896586742
1,dm_eig0,1,4.04,100,5,132,10,10,21,2.1,1.3984159779614327,0.41858655561470953
1,dm_eig0,1,4.04,100,6,131,10,10,25,2.5,1.5683235242701472,0.49493426954641717
1,dm_eig0,1,4.04,100,7,131,10,10,22,2.2,0.8806596352193929,0.2626757834848459
1,dm_eig0,1,4.04,100,8,131,10,10,25,2.5,0.7379523337800827,0.2353939155477166
1,dm_eig0,2,4.0,100,0,131,10,10,23,2.3,1.4405920400909034,0.42635985831118545
1,dm_eig0,2,4.0,100,1,131,10,10,19,1.9,0.8589243051104247,0.42602021116482747
1,dm_eig0,2,4.0,100,2,131,10,10,26,2.6,1.0862420604859857,0.28759757514386
1,dm_eig0,2,4.0,100,3,132,10,10,24,2.4,0.5840220385674931,0.2556249647142435
1,dm_eig0,2,4.0,100,4,132,10,10,23,2.3,0.7160238751147843,0.26708187655608606
1,dm_eig0,2,4.0,100,5,132,10,10,22,2.2,1.2954545454545454,0.45406866515893
1,dm_eig0,2,4.0,100,6,131,10,10,22,2.2,0.8601480100227262,0.2856249833005789
1,dm_eig0,2,4.0,100,7,131,10,10,20,2.0,0.905483363440359,0.4016416819758392
1,dm_eig0,2,4.0,100,8,131,10,10,21,2.1,0.9150981877512967,0.3637189742732571
2,xcoord,0,4.88,100,0,131,10,10,26,2.6,1.1892663597692443,0.4139211799315478
2,xcoord,0,4.88,100,1,131,10,10,25,2.5,1.5595827748965672,0.45011038408690957
2,xcoord,0,4.88,100,2,131,10,10,26,2.6,0.9498863702581437,0.36732714787728027
2,xcoord,0,4.88,100,3,132,10,10,23,2.3,1.2123507805325988,0.4428579342650036
2,xcoord,0,4.88,100,4,132,10,10,34,3.4,1.9465105601469241,0.41375261303700916
2,xcoord,0,4.88,100,5,132,10,10,27,2.7,1.0237603305785123,0.33580448122596723
2,xcoord,0,4.88,100,6,131,10,10,27,2.7,1.1727754792844238,0.34417000190604374
2,xcoord,0,4.88,100,7,131,10,10,28,2.8,1.5730435289318798,0.48329512711800693
2,xcoord,0,4.88,100,8,131,10,10,28,2.8,1.5795699551308195,0.4612358395381505
2,xcoord,1,4.52,100,0,131,10,10,22,2.2,1.3472991084435642,0.5143562056425127
2,xcoord,1,4.52,100,1,131,10,10,26,2.6,1.5953033040032631,0.4493277126951993
2,xcoord,1,4.52,100,2,131,10,10,25,2.5,1.11089097371948,0.4114286167592388
2,xcoord,1,4.52,100,3,132,10,10,23,2.3,1.3628328741965108,0.524333995714753
2,xcoord,1,4.52,100,4,132,10,10,29,2.9,1.2335858585858583,0.3393686976485967
2,xcoord,1,4.52,100,5,132,10,10,25,2.5,0.888200183654729,0.31046718815059754
2,xcoord,1,4.52,100,6,131,10,10,27,2.7,0.9116018880018646,0.32709365178688216
2,xcoord,1,4.52,100,7,131,10,10,28,2.8,0.9008216304411162,0.30975977189833226
2,xcoord,1,4.52,100,8,131,10,10,21,2.1,1.1059961540702758,0.5522093741463461
2,xcoord,2,4.46,100,0,131,10,10,28,2.8,1.1031408426082394,0.3893530551683073
2,xcoord,2,4.46,100,1,131,10,10,21,2.1,1.1794184488083446,0.41384221093712686
2,xcoord,2,4.46,100,2,131,10,10,26,2.6,1.3983450847852688,0.5137027396846363
2,xcoord,2,4.46,100,3,132,10,10,17,1.7,1.3337924701561066,0.6913399801060499
2,xcoord,2,4.46,100,4,132,10,10,26,2.6,1.3308080808080809,0.43400361872318977
2,xcoord,2,4.46,100,5,132,10,10,23,2.3,0.8506657483930212,0.3156430126963901
2,xcoord,2,4.46,100,6,131,10,10,27,2.7,1.4780024474098241,0.4878341081414651
2,xcoord,2,4.46,100,7,131,10,10,27,2.7,0.85181516228658,0.2818223251330623
2,xcoord,2,4.46,100,8,131,10,10,28,2.8,0.8845055649437676,0.3119402897511818
2,knn_k1,0,3.9,100,0,131,10,10,21,2.1,0.46722218984907643,0.5258602151609548
2,knn_k1,0,3.9,100,1,131,10,10,20,2.0,0.4905891265077793,0.5331659878226531
2,knn_k1,0,3.9,100,2,131,10,10,20,2.0,0.44863352951459706,0.5589406592340708
2,knn_k1,0,3.9,100,3,132,10,10,22,2.2,0.40909090909090906,0.5012172684920652
2,knn_k1,0,3.9,100,4,132,10,10,20,2.0,0.5013774104683196,0.6087976013860029
2,knn_k1,0,3.9,100,5,132,10,10,23,2.3,0.7873048668503214,0.6267352376588157
2,knn_k1,0,3.9,100,6,131,10,10,21,2.1,0.3668783870403823,0.4962950608196165
2,knn_k1,0,3.9,100,7,131,10,10,24,2.4,0.6124934444379699,0.5280002297190597
2,knn_k1,0,3.9,100,8,131,10,10,24,2.4,0.5509585688479693,0.48130562136276056
2,knn_k1,1,3.94,100,0,131,10,10,21,2.1,0.8906240895052736,0.6571596616320242
2,knn_k1,1,3.94,100,1,131,10,10,19,1.9,0.49577530446943646,0.6105579580287501
2,knn_k1,1,3.94,100,2,131,10,10,23,2.3,0.285298059553639,0.4088259579267174
2,knn_k1,1,3.94,100,3,132,10,10,21,2.1,0.5185950413223142,0.5451635653447621
2,knn_k1,1,3.94,100,4,132,10,10,20,2.0,0.3292011019283747,0.5053534185104499
2,knn_k1,1,3.94,100,5,132,10,10,23,2.3,0.6473829201101929,0.6100554654528185
2,knn_k1,1,3.94,100,6,131,10,10,21,2.1,0.579803041780782,0.6097459831904113
2,knn_k1,1,3.94,100,7,131,10,10,25,2.5,0.869063574383777,0.62769412285497
2,knn_k1,1,3.94,100,8,131,10,10,24,2.4,0.39432434007342243,0.40234366083081596
2,knn_k1,2,3.86,100,0,131,10,10,21,2.1,0.5455393042363499,0.5594467166050487
2,knn_k1,2,3.86,100,1,131,10,10,21,2.1,0.43785327195384893,0.4860838047301174
2,knn_k1,2,3.86,100,2,131,10,10,19,1.9,0.35184429811782536,0.5609709273943625
2,knn_k1,2,3.86,100,3,132,10,10,22,2.2,0.7424242424242424,0.6550388472665338
2,knn_k1,2,3.86,100,4,132,10,10,22,2.2,0.5505050505050505,0.541712950605836
2,knn_k1,2,3.86,100,5,132,10,10,22,2.2,0.5858585858585859,0.55387647530652
2,knn_k1,2,3.86,100,6,131,10,10,21,2.1,0.41582658353242824,0.5242574262150665
2,knn_k1,2,3.86,100,7,131,10,10,24,2.4,0.7271720762193348,0.5503733333581039
2,knn_k1,2,3.86,100,8,131,10,10,21,2.1,0.28856127265310877,0.46425203454420316
2,dtm_k10,0,3.88,100,0,131,10,10,19,1.9,0.4514888409766331,0.6218225338197596
2,dtm_k10,0,3.88,100,1,131,10,10,21,2.1,0.3130353708991318,0.4972591157453981
2,dtm_k10,0,3.88,100,2,131,10,10,22,2.2,0.3986364430977215,0.5067362862279319
2,dtm_k10,0,3.88,100,3,132,10,10,23,2.3,0.5761019283746558,0.5178235340993815
2,dtm_k10,0,3.88,100,4,132,10,10,19,1.9,0.44593663911845727,0.6552810235436968
2,dtm_k10,0,3.88,100,5,132,10,10,19,1.9,0.49173553719008256,0.6938734640360147
2,dtm_k10,0,3.88,100,6,131,10,10,24,2.4,0.8250684692034264,0.6076880928088274
2,dtm_k10,0,3.88,100,7,131,10,10,24,2.4,0.6404638424334248,0.5450275910886946
2,dtm_k10,0,3.88,100,8,131,10,10,23,2.3,0.7892313967717498,0.6490777587068687
2,dtm_k10,1,4.28,100,0,131,10,10,20,2.0,0.5045743255055067,0.5904612162720302
2,dtm_k10,1,4.28,100,1,131,10,10,22,2.2,0.5217061942777229,0.5655456820321582
2,dtm_k10,1,4.28,100,2,131,10,10,23,2.3,0.3174640172484121,0.4379596799487248
2,dtm_k10,1,4.28,100,3,132,10,10,25,2.5,0.6528925619834709,0.5096146547256191
2,dtm_k10,1,4.28,100,4,132,10,10,23,2.3,0.33321854912764004,0.4452950425063044
2,dtm_k10,1,4.28,100,5,132,10,10,22,2.2,0.5580808080808081,0.6080962887868487
2,dtm_k10,1,4.28,100,6,131,10,10,25,2.5,1.0205698968591572,0.6420672302000572
2,dtm_k10,1,4.28,100,7,131,10,10,27,2.7,0.7416817201794766,0.47607317387500675
2,dtm_k10,1,4.28,100,8,131,10,10,27,2.7,0.5874949012295321,0.4418114593279658
2,dtm_k10,2,4.38,100,0,131,10,10,21,2.1,0.2836664530039042,0.43338943415108816
2,dtm_k10,2,4.38,100,1,131,10,10,23,2.3,0.5721111823320318,0.5519894687392036
2,dtm_k10,2,4.38,100,2,131,10,10,23,2.3,0.5238622457898724,0.5206431005528256
2,dtm_k10,2,4.38,100,3,132,10,10,23,2.3,0.5153810835629017,0.4650765675033571
2,dtm_k10,2,4.38,100,4,132,10,10,24,2.4,0.6253443526170799,0.5455763665222682
2,dtm_k10,2,4.38,100,5,132,10,10,23,2.3,0.35433884297520657,0.46932401084033587
2,dtm_k10,2,4.38,100,6,131,10,10,29,2.9,0.9720878736670355,0.5400170502071608
2,dtm_k10,2,4.38,100,7,131,10,10,24,2.4,0.6880135190256979,0.6016054048043895
2,dtm_k10,2,4.38,100,8,131,10,10,29,2.9,0.6172134490997028,0.4242856647393116
2,random,0,4.18,100,0,131,10,10,25,2.5,0.5252607656896451,0.4718037865505706
2,random,0,4.18,100,1,131,10,10,22,2.2,0.47299108443563903,0.5564475268334529
2,random,0,4.18,100,2,131,10,10,23,2.3,0.4756133092477127,0.5000466961975156
2,random,0,4.18,100,3,132,10,10,21,2.1,0.4390495867768595,0.5275886878078477
2,random,0,4.18,100,4,132,10,10,26,2.6,0.37281910009182745,0.37874757926284425
2,random,0,4.18,100,5,132,10,10,23,2.3,0.47842056932966026,0.48798793879012586
2,random,0,4.18,100,6,131,10,10,21,2.1,0.3424042887943593,0.5288964371328182
2,random,0,4.18,100,7,131,10,10,23,2.3,0.49169628809509935,0.5573264552153897
2,random,0,4.18,100,8,131,10,10,25,2.5,0.5660509294330167,0.4958621009207041
2,random,1,3.96,100,0,131,10,10,23,2.3,0.6337626012470136,0.5762804551651848
2,random,1,3.96,100,1,131,10,10,17,1.7,0.41955596993182204,0.705965259648595
2,random,1,3.96,100,2,131,10,10,19,1.9,0.502418273993357,0.6565781435642374
2,random,1,3.96,100,3,132,10,10,22,2.2,0.35858585858585856,0.48947351116842075
2,random,1,3.96,100,4,132,10,10,24,2.4,0.5757575757575758,0.5128964380061941
2,random,1,3.96,100,5,132,10,10,23,2.3,0.4784205693296603,0.5139860704356782
2,random,1,3.96,100,6,131,10,10,23,2.3,0.4756133092477128,0.4375268740146195
2,random,1,3.96,100,7,131,10,10,24,2.4,0.514597051453878,0.4767100277763759
2,random,1,3.96,100,8,131,10,10,23,2.3,0.5372647281626943,0.5226550130276951
2,random,2,3.98,100,0,131,10,10,25,2.5,0.48155701882174695,0.4530055440071581
2,random,2,3.98,100,1,131,10,10,24,2.4,0.5789289668434241,0.5310593040875393
2,random,2,3.98,100,2,131,10,10,21,2.1,0.5798030417807821,0.6016034596598934
2,random,2,3.98,100,3,132,10,10,24,2.4,0.5950413223140496,0.501958455627447
2,random,2,3.98,100,4,132,10,10,19,1.9,0.5615243342516069,0.6739519802003229
2,random,2,3.98,100,5,132,10,10,26,2.6,0.8055555555555555,0.569461283238657
2,random,2,3.98,100,6,131,10,10,18,1.8,0.34782355340597865,0.5924389679270655
2,random,2,3.98,100,7,131,10,10,20,2.0,0.5465299224986889,0.5980382130533605
2,random,2,3.98,100,8,131,10,10,22,2.2,0.6345201328593907,0.6252906673558131
2,ecc_p1,0,5.14,100,0,131,10,10,35,3.5,0.7804906473981703,0.37203112372282665
2,ecc_p1,0,5.14,100,1,131,10,10,32,3.2,0.4898898665578929,0.3197518301388172
2,ecc_p1,0,5.14,100,2,131,10,10,28,2.8,1.168405104597634,0.58822620940268
2,ecc_p1,0,5.14,100,3,132,10,10,26,2.6,0.31611570247933884,0.3235177154700144
2,ecc_p1,0,5.14,100,4,132,10,10,31,3.1,0.4589072543617999,0.3344134732582407
2,ecc_p1,0,5.14,100,5,132,10,10,25,2.5,1.0517676767676765,0.669009229813059
2,ecc_p1,0,5.14,100,6,131,10,10,25,2.5,0.6388905075461802,0.5088756592392605
2,ecc_p1,0,5.14,100,7,131,10,10,24,2.4,0.6041023250393335,0.5410567179284279
2,ecc_p1,0,5.14,100,8,131,10,10,31,3.1,0.6275858050230173,0.37076201770693107
2,ecc_p1,1,4.84,100,0,131,10,10,31,3.1,0.7901637433715983,0.4228182836149149
2,ecc_p1,1,4.84,100,1,131,10,10,28,2.8,0.5353417633005068,0.4254881456545234
2,ecc_p1,1,4.84,100,2,131,10,10,30,3.0,0.8827574150690523,0.40393598229676997
2,ecc_p1,1,4.84,100,3,132,10,10,30,3.0,0.5495867768595039,0.3380371150433672
2,ecc_p1,1,4.84,100,4,132,10,10,27,2.7,0.4225206611570247,0.3874506401823236
2,ecc_p1,1,4.84,100,5,132,10,10,19,1.9,0.5833333333333333,0.7346563829796697
2,ecc_p1,1,4.84,100,6,131,10,10,26,2.6,0.5499096789231398,0.46938323143278093
2,ecc_p1,1,4.84,100,7,131,10,10,22,2.2,0.6140085076627237,0.5788247609173748
2,ecc_p1,1,4.84,100,8,131,10,10,29,2.9,0.5023017306683759,0.3801181899232445
2,ecc_p1,2,4.76,100,0,131,10,10,31,3.1,0.8696462910086826,0.43444868723233465
2,ecc_p1,2,4.76,100,1,131,10,10,30,3.0,0.7114387273468913,0.429507764043461
2,ecc_p1,2,4.76,100,2,131,10,10,27,2.7,0.540294854612202,0.36739661531203804
2,ecc_p1,2,4.76,100,3,132,10,10,27,2.7,0.8099173553719006,0.4471801961471131
2,ecc_p1,2,4.76,100,4,132,10,10,27,2.7,0.555785123966942,0.45327513972117656
2,ecc_p1,2,4.76,100,5,132,10,10,22,2.2,0.6186868686868687,0.5779084301652702
2,ecc_p1,2,4.76,100,6,131,10,10,26,2.6,0.6286929666103375,0.48674007416332926
2,ecc_p1,2,4.76,100,7,131,10,10,28,2.8,0.47660392751005165,0.3281508702499697
2,ecc_p1,2,4.76,100,8,131,10,10,20,2.0,0.5465299224986888,0.638549865701554
2,gauss_0.1,0,4.16,100,0,131,10,10,23,2.3,0.4729328127731483,0.4492004216874878
2,gauss_0.1,0,4.16,100,1,131,10,10,27,2.7,0.9304819066487965,0.5474874179309613
2,gauss_0.1,0,4.16,100,2,131,10,10,25,2.5,0.7554338325272418,0.5387168431659742
2,gauss_0.1,0,4.16,100,3,132,10,10,22,2.2,0.5025252525252525,0.5439632892030171
2,gauss_0.1,0,4.16,100,4,132,10,10,23,2.3,0.8533057851239668,0.6856210348107618
2,gauss_0.1,0,4.16,100,5,132,10,10,22,2.2,0.6111111111111112,0.5550993593657051
2,gauss_0.1,0,4.16,100,6,131,10,10,23,2.3,0.6605675659926578,0.6104802244112227
2,gauss_0.1,0,4.16,100,7,131,10,10,24,2.4,0.5313792902511508,0.5054164461528899
2,gauss_0.1,0,4.16,100,8,131,10,10,19,1.9,0.5422760911368801,0.7497960844877132
2,gauss_0.1,1,4.32,100,0,131,10,10,24,2.4,0.5062059320552416,0.48133163509995847
2,gauss_0.1,1,4.32,100,1,131,10,10,28,2.8,0.5908163859914921,0.4018715809015818
2,gauss_0.1,1,4.32,100,2,131,10,10,27,2.7,0.7416817201794768,0.524057282889723
2,gauss_0.1,1,4.32,100,3,132,10,10,24,2.4,0.4517906336088154,0.4864143303434561
2,gauss_0.1,1,4.32,100,4,132,10,10,24,2.4,0.39669421487603307,0.4553388442718599
2,gauss_0.1,1,4.32,100,5,132,10,10,24,2.4,0.6556473829201102,0.5680955837356035
2,gauss_0.1,1,4.32,100,6,131,10,10,23,2.3,0.5426257211118233,0.5427902732527743
2,gauss_0.1,1,4.32,100,7,131,10,10,21,2.1,0.43051104248004207,0.5691849771784998
2,gauss_0.1,1,4.32,100,8,131,10,10,21,2.1,0.5235126158149292,0.6157232184444212
2,gauss_0.1,2,4.36,100,0,131,10,10,24,2.4,0.39432434007342226,0.4338530753988714
2,gauss_0.1,2,4.36,100,1,131,10,10,30,3.0,0.5261348406270032,0.3618818426448631
2,gauss_0.1,2,4.36,100,2,131,10,10,27,2.7,0.7322417108560106,0.5254059468716652
2,gauss_0.1,2,4.36,100,3,132,10,10,25,2.5,0.716023875114784,0.5646925601789203
2,gauss_0.1,2,4.36,100,4,132,10,10,24,2.4,0.3663911845730028,0.43322414595784287
2,gauss_0.1,2,4.36,100,5,132,10,10,25,2.5,0.5381083562901744,0.46814898430570906
2,gauss_0.1,2,4.36,100,6,131,10,10,21,2.1,0.4916962880950994,0.5852267243355411
2,gauss_0.1,2,4.36,100,7,131,10,10,24,2.4,0.3775421012761495,0.45492261742048656
2,gauss_0.1,2,4.36,100,8,131,10,10,18,1.8,0.32684575490938755,0.5947791410807932
2,dm_eig0,0,4.68,100,0,131,10,10,32,3.2,0.9597925528815338,0.19773495452331089
2,dm_eig0,0,4.68,100,1,131,10,10,25,2.5,1.3527183730551833,0.3840515413217872
2,dm_eig0,0,4.68,100,2,131,10,10,24,2.4,0.9900938173766098,0.49015700769363696
2,dm_eig0,0,4.68,100,3,132,10,10,20,2.0,0.8135904499540864,0.3908018209477361
2,dm_eig0,0,4.68,100,4,132,10,10,25,2.5,1.1206382001836543,0.373033347543782
2,dm_eig0,0,4.68,100,5,132,10,10,27,2.7,1.1601239669421486,0.3914763889194684
2,dm_eig0,0,4.68,100,6,131,10,10,25,2.5,1.0234834799836838,0.38826022928659765
2,dm_eig0,0,4.68,100,7,131,10,10,28,2.8,0.7833459588602061,0.25213910363991526
2,dm_eig0,0,4.68,100,8,131,10,10,28,2.8,1.3283025464716505,0.36682028079866635
2,dm_eig0,1,4.64,100,0,131,10,10,28,2.8,0.8681894994464192,0.2821619452407409
2,dm_eig0,1,4.64,100,1,131,10,10,26,2.6,1.0044286463492806,0.30443082391076787
2,dm_eig0,1,4.64,100,2,131,10,10,24,2.4,1.0404405337684288,0.38604407098925747
2,dm_eig0,1,4.64,100,3,132,10,10,26,2.6,1.2830578512396693,0.3965232184355433
2,dm_eig0,1,4.64,100,4,132,10,10,25,2.5,1.0058539944903575,0.3627736483087429
2,dm_eig0,1,4.64,100,5,132,10,10,23,2.3,0.6790633608815428,0.29783170489297167
2,dm_eig0,1,4.64,100,6,131,10,10,29,2.9,0.9788473865159373,0.2877614189697269
2,dm_eig0,1,4.64,100,7,131,10,10,25,2.5,0.9331624031233611,0.3791266645515264
2,dm_eig0,1,4.64,100,8,131,10,10,26,2.6,0.8468620709748849,0.3970095085028095
2,dm_eig0,2,4.64,100,0,131,10,10,23,2.3,1.2636792727696518,0.4921655688111695
2,dm_eig0,2,4.64,100,1,131,10,10,25,2.5,1.0817551424742147,0.40277138780016836
2,dm_eig0,2,4.64,100,2,131,10,10,28,2.8,0.8877687780432376,0.30204685846113055
2,dm_eig0,2,4.64,100,3,132,10,10,26,2.6,1.2323232323232323,0.41658368124062883
2,dm_eig0,2,4.64,100,4,132,10,10,28,2.8,1.2819100091827362,0.3853330996265185
2,dm_eig0,2,4.64,100,5,132,10,10,24,2.4,0.9035812672176308,0.2743482659957427
2,dm_eig0,2,4.64,100,6,131,10,10,27,2.7,1.3552823262047664,0.456465231216601
2,dm_eig0,2,4.64,100,7,131,10,10,23,2.3,0.9125342346017129,0.37506047729087977
2,dm_eig0,2,4.64,100,8,131,10,10,28,2.8,0.8714527125458889,0.3273507559045667
3,xcoord,0,4.86,100,0,131,10,10,33,3.3,0.8671988811840801,0.4274851835203729
3,xcoord,0,4.86,100,1,131,10,10,27,2.7,0.6976283433366354,0.47970275307189547
3,xcoord,0,4.86,100,2,131,10,10,25,2.5,0.7379523337800827,0.5706632357048823
3,xcoord,0,4.86,100,3,132,10,10,25,2.5,0.931244260789715,0.5964901604177366
3,xcoord,0,4.86,100,4,132,10,10,29,2.9,1.210284664830119,0.4706827284387345
3,xcoord,0,4.86,100,5,132,10,10,24,2.4,1.2093663911845731,0.6357919829912312
3,xcoord,0,4.86,100,6,131,10,10,28,2.8,1.0541926461161935,0.49509814467806434
3,xcoord,0,4.86,100,7,131,10,10,29,2.9,0.7997202960200452,0.38827268370871865
3,xcoord,0,4.86,100,8,131,10,10,23,2.3,1.1189324631431732,0.700306621862624
3,xcoord,1,4.62,100,0,131,10,10,24,2.4,1.0628168521647925,0.6605875332902601
3,xcoord,1,4.62,100,1,131,10,10,31,3.1,0.9166132509760504,0.4417575885921531
3,xcoord,1,4.62,100,2,131,10,10,28,2.8,0.8029252374570245,0.44201635764541675
3,xcoord,1,4.62,100,3,132,10,10,21,2.1,1.0874655647382918,0.7063993737022108
3,xcoord,1,4.62,100,4,132,10,10,27,2.7,1.1260330578512394,0.45489410984176126
3,xcoord,1,4.62,100,5,132,10,10,27,2.7,1.0578512396694213,0.49167182511389473
3,xcoord,1,4.62,100,6,131,10,10,23,2.3,0.7865509002971853,0.5595808556263182
3,xcoord,1,4.62,100,7,131,10,10,27,2.7,1.0406153487558998,0.6276190351596885
3,xcoord,1,4.62,100,8,131,10,10,23,2.3,0.6471650836198356,0.4546547305586095
3,xcoord,2,5.18,100,0,131,10,10,29,2.9,0.7321251675310295,0.43036763003909534
3,xcoord,2,5.18,100,1,131,10,10,38,3.8,0.9773905949536741,0.3449419021377039
3,xcoord,2,5.18,100,2,131,10,10,29,2.9,0.7591632189266359,0.4433019127026253
3,xcoord,2,5.18,100,3,132,10,10,25,2.5,0.931244260789715,0.5867702874696302
3,xcoord,2,5.18,100,4,132,10,10,29,2.9,1.1803259871441687,0.4367772085335859
3,xcoord,2,5.18,100,5,132,10,10,23,2.3,0.840105601469238,0.5831591399923096
3,xcoord,2,5.18,100,6,131,10,10,28,2.8,1.116193695006118,0.546776278379399
3,xcoord,2,5.18,100,7,131,10,10,33,3.3,0.9902686323640814,0.43889600727827627
3,xcoord,2,5.18,100,8,131,10,10,25,2.5,0.7146436687838703,0.4788880532642589
3,knn_k1,0,4.4,100,0,131,10,10,18,1.8,0.45900588543791154,0.6672933469644957
3,knn_k1,0,4.4,100,1,131,10,10,22,2.2,0.5063224753802226,0.5704848888125698
3,knn_k1,0,4.4,100,2,131,10,10,25,2.5,0.6010139269273352,0.5012018359660153
3,knn_k1,0,4.4,100,3,132,10,10,24,2.4,0.5895316804407713,0.5141613874228356
3,knn_k1,0,4.4,100,4,132,10,10,26,2.6,0.5518824609733701,0.45500690473983296
3,knn_k1,0,4.4,100,5,132,10,10,26,2.6,0.4862258953168045,0.41293250721327235
3,knn_k1,0,4.4,100,6,131,10,10,23,2.3,0.778509410873492,0.6270505789050471
3,knn_k1,0,4.4,100,7,131,10,10,29,2.9,0.46512440999941723,0.3726671552568528
3,knn_k1,0,4.4,100,8,131,10,10,27,2.7,0.9493619252957286,0.5660374755885962
3,knn_k1,1,4.6,100,0,131,10,10,20,2.0,0.369384068527475,0.4982144049432561
3,knn_k1,1,4.6,100,1,131,10,10,26,2.6,0.5347590466756017,0.41509443114092376
3,knn_k1,1,4.6,100,2,131,10,10,23,2.3,0.4622108268748907,0.4841379075072023
3,knn_k1,1,4.6,100,3,132,10,10,27,2.7,0.46900826446280985,0.4012696939380871
3,knn_k1,1,4.6,100,4,132,10,10,25,2.5,0.5323691460055094,0.46643310831980406
3,knn_k1,1,4.6,100,5,132,10,10,27,2.7,0.571280991735537,0.42166781972532996
3,knn_k1,1,4.6,100,6,131,10,10,27,2.7,0.6221082687489073,0.47533119140882885
3,knn_k1,1,4.6,100,7,131,10,10,27,2.7,0.5874949012295321,0.4206253735248072
3,knn_k1,1,4.6,100,8,131,10,10,28,2.8,0.6169220907872501,0.40745810564151286
3,knn_k1,2,4.64,100,0,131,10,10,22,2.2,0.3627410990035546,0.46185994779976286
3,knn_k1,2,4.64,100,1,131,10,10,26,2.6,0.4196142415943127,0.393142267515161
3,knn_k1,2,4.64,100,2,131,10,10,25,2.5,0.5747916788065963,0.47854709687296665
3,knn_k1,2,4.64,100,3,132,10,10,28,2.8,0.7741046831955922,0.49249735859138755
3,knn_k1,2,4.64,100,4,132,10,10,25,2.5,0.6385445362718088,0.4992506163304117
3,knn_k1,2,4.64,100,5,132,10,10,27,2.7,0.5309917355371899,0.4084239550947484
3,knn_k1,2,4.64,100,6,131,10,10,25,2.5,0.5281743488141717,0.4813596352992266
3,knn_k1,2,4.64,100,7,131,10,10,26,2.6,0.6226327137113221,0.45970245362708123
3,knn_k1,2,4.64,100,8,131,10,10,28,2.8,0.49944641920633986,0.3676724024149725
3,dtm_k10,0,4.34,100,0,131,10,10,21,2.1,0.6752520249402716,0.6868474289872694
3,dtm_k10,0,4.34,100,1,131,10,10,20,2.0,0.4532952625138395,0.6076173672091836
3,dtm_k10,0,4.34,100,2,131,10,10,25,2.5,0.9710389837422061,0.5898711629163439
3,dtm_k10,0,4.34,100,3,132,10,10,25,2.5,0.41184573002754815,0.4232617309241486
3,dtm_k10,0,4.34,100,4,132,10,10,19,1.9,0.626951331496786,0.7505329081521401
3,dtm_k10,0,4.34,100,5,132,10,10,27,2.7,0.543388429752066,0.4590466263079822
3,dtm_k10,0,4.34,100,6,131,10,10,29,2.9,0.7591632189266359,0.4807433251342126
3,dtm_k10,0,4.34,100,7,131,10,10,28,2.8,0.5581842549967949,0.4289820516957551
3,dtm_k10,0,4.34,100,8,131,10,10,23,2.3,0.4782938057222771,0.5170560336615257
3,dtm_k10,1,4.68,100,0,131,10,10,22,2.2,0.6037526950643903,0.6155920374335792
3,dtm_k10,1,4.68,100,1,131,10,10,19,1.9,0.5467047374861604,0.7108798833501133
3,dtm_k10,1,4.68,100,2,131,10,10,25,2.5,0.7845696637725074,0.5908063235766807
3,dtm_k10,1,4.68,100,3,132,10,10,23,2.3,0.6209825528007347,0.5753888585493877
3,dtm_k10,1,4.68,100,4,132,10,10,30,3.0,0.5461432506887051,0.3712378154392324
3,dtm_k10,1,4.68,100,5,132,10,10,24,2.4,0.6363636363636364,0.5692792450520356
3,dtm_k10,1,4.68,100,6,131,10,10,32,3.2,0.6353359361342579,0.3532331618162097
3,dtm_k10,1,4.68,100,7,131,10,10,29,2.9,0.38063049938814747,0.34451740647367873
3,dtm_k10,1,4.68,100,8,131,10,10,30,3.0,0.5680904376201853,0.3903404361104974
3,dtm_k10,2,4.84,100,0,131,10,10,22,2.2,0.6499038517568907,0.6168594984773892
3,dtm_k10,2,4.84,100,1,131,10,10,24,2.4,0.48942369325796875,0.503782325169974
3,dtm_k10,2,4.84,100,2,131,10,10,26,2.6,0.7195967600955656,0.5170951896610162
3,dtm_k10,2,4.84,100,3,132,10,10,26,2.6,0.5787419651056015,0.44927681018515175
3,dtm_k10,2,4.84,100,4,132,10,10,25,2.5,0.8107208448117538,0.6369282870365924
3,dtm_k10,2,4.84,100,5,132,10,10,26,2.6,0.450413223140496,0.4277150623209344
3,dtm_k10,2,4.84,100,6,131,10,10,31,3.1,0.9671930540178314,0.464753007415963
3,dtm_k10,2,4.84,100,7,131,10,10,32,3.2,0.6838179593263796,0.3669829047146291
3,dtm_k10,2,4.84,100,8,131,10,10,30,3.0,0.7603869238389375,0.4743927370036077
3,random,0,4.96,100,0,131,10,10,25,2.5,0.6184954256744944,0.46930965967393207
3,random,0,4.96,100,1,131,10,10,29,2.9,0.6172134490997028,0.40348376089395777
3,random,0,4.96,100,2,131,10,10,30,3.0,0.4841792436338209,0.3624529578278831
3,random,0,4.96,100,3,132,10,10,23,2.3,0.6394628099173554,0.5952735956420374
3,random,0,4.96,100,4,132,10,10,30,3.0,0.5805785123966942,0.37595151391844916
3,random,0,4.96,100,5,132,10,10,29,2.9,0.6244260789715336,0.44054786116869077
3,random,0,4.96,100,6,131,10,10,27,2.7,0.6630149758172599,0.4938280638833797
3,random,0,4.96,100,7,131,10,10,26,2.6,0.516578287978556,0.4539717399114244
3,random,0,4.96,100,8,131,10,10,29,2.9,0.9754676300914864,0.5413019738569153
3,random,1,5.08,100,0,131,10,10,26,2.6,0.4923372763824953,0.4298861968037853
3,random,1,5.08,100,1,131,10,10,33,3.3,0.7518209894528292,0.37628828451439705
3,random,1,5.08,100,2,131,10,10,30,3.0,0.7638832235883691,0.442875501019291
3,random,1,5.08,100,3,132,10,10,27,2.7,0.5061983471074379,0.39919258303016075
3,random,1,5.08,100,4,132,10,10,28,2.8,0.6262626262626262,0.4414081111648287
3,random,1,5.08,100,5,132,10,10,28,2.8,0.4398530762167125,0.3484365710207854
3,random,1,5.08,100,6,131,10,10,27,2.7,0.7165083619835674,0.5184732496936083
3,random,1,5.08,100,7,131,10,10,25,2.5,0.5252607656896451,0.4835515507014263
3,random,1,5.08,100,8,131,10,10,30,3.0,0.6275275333605269,0.4033303731060562
3,random,2,5.14,100,0,131,10,10,27,2.7,0.6504282967193054,0.4732351731117471
3,random,2,5.14,100,1,131,10,10,35,3.5,0.5112755666919176,0.2873345408347211
3,random,2,5.14,100,2,131,10,10,31,3.1,0.5119748266418042,0.34795318240830947
3,random,2,5.14,100,3,132,10,10,25,2.5,0.5926308539944902,0.4906612408884511
3,random,2,5.14,100,4,132,10,10,25,2.5,0.5352387511478419,0.4742854870726879
3,random,2,5.14,100,5,132,10,10,29,2.9,0.5678374655647384,0.4159260470231549
3,random,2,5.14,100,6,131,10,10,29,2.9,0.8335178602645532,0.5070582818992264
3,random,2,5.14,100,7,131,10,10,30,3.0,0.7568906240895054,0.45618948418822275
3,random,2,5.14,100,8,131,10,10,26,2.6,0.5286987937765865,0.4335147641938494
3,ecc_p1,0,5.12,100,0,131,10,10,27,2.7,0.6787483246897033,0.49345454421131446
3,ecc_p1,0,5.12,100,1,131,10,10,31,3.1,0.5986830604277144,0.3607246019673273
3,ecc_p1,0,5.12,100,2,131,10,10,29,2.9,0.6780490647398171,0.4196803707620101
3,ecc_p1,0,5.12,100,3,132,10,10,28,2.8,0.6776859504132229,0.4602243051530345
3,ecc_p1,0,5.12,100,4,132,10,10,27,2.7,0.543388429752066,0.4150260470340794
3,ecc_p1,0,5.12,100,5,132,10,10,30,3.0,0.7355371900826444,0.4173771230430542
3,ecc_p1,0,5.12,100,6,131,10,10,27,2.7,0.5371481848377134,0.43871644332147003
3,ecc_p1,0,5.12,100,7,131,10,10,28,2.8,0.5255521240020976,0.41624201050229087
3,ecc_p1,0,5.12,100,8,131,10,10,29,2.9,0.5631373463084902,0.3895676224437645
3,ecc_p1,1,5.28,100,0,131,10,10,34,3.4,0.7533943243400733,0.370818374181469
3,ecc_p1,1,5.28,100,1,131,10,10,38,3.8,0.5743837771691627,0.2643819054591552
3,ecc_p1,1,5.28,100,2,131,10,10,30,3.0,0.7883573218343921,0.43845013418395185
3,ecc_p1,1,5.28,100,3,132,10,10,31,3.1,0.7969467401285585,0.40945983035198963
3,ecc_p1,1,5.28,100,4,132,10,10,24,2.4,0.45454545454545453,0.46086944110076555
3,ecc_p1,1,5.28,100,5,132,10,10,27,2.7,0.44731404958677684,0.3969735547634807
3,ecc_p1,1,5.28,100,6,131,10,10,28,2.8,0.40481323932171787,0.37893066547980725
3,ecc_p1,1,5.28,100,7,131,10,10,28,2.8,0.7148184837713418,0.47438650527886617
3,ecc_p1,1,5.28,100,8,131,10,10,24,2.4,0.8446477478002449,0.6489699010685089
3,ecc_p1,2,5.04,100,0,131,10,10,33,3.3,0.7595128489015792,0.40796310591608637
3,ecc_p1,2,5.04,100,1,131,10,10,29,2.9,0.7625429753510866,0.47001365554383057
3,ecc_p1,2,5.04,100,2,131,10,10,29,2.9,0.48878270497057275,0.36066411938989307
3,ecc_p1,2,5.04,100,3,132,10,10,28,2.8,0.7580348943985307,0.4837144092373877
3,ecc_p1,2,5.04,100,4,132,10,10,23,2.3,0.5417814508723598,0.5357770838421396
3,ecc_p1,2,5.04,100,5,132,10,10,29,2.9,0.5145775941230486,0.39885420200668653
3,ecc_p1,2,5.04,100,6,131,10,10,27,2.7,0.5623215430336227,0.4330749120246446
3,ecc_p1,2,5.04,100,7,131,10,10,23,2.3,0.6337626012470136,0.6067925287211845
3,ecc_p1,2,5.04,100,8,131,10,10,31,3.1,0.6022959035021273,0.37110342420967396
3,gauss_0.1,0,5.08,100,0,131,10,10,31,3.1,0.6059087465765399,0.39146502286570284
3,gauss_0.1,0,5.08,100,1,131,10,10,32,3.2,0.4488666161645592,0.3157136909238302
3,gauss_0.1,0,5.08,100,2,131,10,10,34,3.4,0.9118932463143171,0.4173329941365778
3,gauss_0.1,0,5.08,100,3,132,10,10,27,2.7,0.45351239669421484,0.4083161428195481
3,gauss_0.1,0,5.08,100,4,132,10,10,27,2.7,0.7479338842975205,0.5045087425327665
3,gauss_0.1,0,5.08,100,5,132,10,10,29,2.9,0.6111111111111109,0.42233356432154506
3,gauss_0.1,0,5.08,100,6,131,10,10,26,2.6,0.6499038517568907,0.5219878059705849
3,gauss_0.1,0,5.08,100,7,131,10,10,27,2.7,0.5623215430336226,0.4587135221059551
3,gauss_0.1,0,5.08,100,8,131,10,10,21,2.1,0.5235126158149292,0.6202569816369176
3,gauss_0.1,1,4.76,100,0,131,10,10,29,2.9,0.6036944234018997,0.4112066408384387
3,gauss_0.1,1,4.76,100,1,131,10,10,35,3.5,0.6214090087990211,0.30901659286652716
3,gauss_0.1,1,4.76,100,2,131,10,10,29,2.9,0.6172134490997028,0.4239364721994258
3,gauss_0.1,1,4.76,100,3,132,10,10,25,2.5,0.2712350780532598,0.374458060189317
3,gauss_0.1,1,4.76,100,4,132,10,10,26,2.6,0.5518824609733701,0.4353797108955367
3,gauss_0.1,1,4.76,100,5,132,10,10,23,2.3,0.7741046831955924,0.5825552529893884
3,gauss_0.1,1,4.76,100,6,131,10,10,23,2.3,0.5292232387390012,0.5503734215563394
3,gauss_0.1,1,4.76,100,7,131,10,10,28,2.8,0.7148184837713418,0.5020778430975066
3,gauss_0.1,1,4.76,100,8,131,10,10,20,2.0,0.32742847153429283,0.522332439369527
3,gauss_0.1,2,4.98,100,0,131,10,10,32,3.2,0.5383718897500146,0.3322415663412831
3,gauss_0.1,2,4.98,100,1,131,10,10,33,3.3,0.5902919410290777,0.33838534741054815
3,gauss_0.1,2,4.98,100,2,131,10,10,29,2.9,0.5698968591573916,0.4161369097029765
3,gauss_0.1,2,4.98,100,3,132,10,10,27,2.7,0.93698347107438,0.5938991949290185
3,gauss_0.1,2,4.98,100,4,132,10,10,29,2.9,0.5678374655647381,0.37760461415158664
3,gauss_0.1,2,4.98,100,5,132,10,10,28,2.8,0.7966023875114784,0.4847610075884274
3,gauss_0.1,2,4.98,100,6,131,10,10,23,2.3,0.5238622457898724,0.5482291097821679
3,gauss_0.1,2,4.98,100,7,131,10,10,27,2.7,0.5812015616805547,0.4375167420437907
3,gauss_0.1,2,4.98,100,8,131,10,10,21,2.1,0.3448516986189616,0.5240936679158597
3,dm_eig0,0,4.78,100,0,131,10,10,30,3.0,1.4037060777343981,0.5072437677710265
3,dm_eig0,0,4.78,100,1,131,10,10,23,2.3,0.6418040906707068,0.5813857819383984
3,dm_eig0,0,4.78,100,2,131,10,10,31,3.1,0.7504224695530566,0.35775366182284596
3,dm_eig0,0,4.78,100,3,132,10,10,23,2.3,0.4652203856749312,0.3698026000011566
3,dm_eig0,0,4.78,100,4,132,10,10,27,2.7,1.2592975206611567,0.48899212055878466
3,dm_eig0,0,4.78,100,5,132,10,10,27,2.7,1.0733471074380163,0.5440984706943655
3,dm_eig0,0,4.78,100,6,131,10,10,25,2.5,0.7991375793951402,0.5554437734566164
3,dm_eig0,0,4.78,100,7,131,10,10,26,2.6,0.8014101742322709,0.5204798929249853
3,dm_eig0,0,4.78,100,8,131,10,10,27,2.7,0.66301497581726,0.47414340486508294
3,dm_eig0,1,5.04,100,0,131,10,10,26,2.6,1.0892721869354933,0.5795660961701735
3,dm_eig0,1,5.04,100,1,131,10,10,31,3.1,0.8226793310413147,0.4591980184354874
3,dm_eig0,1,5.04,100,2,131,10,10,29,2.9,1.154594720587378,0.5426100659534961
3,dm_eig0,1,5.04,100,3,132,10,10,23,2.3,0.8216253443526169,0.5738941474702985
3,dm_eig0,1,5.04,100,4,132,10,10,24,2.4,0.9421487603305785,0.5925367766684363
3,dm_eig0,1,5.04,100,5,132,10,10,28,2.8,1.0762167125803488,0.5901608353519876
3,dm_eig0,1,5.04,100,6,131,10,10,30,3.0,0.5576015383718899,0.3641923005368244
3,dm_eig0,1,5.04,100,7,131,10,10,32,3.2,0.8068877105063808,0.3556829500470671
3,dm_eig0,1,5.04,100,8,131,10,10,29,2.9,0.99236641221374,0.48000148854535724
3,dm_eig0,2,4.76,100,0,131,10,10,31,3.1,0.9708058970922442,0.43320599028381856
3,dm_eig0,2,4.76,100,1,131,10,10,27,2.7,1.009148651011013,0.6140076853365855
3,dm_eig0,2,4.76,100,2,131,10,10,27,2.7,1.028028669657945,0.5116282213555352
3,dm_eig0,2,4.76,100,3,132,10,10,25,2.5,0.9312442607897151,0.46888040875977816
3,dm_eig0,2,4.76,100,4,132,10,10,27,2.7,1.1353305785123966,0.5533608428519916
3,dm_eig0,2,4.76,100,5,132,10,10,22,2.2,0.7045454545454546,0.5976522460255423
3,dm_eig0,2,4.76,100,6,131,10,10,24,2.4,0.9593263795816094,0.6131048222370363
3,dm_eig0,2,4.76,100,7,131,10,10,26,2.6,0.9438261173591282,0.5730939420179497
3,dm_eig0,2,4.76,100,8,131,10,10,29,2.9,1.2458481440475495,0.6062978417348319
4,xcoord,0,4.86,100,0,131,10,10,30,3.0,0.6520016316065498,0.4263249156125275
4,xcoord,0,4.86,100,1,131,10,10,28,2.8,0.5745003204941436,0.424935023558692
4,xcoord,0,4.86,100,2,131,10,10,32,3.2,0.8889342112930482,0.48421845295507454
4,xcoord,0,4.86,100,3,132,10,10,23,2.3,0.7846648301193756,0.6421164223140278
4,xcoord,0,4.86,100,4,132,10,10,28,2.8,0.876951331496786,0.5254954872593494
4,xcoord,0,4.86,100,5,132,10,10,29,2.9,0.6011248852157942,0.42925652880958187
4,xcoord,0,4.86,100,6,131,10,10,25,2.5,0.863236408134724,0.6444294684621482
4,xcoord,0,4.86,100,7,131,10,10,26,2.6,0.5893013227667385,0.5027343841309171
4,xcoord,0,4.86,100,8,131,10,10,22,2.2,0.6550317580560574,0.6193871105478809
4,xcoord,1,4.7,100,0,131,10,10,26,2.6,0.8559524503234077,0.6143835751046081
4,xcoord,1,4.7,100,1,131,10,10,27,2.7,0.7448283899539654,0.5351680145696641
4,xcoord,1,4.7,100,2,131,10,10,26,2.6,0.6044519550142766,0.5073814079058433
4,xcoord,1,4.7,100,3,132,10,10,29,2.9,0.9839302112029384,0.5717749636876513
4,xcoord,1,4.7,100,4,132,10,10,25,2.5,0.8078512396694214,0.5562711911019144
4,xcoord,1,4.7,100,5,132,10,10,25,2.5,0.6844582185491274,0.5394658696859973
4,xcoord,1,4.7,100,6,131,10,10,25,2.5,0.6738535050404988,0.5667051286377207
4,xcoord,1,4.7,100,7,131,10,10,26,2.6,0.6862653691509818,0.5020591160937823
4,xcoord,1,4.7,100,8,131,10,10,26,2.6,0.7044461278480275,0.5135133428356716
4,xcoord,2,4.66,100,0,131,10,10,30,3.0,0.7953499213332557,0.4723760401355743
4,xcoord,2,4.66,100,1,131,10,10,24,2.4,0.676825359827516,0.5856997263270861
4,xcoord,2,4.66,100,2,131,10,10,24,2.4,0.4558592156634229,0.48496882170364497
4,xcoord,2,4.66,100,3,132,10,10,18,1.8,0.4483471074380166,0.6843591117503015
4,xcoord,2,4.66,100,4,132,10,10,26,2.6,0.7070707070707071,0.5087051261543185
4,xcoord,2,4.66,100,5,132,10,10,29,2.9,0.4679752066115703,0.37926646865602426
4,xcoord,2,4.66,100,6,131,10,10,29,2.9,0.7929607831711437,0.4899250268499722
4,xcoord,2,4.66,100,7,131,10,10,30,3.0,0.6205349338616631,0.4190379686104138
4,xcoord,2,4.66,100,8,131,10,10,23,2.3,0.6954140201619952,0.6081863792986445
4,knn_k1,0,4.82,100,0,131,10,10,24,2.4,0.5649437678456968,0.4534037668179492
4,knn_k1,0,4.82,100,1,131,10,10,22,2.2,0.4242759745935552,0.47110448126080234
4,knn_k1,0,4.82,100,2,131,10,10,25,2.5,0.621409008799021,0.5086358757743674
4,knn_k1,0,4.82,100,3,132,10,10,27,2.7,0.5805785123966941,0.4509107472537057
4,knn_k1,0,4.82,100,4,132,10,10,28,2.8,0.60376492194674,0.42059701941828986
4,knn_k1,0,4.82,100,5,132,10,10,28,2.8,0.7226813590449952,0.50307896940736
4,knn_k1,0,4.82,100,6,131,10,10,28,2.8,0.6626070741798263,0.4474452824167895
4,knn_k1,0,4.82,100,7,131,10,10,31,3.1,0.7576481557018822,0.41119940067262495
4,knn_k1,0,4.82,100,8,131,10,10,28,2.8,0.5516578287978554,0.44304222222957745
4,knn_k1,1,5.04,100,0,131,10,10,24,2.4,0.520191131052969,0.4664826159344608
4,knn_k1,1,5.04,100,1,131,10,10,22,2.2,0.5037585222306392,0.5126402080769141
4,knn_k1,1,5.04,100,2,131,10,10,30,3.0,1.001631606549735,0.5060417325559896
4,knn_k1,1,5.04,100,3,132,10,10,30,3.0,0.7424242424242423,0.47562730535752684
4,knn_k1,1,5.04,100,4,132,10,10,26,2.6,0.32506887052341604,0.3663713348326622
4,knn_k1,1,5.04,100,5,132,10,10,32,3.2,0.4398530762167126,0.29149524922454045
4,knn_k1,1,5.04,100,6,131,10,10,24,2.4,0.5285822504516053,0.462714395727083
4,knn_k1,1,5.04,100,7,131,10,10,32,3.2,0.7285705961191072,0.42015001881065933
4,knn_k1,1,5.04,100,8,131,10,10,32,3.2,0.5234543441524386,0.3215464207831675
4,knn_k1,2,4.7,100,0,131,10,10,21,2.1,0.6434356972204417,0.562843006217875
4,knn_k1,2,4.7,100,1,131,10,10,28,2.8,0.6789231396771749,0.4126039571088525
4,knn_k1,2,4.7,100,2,131,10,10,24,2.4,0.52578521065206,0.48942003908364995
4,knn_k1,2,4.7,100,3,132,10,10,21,2.1,0.4414600550964187,0.5752002616026922
4,knn_k1,2,4.7,100,4,132,10,10,25,2.5,0.3085399449035812,0.3754092111998083
4,knn_k1,2,4.7,100,5,132,10,10,30,3.0,0.9731404958677683,0.4853737414061811
4,knn_k1,2,4.7,100,6,131,10,10,27,2.7,0.9053085484528872,0.591339242795121
4,knn_k1,2,4.7,100,7,131,10,10,30,3.0,0.7638832235883692,0.44174068919142273
4,knn_k1,2,4.7,100,8,131,10,10,29,2.9,0.7152263854087755,0.44278620918070266
4,dtm_k10,0,5.1,100,0,131,10,10,19,1.9,0.3806304993881476,0.5585639505304169
4,dtm_k10,0,5.1,100,1,131,10,10,29,2.9,0.6712895518909152,0.417189954484373
4,dtm_k10,0,5.1,100,2,131,10,10,30,3.0,0.7114387273468913,0.4225449096335877
4,dtm_k10,0,5.1,100,3,132,10,10,29,2.9,0.4912764003673094,0.3702823901126934
4,dtm_k10,0,5.1,100,4,132,10,10,30,3.0,0.5323691460055096,0.34493898614765256
4,dtm_k10,0,5.1,100,5,132,10,10,28,2.8,0.7033976124885214,0.45680078119471845
4,dtm_k10,0,5.1,100,6,131,10,10,27,2.7,0.8455218227376026,0.5414363658653933
4,dtm_k10,0,5.1,100,7,131,10,10,32,3.2,0.6390653225336519,0.3746713589935417
4,dtm_k10,0,5.1,100,8,131,10,10,31,3.1,0.6962298234368628,0.4216941281442214
4,dtm_k10,1,5.1,100,0,131,10,10,27,2.7,0.66301497581726,0.46834364393519967
4,dtm_k10,1,5.1,100,1,131,10,10,26,2.6,0.7589884039391643,0.5394421493383567
4,dtm_k10,1,5.1,100,2,131,10,10,31,3.1,0.7323582541809919,0.4111839325091624
4,dtm_k10,1,5.1,100,3,132,10,10,26,2.6,0.5906795224977043,0.4779029072660351
4,dtm_k10,1,5.1,100,4,132,10,10,25,2.5,0.7389807162534434,0.5264045116773265
4,dtm_k10,1,5.1,100,5,132,10,10,28,2.8,0.6712580348943983,0.4588954074878059
4,dtm_k10,1,5.1,100,6,131,10,10,31,3.1,0.5914573742788884,0.37238376685044866
4,dtm_k10,1,5.1,100,7,131,10,10,32,3.2,0.620418390536682,0.3627134145949244
4,dtm_k10,1,5.1,100,8,131,10,10,29,2.9,0.5462385641862361,0.4199199793810934
4,dtm_k10,2,5.14,100,0,131,10,10,30,3.0,0.6659868306042772,0.398331101904063
4,dtm_k10,2,5.14,100,1,131,10,10,29,2.9,0.6205932055241535,0.4238357084630809
4,dtm_k10,2,5.14,100,2,131,10,10,29,2.9,0.8436571295379056,0.4999611757689338
4,dtm_k10,2,5.14,100,3,132,10,10,27,2.7,0.7944214876033056,0.5449959372165618
4,dtm_k10,2,5.14,100,4,132,10,10,30,3.0,0.8698347107438015,0.46483809398911796
4,dtm_k10,2,5.14,100,5,132,10,10,26,2.6,0.5996326905417815,0.4781628857954245
4,dtm_k10,2,5.14,100,6,131,10,10,27,2.7,0.7102150224345901,0.46207401291097433
4,dtm_k10,2,5.14,100,7,131,10,10,26,2.6,0.4590058854379116,0.4232865573591849
4,dtm_k10,2,5.14,100,8,131,10,10,33,3.3,0.7595128489015794,0.4065906977395342
4,random,0,5.26,100,0,131,10,10,28,2.8,0.7670298933628574,0.5045137419617238
4,random,0,5.26,100,1,131,10,10,28,2.8,0.8061884505564944,0.5129141838702916
4,random,0,5.26,100,2,131,10,10,30,3.0,0.7778684225860965,0.4501088977364012
4,random,0,5.26,100,3,132,10,10,26,2.6,0.6831955922865015,0.5390877663883941
4,random,0,5.26,100,4,132,10,10,30,3.0,0.6046831955922866,0.40066200299229976
4,random,0,5.26,100,5,132,10,10,31,3.1,0.6581726354453631,0.38692134720016286
4,random,0,5.26,100,6,131,10,10,32,3.2,0.5831245265427423,0.36545867004658145
4,random,0,5.26,100,7,131,10,10,30,3.0,0.4911718431326846,0.36800368933787564
4,random,0,5.26,100,8,131,10,10,28,2.8,0.7800827457607364,0.5399169235167742
4,random,1,5.64,100,0,131,10,10,30,3.0,0.4736903443855255,0.3454128736137157
4,random,1,5.64,100,1,131,10,10,29,2.9,0.34683293514363955,0.32344110269678683
4,random,1,5.64,100,2,131,10,10,34,3.4,0.6662199172542391,0.33886848132824365
4,random,1,5.64,100,3,132,10,10,28,2.8,0.46877869605142325,0.38885225079993163
4,random,1,5.64,100,4,132,10,10,31,3.1,0.8218549127640039,0.42347804655161936
4,random,1,5.64,100,5,132,10,10,27,2.7,0.8471074380165287,0.5547554285389172
4,random,1,5.64,100,6,131,10,10,36,3.6,0.4537614358137637,0.2566344508873614
4,random,1,5.64,100,7,131,10,10,35,3.5,0.8987821222539479,0.4160534109733447
4,random,1,5.64,100,8,131,10,10,32,3.2,0.5756657537439543,0.34569563717583013
4,random,2,5.14,100,0,131,10,10,28,2.8,0.6006060252899015,0.4331653762957171
4,random,2,5.14,100,1,131,10,10,25,2.5,0.4524211875764815,0.4448256577101215
4,random,2,5.14,100,2,131,10,10,27,2.7,0.5245615057397588,0.4320747055630591
4,random,2,5.14,100,3,132,10,10,27,2.7,0.4938016528925619,0.4341338560743964
4,random,2,5.14,100,4,132,10,10,28,2.8,0.39485766758494023,0.37829157991255735
4,random,2,5.14,100,5,132,10,10,31,3.1,0.8005050505050506,0.436018280718759
4,random,2,5.14,100,6,131,10,10,28,2.8,0.43744537031641506,0.37215399203489474
4,random,2,5.14,100,7,131,10,10,30,3.0,0.5960608356156403,0.39415223775627345
4,random,2,5.14,100,8,131,10,10,33,3.3,0.5749082221315773,0.33869315542911066
4,ecc_p1,0,5.26,100,0,131,10,10,28,2.8,0.7866091719596758,0.5263461834647848
4,ecc_p1,0,5.26,100,1,131,10,10,32,3.2,0.9113105296894121,0.48327146107431485
4,ecc_p1,0,5.26,100,2,131,10,10,36,3.6,0.9068818833401314,0.39484726655545255
4,ecc_p1,0,5.26,100,3,132,10,10,27,2.7,0.5774793388429751,0.4780619655559441
4,ecc_p1,0,5.26,100,4,132,10,10,30,3.0,0.8973829201101928,0.4737203800304377
4,ecc_p1,0,5.26,100,5,132,10,10,31,3.1,0.7684802571166209,0.4213642694651268
4,ecc_p1,0,5.26,100,6,131,10,10,29,2.9,0.56313734630849,0.4244826694919088
4,ecc_p1,0,5.26,100,7,131,10,10,23,2.3,0.604277140026805,0.5914380562340907
4,ecc_p1,0,5.26,100,8,131,10,10,27,2.7,0.4396014218285648,0.4069184259962509
4,ecc_p1,1,5.0,100,0,131,10,10,36,3.6,0.7936017714585397,0.35530302685462933
4,ecc_p1,1,5.0,100,1,131,10,10,30,3.0,1.0820465007866675,0.5462969815552594
4,ecc_p1,1,5.0,100,2,131,10,10,34,3.4,0.6384826059087465,0.3147780080627153
4,ecc_p1,1,5.0,100,3,132,10,10,28,2.8,0.6294765840220385,0.46376143057695407
4,ecc_p1,1,5.0,100,4,132,10,10,27,2.7,0.8440082644628097,0.490920734987736
4,ecc_p1,1,5.0,100,5,132,10,10,24,2.4,0.7823691460055097,0.6415894955493167
4,ecc_p1,1,5.0,100,6,131,10,10,24,2.4,0.42229473806887713,0.46249061405853936
4,ecc_p1,1,5.0,100,7,131,10,10,24,2.4,0.7103898374220617,0.6040355275228388
4,ecc_p1,1,5.0,100,8,131,10,10,23,2.3,0.78923139677175,0.6281692945420289
4,ecc_p1,2,5.06,100,0,131,10,10,36,3.6,0.8187751296544488,0.347478979102705
4,ecc_p1,2,5.06,100,1,131,10,10,31,3.1,0.6745527649903853,0.3883776977121373
4,ecc_p1,2,5.06,100,2,131,10,10,33,3.3,0.5787541518559525,0.34154635646147996
4,ecc_p1,2,5.06,100,3,132,10,10,30,3.0,0.6563360881542699,0.41516868182971167
4,ecc_p1,2,5.06,100,4,132,10,10,25,2.5,0.7074150596877867,0.5270170012579425
4,ecc_p1,2,5.06,100,5,132,10,10,27,2.7,0.6704545454545454,0.5100902056532749
4,ecc_p1,2,5.06,100,6,131,10,10,29,2.9,0.5597575898840393,0.41887243070199953
4,ecc_p1,2,5.06,100,7,131,10,10,21,2.1,0.628751238272828,0.6899669682724772
4,ecc_p1,2,5.06,100,8,131,10,10,21,2.1,0.479459238972088,0.5882859426430797
4,gauss_0.1,0,5.5,100,0,131,10,10,34,3.4,0.5711205640696927,0.3157935269138767
4,gauss_0.1,0,5.5,100,1,131,10,10,29,2.9,0.4482256278771632,0.37362232748987356
4,gauss_0.1,0,5.5,100,2,131,10,10,35,3.5,0.6418040906707068,0.3223770232624976
4,gauss_0.1,0,5.5,100,3,132,10,10,32,3.2,0.711662075298439,0.40637448175172886
4,gauss_0.1,0,5.5,100,4,132,10,10,30,3.0,0.8560606060606057,0.4784597642847914
4,gauss_0.1,0,5.5,100,5,132,10,10,28,2.8,0.5780532598714414,0.41994150466379576
4,gauss_0.1,0,5.5,100,6,131,10,10,30,3.0,0.5366237398752987,0.37956117889843
4,gauss_0.1,0,5.5,100,7,131,10,10,29,2.9,0.41104830720820457,0.35358627412630445
4,gauss_0.1,0,5.5,100,8,131,10,10,28,2.8,0.4961832061068701,0.4166373630956235
4,gauss_0.1,1,5.28,100,0,131,10,10,33,3.3,0.740283200279704,0.3823628114160164
4,gauss_0.1,1,5.28,100,1,131,10,10,33,3.3,0.4787599790222015,0.29805785430859455
4,gauss_0.1,1,5.28,100,2,131,10,10,34,3.4,0.7850941087349219,0.3389398897416962
4,gauss_0.1,1,5.28,100,3,132,10,10,28,2.8,0.9026629935720842,0.5533672706297891
4,gauss_0.1,1,5.28,100,4,132,10,10,28,2.8,0.49449035812672165,0.4234488213729775
4,gauss_0.1,1,5.28,100,5,132,10,10,28,2.8,0.7548209366391183,0.4733697571088909
4,gauss_0.1,1,5.28,100,6,131,10,10,28,2.8,0.6887127789755839,0.4722893905122611
4,gauss_0.1,1,5.28,100,7,131,10,10,28,2.8,0.6136588776877803,0.4092764721256819
4,gauss_0.1,1,5.28,100,8,131,10,10,24,2.4,0.3999184196725133,0.4371211247792266
4,gauss_0.1,2,5.18,100,0,131,10,10,32,3.2,0.5048074121554688,0.32276689772932715
4,gauss_0.1,2,5.18,100,1,131,10,10,34,3.4,0.6384826059087464,0.34773127413127414
4,gauss_0.1,2,5.18,100,2,131,10,10,32,3.2,0.9187693024882,0.4621590398779784
4,gauss_0.1,2,5.18,100,3,132,10,10,28,2.8,0.6873278236914598,0.46665368607221686
4,gauss_0.1,2,5.18,100,4,132,10,10,25,2.5,0.7475895316804408,0.5981553319512108
4,gauss_0.1,2,5.18,100,5,132,10,10,26,2.6,0.4921946740128558,0.45287704214479413
4,gauss_0.1,2,5.18,100,6,131,10,10,27,2.7,0.5717615523570887,0.454107370453617
4,gauss_0.1,2,5.18,100,7,131,10,10,30,3.0,0.6659868306042772,0.3914819869681569
4,gauss_0.1,2,5.18,100,8,131,10,10,25,2.5,0.385408775712371,0.41075697256057586
4,dm_eig0,0,4.76,100,0,131,10,10,28,2.8,0.6626070741798262,0.4474452824167895
4,dm_eig0,0,4.76,100,1,131,10,10,27,2.7,0.7920284365712953,0.5160564111201985
4,dm_eig0,0,4.76,100,2,131,10,10,26,2.6,0.6408134724083676,0.4853693381431701
4,dm_eig0,0,4.76,100,3,132,10,10,24,2.4,0.5234159779614326,0.4879486904453937
4,dm_eig0,0,4.76,100,4,132,10,10,29,2.9,0.7509182736455463,0.4543734216875177
4,dm_eig0,0,4.76,100,5,132,10,10,28,2.8,0.963728191000918,0.5525224592308601
4,dm_eig0,0,4.76,100,6,131,10,10,20,2.0,0.5651768544956587,0.6625088887075528
4,dm_eig0,0,4.76,100,7,131,10,10,31,3.1,0.602295903502127,0.3831962932968323
4,dm_eig0,0,4.76,100,8,131,10,10,25,2.5,0.7729153312744014,0.5952364066446791
4,dm_eig0,1,4.82,100,0,131,10,10,28,2.8,0.6723967134782354,0.4420470464150037
4,dm_eig0,1,4.82,100,1,131,10,10,28,2.8,0.40807645242118756,0.3585219684899768
4,dm_eig0,1,4.82,100,2,131,10,10,30,3.0,1.0960316997843949,0.5728721111223839
4,dm_eig0,1,4.82,100,3,132,10,10,30,3.0,0.6701101928374655,0.3949430166671172
4,dm_eig0,1,4.82,100,4,132,10,10,26,2.6,0.727961432506887,0.4972979296312776
4,dm_eig0,1,4.82,100,5,132,10,10,23,2.3,0.8638659320477501,0.6836222447630669
4,dm_eig0,1,4.82,100,6,131,10,10,28,2.8,0.4015500262222481,0.323036934959862
4,dm_eig0,1,4.82,100,7,131,10,10,25,2.5,0.621409008799021,0.516779960468443
4,dm_eig0,1,4.82,100,8,131,10,10,23,2.3,0.7517044461278479,0.6255494149568205
4,dm_eig0,2,4.68,100,0,131,10,10,22,2.2,0.7242584930948083,0.6633142091508318
4,dm_eig0,2,4.68,100,1,131,10,10,26,2.6,0.6862653691509819,0.5287757160106624
4,dm_eig0,2,4.68,100,2,131,10,10,27,2.7,0.6441349571703279,0.462472799649459
4,dm_eig0,2,4.68,100,3,132,10,10,29,2.9,0.7409320477502295,0.46161082172204304
4,dm_eig0,2,4.68,100,4,132,10,10,25,2.5,0.6041092745638199,0.5173987813986538
4,dm_eig0,2,4.68,100,5,132,10,10,25,2.5,0.7131542699724516,0.5794662488106687
4,dm_eig0,2,4.68,100,6,131,10,10,31,3.1,0.7937765864460113,0.4418913041621159
4,dm_eig0,2,4.68,100,7,131,10,10,26,2.6,0.8589825767729152,0.584811881886687
4,dm_eig0,2,4.68,100,8,131,10,10,23,2.3,0.936658702872793,0.7081421232630587
5,xcoord,0,4.94,100,0,131,10,10,24,2.4,0.8866033447934271,0.6753517409515708
5,xcoord,0,4.94,100,1,131,10,10,30,3.0,0.9946390070508715,0.5216192859239319
5,xcoord,0,4.94,100,2,131,10,10,26,2.6,0.6923256220499973,0.5442136106969043
5,xcoord,0,4.94,100,3,132,10,10,23,2.3,0.6922635445362718,0.6543837368728658
5,xcoord,0,4.94,100,4,132,10,10,28,2.8,0.7194674012855831,0.4879009699011642
5,xcoord,0,4.94,100,5,132,10,10,29,2.9,0.7575757575757576,0.461777033332356
5,xcoord,0,4.94,100,6,131,10,10,29,2.9,0.6881883340131691,0.44692991434150026
5,xcoord,0,4.94,100,7,131,10,10,31,3.1,0.5336518850882817,0.34017134926285725
5,xcoord,0,4.94,100,8,131,10,10,27,2.7,0.9430685857467512,0.6136933814575811
5,xcoord,1,5.12,100,0,131,10,10,30,3.0,0.6834683293514364,0.4110230813848222
5,xcoord,1,5.12,100,1,131,10,10,25,2.5,0.9681254006176796,0.646445851074517
5,xcoord,1,5.12,100,2,131,10,10,23,2.3,0.6418040906707069,0.6264196860080797
5,xcoord,1,5.12,100,3,132,10,10,24,2.4,0.71900826446281,0.6176885564087687
5,xcoord,1,5.12,100,4,132,10,10,35,3.5,0.7837465564738291,0.37569499602859413
5,xcoord,1,5.12,100,5,132,10,10,30,3.0,1.152203856749311,0.5624854727479676
5,xcoord,1,5.12,100,6,131,10,10,25,2.5,0.793310413146087,0.5793209511591579
5,xcoord,1,5.12,100,7,131,10,10,38,3.8,0.7072431676475729,0.3126854598831865
5,xcoord,1,5.12,100,8,131,10,10,26,2.6,0.45597575898840387,0.43114376416231753
5,xcoord,2,4.84,100,0,131,10,10,29,2.9,0.8504166423868074,0.5063841144862289
5,xcoord,2,4.84,100,1,131,10,10,26,2.6,0.7377775187926111,0.5480609088746133
5,xcoord,2,4.84,100,2,131,10,10,25,2.5,0.6010139269273352,0.5302349653485955
5,xcoord,2,4.84,100,3,132,10,10,24,2.4,0.6831955922865014,0.5876417843935215
5,xcoord,2,4.84,100,4,132,10,10,27,2.7,0.884297520661157,0.5678341789950806
5,xcoord,2,4.84,100,5,132,10,10,28,2.8,0.8512396694214874,0.5182362946848212
5,xcoord,2,4.84,100,6,131,10,10,27,2.7,0.6567216362682827,0.46904674456037754
5,xcoord,2,4.84,100,7,131,10,10,32,3.2,0.9747100984791096,0.4683931576514101
5,xcoord,2,4.84,100,8,131,10,10,24,2.4,0.584523046442515,0.5484685046283521
5,knn_k1,0,4.96,100,0,131,10,10,27,2.7,0.5245615057397589,0.4212493426348471
5,knn_k1,0,4.96,100,1,131,10,10,24,2.4,0.5034088922556962,0.4940528433638209
5,knn_k1,0,4.96,100,2,131,10,10,23,2.3,0.4782938057222771,0.5083991730877655
5,knn_k1,0,4.96,100,3,132,10,10,32,3.2,0.5684113865932048,0.33362440311384695
5,knn_k1,0,4.96,100,4,132,10,10,27,2.7,0.6890495867768595,0.4834124660851894
5,knn_k1,0,4.96,100,5,132,10,10,27,2.7,0.5805785123966942,0.4582489041320787
5,knn_k1,0,4.96,100,6,131,10,10,30,3.0,0.6904609288503002,0.38509566251589034
5,knn_k1,0,4.96,100,7,131,10,10,30,3.0,0.5680904376201853,0.372365050127199
5,knn_k1,0,4.96,100,8,131,10,10,28,2.8,0.809451663655964,0.4843115240749136
5,knn_k1,1,5.22,100,0,131,10,10,32,3.2,0.7099236641221374,0.40789729647154827
5,knn_k1,1,5.22,100,1,131,10,10,25,2.5,0.6563720062933395,0.5277619976227342
5,knn_k1,1,5.22,100,2,131,10,10,26,2.6,0.7014160013985199,0.5045143396519841
5,knn_k1,1,5.22,100,3,132,10,10,28,2.8,0.77089072543618,0.4548901382908989
5,knn_k1,1,5.22,100,4,132,10,10,31,3.1,0.7933884297520664,0.4500556151756037
5,knn_k1,1,5.22,100,5,132,10,10,29,2.9,0.4080578512396694,0.3505178980494202
5,knn_k1,1,5.22,100,6,131,10,10,30,3.0,0.6205349338616631,0.3507643532605725
5,knn_k1,1,5.22,100,7,131,10,10,31,3.1,0.9166132509760504,0.47593757182673807
5,knn_k1,1,5.22,100,8,131,10,10,29,2.9,0.7490239496532836,0.4648691201335576
5,knn_k1,2,5.34,100,0,131,10,10,30,3.0,0.26391235941961416,0.2702388350948757
5,knn_k1,2,5.34,100,1,131,10,10,29,2.9,1.0160247071848958,0.5206289596439739
5,knn_k1,2,5.34,100,2,131,10,10,25,2.5,0.6418040906707069,0.5233683564840365
5,knn_k1,2,5.34,100,3,132,10,10,28,2.8,0.3755739210284665,0.3178249641103368
5,knn_k1,2,5.34,100,4,132,10,10,30,3.0,0.856060606060606,0.4366944092601479
5,knn_k1,2,5.34,100,5,132,10,10,33,3.3,0.48484848484848486,0.30647329606539736
5,knn_k1,2,5.34,100,6,131,10,10,32,3.2,0.5421012761494085,0.31024716354029125
5,knn_k1,2,5.34,100,7,131,10,10,35,3.5,0.7600955655264845,0.3313745905728726
5,knn_k1,2,5.34,100,8,131,10,10,25,2.5,0.5660509294330167,0.4746730956188743
5,dtm_k10,0,5.7,100,0,131,10,10,29,2.9,0.6679097954664647,0.42069181206413286
5,dtm_k10,0,5.7,100,1,131,10,10,34,3.4,0.5988578754151854,0.33391074065565224
5,dtm_k10,0,5.7,100,2,131,10,10,33,3.3,0.6133675193753276,0.3616457027419252
5,dtm_k10,0,5.7,100,3,132,10,10,28,2.8,0.5780532598714415,0.41771630501232454
5,dtm_k10,0,5.7,100,4,132,10,10,30,3.0,0.5805785123966942,0.38618157822749277
5,dtm_k10,0,5.7,100,5,132,10,10,33,3.3,0.45075757575757575,0.2850515495435531
5,dtm_k10,0,5.7,100,6,131,10,10,34,3.4,0.8366062583765512,0.38594289518661434
5,dtm_k10,0,5.7,100,7,131,10,10,35,3.5,0.7274634345317872,0.35055934128056054
5,dtm_k10,0,5.7,100,8,131,10,10,29,2.9,0.4752636792727696,0.35494584407707963
5,dtm_k10,1,5.44,100,0,131,10,10,27,2.7,0.6126682594254413,0.46916901843170816
5,dtm_k10,1,5.44,100,1,131,10,10,29,2.9,0.610453936250801,0.4269920620800466
5,dtm_k10,1,5.44,100,2,131,10,10,31,3.1,0.7431967834042305,0.42983447577385475
5,dtm_k10,1,5.44,100,3,132,10,10,29,2.9,0.7076446280991734,0.4056393294899495
5,dtm_k10,1,5.44,100,4,132,10,10,29,2.9,0.7043158861340679,0.47326169660639766
5,dtm_k10,1,5.44,100,5,132,10,10,31,3.1,0.715105601469238,0.43732703437460224
5,dtm_k10,1,5.44,100,6,131,10,10,29,2.9,0.7219858982576771,0.4878605151924233
5,dtm_k10,1,5.44,100,7,131,10,10,37,3.7,0.4510226676767089,0.2572509029709332
5,dtm_k10,1,5.44,100,8,131,10,10,30,3.0,0.7603869238389372,0.4578421422377747
5,dtm_k10,2,5.6,100,0,131,10,10,28,2.8,0.5516578287978554,0.42956229125335876
5,dtm_k10,2,5.6,100,1,131,10,10,26,2.6,0.48627702348348,0.46163299766033383
5,dtm_k10,2,5.6,100,2,131,10,10,30,3.0,0.5820756366179128,0.3996381909547739
5,dtm_k10,2,5.6,100,3,132,10,10,31,3.1,0.7684802571166208,0.42037249474110344
5,dtm_k10,2,5.6,100,4,132,10,10,32,3.2,0.6014692378328742,0.37829132646988045
5,dtm_k10,2,5.6,100,5,132,10,10,32,3.2,0.5867768595041323,0.3565145287892461
5,dtm_k10,2,5.6,100,6,131,10,10,32,3.2,0.7509469145154711,0.4324026394892496
5,dtm_k10,2,5.6,100,7,131,10,10,34,3.4,0.5196084144280635,0.3093809044793672
5,dtm_k10,2,5.6,100,8,131,10,10,35,3.5,0.621409008799021,0.3158995172134352
5,random,0,5.7,100,0,131,10,10,36,3.6,0.7264728162694479,0.3336671817188957
5,random,0,5.7,100,1,131,10,10,29,2.9,0.7895810267466928,0.5097955781606289
5,random,0,5.7,100,2,131,10,10,28,2.8,0.6821863527766446,0.47007378541977124
5,random,0,5.7,100,3,132,10,10,35,3.5,0.6029614325068869,0.3137365990681224
5,random,0,5.7,100,4,132,10,10,31,3.1,0.7079889807162536,0.40167419813365096
5,random,0,5.7,100,5,132,10,10,31,3.1,0.5229568411386595,0.33514919515272895
5,random,0,5.7,100,6,131,10,10,35,3.5,0.9640463842433423,0.43139757371343695
5,random,0,5.7,100,7,131,10,10,25,2.5,0.7321251675310297,0.5304455478775257
5,random,0,5.7,100,8,131,10,10,35,3.5,0.7274634345317872,0.3283868267784598
5,random,1,5.52,100,0,131,10,10,31,3.1,0.5300390420138688,0.3500932611760875
5,random,1,5.52,100,1,131,10,10,30,3.0,0.6624905308548454,0.41246463182827364
5,random,1,5.52,100,2,131,10,10,32,3.2,0.7509469145154711,0.40612161529341045
5,random,1,5.52,100,3,132,10,10,34,3.4,0.6039944903581268,0.32173825092835046
5,random,1,5.52,100,4,132,10,10,30,3.0,0.852617079889807,0.48759629799237825
5,random,1,5.52,100,5,132,10,10,27,2.7,0.7851239669421486,0.5240528949870753
5,random,1,5.52,100,6,131,10,10,32,3.2,0.4600547753627411,0.31300666850744224
5,random,1,5.52,100,7,131,10,10,30,3.0,0.6554979313559817,0.39107147296639205
5,random,1,5.52,100,8,131,10,10,30,3.0,0.7603869238389372,0.4683097227623671
5,random,2,5.74,100,0,131,10,10,30,3.0,0.7778684225860963,0.46027554696250444
5,random,2,5.74,100,1,131,10,10,33,3.3,0.44030068177845116,0.30567225570477813
5,random,2,5.74,100,2,131,10,10,36,3.6,0.5880193461919466,0.3063123489734047
5,random,2,5.74,100,3,132,10,10,32,3.2,0.7263544536271809,0.3696828793684395
5,random,2,5.74,100,4,132,10,10,31,3.1,0.804063360881543,0.4630279064339396
5,random,2,5.74,100,5,132,10,10,28,2.8,0.7966023875114784,0.5265257631262374
5,random,2,5.74,100,6,131,10,10,33,3.3,0.47875997902220147,0.30456877891744255
5,random,2,5.74,100,7,131,10,10,36,3.6,0.6845172192762657,0.324633092032812
5,random,2,5.74,100,8,131,10,10,28,2.8,0.6006060252899015,0.4688888036052417
5,ecc_p1,0,5.4,100,0,131,10,10,34,3.4,0.6820698094516635,0.35687129084731123
5,ecc_p1,0,5.4,100,1,131,10,10,35,3.5,0.9518093351203308,0.42926171971722576
5,ecc_p1,0,5.4,100,2,131,10,10,34,3.4,0.7058446477478001,0.346791260400259
5,ecc_p1,0,5.4,100,3,132,10,10,32,3.2,0.7998163452708907,0.4277616179552929
5,ecc_p1,0,5.4,100,4,132,10,10,30,3.0,0.8285123966942147,0.48654362520363503
5,ecc_p1,0,5.4,100,5,132,10,10,28,2.8,1.0440771349862257,0.5381573900645624
5,ecc_p1,0,5.4,100,6,131,10,10,27,2.7,0.85181516228658,0.5524617735766671
5,ecc_p1,0,5.4,100,7,131,10,10,26,2.6,0.5983917021152614,0.5067307992238237
5,ecc_p1,0,5.4,100,8,131,10,10,24,2.4,0.8138803100052445,0.622395323617909
5,ecc_p1,1,5.46,100,0,131,10,10,37,3.7,1.0159081638599148,0.42470991021740223
5,ecc_p1,1,5.46,100,1,131,10,10,37,3.7,0.5846978614299866,0.2968880863984423
5,ecc_p1,1,5.46,100,2,131,10,10,33,3.3,0.9095041081522058,0.4302730318083618
5,ecc_p1,1,5.46,100,3,132,10,10,30,3.0,0.5220385674931131,0.3677284632755471
5,ecc_p1,1,5.46,100,4,132,10,10,22,2.2,0.5530303030303031,0.5791433264135403
5,ecc_p1,1,5.46,100,5,132,10,10,30,3.0,0.752754820936639,0.41338674605200243
5,ecc_p1,1,5.46,100,6,131,10,10,24,2.4,0.3831361808752404,0.41856350997761155
5,ecc_p1,1,5.46,100,7,131,10,10,31,3.1,0.41442806363265566,0.31556644038782194
5,ecc_p1,1,5.46,100,8,131,10,10,29,2.9,0.6949478468620708,0.39288046435697443
5,ecc_p1,2,5.62,100,0,131,10,10,39,3.9,0.652176446594021,0.27095176578435437
5,ecc_p1,2,5.62,100,1,131,10,10,35,3.5,0.678515238039741,0.34442335126288054
5,ecc_p1,2,5.62,100,2,131,10,10,33,3.3,0.5441407843365772,0.3402389131681304
5,ecc_p1,2,5.62,100,3,132,10,10,35,3.5,0.8721303948576674,0.4091103390795587
5,ecc_p1,2,5.62,100,4,132,10,10,28,2.8,0.5909090909090907,0.4335901961096066
5,ecc_p1,2,5.62,100,5,132,10,10,30,3.0,0.9214876033057848,0.47023037817345037
5,ecc_p1,2,5.62,100,6,131,10,10,26,2.6,0.6226327137113221,0.46146330990875073
5,ecc_p1,2,5.62,100,7,131,10,10,28,2.8,0.5222889109026279,0.42552012179987064
5,ecc_p1,2,5.62,100,8,131,10,10,27,2.7,0.7196550317580561,0.49747574353135937
5,gauss_0.1,0,5.54,100,0,131,10,10,34,3.4,0.654332498106171,0.3580524905789515
5,gauss_0.1,0,5.54,100,1,131,10,10,31,3.1,0.4324922790047201,0.30660272202519057
5,gauss_0.1,0,5.54,100,2,131,10,10,34,3.4,0.662257444204883,0.3501993577046925
5,gauss_0.1,0,5.54,100,3,132,10,10,35,3.5,0.9886363636363635,0.39541515698403296
5,gauss_0.1,0,5.54,100,4,132,10,10,33,3.3,0.7765151515151515,0.38808963430883237
5,gauss_0.1,0,5.54,100,5,132,10,10,27,2.7,0.9028925619834707,0.5728958071739608
5,gauss_0.1,0,5.54,100,6,131,10,10,27,2.7,0.8172017947672047,0.5091792378067366
5,gauss_0.1,0,5.54,100,7,131,10,10,28,2.8,0.42765573101800586,0.33118134587500064
5,gauss_0.1,0,5.54,100,8,131,10,10,28,2.8,0.48639356680846096,0.39393389222326336
5,gauss_0.1,1,5.6,100,0,131,10,10,32,3.2,0.6502534817318338,0.39084556352829014
5,gauss_0.1,1,5.6,100,1,131,10,10,37,3.7,0.5545131402598916,0.27277672795001706
5,gauss_0.1,1,5.6,100,2,131,10,10,33,3.3,0.7672047083503295,0.3979596336189856
5,gauss_0.1,1,5.6,100,3,132,10,10,26,2.6,0.9547750229568411,0.5804017284174277
5,gauss_0.1,1,5.6,100,4,132,10,10,35,3.5,0.9685491276400366,0.4286146715057449
5,gauss_0.1,1,5.6,100,5,132,10,10,28,2.8,1.1597796143250685,0.6314272212462632
5,gauss_0.1,1,5.6,100,6,131,10,10,31,3.1,0.4686207097488493,0.3105754407783089
5,gauss_0.1,1,5.6,100,7,131,10,10,32,3.2,0.6055008449391062,0.37461867514226405
5,gauss_0.1,1,5.6,100,8,131,10,10,26,2.6,0.45900588543791154,0.4327929365989924
5,gauss_0.1,2,5.48,100,0,131,10,10,29,2.9,0.31979488374803333,0.3329477788657682
5,gauss_0.1,2,5.48,100,1,131,10,10,39,3.9,0.5930889808286232,0.2774770809949959
5,gauss_0.1,2,5.48,100,2,131,10,10,30,3.0,0.7603869238389372,0.41496734953000136
5,gauss_0.1,2,5.48,100,3,132,10,10,33,3.3,0.9507575757575758,0.44137487225005595
5,gauss_0.1,2,5.48,100,4,132,10,10,29,2.9,0.744260789715335,0.4553539844057447
5,gauss_0.1,2,5.48,100,5,132,10,10,26,2.6,0.8503213957759413,0.5680772372627341
5,gauss_0.1,2,5.48,100,6,131,10,10,28,2.8,0.6299749431851289,0.4450388777776679
5,gauss_0.1,2,5.48,100,7,131,10,10,33,3.3,0.6518268166190783,0.36419301536173937
5,gauss_0.1,2,5.48,100,8,131,10,10,27,2.7,0.5465881941611793,0.427994191009964
5,dm_eig0,0,4.86,100,0,131,10,10,27,2.7,0.5182681661907814,0.4249183038702311
5,dm_eig0,0,4.86,100,1,131,10,10,27,2.7,0.6472816269448167,0.47403405178108887
5,dm_eig0,0,4.86,100,2,131,10,10,23,2.3,0.6418040906707069,0.55948009881522
5,dm_eig0,0,4.86,100,3,132,10,10,29,2.9,0.904040404040404,0.505361313920033
5,dm_eig0,0,4.86,100,4,132,10,10,32,3.2,0.7006427915518825,0.3964869244155792
5,dm_eig0,0,4.86,100,5,132,10,10,22,2.2,0.5378787878787878,0.5933508824118868
5,dm_eig0,0,4.86,100,6,131,10,10,23,2.3,0.5587086999592097,0.566920323326703
5,dm_eig0,0,4.86,100,7,131,10,10,30,3.0,0.7359128255929142,0.44297500362291575
5,dm_eig0,0,4.86,100,8,131,10,10,30,3.0,0.7708758230872328,0.4822679435685012
5,dm_eig0,1,4.96,100,0,131,10,10,26,2.6,0.831711438727347,0.6065444408314923
5,dm_eig0,1,4.96,100,1,131,10,10,30,3.0,0.7289202260940506,0.45204739222671414
5,dm_eig0,1,4.96,100,2,131,10,10,32,3.2,0.62787716333547,0.3574266732018721
5,dm_eig0,1,4.96,100,3,132,10,10,29,2.9,1.0471763085399446,0.5618721581613596
5,dm_eig0,1,4.96,100,4,132,10,10,31,3.1,0.60479797979798,0.3913097633160128
5,dm_eig0,1,4.96,100,5,132,10,10,19,1.9,0.6029614325068869,0.7971225336721217
5,dm_eig0,1,4.96,100,6,131,10,10,26,2.6,0.7105063807470426,0.5334875883594447
5,dm_eig0,1,4.96,100,7,131,10,10,29,2.9,0.6780490647398169,0.4571957841172429
5,dm_eig0,1,4.96,100,8,131,10,10,26,2.6,0.846862070974885,0.5688321079231283
5,dm_eig0,2,4.94,100,0,131,10,10,25,2.5,0.685507837538605,0.565098682789694
5,dm_eig0,2,4.94,100,1,131,10,10,28,2.8,0.5842899597925528,0.44711339384478405
5,dm_eig0,2,4.94,100,2,131,10,10,24,2.4,0.601305285239788,0.5140485244684913
5,dm_eig0,2,4.94,100,3,132,10,10,25,2.5,0.8738521579430668,0.599570915048901
5,dm_eig0,2,4.94,100,4,132,10,10,32,3.2,0.6088154269972452,0.35985624624294643
5,dm_eig0,2,4.94,100,5,132,10,10,19,1.9,0.5244490358126721,0.7199350577205841
5,dm_eig0,2,4.94,100,6,131,10,10,29,2.9,0.8301381038401024,0.5266279741323151
5,dm_eig0,2,4.94,100,7,131,10,10,33,3.3,0.7325913408309538,0.3943026172782025
5,dm_eig0,2,4.94,100,8,131,10,10,32,3.2,0.7956995513081988,0.42327503543363126
6,xcoord,0,4.92,100,0,131,10,10,30,3.0,1.2918244857525785,0.6271184334370217
6,xcoord,0,4.92,100,1,131,10,10,28,2.8,0.688712778975584,0.4712176661509351
6,xcoord,0,4.92,100,2,131,10,10,22,2.2,0.680671289551891,0.6205312190703619
6,xcoord,0,4.92,100,3,132,10,10,17,1.7,0.5981404958677686,0.8647169386706068
6,xcoord,0,4.92,100,4,132,10,10,29,2.9,0.744260789715335,0.46581076905461155
6,xcoord,0,4.92,100,5,132,10,10,23,2.3,0.7952249770431589,0.6556843212584114
6,xcoord,0,4.92,100,6,131,10,10,30,3.0,0.5506089388730262,0.38845942686722595
6,xcoord,0,4.92,100,7,131,10,10,32,3.2,1.1388031000524446,0.5472077275312652
6,xcoord,0,4.92,100,8,131,10,10,35,3.5,0.8824660567565992,0.3892347696846337
6,xcoord,1,4.96,100,0,131,10,10,25,2.5,0.6971621700367111,0.5493267771136517
6,xcoord,1,4.96,100,1,131,10,10,30,3.0,0.6485053318571179,0.3830600677140792
6,xcoord,1,4.96,100,2,131,10,10,27,2.7,0.7353883806304993,0.5242796992125764
6,xcoord,1,4.96,100,3,132,10,10,21,2.1,0.6776859504132232,0.7144652091802148
6,xcoord,1,4.96,100,4,132,10,10,31,3.1,0.7115472910927458,0.4327973423050518
6,xcoord,1,4.96,100,5,132,10,10,28,2.8,1.0151515151515151,0.5833667191764393
6,xcoord,1,4.96,100,6,131,10,10,28,2.8,0.6169220907872501,0.4607581366183223
6,xcoord,1,4.96,100,7,131,10,10,23,2.3,0.6498455800944001,0.5920660041444673
6,xcoord,1,4.96,100,8,131,10,10,35,3.5,0.6214090087990212,0.30720994009133346
6,xcoord,2,5.06,100,0,131,10,10,31,3.1,0.8588077617854439,0.45342236326661367
6,xcoord,2,5.06,100,1,131,10,10,24,2.4,0.39712137987296786,0.4064990985337015
6,xcoord,2,5.06,100,2,131,10,10,24,2.4,0.8278655090029721,0.6400240173049767
6,xcoord,2,5.06,100,3,132,10,10,28,2.8,0.7998163452708905,0.5290630519358185
6,xcoord,2,5.06,100,4,132,10,10,31,3.1,0.6332644628099175,0.4050965412114833
6,xcoord,2,5.06,100,5,132,10,10,27,2.7,1.1136363636363638,0.6500491528838012
6,xcoord,2,5.06,100,6,131,10,10,31,3.1,0.9527416817201794,0.523215916067015
6,xcoord,2,5.06,100,7,131,10,10,31,3.1,0.819066487966902,0.45823052143344073
6,xcoord,2,5.06,100,8,131,10,10,26,2.6,0.5438494260241244,0.4777426613715667
6,knn_k1,0,5.06,100,0,131,10,10,20,2.0,0.46261872851232444,0.5727438296530927
6,knn_k1,0,5.06,100,1,131,10,10,24,2.4,0.6124934444379699,0.5388711331197641
6,knn_k1,0,5.06,100,2,131,10,10,25,2.5,0.46116193695006114,0.4664278042103386
6,knn_k1,0,5.06,100,3,132,10,10,29,2.9,0.6910009182736455,0.43823296771230286
6,knn_k1,0,5.06,100,4,132,10,10,31,3.1,0.6546143250688706,0.40745734000035094
6,knn_k1,0,5.06,100,5,132,10,10,34,3.4,0.6937557392102847,0.3452855761937057
6,knn_k1,0,5.06,100,6,131,10,10,29,2.9,0.7084668725598741,0.44734893509226603
6,knn_k1,0,5.06,100,7,131,10,10,31,3.1,0.6926169803624499,0.4151757023925745
6,knn_k1,0,5.06,100,8,131,10,10,30,3.0,0.9177204125633704,0.5183492857007814
6,knn_k1,1,5.28,100,0,131,10,10,26,2.6,1.1195734514305693,0.6475091049065498
6,knn_k1,1,5.28,100,1,131,10,10,31,3.1,0.7973894295204241,0.428770102955685
6,knn_k1,1,5.28,100,2,131,10,10,27,2.7,0.4207214031816326,0.39194803837009673
6,knn_k1,1,5.28,100,3,132,10,10,28,2.8,0.6937557392102844,0.4538041950177136
6,knn_k1,1,5.28,100,4,132,10,10,30,3.0,0.4428374655647382,0.347901228644173
6,knn_k1,1,5.28,100,5,132,10,10,30,3.0,0.5117079889807161,0.35040140860013436
6,knn_k1,1,5.28,100,6,131,10,10,35,3.5,0.8375968766388906,0.37554483301505853
6,knn_k1,1,5.28,100,7,131,10,10,24,2.4,0.6880135190256977,0.5695143719488486
6,knn_k1,1,5.28,100,8,131,10,10,33,3.3,0.824893654215955,0.4163442687870348
6,knn_k1,2,5.54,100,0,131,10,10,26,2.6,0.9135248528640524,0.5528708295535644
6,knn_k1,2,5.54,100,1,131,10,10,25,2.5,0.5077792669424858,0.4671297198277552
6,knn_k1,2,5.54,100,2,131,10,10,32,3.2,0.6129596177378941,0.33574224987973106
6,knn_k1,2,5.54,100,3,132,10,10,29,2.9,0.7176308539944902,0.45493677732442883
6,knn_k1,2,5.54,100,4,132,10,10,30,3.0,0.5392561983471075,0.3609805958949804
6,knn_k1,2,5.54,100,5,132,10,10,35,3.5,0.5989439853076216,0.32985724169499137
6,knn_k1,2,5.54,100,6,131,10,10,31,3.1,0.9635802109434182,0.489873417721519
6,knn_k1,2,5.54,100,7,131,10,10,31,3.1,0.6022959035021271,0.3772442661736174
6,knn_k1,2,5.54,100,8,131,10,10,38,3.8,0.8179593263795816,0.34319236433933326
6,dtm_k10,0,5.56,100,0,131,10,10,27,2.7,0.6346949478468621,0.4434475839652391
6,dtm_k10,0,5.56,100,1,131,10,10,27,2.7,0.7259483713070335,0.5363762416370592
6,dtm_k10,0,5.56,100,2,131,10,10,27,2.7,0.408134724083678,0.3873782019597713
6,dtm_k10,0,5.56,100,3,132,10,10,34,3.4,0.6430211202938477,0.3292032470145823
6,dtm_k10,0,5.56,100,4,132,10,10,30,3.0,0.6046831955922864,0.4115009632399679
6,dtm_k10,0,5.56,100,5,132,10,10,32,3.2,0.7300275482093664,0.4063898252393051
6,dtm_k10,0,5.56,100,6,131,10,10,35,3.5,0.5357496649379407,0.30482243827479444
6,dtm_k10,0,5.56,100,7,131,10,10,31,3.1,0.7034555095856886,0.4076923511712428
6,dtm_k10,0,5.56,100,8,131,10,10,35,3.5,0.5398286813122778,0.3050154320386724
6,dtm_k10,1,5.58,100,0,131,10,10,29,2.9,0.7186061418332265,0.43954617944543345
6,dtm_k10,1,5.58,100,1,131,10,10,26,2.6,0.6620243575549211,0.5310778329187776
6,dtm_k10,1,5.58,100,2,131,10,10,32,3.2,0.5495600489481965,0.3490456489861244
6,dtm_k10,1,5.58,100,3,132,10,10,35,3.5,0.8038337924701561,0.3747234302898661
6,dtm_k10,1,5.58,100,4,132,10,10,36,3.6,1.227272727272728,0.49191894464201713
6,dtm_k10,1,5.58,100,5,132,10,10,32,3.2,0.8071625344352618,0.4396291875889308
6,dtm_k10,1,5.58,100,6,131,10,10,31,3.1,0.46500786667443644,0.3434233777496539
6,dtm_k10,1,5.58,100,7,131,10,10,30,3.0,0.5471126391235942,0.3898813386375664
6,dtm_k10,1,5.58,100,8,131,10,10,28,2.8,0.45049822271429396,0.3626463942348666
6,dtm_k10,2,5.72,100,0,131,10,10,29,2.9,0.8740749373579626,0.49802355793511516
6,dtm_k10,2,5.72,100,1,131,10,10,24,2.4,0.4698444146611504,0.5166635794200163
6,dtm_k10,2,5.72,100,2,131,10,10,28,2.8,0.6397645824835382,0.4595215740001975
6,dtm_k10,2,5.72,100,3,132,10,10,37,3.7,0.8559458218549127,0.3501286411827023
6,dtm_k10,2,5.72,100,4,132,10,10,30,3.0,0.7148760330578511,0.45500716475030417
6,dtm_k10,2,5.72,100,5,132,10,10,30,3.0,0.7630853994490358,0.4824040950047212
6,dtm_k10,2,5.72,100,6,131,10,10,32,3.2,0.7285705961191072,0.42295233956387096
6,dtm_k10,2,5.72,100,7,131,10,10,36,3.6,0.5334770701008099,0.282347109537797
6,dtm_k10,2,5.72,100,8,131,10,10,40,4.0,0.5686731542450906,0.249068384411429
6,random,0,5.82,100,0,131,10,10,27,2.7,0.5591748732591341,0.4577427263555909
6,random,0,5.82,100,1,131,10,10,30,3.0,0.4736903443855254,0.3531162442193564
6,random,0,5.82,100,2,131,10,10,34,3.4,0.4799836839345026,0.29484034414427973
6,random,0,5.82,100,3,132,10,10,32,3.2,0.6014692378328742,0.3686127236137831
6,random,0,5.82,100,4,132,10,10,37,3.7,0.4949494949494949,0.26285636369629006
6,random,0,5.82,100,5,132,10,10,31,3.1,0.6688475665748395,0.3894479538953941
6,random,0,5.82,100,6,131,10,10,34,3.4,0.5711205640696928,0.31548511222809306
6,random,0,5.82,100,7,131,10,10,33,3.3,0.4941436979197017,0.31927421466004247
6,random,0,5.82,100,8,131,10,10,33,3.3,0.5095274168172018,0.3248688060316903
6,random,1,5.98,100,0,131,10,10,30,3.0,0.6275275333605269,0.40029966127869554
6,random,1,5.98,100,1,131,10,10,36,3.6,0.5502593088980828,0.27870245099581537
6,random,1,5.98,100,2,131,10,10,29,2.9,0.6341122312219566,0.4279555015646294
6,random,1,5.98,100,3,132,10,10,31,3.1,0.6154729109274565,0.39993717314617216
6,random,1,5.98,100,4,132,10,10,37,3.7,0.4694674012855831,0.2581715031573412
6,random,1,5.98,100,5,132,10,10,31,3.1,0.9997704315886137,0.5267992535222411
6,random,1,5.98,100,6,131,10,10,36,3.6,0.6425616222830837,0.3142895782228068
6,random,1,5.98,100,7,131,10,10,36,3.6,0.7516461744653573,0.3548501803283794
6,random,1,5.98,100,8,131,10,10,33,3.3,0.8018180758697047,0.4113045072362521
6,random,2,6.02,100,0,131,10,10,38,3.8,0.6762426432026105,0.2764012022692497
6,random,2,6.02,100,1,131,10,10,34,3.4,0.8049064739817025,0.3881161557872203
6,random,2,6.02,100,2,131,10,10,36,3.6,0.45795699551308194,0.24595023722891138
6,random,2,6.02,100,3,132,10,10,30,3.0,0.6942148760330578,0.44609555818246444
6,random,2,6.02,100,4,132,10,10,34,3.4,0.35422405876951335,0.24960565440283908
6,random,2,6.02,100,5,132,10,10,33,3.3,0.6553030303030303,0.35274120150597477
6,random,2,6.02,100,6,131,10,10,31,3.1,0.5336518850882818,0.37093316359007
6,random,2,6.02,100,7,131,10,10,32,3.2,0.6129596177378941,0.3636573123858568
6,random,2,6.02,100,8,131,10,10,33,3.3,0.9710389837422063,0.4685415114721679
6,ecc_p1,0,5.3,100,0,131,10,10,31,3.1,0.7431967834042308,0.4316128554247572
6,ecc_p1,0,5.3,100,1,131,10,10,31,3.1,0.811840801818076,0.43594882548067826
6,ecc_p1,0,5.3,100,2,131,10,10,37,3.7,0.666627818891673,0.30942173793501754
6,ecc_p1,0,5.3,100,3,132,10,10,27,2.7,0.6766528925619834,0.4703993906923627
6,ecc_p1,0,5.3,100,4,132,10,10,29,2.9,0.7342745638200182,0.4271233417307948
6,ecc_p1,0,5.3,100,5,132,10,10,30,3.0,0.42217630853994487,0.34064461233277676
6,ecc_p1,0,5.3,100,6,131,10,10,30,3.0,0.7359128255929144,0.42926255943476765
6,ecc_p1,0,5.3,100,7,131,10,10,27,2.7,0.7039216828856126,0.4911317835711463
6,ecc_p1,0,5.3,100,8,131,10,10,23,2.3,0.6980945166365597,0.6291519090731444
6,ecc_p1,1,5.58,100,0,131,10,10,37,3.7,0.9641629275683236,0.3901216729669536
6,ecc_p1,1,5.58,100,1,131,10,10,37,3.7,0.5415768311869938,0.2770496363418439
6,ecc_p1,1,5.58,100,2,131,10,10,35,3.5,0.9722044169920168,0.4084710644457417
6,ecc_p1,1,5.58,100,3,132,10,10,33,3.3,0.75,0.3651667758864701
6,ecc_p1,1,5.58,100,4,132,10,10,29,2.9,0.6111111111111109,0.4065678097297709
6,ecc_p1,1,5.58,100,5,132,10,10,31,3.1,1.0638200183654727,0.5373656816372804
6,ecc_p1,1,5.58,100,6,131,10,10,25,2.5,0.921508070625255,0.6198880316788421
6,ecc_p1,1,5.58,100,7,131,10,10,28,2.8,0.594079599090962,0.4377119067982202
6,ecc_p1,1,5.58,100,8,131,10,10,24,2.4,0.6740283200279705,0.5412797447527671
6,ecc_p1,2,5.52,100,0,131,10,10,33,3.3,0.6941320435872036,0.37301636814717815
6,ecc_p1,2,5.52,100,1,131,10,10,32,3.2,0.6763591865275916,0.39470034432464063
6,ecc_p1,2,5.52,100,2,131,10,10,27,2.7,0.6598683060427712,0.47919077060283943
6,ecc_p1,2,5.52,100,3,132,10,10,33,3.3,0.7613636363636364,0.3708747728311352
6,ecc_p1,2,5.52,100,4,132,10,10,35,3.5,1.2819100091827362,0.5121057283949833
6,ecc_p1,2,5.52,100,5,132,10,10,37,3.7,0.6648301193755739,0.2986711300436974
6,ecc_p1,2,5.52,100,6,131,10,10,28,2.8,0.7637666802633878,0.4752748973886168
6,ecc_p1,2,5.52,100,7,131,10,10,24,2.4,0.4446710564652411,0.46619418029584425
6,ecc_p1,2,5.52,100,8,131,10,10,27,2.7,0.8203484645416934,0.5409351395242519
6,gauss_0.1,0,5.7,100,0,131,10,10,35,3.5,0.7437795000291358,0.37524917399262375
6,gauss_0.1,0,5.7,100,1,131,10,10,32,3.2,0.6427947089330459,0.3806407076537778
6,gauss_0.1,0,5.7,100,2,131,10,10,30,3.0,0.6520016316065497,0.4345925627676706
6,gauss_0.1,0,5.7,100,3,132,10,10,35,3.5,0.63510101010101,0.32719993923339236
6,gauss_0.1,0,5.7,100,4,132,10,10,34,3.4,0.8381542699724517,0.3883999601046777
6,gauss_0.1,0,5.7,100,5,132,10,10,33,3.3,0.5378787878787878,0.345407295414559
6,gauss_0.1,0,5.7,100,6,131,10,10,22,2.2,0.5678573509702234,0.5844048438583149
6,gauss_0.1,0,5.7,100,7,131,10,10,31,3.1,0.6853912942136243,0.4159803455405631
6,gauss_0.1,0,5.7,100,8,131,10,10,33,3.3,0.6133675193753277,0.3409411432568352
6,gauss_0.1,1,5.52,100,0,131,10,10,29,2.9,0.772682244624439,0.5023550785218901
6,gauss_0.1,1,5.52,100,1,131,10,10,34,3.4,0.47205873783579033,0.29672553355210074
6,gauss_0.1,1,5.52,100,2,131,10,10,29,2.9,0.8571761552357087,0.4740738669372877
6,gauss_0.1,1,5.52,100,3,132,10,10,26,2.6,0.7697428833792472,0.5790003486267593
6,gauss_0.1,1,5.52,100,4,132,10,10,32,3.2,0.5684113865932048,0.3425135402024686
6,gauss_0.1,1,5.52,100,5,132,10,10,35,3.5,0.6471533516988061,0.33373207831709906
6,gauss_0.1,1,5.52,100,6,131,10,10,28,2.8,0.9008216304411163,0.5191356281709214
6,gauss_0.1,1,5.52,100,7,131,10,10,34,3.4,0.9475555037585219,0.44550276246314563
6,gauss_0.1,1,5.52,100,8,131,10,10,29,2.9,0.4245673329060078,0.33985429794980887
6,gauss_0.1,2,5.76,100,0,131,10,10,37,3.7,0.43377425557951177,0.24658758077370166
6,gauss_0.1,2,5.76,100,1,131,10,10,30,3.0,0.8338092185770061,0.4635483404259861
6,gauss_0.1,2,5.76,100,2,131,10,10,32,3.2,0.6353359361342579,0.3792812593288628
6,gauss_0.1,2,5.76,100,3,132,10,10,35,3.5,0.6833103764921947,0.34534863090661777
6,gauss_0.1,2,5.76,100,4,132,10,10,32,3.2,0.8438934802571166,0.43170500195883277
6,gauss_0.1,2,5.76,100,5,132,10,10,34,3.4,0.9084022038567492,0.40585359205097166
6,gauss_0.1,2,5.76,100,6,131,10,10,25,2.5,1.0817551424742144,0.699044919557474
6,gauss_0.1,2,5.76,100,7,131,10,10,35,3.5,0.7152263854087756,0.3296171518746323
6,gauss_0.1,2,5.76,100,8,131,10,10,28,2.8,0.6528174348814169,0.46214432553462637
6,dm_eig0,0,5.1,100,0,131,10,10,28,2.8,0.6136588776877804,0.4613478018827533
6,dm_eig0,0,5.1,100,1,131,10,10,27,2.7,0.7511217295029428,0.5016462077365335
6,dm_eig0,0,5.1,100,2,131,10,10,29,2.9,0.7152263854087755,0.443843391894098
6,dm_eig0,0,5.1,100,3,132,10,10,26,2.6,1.1069788797061524,0.6954133654454615
6,dm_eig0,0,5.1,100,4,132,10,10,30,3.0,0.7286501377410467,0.4485575533046167
6,dm_eig0,0,5.1,100,5,132,10,10,27,2.7,0.7820247933884297,0.5334184438779219
6,dm_eig0,0,5.1,100,6,131,10,10,31,3.1,0.9852572693898959,0.4962332487072821
6,dm_eig0,0,5.1,100,7,131,10,10,26,2.6,0.6862653691509819,0.539905034630328
6,dm_eig0,0,5.1,100,8,131,10,10,31,3.1,0.6998426665112757,0.41771877078034353
6,dm_eig0,1,4.92,100,0,131,10,10,28,2.8,0.7441874016665695,0.49855430015027946
6,dm_eig0,1,4.92,100,1,131,10,10,25,2.5,0.6534584231688129,0.49906045060788845
6,dm_eig0,1,4.92,100,2,131,10,10,23,2.3,0.8187168579919583,0.6883054803410148
6,dm_eig0,1,4.92,100,3,132,10,10,21,2.1,0.5041322314049588,0.6038800454951377
6,dm_eig0,1,4.92,100,4,132,10,10,28,2.8,0.6776859504132229,0.4825237307159068
6,dm_eig0,1,4.92,100,5,132,10,10,30,3.0,0.8388429752066113,0.46962351812655445
6,dm_eig0,1,4.92,100,6,131,10,10,29,2.9,0.6848085775887185,0.44556515724268514
6,dm_eig0,1,4.92,100,7,131,10,10,29,2.9,0.69156809043762,0.46096828264545664
6,dm_eig0,1,4.92,100,8,131,10,10,33,3.3,0.636443097721578,0.3477083362806446
6,dm_eig0,2,4.94,100,0,131,10,10,25,2.5,0.9040265718780957,0.6700848519288639
6,dm_eig0,2,4.94,100,1,131,10,10,27,2.7,0.3263213099469727,0.3252878922046558
6,dm_eig0,2,4.94,100,2,131,10,10,26,2.6,0.6802051162519668,0.4857478921374844
6,dm_eig0,2,4.94,100,3,132,10,10,26,2.6,0.8533057851239672,0.5996302261452965
6,dm_eig0,2,4.94,100,4,132,10,10,31,3.1,0.8360881542699726,0.4521103091788944
6,dm_eig0,2,4.94,100,5,132,10,10,25,2.5,0.5897612488521577,0.49541701855191583
6,dm_eig0,2,4.94,100,6,131,10,10,30,3.0,0.7114387273468912,0.4483527823373192
6,dm_eig0,2,4.94,100,7,131,10,10,27,2.7,0.7920284365712952,0.5278619243352193
6,dm_eig0,2,4.94,100,8,131,10,10,30,3.0,0.8373055183264378,0.497781256842142
7,xcoord,0,5.28,100,0,131,10,10,32,3.2,0.62787716333547,0.381233440119846
7,xcoord,0,5.28,100,1,131,10,10,28,2.8,1.0052444496241477,0.5792610639968109
7,xcoord,0,5.28,100,2,131,10,10,25,2.5,0.6505448400442865,0.5452302944398358
7,xcoord,0,5.28,100,3,132,10,10,33,3.3,0.6363636363636364,0.35838686911938117
7,xcoord,0,5.28,100,4,132,10,10,27,2.7,0.7293388429752065,0.5236309652241481
7,xcoord,0,5.28,100,5,132,10,10,27,2.7,0.3884297520661156,0.37604938574361446
7,xcoord,0,5.28,100,6,131,10,10,30,3.0,0.6380164326088225,0.3661179903522746
7,xcoord,0,5.28,100,7,131,10,10,29,2.9,0.8098595652933976,0.4891339081759818
7,xcoord,0,5.28,100,8,131,10,10,33,3.3,0.632597167997203,0.3240875489096257
7,xcoord,1,5.26,100,0,131,10,10,24,2.4,0.7551424742147894,0.6254884794136233
7,xcoord,1,5.26,100,1,131,10,10,27,2.7,0.9147485577763532,0.5970008661509584
7,xcoord,1,5.26,100,2,131,10,10,27,2.7,0.9021618786783986,0.589610000168801
7,xcoord,1,5.26,100,3,132,10,10,35,3.5,0.8038337924701559,0.37792940543845305
7,xcoord,1,5.26,100,4,132,10,10,27,2.7,0.6580578512396692,0.49860618033996323
7,xcoord,1,5.26,100,5,132,10,10,31,3.1,0.5122819100091829,0.330271103881406
7,xcoord,1,5.26,100,6,131,10,10,29,2.9,0.6003146669774487,0.40887344377289914
7,xcoord,1,5.26,100,7,131,10,10,32,3.2,0.631606549734864,0.35528013538189473
7,xcoord,1,5.26,100,8,131,10,10,31,3.1,0.8190664879669017,0.4509034399657265
7,xcoord,2,5.3,100,0,131,10,10,26,2.6,0.6256628401608298,0.529873354460755
7,xcoord,2,5.3,100,1,131,10,10,26,2.6,0.6499038517568905,0.5398354249772859
7,xcoord,2,5.3,100,2,131,10,10,32,3.2,0.8516403472991084,0.4251831986587257
7,xcoord,2,5.3,100,3,132,10,10,31,3.1,0.839646464646465,0.46414488045190927
7,xcoord,2,5.3,100,4,132,10,10,29,2.9,0.8640955004591369,0.529841067154348
7,xcoord,2,5.3,100,5,132,10,10,30,3.0,0.6563360881542698,0.4134466881929225
7,xcoord,2,5.3,100,6,131,10,10,26,2.6,0.8953440941670066,0.605325722108339
7,xcoord,2,5.3,100,7,131,10,10,29,2.9,0.4245673329060077,0.3528022201635669
7,xcoord,2,5.3,100,8,131,10,10,36,3.6,0.7810150923605848,0.34926392301709586
7,knn_k1,0,5.38,100,0,131,10,10,30,3.0,0.6974535283491639,0.4167016554758261
7,knn_k1,0,5.38,100,1,131,10,10,28,2.8,0.5712371073946738,0.37833866638867636
7,knn_k1,0,5.38,100,2,131,10,10,25,2.5,0.4232853563312161,0.438698608189753
7,knn_k1,0,5.38,100,3,132,10,10,26,2.6,0.8353994490358128,0.5762267700814007
7,knn_k1,0,5.38,100,4,132,10,10,37,3.7,1.0682966023875113,0.43110910243121225
7,knn_k1,0,5.38,100,5,132,10,10,29,2.9,0.9306703397612487,0.5478824366609064
7,knn_k1,0,5.38,100,6,131,10,10,30,3.0,0.5471126391235941,0.38150079750504984
7,knn_k1,0,5.38,100,7,131,10,10,30,3.0,0.5506089388730262,0.3762446962229554
7,knn_k1,0,5.38,100,8,131,10,10,34,3.4,0.7137695938465122,0.34167035921691746
7,knn_k1,1,5.12,100,0,131,10,10,26,2.6,0.5105180350795407,0.4127711307107016
7,knn_k1,1,5.12,100,1,131,10,10,25,2.5,0.8137054950177728,0.5599484150390288
7,knn_k1,1,5.12,100,2,131,10,10,21,2.1,0.381562845987996,0.4958142989194992
7,knn_k1,1,5.12,100,3,132,10,10,28,2.8,0.4687786960514233,0.3862063027304578
7,knn_k1,1,5.12,100,4,132,10,10,31,3.1,0.4660238751147844,0.3186248966186531
7,knn_k1,1,5.12,100,5,132,10,10,30,3.0,0.6115702479338841,0.4053208737513604
7,knn_k1,1,5.12,100,6,131,10,10,32,3.2,0.8814754384942602,0.45184441248179436
7,knn_k1,1,5.12,100,7,131,10,10,30,3.0,0.44921624613950245,0.35468443192507004
7,knn_k1,1,5.12,100,8,131,10,10,33,3.3,0.6249053085484529,0.3162190019572986
7,knn_k1,2,5.1,100,0,131,10,10,23,2.3,0.529223238739001,0.5224452243112914
7,knn_k1,2,5.1,100,1,131,10,10,20,2.0,0.7236757764699027,0.6624998451720517
7,knn_k1,2,5.1,100,2,131,10,10,26,2.6,0.6256628401608297,0.4538854736190981
7,knn_k1,2,5.1,100,3,132,10,10,28,2.8,0.4462809917355369,0.37659005558324443
7,knn_k1,2,5.1,100,4,132,10,10,34,3.4,0.5181359044995408,0.29666238818452967
7,knn_k1,2,5.1,100,5,132,10,10,34,3.4,0.803030303030303,0.39654548602133216
7,knn_k1,2,5.1,100,6,131,10,10,27,2.7,0.4396014218285648,0.40487379876861346
7,knn_k1,2,5.1,100,7,131,10,10,31,3.1,0.6673270788415594,0.4022317310123396
7,knn_k1,2,5.1,100,8,131,10,10,32,3.2,0.7882407785094109,0.4210570548561287
7,dtm_k10,0,5.92,100,0,131,10,10,28,2.8,0.5157624847036886,0.420375200649868
7,dtm_k10,0,5.92,100,1,131,10,10,26,2.6,0.8044403006817785,0.5205929235947675
7,dtm_k10,0,5.92,100,2,131,10,10,33,3.3,0.47875997902220147,0.3166513279884962
7,dtm_k10,0,5.92,100,3,132,10,10,35,3.5,0.4904729109274563,0.29007135611704654
7,dtm_k10,0,5.92,100,4,132,10,10,32,3.2,0.6492194674012856,0.40739351847334077
7,dtm_k10,0,5.92,100,5,132,10,10,35,3.5,0.8681129476584023,0.4078241233149675
7,dtm_k10,0,5.92,100,6,131,10,10,34,3.4,0.6860322825010197,0.361550671889049
7,dtm_k10,0,5.92,100,7,131,10,10,39,3.9,0.9112522580269213,0.3401688120458605
7,dtm_k10,0,5.92,100,8,131,10,10,34,3.4,0.6424450789581024,0.3402872963900653
7,dtm_k10,1,5.64,100,0,131,10,10,30,3.0,0.6974535283491637,0.4348022092067493
7,dtm_k10,1,5.64,100,1,131,10,10,26,2.6,0.7105063807470426,0.5063473246539915
7,dtm_k10,1,5.64,100,2,131,10,10,33,3.3,0.6018297302022027,0.3398827912133874
7,dtm_k10,1,5.64,100,3,132,10,10,34,3.4,0.5649678604224059,0.3233054082046633
7,dtm_k10,1,5.64,100,4,132,10,10,33,3.3,0.7462121212121212,0.3962567687891424
7,dtm_k10,1,5.64,100,5,132,10,10,29,2.9,0.5645087235996327,0.3928441261476675
7,dtm_k10,1,5.64,100,6,131,10,10,35,3.5,0.8620709748849134,0.38945029279667204
7,dtm_k10,1,5.64,100,7,131,10,10,32,3.2,0.5570188217469845,0.33959991478518564
7,dtm_k10,1,5.64,100,8,131,10,10,30,3.0,0.4072606491463203,0.32157056920747507
7,dtm_k10,2,5.74,100,0,131,10,10,24,2.4,0.5733348872443332,0.5432274193604408
7,dtm_k10,2,5.74,100,1,131,10,10,26,2.6,0.5438494260241244,0.43777921211471166
7,dtm_k10,2,5.74,100,2,131,10,10,36,3.6,0.6257793834858107,0.31140563655005127
7,dtm_k10,2,5.74,100,3,132,10,10,32,3.2,0.8842975206611571,0.4558305944634388
7,dtm_k10,2,5.74,100,4,132,10,10,32,3.2,0.5977961432506887,0.37056346989517575
7,dtm_k10,2,5.74,100,5,132,10,10,37,3.7,0.5841368227731865,0.29069740637131997
7,dtm_k10,2,5.74,100,6,131,10,10,32,3.2,0.6353359361342579,0.38524131662073174
7,dtm_k10,2,5.74,100,7,131,10,10,35,3.5,0.7315424509061244,0.332037858841562
7,dtm_k10,2,5.74,100,8,131,10,10,33,3.3,0.7556669191772044,0.40525856945915045
7,random,0,5.94,100,0,131,10,10,32,3.2,0.620418390536682,0.3561094415170396
7,random,0,5.94,100,1,131,10,10,38,3.8,0.4858108501835557,0.25270843913046037
7,random,0,5.94,100,2,131,10,10,28,2.8,0.8257677291533126,0.5380412962056188
7,random,0,5.94,100,3,132,10,10,33,3.3,0.42424242424242425,0.29714435972556713
7,random,0,5.94,100,4,132,10,10,34,3.4,0.6586317722681359,0.3518551306263771
7,random,0,5.94,100,5,132,10,10,31,3.1,0.49449035812672193,0.3360722071078505
7,random,0,5.94,100,6,131,10,10,37,3.7,0.589009964454286,0.29939413006957777
7,random,0,5.94,100,7,131,10,10,34,3.4,1.022842491696288,0.45590759822191856
7,random,0,5.94,100,8,131,10,10,30,3.0,0.4527125458889343,0.3605273308158749
7,random,1,6.42,100,0,131,10,10,33,3.3,0.4941436979197017,0.31095346461740203
7,random,1,6.42,100,1,131,10,10,38,3.8,1.1855369733698502,0.4408835701650422
7,random,1,6.42,100,2,131,10,10,34,3.4,0.6939572285997317,0.3610213122559523
7,random,1,6.42,100,3,132,10,10,36,3.6,0.6115702479338845,0.3187406483581688
7,random,1,6.42,100,4,132,10,10,39,3.9,0.7861570247933887,0.3336147403603041
7,random,1,6.42,100,5,132,10,10,29,2.9,0.5911386593204776,0.41740628452174594
7,random,1,6.42,100,6,131,10,10,37,3.7,0.9296661033739294,0.3967913434672617
7,random,1,6.42,100,7,131,10,10,38,3.8,0.7028145212982927,0.31099479074917585
7,random,1,6.42,100,8,131,10,10,37,3.7,0.5113921100168988,0.25918668064691147
7,random,2,6.16,100,0,131,10,10,37,3.7,0.6191946856243808,0.2943290025086227
7,random,2,6.16,100,1,131,10,10,34,3.4,0.9079307732649612,0.4130225581324811
7,random,2,6.16,100,2,131,10,10,33,3.3,0.7902802866965796,0.40505095321108286
7,random,2,6.16,100,3,132,10,10,33,3.3,0.8333333333333334,0.39625675720025694
7,random,2,6.16,100,4,132,10,10,40,4.0,1.0202020202020203,0.3592249869864927
7,random,2,6.16,100,5,132,10,10,33,3.3,0.5871212121212122,0.3512722206327644
7,random,2,6.16,100,6,131,10,10,29,2.9,0.6814288211642678,0.45483518033377823
7,random,2,6.16,100,7,131,10,10,36,3.6,0.9698152788299047,0.3957942152069505
7,random,2,6.16,100,8,131,10,10,33,3.3,0.624905308548453,0.35380718317741966
7,ecc_p1,0,5.36,100,0,131,10,10,29,2.9,0.657770526193112,0.45338740350487244
7,ecc_p1,0,5.36,100,1,131,10,10,34,3.4,0.495833576131927,0.3196358331678376
7,ecc_p1,0,5.36,100,2,131,10,10,33,3.3,0.85181516228658,0.43495230536269247
7,ecc_p1,0,5.36,100,3,132,10,10,29,2.9,0.6344123048668502,0.4546486691055885
7,ecc_p1,0,5.36,100,4,132,10,10,34,3.4,0.6508264462809917,0.36216579264279025
7,ecc_p1,0,5.36,100,5,132,10,10,29,2.9,0.544536271808999,0.3925080053314546
7,ecc_p1,0,5.36,100,6,131,10,10,28,2.8,0.5777635335936133,0.41418314384071836
7,ecc_p1,0,5.36,100,7,131,10,10,25,2.5,0.627236175048074,0.5039979038717907
7,ecc_p1,0,5.36,100,8,131,10,10,27,2.7,0.6189615989744187,0.47149708726019457
7,ecc_p1,1,5.2,100,0,131,10,10,32,3.2,0.5570188217469845,0.34049164208456245
7,ecc_p1,1,5.2,100,1,131,10,10,26,2.6,0.7408076452421187,0.56845415309293
7,ecc_p1,1,5.2,100,2,131,10,10,33,3.3,0.7018239030359535,0.3644431506900438
7,ecc_p1,1,5.2,100,3,132,10,10,31,3.1,0.7684802571166209,0.4366024929738311
7,ecc_p1,1,5.2,100,4,132,10,10,31,3.1,0.6724058769513315,0.41430436819853167
7,ecc_p1,1,5.2,100,5,132,10,10,30,3.0,0.6701101928374653,0.4317137569401604
7,ecc_p1,1,5.2,100,6,131,10,10,29,2.9,0.5698968591573916,0.4165659343147902
7,ecc_p1,1,5.2,100,7,131,10,10,26,2.6,0.5620301847211701,0.4689571976464965
7,ecc_p1,1,5.2,100,8,131,10,10,22,2.2,0.5114503816793895,0.5888277848768586
7,ecc_p1,2,5.6,100,0,131,10,10,37,3.7,0.6321309946972788,0.2978916173001254
7,ecc_p1,2,5.6,100,1,131,10,10,33,3.3,0.536448924887827,0.3463929203089311
7,ecc_p1,2,5.6,100,2,131,10,10,32,3.2,0.6651710273294097,0.37429022299116793
7,ecc_p1,2,5.6,100,3,132,10,10,31,3.1,0.6581726354453629,0.4180907329186198
7,ecc_p1,2,5.6,100,4,132,10,10,36,3.6,0.49586776859504145,0.28186514959363135
7,ecc_p1,2,5.6,100,5,132,10,10,28,2.8,0.700183654729109,0.47650246819320075
7,ecc_p1,2,5.6,100,6,131,10,10,26,2.6,0.5741506905192006,0.4586669918647501
7,ecc_p1,2,5.6,100,7,131,10,10,28,2.8,0.7866091719596758,0.4700858226422129
7,ecc_p1,2,5.6,100,8,131,10,10,29,2.9,0.45498514072606483,0.3742844552279607
7,gauss_0.1,0,5.64,100,0,131,10,10,32,3.2,1.0381096672688073,0.41781407980180474
7,gauss_0.1,0,5.64,100,1,131,10,10,33,3.3,0.6633646057922032,0.37174073624907666
7,gauss_0.1,0,5.64,100,2,131,10,10,36,3.6,0.8061884505564941,0.3674296996712061
7,gauss_0.1,0,5.64,100,3,132,10,10,33,3.3,0.6515151515151515,0.36985682613265
7,gauss_0.1,0,5.64,100,4,132,10,10,32,3.2,0.4251606978879706,0.2872716128212831
7,gauss_0.1,0,5.64,100,5,132,10,10,30,3.0,0.74931129476584,0.4740833472524056
7,gauss_0.1,0,5.64,100,6,131,10,10,32,3.2,1.1425324864518385,0.4885454534546447
7,gauss_0.1,0,5.64,100,7,131,10,10,26,2.6,0.8074704271312861,0.5643606024143384
7,gauss_0.1,0,5.64,100,8,131,10,10,28,2.8,0.535341763300507,0.40981143675290677
7,gauss_0.1,1,5.74,100,0,131,10,10,35,3.5,0.8661499912592506,0.3347392016910486
7,gauss_0.1,1,5.74,100,1,131,10,10,36,3.6,0.41600139851989976,0.25403499890570735
7,gauss_0.1,1,5.74,100,2,131,10,10,37,3.7,0.6709399219159725,0.3176839163711671
7,gauss_0.1,1,5.74,100,3,132,10,10,36,3.6,0.8595041322314049,0.38901362617833934
7,gauss_0.1,1,5.74,100,4,132,10,10,34,3.4,0.5844811753902663,0.33068449406090755
7,gauss_0.1,1,5.74,100,5,132,10,10,31,3.1,1.0175619834710743,0.5268237584579103
7,gauss_0.1,1,5.74,100,6,131,10,10,30,3.0,0.5995571353650719,0.39646861588687377
7,gauss_0.1,1,5.74,100,7,131,10,10,21,2.1,0.7193054017831128,0.6988693025879941
7,gauss_0.1,1,5.74,100,8,131,10,10,27,2.7,0.880135190256978,0.5292069176424321
7,gauss_0.1,2,6.04,100,0,131,10,10,32,3.2,0.7136530505215314,0.39292658098390004
7,gauss_0.1,2,6.04,100,1,131,10,10,36,3.6,0.7432550550667207,0.3502936599568295
7,gauss_0.1,2,6.04,100,2,131,10,10,35,3.5,0.4664063865742089,0.27594034214892815
7,gauss_0.1,2,6.04,100,3,132,10,10,38,3.8,0.8668503213957761,0.3716698586656883
7,gauss_0.1,2,6.04,100,4,132,10,10,35,3.5,0.5627869605142332,0.31065472141297146
7,gauss_0.1,2,6.04,100,5,132,10,10,33,3.3,0.7121212121212122,0.37963977104466395
7,gauss_0.1,2,6.04,100,6,131,10,10,29,2.9,0.5394790513373344,0.39445097374585647
7,gauss_0.1,2,6.04,100,7,131,10,10,29,2.9,0.7557834625021852,0.4497415293321573
7,gauss_0.1,2,6.04,100,8,131,10,10,35,3.5,0.4582483538255347,0.2672234896191389
7,dm_eig0,0,4.94,100,0,131,10,10,29,2.9,0.6746693083153661,0.4496271271382427
7,dm_eig0,0,4.94,100,1,131,10,10,30,3.0,0.5156459413787076,0.3726942274096513
7,dm_eig0,0,4.94,100,2,131,10,10,28,2.8,0.6397645824835381,0.47309049331764663
7,dm_eig0,0,4.94,100,3,132,10,10,32,3.2,0.48760330578512395,0.3324002764367502
7,dm_eig0,0,4.94,100,4,132,10,10,20,2.0,0.7722681359044996,0.7803896818589273
7,dm_eig0,0,4.94,100,5,132,10,10,25,2.5,0.6069788797061523,0.5254209289595102
7,dm_eig0,0,4.94,100,6,131,10,10,29,2.9,0.8132393217178485,0.49531883363976204
7,dm_eig0,0,4.94,100,7,131,10,10,30,3.0,0.6589942311054136,0.42614147637792094
7,dm_eig0,0,4.94,100,8,131,10,10,24,2.4,0.5733348872443332,0.5289924312354486
7,dm_eig0,1,4.98,100,0,131,10,10,33,3.3,0.6364430977215781,0.33792251133669626
7,dm_eig0,1,4.98,100,1,131,10,10,26,2.6,0.7195967600955656,0.5561301737029078
7,dm_eig0,1,4.98,100,2,131,10,10,26,2.6,0.5680904376201852,0.48491876392771516
7,dm_eig0,1,4.98,100,3,132,10,10,27,2.7,0.7665289256198345,0.5251010583775996
7,dm_eig0,1,4.98,100,4,132,10,10,27,2.7,0.8657024793388428,0.5697828619076165
7,dm_eig0,1,4.98,100,5,132,10,10,26,2.6,0.6145546372819101,0.5024917705967935
7,dm_eig0,1,4.98,100,6,131,10,10,27,2.7,0.5371481848377133,0.4423483558927519
7,dm_eig0,1,4.98,100,7,131,10,10,28,2.8,0.9301905483363438,0.5505786616132707
7,dm_eig0,1,4.98,100,8,131,10,10,29,2.9,1.1343161820406735,0.6238342637808639
7,dm_eig0,2,5.14,100,0,131,10,10,24,2.4,0.7551424742147894,0.6172578878160345
7,dm_eig0,2,5.14,100,1,131,10,10,33,3.3,0.5441407843365771,0.34243453662314366
7,dm_eig0,2,5.14,100,2,131,10,10,25,2.5,0.6184954256744944,0.5361211339687638
7,dm_eig0,2,5.14,100,3,132,10,10,33,3.3,0.6704545454545454,0.3799306896958953
7,dm_eig0,2,5.14,100,4,132,10,10,21,2.1,0.571625344352617,0.6084497425230523
7,dm_eig0,2,5.14,100,5,132,10,10,28,2.8,0.5780532598714415,0.3966007859339345
7,dm_eig0,2,5.14,100,6,131,10,10,31,3.1,0.6059087465765399,0.39250249705374085
7,dm_eig0,2,5.14,100,7,131,10,10,31,3.1,0.9671930540178314,0.5144477091401396
7,dm_eig0,2,5.14,100,8,131,10,10,31,3.1,0.7684866849251211,0.453172902954717
8,xcoord,0,4.78,100,0,131,10,10,27,2.7,0.7070683526601013,0.4704705355534126
8,xcoord,0,4.78,100,1,131,10,10,30,3.0,0.7464017248412099,0.4756061855652219
8,xcoord,0,4.78,100,2,131,10,10,29,2.9,0.6881883340131691,0.4548439316203447
8,xcoord,0,4.78,100,3,132,10,10,25,2.5,0.5553259871441688,0.507688824410864
8,xcoord,0,4.78,100,4,132,10,10,29,2.9,0.6776859504132231,0.44293501910969557
8,xcoord,0,4.78,100,5,132,10,10,22,2.2,0.5277777777777778,0.5665197601329384
8,xcoord,0,4.78,100,6,131,10,10,23,2.3,0.9688246605675657,0.7207582935600783
8,xcoord,0,4.78,100,7,131,10,10,24,2.4,0.5341763300506964,0.49655085733069715
8,xcoord,0,4.78,100,8,131,10,10,30,3.0,0.7603869238389374,0.46345648235564485
8,xcoord,1,5.1,100,0,131,10,10,31,3.1,0.7684866849251211,0.4403709940852604
8,xcoord,1,5.1,100,1,131,10,10,26,2.6,0.8771633354699611,0.6268873631672912
8,xcoord,1,5.1,100,2,131,10,10,27,2.7,0.6158149291999301,0.4761979971570746
8,xcoord,1,5.1,100,3,132,10,10,30,3.0,0.5426997245179063,0.3815203635338321
8,xcoord,1,5.1,100,4,132,10,10,30,3.0,0.7114325068870523,0.4396532105633701
8,xcoord,1,5.1,100,5,132,10,10,31,3.1,0.565656565656566,0.3906120656379411
8,xcoord,1,5.1,100,6,131,10,10,28,2.8,0.9432434007342229,0.558934081304551
8,xcoord,1,5.1,100,7,131,10,10,24,2.4,0.38593322067478586,0.4385426452882646
8,xcoord,1,5.1,100,8,131,10,10,28,2.8,0.6267117300856593,0.46282500693516254
8,xcoord,2,4.78,100,0,131,10,10,29,2.9,0.7186061418332265,0.459979784536293
8,xcoord,2,4.78,100,1,131,10,10,21,2.1,0.7290950410815221,0.7655550635054544
8,xcoord,2,4.78,100,2,131,10,10,32,3.2,0.620418390536682,0.36754047389872213
8,xcoord,2,4.78,100,3,132,10,10,25,2.5,0.5036730945821852,0.4632196015998498
8,xcoord,2,4.78,100,4,132,10,10,26,2.6,0.7578053259871443,0.5656992436286093
8,xcoord,2,4.78,100,5,132,10,10,27,2.7,0.6735537190082642,0.5036089222636663
8,xcoord,2,4.78,100,6,131,10,10,28,2.8,0.9562962531321018,0.559867402632163
8,xcoord,2,4.78,100,7,131,10,10,23,2.3,0.5828331682302895,0.5613063866890177
8,xcoord,2,4.78,100,8,131,10,10,28,2.8,0.8388205815511913,0.5538091736914794
8,knn_k1,0,5.06,100,0,131,10,10,26,2.6,0.716566633646058,0.5035303134391254
8,knn_k1,0,5.06,100,1,131,10,10,27,2.7,0.6756016549152147,0.46683199121831687
8,knn_k1,0,5.06,100,2,131,10,10,21,2.1,0.611619369500612,0.6198859292115249
8,knn_k1,0,5.06,100,3,132,10,10,27,2.7,0.6704545454545454,0.507724772377391
8,knn_k1,0,5.06,100,4,132,10,10,23,2.3,0.45730027548209373,0.49838725105030685
8,knn_k1,0,5.06,100,5,132,10,10,30,3.0,0.8112947658402203,0.4730588181258237
8,knn_k1,0,5.06,100,6,131,10,10,27,2.7,0.5937882407785093,0.4577338386833533
8,knn_k1,0,5.06,100,7,131,10,10,37,3.7,0.7528698793776587,0.33120912254106144
8,knn_k1,0,5.06,100,8,131,10,10,35,3.5,0.9150981877512966,0.4129474377176215
8,knn_k1,1,5.2,100,0,131,10,10,25,2.5,0.685507837538605,0.49856020312938537
8,knn_k1,1,5.2,100,1,131,10,10,23,2.3,0.7034555095856884,0.5573310555422061
8,knn_k1,1,5.2,100,2,131,10,10,27,2.7,0.9713886137171492,0.5330795543305531
8,knn_k1,1,5.2,100,3,132,10,10,30,3.0,0.47727272727272724,0.35609135707567363
8,knn_k1,1,5.2,100,4,132,10,10,30,3.0,0.9318181818181817,0.4940199936368182
8,knn_k1,1,5.2,100,5,132,10,10,30,3.0,0.8457300275482091,0.47762042563549856
8,knn_k1,1,5.2,100,6,131,10,10,32,3.2,0.6689004137288037,0.37754396987057026
8,knn_k1,1,5.2,100,7,131,10,10,29,2.9,0.5597575898840391,0.4070300116434904
8,knn_k1,1,5.2,100,8,131,10,10,34,3.4,0.6147077676126099,0.3187602166115325
8,knn_k1,2,5.28,100,0,131,10,10,22,2.2,0.6242643202610573,0.5598706369997952
8,knn_k1,2,5.28,100,1,131,10,10,27,2.7,0.5214148359652698,0.41155702871110206
8,knn_k1,2,5.28,100,2,131,10,10,28,2.8,0.5516578287978555,0.3836202614112365
8,knn_k1,2,5.28,100,3,132,10,10,28,2.8,0.6776859504132229,0.4738940987880386
8,knn_k1,2,5.28,100,4,132,10,10,29,2.9,0.7376033057851239,0.46151859131202116
8,knn_k1,2,5.28,100,5,132,10,10,29,2.9,0.6743572084481175,0.42479779100829
8,knn_k1,2,5.28,100,6,131,10,10,30,3.0,0.7568906240895054,0.4591498038585906
8,knn_k1,2,5.28,100,7,131,10,10,33,3.3,0.4095332439834508,0.2932414782426215
8,knn_k1,2,5.28,100,8,131,10,10,38,3.8,0.9463900705087115,0.37109104546394084
8,dtm_k10,0,5.74,100,0,131,10,10,30,3.0,1.0470835032923491,0.5462362532134425
8,dtm_k10,0,5.74,100,1,131,10,10,30,3.0,0.7254239263446187,0.4406171092503425
8,dtm_k10,0,5.74,100,2,131,10,10,30,3.0,0.5680904376201853,0.4019071465903841
8,dtm_k10,0,5.74,100,3,132,10,10,33,3.3,0.5984848484848485,0.3418935310837848
8,dtm_k10,0,5.74,100,4,132,10,10,33,3.3,0.4659090909090909,0.30016624460638985
8,dtm_k10,0,5.74,100,5,132,10,10,30,3.0,0.7458677685950412,0.4697380748163161
8,dtm_k10,0,5.74,100,6,131,10,10,31,3.1,0.5228133558650429,0.36593956907281133
8,dtm_k10,0,5.74,100,7,131,10,10,32,3.2,0.7211118233203193,0.40803454851864057
8,dtm_k10,0,5.74,100,8,131,10,10,38,3.8,0.592098362566284,0.26631254072541705
8,dtm_k10,1,5.84,100,0,131,10,10,27,2.7,1.0406153487558998,0.6027636499560809
8,dtm_k10,1,5.84,100,1,131,10,10,32,3.2,0.6651710273294097,0.3775290701080705
8,dtm_k10,1,5.84,100,2,131,10,10,31,3.1,0.6745527649903853,0.41904692772795926
8,dtm_k10,1,5.84,100,3,132,10,10,29,2.9,0.85410927456382,0.5267457435775004
8,dtm_k10,1,5.84,100,4,132,10,10,35,3.5,0.6431359044995407,0.3336399232098613
8,dtm_k10,1,5.84,100,5,132,10,10,38,3.8,0.7926997245179064,0.3165367663299716
8,dtm_k10,1,5.84,100,6,131,10,10,33,3.3,0.6556727463434532,0.3594390483428005
8,dtm_k10,1,5.84,100,7,131,10,10,34,3.4,0.9475555037585222,0.43229429021679894
8,dtm_k10,1,5.84,100,8,131,10,10,33,3.3,0.48260590874657655,0.31439412191706084
8,dtm_k10,2,5.8,100,0,131,10,10,30,3.0,0.6205349338616633,0.3988247916734154
8,dtm_k10,2,5.8,100,1,131,10,10,35,3.5,0.678515238039741,0.31973755282164446
8,dtm_k10,2,5.8,100,2,131,10,10,29,2.9,0.6476312569197598,0.4364026619474382
8,dtm_k10,2,5.8,100,3,132,10,10,30,3.0,0.8663911845730026,0.48889822750907785
8,dtm_k10,2,5.8,100,4,132,10,10,37,3.7,0.6181129476584022,0.29606841597099015
8,dtm_k10,2,5.8,100,5,132,10,10,28,2.8,0.5684113865932046,0.43093075937795156
8,dtm_k10,2,5.8,100,6,131,10,10,33,3.3,0.6556727463434532,0.3458690145941382
8,dtm_k10,2,5.8,100,7,131,10,10,36,3.6,0.9614241594312684,0.38898495927540877
8,dtm_k10,2,5.8,100,8,131,10,10,32,3.2,0.5048074121554688,0.30751408535573826
8,random,0,5.8,100,0,131,10,10,37,3.7,0.5545131402598917,0.27193564133379117
8,random,0,5.8,100,1,131,10,10,37,3.7,0.7442456733290602,0.32800452184670514
8,random,0,5.8,100,2,131,10,10,36,3.6,0.8355573684517217,0.36818139193152055
8,random,0,5.8,100,3,132,10,10,33,3.3,0.7272727272727273,0.39049006591392416
8,random,0,5.8,100,4,132,10,10,22,2.2,0.8712121212121212,0.7482348195364773
8,random,0,5.8,100,5,132,10,10,36,3.6,0.7148760330578513,0.3324195522433365
8,random,0,5.8,100,6,131,10,10,29,2.9,0.6679097954664645,0.4656342732916461
8,random,0,5.8,100,7,131,10,10,28,2.8,0.7866091719596758,0.5371233458450702
8,random,0,5.8,100,8,131,10,10,32,3.2,0.8367228017015326,0.4575443044126223
8,random,1,6.12,100,0,131,10,10,33,3.3,0.7672047083503293,0.3935907487008259
8,random,1,6.12,100,1,131,10,10,34,3.4,0.5275333605267757,0.3055930839840839
8,random,1,6.12,100,2,131,10,10,37,3.7,0.5458889342112931,0.26453410628323315
8,random,1,6.12,100,3,132,10,10,32,3.2,0.8806244260789715,0.45818900919595273
8,random,1,6.12,100,4,132,10,10,34,3.4,0.9630394857667585,0.42918032318984667
8,random,1,6.12,100,5,132,10,10,34,3.4,0.6859504132231405,0.3583731561020375
8,random,1,6.12,100,6,131,10,10,31,3.1,0.5481032573859334,0.3638469579986402
8,random,1,6.12,100,7,131,10,10,31,3.1,0.7106811957345144,0.4147428904361706
8,random,1,6.12,100,8,131,10,10,40,4.0,0.5593496882466056,0.2572605123640766
8,random,2,5.84,100,0,131,10,10,31,3.1,0.7106811957345146,0.3955439495939244
8,random,2,5.84,100,1,131,10,10,29,2.9,0.8504166423868071,0.5409165415827786
8,random,2,5.84,100,2,131,10,10,31,3.1,0.6781656080647983,0.41579318931705445
8,random,2,5.84,100,3,132,10,10,37,3.7,0.5459136822773186,0.28011774121300265
8,random,2,5.84,100,4,132,10,10,34,3.4,0.7444903581267219,0.3702882987523381
8,random,2,5.84,100,5,132,10,10,38,3.8,0.5266299357208447,0.2537035325774483
8,random,2,5.84,100,6,131,10,10,29,2.9,0.7253656546821279,0.48998425992156125
8,random,2,5.84,100,7,131,10,10,27,2.7,0.530854845288736,0.4433177841867997
8,random,2,5.84,100,8,131,10,10,36,3.6,0.7474506147660391,0.35168726143255064
8,ecc_p1,0,5.76,100,0,131,10,10,34,3.4,0.8564186236233318,0.4253140336544281
8,ecc_p1,0,5.76,100,1,131,10,10,39,3.9,0.8748907406328302,0.3432903006755252
8,ecc_p1,0,5.76,100,2,131,10,10,39,3.9,0.5476370840860091,0.24931641304293523
8,ecc_p1,0,5.76,100,3,132,10,10,30,3.0,0.8147382920110192,0.458774781269598
8,ecc_p1,0,5.76,100,4,132,10,10,30,3.0,0.49449035812672165,0.3631547815968442
8,ecc_p1,0,5.76,100,5,132,10,10,32,3.2,0.682277318640955,0.39973780196053443
8,ecc_p1,0,5.76,100,6,131,10,10,32,3.2,0.4563253889633471,0.3083098623122081
8,ecc_p1,0,5.76,100,7,131,10,10,25,2.5,0.4582483538255346,0.4392661926634066
8,ecc_p1,0,5.76,100,8,131,10,10,27,2.7,0.42701474273061,0.37582994910611944
8,ecc_p1,1,5.66,100,0,131,10,10,34,3.4,0.7098071207971562,0.35352282563666204
8,ecc_p1,1,5.66,100,1,131,10,10,34,3.4,0.6820698094516634,0.3567117959879837
8,ecc_p1,1,5.66,100,2,131,10,10,36,3.6,0.6887127789755841,0.3319740492178298
8,ecc_p1,1,5.66,100,3,132,10,10,35,3.5,0.5547520661157025,0.30093302539867
8,ecc_p1,1,5.66,100,4,132,10,10,30,3.0,0.5426997245179062,0.37958882783352194
8,ecc_p1,1,5.66,100,5,132,10,10,29,2.9,0.8174931129476585,0.5027333616684498
8,ecc_p1,1,5.66,100,6,131,10,10,32,3.2,0.7919701649088049,0.4069950269707002
8,ecc_p1,1,5.66,100,7,131,10,10,28,2.8,0.8518734339490703,0.5476889862246975
8,ecc_p1,1,5.66,100,8,131,10,10,25,2.5,0.4728162694481673,0.47286292131340457
8,ecc_p1,2,6.0,100,0,131,10,10,36,3.6,0.8271662490530852,0.38560647066247716
8,ecc_p1,2,6.0,100,1,131,10,10,39,3.9,0.61581492919993,0.2811078621267892
8,ecc_p1,2,6.0,100,2,131,10,10,31,3.1,0.4324922790047201,0.3268269653737479
8,ecc_p1,2,6.0,100,3,132,10,10,35,3.5,0.7194674012855828,0.35077050925759634
8,ecc_p1,2,6.0,100,4,132,10,10,43,4.3,0.7571166207529844,0.2725984384937472
8,ecc_p1,2,6.0,100,5,132,10,10,31,3.1,0.914370982552801,0.48234568436676256
8,ecc_p1,2,6.0,100,6,131,10,10,34,3.4,1.1536041023250392,0.5098806197069472
8,ecc_p1,2,6.0,100,7,131,10,10,26,2.6,0.6620243575549211,0.5203553938290328
8,ecc_p1,2,6.0,100,8,131,10,10,25,2.5,0.5951867606782821,0.48174813118704946
8,gauss_0.1,0,5.58,100,0,131,10,10,33,3.3,0.9325796864984559,0.43080650884201666
8,gauss_0.1,0,5.58,100,1,131,10,10,39,3.9,0.7612609987762948,0.3022636352706633
8,gauss_0.1,0,5.58,100,2,131,10,10,31,3.1,0.3638482605908747,0.2898186673231888
8,gauss_0.1,0,5.58,100,3,132,10,10,32,3.2,0.7814508723599632,0.4164381854710091
8,gauss_0.1,0,5.58,100,4,132,10,10,37,3.7,0.6181129476584022,0.3083286590915961
8,gauss_0.1,0,5.58,100,5,132,10,10,23,2.3,0.7160238751147843,0.6282122066273405
8,gauss_0.1,0,5.58,100,6,131,10,10,36,3.6,0.5754326670939921,0.3067240828499602
8,gauss_0.1,0,5.58,100,7,131,10,10,23,2.3,0.5506672105355166,0.5545233728250633
8,gauss_0.1,0,5.58,100,8,131,10,10,25,2.5,0.6301497581726005,0.5147912312253925
8,gauss_0.1,1,5.38,100,0,131,10,10,29,2.9,0.6374919876464074,0.4443333111670295
8,gauss_0.1,1,5.38,100,1,131,10,10,28,2.8,0.5810267466930829,0.40304829200858505
8,gauss_0.1,1,5.38,100,2,131,10,10,36,3.6,0.5628459879960375,0.2853354709145823
8,gauss_0.1,1,5.38,100,3,132,10,10,34,3.4,0.6664370982552801,0.32324427932692124
8,gauss_0.1,1,5.38,100,4,132,10,10,32,3.2,0.7887970615243343,0.4475159236640174
8,gauss_0.1,1,5.38,100,5,132,10,10,29,2.9,0.7842056932966023,0.501477716824141
8,gauss_0.1,1,5.38,100,6,131,10,10,29,2.9,0.6374919876464075,0.44141288507086346
8,gauss_0.1,1,5.38,100,7,131,10,10,23,2.3,0.7302604743313326,0.6609305237844204
8,gauss_0.1,1,5.38,100,8,131,10,10,29,2.9,0.6239729619486043,0.42730722920506425
8,gauss_0.1,2,6.06,100,0,131,10,10,35,3.5,0.9232562204999707,0.4289321006240571
8,gauss_0.1,2,6.06,100,1,131,10,10,34,3.4,0.658294971155527,0.3242002025074899
8,gauss_0.1,2,6.06,100,2,131,10,10,33,3.3,0.7864343569722044,0.4044538320580789
8,gauss_0.1,2,6.06,100,3,132,10,10,38,3.8,0.6880165289256199,0.31506962008539235
8,gauss_0.1,2,6.06,100,4,132,10,10,38,3.8,0.5746097337006427,0.2627780809670956
8,gauss_0.1,2,6.06,100,5,132,10,10,33,3.3,0.9583333333333334,0.45656192074484947
8,gauss_0.1,2,6.06,100,6,131,10,10,39,3.9,0.5794534118058389,0.26141297289273985
8,gauss_0.1,2,6.06,100,7,131,10,10,28,2.8,0.5124992716042188,0.4001049433160045
8,gauss_0.1,2,6.06,100,8,131,10,10,25,2.5,0.6155818425499681,0.515462198065263
8,dm_eig0,0,4.86,100,0,131,10,10,27,2.7,0.8675485111590232,0.5316366373429929
8,dm_eig0,0,4.86,100,1,131,10,10,27,2.7,0.6095215896509526,0.4973067015152441
8,dm_eig0,0,4.86,100,2,131,10,10,23,2.3,0.885729269856069,0.7015957870315861
8,dm_eig0,0,4.86,100,3,132,10,10,27,2.7,0.9989669421487603,0.6010446166046693
8,dm_eig0,0,4.86,100,4,132,10,10,24,2.4,0.4628099173553719,0.5036021510854818
8,dm_eig0,0,4.86,100,5,132,10,10,30,3.0,0.44972451790633605,0.3662955438469093
8,dm_eig0,0,4.86,100,6,131,10,10,30,3.0,0.6869646291008684,0.42952596070994803
8,dm_eig0,0,4.86,100,7,131,10,10,25,2.5,0.5427422644368043,0.49515522448892874
8,dm_eig0,0,4.86,100,8,131,10,10,30,3.0,0.6030534351145039,0.40858353373188233
8,dm_eig0,1,5.26,100,0,131,10,10,27,2.7,0.6976283433366353,0.5133778424777873
8,dm_eig0,1,5.26,100,1,131,10,10,29,2.9,0.580036128430744,0.42507986831863
8,dm_eig0,1,5.26,100,2,131,10,10,24,2.4,0.7803158324106988,0.6172817978541498
8,dm_eig0,1,5.26,100,3,132,10,10,30,3.0,0.9077134986225894,0.4842624806563741
8,dm_eig0,1,5.26,100,4,132,10,10,28,2.8,0.7066115702479336,0.49612137172968507
8,dm_eig0,1,5.26,100,5,132,10,10,36,3.6,0.7520661157024795,0.3657512264453716
8,dm_eig0,1,5.26,100,6,131,10,10,27,2.7,0.6724549851407261,0.4915646484626815
8,dm_eig0,1,5.26,100,7,131,10,10,32,3.2,0.8106170969057748,0.44530793296668203
8,dm_eig0,1,5.26,100,8,131,10,10,30,3.0,0.7184313268457551,0.4488176234103398
8,dm_eig0,2,4.94,100,0,131,10,10,26,2.6,0.7892896684342404,0.5353973719991805
8,dm_eig0,2,4.94,100,1,131,10,10,22,2.2,0.7524619777402247,0.7247835436342827
8,dm_eig0,2,4.94,100,2,131,10,10,28,2.8,0.796398811258085,0.49184172094295975
8,dm_eig0,2,4.94,100,3,132,10,10,29,2.9,0.6976584022038567,0.4610368805374094
8,dm_eig0,2,4.94,100,4,132,10,10,29,2.9,0.7609044995408631,0.4843507665179578
8,dm_eig0,2,4.94,100,5,132,10,10,26,2.6,0.5459136822773187,0.4868465566289054
8,dm_eig0,2,4.94,100,6,131,10,10,27,2.7,0.700775013111124,0.5095518197293194
8,dm_eig0,2,4.94,100,7,131,10,10,31,3.1,0.7395839403298178,0.44585760475272407
8,dm_eig0,2,4.94,100,8,131,10,10,29,2.9,0.6915680904376201,0.4602287716289721
9,xcoord,0,4.94,100,0,131,10,10,30,3.0,0.7219276265951867,0.4616398287208001
9,xcoord,0,4.94,100,1,131,10,10,22,2.2,0.7601538371889752,0.6918471018358071
9,xcoord,0,4.94,100,2,131,10,10,30,3.0,0.7254239263446186,0.4338127560775847
9,xcoord,0,4.94,100,3,132,10,10,29,2.9,0.7076446280991736,0.4727344648404567
9,xcoord,0,4.94,100,4,132,10,10,29,2.9,0.7575757575757576,0.49804025792734374
9,xcoord,0,4.94,100,5,132,10,10,30,3.0,0.8526170798898071,0.4670560745658634
9,xcoord,0,4.94,100,6,131,10,10,25,2.5,0.589359594429229,0.4912273774199465
9,xcoord,0,4.94,100,7,131,10,10,26,2.6,0.7286871394440882,0.5575456305667911
9,xcoord,0,4.94,100,8,131,10,10,26,2.6,0.631723093059845,0.4883813765312448
9,xcoord,1,5.06,100,0,131,10,10,26,2.6,0.8559524503234077,0.6066953401596468
9,xcoord,1,5.06,100,1,131,10,10,29,2.9,1.0802400792494609,0.5763147573175155
9,xcoord,1,5.06,100,2,131,10,10,28,2.8,0.7702931064623272,0.5185426514669313
9,xcoord,1,5.06,100,3,132,10,10,22,2.2,0.7323232323232323,0.7247828820585694
9,xcoord,1,5.06,100,4,132,10,10,29,2.9,0.6810146923783286,0.45823101286149803
9,xcoord,1,5.06,100,5,132,10,10,28,2.8,0.6101928374655647,0.4419342027411472
9,xcoord,1,5.06,100,6,131,10,10,32,3.2,0.5682069809451664,0.3157137956391709
9,xcoord,1,5.06,100,7,131,10,10,29,2.9,0.7287454111065786,0.4727580912479913
9,xcoord,1,5.06,100,8,131,10,10,30,3.0,0.6799720296020046,0.42129301160236077
9,xcoord,2,4.78,100,0,131,10,10,28,2.8,0.6919759920750537,0.47470349468436673
9,xcoord,2,4.78,100,1,131,10,10,27,2.7,0.5182681661907813,0.4298383892461851
9,xcoord,2,4.78,100,2,131,10,10,29,2.9,0.7659227317755375,0.4803497902460813
9,xcoord,2,4.78,100,3,132,10,10,28,2.8,0.43985307621671244,0.39507777444656783
9,xcoord,2,4.78,100,4,132,10,10,25,2.5,0.569674012855831,0.5319841504694954
9,xcoord,2,4.78,100,5,132,10,10,22,2.2,0.7878787878787878,0.7042215845210774
9,xcoord,2,4.78,100,6,131,10,10,28,2.8,0.8942952042421769,0.5492131640904516
9,xcoord,2,4.78,100,7,131,10,10,31,3.1,0.761260998776295,0.44574918709550937
9,xcoord,2,4.78,100,8,131,10,10,21,2.1,0.5798030417807821,0.6314633835537214
9,knn_k1,0,5.44,100,0,131,10,10,23,2.3,0.5399452246372589,0.5072583243034282
9,knn_k1,0,5.44,100,1,131,10,10,26,2.6,0.8195909329293163,0.5139270666990635
9,knn_k1,0,5.44,100,2,131,10,10,33,3.3,0.6249053085484529,0.33289770123149814
9,knn_k1,0,5.44,100,3,132,10,10,28,2.8,0.8705234159779615,0.5249235582734836
9,knn_k1,0,5.44,100,4,132,10,10,29,2.9,0.6876721763085399,0.4564253879604042
9,knn_k1,0,5.44,100,5,132,10,10,34,3.4,0.990358126721763,0.42669986753974976
9,knn_k1,0,5.44,100,6,131,10,10,30,3.0,0.3722976516520016,0.3194480746211407
9,knn_k1,0,5.44,100,7,131,10,10,36,3.6,0.6719305401783111,0.32673689272428963
9,knn_k1,0,5.44,100,8,131,10,10,33,3.3,0.4672221898490765,0.297911071605991
9,knn_k1,1,5.26,100,0,131,10,10,24,2.4,0.4474680962647865,0.4058722945969631
9,knn_k1,1,5.26,100,1,131,10,10,21,2.1,0.6336460579220324,0.610887106851103
9,knn_k1,1,5.26,100,2,131,10,10,30,3.0,0.7743721228366647,0.43047362498721314
9,knn_k1,1,5.26,100,3,132,10,10,27,2.7,0.44731404958677673,0.3836864558108242
9,knn_k1,1,5.26,100,4,132,10,10,30,3.0,0.8319559228650137,0.487477057391509
9,knn_k1,1,5.26,100,5,132,10,10,30,3.0,0.9214876033057849,0.49142565044682507
9,knn_k1,1,5.26,100,6,131,10,10,36,3.6,0.36985024182739934,0.23223707999244148
9,knn_k1,1,5.26,100,7,131,10,10,34,3.4,0.697919701649088,0.36066732767299875
9,knn_k1,1,5.26,100,8,131,10,10,31,3.1,0.6275858050230174,0.40010222125386485
9,knn_k1,2,5.38,100,0,131,10,10,28,2.8,0.9595594662315712,0.5105055222273925
9,knn_k1,2,5.38,100,1,131,10,10,22,2.2,0.4960666627818891,0.5114129122384045
9,knn_k1,2,5.38,100,2,131,10,10,26,2.6,0.4074937357962824,0.39671703388038165
9,knn_k1,2,5.38,100,3,132,10,10,29,2.9,0.7176308539944901,0.4391621388536932
9,knn_k1,2,5.38,100,4,132,10,10,25,2.5,0.6385445362718088,0.5428629760502552
9,knn_k1,2,5.38,100,5,132,10,10,34,3.4,0.5376492194674012,0.2994230121569753
9,knn_k1,2,5.38,100,6,131,10,10,33,3.3,0.6479808868947031,0.3651933228561055
9,knn_k1,2,5.38,100,7,131,10,10,36,3.6,0.3740458015267175,0.2267865367235979
9,knn_k1,2,5.38,100,8,131,10,10,36,3.6,0.8439484878503581,0.35634197285005637
9,dtm_k10,0,5.46,100,0,131,10,10,27,2.7,0.9241885670998191,0.55457169304533
9,dtm_k10,0,5.46,100,1,131,10,10,33,3.3,0.7018239030359537,0.3788615276714666
9,dtm_k10,0,5.46,100,2,131,10,10,28,2.8,0.5418681894994464,0.385021346426476
9,dtm_k10,0,5.46,100,3,132,10,10,27,2.7,0.7727272727272726,0.5305114912148826
9,dtm_k10,0,5.46,100,4,132,10,10,34,3.4,0.7757116620752985,0.38561956858824076
9,dtm_k10,0,5.46,100,5,132,10,10,33,3.3,0.5568181818181818,0.34236136314146765
9,dtm_k10,0,5.46,100,6,131,10,10,31,3.1,0.5806188450556495,0.3688090518723054
9,dtm_k10,0,5.46,100,7,131,10,10,30,3.0,0.5925645358662084,0.40531694599223395
9,dtm_k10,0,5.46,100,8,131,10,10,30,3.0,0.8932463143173476,0.4914186091937156
9,dtm_k10,1,5.54,100,0,131,10,10,22,2.2,0.6473398986073075,0.5906986517535993
9,dtm_k10,1,5.54,100,1,131,10,10,32,3.2,0.7136530505215314,0.39503103729037314
9,dtm_k10,1,5.54,100,2,131,10,10,31,3.1,1.0322242293572637,0.47200198763017986
9,dtm_k10,1,5.54,100,3,132,10,10,21,2.1,0.5089531680440773,0.6047663894010015
9,dtm_k10,1,5.54,100,4,132,10,10,34,3.4,0.8420569329660238,0.4259644391052722
9,dtm_k10,1,5.54,100,5,132,10,10,32,3.2,0.9834710743801653,0.4958117950840553
9,dtm_k10,1,5.54,100,6,131,10,10,35,3.5,0.617329992424684,0.33204905971075405
9,dtm_k10,1,5.54,100,7,131,10,10,33,3.3,0.7056698327603286,0.3962629463162644
9,dtm_k10,1,5.54,100,8,131,10,10,37,3.7,0.895169279179535,0.3662888272213133
9,dtm_k10,2,5.9,100,0,131,10,10,24,2.4,0.8278655090029718,0.5941831226772015
9,dtm_k10,2,5.9,100,1,131,10,10,31,3.1,0.898549035603986,0.4736181121294941
9,dtm_k10,2,5.9,100,2,131,10,10,30,3.0,0.8023425208321195,0.4649506201047907
9,dtm_k10,2,5.9,100,3,132,10,10,30,3.0,1.028236914600551,0.5598403266491082
9,dtm_k10,2,5.9,100,4,132,10,10,37,3.7,0.6138659320477501,0.2995593360406018
9,dtm_k10,2,5.9,100,5,132,10,10,35,3.5,0.9203397612488522,0.41673602995663844
9,dtm_k10,2,5.9,100,6,131,10,10,35,3.5,0.3481149117184313,0.24925572856353423
9,dtm_k10,2,5.9,100,7,131,10,10,35,3.5,0.7968067128955189,0.3805248687828043
9,dtm_k10,2,5.9,100,8,131,10,10,38,3.8,0.848959850824544,0.32249755234455363
9,random,0,6.0,100,0,131,10,10,38,3.8,0.6319561797098071,0.27277485941324464
9,random,0,6.0,100,1,131,10,10,36,3.6,0.8565351669483129,0.3881801825040912
9,random,0,6.0,100,2,131,10,10,35,3.5,0.8987821222539478,0.4033309155093623
9,random,0,6.0,100,3,132,10,10,37,3.7,0.6690771349862259,0.31648046808472835
9,random,0,6.0,100,4,132,10,10,31,3.1,0.772038567493113,0.44845846618248925
9,random,0,6.0,100,5,132,10,10,33,3.3,0.8636363636363636,0.429082335417845
9,random,0,6.0,100,6,131,10,10,29,2.9,0.5834158848551948,0.41756310941288544
9,random,0,6.0,100,7,131,10,10,25,2.5,0.41163102383310984,0.4367202068960225
9,random,0,6.0,100,8,131,10,10,36,3.6,1.0201619952217234,0.41607130156805056
9,random,1,5.88,100,0,131,10,10,35,3.5,0.5724608123069751,0.30646438274725135
9,random,1,5.88,100,1,131,10,10,35,3.5,0.5602237631839637,0.30984201376704346
9,random,1,5.88,100,2,131,10,10,28,2.8,0.7278713361692207,0.5053827598184831
9,random,1,5.88,100,3,132,10,10,27,2.7,0.8161157024793386,0.5609895968674116
9,random,1,5.88,100,4,132,10,10,31,3.1,0.772038567493113,0.43183909073226123
9,random,1,5.88,100,5,132,10,10,32,3.2,0.5537190082644629,0.36475648786923387
9,random,1,5.88,100,6,131,10,10,34,3.4,0.6622574442048831,0.3455527681392852
9,random,1,5.88,100,7,131,10,10,40,4.0,0.8437154012003961,0.3189077755121926
9,random,1,5.88,100,8,131,10,10,32,3.2,0.7621350737136531,0.435686048294531
9,random,2,5.76,100,0,131,10,10,30,3.0,0.45271254588893434,0.3465656287535066
9,random,2,5.76,100,1,131,10,10,33,3.3,0.7556669191772043,0.40773935762251146
9,random,2,5.76,100,2,131,10,10,34,3.4,0.701882174698444,0.36936614470044205
9,random,2,5.76,100,3,132,10,10,30,3.0,0.8491735537190082,0.5047415015279921
9,random,2,5.76,100,4,132,10,10,31,3.1,0.9286042240587696,0.4856673402807277
9,random,2,5.76,100,5,132,10,10,31,3.1,0.6546143250688707,0.4048002078671442
9,random,2,5.76,100,6,131,10,10,37,3.7,0.6623157158673737,0.3087887451518667
9,random,2,5.76,100,7,131,10,10,35,3.5,0.8661499912592505,0.3860921612333691
9,random,2,5.76,100,8,131,10,10,27,2.7,0.5749082221315774,0.47695648735256446
9,ecc_p1,0,5.7,100,0,131,10,10,30,3.0,0.6904609288503001,0.440452693890457
9,ecc_p1,0,5.7,100,1,131,10,10,32,3.2,0.9784394848785036,0.4910214749794883
9,ecc_p1,0,5.7,100,2,131,10,10,32,3.2,0.9523337800827457,0.49704869536076113
9,ecc_p1,0,5.7,100,3,132,10,10,41,4.1,0.3506657483930211,0.17693007197284144
9,ecc_p1,0,5.7,100,4,132,10,10,29,2.9,0.8008494031221304,0.44634872952384114
9,ecc_p1,0,5.7,100,5,132,10,10,32,3.2,1.0128558310376492,0.519070754638765
9,ecc_p1,0,5.7,100,6,131,10,10,35,3.5,0.7152263854087756,0.3552914732822352
9,ecc_p1,0,5.7,100,7,131,10,10,31,3.1,0.7793252141483598,0.44680543437616854
9,ecc_p1,0,5.7,100,8,131,10,10,23,2.3,0.6873725307383021,0.617595893679004
9,ecc_p1,1,5.74,100,0,131,10,10,34,3.4,1.0664296952392052,0.4850794902042762
9,ecc_p1,1,5.74,100,1,131,10,10,33,3.3,0.9556552648447061,0.47529722828764864
9,ecc_p1,1,5.74,100,2,131,10,10,35,3.5,0.747858516403473,0.33922574337790157
9,ecc_p1,1,5.74,100,3,132,10,10,37,3.7,0.6138659320477501,0.30642556604419585
9,ecc_p1,1,5.74,100,4,132,10,10,30,3.0,0.6804407713498623,0.4138223565038714
9,ecc_p1,1,5.74,100,5,132,10,10,31,3.1,0.5727731864095502,0.3677066269666679
9,ecc_p1,1,5.74,100,6,131,10,10,31,3.1,0.5842316881300625,0.3788937542108562
9,ecc_p1,1,5.74,100,7,131,10,10,35,3.5,0.7682535982751587,0.3661930691113613
9,ecc_p1,1,5.74,100,8,131,10,10,21,2.1,0.4916962880950993,0.6063429867487095
9,ecc_p1,2,5.62,100,0,131,10,10,29,2.9,0.9788473865159371,0.5531826248683347
9,ecc_p1,2,5.62,100,1,131,10,10,29,2.9,0.8740749373579626,0.5447916095098493
9,ecc_p1,2,5.62,100,2,131,10,10,28,2.8,0.8257677291533126,0.5347547276724967
9,ecc_p1,2,5.62,100,3,132,10,10,40,4.0,0.5197428833792471,0.2280257696994142
9,ecc_p1,2,5.62,100,4,132,10,10,30,3.0,0.7424242424242423,0.4585094681181653
9,ecc_p1,2,5.62,100,5,132,10,10,34,3.4,0.5025252525252525,0.3145465874123201
9,ecc_p1,2,5.62,100,6,131,10,10,33,3.3,0.7864343569722045,0.41057514840125703
9,ecc_p1,2,5.62,100,7,131,10,10,34,3.4,0.8128314200804148,0.39973280686662166
9,ecc_p1,2,5.62,100,8,131,10,10,24,2.4,0.606899364838879,0.580316451473389
9,gauss_0.1,0,5.5,100,0,131,10,10,31,3.1,0.5986830604277141,0.3898372397756082
9,gauss_0.1,0,5.5,100,1,131,10,10,34,3.4,0.7771691626362098,0.39743954929405917
9,gauss_0.1,0,5.5,100,2,131,10,10,32,3.2,0.4898898665578929,0.32868045738100266
9,gauss_0.1,0,5.5,100,3,132,10,10,33,3.3,0.5568181818181818,0.33173934549333756
9,gauss_0.1,0,5.5,100,4,132,10,10,30,3.0,0.7734159779614325,0.43416206241880656
9,gauss_0.1,0,5.5,100,5,132,10,10,29,2.9,0.6843434343434344,0.46026395223301825
9,gauss_0.1,0,5.5,100,6,131,10,10,27,2.7,0.7133616922090785,0.5135347702722883
9,gauss_0.1,0,5.5,100,7,131,10,10,34,3.4,0.8603810966726879,0.38106134558268395
9,gauss_0.1,0,5.5,100,8,131,10,10,25,2.5,0.5602237631839636,0.4686538759854005
9,gauss_0.1,1,5.68,100,0,131,10,10,37,3.7,0.4208379465066138,0.22425367665021742
9,gauss_0.1,1,5.68,100,1,131,10,10,31,3.1,0.5878445312044754,0.3743255355713961
9,gauss_0.1,1,5.68,100,2,131,10,10,35,3.5,0.670357205291067,0.32274763162862324
9,gauss_0.1,1,5.68,100,3,132,10,10,38,3.8,0.9453627180899907,0.36494373356919224
9,gauss_0.1,1,5.68,100,4,132,10,10,30,3.0,1.2761707988980715,0.5964375608271023
9,gauss_0.1,1,5.68,100,5,132,10,10,32,3.2,0.6932966023875115,0.35126159867564744
9,gauss_0.1,1,5.68,100,6,131,10,10,28,2.8,0.6560806479808867,0.45387100929101315
9,gauss_0.1,1,5.68,100,7,131,10,10,28,2.8,0.7670298933628574,0.5128101921071246
9,gauss_0.1,1,5.68,100,8,131,10,10,25,2.5,0.32713711322184014,0.37185640259228764
9,gauss_0.1,2,5.68,100,0,131,10,10,32,3.2,0.40411397937183147,0.2902357749183266
9,gauss_0.1,2,5.68,100,1,131,10,10,36,3.6,0.6761260998776294,0.32927695696091486
9,gauss_0.1,2,5.68,100,2,131,10,10,33,3.3,0.4787599790222016,0.2830179230167964
9,gauss_0.1,2,5.68,100,3,132,10,10,32,3.2,0.8328741965105602,0.43206129910654073
9,gauss_0.1,2,5.68,100,4,132,10,10,29,2.9,0.7509182736455462,0.4583993090231388
9,gauss_0.1,2,5.68,100,5,132,10,10,32,3.2,0.696969696969697,0.37819547647663215
9,gauss_0.1,2,5.68,100,6,131,10,10,30,3.0,1.0855428005360996,0.5770591832835464
9,gauss_0.1,2,5.68,100,7,131,10,10,33,3.3,0.9171959676009558,0.413512606183822
9,gauss_0.1,2,5.68,100,8,131,10,10,27,2.7,0.4112813938581667,0.3943774777504963
9,dm_eig0,0,4.84,100,0,131,10,10,32,3.2,0.9635219392809277,0.4947163913631186
9,dm_eig0,0,4.84,100,1,131,10,10,29,2.9,0.7422644368043818,0.4528927721799085
9,dm_eig0,0,4.84,100,2,131,10,10,27,2.7,1.0122953207855019,0.5930343157092389
9,dm_eig0,0,4.84,100,3,132,10,10,27,2.7,0.5061983471074379,0.44010164827068726
9,dm_eig0,0,4.84,100,4,132,10,10,24,2.4,0.6721763085399448,0.6166752763013009
9,dm_eig0,0,4.84,100,5,132,10,10,27,2.7,0.7107438016528925,0.5266997085209423
9,dm_eig0,0,4.84,100,6,131,10,10,27,2.7,0.7888817667968065,0.5290123380349131
9,dm_eig0,0,4.84,100,7,131,10,10,25,2.5,0.6505448400442865,0.5544527743708659
9,dm_eig0,0,4.84,100,8,131,10,10,24,2.4,0.5649437678456967,0.523040189755412
9,dm_eig0,1,5.32,100,0,131,10,10,28,2.8,0.9073480566400558,0.5730403357741212
9,dm_eig0,1,5.32,100,1,131,10,10,28,2.8,0.7670298933628575,0.4994484969937457
9,dm_eig0,1,5.32,100,2,131,10,10,30,3.0,0.9631723093059845,0.4947213333957963
9,dm_eig0,1,5.32,100,3,132,10,10,28,2.8,0.5202020202020201,0.43119656825081215
9,dm_eig0,1,5.32,100,4,132,10,10,30,3.0,0.6425619834710742,0.43829815238466036
9,dm_eig0,1,5.32,100,5,132,10,10,30,3.0,0.7940771349862258,0.489260371527183
9,dm_eig0,1,5.32,100,6,131,10,10,29,2.9,0.9720878736670355,0.5461651438230137
9,dm_eig0,1,5.32,100,7,131,10,10,30,3.0,0.6939572285997321,0.42645528316505554
9,dm_eig0,1,5.32,100,8,131,10,10,33,3.3,1.009498280985957,0.4887133886623501
9,dm_eig0,2,5.1,100,0,131,10,10,26,2.6,1.016549152147311,0.6437906930520184
9,dm_eig0,2,5.1,100,1,131,10,10,27,2.7,1.002855311462036,0.5925127391711109
9,dm_eig0,2,5.1,100,2,131,10,10,29,2.9,0.8673154245090613,0.5120532954762573
9,dm_eig0,2,5.1,100,3,132,10,10,25,2.5,0.8365472910927453,0.6352822070361933
9,dm_eig0,2,5.1,100,4,132,10,10,27,2.7,0.577479338842975,0.471983677331491
9,dm_eig0,2,5.1,100,5,132,10,10,29,2.9,0.844123048668503,0.5033363025085779
9,dm_eig0,2,5.1,100,6,131,10,10,25,2.5,0.72338441815745,0.5597016596792477
9,dm_eig0,2,5.1,100,7,131,10,10,35,3.5,0.8131227783928676,0.37884117332362915
9,dm_eig0,2,5.1,100,8,131,10,10,32,3.2,0.6390653225336519,0.37018915756896276
10,xcoord,0,4.86,100,0,131,10,10,30,3.0,0.7498980245906417,0.47082343974437896
10,xcoord,0,4.86,100,1,131,10,10,23,2.3,0.4809743021968416,0.4895470670193248
10,xcoord,0,4.86,100,2,131,10,10,23,2.3,1.038517568906241,0.7301351216262802
10,xcoord,0,4.86,100,3,132,10,10,29,2.9,0.5878099173553718,0.4185170361099662
10,xcoord,0,4.86,100,4,132,10,10,22,2.2,0.6792929292929293,0.643598691786655
10,xcoord,0,4.86,100,5,132,10,10,30,3.0,0.6356749311294765,0.41087602977925697
10,xcoord,0,4.86,100,6,131,10,10,28,2.8,0.7343977623681602,0.46772453191800323
10,xcoord,0,4.86,100,7,131,10,10,29,2.9,0.7355049239554804,0.4807291964939381
10,xcoord,0,4.86,100,8,131,10,10,29,2.9,0.8605559116601595,0.5075209823294389
10,xcoord,1,4.78,100,0,131,10,10,30,3.0,0.8268166190781424,0.5004704905068861
10,xcoord,1,4.78,100,1,131,10,10,27,2.7,0.9619486043936831,0.5885457019183038
10,xcoord,1,4.78,100,2,131,10,10,19,1.9,0.6950643901870519,0.7677497776460125
10,xcoord,1,4.78,100,3,132,10,10,26,2.6,0.6652892561983471,0.5296664516254098
10,xcoord,1,4.78,100,4,132,10,10,28,2.8,0.8191000918273643,0.5050863433702291
10,xcoord,1,4.78,100,5,132,10,10,25,2.5,0.7906336088154269,0.5956318119403367
10,xcoord,1,4.78,100,6,131,10,10,25,2.5,0.9972612318629448,0.6910399685384728
10,xcoord,1,4.78,100,7,131,10,10,33,3.3,1.032573859332207,0.4857790629958847
10,xcoord,1,4.78,100,8,131,10,10,26,2.6,0.586271196317231,0.4923629489311063
10,xcoord,2,4.68,100,0,131,10,10,25,2.5,0.5485694306858575,0.5153249830044304
10,xcoord,2,4.68,100,1,131,10,10,26,2.6,0.77716916263621,0.5527935260087811
10,xcoord,2,4.68,100,2,131,10,10,17,1.7,0.6335295145970514,0.8110692164611876
10,xcoord,2,4.68,100,3,132,10,10,28,2.8,0.7805325987144166,0.4961387454169456
10,xcoord,2,4.68,100,4,132,10,10,24,2.4,0.9614325068870523,0.6776170738913396
10,xcoord,2,4.68,100,5,132,10,10,32,3.2,0.5757575757575758,0.3366589271988145
10,xcoord,2,4.68,100,6,131,10,10,24,2.4,0.746751354816153,0.6210638329761244
10,xcoord,2,4.68,100,7,131,10,10,30,3.0,0.5680904376201854,0.40571915464691544
10,xcoord,2,4.68,100,8,131,10,10,28,2.8,0.7115552706718722,0.48171941267893675
10,knn_k1,0,5.22,100,0,131,10,10,26,2.6,0.6014218285647689,0.43504168007667576
10,knn_k1,0,5.22,100,1,131,10,10,23,2.3,0.6846920342637375,0.5380864077938612
10,knn_k1,0,5.22,100,2,131,10,10,23,2.3,0.7436629567041548,0.6073596030642296
10,knn_k1,0,5.22,100,3,132,10,10,34,3.4,0.8186409550045912,0.3322264095715488
10,knn_k1,0,5.22,100,4,132,10,10,25,2.5,0.9599403122130392,0.5783618314601828
10,knn_k1,0,5.22,100,5,132,10,10,38,3.8,1.1721763085399453,0.42702506113346955
10,knn_k1,0,5.22,100,6,131,10,10,34,3.4,0.9594429229065905,0.44542367245585657
10,knn_k1,0,5.22,100,7,131,10,10,29,2.9,0.7997202960200452,0.5114050752736995
10,knn_k1,0,5.22,100,8,131,10,10,29,2.9,0.7456441932288327,0.47553101120085395
10,knn_k1,1,5.22,100,0,131,10,10,27,2.7,0.6535749664937941,0.3983848878298727
10,knn_k1,1,5.22,100,1,131,10,10,26,2.6,0.9589767496066662,0.622410466207938
10,knn_k1,1,5.22,100,2,131,10,10,25,2.5,0.8981994056290424,0.6314389883596653
10,knn_k1,1,5.22,100,3,132,10,10,28,2.8,1.224058769513315,0.5370728359436165
10,knn_k1,1,5.22,100,4,132,10,10,30,3.0,0.6012396694214874,0.35695371628951217
10,knn_k1,1,5.22,100,5,132,10,10,30,3.0,0.8526170798898071,0.46223165708340946
10,knn_k1,1,5.22,100,6,131,10,10,34,3.4,0.6028203484645415,0.3534850782760175
10,knn_k1,1,5.22,100,7,131,10,10,29,2.9,0.69156809043762,0.46360021309849986
10,knn_k1,1,5.22,100,8,131,10,10,32,3.2,0.6838179593263796,0.3973109894914939
10,knn_k1,2,5.28,100,0,131,10,10,28,2.8,0.8942952042421768,0.4832299415007164
10,knn_k1,2,5.28,100,1,131,10,10,26,2.6,0.7195967600955655,0.5055443284381934
10,knn_k1,2,5.28,100,2,131,10,10,26,2.6,0.8862537148184837,0.5548842780208648
10,knn_k1,2,5.28,100,3,132,10,10,27,2.7,0.5464876033057852,0.35117856230097616
10,knn_k1,2,5.28,100,4,132,10,10,31,3.1,0.9286042240587699,0.44633900044011404
10,knn_k1,2,5.28,100,5,132,10,10,29,2.9,0.860766758494031,0.48677830590577464
10,knn_k1,2,5.28,100,6,131,10,10,31,3.1,0.887710506380747,0.47315685366764804
10,knn_k1,2,5.28,100,7,131,10,10,31,3.1,0.9599673678690052,0.5177445648961495
10,knn_k1,2,5.28,100,8,131,10,10,35,3.5,1.0497057281044229,0.4528822815395723
10,dtm_k10,0,5.42,100,0,131,10,10,25,2.5,0.46407552007458774,0.444997701451172
10,dtm_k10,0,5.42,100,1,131,10,10,28,2.8,0.8355573684517219,0.526887191715339
10,dtm_k10,0,5.42,100,2,131,10,10,30,3.0,0.7813647223355283,0.4773586743088957
10,dtm_k10,0,5.42,100,3,132,10,10,24,2.4,0.9146005509641874,0.7131620555331109
10,dtm_k10,0,5.42,100,4,132,10,10,32,3.2,0.5757575757575758,0.34235593477687976
10,dtm_k10,0,5.42,100,5,132,10,10,35,3.5,0.53064738292011,0.28821266290210257
10,dtm_k10,0,5.42,100,6,131,10,10,29,2.9,0.6341122312219565,0.4318517724557993
10,dtm_k10,0,5.42,100,7,131,10,10,36,3.6,0.7684284132626301,0.34349560331687207
10,dtm_k10,0,5.42,100,8,131,10,10,32,3.2,0.8031583241069867,0.44228010809968643
10,dtm_k10,1,5.66,100,0,131,10,10,27,2.7,0.7542683992774314,0.5188574161690391
10,dtm_k10,1,5.66,100,1,131,10,10,28,2.8,0.7180816968708115,0.44790192459862965
10,dtm_k10,1,5.66,100,2,131,10,10,32,3.2,0.6129596177378941,0.3799158164839982
10,dtm_k10,1,5.66,100,3,132,10,10,30,3.0,0.8732782369146006,0.5048088574675411
10,dtm_k10,1,5.66,100,4,132,10,10,38,3.8,0.7054637281910011,0.3142099014232635
10,dtm_k10,1,5.66,100,5,132,10,10,32,3.2,0.8218549127640037,0.41344731370602233
10,dtm_k10,1,5.66,100,6,131,10,10,32,3.2,0.6465240953324398,0.39428190441203514
10,dtm_k10,1,5.66,100,7,131,10,10,30,3.0,0.6589942311054134,0.4442530830262695
10,dtm_k10,1,5.66,100,8,131,10,10,34,3.4,0.6305576598100342,0.3587860735405219
10,dtm_k10,2,5.26,100,0,131,10,10,24,2.4,0.6264786434356973,0.5630605287652288
10,dtm_k10,2,5.26,100,1,131,10,10,30,3.0,0.7673795233378009,0.4619380325909923
10,dtm_k10,2,5.26,100,2,131,10,10,28,2.8,0.45049822271429396,0.3827856414338665
10,dtm_k10,2,5.26,100,3,132,10,10,25,2.5,0.7676767676767675,0.6085776101503622
10,dtm_k10,2,5.26,100,4,132,10,10,36,3.6,0.6115702479338843,0.2895870728308508
10,dtm_k10,2,5.26,100,5,132,10,10,32,3.2,0.5573921028466483,0.3514960870627603
10,dtm_k10,2,5.26,100,6,131,10,10,29,2.9,0.56313734630849,0.4128516819276363
10,dtm_k10,2,5.26,100,7,131,10,10,25,2.5,0.5456558475613309,0.5107547151964364
10,dtm_k10,2,5.26,100,8,131,10,10,34,3.4,0.6345201328593902,0.3408900315160727
10,random,0,5.94,100,0,131,10,10,30,3.0,0.7184313268457551,0.45580402198793646
10,random,0,5.94,100,1,131,10,10,33,3.3,1.0018064215372067,0.46981811173045135
10,random,0,5.94,100,2,131,10,10,36,3.6,0.8313618087524035,0.36595407899647636
10,random,0,5.94,100,3,132,10,10,33,3.3,0.9734848484848485,0.469619242582653
10,random,0,5.94,100,4,132,10,10,35,3.5,0.46636822773186415,0.27214416710909684
10,random,0,5.94,100,5,132,10,10,27,2.7,0.7696280991735536,0.5351354714004821
10,random,0,5.94,100,6,131,10,10,37,3.7,0.7183730551832644,0.3134093854035768
10,random,0,5.94,100,7,131,10,10,32,3.2,0.6651710273294097,0.38144671408554187
10,random,0,5.94,100,8,131,10,10,34,3.4,0.5750830371190488,0.32181946839762654
10,random,1,6.02,100,0,131,10,10,30,3.0,0.7009498280985957,0.43254232857605845
10,random,1,6.02,100,1,131,10,10,33,3.3,0.7595128489015792,0.39039890161080737
10,random,1,6.02,100,2,131,10,10,32,3.2,0.9187693024882,0.4681007063684736
10,random,1,6.02,100,3,132,10,10,30,3.0,0.8285123966942147,0.48584047604022434
10,random,1,6.02,100,4,132,10,10,37,3.7,0.7370293847566575,0.35541128781993114
10,random,1,6.02,100,5,132,10,10,38,3.8,0.6880165289256198,0.30431918289904625
10,random,1,6.02,100,6,131,10,10,33,3.3,0.8172017947672048,0.4063656317959799
10,random,1,6.02,100,7,131,10,10,34,3.4,0.6860322825010197,0.3670203746321114
10,random,1,6.02,100,8,131,10,10,34,3.4,0.6028203484645415,0.3331538791124125
10,random,2,5.64,100,0,131,10,10,30,3.0,0.6100460346133677,0.41546497507138463
10,random,2,5.64,100,1,131,10,10,35,3.5,0.8212808111415418,0.40095678071430246
10,random,2,5.64,100,2,131,10,10,37,3.7,1.110774430394499,0.40142714446968886
10,random,2,5.64,100,3,132,10,10,29,2.9,0.6177685950413222,0.42385342792738345
10,random,2,5.64,100,4,132,10,10,32,3.2,0.5573921028466483,0.3772196267686346
10,random,2,5.64,100,5,132,10,10,24,2.4,0.5647382920110192,0.5190574166983922
10,random,2,5.64,100,6,131,10,10,30,3.0,0.994639007050871,0.546629232822953
10,random,2,5.64,100,7,131,10,10,36,3.6,0.457956995513082,0.24853829177761852
10,random,2,5.64,100,8,131,10,10,29,2.9,0.7253656546821279,0.4752436710400415
10,ecc_p1,0,5.6,100,0,131,10,10,34,3.4,0.9237806654623855,0.442721005027036
10,ecc_p1,0,5.6,100,1,131,10,10,33,3.3,0.6787483246897035,0.3723540623469385
10,ecc_p1,0,5.6,100,2,131,10,10,30,3.0,0.5331274401258669,0.3842023892353675
10,ecc_p1,0,5.6,100,3,132,10,10,38,3.8,0.7447199265381084,0.3380257326580497
10,ecc_p1,0,5.6,100,4,132,10,10,35,3.5,0.7275022956841137,0.3536332381554228
10,ecc_p1,0,5.6,100,5,132,10,10,32,3.2,0.7557392102846648,0.42259485381121087
10,ecc_p1,0,5.6,100,6,131,10,10,27,2.7,0.7794417574733408,0.5235350232232204
10,ecc_p1,0,5.6,100,7,131,10,10,26,2.6,0.5923314492162463,0.5228952730842277
10,ecc_p1,0,5.6,100,8,131,10,10,25,2.5,0.5281743488141716,0.47473779393333926
10,ecc_p1,1,5.34,100,0,131,10,10,27,2.7,0.7794417574733408,0.5569019807008634
10,ecc_p1,1,5.34,100,1,131,10,10,35,3.5,0.35627294446710567,0.22596972762403125
10,ecc_p1,1,5.34,100,2,131,10,10,28,2.8,0.7148184837713419,0.5093021897332116
10,ecc_p1,1,5.34,100,3,132,10,10,34,3.4,0.5766758494031221,0.3386898944107401
10,ecc_p1,1,5.34,100,4,132,10,10,33,3.3,0.5681818181818182,0.3422758624107836
10,ecc_p1,1,5.34,100,5,132,10,10,32,3.2,0.4325068870523416,0.3081907072380586
10,ecc_p1,1,5.34,100,6,131,10,10,21,2.1,0.6850416642386808,0.7013368455248888
10,ecc_p1,1,5.34,100,7,131,10,10,26,2.6,0.6408134724083678,0.535784628511695
10,ecc_p1,1,5.34,100,8,131,10,10,31,3.1,0.6131344327253657,0.3883934400914709
10,ecc_p1,2,5.52,100,0,131,10,10,35,3.5,0.7600955655264845,0.35268657102081125
10,ecc_p1,2,5.52,100,1,131,10,10,34,3.4,0.6464075520074586,0.337472319925982
10,ecc_p1,2,5.52,100,2,131,10,10,31,3.1,0.5155876697162172,0.34770976292516165
10,ecc_p1,2,5.52,100,3,132,10,10,34,3.4,0.7913223140495866,0.418999096137397
10,ecc_p1,2,5.52,100,4,132,10,10,26,2.6,0.7757116620752986,0.5663573732497323
10,ecc_p1,2,5.52,100,5,132,10,10,30,3.0,0.9180440771349859,0.5312103668813614
10,ecc_p1,2,5.52,100,6,131,10,10,24,2.4,0.6432608822329702,0.587083511075216
10,ecc_p1,2,5.52,100,7,131,10,10,31,3.1,0.8804848202319214,0.5078556417459174
10,ecc_p1,2,5.52,100,8,131,10,10,31,3.1,0.8660334479342698,0.48274355583456235
10,gauss_0.1,0,5.12,100,0,131,10,10,37,3.7,0.6148825826000818,0.29695744197592405
10,gauss_0.1,0,5.12,100,1,131,10,10,28,2.8,0.8127148767554337,0.5139185503128072
10,gauss_0.1,0,5.12,100,2,131,10,10,32,3.2,0.9411456208845639,0.4524080741940252
10,gauss_0.1,0,5.12,100,3,132,10,10,22,2.2,0.5151515151515151,0.5942962172363772
10,gauss_0.1,0,5.12,100,4,132,10,10,36,3.6,0.45454545454545464,0.2711373705906103
10,gauss_0.1,0,5.12,100,5,132,10,10,28,2.8,0.8126721763085397,0.5202375098944082
10,gauss_0.1,0,5.12,100,6,131,10,10,23,2.3,0.5560282034846454,0.5575325600391594
10,gauss_0.1,0,5.12,100,7,131,10,10,24,2.4,0.52578521065206,0.4876366021223169
10,gauss_0.1,0,5.12,100,8,131,10,10,26,2.6,0.6589942311054134,0.47737799034026257
10,gauss_0.1,1,5.14,100,0,131,10,10,32,3.2,0.5905832993415302,0.35521389396542535
10,gauss_0.1,1,5.14,100,1,131,10,10,33,3.3,0.7364372705553289,0.383052510424725
10,gauss_0.1,1,5.14,100,2,131,10,10,33,3.3,0.9056581784278307,0.4374225871651589
10,gauss_0.1,1,5.14,100,3,132,10,10,30,3.0,0.5805785123966941,0.3797548470996045
10,gauss_0.1,1,5.14,100,4,132,10,10,29,2.9,0.7209595959595959,0.4894143180369287
10,gauss_0.1,1,5.14,100,5,132,10,10,24,2.4,0.9090909090909091,0.6436905334055157
10,gauss_0.1,1,5.14,100,6,131,10,10,26,2.6,0.9407959909096206,0.638781435703875
10,gauss_0.1,1,5.14,100,7,131,10,10,27,2.7,0.5969349105529981,0.47433412481208326
10,gauss_0.1,1,5.14,100,8,131,10,10,23,2.3,0.400559407959909,0.47242680230496165
10,gauss_0.1,2,5.36,100,0,131,10,10,34,3.4,0.9118932463143171,0.43625733191108834
10,gauss_0.1,2,5.36,100,1,131,10,10,30,3.0,1.0470835032923491,0.5773561680127116
10,gauss_0.1,2,5.36,100,2,131,10,10,34,3.4,0.7811316356855659,0.39096972200184216
10,gauss_0.1,2,5.36,100,3,132,10,10,32,3.2,0.5316804407713499,0.33851195526240013
10,gauss_0.1,2,5.36,100,4,132,10,10,33,3.3,0.6666666666666666,0.3561518792924401
10,gauss_0.1,2,5.36,100,5,132,10,10,26,2.6,0.7458677685950413,0.5425325949976716
10,gauss_0.1,2,5.36,100,6,131,10,10,26,2.6,0.7286871394440884,0.5248846257314675
10,gauss_0.1,2,5.36,100,7,131,10,10,24,2.4,0.6068993648388789,0.5415270216623224
10,gauss_0.1,2,5.36,100,8,131,10,10,29,2.9,0.6848085775887185,0.4269940222101688
10,dm_eig0,0,4.64,100,0,131,10,10,30,3.0,0.7778684225860965,0.473373104023346
10,dm_eig0,0,4.64,100,1,131,10,10,27,2.7,0.6409882873958392,0.48168518465197524
10,dm_eig0,0,4.64,100,2,131,10,10,25,2.5,0.7408659169046092,0.5635211262651959
10,dm_eig0,0,4.64,100,3,132,10,10,21,2.1,0.7258953168044078,0.6946580620609828
10,dm_eig0,0,4.64,100,4,132,10,10,26,2.6,0.7757116620752985,0.5646199257212146
10,dm_eig0,0,4.64,100,5,132,10,10,27,2.7,0.5,0.416224419762395
10,dm_eig0,0,4.64,100,6,131,10,10,21,2.1,0.7731484179243635,0.6869962483416142
10,dm_eig0,0,4.64,100,7,131,10,10,25,2.5,0.6243225919235474,0.5240201576594367
10,dm_eig0,0,4.64,100,8,131,10,10,30,3.0,0.3967717498980246,0.339118234615297
10,dm_eig0,1,4.82,100,0,131,10,10,31,3.1,0.5842316881300625,0.37763363415247314
10,dm_eig0,1,4.82,100,1,131,10,10,32,3.2,0.9411456208845639,0.4833883652785536
10,dm_eig0,1,4.82,100,2,131,10,10,26,2.6,1.022609405046326,0.6206969495147489
10,dm_eig0,1,4.82,100,3,132,10,10,27,2.7,0.7262396694214874,0.4927727357746854
10,dm_eig0,1,4.82,100,4,132,10,10,24,2.4,0.790633608815427,0.6241989416672182
10,dm_eig0,1,4.82,100,5,132,10,10,23,2.3,0.48634067952249765,0.5085383620526522
10,dm_eig0,1,4.82,100,6,131,10,10,22,2.2,0.9473224171085601,0.7540703991054855
10,dm_eig0,1,4.82,100,7,131,10,10,24,2.4,0.47543849426024126,0.4898247871837178
10,dm_eig0,1,4.82,100,8,131,10,10,32,3.2,0.6539828681312277,0.39694942428183166
10,dm_eig0,2,4.98,100,0,131,10,10,26,2.6,0.6196025872618145,0.528850928403219
10,dm_eig0,2,4.98,100,1,131,10,10,30,3.0,0.9631723093059845,0.5460898996980428
10,dm_eig0,2,4.98,100,2,131,10,10,27,2.7,0.9336285764232852,0.5818045204791054
10,dm_eig0,2,4.98,100,3,132,10,10,30,3.0,0.8353994490358124,0.4663235886203725
10,dm_eig0,2,4.98,100,4,132,10,10,24,2.4,0.6363636363636364,0.5807400299531186
10,dm_eig0,2,4.98,100,5,132,10,10,26,2.6,0.6951331496786043,0.5398103726833896
10,dm_eig0,2,4.98,100,6,131,10,10,27,2.7,1.0532020278538545,0.5876015509601181
10,dm_eig0,2,4.98,100,7,131,10,10,28,2.8,0.4700775013111123,0.40215622316205285
10,dm_eig0,2,4.98,100,8,131,10,10,31,3.1,0.6131344327253656,0.38873100723451487
11,xcoord,0,5.0,100,0,131,10,10,27,2.7,0.7196550317580561,0.47508062628133924
11,xcoord,0,5.0,100,1,131,10,10,24,2.4,0.5369733698502419,0.5200610445984276
11,xcoord,0,5.0,100,2,131,10,10,29,2.9,1.3235825418099176,0.5748350565191509
11,xcoord,0,5.0,100,3,132,10,10,27,2.7,0.6301652892561983,0.4657979316832964
11,xcoord,0,5.0,100,4,132,10,10,32,3.2,0.6345270890725436,0.39214668979854767
11,xcoord,0,5.0,100,5,132,10,10,22,2.2,0.6590909090909091,0.6343879000496907
11,xcoord,0,5.0,100,6,131,10,10,31,3.1,0.6601013926927337,0.42986091852431185
11,xcoord,0,5.0,100,7,131,10,10,31,3.1,1.035837072431676,0.5085416045486426
11,xcoord,0,5.0,100,8,131,10,10,27,2.7,0.7290950410815219,0.5200709680858038
11,xcoord,1,4.78,100,0,131,10,10,24,2.4,0.7747217528116079,0.6401971784377255
11,xcoord,1,4.78,100,1,131,10,10,30,3.0,0.6729794301031408,0.4332244815383083
11,xcoord,1,4.78,100,2,131,10,10,24,2.4,0.4950177728570596,0.4724892906313638
11,xcoord,1,4.78,100,3,132,10,10,27,2.7,0.7107438016528923,0.5057690448665234
11,xcoord,1,4.78,100,4,132,10,10,27,2.7,0.7479338842975205,0.5140381513453632
11,xcoord,1,4.78,100,5,132,10,10,21,2.1,0.6005509641873278,0.6232844693364791
11,xcoord,1,4.78,100,6,131,10,10,34,3.4,0.7058446477478002,0.3675332034899323
11,xcoord,1,4.78,100,7,131,10,10,28,2.8,0.8420837946506613,0.520370495155453
11,xcoord,1,4.78,100,8,131,10,10,24,2.4,0.7047957578229707,0.5589273926850216
11,xcoord,2,5.12,100,0,131,10,10,29,2.9,0.6442515004953091,0.4389948181465576
11,xcoord,2,5.12,100,1,131,10,10,28,2.8,0.5842899597925528,0.43838961592985354
11,xcoord,2,5.12,100,2,131,10,10,24,2.4,0.897791503991609,0.6258883720930233
11,xcoord,2,5.12,100,3,132,10,10,31,3.1,0.45890725436179997,0.31874234881669217
11,xcoord,2,5.12,100,4,132,10,10,30,3.0,0.584022038567493,0.3911070736187325
11,xcoord,2,5.12,100,5,132,10,10,27,2.7,0.856404958677686,0.5589480528863522
11,xcoord,2,5.12,100,6,131,10,10,28,2.8,0.6626070741798262,0.45318717328548025
11,xcoord,2,5.12,100,7,131,10,10,32,3.2,0.7024648913233494,0.4118911854229682
11,xcoord,2,5.12,100,8,131,10,10,27,2.7,0.672454985140726,0.4512801297586581
11,knn_k1,0,5.38,100,0,131,10,10,28,2.8,0.6365013693840684,0.466439059329856
11,knn_k1,0,5.38,100,1,131,10,10,31,3.1,0.4902977681953267,0.34354678102879027
11,knn_k1,0,5.38,100,2,131,10,10,28,2.8,0.9693491055299805,0.5399450520239392
11,knn_k1,0,5.38,100,3,132,10,10,28,2.8,0.6519742883379246,0.3994333216143327
11,knn_k1,0,5.38,100,4,132,10,10,34,3.4,0.662534435261708,0.34315149190344413
11,knn_k1,0,5.38,100,5,132,10,10,31,3.1,0.7186639118457301,0.44007979236472444
11,knn_k1,0,5.38,100,6,131,10,10,32,3.2,0.8852048248936543,0.39885878581229184
11,knn_k1,0,5.38,100,7,131,10,10,27,2.7,0.7133616922090787,0.5021731138893032
11,knn_k1,0,5.38,100,8,131,10,10,30,3.0,1.0296020045451895,0.5176605596247651
11,knn_k1,1,5.32,100,0,131,10,10,30,3.0,0.5820756366179127,0.34313527412985584
11,knn_k1,1,5.32,100,1,131,10,10,25,2.5,0.33296427947089335,0.3801356127153153
11,knn_k1,1,5.32,100,2,131,10,10,27,2.7,0.5623215430336227,0.44231482467455463
11,knn_k1,1,5.32,100,3,132,10,10,31,3.1,0.6119146005509642,0.35828368784847164
11,knn_k1,1,5.32,100,4,132,10,10,33,3.3,0.9204545454545454,0.41704259030498786
11,knn_k1,1,5.32,100,5,132,10,10,32,3.2,0.480257116620753,0.3245055439520218
11,knn_k1,1,5.32,100,6,131,10,10,27,2.7,0.8769885204824892,0.5393114818568209
11,knn_k1,1,5.32,100,7,131,10,10,32,3.2,0.7434881417166832,0.4208138171034222
11,knn_k1,1,5.32,100,8,131,10,10,29,2.9,0.8132393217178485,0.47615769931667074
11,knn_k1,2,5.42,100,0,131,10,10,32,3.2,0.624147776936076,0.36976796392378003
11,knn_k1,2,5.42,100,1,131,10,10,27,2.7,0.5465881941611793,0.4278604622552716
11,knn_k1,2,5.42,100,2,131,10,10,24,2.4,0.8894003845929725,0.6596709933209899
11,knn_k1,2,5.42,100,3,132,10,10,32,3.2,0.5794306703397613,0.34087470532352837
11,knn_k1,2,5.42,100,4,132,10,10,37,3.7,0.7540174471992653,0.3186530911372908
11,knn_k1,2,5.42,100,5,132,10,10,30,3.0,0.7424242424242423,0.4775264411747497
11,knn_k1,2,5.42,100,6,131,10,10,27,2.7,0.8581085018355572,0.5188602132940879
11,knn_k1,2,5.42,100,7,131,10,10,34,3.4,0.8286813122778391,0.3728946188126843
11,knn_k1,2,5.42,100,8,131,10,10,28,2.8,0.7833459588602062,0.49719553330777766
11,dtm_k10,0,5.44,100,0,131,10,10,24,2.4,0.6068993648388789,0.5481569727520982
11,dtm_k10,0,5.44,100,1,131,10,10,33,3.3,0.7979721461453296,0.4039208262005229
11,dtm_k10,0,5.44,100,2,131,10,10,31,3.1,0.8660334479342696,0.4785539296564227
11,dtm_k10,0,5.44,100,3,132,10,10,26,2.6,0.8503213957759413,0.6097650545379337
11,dtm_k10,0,5.44,100,4,132,10,10,29,2.9,0.8840679522497705,0.5521070591138049
11,dtm_k10,0,5.44,100,5,132,10,10,29,2.9,0.7143021120293847,0.4848213426041992
11,dtm_k10,0,5.44,100,6,131,10,10,34,3.4,1.1932288328186003,0.4975111105793366
11,dtm_k10,0,5.44,100,7,131,10,10,31,3.1,0.642037177320669,0.39413673122506226
11,dtm_k10,0,5.44,100,8,131,10,10,35,3.5,0.7845696637725074,0.3802270475167398
11,dtm_k10,1,5.72,100,0,131,10,10,24,2.4,0.4838296136588777,0.4797349871919023
11,dtm_k10,1,5.72,100,1,131,10,10,33,3.3,1.1248761727172079,0.5139948570804349
11,dtm_k10,1,5.72,100,2,131,10,10,27,2.7,0.7731484179243634,0.5342433882394241
11,dtm_k10,1,5.72,100,3,132,10,10,32,3.2,0.5610651974288338,0.35846010115109883
11,dtm_k10,1,5.72,100,4,132,10,10,30,3.0,0.8973829201101926,0.49460999526416755
11,dtm_k10,1,5.72,100,5,132,10,10,39,3.9,0.7772038567493113,0.3155438391782741
11,dtm_k10,1,5.72,100,6,131,10,10,31,3.1,0.9419031524969406,0.4810610477944956
11,dtm_k10,1,5.72,100,7,131,10,10,35,3.5,0.6948313035370899,0.3585816966318811
11,dtm_k10,1,5.72,100,8,131,10,10,35,3.5,0.9150981877512965,0.428112435576585
11,dtm_k10,2,5.64,100,0,131,10,10,25,2.5,0.6651127556669192,0.5139337665477195
11,dtm_k10,2,5.64,100,1,131,10,10,27,2.7,0.436454752054076,0.39741176143317275
11,dtm_k10,2,5.64,100,2,131,10,10,31,3.1,0.5589417866091719,0.3641598855269114
11,dtm_k10,2,5.64,100,3,132,10,10,32,3.2,0.7704315886134068,0.40367328970050687
11,dtm_k10,2,5.64,100,4,132,10,10,35,3.5,0.6511707988980715,0.33750255853132427
11,dtm_k10,2,5.64,100,5,132,10,10,32,3.2,0.9651056014692379,0.49283475015531963
11,dtm_k10,2,5.64,100,6,131,10,10,33,3.3,1.2056406969290834,0.4815645224568245
11,dtm_k10,2,5.64,100,7,131,10,10,36,3.6,0.6719305401783111,0.3340597873588258
11,dtm_k10,2,5.64,100,8,131,10,10,31,3.1,0.6311986480974303,0.39834812072448295
11,random,0,6.14,100,0,131,10,10,34,3.4,0.8128314200804149,0.3805764805740062
11,random,0,6.14,100,1,131,10,10,33,3.3,0.9825767729153314,0.4970890592296469
11,random,0,6.14,100,2,131,10,10,33,3.3,0.7210535516578287,0.4029865218656065
11,random,0,6.14,100,3,132,10,10,36,3.6,0.6611570247933886,0.31468400453760303
11,random,0,6.14,100,4,132,10,10,33,3.3,0.75,0.3955375758297503
11,random,0,6.14,100,5,132,10,10,38,3.8,0.5615243342516069,0.27229111344715745
11,random,0,6.14,100,6,131,10,10,34,3.4,0.8128314200804146,0.40007106819790045
11,random,0,6.14,100,7,131,10,10,34,3.4,0.7098071207971564,0.36137834839619765
11,random,0,6.14,100,8,131,10,10,32,3.2,0.765864460113047,0.42374326628948866
11,random,1,5.9,100,0,131,10,10,39,3.9,0.5567274634345317,0.2480036619169635
11,random,1,5.9,100,1,131,10,10,29,2.9,1.1782530155585338,0.6279040854085096
11,random,1,5.9,100,2,131,10,10,31,3.1,0.6456500203950821,0.41759126350958686
11,random,1,5.9,100,3,132,10,10,32,3.2,0.7226813590449954,0.4167819592986828
11,random,1,5.9,100,4,132,10,10,30,3.0,0.7734159779614324,0.45834405043264725
11,random,1,5.9,100,5,132,10,10,34,3.4,0.8225436179981634,0.40699792060133144
11,random,1,5.9,100,6,131,10,10,36,3.6,0.596410465590583,0.29511471630443514
11,random,1,5.9,100,7,131,10,10,27,2.7,0.8927218693549328,0.5796446570900804
11,random,1,5.9,100,8,131,10,10,37,3.7,0.5372647281626944,0.2771539897554597
11,random,2,6.24,100,0,131,10,10,34,3.4,0.6147077676126097,0.3507789793023614
11,random,2,6.24,100,1,131,10,10,35,3.5,0.9110191713769592,0.4387653974323504
11,random,2,6.24,100,2,131,10,10,38,3.8,0.45923897208787356,0.23672346892332852
11,random,2,6.24,100,3,132,10,10,35,3.5,0.9685491276400365,0.4474494704259563
11,random,2,6.24,100,4,132,10,10,39,3.9,0.6966253443526172,0.2767607417366525
11,random,2,6.24,100,5,132,10,10,33,3.3,1.1477272727272727,0.5276326525911232
11,random,2,6.24,100,6,131,10,10,33,3.3,0.632597167997203,0.3631134467213473
11,random,2,6.24,100,7,131,10,10,35,3.5,0.6050929433016723,0.3289380336704711
11,random,2,6.24,100,8,131,10,10,30,3.0,0.44921624613950245,0.3512131532605933
11,ecc_p1,0,6.16,100,0,131,10,10,40,4.0,0.6758930132276674,0.2887458024815945
11,ecc_p1,0,6.16,100,1,131,10,10,37,3.7,0.7140609521589651,0.3182636315994318
11,ecc_p1,0,6.16,100,2,131,10,10,35,3.5,0.7682535982751586,0.3592342452728467
11,ecc_p1,0,6.16,100,3,132,10,10,35,3.5,0.9123048668503212,0.41552968527630085
11,ecc_p1,0,6.16,100,4,132,10,10,37,3.7,1.1829660238751145,0.43912107945015927
11,ecc_p1,0,6.16,100,5,132,10,10,29,2.9,0.7509182736455463,0.4846488699067952
11,ecc_p1,0,6.16,100,6,131,10,10,37,3.7,0.6925004370374688,0.3154595468997972
11,ecc_p1,0,6.16,100,7,131,10,10,30,3.0,0.6974535283491639,0.4467480611226292
11,ecc_p1,0,6.16,100,8,131,10,10,28,2.8,0.7376609754676301,0.4893856345813827
11,ecc_p1,1,6.16,100,0,131,10,10,32,3.2,0.4563253889633471,0.3189972996013314
11,ecc_p1,1,6.16,100,1,131,10,10,38,3.8,0.5212400209777984,0.25323500179204567
11,ecc_p1,1,6.16,100,2,131,10,10,40,4.0,0.9555969931822156,0.34344636621436714
11,ecc_p1,1,6.16,100,3,132,10,10,35,3.5,0.7917814508723598,0.3838066813390555
11,ecc_p1,1,6.16,100,4,132,10,10,38,3.8,0.5702479338842975,0.2589127306696313
11,ecc_p1,1,6.16,100,5,132,10,10,30,3.0,0.7940771349862258,0.48007212010339634
11,ecc_p1,1,6.16,100,6,131,10,10,35,3.5,0.8212808111415419,0.39081006219314873
11,ecc_p1,1,6.16,100,7,131,10,10,30,3.0,0.84080181807587,0.48515433942619113
11,ecc_p1,1,6.16,100,8,131,10,10,30,3.0,0.6589942311054137,0.41911427813777224
11,ecc_p1,2,5.46,100,0,131,10,10,36,3.6,0.47054367461103663,0.2800121193194568
11,ecc_p1,2,5.46,100,1,131,10,10,31,3.1,0.6601013926927338,0.3936544911686743
11,ecc_p1,2,5.46,100,2,131,10,10,31,3.1,0.7070683526601016,0.40963500929272323
11,ecc_p1,2,5.46,100,3,132,10,10,31,3.1,0.5585399449035814,0.3756925491189233
11,ecc_p1,2,5.46,100,4,132,10,10,31,3.1,0.5620982552800735,0.3623206711549299
11,ecc_p1,2,5.46,100,5,132,10,10,27,2.7,0.8873966942148759,0.5699578159120366
11,ecc_p1,2,5.46,100,6,131,10,10,31,3.1,0.725132568032166,0.4209756136476654
11,ecc_p1,2,5.46,100,7,131,10,10,26,2.6,0.7438377716916263,0.563751221046103
11,ecc_p1,2,5.46,100,8,131,10,10,29,2.9,0.7186061418332265,0.46587589300535553
11,gauss_0.1,0,5.48,100,0,131,10,10,29,2.9,0.7895810267466931,0.4742690538152371
11,gauss_0.1,0,5.48,100,1,131,10,10,31,3.1,0.645650020395082,0.40496414691537036
11,gauss_0.1,0,5.48,100,2,131,10,10,32,3.2,0.9747100984791096,0.5122216301941634
11,gauss_0.1,0,5.48,100,3,132,10,10,32,3.2,0.682277318640955,0.39340941403869806
11,gauss_0.1,0,5.48,100,4,132,10,10,29,2.9,0.7708907254361799,0.4908813521221617
11,gauss_0.1,0,5.48,100,5,132,10,10,31,3.1,1.1492194674012857,0.5095793878000441
11,gauss_0.1,0,5.48,100,6,131,10,10,30,3.0,0.9212167123128022,0.5253156578069286
11,gauss_0.1,0,5.48,100,7,131,10,10,32,3.2,0.6800885729269857,0.3534429682705784
11,gauss_0.1,0,5.48,100,8,131,10,10,28,2.8,0.9269273352368742,0.4777742876313356
11,gauss_0.1,1,5.58,100,0,131,10,10,38,3.8,0.7692442165374979,0.3121074048816313
11,gauss_0.1,1,5.58,100,1,131,10,10,35,3.5,0.5887768778043238,0.32058358408968923
11,gauss_0.1,1,5.58,100,2,131,10,10,29,2.9,0.4989219742439251,0.3801977536088258
11,gauss_0.1,1,5.58,100,3,132,10,10,30,3.0,0.7596418732782368,0.4475488014985098
11,gauss_0.1,1,5.58,100,4,132,10,10,31,3.1,0.5371900826446283,0.37894108676192684
11,gauss_0.1,1,5.58,100,5,132,10,10,33,3.3,0.75,0.3611185690552844
11,gauss_0.1,1,5.58,100,6,131,10,10,31,3.1,0.898549035603986,0.458685364200413
11,gauss_0.1,1,5.58,100,7,131,10,10,24,2.4,0.49781481265660515,0.44392369855803626
11,gauss_0.1,1,5.58,100,8,131,10,10,28,2.8,0.8094516636559638,0.45964299620765076
11,gauss_0.1,2,5.52,100,0,131,10,10,28,2.8,0.9236641221374042,0.5433362546937772
11,gauss_0.1,2,5.52,100,1,131,10,10,30,3.0,0.5925645358662083,0.3971889033240663
11,gauss_0.1,2,5.52,100,2,131,10,10,28,2.8,0.48313035370899116,0.4005715014906304
11,gauss_0.1,2,5.52,100,3,132,10,10,32,3.2,0.7153351698806244,0.4084033143395393
11,gauss_0.1,2,5.52,100,4,132,10,10,34,3.4,0.6547291092745638,0.36412216149033105
11,gauss_0.1,2,5.52,100,5,132,10,10,29,2.9,0.7708907254361799,0.48292993816801116
11,gauss_0.1,2,5.52,100,6,131,10,10,34,3.4,1.0307674377950002,0.45465163560305144
11,gauss_0.1,2,5.52,100,7,131,10,10,31,3.1,0.8262921741157276,0.45677368866508167
11,gauss_0.1,2,5.52,100,8,131,10,10,30,3.0,0.9282093118116659,0.4669747266122108
11,dm_eig0,0,4.94,100,0,131,10,10,25,2.5,0.5981003438028086,0.5077837079440247
11,dm_eig0,0,4.94,100,1,131,10,10,19,1.9,0.4714177495483946,0.6666942374326713
11,dm_eig0,0,4.94,100,2,131,10,10,28,2.8,0.450498222714294,0.38911119494832674
11,dm_eig0,0,4.94,100,3,132,10,10,29,2.9,0.7475895316804407,0.4777094700095585
11,dm_eig0,0,4.94,100,4,132,10,10,28,2.8,0.6616161616161615,0.4670760748968728
11,dm_eig0,0,4.94,100,5,132,10,10,33,3.3,0.6628787878787878,0.36482440316232173
11,dm_eig0,0,4.94,100,6,131,10,10,30,3.0,0.9142241128139386,0.4914614714407602
11,dm_eig0,0,4.94,100,7,131,10,10,28,2.8,0.7507138278655089,0.5118521743576554
11,dm_eig0,0,4.94,100,8,131,10,10,27,2.7,0.49938814754384936,0.40261277263745043
11,dm_eig0,1,5.16,100,0,131,10,10,29,2.9,0.48878270497057275,0.39260184000806453
11,dm_eig0,1,5.16,100,1,131,10,10,29,2.9,0.421187576481557,0.3604210716661192
11,dm_eig0,1,5.16,100,2,131,10,10,30,3.0,0.6030534351145039,0.40686756714637573
11,dm_eig0,1,5.16,100,3,132,10,10,27,2.7,0.6177685950413221,0.4898137004371473
11,dm_eig0,1,5.16,100,4,132,10,10,29,2.9,0.41804407713498615,0.3645064529414552
11,dm_eig0,1,5.16,100,5,132,10,10,29,2.9,0.561179981634527,0.40959944117442926
11,dm_eig0,1,5.16,100,6,131,10,10,28,2.8,0.7866091719596758,0.4575848361604689
11,dm_eig0,1,5.16,100,7,131,10,10,28,2.8,0.6006060252899014,0.44932087424021433
11,dm_eig0,1,5.16,100,8,131,10,10,29,2.9,0.5867956412796457,0.4126606450106251
11,dm_eig0,2,4.94,100,0,131,10,10,25,2.5,0.45533477070100803,0.46603296874462674
11,dm_eig0,2,4.94,100,1,131,10,10,31,3.1,0.6781656080647982,0.4007027551919479
11,dm_eig0,2,4.94,100,2,131,10,10,30,3.0,0.624031233611095,0.43407956342685494
11,dm_eig0,2,4.94,100,3,132,10,10,27,2.7,0.599173553719008,0.4800660086677223
11,dm_eig0,2,4.94,100,4,132,10,10,27,2.7,0.6673553719008264,0.505650546161457
11,dm_eig0,2,4.94,100,5,132,10,10,30,3.0,0.7871900826446279,0.47560098413634316
11,dm_eig0,2,4.94,100,6,131,10,10,18,1.8,0.5974593555154126,0.7596371838519532
11,dm_eig0,2,4.94,100,7,131,10,10,32,3.2,0.6055008449391062,0.37659489076105646
11,dm_eig0,2,4.94,100,8,131,10,10,27,2.7,0.43645475205407613,0.3907288284585478
12,xcoord,0,4.86,100,0,131,10,10,20,2.0,0.7446535749664938,0.7849943464133597
12,xcoord,0,4.86,100,1,131,10,10,30,3.0,0.7359128255929144,0.46394147826634385
12,xcoord,0,4.86,100,2,131,10,10,30,3.0,0.7638832235883692,0.47383408899024054
12,xcoord,0,4.86,100,3,132,10,10,29,2.9,0.7509182736455463,0.49855570823340045
12,xcoord,0,4.86,100,4,132,10,10,25,2.5,0.5811524334251607,0.5245759712323463
12,xcoord,0,4.86,100,5,132,10,10,30,3.0,0.5840220385674929,0.37331225920942757
12,xcoord,0,4.86,100,6,131,10,10,24,2.4,0.7551424742147894,0.6070132655830792
12,xcoord,0,4.86,100,7,131,10,10,24,2.4,0.822271429403881,0.6578312677971112
12,xcoord,0,4.86,100,8,131,10,10,31,3.1,0.5300390420138688,0.354269772798348
12,xcoord,1,4.96,100,0,131,10,10,26,2.6,0.7983800477827633,0.5433858213692747
12,xcoord,1,4.96,100,1,131,10,10,29,2.9,0.7490239496532834,0.49582133598827083
12,xcoord,1,4.96,100,2,131,10,10,30,3.0,0.6869646291008683,0.43660937417559165
12,xcoord,1,4.96,100,3,132,10,10,31,3.1,0.5941230486685034,0.38548669190574214
12,xcoord,1,4.96,100,4,132,10,10,29,2.9,0.7642332415059688,0.4849110045884951
12,xcoord,1,4.96,100,5,132,10,10,26,2.6,0.6623048668503215,0.5160501484231126
12,xcoord,1,4.96,100,6,131,10,10,26,2.6,0.7559582774896568,0.5491792119466563
12,xcoord,1,4.96,100,7,131,10,10,21,2.1,0.653225336518851,0.6897748107093294
12,xcoord,1,4.96,100,8,131,10,10,30,3.0,0.9282093118116663,0.5092077212184218
12,xcoord,2,4.7,100,0,131,10,10,29,2.9,0.8166190781422992,0.4962241898050738
12,xcoord,2,4.7,100,1,131,10,10,25,2.5,0.7350387506555561,0.5896779761600404
12,xcoord,2,4.7,100,2,131,10,10,27,2.7,0.6756016549152147,0.5022450970885788
12,xcoord,2,4.7,100,3,132,10,10,24,2.4,0.8842975206611571,0.6827136635976983
12,xcoord,2,4.7,100,4,132,10,10,27,2.7,0.7913223140495866,0.545447912231457
12,xcoord,2,4.7,100,5,132,10,10,31,3.1,0.6795224977043162,0.4013873533684861
12,xcoord,2,4.7,100,6,131,10,10,22,2.2,0.5396538663248063,0.5594952361357587
12,xcoord,2,4.7,100,7,131,10,10,21,2.1,0.785385467047375,0.7638180704902485
12,xcoord,2,4.7,100,8,131,10,10,29,2.9,0.6205932055241534,0.3886853000876505
12,knn_k1,0,5.26,100,0,131,10,10,21,2.1,0.5430918944117477,0.5793084605524077
12,knn_k1,0,5.26,100,1,131,10,10,34,3.4,0.7573567973894295,0.3660003517467662
12,knn_k1,0,5.26,100,2,131,10,10,28,2.8,0.581026746693083,0.42403438286810236
12,knn_k1,0,5.26,100,3,132,10,10,34,3.4,1.2206152433425161,0.486961573532855
12,knn_k1,0,5.26,100,4,132,10,10,23,2.3,0.7635445362718092,0.6115069607249534
12,knn_k1,0,5.26,100,5,132,10,10,30,3.0,0.6115702479338843,0.4140946182903315
12,knn_k1,0,5.26,100,6,131,10,10,28,2.8,0.581026746693083,0.44507801943990366
12,knn_k1,0,5.26,100,7,131,10,10,31,3.1,0.6601013926927336,0.3853921050908723
12,knn_k1,0,5.26,100,8,131,10,10,34,3.4,0.7771691626362098,0.38312667131512557
12,knn_k1,1,5.68,100,0,131,10,10,31,3.1,0.7179068818833402,0.38496000036981853
12,knn_k1,1,5.68,100,1,131,10,10,34,3.4,0.618670240661966,0.327543248006832
12,knn_k1,1,5.68,100,2,131,10,10,24,2.4,0.7551424742147893,0.6070168160704882
12,knn_k1,1,5.68,100,3,132,10,10,35,3.5,0.8600780532598713,0.3756174390448872
12,knn_k1,1,5.68,100,4,132,10,10,30,3.0,0.8801652892561983,0.48468723626428645
12,knn_k1,1,5.68,100,5,132,10,10,26,2.6,0.9338842975206613,0.646598879076332
12,knn_k1,1,5.68,100,6,131,10,10,29,2.9,0.4786434356972205,0.37273183970161805
12,knn_k1,1,5.68,100,7,131,10,10,35,3.5,0.8947031058796108,0.41825194538406535
12,knn_k1,1,5.68,100,8,131,10,10,40,4.0,0.49408542625721114,0.237557229067937
12,knn_k1,2,5.62,100,0,131,10,10,30,3.0,0.6554979313559816,0.40449206491526946
12,knn_k1,2,5.62,100,1,131,10,10,34,3.4,0.9792552881533707,0.42519095608725405
12,knn_k1,2,5.62,100,2,131,10,10,27,2.7,0.8895751995804441,0.5495725239418858
12,knn_k1,2,5.62,100,3,132,10,10,26,2.6,0.7876492194674013,0.5452554075167292
12,knn_k1,2,5.62,100,4,132,10,10,25,2.5,0.7820247933884296,0.5338748092204701
12,knn_k1,2,5.62,100,5,132,10,10,28,2.8,0.8030303030303029,0.5275035753059867
12,knn_k1,2,5.62,100,6,131,10,10,38,3.8,0.6850999359011714,0.29965429605803157
12,knn_k1,2,5.62,100,7,131,10,10,33,3.3,0.7325913408309539,0.40945880980715127
12,knn_k1,2,5.62,100,8,131,10,10,40,4.0,0.8530388671988812,0.3355132247960033
12,dtm_k10,0,5.38,100,0,131,10,10,23,2.3,0.432725365654682,0.47074629577390714
12,dtm_k10,0,5.38,100,1,131,10,10,23,2.3,0.7677874249752343,0.6716863012962989
12,dtm_k10,0,5.38,100,2,131,10,10,29,2.9,0.694947846862071,0.4607908652505189
12,dtm_k10,0,5.38,100,3,132,10,10,30,3.0,0.587465564738292,0.4053301978401197
12,dtm_k10,0,5.38,100,4,132,10,10,36,3.6,0.7892561983471075,0.37110053618005584
12,dtm_k10,0,5.38,100,5,132,10,10,32,3.2,0.7226813590449954,0.3979288700352606
12,dtm_k10,0,5.38,100,6,131,10,10,36,3.6,0.6131927043878561,0.31755754112335427
12,dtm_k10,0,5.38,100,7,131,10,10,32,3.2,1.0231921216712312,0.5015044247787611
12,dtm_k10,0,5.38,100,8,131,10,10,28,2.8,0.6821863527766445,0.5039339208892639
12,dtm_k10,1,5.76,100,0,131,10,10,27,2.7,0.785735097022318,0.5044399467079655
12,dtm_k10,1,5.76,100,1,131,10,10,27,2.7,0.6756016549152148,0.49092556160914325
12,dtm_k10,1,5.76,100,2,131,10,10,29,2.9,0.9281510401491752,0.5050735204212508
12,dtm_k10,1,5.76,100,3,132,10,10,40,4.0,0.7584940312213042,0.28636617536753295
12,dtm_k10,1,5.76,100,4,132,10,10,35,3.5,0.4623507805325987,0.27933775325547977
12,dtm_k10,1,5.76,100,5,132,10,10,32,3.2,0.7814508723599632,0.4398422198214301
12,dtm_k10,1,5.76,100,6,131,10,10,34,3.4,0.654332498106171,0.3463747392682471
12,dtm_k10,1,5.76,100,7,131,10,10,35,3.5,0.5479867140609521,0.29894862723603566
12,dtm_k10,1,5.76,100,8,131,10,10,29,2.9,0.7287454111065788,0.49331269114485043
12,dtm_k10,2,5.68,100,0,131,10,10,28,2.8,0.6985024182739933,0.4830152461087466
12,dtm_k10,2,5.68,100,1,131,10,10,27,2.7,0.7888817667968068,0.5362104521722438
12,dtm_k10,2,5.68,100,2,131,10,10,31,3.1,1.2092535400034963,0.5655148160370969
12,dtm_k10,2,5.68,100,3,132,10,10,35,3.5,0.6431359044995407,0.33914788899726334
12,dtm_k10,2,5.68,100,4,132,10,10,33,3.3,0.6931818181818182,0.400568986715179
12,dtm_k10,2,5.68,100,5,132,10,10,29,2.9,0.744260789715335,0.4605508452934266
12,dtm_k10,2,5.68,100,6,131,10,10,37,3.7,0.7916788065963521,0.3452886308012848
12,dtm_k10,2,5.68,100,7,131,10,10,35,3.5,0.927335236874308,0.42990698390898374
12,dtm_k10,2,5.68,100,8,131,10,10,29,2.9,0.8537963988112578,0.5096709220676026
12,random,0,5.8,100,0,131,10,10,34,3.4,1.3953149583357611,0.5534957409807164
12,random,0,5.8,100,1,131,10,10,37,3.7,0.5372647281626945,0.2651149771178229
12,random,0,5.8,100,2,131,10,10,30,3.0,0.5541052386224579,0.3921500179707312
12,random,0,5.8,100,3,132,10,10,27,2.7,0.7076446280991734,0.5130394139886156
12,random,0,5.8,100,4,132,10,10,36,3.6,0.6322314049586779,0.2989681217760611
12,random,0,5.8,100,5,132,10,10,31,3.1,0.7435720844811754,0.4388336071509903
12,random,0,5.8,100,6,131,10,10,31,3.1,0.7793252141483599,0.4526798130903145
12,random,0,5.8,100,7,131,10,10,33,3.3,0.5556785735097022,0.3318528393307978
12,random,0,5.8,100,8,131,10,10,31,3.1,0.7431967834042307,0.42032924343798866
12,random,1,5.46,100,0,131,10,10,30,3.0,0.7988462210826877,0.4717785868085025
12,random,1,5.46,100,1,131,10,10,28,2.8,0.9693491055299804,0.5783748564727579
12,random,1,5.46,100,2,131,10,10,30,3.0,0.956179709807121,0.5016177346244621
12,random,1,5.46,100,3,132,10,10,29,2.9,0.8640955004591366,0.5191223531903975
12,random,1,5.46,100,4,132,10,10,26,2.6,0.5578512396694215,0.48517296573548163
12,random,1,5.46,100,5,132,10,10,31,3.1,0.9962121212121213,0.49485312772128554
12,random,1,5.46,100,6,131,10,10,32,3.2,0.7061942777227435,0.39670943639552525
12,random,1,5.46,100,7,131,10,10,39,3.9,0.5612726531087932,0.24338468952845677
12,random,1,5.46,100,8,131,10,10,28,2.8,0.7637666802633878,0.5067746208442183
12,random,2,5.9,100,0,131,10,10,35,3.5,0.8172017947672048,0.3604675888632662
12,random,2,5.9,100,1,131,10,10,29,2.9,0.806479808868947,0.5156662390244131
12,random,2,5.9,100,2,131,10,10,30,3.0,0.7498980245906416,0.45143534342997266
12,random,2,5.9,100,3,132,10,10,35,3.5,0.6150137741046829,0.3332972215228619
12,random,2,5.9,100,4,132,10,10,35,3.5,0.47842056932966015,0.2855661571900019
12,random,2,5.9,100,5,132,10,10,34,3.4,0.896694214876033,0.42808400964944804
12,random,2,5.9,100,6,131,10,10,33,3.3,0.5672163626828274,0.3289022919143169
12,random,2,5.9,100,7,131,10,10,33,3.3,0.9325796864984559,0.472301509436024
12,random,2,5.9,100,8,131,10,10,31,3.1,0.6817784511392111,0.42779284164645887
12,ecc_p1,0,5.72,100,0,131,10,10,29,2.9,0.4955422178194743,0.3878332999434929
12,ecc_p1,0,5.72,100,1,131,10,10,29,2.9,0.8132393217178485,0.49531386096079644
12,ecc_p1,0,5.72,100,2,131,10,10,36,3.6,0.6048015849892195,0.30631514404554455
12,ecc_p1,0,5.72,100,3,132,10,10,35,3.5,0.7234848484848485,0.3211381720549964
12,ecc_p1,0,5.72,100,4,132,10,10,34,3.4,0.709366391184573,0.37020162423632785
12,ecc_p1,0,5.72,100,5,132,10,10,29,2.9,0.7675619834710743,0.49847536428566896
12,ecc_p1,0,5.72,100,6,131,10,10,30,3.0,0.8373055183264377,0.4934339481663665
12,ecc_p1,0,5.72,100,7,131,10,10,34,3.4,0.7573567973894294,0.403886830906872
12,ecc_p1,0,5.72,100,8,131,10,10,30,3.0,0.8198240195792786,0.4864548687288388
12,ecc_p1,1,5.64,100,0,131,10,10,30,3.0,0.6694831303537091,0.4419946574140021
12,ecc_p1,1,5.64,100,1,131,10,10,33,3.3,0.7325913408309539,0.39538997591910796
12,ecc_p1,1,5.64,100,2,131,10,10,32,3.2,0.6950061185245615,0.39146470729468386
12,ecc_p1,1,5.64,100,3,132,10,10,33,3.3,1.071969696969697,0.5071382099246871
12,ecc_p1,1,5.64,100,4,132,10,10,32,3.2,1.0091827364554637,0.4908171633977804
12,ecc_p1,1,5.64,100,5,132,10,10,31,3.1,0.7613636363636365,0.4442496163481003
12,ecc_p1,1,5.64,100,6,131,10,10,27,2.7,0.9650952741681719,0.6151779094494585
12,ecc_p1,1,5.64,100,7,131,10,10,35,3.5,0.8539129421362393,0.41412795155645055
12,ecc_p1,1,5.64,100,8,131,10,10,29,2.9,0.8031000524444961,0.5086750211260528
12,ecc_p1,2,5.58,100,0,131,10,10,28,2.8,0.7768195326612665,0.5394357603107837
12,ecc_p1,2,5.58,100,1,131,10,10,35,3.5,0.6050929433016723,0.3198921076782008
12,ecc_p1,2,5.58,100,2,131,10,10,30,3.0,0.9456908105588255,0.5483038657688417
12,ecc_p1,2,5.58,100,3,132,10,10,27,2.7,0.7975206611570247,0.5401929312411955
12,ecc_p1,2,5.58,100,4,132,10,10,32,3.2,0.8769513314967861,0.47687092586683383
12,ecc_p1,2,5.58,100,5,132,10,10,25,2.5,0.6500229568411386,0.5492653410117414
12,ecc_p1,2,5.58,100,6,131,10,10,33,3.3,0.6864401841384535,0.38253916285746115
12,ecc_p1,2,5.58,100,7,131,10,10,41,4.1,1.0474914049297825,0.3687897438595785
12,ecc_p1,2,5.58,100,8,131,10,10,28,2.8,0.8649262863469493,0.5516978149940077
12,gauss_0.1,0,5.68,100,0,131,10,10,28,2.8,1.0770351378124816,0.6699203317857846
12,gauss_0.1,0,5.68,100,1,131,10,10,36,3.6,0.6803216595769476,0.3395512593631413
12,gauss_0.1,0,5.68,100,2,131,10,10,31,3.1,0.6239729619486043,0.40986854744064494
12,gauss_0.1,0,5.68,100,3,132,10,10,31,3.1,0.9499540863177228,0.4744957422017287
12,gauss_0.1,0,5.68,100,4,132,10,10,35,3.5,0.9645316804407711,0.4147342568126108
12,gauss_0.1,0,5.68,100,5,132,10,10,31,3.1,0.8076216712580352,0.43441713015277017
12,gauss_0.1,0,5.68,100,6,131,10,10,31,3.1,0.775712371073947,0.4181893297432403
12,gauss_0.1,0,5.68,100,7,131,10,10,33,3.3,0.9248878270497057,0.42574184846352336
12,gauss_0.1,0,5.68,100,8,131,10,10,28,2.8,0.6234485169861894,0.41610806507381676
12,gauss_0.1,1,5.54,100,0,131,10,10,36,3.6,0.705495017772857,0.33695910944959767
12,gauss_0.1,1,5.54,100,1,131,10,10,34,3.4,0.7216945399452245,0.3694254437382741
12,gauss_0.1,1,5.54,100,2,131,10,10,34,3.4,0.654332498106171,0.360299107638083
12,gauss_0.1,1,5.54,100,3,132,10,10,35,3.5,0.7998163452708906,0.36002997633689626
12,gauss_0.1,1,5.54,100,4,132,10,10,25,2.5,0.7418503213957759,0.5555746998450605
12,gauss_0.1,1,5.54,100,5,132,10,10,31,3.1,0.7933884297520661,0.4412167136295108
12,gauss_0.1,1,5.54,100,6,131,10,10,30,3.0,0.8268166190781423,0.4395342060214487
12,gauss_0.1,1,5.54,100,7,131,10,10,28,2.8,0.845347007750131,0.5244006440113133
12,gauss_0.1,1,5.54,100,8,131,10,10,24,2.4,0.7635335936134259,0.5466495428950827
12,gauss_0.1,2,5.54,100,0,131,10,10,34,3.4,0.6384826059087464,0.36207192126932713
12,gauss_0.1,2,5.54,100,1,131,10,10,35,3.5,0.7193054017831128,0.3413644696003106
12,gauss_0.1,2,5.54,100,2,131,10,10,31,3.1,0.6564885496183205,0.41487421846068623
12,gauss_0.1,2,5.54,100,3,132,10,10,31,3.1,0.7222222222222224,0.4029178694522189
12,gauss_0.1,2,5.54,100,4,132,10,10,31,3.1,0.8005050505050505,0.4244707009388577
12,gauss_0.1,2,5.54,100,5,132,10,10,31,3.1,0.8645546372819103,0.43600331799888137
12,gauss_0.1,2,5.54,100,6,131,10,10,29,2.9,0.9213915273002736,0.5386654127725318
12,gauss_0.1,2,5.54,100,7,131,10,10,30,3.0,0.4387273468912068,0.3459892994770402
12,gauss_0.1,2,5.54,100,8,131,10,10,25,2.5,0.5922731775537555,0.5101861311774757
12,dm_eig0,0,4.8,100,0,131,10,10,21,2.1,0.7731484179243635,0.7566892218858684
12,dm_eig0,0,4.8,100,1,131,10,10,28,2.8,0.8910319911427069,0.5389701863341977
12,dm_eig0,0,4.8,100,2,131,10,10,26,2.6,0.7589884039391644,0.53991398397715
12,dm_eig0,0,4.8,100,3,132,10,10,30,3.0,0.30509641873278237,0.26950141621972645
12,dm_eig0,0,4.8,100,4,132,10,10,25,2.5,0.7590679522497703,0.6163963063376904
12,dm_eig0,0,4.8,100,5,132,10,10,28,2.8,0.5073461891643708,0.4202809114809814
12,dm_eig0,0,4.8,100,6,131,10,10,28,2.8,0.7866091719596758,0.48325754398591964
12,dm_eig0,0,4.8,100,7,131,10,10,29,2.9,0.7321251675310295,0.48368050109538724
12,dm_eig0,0,4.8,100,8,131,10,10,25,2.5,0.6155818425499678,0.5245635404599123
12,dm_eig0,1,4.8,100,0,131,10,10,30,3.0,0.6485053318571179,0.4179894564624614
12,dm_eig0,1,4.8,100,1,131,10,10,23,2.3,0.6149991259250626,0.5848190790626492
12,dm_eig0,1,4.8,100,2,131,10,10,24,2.4,0.6096964046384243,0.5461199270127508
12,dm_eig0,1,4.8,100,3,132,10,10,27,2.7,0.7603305785123966,0.534973243541574
12,dm_eig0,1,4.8,100,4,132,10,10,26,2.6,0.5339761248852158,0.4778146209617433
12,dm_eig0,1,4.8,100,5,132,10,10,26,2.6,0.6085858585858586,0.5128752963030401
12,dm_eig0,1,4.8,100,6,131,10,10,33,3.3,0.9748849134665812,0.4398633949358125
12,dm_eig0,1,4.8,100,7,131,10,10,27,2.7,0.6409882873958394,0.4828362217428307
12,dm_eig0,1,4.8,100,8,131,10,10,24,2.4,0.7187809568206981,0.6179612276704294
12,dm_eig0,2,4.66,100,0,131,10,10,28,2.8,0.9530330400326319,0.5800630118339465
12,dm_eig0,2,4.66,100,1,131,10,10,27,2.7,0.6315482780723733,0.5039386246103446
12,dm_eig0,2,4.66,100,2,131,10,10,24,2.4,0.5034088922556962,0.5091737187595509
12,dm_eig0,2,4.66,100,3,132,10,10,28,2.8,0.43021120293847553,0.37925916673104076
12,dm_eig0,2,4.66,100,4,132,10,10,25,2.5,0.5754132231404958,0.5085184332043462
12,dm_eig0,2,4.66,100,5,132,10,10,26,2.6,0.8204775022956842,0.6020930752408905
12,dm_eig0,2,4.66,100,6,131,10,10,25,2.5,1.0409649787308433,0.7055163909335171
12,dm_eig0,2,4.66,100,7,131,10,10,32,3.2,0.6353359361342579,0.3723901212710152
12,dm_eig0,2,4.66,100,8,131,10,10,18,1.8,0.6897616689004136,0.8419722780815226
13,xcoord,0,4.9,100,0,131,10,10,31,3.1,0.645650020395082,0.4126296385773741
13,xcoord,0,4.9,100,1,131,10,10,22,2.2,0.716566633646058,0.6479791806310933
13,xcoord,0,4.9,100,2,131,10,10,25,2.5,0.621409008799021,0.5267497126412212
13,xcoord,0,4.9,100,3,132,10,10,26,2.6,0.65633608815427,0.5084284779288779
13,xcoord,0,4.9,100,4,132,10,10,25,2.5,0.6586317722681357,0.5623858045023088
13,xcoord,0,4.9,100,5,132,10,10,30,3.0,0.8078512396694213,0.47588139603426743
13,xcoord,0,4.9,100,6,131,10,10,35,3.5,0.7845696637725074,0.37598614700630734
13,xcoord,0,4.9,100,7,131,10,10,27,2.7,0.7039216828856126,0.5068652100453566
13,xcoord,0,4.9,100,8,131,10,10,24,2.4,0.5453644892488784,0.5396283199392461
13,xcoord,1,5.0,100,0,131,10,10,33,3.3,0.524911135714702,0.3301743556895945
13,xcoord,1,5.0,100,1,131,10,10,28,2.8,0.7376609754676299,0.44695865073411384
13,xcoord,1,5.0,100,2,131,10,10,28,2.8,0.5092360585047491,0.40667927533346604
13,xcoord,1,5.0,100,3,132,10,10,28,2.8,0.5426997245179062,0.402525654909856
13,xcoord,1,5.0,100,4,132,10,10,24,2.4,0.6143250688705234,0.580256671255379
13,xcoord,1,5.0,100,5,132,10,10,26,2.6,0.7966023875114784,0.5619199273989287
13,xcoord,1,5.0,100,6,131,10,10,30,3.0,0.8617796165724609,0.4780737946041683
13,xcoord,1,5.0,100,7,131,10,10,32,3.2,0.9709807120797156,0.5068576441736562
13,xcoord,1,5.0,100,8,131,10,10,21,2.1,0.503933337218111,0.6309856242005057
13,xcoord,2,4.94,100,0,131,10,10,24,2.4,0.7887069518093353,0.6660686626664443
13,xcoord,2,4.94,100,1,131,10,10,31,3.1,0.598683060427714,0.36826016493620967
13,xcoord,2,4.94,100,2,131,10,10,29,2.9,0.5969349105529981,0.42491915002924946
13,xcoord,2,4.94,100,3,132,10,10,30,3.0,0.6356749311294765,0.39984579169638873
13,xcoord,2,4.94,100,4,132,10,10,23,2.3,0.47578053259871456,0.527726230597475
13,xcoord,2,4.94,100,5,132,10,10,24,2.4,0.5179063360881543,0.5135093857665024
13,xcoord,2,4.94,100,6,131,10,10,37,3.7,0.5243284190897967,0.27318407778090165
13,xcoord,2,4.94,100,7,131,10,10,32,3.2,1.0940504632597168,0.5439810855676845
13,xcoord,2,4.94,100,8,131,10,10,17,1.7,0.5522988170852515,0.8587688647801623
13,knn_k1,0,5.58,100,0,131,10,10,27,2.7,0.4427480916030534,0.3339486988860871
13,knn_k1,0,5.58,100,1,131,10,10,30,3.0,0.8512907173241655,0.3973639058652592
13,knn_k1,0,5.58,100,2,131,10,10,28,2.8,0.6756599265777052,0.3864067940994479
13,knn_k1,0,5.58,100,3,132,10,10,31,3.1,0.8325298438934804,0.44798738675304695
13,knn_k1,0,5.58,100,4,132,10,10,30,3.0,0.6184573002754818,0.4112011354899758
13,knn_k1,0,5.58,100,5,132,10,10,33,3.3,0.7537878787878788,0.36117825473758847
13,knn_k1,0,5.58,100,6,131,10,10,29,2.9,0.661150282617563,0.44189816360282547
13,knn_k1,0,5.58,100,7,131,10,10,31,3.1,0.7504224695530564,0.39208870887577163
13,knn_k1,0,5.58,100,8,131,10,10,40,4.0,0.722510343220092,0.26982804455822745
13,knn_k1,1,5.68,100,0,131,10,10,29,2.9,0.8943534759046673,0.4971918549377478
13,knn_k1,1,5.68,100,1,131,10,10,24,2.4,0.7103898374220617,0.4938341095200785
13,knn_k1,1,5.68,100,2,131,10,10,34,3.4,0.6107452945632537,0.2999388516537073
13,knn_k1,1,5.68,100,3,132,10,10,30,3.0,0.6115702479338841,0.3733021917928727
13,knn_k1,1,5.68,100,4,132,10,10,30,3.0,0.8767217630853993,0.50531361385413
13,knn_k1,1,5.68,100,5,132,10,10,32,3.2,0.90633608815427,0.45264727037251923
13,knn_k1,1,5.68,100,6,131,10,10,37,3.7,0.8649845580094402,0.33763838378168143
13,knn_k1,1,5.68,100,7,131,10,10,33,3.3,0.3864576656372006,0.266530769348178
13,knn_k1,1,5.68,100,8,131,10,10,35,3.5,0.6581201561680556,0.3469577925219083
13,knn_k1,2,5.3,100,0,131,10,10,23,2.3,0.5319037352135656,0.5104893778452201
13,knn_k1,2,5.3,100,1,131,10,10,30,3.0,0.7429054250917779,0.3969673504092397
13,knn_k1,2,5.3,100,2,131,10,10,29,2.9,0.8098595652933976,0.4482742857858954
13,knn_k1,2,5.3,100,3,132,10,10,33,3.3,0.7272727272727273,0.3747605865254767
13,knn_k1,2,5.3,100,4,132,10,10,30,3.0,0.5668044077134986,0.38462397191761344
13,knn_k1,2,5.3,100,5,132,10,10,27,2.7,0.5867768595041322,0.41729668066016296
13,knn_k1,2,5.3,100,6,131,10,10,32,3.2,0.5010780257560749,0.30587198804929006
13,knn_k1,2,5.3,100,7,131,10,10,28,2.8,0.9791387448283898,0.5564215088756963
13,knn_k1,2,5.3,100,8,131,10,10,33,3.3,0.8325855136647049,0.4373713946122899
13,dtm_k10,0,5.66,100,0,131,10,10,25,2.5,0.8341005768894585,0.6064978228209417
13,dtm_k10,0,5.66,100,1,131,10,10,24,2.4,0.6264786434356974,0.5597844991342165
13,dtm_k10,0,5.66,100,2,131,10,10,32,3.2,0.8106170969057748,0.41890237849343065
13,dtm_k10,0,5.66,100,3,132,10,10,31,3.1,0.6297061524334253,0.39972481233379337
13,dtm_k10,0,5.66,100,4,132,10,10,37,3.7,0.6011248852157942,0.2838167283565649
13,dtm_k10,0,5.66,100,5,132,10,10,32,3.2,0.8218549127640037,0.43944543609555714
13,dtm_k10,0,5.66,100,6,131,10,10,37,3.7,0.7054367461103666,0.3032498554639468
13,dtm_k10,0,5.66,100,7,131,10,10,34,3.4,0.903968300215605,0.41926081951554045
13,dtm_k10,0,5.66,100,8,131,10,10,31,3.1,0.898549035603986,0.5032804455923954
13,dtm_k10,1,5.92,100,0,131,10,10,30,3.0,0.8582833168230292,0.5080458495580912
13,dtm_k10,1,5.92,100,1,131,10,10,29,2.9,0.7456441932288327,0.4711116672723526
13,dtm_k10,1,5.92,100,2,131,10,10,33,3.3,0.840277373113455,0.4393349013911871
13,dtm_k10,1,5.92,100,3,132,10,10,32,3.2,0.480257116620753,0.3386079464350463
13,dtm_k10,1,5.92,100,4,132,10,10,29,2.9,0.4247015610651974,0.3572853721770566
13,dtm_k10,1,5.92,100,5,132,10,10,37,3.7,0.7370293847566575,0.3264851181101315
13,dtm_k10,1,5.92,100,6,131,10,10,36,3.6,0.5124992716042189,0.26877645465919103
13,dtm_k10,1,5.92,100,7,131,10,10,32,3.2,0.6689004137288037,0.3991946656551205
13,dtm_k10,1,5.92,100,8,131,10,10,38,3.8,0.40609521589650954,0.22538576809363736
13,dtm_k10,2,5.9,100,0,131,10,10,17,1.7,0.5324864518384709,0.8325180303537166
13,dtm_k10,2,5.9,100,1,131,10,10,34,3.4,0.7256570129945807,0.3636748837791184
13,dtm_k10,2,5.9,100,2,131,10,10,28,2.8,0.6789231396771749,0.475177315838375
13,dtm_k10,2,5.9,100,3,132,10,10,33,3.3,0.7537878787878788,0.42720791939111397
13,dtm_k10,2,5.9,100,4,132,10,10,35,3.5,0.8078512396694215,0.3850497840489534
13,dtm_k10,2,5.9,100,5,132,10,10,34,3.4,0.5766758494031221,0.3328809578329506
13,dtm_k10,2,5.9,100,6,131,10,10,40,4.0,0.5779966202435755,0.2577947142817732
13,dtm_k10,2,5.9,100,7,131,10,10,34,3.4,0.4086591690460928,0.27553040732121875
13,dtm_k10,2,5.9,100,8,131,10,10,40,4.0,0.7038634112231222,0.29565654997335916
13,random,0,6.16,100,0,131,10,10,33,3.3,0.6056756599265777,0.3529264486668853
13,random,0,6.16,100,1,131,10,10,32,3.2,0.7285705961191072,0.4085979630770731
13,random,0,6.16,100,2,131,10,10,35,3.5,0.6458831070450439,0.33239872994886416
13,random,0,6.16,100,3,132,10,10,27,2.7,0.7851239669421486,0.5585011924753391
13,random,0,6.16,100,4,132,10,10,37,3.7,0.9196510560146922,0.3699846933998724
13,random,0,6.16,100,5,132,10,10,35,3.5,0.5868916437098255,0.3006723035172531
13,random,0,6.16,100,6,131,10,10,35,3.5,0.776411631023833,0.3839315544268319
13,random,0,6.16,100,7,131,10,10,34,3.4,0.7533943243400733,0.39698752154889017
13,random,0,6.16,100,8,131,10,10,40,4.0,0.5034088922556961,0.2330335290990044
13,random,1,6.22,100,0,131,10,10,28,2.8,0.6462910086824776,0.44793923191721696
13,random,1,6.22,100,1,131,10,10,34,3.4,0.7375444321426489,0.3825654717470505
13,random,1,6.22,100,2,131,10,10,42,4.2,0.686265369150982,0.2441494564323322
13,random,1,6.22,100,3,132,10,10,33,3.3,0.5113636363636364,0.32638119035668445
13,random,1,6.22,100,4,132,10,10,37,3.7,0.7794995408631771,0.3419871473598628
13,random,1,6.22,100,5,132,10,10,33,3.3,0.5416666666666666,0.34327018303194806
13,random,1,6.22,100,6,131,10,10,37,3.7,0.6623157158673738,0.3137969317723052
13,random,1,6.22,100,7,131,10,10,35,3.5,0.7845696637725074,0.34550159564322497
13,random,1,6.22,100,8,131,10,10,32,3.2,0.8068877105063808,0.4053818442626765
13,random,2,6.0,100,0,131,10,10,34,3.4,0.654332498106171,0.3596830972305093
13,random,2,6.0,100,1,131,10,10,31,3.1,0.7287454111065789,0.4201543384773685
13,random,2,6.0,100,2,131,10,10,36,3.6,0.860730726647631,0.3911551249508419
13,random,2,6.0,100,3,132,10,10,27,2.7,0.859504132231405,0.5912056737588652
13,random,2,6.0,100,4,132,10,10,37,3.7,0.4949494949494949,0.26443483791894534
13,random,2,6.0,100,5,132,10,10,38,3.8,0.7272727272727272,0.3227286729142915
13,random,2,6.0,100,6,131,10,10,25,2.5,0.869063574383777,0.6409689380730161
13,random,2,6.0,100,7,131,10,10,34,3.4,0.6424450789581024,0.3477247961232986
13,random,2,6.0,100,8,131,10,10,38,3.8,0.6983858749490123,0.3141291664552788
13,ecc_p1,0,5.92,100,0,131,10,10,34,3.4,0.6781073364023075,0.37420848173663496
13,ecc_p1,0,5.92,100,1,131,10,10,31,3.1,0.7504224695530566,0.4465676142936994
13,ecc_p1,0,5.92,100,2,131,10,10,31,3.1,0.7106811957345144,0.4326929153443404
13,ecc_p1,0,5.92,100,3,132,10,10,32,3.2,0.44352617079889806,0.31703381437144706
13,ecc_p1,0,5.92,100,4,132,10,10,39,3.9,0.4459366391184572,0.21633097552467853
13,ecc_p1,0,5.92,100,5,132,10,10,39,3.9,0.6921487603305785,0.2918492124138766
13,ecc_p1,0,5.92,100,6,131,10,10,28,2.8,0.7180816968708117,0.5114549106232305
13,ecc_p1,0,5.92,100,7,131,10,10,30,3.0,0.5471126391235942,0.3987429258449819
13,ecc_p1,0,5.92,100,8,131,10,10,32,3.2,0.8180758697045627,0.4435552319626994
13,ecc_p1,1,5.88,100,0,131,10,10,32,3.2,0.5495600489481965,0.3657515504581762
13,ecc_p1,1,5.88,100,1,131,10,10,35,3.5,0.6418040906707069,0.34601652060939986
13,ecc_p1,1,5.88,100,2,131,10,10,31,3.1,0.649262863469495,0.4143166815538642
13,ecc_p1,1,5.88,100,3,132,10,10,38,3.8,0.6531221303948576,0.29094180575552503
13,ecc_p1,1,5.88,100,4,132,10,10,35,3.5,0.6190312213039487,0.33037730632774387
13,ecc_p1,1,5.88,100,5,132,10,10,32,3.2,0.6749311294765841,0.40493119006156914
13,ecc_p1,1,5.88,100,6,131,10,10,26,2.6,0.7529281510401491,0.5794781314347296
13,ecc_p1,1,5.88,100,7,131,10,10,27,2.7,0.6409882873958394,0.4940032474334393
13,ecc_p1,1,5.88,100,8,131,10,10,38,3.8,0.7869588019346193,0.3324274936512874
13,ecc_p1,2,5.82,100,0,131,10,10,29,2.9,0.6848085775887184,0.46700486616409714
13,ecc_p1,2,5.82,100,1,131,10,10,27,2.7,0.6976283433366353,0.5326658596475805
13,ecc_p1,2,5.82,100,2,131,10,10,36,3.6,0.8900996445428585,0.40317811922903407
13,ecc_p1,2,5.82,100,3,132,10,10,34,3.4,0.709366391184573,0.37156563453990404
13,ecc_p1,2,5.82,100,4,132,10,10,36,3.6,0.5537190082644629,0.28598605397379906
13,ecc_p1,2,5.82,100,5,132,10,10,35,3.5,0.8600780532598712,0.40254397017302995
13,ecc_p1,2,5.82,100,6,131,10,10,31,3.1,0.5878445312044754,0.3971007070074422
13,ecc_p1,2,5.82,100,7,131,10,10,27,2.7,0.9713886137171492,0.6418629929225403
13,ecc_p1,2,5.82,100,8,131,10,10,36,3.6,0.5418681894994463,0.29379940744096744
13,gauss_0.1,0,5.64,100,0,131,10,10,36,3.6,0.705495017772857,0.3250511438305928
13,gauss_0.1,0,5.64,100,1,131,10,10,36,3.6,0.6048015849892195,0.2670818212693534
13,gauss_0.1,0,5.64,100,2,131,10,10,34,3.4,1.070392168288561,0.48642044769151294
13,gauss_0.1,0,5.64,100,3,132,10,10,29,2.9,1.0804637281910008,0.5677207861919831
13,gauss_0.1,0,5.64,100,4,132,10,10,32,3.2,0.8365472910927456,0.47568466812735394
13,gauss_0.1,0,5.64,100,5,132,10,10,27,2.7,0.878099173553719,0.5335724456417164
13,gauss_0.1,0,5.64,100,6,131,10,10,31,3.1,0.4686207097488493,0.27767396177766374
13,gauss_0.1,0,5.64,100,7,131,10,10,29,2.9,0.7118466289843248,0.41500064988580576
13,gauss_0.1,0,5.64,100,8,131,10,10,28,2.8,0.581026746693083,0.4271892045890939
13,gauss_0.1,1,5.72,100,0,131,10,10,39,3.9,0.6567216362682827,0.2666018832343236
13,gauss_0.1,1,5.72,100,1,131,10,10,29,2.9,0.5935551541285472,0.3888515782404298
13,gauss_0.1,1,5.72,100,2,131,10,10,33,3.3,0.6749023949653283,0.37628143018317983
13,gauss_0.1,1,5.72,100,3,132,10,10,35,3.5,0.4061065197428833,0.26210137343079154
13,gauss_0.1,1,5.72,100,4,132,10,10,32,3.2,0.6565656565656566,0.38183364923074004
13,gauss_0.1,1,5.72,100,5,132,10,10,32,3.2,0.7483930211202938,0.40142245027969037
13,gauss_0.1,1,5.72,100,6,131,10,10,29,2.9,0.5867956412796457,0.3608325170917812
13,gauss_0.1,1,5.72,100,7,131,10,10,28,2.8,0.724608123069751,0.4263437277578363
13,gauss_0.1,1,5.72,100,8,131,10,10,29,2.9,0.5665171027329409,0.34677599121156405
13,gauss_0.1,2,5.54,100,0,131,10,10,36,3.6,0.6719305401783111,0.3331412454077154
13,gauss_0.1,2,5.54,100,1,131,10,10,36,3.6,0.6257793834858107,0.29201322219382997
13,gauss_0.1,2,5.54,100,2,131,10,10,29,2.9,0.5732766155818424,0.41366300963484026
13,gauss_0.1,2,5.54,100,3,132,10,10,31,3.1,0.4731404958677687,0.3251978733041906
13,gauss_0.1,2,5.54,100,4,132,10,10,35,3.5,0.9364095500459135,0.4171152158754846
13,gauss_0.1,2,5.54,100,5,132,10,10,27,2.7,0.9059917355371899,0.575794284960001
13,gauss_0.1,2,5.54,100,6,131,10,10,30,3.0,0.6380164326088225,0.36325493553478827
13,gauss_0.1,2,5.54,100,7,131,10,10,29,2.9,0.7895810267466928,0.45194491989855734
13,gauss_0.1,2,5.54,100,8,131,10,10,24,2.4,0.44467105646524097,0.4318795716291216
13,dm_eig0,0,4.86,100,0,131,10,10,29,2.9,1.0025056814870925,0.5230028217953837
13,dm_eig0,0,4.86,100,1,131,10,10,29,2.9,0.7152263854087757,0.4736261931579624
13,dm_eig0,0,4.86,100,2,131,10,10,26,2.6,0.5377891731251092,0.47245759811373744
13,dm_eig0,0,4.86,100,3,132,10,10,27,2.7,0.6797520661157023,0.49798883416369094
13,dm_eig0,0,4.86,100,4,132,10,10,30,3.0,0.8698347107438015,0.5149296400835653
13,dm_eig0,0,4.86,100,5,132,10,10,24,2.4,0.6721763085399448,0.5468074552372121
13,dm_eig0,0,4.86,100,6,131,10,10,24,2.4,0.8026921508070627,0.6406982462579371
13,dm_eig0,0,4.86,100,7,131,10,10,27,2.7,0.5749082221315773,0.4495700598306278
13,dm_eig0,0,4.86,100,8,131,10,10,27,2.7,0.8927218693549325,0.5282250150477011
13,dm_eig0,1,4.66,100,0,131,10,10,25,2.5,0.8661499912592505,0.5553094697390359
13,dm_eig0,1,4.66,100,1,131,10,10,25,2.5,0.6855078375386049,0.5720487047911953
13,dm_eig0,1,4.66,100,2,131,10,10,26,2.6,0.8105005535807936,0.5787625949468449
13,dm_eig0,1,4.66,100,3,132,10,10,26,2.6,0.7637741046831957,0.5525332868865149
13,dm_eig0,1,4.66,100,4,132,10,10,27,2.7,0.9059917355371899,0.5808205690862027
13,dm_eig0,1,4.66,100,5,132,10,10,26,2.6,0.44444444444444453,0.4084808969143592
13,dm_eig0,1,4.66,100,6,131,10,10,23,2.3,0.8669657945341179,0.7097675841857346
13,dm_eig0,1,4.66,100,7,131,10,10,26,2.6,0.6499038517568907,0.5191491574321356
13,dm_eig0,1,4.66,100,8,131,10,10,29,2.9,1.2120505798030414,0.5835229162790435
13,dm_eig0,2,4.88,100,0,131,10,10,24,2.4,0.7719247130120622,0.5752478615080652
13,dm_eig0,2,4.88,100,1,131,10,10,26,2.6,0.7892896684342404,0.5744163170589163
13,dm_eig0,2,4.88,100,2,131,10,10,28,2.8,0.8910319911427073,0.5733417753577308
13,dm_eig0,2,4.88,100,3,132,10,10,28,2.8,0.6359044995408629,0.4539598332701781
13,dm_eig0,2,4.88,100,4,132,10,10,30,3.0,0.7148760330578511,0.43706523007409803
13,dm_eig0,2,4.88,100,5,132,10,10,24,2.4,0.8126721763085399,0.5981180958181916
13,dm_eig0,2,4.88,100,6,131,10,10,27,2.7,0.8644018413845346,0.5844204050059529
13,dm_eig0,2,4.88,100,7,131,10,10,32,3.2,0.6055008449391062,0.3654939041545891
13,dm_eig0,2,4.88,100,8,131,10,10,25,2.5,0.7787424975234544,0.5810620772835254
