point_id,time,x,y,z,strand,mass_regime
P00001,0.00011396,0.02609683,0.03696734,0.32238386,middle,balanced_early
P00002,0.00015752,0.0166599,5.12585761,0.5457231,upper,balanced_early
P00003,0.00020547,-0.00541287,0.22915201,0.2369121,middle,balanced_early
P00004,0.00035722,0.02176592,5.06718854,0.47996337,upper,balanced_early
P00005,0.00060839,0.02953233,-5.03157183,-0.16914032,lower,balanced_early
P00006,0.00080459,0.01139292,5.26401545,0.24447013,upper,balanced_early
P00007,0.00080636,-0.0499554,-5.08963685,0.02452652,lower,balanced_early
P00008,0.0008156,0.04780019,-0.00477991,0.30014235,middle,balanced_early
P00009,0.00089456,0.00771864,5.14266284,0.48256115,upper,balanced_early
P00010,0.00096133,-0.04131565,-5.15427893,0.1312336,lower,balanced_early
P00011,0.00113856,-0.02517704,5.14994105,0.44846788,upper,balanced_early
P00012,0.00116251,0.01961514,-5.02289537,-0.04543035,lower,balanced_early
P00013,0.00122111,-0.02042552,-5.04069572,0.01949289,lower,balanced_early
P00014,0.00132704,0.03592895,-5.18791844,-0.10170977,lower,balanced_early
P00015,0.00143088,-0.02234566,5.11276185,0.29517387,upper,balanced_early
P00016,0.00144011,0.01095605,5.31083812,0.50312676,upper,balanced_early
P00017,0.00151606,0.0138716,5.19235335,0.50201735,upper,balanced_early
P00018,0.0015677,0.03352662,5.13005245,0.35731685,upper,balanced_early
P00019,0.00172614,0.02827443,5.15069213,0.46489939,upper,balanced_early
P00020,0.00178454,-0.0049074,-5.12062326,0.00612259,lower,balanced_early
P00021,0.00188704,-0.00797501,4.98298418,0.51560496,upper,balanced_early
P00022,0.00198168,0.03288254,0.15553062,0.31780418,middle,balanced_early
P00023,0.00206478,0.05981508,0.09705362,0.37425372,middle,balanced_early
P00024,0.00228808,0.03617555,-4.96891606,-0.04023406,lower,balanced_early
P00025,0.00236268,-0.01052251,5.06448811,0.45136752,upper,balanced_early
P00026,0.00245576,0.01393678,-4.91454828,0.16406821,lower,balanced_early
P00027,0.00246807,0.01221369,-4.76478364,0.0027548,lower,balanced_early
P00028,0.00264586,0.01344727,5.14489143,0.40677117,upper,balanced_early
P00029,0.00279671,0.0186985,-5.13431447,0.05542698,lower,balanced_early
P00030,0.00279797,0.00367213,0.10871295,0.31403717,middle,balanced_early
P00031,0.00280698,0.02887283,0.1741039,0.42263952,middle,balanced_early
P00032,0.00298914,-0.00423775,-5.09472521,0.04612336,lower,balanced_early
P00033,0.00302691,0.03793198,5.16866581,0.50687331,upper,balanced_early
P00034,0.00310159,0.00858984,-4.9523694,0.03239294,lower,balanced_early
P00035,0.00312826,0.01193132,-4.95534014,-0.01304694,lower,balanced_early
P00036,0.00335564,-0.00092178,0.31874549,0.37045225,middle,balanced_early
P00037,0.00344617,0.10262531,0.05929304,0.29061084,middle,balanced_early
P00038,0.00351388,0.04211191,-0.02146671,0.33530454,middle,balanced_early
P00039,0.00375549,0.02654738,0.36161926,0.22083262,middle,balanced_early
P00040,0.00377373,-0.00731276,0.08186664,0.37416887,middle,balanced_early
P00041,0.00391051,0.0468818,-0.06826401,0.2656376,middle,balanced_early
P00042,0.00399994,0.02299182,-4.94301056,0.03919413,lower,balanced_early
P00043,0.00405244,0.02112514,-4.93168079,-0.03711069,lower,balanced_early
P00044,0.00409785,0.0511558,-4.97173666,0.07560696,lower,balanced_early
P00045,0.0041978,0.06758413,-4.69171222,0.04474106,lower,balanced_early
P00046,0.00427056,0.07004409,5.26646888,0.47401687,upper,balanced_early
P00047,0.00435111,0.05327247,4.96992961,0.39451239,upper,balanced_early
P00048,0.00436388,0.03740166,5.02398689,0.42743648,upper,balanced_early
P00049,0.00436643,0.09206325,0.08017708,0.40171742,middle,balanced_early
P00050,0.0044725,0.0703924,-5.06528932,-0.01975509,lower,balanced_early
P00051,0.00449598,0.05887202,5.18430019,0.55873555,upper,balanced_early
P00052,0.00449758,0.07326191,0.12823148,0.27205609,middle,balanced_early
P00053,0.00452446,0.0406697,0.10291235,0.26423158,middle,balanced_early
P00054,0.00459286,0.03002298,5.0925288,0.40745556,upper,balanced_early
P00055,0.0045957,0.06134274,-5.07572594,0.11326346,lower,balanced_early
P00056,0.00471305,0.02072253,0.17291372,0.39265237,middle,balanced_early
P00057,0.00483718,0.04264533,0.17531631,0.32999059,middle,balanced_early
P00058,0.00489238,0.03262411,5.18462382,0.31589362,upper,balanced_early
P00059,0.00499361,0.05555318,5.00172592,0.40920872,upper,balanced_early
P00060,0.00502084,0.02954685,5.13134282,0.52388408,upper,balanced_early
P00061,0.00506037,0.05487489,-5.31264012,-0.1626703,lower,balanced_early
P00062,0.00507225,0.05320865,0.03245965,0.16824577,middle,balanced_early
P00063,0.0050724,0.03141884,-4.94170841,0.08448774,lower,balanced_early
P00064,0.00529793,0.06470525,-4.94527847,0.04855272,lower,balanced_early
P00065,0.00539264,0.03843516,-4.76173514,-0.06107993,lower,balanced_early
P00066,0.00551672,0.03368755,0.2607972,0.34181883,middle,balanced_early
P00067,0.00557448,0.04194397,5.25656652,0.49248988,upper,balanced_early
P00068,0.00559924,0.05129941,-5.00312874,-0.02306962,lower,balanced_early
P00069,0.00560364,0.02899044,5.2328707,0.42284806,upper,balanced_early
P00070,0.0056329,0.00443792,0.05939907,0.49106981,middle,balanced_early
P00071,0.00569432,0.05387117,-4.80318481,0.04561753,lower,balanced_early
P00072,0.00575073,0.1188269,5.18051624,0.40742819,upper,balanced_early
P00073,0.00588097,0.03341432,-0.07622778,0.28817195,middle,balanced_early
P00074,0.00601518,0.05275089,4.99297199,0.45770838,upper,balanced_early
P00075,0.00602249,0.03404045,-4.89371153,0.01300713,lower,balanced_early
P00076,0.00605415,0.10222713,-4.95157262,0.11772186,lower,balanced_early
P00077,0.00612074,0.057064,5.07880776,0.49953057,upper,balanced_early
P00078,0.00626433,0.05046502,0.13833383,0.38836779,middle,balanced_early
P00079,0.00641491,0.04893837,-5.03621186,0.20751143,lower,balanced_early
P00080,0.00664263,0.06227125,5.01554229,0.46085273,upper,balanced_early
P00081,0.00688741,0.04007246,-5.21924357,0.0330495,lower,balanced_early
P00082,0.00714631,0.0938034,0.2765423,0.39955099,middle,balanced_early
P00083,0.0071584,0.07935408,-0.05045754,0.33057073,middle,balanced_early
P00084,0.00717697,0.04259511,0.18463075,0.33411358,middle,balanced_early
P00085,0.00719008,0.07414719,-4.83633458,0.0588822,lower,balanced_early
P00086,0.00748089,0.10567545,-4.73644396,0.0775507,lower,balanced_early
P00087,0.00766401,0.07091087,-5.08494232,0.02529469,lower,balanced_early
P00088,0.00773913,0.05175262,-4.98527619,0.11204336,lower,balanced_early
P00089,0.00773992,0.0275659,-4.92324472,0.00470144,lower,balanced_early
P00090,0.00780877,0.10617096,4.94349462,0.55967387,upper,balanced_early
P00091,0.00802114,0.09650596,-4.81971906,-0.03085881,lower,balanced_early
P00092,0.00803935,0.05063202,5.02246943,0.2655276,upper,balanced_early
P00093,0.00809954,0.08694106,0.10286171,0.31208649,middle,balanced_early
P00094,0.0081973,0.05830717,5.0519298,0.50061686,upper,balanced_early
P00095,0.00826118,0.09356214,5.06833776,0.40162773,upper,balanced_early
P00096,0.00827174,0.07839037,0.01632979,0.33289489,middle,balanced_early
P00097,0.0082876,0.1078226,5.27948402,0.52861276,upper,balanced_early
P00098,0.00835714,0.08935855,0.14051351,0.26608089,middle,balanced_early
P00099,0.00851252,0.10518871,-4.95200775,0.1235346,lower,balanced_early
P00100,0.00864999,0.10425202,0.16217376,0.36233651,middle,balanced_early
P00101,0.00883934,0.0703246,5.00762042,0.3993967,upper,balanced_early
P00102,0.00884448,0.0896406,-4.91213257,-0.00618185,lower,balanced_early
P00103,0.00884493,0.10711839,-4.93305632,-0.04008406,lower,balanced_early
P00104,0.00891915,0.11722352,0.17635606,0.32510687,middle,balanced_early
P00105,0.00894147,0.11980387,-0.02277762,0.3107393,middle,balanced_early
P00106,0.00905379,0.07148659,5.03591609,0.49255378,upper,balanced_early
P00107,0.00909875,0.07902451,-4.89975777,0.09551544,lower,balanced_early
P00108,0.00912039,0.06612922,-4.88982356,0.22478177,lower,balanced_early
P00109,0.00920258,0.09168013,0.03857854,0.41740449,middle,balanced_early
P00110,0.00939635,0.08211407,0.20615266,0.35434267,middle,balanced_early
P00111,0.00952719,0.10061518,0.00399565,0.39824193,middle,balanced_early
P00112,0.00953267,0.0906708,5.07451776,0.55934355,upper,balanced_early
P00113,0.00959762,0.06264417,-4.90439375,0.03233442,lower,balanced_early
P00114,0.00984245,0.07334973,-4.88790153,0.00308325,lower,balanced_early
P00115,0.01006166,0.10830612,-0.12106998,0.455901,middle,balanced_early
P00116,0.01010841,0.1266602,5.0874236,0.32747084,upper,balanced_early
P00117,0.01011817,0.09223008,4.94992366,0.40397988,upper,balanced_early
P00118,0.01013202,0.08039201,0.16583634,0.16237908,middle,balanced_early
P00119,0.01015027,0.12030356,0.04143327,0.36046443,middle,balanced_early
P00120,0.01028166,0.09167545,-5.10834373,-0.06646044,lower,balanced_early
P00121,0.01042477,0.121247,-4.79308368,0.15035827,lower,balanced_early
P00122,0.01052853,0.0907403,-0.05784954,0.459718,middle,balanced_early
P00123,0.01055769,0.07142792,0.13569764,0.25864974,middle,balanced_early
P00124,0.01062287,0.06378194,-5.08864048,-0.0272073,lower,balanced_early
P00125,0.0108874,0.1059445,-4.98140414,0.04402396,lower,balanced_early
P00126,0.01091948,0.10847488,4.95735193,0.46651752,upper,balanced_early
P00127,0.01105627,0.12774316,4.94493045,0.5531429,upper,balanced_early
P00128,0.01113094,0.10770218,0.12276883,0.45586138,middle,balanced_early
P00129,0.011166,0.13270834,5.24799634,0.5732703,upper,balanced_early
P00130,0.01118032,0.1033474,-4.88772692,0.03812446,lower,balanced_early
P00131,0.0111843,0.13822065,0.25770104,0.20561145,middle,balanced_early
P00132,0.01127521,0.1245724,-4.80848857,0.15809674,lower,balanced_early
P00133,0.01140029,0.14588764,-4.96186337,-0.13983841,lower,balanced_early
P00134,0.01161644,0.09300468,-5.06886073,0.00935469,lower,balanced_early
P00135,0.01173302,0.08796913,-4.98861636,0.15186547,lower,balanced_early
P00136,0.01186767,0.08799475,-5.01588697,0.10095037,lower,balanced_early
P00137,0.01192985,0.12615885,-4.82939738,0.15174921,lower,balanced_early
P00138,0.01198767,0.12413045,5.14916419,0.50168354,upper,balanced_early
P00139,0.01199685,0.13792812,-4.881205,0.03746915,lower,balanced_early
P00140,0.01201465,0.10691576,-4.98418481,0.04411766,lower,balanced_early
P00141,0.01202573,0.19474492,0.09804177,0.34620085,middle,balanced_early
P00142,0.01207521,0.13808125,0.20333766,0.43532689,middle,balanced_early
P00143,0.01212204,0.12911906,-5.2960092,0.25271332,lower,balanced_early
P00144,0.01212741,0.15196709,4.98865792,0.40966684,upper,balanced_early
P00145,0.0121588,0.11579974,0.17805221,0.45588189,middle,balanced_early
P00146,0.01244567,0.18842646,-4.96889316,0.28333684,lower,balanced_early
P00147,0.01249246,0.11917172,0.0675205,0.41901791,middle,balanced_early
P00148,0.0126177,0.13369953,0.18618318,0.42109506,middle,balanced_early
P00149,0.01273312,0.14883039,0.03172001,0.25415723,middle,balanced_early
P00150,0.01273858,0.12886172,-0.06207438,0.46695635,middle,balanced_early
P00151,0.01283311,0.09357291,-5.1727275,0.05844931,lower,balanced_early
P00152,0.01290395,0.18274094,5.31171003,0.33858827,upper,balanced_early
P00153,0.01298768,0.13196857,5.02128347,0.48831962,upper,balanced_early
P00154,0.01339428,0.14979689,-4.75164769,0.21160883,lower,balanced_early
P00155,0.01343681,0.13052115,0.00410814,0.41663787,middle,balanced_early
P00156,0.01352523,0.11918311,0.1744369,0.42660058,middle,balanced_early
P00157,0.0135728,0.16289865,0.17835698,0.29442204,middle,balanced_early
P00158,0.01384796,0.12537644,-0.01244872,0.37821238,middle,balanced_early
P00159,0.01387765,0.11267979,0.06339777,0.18955593,middle,balanced_early
P00160,0.01389789,0.13472124,0.08544234,0.21334133,middle,balanced_early
P00161,0.01392143,0.12681554,0.10146878,0.33983475,middle,balanced_early
P00162,0.01395307,0.13087048,-5.06481791,0.24497632,lower,balanced_early
P00163,0.01396543,0.14117857,0.02815409,0.42089779,middle,balanced_early
P00164,0.01423682,0.20802675,-5.01721841,0.05570393,lower,balanced_early
P00165,0.01440292,0.14376194,-5.06424764,0.02902427,lower,balanced_early
P00166,0.01448967,0.18468399,-4.98629287,0.00216189,lower,balanced_early
P00167,0.01457025,0.14433299,0.31855614,0.2799289,middle,balanced_early
P00168,0.01463869,0.19885683,0.05090162,0.42369172,middle,balanced_early
P00169,0.01473238,0.12340276,-5.19497739,0.14236934,lower,balanced_early
P00170,0.01503142,0.18784166,-4.88285076,0.22831185,lower,balanced_early
P00171,0.0150399,0.16123832,-4.88295477,0.05021049,lower,balanced_early
P00172,0.01506331,0.13453149,5.1349308,0.38036858,upper,balanced_early
P00173,0.01528229,0.13744398,0.03937784,0.44513498,middle,balanced_early
P00174,0.01543906,0.12946041,5.12920216,0.4995028,upper,balanced_early
P00175,0.01549465,0.17450429,0.04839138,0.41697208,middle,balanced_early
P00176,0.01562153,0.16601382,-5.06017939,0.16917851,lower,balanced_early
P00177,0.01567564,0.15392027,5.06731444,0.40800115,upper,balanced_early
P00178,0.01568258,0.10703924,-5.08008166,0.09050057,lower,balanced_early
P00179,0.015717,0.12487265,5.05332238,0.3533118,upper,balanced_early
P00180,0.01572735,0.12655857,-0.1543158,0.36541255,middle,balanced_early
P00181,0.0158478,0.15038023,5.1800598,0.4621493,upper,balanced_early
P00182,0.01587504,0.11327015,0.03531083,0.38046601,middle,balanced_early
P00183,0.01605861,0.15426005,-5.05123096,0.11732729,lower,balanced_early
P00184,0.01610311,0.15085749,0.07726017,0.45271055,middle,balanced_early
P00185,0.0161355,0.17025519,-5.01890105,-0.08272034,lower,balanced_early
P00186,0.01615208,0.15124399,-4.9709915,0.04688736,lower,balanced_early
P00187,0.01620293,0.14905683,5.18595591,0.4433484,upper,balanced_early
P00188,0.01623408,0.16633549,-5.26238613,0.10494345,lower,balanced_early
P00189,0.01627257,0.21816395,-4.85983015,0.27109742,lower,balanced_early
P00190,0.01628268,0.16046505,-4.77357901,0.08985066,lower,balanced_early
P00191,0.01660657,0.15227014,5.0250188,0.54358396,upper,balanced_early
P00192,0.01661231,0.15112315,0.03747947,0.43381321,middle,balanced_early
P00193,0.01675447,0.15607679,5.0381335,0.55676219,upper,balanced_early
P00194,0.01680512,0.15892578,5.22946112,0.57356446,upper,balanced_early
P00195,0.01681222,0.19268519,-4.96239998,-0.09843832,lower,balanced_early
P00196,0.01697119,0.103189,5.1984933,0.46446808,upper,balanced_early
P00197,0.01701223,0.18973523,0.12412977,0.3129156,middle,balanced_early
P00198,0.01701431,0.18649502,-4.80911189,0.00037755,lower,balanced_early
P00199,0.01708643,0.202762,5.26357007,0.3854857,upper,balanced_early
P00200,0.0173277,0.1713757,-4.85386249,0.08758998,lower,balanced_early
P00201,0.01738275,0.20876184,-4.86192926,-0.04083117,lower,balanced_early
P00202,0.01739782,0.17233863,5.04315373,0.28471522,upper,balanced_early
P00203,0.01740798,0.14502077,0.18826473,0.43238465,middle,balanced_early
P00204,0.01745359,0.17347935,0.10722168,0.49170647,middle,balanced_early
P00205,0.01757055,0.17972362,-4.75595171,0.1284868,lower,balanced_early
P00206,0.01758383,0.17822978,-4.98409808,0.19023404,lower,balanced_early
P00207,0.01760729,0.19320891,5.07868942,0.45925426,upper,balanced_early
P00208,0.01767707,0.1312943,5.13322922,0.56919602,upper,balanced_early
P00209,0.01777718,0.16597346,-4.93713354,0.11453106,lower,balanced_early
P00210,0.01781488,0.21242783,-5.11171116,0.08939961,lower,balanced_early
P00211,0.0178244,0.17896839,5.35025731,0.49289441,upper,balanced_early
P00212,0.01788087,0.18975689,-5.04962172,0.14566721,lower,balanced_early
P00213,0.0179056,0.1755365,5.13437712,0.35919873,upper,balanced_early
P00214,0.01810054,0.18661012,-4.99140941,0.03280413,lower,balanced_early
P00215,0.01820721,0.18924691,-4.86329176,0.2210145,lower,balanced_early
P00216,0.01828341,0.20160757,-5.08097082,0.01662802,lower,balanced_early
P00217,0.01829302,0.14938237,5.27290353,0.38965346,upper,balanced_early
P00218,0.01836827,0.15374474,5.21481328,0.47958792,upper,balanced_early
P00219,0.01846709,0.19593343,0.26260943,0.3366074,middle,balanced_early
P00220,0.01847453,0.19205264,-4.99695501,0.12205085,lower,balanced_early
P00221,0.01856329,0.21875669,-5.04748689,0.0479467,lower,balanced_early
P00222,0.01856549,0.15519764,0.05932381,0.46915086,middle,balanced_early
P00223,0.01870544,0.2010485,-4.9551026,0.07240085,lower,balanced_early
P00224,0.01886014,0.18834266,5.14915176,0.45190119,upper,balanced_early
P00225,0.01892787,0.22539935,-0.04228498,0.42997508,middle,balanced_early
P00226,0.01893726,0.19975354,-5.00761075,0.1830218,lower,balanced_early
P00227,0.01899407,0.21961988,5.18066769,0.51221854,upper,balanced_early
P00228,0.01904611,0.2011464,5.28595299,0.37433467,upper,balanced_early
P00229,0.01909038,0.22812063,0.04358969,0.42232875,middle,balanced_early
P00230,0.01913607,0.13555365,0.20196749,0.24867719,middle,balanced_early
P00231,0.01919005,0.19825477,-4.99548889,-0.01190342,lower,balanced_early
P00232,0.01938861,0.17763336,5.12361429,0.28407611,upper,balanced_early
P00233,0.01960775,0.1730941,0.15431667,0.28389486,middle,balanced_early
P00234,0.019629,0.19038533,0.15290424,0.38000878,middle,balanced_early
P00235,0.01966742,0.17635086,-4.91737129,0.0843099,lower,balanced_early
P00236,0.01982271,0.17106822,-4.87899167,0.13305289,lower,balanced_early
P00237,0.01986052,0.15597696,-4.8215944,-0.01166853,lower,balanced_early
P00238,0.01992211,0.20013848,5.01793257,0.26705392,upper,balanced_early
P00239,0.02012404,0.20211835,-5.04089405,0.0759772,lower,balanced_early
P00240,0.02023029,0.20971305,5.30806861,0.44271552,upper,balanced_early
P00241,0.02023198,0.20660231,0.09942761,0.43926394,middle,balanced_early
P00242,0.02031969,0.16491333,0.21178197,0.27102377,middle,balanced_early
P00243,0.0203804,0.17454584,-5.1328024,0.25195435,lower,balanced_early
P00244,0.02039435,0.22282872,-5.08326884,0.16663074,lower,balanced_early
P00245,0.02041989,0.20965797,5.0813477,0.52866786,upper,balanced_early
P00246,0.02046013,0.19432084,0.30322907,0.43766374,middle,balanced_early
P00247,0.02049403,0.20732321,-5.04542357,0.20952061,lower,balanced_early
P00248,0.02051454,0.15468437,5.11778299,0.44731336,upper,balanced_early
P00249,0.02057042,0.2068486,0.06469295,0.3830261,middle,balanced_early
P00250,0.02060804,0.22136263,5.15222308,0.47439775,upper,balanced_early
P00251,0.02065903,0.2166261,-5.03960635,0.25133804,lower,balanced_early
P00252,0.02067352,0.1674957,0.23296437,0.51434589,middle,balanced_early
P00253,0.02073643,0.19248238,5.27017313,0.5412672,upper,balanced_early
P00254,0.02088773,0.19488435,5.04383139,0.58989099,upper,balanced_early
P00255,0.02089122,0.22922705,-0.01002051,0.40451983,middle,balanced_early
P00256,0.02089558,0.21243402,5.1399693,0.37782662,upper,balanced_early
P00257,0.02094633,0.22056386,0.11363925,0.4068724,middle,balanced_early
P00258,0.02094912,0.21055255,-0.00733013,0.45841215,middle,balanced_early
P00259,0.02104781,0.22066448,-4.90474125,0.08118281,lower,balanced_early
P00260,0.02135714,0.1662525,4.80725587,0.52008173,upper,balanced_early
P00261,0.02153424,0.23055422,5.18061679,0.37355465,upper,balanced_early
P00262,0.02158689,0.1905163,-4.74267365,0.08442147,lower,balanced_early
P00263,0.02185496,0.23639037,5.05847533,0.35615057,upper,balanced_early
P00264,0.02188152,0.24094755,5.14785227,0.36679947,upper,balanced_early
P00265,0.0221899,0.25527244,-4.96331219,0.06829752,lower,balanced_early
P00266,0.02225307,0.24209425,-5.02553728,0.15662177,lower,balanced_early
P00267,0.022285,0.23251646,-5.0443165,0.10082177,lower,balanced_early
P00268,0.02230371,0.20321651,5.05457361,0.43686611,upper,balanced_early
P00269,0.02250689,0.24557222,-4.80569646,0.05006469,lower,balanced_early
P00270,0.02258773,0.21350987,4.98710389,0.48419715,upper,balanced_early
P00271,0.02260056,0.2661112,0.21183654,0.30809147,middle,balanced_early
P00272,0.02274664,0.20204441,-4.83028869,-0.04102395,lower,balanced_early
P00273,0.02277996,0.25322251,5.10529363,0.39860614,upper,balanced_early
P00274,0.02295911,0.25170292,-5.18223963,0.06429769,lower,balanced_early
P00275,0.02304343,0.20018104,5.03641117,0.44542915,upper,balanced_early
P00276,0.02305544,0.201795,5.07199901,0.48427143,upper,balanced_early
P00277,0.02322986,0.26405759,0.18154771,0.40132697,middle,balanced_early
P00278,0.02326701,0.23186969,5.16053742,0.46556817,upper,balanced_early
P00279,0.02366445,0.23287093,-4.94424423,0.11341101,lower,balanced_early
P00280,0.02368324,0.2734303,5.13208411,0.55713659,upper,balanced_early
P00281,0.02378226,0.18514895,0.16246561,0.51234715,middle,balanced_early
P00282,0.02379142,0.2082879,5.14745171,0.31516718,upper,balanced_early
P00283,0.02388964,0.23214539,5.1974647,0.50808257,upper,balanced_early
P00284,0.02395576,0.28554482,0.06384557,0.43193649,middle,balanced_early
P00285,0.02398838,0.31107222,5.0612144,0.49963347,upper,balanced_early
P00286,0.02402041,0.2564709,-4.85616032,0.28496724,lower,balanced_early
P00287,0.02413006,0.29746203,5.15492861,0.41663926,upper,balanced_early
P00288,0.02429219,0.23774575,-5.03595419,0.02511665,lower,balanced_early
P00289,0.0247641,0.25932174,4.99158673,0.57796044,upper,balanced_early
P00290,0.02509331,0.24505054,0.17312718,0.34107065,middle,balanced_early
P00291,0.02512552,0.22870627,0.17383871,0.40666577,middle,balanced_early
P00292,0.02535531,0.22949178,4.90521591,0.32261608,upper,balanced_early
P00293,0.02551117,0.25463063,-4.74308497,0.04302574,lower,balanced_early
P00294,0.02551309,0.25123262,0.09952117,0.25480875,middle,balanced_early
P00295,0.02552738,0.26261751,-4.88156047,0.2444448,lower,balanced_early
P00296,0.02553695,0.2495361,5.32342603,0.52237652,upper,balanced_early
P00297,0.02568348,0.24270925,-4.93264362,0.18722599,lower,balanced_early
P00298,0.02576002,0.29840633,5.2562744,0.50251951,upper,balanced_early
P00299,0.02577239,0.25844418,-0.02561,0.50048483,middle,balanced_early
P00300,0.02582417,0.23228565,0.27282616,0.25724179,middle,balanced_early
P00301,0.02585832,0.27518726,-4.86409574,0.14650329,lower,balanced_early
P00302,0.02588452,0.2219625,5.16441233,0.54253391,upper,balanced_early
P00303,0.02602711,0.27690899,5.16259863,0.35394736,upper,balanced_early
P00304,0.02606121,0.26607198,5.17758561,0.39813599,upper,balanced_early
P00305,0.0261532,0.25541081,5.25493963,0.55278276,upper,balanced_early
P00306,0.02615524,0.24358998,-5.02092506,0.14897759,lower,balanced_early
P00307,0.0265139,0.26344094,5.28518174,0.38962288,upper,balanced_early
P00308,0.02654274,0.27388416,5.19198359,0.43854779,upper,balanced_early
P00309,0.02656642,0.26033983,4.98419697,0.48106165,upper,balanced_early
P00310,0.02670717,0.29059194,-0.04943859,0.41191063,middle,balanced_early
P00311,0.02676923,0.32107084,-4.88903363,0.2099197,lower,balanced_early
P00312,0.02682771,0.24066031,0.2606053,0.47564963,middle,balanced_early
P00313,0.0268652,0.23496656,5.27491046,0.49522988,upper,balanced_early
P00314,0.02694185,0.27980222,-4.77053826,0.30506198,lower,balanced_early
P00315,0.02695511,0.25562709,-4.90857556,0.22879695,lower,balanced_early
P00316,0.02695579,0.2942901,-4.94680049,0.1759539,lower,balanced_early
P00317,0.02703293,0.27077252,0.17313849,0.21312004,middle,balanced_early
P00318,0.02703786,0.27132921,5.15000535,0.44389504,upper,balanced_early
P00319,0.02717239,0.25658465,-5.02983978,0.17478184,lower,balanced_early
P00320,0.02717979,0.26044347,0.20793556,0.42574305,middle,balanced_early
P00321,0.02719003,0.27712417,5.3282702,0.36714692,upper,balanced_early
P00322,0.02720636,0.22038461,0.01416435,0.39400002,middle,balanced_early
P00323,0.02721717,0.28253636,-0.05367751,0.41520814,middle,balanced_early
P00324,0.02722321,0.24906047,5.06975043,0.51786575,upper,balanced_early
P00325,0.02725175,0.26108366,-5.03375284,0.08266278,lower,balanced_early
P00326,0.02729972,0.2921949,5.01477304,0.39864393,upper,balanced_early
P00327,0.02739431,0.30491906,-4.9299493,0.16162908,lower,balanced_early
P00328,0.02754674,0.25344076,0.00005362,0.40925535,middle,balanced_early
P00329,0.02774869,0.27263245,0.09229161,0.49276187,middle,balanced_early
P00330,0.02776243,0.24817646,-4.86841899,0.12493454,lower,balanced_early
P00331,0.02782339,0.29118887,5.24485621,0.47344309,upper,balanced_early
P00332,0.02785886,0.3029175,4.98781427,0.46198638,upper,balanced_early
P00333,0.02794732,0.2650495,5.1262723,0.46197846,upper,balanced_early
P00334,0.02797734,0.32335871,4.9460795,0.38154491,upper,balanced_early
P00335,0.02815242,0.29588728,-5.04319421,0.10771768,lower,balanced_early
P00336,0.02815832,0.29027434,0.10253553,0.49386991,middle,balanced_early
P00337,0.02817436,0.2664367,5.21574813,0.45061707,upper,balanced_early
P00338,0.02833354,0.28117006,-4.83961322,0.04930255,lower,balanced_early
P00339,0.0286703,0.29018425,0.02679249,0.43508278,middle,balanced_early
P00340,0.0286804,0.33720429,-4.94356467,0.1800451,lower,balanced_early
P00341,0.02887727,0.32303955,0.11725351,0.43358186,middle,balanced_early
P00342,0.02904735,0.25588242,5.16646459,0.41229085,upper,balanced_early
P00343,0.0291049,0.30215653,-5.10110043,0.23221474,lower,balanced_early
P00344,0.02941322,0.29150129,-4.96011048,0.07768665,lower,balanced_early
P00345,0.02942796,0.30128419,5.14240729,0.24589828,upper,balanced_early
P00346,0.02947334,0.32364207,0.04029291,0.38947897,middle,balanced_early
P00347,0.02984545,0.35842951,0.15720489,0.31219792,middle,balanced_early
P00348,0.02991121,0.29599136,5.06809672,0.50261584,upper,balanced_early
P00349,0.02994241,0.30611866,0.00797418,0.20676763,middle,balanced_early
P00350,0.03008202,0.28825214,5.11891777,0.45240301,upper,balanced_early
P00351,0.03009581,0.34136902,0.09284115,0.4496298,middle,balanced_early
P00352,0.03029913,0.26719291,0.133655,0.43529205,middle,balanced_early
P00353,0.03032004,0.28685231,-4.97455411,0.14268459,lower,balanced_early
P00354,0.03040663,0.31006783,4.97786367,0.47683447,upper,balanced_early
P00355,0.03045179,0.24349313,-4.96135174,0.05924324,lower,balanced_early
P00356,0.03048606,0.27034332,5.27168626,0.47031269,upper,balanced_early
P00357,0.03050112,0.31149178,0.13441742,0.32654889,middle,balanced_early
P00358,0.03051514,0.25847906,-4.90172359,0.06066071,lower,balanced_early
P00359,0.03056223,0.3056458,0.10302084,0.49349751,middle,balanced_early
P00360,0.03062074,0.32098035,0.15007938,0.43860997,middle,balanced_early
P00361,0.0306325,0.26855213,-0.03030539,0.39221703,middle,balanced_early
P00362,0.03078983,0.32321587,0.10531388,0.44198543,middle,balanced_early
P00363,0.03082717,0.33174031,0.11631857,0.39899682,middle,balanced_early
P00364,0.03086434,0.34354625,-5.00105865,0.26223879,lower,balanced_early
P00365,0.03095357,0.27832213,0.09678142,0.48669915,middle,balanced_early
P00366,0.03103794,0.28526036,-4.8706114,0.1536509,lower,balanced_early
P00367,0.03110635,0.32779767,5.22602835,0.50560075,upper,balanced_early
P00368,0.03150445,0.36129212,5.09041941,0.49851125,upper,balanced_early
P00369,0.03165005,0.2578973,5.07956712,0.70894186,upper,balanced_early
P00370,0.03188008,0.29346676,-5.03817897,0.25787723,lower,balanced_early
P00371,0.0319066,0.35438294,0.22982541,0.36880337,middle,balanced_early
P00372,0.03195629,0.32850786,-4.96507994,0.20648636,lower,balanced_early
P00373,0.0319923,0.26944664,5.13298852,0.41702194,upper,balanced_early
P00374,0.0320098,0.35434082,-5.00590417,0.13319616,lower,balanced_early
P00375,0.03201122,0.32706747,-5.03860612,0.27523882,lower,balanced_early
P00376,0.03226825,0.28518849,0.10169377,0.35635339,middle,balanced_early
P00377,0.03230284,0.28042328,-5.09560276,0.18991449,lower,balanced_early
P00378,0.03232417,0.32475462,-0.0725134,0.48293608,middle,balanced_early
P00379,0.03237084,0.35376314,5.03841612,0.50379636,upper,balanced_early
P00380,0.03253429,0.34400719,-4.93233759,0.17448414,lower,balanced_early
P00381,0.03270852,0.33486427,5.35212918,0.26718341,upper,balanced_early
P00382,0.03284567,0.28149753,-4.7605213,0.30415158,lower,balanced_early
P00383,0.03305294,0.39898322,-4.98432341,0.31673802,lower,balanced_early
P00384,0.03325851,0.33370906,0.14880917,0.44593008,middle,balanced_early
P00385,0.033333,0.35768905,0.14825741,0.40289478,middle,balanced_early
P00386,0.03335476,0.33832269,4.85446299,0.43386061,upper,balanced_early
P00387,0.03344921,0.34723655,0.22918417,0.51910131,middle,balanced_early
P00388,0.03346813,0.3166828,5.07668784,0.45705155,upper,balanced_early
P00389,0.03354743,0.32653176,0.26839386,0.23196436,middle,balanced_early
P00390,0.03371848,0.33153702,0.01238332,0.35547392,middle,balanced_early
P00391,0.03385524,0.36697885,4.91081608,0.41862375,upper,balanced_early
P00392,0.0338733,0.30085096,-0.13681521,0.37643133,middle,balanced_early
P00393,0.03391943,0.33119691,-0.14093427,0.37972088,middle,balanced_early
P00394,0.03430865,0.29763013,0.0794572,0.40037738,middle,balanced_early
P00395,0.0343101,0.36758013,5.26231041,0.2861324,upper,balanced_early
P00396,0.03440019,0.3386629,-5.27644915,0.15693305,lower,balanced_early
P00397,0.0344565,0.30341985,-4.88299791,-0.031117,lower,balanced_early
P00398,0.03447569,0.32036677,0.06262231,0.45518242,middle,balanced_early
P00399,0.03452731,0.32894765,-4.88949321,0.3851318,lower,balanced_early
P00400,0.0345725,0.3764173,5.21112206,0.37881982,upper,balanced_early
P00401,0.03457356,0.37439834,-0.03010544,0.53161969,middle,balanced_early
P00402,0.03486056,0.33082136,5.01990086,0.33311184,upper,balanced_early
P00403,0.03490576,0.33657637,0.01069326,0.64941705,middle,balanced_early
P00404,0.03495571,0.33520478,-0.11267761,0.38484401,middle,balanced_early
P00405,0.03501603,0.32998711,0.08984385,0.37212562,middle,balanced_early
P00406,0.03512395,0.29833185,-4.89726936,0.07448956,lower,balanced_early
P00407,0.03523566,0.35609639,-4.89936153,0.155103,lower,balanced_early
P00408,0.03524178,0.35574474,4.89269483,0.39718774,upper,balanced_early
P00409,0.03552486,0.3730871,5.19154725,0.35301184,upper,balanced_early
P00410,0.03570073,0.40135713,-4.96004631,0.1899055,lower,balanced_early
P00411,0.03573853,0.32882836,0.01384573,0.36642073,middle,balanced_early
P00412,0.03576925,0.36113374,-5.07969136,0.18551156,lower,balanced_early
P00413,0.03577106,0.38550179,0.29138638,0.51529193,middle,balanced_early
P00414,0.03589241,0.3159915,-4.9247317,0.19799658,lower,balanced_early
P00415,0.0359063,0.3603526,-4.96031107,0.17311447,lower,balanced_early
P00416,0.03607245,0.31699546,-0.08491842,0.34680046,middle,balanced_early
P00417,0.03614444,0.30812768,0.10885134,0.62667277,middle,balanced_early
P00418,0.0361483,0.39662047,-4.95105151,0.17869884,lower,balanced_early
P00419,0.03624741,0.35752287,0.33971418,0.3266097,middle,balanced_early
P00420,0.03631108,0.36385754,-4.91786894,0.19221311,lower,balanced_early
P00421,0.03634363,0.35872808,5.23458833,0.51038193,upper,balanced_early
P00422,0.03634864,0.37111788,-5.04102365,0.20329008,lower,balanced_early
P00423,0.03644183,0.36699043,5.16236933,0.40231172,upper,balanced_early
P00424,0.03655812,0.32173106,0.26169151,0.34275778,middle,balanced_early
P00425,0.03656113,0.41997623,5.20171768,0.32511674,upper,balanced_early
P00426,0.03659842,0.34300096,5.09707313,0.33503302,upper,balanced_early
P00427,0.03660978,0.41271685,0.19033916,0.29801235,middle,balanced_early
P00428,0.0368047,0.37189075,5.04761315,0.3215435,upper,balanced_early
P00429,0.03697114,0.34777146,-5.02104942,0.35223522,lower,balanced_early
P00430,0.03703776,0.39473582,-4.88433919,0.28879186,lower,balanced_early
P00431,0.03715809,0.3726185,5.1551056,0.45291824,upper,balanced_early
P00432,0.03719812,0.35012945,0.06876818,0.42906577,middle,balanced_early
P00433,0.03722413,0.31629185,4.92970145,0.43008963,upper,balanced_early
P00434,0.03739531,0.39418755,-0.13628883,0.34096932,middle,balanced_early
P00435,0.03741065,0.38671429,-4.97444328,0.17654647,lower,balanced_early
P00436,0.03750488,0.37222134,5.28759994,0.31164544,upper,balanced_early
P00437,0.03752238,0.35674919,5.23611901,0.52609369,upper,balanced_early
P00438,0.03756495,0.36567763,5.24381318,0.43419625,upper,balanced_early
P00439,0.03764417,0.37069648,0.13088031,0.31202265,middle,balanced_early
P00440,0.03768643,0.37992269,5.15947697,0.37926495,upper,balanced_early
P00441,0.03789414,0.35692035,0.13428195,0.49826288,middle,balanced_early
P00442,0.03790115,0.43070968,0.19390633,0.368105,middle,balanced_early
P00443,0.03801368,0.42938337,-5.05403443,0.04586616,lower,balanced_early
P00444,0.03805384,0.39496301,-4.86986974,0.27643979,lower,balanced_early
P00445,0.03811172,0.37326509,-4.9340203,0.19742891,lower,balanced_early
P00446,0.03813962,0.36459157,4.94494446,0.42429227,upper,balanced_early
P00447,0.03816282,0.40208518,5.06539836,0.64290707,upper,balanced_early
P00448,0.03818662,0.39586097,-5.109661,0.28805207,lower,balanced_early
P00449,0.03829435,0.33686637,-4.91971526,0.21276746,lower,balanced_early
P00450,0.03830102,0.37831937,-4.79419814,0.11938655,lower,balanced_early
P00451,0.03833998,0.36346197,5.03598082,0.47451595,upper,balanced_early
P00452,0.0383642,0.35705483,-4.94604984,0.19751021,lower,balanced_early
P00453,0.03844885,0.36153355,0.10792859,0.47013042,middle,balanced_early
P00454,0.03851688,0.39921564,-4.8422177,0.20466107,lower,balanced_early
P00455,0.03861831,0.38423402,0.12537074,0.42147653,middle,balanced_early
P00456,0.03862623,0.33990807,5.01847157,0.43491517,upper,balanced_early
P00457,0.03865299,0.35979781,-4.82284848,0.14817819,lower,balanced_early
P00458,0.03871728,0.38280847,5.01494707,0.47819946,upper,balanced_early
P00459,0.03878354,0.36891469,5.18283994,0.47334178,upper,balanced_early
P00460,0.03880522,0.39137847,-4.96262941,0.27911724,lower,balanced_early
P00461,0.03884037,0.39549356,0.02564371,0.40010529,middle,balanced_early
P00462,0.03893309,0.40054244,-4.97402862,0.25753706,lower,balanced_early
P00463,0.03898489,0.44792971,5.22963095,0.37462819,upper,balanced_early
P00464,0.03902448,0.39546966,0.09126295,0.49899612,middle,balanced_early
P00465,0.03910456,0.43015389,4.97179897,0.38546203,upper,balanced_early
P00466,0.03932266,0.40425794,-0.05141639,0.38729339,middle,balanced_early
P00467,0.03935571,0.3726381,-4.97151243,0.19365208,lower,balanced_early
P00468,0.03937972,0.40221443,5.25428531,0.59085361,upper,balanced_early
P00469,0.03944723,0.44046795,0.22832356,0.51786792,middle,balanced_early
P00470,0.03958764,0.39438495,5.30256513,0.39661603,upper,balanced_early
P00471,0.03961028,0.43338563,-5.0678487,0.27325453,lower,balanced_early
P00472,0.03962119,0.39663308,4.98543882,0.26662927,upper,balanced_early
P00473,0.03966439,0.36557428,5.19336043,0.29353454,upper,balanced_early
P00474,0.03974155,0.40089817,-5.01425185,0.37587247,lower,balanced_early
P00475,0.03985578,0.36792192,5.11625736,0.37028852,upper,balanced_early
P00476,0.03995159,0.39489883,-4.99406985,0.28675309,lower,balanced_early
P00477,0.04007187,0.39805607,-5.05363419,0.2292758,lower,balanced_early
P00478,0.0401367,0.3894428,0.21408313,0.28742572,middle,balanced_early
P00479,0.0401612,0.41915749,-5.06305406,0.21465819,lower,balanced_early
P00480,0.04019028,0.40561944,0.01706134,0.46385289,middle,balanced_early
P00481,0.04023128,0.40017672,-4.87044609,0.20487768,lower,balanced_early
P00482,0.04032499,0.4054387,0.02661101,0.44066314,middle,balanced_early
P00483,0.04041251,0.42312813,5.31434536,0.39962898,upper,balanced_early
P00484,0.04070357,0.41277691,0.16520902,0.31395614,middle,balanced_early
P00485,0.04074868,0.43137296,0.08632893,0.46090573,middle,balanced_early
P00486,0.04079347,0.38555688,-4.79633309,0.34449491,lower,balanced_early
P00487,0.04100455,0.43684795,0.25206872,0.37136015,middle,balanced_early
P00488,0.04146927,0.44641945,5.12154879,0.31548442,upper,balanced_early
P00489,0.04155443,0.34980565,-0.0015212,0.35226769,middle,balanced_early
P00490,0.04159428,0.42525056,-4.96779499,0.306649,lower,balanced_early
P00491,0.04168267,0.4210089,-4.91023822,0.27348761,lower,balanced_early
P00492,0.04180653,0.42701508,5.22593638,0.38492155,upper,balanced_early
P00493,0.04188013,0.35944426,5.30577044,0.30503254,upper,balanced_early
P00494,0.04195008,0.36600871,5.20351256,0.26687389,upper,balanced_early
P00495,0.0420916,0.40759809,-4.87542674,0.22715649,lower,balanced_early
P00496,0.04217565,0.40502965,5.009258,0.57073281,upper,balanced_early
P00497,0.04233713,0.44281105,-4.66292007,0.22951766,lower,balanced_early
P00498,0.04253739,0.41604964,5.18907809,0.36927539,upper,balanced_early
P00499,0.04258528,0.42824223,5.25476043,0.41995507,upper,balanced_early
P00500,0.0426058,0.41956658,0.1102144,0.36002562,middle,balanced_early
P00501,0.04263229,0.46619713,5.06989812,0.54452532,upper,balanced_early
P00502,0.04270728,0.45445578,5.1151477,0.37075731,upper,balanced_early
P00503,0.0427277,0.38258332,-4.89486259,0.25977364,lower,balanced_early
P00504,0.04279328,0.42918867,0.17535851,0.43406881,middle,balanced_early
P00505,0.04280143,0.48780261,-5.04192691,0.09067125,lower,balanced_early
P00506,0.0428646,0.44295113,-0.03578309,0.36876797,middle,balanced_early
P00507,0.04299402,0.45112671,0.01900122,0.41843248,middle,balanced_early
P00508,0.04317607,0.43080949,-4.96442972,0.14563008,lower,balanced_early
P00509,0.04320441,0.42213027,-4.93905729,0.28794487,lower,balanced_early
P00510,0.04326512,0.46753511,-4.90455156,0.04633986,lower,balanced_early
P00511,0.04328164,0.41144503,5.21761902,0.38993955,upper,balanced_early
P00512,0.04330857,0.4493316,5.07023294,0.47931747,upper,balanced_early
P00513,0.04343124,0.42973022,0.11651489,0.46884801,middle,balanced_early
P00514,0.04357585,0.42975726,5.34428874,0.51266109,upper,balanced_early
P00515,0.04371413,0.4662576,-4.82031994,0.3515157,lower,balanced_early
P00516,0.04373169,0.45777371,4.98601104,0.30365158,upper,balanced_early
P00517,0.04380809,0.44044531,5.20815781,0.46178225,upper,balanced_early
P00518,0.04405975,0.46190801,0.31304964,0.37351473,middle,balanced_early
P00519,0.04430427,0.4728021,-5.02084147,0.33508584,lower,balanced_early
P00520,0.04432436,0.43151509,5.19665304,0.3802491,upper,balanced_early
P00521,0.0444549,0.43482387,-0.06580573,0.3823326,middle,balanced_early
P00522,0.0448159,0.42604754,5.03541859,0.37801225,upper,balanced_early
P00523,0.0448659,0.4681627,0.31597299,0.46114569,middle,balanced_early
P00524,0.04488341,0.43456231,-5.07460806,0.18940996,lower,balanced_early
P00525,0.04490452,0.43620615,4.98188859,0.42511657,upper,balanced_early
P00526,0.04493356,0.47687183,-4.960199,0.15888944,lower,balanced_early
P00527,0.04494928,0.48397555,5.16399488,0.36344739,upper,balanced_early
P00528,0.04495905,0.42317822,5.26394353,0.48227021,upper,balanced_early
P00529,0.0450121,0.45843079,-4.90881868,0.26822236,lower,balanced_early
P00530,0.04507769,0.46489761,-4.8131486,0.22458067,lower,balanced_early
P00531,0.04534155,0.42545288,5.11766596,0.32283021,upper,balanced_early
P00532,0.04556131,0.42539037,0.18849461,0.43726889,middle,balanced_early
P00533,0.04559994,0.41846425,-4.82887266,0.13396974,lower,balanced_early
P00534,0.04562951,0.45125119,4.9283766,0.35959061,upper,balanced_early
P00535,0.04563225,0.45610099,5.04723723,0.32457748,upper,balanced_early
P00536,0.04574045,0.44453443,0.04921908,0.63255214,middle,balanced_early
P00537,0.04574439,0.50501522,5.04779095,0.35875567,upper,balanced_early
P00538,0.04581296,0.41886928,5.00631504,0.35660392,upper,balanced_early
P00539,0.04589704,0.49811582,-0.01097751,0.34230016,middle,balanced_early
P00540,0.04598767,0.4953549,0.17168744,0.43859207,middle,balanced_early
P00541,0.04599653,0.42641766,0.09850494,0.39654996,middle,balanced_early
P00542,0.04601793,0.49041577,-0.01249565,0.40090277,middle,balanced_early
P00543,0.04607427,0.43028668,5.2239301,0.43293978,upper,balanced_early
P00544,0.04607435,0.43544294,-4.88451719,0.39073596,lower,balanced_early
P00545,0.04608482,0.43192449,5.04392281,0.52921093,upper,balanced_early
P00546,0.04610355,0.44397088,0.03779464,0.61826903,middle,balanced_early
P00547,0.04614677,0.50340684,0.10355603,0.34604911,middle,balanced_early
P00548,0.04622472,0.40530541,0.04278234,0.3341949,middle,balanced_early
P00549,0.0463195,0.47841382,5.05035196,0.53161784,upper,balanced_early
P00550,0.04635341,0.49762106,4.96900477,0.44790614,upper,balanced_early
P00551,0.04650463,0.44957594,5.14155491,0.30497386,upper,balanced_early
P00552,0.04651198,0.45728764,-4.90357937,0.2266171,lower,balanced_early
P00553,0.04653489,0.45145411,5.23946204,0.39199905,upper,balanced_early
P00554,0.04660297,0.47623147,5.00003156,0.23366979,upper,balanced_early
P00555,0.04667327,0.4704044,5.10998092,0.39847827,upper,balanced_early
P00556,0.04677525,0.46911334,-4.86567976,0.26040008,lower,balanced_early
P00557,0.04679016,0.44208635,0.07980892,0.47203673,middle,balanced_early
P00558,0.04682591,0.48468943,0.10932175,0.34243974,middle,balanced_early
P00559,0.04689754,0.48494581,5.06056674,0.35603545,upper,balanced_early
P00560,0.04702712,0.43933785,0.03399033,0.43799489,middle,balanced_early
P00561,0.04711975,0.45565413,-4.7816902,0.18275395,lower,balanced_early
P00562,0.04735273,0.4915701,-4.98866021,0.35842167,lower,balanced_early
P00563,0.04743831,0.44557026,5.16042743,0.34867777,upper,balanced_early
P00564,0.04745286,0.50360682,-0.04866009,0.31209237,middle,balanced_early
P00565,0.04746049,0.50222864,0.22733049,0.46615889,middle,balanced_early
P00566,0.04756924,0.51909193,5.00858239,0.48341924,upper,balanced_early
P00567,0.04764054,0.4747945,5.08032429,0.41290233,upper,balanced_early
P00568,0.04771855,0.46772193,5.1479524,0.43261372,upper,balanced_early
P00569,0.04772534,0.48497642,0.16938765,0.51507999,middle,balanced_early
P00570,0.04772675,0.48457716,4.97407114,0.33245188,upper,balanced_early
P00571,0.04821651,0.49614114,-0.03273502,0.34431052,middle,balanced_early
P00572,0.04823229,0.43579009,-5.05085892,0.24080484,lower,balanced_early
P00573,0.0483043,0.45150363,0.22328774,0.53089055,middle,balanced_early
P00574,0.04838863,0.50011348,0.15790549,0.43805075,middle,balanced_early
P00575,0.04840161,0.46627649,5.15407777,0.50476223,upper,balanced_early
P00576,0.04855774,0.48680864,0.07740154,0.36512919,middle,balanced_early
P00577,0.04863861,0.508016,0.18801354,0.35438153,middle,balanced_early
P00578,0.0487741,0.52024614,0.11030998,0.46532089,middle,balanced_early
P00579,0.04880021,0.52465937,0.00793161,0.39068919,middle,balanced_early
P00580,0.04893221,0.48326071,0.00607511,0.41222792,middle,balanced_early
P00581,0.04902813,0.50666021,4.95045642,0.41761661,upper,balanced_early
P00582,0.04917833,0.49738591,5.24310441,0.3875004,upper,balanced_early
P00583,0.04920994,0.52257925,5.00407175,0.33530456,upper,balanced_early
P00584,0.04949117,0.45047231,5.13428417,0.36678238,upper,balanced_early
P00585,0.04956939,0.4902644,-4.9111632,0.29492138,lower,balanced_early
P00586,0.04958864,0.47021853,5.1559115,0.37708031,upper,balanced_early
P00587,0.04965354,0.43817516,-4.88798277,0.25581907,lower,balanced_early
P00588,0.04980842,0.47254755,-5.07632141,0.22947226,lower,balanced_early
P00589,0.04983102,0.50485841,-0.03475845,0.32723272,middle,balanced_early
P00590,0.04994374,0.54696592,-4.97703471,0.28597657,lower,balanced_early
P00591,0.05005279,0.50292305,5.2399844,0.28521978,upper,balanced_early
P00592,0.05009958,0.50847101,5.0686128,0.36225772,upper,balanced_early
P00593,0.05018226,0.51915133,-4.74609924,0.12344668,lower,balanced_early
P00594,0.05032826,0.44538284,-4.90840765,0.27559008,lower,balanced_early
P00595,0.05035064,0.51111949,0.28426603,0.43458256,middle,balanced_early
P00596,0.0504072,0.5074413,-5.08684135,0.27205873,lower,balanced_early
P00597,0.05056151,0.48319062,-5.1780762,0.40078755,lower,balanced_early
P00598,0.05062219,0.49941962,-5.15470002,0.2035572,lower,balanced_early
P00599,0.05075107,0.53910838,0.14652004,0.37470918,middle,balanced_early
P00600,0.05076421,0.48259183,5.08277966,0.30683368,upper,balanced_early
P00601,0.05092027,0.52069728,0.03038494,0.39913154,middle,balanced_early
P00602,0.0509588,0.53239236,0.18392062,0.4838167,middle,balanced_early
P00603,0.05114728,0.52193089,-5.09383125,0.3356472,lower,balanced_early
P00604,0.05124406,0.52843228,-4.86633186,0.23697179,lower,balanced_early
P00605,0.05130336,0.53044609,0.08085651,0.39689591,middle,balanced_early
P00606,0.05131638,0.47240598,-5.00146466,0.2356224,lower,balanced_early
P00607,0.05138234,0.44136276,-4.98040939,0.37751312,lower,balanced_early
P00608,0.05144656,0.51586689,5.11735652,0.28192256,upper,balanced_early
P00609,0.05150765,0.47735926,0.19280155,0.54596065,middle,balanced_early
P00610,0.05166992,0.53609188,0.11138405,0.50328244,middle,balanced_early
P00611,0.05175048,0.51798056,0.18300213,0.40424819,middle,balanced_early
P00612,0.0518384,0.50288416,-0.05082965,0.35470062,middle,balanced_early
P00613,0.05186938,0.51347944,-4.91685226,0.37947682,lower,balanced_early
P00614,0.05193167,0.53839654,0.09211599,0.38870911,middle,balanced_early
P00615,0.05198376,0.52535448,0.17190227,0.46864592,middle,balanced_early
P00616,0.05200481,0.54036887,-4.9142163,0.33515108,lower,balanced_early
P00617,0.05201207,0.50199856,5.10458527,0.21930658,upper,balanced_early
P00618,0.05215449,0.49905686,5.06831028,0.4063611,upper,balanced_early
P00619,0.05220459,0.52366956,5.14077823,0.17041009,upper,balanced_early
P00620,0.05240564,0.53169871,-4.70779809,0.15684138,lower,balanced_early
P00621,0.05242617,0.49809249,5.20617301,0.26643109,upper,balanced_early
P00622,0.05245229,0.53152607,-4.81961505,0.13465059,lower,balanced_early
P00623,0.05252308,0.47984349,5.14448545,0.25335295,upper,balanced_early
P00624,0.05265572,0.54999944,5.0909016,0.57509038,upper,balanced_early
P00625,0.05283112,0.4735818,0.0418821,0.48755125,middle,balanced_early
P00626,0.05297164,0.54675935,0.18978265,0.42466621,middle,balanced_early
P00627,0.05303417,0.53691862,5.22090024,0.39685372,upper,balanced_early
P00628,0.05306525,0.5422015,-4.94016061,0.27421526,lower,balanced_early
P00629,0.05309486,0.53989266,5.07110707,0.38221766,upper,balanced_early
P00630,0.05332045,0.57086462,-4.88459568,0.29168083,lower,balanced_early
P00631,0.05334329,0.50461715,-5.13894195,0.23041138,lower,balanced_early
P00632,0.05358977,0.49670963,-5.18326869,0.26887905,lower,balanced_early
P00633,0.05372026,0.50790023,0.04377593,0.63116092,middle,balanced_early
P00634,0.05372162,0.54572329,0.03091595,0.50175055,middle,balanced_early
P00635,0.05376108,0.50803015,-4.71311029,0.42052417,lower,balanced_early
P00636,0.05415602,0.5255259,-5.07122643,0.20093914,lower,balanced_early
P00637,0.05419192,0.58789368,-4.92170662,0.22998477,lower,balanced_early
P00638,0.05419605,0.58107684,5.16047321,0.29970231,upper,balanced_early
P00639,0.05428478,0.56328643,5.155001,0.41322162,upper,balanced_early
P00640,0.05449137,0.52076821,0.03547863,0.35962771,middle,balanced_early
P00641,0.054556,0.51431086,0.1885854,0.38430973,middle,balanced_early
P00642,0.05467376,0.53660455,-4.87246706,0.27214831,lower,balanced_early
P00643,0.05469753,0.53022041,0.12248494,0.48708983,middle,balanced_early
P00644,0.05476981,0.51167474,0.02941699,0.32490231,middle,balanced_early
P00645,0.05488391,0.52121597,0.26485579,0.47708618,middle,balanced_early
P00646,0.05496266,0.53469101,-4.95746291,0.15344984,lower,balanced_early
P00647,0.05503534,0.568472,0.12816945,0.45493151,middle,balanced_early
P00648,0.05516146,0.56402559,5.24748034,0.24712601,upper,balanced_early
P00649,0.05516325,0.58240257,5.12902657,0.23295959,upper,balanced_early
P00650,0.05523443,0.5590412,0.34078196,0.44867406,middle,balanced_early
P00651,0.0554722,0.53298861,0.17914814,0.51930265,middle,balanced_early
P00652,0.05552112,0.55733406,5.16365882,0.27145136,upper,balanced_early
P00653,0.05557543,0.50459888,-5.07297795,0.26865454,lower,balanced_early
P00654,0.05579812,0.4928513,5.17285346,0.34428632,upper,balanced_early
P00655,0.05580428,0.55144074,0.30066385,0.41123954,middle,balanced_early
P00656,0.05588059,0.55803761,5.15144935,0.30717543,upper,balanced_early
P00657,0.05589197,0.56657728,-0.08422771,0.51194757,middle,balanced_early
P00658,0.05593974,0.59820936,-4.9353588,0.35089977,lower,balanced_early
P00659,0.05607728,0.53658809,0.16462577,0.47161,middle,balanced_early
P00660,0.05607885,0.55465759,-0.00956572,0.61900822,middle,balanced_early
P00661,0.05608189,0.59020533,5.10815091,0.39434507,upper,balanced_early
P00662,0.05610549,0.57565473,0.05032771,0.47450952,middle,balanced_early
P00663,0.05618689,0.56900053,-5.16326926,0.14552474,lower,balanced_early
P00664,0.05638074,0.52048439,0.10570745,0.44027231,middle,balanced_early
P00665,0.05663808,0.54305955,5.06955124,0.22090574,upper,balanced_early
P00666,0.05680259,0.59839076,-4.95176205,0.42349218,lower,balanced_early
P00667,0.05683037,0.57044714,0.14937434,0.48507904,middle,balanced_early
P00668,0.05687323,0.54664413,-5.08115405,0.38170643,lower,balanced_early
P00669,0.05713456,0.53424199,5.19849642,0.39670468,upper,balanced_early
P00670,0.05741851,0.54058292,0.08636635,0.38698942,middle,balanced_early
P00671,0.05744373,0.57774989,-4.84400179,0.333164,lower,balanced_early
P00672,0.05753926,0.57390489,-5.09154222,0.33259028,lower,balanced_early
P00673,0.05770235,0.58555828,-4.97357814,0.36182173,lower,balanced_early
P00674,0.05783333,0.59413368,0.06040651,0.40431183,middle,balanced_early
P00675,0.05788976,0.55762663,0.16177157,0.3950599,middle,balanced_early
P00676,0.05815162,0.56800624,-0.00201694,0.54480903,middle,balanced_early
P00677,0.05822064,0.57974546,0.08543735,0.55079954,middle,balanced_early
P00678,0.0582856,0.52833914,-5.1050212,0.24406293,lower,balanced_early
P00679,0.05829054,0.57242044,-4.96496348,0.15366567,lower,balanced_early
P00680,0.05830869,0.59777448,-4.82853495,0.36905924,lower,balanced_early
P00681,0.0584305,0.55493666,-4.85173003,0.39901913,lower,balanced_early
P00682,0.05861931,0.55615281,5.20882843,0.32838495,upper,balanced_early
P00683,0.05865584,0.57356348,-4.89635772,0.25891492,lower,balanced_early
P00684,0.05879119,0.57835901,0.04808782,0.53175011,middle,balanced_early
P00685,0.05883494,0.58426908,-4.91871034,0.34557375,lower,balanced_early
P00686,0.05888202,0.5956474,5.03627555,0.43600988,upper,balanced_early
P00687,0.05906074,0.60996281,5.16876389,0.53235311,upper,balanced_early
P00688,0.0590942,0.58054399,-4.92584446,0.36577912,lower,balanced_early
P00689,0.05928558,0.58434374,0.117862,0.43214403,middle,balanced_early
P00690,0.05942128,0.54478621,0.12916315,0.44699622,middle,balanced_early
P00691,0.05944835,0.58952286,5.11635662,0.28967374,upper,balanced_early
P00692,0.05953755,0.61945112,5.17451782,0.32166592,upper,balanced_early
P00693,0.05959032,0.61248927,-4.72020846,0.38676049,lower,balanced_early
P00694,0.05969821,0.60516308,0.04111034,0.38756042,middle,balanced_early
P00695,0.05973551,0.59346914,-4.77778347,0.35006569,lower,balanced_early
P00696,0.05974468,0.59826576,-4.87192961,0.38109027,lower,balanced_early
P00697,0.05974978,0.62890145,-4.91852865,0.3510329,lower,balanced_early
P00698,0.05995957,0.57976285,5.01666388,0.38094757,upper,balanced_early
P00699,0.05998027,0.61225068,0.11261231,0.46233219,middle,balanced_early
P00700,0.06003072,0.57863889,5.04380237,0.43787474,upper,balanced_early
P00701,0.06005835,0.61180001,0.15965946,0.41338187,middle,balanced_early
P00702,0.06010364,0.59547476,0.13224279,0.37777183,middle,balanced_early
P00703,0.06010486,0.63765052,-4.95658618,0.2943659,lower,balanced_early
P00704,0.06015263,0.60660268,5.09541486,0.34671527,upper,balanced_early
P00705,0.06017578,0.57273548,-4.96932404,0.38611804,lower,balanced_early
P00706,0.06047196,0.61378109,-4.91869799,0.34322265,lower,balanced_early
P00707,0.06052331,0.57017623,-5.05142444,0.30869746,lower,balanced_early
P00708,0.0605697,0.60241646,0.01168191,0.35306389,middle,balanced_early
P00709,0.0606154,0.64033113,-4.9543298,0.16165763,lower,balanced_early
P00710,0.06065311,0.57299756,0.0823509,0.40553457,middle,balanced_early
P00711,0.06065908,0.63378037,-5.07187846,0.24550666,lower,balanced_early
P00712,0.06079943,0.62419719,-4.88548694,0.20580602,lower,balanced_early
P00713,0.06080209,0.6158751,0.25018147,0.37969824,middle,balanced_early
P00714,0.06098333,0.56865115,5.04879012,0.36972744,upper,balanced_early
P00715,0.06111646,0.6103124,0.06391129,0.40626948,middle,balanced_early
P00716,0.06118017,0.58705656,-4.93524621,0.35177039,lower,balanced_early
P00717,0.06118472,0.63573359,0.10132577,0.5038574,middle,balanced_early
P00718,0.06120184,0.64438143,5.13234374,0.42044459,upper,balanced_early
P00719,0.0612518,0.60421896,5.08607489,0.35751159,upper,balanced_early
P00720,0.06126667,0.58647516,0.18460129,0.55249908,middle,balanced_early
P00721,0.06132001,0.5686898,0.0813746,0.45775767,middle,balanced_early
P00722,0.06140622,0.55374331,5.09428796,0.23178482,upper,balanced_early
P00723,0.06151603,0.61040251,5.065766,0.42300757,upper,balanced_early
P00724,0.06159837,0.60824581,0.21728487,0.49827034,middle,balanced_early
P00725,0.06165479,0.60020749,-4.8947665,0.40186768,lower,balanced_early
P00726,0.0616592,0.58618328,5.07198546,0.29808262,upper,balanced_early
P00727,0.06172181,0.65182336,4.92589482,0.25752895,upper,balanced_early
P00728,0.06172587,0.64903054,0.13196641,0.35770103,middle,balanced_early
P00729,0.06174753,0.64140716,-5.05023999,0.42225405,lower,balanced_early
P00730,0.06182986,0.54220796,5.04577999,0.40686823,upper,balanced_early
P00731,0.06185962,0.6113047,-4.77572104,0.44982371,lower,balanced_early
P00732,0.06193306,0.59968596,-4.8363288,0.37160824,lower,balanced_early
P00733,0.06194285,0.58398651,-4.8679428,0.41838118,lower,balanced_early
P00734,0.06205177,0.59000036,0.07157287,0.50719166,middle,balanced_early
P00735,0.06207196,0.59375198,-0.00249643,0.45508461,middle,balanced_early
P00736,0.06208935,0.60749222,5.04666221,0.34130159,upper,balanced_early
P00737,0.0622185,0.65173385,-4.84247272,0.20414542,lower,balanced_early
P00738,0.06232982,0.67516054,-4.95692451,0.3215255,lower,balanced_early
P00739,0.06233378,0.6181754,0.18054737,0.57885252,middle,balanced_early
P00740,0.06237939,0.64922856,-4.97666356,0.48769289,lower,balanced_early
P00741,0.06238182,0.63237233,0.05396032,0.40012469,middle,balanced_early
P00742,0.06248117,0.61279725,-4.83322262,0.32656534,lower,balanced_early
P00743,0.06254252,0.62744417,0.01303528,0.45597973,middle,balanced_early
P00744,0.06260461,0.63678409,-0.00825619,0.61492937,middle,balanced_early
P00745,0.06269762,0.65270608,-4.93775542,0.20457766,lower,balanced_early
P00746,0.06284273,0.59517106,5.16296602,0.35608077,upper,balanced_early
P00747,0.06291434,0.64383773,4.94003617,0.21913734,upper,balanced_early
P00748,0.0629975,0.62155524,-4.87740345,0.13980007,lower,balanced_early
P00749,0.06321042,0.63005817,0.10526927,0.45948728,middle,balanced_early
P00750,0.06327705,0.63807748,-4.90525666,0.23247262,lower,balanced_early
P00751,0.0633269,0.65557897,-4.95922163,0.3648014,lower,balanced_early
P00752,0.06333459,0.64134476,0.21661339,0.48790184,middle,balanced_early
P00753,0.06337576,0.59804547,4.99021729,0.28359798,upper,balanced_early
P00754,0.06354523,0.65677907,5.01862527,0.1965893,upper,balanced_early
P00755,0.06356714,0.58476326,5.1595071,0.60619903,upper,balanced_early
P00756,0.06364313,0.63535018,-4.85398155,0.23354729,lower,balanced_early
P00757,0.06365238,0.63812877,0.16595002,0.47138159,middle,balanced_early
P00758,0.06371448,0.60088814,-4.76614507,0.19913296,lower,balanced_early
P00759,0.06376026,0.66149093,-5.01487697,0.28263767,lower,balanced_early
P00760,0.06376665,0.64804394,5.19951273,0.25974929,upper,balanced_early
P00761,0.06380945,0.64436098,0.0910376,0.55659387,middle,balanced_early
P00762,0.06386654,0.65378536,-4.79924976,0.26735633,lower,balanced_early
P00763,0.06390326,0.64983828,5.12653709,0.28754177,upper,balanced_early
P00764,0.0644463,0.64469701,0.25028499,0.614386,middle,balanced_early
P00765,0.06445874,0.60908225,-5.04830158,0.28474113,lower,balanced_early
P00766,0.06456749,0.68667848,4.99918035,0.44005417,upper,balanced_early
P00767,0.0646402,0.66839292,-5.00748939,0.30773194,lower,balanced_early
P00768,0.06486107,0.58380682,-4.88155257,0.40076165,lower,balanced_early
P00769,0.0648738,0.60407616,0.14168017,0.41000219,middle,balanced_early
P00770,0.06498726,0.60263611,-4.92021075,0.3071574,lower,balanced_early
P00771,0.06503696,0.66542984,-4.95483963,0.38603436,lower,balanced_early
P00772,0.06509941,0.68320595,-0.08030494,0.56068463,middle,balanced_early
P00773,0.06515458,0.66270384,0.10113898,0.29696753,middle,balanced_early
P00774,0.06517018,0.60265525,5.03149769,0.34667266,upper,balanced_early
P00775,0.06538169,0.60315557,-4.8274749,0.25264467,lower,balanced_early
P00776,0.06540404,0.66064947,4.97279225,0.29825897,upper,balanced_early
P00777,0.06545434,0.6408385,0.0036906,0.42616879,middle,balanced_early
P00778,0.06546472,0.7077036,-4.90729496,0.19693836,lower,balanced_early
P00779,0.06549196,0.65733002,0.26219725,0.53149504,middle,balanced_early
P00780,0.06551837,0.62289931,-0.03375764,0.44923565,middle,balanced_early
P00781,0.06567734,0.67263715,5.07835646,0.34318544,upper,balanced_early
P00782,0.06567841,0.63916921,5.17743217,0.33495694,upper,balanced_early
P00783,0.06570654,0.61630449,-5.03296742,0.25030737,lower,balanced_early
P00784,0.0658256,0.68453125,-4.79265361,0.40835586,lower,balanced_early
P00785,0.06585707,0.66456614,5.18812403,0.28796623,upper,balanced_early
P00786,0.06591498,0.64255303,0.14647948,0.50589152,middle,balanced_early
P00787,0.06595875,0.68337615,4.94579815,0.2894908,upper,balanced_early
P00788,0.06606943,0.63463454,5.10747744,0.34580873,upper,balanced_early
P00789,0.06608815,0.61529441,-4.94003269,0.28072443,lower,balanced_early
P00790,0.06610396,0.66599062,0.17329685,0.45230319,middle,balanced_early
P00791,0.06612856,0.67080639,0.29394524,0.48344256,middle,balanced_early
P00792,0.06617752,0.66364303,5.2709146,0.28572703,upper,balanced_early
P00793,0.06619858,0.64571365,-4.97222695,0.35512619,lower,balanced_early
P00794,0.06622518,0.71163708,5.1942328,0.34301509,upper,balanced_early
P00795,0.06630697,0.68098396,-4.84421795,0.27829179,lower,balanced_early
P00796,0.06651811,0.64845932,0.14031044,0.46011423,middle,balanced_early
P00797,0.06662288,0.67853153,-0.15422949,0.58271308,middle,balanced_early
P00798,0.0667479,0.64090722,-4.96330128,0.33932088,lower,balanced_early
P00799,0.066775,0.68511696,0.25267886,0.47716442,middle,balanced_early
P00800,0.06693528,0.68175287,0.12993032,0.47846525,middle,balanced_early
P00801,0.06697058,0.69087989,0.10616903,0.54427175,middle,balanced_early
P00802,0.06697466,0.67155452,5.02498838,0.28715562,upper,balanced_early
P00803,0.06701732,0.63562092,0.18666447,0.54738228,middle,balanced_early
P00804,0.06708757,0.68735113,5.0055952,0.44501723,upper,balanced_early
P00805,0.06718411,0.69499787,0.12277895,0.44972218,middle,balanced_early
P00806,0.06765699,0.68123607,0.14633709,0.4719088,middle,balanced_early
P00807,0.06780961,0.6759033,0.12153271,0.5288993,middle,balanced_early
P00808,0.06784217,0.68503406,-4.74699744,0.41054359,lower,balanced_early
P00809,0.06790387,0.70191098,5.05958565,0.29549274,upper,balanced_early
P00810,0.06794221,0.67513253,5.11262347,0.30604086,upper,balanced_early
P00811,0.0680925,0.66583433,-4.93631014,0.32944948,lower,balanced_early
P00812,0.06810494,0.65783048,-4.98121071,0.42104692,lower,balanced_early
P00813,0.06816164,0.69834229,-4.9525112,0.39858783,lower,balanced_early
P00814,0.06828569,0.65776305,-4.88083906,0.31801554,lower,balanced_early
P00815,0.06833558,0.67636895,-5.07219976,0.40096206,lower,balanced_early
P00816,0.06865981,0.69993943,0.12044593,0.42048009,middle,balanced_early
P00817,0.06888856,0.70368956,4.95389675,0.28639062,upper,balanced_early
P00818,0.06891481,0.74240392,4.95706433,0.29831213,upper,balanced_early
P00819,0.06908934,0.73564847,4.91997164,0.19543142,upper,balanced_early
P00820,0.06928363,0.63216573,4.94287371,0.26166131,upper,balanced_early
P00821,0.06929004,0.66671035,-5.00718918,0.30029173,lower,balanced_early
P00822,0.06940198,0.69470347,0.03218794,0.34417155,middle,balanced_early
P00823,0.06942431,0.67625616,5.21581169,0.35811916,upper,balanced_early
P00824,0.06970536,0.733665,0.17904006,0.512455,middle,balanced_early
P00825,0.06970761,0.70229647,-4.85015952,0.42719652,lower,balanced_early
P00826,0.06974975,0.70711731,0.03371478,0.49477824,middle,balanced_early
P00827,0.0697529,0.68194029,5.30497896,0.40667609,upper,balanced_early
P00828,0.06978902,0.70228717,5.11058936,0.29224041,upper,balanced_early
P00829,0.06984097,0.71944501,-4.97307876,0.33129669,lower,balanced_early
P00830,0.06984498,0.70783265,-4.96586726,0.37937523,lower,balanced_early
P00831,0.06996963,0.67461047,5.12800169,0.49346729,upper,balanced_early
P00832,0.07000289,0.68646463,-4.93001578,0.48102737,lower,balanced_early
P00833,0.07011176,0.67635386,-4.9182191,0.45130248,lower,balanced_early
P00834,0.070123,0.71205203,-5.01529058,0.35548225,lower,balanced_early
P00835,0.0701233,0.68576321,-5.05122224,0.22760854,lower,balanced_early
P00836,0.07017736,0.7615654,-0.09331675,0.33181819,middle,balanced_early
P00837,0.07053386,0.70255691,0.13730171,0.57133634,middle,balanced_early
P00838,0.07065487,0.68188104,5.13184662,0.33426349,upper,balanced_early
P00839,0.07067989,0.76075977,5.04651131,0.15954101,upper,balanced_early
P00840,0.07075719,0.74050912,5.1357408,0.35959141,upper,balanced_early
P00841,0.07087492,0.71421328,5.11058619,0.3267591,upper,balanced_early
P00842,0.07099067,0.70551827,-4.96917964,0.39175937,lower,balanced_early
P00843,0.07099211,0.73505916,-0.12536162,0.49810364,middle,balanced_early
P00844,0.07108832,0.7290723,0.14727346,0.52343176,middle,balanced_early
P00845,0.07109134,0.74677054,-4.7246816,0.46443243,lower,balanced_early
P00846,0.07120193,0.72000732,-4.9124964,0.33441829,lower,balanced_early
P00847,0.07120231,0.76506338,4.94962207,0.40598457,upper,balanced_early
P00848,0.07123815,0.69688566,4.96285565,0.27932095,upper,balanced_early
P00849,0.07130855,0.68146838,0.29932285,0.70074388,middle,balanced_early
P00850,0.07160047,0.76800567,4.81893414,0.27779474,upper,balanced_early
P00851,0.07162848,0.72622423,5.00318045,0.31039979,upper,balanced_early
P00852,0.07164316,0.70921334,0.1004785,0.37730231,middle,balanced_early
P00853,0.0718143,0.72384306,4.98485477,0.33678993,upper,balanced_early
P00854,0.07182676,0.69513833,0.00034675,0.56513044,middle,balanced_early
P00855,0.07202791,0.6866386,0.11837391,0.55830095,middle,balanced_early
P00856,0.0720453,0.70775993,-4.91322667,0.39890329,lower,balanced_early
P00857,0.07206754,0.67301992,0.20093556,0.40132448,middle,balanced_early
P00858,0.07210456,0.71770686,-4.72103542,0.34956913,lower,balanced_early
P00859,0.07210612,0.73870176,5.07927853,0.32587775,upper,balanced_early
P00860,0.07211385,0.72949676,0.14892875,0.29103676,middle,balanced_early
P00861,0.07230175,0.69973934,0.12054991,0.46121948,middle,balanced_early
P00862,0.07237128,0.66394316,0.11517058,0.49020432,middle,balanced_early
P00863,0.07260385,0.7025831,-4.8864632,0.25768786,lower,balanced_early
P00864,0.07268561,0.70840744,-4.87339277,0.30102695,lower,balanced_early
P00865,0.07280097,0.72685125,5.01387946,0.2955358,upper,balanced_early
P00866,0.0728154,0.69858438,-4.947715,0.49529791,lower,balanced_early
P00867,0.07289195,0.7531153,5.00164888,0.24102967,upper,balanced_early
P00868,0.07292625,0.74673927,4.98224396,0.32979385,upper,balanced_early
P00869,0.07296541,0.71959963,-4.81092717,0.44515223,lower,balanced_early
P00870,0.07303475,0.77139067,-0.02440488,0.52407667,middle,balanced_early
P00871,0.07305167,0.70147412,-4.84429617,0.20348589,lower,balanced_early
P00872,0.07311722,0.69347577,4.99479952,0.36071529,upper,balanced_early
P00873,0.07322383,0.7338033,-0.05468449,0.37974254,middle,balanced_early
P00874,0.07340507,0.72709098,-5.00773075,0.34177651,lower,balanced_early
P00875,0.07352647,0.71989933,0.11482896,0.48062101,middle,balanced_early
P00876,0.07359405,0.75118836,0.14487589,0.48120272,middle,balanced_early
P00877,0.07360899,0.74666905,-0.00785829,0.44306969,middle,balanced_early
P00878,0.07364185,0.71827119,5.13020308,0.34132302,upper,balanced_early
P00879,0.07365678,0.78184141,0.10580208,0.48900341,middle,balanced_early
P00880,0.07366683,0.71426005,5.12498323,0.27047727,upper,balanced_early
P00881,0.07376848,0.72835013,-4.91702528,0.42176985,lower,balanced_early
P00882,0.07406524,0.73319549,5.16972002,0.33028107,upper,balanced_early
P00883,0.07418066,0.74903561,5.14213301,0.32996191,upper,balanced_early
P00884,0.07418471,0.794499,0.13906829,0.5617673,middle,balanced_early
P00885,0.07443033,0.7373729,5.1535623,0.28211825,upper,balanced_early
P00886,0.07455107,0.73728126,0.12512454,0.46350316,middle,balanced_early
P00887,0.07456991,0.76964976,-4.90591902,0.49424191,lower,balanced_early
P00888,0.07459474,0.74881043,5.1461184,0.35962055,upper,balanced_early
P00889,0.07462265,0.77549611,-4.97255212,0.40500698,lower,balanced_early
P00890,0.07465727,0.78766353,-4.92749327,0.36873894,lower,balanced_early
P00891,0.07470368,0.75630935,-4.84013935,0.23692482,lower,balanced_early
P00892,0.07473393,0.75439362,5.11649071,0.36567268,upper,balanced_early
P00893,0.07482762,0.74443414,5.01365969,0.20199684,upper,balanced_early
P00894,0.07483784,0.73096164,0.09583145,0.47322881,middle,balanced_early
P00895,0.07499564,0.74975517,-4.9059301,0.33655358,lower,balanced_early
P00896,0.07501825,0.78527298,0.29188296,0.3656935,middle,balanced_early
P00897,0.07503688,0.74326568,0.01293617,0.51396083,middle,balanced_early
P00898,0.07509119,0.78522523,-4.8415276,0.37036081,lower,balanced_early
P00899,0.07516852,0.77789995,-4.90513827,0.22811675,lower,balanced_early
P00900,0.07520936,0.74258599,5.0467973,0.37270854,upper,balanced_early
P00901,0.07537826,0.73958315,5.05691754,0.30880424,upper,balanced_early
P00902,0.07540637,0.73124592,5.23628355,0.12094947,upper,balanced_early
P00903,0.07543226,0.7232295,-4.90662336,0.25776747,lower,balanced_early
P00904,0.07566359,0.75335335,5.14327487,0.34899667,upper,balanced_early
P00905,0.07571357,0.70006328,-4.93895824,0.30032091,lower,balanced_early
P00906,0.07589087,0.71178204,5.07934833,0.26957019,upper,balanced_early
P00907,0.07595396,0.75985198,-4.97745467,0.29376805,lower,balanced_early
P00908,0.07625053,0.74943533,5.06393246,0.32487865,upper,balanced_early
P00909,0.07632232,0.79592996,-4.91956087,0.41247802,lower,balanced_early
P00910,0.07634805,0.74530217,0.12216028,0.493273,middle,balanced_early
P00911,0.07637576,0.79822295,-4.83440739,0.31607005,lower,balanced_early
P00912,0.07648714,0.78070714,0.09761853,0.47267804,middle,balanced_early
P00913,0.07654491,0.79123125,-4.94093218,0.46963842,lower,balanced_early
P00914,0.07656517,0.76423183,-4.90423961,0.38052623,lower,balanced_early
P00915,0.07658586,0.78545946,-4.91707885,0.42620485,lower,balanced_early
P00916,0.07659767,0.80615705,-4.79448224,0.39773128,lower,balanced_early
P00917,0.07660528,0.80043532,-4.84024863,0.35556945,lower,balanced_early
P00918,0.07662761,0.73754067,-0.03541749,0.35016322,middle,balanced_early
P00919,0.07671499,0.74755217,0.38538532,0.41128136,middle,balanced_early
P00920,0.07699225,0.74001608,5.01688387,0.44854846,upper,balanced_early
P00921,0.0770635,0.74209647,-4.78988882,0.44699328,lower,balanced_early
P00922,0.07713493,0.79066234,-4.85027943,0.36580297,lower,balanced_early
P00923,0.07734679,0.76098635,-0.04599781,0.46061685,middle,balanced_early
P00924,0.07736988,0.78875477,-4.71769768,0.38239751,lower,balanced_early
P00925,0.07737117,0.74666761,5.13430958,0.17798799,upper,balanced_early
P00926,0.07737497,0.8007668,4.97777304,0.31905204,upper,balanced_early
P00927,0.0776058,0.76210733,-4.92859062,0.35857004,lower,balanced_early
P00928,0.07775284,0.73925692,0.23989021,0.36905822,middle,balanced_early
P00929,0.07793671,0.75436377,5.1148547,0.14547978,upper,balanced_early
P00930,0.07796265,0.759217,5.03201439,0.35053716,upper,balanced_early
P00931,0.07802478,0.77648713,0.04516492,0.4233626,middle,balanced_early
P00932,0.07803091,0.79659031,4.99177351,0.24441165,upper,balanced_early
P00933,0.07819305,0.76654836,5.02222989,0.24598684,upper,balanced_early
P00934,0.07826939,0.82692028,-5.10091391,0.41020538,lower,balanced_early
P00935,0.07829828,0.77373811,0.07673249,0.56259468,middle,balanced_early
P00936,0.07840453,0.72181411,0.33317731,0.51383504,middle,balanced_early
P00937,0.07842268,0.80973765,0.12115293,0.54542503,middle,balanced_early
P00938,0.07858204,0.78330674,-4.94591855,0.18451531,lower,balanced_early
P00939,0.07864462,0.79838204,-4.96946642,0.32094413,lower,balanced_early
P00940,0.07915257,0.78967954,4.85121384,0.33016573,upper,balanced_early
P00941,0.07917949,0.78058904,-5.04230903,0.2643069,lower,balanced_early
P00942,0.07942346,0.76568231,0.11546293,0.41609349,middle,balanced_early
P00943,0.07946599,0.81794334,-4.95563029,0.40643686,lower,balanced_early
P00944,0.07947004,0.77685452,-5.03664736,0.22154728,lower,balanced_early
P00945,0.07959667,0.8126063,-4.65729455,0.37666528,lower,balanced_early
P00946,0.07979963,0.78909939,-0.03487097,0.48860997,middle,balanced_early
P00947,0.08004754,0.82246918,-4.81905056,0.35389747,lower,balanced_early
P00948,0.08025246,0.79595638,5.09563444,0.20289808,upper,balanced_early
P00949,0.08072634,0.81333844,5.20415696,0.29881062,upper,balanced_early
P00950,0.08098086,0.83031655,4.98266223,0.1995497,upper,balanced_early
P00951,0.08110014,0.84339821,-4.9902856,0.45484492,lower,balanced_early
P00952,0.08118078,0.8471441,-4.80481792,0.34740828,lower,balanced_early
P00953,0.08120832,0.76189564,0.21579344,0.36560631,middle,balanced_early
P00954,0.08122309,0.82577429,0.13318214,0.59076074,middle,balanced_early
P00955,0.08134251,0.80798654,0.08171911,0.39178722,middle,balanced_early
P00956,0.08140121,0.83309364,0.10504704,0.37707936,middle,balanced_early
P00957,0.0814471,0.8171167,-4.91567531,0.37685733,lower,balanced_early
P00958,0.08150922,0.79828324,5.22159384,0.30442995,upper,balanced_early
P00959,0.08155388,0.79121323,4.87088228,0.34468266,upper,balanced_early
P00960,0.08163161,0.84915593,4.89872545,0.2192352,upper,balanced_early
P00961,0.08172923,0.80981143,-4.7303272,0.48613811,lower,balanced_early
P00962,0.08183011,0.86216858,-4.96018233,0.29940826,lower,balanced_early
P00963,0.08184613,0.8545415,0.11817168,0.43543766,middle,balanced_early
P00964,0.08184793,0.80990317,5.06995356,0.32416602,upper,balanced_early
P00965,0.08206047,0.85686639,0.14118219,0.60801474,middle,balanced_early
P00966,0.08216626,0.80005276,-4.86854519,0.47680622,lower,balanced_early
P00967,0.08220921,0.82236327,0.20131356,0.38899469,middle,balanced_early
P00968,0.08224712,0.8001078,0.15457168,0.47805285,middle,balanced_early
P00969,0.08248455,0.84111357,-4.75479753,0.30441191,lower,balanced_early
P00970,0.08250225,0.88032577,0.02634653,0.45460239,middle,balanced_early
P00971,0.0825198,0.82336106,-4.80440585,0.38966956,lower,balanced_early
P00972,0.08265579,0.79711224,-0.03571056,0.55301107,middle,balanced_early
P00973,0.08273503,0.8091909,5.03946443,0.17797579,upper,balanced_early
P00974,0.08276874,0.83210711,4.84424155,0.29108753,upper,balanced_early
P00975,0.08280537,0.8173219,-4.99771349,0.4399637,lower,balanced_early
P00976,0.08287605,0.84330816,-4.88019068,0.5048461,lower,balanced_early
P00977,0.08292328,0.85162161,-4.7990116,0.40251622,lower,balanced_early
P00978,0.08312235,0.84095796,5.116032,0.26066523,upper,balanced_early
P00979,0.08312286,0.82752172,5.04157848,0.23517196,upper,balanced_early
P00980,0.08320879,0.7798356,0.22925001,0.29769967,middle,balanced_early
P00981,0.08324418,0.7915915,0.13370086,0.50766432,middle,balanced_early
P00982,0.08355283,0.79111543,0.05430748,0.44876889,middle,balanced_early
P00983,0.08370853,0.83962546,-4.74726189,0.23744929,lower,balanced_early
P00984,0.08371468,0.81926845,5.00929951,0.23088281,upper,balanced_early
P00985,0.08377789,0.86735267,0.11905213,0.55604086,middle,balanced_early
P00986,0.08378575,0.83100339,-4.96213797,0.36191162,lower,balanced_early
P00987,0.08381838,0.80391496,0.12618293,0.36031222,middle,balanced_early
P00988,0.08395891,0.88893222,-4.76118,0.29724095,lower,balanced_early
P00989,0.08400795,0.8179696,5.15083722,0.21699603,upper,balanced_early
P00990,0.08405577,0.8369394,0.04707536,0.35538534,middle,balanced_early
P00991,0.08413137,0.86020458,-5.00196876,0.29223321,lower,balanced_early
P00992,0.08417886,0.86722587,-4.86078724,0.45365012,lower,balanced_early
P00993,0.08426504,0.86125218,-0.12989591,0.50936396,middle,balanced_early
P00994,0.08446589,0.84002263,5.03546194,0.10631895,upper,balanced_early
P00995,0.0844912,0.83269535,0.11704803,0.47676941,middle,balanced_early
P00996,0.08452458,0.81883495,-4.78631929,0.34188778,lower,balanced_early
P00997,0.08456941,0.84552094,0.05947564,0.52316258,middle,balanced_early
P00998,0.08461994,0.80056341,5.33864607,0.13948512,upper,balanced_early
P00999,0.08463735,0.84713735,0.17008512,0.44992176,middle,balanced_early
P01000,0.08463934,0.88652091,0.09540718,0.51875984,middle,balanced_early
P01001,0.08511434,0.84466595,0.12720132,0.4466744,middle,balanced_early
P01002,0.08514557,0.88069187,4.95427806,0.30539792,upper,balanced_early
P01003,0.08520851,0.83744665,0.15809999,0.45257496,middle,balanced_early
P01004,0.08543242,0.85455621,0.06690497,0.39955622,middle,balanced_early
P01005,0.08546949,0.83490874,5.21458541,0.05394217,upper,balanced_early
P01006,0.08553464,0.85543701,5.00185618,0.23312336,upper,balanced_early
P01007,0.08554607,0.88292267,-0.01319315,0.48314255,middle,balanced_early
P01008,0.08558295,0.88767817,5.2278724,0.27284635,upper,balanced_early
P01009,0.08563945,0.87749711,0.17008048,0.43009981,middle,balanced_early
P01010,0.08565596,0.85810164,0.23362319,0.36012619,middle,balanced_early
P01011,0.08571889,0.82315284,5.03981812,0.22009043,upper,balanced_early
P01012,0.08573214,0.86074339,-0.05339943,0.43148211,middle,balanced_early
P01013,0.08593271,0.85344505,4.99186219,0.34237064,upper,balanced_early
P01014,0.0859682,0.89133888,5.1128413,0.15696952,upper,balanced_early
P01015,0.08599225,0.86623644,0.27008602,0.39950959,middle,balanced_early
P01016,0.08609148,0.76445191,-4.8645435,0.38463164,lower,balanced_early
P01017,0.0861512,0.85152139,4.94984983,0.29500989,upper,balanced_early
P01018,0.0862173,0.87160604,0.13079402,0.433289,middle,balanced_early
P01019,0.0862378,0.83316567,4.91018291,0.19465418,upper,balanced_early
P01020,0.08630761,0.87226397,5.1550648,0.18860773,upper,balanced_early
P01021,0.08650654,0.86018822,-4.84500513,0.36995179,lower,balanced_early
P01022,0.08655248,0.93443685,-4.76846897,0.35582104,lower,balanced_early
P01023,0.08665298,0.84749886,-4.84068513,0.35678627,lower,balanced_early
P01024,0.08703529,0.83964741,5.07823133,0.28922534,upper,balanced_early
P01025,0.08709558,0.83320857,0.25220708,0.41979881,middle,balanced_early
P01026,0.08712734,0.84892458,0.31475466,0.43307392,middle,balanced_early
P01027,0.08715878,0.88612781,0.06578315,0.36438117,middle,balanced_early
P01028,0.08716991,0.87584615,-4.83759378,0.23705816,lower,balanced_early
P01029,0.08717171,0.88538859,0.16163891,0.45767998,middle,balanced_early
P01030,0.08727078,0.86190306,4.97667311,0.17454863,upper,balanced_early
P01031,0.08745612,0.89320544,-4.90651414,0.48348853,lower,balanced_early
P01032,0.08749516,0.87940498,5.18342832,0.25880499,upper,balanced_early
P01033,0.08764193,0.87625582,0.00263782,0.54414611,middle,balanced_early
P01034,0.0877759,0.90251133,0.03925266,0.57339558,middle,balanced_early
P01035,0.08786603,0.92203413,4.90655684,0.42665137,upper,balanced_early
P01036,0.08789854,0.8499801,-4.9061076,0.44764492,lower,balanced_early
P01037,0.08804453,0.87736127,4.97726949,0.22667437,upper,balanced_early
P01038,0.08809906,0.88573126,0.05182794,0.3075124,middle,balanced_early
P01039,0.08811354,0.84777616,0.35338645,0.35334005,middle,balanced_early
P01040,0.08811766,0.86717792,0.29303355,0.38093085,middle,balanced_early
P01041,0.08812645,0.89549402,-4.87537443,0.45132774,lower,balanced_early
P01042,0.08822801,0.85295532,0.16227177,0.51662189,middle,balanced_early
P01043,0.08833043,0.90099313,5.04663133,0.06666745,upper,balanced_early
P01044,0.08835299,0.8819862,5.10943395,0.33347761,upper,balanced_early
P01045,0.08846188,0.88714029,4.96789914,0.27705717,upper,balanced_early
P01046,0.08865254,0.88057876,0.15282128,0.39911317,middle,balanced_early
P01047,0.08873719,0.87308509,0.14540401,0.3854084,middle,balanced_early
P01048,0.08894436,0.8693111,0.04167059,0.37480085,middle,balanced_early
P01049,0.08900201,0.89606773,5.19428154,0.32298775,upper,balanced_early
P01050,0.08930962,0.8973329,5.01630565,0.24625724,upper,balanced_early
P01051,0.08935984,0.89647709,0.04261996,0.37761403,middle,balanced_early
P01052,0.08938833,0.92554336,5.15429775,0.23424293,upper,balanced_early
P01053,0.0894619,0.93924207,5.01747146,0.27262779,upper,balanced_early
P01054,0.08948018,0.9143135,5.00806779,0.25636496,upper,balanced_early
P01055,0.08949389,0.90986097,5.09150909,0.30209254,upper,balanced_early
P01056,0.08963651,0.89904065,0.04818341,0.5026399,middle,balanced_early
P01057,0.08967102,0.87800863,5.08937807,0.20270839,upper,balanced_early
P01058,0.08980373,0.92182194,5.19950982,0.18446601,upper,balanced_early
P01059,0.08981454,0.86963778,-4.81614372,0.35017056,lower,balanced_early
P01060,0.09002339,0.91672695,-0.20119012,0.44920175,middle,balanced_early
P01061,0.0901025,0.89610579,4.95005614,0.17390965,upper,balanced_early
P01062,0.09011387,0.89641545,-4.89680465,0.4929988,lower,balanced_early
P01063,0.09019231,0.90979599,5.11482983,0.1797715,upper,balanced_early
P01064,0.0904547,0.92091945,0.02412635,0.49927701,middle,balanced_early
P01065,0.09055953,0.98228231,-4.7641576,0.44165976,lower,balanced_early
P01066,0.09088036,0.9424147,0.35615621,0.40355737,middle,balanced_early
P01067,0.09094337,0.89571133,5.09340818,0.08072923,upper,balanced_early
P01068,0.09096339,0.94516397,-5.07679543,0.33819938,lower,balanced_early
P01069,0.09103733,0.92939004,0.27950773,0.2970209,middle,balanced_early
P01070,0.09123673,0.87813041,5.16399229,0.18651659,upper,balanced_early
P01071,0.09132044,0.92400958,-4.75755694,0.43241458,lower,balanced_early
P01072,0.09138964,0.93239759,0.15507512,0.52535888,middle,balanced_early
P01073,0.0915402,0.91146879,-4.87783848,0.38280327,lower,balanced_early
P01074,0.09154788,0.94827382,0.15000644,0.32464291,middle,balanced_early
P01075,0.09156198,0.94391522,-4.56091804,0.47193803,lower,balanced_early
P01076,0.09159504,0.92779766,-4.94186441,0.348441,lower,balanced_early
P01077,0.09161412,0.93003704,5.04714214,0.28394884,upper,balanced_early
P01078,0.09172404,0.90943647,-4.92506437,0.45928328,lower,balanced_early
P01079,0.09181858,0.97430795,5.05389185,0.1321472,upper,balanced_early
P01080,0.09182998,0.93187926,5.05984715,0.14128655,upper,balanced_early
P01081,0.09184504,0.94974902,0.17455467,0.35096337,middle,balanced_early
P01082,0.09200638,0.91658034,4.99955966,0.21423429,upper,balanced_early
P01083,0.09204596,0.96800471,0.10743434,0.51720536,middle,balanced_early
P01084,0.09207921,0.94521749,-4.90233384,0.53531645,lower,balanced_early
P01085,0.09215556,0.95095906,5.03471035,0.24444087,upper,balanced_early
P01086,0.09224065,0.9348196,5.12325626,0.12452018,upper,balanced_early
P01087,0.09224137,0.95351193,5.11843619,0.17432713,upper,balanced_early
P01088,0.09224733,0.9005943,0.26624598,0.40318981,middle,balanced_early
P01089,0.0922848,0.8845908,4.92573057,0.11518187,upper,balanced_early
P01090,0.0923387,0.87714905,0.0963749,0.38506002,middle,balanced_early
P01091,0.0924152,0.86040493,-4.86471731,0.47767142,lower,balanced_early
P01092,0.09247414,0.90724623,5.13917899,0.24981724,upper,balanced_early
P01093,0.09250106,0.91013302,0.06880774,0.37933418,middle,balanced_early
P01094,0.09275054,0.90794378,-4.81256165,0.34767262,lower,balanced_early
P01095,0.09281754,0.93451189,-4.88147874,0.46235891,lower,balanced_early
P01096,0.09292458,0.92865757,5.19528278,0.14174324,upper,balanced_early
P01097,0.09304248,0.92018727,-4.89437651,0.50693583,lower,balanced_early
P01098,0.09306475,0.88823585,5.09321776,0.15400029,upper,balanced_early
P01099,0.09334493,0.91414443,-4.98342902,0.41768552,lower,balanced_early
P01100,0.09337457,0.96765635,-4.99879213,0.42109604,lower,balanced_early
P01101,0.09337735,0.93992546,-0.02685945,0.51498049,middle,balanced_early
P01102,0.09347273,0.94193195,4.97586777,0.11732257,upper,balanced_early
P01103,0.09352242,0.94903684,0.15460227,0.50217896,middle,balanced_early
P01104,0.09364666,0.9445615,0.24342888,0.37454233,middle,balanced_early
P01105,0.09375486,0.93301714,-4.62227581,0.23853324,lower,balanced_early
P01106,0.09386274,0.95182117,-4.88466855,0.36112295,lower,balanced_early
P01107,0.09392038,0.91065555,0.30282637,0.38295856,middle,balanced_early
P01108,0.09396339,0.96073913,5.15960002,0.15185272,upper,balanced_early
P01109,0.0940891,0.91706885,0.03655112,0.33734488,middle,balanced_early
P01110,0.0942586,0.94839639,-5.05835817,0.47238941,lower,balanced_early
P01111,0.09483936,0.96807085,-4.95033356,0.34157173,lower,balanced_early
P01112,0.09487436,0.92012554,4.88148752,0.21526532,upper,balanced_early
P01113,0.09492653,0.98737023,4.87254156,0.15596874,upper,balanced_early
P01114,0.09493702,0.94965369,-4.99962305,0.36185356,lower,balanced_early
P01115,0.09527377,0.97376553,0.20283937,0.37547006,middle,balanced_early
P01116,0.09528028,0.95737852,4.92332427,0.18357638,upper,balanced_early
P01117,0.09533996,0.90163239,-4.80955364,0.29299725,lower,balanced_early
P01118,0.09536635,0.94978266,-5.03049021,0.5102458,lower,balanced_early
P01119,0.09536905,0.95439894,0.23151195,0.43518203,middle,balanced_early
P01120,0.09546509,0.92342984,-4.91129337,0.37951115,lower,balanced_early
P01121,0.09553198,0.96587153,5.04382487,0.04571152,upper,balanced_early
P01122,0.09556197,0.94332015,5.15832353,0.13299316,upper,balanced_early
P01123,0.09556798,0.9603742,-4.89438154,0.43987082,lower,balanced_early
P01124,0.09558101,0.9634943,0.03635935,0.44770095,middle,balanced_early
P01125,0.0956433,0.96084929,4.95507123,0.25526991,upper,balanced_early
P01126,0.09576273,0.95669677,-4.92710829,0.37198911,lower,balanced_early
P01127,0.09578058,1.01908107,0.29159821,0.52625259,middle,balanced_early
P01128,0.09606063,0.96116906,4.93807718,0.20771994,upper,balanced_early
P01129,0.09614796,1.01513578,5.06744832,0.13924511,upper,balanced_early
P01130,0.09615953,0.98965225,4.89174273,0.22226648,upper,balanced_early
P01131,0.09624206,1.00170942,0.06311197,0.32573414,middle,balanced_early
P01132,0.09629995,0.98991107,5.06819092,0.28067833,upper,balanced_early
P01133,0.09638906,0.95779432,-4.89652078,0.46177161,lower,balanced_early
P01134,0.09647844,0.94872854,5.05404792,0.25906886,upper,balanced_early
P01135,0.09659975,0.95835948,5.05625161,0.23123579,upper,balanced_early
P01136,0.09667144,0.9593365,0.12041382,0.43265231,middle,balanced_early
P01137,0.09677058,1.00862367,0.13707428,0.26065568,middle,balanced_early
P01138,0.09679533,0.98401149,0.24441521,0.45244277,middle,balanced_early
P01139,0.09682516,0.95668189,0.19143991,0.517217,middle,balanced_early
P01140,0.0968703,0.96223016,5.15431289,0.22338538,upper,balanced_early
P01141,0.09691732,0.97084397,-0.22357472,0.520026,middle,balanced_early
P01142,0.09700431,0.97029574,5.11061605,0.08683423,upper,balanced_early
P01143,0.09712334,0.95837962,-4.97690434,0.32936867,lower,balanced_early
P01144,0.09719247,0.98545714,-5.03336754,0.43089468,lower,balanced_early
P01145,0.09748518,0.99641796,-4.65893741,0.50434101,lower,balanced_early
P01146,0.09750206,1.0086318,4.9382431,0.12212605,upper,balanced_early
P01147,0.09759094,0.95201184,5.14672936,0.21987828,upper,balanced_early
P01148,0.09766751,0.95213898,4.87834089,0.0685269,upper,balanced_early
P01149,0.09768773,1.01337847,-4.85941497,0.43428323,lower,balanced_early
P01150,0.09769698,1.02871392,-5.01964549,0.44438507,lower,balanced_early
P01151,0.09770117,0.95059813,0.12629482,0.42225523,middle,balanced_early
P01152,0.09775757,0.96261725,-4.82125819,0.37959969,lower,balanced_early
P01153,0.09779907,0.97834268,0.23761221,0.31535071,middle,balanced_early
P01154,0.09782232,1.02746747,0.18344345,0.50567116,middle,balanced_early
P01155,0.09782814,0.95606824,-4.75604377,0.41642949,lower,balanced_early
P01156,0.09795047,0.93053146,0.25626068,0.50183684,middle,balanced_early
P01157,0.09796568,1.03370317,5.16209481,0.00249514,upper,balanced_early
P01158,0.09800675,0.95386741,-4.86572959,0.55689121,lower,balanced_early
P01159,0.09803702,0.95447216,4.96591179,0.19480613,upper,balanced_early
P01160,0.09807689,0.97770907,5.06862057,0.16602462,upper,balanced_early
P01161,0.09808116,0.99771491,0.01436775,0.38575218,middle,balanced_early
P01162,0.09813397,1.00519411,4.90302309,0.14322507,upper,balanced_early
P01163,0.09818574,1.03169623,-4.87540177,0.2522671,lower,balanced_early
P01164,0.09822109,0.89414172,0.10071237,0.45083812,middle,balanced_early
P01165,0.09826004,0.99278587,-0.00000859,0.43162098,middle,balanced_early
P01166,0.09856071,0.99799907,0.15345804,0.46891195,middle,balanced_early
P01167,0.09860385,0.96156469,4.96990803,0.2883372,upper,balanced_early
P01168,0.09865526,0.97693366,-4.78331557,0.24450575,lower,balanced_early
P01169,0.09866321,0.96849206,-4.84065241,0.38450306,lower,balanced_early
P01170,0.09890778,0.98862178,0.09076664,0.3821142,middle,balanced_early
P01171,0.09896428,1.02064541,0.10486295,0.28967774,middle,balanced_early
P01172,0.09902169,0.98269756,0.09743884,0.33752426,middle,balanced_early
P01173,0.09921319,1.00169013,0.11131101,0.29582852,middle,balanced_early
P01174,0.099219,1.00457183,0.1739035,0.44085522,middle,balanced_early
P01175,0.09931389,1.00633275,-4.76262164,0.36528979,lower,balanced_early
P01176,0.09953204,0.99431389,0.26968544,0.40984357,middle,balanced_early
P01177,0.09953646,1.00247797,5.07559405,0.24594738,upper,balanced_early
P01178,0.09973062,0.975365,4.97970922,0.22366056,upper,balanced_early
P01179,0.09974551,1.02795455,5.14381359,0.19825456,upper,balanced_early
P01180,0.0997683,1.01925067,5.14697441,0.0849586,upper,balanced_early
P01181,0.09993413,0.98364381,0.00930574,0.45218755,middle,balanced_early
P01182,0.09993552,1.02423249,-4.74792299,0.52884564,lower,balanced_early
P01183,0.10011906,1.00907156,-4.85407515,0.48652119,lower,balanced_early
P01184,0.10028304,0.99626829,0.26810315,0.33621315,middle,balanced_early
P01185,0.10043854,0.97829156,-4.88977752,0.50340698,lower,balanced_early
P01186,0.10080638,1.06711028,5.06947758,0.31131556,upper,balanced_early
P01187,0.10089508,0.99482966,-4.72161524,0.44046674,lower,balanced_early
P01188,0.10105929,1.02571371,0.20559951,0.45640653,middle,balanced_early
P01189,0.1012517,1.01530749,0.19629096,0.33821735,middle,balanced_early
P01190,0.1012528,0.95545262,0.18938672,0.40643991,middle,balanced_early
P01191,0.10127049,1.0298605,5.24847947,0.1861011,upper,balanced_early
P01192,0.10131112,1.03674253,-4.83845382,0.41028088,lower,balanced_early
P01193,0.10142087,0.99262102,0.21416557,0.41513735,middle,balanced_early
P01194,0.10146632,1.03513534,0.34410257,0.46953589,middle,balanced_early
P01195,0.10147381,1.03854115,-4.70027641,0.37958441,lower,balanced_early
P01196,0.10150032,1.01693324,4.83636928,0.2782036,upper,balanced_early
P01197,0.10161516,1.01082071,-4.94132534,0.38251168,lower,balanced_early
P01198,0.10190024,1.03196898,0.17647873,0.37272917,middle,balanced_early
P01199,0.10194506,1.02031824,-4.82625897,0.55027618,lower,balanced_early
P01200,0.10220376,1.0285825,0.07945294,0.48855212,middle,balanced_early
P01201,0.10228824,0.9781535,-4.95977236,0.51149509,lower,balanced_early
P01202,0.10233108,1.0191882,4.99646108,0.09668602,upper,balanced_early
P01203,0.10241612,1.03606894,-4.77718323,0.38167456,lower,balanced_early
P01204,0.1024368,1.04401557,5.11834839,0.0603533,upper,balanced_early
P01205,0.10253828,1.00884894,5.18072956,-0.00148812,upper,balanced_early
P01206,0.10261177,0.99229138,5.05361845,0.15338477,upper,balanced_early
P01207,0.10273829,0.98774711,-0.00552458,0.48606562,middle,balanced_early
P01208,0.10308671,1.00345131,-4.80996013,0.32791666,lower,balanced_early
P01209,0.10319522,1.00859054,-4.72096899,0.39217911,lower,balanced_early
P01210,0.10332176,1.04078909,0.12940408,0.53144804,middle,balanced_early
P01211,0.10339308,1.0074641,5.03103221,0.23131933,upper,balanced_early
P01212,0.10343179,1.05514111,4.88147883,0.17429547,upper,balanced_early
P01213,0.10350486,1.04467159,5.03858809,0.13811246,upper,balanced_early
P01214,0.10350626,1.04369682,-4.64259208,0.3727093,lower,balanced_early
P01215,0.10352295,1.02097872,-4.85857125,0.43153547,lower,balanced_early
P01216,0.10356508,1.03934407,-4.79298111,0.53433157,lower,balanced_early
P01217,0.10359115,1.020786,0.19430861,0.31928672,middle,balanced_early
P01218,0.10359279,1.0240195,-4.85154401,0.35870838,lower,balanced_early
P01219,0.10364623,1.06498461,0.20488421,0.42221064,middle,balanced_early
P01220,0.10373687,1.08409762,-4.77000164,0.50620095,lower,balanced_early
P01221,0.10373994,1.02679212,-4.92145888,0.45977508,lower,balanced_early
P01222,0.10378555,0.99135454,0.31359485,0.53820901,middle,balanced_early
P01223,0.10391238,1.02684425,-5.02341624,0.48214935,lower,balanced_early
P01224,0.10415313,1.03096596,5.02602486,0.07492235,upper,balanced_early
P01225,0.10426696,1.05973504,0.13999184,0.36496763,middle,balanced_early
P01226,0.10428625,0.9832684,5.048673,0.16432156,upper,balanced_early
P01227,0.10437485,1.04542543,5.25274107,0.14883319,upper,balanced_early
P01228,0.10439114,1.03424996,4.96243665,0.06956363,upper,balanced_early
P01229,0.10440499,1.05101956,4.9452361,0.25978395,upper,balanced_early
P01230,0.104571,1.04935488,5.09470592,0.19220438,upper,balanced_early
P01231,0.1046525,1.02245598,4.97075025,0.09945865,upper,balanced_early
P01232,0.1046858,1.05650039,0.01858184,0.31867691,middle,balanced_early
P01233,0.10470277,1.04419052,0.06170151,0.35904414,middle,balanced_early
P01234,0.10478937,1.08074861,5.19009994,0.1356861,upper,balanced_early
P01235,0.10489348,1.01719112,-5.00321275,0.41816175,lower,balanced_early
P01236,0.10508261,0.99723257,4.97105038,0.148038,upper,balanced_early
P01237,0.10510428,1.04621836,4.98623211,0.17536249,upper,balanced_early
P01238,0.10513413,1.03125302,0.12245869,0.42186442,middle,balanced_early
P01239,0.10524635,1.05938833,4.93699809,0.12778523,upper,balanced_early
P01240,0.10531941,1.09484822,-4.93397741,0.55575308,lower,balanced_early
P01241,0.10543997,1.05594815,4.85007132,0.19945519,upper,balanced_early
P01242,0.10555839,1.05125166,0.14382466,0.35842231,middle,balanced_early
P01243,0.1056511,1.04500165,-4.95445215,0.37988614,lower,balanced_early
P01244,0.10573787,1.06012516,-4.9422319,0.38505788,lower,balanced_early
P01245,0.10582192,1.07017073,-5.05206483,0.35782879,lower,balanced_early
P01246,0.10591072,1.13181072,0.11007507,0.45692397,middle,balanced_early
P01247,0.10607946,1.08008704,5.00923178,0.15387002,upper,balanced_early
P01248,0.10608975,1.06709308,-5.06333558,0.46261411,lower,balanced_early
P01249,0.10619366,1.06624547,5.11328659,0.22638638,upper,balanced_early
P01250,0.1062406,1.06235455,-4.99110256,0.54692215,lower,balanced_early
P01251,0.10624305,1.05206679,0.02393759,0.42286734,middle,balanced_early
P01252,0.10651044,1.05592204,-4.83948375,0.40959391,lower,balanced_early
P01253,0.10653578,1.07749489,0.17882859,0.29565217,middle,balanced_early
P01254,0.10654411,1.03129907,5.07562272,0.18545283,upper,balanced_early
P01255,0.10660792,1.06192872,-4.93715328,0.49333363,lower,balanced_early
P01256,0.1066787,1.0344259,0.14487508,0.32143261,middle,balanced_early
P01257,0.10678988,1.05400518,0.1035031,0.43234188,middle,balanced_early
P01258,0.10690711,1.09277479,4.95873469,0.16543544,upper,balanced_early
P01259,0.10701158,1.03656267,0.25719252,0.42062872,middle,balanced_early
P01260,0.10720333,1.06535238,4.99734075,0.19781453,upper,balanced_early
P01261,0.10724092,1.10401891,4.9888765,0.10875703,upper,balanced_early
P01262,0.10724411,1.06203565,-5.0089451,0.36177565,lower,balanced_early
P01263,0.10737948,1.05779459,5.14536032,0.05173802,upper,balanced_early
P01264,0.10753909,1.06402832,-4.77440373,0.38767699,lower,balanced_early
P01265,0.1075879,1.02088181,0.27894548,0.44548359,middle,balanced_early
P01266,0.10759618,0.98209479,0.00770195,0.46308225,middle,balanced_early
P01267,0.10770513,1.09032975,4.90621134,0.20889114,upper,balanced_early
P01268,0.10778316,1.06802655,-4.82798927,0.40044402,lower,balanced_early
P01269,0.10782477,1.08714965,-4.69183638,0.43536654,lower,balanced_early
P01270,0.107885,1.0616265,0.20143399,0.38222286,middle,balanced_early
P01271,0.10795188,1.08599558,-4.75229814,0.46368018,lower,balanced_early
P01272,0.10802609,1.03121086,0.14560277,0.37868689,middle,balanced_early
P01273,0.10802803,1.07970503,-4.94160467,0.41239188,lower,balanced_early
P01274,0.10809963,1.07209467,0.28014167,0.38497101,middle,balanced_early
P01275,0.10818088,1.09763956,4.98855939,0.20032933,upper,balanced_early
P01276,0.1082356,1.11023748,5.30503123,0.04808418,upper,balanced_early
P01277,0.10825396,1.07629291,-4.83503645,0.33130871,lower,balanced_early
P01278,0.10836672,1.12365814,0.14315079,0.36869005,middle,balanced_early
P01279,0.10840218,1.09074098,-4.82438949,0.37612523,lower,balanced_early
P01280,0.10840677,1.0568516,-4.93187062,0.46445016,lower,balanced_early
P01281,0.10858506,1.06722844,0.21604781,0.25799962,middle,balanced_early
P01282,0.1087041,1.1105771,4.96387057,0.16653899,upper,balanced_early
P01283,0.10913699,1.05374477,5.1970825,0.13754681,upper,balanced_early
P01284,0.10913835,1.03847457,0.25884872,0.46559273,middle,balanced_early
P01285,0.10918514,1.06787815,-4.82026716,0.33583523,lower,balanced_early
P01286,0.10926835,1.11758342,4.9295582,0.06206213,upper,balanced_early
P01287,0.10932838,1.10950393,-4.88594408,0.3867888,lower,balanced_early
P01288,0.10960256,1.07776067,0.11031617,0.40774231,middle,balanced_early
P01289,0.10964604,1.05275239,4.91160179,0.08174064,upper,balanced_early
P01290,0.10970972,1.09700421,5.11012127,0.10223852,upper,balanced_early
P01291,0.10974373,1.09250777,5.20552081,0.06132346,upper,balanced_early
P01292,0.10977998,1.12010694,0.09904319,0.37833569,middle,balanced_early
P01293,0.10980721,1.09920121,5.17219829,0.13588247,upper,balanced_early
P01294,0.1098353,1.07986884,0.21807562,0.33229754,middle,balanced_early
P01295,0.10988081,1.12364402,-4.76084708,0.57146787,lower,balanced_early
P01296,0.10999359,1.08911512,-4.94993853,0.50582104,lower,balanced_early
P01297,0.11003901,1.10217163,-4.9295768,0.41800738,lower,balanced_early
P01298,0.11019125,1.09814628,-4.90808919,0.40000229,lower,balanced_early
P01299,0.11033967,1.08058055,-0.11295506,0.32113809,middle,balanced_early
P01300,0.11058086,1.10809308,0.17331957,0.29666945,middle,balanced_early
P01301,0.11060774,1.12210061,0.07111505,0.41548542,middle,balanced_early
P01302,0.11062752,1.11660774,0.12671812,0.32691281,middle,balanced_early
P01303,0.11072867,1.07142952,0.06620902,0.36208207,middle,balanced_early
P01304,0.11075497,1.10592108,4.99747214,0.1676937,upper,balanced_early
P01305,0.11077783,1.08286202,4.9821484,-0.01392038,upper,balanced_early
P01306,0.11083536,1.06829934,-4.84542549,0.39166589,lower,balanced_early
P01307,0.11083793,1.11552788,0.11355349,0.23588427,middle,balanced_early
P01308,0.11096188,1.1329543,-4.80769258,0.36077396,lower,balanced_early
P01309,0.11101145,1.1152964,5.00096943,-0.00844635,upper,balanced_early
P01310,0.11119985,1.08657053,0.07731319,0.38648249,middle,balanced_early
P01311,0.11137683,1.13223104,-4.88071192,0.35730094,lower,balanced_early
P01312,0.11140924,1.10318874,4.84763195,0.00349115,upper,balanced_early
P01313,0.11158176,1.07754943,4.98280139,0.20330356,upper,balanced_early
P01314,0.11172012,1.09305346,-4.96067549,0.3649604,lower,balanced_early
P01315,0.11173221,1.07991574,0.01982455,0.38621864,middle,balanced_early
P01316,0.11173425,1.06938797,0.1505396,0.41602687,middle,balanced_early
P01317,0.11173754,1.14417549,5.04624679,0.13638128,upper,balanced_early
P01318,0.11183893,1.14669901,5.10333371,-0.00292206,upper,balanced_early
P01319,0.11183904,1.12501226,-4.88371042,0.42952476,lower,balanced_early
P01320,0.1118429,1.12832568,0.15515524,0.47197184,middle,balanced_early
P01321,0.11184427,1.11647745,-4.90320137,0.45134991,lower,balanced_early
P01322,0.11185438,1.14569067,0.11657735,0.468017,middle,balanced_early
P01323,0.11188079,1.07825194,-4.90332466,0.5208936,lower,balanced_early
P01324,0.11190452,1.1039452,5.09475554,0.15440435,upper,balanced_early
P01325,0.1119653,1.13874671,-4.89729003,0.43425448,lower,balanced_early
P01326,0.11201053,1.1260128,-0.0418305,0.36468372,middle,balanced_early
P01327,0.11205966,1.09032061,-5.0228964,0.44464021,lower,balanced_early
P01328,0.11208,1.13897361,0.15795539,0.27911757,middle,balanced_early
P01329,0.11209946,1.13968767,0.12854899,0.45292675,middle,balanced_early
P01330,0.11229159,1.12263728,4.91393138,0.17296666,upper,balanced_early
P01331,0.11229303,1.14096401,-0.02875637,0.24597948,middle,balanced_early
P01332,0.1123764,1.1457986,-4.86671503,0.37946409,lower,balanced_early
P01333,0.1124349,1.11572781,5.14603317,0.06223715,upper,balanced_early
P01334,0.11249367,1.11267839,-4.97639338,0.38628043,lower,balanced_early
P01335,0.11254902,1.13816324,5.09087411,-0.01199887,upper,balanced_early
P01336,0.11269195,1.13714752,0.08114227,0.24226648,middle,balanced_early
P01337,0.11303364,1.11692916,0.02627069,0.5061225,middle,balanced_early
P01338,0.11314617,1.15786604,-0.00858866,0.25236237,middle,balanced_early
P01339,0.11319143,1.10200018,0.10422041,0.32921748,middle,balanced_early
P01340,0.11321424,1.12402439,0.27764256,0.33873803,middle,balanced_early
P01341,0.1132799,1.14958778,-4.86724903,0.39304698,lower,balanced_early
P01342,0.11339333,1.1566062,-4.8616422,0.4182104,lower,balanced_early
P01343,0.11354729,1.14569629,-5.00063187,0.5275596,lower,balanced_early
P01344,0.11359283,1.10290294,0.02742626,0.36039138,middle,balanced_early
P01345,0.11359285,1.14205068,4.96747507,0.03029468,upper,balanced_early
P01346,0.11362472,1.193964,0.14934133,0.34589477,middle,balanced_early
P01347,0.11363848,1.12477116,-4.950144,0.51505658,lower,balanced_early
P01348,0.1137134,1.14095629,5.12018442,0.1803713,upper,balanced_early
P01349,0.11376804,1.12215787,5.06562419,0.10845613,upper,balanced_early
P01350,0.11404462,1.12153671,0.03930195,0.28716452,middle,balanced_early
P01351,0.11419514,1.19005515,0.10257567,0.40206878,middle,balanced_early
P01352,0.11455678,1.2128206,5.00661525,0.18437855,upper,balanced_early
P01353,0.11455708,1.15673292,-4.95869123,0.49732011,lower,balanced_early
P01354,0.11476884,1.12446402,-4.96408461,0.34596032,lower,balanced_early
P01355,0.11517188,1.19934982,0.02926029,0.35798009,middle,balanced_early
P01356,0.11518032,1.16067215,-4.94882737,0.4364888,lower,balanced_early
P01357,0.11524984,1.13261003,0.25158494,0.48778293,middle,balanced_early
P01358,0.11525258,1.11709555,5.10494052,-0.0500496,upper,balanced_early
P01359,0.11533756,1.13889538,-4.69231599,0.51099077,lower,balanced_early
P01360,0.11550836,1.16102329,0.13270065,0.41058852,middle,balanced_early
P01361,0.11562429,1.17680149,-4.84890697,0.38484826,lower,balanced_early
P01362,0.11576479,1.16218562,-0.05449829,0.24036087,middle,balanced_early
P01363,0.11577351,1.20313004,-4.95648947,0.53729852,lower,balanced_early
P01364,0.11588177,1.08876063,5.01943076,0.15404791,upper,balanced_early
P01365,0.11592562,1.12831017,0.05388951,0.31894599,middle,balanced_early
P01366,0.11592724,1.13226633,-4.97134173,0.56425912,lower,balanced_early
P01367,0.11608727,1.17209595,5.31224637,0.00052047,upper,balanced_early
P01368,0.11656194,1.14419993,-4.96403339,0.47283289,lower,balanced_early
P01369,0.11662366,1.16626608,-4.86203655,0.45776983,lower,balanced_early
P01370,0.11676057,1.18577814,-4.85722174,0.29739841,lower,balanced_early
P01371,0.11678556,1.14657791,-4.76450817,0.56045017,lower,balanced_early
P01372,0.11681191,1.17804764,5.02228257,0.11435275,upper,balanced_early
P01373,0.11690064,1.14815211,0.18097161,0.46580519,middle,balanced_early
P01374,0.11717493,1.21204235,-4.79313951,0.42864832,lower,balanced_early
P01375,0.11721338,1.18194743,-4.89445601,0.61225059,lower,balanced_early
P01376,0.11725622,1.20733016,-4.9075446,0.45053389,lower,balanced_early
P01377,0.11734057,1.15593779,-4.78217595,0.40210239,lower,balanced_early
P01378,0.11739406,1.12402746,4.94917123,0.14922055,upper,balanced_early
P01379,0.11743111,1.18200466,5.03468521,0.0678801,upper,balanced_early
P01380,0.11761857,1.20951974,0.27657105,0.30071677,middle,balanced_early
P01381,0.11763211,1.16613525,4.95693952,-0.01190191,upper,balanced_early
P01382,0.11795924,1.16708684,4.97049258,0.17138143,upper,balanced_early
P01383,0.1180545,1.17719184,4.85786434,0.0216662,upper,balanced_early
P01384,0.11827545,1.19740909,0.29030581,0.30754991,middle,balanced_early
P01385,0.11836037,1.17419555,4.78511808,0.06150481,upper,balanced_early
P01386,0.11844544,1.16255065,5.05283737,0.13557256,upper,balanced_early
P01387,0.11871746,1.20346381,0.21159412,0.29223934,middle,balanced_early
P01388,0.11874768,1.18145207,-4.67210088,0.24937089,lower,balanced_early
P01389,0.11875673,1.20000776,0.22777839,0.39131443,middle,balanced_early
P01390,0.11884746,1.19296558,-4.6793938,0.41693379,lower,balanced_early
P01391,0.11885286,1.24361806,5.03398512,0.0770233,upper,balanced_early
P01392,0.11887531,1.19401208,-4.99906682,0.48424012,lower,balanced_early
P01393,0.11890256,1.22096245,-4.91027501,0.26977749,lower,balanced_early
P01394,0.11892441,1.18350328,0.10311907,0.37475374,middle,balanced_early
P01395,0.11893015,1.22121579,0.07775196,0.38461463,middle,balanced_early
P01396,0.11924497,1.1711115,4.71769017,0.06058527,upper,balanced_early
P01397,0.11926798,1.20796058,-4.82944678,0.38469686,lower,balanced_early
P01398,0.11932087,1.18352909,4.92314476,-0.01570001,upper,balanced_early
P01399,0.1195586,1.1769739,-4.8500287,0.40698688,lower,balanced_early
P01400,0.11971284,1.21906375,-4.66934328,0.51395653,lower,balanced_early
P01401,0.11978732,1.17084414,-4.87541402,0.46895197,lower,balanced_early
P01402,0.11996751,1.20113148,5.14495802,-0.04672959,upper,balanced_early
P01403,0.12005206,1.16070174,0.05598643,0.28939987,middle,balanced_early
P01404,0.12011163,1.17918231,-4.95287779,0.39643314,lower,balanced_early
P01405,0.1201894,1.17761359,4.98729983,0.06261712,upper,balanced_early
P01406,0.12024821,1.20096811,-4.91125374,0.39874388,lower,balanced_early
P01407,0.12026174,1.21878248,5.15168669,0.14545319,upper,balanced_early
P01408,0.12035642,1.1334435,4.89852827,-0.01825245,upper,balanced_early
P01409,0.12054106,1.1962049,0.07092272,0.18488846,middle,balanced_early
P01410,0.12055334,1.25122669,0.11763474,0.33176907,middle,balanced_early
P01411,0.12055928,1.18821686,-0.03339806,0.43482021,middle,balanced_early
P01412,0.12069241,1.19465124,-4.91264339,0.38174643,lower,balanced_early
P01413,0.12069403,1.2380123,-4.96056585,0.56461445,lower,balanced_early
P01414,0.12073206,1.19038864,-4.9093548,0.36748541,lower,balanced_early
P01415,0.12074173,1.21032729,0.13963376,0.18355292,middle,balanced_early
P01416,0.12076872,1.1963985,0.01297081,0.25559842,middle,balanced_early
P01417,0.12087486,1.22468081,0.18515655,0.40610235,middle,balanced_early
P01418,0.12103118,1.24489037,-4.93719123,0.49190653,lower,balanced_early
P01419,0.12110219,1.20671425,-4.91662023,0.44155575,lower,balanced_early
P01420,0.12127257,1.2067806,0.08495196,0.30974771,middle,balanced_early
P01421,0.12150301,1.22252966,4.91743546,0.26659082,upper,balanced_early
P01422,0.12171648,1.24051977,4.92400285,0.08083435,upper,balanced_early
P01423,0.12172381,1.23342589,5.00945126,0.03592105,upper,balanced_early
P01424,0.12181306,1.24075013,-4.91567764,0.3706049,lower,balanced_early
P01425,0.12190608,1.21168622,0.09742387,0.25977578,middle,balanced_early
P01426,0.12190722,1.22492491,4.96809224,0.07132841,upper,balanced_early
P01427,0.12191287,1.20790373,0.16135108,0.40214659,middle,balanced_early
P01428,0.12197151,1.20687597,4.89056568,0.08912495,upper,balanced_early
P01429,0.12197714,1.21271273,0.19203137,0.25732412,middle,balanced_early
P01430,0.1219962,1.21136825,0.22071858,0.34353892,middle,balanced_early
P01431,0.12224024,1.24070547,0.16712917,0.25418594,middle,balanced_early
P01432,0.12228042,1.22751181,-0.06391598,0.47656451,middle,balanced_early
P01433,0.1223351,1.22626419,-0.10608959,0.33869577,middle,balanced_early
P01434,0.12238688,1.17758505,4.85973467,-0.06984975,upper,balanced_early
P01435,0.12273282,1.20030126,5.08790539,0.01580785,upper,balanced_early
P01436,0.1227762,1.24374959,0.11004701,0.18494543,middle,balanced_early
P01437,0.12294953,1.24230507,5.02717288,-0.01146814,upper,balanced_early
P01438,0.1229785,1.23225467,5.00828291,0.16140932,upper,balanced_early
P01439,0.123095,1.21916429,-4.82672103,0.45405773,lower,balanced_early
P01440,0.12316378,1.23894171,-4.96376962,0.5768549,lower,balanced_early
P01441,0.12318534,1.26828735,-4.742988,0.37424885,lower,balanced_early
P01442,0.12319001,1.28985483,-4.65909876,0.50688397,lower,balanced_early
P01443,0.12324534,1.23186534,0.19583556,0.23942421,middle,balanced_early
P01444,0.12326784,1.24454147,5.0997535,0.21876167,upper,balanced_early
P01445,0.12347292,1.23744724,0.18549772,0.28501422,middle,balanced_early
P01446,0.12354332,1.20286227,0.0480388,0.30416279,middle,balanced_early
P01447,0.12355551,1.2158165,-5.02353768,0.33888717,lower,balanced_early
P01448,0.12356317,1.21040922,-4.99773978,0.31521199,lower,balanced_early
P01449,0.12362696,1.26184228,-4.99435303,0.61369955,lower,balanced_early
P01450,0.12368836,1.24833989,0.05176706,0.23196312,middle,balanced_early
P01451,0.12392136,1.21339637,4.85959431,-0.07535595,upper,balanced_early
P01452,0.12397361,1.25525868,0.02320924,0.24201794,middle,balanced_early
P01453,0.12398275,1.27461376,4.99262199,0.10338442,upper,balanced_early
P01454,0.12405904,1.22580091,0.04394732,0.32979836,middle,balanced_early
P01455,0.12412252,1.29049529,-4.95559446,0.47318353,lower,balanced_early
P01456,0.12414059,1.22527401,-4.98067117,0.53247801,lower,balanced_early
P01457,0.12422448,1.25261007,-0.00766304,0.35200047,middle,balanced_early
P01458,0.12424432,1.27666705,0.07019189,0.19416731,middle,balanced_early
P01459,0.12425515,1.21981848,-4.85532499,0.35719131,lower,balanced_early
P01460,0.12429002,1.23829159,0.05607723,0.20510684,middle,balanced_early
P01461,0.12435045,1.23977769,4.96321883,0.03089926,upper,balanced_early
P01462,0.12449777,1.237238,0.16633853,0.31697723,middle,balanced_early
P01463,0.12449899,1.22967817,4.98097217,0.12677968,upper,balanced_early
P01464,0.12461606,1.2284698,-4.94375446,0.34256057,lower,balanced_early
P01465,0.1246164,1.24648529,0.03240892,0.20848879,middle,balanced_early
P01466,0.12462375,1.22813144,0.07349295,0.30120862,middle,balanced_early
P01467,0.12474572,1.22456461,-4.7880791,0.29945277,lower,balanced_early
P01468,0.12475692,1.25827276,-4.7467956,0.44735242,lower,balanced_early
P01469,0.12488635,1.22293451,5.08837601,0.01011078,upper,balanced_early
P01470,0.12515842,1.26680784,-4.64833348,0.64975445,lower,balanced_early
P01471,0.12529471,1.2317317,0.06248185,0.34724638,middle,balanced_early
P01472,0.12529907,1.26150425,-4.92938807,0.44376587,lower,balanced_early
P01473,0.12544147,1.2514777,-4.79824332,0.42160355,lower,balanced_early
P01474,0.12561792,1.25799943,5.03709406,-0.02464006,upper,balanced_early
P01475,0.12567781,1.20879848,-4.82664308,0.41369036,lower,balanced_early
P01476,0.12568849,1.19612457,-4.90541622,0.36682338,lower,balanced_early
P01477,0.12569199,1.28739361,-4.87037265,0.41104182,lower,balanced_early
P01478,0.12578599,1.24175682,0.03044779,0.40066524,middle,balanced_early
P01479,0.12594103,1.26991882,-4.85708871,0.37778546,lower,balanced_early
P01480,0.12595029,1.27954385,4.96226502,0.12373764,upper,balanced_early
P01481,0.12598761,1.26444714,-0.13141342,0.18642511,middle,balanced_early
P01482,0.12601811,1.28237214,-4.80127861,0.49602227,lower,balanced_early
P01483,0.12603375,1.29094013,0.14258268,0.33160391,middle,balanced_early
P01484,0.12610104,1.2935833,0.17917586,0.28260503,middle,balanced_early
P01485,0.12610796,1.26507758,-4.84796371,0.50694221,lower,balanced_early
P01486,0.12625653,1.27674671,-4.90634997,0.42572092,lower,balanced_early
P01487,0.12653184,1.25255236,0.20042039,0.34859716,middle,balanced_early
P01488,0.12654603,1.27806165,-5.03430415,0.53178127,lower,balanced_early
P01489,0.12658371,1.29319217,4.91844108,-0.07185592,upper,balanced_early
P01490,0.12667619,1.2372904,-4.93687864,0.38291067,lower,balanced_early
P01491,0.12698959,1.25443682,0.10800625,0.29818955,middle,balanced_early
P01492,0.12710275,1.26618356,5.10363391,-0.07528396,upper,balanced_early
P01493,0.12714549,1.25244576,5.04194255,0.03472963,upper,balanced_early
P01494,0.1271791,1.30727679,-4.90627501,0.53775217,lower,balanced_early
P01495,0.12735108,1.27981395,-4.90378004,0.42767215,lower,balanced_early
P01496,0.12738828,1.25329465,4.9451761,0.01286954,upper,balanced_early
P01497,0.12748219,1.25491263,-4.73688421,0.51252683,lower,balanced_early
P01498,0.12753136,1.28183545,5.01222176,-0.06889705,upper,balanced_early
P01499,0.12765273,1.26512509,0.00610319,0.31444654,middle,balanced_early
P01500,0.12773991,1.2784598,-4.95575795,0.53950096,lower,balanced_early
P01501,0.12784926,1.25866778,0.04728674,0.44863916,middle,balanced_early
P01502,0.12805592,1.2856121,4.93295222,0.02363999,upper,balanced_early
P01503,0.12806473,1.27956715,4.77845145,0.01517655,upper,balanced_early
P01504,0.12807741,1.26613049,0.12312229,0.22949567,middle,balanced_early
P01505,0.1282397,1.27774631,-5.01964329,0.53222486,lower,balanced_early
P01506,0.12829961,1.29066893,4.82425883,0.11907364,upper,balanced_early
P01507,0.12832707,1.2244274,5.0677537,0.02656194,upper,balanced_early
P01508,0.12834103,1.29459027,0.01060815,0.33676958,middle,balanced_early
P01509,0.12838345,1.25359628,0.13154772,0.36939491,middle,balanced_early
P01510,0.12847669,1.32689245,-0.00583896,0.38480276,middle,balanced_early
P01511,0.12847896,1.32856506,4.96695044,-0.02014414,upper,balanced_early
P01512,0.12860561,1.27749784,0.07594742,0.35228759,middle,balanced_early
P01513,0.12862939,1.29063129,-4.89680801,0.33613687,lower,balanced_early
P01514,0.12863245,1.27752879,0.22626652,0.34635267,middle,balanced_early
P01515,0.12868792,1.28920848,-0.05370685,0.27470952,middle,balanced_early
P01516,0.12875789,1.26956895,4.99091955,0.01784993,upper,balanced_early
P01517,0.12882812,1.28099395,-4.89195606,0.38595303,lower,balanced_early
P01518,0.12890796,1.31049667,4.92905085,0.05632911,upper,balanced_early
P01519,0.12910443,1.29508881,-4.9566112,0.40074312,lower,balanced_early
P01520,0.12928427,1.25311339,-4.89276701,0.3933409,lower,balanced_early
P01521,0.12934327,1.29574174,0.08676734,0.23695739,middle,balanced_early
P01522,0.12941598,1.27948257,-4.74140045,0.48797328,lower,balanced_early
P01523,0.1295788,1.27371191,-4.85521356,0.45131109,lower,balanced_early
P01524,0.12959579,1.29057742,4.90152309,0.02641027,upper,balanced_early
P01525,0.12972977,1.27771738,0.17311072,0.41392062,middle,balanced_early
P01526,0.12990111,1.28471393,-4.90146905,0.36524916,lower,balanced_early
P01527,0.12994808,1.31085128,-4.89782338,0.58650883,lower,balanced_early
P01528,0.1301336,1.30511382,0.09106164,0.35820973,middle,balanced_early
P01529,0.13016726,1.29957645,-4.84859667,0.37537166,lower,balanced_early
P01530,0.13019973,1.32867593,-4.85922787,0.48393339,lower,balanced_early
P01531,0.13024301,1.32749558,-4.99519191,0.34101356,lower,balanced_early
P01532,0.13037914,1.34005203,0.12049915,0.17648329,middle,balanced_early
P01533,0.13046165,1.31840207,0.04056278,0.20968066,middle,balanced_early
P01534,0.13052733,1.30260928,-4.98434194,0.48581595,lower,balanced_early
P01535,0.13058846,1.31257226,-4.99582188,0.61481685,lower,balanced_early
P01536,0.1305911,1.30666887,-0.01984202,0.26417273,middle,balanced_early
P01537,0.13063143,1.32075395,5.09200646,-0.0602214,upper,balanced_early
P01538,0.13070505,1.2836665,0.04041844,0.29614888,middle,balanced_early
P01539,0.1308829,1.33646975,0.10810342,0.29749355,middle,balanced_early
P01540,0.13092763,1.33426787,4.93491088,-0.06538648,upper,balanced_early
P01541,0.13101894,1.29298371,-4.96932439,0.28755695,lower,balanced_early
P01542,0.13109088,1.28730174,-4.94643382,0.34446529,lower,balanced_early
P01543,0.13117234,1.31658482,-0.12036185,0.16841119,middle,balanced_early
P01544,0.13132569,1.30823161,5.00917158,-0.0780914,upper,balanced_early
P01545,0.13133299,1.31078154,5.00291702,-0.14574818,upper,balanced_early
P01546,0.13147682,1.27966677,0.05143236,0.42093708,middle,balanced_early
P01547,0.13150765,1.34077956,-4.96285744,0.41097883,lower,balanced_early
P01548,0.1315914,1.3326403,0.19180282,0.2849218,middle,balanced_early
P01549,0.13165689,1.31072997,4.95551109,0.04812068,upper,balanced_early
P01550,0.13166732,1.34407345,0.23863254,0.33142218,middle,balanced_early
P01551,0.13167345,1.30455169,4.93385775,-0.01396495,upper,balanced_early
P01552,0.13181417,1.37320002,-4.90046355,0.44024086,lower,balanced_early
P01553,0.13187623,1.3568726,0.09067407,0.23956527,middle,balanced_early
P01554,0.13187625,1.33411807,-4.94906573,0.39275643,lower,balanced_early
P01555,0.13194205,1.28897048,4.91091524,0.13443877,upper,balanced_early
P01556,0.13209483,1.34330559,0.06293194,0.33072745,middle,balanced_early
P01557,0.13216315,1.30719356,0.11010629,0.48910801,middle,balanced_early
P01558,0.13230347,1.26360092,4.97810033,-0.02566064,upper,balanced_early
P01559,0.13232729,1.28596525,4.93203797,0.03023982,upper,balanced_early
P01560,0.13243619,1.33124122,-4.77414898,0.52173284,lower,balanced_early
P01561,0.13244223,1.33915347,0.05016424,0.33771058,middle,balanced_early
P01562,0.13249155,1.33690282,-0.00812295,0.28422001,middle,balanced_early
P01563,0.13249414,1.35687803,0.13999012,0.45046382,middle,balanced_early
P01564,0.1325609,1.31727094,5.09885419,-0.05760778,upper,balanced_early
P01565,0.13260612,1.32299707,0.17516685,0.25695807,middle,balanced_early
P01566,0.13275246,1.35475001,4.77840869,0.08184727,upper,balanced_early
P01567,0.13276032,1.33250006,0.13516855,0.2658536,middle,balanced_early
P01568,0.13276264,1.3461482,5.11329432,0.03343303,upper,balanced_early
P01569,0.13277573,1.35598826,-4.77141114,0.44338645,lower,balanced_early
P01570,0.13283196,1.28725133,-4.99325244,0.607877,lower,balanced_early
P01571,0.13291296,1.33450115,-4.88875158,0.52150273,lower,balanced_early
P01572,0.13303472,1.31248232,4.88214961,-0.10894611,upper,balanced_early
P01573,0.13303885,1.3352644,-4.91299975,0.36362836,lower,balanced_early
P01574,0.13307047,1.35281894,5.16159831,-0.02401705,upper,balanced_early
P01575,0.13310607,1.34538425,5.12094796,-0.12646492,upper,balanced_early
P01576,0.13311851,1.30614106,-4.87684907,0.42828963,lower,balanced_early
P01577,0.13320506,1.32961253,4.92964701,-0.08478438,upper,balanced_early
P01578,0.13321931,1.34984824,4.98560942,-0.02064367,upper,balanced_early
P01579,0.13322842,1.31001045,0.10002246,0.3012551,middle,balanced_early
P01580,0.13324132,1.34286038,-4.65495519,0.62384892,lower,balanced_early
P01581,0.13331078,1.29802591,-5.02812995,0.52335025,lower,balanced_early
P01582,0.13332321,1.37624713,4.9686056,-0.04950409,upper,balanced_early
P01583,0.13339127,1.33363134,-4.58905691,0.6422873,lower,balanced_early
P01584,0.13351788,1.33426053,5.02001641,0.06360768,upper,balanced_early
P01585,0.13352709,1.3291229,5.04298681,0.07429264,upper,balanced_early
P01586,0.13363512,1.35336165,0.27171017,0.40814625,middle,balanced_early
P01587,0.1336687,1.32326154,-4.81300897,0.51251337,lower,balanced_early
P01588,0.13388647,1.33623377,0.1287435,0.31158242,middle,balanced_early
P01589,0.13395637,1.35115279,4.98204401,0.09208052,upper,balanced_early
P01590,0.13402161,1.39755614,5.12705408,-0.14732132,upper,balanced_early
P01591,0.13404809,1.35527745,0.04716397,0.26068312,middle,balanced_early
P01592,0.1341187,1.33573646,4.94104382,-0.00875589,upper,balanced_early
P01593,0.13413132,1.33163683,4.96226141,0.09509361,upper,balanced_early
P01594,0.13416779,1.43464741,-0.06785173,0.31860884,middle,balanced_early
P01595,0.13420985,1.35075127,0.1754657,0.29739858,middle,balanced_early
P01596,0.13433927,1.31300098,5.09722259,-0.0803616,upper,balanced_early
P01597,0.13440772,1.35585496,-4.82187503,0.44660805,lower,balanced_early
P01598,0.1344272,1.32702,4.87860609,0.03169718,upper,balanced_early
P01599,0.13444362,1.32391923,-4.89049972,0.40732001,lower,balanced_early
P01600,0.13449031,1.36855358,-4.97008494,0.30482704,lower,balanced_early
P01601,0.1344999,1.28720001,-4.82177678,0.43860699,lower,balanced_early
P01602,0.13458416,1.38931714,0.29099734,0.26017106,middle,balanced_early
P01603,0.13475835,1.31594783,-4.94301388,0.40201774,lower,balanced_early
P01604,0.13487225,1.33591727,-5.07086585,0.53424458,lower,balanced_early
P01605,0.13496838,1.31848628,0.11067094,0.34947508,middle,balanced_early
P01606,0.1352802,1.38964132,-4.73746656,0.59970609,lower,balanced_early
P01607,0.13529113,1.40503776,4.93365309,0.00112922,upper,balanced_early
P01608,0.1354326,1.33143687,0.1210113,0.27242635,middle,balanced_early
P01609,0.13557064,1.37922176,5.02203895,-0.06166676,upper,balanced_early
P01610,0.13578935,1.33283664,-4.84809357,0.45784002,lower,balanced_early
P01611,0.13596683,1.38132111,5.02551722,-0.05106166,upper,balanced_early
P01612,0.13599387,1.36848405,-4.88420357,0.36802934,lower,balanced_early
P01613,0.1360107,1.34201154,0.26012598,0.29500179,middle,balanced_early
P01614,0.13604384,1.38158104,-4.53003914,0.59212349,lower,balanced_early
P01615,0.13636028,1.39512666,0.06677103,0.19944256,middle,balanced_early
P01616,0.13667167,1.3549951,-0.16818772,0.1862217,middle,balanced_early
P01617,0.13672971,1.37273606,-4.82149928,0.61447786,lower,balanced_early
P01618,0.13676732,1.3867683,4.98333517,0.01614225,upper,balanced_early
P01619,0.13682902,1.43688475,5.14815171,-0.10972313,upper,balanced_early
P01620,0.13699957,1.38021105,-0.09829719,0.20357887,middle,balanced_early
P01621,0.13710187,1.33720992,4.93257623,-0.13526555,upper,balanced_early
P01622,0.13739401,1.40362256,-4.96178561,0.4503023,lower,balanced_early
P01623,0.13745142,1.36972023,0.00706795,0.17310587,middle,balanced_early
P01624,0.137526,1.42059628,4.99394028,-0.05608075,upper,balanced_early
P01625,0.13756235,1.37009419,0.01079933,0.40968813,middle,balanced_early
P01626,0.13772628,1.36152806,-0.21567808,0.24311395,middle,balanced_early
P01627,0.1377265,1.36041397,-4.80357218,0.34796962,lower,balanced_early
P01628,0.13793597,1.39644983,0.10630352,0.21757789,middle,balanced_early
P01629,0.13795411,1.41611926,4.81029969,-0.04722445,upper,balanced_early
P01630,0.13807672,1.3614804,0.19417237,0.24693499,middle,balanced_early
P01631,0.13817715,1.4180889,4.84664511,-0.03916996,upper,balanced_early
P01632,0.13823841,1.42475683,0.12358365,0.32041209,middle,balanced_early
P01633,0.13829229,1.41032009,0.10143004,0.3012708,middle,balanced_early
P01634,0.13831917,1.41769685,4.83338153,-0.17766188,upper,balanced_early
P01635,0.13838382,1.409936,0.29020159,0.25219374,middle,balanced_early
P01636,0.1384115,1.37654105,5.01178884,-0.12206163,upper,balanced_early
P01637,0.13858943,1.40394809,0.21274148,0.33138514,middle,balanced_early
P01638,0.13869723,1.42385621,-4.94046029,0.49483565,lower,balanced_early
P01639,0.13890668,1.37903424,-4.87876996,0.34711395,lower,balanced_early
P01640,0.13892629,1.34145406,-4.79229385,0.56378342,lower,balanced_early
P01641,0.13898773,1.37412924,-4.96854531,0.43644669,lower,balanced_early
P01642,0.13901352,1.41147289,5.017052,-0.10231357,upper,balanced_early
P01643,0.13908036,1.38854932,4.94176534,-0.10796043,upper,balanced_early
P01644,0.13923127,1.40529186,-5.02713683,0.54136965,lower,balanced_early
P01645,0.13929419,1.37131987,0.11021563,0.25126736,middle,balanced_early
P01646,0.13930968,1.4207223,-4.8272056,0.45379174,lower,balanced_early
P01647,0.13940096,1.39502109,4.81959703,-0.03805478,upper,balanced_early
P01648,0.13948563,1.33800925,0.1123682,0.20515279,middle,balanced_early
P01649,0.13949004,1.3655352,0.21715713,0.37516898,middle,balanced_early
P01650,0.13958249,1.40617256,0.10485091,0.3203922,middle,balanced_early
P01651,0.13964027,1.41117228,-5.0004572,0.31470022,lower,balanced_early
P01652,0.13969636,1.375577,0.11399212,0.31874371,middle,balanced_early
P01653,0.1397574,1.41276939,-4.83550813,0.35783285,lower,balanced_early
P01654,0.13976503,1.44846194,0.0755705,0.24860377,middle,balanced_early
P01655,0.13977837,1.36427464,0.02879313,0.32493744,middle,balanced_early
P01656,0.13980667,1.373853,-5.005923,0.37055148,lower,balanced_early
P01657,0.13980789,1.42288541,0.17154759,0.28851276,middle,balanced_early
P01658,0.13983435,1.41526529,5.02655864,-0.08377172,upper,balanced_early
P01659,0.13990826,1.43754909,0.04453101,0.37357821,middle,balanced_early
P01660,0.13996267,1.38165592,4.92817841,-0.08550575,upper,balanced_early
P01661,0.14002285,1.39659104,5.01391128,-0.02182149,upper,balanced_early
P01662,0.14011373,1.42684671,4.97975102,-0.00300364,upper,balanced_early
P01663,0.14027765,1.41837596,0.15783624,0.26576582,middle,balanced_early
P01664,0.14028551,1.36807875,-4.87365322,0.37704103,lower,balanced_early
P01665,0.14036242,1.37566026,0.05790281,0.37252685,middle,balanced_early
P01666,0.14040545,1.41098862,0.02485928,0.15196099,middle,balanced_early
P01667,0.14041585,1.39792998,0.12356647,0.32856071,middle,balanced_early
P01668,0.14055782,1.38805428,0.22067148,0.30134322,middle,balanced_early
P01669,0.14060234,1.45815717,5.01895074,-0.12397623,upper,balanced_early
P01670,0.14076719,1.43225106,-4.87719773,0.52787489,lower,balanced_early
P01671,0.14079731,1.41173636,0.03941893,0.29824818,middle,balanced_early
P01672,0.14082577,1.38157258,-5.02042604,0.55472741,lower,balanced_early
P01673,0.14084021,1.39797143,4.95497864,-0.1802511,upper,balanced_early
P01674,0.14087933,1.38818457,5.0073322,-0.03798861,upper,balanced_early
P01675,0.14105301,1.40726781,-5.01628103,0.42300968,lower,balanced_early
P01676,0.14120857,1.38742874,-0.05678805,0.40394084,middle,balanced_early
P01677,0.14127056,1.43843364,-4.88520072,0.34637842,lower,balanced_early
P01678,0.14129888,1.39901519,-4.8229025,0.46253519,lower,balanced_early
P01679,0.1413229,1.43553205,5.03093568,-0.12657387,upper,balanced_early
P01680,0.14135611,1.42409528,-0.00598758,0.18124509,middle,balanced_early
P01681,0.14142938,1.38350466,4.82789417,-0.13075055,upper,balanced_early
P01682,0.14147144,1.39608491,5.04226465,-0.07966175,upper,balanced_early
P01683,0.14150394,1.42957073,0.06683553,0.04115458,middle,balanced_early
P01684,0.14162863,1.39611841,-4.76080075,0.51572324,lower,balanced_early
P01685,0.14164651,1.41716823,4.97937742,-0.19787894,upper,balanced_early
P01686,0.14183058,1.42014123,-0.01038215,0.32163399,middle,balanced_early
P01687,0.14210155,1.39137707,-4.87820862,0.44267658,lower,balanced_early
P01688,0.14219869,1.45025461,0.07272323,0.29369715,middle,balanced_early
P01689,0.14225485,1.40185935,4.73761693,-0.03096669,upper,balanced_early
P01690,0.14239911,1.39994024,0.17547293,0.27207158,middle,balanced_early
P01691,0.14242441,1.40989396,-4.94426646,0.38077139,lower,balanced_early
P01692,0.14249491,1.45215375,0.17134347,0.26936475,middle,balanced_early
P01693,0.14262227,1.40358713,-4.93292139,0.38161599,lower,balanced_early
P01694,0.14270076,1.41046245,-4.86893129,0.32263791,lower,balanced_early
P01695,0.14284569,1.43373431,0.30996379,0.26011036,middle,balanced_early
P01696,0.14293041,1.43879557,0.1480188,0.33786783,middle,balanced_early
P01697,0.14295766,1.4235972,-4.89075286,0.33099227,lower,balanced_early
P01698,0.14301987,1.47301585,0.08827435,0.2530784,middle,balanced_early
P01699,0.14305696,1.4547463,4.91521151,-0.06276433,upper,balanced_early
P01700,0.14312124,1.45243294,5.10850749,-0.14646018,upper,balanced_early
P01701,0.14315542,1.41323924,-5.09474921,0.30547873,lower,balanced_early
P01702,0.14318669,1.42510321,0.04817511,0.19289033,middle,balanced_early
P01703,0.14331898,1.41022563,4.90217403,0.0485954,upper,balanced_early
P01704,0.14332413,1.42147111,0.14592111,0.25121937,middle,balanced_early
P01705,0.14335444,1.42183802,5.13904151,-0.01863214,upper,balanced_early
P01706,0.14336718,1.404326,4.94392686,-0.19239769,upper,balanced_early
P01707,0.14345816,1.41361137,-0.02316982,0.25166367,middle,balanced_early
P01708,0.14364995,1.42994735,-4.95203069,0.42695895,lower,balanced_early
P01709,0.14375098,1.42806211,5.01329564,-0.03537126,upper,balanced_early
P01710,0.14376951,1.41810719,-0.04622602,0.08913465,middle,balanced_early
P01711,0.1437929,1.48713516,4.82744672,-0.27382887,upper,balanced_early
P01712,0.1440053,1.44092264,4.92099906,-0.13329549,upper,balanced_early
P01713,0.14402368,1.47178897,4.96433067,-0.10756615,upper,balanced_early
P01714,0.14407968,1.45001809,-4.81716066,0.5495402,lower,balanced_early
P01715,0.14430142,1.45959597,5.04713373,0.04941742,upper,balanced_early
P01716,0.14436834,1.41837863,5.05314973,-0.04505435,upper,balanced_early
P01717,0.1444358,1.44209558,0.12296969,0.19494382,middle,balanced_early
P01718,0.14451311,1.43507393,-4.94573688,0.5724165,lower,balanced_early
P01719,0.14463584,1.40780661,-4.79106623,0.45776307,lower,balanced_early
P01720,0.14471134,1.43207357,-4.92607352,0.32702112,lower,balanced_early
P01721,0.14472134,1.42465547,-4.92611267,0.45676835,lower,balanced_early
P01722,0.14479809,1.44770467,0.22257692,0.23820835,middle,balanced_early
P01723,0.14480717,1.41630749,-4.68117913,0.39073491,lower,balanced_early
P01724,0.14483555,1.45647044,-0.09987958,0.17918468,middle,balanced_early
P01725,0.14495506,1.47714042,-0.04309479,0.23713951,middle,balanced_early
P01726,0.14497897,1.44288183,0.02458756,0.15664838,middle,balanced_early
P01727,0.1451016,1.45261945,4.88780133,-0.2271675,upper,balanced_early
P01728,0.14518752,1.42605477,0.03989808,0.17582915,middle,balanced_early
P01729,0.14519767,1.43849611,5.16180968,-0.16476764,upper,balanced_early
P01730,0.14527813,1.47308095,5.04660514,0.01794038,upper,balanced_early
P01731,0.14530781,1.48769649,-4.98271702,0.39736172,lower,balanced_early
P01732,0.14543389,1.43812832,-4.82516127,0.27417056,lower,balanced_early
P01733,0.1455011,1.46358986,-4.94211254,0.51349041,lower,balanced_early
P01734,0.14563396,1.47425567,-4.94436865,0.4790068,lower,balanced_early
P01735,0.14565302,1.43556969,0.03270176,0.36891795,middle,balanced_early
P01736,0.14567945,1.44168633,-4.97365674,0.36345707,lower,balanced_early
P01737,0.14583987,1.42584081,-4.94815289,0.53152874,lower,balanced_early
P01738,0.14588722,1.4655896,0.02097533,0.37896641,middle,balanced_early
P01739,0.14590421,1.43161454,0.17624368,0.2228009,middle,balanced_early
P01740,0.14615852,1.48065251,4.81972868,-0.07083614,upper,balanced_early
P01741,0.14629258,1.4725304,-0.04216469,0.06993014,middle,balanced_early
P01742,0.14633531,1.47077099,-5.0475942,0.46093086,lower,balanced_early
P01743,0.14649551,1.44796782,5.01541588,-0.12569924,upper,balanced_early
P01744,0.14650443,1.46657122,-4.96737211,0.4459489,lower,balanced_early
P01745,0.14667345,1.48313061,-4.92906106,0.39850875,lower,balanced_early
P01746,0.14669477,1.45253449,-0.04928502,0.19417397,middle,balanced_early
P01747,0.14676484,1.46122728,-4.83827921,0.3950268,lower,balanced_early
P01748,0.14678211,1.41912902,-4.91279228,0.45942811,lower,balanced_early
P01749,0.14712143,1.44746551,-4.83732866,0.60060747,lower,balanced_early
P01750,0.14716273,1.41210837,-4.84122676,0.49487394,lower,balanced_early
P01751,0.14720406,1.45869849,0.07897273,0.28494419,middle,balanced_early
P01752,0.14737152,1.44684641,5.05233003,-0.13485961,upper,balanced_early
P01753,0.14743352,1.46296862,0.17918984,0.26290543,middle,balanced_early
P01754,0.14756452,1.43461397,0.22455238,0.22723051,middle,balanced_early
P01755,0.14761023,1.46450888,5.08017799,-0.14485346,upper,balanced_early
P01756,0.14765837,1.52361563,4.79768873,-0.08483629,upper,balanced_early
P01757,0.14778654,1.47900104,-5.05634302,0.31580815,lower,balanced_early
P01758,0.14781931,1.49521097,0.13970771,0.09828438,middle,balanced_early
P01759,0.14784286,1.473898,0.07997735,0.22083381,middle,balanced_early
P01760,0.14796374,1.44853329,0.32462334,0.13459226,middle,balanced_early
P01761,0.14807013,1.44111979,5.07159018,0.08297532,upper,balanced_early
P01762,0.14817533,1.50493214,4.79503131,-0.04125182,upper,balanced_early
P01763,0.14819083,1.47183768,-4.85076839,0.53994626,lower,balanced_early
P01764,0.14822672,1.49768384,4.99914019,-0.14384491,upper,balanced_early
P01765,0.14823762,1.48917498,0.12083481,0.22686359,middle,balanced_early
P01766,0.14853002,1.53195043,0.05397044,0.28238418,middle,balanced_early
P01767,0.14858201,1.49378411,5.01070901,-0.12920382,upper,balanced_early
P01768,0.14863516,1.45264828,-4.73262347,0.41276929,lower,balanced_early
P01769,0.1486468,1.50552626,-0.05641467,0.22912376,middle,balanced_early
P01770,0.14869231,1.48199331,4.97730303,0.1275503,upper,balanced_early
P01771,0.14869762,1.49501603,0.23856655,0.1175971,middle,balanced_early
P01772,0.1487054,1.49024867,0.14393969,0.10351972,middle,balanced_early
P01773,0.14873401,1.51883854,0.19713594,0.18053851,middle,balanced_early
P01774,0.14900187,1.51384227,4.94519268,0.00204359,upper,balanced_early
P01775,0.14901853,1.49662473,-4.89380784,0.45974237,lower,balanced_early
P01776,0.14920662,1.4989296,-0.05193349,0.33978444,middle,balanced_early
P01777,0.14927946,1.4429551,-0.01413726,0.20893771,middle,balanced_early
P01778,0.14932142,1.52418354,-4.67949176,0.41025353,lower,balanced_early
P01779,0.14952743,1.5093642,5.07401988,-0.07472854,upper,balanced_early
P01780,0.14979393,1.51507683,0.0131423,0.06504742,middle,balanced_early
P01781,0.14982123,1.48096995,-4.98558091,0.63598175,lower,balanced_early
P01782,0.1498388,1.52050646,4.90173228,-0.33358231,upper,balanced_early
P01783,0.14984508,1.48506729,5.01027482,0.04586468,upper,balanced_early
P01784,0.14991152,1.46814484,-4.86025697,0.44497501,lower,balanced_early
P01785,0.15006289,1.53916185,-4.90239575,0.56005177,lower,balanced_early
P01786,0.15008544,1.47264025,0.15119354,0.35580329,middle,balanced_early
P01787,0.15020125,1.49910951,4.85314833,-0.14450719,upper,balanced_early
P01788,0.1502592,1.50869588,4.91505495,-0.04533448,upper,balanced_early
P01789,0.15026398,1.48833629,-4.91595829,0.44886238,lower,balanced_early
P01790,0.15038504,1.48852065,-5.00052849,0.63444367,lower,balanced_early
P01791,0.15051078,1.51478318,-4.99081426,0.36695812,lower,balanced_early
P01792,0.15059593,1.4795263,-0.05817558,0.28048252,middle,balanced_early
P01793,0.1506337,1.52868392,4.82331048,-0.10574412,upper,balanced_early
P01794,0.15065815,1.5132895,4.95540937,-0.19144576,upper,balanced_early
P01795,0.15070756,1.49110088,5.00026642,-0.09340171,upper,balanced_early
P01796,0.15073325,1.47835286,5.06218724,-0.23275442,upper,balanced_early
P01797,0.15078959,1.56708547,-0.0148998,0.28623251,middle,balanced_early
P01798,0.15097061,1.49107028,4.85685104,-0.04684319,upper,balanced_early
P01799,0.1509948,1.4853081,0.02834942,0.16786536,middle,balanced_early
P01800,0.15099832,1.54700418,-0.07399539,0.21235583,middle,balanced_early
P01801,0.15153236,1.50686663,4.96453845,0.06558138,upper,balanced_early
P01802,0.15162131,1.47954218,-4.89657151,0.45532484,lower,balanced_early
P01803,0.15182314,1.51685134,-4.89690602,0.29785424,lower,balanced_early
P01804,0.15187081,1.52134648,-4.86144038,0.35713818,lower,balanced_early
P01805,0.15191123,1.51753244,4.97433083,-0.14453868,upper,balanced_early
P01806,0.15198916,1.5433951,4.82930694,-0.01681314,upper,balanced_early
P01807,0.15200312,1.52644718,4.86657036,-0.0601069,upper,balanced_early
P01808,0.15201525,1.51288481,0.02601943,0.29177376,middle,balanced_early
P01809,0.15203531,1.50527363,-4.77693096,0.34333931,lower,balanced_early
P01810,0.15210599,1.55981385,5.08191632,0.05309144,upper,balanced_early
P01811,0.15212779,1.55914515,-4.99247513,0.27969334,lower,balanced_early
P01812,0.15224875,1.53648192,0.0828329,0.14241862,middle,balanced_early
P01813,0.1523548,1.53835847,-4.97459493,0.42422353,lower,balanced_early
P01814,0.15247132,1.52738186,4.82839708,-0.11521834,upper,balanced_early
P01815,0.15254052,1.49722561,0.23099464,0.20204214,middle,balanced_early
P01816,0.15258958,1.53662628,-4.83969017,0.48009175,lower,balanced_early
P01817,0.15265195,1.5509743,-4.98498245,0.334771,lower,balanced_early
P01818,0.15284183,1.50418614,5.01379226,-0.26568532,upper,balanced_early
P01819,0.15294851,1.51322813,-4.99608025,0.49116816,lower,balanced_early
P01820,0.1530878,1.54178092,-4.8049171,0.39530591,lower,balanced_early
P01821,0.15320335,1.57367755,4.97114468,-0.17762325,upper,balanced_early
P01822,0.15336804,1.50908375,0.21011933,0.09332192,middle,balanced_early
P01823,0.15360168,1.5378522,5.05905376,-0.20554314,upper,balanced_early
P01824,0.15364818,1.53029538,-5.06488521,0.44895551,lower,balanced_early
P01825,0.15376501,1.50295931,4.97406877,-0.23522328,upper,balanced_early
P01826,0.15379598,1.48563066,4.76306332,-0.12388121,upper,balanced_early
P01827,0.15386131,1.56343699,0.0476532,0.20060226,middle,balanced_early
P01828,0.15393252,1.54697615,-5.08065915,0.38919212,lower,balanced_early
P01829,0.15395296,1.53537114,4.93192263,-0.1176765,upper,balanced_early
P01830,0.15399647,1.54845689,5.00837997,-0.08624399,upper,balanced_early
P01831,0.1541982,1.5585908,-5.09483319,0.39811729,lower,balanced_early
P01832,0.15420933,1.51995965,-4.99932938,0.37918326,lower,balanced_early
P01833,0.15421659,1.53162052,-4.88844874,0.40925489,lower,balanced_early
P01834,0.15434574,1.56436886,0.06336842,0.21725174,middle,balanced_early
P01835,0.15437543,1.56337539,-4.83816921,0.35585792,lower,balanced_early
P01836,0.15438384,1.52817807,-4.95504749,0.32499734,lower,balanced_early
P01837,0.15439644,1.51021834,-0.09693792,0.20228696,middle,balanced_early
P01838,0.15440376,1.54209845,5.07739598,-0.12320965,upper,balanced_early
P01839,0.15441205,1.54153954,-4.7981366,0.41282692,lower,balanced_early
P01840,0.15446585,1.55232511,0.09186209,0.2562925,middle,balanced_early
P01841,0.15449292,1.57187929,0.05532376,0.214222,middle,balanced_early
P01842,0.15450595,1.5219243,-4.96184456,0.38959514,lower,balanced_early
P01843,0.15458853,1.50800871,0.10821886,0.11429718,middle,balanced_early
P01844,0.15463023,1.53823041,0.11552706,0.1625759,middle,balanced_early
P01845,0.15481755,1.50161251,4.77112855,-0.0617176,upper,balanced_early
P01846,0.15496528,1.57511324,0.09739123,0.21764888,middle,balanced_early
P01847,0.15497086,1.59981012,5.13333397,-0.12217468,upper,balanced_early
P01848,0.15497102,1.53657006,-4.87589865,0.49679074,lower,balanced_early
P01849,0.15499726,1.5159355,-4.89097045,0.38750796,lower,balanced_early
P01850,0.15500567,1.57319966,-4.91336379,0.31672144,lower,balanced_early
P01851,0.15502154,1.57595779,5.02903292,-0.18400819,upper,balanced_early
P01852,0.15511163,1.52548702,0.01765609,0.06572281,middle,balanced_early
P01853,0.15512729,1.55592308,-4.76101646,0.46739974,lower,balanced_early
P01854,0.15519964,1.55085382,5.1116879,-0.2009913,upper,balanced_early
P01855,0.15544287,1.53783769,4.94974461,-0.25781148,upper,balanced_early
P01856,0.15554556,1.55231472,-4.87106379,0.50819936,lower,balanced_early
P01857,0.15559556,1.59066139,4.95005078,-0.05760874,upper,balanced_early
P01858,0.15563144,1.60905986,0.13929812,0.33832964,middle,balanced_early
P01859,0.15564168,1.54988905,-4.91197464,0.38368852,lower,balanced_early
P01860,0.15595304,1.56125572,-4.8846678,0.3968047,lower,balanced_early
P01861,0.1560068,1.56873142,-0.02545734,0.10127706,middle,balanced_early
P01862,0.15605029,1.57979253,0.21428205,0.14736434,middle,balanced_early
P01863,0.15626564,1.57261998,-4.8312317,0.38608905,lower,balanced_early
P01864,0.15635985,1.55772769,4.96198169,-0.19997296,upper,balanced_early
P01865,0.15641989,1.55074239,0.033311,0.21278689,middle,balanced_early
P01866,0.15661211,1.57476959,0.04128798,0.09207973,middle,balanced_early
P01867,0.15666961,1.61032027,0.12530662,0.26891401,middle,balanced_early
P01868,0.15668721,1.55309833,-5.09124556,0.42195233,lower,balanced_early
P01869,0.15670907,1.55940156,5.02472139,0.09299145,upper,balanced_early
P01870,0.15678734,1.60524902,0.10654726,0.11373994,middle,balanced_early
P01871,0.15686564,1.58297983,-4.82978386,0.5095571,lower,balanced_early
P01872,0.15693712,1.59473143,4.91677938,-0.1128976,upper,balanced_early
P01873,0.15698948,1.57039842,4.9475584,-0.08556797,upper,balanced_early
P01874,0.15703437,1.5629836,-4.93840859,0.30061232,lower,balanced_early
P01875,0.15714693,1.57980039,4.99312606,-0.07809032,upper,balanced_early
P01876,0.15720298,1.51467457,-4.92679214,0.44052778,lower,balanced_early
P01877,0.15721425,1.56297748,-4.99395812,0.41489553,lower,balanced_early
P01878,0.15726401,1.57318821,-4.91000019,0.44263984,lower,balanced_early
P01879,0.15743959,1.55862242,-4.96540705,0.39492017,lower,balanced_early
P01880,0.15745598,1.54932563,-0.0292336,0.18812973,middle,balanced_early
P01881,0.15745706,1.56696497,4.98154489,-0.18367659,upper,balanced_early
P01882,0.15767777,1.61363063,4.9540511,-0.007677,upper,balanced_early
P01883,0.15769671,1.56591795,-4.81781634,0.32657748,lower,balanced_early
P01884,0.15770627,1.52213791,4.99651499,-0.11047056,upper,balanced_early
P01885,0.15778172,1.61995869,4.8525947,-0.13463106,upper,balanced_early
P01886,0.1578076,1.61816971,-5.08980695,0.34519897,lower,balanced_early
P01887,0.15786181,1.58924494,-4.74624589,0.33017845,lower,balanced_early
P01888,0.15811641,1.5544007,-4.78685859,0.37611425,lower,balanced_early
P01889,0.15821878,1.53986488,-4.89274099,0.37093543,lower,balanced_early
P01890,0.15829779,1.60596405,-0.12386107,0.10761724,middle,balanced_early
P01891,0.15836266,1.55241428,4.9658041,-0.06632726,upper,balanced_early
P01892,0.15841255,1.58590731,5.09402968,-0.11933785,upper,balanced_early
P01893,0.15843996,1.60603767,-4.78323033,0.43487335,lower,balanced_early
P01894,0.15845404,1.55783382,-0.09486353,0.14326403,middle,balanced_early
P01895,0.15846495,1.57022509,0.21539026,0.22775436,middle,balanced_early
P01896,0.15852015,1.59639948,5.04476817,-0.1655099,upper,balanced_early
P01897,0.15884453,1.61947564,-4.7832293,0.55474253,lower,balanced_early
P01898,0.15909302,1.59057161,4.8190596,-0.10867502,upper,balanced_early
P01899,0.15910466,1.55533635,5.09737732,-0.08386845,upper,balanced_early
P01900,0.15911594,1.58255124,-5.00785652,0.39944814,lower,balanced_early
P01901,0.1591484,1.59236385,-4.86219781,0.44488744,lower,balanced_early
P01902,0.15920555,1.54441054,-4.7767292,0.33503205,lower,balanced_early
P01903,0.15942561,1.62892469,5.01525461,-0.07483173,upper,balanced_early
P01904,0.15961336,1.61423283,-4.84006206,0.5013194,lower,balanced_early
P01905,0.15970204,1.56540124,-4.90945802,0.37367571,lower,balanced_early
P01906,0.1597035,1.57704489,-4.97852486,0.18101502,lower,balanced_early
P01907,0.15976011,1.57643132,4.99542394,-0.12470734,upper,balanced_early
P01908,0.15981502,1.55203944,-4.7338297,0.54671544,lower,balanced_early
P01909,0.16010462,1.62128169,0.07926676,0.11173139,middle,balanced_early
P01910,0.16019862,1.61163389,5.00945923,-0.18534656,upper,balanced_early
P01911,0.16031016,1.62337036,0.1055213,0.20922596,middle,balanced_early
P01912,0.16034501,1.61914658,-4.9262298,0.38119707,lower,balanced_early
P01913,0.16036217,1.58397918,-4.97764726,0.41612524,lower,balanced_early
P01914,0.16037598,1.61409247,4.90129084,-0.07485995,upper,balanced_early
P01915,0.16040162,1.5940883,-0.06572738,0.10719165,middle,balanced_early
P01916,0.16040307,1.61790272,-4.90844689,0.4562303,lower,balanced_early
P01917,0.16046649,1.61256932,4.96336911,-0.12301299,upper,balanced_early
P01918,0.16058635,1.5954202,0.09237349,0.14227948,middle,balanced_early
P01919,0.16070999,1.60389936,4.93642324,-0.06871963,upper,balanced_early
P01920,0.16083928,1.61787415,0.02524123,0.04720638,middle,balanced_early
P01921,0.16095942,1.60688869,-4.93814578,0.46602845,lower,balanced_early
P01922,0.16111004,1.62462622,-4.83894392,0.44791933,lower,balanced_early
P01923,0.16117915,1.64643133,-4.95325608,0.39376991,lower,balanced_early
P01924,0.1612303,1.5918102,4.84796475,-0.11876083,upper,balanced_early
P01925,0.16126743,1.65736642,-5.00051182,0.39633676,lower,balanced_early
P01926,0.16151678,1.61335797,0.00530146,0.20550888,middle,balanced_early
P01927,0.16154378,1.60972111,4.99198318,-0.02350048,upper,balanced_early
P01928,0.16162213,1.60257858,4.92062708,-0.14443483,upper,balanced_early
P01929,0.16178304,1.59172047,5.04699132,-0.10823044,upper,balanced_early
P01930,0.16187254,1.5983726,-4.98920552,0.47701181,lower,balanced_early
P01931,0.16195172,1.63500069,0.14220307,0.21876961,middle,balanced_early
P01932,0.16199001,1.61646481,-4.86049723,0.51173779,lower,balanced_early
P01933,0.16204496,1.64103957,5.03860695,-0.2010655,upper,balanced_early
P01934,0.16206196,1.63716068,0.05202109,0.06577418,middle,balanced_early
P01935,0.16211529,1.66762669,0.02645448,0.20073149,middle,balanced_early
P01936,0.16215002,1.64621433,0.14253348,0.20517711,middle,balanced_early
P01937,0.16230386,1.61932525,-4.85942081,0.42230752,lower,balanced_early
P01938,0.16231834,1.55089225,0.110268,0.138292,middle,balanced_early
P01939,0.16233578,1.60790887,0.24381636,0.11972156,middle,balanced_early
P01940,0.1624059,1.5993314,0.01799861,-0.00020945,middle,balanced_early
P01941,0.1624723,1.6298802,4.92229192,-0.06695011,upper,balanced_early
P01942,0.16260381,1.60054381,4.88767545,-0.21232504,upper,balanced_early
P01943,0.16266887,1.58399305,0.04444927,0.17037142,middle,balanced_early
P01944,0.16329615,1.68117412,5.00887275,-0.09346878,upper,balanced_early
P01945,0.16339926,1.64141123,-4.84505188,0.31975198,lower,balanced_early
P01946,0.16344942,1.65775114,-0.05166389,-0.07516324,middle,balanced_early
P01947,0.16348371,1.62975386,5.23845565,-0.1309441,upper,balanced_early
P01948,0.16351047,1.6317455,5.12406927,-0.29419234,upper,balanced_early
P01949,0.16352013,1.60464584,0.03800045,0.06238822,middle,balanced_early
P01950,0.16368825,1.64230658,-0.00412286,0.09168046,middle,balanced_early
P01951,0.16381694,1.62736949,0.13708077,0.22397032,middle,balanced_early
P01952,0.16385947,1.63749924,-0.17266857,0.0398035,middle,balanced_early
P01953,0.16388397,1.66308327,4.88489545,-0.14961502,upper,balanced_early
P01954,0.16397867,1.64347031,4.99576493,-0.29197955,upper,balanced_early
P01955,0.16401043,1.65420097,0.05640576,0.16768591,middle,balanced_early
P01956,0.16403352,1.65677032,-4.85931916,0.34893403,lower,balanced_early
P01957,0.16404483,1.65246899,0.02884668,0.11697319,middle,balanced_early
P01958,0.16416485,1.6529783,4.94672503,-0.28958093,upper,balanced_early
P01959,0.16429383,1.62136855,-4.87900859,0.39136639,lower,balanced_early
P01960,0.16430889,1.66000912,5.09906738,-0.1112228,upper,balanced_early
P01961,0.16431195,1.64238262,0.12064762,0.10045682,middle,balanced_early
P01962,0.16434153,1.63568355,4.85271045,-0.06267724,upper,balanced_early
P01963,0.16434385,1.66634863,0.0290967,0.19858851,middle,balanced_early
P01964,0.16462259,1.69557383,-4.9820927,0.26206298,lower,balanced_early
P01965,0.16465241,1.66740412,4.83222833,-0.24017933,upper,balanced_early
P01966,0.16471526,1.66625204,-4.95173587,0.30592487,lower,balanced_early
P01967,0.16472803,1.67317069,-4.87714983,0.49954655,lower,balanced_early
P01968,0.16481499,1.64783225,5.0292863,-0.31856387,upper,balanced_early
P01969,0.1648608,1.65175198,-4.98863379,0.38770157,lower,balanced_early
P01970,0.16486668,1.63646832,-4.94581467,0.40668501,lower,balanced_early
P01971,0.16487688,1.63437045,0.12651346,0.19956015,middle,balanced_early
P01972,0.16496885,1.62867256,-4.70662035,0.17295692,lower,balanced_early
P01973,0.16504039,1.63826086,-5.14990828,0.41515539,lower,balanced_early
P01974,0.16506553,1.63044638,5.02368434,-0.16820394,upper,balanced_early
P01975,0.16513241,1.66953313,-0.07705438,0.25128438,middle,balanced_early
P01976,0.16519894,1.65765406,4.9365654,-0.14593697,upper,balanced_early
P01977,0.16521724,1.65448493,4.95273778,-0.24299503,upper,balanced_early
P01978,0.16522499,1.60413955,4.87284143,-0.21951148,upper,balanced_early
P01979,0.16544972,1.64283182,-4.87772634,0.4370315,lower,balanced_early
P01980,0.16554405,1.66641543,0.0109564,0.08322629,middle,balanced_early
P01981,0.16555856,1.62657515,-4.85034827,0.41685102,lower,balanced_early
P01982,0.16571204,1.6881736,5.01713643,-0.22725746,upper,balanced_early
P01983,0.16571851,1.60673174,-5.03419334,0.3724995,lower,balanced_early
P01984,0.1657605,1.66901829,-0.03912079,0.20195948,middle,balanced_early
P01985,0.1658262,1.60276648,4.95005393,-0.21399556,upper,balanced_early
P01986,0.16583454,1.65097742,-4.80439254,0.35179719,lower,balanced_early
P01987,0.16587711,1.72995563,-4.83501146,0.44679577,lower,balanced_early
P01988,0.16594055,1.69263313,5.17874954,-0.20152382,upper,balanced_early
P01989,0.16603615,1.65576842,-4.95885122,0.48231361,lower,balanced_early
P01990,0.16623273,1.69607651,4.95369358,-0.22693396,upper,balanced_early
P01991,0.16636243,1.67050296,-5.03873671,0.35127271,lower,balanced_early
P01992,0.16648037,1.68319785,5.08476365,-0.25427355,upper,balanced_early
P01993,0.16650975,1.69373577,-4.90889534,0.23786564,lower,balanced_early
P01994,0.16659842,1.6957721,4.87157961,0.00302371,upper,balanced_early
P01995,0.16661786,1.65835528,4.96011826,-0.14674878,upper,balanced_early
P01996,0.16663132,1.69655885,-5.03261468,0.38644624,lower,balanced_early
P01997,0.16671273,1.64900514,-5.14771192,0.42241347,lower,balanced_early
P01998,0.16676456,1.62133957,-4.95483393,0.36899532,lower,balanced_early
P01999,0.16685011,1.62840381,4.99935026,-0.13683642,upper,balanced_early
P02000,0.16687361,1.65218897,4.87723266,-0.07064863,upper,balanced_early
P02001,0.1670533,1.64415839,0.15659683,0.16488119,middle,balanced_early
P02002,0.16714784,1.65007324,-4.82585936,0.29483377,lower,balanced_early
P02003,0.16715743,1.65355133,-5.09511322,0.31110961,lower,balanced_early
P02004,0.16719104,1.61984265,5.09298482,-0.37354961,upper,balanced_early
P02005,0.1672782,1.64086961,-4.97038275,0.24678682,lower,balanced_early
P02006,0.16730743,1.65366813,-4.70301536,0.4232655,lower,balanced_early
P02007,0.16752224,1.67163889,0.09320359,0.08603522,middle,balanced_early
P02008,0.16753535,1.69518997,5.04469206,-0.11942758,upper,balanced_early
P02009,0.16756015,1.64687679,-4.86810745,0.40101661,lower,balanced_early
P02010,0.16759209,1.67606404,0.1246432,0.12243917,middle,balanced_early
P02011,0.16762932,1.67910888,-0.15058794,0.11937573,middle,balanced_early
P02012,0.16764476,1.69978412,4.95516361,-0.23394419,upper,balanced_early
P02013,0.16777653,1.63707666,-0.28463562,0.14221312,middle,balanced_early
P02014,0.16791729,1.7243714,4.99930503,-0.18438517,upper,balanced_early
P02015,0.16794798,1.66615992,5.1313889,-0.21382656,upper,balanced_early
P02016,0.16798073,1.68373919,4.77136342,-0.14914623,upper,balanced_early
P02017,0.16798514,1.66688935,-4.80028319,0.496015,lower,balanced_early
P02018,0.16813296,1.70396503,0.02167146,0.1091315,middle,balanced_early
P02019,0.16835609,1.68493185,5.01493093,-0.25820624,upper,balanced_early
P02020,0.1684418,1.68806488,-0.08297984,0.11327735,middle,balanced_early
P02021,0.1685067,1.71860194,-4.89979393,0.46072058,lower,balanced_early
P02022,0.16851033,1.68319291,-0.100566,0.03719943,middle,balanced_early
P02023,0.16858267,1.70991038,-0.13315229,-0.03761201,middle,balanced_early
P02024,0.16862038,1.7094855,-4.96277488,0.46077712,lower,balanced_early
P02025,0.16867505,1.7289297,0.01897691,-0.02355043,middle,balanced_early
P02026,0.16877492,1.70967549,5.11667231,-0.1913478,upper,balanced_early
P02027,0.16887142,1.66616784,-0.00758209,0.102818,middle,balanced_early
P02028,0.168959,1.70736264,-0.04425919,0.06896353,middle,balanced_early
P02029,0.1689697,1.68995108,0.10252722,-0.06789221,middle,balanced_early
P02030,0.16900124,1.68919097,4.97793991,-0.18438751,upper,balanced_early
P02031,0.16911456,1.63523889,0.0107692,0.07232792,middle,balanced_early
P02032,0.16915688,1.67029064,0.11501603,-0.03701034,middle,balanced_early
P02033,0.16924853,1.68946169,5.06918951,-0.1390905,upper,balanced_early
P02034,0.16924933,1.63865068,0.03586469,0.22452494,middle,balanced_early
P02035,0.16932389,1.67484944,-0.01786623,0.14066598,middle,balanced_early
P02036,0.16948677,1.68512295,-4.92395783,0.51575194,lower,balanced_early
P02037,0.16958413,1.69438152,-5.00285338,0.37753302,lower,balanced_early
P02038,0.16959061,1.64950696,-0.01874944,0.03511952,middle,balanced_early
P02039,0.16964223,1.70036911,4.99994643,-0.16754825,upper,balanced_early
P02040,0.16970648,1.70456683,4.75257342,-0.27783552,upper,balanced_early
P02041,0.16971687,1.70341723,4.87652661,-0.21900307,upper,balanced_early
P02042,0.16972519,1.73603643,5.02243517,-0.23124432,upper,balanced_early
P02043,0.16977056,1.67195245,0.11415695,0.10943407,middle,balanced_early
P02044,0.16996667,1.72994645,5.14463755,-0.1785825,upper,balanced_early
P02045,0.17005226,1.71281083,4.8718716,-0.16482972,upper,balanced_early
P02046,0.17005399,1.72024268,-4.98376511,0.51253056,lower,balanced_early
P02047,0.17013569,1.71569089,4.93647724,-0.2702882,upper,balanced_early
P02048,0.1702188,1.68015254,4.94976838,-0.14416387,upper,balanced_early
P02049,0.17036952,1.73351713,-0.01802804,0.18194236,middle,balanced_early
P02050,0.17038107,1.68634238,-4.80743478,0.17908686,lower,balanced_early
P02051,0.17043779,1.73099147,-4.90415217,0.45147655,lower,balanced_early
P02052,0.17050084,1.69233881,0.02994778,0.10695832,middle,balanced_early
P02053,0.17055431,1.73173496,-4.88581778,0.37840796,lower,balanced_early
P02054,0.17066687,1.70358348,-4.79357432,0.35815896,lower,balanced_early
P02055,0.17072754,1.66775433,4.8866118,-0.22938553,upper,balanced_early
P02056,0.17074101,1.71817451,4.90001911,-0.15248248,upper,balanced_early
P02057,0.17086713,1.70783823,-4.93678377,0.41225304,lower,balanced_early
P02058,0.17087966,1.71047045,-4.74253359,0.50909039,lower,balanced_early
P02059,0.17092945,1.71794727,-4.86600947,0.43512572,lower,balanced_early
P02060,0.17116944,1.70770278,4.76975731,-0.28771138,upper,balanced_early
P02061,0.17118289,1.71616372,-4.93344025,0.37579274,lower,balanced_early
P02062,0.17130336,1.76609455,-0.09253011,0.1641027,middle,balanced_early
P02063,0.17134715,1.67330793,4.88826231,-0.27643979,upper,balanced_early
P02064,0.1714959,1.74097106,-4.85512796,0.26738672,lower,balanced_early
P02065,0.17151971,1.72278333,0.05793361,0.10507626,middle,balanced_early
P02066,0.17155275,1.68567499,-4.87196341,0.39667037,lower,balanced_early
P02067,0.17160473,1.70218025,-0.13624687,0.15122991,middle,balanced_early
P02068,0.1717729,1.71309933,0.06591917,0.03448074,middle,balanced_early
P02069,0.17186864,1.71711463,-4.87771545,0.49906257,lower,balanced_early
P02070,0.17205503,1.69022878,5.09829158,-0.17300405,upper,balanced_early
P02071,0.17209383,1.75220062,4.73256322,-0.28940976,upper,balanced_early
P02072,0.17213227,1.69037118,4.8588083,-0.26888861,upper,balanced_early
P02073,0.1722195,1.72367321,-4.92721076,0.10665707,lower,balanced_early
P02074,0.17225192,1.72937508,4.81787861,-0.26188105,upper,balanced_early
P02075,0.17245241,1.68963431,4.8762052,-0.20275745,upper,balanced_early
P02076,0.17246791,1.70868946,-4.97020853,0.38397702,lower,balanced_early
P02077,0.17298571,1.74615049,-4.8004961,0.42091114,lower,balanced_early
P02078,0.17312574,1.732094,0.0845783,0.03867918,middle,balanced_early
P02079,0.17315931,1.74241611,5.0459239,-0.33462833,upper,balanced_early
P02080,0.1731866,1.74835106,-4.82683947,0.31713728,lower,balanced_early
P02081,0.17324817,1.75902469,5.04395987,-0.06877283,upper,balanced_early
P02082,0.17331065,1.71220561,-0.04260228,0.03390239,middle,balanced_early
P02083,0.17331688,1.71373002,5.02731201,-0.19566573,upper,balanced_early
P02084,0.17346252,1.72850845,-0.05865734,0.16936702,middle,balanced_early
P02085,0.17353864,1.73308306,4.83974483,-0.20829395,upper,balanced_early
P02086,0.17355584,1.72449747,-4.87493994,0.27572166,lower,balanced_early
P02087,0.17356924,1.74012101,4.89316116,-0.25403063,upper,balanced_early
P02088,0.17365217,1.7431608,0.08204365,0.19457487,middle,balanced_early
P02089,0.17367674,1.71298512,-4.88729215,0.46512285,lower,balanced_early
P02090,0.17385014,1.75791882,4.98932353,-0.27007676,upper,balanced_early
P02091,0.17387246,1.71769338,-0.04141648,0.23808874,middle,balanced_early
P02092,0.17409435,1.71289663,-4.89332571,0.39077502,lower,balanced_early
P02093,0.17426998,1.75584994,4.88667754,-0.20420893,upper,balanced_early
P02094,0.17437208,1.80556914,-0.03203845,0.10058108,middle,balanced_early
P02095,0.1744106,1.75590615,0.06129046,0.13527848,middle,balanced_early
P02096,0.17441124,1.79125956,5.07296451,-0.24001212,upper,balanced_early
P02097,0.17443697,1.76947153,-4.96925105,0.39033847,lower,balanced_early
P02098,0.17450569,1.77119677,-4.86517703,0.27422867,lower,balanced_early
P02099,0.17456195,1.72645811,-4.86139034,0.47570921,lower,balanced_early
P02100,0.17463923,1.71286005,0.20744052,0.24714526,middle,balanced_early
P02101,0.17464281,1.75035225,0.09406497,0.18860835,middle,balanced_early
P02102,0.17470217,1.79023121,-4.96738395,0.40742963,lower,balanced_early
P02103,0.17474065,1.76872373,-4.88533418,0.37448773,lower,balanced_early
P02104,0.17475927,1.7731997,4.91280808,-0.13517625,upper,balanced_early
P02105,0.17487799,1.78650423,-0.03129157,0.23990638,middle,balanced_early
P02106,0.17490181,1.7848007,5.19589333,-0.16428439,upper,balanced_early
P02107,0.17494877,1.72875345,4.93731008,-0.36487755,upper,balanced_early
P02108,0.17496485,1.72177007,0.06004156,0.24749379,middle,balanced_early
P02109,0.17507783,1.75208497,-0.05864819,0.1028814,middle,balanced_early
P02110,0.17508944,1.71366889,0.11563114,0.10176123,middle,balanced_early
P02111,0.17511751,1.72988897,4.90070754,-0.11571994,upper,balanced_early
P02112,0.17514192,1.74293166,-0.04096275,0.06009272,middle,balanced_early
P02113,0.17519331,1.74966853,4.80391313,-0.39622272,upper,balanced_early
P02114,0.17534495,1.78159031,-4.90421289,0.42465896,lower,balanced_early
P02115,0.17543269,1.77083036,-0.05092527,0.13713056,middle,balanced_early
P02116,0.17547706,1.74254654,-4.74171172,0.29189584,lower,balanced_early
P02117,0.17548187,1.7633398,4.78968196,-0.3015194,upper,balanced_early
P02118,0.17559191,1.81086104,-4.89522564,0.38799047,lower,balanced_early
P02119,0.17561196,1.74064184,-4.91915865,0.32656635,lower,balanced_early
P02120,0.17562257,1.72298595,0.01038167,0.06601425,middle,balanced_early
P02121,0.17572136,1.78934128,-4.91591413,0.24205206,lower,balanced_early
P02122,0.1760222,1.76354256,5.03494992,-0.18934098,upper,balanced_early
P02123,0.17604206,1.74405961,4.9678559,-0.32282572,upper,balanced_early
P02124,0.17606886,1.74088391,5.02885783,-0.18253132,upper,balanced_early
P02125,0.17607972,1.7351273,4.86514167,-0.31816182,upper,balanced_early
P02126,0.17617248,1.7877781,-4.8950983,0.45240933,lower,balanced_early
P02127,0.17617655,1.7403932,-0.01959164,0.09454953,middle,balanced_early
P02128,0.17622919,1.75736864,-0.09895248,0.04722818,middle,balanced_early
P02129,0.17654839,1.76557809,4.79621282,-0.17631518,upper,balanced_early
P02130,0.17661844,1.77249717,0.16778441,0.16653326,middle,balanced_early
P02131,0.17689184,1.74774009,-4.87289585,0.4146752,lower,balanced_early
P02132,0.17699294,1.82325863,-4.89514319,0.42411081,lower,balanced_early
P02133,0.17701063,1.80875701,0.21992871,0.02973918,middle,balanced_early
P02134,0.1770552,1.77599699,5.03150349,-0.29938703,upper,balanced_early
P02135,0.17705875,1.7393838,-4.94023163,0.41280489,lower,balanced_early
P02136,0.17718587,1.74845198,-0.13493258,-0.01997014,middle,balanced_early
P02137,0.17734838,1.77150319,4.89115981,-0.28209201,upper,balanced_early
P02138,0.17743806,1.77750256,-5.06075387,0.39324104,lower,balanced_early
P02139,0.17756629,1.76909965,-4.99730564,0.50029177,lower,balanced_early
P02140,0.17757635,1.76258142,0.05138721,0.12208668,middle,balanced_early
P02141,0.17762184,1.78114947,4.87797327,-0.20509927,upper,balanced_early
P02142,0.17762677,1.76615898,-4.90203038,0.35306107,lower,balanced_early
P02143,0.17765525,1.78473929,-4.94160115,0.24398771,lower,balanced_early
P02144,0.17787931,1.77368329,0.08312587,0.03584378,middle,balanced_early
P02145,0.17791398,1.73421753,4.81649049,-0.24901855,upper,balanced_early
P02146,0.17797988,1.7826871,5.00227857,-0.14914279,upper,balanced_early
P02147,0.17808219,1.78978269,-4.86561521,0.17186225,lower,balanced_early
P02148,0.17812147,1.77729691,0.07483875,0.16609362,middle,balanced_early
P02149,0.17813688,1.7557566,0.01372775,0.13374144,middle,balanced_early
P02150,0.17815519,1.80448203,4.89010983,-0.29653006,upper,balanced_early
P02151,0.17821091,1.79300605,-4.91031782,0.22730794,lower,balanced_early
P02152,0.17823811,1.7525079,-0.00969513,0.06409884,middle,balanced_early
P02153,0.17825891,1.78873605,4.83055027,-0.32447555,upper,balanced_early
P02154,0.17837214,1.76665491,5.02102101,-0.30767784,upper,balanced_early
P02155,0.17837274,1.77467097,-0.07177234,0.14430107,middle,balanced_early
P02156,0.17840153,1.79184462,0.13115279,-0.05114314,middle,balanced_early
P02157,0.1784349,1.7752623,4.95943456,-0.25534947,upper,balanced_early
P02158,0.17854527,1.79954328,-5.08749155,0.20830988,lower,balanced_early
P02159,0.17859285,1.80904331,0.09023495,0.04256846,middle,balanced_early
P02160,0.17866174,1.8332159,-0.03700555,0.25961756,middle,balanced_early
P02161,0.17874289,1.79567086,4.82803496,-0.16770147,upper,balanced_early
P02162,0.17874341,1.76440156,-0.0230705,0.09701733,middle,balanced_early
P02163,0.1787651,1.73658655,4.87137625,-0.18003786,upper,balanced_early
P02164,0.17897691,1.81453312,0.25594392,0.0327924,middle,balanced_early
P02165,0.17929731,1.83128555,-5.04630111,0.38316892,lower,balanced_early
P02166,0.17930563,1.76918756,-4.82692222,0.39994398,lower,balanced_early
P02167,0.17946786,1.77926848,5.02625742,-0.21817651,upper,balanced_early
P02168,0.17950852,1.80252125,4.83033343,-0.14427886,upper,balanced_early
P02169,0.17966466,1.81395762,-4.92782795,0.28450198,lower,balanced_early
P02170,0.17972569,1.83062839,4.80470215,-0.22152475,upper,balanced_early
P02171,0.17989006,1.81512131,-5.09236804,0.31269195,lower,balanced_early
P02172,0.18001553,1.81211609,4.78901795,-0.16245697,upper,balanced_early
P02173,0.18005397,1.81391431,4.91844043,-0.31887497,upper,balanced_early
P02174,0.18010127,1.79377591,-5.07003925,0.30534182,lower,balanced_early
P02175,0.18022292,1.804483,0.18667959,0.04630568,middle,balanced_early
P02176,0.18039431,1.82728753,4.98156346,-0.20749448,upper,balanced_early
P02177,0.18040324,1.80892666,4.69625771,-0.3223644,upper,balanced_early
P02178,0.18040938,1.84925609,5.02388332,-0.25038274,upper,balanced_early
P02179,0.18071171,1.79759805,-0.09430054,0.08565857,middle,balanced_early
P02180,0.18076312,1.8184864,-0.13122529,0.09232166,middle,balanced_early
P02181,0.18079639,1.78946713,4.90837449,-0.36541457,upper,balanced_early
P02182,0.18083833,1.83660727,-5.04879366,0.44550617,lower,balanced_early
P02183,0.18085536,1.81568992,5.03478587,-0.23084762,upper,balanced_early
P02184,0.18087674,1.74500062,-4.99444878,0.43713245,lower,balanced_early
P02185,0.1808817,1.82667536,-4.97375142,0.38651954,lower,balanced_early
P02186,0.18094977,1.76962028,4.93298227,-0.21926012,upper,balanced_early
P02187,0.18098938,1.79275102,-4.8621467,0.41773933,lower,balanced_early
P02188,0.18106201,1.79967341,-4.91217958,0.21473399,lower,balanced_early
P02189,0.18107148,1.79090514,4.92985284,-0.18821263,upper,balanced_early
P02190,0.18116838,1.80124097,4.93542541,-0.29051696,upper,balanced_early
P02191,0.18127444,1.80736146,0.01645146,0.07456482,middle,balanced_early
P02192,0.18129225,1.80310352,-4.91898161,0.45509251,lower,balanced_early
P02193,0.18142212,1.75719524,-4.76083558,0.28475969,lower,balanced_early
P02194,0.18160753,1.78356046,5.00543448,-0.22836843,upper,balanced_early
P02195,0.1816653,1.83276609,4.80580657,-0.09107735,upper,balanced_early
P02196,0.18170072,1.82448164,4.87958317,-0.18285754,upper,balanced_early
P02197,0.18177966,1.77025061,4.86664827,-0.11109578,upper,balanced_early
P02198,0.18177974,1.8767352,-0.05802101,0.06509654,middle,balanced_early
P02199,0.18183679,1.83085819,-4.86945889,0.34575439,lower,balanced_early
P02200,0.18197579,1.84104611,-0.17340702,-0.00976128,middle,balanced_early
P02201,0.18198243,1.84392,5.0466443,-0.21086071,upper,balanced_early
P02202,0.18201532,1.80882576,-5.04928894,0.35180475,lower,balanced_early
P02203,0.18209081,1.78686896,-4.93977787,0.37010315,lower,balanced_early
P02204,0.18221575,1.79557812,5.00655938,-0.24201455,upper,balanced_early
P02205,0.18251143,1.82077997,-0.10173941,-0.04982173,middle,balanced_early
P02206,0.18251553,1.82799704,-0.06136226,0.0790774,middle,balanced_early
P02207,0.18255484,1.86381382,-4.73902369,0.40383544,lower,balanced_early
P02208,0.18276901,1.79509504,5.02355607,-0.22092553,upper,balanced_early
P02209,0.18278581,1.78345282,-4.82030072,0.34494521,lower,balanced_early
P02210,0.18281164,1.89287166,0.07129756,0.0497647,middle,balanced_early
P02211,0.18281942,1.83591387,-4.84894053,0.41997131,lower,balanced_early
P02212,0.18286379,1.86844151,0.02867905,-0.08762554,middle,balanced_early
P02213,0.18293369,1.81856675,4.90619479,-0.33591313,upper,balanced_early
P02214,0.18294754,1.8204094,0.10642507,-0.06849901,middle,balanced_early
P02215,0.18296654,1.8209952,4.98743119,-0.24528383,upper,balanced_early
P02216,0.18322952,1.84796543,4.85176744,-0.3544843,upper,balanced_early
P02217,0.18323161,1.80542279,-5.14688313,0.43672467,lower,balanced_early
P02218,0.18323352,1.83923307,4.98050693,-0.18904688,upper,balanced_early
P02219,0.18331504,1.84437846,-4.99383578,0.24751093,lower,balanced_early
P02220,0.18331651,1.8141536,-4.82606428,0.34632459,lower,balanced_early
P02221,0.18338254,1.80093119,-4.85267381,0.32591155,lower,balanced_early
P02222,0.18355553,1.77315629,4.89720432,-0.39127081,upper,balanced_early
P02223,0.18364618,1.88162206,4.96925768,-0.36123299,upper,balanced_early
P02224,0.183734,1.83469389,-0.03476733,0.13381203,middle,balanced_early
P02225,0.18376056,1.82794933,4.87435892,-0.24255044,upper,balanced_early
P02226,0.18395652,1.84420722,-0.01530209,0.09457287,middle,balanced_early
P02227,0.1840471,1.86539416,0.06200214,0.04607065,middle,balanced_early
P02228,0.18420249,1.88450014,-4.89578301,0.4520855,lower,balanced_early
P02229,0.18420807,1.85965656,-5.03394046,0.31603893,lower,balanced_early
P02230,0.18420883,1.83087376,4.82689127,-0.30498688,upper,balanced_early
P02231,0.18433285,1.85063036,0.04484513,0.04368818,middle,balanced_early
P02232,0.18435008,1.90302338,-0.03671169,0.10816329,middle,balanced_early
P02233,0.1844667,1.84924873,5.10636798,-0.28654202,upper,balanced_early
P02234,0.18449105,1.84957231,0.18268185,0.00142672,middle,balanced_early
P02235,0.18460216,1.89225423,-4.97826583,0.48897507,lower,balanced_early
P02236,0.18465139,1.82264826,-0.12221469,0.01024878,middle,balanced_early
P02237,0.18467678,1.91473899,4.93378938,-0.36752514,upper,balanced_early
P02238,0.18468456,1.86623067,-4.89379957,0.31013125,lower,balanced_early
P02239,0.18482683,1.85151752,-4.92855257,0.3767091,lower,balanced_early
P02240,0.18495657,1.83295489,4.95133879,-0.19208981,upper,balanced_early
P02241,0.18496778,1.84334208,4.96619225,-0.27636507,upper,balanced_early
P02242,0.1849701,1.82918929,-4.93074486,0.4104404,lower,balanced_early
P02243,0.18514934,1.87910609,5.00557769,-0.13998231,upper,balanced_early
P02244,0.18521241,1.85469442,-4.93602463,0.34770763,lower,balanced_early
P02245,0.18557951,1.83954411,4.89825053,-0.21473173,upper,balanced_early
P02246,0.18564081,1.85902373,5.08430722,-0.43242719,upper,balanced_early
P02247,0.18564301,1.84196382,4.93783773,-0.35712424,upper,balanced_early
P02248,0.18571972,1.86137652,4.96628126,-0.29848389,upper,balanced_early
P02249,0.18572252,1.86653898,-4.89954513,0.38202464,lower,balanced_early
P02250,0.18577336,1.85770328,-4.9028768,0.29927386,lower,balanced_early
P02251,0.18579365,1.8549144,5.00969659,-0.28559509,upper,balanced_early
P02252,0.18580733,1.82583866,4.80372243,-0.38494234,upper,balanced_early
P02253,0.18603104,1.84378522,-4.85128765,0.32658359,lower,balanced_early
P02254,0.18608317,1.87136064,-4.86683035,0.39996724,lower,balanced_early
P02255,0.18619173,1.86326794,0.04793423,0.15620872,middle,balanced_early
P02256,0.18622672,1.86523766,-5.05231239,0.49853267,lower,balanced_early
P02257,0.18623964,1.88583497,4.8832134,-0.3294712,upper,balanced_early
P02258,0.18638036,1.87457072,-0.00482587,0.06689764,middle,balanced_early
P02259,0.18641243,1.84726199,4.95326181,-0.18620263,upper,balanced_early
P02260,0.18642272,1.88978242,4.90262525,-0.19095402,upper,balanced_early
P02261,0.18661037,1.90538331,-0.00314725,0.06296279,middle,balanced_early
P02262,0.18687322,1.87391307,4.92948329,-0.39828115,upper,balanced_early
P02263,0.18690368,1.8670254,-4.86762886,0.46158387,lower,balanced_early
P02264,0.18711198,1.88376379,-4.88756926,0.22203169,lower,balanced_early
P02265,0.18720636,1.89433742,-0.04012312,0.02710549,middle,balanced_early
P02266,0.18724401,1.89737634,4.94964206,-0.39554644,upper,balanced_early
P02267,0.18725466,1.86935866,-4.96579928,0.38420022,lower,balanced_early
P02268,0.18729207,1.8766037,0.03078441,0.03157949,middle,balanced_early
P02269,0.18729366,1.85049893,-4.94051208,0.3094567,lower,balanced_early
P02270,0.18733367,1.88805635,4.92848668,-0.26605742,upper,balanced_early
P02271,0.18747607,1.88416138,-4.87851743,0.29394162,lower,balanced_early
P02272,0.18758747,1.84641131,4.83242051,-0.31633977,upper,balanced_early
P02273,0.18759375,1.83862601,-5.05260149,0.43221288,lower,balanced_early
P02274,0.18777367,1.84264375,4.75417124,-0.36839461,upper,balanced_early
P02275,0.18777515,1.89937754,4.79450488,-0.22843717,upper,balanced_early
P02276,0.18782718,1.90909074,0.06695975,0.05734605,middle,balanced_early
P02277,0.18783449,1.88937251,-0.07807518,-0.07055543,middle,balanced_early
P02278,0.18788322,1.87191604,4.96806984,-0.37370019,upper,balanced_early
P02279,0.18805779,1.92303959,0.02413093,0.02913928,middle,balanced_early
P02280,0.1880691,1.91066718,-4.95039733,0.23405736,lower,balanced_early
P02281,0.18817658,1.90024309,-0.18993037,0.01953856,middle,balanced_early
P02282,0.1884431,1.94579879,4.91907916,-0.27868105,upper,balanced_early
P02283,0.18863106,1.831497,-4.98724406,0.17843548,lower,balanced_early
P02284,0.18867329,1.89276795,-4.86627151,0.19374884,lower,balanced_early
P02285,0.18873687,1.90570824,-0.12278604,0.10353373,middle,balanced_early
P02286,0.18889347,1.90366994,-4.93568105,0.27665817,lower,balanced_early
P02287,0.18893182,1.90602106,-5.14671534,0.32142575,lower,balanced_early
P02288,0.18893269,1.88513761,0.19941343,-0.10158696,middle,balanced_early
P02289,0.18894779,1.87881715,5.05233399,-0.35881308,upper,balanced_early
P02290,0.18906351,1.8963763,-0.09655816,0.00790796,middle,balanced_early
P02291,0.18915147,1.88423801,-4.76973121,0.08997062,lower,balanced_early
P02292,0.18941316,1.90224881,4.81144527,-0.35004559,upper,balanced_early
P02293,0.18944462,1.9197902,4.84819562,-0.17746421,upper,balanced_early
P02294,0.18948583,1.90074055,4.86516929,-0.27348166,upper,balanced_early
P02295,0.18960759,1.86415142,4.94857079,-0.29408195,upper,balanced_early
P02296,0.189609,1.89235454,0.1498573,0.21589774,middle,balanced_early
P02297,0.18965366,1.90760603,4.72301435,-0.37558967,upper,balanced_early
P02298,0.19000161,1.89515901,4.9796345,-0.27078688,upper,balanced_early
P02299,0.19007253,1.91796221,-0.05859061,-0.02741893,middle,balanced_early
P02300,0.19013462,1.87194121,-4.95420572,0.31051148,lower,balanced_early
P02301,0.19026823,1.89959952,0.01307693,-0.12950002,middle,balanced_early
P02302,0.19030386,1.91762923,-4.90445721,0.304124,lower,balanced_early
P02303,0.19053775,1.88967649,-4.97112898,0.42380405,lower,balanced_early
P02304,0.19062237,1.90528128,4.858321,-0.3210661,upper,balanced_early
P02305,0.19079615,1.90692571,4.66687784,-0.53277342,upper,balanced_early
P02306,0.19085427,1.91182334,0.06103355,0.02305043,middle,balanced_early
P02307,0.19096881,1.91339792,-4.83013681,0.45270762,lower,balanced_early
P02308,0.19100642,1.9062874,4.95713098,-0.43781364,upper,balanced_early
P02309,0.19108858,1.89271158,-0.15363244,-0.00615195,middle,balanced_early
P02310,0.19116431,1.91074804,0.02886187,-0.00016053,middle,balanced_early
P02311,0.19120343,1.91999425,-5.02429023,0.24306287,lower,balanced_early
P02312,0.191276,1.94497414,0.02118795,-0.05208827,middle,balanced_early
P02313,0.19136088,1.89288514,4.86076434,-0.31828475,upper,balanced_early
P02314,0.19141897,1.91236894,4.86679855,-0.392749,upper,balanced_early
P02315,0.19148922,1.89336887,-4.84995848,0.28248115,lower,balanced_early
P02316,0.19154263,1.89742111,4.93005837,-0.26421699,upper,balanced_early
P02317,0.19159631,1.91104601,4.88204345,-0.29915766,upper,balanced_early
P02318,0.19168656,1.92851834,-4.83951298,0.23370109,lower,balanced_early
P02319,0.19176149,1.88112974,4.81441097,-0.30391792,upper,balanced_early
P02320,0.19177837,1.92063455,-4.97635273,0.46611567,lower,balanced_early
P02321,0.19178343,1.88202671,4.6680861,-0.39584564,upper,balanced_early
P02322,0.19181231,1.89343955,0.04471689,-0.10608356,middle,balanced_early
P02323,0.19202933,1.90081422,0.0431743,-0.01354365,middle,balanced_early
P02324,0.19209496,1.94032883,0.0481949,-0.09368868,middle,balanced_early
P02325,0.19224038,1.93871813,-4.95414573,0.26293158,lower,balanced_early
P02326,0.19229121,1.95759907,0.02653571,-0.04247609,middle,balanced_early
P02327,0.19238956,1.94739454,-0.02007237,-0.13671385,middle,balanced_early
P02328,0.19242526,1.93920322,0.10248371,0.17429013,middle,balanced_early
P02329,0.19255667,1.9174947,-4.73796329,0.36046344,lower,balanced_early
P02330,0.19282823,1.9037152,5.07419832,-0.39665302,upper,balanced_early
P02331,0.19287256,1.90041455,4.82492752,-0.43018563,upper,balanced_early
P02332,0.19300075,1.97108555,-4.91628664,0.34882514,lower,balanced_early
P02333,0.19304094,1.94341456,-4.81190145,0.33870647,lower,balanced_early
P02334,0.19320865,1.9880048,0.02340301,-0.11383657,middle,balanced_early
P02335,0.19320893,1.9057424,-4.69955938,0.24683348,lower,balanced_early
P02336,0.19322471,1.91949231,-0.00551348,-0.03440153,middle,balanced_early
P02337,0.19337972,1.95611382,0.15099022,0.00561132,middle,balanced_early
P02338,0.19344586,1.90867677,-5.00045161,0.34645015,lower,balanced_early
P02339,0.19344793,1.91666368,-0.15186149,0.10805961,middle,balanced_early
P02340,0.19347839,1.9087407,4.94057018,-0.18253634,upper,balanced_early
P02341,0.19352901,1.93458946,4.95018967,-0.24016741,upper,balanced_early
P02342,0.1935368,1.95857544,-4.9581259,0.27114194,lower,balanced_early
P02343,0.19368689,1.91361293,4.85395964,-0.36470296,upper,balanced_early
P02344,0.19377877,1.94460803,4.8403284,-0.5076041,upper,balanced_early
P02345,0.19388254,1.91624286,-4.96358431,0.29318083,lower,balanced_early
P02346,0.19396551,1.94545646,-4.99425611,0.43295827,lower,balanced_early
P02347,0.19426294,1.94457418,4.80714522,-0.43239451,upper,balanced_early
P02348,0.19468202,1.93864743,5.03961844,-0.36306,upper,balanced_early
P02349,0.19472036,1.95217798,-0.02380177,0.02152013,middle,balanced_early
P02350,0.19476782,1.9698376,-4.77262137,0.19540121,lower,balanced_early
P02351,0.19483296,1.95048256,4.7919288,-0.42176054,upper,balanced_early
P02352,0.19487463,1.92530006,4.82852712,-0.41526983,upper,balanced_early
P02353,0.19487668,1.91806057,4.83273448,-0.40200265,upper,balanced_early
P02354,0.19487959,1.92930512,-4.947569,0.21243872,lower,balanced_early
P02355,0.19497355,1.90195193,-4.96965918,0.15125769,lower,balanced_early
P02356,0.19502939,1.90139859,-0.10507658,0.01068791,middle,balanced_early
P02357,0.19504694,1.9542179,0.11987062,-0.04270595,middle,balanced_early
P02358,0.19505811,1.9880936,-4.90590477,0.22856372,lower,balanced_early
P02359,0.19518734,1.95324073,4.8949925,-0.24831312,upper,balanced_early
P02360,0.19521741,1.91739038,-5.0205305,0.19024386,lower,balanced_early
P02361,0.19532467,1.93292187,0.10784183,0.12409542,middle,balanced_early
P02362,0.19537462,1.91922094,5.0354366,-0.40573022,upper,balanced_early
P02363,0.19545305,1.93643681,4.82591855,-0.5095424,upper,balanced_early
P02364,0.19558162,1.92314095,-0.02058083,-0.020174,middle,balanced_early
P02365,0.19564428,2.02205622,0.22967433,0.00700429,middle,balanced_early
P02366,0.19583786,1.97694289,4.76780052,-0.26655048,upper,balanced_early
P02367,0.19584861,1.94225345,-4.93475026,0.25680554,lower,balanced_early
P02368,0.19595516,1.96052295,-0.02248434,0.04970046,middle,balanced_early
P02369,0.19597028,1.93148651,5.0703892,-0.49825981,upper,balanced_early
P02370,0.19598542,1.98304373,0.03609297,0.03155764,middle,balanced_early
P02371,0.19611543,1.94669645,-4.87616234,0.42109396,lower,balanced_early
P02372,0.19619062,1.99200672,4.96536789,-0.29111602,upper,balanced_early
P02373,0.19623766,1.98631278,4.84364151,-0.39321996,upper,balanced_early
P02374,0.1962502,1.92820694,-4.86704533,0.22292011,lower,balanced_early
P02375,0.19625834,1.99837024,-4.94092053,0.176078,lower,balanced_early
P02376,0.19629828,1.97276581,-4.9625717,0.28846575,lower,balanced_early
P02377,0.19641167,1.9726878,4.90385725,-0.34350382,upper,balanced_early
P02378,0.19649029,1.92178761,5.07727896,-0.15310041,upper,balanced_early
P02379,0.19655437,1.91707585,-5.05717441,0.37047216,lower,balanced_early
P02380,0.19667939,2.02009677,-4.80311579,0.16267379,lower,balanced_early
P02381,0.19671412,1.99226473,4.79728196,-0.23946528,upper,balanced_early
P02382,0.19685825,1.96772862,4.81183712,-0.34928438,upper,balanced_early
P02383,0.19686265,1.99080962,5.04348587,-0.46793917,upper,balanced_early
P02384,0.19691922,2.00522005,4.72765627,-0.29646038,upper,balanced_early
P02385,0.19702368,1.95704218,-0.07622886,-0.21528223,middle,balanced_early
P02386,0.19704822,2.02141163,-0.01039624,-0.05752919,middle,balanced_early
P02387,0.19718656,1.97917756,0.0396257,-0.15199072,middle,balanced_early
P02388,0.1972564,1.91410586,4.69293159,-0.21471283,upper,balanced_early
P02389,0.19739761,1.9618918,5.11680016,-0.43238426,upper,balanced_early
P02390,0.19742747,2.00534527,-4.98131875,0.25093695,lower,balanced_early
P02391,0.19745355,2.00510093,-0.10175595,-0.01678278,middle,balanced_early
P02392,0.19747308,2.02148389,-4.95959945,0.35555915,lower,balanced_early
P02393,0.19754166,1.94157562,4.91915184,-0.18081922,upper,balanced_early
P02394,0.19762986,1.95518181,-4.91576629,0.28971635,lower,balanced_early
P02395,0.1977081,2.02102562,4.8219494,-0.38733448,upper,balanced_early
P02396,0.19770873,1.94346399,-4.90058197,0.28503242,lower,balanced_early
P02397,0.1978912,1.9379457,5.06023229,-0.34365218,upper,balanced_early
P02398,0.19790842,1.94630072,4.86253822,-0.2773369,upper,balanced_early
P02399,0.1979463,1.97375134,-4.84695256,0.22183674,lower,balanced_early
P02400,0.19807598,1.95404419,0.10582189,0.15291794,middle,balanced_early
P02401,0.1980822,2.03144567,5.12488603,-0.45705557,upper,balanced_early
P02402,0.19847084,1.96129932,-5.01671349,0.18474093,lower,balanced_early
P02403,0.19848986,1.99023781,-4.79876641,0.24656999,lower,balanced_early
P02404,0.19850516,1.97291077,-0.08644051,-0.10663345,middle,balanced_early
P02405,0.19855142,1.97901514,-0.10662648,-0.01083964,middle,balanced_early
P02406,0.19858958,1.97535305,-5.04157846,0.33540409,lower,balanced_early
P02407,0.19861863,1.95132607,-0.1846939,0.01011868,middle,balanced_early
P02408,0.19890215,1.99595786,4.93959851,-0.3790067,upper,balanced_early
P02409,0.19891546,2.00851769,-0.10367038,-0.21254917,middle,balanced_early
P02410,0.19894626,1.97582993,-4.93933243,0.28758738,lower,balanced_early
P02411,0.19895084,1.99343372,-0.27023241,-0.07739685,middle,balanced_early
P02412,0.19903883,1.99723623,-4.96634964,0.28427572,lower,balanced_early
P02413,0.19906565,2.02368271,-4.74252882,0.24003959,lower,balanced_early
P02414,0.19911374,2.01063393,0.02524351,-0.20825388,middle,balanced_early
P02415,0.19915107,1.98336009,0.02428814,-0.00355413,middle,balanced_early
P02416,0.19922644,1.9580124,0.0228997,-0.07595681,middle,balanced_early
P02417,0.19926597,1.99715732,5.04431275,-0.25105752,upper,balanced_early
P02418,0.19929145,1.9870627,0.01957382,-0.05029241,middle,balanced_early
P02419,0.19937862,1.95940673,-0.0196084,-0.12350746,middle,balanced_early
P02420,0.19941338,1.9851069,4.92779518,-0.44204043,upper,balanced_early
P02421,0.19948607,1.99641056,-0.05274338,-0.11492063,middle,balanced_early
P02422,0.1994974,2.00916143,0.05486665,-0.12993987,middle,balanced_early
P02423,0.19965874,2.02144464,4.90142475,-0.28957923,upper,balanced_early
P02424,0.19966113,2.05361393,5.00593219,-0.33794769,upper,balanced_early
P02425,0.19973729,2.01401307,-4.86784839,0.29631567,lower,balanced_early
P02426,0.19975174,2.03511743,-4.84360037,0.25899899,lower,balanced_early
P02427,0.20005867,2.01938074,4.99257621,-0.3129895,upper,shift_to_middle
P02428,0.20012908,1.96436962,-0.10841537,-0.06039254,middle,shift_to_middle
P02429,0.20018988,2.02694957,4.82531293,-0.34612875,upper,shift_to_middle
P02430,0.20025017,1.98913142,-0.22191733,-0.13562221,middle,shift_to_middle
P02431,0.20031699,1.99130249,4.79184864,-0.46387675,upper,shift_to_middle
P02432,0.20038884,2.02862792,0.15782785,0.08883444,middle,shift_to_middle
P02433,0.20041965,2.0056301,-5.03802258,0.17288988,lower,shift_to_middle
P02434,0.20053215,2.06392391,0.06936961,-0.08919809,middle,shift_to_middle
P02435,0.20057982,1.99918932,0.13885083,0.02457661,middle,shift_to_middle
P02436,0.20072272,2.01422055,-4.7943664,0.10949856,lower,shift_to_middle
P02437,0.20073406,2.05071562,0.16527634,-0.00226324,middle,shift_to_middle
P02438,0.20075785,1.97233686,0.02635427,-0.08158586,middle,shift_to_middle
P02439,0.20090988,2.02809277,-4.83144029,0.47306602,lower,shift_to_middle
P02440,0.20108166,2.0269065,0.03314006,0.03206267,middle,shift_to_middle
P02441,0.20125583,2.00426178,-0.12851373,-0.2097751,middle,shift_to_middle
P02442,0.20132737,1.97037177,4.90053157,-0.23483604,upper,shift_to_middle
P02443,0.20140011,2.0155327,5.06590915,-0.41890104,upper,shift_to_middle
P02444,0.20140313,2.00844301,-4.79311854,0.39985294,lower,shift_to_middle
P02445,0.20145321,2.01301134,-0.12861516,-0.10912589,middle,shift_to_middle
P02446,0.20145704,2.04886243,-4.92070049,0.16441466,lower,shift_to_middle
P02447,0.20146483,2.00706533,0.04339701,0.00750493,middle,shift_to_middle
P02448,0.2015475,2.03297838,-4.96242009,0.07189495,lower,shift_to_middle
P02449,0.20177864,2.06684473,-4.83370042,0.18862007,lower,shift_to_middle
P02450,0.20178711,2.00058784,4.92799737,-0.4483102,upper,shift_to_middle
P02451,0.20181975,1.99548353,4.98958455,-0.20314703,upper,shift_to_middle
P02452,0.2018227,1.99906965,-5.00923358,0.26332347,lower,shift_to_middle
P02453,0.20182375,2.03917147,0.00430671,-0.11087374,middle,shift_to_middle
P02454,0.20194585,2.07527004,-0.11887197,-0.17359566,middle,shift_to_middle
P02455,0.2019745,2.03845622,5.01878913,-0.40066086,upper,shift_to_middle
P02456,0.20199379,1.99810699,4.92363729,-0.35907722,upper,shift_to_middle
P02457,0.20203829,1.99357033,0.00333837,-0.05094606,middle,shift_to_middle
P02458,0.20210095,2.04544003,-0.07998799,-0.14009428,middle,shift_to_middle
P02459,0.20214009,2.05974095,-5.11400722,0.45906039,lower,shift_to_middle
P02460,0.202159,2.05128313,5.0153983,-0.36981393,upper,shift_to_middle
P02461,0.20216858,2.00861114,0.05266266,-0.17874343,middle,shift_to_middle
P02462,0.20217508,2.01742001,4.75210162,-0.33947428,upper,shift_to_middle
P02463,0.20246716,2.04396642,-5.01509381,0.21601353,lower,shift_to_middle
P02464,0.20259412,2.03480374,0.04915313,-0.09406805,middle,shift_to_middle
P02465,0.2026643,2.07938319,-4.99240186,0.25706222,lower,shift_to_middle
P02466,0.20279841,2.01938206,0.15805796,-0.1875691,middle,shift_to_middle
P02467,0.20285389,1.98827919,-4.82720436,0.26867873,lower,shift_to_middle
P02468,0.20285565,2.01698848,4.99872008,-0.38181613,upper,shift_to_middle
P02469,0.20291761,2.03654781,-0.16976291,-0.05842239,middle,shift_to_middle
P02470,0.2030897,2.0496651,-4.98233009,0.33610493,lower,shift_to_middle
P02471,0.20314267,2.01966846,4.84656653,-0.28396751,upper,shift_to_middle
P02472,0.20341206,2.03969665,0.01314988,-0.11044262,middle,shift_to_middle
P02473,0.20343553,2.01624709,0.05553186,-0.08688076,middle,shift_to_middle
P02474,0.20364775,1.98189141,-4.83838956,0.13535841,lower,shift_to_middle
P02475,0.20375525,2.0393378,5.11760853,-0.39949228,upper,shift_to_middle
P02476,0.20376247,2.04962477,-4.9342794,0.19989999,lower,shift_to_middle
P02477,0.20380144,2.03328636,-0.02732537,-0.09227515,middle,shift_to_middle
P02478,0.20384417,1.9985484,-0.02707739,-0.10998964,middle,shift_to_middle
P02479,0.20398583,2.03927618,-0.06244069,-0.1310645,middle,shift_to_middle
P02480,0.20403261,2.06911433,-0.06145981,-0.04435302,middle,shift_to_middle
P02481,0.20415422,2.05875982,-4.94540939,0.29464442,lower,shift_to_middle
P02482,0.20444143,2.03803601,-0.09615558,-0.04699477,middle,shift_to_middle
P02483,0.20449337,2.05995983,-4.77121422,0.19901356,lower,shift_to_middle
P02484,0.20471362,2.05344093,0.04548172,-0.2436508,middle,shift_to_middle
P02485,0.20487686,2.03275602,4.93695871,-0.30287239,upper,shift_to_middle
P02486,0.20492269,2.029018,-4.87998255,0.12656659,lower,shift_to_middle
P02487,0.20513457,2.05549666,-5.03301288,0.27083703,lower,shift_to_middle
P02488,0.205174,2.05927059,0.13624807,0.00794205,middle,shift_to_middle
P02489,0.20527732,2.06233392,-0.0468615,-0.11998362,middle,shift_to_middle
P02490,0.20530059,2.07837049,-4.87488952,0.13972522,lower,shift_to_middle
P02491,0.20534282,2.02166714,-4.96194142,0.32480381,lower,shift_to_middle
P02492,0.20558273,2.06869866,-0.15473885,-0.16170357,middle,shift_to_middle
P02493,0.20561744,2.06670409,5.04044836,-0.30819252,upper,shift_to_middle
P02494,0.20568493,2.03228346,0.0215918,-0.0727497,middle,shift_to_middle
P02495,0.20581148,2.07323146,4.9126323,-0.28091952,upper,shift_to_middle
P02496,0.20590836,2.06723669,-4.80691976,0.24404635,lower,shift_to_middle
P02497,0.20600879,2.04790277,4.88567381,-0.31819047,upper,shift_to_middle
P02498,0.20623933,2.03489134,4.8404723,-0.34961712,upper,shift_to_middle
P02499,0.20636339,2.08478098,4.9330984,-0.30415404,upper,shift_to_middle
P02500,0.20639912,2.05802441,-5.0296746,0.10883491,lower,shift_to_middle
P02501,0.20641087,2.01637953,-4.91521759,0.26692431,lower,shift_to_middle
P02502,0.20660217,2.06653519,4.64151284,-0.56795356,upper,shift_to_middle
P02503,0.20672368,2.08994089,-0.06895057,-0.05736105,middle,shift_to_middle
P02504,0.20677444,2.06599867,-4.92554915,0.19432145,lower,shift_to_middle
P02505,0.20678433,2.04456706,-4.88235762,0.26424358,lower,shift_to_middle
P02506,0.20682291,2.0761476,5.07204849,-0.37821396,upper,shift_to_middle
P02507,0.20687423,2.08862105,-0.16155435,-0.175117,middle,shift_to_middle
P02508,0.2068859,2.09719474,-0.02247036,-0.01355257,middle,shift_to_middle
P02509,0.2069131,2.10309044,5.0084679,-0.20225576,upper,shift_to_middle
P02510,0.20692579,2.03935367,4.86923512,-0.38829128,upper,shift_to_middle
P02511,0.20693625,2.05755623,-4.79631864,0.32066224,lower,shift_to_middle
P02512,0.20694491,2.15061835,5.00754534,-0.31549802,upper,shift_to_middle
P02513,0.20705138,2.07686862,-4.91719631,0.21904124,lower,shift_to_middle
P02514,0.20712193,2.04378101,-0.10616487,-0.08237612,middle,shift_to_middle
P02515,0.20719299,2.07397981,4.86640672,-0.55932272,upper,shift_to_middle
P02516,0.20731059,2.0536672,-4.8394216,0.22479801,lower,shift_to_middle
P02517,0.20745647,2.08435099,5.0862551,-0.41944893,upper,shift_to_middle
P02518,0.2075817,2.0835814,4.8922864,-0.27072277,upper,shift_to_middle
P02519,0.20767036,2.04942271,-4.8554764,0.20315075,lower,shift_to_middle
P02520,0.20786245,2.1220192,0.00712019,0.03595519,middle,shift_to_middle
P02521,0.20791187,2.087769,-0.28763951,0.00305312,middle,shift_to_middle
P02522,0.20800326,2.08956935,-0.00324974,-0.15571029,middle,shift_to_middle
P02523,0.20803864,2.0904986,5.16375499,-0.26854013,upper,shift_to_middle
P02524,0.20812552,2.09671916,0.0111937,-0.27301628,middle,shift_to_middle
P02525,0.20823941,2.09081097,-4.89304026,0.06283701,lower,shift_to_middle
P02526,0.20828777,2.07810144,-4.92520649,0.20824777,lower,shift_to_middle
P02527,0.20834029,2.08310033,4.83995525,-0.40307882,upper,shift_to_middle
P02528,0.20844362,2.0593367,4.75498281,-0.38029307,upper,shift_to_middle
P02529,0.2085283,2.07252643,4.84865622,-0.33993392,upper,shift_to_middle
P02530,0.20858525,2.06275668,-4.90200746,0.29628937,lower,shift_to_middle
P02531,0.20863883,2.09735111,4.79570233,-0.39981171,upper,shift_to_middle
P02532,0.20865087,2.08977219,-0.02609307,0.00021828,middle,shift_to_middle
P02533,0.2086615,2.08690427,4.88198891,-0.40356098,upper,shift_to_middle
P02534,0.20866998,2.08603045,-4.93023962,0.18666599,lower,shift_to_middle
P02535,0.20872002,2.12181143,-5.00065302,0.11632038,lower,shift_to_middle
P02536,0.20876556,2.09871314,5.04484064,-0.35312496,upper,shift_to_middle
P02537,0.20880203,2.05269065,-4.90318081,0.19267458,lower,shift_to_middle
P02538,0.20882311,2.07319033,4.96898841,-0.35870148,upper,shift_to_middle
P02539,0.20885977,2.11425201,4.83833118,-0.40027134,upper,shift_to_middle
P02540,0.20891049,2.12289181,-0.02920479,-0.01566933,middle,shift_to_middle
P02541,0.20891867,2.12895451,-5.04984127,0.19139145,lower,shift_to_middle
P02542,0.20896644,2.0415223,0.24712643,-0.18938515,middle,shift_to_middle
P02543,0.20904548,2.06226042,-0.08539146,-0.14945847,middle,shift_to_middle
P02544,0.20907104,2.08974624,0.03814454,-0.04722415,middle,shift_to_middle
P02545,0.20908722,2.07448285,0.09220117,-0.04567778,middle,shift_to_middle
P02546,0.20913164,2.07380016,4.79149732,-0.54812231,upper,shift_to_middle
P02547,0.20932548,2.07088648,-0.15740533,-0.06600824,middle,shift_to_middle
P02548,0.20965967,2.09118363,4.99255142,-0.32742922,upper,shift_to_middle
P02549,0.20968031,2.09801988,-4.89462517,0.23481473,lower,shift_to_middle
P02550,0.209716,2.09878313,0.14324598,-0.16701206,middle,shift_to_middle
P02551,0.20973393,2.07266728,-4.99032992,0.20095577,lower,shift_to_middle
P02552,0.20975107,2.06228379,5.00282943,-0.38101789,upper,shift_to_middle
P02553,0.20995115,2.11244741,4.85275513,-0.35533865,upper,shift_to_middle
P02554,0.21006078,2.08689743,4.70276151,-0.30319323,upper,shift_to_middle
P02555,0.2100748,2.09619953,-0.11977229,-0.04793741,middle,shift_to_middle
P02556,0.21015175,2.12131538,4.83828631,-0.39538263,upper,shift_to_middle
P02557,0.21025061,2.11635841,4.81297547,-0.50737363,upper,shift_to_middle
P02558,0.21025494,2.1232161,4.98896576,-0.46511451,upper,shift_to_middle
P02559,0.21030441,2.10001004,-4.97451901,0.34267732,lower,shift_to_middle
P02560,0.21032698,2.07408385,4.74066451,-0.4917652,upper,shift_to_middle
P02561,0.21035776,2.1105232,4.91471464,-0.48481051,upper,shift_to_middle
P02562,0.21041654,2.1533724,-0.11549782,-0.01828557,middle,shift_to_middle
P02563,0.21044796,2.12948467,-4.79772036,0.24186121,lower,shift_to_middle
P02564,0.21065314,2.1001549,-4.7873201,0.19959745,lower,shift_to_middle
P02565,0.21070214,2.09647431,-4.88568774,0.27130693,lower,shift_to_middle
P02566,0.2107524,2.09781276,4.83737776,-0.44682854,upper,shift_to_middle
P02567,0.21082557,2.06790651,4.8387297,-0.388979,upper,shift_to_middle
P02568,0.21085393,2.09556561,-4.80267557,0.11194004,lower,shift_to_middle
P02569,0.21102099,2.13294396,-4.91383137,0.27410569,lower,shift_to_middle
P02570,0.21124712,2.10399079,-4.90453709,0.2113308,lower,shift_to_middle
P02571,0.21127787,2.13353654,5.02591827,-0.5173283,upper,shift_to_middle
P02572,0.21128003,2.13594505,4.83609987,-0.34082226,upper,shift_to_middle
P02573,0.21139141,2.12677117,5.02361106,-0.17522038,upper,shift_to_middle
P02574,0.21165111,2.06916643,4.96240629,-0.35802794,upper,shift_to_middle
P02575,0.21169587,2.10526156,-4.96144488,0.24843017,lower,shift_to_middle
P02576,0.21172816,2.12480353,-0.07584907,-0.0943965,middle,shift_to_middle
P02577,0.2118549,2.10370146,-0.01169623,-0.0375456,middle,shift_to_middle
P02578,0.21191585,2.100767,0.05436457,-0.20689446,middle,shift_to_middle
P02579,0.21191617,2.09760273,-0.09137365,-0.24675579,middle,shift_to_middle
P02580,0.21201839,2.13882781,-0.03095042,-0.12588848,middle,shift_to_middle
P02581,0.21216792,2.09557149,-4.9434082,0.20513263,lower,shift_to_middle
P02582,0.21219382,2.14824214,4.96673231,-0.45523076,upper,shift_to_middle
P02583,0.21222175,2.08968408,5.0329169,-0.55164095,upper,shift_to_middle
P02584,0.21225729,2.1134976,0.14580911,-0.06385477,middle,shift_to_middle
P02585,0.21230257,2.14596926,4.80165293,-0.32057726,upper,shift_to_middle
P02586,0.21234275,2.13010595,4.86055446,-0.35542328,upper,shift_to_middle
P02587,0.21238431,2.104833,5.00244091,-0.58893434,upper,shift_to_middle
P02588,0.21242601,2.09083038,-4.92534659,0.16623962,lower,shift_to_middle
P02589,0.21258936,2.12434136,5.06739641,-0.37946934,upper,shift_to_middle
P02590,0.21264682,2.15121723,-0.16131088,-0.08317258,middle,shift_to_middle
P02591,0.21267071,2.12334297,4.84801566,-0.52563908,upper,shift_to_middle
P02592,0.2127112,2.14136792,4.9226522,-0.22220401,upper,shift_to_middle
P02593,0.21273251,2.10013616,-0.01434362,-0.03125009,middle,shift_to_middle
P02594,0.21273314,2.16493501,-0.09696582,0.03266362,middle,shift_to_middle
P02595,0.21273945,2.10794635,4.98409034,-0.43924877,upper,shift_to_middle
P02596,0.21274862,2.08937594,-5.04541279,0.35033212,lower,shift_to_middle
P02597,0.21277313,2.14405028,-5.19282421,0.15365542,lower,shift_to_middle
P02598,0.2129404,2.11063767,4.97418184,-0.39707471,upper,shift_to_middle
P02599,0.21298725,2.09866651,4.69739625,-0.40204996,upper,shift_to_middle
P02600,0.21302397,2.17542608,-4.8890928,0.15758462,lower,shift_to_middle
P02601,0.21304739,2.15032309,4.99531924,-0.31607231,upper,shift_to_middle
P02602,0.21326072,2.14093519,4.75888037,-0.41506479,upper,shift_to_middle
P02603,0.21326169,2.10635243,-0.01794639,-0.31131338,middle,shift_to_middle
P02604,0.21327063,2.13093155,-0.05935201,-0.05938631,middle,shift_to_middle
P02605,0.2132944,2.16825807,0.03758061,-0.14308594,middle,shift_to_middle
P02606,0.21338006,2.10516302,-0.14572534,-0.2813976,middle,shift_to_middle
P02607,0.21338023,2.1192824,4.79979312,-0.43140825,upper,shift_to_middle
P02608,0.2133961,2.17135388,4.77933246,-0.52121383,upper,shift_to_middle
P02609,0.21350374,2.13406027,-5.12324545,0.32194142,lower,shift_to_middle
P02610,0.21359592,2.15438484,-0.04249619,-0.22152647,middle,shift_to_middle
P02611,0.21374693,2.15300005,-0.19978118,0.0089707,middle,shift_to_middle
P02612,0.21375939,2.13361763,0.08290637,-0.12801142,middle,shift_to_middle
P02613,0.21384234,2.17876445,-0.13179305,-0.24540136,middle,shift_to_middle
P02614,0.21387207,2.15575289,-4.93234095,0.13155101,lower,shift_to_middle
P02615,0.21393261,2.1515046,4.92749789,-0.44938876,upper,shift_to_middle
P02616,0.21398058,2.13598299,-4.81802148,0.23160222,lower,shift_to_middle
P02617,0.21402562,2.1811304,5.12200334,-0.27473919,upper,shift_to_middle
P02618,0.21411673,2.13854617,4.94196229,-0.37431681,upper,shift_to_middle
P02619,0.21421838,2.15004039,4.70742532,-0.41946266,upper,shift_to_middle
P02620,0.21431179,2.16380284,0.07236876,-0.07933156,middle,shift_to_middle
P02621,0.2143152,2.12235651,-5.14957053,0.2550768,lower,shift_to_middle
P02622,0.21436752,2.12183541,-4.86264135,0.33536289,lower,shift_to_middle
P02623,0.21452542,2.14782316,4.72965224,-0.31873993,upper,shift_to_middle
P02624,0.2145913,2.11919632,-0.30334764,-0.08187308,middle,shift_to_middle
P02625,0.21463253,2.1471578,-5.03132011,0.30283834,lower,shift_to_middle
P02626,0.21466238,2.13178148,4.98021875,-0.39889636,upper,shift_to_middle
P02627,0.21477884,2.11270371,-0.18540682,-0.07891949,middle,shift_to_middle
P02628,0.21483084,2.15826568,0.1060963,-0.13688727,middle,shift_to_middle
P02629,0.21483377,2.15056607,-4.96396933,0.26469954,lower,shift_to_middle
P02630,0.21483832,2.17649618,4.89942573,-0.42259518,upper,shift_to_middle
P02631,0.21487464,2.13018565,-4.95146009,0.25960412,lower,shift_to_middle
P02632,0.21495267,2.16510017,-0.04876591,-0.1771173,middle,shift_to_middle
P02633,0.21509773,2.13622137,-4.88665161,0.02247586,lower,shift_to_middle
P02634,0.21510352,2.18659294,4.86017037,-0.53128879,upper,shift_to_middle
P02635,0.215196,2.19214296,-0.12805337,-0.02280639,middle,shift_to_middle
P02636,0.21522328,2.17313473,4.85039922,-0.3287541,upper,shift_to_middle
P02637,0.21537936,2.1004733,4.8309276,-0.33849955,upper,shift_to_middle
P02638,0.21552251,2.18464986,0.02194825,-0.13180579,middle,shift_to_middle
P02639,0.2155339,2.20047342,-4.95464087,0.15807924,lower,shift_to_middle
P02640,0.21567911,2.13818922,5.13686828,-0.26872928,upper,shift_to_middle
P02641,0.21570276,2.11965144,5.00587347,-0.30061518,upper,shift_to_middle
P02642,0.21573975,2.13210741,-5.16224764,0.19529371,lower,shift_to_middle
P02643,0.21578765,2.1487527,-4.76621233,0.1367451,lower,shift_to_middle
P02644,0.21583485,2.20041633,4.90796475,-0.48000495,upper,shift_to_middle
P02645,0.21599094,2.14914154,5.04797636,-0.34502226,upper,shift_to_middle
P02646,0.21599815,2.16765799,4.77999785,-0.41879093,upper,shift_to_middle
P02647,0.21603709,2.12430977,-4.90454893,0.23326114,lower,shift_to_middle
P02648,0.21605681,2.19458993,-4.963411,0.2370795,lower,shift_to_middle
P02649,0.21621863,2.1488669,4.88174686,-0.43998014,upper,shift_to_middle
P02650,0.21626058,2.17994455,4.89752774,-0.37450961,upper,shift_to_middle
P02651,0.21628389,2.1686915,-4.8236156,0.10708025,lower,shift_to_middle
P02652,0.21629591,2.18924633,4.73995881,-0.37833746,upper,shift_to_middle
P02653,0.21634598,2.17019326,5.18646653,-0.40412205,upper,shift_to_middle
P02654,0.21637903,2.159943,-0.21823869,-0.22889773,middle,shift_to_middle
P02655,0.21640288,2.19654998,0.21875022,-0.13444175,middle,shift_to_middle
P02656,0.2164113,2.16599231,-4.92203271,0.16408805,lower,shift_to_middle
P02657,0.21657573,2.17139725,-5.01009611,0.19560431,lower,shift_to_middle
P02658,0.21657713,2.16200046,0.0307016,-0.21187754,middle,shift_to_middle
P02659,0.21658347,2.17222543,5.00096532,-0.40288717,upper,shift_to_middle
P02660,0.21658409,2.2185894,0.11874934,-0.12637741,middle,shift_to_middle
P02661,0.21679071,2.16319241,-0.15669698,-0.02233791,middle,shift_to_middle
P02662,0.21684151,2.16694154,5.13451277,-0.35713438,upper,shift_to_middle
P02663,0.21687949,2.15413389,-4.93354464,0.31080252,lower,shift_to_middle
P02664,0.21690495,2.18414218,-4.93245925,0.31271364,lower,shift_to_middle
P02665,0.21691523,2.20416191,0.05616009,-0.23957527,middle,shift_to_middle
P02666,0.21705663,2.1939273,0.13658992,-0.2614432,middle,shift_to_middle
P02667,0.21708121,2.19570273,0.03478719,-0.13633239,middle,shift_to_middle
P02668,0.21710478,2.16809776,-5.06079318,0.11728082,lower,shift_to_middle
P02669,0.21715968,2.15701448,4.93580046,-0.41894025,upper,shift_to_middle
P02670,0.21725275,2.18328185,-4.93813549,0.13091731,lower,shift_to_middle
P02671,0.21736655,2.16495415,-0.17381117,-0.35796651,middle,shift_to_middle
P02672,0.21736675,2.14848638,-0.09168393,-0.27288984,middle,shift_to_middle
P02673,0.21736918,2.2019823,0.01949728,-0.06592621,middle,shift_to_middle
P02674,0.21744378,2.18242357,0.00907061,-0.04000707,middle,shift_to_middle
P02675,0.21762911,2.18139151,-4.8535064,0.17590505,lower,shift_to_middle
P02676,0.21766807,2.18101685,4.88844595,-0.36838866,upper,shift_to_middle
P02677,0.21771281,2.19696696,4.68739473,-0.4198711,upper,shift_to_middle
P02678,0.21775415,2.14228165,-0.16036551,-0.05853899,middle,shift_to_middle
P02679,0.21779004,2.1252911,4.81178194,-0.41671973,upper,shift_to_middle
P02680,0.21780169,2.2154717,0.02698542,-0.08938163,middle,shift_to_middle
P02681,0.21782973,2.20069239,4.77116426,-0.48632117,upper,shift_to_middle
P02682,0.21783241,2.16401643,4.91682991,-0.45726498,upper,shift_to_middle
P02683,0.2179733,2.19724353,4.80772566,-0.37153017,upper,shift_to_middle
P02684,0.21803537,2.19626911,-5.07509027,0.16538183,lower,shift_to_middle
P02685,0.21808308,2.20499928,4.90851497,-0.34474795,upper,shift_to_middle
P02686,0.21811461,2.19203201,5.0868779,-0.30023235,upper,shift_to_middle
P02687,0.21830516,2.18876393,4.93318606,-0.2908854,upper,shift_to_middle
P02688,0.21842558,2.212595,4.76453024,-0.38780779,upper,shift_to_middle
P02689,0.21843352,2.21366545,0.10804995,-0.14786686,middle,shift_to_middle
P02690,0.21848762,2.15626737,-4.77935618,0.2467934,lower,shift_to_middle
P02691,0.2185724,2.21384253,-4.9802546,0.21802056,lower,shift_to_middle
P02692,0.21869737,2.23171285,4.77874646,-0.44552004,upper,shift_to_middle
P02693,0.21876855,2.18435754,4.88423188,-0.4036832,upper,shift_to_middle
P02694,0.21885736,2.17240733,-0.02375382,-0.12588448,middle,shift_to_middle
P02695,0.21886279,2.18104501,-5.13319627,0.2208775,lower,shift_to_middle
P02696,0.21892045,2.19179729,-5.06299873,0.07011882,lower,shift_to_middle
P02697,0.21930556,2.2156085,4.9365187,-0.46620704,upper,shift_to_middle
P02698,0.21932539,2.20846855,0.00379038,-0.14587891,middle,shift_to_middle
P02699,0.21936481,2.21879583,-5.10028408,-0.03672948,lower,shift_to_middle
P02700,0.21942686,2.18770094,4.7897342,-0.47924799,upper,shift_to_middle
P02701,0.21954773,2.23218856,-0.05169085,-0.18850634,middle,shift_to_middle
P02702,0.21959371,2.18691154,-0.09079993,-0.21869443,middle,shift_to_middle
P02703,0.21964203,2.20875826,4.79928469,-0.08641394,upper,shift_to_middle
P02704,0.21996361,2.20802999,-0.08560115,-0.12735849,middle,shift_to_middle
P02705,0.22016442,2.17547182,-5.06632215,0.22015594,lower,shift_to_middle
P02706,0.22019848,2.21081394,-4.91812193,0.14931953,lower,shift_to_middle
P02707,0.22043762,2.20458939,-4.98744079,0.25845753,lower,shift_to_middle
P02708,0.22061773,2.19589776,-4.99303636,0.08536738,lower,shift_to_middle
P02709,0.22064225,2.17605867,4.71458127,-0.3943627,upper,shift_to_middle
P02710,0.22073052,2.25888395,4.78002959,-0.44145159,upper,shift_to_middle
P02711,0.22073866,2.24030654,4.90761778,-0.31443541,upper,shift_to_middle
P02712,0.22084253,2.19576695,-0.03274875,-0.25332465,middle,shift_to_middle
P02713,0.22092611,2.21542641,0.14822425,-0.18649548,middle,shift_to_middle
P02714,0.22127079,2.22051186,-5.04359448,0.09602907,lower,shift_to_middle
P02715,0.22130988,2.15386063,0.03245128,-0.17188267,middle,shift_to_middle
P02716,0.22132805,2.24779918,-0.0501012,-0.1242662,middle,shift_to_middle
P02717,0.22135497,2.2624633,0.04786945,-0.17768582,middle,shift_to_middle
P02718,0.22140087,2.24016194,4.89632361,-0.43626286,upper,shift_to_middle
P02719,0.2214658,2.22281009,4.91097136,-0.45959685,upper,shift_to_middle
P02720,0.22154038,2.18731567,4.90058815,-0.43471798,upper,shift_to_middle
P02721,0.22162606,2.18808368,-4.86212281,0.20271733,lower,shift_to_middle
P02722,0.22165246,2.24672498,4.89291287,-0.47105011,upper,shift_to_middle
P02723,0.22173274,2.22384163,-5.02220036,0.18272245,lower,shift_to_middle
P02724,0.22177918,2.20712234,-5.04196709,0.07946318,lower,shift_to_middle
P02725,0.22181018,2.2142709,4.84326178,-0.46509303,upper,shift_to_middle
P02726,0.22182983,2.2192936,-5.10846226,0.1147669,lower,shift_to_middle
P02727,0.22186256,2.27157898,0.0460901,-0.28519049,middle,shift_to_middle
P02728,0.22187516,2.20232217,4.91508746,-0.4283792,upper,shift_to_middle
P02729,0.22219933,2.22920658,4.95090379,-0.39998708,upper,shift_to_middle
P02730,0.22227429,2.18320723,-0.13638135,-0.16579671,middle,shift_to_middle
P02731,0.22228515,2.19840867,-4.87140751,0.06997059,lower,shift_to_middle
P02732,0.22243286,2.18913035,4.91588263,-0.35456607,upper,shift_to_middle
P02733,0.22244295,2.24761939,4.91209261,-0.3954299,upper,shift_to_middle
P02734,0.22258874,2.22576174,-4.92076126,0.09940187,lower,shift_to_middle
P02735,0.22274099,2.28140101,-0.15853578,-0.18803466,middle,shift_to_middle
P02736,0.22276495,2.21408541,5.07308228,-0.50932569,upper,shift_to_middle
P02737,0.22285438,2.2215329,-4.9576507,0.18314611,lower,shift_to_middle
P02738,0.22287166,2.22351927,-4.92835944,0.26275545,lower,shift_to_middle
P02739,0.22294753,2.19292777,-5.10135451,0.16654826,lower,shift_to_middle
P02740,0.22307983,2.20710368,4.77818215,-0.47323244,upper,shift_to_middle
P02741,0.22309984,2.18492954,4.9462824,-0.28806622,upper,shift_to_middle
P02742,0.22329037,2.26615904,4.88838389,-0.3905345,upper,shift_to_middle
P02743,0.2234997,2.25438331,4.86295975,-0.46117666,upper,shift_to_middle
P02744,0.2237116,2.19556933,5.00245928,-0.46080656,upper,shift_to_middle
P02745,0.22380604,2.23333772,-4.97574085,0.28508901,lower,shift_to_middle
P02746,0.22387313,2.2398724,0.02802197,-0.17501424,middle,shift_to_middle
P02747,0.22401723,2.26411201,0.08822952,-0.28455958,middle,shift_to_middle
P02748,0.22402165,2.26622584,4.80822946,-0.42456947,upper,shift_to_middle
P02749,0.22404733,2.22865525,-4.84563752,0.26950225,lower,shift_to_middle
P02750,0.22421697,2.21880325,-0.14954991,-0.1176219,middle,shift_to_middle
P02751,0.22445763,2.24171191,4.78379523,-0.50338028,upper,shift_to_middle
P02752,0.22448299,2.24953227,-0.0832063,-0.14877986,middle,shift_to_middle
P02753,0.22474983,2.2247025,-5.01775505,0.10452021,lower,shift_to_middle
P02754,0.22480772,2.2688361,0.10012677,-0.08041073,middle,shift_to_middle
P02755,0.22502484,2.24868585,4.90470419,-0.38471241,upper,shift_to_middle
P02756,0.22528801,2.29580889,-5.07521394,0.20834826,lower,shift_to_middle
P02757,0.22530638,2.23342856,-4.90998497,0.07894737,lower,shift_to_middle
P02758,0.22531809,2.26870418,0.06660809,-0.17440024,middle,shift_to_middle
P02759,0.22537049,2.26706603,4.75302661,-0.36150495,upper,shift_to_middle
P02760,0.22550366,2.22665995,-0.06566689,-0.20131051,middle,shift_to_middle
P02761,0.22561278,2.27038096,-0.09204366,-0.2239762,middle,shift_to_middle
P02762,0.22572164,2.30596359,-0.04923377,-0.15553522,middle,shift_to_middle
P02763,0.22576044,2.26285479,-5.03137605,0.08553188,lower,shift_to_middle
P02764,0.22578298,2.29383445,5.00280256,-0.43255049,upper,shift_to_middle
P02765,0.22585551,2.27686364,-4.97471362,0.14707959,lower,shift_to_middle
P02766,0.22593314,2.30416948,5.1119706,-0.26112968,upper,shift_to_middle
P02767,0.22623904,2.25742221,-0.16097354,-0.29436961,middle,shift_to_middle
P02768,0.2264241,2.29192233,-5.03607491,0.02482709,lower,shift_to_middle
P02769,0.22665593,2.26345524,-0.04188188,-0.19945482,middle,shift_to_middle
P02770,0.22673531,2.24409809,-4.83842426,0.1709084,lower,shift_to_middle
P02771,0.22682778,2.31901257,0.04365802,-0.16270862,middle,shift_to_middle
P02772,0.22686592,2.25502182,-0.16742407,-0.16619331,middle,shift_to_middle
P02773,0.22687742,2.25021877,-0.04566961,-0.11008795,middle,shift_to_middle
P02774,0.22692124,2.23278946,-4.84376436,0.18019221,lower,shift_to_middle
P02775,0.22692752,2.29439122,-4.84822726,0.12625311,lower,shift_to_middle
P02776,0.22702726,2.27003843,4.95241395,-0.43984955,upper,shift_to_middle
P02777,0.22749401,2.27596181,0.02242924,-0.08832909,middle,shift_to_middle
P02778,0.22753414,2.30020598,4.92564566,-0.38412098,upper,shift_to_middle
P02779,0.22757974,2.30661519,-0.07175289,-0.19428492,middle,shift_to_middle
P02780,0.22759403,2.28268517,4.92996841,-0.2017247,upper,shift_to_middle
P02781,0.22773218,2.20507731,4.79220331,-0.57717637,upper,shift_to_middle
P02782,0.22786522,2.2750003,-5.05384195,0.09589934,lower,shift_to_middle
P02783,0.22804788,2.33175213,4.90566305,-0.41002197,upper,shift_to_middle
P02784,0.22809414,2.2666935,4.91661089,-0.49258128,upper,shift_to_middle
P02785,0.22815694,2.29931144,-4.98835842,0.19518176,lower,shift_to_middle
P02786,0.22824951,2.2476111,-0.11886278,-0.12867148,middle,shift_to_middle
P02787,0.22828394,2.31420734,-4.99932601,0.08264187,lower,shift_to_middle
P02788,0.22835239,2.29513742,4.89602125,-0.39397648,upper,shift_to_middle
P02789,0.2283836,2.31206043,4.84766733,-0.51091386,upper,shift_to_middle
P02790,0.22847136,2.31134418,0.22799754,-0.25023116,middle,shift_to_middle
P02791,0.22849569,2.26589546,-0.09156655,-0.36240478,middle,shift_to_middle
P02792,0.22852548,2.30367923,-0.18753187,-0.02902732,middle,shift_to_middle
P02793,0.22854923,2.31486723,-4.91633122,0.11657838,lower,shift_to_middle
P02794,0.22855205,2.22676462,-0.18911788,-0.08107817,middle,shift_to_middle
P02795,0.22863869,2.29221268,-0.22171155,-0.23245106,middle,shift_to_middle
P02796,0.22870982,2.28450319,4.90127991,-0.38404103,upper,shift_to_middle
P02797,0.22879947,2.2799593,-4.78226662,0.17952771,lower,shift_to_middle
P02798,0.22883488,2.26686837,-4.98352372,0.08153783,lower,shift_to_middle
P02799,0.22894904,2.26334623,-0.0866734,-0.18341746,middle,shift_to_middle
P02800,0.22900074,2.23693643,-4.86008426,0.09112845,lower,shift_to_middle
P02801,0.2290018,2.24606162,5.19228065,-0.61381376,upper,shift_to_middle
P02802,0.22908692,2.26703405,4.99296045,-0.3393829,upper,shift_to_middle
P02803,0.2292372,2.32140947,-5.07690585,0.04047043,lower,shift_to_middle
P02804,0.22930739,2.30601492,4.82885306,-0.41681235,upper,shift_to_middle
P02805,0.22936612,2.28099412,4.93823649,-0.50038038,upper,shift_to_middle
P02806,0.22944381,2.29273043,-4.96162854,0.19943835,lower,shift_to_middle
P02807,0.2294566,2.29735904,-0.00407675,-0.29398811,middle,shift_to_middle
P02808,0.22952571,2.28500465,-0.00789662,-0.13873574,middle,shift_to_middle
P02809,0.22967709,2.29606963,-4.9027056,0.04075731,lower,shift_to_middle
P02810,0.2297758,2.35519608,-4.79668978,0.10440658,lower,shift_to_middle
P02811,0.22978876,2.29884684,-0.15647563,-0.30418735,middle,shift_to_middle
P02812,0.22980358,2.25473116,-0.18071734,-0.30584815,middle,shift_to_middle
P02813,0.2298052,2.33425245,-4.96812359,0.11535242,lower,shift_to_middle
P02814,0.22987967,2.27319945,-5.08084419,0.15508824,lower,shift_to_middle
P02815,0.22994958,2.30995038,-0.09683102,-0.29235418,middle,shift_to_middle
P02816,0.23000664,2.31196843,0.05027126,-0.27328078,middle,shift_to_middle
P02817,0.23001844,2.2962109,4.87848859,-0.41752736,upper,shift_to_middle
P02818,0.23005266,2.33449817,4.74455446,-0.40569858,upper,shift_to_middle
P02819,0.23022631,2.33040502,-0.17104927,-0.25783605,middle,shift_to_middle
P02820,0.23025799,2.32891852,0.0417143,-0.17534623,middle,shift_to_middle
P02821,0.23032358,2.32542863,-0.0534846,-0.22703093,middle,shift_to_middle
P02822,0.23049812,2.31365758,-4.9183915,0.12102332,lower,shift_to_middle
P02823,0.23056946,2.31297988,0.03250101,-0.20863868,middle,shift_to_middle
P02824,0.23064397,2.31817713,-0.06168521,-0.31339012,middle,shift_to_middle
P02825,0.23067376,2.30057157,-4.90658711,0.0832097,lower,shift_to_middle
P02826,0.2307123,2.32455285,-5.03439118,0.09468123,lower,shift_to_middle
P02827,0.23076644,2.29183085,-0.03299632,-0.16841818,middle,shift_to_middle
P02828,0.23077553,2.29598589,-4.86208311,-0.10181876,lower,shift_to_middle
P02829,0.23078365,2.32918698,-0.02517881,-0.12356677,middle,shift_to_middle
P02830,0.23081005,2.27368421,4.95409207,-0.43971929,upper,shift_to_middle
P02831,0.2308423,2.3137568,4.80377117,-0.53036917,upper,shift_to_middle
P02832,0.23091763,2.2684835,0.00122965,-0.01920753,middle,shift_to_middle
P02833,0.23106477,2.29403404,-0.05935446,-0.23180392,middle,shift_to_middle
P02834,0.23116873,2.30581393,-4.8976387,0.11378774,lower,shift_to_middle
P02835,0.23118533,2.31177603,4.83737827,-0.50989047,upper,shift_to_middle
P02836,0.23119055,2.32960464,-4.96304127,0.17615685,lower,shift_to_middle
P02837,0.2312646,2.31580682,0.02954336,-0.13286766,middle,shift_to_middle
P02838,0.23132002,2.31985827,5.05922244,-0.42085631,upper,shift_to_middle
P02839,0.23140114,2.31122653,4.77008062,-0.42698952,upper,shift_to_middle
P02840,0.23147524,2.32405236,-4.95636111,0.10071164,lower,shift_to_middle
P02841,0.23149686,2.3473066,-0.12445665,-0.2279235,middle,shift_to_middle
P02842,0.23163681,2.31122387,4.71901182,-0.54249483,upper,shift_to_middle
P02843,0.23164116,2.29116296,-5.1055505,0.05118609,lower,shift_to_middle
P02844,0.23183258,2.29403646,-5.03157442,0.11658738,lower,shift_to_middle
P02845,0.23191881,2.33028026,-0.01302087,-0.10617894,middle,shift_to_middle
P02846,0.23200401,2.33876777,-4.94182153,0.16481688,lower,shift_to_middle
P02847,0.23227318,2.33325253,4.88492614,-0.36052093,upper,shift_to_middle
P02848,0.23230602,2.3172781,-5.10233751,0.12773995,lower,shift_to_middle
P02849,0.23240423,2.30158871,-5.03928501,0.20077815,lower,shift_to_middle
P02850,0.23256288,2.32034129,4.87780668,-0.51725082,upper,shift_to_middle
P02851,0.23278728,2.35554393,-5.08770177,0.10298539,lower,shift_to_middle
P02852,0.23292762,2.30650992,-5.08155312,0.19268434,lower,shift_to_middle
P02853,0.23300212,2.33487192,4.85630323,-0.45265783,upper,shift_to_middle
P02854,0.23310907,2.33035884,-0.10663138,-0.19691382,middle,shift_to_middle
P02855,0.23312343,2.32573471,-4.97980652,-0.00389509,lower,shift_to_middle
P02856,0.23312463,2.35359737,-0.12564046,-0.30954395,middle,shift_to_middle
P02857,0.23312963,2.3056273,4.95122632,-0.31466697,upper,shift_to_middle
P02858,0.23315704,2.32951567,4.98368242,-0.49019351,upper,shift_to_middle
P02859,0.23334105,2.34030752,-4.89957838,0.03595917,lower,shift_to_middle
P02860,0.23334123,2.30783372,-5.13204241,0.22170331,lower,shift_to_middle
P02861,0.23355352,2.3409935,4.8276863,-0.40697687,upper,shift_to_middle
P02862,0.2335708,2.39087465,5.09928307,-0.44161364,upper,shift_to_middle
P02863,0.23369446,2.3627306,0.11802441,-0.25235655,middle,shift_to_middle
P02864,0.23376299,2.31820772,-0.1913019,-0.16663849,middle,shift_to_middle
P02865,0.23379395,2.34818631,-5.03270892,-0.03397495,lower,shift_to_middle
P02866,0.23387797,2.3864402,4.7481454,-0.52062424,upper,shift_to_middle
P02867,0.23388341,2.33954968,4.90877311,-0.35776887,upper,shift_to_middle
P02868,0.23393008,2.28767435,-5.13108686,0.15146533,lower,shift_to_middle
P02869,0.23394834,2.35969743,-5.00151195,0.16092655,lower,shift_to_middle
P02870,0.23397225,2.28593105,-0.26928502,-0.35188737,middle,shift_to_middle
P02871,0.23400469,2.37350346,5.07116099,-0.52107324,upper,shift_to_middle
P02872,0.2340628,2.36140776,-0.10721098,-0.33384257,middle,shift_to_middle
P02873,0.23406912,2.32028761,-0.21599254,-0.17131456,middle,shift_to_middle
P02874,0.23430789,2.33558847,0.03324822,-0.29913103,middle,shift_to_middle
P02875,0.23441763,2.32785143,0.03676559,-0.24383034,middle,shift_to_middle
P02876,0.23447581,2.32733791,-4.97670989,0.18425502,lower,shift_to_middle
P02877,0.23454928,2.37604902,0.18398127,-0.18153572,middle,shift_to_middle
P02878,0.23460051,2.3485601,4.92916152,-0.37736572,upper,shift_to_middle
P02879,0.23475178,2.2823185,5.11060491,-0.47246575,upper,shift_to_middle
P02880,0.2347559,2.3601206,-0.09282745,-0.20890026,middle,shift_to_middle
P02881,0.23503773,2.34161362,-0.07107472,-0.33710533,middle,shift_to_middle
P02882,0.23512266,2.34476527,4.77269812,-0.45019586,upper,shift_to_middle
P02883,0.23517075,2.40456313,-0.10381902,-0.24408328,middle,shift_to_middle
P02884,0.23526329,2.39454867,-5.09466613,0.07943235,lower,shift_to_middle
P02885,0.23532724,2.32038844,0.03088277,-0.22859521,middle,shift_to_middle
P02886,0.23537191,2.37913055,-0.03416567,-0.25048513,middle,shift_to_middle
P02887,0.23543243,2.34664521,4.81927993,-0.30626153,upper,shift_to_middle
P02888,0.23548492,2.3783583,4.84187441,-0.29753285,upper,shift_to_middle
P02889,0.23548702,2.37885154,-0.14901497,-0.2646939,middle,shift_to_middle
P02890,0.2357854,2.30946084,-0.13323902,-0.16616213,middle,shift_to_middle
P02891,0.23585652,2.37107305,-0.08356896,-0.20981048,middle,shift_to_middle
P02892,0.23589724,2.37208642,5.00230435,-0.50841956,upper,shift_to_middle
P02893,0.23591825,2.35308065,-5.08606923,0.09427419,lower,shift_to_middle
P02894,0.23608127,2.388184,4.84307412,-0.38872943,upper,shift_to_middle
P02895,0.23610544,2.3215662,4.84511174,-0.33253967,upper,shift_to_middle
P02896,0.23612711,2.38174204,4.95706131,-0.38977822,upper,shift_to_middle
P02897,0.23613343,2.37567309,4.96765042,-0.32619438,upper,shift_to_middle
P02898,0.23626487,2.38843111,-0.15832847,-0.23093083,middle,shift_to_middle
P02899,0.2364401,2.40184549,4.91660273,-0.37626801,upper,shift_to_middle
P02900,0.23644189,2.37917977,0.02651509,-0.27693047,middle,shift_to_middle
P02901,0.23652647,2.34863939,-0.06742869,-0.24382222,middle,shift_to_middle
P02902,0.23669522,2.31327158,4.84626862,-0.52127307,upper,shift_to_middle
P02903,0.23672778,2.39566438,5.00355551,-0.48436474,upper,shift_to_middle
P02904,0.23676209,2.37919848,0.07725992,-0.24870968,middle,shift_to_middle
P02905,0.23694435,2.37403083,4.86071298,-0.43643366,upper,shift_to_middle
P02906,0.2371171,2.33118094,-0.01753908,-0.14471939,middle,shift_to_middle
P02907,0.23722047,2.37246886,5.00740754,-0.48346983,upper,shift_to_middle
P02908,0.23747812,2.37951008,-4.90394937,0.06329784,lower,shift_to_middle
P02909,0.23752628,2.38147733,-0.13983244,-0.31853756,middle,shift_to_middle
P02910,0.23753391,2.40416704,4.87161266,-0.40992313,upper,shift_to_middle
P02911,0.23754868,2.38012807,4.84791271,-0.37439376,upper,shift_to_middle
P02912,0.23759692,2.36293163,0.01912618,-0.31003323,middle,shift_to_middle
P02913,0.23759749,2.36804693,0.08615008,-0.37728676,middle,shift_to_middle
P02914,0.23764188,2.44537496,4.78163122,-0.59205048,upper,shift_to_middle
P02915,0.2376738,2.37394801,4.86685148,-0.38625475,upper,shift_to_middle
P02916,0.23772997,2.40548873,-0.0617817,-0.11164117,middle,shift_to_middle
P02917,0.23789875,2.4161052,-0.04047941,-0.21571689,middle,shift_to_middle
P02918,0.23794677,2.40071146,0.21652122,-0.30189147,middle,shift_to_middle
P02919,0.23799755,2.39227283,-4.93565021,-0.01856446,lower,shift_to_middle
P02920,0.23827487,2.34484149,-4.846338,0.13994536,lower,shift_to_middle
P02921,0.23836395,2.38665251,-4.91917829,0.11833635,lower,shift_to_middle
P02922,0.23849659,2.37425994,-0.09107204,-0.29283572,middle,shift_to_middle
P02923,0.23863512,2.36775267,4.74830523,-0.46663845,upper,shift_to_middle
P02924,0.2386784,2.40339965,-4.76228937,0.01402572,lower,shift_to_middle
P02925,0.23873621,2.39312312,0.04892496,-0.22079981,middle,shift_to_middle
P02926,0.23877417,2.41206778,4.94694005,-0.34787487,upper,shift_to_middle
P02927,0.23880047,2.37010907,-0.1997751,-0.25260316,middle,shift_to_middle
P02928,0.23902075,2.37295451,-0.11213681,-0.28691821,middle,shift_to_middle
P02929,0.23908873,2.31880905,4.85235547,-0.45601194,upper,shift_to_middle
P02930,0.23936556,2.38089681,0.04169687,-0.22530393,middle,shift_to_middle
P02931,0.23951206,2.37307191,4.7643849,-0.51559703,upper,shift_to_middle
P02932,0.23958315,2.4389516,4.79509736,-0.3778311,upper,shift_to_middle
P02933,0.23964385,2.4200656,4.97756933,-0.50196633,upper,shift_to_middle
P02934,0.23971778,2.35845614,-5.02431149,0.09930363,lower,shift_to_middle
P02935,0.23990683,2.42692964,-4.88269292,-0.01998279,lower,shift_to_middle
P02936,0.23991309,2.38951147,-0.03719059,-0.34681782,middle,shift_to_middle
P02937,0.24001033,2.40095429,-0.04286465,-0.34338531,middle,shift_to_middle
P02938,0.24001943,2.39131188,-4.93455469,0.10475698,lower,shift_to_middle
P02939,0.24010807,2.3664805,4.81789684,-0.53363645,upper,shift_to_middle
P02940,0.24020553,2.35591431,4.90587347,-0.43944456,upper,shift_to_middle
P02941,0.24028225,2.43908042,-0.00547656,-0.39106929,middle,shift_to_middle
P02942,0.24035503,2.43005146,-4.86575559,0.16946627,lower,shift_to_middle
P02943,0.24035837,2.37135115,4.79563618,-0.36865865,upper,shift_to_middle
P02944,0.2403815,2.43780068,0.07380911,-0.24470129,middle,shift_to_middle
P02945,0.24044174,2.43875935,-4.89607211,0.1292073,lower,shift_to_middle
P02946,0.24046072,2.41386132,-0.04584581,-0.28387327,middle,shift_to_middle
P02947,0.24051013,2.4557954,-0.07912068,-0.34045248,middle,shift_to_middle
P02948,0.24053874,2.40797919,0.08367172,-0.3456078,middle,shift_to_middle
P02949,0.24065197,2.42860763,-0.07972361,-0.14130476,middle,shift_to_middle
P02950,0.24068817,2.33393124,-5.06002651,-0.04222204,lower,shift_to_middle
P02951,0.24086544,2.36328607,-0.00727832,-0.28759605,middle,shift_to_middle
P02952,0.24089743,2.42111131,0.04602919,-0.28945618,middle,shift_to_middle
P02953,0.24103689,2.4104911,4.84047148,-0.3512836,upper,shift_to_middle
P02954,0.24109432,2.39916715,4.86459564,-0.52956087,upper,shift_to_middle
P02955,0.24120031,2.41947238,0.03573892,-0.19916456,middle,shift_to_middle
P02956,0.24131468,2.41590833,-4.85267896,0.06361417,lower,shift_to_middle
P02957,0.24139177,2.40297445,-0.00012142,-0.35358058,middle,shift_to_middle
P02958,0.24139799,2.40889788,5.00978824,-0.45791226,upper,shift_to_middle
P02959,0.24140435,2.40276526,0.02333087,-0.25406373,middle,shift_to_middle
P02960,0.24140806,2.41434993,-5.02212279,0.10275938,lower,shift_to_middle
P02961,0.24151848,2.40379871,-0.19971315,-0.16958605,middle,shift_to_middle
P02962,0.24186724,2.43291536,0.04817212,-0.15538598,middle,shift_to_middle
P02963,0.24200292,2.4221122,0.04595075,-0.19791736,middle,shift_to_middle
P02964,0.24223511,2.39160506,-0.13200318,-0.19547361,middle,shift_to_middle
P02965,0.24257695,2.43649969,4.88947234,-0.47555025,upper,shift_to_middle
P02966,0.24261624,2.44791943,-4.85067459,0.02774868,lower,shift_to_middle
P02967,0.24268572,2.37155537,4.67337143,-0.43687878,upper,shift_to_middle
P02968,0.24271669,2.43431816,4.91563327,-0.45494314,upper,shift_to_middle
P02969,0.2427308,2.44100417,-0.09861378,-0.24687324,middle,shift_to_middle
P02970,0.24277702,2.40466051,0.00960801,-0.28093116,middle,shift_to_middle
P02971,0.24280838,2.38440206,-4.99666548,0.02939341,lower,shift_to_middle
P02972,0.24288455,2.40099119,4.84319422,-0.41802101,upper,shift_to_middle
P02973,0.24291691,2.40775216,0.04948278,-0.21572769,middle,shift_to_middle
P02974,0.24293055,2.44563383,0.00024801,-0.35867275,middle,shift_to_middle
P02975,0.24295213,2.39119237,-4.94897884,0.03772895,lower,shift_to_middle
P02976,0.24306149,2.38543429,-4.86613495,0.25715466,lower,shift_to_middle
P02977,0.24310004,2.45396499,5.21306756,-0.67016627,upper,shift_to_middle
P02978,0.24328038,2.42300334,-5.10636923,0.02501711,lower,shift_to_middle
P02979,0.24339419,2.46413684,-5.07730148,-0.04559679,lower,shift_to_middle
P02980,0.24343149,2.41902217,4.74090752,-0.47489682,upper,shift_to_middle
P02981,0.2434815,2.40448333,-0.09095487,-0.38921322,middle,shift_to_middle
P02982,0.24368767,2.39576204,0.02591386,-0.26145836,middle,shift_to_middle
P02983,0.24373767,2.41403912,4.84348372,-0.44032435,upper,shift_to_middle
P02984,0.24382186,2.46914314,-5.092253,0.12790233,lower,shift_to_middle
P02985,0.24391216,2.43633604,-0.07602147,-0.18874701,middle,shift_to_middle
P02986,0.24391987,2.4149332,-0.08840841,-0.31127367,middle,shift_to_middle
P02987,0.24399273,2.44951869,0.06985783,-0.30525728,middle,shift_to_middle
P02988,0.24403073,2.40638735,4.76068778,-0.35376593,upper,shift_to_middle
P02989,0.24435915,2.44154062,-0.14254117,-0.29930749,middle,shift_to_middle
P02990,0.24443095,2.45230831,-0.10177646,-0.18340324,middle,shift_to_middle
P02991,0.24444157,2.44032807,-0.19648432,-0.2686314,middle,shift_to_middle
P02992,0.24482381,2.43091026,0.02436007,-0.26220835,middle,shift_to_middle
P02993,0.24484508,2.46599095,0.10567334,-0.21029612,middle,shift_to_middle
P02994,0.24487203,2.47361099,0.01260533,-0.22759169,middle,shift_to_middle
P02995,0.24490355,2.47278083,-0.00461144,-0.2277717,middle,shift_to_middle
P02996,0.24492442,2.42345395,0.07029136,-0.21079252,middle,shift_to_middle
P02997,0.24496295,2.44986192,-0.11831142,-0.24917803,middle,shift_to_middle
P02998,0.24497954,2.43932735,4.76844866,-0.35494521,upper,shift_to_middle
P02999,0.24512226,2.42698933,4.7687703,-0.42361816,upper,shift_to_middle
P03000,0.24512448,2.48361518,4.7455278,-0.55683687,upper,shift_to_middle
P03001,0.24518874,2.45280095,-0.10101262,-0.23390739,middle,shift_to_middle
P03002,0.24528852,2.46257675,4.88020328,-0.42033682,upper,shift_to_middle
P03003,0.24530269,2.49341703,-0.05342712,-0.31845208,middle,shift_to_middle
P03004,0.24537811,2.41093313,4.85182108,-0.46679087,upper,shift_to_middle
P03005,0.24538092,2.48444232,5.06813471,-0.40115114,upper,shift_to_middle
P03006,0.24544927,2.42296859,-5.12342498,-0.10585545,lower,shift_to_middle
P03007,0.24578299,2.43298797,4.90286538,-0.49943229,upper,shift_to_middle
P03008,0.24580984,2.49578735,-4.89781589,0.00205196,lower,shift_to_middle
P03009,0.24600666,2.47035561,-0.26609572,-0.38093109,middle,shift_to_middle
P03010,0.24603541,2.47822001,-0.14346416,-0.4063393,middle,shift_to_middle
P03011,0.24608066,2.47441216,-0.00569163,-0.30233911,middle,shift_to_middle
P03012,0.24608218,2.44594629,4.90132831,-0.37753261,upper,shift_to_middle
P03013,0.24619244,2.40594866,-0.07845205,-0.29607001,middle,shift_to_middle
P03014,0.24623207,2.44287163,-4.97325221,0.10949065,lower,shift_to_middle
P03015,0.24623775,2.47186258,-0.19560007,-0.22569872,middle,shift_to_middle
P03016,0.24641237,2.50399706,-4.89778987,-0.17774281,lower,shift_to_middle
P03017,0.24654052,2.50323633,0.0082796,-0.24607649,middle,shift_to_middle
P03018,0.24662049,2.45672719,-0.1967674,-0.23530015,middle,shift_to_middle
P03019,0.24680271,2.4629344,4.72835524,-0.3152077,upper,shift_to_middle
P03020,0.24680751,2.49823822,-0.02238059,-0.30465066,middle,shift_to_middle
P03021,0.24681859,2.43647563,-0.09684443,-0.19806692,middle,shift_to_middle
P03022,0.24684543,2.4908115,-5.04888172,0.08846738,lower,shift_to_middle
P03023,0.24688324,2.47251346,-0.04733815,-0.28676944,middle,shift_to_middle
P03024,0.24707316,2.47771985,4.93879959,-0.22815589,upper,shift_to_middle
P03025,0.24710579,2.48757041,-0.2423411,-0.27470092,middle,shift_to_middle
P03026,0.24727028,2.45303565,4.89988066,-0.35977347,upper,shift_to_middle
P03027,0.24729179,2.49192966,-0.08513447,-0.17090068,middle,shift_to_middle
P03028,0.24732946,2.49045465,-0.0342719,-0.36894497,middle,shift_to_middle
P03029,0.2474265,2.45386406,-4.95970867,0.12241471,lower,shift_to_middle
P03030,0.2474401,2.48455887,4.88939686,-0.36388874,upper,shift_to_middle
P03031,0.24762214,2.47076585,-4.79990738,0.05405134,lower,shift_to_middle
P03032,0.24765457,2.49901876,-4.77486798,-0.01557737,lower,shift_to_middle
P03033,0.24767699,2.49552504,-5.07973354,-0.03605027,lower,shift_to_middle
P03034,0.2477784,2.48996361,-0.27413837,-0.29878275,middle,shift_to_middle
P03035,0.24804473,2.48889125,4.96781537,-0.40720022,upper,shift_to_middle
P03036,0.24805733,2.42373641,-4.87721035,-0.01253042,lower,shift_to_middle
P03037,0.2482032,2.46830479,4.88380763,-0.39288279,upper,shift_to_middle
P03038,0.24822501,2.53474746,-4.98713745,0.05452131,lower,shift_to_middle
P03039,0.2482309,2.43432531,4.90318951,-0.47153833,upper,shift_to_middle
P03040,0.2482864,2.50593224,0.13715059,-0.32148797,middle,shift_to_middle
P03041,0.24849028,2.52073374,4.93336681,-0.50749285,upper,shift_to_middle
P03042,0.24877817,2.48016023,4.83919683,-0.44298933,upper,shift_to_middle
P03043,0.24884556,2.48479094,-5.06241016,-0.06497814,lower,shift_to_middle
P03044,0.24885428,2.47740495,-0.15552939,-0.3325954,middle,shift_to_middle
P03045,0.24885479,2.47308711,-0.01431802,-0.39126327,middle,shift_to_middle
P03046,0.24886713,2.45120477,-4.83513604,0.00391458,lower,shift_to_middle
P03047,0.24899181,2.46194111,-4.88015349,-0.05432186,lower,shift_to_middle
P03048,0.24907117,2.5226705,4.94240337,-0.46219775,upper,shift_to_middle
P03049,0.24927535,2.47273352,-0.18240156,-0.41946265,middle,shift_to_middle
P03050,0.24929276,2.52229268,-0.06603363,-0.41012462,middle,shift_to_middle
P03051,0.24953542,2.52620651,4.87709947,-0.42667402,upper,shift_to_middle
P03052,0.24960174,2.48305019,4.76972224,-0.42964339,upper,shift_to_middle
P03053,0.24962523,2.44989783,-0.23153841,-0.23756857,middle,shift_to_middle
P03054,0.24970963,2.53548528,-0.03883968,-0.38694857,middle,shift_to_middle
P03055,0.24974708,2.48742151,-4.96355465,-0.02478865,lower,shift_to_middle
P03056,0.24979162,2.47685226,4.87712383,-0.3492367,upper,shift_to_middle
P03057,0.24999225,2.54184394,-5.08610879,-0.01311004,lower,shift_to_middle
P03058,0.25001251,2.48454777,-0.20679708,-0.31647438,middle,shift_to_middle
P03059,0.25005608,2.54926637,-4.97543884,-0.01802565,lower,shift_to_middle
P03060,0.25014737,2.51274618,4.87781169,-0.47971095,upper,shift_to_middle
P03061,0.25044093,2.49452514,-5.03608163,-0.00252326,lower,shift_to_middle
P03062,0.25056441,2.48735142,4.84500239,-0.28413418,upper,shift_to_middle
P03063,0.25058407,2.52924126,-4.96489889,-0.03313155,lower,shift_to_middle
P03064,0.25065106,2.54384128,-5.10330059,-0.02909463,lower,shift_to_middle
P03065,0.25067244,2.45871301,4.7811254,-0.45686546,upper,shift_to_middle
P03066,0.25098433,2.55496423,-0.07002564,-0.34752557,middle,shift_to_middle
P03067,0.25107826,2.50260832,4.73136463,-0.50283636,upper,shift_to_middle
P03068,0.25114978,2.46677305,-0.13209058,-0.27243479,middle,shift_to_middle
P03069,0.25125046,2.46284493,-0.19418802,-0.28963931,middle,shift_to_middle
P03070,0.25129721,2.54506938,-4.87153462,0.10618856,lower,shift_to_middle
P03071,0.25130289,2.52098715,-5.14723723,-0.03881265,lower,shift_to_middle
P03072,0.2514143,2.53358674,-0.10089445,-0.36667525,middle,shift_to_middle
P03073,0.25145241,2.5407893,0.00904012,-0.34952932,middle,shift_to_middle
P03074,0.25145926,2.48524736,-0.19534684,-0.27901706,middle,shift_to_middle
P03075,0.25158891,2.52904189,-0.03934334,-0.27109216,middle,shift_to_middle
P03076,0.25163867,2.49666005,-5.02472498,0.00310194,lower,shift_to_middle
P03077,0.25167764,2.53848334,4.86849289,-0.41818,upper,shift_to_middle
P03078,0.25168218,2.54011193,0.04004434,-0.23202038,middle,shift_to_middle
P03079,0.25169586,2.49074173,4.85007502,-0.31696654,upper,shift_to_middle
P03080,0.25170053,2.49069256,-0.29365009,-0.22590516,middle,shift_to_middle
P03081,0.25172622,2.50580953,0.06762095,-0.18542646,middle,shift_to_middle
P03082,0.25185826,2.572485,0.04089972,-0.37927655,middle,shift_to_middle
P03083,0.25186929,2.49727403,-4.98349138,0.00807845,lower,shift_to_middle
P03084,0.25199176,2.52873425,-0.04406762,-0.3106699,middle,shift_to_middle
P03085,0.25199938,2.50498473,-5.25346594,-0.05078468,lower,shift_to_middle
P03086,0.25212367,2.54090445,-0.08043893,-0.32992248,middle,shift_to_middle
P03087,0.25221552,2.50179436,4.81284529,-0.42873264,upper,shift_to_middle
P03088,0.25234575,2.49581283,4.90304425,-0.47047876,upper,shift_to_middle
P03089,0.25246686,2.55675513,-0.16184228,-0.19445298,middle,shift_to_middle
P03090,0.2524701,2.50985947,-4.88430913,-0.07201637,lower,shift_to_middle
P03091,0.25248796,2.53003239,-0.18861746,-0.37170095,middle,shift_to_middle
P03092,0.25273995,2.54137058,-4.97043449,-0.02411218,lower,shift_to_middle
P03093,0.25288139,2.46869892,4.98321365,-0.54337243,upper,shift_to_middle
P03094,0.25289601,2.49411258,-5.11357292,0.01678725,lower,shift_to_middle
P03095,0.25293441,2.51962589,0.05822167,-0.18061362,middle,shift_to_middle
P03096,0.2530624,2.53016059,-0.15704137,-0.32296674,middle,shift_to_middle
P03097,0.2530691,2.55548387,0.04297121,-0.33736773,middle,shift_to_middle
P03098,0.25336741,2.50713322,-0.07235755,-0.38651875,middle,shift_to_middle
P03099,0.25342519,2.5189064,-4.99930934,0.00885807,lower,shift_to_middle
P03100,0.25353508,2.54189925,4.82650674,-0.30596737,upper,shift_to_middle
P03101,0.25354614,2.56033354,-0.06436889,-0.27839037,middle,shift_to_middle
P03102,0.25365068,2.48984649,-0.17117218,-0.32619411,middle,shift_to_middle
P03103,0.25378596,2.55625103,-0.24103864,-0.2512874,middle,shift_to_middle
P03104,0.25391325,2.56029534,-0.23872421,-0.22277394,middle,shift_to_middle
P03105,0.25398393,2.56460052,4.82382463,-0.37587433,upper,shift_to_middle
P03106,0.25401957,2.4954649,-0.08075901,-0.47068166,middle,shift_to_middle
P03107,0.25402601,2.55587661,0.0332637,-0.36397533,middle,shift_to_middle
P03108,0.25420155,2.5358973,-0.00271143,-0.24335879,middle,shift_to_middle
P03109,0.25428433,2.56812734,0.03109698,-0.32472489,middle,shift_to_middle
P03110,0.25432652,2.52216092,-0.05249334,-0.27618812,middle,shift_to_middle
P03111,0.25460835,2.50073411,-0.14790069,-0.30903701,middle,shift_to_middle
P03112,0.25463268,2.56853679,-0.12085173,-0.32353694,middle,shift_to_middle
P03113,0.25486594,2.52489993,4.88045262,-0.55647465,upper,shift_to_middle
P03114,0.25491506,2.5586096,-4.76721848,-0.03578443,lower,shift_to_middle
P03115,0.25493088,2.5043839,-4.84502275,0.05168838,lower,shift_to_middle
P03116,0.25494453,2.51558508,-4.97487388,0.02144568,lower,shift_to_middle
P03117,0.25501465,2.53975348,-0.06711762,-0.36453177,middle,shift_to_middle
P03118,0.25516619,2.51287666,4.85071028,-0.62810953,upper,shift_to_middle
P03119,0.25516636,2.55897487,4.80037789,-0.43249715,upper,shift_to_middle
P03120,0.25536769,2.55522481,-0.24277919,-0.3731252,middle,shift_to_middle
P03121,0.25537917,2.55542426,-0.06910214,-0.39525523,middle,shift_to_middle
P03122,0.25540012,2.55009817,-4.81710704,-0.0724002,lower,shift_to_middle
P03123,0.25545922,2.56971999,-0.25588763,-0.50062729,middle,shift_to_middle
P03124,0.25549136,2.50880078,4.89633471,-0.47651703,upper,shift_to_middle
P03125,0.25601835,2.56102471,-0.20529471,-0.33483143,middle,shift_to_middle
P03126,0.25604489,2.60500082,-5.0082426,-0.12003495,lower,shift_to_middle
P03127,0.25605125,2.55542499,-0.25192268,-0.38647772,middle,shift_to_middle
P03128,0.25616077,2.58646709,-4.87673103,0.01298853,lower,shift_to_middle
P03129,0.25616969,2.62808304,0.03833102,-0.34309881,middle,shift_to_middle
P03130,0.25618597,2.57765223,0.02695861,-0.4121149,middle,shift_to_middle
P03131,0.25621837,2.58365777,-0.12939445,-0.36583585,middle,shift_to_middle
P03132,0.25664377,2.59506334,-5.00493471,-0.10385855,lower,shift_to_middle
P03133,0.25669919,2.57550088,-5.07663753,-0.11097591,lower,shift_to_middle
P03134,0.25673372,2.59257466,0.01353533,-0.44919865,middle,shift_to_middle
P03135,0.2567373,2.53218299,-0.06662844,-0.22984689,middle,shift_to_middle
P03136,0.25677544,2.525109,-0.23538366,-0.28475753,middle,shift_to_middle
P03137,0.25688726,2.58883356,0.07713498,-0.26946223,middle,shift_to_middle
P03138,0.25700602,2.57005499,-0.15286131,-0.34492281,middle,shift_to_middle
P03139,0.25700658,2.5753222,-0.03052392,-0.33855198,middle,shift_to_middle
P03140,0.25710335,2.56697705,-0.26588044,-0.38192903,middle,shift_to_middle
P03141,0.25734745,2.55707837,-4.8249721,0.01835971,lower,shift_to_middle
P03142,0.25740221,2.5681649,-0.05002307,-0.22395588,middle,shift_to_middle
P03143,0.2574071,2.64203383,-0.03797935,-0.34376524,middle,shift_to_middle
P03144,0.25747275,2.5806498,-0.07882288,-0.23857189,middle,shift_to_middle
P03145,0.25749167,2.59427522,-0.14093747,-0.2826733,middle,shift_to_middle
P03146,0.25775064,2.61084185,-4.93126173,-0.12342392,lower,shift_to_middle
P03147,0.25779671,2.5402161,-0.14586137,-0.42678038,middle,shift_to_middle
P03148,0.25784597,2.55860026,-0.22539123,-0.46866955,middle,shift_to_middle
P03149,0.25800735,2.57935253,0.06185254,-0.43078645,middle,shift_to_middle
P03150,0.25802229,2.5226192,-0.14312716,-0.45238234,middle,shift_to_middle
P03151,0.25816756,2.52437155,-0.15358193,-0.32688822,middle,shift_to_middle
P03152,0.25817593,2.58685244,-5.10488096,0.01840098,lower,shift_to_middle
P03153,0.25819051,2.54499325,4.92382039,-0.38054494,upper,shift_to_middle
P03154,0.25819278,2.59530393,0.08132131,-0.33326279,middle,shift_to_middle
P03155,0.25822506,2.54977556,-4.97143616,0.02886261,lower,shift_to_middle
P03156,0.2582258,2.59109309,-5.00559662,0.01358922,lower,shift_to_middle
P03157,0.25824226,2.62062897,-0.20209446,-0.47683454,middle,shift_to_middle
P03158,0.25827447,2.55147177,-4.78535554,-0.05749016,lower,shift_to_middle
P03159,0.25832576,2.59354783,5.12054645,-0.52721681,upper,shift_to_middle
P03160,0.2583535,2.63828265,-0.05339529,-0.28926303,middle,shift_to_middle
P03161,0.25849846,2.62101058,-0.04077301,-0.35030341,middle,shift_to_middle
P03162,0.25864942,2.56510721,-5.1935673,-0.0244296,lower,shift_to_middle
P03163,0.25868736,2.61746955,-0.04526927,-0.37688791,middle,shift_to_middle
P03164,0.25869928,2.59694691,4.77356669,-0.45021213,upper,shift_to_middle
P03165,0.2587997,2.59800248,-0.35714537,-0.37279309,middle,shift_to_middle
P03166,0.25888057,2.6136865,-0.18285504,-0.2581693,middle,shift_to_middle
P03167,0.25888424,2.55721676,0.00583877,-0.4025508,middle,shift_to_middle
P03168,0.25906776,2.55814868,-0.16041718,-0.43261084,middle,shift_to_middle
P03169,0.25909783,2.55672545,-5.02248363,-0.05627907,lower,shift_to_middle
P03170,0.25911237,2.58715655,-0.11161097,-0.35570494,middle,shift_to_middle
P03171,0.25927051,2.58678251,-0.02962353,-0.28713076,middle,shift_to_middle
P03172,0.2592764,2.59143256,-4.95143269,-0.05359488,lower,shift_to_middle
P03173,0.25946253,2.55886413,-0.10524992,-0.24555717,middle,shift_to_middle
P03174,0.25948061,2.61815636,4.78683788,-0.42783879,upper,shift_to_middle
P03175,0.25954978,2.61555558,-0.00719127,-0.3847077,middle,shift_to_middle
P03176,0.25955076,2.60276434,-0.10576014,-0.36218213,middle,shift_to_middle
P03177,0.25965521,2.62696229,-4.87120829,0.17351684,lower,shift_to_middle
P03178,0.25991821,2.62459895,0.01357014,-0.44874961,middle,shift_to_middle
P03179,0.25992373,2.62527157,-0.09608318,-0.33884981,middle,shift_to_middle
P03180,0.25993911,2.61342576,0.09334352,-0.19186299,middle,shift_to_middle
P03181,0.26015197,2.64960183,5.00831974,-0.46501775,upper,shift_to_middle
P03182,0.26039616,2.57903026,0.01222482,-0.37775001,middle,shift_to_middle
P03183,0.26055848,2.57383837,-0.1032788,-0.21563663,middle,shift_to_middle
P03184,0.26059307,2.64798951,-4.94299976,0.03195102,lower,shift_to_middle
P03185,0.26061645,2.59841274,-0.28180795,-0.36154405,middle,shift_to_middle
P03186,0.26072537,2.57737615,-0.07705458,-0.47465298,middle,shift_to_middle
P03187,0.26080842,2.65066551,-0.13100995,-0.19531117,middle,shift_to_middle
P03188,0.2608502,2.5786411,-0.16073122,-0.30289187,middle,shift_to_middle
P03189,0.26089216,2.54874986,0.05831916,-0.41819973,middle,shift_to_middle
P03190,0.26092737,2.62515093,4.93331188,-0.55111422,upper,shift_to_middle
P03191,0.2609394,2.59717333,-0.17943437,-0.37911274,middle,shift_to_middle
P03192,0.26101558,2.64664666,0.16302575,-0.32766079,middle,shift_to_middle
P03193,0.26101999,2.63003329,4.94730326,-0.43903624,upper,shift_to_middle
P03194,0.26108745,2.63366448,-0.18824505,-0.44403913,middle,shift_to_middle
P03195,0.26147335,2.57480023,-0.04717908,-0.38791981,middle,shift_to_middle
P03196,0.26152065,2.59256055,4.92808603,-0.42118391,upper,shift_to_middle
P03197,0.26156301,2.61648062,-0.32137211,-0.48091028,middle,shift_to_middle
P03198,0.26172679,2.59367109,4.99607146,-0.3813634,upper,shift_to_middle
P03199,0.26184232,2.63674288,-0.10228878,-0.46371339,middle,shift_to_middle
P03200,0.26186413,2.6165713,-5.01109529,-0.07625342,lower,shift_to_middle
P03201,0.26192923,2.64257982,4.88139399,-0.40766912,upper,shift_to_middle
P03202,0.26201349,2.5920017,-5.03414913,-0.18481112,lower,shift_to_middle
P03203,0.26208112,2.58426269,-5.06500659,-0.06931473,lower,shift_to_middle
P03204,0.26212007,2.63653908,-0.11334504,-0.42302607,middle,shift_to_middle
P03205,0.26215236,2.58266088,-0.15554677,-0.40583835,middle,shift_to_middle
P03206,0.26258911,2.61627448,0.21227181,-0.36998874,middle,shift_to_middle
P03207,0.26260916,2.64503807,4.72143852,-0.51403758,upper,shift_to_middle
P03208,0.26272492,2.59804644,-4.97242174,-0.09356783,lower,shift_to_middle
P03209,0.26297362,2.63061498,0.01149693,-0.31778977,middle,shift_to_middle
P03210,0.26305261,2.62402062,4.6981739,-0.26874823,upper,shift_to_middle
P03211,0.26307435,2.66116782,0.07432513,-0.45780958,middle,shift_to_middle
P03212,0.26321869,2.62157156,5.03719348,-0.36860459,upper,shift_to_middle
P03213,0.26325103,2.60722219,0.02979128,-0.38306916,middle,shift_to_middle
P03214,0.26354415,2.58953477,-0.00499081,-0.36626063,middle,shift_to_middle
P03215,0.26360716,2.6516966,-0.1340279,-0.21616749,middle,shift_to_middle
P03216,0.26363508,2.60834566,-0.20331673,-0.29124497,middle,shift_to_middle
P03217,0.26363994,2.63549343,-0.02583689,-0.37659885,middle,shift_to_middle
P03218,0.26371982,2.65107341,4.97219361,-0.47572546,upper,shift_to_middle
P03219,0.2637504,2.62471585,-0.00893662,-0.10924147,middle,shift_to_middle
P03220,0.26392657,2.61946415,-0.07074191,-0.48366608,middle,shift_to_middle
P03221,0.26462563,2.67309695,4.98247837,-0.36947255,upper,shift_to_middle
P03222,0.26464323,2.61491271,4.86302357,-0.34329584,upper,shift_to_middle
P03223,0.26465123,2.57189913,-0.03754864,-0.31133477,middle,shift_to_middle
P03224,0.2648944,2.66820477,-4.91674742,-0.13817785,lower,shift_to_middle
P03225,0.26507131,2.66414077,-0.19905032,-0.42958544,middle,shift_to_middle
P03226,0.26519692,2.6722375,0.08151833,-0.35373352,middle,shift_to_middle
P03227,0.26534,2.60518138,-0.01496719,-0.39845484,middle,shift_to_middle
P03228,0.26535037,2.63777132,-0.19295111,-0.38707274,middle,shift_to_middle
P03229,0.26536226,2.66732479,-0.20820172,-0.42582302,middle,shift_to_middle
P03230,0.26550119,2.64534722,0.0699596,-0.37754639,middle,shift_to_middle
P03231,0.26559646,2.67620352,-0.22417339,-0.30064153,middle,shift_to_middle
P03232,0.26563395,2.64559845,-0.41211511,-0.3370351,middle,shift_to_middle
P03233,0.26579887,2.69477951,0.1180165,-0.50181882,middle,shift_to_middle
P03234,0.26581541,2.64984832,4.93828161,-0.34795704,upper,shift_to_middle
P03235,0.26586377,2.68916849,-0.29806834,-0.46227574,middle,shift_to_middle
P03236,0.26589581,2.62755182,-0.12450913,-0.28522994,middle,shift_to_middle
P03237,0.26596024,2.62571212,-5.16746362,-0.19781123,lower,shift_to_middle
P03238,0.26605765,2.61532307,-0.10867696,-0.30564552,middle,shift_to_middle
P03239,0.26619288,2.62893013,-0.23346691,-0.43396738,middle,shift_to_middle
P03240,0.26627463,2.66317229,-0.10655842,-0.41447574,middle,shift_to_middle
P03241,0.26634757,2.66126162,-0.17511179,-0.46540589,middle,shift_to_middle
P03242,0.26647537,2.64812654,0.00953572,-0.26457926,middle,shift_to_middle
P03243,0.26664245,2.64767665,4.78044326,-0.45082625,upper,shift_to_middle
P03244,0.26678587,2.65025927,-5.10472439,-0.128885,lower,shift_to_middle
P03245,0.26684995,2.63749304,-4.95432502,-0.14791152,lower,shift_to_middle
P03246,0.26685493,2.6302525,-0.31658352,-0.41123472,middle,shift_to_middle
P03247,0.26690009,2.65408648,5.06028552,-0.48062709,upper,shift_to_middle
P03248,0.26702871,2.66995653,-5.22936307,-0.25650196,lower,shift_to_middle
P03249,0.26717453,2.68629098,-0.08462807,-0.34876004,middle,shift_to_middle
P03250,0.26718452,2.66867234,-0.17490133,-0.44110101,middle,shift_to_middle
P03251,0.26722511,2.70133291,4.76122149,-0.46504641,upper,shift_to_middle
P03252,0.26765326,2.67780378,0.0429339,-0.22950233,middle,shift_to_middle
P03253,0.26775066,2.69090075,-5.0086598,-0.11445123,lower,shift_to_middle
P03254,0.26779263,2.67308999,-0.0995521,-0.36054671,middle,shift_to_middle
P03255,0.26780651,2.665578,-0.18199376,-0.3305908,middle,shift_to_middle
P03256,0.26782913,2.68482925,-0.21614757,-0.46007909,middle,shift_to_middle
P03257,0.26784749,2.63889264,-0.02647655,-0.3379328,middle,shift_to_middle
P03258,0.26788219,2.60025705,-0.06940786,-0.36029368,middle,shift_to_middle
P03259,0.26790528,2.65182174,-0.02537439,-0.48996052,middle,shift_to_middle
P03260,0.26799578,2.63023735,4.84327141,-0.56036913,upper,shift_to_middle
P03261,0.26810828,2.66309987,-5.1104032,-0.00514436,lower,shift_to_middle
P03262,0.26815757,2.6761958,0.03600256,-0.33570572,middle,shift_to_middle
P03263,0.26819077,2.69379167,-0.18166752,-0.43596555,middle,shift_to_middle
P03264,0.26820896,2.68938788,0.03066427,-0.46126547,middle,shift_to_middle
P03265,0.26831735,2.66253528,-5.27325284,-0.06685367,lower,shift_to_middle
P03266,0.26851156,2.66623916,-0.0476092,-0.2148474,middle,shift_to_middle
P03267,0.26854558,2.6854986,5.02107584,-0.47243428,upper,shift_to_middle
P03268,0.26856298,2.69016441,-0.06514283,-0.38936948,middle,shift_to_middle
P03269,0.26882112,2.69833018,-4.99341548,0.02064292,lower,shift_to_middle
P03270,0.2689774,2.72828362,4.98467769,-0.44793917,upper,shift_to_middle
P03271,0.26899401,2.70332631,-0.08501408,-0.30850328,middle,shift_to_middle
P03272,0.26900711,2.69798228,-0.1508209,-0.20152569,middle,shift_to_middle
P03273,0.26900898,2.68378753,5.09174539,-0.47564811,upper,shift_to_middle
P03274,0.2690779,2.67708959,-5.05961009,-0.06678184,lower,shift_to_middle
P03275,0.26921508,2.6593536,-0.28088394,-0.4035603,middle,shift_to_middle
P03276,0.26926506,2.71881901,-0.06643517,-0.30192945,middle,shift_to_middle
P03277,0.26928516,2.68027656,-5.03241346,-0.06227322,lower,shift_to_middle
P03278,0.2693352,2.70010284,4.88577597,-0.47119108,upper,shift_to_middle
P03279,0.26934298,2.67626331,-5.05338075,-0.06570894,lower,shift_to_middle
P03280,0.2693566,2.66140102,4.98252237,-0.5166379,upper,shift_to_middle
P03281,0.26938262,2.71664272,-0.04653721,-0.27678522,middle,shift_to_middle
P03282,0.26950303,2.70522949,-0.0199193,-0.42398597,middle,shift_to_middle
P03283,0.26951617,2.68148728,-4.78797369,0.0384042,lower,shift_to_middle
P03284,0.26958752,2.76744262,-0.10532044,-0.32403441,middle,shift_to_middle
P03285,0.26965024,2.67240424,4.92494016,-0.38581444,upper,shift_to_middle
P03286,0.26969148,2.68561165,-0.10500727,-0.26447027,middle,shift_to_middle
P03287,0.2697413,2.67938228,-0.04940666,-0.28854686,middle,shift_to_middle
P03288,0.26975643,2.75938834,4.86888567,-0.48507339,upper,shift_to_middle
P03289,0.26978756,2.63562091,-0.14685243,-0.34513903,middle,shift_to_middle
P03290,0.2698172,2.71001345,-0.05376741,-0.36823785,middle,shift_to_middle
P03291,0.26994055,2.70546696,-0.1149461,-0.34555575,middle,shift_to_middle
P03292,0.2699575,2.65873809,5.0013809,-0.41939348,upper,shift_to_middle
P03293,0.27009457,2.66418467,5.01720514,-0.56933606,upper,shift_to_middle
P03294,0.27009475,2.7120772,4.75438992,-0.43726731,upper,shift_to_middle
P03295,0.27017522,2.67087347,-0.30238885,-0.37950223,middle,shift_to_middle
P03296,0.27017726,2.80005169,-0.04256828,-0.48520327,middle,shift_to_middle
P03297,0.27018096,2.73160811,-0.03172642,-0.37004692,middle,shift_to_middle
P03298,0.27018889,2.72395058,-0.20076911,-0.2831723,middle,shift_to_middle
P03299,0.27026717,2.75119165,-0.00774217,-0.3605165,middle,shift_to_middle
P03300,0.27031116,2.74897551,4.98522712,-0.49559474,upper,shift_to_middle
P03301,0.27043388,2.71486621,-5.32454092,-0.20507628,lower,shift_to_middle
P03302,0.27055176,2.68716442,-0.14793974,-0.5101429,middle,shift_to_middle
P03303,0.27067739,2.72195088,-4.99595548,-0.06720654,lower,shift_to_middle
P03304,0.27076793,2.72165736,-5.13730009,-0.1735606,lower,shift_to_middle
P03305,0.2707795,2.72995815,4.84652729,-0.41516443,upper,shift_to_middle
P03306,0.27078418,2.72902871,-0.0484979,-0.44536318,middle,shift_to_middle
P03307,0.27106938,2.63853671,-0.17615875,-0.48009887,middle,shift_to_middle
P03308,0.27122142,2.71309716,-0.11925274,-0.24137611,middle,shift_to_middle
P03309,0.27132098,2.70421221,4.79499058,-0.37639362,upper,shift_to_middle
P03310,0.27133153,2.6903627,4.81065649,-0.44255169,upper,shift_to_middle
P03311,0.27144715,2.71355921,-0.06003541,-0.44460989,middle,shift_to_middle
P03312,0.27145261,2.71513018,-4.98712176,-0.14537859,lower,shift_to_middle
P03313,0.27150775,2.69553406,-0.01911158,-0.43227313,middle,shift_to_middle
P03314,0.27151149,2.72519247,-0.25253203,-0.25064271,middle,shift_to_middle
P03315,0.27152105,2.70303484,4.99356205,-0.42197826,upper,shift_to_middle
P03316,0.27152213,2.72886094,4.80593195,-0.55492625,upper,shift_to_middle
P03317,0.2715987,2.69696836,-5.12423663,-0.15661492,lower,shift_to_middle
P03318,0.27163305,2.74066418,-0.15998411,-0.28463882,middle,shift_to_middle
P03319,0.27164791,2.71363423,-5.15810767,-0.20692623,lower,shift_to_middle
P03320,0.27173689,2.73728399,-0.0330115,-0.41158412,middle,shift_to_middle
P03321,0.27175601,2.67673852,-0.19006738,-0.41171142,middle,shift_to_middle
P03322,0.27176628,2.76962442,4.93167748,-0.24457823,upper,shift_to_middle
P03323,0.27180653,2.73151329,-0.02484071,-0.42886473,middle,shift_to_middle
P03324,0.27195507,2.72459287,-0.0529287,-0.42516497,middle,shift_to_middle
P03325,0.27195771,2.75914879,-0.22243131,-0.4859895,middle,shift_to_middle
P03326,0.27197332,2.70750629,-0.06574145,-0.40457285,middle,shift_to_middle
P03327,0.27199996,2.7252994,-0.10728746,-0.31731506,middle,shift_to_middle
P03328,0.27205531,2.75399237,-0.28522628,-0.44569271,middle,shift_to_middle
P03329,0.27218172,2.70391952,-0.09148567,-0.41596784,middle,shift_to_middle
P03330,0.27222141,2.73977826,-0.10001368,-0.4488447,middle,shift_to_middle
P03331,0.27234352,2.6792973,-0.13623679,-0.34286649,middle,shift_to_middle
P03332,0.27241852,2.69182382,-0.23959807,-0.24871661,middle,shift_to_middle
P03333,0.27261538,2.67289716,0.00380099,-0.38810922,middle,shift_to_middle
P03334,0.27279799,2.74541757,-0.2533565,-0.17718884,middle,shift_to_middle
P03335,0.27285762,2.73228763,-5.22803612,-0.1509984,lower,shift_to_middle
P03336,0.27286973,2.72846323,-0.15330875,-0.36195697,middle,shift_to_middle
P03337,0.27295893,2.71595222,-4.91416833,-0.12531814,lower,shift_to_middle
P03338,0.27299645,2.74871475,-0.06833086,-0.40487891,middle,shift_to_middle
P03339,0.27302566,2.71535576,-5.15811374,-0.04773474,lower,shift_to_middle
P03340,0.27318611,2.74638156,4.98780239,-0.53577003,upper,shift_to_middle
P03341,0.27334261,2.78121557,-0.10950063,-0.4615511,middle,shift_to_middle
P03342,0.27334991,2.72925735,-5.01832477,-0.28532215,lower,shift_to_middle
P03343,0.27337659,2.76081619,0.09091148,-0.57378797,middle,shift_to_middle
P03344,0.27338943,2.6746002,-0.02168844,-0.40543892,middle,shift_to_middle
P03345,0.27340591,2.75510218,-0.18395304,-0.3060846,middle,shift_to_middle
P03346,0.27342501,2.74879846,-0.12516073,-0.38424952,middle,shift_to_middle
P03347,0.27343718,2.7755416,-5.10841592,-0.11933759,lower,shift_to_middle
P03348,0.27363445,2.76986245,-0.13205257,-0.34616935,middle,shift_to_middle
P03349,0.27363663,2.71481689,-5.1132759,-0.01284923,lower,shift_to_middle
P03350,0.27367424,2.70880563,-0.08734856,-0.32005958,middle,shift_to_middle
P03351,0.27376256,2.69317762,4.8257707,-0.42920237,upper,shift_to_middle
P03352,0.27383777,2.74853501,4.83617652,-0.3185183,upper,shift_to_middle
P03353,0.27417374,2.76883505,4.80943027,-0.53095582,upper,shift_to_middle
P03354,0.27438335,2.74095592,-0.39308448,-0.3521331,middle,shift_to_middle
P03355,0.27444271,2.76712023,-0.34102024,-0.25943983,middle,shift_to_middle
P03356,0.27445971,2.71813714,-0.23657584,-0.52444333,middle,shift_to_middle
P03357,0.27464774,2.7357377,-0.29253632,-0.49320999,middle,shift_to_middle
P03358,0.27468585,2.75306956,-0.09152901,-0.27263307,middle,shift_to_middle
P03359,0.27479019,2.78936816,-0.07976676,-0.37100567,middle,shift_to_middle
P03360,0.27479205,2.76165283,-0.05470268,-0.27307897,middle,shift_to_middle
P03361,0.27481677,2.72257854,4.78339694,-0.374231,upper,shift_to_middle
P03362,0.27486741,2.74125981,-0.18594229,-0.45069027,middle,shift_to_middle
P03363,0.27501048,2.75997804,4.93179939,-0.47016271,upper,shift_to_middle
P03364,0.27503693,2.73941414,-0.17690097,-0.31225956,middle,shift_to_middle
P03365,0.27514744,2.75894436,-0.05411196,-0.25994862,middle,shift_to_middle
P03366,0.27527856,2.73155807,0.0281584,-0.40305644,middle,shift_to_middle
P03367,0.27529786,2.7444465,4.90474173,-0.39472176,upper,shift_to_middle
P03368,0.27534188,2.78071636,-0.09373294,-0.34571209,middle,shift_to_middle
P03369,0.27535321,2.7513696,-5.04595326,-0.08104052,lower,shift_to_middle
P03370,0.2753804,2.77433577,-0.02156508,-0.51004106,middle,shift_to_middle
P03371,0.27545386,2.71277284,-0.16157571,-0.45355398,middle,shift_to_middle
P03372,0.27555841,2.74698309,-0.14603099,-0.35431612,middle,shift_to_middle
P03373,0.27564146,2.73333885,-0.11544352,-0.40450612,middle,shift_to_middle
P03374,0.27582075,2.76981159,-0.1436322,-0.46256208,middle,shift_to_middle
P03375,0.27585591,2.77922915,-0.06195519,-0.33375343,middle,shift_to_middle
P03376,0.27586797,2.80289998,-0.01413452,-0.34322667,middle,shift_to_middle
P03377,0.27603408,2.76315412,0.0757216,-0.47335346,middle,shift_to_middle
P03378,0.27605404,2.75058265,-0.10903017,-0.18955301,middle,shift_to_middle
P03379,0.2760592,2.7535601,4.86780278,-0.47319064,upper,shift_to_middle
P03380,0.27620569,2.7536912,-0.0447455,-0.31265194,middle,shift_to_middle
P03381,0.27627544,2.74964399,-0.17459738,-0.33643365,middle,shift_to_middle
P03382,0.2764788,2.77894747,-4.97480283,-0.20267745,lower,shift_to_middle
P03383,0.27661742,2.74834784,4.89615089,-0.57611456,upper,shift_to_middle
P03384,0.27667739,2.83636336,-0.11696371,-0.50387809,middle,shift_to_middle
P03385,0.27670532,2.7125722,-0.10385569,-0.33518462,middle,shift_to_middle
P03386,0.27686151,2.77615938,-0.10307861,-0.49443356,middle,shift_to_middle
P03387,0.27686349,2.81288143,0.02595218,-0.30411121,middle,shift_to_middle
P03388,0.27694903,2.78202461,4.77420957,-0.45136745,upper,shift_to_middle
P03389,0.27707535,2.78009288,4.8012594,-0.50759566,upper,shift_to_middle
P03390,0.2770808,2.76214547,4.9127743,-0.50084018,upper,shift_to_middle
P03391,0.27711006,2.74540876,-0.24134926,-0.31675185,middle,shift_to_middle
P03392,0.27724644,2.73660954,4.94297694,-0.3618785,upper,shift_to_middle
P03393,0.27730549,2.77222157,-5.11997512,-0.20187029,lower,shift_to_middle
P03394,0.27734475,2.75299372,-0.19448798,-0.45311883,middle,shift_to_middle
P03395,0.27739922,2.7703202,0.01811921,-0.43836413,middle,shift_to_middle
P03396,0.27740107,2.77833506,-5.10735502,-0.02479986,lower,shift_to_middle
P03397,0.27744184,2.81431636,-0.1974846,-0.47276427,middle,shift_to_middle
P03398,0.27753637,2.77162298,0.03719682,-0.45526773,middle,shift_to_middle
P03399,0.27766287,2.79147455,-0.14372346,-0.43106206,middle,shift_to_middle
P03400,0.27792649,2.79554805,-0.01161776,-0.34258495,middle,shift_to_middle
P03401,0.27819954,2.83750051,5.01587938,-0.30304183,upper,shift_to_middle
P03402,0.27821208,2.7862113,4.83132027,-0.4005865,upper,shift_to_middle
P03403,0.27832866,2.83457435,-0.15432587,-0.48434065,middle,shift_to_middle
P03404,0.27833271,2.77232904,0.05231756,-0.40285061,middle,shift_to_middle
P03405,0.27840535,2.82724887,-0.08446574,-0.23518517,middle,shift_to_middle
P03406,0.27908325,2.80183789,-0.152327,-0.4400571,middle,shift_to_middle
P03407,0.27923834,2.79084549,-0.20702594,-0.26085519,middle,shift_to_middle
P03408,0.27925297,2.77634625,0.00075648,-0.33218068,middle,shift_to_middle
P03409,0.27926295,2.78009086,-0.07652167,-0.34297092,middle,shift_to_middle
P03410,0.27930067,2.78609416,-4.96850719,-0.17978229,lower,shift_to_middle
P03411,0.27940037,2.7902513,5.00269415,-0.56442845,upper,shift_to_middle
P03412,0.27940954,2.76940145,-5.12973677,-0.27465348,lower,shift_to_middle
P03413,0.27945898,2.79993344,-0.1857976,-0.36760282,middle,shift_to_middle
P03414,0.27950134,2.78295552,-0.0637531,-0.43675516,middle,shift_to_middle
P03415,0.27953664,2.86727435,-0.21297056,-0.40883159,middle,shift_to_middle
P03416,0.27983488,2.79724028,-0.05751765,-0.31895594,middle,shift_to_middle
P03417,0.28006408,2.84099098,-0.22291681,-0.51251513,middle,shift_to_middle
P03418,0.28009764,2.81591925,-0.09162124,-0.28718371,middle,shift_to_middle
P03419,0.28013472,2.78323256,-0.24418458,-0.58856942,middle,shift_to_middle
P03420,0.28014281,2.78401227,0.02290416,-0.40297999,middle,shift_to_middle
P03421,0.28023679,2.79102318,-0.0583835,-0.48536377,middle,shift_to_middle
P03422,0.28052436,2.83420975,-0.00530177,-0.44094459,middle,shift_to_middle
P03423,0.28059558,2.78358502,-0.07434722,-0.40696471,middle,shift_to_middle
P03424,0.28068692,2.79967851,-0.19714698,-0.34468175,middle,shift_to_middle
P03425,0.28093151,2.80162896,-0.12660793,-0.49201489,middle,shift_to_middle
P03426,0.28093557,2.85677193,-0.27855178,-0.39097082,middle,shift_to_middle
P03427,0.28108816,2.77774424,-0.11387998,-0.29933563,middle,shift_to_middle
P03428,0.28110869,2.81713309,-0.07645796,-0.28803986,middle,shift_to_middle
P03429,0.28111947,2.80148769,-0.0514479,-0.49544324,middle,shift_to_middle
P03430,0.28118481,2.84870501,-0.15123214,-0.41498657,middle,shift_to_middle
P03431,0.28128135,2.81968199,-0.11795634,-0.32817675,middle,shift_to_middle
P03432,0.28133057,2.83079046,4.95024126,-0.42150748,upper,shift_to_middle
P03433,0.28133588,2.80204714,-4.88773575,-0.36476952,lower,shift_to_middle
P03434,0.28138179,2.79545293,4.8232754,-0.46548723,upper,shift_to_middle
P03435,0.28164832,2.80315018,-0.12090569,-0.43111787,middle,shift_to_middle
P03436,0.28168461,2.82542812,-4.98484307,-0.05961945,lower,shift_to_middle
P03437,0.28171947,2.79513183,-5.27049964,-0.16727773,lower,shift_to_middle
P03438,0.28175776,2.82276052,0.02092276,-0.42679313,middle,shift_to_middle
P03439,0.28198929,2.8073131,-0.11585915,-0.38189154,middle,shift_to_middle
P03440,0.28204735,2.78767674,-0.12175343,-0.38897444,middle,shift_to_middle
P03441,0.2821181,2.81851572,-0.13908236,-0.32490028,middle,shift_to_middle
P03442,0.28223036,2.80599609,4.70390835,-0.42898464,upper,shift_to_middle
P03443,0.28227163,2.80090322,-0.30886436,-0.35462407,middle,shift_to_middle
P03444,0.28239861,2.7888195,-0.06462676,-0.4239184,middle,shift_to_middle
P03445,0.28243182,2.84721757,-4.99450011,-0.10197895,lower,shift_to_middle
P03446,0.28248131,2.82997115,-4.9772749,-0.11891475,lower,shift_to_middle
P03447,0.28249493,2.85346179,-0.05922136,-0.3446858,middle,shift_to_middle
P03448,0.28254094,2.84681523,-0.12298403,-0.39840379,middle,shift_to_middle
P03449,0.28254194,2.85689853,-0.07923065,-0.43896621,middle,shift_to_middle
P03450,0.28256981,2.78956758,-5.08428048,-0.07104243,lower,shift_to_middle
P03451,0.28257804,2.82983531,-0.10793123,-0.29546775,middle,shift_to_middle
P03452,0.28260418,2.81319524,-5.03476909,-0.18930131,lower,shift_to_middle
P03453,0.28260952,2.8246989,-5.11808716,-0.19816881,lower,shift_to_middle
P03454,0.28266605,2.78988991,-0.03762617,-0.60051303,middle,shift_to_middle
P03455,0.28266992,2.82399495,-0.12254759,-0.49436606,middle,shift_to_middle
P03456,0.28273417,2.80379026,4.79231726,-0.48610736,upper,shift_to_middle
P03457,0.28282084,2.82995392,0.0069066,-0.47196061,middle,shift_to_middle
P03458,0.28299093,2.79997299,-0.09424583,-0.34169414,middle,shift_to_middle
P03459,0.28313311,2.81909395,-0.22113941,-0.31604097,middle,shift_to_middle
P03460,0.28327389,2.79987132,-5.06173876,-0.09770127,lower,shift_to_middle
P03461,0.28335848,2.8401557,-4.97817626,-0.18841464,lower,shift_to_middle
P03462,0.28360622,2.84326931,-4.93170153,-0.09199623,lower,shift_to_middle
P03463,0.2836731,2.82375196,-0.02949807,-0.42726875,middle,shift_to_middle
P03464,0.28398933,2.8167868,4.86466113,-0.48179005,upper,shift_to_middle
P03465,0.28424559,2.86953651,-0.05294535,-0.55793312,middle,shift_to_middle
P03466,0.28457508,2.87770137,-0.39078878,-0.40849825,middle,shift_to_middle
P03467,0.28457916,2.86741081,-0.21886579,-0.25842282,middle,shift_to_middle
P03468,0.28463544,2.76818569,-0.06056676,-0.40041789,middle,shift_to_middle
P03469,0.28491262,2.8525403,-0.13486288,-0.36948886,middle,shift_to_middle
P03470,0.28498899,2.88017756,-0.18155065,-0.41367962,middle,shift_to_middle
P03471,0.28503782,2.86950543,-0.02963436,-0.25987811,middle,shift_to_middle
P03472,0.28508006,2.80588413,-0.03397091,-0.50639854,middle,shift_to_middle
P03473,0.28523011,2.85813136,-0.11511116,-0.36420458,middle,shift_to_middle
P03474,0.28549441,2.85541082,-5.04820548,-0.13149343,lower,shift_to_middle
P03475,0.28559028,2.8864887,-0.17860839,-0.29424719,middle,shift_to_middle
P03476,0.28570411,2.8539047,0.13780683,-0.4384638,middle,shift_to_middle
P03477,0.28578185,2.85471346,-0.16242409,-0.30123243,middle,shift_to_middle
P03478,0.28581015,2.83907802,-0.12126079,-0.2517281,middle,shift_to_middle
P03479,0.28581158,2.86601993,-0.26225571,-0.38269564,middle,shift_to_middle
P03480,0.28584981,2.86045378,-0.14693899,-0.45351311,middle,shift_to_middle
P03481,0.28595964,2.89109594,-0.14326173,-0.35862855,middle,shift_to_middle
P03482,0.28616875,2.85575802,-0.1115909,-0.19046529,middle,shift_to_middle
P03483,0.28626706,2.84884084,-0.01942965,-0.47223466,middle,shift_to_middle
P03484,0.28656731,2.82474127,-5.0467296,-0.12043401,lower,shift_to_middle
P03485,0.28666596,2.81996428,-0.14293123,-0.50379917,middle,shift_to_middle
P03486,0.28669323,2.85049666,-0.15488676,-0.36827982,middle,shift_to_middle
P03487,0.28670895,2.86559531,-0.11440732,-0.47376982,middle,shift_to_middle
P03488,0.28684753,2.87248659,5.07504297,-0.53097641,upper,shift_to_middle
P03489,0.28685368,2.87196336,-0.04153583,-0.40880145,middle,shift_to_middle
P03490,0.28695286,2.83623877,-0.06552659,-0.50127203,middle,shift_to_middle
P03491,0.28702573,2.87274325,-0.20131348,-0.39060768,middle,shift_to_middle
P03492,0.28709473,2.86430419,-0.07791902,-0.33672168,middle,shift_to_middle
P03493,0.28711918,2.85856627,-0.18673851,-0.42090568,middle,shift_to_middle
P03494,0.28715484,2.83031127,-0.13575022,-0.45348729,middle,shift_to_middle
P03495,0.28720136,2.87886774,4.88931142,-0.41628953,upper,shift_to_middle
P03496,0.28724775,2.87018081,-0.16594887,-0.4114439,middle,shift_to_middle
P03497,0.28731475,2.88300342,0.0580646,-0.36444867,middle,shift_to_middle
P03498,0.28745977,2.8768659,-0.18968815,-0.4413481,middle,shift_to_middle
P03499,0.2875626,2.86948513,-0.10387476,-0.46546095,middle,shift_to_middle
P03500,0.28756711,2.90127876,-0.11232992,-0.45708272,middle,shift_to_middle
P03501,0.28760636,2.86192235,-0.20812856,-0.4736641,middle,shift_to_middle
P03502,0.2876526,2.90043611,-0.16043116,-0.372844,middle,shift_to_middle
P03503,0.28780155,2.88371854,0.07588818,-0.27812442,middle,shift_to_middle
P03504,0.28804696,2.85652438,-0.25097929,-0.33621291,middle,shift_to_middle
P03505,0.28807377,2.88609513,-0.13201103,-0.42789638,middle,shift_to_middle
P03506,0.28822611,2.83921375,0.01955111,-0.41867039,middle,shift_to_middle
P03507,0.288257,2.88565142,-0.16758406,-0.41240701,middle,shift_to_middle
P03508,0.2883591,2.91571237,-0.07205011,-0.46812088,middle,shift_to_middle
P03509,0.2884257,2.86464681,-0.08724071,-0.28476846,middle,shift_to_middle
P03510,0.28847451,2.92761727,-0.16521008,-0.44685857,middle,shift_to_middle
P03511,0.28862636,2.91226477,-0.01248967,-0.45520286,middle,shift_to_middle
P03512,0.28874391,2.90422839,-5.21797655,-0.05938474,lower,shift_to_middle
P03513,0.28876533,2.88439709,-0.35117314,-0.40375731,middle,shift_to_middle
P03514,0.28892805,2.86073657,-0.06262777,-0.51528092,middle,shift_to_middle
P03515,0.28897091,2.88855358,0.11591656,-0.355477,middle,shift_to_middle
P03516,0.28907815,2.89763815,-0.09816458,-0.26119775,middle,shift_to_middle
P03517,0.28909187,2.90543825,0.05697287,-0.24661702,middle,shift_to_middle
P03518,0.28919176,2.89596676,4.84701583,-0.40538433,upper,shift_to_middle
P03519,0.28937986,2.90072533,-0.2016984,-0.46523092,middle,shift_to_middle
P03520,0.28942524,2.92983551,-0.00964125,-0.58868696,middle,shift_to_middle
P03521,0.28945623,2.85102405,-0.16594216,-0.285549,middle,shift_to_middle
P03522,0.28945734,2.90457361,-5.06970397,-0.32017988,lower,shift_to_middle
P03523,0.28954292,2.89817247,4.77994302,-0.39154736,upper,shift_to_middle
P03524,0.28961913,2.89871172,-0.26420106,-0.44027106,middle,shift_to_middle
P03525,0.28966174,2.87996626,4.88501948,-0.48223069,upper,shift_to_middle
P03526,0.28975053,2.87489034,0.04137094,-0.43824681,middle,shift_to_middle
P03527,0.28981737,2.86983163,-0.32648267,-0.29118344,middle,shift_to_middle
P03528,0.29002022,2.95655128,-0.33780373,-0.32895528,middle,shift_to_middle
P03529,0.29033696,2.91826395,0.01588626,-0.49869956,middle,shift_to_middle
P03530,0.29035331,2.90224816,-0.18796524,-0.45143872,middle,shift_to_middle
P03531,0.29046932,2.93141448,0.02470693,-0.50424961,middle,shift_to_middle
P03532,0.29050901,2.95350024,-0.2532389,-0.45240671,middle,shift_to_middle
P03533,0.29060056,2.9724628,-0.23867469,-0.42268888,middle,shift_to_middle
P03534,0.2906341,2.88499634,-0.15560958,-0.38641016,middle,shift_to_middle
P03535,0.29066734,2.91747216,-0.03639419,-0.38811173,middle,shift_to_middle
P03536,0.29088497,2.91176414,-0.01972055,-0.41872116,middle,shift_to_middle
P03537,0.29092488,2.88392097,0.08992507,-0.45837693,middle,shift_to_middle
P03538,0.29100346,2.89684275,-5.21809108,-0.13035408,lower,shift_to_middle
P03539,0.29101871,2.88124829,4.86604021,-0.48036213,upper,shift_to_middle
P03540,0.29117179,2.91392874,-0.06242936,-0.34836699,middle,shift_to_middle
P03541,0.29120117,2.90908793,0.09405462,-0.19681057,middle,shift_to_middle
P03542,0.29139255,2.90542381,-4.9735217,-0.10554832,lower,shift_to_middle
P03543,0.29140036,2.94385619,-0.07498411,-0.3349436,middle,shift_to_middle
P03544,0.29143578,2.93555559,-0.35768524,-0.41204827,middle,shift_to_middle
P03545,0.29144985,2.9351119,-0.22931325,-0.52173522,middle,shift_to_middle
P03546,0.29151524,2.92723009,-0.29788976,-0.38132584,middle,shift_to_middle
P03547,0.29186954,2.88844359,-5.07824756,-0.23157649,lower,shift_to_middle
P03548,0.29188705,2.91700992,-0.13223386,-0.43323394,middle,shift_to_middle
P03549,0.29191444,2.9063617,-0.0905802,-0.41488685,middle,shift_to_middle
P03550,0.29206847,2.96282848,0.11136838,-0.40268346,middle,shift_to_middle
P03551,0.29213962,2.91890309,-0.08657646,-0.39186851,middle,shift_to_middle
P03552,0.29214773,2.88731137,-0.07595229,-0.30763229,middle,shift_to_middle
P03553,0.29218138,2.92968802,-0.29400601,-0.20231265,middle,shift_to_middle
P03554,0.29226034,2.91270845,0.04969653,-0.3514776,middle,shift_to_middle
P03555,0.29230164,2.95172201,-0.30196696,-0.42372583,middle,shift_to_middle
P03556,0.29230373,2.87044957,-0.04983554,-0.47072649,middle,shift_to_middle
P03557,0.2923959,2.91492199,-0.05382684,-0.39218302,middle,shift_to_middle
P03558,0.29246585,2.94246303,-0.193891,-0.43810544,middle,shift_to_middle
P03559,0.29258545,2.94819118,-0.10555219,-0.32354964,middle,shift_to_middle
P03560,0.29277767,2.92650845,-0.00303885,-0.39843652,middle,shift_to_middle
P03561,0.29279312,2.91398045,-0.08009337,-0.3774064,middle,shift_to_middle
P03562,0.29282612,2.95904298,-0.3460451,-0.59274534,middle,shift_to_middle
P03563,0.29337752,2.92320831,-0.06732151,-0.3758695,middle,shift_to_middle
P03564,0.29340528,2.90944688,-0.02576627,-0.37343536,middle,shift_to_middle
P03565,0.29352179,2.94458726,-0.30793297,-0.3779542,middle,shift_to_middle
P03566,0.29365533,2.90298736,4.93002128,-0.46941634,upper,shift_to_middle
P03567,0.29368139,2.901225,-0.11049246,-0.48638804,middle,shift_to_middle
P03568,0.29376998,2.97011984,-0.13353098,-0.3119374,middle,shift_to_middle
P03569,0.29380578,2.96361923,-0.06216878,-0.33214817,middle,shift_to_middle
P03570,0.29380955,2.91293993,-4.84622804,-0.24971581,lower,shift_to_middle
P03571,0.29390101,2.96169793,-0.14599342,-0.44747585,middle,shift_to_middle
P03572,0.29399098,2.92483061,-0.10045261,-0.42087467,middle,shift_to_middle
P03573,0.29407247,2.93468634,-0.17153087,-0.46930549,middle,shift_to_middle
P03574,0.29413989,2.90908462,-5.04908554,-0.26686626,lower,shift_to_middle
P03575,0.29426953,2.91199252,-5.03569454,-0.34186454,lower,shift_to_middle
P03576,0.29435029,2.93255458,-4.9957194,-0.1851915,lower,shift_to_middle
P03577,0.2943854,2.96167196,-0.25013158,-0.48615245,middle,shift_to_middle
P03578,0.29453852,2.95811028,-0.10176763,-0.32243308,middle,shift_to_middle
P03579,0.29465317,2.93489234,-5.04110745,-0.24496489,lower,shift_to_middle
P03580,0.29487388,2.94660852,4.86427984,-0.35073038,upper,shift_to_middle
P03581,0.29491924,2.95750912,-0.13888193,-0.3584726,middle,shift_to_middle
P03582,0.29505063,2.94878834,-0.20968,-0.31512654,middle,shift_to_middle
P03583,0.29514666,2.93481565,4.73625998,-0.29597216,upper,shift_to_middle
P03584,0.29521161,2.92344402,-0.06658264,-0.33095522,middle,shift_to_middle
P03585,0.2955218,2.97085261,-0.09427756,-0.37839441,middle,shift_to_middle
P03586,0.29568207,2.88993078,-5.12836634,-0.31760496,lower,shift_to_middle
P03587,0.29577857,2.93936126,-0.1219067,-0.4313589,middle,shift_to_middle
P03588,0.29591929,2.98612749,4.88209658,-0.24167134,upper,shift_to_middle
P03589,0.29594063,2.96824357,-4.96540144,-0.19305506,lower,shift_to_middle
P03590,0.29599405,2.94145687,-0.14688317,-0.30706821,middle,shift_to_middle
P03591,0.29605102,2.97016101,0.01971154,-0.39880959,middle,shift_to_middle
P03592,0.29611763,2.92966942,-0.1303331,-0.56306475,middle,shift_to_middle
P03593,0.29621782,2.9536719,-0.24910204,-0.3591636,middle,shift_to_middle
P03594,0.29628537,2.96591093,4.96988964,-0.36278341,upper,shift_to_middle
P03595,0.29630922,2.92425723,-5.12553411,-0.31885116,lower,shift_to_middle
P03596,0.29635272,2.96701854,-0.0856513,-0.43300353,middle,shift_to_middle
P03597,0.29636198,2.98401398,0.03305193,-0.41535029,middle,shift_to_middle
P03598,0.29637649,2.93784923,5.01820008,-0.4065242,upper,shift_to_middle
P03599,0.296625,2.95682656,-5.274315,-0.27875153,lower,shift_to_middle
P03600,0.29672853,2.93037556,4.94991706,-0.25403098,upper,shift_to_middle
P03601,0.29673023,2.96566908,0.02436471,-0.36498481,middle,shift_to_middle
P03602,0.2968962,2.98162702,-0.20385347,-0.46520019,middle,shift_to_middle
P03603,0.29703035,2.9551174,-0.17343038,-0.39610424,middle,shift_to_middle
P03604,0.29707874,2.94058997,0.03424768,-0.54694856,middle,shift_to_middle
P03605,0.29717874,2.97701887,-0.27223218,-0.4930985,middle,shift_to_middle
P03606,0.29727278,2.99480821,-0.11299919,-0.33008204,middle,shift_to_middle
P03607,0.29733905,2.96155581,-0.0498787,-0.5605705,middle,shift_to_middle
P03608,0.29734451,3.00561148,0.07257869,-0.42944262,middle,shift_to_middle
P03609,0.29748009,2.9840757,-0.09127737,-0.48583443,middle,shift_to_middle
P03610,0.29754075,3.01882786,-0.0239915,-0.48748274,middle,shift_to_middle
P03611,0.29769243,3.02174147,-0.10508558,-0.51162614,middle,shift_to_middle
P03612,0.2977014,3.0027228,-0.04489494,-0.47012367,middle,shift_to_middle
P03613,0.29776003,2.98315793,-5.00757269,-0.30599286,lower,shift_to_middle
P03614,0.29778258,2.92088374,-0.18130238,-0.49554175,middle,shift_to_middle
P03615,0.29785784,2.96164486,0.02684893,-0.50495749,middle,shift_to_middle
P03616,0.29801312,2.98549879,-5.09608012,-0.09774031,lower,shift_to_middle
P03617,0.2980137,2.95713628,-0.14805296,-0.28467307,middle,shift_to_middle
P03618,0.29812239,3.00895017,-0.17604798,-0.42493109,middle,shift_to_middle
P03619,0.2981419,2.99143892,5.08623525,-0.30277907,upper,shift_to_middle
P03620,0.29820003,2.95371102,-0.18250171,-0.48395399,middle,shift_to_middle
P03621,0.29820944,2.97800468,-5.11249537,-0.22025733,lower,shift_to_middle
P03622,0.29854288,3.00713488,-0.28763958,-0.42365849,middle,shift_to_middle
P03623,0.29854759,2.99140031,-0.04159985,-0.49419782,middle,shift_to_middle
P03624,0.29860356,2.97234783,4.72833905,-0.62179706,upper,shift_to_middle
P03625,0.29861868,3.0310711,-0.01862319,-0.3781463,middle,shift_to_middle
P03626,0.29865111,2.97354975,-0.17900479,-0.59307835,middle,shift_to_middle
P03627,0.29867717,2.98606496,-0.05785515,-0.46188696,middle,shift_to_middle
P03628,0.29893232,2.97847927,-0.16610558,-0.38316137,middle,shift_to_middle
P03629,0.29910425,3.03841034,0.03349108,-0.52422346,middle,shift_to_middle
P03630,0.29913931,2.98122149,-0.00485947,-0.44250167,middle,shift_to_middle
P03631,0.29915539,2.96633904,-0.13367579,-0.47973614,middle,shift_to_middle
P03632,0.29917374,2.96619428,-5.0830589,-0.20510528,lower,shift_to_middle
P03633,0.29919894,2.9850721,-0.05488208,-0.37472692,middle,shift_to_middle
P03634,0.29932094,2.98660656,-0.09237932,-0.53364753,middle,shift_to_middle
P03635,0.29939239,2.97830013,-0.05621618,-0.36806859,middle,shift_to_middle
P03636,0.29945698,3.0431642,-0.2790493,-0.4671238,middle,shift_to_middle
P03637,0.29980069,3.01864156,4.97267317,-0.40967231,upper,shift_to_middle
P03638,0.2998365,2.98157517,-0.13178135,-0.34486956,middle,shift_to_middle
P03639,0.29994486,2.99050886,-0.27765331,-0.38535219,middle,shift_to_middle
P03640,0.29994995,3.04586709,-0.10071297,-0.44669824,middle,shift_to_middle
P03641,0.30009736,2.96425411,0.00657804,-0.39138417,middle,shift_to_middle
P03642,0.30017962,3.04543727,-0.24599755,-0.41876679,middle,shift_to_middle
P03643,0.30026419,3.01447266,-0.081743,-0.46525547,middle,shift_to_middle
P03644,0.30039623,3.01823154,5.11350957,-0.23308455,upper,shift_to_middle
P03645,0.30047889,2.97574137,-5.10382003,-0.09021168,lower,shift_to_middle
P03646,0.30090192,3.03080411,-0.18897402,-0.46786803,middle,shift_to_middle
P03647,0.30092561,3.03710737,-0.03606496,-0.36461699,middle,shift_to_middle
P03648,0.30095242,3.0122199,-0.06168447,-0.41117864,middle,shift_to_middle
P03649,0.30107779,3.03698848,4.79888164,-0.36890464,upper,shift_to_middle
P03650,0.30113808,2.96771307,-0.08916249,-0.45602876,middle,shift_to_middle
P03651,0.3011472,2.95929377,-4.96317421,-0.3093582,lower,shift_to_middle
P03652,0.30116965,3.02278286,-0.26751184,-0.44679304,middle,shift_to_middle
P03653,0.30143514,3.04420682,-0.00236654,-0.4577451,middle,shift_to_middle
P03654,0.30144734,3.03216448,-0.04577241,-0.29796459,middle,shift_to_middle
P03655,0.30145202,3.03526968,-0.20111223,-0.50741026,middle,shift_to_middle
P03656,0.30147215,3.02915387,-5.03319888,-0.08257166,lower,shift_to_middle
P03657,0.30153522,2.99782904,-0.17138582,-0.35765987,middle,shift_to_middle
P03658,0.30154767,3.02620544,-0.28402776,-0.52401785,middle,shift_to_middle
P03659,0.30157764,3.02193051,-0.27215077,-0.36231849,middle,shift_to_middle
P03660,0.30178899,3.0427046,4.81638115,-0.42863532,upper,shift_to_middle
P03661,0.30208456,3.0145725,-0.18928251,-0.34617703,middle,shift_to_middle
P03662,0.30223167,3.02974638,-0.08768016,-0.47691522,middle,shift_to_middle
P03663,0.3023975,3.03694019,4.80321777,-0.30866982,upper,shift_to_middle
P03664,0.30243158,3.05728975,-0.17520099,-0.48042882,middle,shift_to_middle
P03665,0.30263264,3.01960058,-0.27257271,-0.38060878,middle,shift_to_middle
P03666,0.30268476,3.01653287,-0.03697934,-0.3989655,middle,shift_to_middle
P03667,0.30269001,3.03309023,-0.17996053,-0.40594282,middle,shift_to_middle
P03668,0.30270056,3.0736736,-0.03520464,-0.36678774,middle,shift_to_middle
P03669,0.30270584,3.04553628,-0.11366249,-0.56783949,middle,shift_to_middle
P03670,0.3027466,3.029241,-0.13947402,-0.52511782,middle,shift_to_middle
P03671,0.30276615,3.02993557,5.11519297,-0.34672048,upper,shift_to_middle
P03672,0.30277613,2.97916308,-0.21199356,-0.49737051,middle,shift_to_middle
P03673,0.30282652,3.04016718,-0.01776595,-0.50676329,middle,shift_to_middle
P03674,0.3028364,3.02707761,-0.06225693,-0.51072961,middle,shift_to_middle
P03675,0.30284432,3.02366745,-0.17661364,-0.59656175,middle,shift_to_middle
P03676,0.30289936,3.07404779,-0.01177584,-0.53168223,middle,shift_to_middle
P03677,0.30296873,3.04562062,-0.09807268,-0.62153075,middle,shift_to_middle
P03678,0.30310668,3.08423916,-0.30774944,-0.36686293,middle,shift_to_middle
P03679,0.30325413,3.06757495,0.04448288,-0.52746738,middle,shift_to_middle
P03680,0.30336833,2.98894288,-0.32399901,-0.41986334,middle,shift_to_middle
P03681,0.30355648,3.03546181,4.89131783,-0.43528564,upper,shift_to_middle
P03682,0.3038921,3.00126934,-0.10773263,-0.62976804,middle,shift_to_middle
P03683,0.30390425,3.02822854,-0.17543035,-0.42355278,middle,shift_to_middle
P03684,0.30404354,3.08652025,0.00462351,-0.39892083,middle,shift_to_middle
P03685,0.30406161,3.04687461,-0.06856981,-0.45836632,middle,shift_to_middle
P03686,0.30406532,3.0476243,-0.14219715,-0.39616373,middle,shift_to_middle
P03687,0.30442009,3.05439933,-0.12094039,-0.5428363,middle,shift_to_middle
P03688,0.30446139,3.03029696,0.02117083,-0.48667704,middle,shift_to_middle
P03689,0.30454118,3.00705765,-0.04395708,-0.40293439,middle,shift_to_middle
P03690,0.30456027,3.06218192,-0.00833652,-0.42494119,middle,shift_to_middle
P03691,0.30460425,3.0690772,-0.22814265,-0.41400578,middle,shift_to_middle
P03692,0.30470595,3.05891767,-5.12931292,-0.30774811,lower,shift_to_middle
P03693,0.30474585,3.06396859,-0.18084882,-0.56464505,middle,shift_to_middle
P03694,0.30481327,3.07582327,0.03523419,-0.64976722,middle,shift_to_middle
P03695,0.30488698,3.07631167,-0.13889782,-0.43884054,middle,shift_to_middle
P03696,0.30491402,3.07692202,-0.31311627,-0.37239762,middle,shift_to_middle
P03697,0.30501762,3.08609545,-0.1272319,-0.43420211,middle,shift_to_middle
P03698,0.3050953,3.04929373,-0.06404434,-0.46881134,middle,shift_to_middle
P03699,0.30510056,3.02556395,-0.24970828,-0.42514417,middle,shift_to_middle
P03700,0.30517779,3.09113032,-0.06745677,-0.48748757,middle,shift_to_middle
P03701,0.30522745,3.06510547,0.0644733,-0.52630107,middle,shift_to_middle
P03702,0.30541256,3.06113544,-0.19535105,-0.50014113,middle,shift_to_middle
P03703,0.30547035,3.02552319,-0.07198191,-0.59744697,middle,shift_to_middle
P03704,0.30549929,3.00727147,0.03876535,-0.4865433,middle,shift_to_middle
P03705,0.30564673,3.03634124,-0.14318082,-0.33857462,middle,shift_to_middle
P03706,0.30566151,3.04014606,-5.13605384,-0.21210706,lower,shift_to_middle
P03707,0.30568035,3.05651178,4.85250947,-0.39052595,upper,shift_to_middle
P03708,0.30570889,3.06979362,-0.09317217,-0.48885641,middle,shift_to_middle
P03709,0.30573549,3.0697148,-0.12391965,-0.26541856,middle,shift_to_middle
P03710,0.30580222,3.0699677,-0.14363495,-0.58198199,middle,shift_to_middle
P03711,0.30589341,3.09980859,-0.23115549,-0.42637865,middle,shift_to_middle
P03712,0.305935,3.08743387,-0.01177566,-0.48614248,middle,shift_to_middle
P03713,0.30612785,3.08540742,-0.21086827,-0.32538047,middle,shift_to_middle
P03714,0.30644168,3.12076334,-0.27851979,-0.43081269,middle,shift_to_middle
P03715,0.30651443,3.07059543,-0.09101951,-0.38588186,middle,shift_to_middle
P03716,0.30652422,3.08465673,0.01906275,-0.43718053,middle,shift_to_middle
P03717,0.3065454,3.03078086,-0.14624759,-0.38884595,middle,shift_to_middle
P03718,0.30659797,3.02643401,-0.14487758,-0.39306765,middle,shift_to_middle
P03719,0.30676228,3.07027899,-0.0860861,-0.36392201,middle,shift_to_middle
P03720,0.30677926,3.1023482,-0.17918218,-0.37951594,middle,shift_to_middle
P03721,0.30679909,3.03695822,-0.10841382,-0.5267176,middle,shift_to_middle
P03722,0.30695557,3.07147004,0.00703121,-0.55115047,middle,shift_to_middle
P03723,0.30698952,3.06027971,-0.20524928,-0.48532925,middle,shift_to_middle
P03724,0.30700995,3.07970569,-0.22985521,-0.51081458,middle,shift_to_middle
P03725,0.30704356,3.04914741,-0.11631737,-0.45102771,middle,shift_to_middle
P03726,0.30711091,3.06440047,-0.0477453,-0.47513727,middle,shift_to_middle
P03727,0.3071138,3.0807157,0.02413236,-0.28512084,middle,shift_to_middle
P03728,0.30713794,3.06675452,-0.29964616,-0.45991698,middle,shift_to_middle
P03729,0.30729708,3.06548092,-0.07504746,-0.59338901,middle,shift_to_middle
P03730,0.30729739,3.10397466,-0.17830001,-0.42649423,middle,shift_to_middle
P03731,0.3075913,3.07968788,0.00029634,-0.40264005,middle,shift_to_middle
P03732,0.30761715,3.08157214,-0.10288477,-0.51862695,middle,shift_to_middle
P03733,0.30768752,3.05617872,-0.16153167,-0.53416837,middle,shift_to_middle
P03734,0.30770281,3.06231403,-0.26282421,-0.49794538,middle,shift_to_middle
P03735,0.3077549,3.06774524,0.08219799,-0.3623628,middle,shift_to_middle
P03736,0.3078138,3.08533196,0.00195483,-0.56855361,middle,shift_to_middle
P03737,0.30799889,3.08173938,0.02458187,-0.38747792,middle,shift_to_middle
P03738,0.30807002,3.09019578,-5.25573315,-0.37934416,lower,shift_to_middle
P03739,0.30814075,3.10446819,0.00030536,-0.47166316,middle,shift_to_middle
P03740,0.30817203,3.03143225,-0.2541998,-0.45559344,middle,shift_to_middle
P03741,0.30830811,3.0512464,4.99958425,-0.36255073,upper,shift_to_middle
P03742,0.30851114,3.09989973,-5.16929314,-0.29439606,lower,shift_to_middle
P03743,0.30861611,3.05046646,-5.11371157,-0.3061564,lower,shift_to_middle
P03744,0.3087112,3.11367748,-0.12027548,-0.44555293,middle,shift_to_middle
P03745,0.30880563,3.13007409,-0.42651358,-0.56852425,middle,shift_to_middle
P03746,0.30892795,3.10369844,4.90821957,-0.2746537,upper,shift_to_middle
P03747,0.30900835,3.11929332,-0.35540866,-0.42234919,middle,shift_to_middle
P03748,0.30905401,3.07405685,-0.01851665,-0.46474521,middle,shift_to_middle
P03749,0.3090566,3.09307432,-0.06805457,-0.2147918,middle,shift_to_middle
P03750,0.30914625,3.0930887,5.01511781,-0.34751912,upper,shift_to_middle
P03751,0.30919384,3.08439185,-0.16462326,-0.57230903,middle,shift_to_middle
P03752,0.30920942,3.12045355,0.01959787,-0.32639629,middle,shift_to_middle
P03753,0.30934608,3.11625328,-0.11801303,-0.51384838,middle,shift_to_middle
P03754,0.30935432,3.12378576,-0.05625277,-0.39582056,middle,shift_to_middle
P03755,0.30936468,3.11484103,-0.09353672,-0.39380128,middle,shift_to_middle
P03756,0.30940495,3.12650587,-0.20913406,-0.41235443,middle,shift_to_middle
P03757,0.30961998,3.0730418,0.02241707,-0.51547455,middle,shift_to_middle
P03758,0.30969471,3.10583601,-0.23345707,-0.34153747,middle,shift_to_middle
P03759,0.30978967,3.0878473,-0.08035737,-0.56618704,middle,shift_to_middle
P03760,0.31010816,3.07318307,-0.19575771,-0.42365376,middle,shift_to_middle
P03761,0.31027762,3.05299594,-0.25692077,-0.3687534,middle,shift_to_middle
P03762,0.31050478,3.11766141,0.04728548,-0.39817586,middle,shift_to_middle
P03763,0.31055405,3.09788078,-0.15115794,-0.33408849,middle,shift_to_middle
P03764,0.31065797,3.14338823,-0.28480428,-0.47914823,middle,shift_to_middle
P03765,0.31069701,3.08618873,-0.1465608,-0.4900393,middle,shift_to_middle
P03766,0.31071409,3.14752884,-0.19981241,-0.56151313,middle,shift_to_middle
P03767,0.31086979,3.09075846,-0.18549895,-0.63026734,middle,shift_to_middle
P03768,0.31093221,3.07448681,4.8405681,-0.37066761,upper,shift_to_middle
P03769,0.31101717,3.12302974,-0.14838917,-0.4309498,middle,shift_to_middle
P03770,0.31113851,3.13668543,-5.07217809,-0.34314341,lower,shift_to_middle
P03771,0.31119259,3.08438295,-0.12079465,-0.40259892,middle,shift_to_middle
P03772,0.31134747,3.09833815,-0.19126496,-0.48668296,middle,shift_to_middle
P03773,0.31167776,3.10665848,-0.17135531,-0.50346769,middle,shift_to_middle
P03774,0.31182564,3.16315157,-0.18810317,-0.39136257,middle,shift_to_middle
P03775,0.31189416,3.12440668,-0.11299401,-0.3865568,middle,shift_to_middle
P03776,0.31197398,3.13468845,-5.15815102,-0.22634027,lower,shift_to_middle
P03777,0.31204278,3.12793709,-0.19573087,-0.508851,middle,shift_to_middle
P03778,0.3120787,3.10715168,-0.1889453,-0.47164877,middle,shift_to_middle
P03779,0.31214793,3.10415685,-0.1634999,-0.5537921,middle,shift_to_middle
P03780,0.31239922,3.15360295,0.0276751,-0.3126611,middle,shift_to_middle
P03781,0.31247593,3.09504731,-0.04796801,-0.52949448,middle,shift_to_middle
P03782,0.3125224,3.12324294,-0.01432502,-0.4540523,middle,shift_to_middle
P03783,0.31252465,3.15524554,0.04977815,-0.41651811,middle,shift_to_middle
P03784,0.31268363,3.06817045,-0.15705473,-0.34702848,middle,shift_to_middle
P03785,0.31274575,3.11314065,-0.08387574,-0.33951353,middle,shift_to_middle
P03786,0.31309529,3.17320206,-0.14575505,-0.38085188,middle,shift_to_middle
P03787,0.31309621,3.10313452,4.99875949,-0.37633776,upper,shift_to_middle
P03788,0.31316984,3.15182028,-0.17087293,-0.38572146,middle,shift_to_middle
P03789,0.31330399,3.14380355,-5.18383734,-0.26902858,lower,shift_to_middle
P03790,0.3133245,3.18035035,-0.16990092,-0.34950908,middle,shift_to_middle
P03791,0.31345624,3.13223945,5.14973095,-0.40093502,upper,shift_to_middle
P03792,0.31349584,3.12466607,-0.07984734,-0.45005238,middle,shift_to_middle
P03793,0.31349852,3.13229548,-0.03467934,-0.30265299,middle,shift_to_middle
P03794,0.31353932,3.11900299,-5.11936309,-0.23142583,lower,shift_to_middle
P03795,0.31356738,3.16007782,0.03091781,-0.39894954,middle,shift_to_middle
P03796,0.31365661,3.15727455,-5.13859645,-0.29586271,lower,shift_to_middle
P03797,0.31372187,3.16035418,4.65279405,-0.30911531,upper,shift_to_middle
P03798,0.31375337,3.14704934,-0.08074022,-0.52673786,middle,shift_to_middle
P03799,0.31376003,3.13208765,-0.16442363,-0.45078935,middle,shift_to_middle
P03800,0.31390891,3.12847366,-0.06454404,-0.51008893,middle,shift_to_middle
P03801,0.31395257,3.13205915,0.03144648,-0.42756635,middle,shift_to_middle
P03802,0.31395768,3.14898586,-0.05570243,-0.48396667,middle,shift_to_middle
P03803,0.3140097,3.15405965,-0.21863538,-0.43316718,middle,shift_to_middle
P03804,0.31401697,3.11840781,-0.5558113,-0.69324505,middle,shift_to_middle
P03805,0.31405855,3.11540515,-0.04876357,-0.56809922,middle,shift_to_middle
P03806,0.3140796,3.15558015,4.94654217,-0.31255713,upper,shift_to_middle
P03807,0.31412362,3.17583361,-0.14660326,-0.53074536,middle,shift_to_middle
P03808,0.3143152,3.09942341,-0.08620708,-0.34678368,middle,shift_to_middle
P03809,0.31434999,3.12959691,0.05311497,-0.28824102,middle,shift_to_middle
P03810,0.31443972,3.16198693,-0.22447526,-0.47845003,middle,shift_to_middle
P03811,0.31453887,3.14354026,-0.2155776,-0.38585611,middle,shift_to_middle
P03812,0.31455681,3.10420105,-0.07471984,-0.48047488,middle,shift_to_middle
P03813,0.31456968,3.12539548,0.00763078,-0.43115077,middle,shift_to_middle
P03814,0.31465841,3.19939526,-4.99504083,-0.28691595,lower,shift_to_middle
P03815,0.3147172,3.12572416,-0.21409735,-0.49667331,middle,shift_to_middle
P03816,0.31483355,3.13245625,-0.22060198,-0.46691735,middle,shift_to_middle
P03817,0.31483438,3.15048159,-5.31602511,-0.30612676,lower,shift_to_middle
P03818,0.31503203,3.15392732,-0.08928415,-0.56244019,middle,shift_to_middle
P03819,0.31506889,3.13009556,-0.18775258,-0.44719802,middle,shift_to_middle
P03820,0.3150964,3.15324657,4.92890624,-0.37900807,upper,shift_to_middle
P03821,0.31530291,3.16194038,0.08285632,-0.51284565,middle,shift_to_middle
P03822,0.3153317,3.11949118,-0.14364965,-0.62976172,middle,shift_to_middle
P03823,0.31537545,3.161436,4.83432805,-0.31940924,upper,shift_to_middle
P03824,0.3156032,3.16521038,-4.91729917,-0.29399979,lower,shift_to_middle
P03825,0.31578478,3.14329266,-0.08260858,-0.32219969,middle,shift_to_middle
P03826,0.31579571,3.173515,4.70840263,-0.40606175,upper,shift_to_middle
P03827,0.31595123,3.16770069,-0.3308035,-0.38111488,middle,shift_to_middle
P03828,0.31595337,3.14586103,-0.13391317,-0.45863751,middle,shift_to_middle
P03829,0.31617007,3.17118568,-0.11926108,-0.47414825,middle,shift_to_middle
P03830,0.31618148,3.13810332,-0.20366567,-0.54807508,middle,shift_to_middle
P03831,0.31631557,3.14336212,0.09729469,-0.69369312,middle,shift_to_middle
P03832,0.31638817,3.16207224,-0.21279688,-0.39496847,middle,shift_to_middle
P03833,0.31660273,3.1732806,0.01595737,-0.32600295,middle,shift_to_middle
P03834,0.31664396,3.13763576,-4.94623549,-0.40938129,lower,shift_to_middle
P03835,0.31670952,3.15280621,-0.20994545,-0.47828242,middle,shift_to_middle
P03836,0.31685076,3.17190031,-0.18359304,-0.4793836,middle,shift_to_middle
P03837,0.31692711,3.16609764,-0.12099116,-0.59691164,middle,shift_to_middle
P03838,0.31696892,3.20302855,4.83682579,-0.34492231,upper,shift_to_middle
P03839,0.31705721,3.16684684,5.00683083,-0.32098401,upper,shift_to_middle
P03840,0.31721742,3.15671753,-0.13666624,-0.47674587,middle,shift_to_middle
P03841,0.31733089,3.17241489,4.96076202,-0.23081346,upper,shift_to_middle
P03842,0.31736426,3.20149289,-0.16519236,-0.39868814,middle,shift_to_middle
P03843,0.31743671,3.14279681,4.90192354,-0.32595887,upper,shift_to_middle
P03844,0.31744205,3.2122628,4.90272216,-0.42636785,upper,shift_to_middle
P03845,0.31747239,3.13141664,-0.1798669,-0.68635129,middle,shift_to_middle
P03846,0.31751499,3.11364174,-0.06889444,-0.49190714,middle,shift_to_middle
P03847,0.31754523,3.19061359,-0.03850665,-0.45341888,middle,shift_to_middle
P03848,0.31787816,3.1916369,-0.00925341,-0.42186563,middle,shift_to_middle
P03849,0.31804053,3.153444,-0.12548533,-0.49612387,middle,shift_to_middle
P03850,0.31810162,3.2034331,-0.14393853,-0.58904229,middle,shift_to_middle
P03851,0.31823694,3.20056864,-0.02216686,-0.55895708,middle,shift_to_middle
P03852,0.31857353,3.21729753,-0.24204242,-0.41144459,middle,shift_to_middle
P03853,0.31860788,3.18441059,-0.25236385,-0.45263355,middle,shift_to_middle
P03854,0.31864541,3.19559458,-0.28932648,-0.52048656,middle,shift_to_middle
P03855,0.31873168,3.17440763,-0.05117448,-0.38263934,middle,shift_to_middle
P03856,0.3188,3.15195354,-0.18374054,-0.45007702,middle,shift_to_middle
P03857,0.318821,3.17350686,-0.16901429,-0.48343872,middle,shift_to_middle
P03858,0.31883106,3.19275343,-0.1704837,-0.27841473,middle,shift_to_middle
P03859,0.31900262,3.17101443,-0.1707372,-0.38504186,middle,shift_to_middle
P03860,0.31905017,3.21889215,4.87427174,-0.404224,upper,shift_to_middle
P03861,0.31907136,3.15960347,4.73233261,-0.32467053,upper,shift_to_middle
P03862,0.31911841,3.20300836,-0.12482333,-0.349617,middle,shift_to_middle
P03863,0.31933811,3.16859952,-0.03625991,-0.54431954,middle,shift_to_middle
P03864,0.31938571,3.1969397,-0.04770449,-0.39367905,middle,shift_to_middle
P03865,0.31951032,3.19037867,-0.2921339,-0.50674436,middle,shift_to_middle
P03866,0.31957903,3.19207848,-0.16182051,-0.51741559,middle,shift_to_middle
P03867,0.31973304,3.17012899,-0.09017043,-0.44951119,middle,shift_to_middle
P03868,0.31981143,3.20409255,-0.12833719,-0.43387027,middle,shift_to_middle
P03869,0.31984819,3.23158064,-0.11194349,-0.44942057,middle,shift_to_middle
P03870,0.31998424,3.19950004,-0.14899805,-0.36448,middle,shift_to_middle
P03871,0.32009487,3.19499649,-0.08735024,-0.47825799,middle,middle_dominant
P03872,0.32010005,3.1408266,-0.24740316,-0.41324964,middle,middle_dominant
P03873,0.32027566,3.2044515,4.86090801,-0.31193152,upper,middle_dominant
P03874,0.32031382,3.21438025,-0.20999385,-0.55496976,middle,middle_dominant
P03875,0.32046608,3.23982801,-0.13987899,-0.42761097,middle,middle_dominant
P03876,0.32053573,3.21840597,-5.21074096,-0.10252245,lower,middle_dominant
P03877,0.32063987,3.19121219,4.91572345,-0.25949837,upper,middle_dominant
P03878,0.32080595,3.19988875,-0.14508644,-0.28547027,middle,middle_dominant
P03879,0.32088986,3.22394269,-0.13898921,-0.52399997,middle,middle_dominant
P03880,0.32093109,3.21502951,-0.19577375,-0.4645184,middle,middle_dominant
P03881,0.3211014,3.24643001,4.88963724,-0.33041831,upper,middle_dominant
P03882,0.3211066,3.28165485,-0.05213581,-0.4849807,middle,middle_dominant
P03883,0.3211398,3.17454649,-0.15213099,-0.64410865,middle,middle_dominant
P03884,0.3212884,3.16511547,-0.19690782,-0.45761801,middle,middle_dominant
P03885,0.32130278,3.24815015,-0.20488972,-0.6621092,middle,middle_dominant
P03886,0.32131073,3.24953692,-0.18729643,-0.51232839,middle,middle_dominant
P03887,0.32143408,3.20946091,4.99818795,-0.20715699,upper,middle_dominant
P03888,0.32152182,3.22475616,-0.07142927,-0.52968073,middle,middle_dominant
P03889,0.32153586,3.25229691,-0.11486506,-0.49240649,middle,middle_dominant
P03890,0.32154114,3.223296,-0.13941711,-0.46861436,middle,middle_dominant
P03891,0.32159798,3.19079292,-5.23081227,-0.51502186,lower,middle_dominant
P03892,0.32182801,3.19898878,-0.03358085,-0.47969475,middle,middle_dominant
P03893,0.32184545,3.21387365,-0.29418265,-0.49018286,middle,middle_dominant
P03894,0.32189057,3.22379873,0.06858841,-0.36481032,middle,middle_dominant
P03895,0.32198252,3.1919801,-0.07217006,-0.41485149,middle,middle_dominant
P03896,0.32199661,3.19593817,-0.09517776,-0.39647789,middle,middle_dominant
P03897,0.32206378,3.22188721,0.01933896,-0.37421371,middle,middle_dominant
P03898,0.32214293,3.24413798,4.99132293,-0.38026224,upper,middle_dominant
P03899,0.32216011,3.16034239,-0.00726454,-0.50703771,middle,middle_dominant
P03900,0.32224489,3.2431906,4.92064329,-0.27329117,upper,middle_dominant
P03901,0.32231977,3.21971515,4.9493483,-0.38966025,upper,middle_dominant
P03902,0.3224362,3.17088689,-0.26380487,-0.31096025,middle,middle_dominant
P03903,0.32254446,3.20133332,0.05926975,-0.37505364,middle,middle_dominant
P03904,0.32265196,3.20376805,-0.31575862,-0.41260329,middle,middle_dominant
P03905,0.32277171,3.22388461,-0.23068942,-0.4660948,middle,middle_dominant
P03906,0.32281039,3.25224543,0.05468034,-0.52126913,middle,middle_dominant
P03907,0.32288746,3.2196527,-0.04457765,-0.31954926,middle,middle_dominant
P03908,0.32291799,3.21498842,-0.16660469,-0.44281397,middle,middle_dominant
P03909,0.32292725,3.20309389,-0.10941965,-0.44323566,middle,middle_dominant
P03910,0.32295827,3.19834733,-0.00735013,-0.55432981,middle,middle_dominant
P03911,0.32306659,3.21987496,0.0096641,-0.55553742,middle,middle_dominant
P03912,0.32309317,3.22806506,-0.07990788,-0.46884368,middle,middle_dominant
P03913,0.32309986,3.21679282,-0.11458076,-0.49346683,middle,middle_dominant
P03914,0.32324543,3.25564402,-0.34943275,-0.40855704,middle,middle_dominant
P03915,0.32335106,3.2752022,-5.08213865,-0.29255244,lower,middle_dominant
P03916,0.32339616,3.19072678,-0.03814883,-0.2454051,middle,middle_dominant
P03917,0.32347151,3.22703192,-0.15853431,-0.46202058,middle,middle_dominant
P03918,0.32357277,3.23872619,-0.31594043,-0.31833285,middle,middle_dominant
P03919,0.32361361,3.22995947,-0.04357632,-0.42112401,middle,middle_dominant
P03920,0.32361616,3.25752232,-0.19675698,-0.51742708,middle,middle_dominant
P03921,0.32364877,3.25644806,-0.11163472,-0.49309205,middle,middle_dominant
P03922,0.32374034,3.27727948,-0.27366376,-0.4086227,middle,middle_dominant
P03923,0.32377974,3.22478731,-0.1816852,-0.35889396,middle,middle_dominant
P03924,0.32388573,3.25281014,-0.00527469,-0.50441789,middle,middle_dominant
P03925,0.32393502,3.20606764,-0.1322493,-0.37281179,middle,middle_dominant
P03926,0.32411739,3.21916743,-0.18852911,-0.41594116,middle,middle_dominant
P03927,0.32425691,3.23311769,-5.29400128,-0.52490186,lower,middle_dominant
P03928,0.32444192,3.26968116,-0.00456329,-0.57408774,middle,middle_dominant
P03929,0.32446183,3.22436272,-0.15096914,-0.38393473,middle,middle_dominant
P03930,0.32449248,3.22667409,-0.25239634,-0.4946776,middle,middle_dominant
P03931,0.32452683,3.28977307,-0.05580716,-0.37557862,middle,middle_dominant
P03932,0.32453906,3.22546715,-0.12261081,-0.43143008,middle,middle_dominant
P03933,0.32453993,3.279225,4.87786003,-0.15442264,upper,middle_dominant
P03934,0.32462705,3.26551447,0.02894888,-0.48359485,middle,middle_dominant
P03935,0.32478865,3.19184526,-0.02012123,-0.40129517,middle,middle_dominant
P03936,0.32479576,3.25901408,-0.13582742,-0.55678993,middle,middle_dominant
P03937,0.32487655,3.291247,-0.10794322,-0.47608519,middle,middle_dominant
P03938,0.32491853,3.27924115,-0.09957433,-0.45482664,middle,middle_dominant
P03939,0.32500249,3.26057873,-0.21587824,-0.43728446,middle,middle_dominant
P03940,0.32502115,3.27705285,-0.11408227,-0.44681103,middle,middle_dominant
P03941,0.32503888,3.2603474,-0.0569648,-0.5125773,middle,middle_dominant
P03942,0.32504138,3.22259175,-0.08975513,-0.40659889,middle,middle_dominant
P03943,0.32515725,3.2878047,4.8809278,-0.24136897,upper,middle_dominant
P03944,0.32516283,3.26813792,-0.19788095,-0.4363191,middle,middle_dominant
P03945,0.32517499,3.2186727,-0.17655541,-0.35601364,middle,middle_dominant
P03946,0.32535322,3.30017999,-0.24410969,-0.45303119,middle,middle_dominant
P03947,0.32538963,3.26237812,0.02702188,-0.35519402,middle,middle_dominant
P03948,0.32548314,3.25517556,-5.0609398,-0.43628336,lower,middle_dominant
P03949,0.32549955,3.27844071,-0.20995279,-0.31665183,middle,middle_dominant
P03950,0.32551773,3.21574895,-0.00485401,-0.48924498,middle,middle_dominant
P03951,0.32557523,3.227523,-0.18606977,-0.36582121,middle,middle_dominant
P03952,0.32558818,3.24574938,0.05022393,-0.5135749,middle,middle_dominant
P03953,0.32560223,3.28101047,-0.1804892,-0.33832842,middle,middle_dominant
P03954,0.325611,3.24368386,-4.92340696,-0.3303914,lower,middle_dominant
P03955,0.32571602,3.21120831,-0.13160283,-0.44131225,middle,middle_dominant
P03956,0.32583569,3.2913013,-0.05409975,-0.43030549,middle,middle_dominant
P03957,0.32586729,3.23229523,-0.24586076,-0.40918913,middle,middle_dominant
P03958,0.3259332,3.28300796,-0.1461813,-0.5390367,middle,middle_dominant
P03959,0.32594994,3.26450614,-0.19420183,-0.44531233,middle,middle_dominant
P03960,0.32598107,3.23449464,-0.012365,-0.40682084,middle,middle_dominant
P03961,0.3260541,3.21797749,-0.07863426,-0.41408441,middle,middle_dominant
P03962,0.32608939,3.26593463,-0.19226349,-0.41878114,middle,middle_dominant
P03963,0.3261405,3.2486759,-0.3891274,-0.60011184,middle,middle_dominant
P03964,0.32620144,3.21587664,0.08144275,-0.36962928,middle,middle_dominant
P03965,0.32620532,3.27611917,-0.04381665,-0.41351571,middle,middle_dominant
P03966,0.32645948,3.27311089,4.81596414,-0.26623604,upper,middle_dominant
P03967,0.32657329,3.31052161,-0.04029485,-0.41167764,middle,middle_dominant
P03968,0.32658902,3.24334465,-0.00928787,-0.5114895,middle,middle_dominant
P03969,0.32681865,3.29530816,0.01287245,-0.38682931,middle,middle_dominant
P03970,0.32682127,3.24903803,4.77017222,-0.31761531,upper,middle_dominant
P03971,0.32683694,3.28107839,-0.06297993,-0.60173239,middle,middle_dominant
P03972,0.32692398,3.27239438,-0.05151722,-0.36920558,middle,middle_dominant
P03973,0.32697111,3.23357246,-0.11603634,-0.43776282,middle,middle_dominant
P03974,0.32697403,3.28361033,-0.10454536,-0.47156082,middle,middle_dominant
P03975,0.32699088,3.30811686,4.84821976,-0.29593561,upper,middle_dominant
P03976,0.32706645,3.28474065,-0.05087113,-0.51503963,middle,middle_dominant
P03977,0.32737475,3.24438275,-0.25114368,-0.5134934,middle,middle_dominant
P03978,0.32742212,3.280214,-0.13653924,-0.35319577,middle,middle_dominant
P03979,0.32751875,3.30694431,-0.27267681,-0.45155344,middle,middle_dominant
P03980,0.32753135,3.29336127,-0.20304227,-0.55855925,middle,middle_dominant
P03981,0.32759548,3.28323382,-0.14079032,-0.52139954,middle,middle_dominant
P03982,0.32762866,3.31452236,0.00191286,-0.40924548,middle,middle_dominant
P03983,0.3276752,3.28194562,4.8708347,-0.28117651,upper,middle_dominant
P03984,0.32774382,3.25476575,-0.07964161,-0.44835992,middle,middle_dominant
P03985,0.32777445,3.30305261,0.06391178,-0.54664851,middle,middle_dominant
P03986,0.32792775,3.30323362,-0.00982343,-0.42766478,middle,middle_dominant
P03987,0.32814534,3.28569957,0.0201421,-0.52651575,middle,middle_dominant
P03988,0.32845138,3.26087661,-0.05106539,-0.57937061,middle,middle_dominant
P03989,0.32872729,3.25794405,-0.00860531,-0.32367952,middle,middle_dominant
P03990,0.32874423,3.26749413,-0.05103516,-0.41135831,middle,middle_dominant
P03991,0.32881831,3.3073388,0.03878942,-0.34878035,middle,middle_dominant
P03992,0.32887977,3.32539366,0.09666897,-0.52704542,middle,middle_dominant
P03993,0.32890927,3.30352754,-5.03482034,-0.2780559,lower,middle_dominant
P03994,0.32912489,3.32282749,-0.0975845,-0.55415204,middle,middle_dominant
P03995,0.32915114,3.28200017,-0.04214836,-0.51171442,middle,middle_dominant
P03996,0.32922464,3.32777449,-0.06614285,-0.42413632,middle,middle_dominant
P03997,0.32925577,3.27313589,-0.07273337,-0.51442648,middle,middle_dominant
P03998,0.32930928,3.28836186,-0.16458003,-0.4859458,middle,middle_dominant
P03999,0.32932146,3.2945961,-0.06641232,-0.40397129,middle,middle_dominant
P04000,0.32934529,3.31846957,-0.02386694,-0.36346861,middle,middle_dominant
P04001,0.32938669,3.32253333,-0.07782932,-0.43245974,middle,middle_dominant
P04002,0.32948036,3.28422839,0.00809011,-0.57249584,middle,middle_dominant
P04003,0.32965033,3.26273595,-0.2920526,-0.34815759,middle,middle_dominant
P04004,0.32968539,3.31684682,-0.03965103,-0.3964094,middle,middle_dominant
P04005,0.32970987,3.28297803,-0.19491087,-0.34772157,middle,middle_dominant
P04006,0.32977497,3.27443762,-0.08039743,-0.3828952,middle,middle_dominant
P04007,0.32988047,3.29555146,-0.05540375,-0.51581533,middle,middle_dominant
P04008,0.33011354,3.25897452,4.73515971,-0.24856682,upper,middle_dominant
P04009,0.33024813,3.32259835,-0.09770618,-0.42070767,middle,middle_dominant
P04010,0.33037771,3.31716493,-0.31273384,-0.48731929,middle,middle_dominant
P04011,0.3304382,3.3129706,-0.21717536,-0.43146746,middle,middle_dominant
P04012,0.33045535,3.29016002,-0.04792157,-0.41681748,middle,middle_dominant
P04013,0.33045985,3.33438286,-0.03160885,-0.40342382,middle,middle_dominant
P04014,0.33050005,3.26432514,-0.05780269,-0.55397265,middle,middle_dominant
P04015,0.33059031,3.2761408,5.09432869,-0.21183341,upper,middle_dominant
P04016,0.33074941,3.2861194,-0.21863119,-0.41458445,middle,middle_dominant
P04017,0.33081921,3.29133526,-0.22215623,-0.45890551,middle,middle_dominant
P04018,0.33089793,3.32487216,-0.023585,-0.38805711,middle,middle_dominant
P04019,0.33093465,3.29298892,4.90828409,-0.2898555,upper,middle_dominant
P04020,0.33099958,3.28763409,-0.21475107,-0.44271642,middle,middle_dominant
P04021,0.33107591,3.37010239,-0.21896698,-0.48666861,middle,middle_dominant
P04022,0.33125655,3.31160473,-0.28731994,-0.44236552,middle,middle_dominant
P04023,0.33129051,3.31697054,-0.09364147,-0.43229403,middle,middle_dominant
P04024,0.33133032,3.31518274,-0.2776267,-0.39489429,middle,middle_dominant
P04025,0.33135454,3.34543991,-0.18234714,-0.36048585,middle,middle_dominant
P04026,0.33138939,3.29491092,-0.12899913,-0.4802852,middle,middle_dominant
P04027,0.33151025,3.34418543,-4.9180527,-0.5740398,lower,middle_dominant
P04028,0.33157154,3.26572722,-0.16670234,-0.43511876,middle,middle_dominant
P04029,0.33163093,3.31637256,-0.13824064,-0.57125858,middle,middle_dominant
P04030,0.3316399,3.36658331,-0.25984954,-0.49234117,middle,middle_dominant
P04031,0.33184479,3.33494593,-0.01472262,-0.54729727,middle,middle_dominant
P04032,0.33192972,3.27689822,-0.11690068,-0.30179838,middle,middle_dominant
P04033,0.33195021,3.29755843,-5.28396281,-0.46810759,lower,middle_dominant
P04034,0.3319625,3.32273593,-0.03237747,-0.38963896,middle,middle_dominant
P04035,0.33204313,3.28697102,-0.07183991,-0.28879597,middle,middle_dominant
P04036,0.3320855,3.33285904,-0.07436863,-0.43169045,middle,middle_dominant
P04037,0.33211175,3.35194977,0.06541753,-0.55281097,middle,middle_dominant
P04038,0.33228184,3.3459761,-0.11178253,-0.42769805,middle,middle_dominant
P04039,0.33237184,3.30519513,-0.07858568,-0.48212155,middle,middle_dominant
P04040,0.33239573,3.31444901,4.94886965,-0.29194326,upper,middle_dominant
P04041,0.33245835,3.32047685,-0.02795173,-0.54585223,middle,middle_dominant
P04042,0.33246031,3.31606023,-0.22520478,-0.24197109,middle,middle_dominant
P04043,0.33252889,3.2917178,-0.0551736,-0.31061553,middle,middle_dominant
P04044,0.33263862,3.34679489,-0.11350275,-0.49474307,middle,middle_dominant
P04045,0.33271209,3.34989528,-0.15387189,-0.55695846,middle,middle_dominant
P04046,0.3328464,3.28892689,-0.19996426,-0.48128815,middle,middle_dominant
P04047,0.33284694,3.32455299,-0.16334071,-0.46843377,middle,middle_dominant
P04048,0.3328643,3.36157396,4.95610183,-0.28205017,upper,middle_dominant
P04049,0.33320776,3.32588915,-0.01894033,-0.36679679,middle,middle_dominant
P04050,0.33325122,3.3522233,-0.20445255,-0.42030273,middle,middle_dominant
P04051,0.33325898,3.29580813,0.06507596,-0.50047725,middle,middle_dominant
P04052,0.33345436,3.26958548,-0.09819946,-0.46049196,middle,middle_dominant
P04053,0.33373244,3.36123518,-0.0712695,-0.44139135,middle,middle_dominant
P04054,0.33380789,3.34518289,-0.35181124,-0.49285903,middle,middle_dominant
P04055,0.33382354,3.35830973,0.04649803,-0.3863239,middle,middle_dominant
P04056,0.3338376,3.3847314,-0.03747793,-0.50552873,middle,middle_dominant
P04057,0.33387457,3.32820893,-0.12783041,-0.5280084,middle,middle_dominant
P04058,0.33413407,3.30624869,-0.20855899,-0.32701602,middle,middle_dominant
P04059,0.33423376,3.29741771,-0.13394972,-0.37348691,middle,middle_dominant
P04060,0.33447638,3.37527184,-0.14390849,-0.24802359,middle,middle_dominant
P04061,0.3345593,3.33834934,-0.15093521,-0.37841721,middle,middle_dominant
P04062,0.33459985,3.31565788,-0.16693938,-0.32995816,middle,middle_dominant
P04063,0.33460145,3.37050743,-0.17381195,-0.57684906,middle,middle_dominant
P04064,0.33461985,3.36945259,-0.1428682,-0.2516578,middle,middle_dominant
P04065,0.33466469,3.35356543,-0.19840846,-0.52134371,middle,middle_dominant
P04066,0.33468823,3.36483341,-0.23169799,-0.37350292,middle,middle_dominant
P04067,0.33476142,3.38158856,-0.13551234,-0.3166088,middle,middle_dominant
P04068,0.3349171,3.35741031,-0.04726297,-0.31981975,middle,middle_dominant
P04069,0.33500121,3.39914661,-0.08737823,-0.36538573,middle,middle_dominant
P04070,0.33513005,3.35373761,-0.24633741,-0.44942065,middle,middle_dominant
P04071,0.33532352,3.34408719,-0.18621301,-0.47788129,middle,middle_dominant
P04072,0.33540421,3.4104541,-0.00393513,-0.49949795,middle,middle_dominant
P04073,0.33548643,3.390747,0.00723493,-0.44020847,middle,middle_dominant
P04074,0.33550033,3.3204271,-0.08096779,-0.51025148,middle,middle_dominant
P04075,0.33563769,3.3799805,-5.24555135,-0.41576749,lower,middle_dominant
P04076,0.33566394,3.36221261,-0.30493114,-0.42532277,middle,middle_dominant
P04077,0.3357655,3.34516738,-0.04321865,-0.42148621,middle,middle_dominant
P04078,0.33579155,3.34225864,5.02607263,-0.26117155,upper,middle_dominant
P04079,0.33584088,3.33797104,0.02082003,-0.37922372,middle,middle_dominant
P04080,0.33594062,3.34642705,-5.23727507,-0.43406606,lower,middle_dominant
P04081,0.33594408,3.38144809,-0.03800569,-0.54893485,middle,middle_dominant
P04082,0.33610559,3.3895266,-0.16645458,-0.33583212,middle,middle_dominant
P04083,0.3361875,3.37529995,-0.23324226,-0.32961271,middle,middle_dominant
P04084,0.33620138,3.34904822,-0.16117916,-0.39668163,middle,middle_dominant
P04085,0.33620509,3.28863416,-0.09626191,-0.54959272,middle,middle_dominant
P04086,0.33620785,3.32643009,-0.27231963,-0.52055251,middle,middle_dominant
P04087,0.33628458,3.39286252,-0.14889638,-0.30126724,middle,middle_dominant
P04088,0.33635605,3.38131375,0.11306598,-0.46232567,middle,middle_dominant
P04089,0.33640316,3.35583054,-0.15719188,-0.38714521,middle,middle_dominant
P04090,0.33641184,3.33367514,-5.17767704,-0.45647165,lower,middle_dominant
P04091,0.33642485,3.35654941,-0.01293727,-0.29989433,middle,middle_dominant
P04092,0.33652849,3.3710834,4.93293269,-0.32924299,upper,middle_dominant
P04093,0.33672638,3.39967001,0.01500783,-0.43510213,middle,middle_dominant
P04094,0.33674569,3.310917,-0.22518203,-0.51932774,middle,middle_dominant
P04095,0.33681132,3.37872718,4.96993525,-0.2548887,upper,middle_dominant
P04096,0.33682671,3.3488527,-0.19163142,-0.4454061,middle,middle_dominant
P04097,0.33684553,3.38568342,-4.94039251,-0.46695075,lower,middle_dominant
P04098,0.33758828,3.3923908,0.00770116,-0.28978027,middle,middle_dominant
P04099,0.33760837,3.39216465,-0.12564047,-0.47060745,middle,middle_dominant
P04100,0.33761105,3.38518228,-5.24845542,-0.37657278,lower,middle_dominant
P04101,0.33772107,3.36849635,0.00006891,-0.35186566,middle,middle_dominant
P04102,0.33774231,3.36427353,-0.24132153,-0.35142683,middle,middle_dominant
P04103,0.33780151,3.3841839,-5.15832296,-0.42968304,lower,middle_dominant
P04104,0.33787367,3.36909273,-0.11418125,-0.40843794,middle,middle_dominant
P04105,0.33787911,3.35226296,-0.06517078,-0.53015,middle,middle_dominant
P04106,0.3379112,3.35002,5.00877761,-0.26683635,upper,middle_dominant
P04107,0.3379166,3.37956078,-0.2750039,-0.45593853,middle,middle_dominant
P04108,0.33794338,3.3934242,-0.13124646,-0.36613872,middle,middle_dominant
P04109,0.3379674,3.37503818,-5.11795895,-0.39963017,lower,middle_dominant
P04110,0.33805753,3.39968917,-5.17759578,-0.40638234,lower,middle_dominant
P04111,0.33808046,3.38938827,-0.09487949,-0.45602006,middle,middle_dominant
P04112,0.33816129,3.38661191,-5.25534793,-0.34661834,lower,middle_dominant
P04113,0.33836619,3.39204523,-0.03564475,-0.4511283,middle,middle_dominant
P04114,0.33852244,3.37119105,-0.22762587,-0.37652899,middle,middle_dominant
P04115,0.33856931,3.42619869,-0.0902379,-0.52238234,middle,middle_dominant
P04116,0.33857928,3.39189677,-0.18430418,-0.4198584,middle,middle_dominant
P04117,0.33864187,3.3973491,-0.18805116,-0.4654325,middle,middle_dominant
P04118,0.33865343,3.40014161,-0.1110838,-0.23230974,middle,middle_dominant
P04119,0.33865957,3.42158841,-0.15166786,-0.50186886,middle,middle_dominant
P04120,0.33868836,3.39614302,4.91386752,-0.12682258,upper,middle_dominant
P04121,0.33872825,3.36749677,-0.14855481,-0.41668202,middle,middle_dominant
P04122,0.33881173,3.35665546,-0.18572737,-0.50070066,middle,middle_dominant
P04123,0.33889066,3.39430178,-0.22169104,-0.34431711,middle,middle_dominant
P04124,0.33907018,3.36359257,-0.15089226,-0.59657332,middle,middle_dominant
P04125,0.33910856,3.4266801,-0.18138207,-0.55924809,middle,middle_dominant
P04126,0.3391609,3.37595901,-0.1014152,-0.48488972,middle,middle_dominant
P04127,0.33919365,3.40750609,4.9436054,-0.23382041,upper,middle_dominant
P04128,0.33935737,3.36975796,-0.08971112,-0.43126516,middle,middle_dominant
P04129,0.33937386,3.38085912,-0.05489633,-0.59722529,middle,middle_dominant
P04130,0.33938509,3.3929406,-5.10390333,-0.58975188,lower,middle_dominant
P04131,0.33966326,3.3545237,-0.19549999,-0.54169961,middle,middle_dominant
P04132,0.33985492,3.40468769,-0.14294704,-0.33527535,middle,middle_dominant
P04133,0.33985529,3.38230766,-0.24272025,-0.37977207,middle,middle_dominant
P04134,0.33987147,3.41529529,-0.17292499,-0.36196803,middle,middle_dominant
P04135,0.33995574,3.39722887,-0.03868462,-0.34124873,middle,middle_dominant
P04136,0.34026958,3.37381896,-0.19102262,-0.43266725,middle,middle_dominant
P04137,0.34029262,3.39642771,-0.03256223,-0.49115953,middle,middle_dominant
P04138,0.34033839,3.40761758,4.92812351,-0.13757528,upper,middle_dominant
P04139,0.34068538,3.41301491,-0.26509761,-0.61633439,middle,middle_dominant
P04140,0.34072574,3.40482886,-5.23449415,-0.57738005,lower,middle_dominant
P04141,0.34072988,3.41732817,0.02988596,-0.52592852,middle,middle_dominant
P04142,0.34081121,3.39433096,-0.22722386,-0.44574124,middle,middle_dominant
P04143,0.34085819,3.440128,4.8583777,-0.18770241,upper,middle_dominant
P04144,0.34093227,3.39214565,0.01218213,-0.37569162,middle,middle_dominant
P04145,0.34097305,3.4228493,-0.11702643,-0.6327465,middle,middle_dominant
P04146,0.34101668,3.42765715,-0.13102022,-0.41355738,middle,middle_dominant
P04147,0.34103516,3.38775381,-0.12973125,-0.3064472,middle,middle_dominant
P04148,0.34125514,3.41281663,-0.05037648,-0.46313293,middle,middle_dominant
P04149,0.34125581,3.41383769,-0.17241909,-0.50415159,middle,middle_dominant
P04150,0.34135473,3.47078447,-0.10908615,-0.50156215,middle,middle_dominant
P04151,0.34137362,3.42646992,0.00602675,-0.42981193,middle,middle_dominant
P04152,0.34151586,3.41636313,-0.22527684,-0.39250993,middle,middle_dominant
P04153,0.34151975,3.41572717,-0.18662331,-0.41084358,middle,middle_dominant
P04154,0.34156669,3.46027765,-0.05500179,-0.51210913,middle,middle_dominant
P04155,0.34167741,3.43534753,-0.15177266,-0.4118844,middle,middle_dominant
P04156,0.34167859,3.47133549,-0.11073208,-0.46214566,middle,middle_dominant
P04157,0.34206879,3.42019979,-0.09532995,-0.26194904,middle,middle_dominant
P04158,0.3421024,3.41403922,-0.05816965,-0.22443388,middle,middle_dominant
P04159,0.34220494,3.46792105,-0.2045588,-0.46125524,middle,middle_dominant
P04160,0.34258366,3.43919001,-0.24916449,-0.43882509,middle,middle_dominant
P04161,0.342777,3.37535792,-0.18675249,-0.35675371,middle,middle_dominant
P04162,0.34281895,3.43424738,-5.19040187,-0.45798975,lower,middle_dominant
P04163,0.34289841,3.42225959,-0.08272271,-0.37395696,middle,middle_dominant
P04164,0.34294242,3.41967503,-0.18239452,-0.39651759,middle,middle_dominant
P04165,0.34328218,3.42656242,-0.12445433,-0.46225882,middle,middle_dominant
P04166,0.3433303,3.45037798,-0.17412113,-0.25218566,middle,middle_dominant
P04167,0.34333201,3.41572713,-5.17979817,-0.43227835,lower,middle_dominant
P04168,0.34343756,3.39315867,4.96768818,-0.19400556,upper,middle_dominant
P04169,0.34363754,3.4461093,-0.02410008,-0.33949876,middle,middle_dominant
P04170,0.34381661,3.44824294,-0.14947863,-0.31796096,middle,middle_dominant
P04171,0.34387968,3.50049489,-0.11358328,-0.50026065,middle,middle_dominant
P04172,0.34400213,3.45149961,-0.25979494,-0.33817375,middle,middle_dominant
P04173,0.34415775,3.46622699,0.07353441,-0.44710048,middle,middle_dominant
P04174,0.34441586,3.45341308,0.176317,-0.53100931,middle,middle_dominant
P04175,0.34452696,3.44171781,-0.2194714,-0.48095428,middle,middle_dominant
P04176,0.34453929,3.42569358,-0.19866611,-0.21396362,middle,middle_dominant
P04177,0.34458077,3.43697916,-0.01693561,-0.32131199,middle,middle_dominant
P04178,0.34494839,3.4696935,4.92827477,-0.19800224,upper,middle_dominant
P04179,0.34496936,3.47521811,-0.14568504,-0.4555559,middle,middle_dominant
P04180,0.34498047,3.4416473,-5.14064638,-0.35406905,lower,middle_dominant
P04181,0.34506052,3.49527596,-0.23810281,-0.4286846,middle,middle_dominant
P04182,0.34513036,3.43639535,-0.24125183,-0.45653409,middle,middle_dominant
P04183,0.34524288,3.38338108,-0.16642255,-0.41626491,middle,middle_dominant
P04184,0.34527366,3.41128538,-0.21979972,-0.6114738,middle,middle_dominant
P04185,0.3453045,3.40726451,-0.02013223,-0.36129167,middle,middle_dominant
P04186,0.34534512,3.46599926,0.08242877,-0.37839475,middle,middle_dominant
P04187,0.34553619,3.47747251,-0.12182361,-0.39530836,middle,middle_dominant
P04188,0.34562277,3.46607842,-0.13755678,-0.3713119,middle,middle_dominant
P04189,0.34579464,3.37945138,0.01129921,-0.36348146,middle,middle_dominant
P04190,0.3459135,3.4643138,-0.11640807,-0.49499187,middle,middle_dominant
P04191,0.34638541,3.46812739,-0.10642757,-0.28862083,middle,middle_dominant
P04192,0.34642734,3.46424508,-0.05205129,-0.44880569,middle,middle_dominant
P04193,0.34644768,3.45410285,-0.14599307,-0.30305891,middle,middle_dominant
P04194,0.34646523,3.47834864,-0.16242938,-0.41774551,middle,middle_dominant
P04195,0.34656558,3.49447588,0.12553895,-0.47764626,middle,middle_dominant
P04196,0.34659799,3.45794709,-0.08883651,-0.37408252,middle,middle_dominant
P04197,0.34661284,3.40736647,-0.29145219,-0.45045746,middle,middle_dominant
P04198,0.34662224,3.44571313,-0.02639332,-0.3009193,middle,middle_dominant
P04199,0.34674983,3.47332596,0.08023027,-0.47515623,middle,middle_dominant
P04200,0.34675534,3.50505,-0.19197849,-0.52456263,middle,middle_dominant
P04201,0.34680085,3.47975383,-0.11969044,-0.48411073,middle,middle_dominant
P04202,0.3469271,3.50978536,-0.02098681,-0.438297,middle,middle_dominant
P04203,0.34710063,3.43847161,-0.19283231,-0.47965015,middle,middle_dominant
P04204,0.34710129,3.43732583,-0.07039686,-0.5327001,middle,middle_dominant
P04205,0.34718547,3.46876338,-0.10845151,-0.50441245,middle,middle_dominant
P04206,0.34720194,3.43602321,-0.02093656,-0.49290151,middle,middle_dominant
P04207,0.34720917,3.47351506,-0.23778621,-0.33715936,middle,middle_dominant
P04208,0.34725646,3.44895758,-0.0854615,-0.48050926,middle,middle_dominant
P04209,0.34732248,3.4933329,4.87059877,-0.15727314,upper,middle_dominant
P04210,0.34768966,3.49647988,-0.07819261,-0.34515311,middle,middle_dominant
P04211,0.34789896,3.46760644,0.06079651,-0.57386972,middle,middle_dominant
P04212,0.34794803,3.45986645,0.03597367,-0.38375983,middle,middle_dominant
P04213,0.34813654,3.50618637,-0.13533158,-0.39439795,middle,middle_dominant
P04214,0.3481451,3.53468888,-0.14005795,-0.59874508,middle,middle_dominant
P04215,0.34815732,3.46045733,-0.18987805,-0.38078945,middle,middle_dominant
P04216,0.34838666,3.48671972,-0.0692649,-0.25501872,middle,middle_dominant
P04217,0.34839313,3.52963765,0.07943259,-0.52014386,middle,middle_dominant
P04218,0.34850346,3.48104459,-0.12501175,-0.26705215,middle,middle_dominant
P04219,0.34858626,3.45872192,-0.00687012,-0.38028473,middle,middle_dominant
P04220,0.34871446,3.49611197,-0.28984532,-0.50920298,middle,middle_dominant
P04221,0.34872468,3.50846146,-0.18342881,-0.38285316,middle,middle_dominant
P04222,0.34879701,3.51030319,-0.30584111,-0.51113514,middle,middle_dominant
P04223,0.34884963,3.48973131,-0.05725527,-0.57595906,middle,middle_dominant
P04224,0.34885333,3.50083217,-0.00349574,-0.55619818,middle,middle_dominant
P04225,0.34887785,3.50582409,-5.11191232,-0.44741744,lower,middle_dominant
P04226,0.34890215,3.49198758,-0.18486278,-0.31448083,middle,middle_dominant
P04227,0.34894365,3.45124916,-0.04832644,-0.30598803,middle,middle_dominant
P04228,0.34900686,3.51192266,-0.15002607,-0.35360727,middle,middle_dominant
P04229,0.34913061,3.52935824,-0.00585682,-0.413781,middle,middle_dominant
P04230,0.34927564,3.495013,-0.16244406,-0.4593485,middle,middle_dominant
P04231,0.34934352,3.47417862,-0.24876248,-0.33971076,middle,middle_dominant
P04232,0.34941016,3.45839159,-0.02916943,-0.49354105,middle,middle_dominant
P04233,0.34989523,3.52202983,-0.14321659,-0.3737011,middle,middle_dominant
P04234,0.34998835,3.52155096,-0.16728825,-0.34171947,middle,middle_dominant
P04235,0.35013216,3.49466822,-0.09243928,-0.51975465,middle,middle_dominant
P04236,0.35021466,3.5352128,-5.26787709,-0.47471384,lower,middle_dominant
P04237,0.3502617,3.45641388,-0.20428277,-0.48502254,middle,middle_dominant
P04238,0.35030142,3.50546379,-0.02170642,-0.49199928,middle,middle_dominant
P04239,0.35032255,3.48168729,0.07741867,-0.2385418,middle,middle_dominant
P04240,0.35049844,3.48561426,-0.01482303,-0.42070654,middle,middle_dominant
P04241,0.35057529,3.52779477,-0.18814124,-0.34610008,middle,middle_dominant
P04242,0.35058515,3.47263834,-0.22194879,-0.44749705,middle,middle_dominant
P04243,0.35063853,3.51616182,4.99227726,-0.13507021,upper,middle_dominant
P04244,0.35072655,3.52690603,-0.11544295,-0.45120208,middle,middle_dominant
P04245,0.3507721,3.53963491,-5.08586145,-0.52444655,lower,middle_dominant
P04246,0.35083554,3.5078288,0.03811158,-0.36566436,middle,middle_dominant
P04247,0.35096877,3.48539378,-0.27660865,-0.40030587,middle,middle_dominant
P04248,0.35097295,3.493088,-0.08496175,-0.47759785,middle,middle_dominant
P04249,0.35117147,3.46322046,0.00574133,-0.36493599,middle,middle_dominant
P04250,0.35129053,3.54832509,-5.11485061,-0.47246155,lower,middle_dominant
P04251,0.35135379,3.49906552,-0.07562335,-0.38259667,middle,middle_dominant
P04252,0.35146451,3.55274707,-0.06138523,-0.48246549,middle,middle_dominant
P04253,0.35146576,3.53737009,-0.01899364,-0.38865861,middle,middle_dominant
P04254,0.35155508,3.48631631,-0.10605624,-0.45132823,middle,middle_dominant
P04255,0.3516052,3.53721542,-5.10979247,-0.54586196,lower,middle_dominant
P04256,0.35164391,3.50747885,0.07325422,-0.43130965,middle,middle_dominant
P04257,0.35167181,3.50579744,-0.14076183,-0.42860504,middle,middle_dominant
P04258,0.35168556,3.46075185,-0.20121471,-0.34603533,middle,middle_dominant
P04259,0.35183474,3.53338649,-0.20110702,-0.37362958,middle,middle_dominant
P04260,0.35188686,3.54067663,0.06045469,-0.5353435,middle,middle_dominant
P04261,0.35199102,3.52232323,0.17621435,-0.41702311,middle,middle_dominant
P04262,0.35209551,3.52709318,-0.07698353,-0.4049795,middle,middle_dominant
P04263,0.35211147,3.49533166,-0.01566764,-0.28465313,middle,middle_dominant
P04264,0.35217791,3.54949688,-0.03494328,-0.4068768,middle,middle_dominant
P04265,0.35218715,3.55741586,-0.0668395,-0.54731568,middle,middle_dominant
P04266,0.35226519,3.54347355,-0.13250753,-0.32727806,middle,middle_dominant
P04267,0.35228847,3.49156309,-0.15326737,-0.40494859,middle,middle_dominant
P04268,0.35232747,3.55706862,-0.09853741,-0.34199091,middle,middle_dominant
P04269,0.35253611,3.52596219,-0.17439953,-0.42772694,middle,middle_dominant
P04270,0.35272453,3.50546873,-0.13162077,-0.51479814,middle,middle_dominant
P04271,0.35293574,3.53493337,-5.22371234,-0.5579372,lower,middle_dominant
P04272,0.35307088,3.48911475,-5.16801539,-0.3218683,lower,middle_dominant
P04273,0.35324552,3.56203433,-0.02650377,-0.3525867,middle,middle_dominant
P04274,0.35324703,3.53123114,0.03974174,-0.38596497,middle,middle_dominant
P04275,0.35326814,3.56182623,0.09671279,-0.36779088,middle,middle_dominant
P04276,0.35341893,3.54200844,-0.28002917,-0.36273698,middle,middle_dominant
P04277,0.35358733,3.5199582,-0.06899773,-0.49103268,middle,middle_dominant
P04278,0.3536339,3.53474237,-0.14331695,-0.49765977,middle,middle_dominant
P04279,0.35367583,3.54319893,-0.13957286,-0.2107246,middle,middle_dominant
P04280,0.35370286,3.51511232,-0.14873671,-0.37172884,middle,middle_dominant
P04281,0.35371161,3.52472877,-0.03333577,-0.48148557,middle,middle_dominant
P04282,0.3538481,3.55876182,-0.20832082,-0.2559554,middle,middle_dominant
P04283,0.35410773,3.51451762,-0.14809921,-0.3527467,middle,middle_dominant
P04284,0.35417029,3.54024242,-0.07465582,-0.33208259,middle,middle_dominant
P04285,0.35445037,3.50502537,-0.0700313,-0.29705505,middle,middle_dominant
P04286,0.35455175,3.55056916,4.91056054,-0.11701273,upper,middle_dominant
P04287,0.35458598,3.5303788,-0.16705235,-0.34525061,middle,middle_dominant
P04288,0.3546964,3.56771251,-0.18157707,-0.46308259,middle,middle_dominant
P04289,0.35479257,3.56476312,0.02258378,-0.37885469,middle,middle_dominant
P04290,0.35494818,3.59318275,-0.05346147,-0.34666637,middle,middle_dominant
P04291,0.35496575,3.55822758,-0.17446831,-0.42003289,middle,middle_dominant
P04292,0.3550448,3.523352,-0.05097971,-0.37744213,middle,middle_dominant
P04293,0.35507365,3.5703599,-0.18687316,-0.40356785,middle,middle_dominant
P04294,0.35507969,3.5322333,4.98224053,-0.08330994,upper,middle_dominant
P04295,0.35521034,3.51270937,-0.16619647,-0.39978339,middle,middle_dominant
P04296,0.35530601,3.56941897,-5.13370097,-0.54300329,lower,middle_dominant
P04297,0.35536013,3.56346329,-0.11008729,-0.37332627,middle,middle_dominant
P04298,0.35542324,3.54668956,-0.11558801,-0.37621065,middle,middle_dominant
P04299,0.35562001,3.60532968,-5.20385597,-0.39588635,lower,middle_dominant
P04300,0.35567817,3.54656256,-0.1376067,-0.42145646,middle,middle_dominant
P04301,0.35568179,3.5192715,-5.20810805,-0.4856239,lower,middle_dominant
P04302,0.35605741,3.56112428,-0.32536253,-0.39286723,middle,middle_dominant
P04303,0.35605981,3.55847228,-0.12873613,-0.42251748,middle,middle_dominant
P04304,0.35607957,3.56621622,-0.05681357,-0.42091227,middle,middle_dominant
P04305,0.35617676,3.60240004,-0.04703267,-0.35896282,middle,middle_dominant
P04306,0.35622346,3.55293533,-0.04474325,-0.4753421,middle,middle_dominant
P04307,0.35622387,3.54714082,5.08471489,-0.25588481,upper,middle_dominant
P04308,0.35630284,3.56371033,-0.13593358,-0.38730513,middle,middle_dominant
P04309,0.3563771,3.56597679,-0.16782501,-0.3866187,middle,middle_dominant
P04310,0.35639812,3.55318159,-0.12709342,-0.49208679,middle,middle_dominant
P04311,0.35642358,3.51815654,-0.08326983,-0.45639483,middle,middle_dominant
P04312,0.35642992,3.58750091,-0.11787826,-0.18954867,middle,middle_dominant
P04313,0.35667906,3.59710354,-5.1346647,-0.45505,lower,middle_dominant
P04314,0.35673411,3.61687833,4.92100551,-0.11776909,upper,middle_dominant
P04315,0.35721939,3.54232248,-0.18787346,-0.382529,middle,middle_dominant
P04316,0.35734048,3.55711154,-0.09814931,-0.36960546,middle,middle_dominant
P04317,0.35748766,3.61404058,-5.15580594,-0.40773853,lower,middle_dominant
P04318,0.35751309,3.6271611,-5.11226243,-0.2137097,lower,middle_dominant
P04319,0.35759177,3.59799329,-0.16607684,-0.16042725,middle,middle_dominant
P04320,0.35765841,3.60403116,-0.11335567,-0.41015302,middle,middle_dominant
P04321,0.35777943,3.58318127,-0.13135859,-0.43453693,middle,middle_dominant
P04322,0.35779287,3.60401476,-0.17472062,-0.34625492,middle,middle_dominant
P04323,0.35780152,3.58066539,-0.01915307,-0.50638772,middle,middle_dominant
P04324,0.35781286,3.5554597,-0.22012772,-0.39428232,middle,middle_dominant
P04325,0.3579067,3.59336729,-0.01893451,-0.49523385,middle,middle_dominant
P04326,0.3579641,3.62041168,-0.01874941,-0.30413473,middle,middle_dominant
P04327,0.35798586,3.56041031,-0.03640343,-0.3213287,middle,middle_dominant
P04328,0.35811914,3.5450012,5.00608601,-0.06416061,upper,middle_dominant
P04329,0.35820205,3.6232218,4.92173463,-0.12722704,upper,middle_dominant
P04330,0.35821408,3.60498069,-5.11292789,-0.41046251,lower,middle_dominant
P04331,0.35846189,3.59425869,-0.13153736,-0.45190829,middle,middle_dominant
P04332,0.35862394,3.59655745,0.07341185,-0.45776481,middle,middle_dominant
P04333,0.35868196,3.57271307,-0.05009985,-0.32092288,middle,middle_dominant
P04334,0.35869307,3.52919203,-0.32340134,-0.30651085,middle,middle_dominant
P04335,0.35869828,3.56607971,-0.05548315,-0.52308027,middle,middle_dominant
P04336,0.35886601,3.56803869,-0.15552213,-0.44459499,middle,middle_dominant
P04337,0.35902979,3.53925041,-5.01302487,-0.54582963,lower,middle_dominant
P04338,0.35906485,3.60647763,5.02990045,-0.28692897,upper,middle_dominant
P04339,0.35926695,3.57113752,-0.04913321,-0.35914592,middle,middle_dominant
P04340,0.35934011,3.57657153,-0.07098371,-0.53876784,middle,middle_dominant
P04341,0.35935223,3.58498297,-0.09416926,-0.37714885,middle,middle_dominant
P04342,0.35939849,3.55934285,-0.30225324,-0.37996171,middle,middle_dominant
P04343,0.35947956,3.61048023,0.02962674,-0.24928267,middle,middle_dominant
P04344,0.3595204,3.60231921,4.85943971,-0.13427424,upper,middle_dominant
P04345,0.35966457,3.5792553,-5.23828702,-0.420678,lower,middle_dominant
P04346,0.35973966,3.63299751,-0.14801049,-0.36378854,middle,middle_dominant
P04347,0.35975576,3.61438827,-0.14428647,-0.28938049,middle,middle_dominant
P04348,0.35976644,3.56986718,-0.0792174,-0.49375283,middle,middle_dominant
P04349,0.35980152,3.60519124,-0.30860073,-0.47091331,middle,middle_dominant
P04350,0.35981432,3.56708931,-0.01771561,-0.57540146,middle,middle_dominant
P04351,0.35986666,3.58940968,-0.13255557,-0.12700168,middle,middle_dominant
P04352,0.35988954,3.64955471,-0.34263881,-0.36690537,middle,middle_dominant
P04353,0.35999571,3.63088354,-0.08175956,-0.37866259,middle,middle_dominant
P04354,0.36000056,3.60831989,-5.25062188,-0.45920476,lower,middle_dominant
P04355,0.36000185,3.57778899,0.05554771,-0.17982187,middle,middle_dominant
P04356,0.36006856,3.63161165,0.00896053,-0.35512025,middle,middle_dominant
P04357,0.36018993,3.59540471,-0.07341976,-0.38905546,middle,middle_dominant
P04358,0.36029741,3.59477731,0.08032035,-0.3372389,middle,middle_dominant
P04359,0.36038659,3.6269165,-0.20531413,-0.1933684,middle,middle_dominant
P04360,0.36044329,3.61937349,-0.121659,-0.37029824,middle,middle_dominant
P04361,0.36048445,3.67292606,-4.92540661,-0.43585683,lower,middle_dominant
P04362,0.36055514,3.5901904,-0.01626127,-0.34412578,middle,middle_dominant
P04363,0.36058627,3.5950796,-0.21888483,-0.44805968,middle,middle_dominant
P04364,0.36058711,3.62483494,-0.09477105,-0.30791704,middle,middle_dominant
P04365,0.36065464,3.59316166,-0.18669444,-0.44774989,middle,middle_dominant
P04366,0.36092174,3.62370156,5.06627877,-0.13788699,upper,middle_dominant
P04367,0.36136734,3.59655338,-5.03360271,-0.44523934,lower,middle_dominant
P04368,0.36139009,3.61668196,-0.08198568,-0.46288479,middle,middle_dominant
P04369,0.36148845,3.64713686,-0.18018943,-0.35091369,middle,middle_dominant
P04370,0.36165878,3.59457706,-0.20281555,-0.35081949,middle,middle_dominant
P04371,0.36167071,3.64466869,-0.15731544,-0.38063646,middle,middle_dominant
P04372,0.36176993,3.63984418,0.05786977,-0.33188615,middle,middle_dominant
P04373,0.36184091,3.61307689,-5.10090443,-0.55606689,lower,middle_dominant
P04374,0.36190607,3.62485409,-0.16485058,-0.33431993,middle,middle_dominant
P04375,0.36191171,3.58694962,-0.08251906,-0.29706188,middle,middle_dominant
P04376,0.36193389,3.62391443,-0.25793093,-0.29756858,middle,middle_dominant
P04377,0.36194023,3.63472802,-0.14629158,-0.30811944,middle,middle_dominant
P04378,0.36212445,3.58956847,0.02785795,-0.25009223,middle,middle_dominant
P04379,0.36220802,3.63821923,-0.25274695,-0.36565688,middle,middle_dominant
P04380,0.36231197,3.61372434,-0.11457623,-0.36290722,middle,middle_dominant
P04381,0.36260604,3.61911583,-0.07450977,-0.36087729,middle,middle_dominant
P04382,0.36265089,3.62182948,-5.01643928,-0.4720659,lower,middle_dominant
P04383,0.36270456,3.63981811,-0.06154769,-0.31248108,middle,middle_dominant
P04384,0.36270942,3.64114952,-0.20462177,-0.34079876,middle,middle_dominant
P04385,0.36276914,3.63969008,4.93122947,-0.08612094,upper,middle_dominant
P04386,0.36276935,3.63398185,-0.23838582,-0.47470401,middle,middle_dominant
P04387,0.36295127,3.66721058,-0.12112924,-0.39725642,middle,middle_dominant
P04388,0.36295978,3.60343212,-0.24105393,-0.40291296,middle,middle_dominant
P04389,0.36297281,3.59234289,-0.09836261,-0.2794973,middle,middle_dominant
P04390,0.36306278,3.61703042,0.01610102,-0.46707428,middle,middle_dominant
P04391,0.36307165,3.61063885,-0.11698839,-0.37361966,middle,middle_dominant
P04392,0.36309881,3.58965703,0.01760341,-0.40805564,middle,middle_dominant
P04393,0.36319881,3.60100666,-0.12310273,-0.40658994,middle,middle_dominant
P04394,0.36321583,3.6606499,-0.15261373,-0.37882911,middle,middle_dominant
P04395,0.36322549,3.63175818,0.09035949,-0.42408738,middle,middle_dominant
P04396,0.36324139,3.61634606,-0.20709331,-0.41203256,middle,middle_dominant
P04397,0.36329841,3.61050155,0.09140709,-0.43012856,middle,middle_dominant
P04398,0.36342583,3.6586961,-0.20772576,-0.16226049,middle,middle_dominant
P04399,0.36347452,3.62731248,0.1667079,-0.38083053,middle,middle_dominant
P04400,0.36352076,3.66218765,-0.16176137,-0.42561944,middle,middle_dominant
P04401,0.36382025,3.67213153,0.04327214,-0.41328115,middle,middle_dominant
P04402,0.36389964,3.55197881,-0.15371873,-0.35993263,middle,middle_dominant
P04403,0.36395569,3.68431815,0.01185688,-0.48960702,middle,middle_dominant
P04404,0.36407101,3.63271717,-0.22109729,-0.42021816,middle,middle_dominant
P04405,0.36416278,3.60898222,-0.30756881,-0.28257972,middle,middle_dominant
P04406,0.36420411,3.59446962,-0.13943565,-0.44076536,middle,middle_dominant
P04407,0.3642171,3.65480806,-0.01318964,-0.36946288,middle,middle_dominant
P04408,0.36422483,3.63955767,-0.21526651,-0.43422447,middle,middle_dominant
P04409,0.36434088,3.62524468,-0.11061017,-0.28863944,middle,middle_dominant
P04410,0.36436386,3.67689834,-0.09133846,-0.29843152,middle,middle_dominant
P04411,0.36438361,3.63137157,-0.03273776,-0.23263121,middle,middle_dominant
P04412,0.36438438,3.61950597,4.92369134,-0.16931082,upper,middle_dominant
P04413,0.36447018,3.60231977,0.03598132,-0.49858306,middle,middle_dominant
P04414,0.36448811,3.66274683,0.062356,-0.42262851,middle,middle_dominant
P04415,0.3645113,3.65910149,-0.27492454,-0.34946044,middle,middle_dominant
P04416,0.3645148,3.64187467,-0.14709085,-0.38846507,middle,middle_dominant
P04417,0.36464375,3.63688543,0.0048044,-0.34811489,middle,middle_dominant
P04418,0.364823,3.65207072,-0.12560513,-0.39453366,middle,middle_dominant
P04419,0.36499262,3.64057073,-0.19830478,-0.22112793,middle,middle_dominant
P04420,0.36501132,3.66709092,0.06061403,-0.42609101,middle,middle_dominant
P04421,0.36506718,3.63356865,-0.01216392,-0.39154559,middle,middle_dominant
P04422,0.36527337,3.62841487,-0.20246858,-0.40994162,middle,middle_dominant
P04423,0.36528793,3.63599831,-0.26689915,-0.44700558,middle,middle_dominant
P04424,0.36535074,3.62533439,-0.21615123,-0.39872028,middle,middle_dominant
P04425,0.36535215,3.65046998,5.1186038,-0.15022222,upper,middle_dominant
P04426,0.36537076,3.6805632,-0.22085859,-0.29529737,middle,middle_dominant
P04427,0.36538508,3.65264776,-0.04199567,-0.43157032,middle,middle_dominant
P04428,0.36544804,3.653045,-0.10870274,-0.30733097,middle,middle_dominant
P04429,0.36559729,3.65999306,-0.12003863,-0.29760276,middle,middle_dominant
P04430,0.36568071,3.61256042,-0.01199863,-0.20631761,middle,middle_dominant
P04431,0.365722,3.63741652,-0.16865746,-0.37488885,middle,middle_dominant
P04432,0.3657545,3.65313792,-0.04813656,-0.47122422,middle,middle_dominant
P04433,0.36586331,3.65656754,5.07991449,-0.06995312,upper,middle_dominant
P04434,0.36601472,3.68582175,-0.14956684,-0.20958205,middle,middle_dominant
P04435,0.36617904,3.68096987,-0.0167615,-0.52994797,middle,middle_dominant
P04436,0.36629996,3.65779245,-0.10423024,-0.43157747,middle,middle_dominant
P04437,0.36632726,3.69246682,-0.23366241,-0.43411442,middle,middle_dominant
P04438,0.36635374,3.67765237,-0.13694758,-0.34347826,middle,middle_dominant
P04439,0.36656333,3.65987383,-0.17510089,-0.37721039,middle,middle_dominant
P04440,0.36661642,3.6521473,-0.15365454,-0.39869133,middle,middle_dominant
P04441,0.36672764,3.67869069,-0.05566651,-0.46226042,middle,middle_dominant
P04442,0.36677726,3.69812646,4.8940659,-0.00315755,upper,middle_dominant
P04443,0.3668061,3.70597239,-0.13448914,-0.49915409,middle,middle_dominant
P04444,0.36687328,3.67348658,-0.05862746,-0.34928091,middle,middle_dominant
P04445,0.36690925,3.66992529,0.04379941,-0.38716026,middle,middle_dominant
P04446,0.36697014,3.65456283,-0.1367747,-0.18766773,middle,middle_dominant
P04447,0.36723178,3.65386344,-0.11261946,-0.34532582,middle,middle_dominant
P04448,0.36723367,3.68211784,0.02417253,-0.50466473,middle,middle_dominant
P04449,0.36724242,3.65122778,-0.21508396,-0.49166608,middle,middle_dominant
P04450,0.36751956,3.6844931,-0.24888277,-0.37590899,middle,middle_dominant
P04451,0.36757449,3.65308287,0.10350852,-0.42991446,middle,middle_dominant
P04452,0.3676414,3.67378462,4.77368417,0.03105637,upper,middle_dominant
P04453,0.36765918,3.69526524,-0.21663069,-0.28346167,middle,middle_dominant
P04454,0.36767091,3.72370489,-0.06815967,-0.3029649,middle,middle_dominant
P04455,0.36770128,3.63725789,-5.2659313,-0.48590591,lower,middle_dominant
P04456,0.36772891,3.73035767,-5.06324119,-0.56492942,lower,middle_dominant
P04457,0.36786736,3.68809735,0.00470275,-0.40098414,middle,middle_dominant
P04458,0.36787241,3.67020936,0.04350231,-0.41303524,middle,middle_dominant
P04459,0.36790959,3.66287619,-0.09786919,-0.25785692,middle,middle_dominant
P04460,0.36820535,3.64850095,0.05908499,-0.26073027,middle,middle_dominant
P04461,0.3682146,3.66837626,0.1644521,-0.13355143,middle,middle_dominant
P04462,0.36838163,3.67726877,-0.14524698,-0.49079459,middle,middle_dominant
P04463,0.36846914,3.65651013,-0.12735089,-0.2874503,middle,middle_dominant
P04464,0.36851984,3.68528596,-0.12194505,-0.39356533,middle,middle_dominant
P04465,0.36864213,3.69178889,0.10001524,-0.25086875,middle,middle_dominant
P04466,0.36865347,3.69458852,-0.15733467,-0.27925753,middle,middle_dominant
P04467,0.36878852,3.68245798,-0.09134007,-0.37476713,middle,middle_dominant
P04468,0.36892829,3.69605262,-0.10714115,-0.27190958,middle,middle_dominant
P04469,0.36908481,3.68405723,-0.22746068,-0.46348443,middle,middle_dominant
P04470,0.36926453,3.70863134,-0.1231003,-0.40696485,middle,middle_dominant
P04471,0.3693067,3.68623876,-0.04717046,-0.26168737,middle,middle_dominant
P04472,0.36934338,3.71378236,-0.2460151,-0.36997719,middle,middle_dominant
P04473,0.36951079,3.69445319,-0.08014932,-0.48571565,middle,middle_dominant
P04474,0.36957681,3.67816406,-0.07196774,-0.24344756,middle,middle_dominant
P04475,0.36961603,3.69904692,0.03995019,-0.40799056,middle,middle_dominant
P04476,0.36962833,3.68791076,4.89300382,-0.0406173,upper,middle_dominant
P04477,0.36967687,3.688725,4.99669795,-0.11310145,upper,middle_dominant
P04478,0.36982005,3.69311463,-5.08194272,-0.35703248,lower,middle_dominant
P04479,0.36985288,3.67582061,-0.02026843,-0.37621432,middle,middle_dominant
P04480,0.36985571,3.70774178,-0.22920646,-0.38219651,middle,middle_dominant
P04481,0.36989349,3.71681227,-0.04310762,-0.32509965,middle,middle_dominant
P04482,0.37014499,3.66936252,0.10497556,-0.28055044,middle,middle_dominant
P04483,0.37037209,3.72178616,-0.00744785,-0.33736038,middle,middle_dominant
P04484,0.37037737,3.66103181,-0.10807958,-0.42198234,middle,middle_dominant
P04485,0.37039517,3.75977192,-0.2440862,-0.33749384,middle,middle_dominant
P04486,0.37046422,3.71440805,-5.11395378,-0.33672906,lower,middle_dominant
P04487,0.37048831,3.66775894,0.1051442,-0.21468192,middle,middle_dominant
P04488,0.37052759,3.66983152,-0.14309793,-0.32096766,middle,middle_dominant
P04489,0.37074387,3.73000728,-0.1328299,-0.53929806,middle,middle_dominant
P04490,0.37080508,3.70487648,-5.27066652,-0.47761323,lower,middle_dominant
P04491,0.37080603,3.74733252,0.02739555,-0.27201546,middle,middle_dominant
P04492,0.37081588,3.69579575,4.93879102,-0.06696764,upper,middle_dominant
P04493,0.37086092,3.71782294,-0.15156486,-0.31386033,middle,middle_dominant
P04494,0.37092707,3.73622117,4.99852885,-0.15870585,upper,middle_dominant
P04495,0.37103408,3.71293818,0.1159493,-0.43044207,middle,middle_dominant
P04496,0.37104193,3.71581314,-0.13253367,-0.31259766,middle,middle_dominant
P04497,0.37112859,3.70738326,5.06754723,-0.22188087,upper,middle_dominant
P04498,0.37123514,3.74838199,-0.32323049,-0.34080873,middle,middle_dominant
P04499,0.3713393,3.75284127,-0.12262577,-0.48116632,middle,middle_dominant
P04500,0.37138568,3.7626321,-0.05166772,-0.31924336,middle,middle_dominant
P04501,0.3714248,3.69529346,-0.0324214,-0.26669564,middle,middle_dominant
P04502,0.37145939,3.68241452,-0.15661477,-0.30396246,middle,middle_dominant
P04503,0.37155028,3.75141804,-0.13683091,-0.30287018,middle,middle_dominant
P04504,0.371654,3.67578808,-0.2023123,-0.22933113,middle,middle_dominant
P04505,0.37167679,3.73060319,-0.04839917,-0.45645951,middle,middle_dominant
P04506,0.37169604,3.72388096,-0.18354384,-0.19357382,middle,middle_dominant
P04507,0.37171103,3.73445334,-0.0335822,-0.24067354,middle,middle_dominant
P04508,0.37178119,3.70114306,-0.14767672,-0.43648182,middle,middle_dominant
P04509,0.37191448,3.73162989,-0.08696787,-0.26552959,middle,middle_dominant
P04510,0.37197244,3.71120383,-0.02528331,-0.21654015,middle,middle_dominant
P04511,0.37205362,3.67302556,-0.08723637,-0.38719902,middle,middle_dominant
P04512,0.37217603,3.71069981,-0.14247448,-0.28356254,middle,middle_dominant
P04513,0.37244211,3.71657248,-0.12782107,-0.46998342,middle,middle_dominant
P04514,0.37274046,3.73822578,-0.01226219,-0.15435268,middle,middle_dominant
P04515,0.37291636,3.71718725,-0.07971868,-0.30670016,middle,middle_dominant
P04516,0.37293204,3.75405949,-0.03300954,-0.3435194,middle,middle_dominant
P04517,0.37293391,3.76955214,-0.13656252,-0.36923839,middle,middle_dominant
P04518,0.37297749,3.72569359,-0.04790362,-0.46308991,middle,middle_dominant
P04519,0.37310523,3.72874228,-0.13467517,-0.30862089,middle,middle_dominant
P04520,0.37330637,3.70107737,0.01705798,-0.21937101,middle,middle_dominant
P04521,0.37331924,3.73374069,-0.06719124,-0.25992387,middle,middle_dominant
P04522,0.37334453,3.7647236,-0.20782774,-0.43006518,middle,middle_dominant
P04523,0.37343469,3.72961738,-0.27914493,-0.24512832,middle,middle_dominant
P04524,0.37343525,3.73786412,-0.23923642,-0.60627231,middle,middle_dominant
P04525,0.37357747,3.75301743,-0.10353571,-0.38467726,middle,middle_dominant
P04526,0.37369027,3.69719089,-0.18810238,-0.2761582,middle,middle_dominant
P04527,0.37377382,3.71186783,-0.10379349,-0.28470534,middle,middle_dominant
P04528,0.37379954,3.74378703,-5.29200892,-0.37836383,lower,middle_dominant
P04529,0.37388384,3.74226836,-0.35836283,-0.38428408,middle,middle_dominant
P04530,0.37393318,3.74916251,-0.14396089,-0.4194165,middle,middle_dominant
P04531,0.3739605,3.72668123,-0.16731072,-0.33222683,middle,middle_dominant
P04532,0.37403448,3.76501683,-0.09123415,-0.24364254,middle,middle_dominant
P04533,0.37403769,3.76306042,-0.07989844,-0.36330737,middle,middle_dominant
P04534,0.37413068,3.749515,-0.07035808,-0.50250257,middle,middle_dominant
P04535,0.37413383,3.72162761,-0.17247981,-0.41642126,middle,middle_dominant
P04536,0.37417322,3.70976343,-0.28662844,-0.27756587,middle,middle_dominant
P04537,0.37418084,3.77727587,0.00050067,-0.35088285,middle,middle_dominant
P04538,0.37418953,3.69859668,-0.08690232,-0.36020464,middle,middle_dominant
P04539,0.37419074,3.75309133,-0.10657216,-0.24115594,middle,middle_dominant
P04540,0.37420897,3.7126642,0.04133344,-0.33133467,middle,middle_dominant
P04541,0.3743877,3.73288639,-0.10083297,-0.3215752,middle,middle_dominant
P04542,0.37441522,3.76834426,-0.19596209,-0.28637153,middle,middle_dominant
P04543,0.37444107,3.72995618,0.05496178,-0.32448695,middle,middle_dominant
P04544,0.37447137,3.7503552,-0.00955549,-0.16945506,middle,middle_dominant
P04545,0.37465031,3.74956021,-5.13902317,-0.42230073,lower,middle_dominant
P04546,0.37471774,3.76451242,5.1552534,0.04259105,upper,middle_dominant
P04547,0.37477038,3.77756511,-0.096889,-0.37818186,middle,middle_dominant
P04548,0.37481927,3.78156131,-0.18776933,-0.3763987,middle,middle_dominant
P04549,0.37487421,3.76166436,0.00004312,-0.22841587,middle,middle_dominant
P04550,0.37499498,3.7512448,0.13791265,-0.35853453,middle,middle_dominant
P04551,0.37501496,3.73754672,-0.07473954,-0.3343452,middle,middle_dominant
P04552,0.37506017,3.77891906,-0.1076246,-0.38584234,middle,middle_dominant
P04553,0.37507224,3.68592426,-0.04628551,-0.28769332,middle,middle_dominant
P04554,0.37517644,3.76662471,-0.17293777,-0.35859672,middle,middle_dominant
P04555,0.37518058,3.77405779,-0.03788374,-0.27936362,middle,middle_dominant
P04556,0.37534234,3.75585502,-0.20483879,-0.18837636,middle,middle_dominant
P04557,0.37545025,3.7832572,0.04743181,-0.4167535,middle,middle_dominant
P04558,0.37555671,3.72173016,-5.05715854,-0.49764512,lower,middle_dominant
P04559,0.37561023,3.71234122,-0.15168349,-0.26936263,middle,middle_dominant
P04560,0.37568553,3.72458519,-0.13975603,-0.41287977,middle,middle_dominant
P04561,0.37576227,3.77651326,-0.05203982,-0.21527798,middle,middle_dominant
P04562,0.37578115,3.78576588,0.03893999,-0.30262756,middle,middle_dominant
P04563,0.37587736,3.78176485,0.03216377,-0.31924451,middle,middle_dominant
P04564,0.37589026,3.76805188,0.031175,-0.33941742,middle,middle_dominant
P04565,0.37594332,3.74500372,-0.20925995,-0.25124712,middle,middle_dominant
P04566,0.37604747,3.79774094,-0.08712075,-0.29607917,middle,middle_dominant
P04567,0.37605174,3.75753248,-0.21598342,-0.39438727,middle,middle_dominant
P04568,0.37619748,3.77228676,-5.1519063,-0.3643581,lower,middle_dominant
P04569,0.37626887,3.78361772,-0.06252242,-0.40235429,middle,middle_dominant
P04570,0.37630492,3.74157273,-0.09175264,-0.36507936,middle,middle_dominant
P04571,0.37638676,3.77585327,-5.08748468,-0.47182007,lower,middle_dominant
P04572,0.3764298,3.7454519,-0.10682253,-0.34515709,middle,middle_dominant
P04573,0.37654191,3.75496668,-0.10669902,-0.51666597,middle,middle_dominant
P04574,0.37664459,3.79291582,5.02143597,-0.23351102,upper,middle_dominant
P04575,0.37666939,3.77424074,-0.01583097,-0.34063408,middle,middle_dominant
P04576,0.37672635,3.76303903,0.09298044,-0.41124484,middle,middle_dominant
P04577,0.37672891,3.77844322,-0.06491234,-0.31650004,middle,middle_dominant
P04578,0.37673032,3.74795857,-0.02759637,-0.32223838,middle,middle_dominant
P04579,0.3768056,3.7743771,4.85923738,0.01638657,upper,middle_dominant
P04580,0.37685137,3.76739155,-0.12942008,-0.21384577,middle,middle_dominant
P04581,0.3768929,3.80382013,-0.03657886,-0.19251591,middle,middle_dominant
P04582,0.37708963,3.74486874,-5.09850837,-0.52547254,lower,middle_dominant
P04583,0.37710247,3.79864106,-0.12273987,-0.33040416,middle,middle_dominant
P04584,0.37714341,3.7566017,4.83472776,-0.00816541,upper,middle_dominant
P04585,0.37714952,3.76176132,-0.19952929,-0.35829523,middle,middle_dominant
P04586,0.37723138,3.76906923,-0.16792951,-0.44113167,middle,middle_dominant
P04587,0.3772508,3.77552,-5.14042976,-0.36565649,lower,middle_dominant
P04588,0.37730474,3.75986149,5.09574659,0.10133688,upper,middle_dominant
P04589,0.37734765,3.7898558,-0.13442007,-0.33064366,middle,middle_dominant
P04590,0.37734991,3.82189713,-0.21397309,-0.42576036,middle,middle_dominant
P04591,0.37740135,3.73426363,-0.08201431,-0.30704883,middle,middle_dominant
P04592,0.37740665,3.73223421,-0.07664672,-0.33752892,middle,middle_dominant
P04593,0.37763243,3.80929553,4.93224909,-0.03023617,upper,middle_dominant
P04594,0.37767582,3.76449172,0.04051068,-0.36936003,middle,middle_dominant
P04595,0.37776792,3.76818082,-0.04517908,-0.32249549,middle,middle_dominant
P04596,0.37778204,3.76789277,-0.21358808,-0.21836404,middle,middle_dominant
P04597,0.37780789,3.82177974,-0.01989813,-0.26693495,middle,middle_dominant
P04598,0.37801403,3.75621189,0.04321899,-0.1520064,middle,middle_dominant
P04599,0.37808095,3.79949224,0.08948688,-0.19155488,middle,middle_dominant
P04600,0.37808575,3.76978484,4.89543643,0.02451526,upper,middle_dominant
P04601,0.37836102,3.79242025,-0.09532467,-0.36352822,middle,middle_dominant
P04602,0.37844226,3.77890576,-0.15450434,-0.2734275,middle,middle_dominant
P04603,0.3786416,3.73249036,-0.08271127,-0.42965552,middle,middle_dominant
P04604,0.37870714,3.7659686,-0.1402822,-0.39479265,middle,middle_dominant
P04605,0.37898185,3.80895861,0.03350725,-0.32003868,middle,middle_dominant
P04606,0.37900128,3.80790385,-0.011918,-0.3830385,middle,middle_dominant
P04607,0.37905268,3.78910586,-0.03103644,-0.26283345,middle,middle_dominant
P04608,0.37914842,3.77176473,0.083773,-0.33241737,middle,middle_dominant
P04609,0.3791594,3.80861415,5.21234426,0.05274589,upper,middle_dominant
P04610,0.37917775,3.77487923,-0.07915714,-0.44095538,middle,middle_dominant
P04611,0.37925778,3.76516687,-0.19846811,-0.22049593,middle,middle_dominant
P04612,0.37941781,3.76466857,-0.06091663,-0.31108476,middle,middle_dominant
P04613,0.37944706,3.82413363,-5.0980202,-0.57162254,lower,middle_dominant
P04614,0.37948324,3.79643261,-0.17665598,-0.299437,middle,middle_dominant
P04615,0.37960554,3.81188206,-0.06549715,-0.31599947,middle,middle_dominant
P04616,0.37968509,3.76792788,-0.07454131,-0.28189347,middle,middle_dominant
P04617,0.37970393,3.77422584,-0.09785247,-0.3393288,middle,middle_dominant
P04618,0.379789,3.79643124,-5.02720999,-0.5423449,lower,middle_dominant
P04619,0.37992191,3.74814248,4.83928402,-0.0068663,upper,middle_dominant
P04620,0.38000912,3.78687496,-0.12251393,-0.35364971,middle,middle_dominant
P04621,0.38009167,3.7907413,0.07026876,-0.17716718,middle,middle_dominant
P04622,0.38009487,3.78213417,-0.17589503,-0.28771442,middle,middle_dominant
P04623,0.38012848,3.80646171,-0.18831277,-0.22529503,middle,middle_dominant
P04624,0.38048475,3.81917204,-4.98974703,-0.29501283,lower,middle_dominant
P04625,0.38057268,3.81220671,-0.07539832,-0.19367442,middle,middle_dominant
P04626,0.38080115,3.81782418,-0.05731421,-0.30071429,middle,middle_dominant
P04627,0.38084937,3.78875324,0.05758497,-0.2826275,middle,middle_dominant
P04628,0.38104216,3.81273352,-0.18126241,-0.40702418,middle,middle_dominant
P04629,0.38109854,3.82722638,-0.16785879,-0.2238236,middle,middle_dominant
P04630,0.38117889,3.81907646,5.04376903,-0.01037182,upper,middle_dominant
P04631,0.38118087,3.80306192,0.09162954,-0.25671199,middle,middle_dominant
P04632,0.38139514,3.79226186,-0.01462613,-0.44073219,middle,middle_dominant
P04633,0.38139838,3.83918719,-0.06141537,-0.37560539,middle,middle_dominant
P04634,0.3814669,3.81957077,0.00216405,-0.25202015,middle,middle_dominant
P04635,0.38149006,3.82160428,-0.28357507,-0.38963381,middle,middle_dominant
P04636,0.38154931,3.82227608,-0.01021702,-0.26191747,middle,middle_dominant
P04637,0.38158079,3.78764439,-0.02529788,-0.34981089,middle,middle_dominant
P04638,0.38165852,3.80870043,-0.0746498,-0.13465953,middle,middle_dominant
P04639,0.38167973,3.80162426,-0.15030051,-0.3065995,middle,middle_dominant
P04640,0.38174938,3.8306369,0.02215408,-0.34979126,middle,middle_dominant
P04641,0.38187016,3.87067935,-0.08334241,-0.26537904,middle,middle_dominant
P04642,0.38206352,3.80518577,4.83381141,0.09091289,upper,middle_dominant
P04643,0.38222537,3.81391916,-0.21445477,-0.25813928,middle,middle_dominant
P04644,0.38245138,3.78142926,-0.36273624,-0.23961649,middle,middle_dominant
P04645,0.38247695,3.86373142,-0.05151568,-0.25435031,middle,middle_dominant
P04646,0.38264968,3.82568006,-0.08472348,-0.30028879,middle,middle_dominant
P04647,0.38268626,3.81382171,0.04267847,-0.31145707,middle,middle_dominant
P04648,0.38271623,3.83459407,-0.15053076,-0.30071852,middle,middle_dominant
P04649,0.38286833,3.81073237,5.16878352,0.04010511,upper,middle_dominant
P04650,0.38293923,3.85892971,0.01141234,-0.32394749,middle,middle_dominant
P04651,0.38299933,3.85607927,-0.02410084,-0.25980208,middle,middle_dominant
P04652,0.38313104,3.79345661,-5.12835579,-0.46961386,lower,middle_dominant
P04653,0.38324623,3.8464569,-0.12427085,-0.50240856,middle,middle_dominant
P04654,0.38360828,3.8805646,-0.01662698,-0.37770843,middle,middle_dominant
P04655,0.38367793,3.84590493,-0.07747983,-0.2725655,middle,middle_dominant
P04656,0.38373863,3.85483108,5.04231553,0.06486807,upper,middle_dominant
P04657,0.3838116,3.84375504,5.03756994,0.17655254,upper,middle_dominant
P04658,0.38384277,3.7853779,-0.07340554,-0.1610748,middle,middle_dominant
P04659,0.3838973,3.83997403,-0.01317018,-0.36059183,middle,middle_dominant
P04660,0.38407042,3.86617676,-0.02440399,-0.37797983,middle,middle_dominant
P04661,0.38407146,3.83654203,-0.13383707,-0.28261845,middle,middle_dominant
P04662,0.38432717,3.8027312,-0.00086689,-0.39546507,middle,middle_dominant
P04663,0.38448609,3.83228684,-0.14021167,-0.07626878,middle,middle_dominant
P04664,0.38451555,3.86237524,-0.18063774,-0.29012202,middle,middle_dominant
P04665,0.38454424,3.87631325,0.03704322,-0.25228811,middle,middle_dominant
P04666,0.38460481,3.8176711,0.02922327,-0.38564573,middle,middle_dominant
P04667,0.38474711,3.82300263,-0.0717807,-0.10340157,middle,middle_dominant
P04668,0.38475682,3.8449079,-0.10385469,-0.2937592,middle,middle_dominant
P04669,0.38487048,3.86382585,-0.11798965,-0.31583015,middle,middle_dominant
P04670,0.38504266,3.83911011,-0.14487819,-0.30504755,middle,middle_dominant
P04671,0.38516118,3.84191659,0.13744366,-0.24437085,middle,middle_dominant
P04672,0.38521859,3.84475841,-0.14885174,-0.16527526,middle,middle_dominant
P04673,0.38527495,3.84002959,-0.21489872,-0.24095614,middle,middle_dominant
P04674,0.38532207,3.82348863,-0.21880898,-0.3110849,middle,middle_dominant
P04675,0.3854038,3.87654397,-0.08561966,-0.28171486,middle,middle_dominant
P04676,0.38545522,3.80581932,0.01285479,-0.35702194,middle,middle_dominant
P04677,0.38553235,3.8509454,-0.00984473,-0.27616845,middle,middle_dominant
P04678,0.38562544,3.85930811,-0.06935149,-0.20420892,middle,middle_dominant
P04679,0.38574273,3.84692872,-0.17040114,-0.23994919,middle,middle_dominant
P04680,0.38581573,3.85399045,-0.0380778,-0.3167668,middle,middle_dominant
P04681,0.38581834,3.87406834,-0.04279304,-0.17838199,middle,middle_dominant
P04682,0.38584859,3.86384817,0.07329147,-0.40980423,middle,middle_dominant
P04683,0.38595385,3.83276763,-0.04244779,-0.329849,middle,middle_dominant
P04684,0.38596801,3.85886242,-5.00998633,-0.40851734,lower,middle_dominant
P04685,0.38601555,3.86782439,0.01090295,-0.22729558,middle,middle_dominant
P04686,0.38601801,3.91549379,0.08453668,-0.22548355,middle,middle_dominant
P04687,0.38619658,3.83893234,5.00432752,0.12685628,upper,middle_dominant
P04688,0.38629115,3.83792535,-0.08426279,-0.40787031,middle,middle_dominant
P04689,0.38632984,3.89380319,-0.10594875,-0.410983,middle,middle_dominant
P04690,0.38635704,3.82961587,4.97480724,-0.01127872,upper,middle_dominant
P04691,0.38658229,3.91251066,-0.05052663,-0.39823182,middle,middle_dominant
P04692,0.3866464,3.86560879,-0.07013339,-0.46061273,middle,middle_dominant
P04693,0.38666241,3.84369134,0.03412994,-0.27765402,middle,middle_dominant
P04694,0.38679727,3.85822036,0.00368819,-0.22891537,middle,middle_dominant
P04695,0.3869093,3.86557989,0.03449702,-0.12837743,middle,middle_dominant
P04696,0.38700469,3.86847782,0.02442359,-0.18317175,middle,middle_dominant
P04697,0.38711603,3.87713908,0.0492503,-0.27017623,middle,middle_dominant
P04698,0.38719103,3.87310491,-0.07643816,-0.19490553,middle,middle_dominant
P04699,0.3873887,3.91975342,-0.11381523,-0.26487318,middle,middle_dominant
P04700,0.38748158,3.87466362,-0.18264224,-0.24203394,middle,middle_dominant
P04701,0.38758356,3.87204708,-0.15145381,-0.29505812,middle,middle_dominant
P04702,0.38784336,3.90054541,-0.09363932,-0.25046284,middle,middle_dominant
P04703,0.38787832,3.91669496,0.10555228,-0.11010307,middle,middle_dominant
P04704,0.38789422,3.87441387,-0.00396061,-0.27207893,middle,middle_dominant
P04705,0.38791135,3.88760945,-0.13797078,-0.18360141,middle,middle_dominant
P04706,0.38793856,3.8705972,-0.11023718,-0.31026175,middle,middle_dominant
P04707,0.38800167,3.85885941,-0.12959667,-0.2026756,middle,middle_dominant
P04708,0.38803282,3.83137268,0.0326141,-0.33969702,middle,middle_dominant
P04709,0.38805653,3.87720281,-0.1276308,-0.35818801,middle,middle_dominant
P04710,0.38807883,3.87624905,-5.05737355,-0.58819953,lower,middle_dominant
P04711,0.3882255,3.87838306,-0.0371856,-0.22980859,middle,middle_dominant
P04712,0.38827307,3.88649268,-0.17822278,-0.22018342,middle,middle_dominant
P04713,0.38827918,3.87204895,-0.05188687,-0.26566069,middle,middle_dominant
P04714,0.38837232,3.87862787,-0.09397914,-0.23241646,middle,middle_dominant
P04715,0.38846247,3.85072116,0.11264689,-0.06498565,middle,middle_dominant
P04716,0.38848275,3.91798615,0.03006015,-0.24434147,middle,middle_dominant
P04717,0.38853428,3.86516406,-0.10445125,-0.28071894,middle,middle_dominant
P04718,0.38862671,3.88276283,-0.13914233,-0.26171067,middle,middle_dominant
P04719,0.38878475,3.91218952,0.03107999,-0.28016713,middle,middle_dominant
P04720,0.38881101,3.85097647,-0.08597771,-0.22622928,middle,middle_dominant
P04721,0.38882834,3.94077614,0.04079688,-0.3106643,middle,middle_dominant
P04722,0.38886662,3.90290102,-0.1034545,-0.1817958,middle,middle_dominant
P04723,0.38888846,3.89050895,-5.15929219,-0.62455468,lower,middle_dominant
P04724,0.38921902,3.93138919,-0.12407949,-0.29995713,middle,middle_dominant
P04725,0.38935112,3.86612071,5.00757388,0.21890008,upper,middle_dominant
P04726,0.38935402,3.89892307,-0.14894253,-0.2768167,middle,middle_dominant
P04727,0.38954174,3.88818025,-0.07277372,-0.32766197,middle,middle_dominant
P04728,0.38957413,3.88520566,-0.19568169,-0.25909733,middle,middle_dominant
P04729,0.38992973,3.90140428,-0.15304186,-0.22956096,middle,middle_dominant
P04730,0.39004961,3.88042827,-0.0626847,-0.37809304,middle,middle_dominant
P04731,0.39006515,3.9384931,0.02822866,-0.17512988,middle,middle_dominant
P04732,0.39009771,3.92976672,-0.05471086,-0.49829873,middle,middle_dominant
P04733,0.39028593,3.93094763,-0.17680266,-0.23116532,middle,middle_dominant
P04734,0.39029048,3.93433713,-0.06642605,-0.28249492,middle,middle_dominant
P04735,0.39035543,3.87967585,-0.06793241,-0.31491587,middle,middle_dominant
P04736,0.39047092,3.89542812,-0.05772066,-0.26747219,middle,middle_dominant
P04737,0.39055855,3.91214644,0.01466508,-0.18191565,middle,middle_dominant
P04738,0.39059625,3.86495517,-5.04410382,-0.43615737,lower,middle_dominant
P04739,0.39067872,3.8971435,-0.18467863,-0.33214925,middle,middle_dominant
P04740,0.39068928,3.92692257,0.03092119,-0.15304883,middle,middle_dominant
P04741,0.39069368,3.89341869,4.9690523,0.04435342,upper,middle_dominant
P04742,0.39071044,3.94720781,-0.0523369,-0.43935013,middle,middle_dominant
P04743,0.39105557,3.92392327,-0.10681723,-0.29310539,middle,middle_dominant
P04744,0.39107223,3.8654052,-0.10856104,-0.09355854,middle,middle_dominant
P04745,0.39119105,3.9139262,-0.06728588,-0.31445369,middle,middle_dominant
P04746,0.39123412,3.88136996,-0.04678182,-0.37550288,middle,middle_dominant
P04747,0.39127585,3.8724177,0.03616401,-0.21854729,middle,middle_dominant
P04748,0.39137074,3.86156335,-0.08627495,-0.28483626,middle,middle_dominant
P04749,0.39138149,3.91248119,-0.03618783,-0.41608801,middle,middle_dominant
P04750,0.39147733,3.89515218,0.02758255,-0.22489033,middle,middle_dominant
P04751,0.39159713,3.90339217,-0.06713871,-0.18786023,middle,middle_dominant
P04752,0.39173137,3.9193404,-0.04146775,-0.25077794,middle,middle_dominant
P04753,0.39177865,3.91206314,-0.25992516,-0.22118127,middle,middle_dominant
P04754,0.39191066,3.94832511,-0.25714864,-0.25186288,middle,middle_dominant
P04755,0.39197055,3.88742649,-5.07969078,-0.58138815,lower,middle_dominant
P04756,0.39201355,3.92226738,-0.20719849,-0.16645157,middle,middle_dominant
P04757,0.39203227,3.90214381,-0.07902739,-0.27587376,middle,middle_dominant
P04758,0.39223739,3.92784196,-0.11889737,-0.25738843,middle,middle_dominant
P04759,0.39226299,3.9048837,-0.02743326,-0.28475888,middle,middle_dominant
P04760,0.3922823,3.93835908,-0.02899155,-0.22708045,middle,middle_dominant
P04761,0.39235232,3.91527012,4.98886265,0.08741085,upper,middle_dominant
P04762,0.39235461,3.90824739,-0.02885621,-0.32738277,middle,middle_dominant
P04763,0.39248402,3.94458584,-0.09997298,-0.29388642,middle,middle_dominant
P04764,0.39248607,3.91058529,-0.09521324,-0.22053896,middle,middle_dominant
P04765,0.39250432,3.91561436,0.03962188,-0.29222848,middle,middle_dominant
P04766,0.39255982,3.88637228,-0.08204605,-0.24802161,middle,middle_dominant
P04767,0.39270255,3.92640468,0.03539311,-0.39166445,middle,middle_dominant
P04768,0.39272903,3.88039653,-0.02793951,-0.34206754,middle,middle_dominant
P04769,0.39274434,3.92493682,-0.14254782,-0.22246702,middle,middle_dominant
P04770,0.3928148,3.9212023,-0.0133119,-0.21146443,middle,middle_dominant
P04771,0.39284893,3.92247493,-0.01676945,-0.29149139,middle,middle_dominant
P04772,0.39292049,3.93615676,-0.07495985,-0.19884304,middle,middle_dominant
P04773,0.3929354,3.93228991,-0.02480881,-0.32876229,middle,middle_dominant
P04774,0.39329541,3.92359424,-0.16702095,-0.09855775,middle,middle_dominant
P04775,0.39331285,3.93836032,-0.10268636,-0.18786071,middle,middle_dominant
P04776,0.39334093,3.95494253,-0.00348462,-0.16249934,middle,middle_dominant
P04777,0.3934755,3.90622438,-5.21856241,-0.42758872,lower,middle_dominant
P04778,0.39361412,3.93659828,-0.00999651,-0.22916071,middle,middle_dominant
P04779,0.39371579,3.94376301,-0.02112652,-0.30776897,middle,middle_dominant
P04780,0.3938312,3.91756778,0.03818178,-0.21741651,middle,middle_dominant
P04781,0.39395185,3.95905703,-0.00953586,-0.37252875,middle,middle_dominant
P04782,0.3939659,3.92236344,-0.2200803,-0.23383461,middle,middle_dominant
P04783,0.39398075,3.91700842,-0.03735528,-0.40786126,middle,middle_dominant
P04784,0.39405845,3.98110682,-0.28036058,-0.34323311,middle,middle_dominant
P04785,0.39409378,3.96473395,0.0450195,-0.29359572,middle,middle_dominant
P04786,0.39413532,3.94338191,0.05359965,-0.23506235,middle,middle_dominant
P04787,0.39426087,3.90504559,-0.17170593,-0.34229689,middle,middle_dominant
P04788,0.39426659,4.00417196,-0.18291365,-0.24238086,middle,middle_dominant
P04789,0.39432968,3.92234549,-0.02657345,-0.36524944,middle,middle_dominant
P04790,0.39447371,3.93157909,-0.00642002,-0.12491893,middle,middle_dominant
P04791,0.3945388,3.94967288,-0.12413664,-0.28701265,middle,middle_dominant
P04792,0.39463484,3.97365312,-0.00436996,-0.24730811,middle,middle_dominant
P04793,0.39488527,3.9560936,-0.01370727,-0.08894639,middle,middle_dominant
P04794,0.39525064,3.92417735,-0.0063362,-0.14426114,middle,middle_dominant
P04795,0.39527069,3.90497325,-0.10171622,-0.33674789,middle,middle_dominant
P04796,0.39532321,3.99167144,-0.12738174,-0.32007979,middle,middle_dominant
P04797,0.39538083,3.97777772,-0.1093649,-0.20504843,middle,middle_dominant
P04798,0.39547911,3.89425242,4.97510569,0.0501682,upper,middle_dominant
P04799,0.39556261,3.93902481,5.14354574,0.13994904,upper,middle_dominant
P04800,0.39570278,3.96019635,0.02470304,-0.18727784,middle,middle_dominant
P04801,0.3957755,3.95484494,0.10199217,-0.11258634,middle,middle_dominant
P04802,0.39578932,3.95296106,0.08109664,-0.1187631,middle,middle_dominant
P04803,0.39583388,3.95578395,0.09227684,-0.1459961,middle,middle_dominant
P04804,0.39587422,3.95106724,-0.06640925,-0.14190604,middle,middle_dominant
P04805,0.39598741,3.93965729,-0.09036812,-0.15331285,middle,middle_dominant
P04806,0.39598954,3.99110111,-0.09487658,-0.37779936,middle,middle_dominant
P04807,0.39610294,3.95060686,-0.12491174,-0.28523951,middle,middle_dominant
P04808,0.39612087,3.98868653,-0.08217024,-0.20306848,middle,middle_dominant
P04809,0.39615393,3.95274779,-0.08270765,-0.25793765,middle,middle_dominant
P04810,0.39619169,3.97657752,0.01040857,-0.25225083,middle,middle_dominant
P04811,0.39625642,3.99582369,-0.22115664,-0.25377976,middle,middle_dominant
P04812,0.39631205,3.97787561,0.01044683,-0.20302182,middle,middle_dominant
P04813,0.39632563,3.94712999,-0.05864661,-0.26785633,middle,middle_dominant
P04814,0.39636154,3.9329028,0.21630417,-0.23144067,middle,middle_dominant
P04815,0.39673086,3.98114545,-0.15739321,-0.33200021,middle,middle_dominant
P04816,0.39675333,3.95884672,0.00442932,-0.27969687,middle,middle_dominant
P04817,0.39681707,3.99160952,-0.06713393,-0.39956597,middle,middle_dominant
P04818,0.39690154,3.93888988,0.06853802,-0.15770845,middle,middle_dominant
P04819,0.39694902,3.94693471,0.13558582,-0.3017084,middle,middle_dominant
P04820,0.39706967,3.96784848,0.11723556,-0.15943261,middle,middle_dominant
P04821,0.3970982,3.93743964,-0.22784606,-0.24417264,middle,middle_dominant
P04822,0.39724126,3.94068456,-0.07761999,-0.28515817,middle,middle_dominant
P04823,0.39728113,4.01458599,-0.26805839,-0.20231067,middle,middle_dominant
P04824,0.39743357,3.97750889,-0.08111758,-0.34019036,middle,middle_dominant
P04825,0.39749333,3.97694734,5.01223732,0.08955476,upper,middle_dominant
P04826,0.39754006,4.00207667,-0.00974692,-0.26823898,middle,middle_dominant
P04827,0.3976473,3.96452721,-0.09739449,-0.28805829,middle,middle_dominant
P04828,0.39778356,3.95450652,-0.08597212,-0.23311076,middle,middle_dominant
P04829,0.39785766,3.94887732,-5.30244304,-0.52558869,lower,middle_dominant
P04830,0.39794244,3.9543534,-0.07142266,-0.27602214,middle,middle_dominant
P04831,0.39795101,3.98440458,0.0498641,-0.32187822,middle,middle_dominant
P04832,0.39805453,4.03518448,-0.01238034,-0.29039231,middle,middle_dominant
P04833,0.39810703,3.96974802,-0.05246877,-0.16896113,middle,middle_dominant
P04834,0.39813705,3.97705049,4.95757775,0.11657436,upper,middle_dominant
P04835,0.39825212,3.99589395,0.05595979,-0.25313563,middle,middle_dominant
P04836,0.39825618,3.9659918,-0.00073215,-0.15618481,middle,middle_dominant
P04837,0.39828083,3.96957018,-0.16971458,-0.26956362,middle,middle_dominant
P04838,0.3983339,3.97823226,-0.14820498,-0.06184226,middle,middle_dominant
P04839,0.39835449,4.0279517,0.10124515,-0.16204269,middle,middle_dominant
P04840,0.39835954,4.00798753,-0.03603329,-0.14985307,middle,middle_dominant
P04841,0.39839859,3.98532516,-0.10770886,-0.22134673,middle,middle_dominant
P04842,0.39859331,4.02902008,-0.22797247,-0.05296024,middle,middle_dominant
P04843,0.39870809,4.00730363,-0.13188574,-0.15351888,middle,middle_dominant
P04844,0.39891708,3.98641372,-0.03978012,-0.32411373,middle,middle_dominant
P04845,0.39902785,4.01599734,-0.06577003,-0.15310901,middle,middle_dominant
P04846,0.39905589,4.01879452,0.07711351,-0.31593821,middle,middle_dominant
P04847,0.39916005,3.98889201,-0.13349927,-0.25750112,middle,middle_dominant
P04848,0.39920705,3.99060086,-0.25129487,-0.36185375,middle,middle_dominant
P04849,0.39933082,3.97517455,-0.10988286,-0.26123186,middle,middle_dominant
P04850,0.39937622,3.99934792,-0.18032099,-0.2559447,middle,middle_dominant
P04851,0.39958347,3.95918097,0.02830957,-0.20145428,middle,middle_dominant
P04852,0.39965348,4.01169182,-0.14120937,-0.29072814,middle,middle_dominant
P04853,0.39967557,4.04953473,0.0013791,-0.16571517,middle,middle_dominant
P04854,0.3998791,4.00627201,-0.17238811,-0.21105314,middle,middle_dominant
P04855,0.3999227,3.99905507,-0.07444603,-0.15948674,middle,middle_dominant
P04856,0.40004113,4.00679846,0.02222453,-0.26323932,middle,middle_dominant
P04857,0.40017311,3.99100477,0.17698275,-0.09712374,middle,middle_dominant
P04858,0.40017547,3.967082,-0.06053654,-0.28668192,middle,middle_dominant
P04859,0.40026086,4.00362002,-0.12959295,-0.08177935,middle,middle_dominant
P04860,0.40041813,4.03304801,-0.17298806,-0.21729365,middle,middle_dominant
P04861,0.40042702,4.01494745,-0.112556,-0.26620134,middle,middle_dominant
P04862,0.40077898,3.97106617,-0.06417893,-0.08137019,middle,middle_dominant
P04863,0.40086012,3.99994127,-0.16933857,-0.07172541,middle,middle_dominant
P04864,0.40087539,4.03813605,-0.01290388,-0.26083996,middle,middle_dominant
P04865,0.40091045,3.97870179,-0.03828654,-0.20638723,middle,middle_dominant
P04866,0.40113691,4.00097908,-5.13700474,-0.48665899,lower,middle_dominant
P04867,0.40123306,4.02927849,0.04779199,-0.28061233,middle,middle_dominant
P04868,0.40134062,3.98313953,-0.01706261,-0.04971215,middle,middle_dominant
P04869,0.40149769,4.01632188,-0.24968347,-0.13567965,middle,middle_dominant
P04870,0.40153939,4.03173312,-0.17928491,-0.10392401,middle,middle_dominant
P04871,0.40159567,3.97701912,0.02477154,-0.15269648,middle,middle_dominant
P04872,0.40175391,3.9747243,-0.06991285,-0.17349805,middle,middle_dominant
P04873,0.40191798,4.02424362,-0.07122779,-0.23872229,middle,middle_dominant
P04874,0.40194456,3.98502212,-0.04101229,-0.25200462,middle,middle_dominant
P04875,0.4019474,4.04337956,5.13282174,0.0835812,upper,middle_dominant
P04876,0.40203526,4.01597848,-0.11451628,-0.20171764,middle,middle_dominant
P04877,0.40205373,4.0224347,-0.04783878,-0.31704846,middle,middle_dominant
P04878,0.40210793,4.02339,-0.12090395,-0.04566929,middle,middle_dominant
P04879,0.40213526,4.05429842,-0.11496943,-0.22867727,middle,middle_dominant
P04880,0.40218566,4.02846356,-0.0667606,-0.1555635,middle,middle_dominant
P04881,0.4021925,3.99736363,-4.94173322,-0.46055349,lower,middle_dominant
P04882,0.40220203,4.03841754,0.01768819,-0.11900587,middle,middle_dominant
P04883,0.4022932,4.00226701,-0.06325497,-0.25523191,middle,middle_dominant
P04884,0.4023002,4.01658522,0.04225921,-0.17612293,middle,middle_dominant
P04885,0.40239056,4.01708462,5.2603633,0.1266937,upper,middle_dominant
P04886,0.4024496,4.0510227,5.06447504,0.06430118,upper,middle_dominant
P04887,0.40255019,4.03637923,-0.15419557,-0.16347277,middle,middle_dominant
P04888,0.40270985,4.02972649,-0.01301613,-0.23776658,middle,middle_dominant
P04889,0.40308002,4.03238952,-0.2455932,-0.18135457,middle,middle_dominant
P04890,0.40316352,3.96393025,-0.01627379,-0.15890134,middle,middle_dominant
P04891,0.40319019,4.03320845,0.13976792,-0.14732375,middle,middle_dominant
P04892,0.40323562,4.01631306,-0.07465322,-0.13018463,middle,middle_dominant
P04893,0.40323626,3.99811785,-0.10331306,-0.18265674,middle,middle_dominant
P04894,0.40354049,4.02667494,-0.13528839,-0.22723164,middle,middle_dominant
P04895,0.40359201,4.00623592,0.09123986,-0.04745415,middle,middle_dominant
P04896,0.40362734,4.02422117,-0.08223019,-0.24872281,middle,middle_dominant
P04897,0.40383025,4.05286291,0.08913224,-0.24718769,middle,middle_dominant
P04898,0.40384683,4.04222935,-0.07575834,0.01419843,middle,middle_dominant
P04899,0.40393934,4.07682612,0.04118232,-0.29988814,middle,middle_dominant
P04900,0.4039421,4.0103985,0.04561108,0.05281642,middle,middle_dominant
P04901,0.40397157,4.00641938,-5.13852863,-0.36483822,lower,middle_dominant
P04902,0.4041244,4.06898691,-0.03785034,-0.21088663,middle,middle_dominant
P04903,0.4042058,4.08810796,4.89295501,0.26014834,upper,middle_dominant
P04904,0.40421369,4.07368542,-0.03106346,-0.24903287,middle,middle_dominant
P04905,0.40425449,4.01975975,-0.12575388,-0.32694441,middle,middle_dominant
P04906,0.40427522,4.05138701,-0.12427508,-0.10687482,middle,middle_dominant
P04907,0.40454876,4.06087943,-0.17380868,-0.138786,middle,middle_dominant
P04908,0.40468056,4.00219291,-0.02291157,-0.29099439,middle,middle_dominant
P04909,0.40473609,4.04017503,-0.38598449,-0.19374798,middle,middle_dominant
P04910,0.40476962,3.99406898,-0.15949641,-0.13624679,middle,middle_dominant
P04911,0.40481627,4.03283191,0.12683916,-0.24164315,middle,middle_dominant
P04912,0.40493881,4.04083611,0.18333054,-0.17500589,middle,middle_dominant
P04913,0.40517533,4.05375191,-0.0262346,-0.20448273,middle,middle_dominant
P04914,0.40519412,4.08078688,-0.00832038,-0.16909165,middle,middle_dominant
P04915,0.40562791,4.10044077,-0.14205889,-0.29703346,middle,middle_dominant
P04916,0.40568449,4.02961534,-0.0124779,-0.26959795,middle,middle_dominant
P04917,0.4057785,4.01722484,-0.16940026,-0.31965421,middle,middle_dominant
P04918,0.4058801,4.04787932,0.02440871,-0.13018258,middle,middle_dominant
P04919,0.40599726,4.1099703,0.08688318,-0.12455114,middle,middle_dominant
P04920,0.40604182,4.07901091,-0.12726623,-0.13033049,middle,middle_dominant
P04921,0.40615728,4.07885038,-0.11090662,-0.20884115,middle,middle_dominant
P04922,0.40618753,4.06342359,-4.97078448,-0.59121014,lower,middle_dominant
P04923,0.40628249,4.13150891,0.03389519,-0.2347718,middle,middle_dominant
P04924,0.4063495,4.05753135,-0.01249924,-0.20823038,middle,middle_dominant
P04925,0.40637256,4.07870883,0.02850122,-0.25878874,middle,middle_dominant
P04926,0.40639242,4.04616941,-0.05414253,-0.13975194,middle,middle_dominant
P04927,0.40648956,4.05860636,0.07994404,-0.20858094,middle,middle_dominant
P04928,0.40678417,4.09857756,0.07409919,-0.05962566,middle,middle_dominant
P04929,0.40681729,4.03544493,-0.10172052,-0.16795019,middle,middle_dominant
P04930,0.40686693,4.04704294,-0.039776,-0.14755915,middle,middle_dominant
P04931,0.40686854,4.00051811,-5.11571708,-0.45650331,lower,middle_dominant
P04932,0.40692214,4.09305787,-5.07671438,-0.44896184,lower,middle_dominant
P04933,0.4069532,4.063484,0.12278983,-0.21537857,middle,middle_dominant
P04934,0.40696152,4.07191584,-0.12910016,-0.23382934,middle,middle_dominant
P04935,0.40714596,4.04559694,-0.01987297,-0.1805002,middle,middle_dominant
P04936,0.40728489,4.1022972,-0.12031168,-0.19817478,middle,middle_dominant
P04937,0.4073651,4.08211714,-0.20635007,0.010756,middle,middle_dominant
P04938,0.40742259,4.08161294,5.11405881,0.14002663,upper,middle_dominant
P04939,0.40746797,4.09496836,0.07912558,-0.28737564,middle,middle_dominant
P04940,0.40766153,4.05993124,0.05611139,-0.24817855,middle,middle_dominant
P04941,0.40772363,4.04631548,0.0022896,-0.2561754,middle,middle_dominant
P04942,0.40776375,4.09671737,-0.08310171,-0.21901137,middle,middle_dominant
P04943,0.40780797,4.08889496,-0.10348294,-0.09542571,middle,middle_dominant
P04944,0.40787393,4.09575112,-0.01100668,-0.19724891,middle,middle_dominant
P04945,0.40795347,4.07419254,-0.11321441,-0.22206588,middle,middle_dominant
P04946,0.40799854,4.1089393,-0.15837775,-0.14413863,middle,middle_dominant
P04947,0.40817592,4.07407573,-0.20379481,-0.18061596,middle,middle_dominant
P04948,0.40825992,4.04344607,0.0933641,-0.0658347,middle,middle_dominant
P04949,0.40829801,4.10809664,0.02558625,-0.259801,middle,middle_dominant
P04950,0.40836399,4.11169413,-0.01588924,-0.21430638,middle,middle_dominant
P04951,0.40839794,4.10261474,-0.17234237,-0.05740488,middle,middle_dominant
P04952,0.40844304,4.08672852,0.06932627,-0.16919036,middle,middle_dominant
P04953,0.40863454,4.11237777,-0.05586681,-0.15848774,middle,middle_dominant
P04954,0.4086408,4.06024685,-0.20638885,-0.17725159,middle,middle_dominant
P04955,0.40874566,4.08017939,0.17120382,-0.06508911,middle,middle_dominant
P04956,0.40877908,4.12593803,-0.06678729,-0.16983517,middle,middle_dominant
P04957,0.40879115,4.07624701,0.06251108,-0.18851534,middle,middle_dominant
P04958,0.4089935,4.07744169,-0.04482159,-0.00971123,middle,middle_dominant
P04959,0.40922141,4.10482932,-0.05685069,-0.24362176,middle,middle_dominant
P04960,0.40926142,4.10212764,-0.06879356,-0.12992523,middle,middle_dominant
P04961,0.40932864,4.07361968,0.10253249,-0.20261113,middle,middle_dominant
P04962,0.40933776,4.07928713,4.97337189,0.09815551,upper,middle_dominant
P04963,0.40936199,4.0872367,5.02848763,0.15721665,upper,middle_dominant
P04964,0.40936547,4.09636447,-0.04960558,-0.15802257,middle,middle_dominant
P04965,0.40940288,4.13255192,-0.02734438,-0.28788662,middle,middle_dominant
P04966,0.40942501,4.05070609,-0.12792628,-0.08175663,middle,middle_dominant
P04967,0.40948358,4.14324393,4.89999457,0.20736038,upper,middle_dominant
P04968,0.40964903,4.11749753,0.13398938,-0.20846119,middle,middle_dominant
P04969,0.40974789,4.09389768,0.02253856,-0.19024161,middle,middle_dominant
P04970,0.40982598,4.14172741,-5.01666209,-0.40525822,lower,middle_dominant
P04971,0.40987552,4.08758284,0.18301611,-0.03925459,middle,middle_dominant
P04972,0.40995794,4.12818122,-0.14282507,-0.21522456,middle,middle_dominant
P04973,0.41003589,4.11244615,-4.99176855,-0.43600755,lower,middle_dominant
P04974,0.41005767,4.09031569,0.07518272,-0.0613324,middle,middle_dominant
P04975,0.41006947,4.07221409,5.02118504,0.20633917,upper,middle_dominant
P04976,0.41008701,4.13917226,-0.13983384,-0.07476388,middle,middle_dominant
P04977,0.41022953,4.0732843,-0.0900051,-0.17630537,middle,middle_dominant
P04978,0.41032945,4.10619791,-0.01127132,-0.15468927,middle,middle_dominant
P04979,0.41066165,4.11922734,-0.13030456,-0.20728455,middle,middle_dominant
P04980,0.41080227,4.12595265,0.01553121,-0.04695724,middle,middle_dominant
P04981,0.41098017,4.11932531,0.03904608,-0.19426966,middle,middle_dominant
P04982,0.41102351,4.08775002,-0.19450483,-0.11335002,middle,middle_dominant
P04983,0.41106402,4.12774178,-0.14779473,-0.23638145,middle,middle_dominant
P04984,0.41106467,4.08468077,0.15762777,-0.03461687,middle,middle_dominant
P04985,0.41118866,4.11631435,-0.03719718,-0.30586636,middle,middle_dominant
P04986,0.41128153,4.09851691,-0.163059,-0.19101396,middle,middle_dominant
P04987,0.41132443,4.16232025,-0.10420825,-0.22703,middle,middle_dominant
P04988,0.4113725,4.08671909,0.05949008,-0.08186083,middle,middle_dominant
P04989,0.41151113,4.09254766,-5.22160112,-0.47857583,lower,middle_dominant
P04990,0.41154026,4.09422499,-0.1314182,-0.16876979,middle,middle_dominant
P04991,0.41164681,4.12149501,5.06351599,0.20468994,upper,middle_dominant
P04992,0.41169437,4.08722876,4.79079154,0.14408747,upper,middle_dominant
P04993,0.41195323,4.14231508,0.10811473,-0.17013431,middle,middle_dominant
P04994,0.41202202,4.10118757,0.10322135,-0.11705338,middle,middle_dominant
P04995,0.41208475,4.11460301,-0.01314389,-0.08632853,middle,middle_dominant
P04996,0.41216209,4.0976373,-0.10438705,-0.10204814,middle,middle_dominant
P04997,0.41223417,4.13282152,0.01619286,-0.21681919,middle,middle_dominant
P04998,0.41231641,4.14983656,-5.22872263,-0.32207646,lower,middle_dominant
P04999,0.41260804,4.10587329,-0.02088372,-0.19750785,middle,middle_dominant
P05000,0.41276355,4.18481124,-4.89562823,-0.46942136,lower,middle_dominant
P05001,0.41288617,4.12777913,-0.1590875,-0.19853027,middle,middle_dominant
P05002,0.41301021,4.12953635,0.04423863,-0.23250124,middle,middle_dominant
P05003,0.41303305,4.12281117,0.01067647,-0.13392869,middle,middle_dominant
P05004,0.41316104,4.14644861,-0.14500542,-0.18576101,middle,middle_dominant
P05005,0.41316868,4.13778742,-0.11522838,-0.24606123,middle,middle_dominant
P05006,0.41318446,4.14850765,-0.00489233,-0.20784967,middle,middle_dominant
P05007,0.41319695,4.12163427,0.04866062,-0.18730243,middle,middle_dominant
P05008,0.41329357,4.09834111,-0.13658476,-0.02870424,middle,middle_dominant
P05009,0.4133382,4.11043677,5.02165143,0.05523141,upper,middle_dominant
P05010,0.41334809,4.14891549,0.02658326,-0.06401668,middle,middle_dominant
P05011,0.41346261,4.1020664,-0.18609886,-0.04340626,middle,middle_dominant
P05012,0.4136364,4.12730959,-0.01181884,-0.24019815,middle,middle_dominant
P05013,0.41366919,4.09279187,-0.24664771,-0.24539614,middle,middle_dominant
P05014,0.41367597,4.1382572,-0.10629446,-0.20456281,middle,middle_dominant
P05015,0.41376697,4.13585708,-0.16757532,-0.20478601,middle,middle_dominant
P05016,0.41393348,4.15526368,5.05788865,0.09343452,upper,middle_dominant
P05017,0.41397631,4.13461374,-0.12748596,-0.15185675,middle,middle_dominant
P05018,0.41413422,4.15361965,0.0451002,-0.12426284,middle,middle_dominant
P05019,0.41437492,4.15169734,-0.08500611,-0.0927399,middle,middle_dominant
P05020,0.41438375,4.15455332,0.13460742,0.00228997,middle,middle_dominant
P05021,0.41441835,4.15192261,-4.94766158,-0.45501426,lower,middle_dominant
P05022,0.41447058,4.12721499,-0.27141598,-0.02389885,middle,middle_dominant
P05023,0.41454682,4.08097941,0.04840103,-0.15471742,middle,middle_dominant
P05024,0.41458002,4.16498191,4.93831323,0.2251555,upper,middle_dominant
P05025,0.41466661,4.14786839,-0.01700803,-0.13005828,middle,middle_dominant
P05026,0.41466711,4.18090005,-0.07212231,-0.17714924,middle,middle_dominant
P05027,0.41467012,4.13818731,0.05653285,-0.0727479,middle,middle_dominant
P05028,0.41472956,4.11531233,-0.10899114,-0.11200297,middle,middle_dominant
P05029,0.41478176,4.14753317,0.13449155,-0.0166469,middle,middle_dominant
P05030,0.41478923,4.14956094,5.05345937,0.07751268,upper,middle_dominant
P05031,0.41496788,4.15040128,-5.02658583,-0.48104534,lower,middle_dominant
P05032,0.41497217,4.17296562,0.1213493,-0.04358271,middle,middle_dominant
P05033,0.41509646,4.14112259,0.02498751,-0.08734327,middle,middle_dominant
P05034,0.41514741,4.15811491,-0.10898641,-0.18875157,middle,middle_dominant
P05035,0.41515125,4.14461594,-0.07727513,-0.12969268,middle,middle_dominant
P05036,0.41516314,4.15259172,-0.07898242,-0.11112886,middle,middle_dominant
P05037,0.41520873,4.13655659,0.0709949,-0.16122487,middle,middle_dominant
P05038,0.41541585,4.11548037,-0.0299044,-0.25988279,middle,middle_dominant
P05039,0.41544825,4.13604571,-0.08506154,-0.08508418,middle,middle_dominant
P05040,0.415621,4.15128669,0.03637634,-0.24806376,middle,middle_dominant
P05041,0.41564113,4.19926768,-0.11713905,-0.09296918,middle,middle_dominant
P05042,0.41570742,4.1615497,-0.09431059,-0.14685161,middle,middle_dominant
P05043,0.41583915,4.13978851,0.04599526,-0.12947034,middle,middle_dominant
P05044,0.41584786,4.19787502,-0.01131164,-0.15169771,middle,middle_dominant
P05045,0.41589397,4.16178734,-5.2071873,-0.40046454,lower,middle_dominant
P05046,0.41592739,4.19441803,-0.09637437,-0.21143795,middle,middle_dominant
P05047,0.41607626,4.14378588,0.06101471,-0.09355718,middle,middle_dominant
P05048,0.41616801,4.11602319,-0.23806283,-0.14775316,middle,middle_dominant
P05049,0.4162349,4.17362121,-0.16778978,-0.22135978,middle,middle_dominant
P05050,0.41623535,4.16671286,-0.06073089,-0.02370379,middle,middle_dominant
P05051,0.41635739,4.21449939,-0.1222075,-0.12064006,middle,middle_dominant
P05052,0.41640942,4.12742479,0.15534246,0.01165137,middle,middle_dominant
P05053,0.41652543,4.18111866,5.05488971,0.29029146,upper,middle_dominant
P05054,0.41658805,4.1472066,-0.01015043,-0.19718593,middle,middle_dominant
P05055,0.41686796,4.19367736,-0.23898909,-0.17548169,middle,middle_dominant
P05056,0.41694648,4.19675495,-0.14918987,-0.0884765,middle,middle_dominant
P05057,0.41700919,4.1961222,-0.05325889,-0.10639883,middle,middle_dominant
P05058,0.41733737,4.16367909,-5.18854409,-0.55500035,lower,middle_dominant
P05059,0.41746512,4.18358571,0.13859245,-0.16566105,middle,middle_dominant
P05060,0.41752274,4.16667559,-0.13040945,0.01029526,middle,middle_dominant
P05061,0.41766913,4.21401068,0.03132853,-0.0174319,middle,middle_dominant
P05062,0.41775241,4.16770053,0.00435257,-0.1334042,middle,middle_dominant
P05063,0.41777672,4.1991023,0.0439537,-0.23263703,middle,middle_dominant
P05064,0.41777905,4.14969758,-5.16442461,-0.3208271,lower,middle_dominant
P05065,0.41782637,4.19886748,0.06034038,-0.1423839,middle,middle_dominant
P05066,0.41788746,4.18350215,-0.16160284,-0.15973991,middle,middle_dominant
P05067,0.41793343,4.2036868,5.30512114,0.2246148,upper,middle_dominant
P05068,0.41798838,4.19674959,5.05689271,0.16959578,upper,middle_dominant
P05069,0.41800739,4.2001236,5.04701152,0.04680415,upper,middle_dominant
P05070,0.41804814,4.18027767,0.00719652,-0.11327411,middle,middle_dominant
P05071,0.41807581,4.17417189,-0.31320445,-0.07483383,middle,middle_dominant
P05072,0.41810405,4.14384893,-0.0111117,-0.09392538,middle,middle_dominant
P05073,0.4185629,4.16254859,-0.05623889,-0.19937994,middle,middle_dominant
P05074,0.41860711,4.16996346,0.03769742,-0.03772383,middle,middle_dominant
P05075,0.41879047,4.16595722,-0.09440128,-0.13163839,middle,middle_dominant
P05076,0.41886224,4.24003474,0.06213271,-0.20502949,middle,middle_dominant
P05077,0.41897326,4.15535061,-5.06438588,-0.54927088,lower,middle_dominant
P05078,0.41899484,4.1687208,-0.13357709,-0.09582862,middle,middle_dominant
P05079,0.41903827,4.2178957,-0.08187448,-0.09411722,middle,middle_dominant
P05080,0.41906153,4.18191451,0.07120876,-0.0069046,middle,middle_dominant
P05081,0.4191046,4.20426498,0.14100705,-0.3123384,middle,middle_dominant
P05082,0.41914958,4.19369489,4.961456,0.32070675,upper,middle_dominant
P05083,0.41918766,4.13725895,0.21534616,-0.09842637,middle,middle_dominant
P05084,0.41920401,4.1844778,-0.00138524,-0.052641,middle,middle_dominant
P05085,0.41921792,4.22751862,-0.14078239,0.06390371,middle,middle_dominant
P05086,0.41925273,4.1850689,-5.11370565,-0.53172804,lower,middle_dominant
P05087,0.41925458,4.17250123,-0.13570838,-0.17370894,middle,middle_dominant
P05088,0.41953325,4.18720528,-0.18566035,-0.10338594,middle,middle_dominant
P05089,0.41953784,4.19531236,-0.03825721,-0.14923475,middle,middle_dominant
P05090,0.41963692,4.13097385,0.0065353,-0.08429917,middle,middle_dominant
P05091,0.41972778,4.19576982,0.21677843,-0.15011558,middle,middle_dominant
P05092,0.41977888,4.16426364,-5.13083912,-0.28196901,lower,middle_dominant
P05093,0.41999464,4.17620617,0.04365262,-0.17510812,middle,middle_dominant
P05094,0.42008337,4.17891061,-0.04461914,-0.05648377,middle,middle_dominant
P05095,0.4202045,4.2179151,-0.08008265,-0.14115526,middle,middle_dominant
P05096,0.42037871,4.22163028,-0.12150291,-0.10355467,middle,middle_dominant
P05097,0.42038397,4.21896584,-0.04570996,-0.01833768,middle,middle_dominant
P05098,0.42043256,4.18576602,-0.11398458,-0.16911118,middle,middle_dominant
P05099,0.4207247,4.19614379,-0.06902257,-0.14453127,middle,middle_dominant
P05100,0.42077342,4.20739215,-0.07528685,-0.10903735,middle,middle_dominant
P05101,0.42086603,4.22738452,0.15298977,-0.14524052,middle,middle_dominant
P05102,0.42088616,4.1612602,-5.05047495,-0.29929091,lower,middle_dominant
P05103,0.42089636,4.19366323,-0.05850898,-0.14705953,middle,middle_dominant
P05104,0.42093367,4.21718128,0.04255908,-0.2297873,middle,middle_dominant
P05105,0.42097434,4.23894426,5.0500532,0.37376015,upper,middle_dominant
P05106,0.42100516,4.21955205,-0.15187768,-0.14635522,middle,middle_dominant
P05107,0.42115616,4.20024485,-5.16629983,-0.37705344,lower,middle_dominant
P05108,0.42138426,4.21258609,-0.12262533,0.0368292,middle,middle_dominant
P05109,0.42140377,4.22069926,-0.08834212,-0.00606946,middle,middle_dominant
P05110,0.42141548,4.26431943,-0.09574386,-0.16086019,middle,middle_dominant
P05111,0.42157887,4.25121258,-0.02720741,-0.14777765,middle,middle_dominant
P05112,0.42174084,4.19995304,-0.08446491,-0.17513494,middle,middle_dominant
P05113,0.4218858,4.25631806,-0.05273479,0.00368937,middle,middle_dominant
P05114,0.42189415,4.2205268,-5.19841,-0.36091731,lower,middle_dominant
P05115,0.42191819,4.24516295,-0.0000722,-0.07944734,middle,middle_dominant
P05116,0.42197905,4.19902684,-0.04996538,-0.02830068,middle,middle_dominant
P05117,0.42211759,4.17137136,0.18448652,-0.04049266,middle,middle_dominant
P05118,0.42212126,4.21755724,-0.07967066,-0.02513023,middle,middle_dominant
P05119,0.42213421,4.24208835,0.06585308,-0.00429593,middle,middle_dominant
P05120,0.4221419,4.2220049,-0.11201388,-0.12664318,middle,middle_dominant
P05121,0.42218372,4.18530395,5.15439926,0.41185718,upper,middle_dominant
P05122,0.42232461,4.244843,-0.13467028,-0.25748296,middle,middle_dominant
P05123,0.4223838,4.21626079,0.00981802,-0.10206965,middle,middle_dominant
P05124,0.42238719,4.19916256,-0.10002884,-0.12161227,middle,middle_dominant
P05125,0.42259291,4.21179232,-0.1159293,-0.15137013,middle,middle_dominant
P05126,0.42259315,4.21504899,0.18314306,-0.06881603,middle,middle_dominant
P05127,0.42265296,4.21723483,-0.3636963,-0.15381693,middle,middle_dominant
P05128,0.42271846,4.22013923,-0.0925122,-0.17948171,middle,middle_dominant
P05129,0.4227366,4.18547982,-0.14894631,-0.26494535,middle,middle_dominant
P05130,0.42275924,4.21569364,-0.04990158,-0.12519701,middle,middle_dominant
P05131,0.42288312,4.22089389,0.04418087,-0.03509135,middle,middle_dominant
P05132,0.42290006,4.18423041,5.19481251,0.16207681,upper,middle_dominant
P05133,0.42300182,4.21099429,0.07598786,-0.05070885,middle,middle_dominant
P05134,0.4230328,4.19903041,0.0515756,-0.17520916,middle,middle_dominant
P05135,0.42310772,4.24826333,0.08448341,-0.16728233,middle,middle_dominant
P05136,0.42311557,4.22844614,0.06550392,-0.08862397,middle,middle_dominant
P05137,0.42312326,4.18881381,0.13317285,-0.01702332,middle,middle_dominant
P05138,0.42312525,4.19962702,0.00072009,-0.08962036,middle,middle_dominant
P05139,0.4231631,4.2735565,0.09889861,0.006751,middle,middle_dominant
P05140,0.42325598,4.24968993,-0.12929537,-0.27305679,middle,middle_dominant
P05141,0.42343344,4.22538256,-0.00135301,0.08162574,middle,middle_dominant
P05142,0.42354889,4.22296589,-0.10017577,-0.08237036,middle,middle_dominant
P05143,0.42360488,4.27882672,0.08765936,-0.07390182,middle,middle_dominant
P05144,0.42364227,4.23991242,0.20412742,0.03902914,middle,middle_dominant
P05145,0.42369533,4.30361137,-5.11211211,-0.38174724,lower,middle_dominant
P05146,0.42370745,4.20237908,-0.11251078,-0.05092247,middle,middle_dominant
P05147,0.42378054,4.23033571,-0.10603485,-0.08305977,middle,middle_dominant
P05148,0.42383637,4.22714693,0.04421736,-0.02143041,middle,middle_dominant
P05149,0.42387896,4.24443898,0.02409548,-0.11276164,middle,middle_dominant
P05150,0.42394867,4.22389136,-0.10201087,-0.01079554,middle,middle_dominant
P05151,0.42399654,4.19646277,4.93020175,0.27353208,upper,middle_dominant
P05152,0.42404517,4.27036612,0.08165409,-0.16668705,middle,middle_dominant
P05153,0.42411074,4.25895681,-5.07029618,-0.34827536,lower,middle_dominant
P05154,0.42411313,4.28079939,-0.09926263,-0.14001923,middle,middle_dominant
P05155,0.4242226,4.23228419,-0.22300433,-0.19728269,middle,middle_dominant
P05156,0.42447733,4.24835609,-0.00218355,0.03714393,middle,middle_dominant
P05157,0.42458062,4.24068322,5.11687147,0.44924721,upper,middle_dominant
P05158,0.42461738,4.27257473,-0.08595756,-0.10296293,middle,middle_dominant
P05159,0.42475501,4.27620403,0.00330792,-0.17453846,middle,middle_dominant
P05160,0.42476341,4.3008292,0.00762546,-0.14569635,middle,middle_dominant
P05161,0.42485103,4.23720527,-0.02633225,-0.18434577,middle,middle_dominant
P05162,0.42489518,4.25894625,0.0631112,-0.09203954,middle,middle_dominant
P05163,0.42506971,4.25515475,-0.08391769,-0.09600253,middle,middle_dominant
P05164,0.42513926,4.27818922,5.0614362,0.17446561,upper,middle_dominant
P05165,0.42514257,4.26293576,0.09260375,-0.10010426,middle,middle_dominant
P05166,0.4252684,4.27379616,0.03689922,0.03077703,middle,middle_dominant
P05167,0.42541171,4.25799665,0.08102573,-0.08917768,middle,middle_dominant
P05168,0.42544973,4.22715145,0.05881364,-0.153609,middle,middle_dominant
P05169,0.42557153,4.24061182,-0.03561212,-0.17495795,middle,middle_dominant
P05170,0.4255864,4.31615038,-0.02820796,-0.06067176,middle,middle_dominant
P05171,0.42564063,4.19993163,-0.00579242,-0.16254653,middle,middle_dominant
P05172,0.42564193,4.25443573,0.14571244,-0.09416855,middle,middle_dominant
P05173,0.42566189,4.26343135,0.18744604,-0.00956654,middle,middle_dominant
P05174,0.42575953,4.28266034,-0.01776148,-0.06856757,middle,middle_dominant
P05175,0.42587378,4.22360519,-0.01705875,-0.19381498,middle,middle_dominant
P05176,0.4260166,4.25153428,-0.12026352,-0.18524992,middle,middle_dominant
P05177,0.42611285,4.23109122,0.03054973,-0.14847546,middle,middle_dominant
P05178,0.42624031,4.27671101,-0.08169662,-0.12884821,middle,middle_dominant
P05179,0.42630873,4.24105489,-0.11229824,0.00762978,middle,middle_dominant
P05180,0.42633564,4.28451941,0.04339295,0.00367714,middle,middle_dominant
P05181,0.42633694,4.24135696,-0.03203701,0.03260624,middle,middle_dominant
P05182,0.426393,4.25304084,-0.12366989,-0.1169679,middle,middle_dominant
P05183,0.42642343,4.26440128,0.12362393,-0.24875825,middle,middle_dominant
P05184,0.42658913,4.24536318,-0.07904731,-0.01176716,middle,middle_dominant
P05185,0.42659172,4.26567046,-0.0487941,-0.03451625,middle,middle_dominant
P05186,0.42684114,4.24169647,0.00331109,-0.05560626,middle,middle_dominant
P05187,0.42684936,4.29155206,0.10596465,-0.12759576,middle,middle_dominant
P05188,0.42699625,4.23829912,-0.10821216,-0.01449185,middle,middle_dominant
P05189,0.42702936,4.24229791,-0.09498611,-0.12966878,middle,middle_dominant
P05190,0.42706882,4.26537679,-0.06593474,0.10447294,middle,middle_dominant
P05191,0.42713852,4.28678452,-0.04345827,-0.2882258,middle,middle_dominant
P05192,0.4273411,4.27984755,-0.0914274,-0.06258574,middle,middle_dominant
P05193,0.42754757,4.28226107,-0.10084775,-0.25701925,middle,middle_dominant
P05194,0.4276893,4.2436662,-0.00630425,0.03345495,middle,middle_dominant
P05195,0.42773807,4.25373855,0.02485912,-0.05987395,middle,middle_dominant
P05196,0.42777191,4.29052304,-0.05603577,-0.17989268,middle,middle_dominant
P05197,0.42779636,4.22571979,-0.00191849,-0.143268,middle,middle_dominant
P05198,0.42808265,4.29389305,-0.10606399,-0.096385,middle,middle_dominant
P05199,0.42820495,4.30687854,0.07475487,-0.05254636,middle,middle_dominant
P05200,0.42825643,4.32867142,-5.08558336,-0.31351267,lower,middle_dominant
P05201,0.42838748,4.31390028,-0.06840424,-0.06858275,middle,middle_dominant
P05202,0.42843848,4.26838827,-0.16267719,-0.23504849,middle,middle_dominant
P05203,0.42858166,4.27589068,-0.08182609,0.00170151,middle,middle_dominant
P05204,0.42860194,4.28030813,-0.0478373,-0.15094106,middle,middle_dominant
P05205,0.42865713,4.31342857,5.07368257,0.203363,upper,middle_dominant
P05206,0.42892989,4.30165083,0.04555019,-0.10016362,middle,middle_dominant
P05207,0.42899532,4.28831118,-0.21402138,-0.07866211,middle,middle_dominant
P05208,0.42911593,4.3097432,-0.00397837,0.00762731,middle,middle_dominant
P05209,0.42918654,4.25945166,0.07932619,-0.05736245,middle,middle_dominant
P05210,0.42920325,4.29683931,-0.18042206,-0.13247468,middle,middle_dominant
P05211,0.42930827,4.34963486,-0.04633578,0.01528024,middle,middle_dominant
P05212,0.42934867,4.28675819,-0.01446763,-0.20835801,middle,middle_dominant
P05213,0.42950204,4.28981898,4.90826353,0.22300354,upper,middle_dominant
P05214,0.42953609,4.30965293,0.04049322,0.02444439,middle,middle_dominant
P05215,0.42959682,4.25017839,-5.01937349,-0.23891645,lower,middle_dominant
P05216,0.4297553,4.31884474,5.15521188,0.25109202,upper,middle_dominant
P05217,0.42985763,4.28512932,-0.06350124,-0.06243989,middle,middle_dominant
P05218,0.42985877,4.27815128,-0.08305305,0.11978314,middle,middle_dominant
P05219,0.42989238,4.28869987,0.00460356,-0.01385936,middle,middle_dominant
P05220,0.43003429,4.25780121,0.12031584,-0.05905748,middle,middle_dominant
P05221,0.43014542,4.28601813,-0.05733932,0.00424359,middle,middle_dominant
P05222,0.43028752,4.30874769,-0.05705276,-0.01549125,middle,middle_dominant
P05223,0.43029269,4.30226849,-0.26287576,-0.13668256,middle,middle_dominant
P05224,0.43032528,4.2904396,0.03634573,-0.00674344,middle,middle_dominant
P05225,0.43066879,4.30198468,-0.0199125,-0.00469116,middle,middle_dominant
P05226,0.43075411,4.30083322,-0.22390089,-0.01893372,middle,middle_dominant
P05227,0.4308641,4.31660132,5.0552097,0.14394722,upper,middle_dominant
P05228,0.43089569,4.28611508,-0.11531128,-0.02607526,middle,middle_dominant
P05229,0.43092783,4.27779527,0.00226128,-0.03749201,middle,middle_dominant
P05230,0.43114487,4.30716319,-0.09324994,-0.02602982,middle,middle_dominant
P05231,0.43117973,4.32786028,-0.1272112,-0.1287748,middle,middle_dominant
P05232,0.43118165,4.27262769,0.03681801,-0.16292899,middle,middle_dominant
P05233,0.43125259,4.30450948,0.02925456,-0.0576183,middle,middle_dominant
P05234,0.43125959,4.27590099,-0.01406287,0.0205604,middle,middle_dominant
P05235,0.43130876,4.32252838,0.05124996,-0.11860509,middle,middle_dominant
P05236,0.43134331,4.30409643,0.0301065,0.01885211,middle,middle_dominant
P05237,0.431365,4.31291821,0.01179556,-0.07327652,middle,middle_dominant
P05238,0.43139444,4.34063171,-0.10659399,-0.10584263,middle,middle_dominant
P05239,0.43156537,4.36313693,-0.06553591,-0.07082028,middle,middle_dominant
P05240,0.43166137,4.27980352,-0.00177112,-0.11556316,middle,middle_dominant
P05241,0.43176565,4.30575729,-0.02329769,-0.02071301,middle,middle_dominant
P05242,0.43176918,4.29926529,0.18177483,-0.05174768,middle,middle_dominant
P05243,0.43177148,4.26787503,-0.0913891,-0.08114414,middle,middle_dominant
P05244,0.43181805,4.29837838,-0.02078093,-0.1163782,middle,middle_dominant
P05245,0.43194353,4.3082469,0.04172441,-0.11289809,middle,middle_dominant
P05246,0.43195049,4.27695839,-0.04287384,-0.13999319,middle,middle_dominant
P05247,0.43197196,4.31247952,-0.11815645,-0.0727376,middle,middle_dominant
P05248,0.43211561,4.3081739,5.10030335,0.31166371,upper,middle_dominant
P05249,0.43219264,4.30053468,0.04380165,0.0828101,middle,middle_dominant
P05250,0.43235184,4.3301124,-0.0474723,-0.22403656,middle,middle_dominant
P05251,0.43241162,4.34483454,0.11504264,0.00657831,middle,middle_dominant
P05252,0.43260235,4.36027982,0.11231201,-0.06520159,middle,middle_dominant
P05253,0.4326169,4.28798666,0.00911484,-0.10672347,middle,middle_dominant
P05254,0.43267849,4.36466304,0.0999505,-0.02859806,middle,middle_dominant
P05255,0.43274755,4.28896523,4.92318181,0.17555398,upper,middle_dominant
P05256,0.43275544,4.35692347,-0.10032651,0.1122801,middle,middle_dominant
P05257,0.43283908,4.32144826,0.07855555,-0.1595981,middle,middle_dominant
P05258,0.43284722,4.29719766,-5.07771877,-0.21579445,lower,middle_dominant
P05259,0.43296304,4.31238707,-0.07915628,-0.15704082,middle,middle_dominant
P05260,0.43303427,4.32487748,-0.06520716,-0.09915268,middle,middle_dominant
P05261,0.43306327,4.39562291,0.02452331,0.07307504,middle,middle_dominant
P05262,0.43323753,4.34328641,-0.02626261,0.03995455,middle,middle_dominant
P05263,0.43326214,4.31289171,4.90698846,0.25828255,upper,middle_dominant
P05264,0.43330295,4.34290715,-0.02777638,-0.08071372,middle,middle_dominant
P05265,0.43330557,4.37555581,-0.11034313,-0.09573021,middle,middle_dominant
P05266,0.43347873,4.32939426,-0.00772397,-0.06169109,middle,middle_dominant
P05267,0.43349516,4.35869851,5.18655914,0.26428355,upper,middle_dominant
P05268,0.43356629,4.34628479,-0.14994247,0.06540173,middle,middle_dominant
P05269,0.43377051,4.31666734,5.12768194,0.28134797,upper,middle_dominant
P05270,0.43382709,4.34849939,-0.06061143,-0.03507149,middle,middle_dominant
P05271,0.43391057,4.28370431,-0.17740296,0.00485568,middle,middle_dominant
P05272,0.43394042,4.37050308,0.00197007,-0.11411015,middle,middle_dominant
P05273,0.43395921,4.34776491,0.09560145,-0.09793666,middle,middle_dominant
P05274,0.43401454,4.31049323,0.23967293,-0.09834289,middle,middle_dominant
P05275,0.43409121,4.35773001,0.05387169,-0.12371883,middle,middle_dominant
P05276,0.43411305,4.34752157,-0.05483154,-0.08007704,middle,middle_dominant
P05277,0.43419607,4.36117904,-0.08200548,-0.12176151,middle,middle_dominant
P05278,0.43423265,4.32843745,-0.060368,-0.06525098,middle,middle_dominant
P05279,0.43426249,4.35528686,-0.21619772,-0.12919788,middle,middle_dominant
P05280,0.43427486,4.292746,0.01938915,0.08259597,middle,middle_dominant
P05281,0.43442592,4.36075723,-0.09129267,0.03468725,middle,middle_dominant
P05282,0.43450858,4.33631246,-0.281597,-0.00890194,middle,middle_dominant
P05283,0.43451726,4.38452205,-0.11676144,0.07688046,middle,middle_dominant
P05284,0.43454337,4.33749654,-0.05398149,-0.09909389,middle,middle_dominant
P05285,0.43461687,4.36031426,-0.10440932,-0.03584237,middle,middle_dominant
P05286,0.43467015,4.35779897,-0.05807475,-0.03350024,middle,middle_dominant
P05287,0.43478611,4.30271383,0.13840834,-0.17244663,middle,middle_dominant
P05288,0.43483338,4.34425343,-0.01250235,-0.06323433,middle,middle_dominant
P05289,0.43483845,4.3271419,5.18237852,0.29272044,upper,middle_dominant
P05290,0.43497879,4.34586364,-0.11354615,0.00435031,middle,middle_dominant
P05291,0.43513442,4.41393144,0.20865455,-0.0527394,middle,middle_dominant
P05292,0.43517148,4.36231894,-0.07360084,-0.01624767,middle,middle_dominant
P05293,0.43526057,4.39211122,-0.18152235,0.02148923,middle,middle_dominant
P05294,0.43528358,4.34229483,0.11753202,0.05809902,middle,middle_dominant
P05295,0.43530628,4.36458786,-0.3831258,-0.01827292,middle,middle_dominant
P05296,0.43545121,4.37975403,5.23977016,0.40944794,upper,middle_dominant
P05297,0.43570253,4.35666108,0.18829758,-0.06156573,middle,middle_dominant
P05298,0.43571282,4.42456285,-0.07842442,0.03564871,middle,middle_dominant
P05299,0.4358671,4.39882604,-0.09926344,0.0451254,middle,middle_dominant
P05300,0.43598525,4.38959623,-0.05608267,0.05393839,middle,middle_dominant
P05301,0.43603921,4.34610922,-0.10844381,-0.00894625,middle,middle_dominant
P05302,0.43606292,4.35836615,5.12689549,0.31414499,upper,middle_dominant
P05303,0.4360991,4.37247921,-0.10294057,0.01642058,middle,middle_dominant
P05304,0.4362669,4.38049361,-0.00878857,-0.04148306,middle,middle_dominant
P05305,0.43639025,4.33559655,0.02116837,-0.15021783,middle,middle_dominant
P05306,0.43643307,4.34674906,0.10212782,-0.07612457,middle,middle_dominant
P05307,0.43645861,4.33081263,0.06851762,0.02085209,middle,middle_dominant
P05308,0.43664734,4.38335507,0.03162866,0.03719912,middle,middle_dominant
P05309,0.43675838,4.41438399,4.95384711,0.31803129,upper,middle_dominant
P05310,0.4368149,4.33482512,0.12117477,-0.18938004,middle,middle_dominant
P05311,0.4368247,4.35974509,0.00983231,-0.08606187,middle,middle_dominant
P05312,0.43684784,4.38817605,-0.14468119,0.10254615,middle,middle_dominant
P05313,0.43710775,4.32589859,0.02387842,0.08632837,middle,middle_dominant
P05314,0.43716304,4.35625335,0.10648819,0.13204436,middle,middle_dominant
P05315,0.4372169,4.38366223,-0.03713503,0.08629589,middle,middle_dominant
P05316,0.43728157,4.34969958,0.02757413,0.0178312,middle,middle_dominant
P05317,0.43731649,4.34380688,-0.03127197,-0.11042471,middle,middle_dominant
P05318,0.43740982,4.39382213,-0.0545638,-0.0873239,middle,middle_dominant
P05319,0.43744959,4.35586438,-0.03601834,-0.060051,middle,middle_dominant
P05320,0.43747337,4.34534268,5.21452103,0.32962237,upper,middle_dominant
P05321,0.437645,4.42289035,0.00016298,-0.04461855,middle,middle_dominant
P05322,0.43769462,4.38568953,-0.10656175,0.04485117,middle,middle_dominant
P05323,0.43773354,4.39362079,-0.15594652,-0.0067303,middle,middle_dominant
P05324,0.43778786,4.38693119,-5.21787668,-0.19947778,lower,middle_dominant
P05325,0.43781658,4.3998491,-5.01791439,-0.22891505,lower,middle_dominant
P05326,0.43792457,4.38514978,-0.04068087,0.05805388,middle,middle_dominant
P05327,0.43804936,4.3684426,-5.26835409,-0.26786795,lower,middle_dominant
P05328,0.43812687,4.37312037,0.00782686,-0.00927615,middle,middle_dominant
P05329,0.43833061,4.37915217,-0.01769786,-0.09881891,middle,middle_dominant
P05330,0.43833832,4.35632844,-0.01765195,-0.01098151,middle,middle_dominant
P05331,0.4383723,4.40265248,0.04920141,-0.11896338,middle,middle_dominant
P05332,0.43841012,4.34283746,-0.04537306,-0.10717732,middle,middle_dominant
P05333,0.43845839,4.39696002,-0.0003266,-0.05547875,middle,middle_dominant
P05334,0.4385572,4.4157188,-0.15581807,-0.03589819,middle,middle_dominant
P05335,0.43864392,4.37724177,-0.16010415,-0.06441191,middle,middle_dominant
P05336,0.43877399,4.37093484,0.00295276,-0.06191343,middle,middle_dominant
P05337,0.43879232,4.41155097,0.15490428,-0.08851674,middle,middle_dominant
P05338,0.43893141,4.40332885,5.23737415,0.39262848,upper,middle_dominant
P05339,0.43895304,4.40133594,-0.0408572,0.17363315,middle,middle_dominant
P05340,0.4390086,4.33504663,0.02433818,0.05265915,middle,middle_dominant
P05341,0.43902688,4.3748573,-0.03053402,-0.07961702,middle,middle_dominant
P05342,0.43913837,4.39965357,0.19204423,-0.09704495,middle,middle_dominant
P05343,0.43918845,4.39903582,-0.01863599,0.0994432,middle,middle_dominant
P05344,0.43935459,4.4088638,-4.88873474,-0.15616633,lower,middle_dominant
P05345,0.43935892,4.38399756,0.04454029,-0.14787487,middle,middle_dominant
P05346,0.43946565,4.35615564,5.17020497,0.29227218,upper,middle_dominant
P05347,0.43952099,4.40576728,-0.10572017,-0.02478508,middle,middle_dominant
P05348,0.43952418,4.40596227,0.17860617,-0.15742852,middle,middle_dominant
P05349,0.4395559,4.39210813,-0.05029245,-0.24827273,middle,middle_dominant
P05350,0.43967543,4.40342646,0.05160662,0.00743501,middle,middle_dominant
P05351,0.43970166,4.41047216,-0.10747482,0.05970066,middle,middle_dominant
P05352,0.43974729,4.40321945,0.09418444,-0.05996392,middle,middle_dominant
P05353,0.43978185,4.39261263,0.15094602,-0.00177856,middle,middle_dominant
P05354,0.43980011,4.47816352,-0.14810014,-0.17715891,middle,middle_dominant
P05355,0.43988984,4.39194182,0.01428944,-0.01120576,middle,middle_dominant
P05356,0.44031686,4.39985621,-0.00070948,-0.01270359,middle,middle_dominant
P05357,0.44034525,4.39814172,-0.00828343,-0.01130475,middle,middle_dominant
P05358,0.4403585,4.41938924,-5.22627298,-0.37189237,lower,middle_dominant
P05359,0.44043858,4.387747,-0.09121808,0.02745644,middle,middle_dominant
P05360,0.44050647,4.40755794,0.1788458,-0.02290879,middle,middle_dominant
P05361,0.44059774,4.37585193,-0.07813401,0.14075311,middle,middle_dominant
P05362,0.44079773,4.4322568,0.03284926,-0.08471914,middle,middle_dominant
P05363,0.4408976,4.39208586,-0.04480965,-0.17603846,middle,middle_dominant
P05364,0.44096778,4.38097054,0.0962302,-0.03434405,middle,middle_dominant
P05365,0.4410207,4.40721539,0.06784273,0.02118541,middle,middle_dominant
P05366,0.4410406,4.41351323,0.03305127,0.02505226,middle,middle_dominant
P05367,0.44105388,4.40270997,0.11408429,-0.00086859,middle,middle_dominant
P05368,0.44110187,4.44399531,0.12778451,-0.00577614,middle,middle_dominant
P05369,0.44111521,4.42416494,0.11652407,-0.01697657,middle,middle_dominant
P05370,0.44127617,4.41276881,-0.03125906,0.04360193,middle,middle_dominant
P05371,0.44136207,4.43381573,0.20177723,0.17769277,middle,middle_dominant
P05372,0.44157286,4.42978459,-0.03812436,-0.10649875,middle,middle_dominant
P05373,0.44158624,4.40678168,-0.00372254,-0.08035385,middle,middle_dominant
P05374,0.44164976,4.42736793,-5.09386116,-0.21394914,lower,middle_dominant
P05375,0.44173382,4.40254984,-0.04144903,0.10399917,middle,middle_dominant
P05376,0.44203487,4.42203083,-0.01163728,-0.01916322,middle,middle_dominant
P05377,0.44203801,4.40094311,-0.07738403,0.01791089,middle,middle_dominant
P05378,0.44205822,4.35065674,0.03977162,-0.03729283,middle,middle_dominant
P05379,0.44207841,4.35393279,0.08401993,-0.04712999,middle,middle_dominant
P05380,0.44211411,4.46249888,-5.22509833,-0.31480793,lower,middle_dominant
P05381,0.44220698,4.42843803,4.99913243,0.21227529,upper,middle_dominant
P05382,0.44237083,4.40690538,0.12663386,-0.11525402,middle,middle_dominant
P05383,0.44242247,4.3993151,-0.03106695,-0.06388577,middle,middle_dominant
P05384,0.44252721,4.42300412,0.17506611,-0.01926222,middle,middle_dominant
P05385,0.44260709,4.44245616,5.12121608,0.3445664,upper,middle_dominant
P05386,0.44273509,4.43615515,0.09582159,-0.01856755,middle,middle_dominant
P05387,0.44328423,4.44422245,0.02935829,-0.09310086,middle,middle_dominant
P05388,0.44332849,4.43648188,-0.01729524,0.0526106,middle,middle_dominant
P05389,0.44339666,4.45923691,0.02141048,0.09125644,middle,middle_dominant
P05390,0.44359163,4.44213827,0.01076396,0.11088994,middle,middle_dominant
P05391,0.44360693,4.43945759,4.89389637,0.30075109,upper,middle_dominant
P05392,0.44361739,4.40761438,0.07767313,-0.07816293,middle,middle_dominant
P05393,0.44366571,4.40233302,0.05986882,0.10766411,middle,middle_dominant
P05394,0.44372023,4.47507684,-0.04206992,-0.0803918,middle,middle_dominant
P05395,0.44380864,4.43624622,5.17222041,0.21459937,upper,middle_dominant
P05396,0.4438145,4.44299307,-0.09083587,-0.0242995,middle,middle_dominant
P05397,0.44395724,4.43062231,-0.03337,0.00769788,middle,middle_dominant
P05398,0.44403877,4.44604298,0.15910651,0.07489302,middle,middle_dominant
P05399,0.44413827,4.43707719,-5.46246994,-0.34420529,lower,middle_dominant
P05400,0.44416582,4.44588885,0.13251083,0.06703895,middle,middle_dominant
P05401,0.44419131,4.43343947,-0.05405822,-0.00500911,middle,middle_dominant
P05402,0.4443208,4.45132774,0.0498657,0.12675103,middle,middle_dominant
P05403,0.44436833,4.45141745,-0.00474563,0.00696696,middle,middle_dominant
P05404,0.44438568,4.41639936,0.07939674,-0.13289649,middle,middle_dominant
P05405,0.44439374,4.46313764,4.99770451,0.26993976,upper,middle_dominant
P05406,0.44442147,4.47094298,0.2392602,0.11995139,middle,middle_dominant
P05407,0.44442608,4.43671055,0.08078296,0.06542446,middle,middle_dominant
P05408,0.44450016,4.48269475,0.1439574,-0.02221662,middle,middle_dominant
P05409,0.44456951,4.45705877,-0.0390257,-0.08099699,middle,middle_dominant
P05410,0.44457596,4.40469681,0.09612689,-0.12191303,middle,middle_dominant
P05411,0.44457799,4.45687433,0.02984304,0.0696412,middle,middle_dominant
P05412,0.44458936,4.43414361,4.98705313,0.40929937,upper,middle_dominant
P05413,0.44470333,4.4642521,0.01086666,-0.04467263,middle,middle_dominant
P05414,0.44472995,4.40705408,5.14867312,0.3835147,upper,middle_dominant
P05415,0.44474766,4.41898246,-0.2059062,0.03359989,middle,middle_dominant
P05416,0.44496188,4.3982482,-0.00992716,0.07284581,middle,middle_dominant
P05417,0.44513865,4.42627193,0.09446874,0.07178504,middle,middle_dominant
P05418,0.44518761,4.45754039,-5.06951146,-0.3751571,lower,middle_dominant
P05419,0.44524395,4.48201468,0.02600072,0.14848329,middle,middle_dominant
P05420,0.44529528,4.44615582,-0.04686288,-0.11707155,middle,middle_dominant
P05421,0.44533668,4.43690461,-4.97029366,-0.18816547,lower,middle_dominant
P05422,0.44543166,4.42966162,-0.01508557,-0.02824122,middle,middle_dominant
P05423,0.4455367,4.49520943,0.20237401,0.16302965,middle,middle_dominant
P05424,0.44555146,4.45663787,0.13019047,-0.10329758,middle,middle_dominant
P05425,0.44571803,4.49373313,0.05858814,-0.05380902,middle,middle_dominant
P05426,0.4459832,4.48388223,-0.04737907,0.03933577,middle,middle_dominant
P05427,0.44604824,4.42715097,0.16398941,-0.18189416,middle,middle_dominant
P05428,0.44608975,4.47069328,-0.20354277,0.03041274,middle,middle_dominant
P05429,0.44612077,4.45399589,0.17002711,-0.05891231,middle,middle_dominant
P05430,0.44615264,4.47174293,-0.06975412,0.06157955,middle,middle_dominant
P05431,0.44624692,4.52532604,0.10956399,-0.0758235,middle,middle_dominant
P05432,0.44632034,4.43129785,-0.05677249,0.01384344,middle,middle_dominant
P05433,0.44660202,4.47370503,0.19948227,-0.07134789,middle,middle_dominant
P05434,0.44673536,4.47973554,-0.08326446,0.06663709,middle,middle_dominant
P05435,0.44674223,4.47513567,5.25521452,0.37920692,upper,middle_dominant
P05436,0.44678367,4.45695697,-5.01312341,-0.28508128,lower,middle_dominant
P05437,0.4471641,4.47044229,0.04723996,0.00556737,middle,middle_dominant
P05438,0.4471959,4.47828096,0.0941616,0.06458425,middle,middle_dominant
P05439,0.44722593,4.50968485,0.03720553,-0.13096087,middle,middle_dominant
P05440,0.44722936,4.47185899,0.11812604,0.10268381,middle,middle_dominant
P05441,0.44723408,4.48610529,0.02231035,0.03004994,middle,middle_dominant
P05442,0.44723824,4.50245337,-0.0090443,-0.03327969,middle,middle_dominant
P05443,0.44732335,4.480967,-0.01500502,0.07358576,middle,middle_dominant
P05444,0.44737476,4.4555761,0.03719519,0.08575261,middle,middle_dominant
P05445,0.44738856,4.44812336,-5.09331296,-0.20649063,lower,middle_dominant
P05446,0.44763024,4.51753978,0.0558078,-0.00947866,middle,middle_dominant
P05447,0.44766107,4.48340062,0.00007041,0.08398375,middle,middle_dominant
P05448,0.44774241,4.46900379,-5.1971659,-0.27657268,lower,middle_dominant
P05449,0.44775771,4.45709822,0.10383875,0.17063621,middle,middle_dominant
P05450,0.44782024,4.46045379,0.14439443,-0.02917805,middle,middle_dominant
P05451,0.44782745,4.49501574,-0.22310118,-0.04670415,middle,middle_dominant
P05452,0.44788808,4.46875193,0.04428061,0.19649438,middle,middle_dominant
P05453,0.44798847,4.54076622,5.09613775,0.38382148,upper,middle_dominant
P05454,0.44803064,4.50948762,0.00570452,-0.10855403,middle,middle_dominant
P05455,0.44805044,4.44799886,-0.05147773,0.10221443,middle,middle_dominant
P05456,0.44809404,4.47380422,0.05315031,0.10637935,middle,middle_dominant
P05457,0.44814517,4.50800166,-0.03024016,-0.04172318,middle,middle_dominant
P05458,0.44835864,4.53732321,0.05686545,0.03905524,middle,middle_dominant
P05459,0.44842761,4.48291443,-0.03751455,0.03285077,middle,middle_dominant
P05460,0.44858302,4.46092344,-0.02980857,0.08389383,middle,middle_dominant
P05461,0.44864567,4.46184769,-0.09714627,0.22693341,middle,middle_dominant
P05462,0.44866121,4.46449219,0.12604129,0.16186282,middle,middle_dominant
P05463,0.44868945,4.5040923,-0.25488721,-0.0239638,middle,middle_dominant
P05464,0.4490215,4.48487181,0.02183491,0.05606387,middle,middle_dominant
P05465,0.44903506,4.46581967,0.07434882,-0.00049127,middle,middle_dominant
P05466,0.44909542,4.51942242,-0.05743345,-0.12975071,middle,middle_dominant
P05467,0.44939127,4.44149499,0.02286923,0.04404666,middle,middle_dominant
P05468,0.44939826,4.4862681,0.05277419,0.04997876,middle,middle_dominant
P05469,0.44957905,4.51270665,0.03107492,0.02734424,middle,middle_dominant
P05470,0.44976481,4.47556552,0.00116902,0.01758266,middle,middle_dominant
P05471,0.44977625,4.52952372,-0.01967689,0.0739456,middle,middle_dominant
P05472,0.44985859,4.52963799,0.0315835,0.0604862,middle,middle_dominant
P05473,0.44990122,4.4531253,0.06934561,-0.02791555,middle,middle_dominant
P05474,0.45023732,4.47758786,0.02422579,0.15944278,middle,middle_dominant
P05475,0.45027395,4.49096452,0.01706468,0.02500013,middle,middle_dominant
P05476,0.45029445,4.49830743,0.02963255,-0.04265312,middle,middle_dominant
P05477,0.45037481,4.53554747,0.097726,0.1367046,middle,middle_dominant
P05478,0.45040987,4.49291805,5.25550695,0.39777182,upper,middle_dominant
P05479,0.45043259,4.4870505,-0.05558039,-0.03574543,middle,middle_dominant
P05480,0.45049901,4.49826116,0.0472898,0.0460094,middle,middle_dominant
P05481,0.450598,4.4989354,0.24738421,0.18074636,middle,middle_dominant
P05482,0.45060102,4.50712379,0.06575712,0.12229492,middle,middle_dominant
P05483,0.45067474,4.47153251,0.04562696,0.07646903,middle,middle_dominant
P05484,0.45082034,4.49450784,0.01878967,0.18230398,middle,middle_dominant
P05485,0.45088695,4.57167837,0.01670512,0.12851553,middle,middle_dominant
P05486,0.45110589,4.53265184,0.05679159,0.07482388,middle,middle_dominant
P05487,0.45121587,4.51524744,-0.00287758,0.27582785,middle,middle_dominant
P05488,0.45127175,4.53184292,0.08871878,0.00272684,middle,middle_dominant
P05489,0.45130699,4.4992581,-0.10164094,0.12125876,middle,middle_dominant
P05490,0.45159653,4.54175334,-5.05086325,-0.35373446,lower,middle_dominant
P05491,0.45167804,4.52145797,0.08241453,0.17391742,middle,middle_dominant
P05492,0.45183095,4.57109911,0.06228456,0.07949059,middle,middle_dominant
P05493,0.45187248,4.51154715,5.21648261,0.31386843,upper,middle_dominant
P05494,0.45187349,4.52143448,-0.02391372,0.00966499,middle,middle_dominant
P05495,0.45205204,4.55832326,-0.00062843,0.19356446,middle,middle_dominant
P05496,0.45209434,4.51245667,0.07135588,0.12801101,middle,middle_dominant
P05497,0.45212365,4.4889089,-0.10643794,0.03122216,middle,middle_dominant
P05498,0.45217988,4.533299,0.0708476,0.12429217,middle,middle_dominant
P05499,0.45238593,4.54866725,-0.08885701,-0.24735327,middle,middle_dominant
P05500,0.45243257,4.4929994,0.31423383,0.12093362,middle,middle_dominant
P05501,0.45255662,4.49901173,0.09920466,0.07718312,middle,middle_dominant
P05502,0.45270862,4.48546861,0.12130547,0.07408356,middle,middle_dominant
P05503,0.45274229,4.54911442,0.05561167,0.07332763,middle,middle_dominant
P05504,0.45277509,4.56536779,-0.07014219,0.03347845,middle,middle_dominant
P05505,0.45277759,4.48932864,-0.17445361,0.14302177,middle,middle_dominant
P05506,0.45284403,4.50109375,0.06789524,0.16986114,middle,middle_dominant
P05507,0.45293937,4.47647155,-5.24226285,-0.23473821,lower,middle_dominant
P05508,0.45306427,4.48707077,0.06068362,0.09767331,middle,middle_dominant
P05509,0.45312846,4.5652132,-0.11314217,0.17079782,middle,middle_dominant
P05510,0.45316494,4.54858779,0.04430635,-0.11937242,middle,middle_dominant
P05511,0.45319667,4.55233693,0.17924604,0.1145809,middle,middle_dominant
P05512,0.45321771,4.51660708,0.10061672,0.18012403,middle,middle_dominant
P05513,0.45330114,4.57913247,0.02208136,0.03901279,middle,middle_dominant
P05514,0.45342099,4.58606537,0.00480416,-0.02346247,middle,middle_dominant
P05515,0.4535543,4.54016777,-0.13925462,0.19405101,middle,middle_dominant
P05516,0.453612,4.52608984,-0.21562227,0.04559636,middle,middle_dominant
P05517,0.45365968,4.51661471,-0.04659937,0.11267247,middle,middle_dominant
P05518,0.45374796,4.49940023,0.11828756,-0.08243666,middle,middle_dominant
P05519,0.45375215,4.56426932,0.00171697,0.06826365,middle,middle_dominant
P05520,0.45381633,4.56785274,-0.02457386,0.06062727,middle,middle_dominant
P05521,0.45385706,4.47447444,-0.049441,0.17917509,middle,middle_dominant
P05522,0.45386968,4.51746191,0.17826962,0.08292881,middle,middle_dominant
P05523,0.45387856,4.54534692,-0.05335632,0.24424025,middle,middle_dominant
P05524,0.45392252,4.50691459,-0.06796997,0.13441131,middle,middle_dominant
P05525,0.45392416,4.53350825,-0.06508181,0.09249388,middle,middle_dominant
P05526,0.454047,4.52885528,-0.01434756,0.09253146,middle,middle_dominant
P05527,0.45406346,4.56516148,-0.07255512,0.01955127,middle,middle_dominant
P05528,0.45407704,4.52713013,-0.17891806,0.1880389,middle,middle_dominant
P05529,0.45410285,4.5325386,5.11580549,0.36990165,upper,middle_dominant
P05530,0.4541142,4.48147921,-0.06195587,0.06955044,middle,middle_dominant
P05531,0.45411621,4.50080862,-5.09098902,-0.1307319,lower,middle_dominant
P05532,0.45411986,4.51213193,0.10970473,0.08638237,middle,middle_dominant
P05533,0.45414439,4.52000699,0.03566395,0.06775909,middle,middle_dominant
P05534,0.45421804,4.51198059,-5.17429306,-0.35327983,lower,middle_dominant
P05535,0.45434071,4.50693667,0.04428942,0.04788335,middle,middle_dominant
P05536,0.45446055,4.55620446,-0.10366002,0.0869133,middle,middle_dominant
P05537,0.4546194,4.51960694,-0.02036173,0.12675032,middle,middle_dominant
P05538,0.45462498,4.52822138,-0.07033594,0.11423529,middle,middle_dominant
P05539,0.45467098,4.52012992,0.07768761,0.19618548,middle,middle_dominant
P05540,0.4547612,4.52108721,-0.16242789,0.02714117,middle,middle_dominant
P05541,0.45478979,4.58309027,-0.01003825,0.19277694,middle,middle_dominant
P05542,0.45489322,4.57259173,-0.09933933,0.1326892,middle,middle_dominant
P05543,0.45499557,4.55139917,0.00555937,0.00957241,middle,middle_dominant
P05544,0.45504947,4.53394701,-5.03594935,-0.23108109,lower,middle_dominant
P05545,0.45508898,4.53947847,5.15906977,0.2937334,upper,middle_dominant
P05546,0.45513368,4.60652644,0.0997654,0.10292999,middle,middle_dominant
P05547,0.45520135,4.50830444,0.05456152,0.11644385,middle,middle_dominant
P05548,0.45522264,4.58332447,-0.17052415,0.16161726,middle,middle_dominant
P05549,0.45522498,4.54980991,0.03852572,0.05685593,middle,middle_dominant
P05550,0.45525435,4.53553034,-0.10336923,0.15221273,middle,middle_dominant
P05551,0.4553356,4.53490863,0.10545874,0.00723876,middle,middle_dominant
P05552,0.45551219,4.57713103,0.13012334,-0.07929674,middle,middle_dominant
P05553,0.45569829,4.57030708,-0.09087165,0.15975714,middle,middle_dominant
P05554,0.45573026,4.57421286,5.05008457,0.44671833,upper,middle_dominant
P05555,0.4558688,4.56694114,-0.03033758,0.05465805,middle,middle_dominant
P05556,0.45595023,4.4998133,-0.15572399,0.1145746,middle,middle_dominant
P05557,0.45597225,4.57634587,-5.06307035,-0.17906459,lower,middle_dominant
P05558,0.45620248,4.52958669,-0.11572664,0.10440302,middle,middle_dominant
P05559,0.45624792,4.57634286,0.19465335,0.05376557,middle,middle_dominant
P05560,0.45654457,4.55850025,-0.17694234,0.14970501,middle,middle_dominant
P05561,0.45661891,4.54757032,0.13214724,0.23149437,middle,middle_dominant
P05562,0.45675939,4.59317402,5.16640664,0.30139447,upper,middle_dominant
P05563,0.45677362,4.58522606,-4.8676269,-0.22736047,lower,middle_dominant
P05564,0.45680792,4.56587794,0.061864,0.16134069,middle,middle_dominant
P05565,0.45705236,4.59529548,-0.13109904,0.11807153,middle,middle_dominant
P05566,0.45711372,4.60238921,4.98509216,0.41042762,upper,middle_dominant
P05567,0.45714329,4.55731924,-0.24312499,0.07835352,middle,middle_dominant
P05568,0.45724463,4.56214782,-0.1473227,0.16850983,middle,middle_dominant
P05569,0.45727407,4.56331525,0.05643539,0.10244217,middle,middle_dominant
P05570,0.45734483,4.5484335,4.94428452,0.27037469,upper,middle_dominant
P05571,0.45735689,4.59681745,-0.02344588,0.04286031,middle,middle_dominant
P05572,0.45767193,4.54744729,4.98621959,0.27333338,upper,middle_dominant
P05573,0.45778962,4.5581591,-0.12027404,0.18321651,middle,middle_dominant
P05574,0.4579171,4.59346176,0.18792515,0.08107776,middle,middle_dominant
P05575,0.45798162,4.52511404,0.22630968,0.20556731,middle,middle_dominant
P05576,0.45803706,4.5929917,-4.86403416,-0.30603747,lower,middle_dominant
P05577,0.45808223,4.61366913,0.0131428,-0.02455583,middle,middle_dominant
P05578,0.45823287,4.58462447,0.18874058,0.03881713,middle,middle_dominant
P05579,0.45823368,4.57730699,0.00026043,0.10955056,middle,middle_dominant
P05580,0.45834633,4.57055287,-0.00691481,0.1319674,middle,middle_dominant
P05581,0.45853319,4.59863998,5.10485611,0.62816529,upper,middle_dominant
P05582,0.45855821,4.53319881,-0.04159353,0.04650625,middle,middle_dominant
P05583,0.45867821,4.57108666,0.10354537,0.31416786,middle,middle_dominant
P05584,0.45876392,4.56311307,0.15231245,0.07891329,middle,middle_dominant
P05585,0.45876879,4.57674903,-0.0682957,0.14840613,middle,middle_dominant
P05586,0.45892105,4.58379615,4.92496615,0.14624052,upper,middle_dominant
P05587,0.45893759,4.56490814,0.13435805,0.08543167,middle,middle_dominant
P05588,0.45895431,4.55711727,0.07680904,0.09815245,middle,middle_dominant
P05589,0.45897407,4.63248425,-0.03551603,0.08750812,middle,middle_dominant
P05590,0.45900603,4.56370396,0.16314947,0.06351555,middle,middle_dominant
P05591,0.4590296,4.53766654,0.03514827,0.13356126,middle,middle_dominant
P05592,0.46008609,4.57804719,0.12577361,0.19501788,middle,middle_dominant
P05593,0.46009061,4.60286507,0.09299571,0.05736856,middle,middle_dominant
P05594,0.4601581,4.60898469,-0.21725073,0.01827494,middle,middle_dominant
P05595,0.46016621,4.61216837,0.09094492,0.0640474,middle,middle_dominant
P05596,0.46027318,4.52243855,0.22012155,-0.0274658,middle,middle_dominant
P05597,0.46044794,4.57653533,0.14415712,0.09217772,middle,middle_dominant
P05598,0.46050467,4.58324338,-0.05092414,0.11375365,middle,middle_dominant
P05599,0.46051566,4.6070676,0.14395195,0.05662171,middle,middle_dominant
P05600,0.4605391,4.61227556,0.12380014,0.06096482,middle,middle_dominant
P05601,0.4606376,4.58997124,0.15303659,0.13636371,middle,middle_dominant
P05602,0.46064103,4.6069751,0.09177272,0.17756911,middle,middle_dominant
P05603,0.46067338,4.57802089,0.06792709,0.07143101,middle,middle_dominant
P05604,0.46067984,4.63332015,-0.02683757,0.05832357,middle,middle_dominant
P05605,0.46082445,4.60333625,-0.13685573,0.17463442,middle,middle_dominant
P05606,0.46085799,4.57640665,0.08741084,0.14881209,middle,middle_dominant
P05607,0.46088515,4.60914818,0.0486146,0.06464523,middle,middle_dominant
P05608,0.46088531,4.57200817,-0.06339508,0.06169213,middle,middle_dominant
P05609,0.46109371,4.61537246,-0.07776697,0.12250683,middle,middle_dominant
P05610,0.46114102,4.61811632,0.01789013,0.21740985,middle,middle_dominant
P05611,0.46119376,4.61577365,-0.12403742,0.22031045,middle,middle_dominant
P05612,0.46124312,4.61986617,5.12564689,0.45764699,upper,middle_dominant
P05613,0.46125875,4.58753755,-4.87653443,-0.14088843,lower,middle_dominant
P05614,0.46134443,4.6224106,-5.02154086,-0.2643697,lower,middle_dominant
P05615,0.4613496,4.63842589,0.03053094,0.0496339,middle,middle_dominant
P05616,0.46135225,4.60900663,0.0281361,0.1995412,middle,middle_dominant
P05617,0.46146377,4.649751,0.09448917,0.10793333,middle,middle_dominant
P05618,0.46149933,4.60997728,-0.06760924,0.13378307,middle,middle_dominant
P05619,0.46153846,4.63945925,0.08928394,-0.09708385,middle,middle_dominant
P05620,0.46154306,4.55669158,-0.14904197,0.18742517,middle,middle_dominant
P05621,0.46156854,4.64155094,0.14181557,0.07030567,middle,middle_dominant
P05622,0.46166276,4.57722139,-5.09961008,-0.20644242,lower,middle_dominant
P05623,0.46172453,4.59826827,0.23041318,0.11062073,middle,middle_dominant
P05624,0.46176047,4.64107786,5.20184697,0.35220094,upper,middle_dominant
P05625,0.46181837,4.5955847,0.07282417,0.23593603,middle,middle_dominant
P05626,0.46205112,4.61478743,-0.00349974,0.18742114,middle,middle_dominant
P05627,0.46213615,4.60800937,-0.05931052,0.28847773,middle,middle_dominant
P05628,0.46227978,4.63358681,0.06994392,0.08971112,middle,middle_dominant
P05629,0.46234914,4.65664798,0.22763683,0.10116672,middle,middle_dominant
P05630,0.46239362,4.62427648,-5.00456685,-0.20703011,lower,middle_dominant
P05631,0.46257756,4.64458347,-0.04009768,0.19878792,middle,middle_dominant
P05632,0.46258667,4.6042441,5.13867501,0.48494404,upper,middle_dominant
P05633,0.46269084,4.59885071,-0.05167155,0.057906,middle,middle_dominant
P05634,0.46273064,4.64281162,0.01219028,0.16871538,middle,middle_dominant
P05635,0.46281985,4.64547029,-0.05161099,0.14793239,middle,middle_dominant
P05636,0.46284725,4.62354033,0.20028545,0.11936871,middle,middle_dominant
P05637,0.46295776,4.59747615,0.0186407,0.11563252,middle,middle_dominant
P05638,0.46295849,4.6081365,-0.032905,0.16905119,middle,middle_dominant
P05639,0.46297455,4.56757582,0.1279264,0.28626898,middle,middle_dominant
P05640,0.46314507,4.6391467,0.23873293,0.16566166,middle,middle_dominant
P05641,0.4632226,4.68547813,5.11173786,0.32727016,upper,middle_dominant
P05642,0.46326775,4.63024341,-0.03734585,0.16197799,middle,middle_dominant
P05643,0.4633226,4.66150107,0.11752566,0.13768608,middle,middle_dominant
P05644,0.46333599,4.60080204,5.05015106,0.39621836,upper,middle_dominant
P05645,0.46338088,4.67782272,0.00067146,0.22658031,middle,middle_dominant
P05646,0.46341685,4.67150022,0.07602567,0.09968999,middle,middle_dominant
P05647,0.46347551,4.64230321,0.23559666,0.23828971,middle,middle_dominant
P05648,0.46351188,4.61904146,-0.052666,0.12601713,middle,middle_dominant
P05649,0.4637213,4.66571423,0.0536223,0.28680063,middle,middle_dominant
P05650,0.46372339,4.66350738,-0.09605156,-0.06380895,middle,middle_dominant
P05651,0.46382831,4.66513596,-0.02636839,0.17023566,middle,middle_dominant
P05652,0.46388556,4.69777281,0.09442954,0.19109958,middle,middle_dominant
P05653,0.46389741,4.64183436,4.98447,0.46351517,upper,middle_dominant
P05654,0.46401335,4.66495583,-0.09802835,0.03404437,middle,middle_dominant
P05655,0.46404909,4.63954045,0.04942761,0.12544992,middle,middle_dominant
P05656,0.46412933,4.64487968,-5.11947401,-0.18902484,lower,middle_dominant
P05657,0.46416931,4.63370563,0.0607236,0.16550645,middle,middle_dominant
P05658,0.4643203,4.62299063,0.16622389,0.15723325,middle,middle_dominant
P05659,0.46435872,4.60625624,0.04909862,0.10408802,middle,middle_dominant
P05660,0.46436028,4.61278036,-0.02456972,0.21639804,middle,middle_dominant
P05661,0.46447182,4.67802095,0.18507384,0.03448481,middle,middle_dominant
P05662,0.46453314,4.64013321,0.1247399,0.2783394,middle,middle_dominant
P05663,0.46458241,4.6217847,0.04680408,0.06221559,middle,middle_dominant
P05664,0.46466099,4.64884065,0.07081487,0.25319459,middle,middle_dominant
P05665,0.46466656,4.61440597,-0.01395811,0.2501821,middle,middle_dominant
P05666,0.46467002,4.65469097,-0.11214847,0.16661731,middle,middle_dominant
P05667,0.46469608,4.66831653,0.01143609,0.18078619,middle,middle_dominant
P05668,0.46496003,4.67707027,0.1741181,0.19002032,middle,middle_dominant
P05669,0.46502179,4.64392612,5.13343042,0.31075226,upper,middle_dominant
P05670,0.46515618,4.66570992,0.13111572,0.23890829,middle,middle_dominant
P05671,0.46515818,4.68857948,-0.00457992,0.16475118,middle,middle_dominant
P05672,0.46537824,4.6014373,0.15970702,0.05352601,middle,middle_dominant
P05673,0.46538313,4.61862184,5.01716926,0.50502196,upper,middle_dominant
P05674,0.46546746,4.63052497,0.02958473,0.0832065,middle,middle_dominant
P05675,0.46546869,4.64628137,0.10768393,0.01114426,middle,middle_dominant
P05676,0.46559428,4.64111736,-0.16070044,0.07804262,middle,middle_dominant
P05677,0.46562015,4.70193199,0.01857503,0.21768996,middle,middle_dominant
P05678,0.46571013,4.66309461,5.302198,0.36495269,upper,middle_dominant
P05679,0.46571812,4.68578675,-0.00119785,0.19909172,middle,middle_dominant
P05680,0.46572549,4.65297615,0.07416294,0.17889894,middle,middle_dominant
P05681,0.46574716,4.63861784,0.09357538,0.08643592,middle,middle_dominant
P05682,0.46577506,4.68910206,-0.02061231,0.19701839,middle,middle_dominant
P05683,0.4657938,4.67203863,-0.07448693,0.03149338,middle,middle_dominant
P05684,0.46592328,4.62360525,0.01178454,0.04266459,middle,middle_dominant
P05685,0.46592461,4.65909858,0.03864573,0.14359403,middle,middle_dominant
P05686,0.46607242,4.66189762,0.18968951,0.27393416,middle,middle_dominant
P05687,0.46619222,4.61771863,-0.04378267,0.16802606,middle,middle_dominant
P05688,0.46629104,4.66346395,0.01108462,0.34546577,middle,middle_dominant
P05689,0.46647942,4.67240737,-0.07248855,0.0772553,middle,middle_dominant
P05690,0.46649615,4.70434563,-0.0878008,0.19942622,middle,middle_dominant
P05691,0.46670936,4.64512901,0.03611922,0.09472638,middle,middle_dominant
P05692,0.4667111,4.67106066,-0.10631205,0.25304417,middle,middle_dominant
P05693,0.46679621,4.67930268,-0.00636191,0.16647211,middle,middle_dominant
P05694,0.46679913,4.7070982,0.16645064,0.11689802,middle,middle_dominant
P05695,0.46680281,4.66715789,0.10471566,0.23538333,middle,middle_dominant
P05696,0.46682287,4.67831457,0.11553439,0.08117558,middle,middle_dominant
P05697,0.46695346,4.63758514,0.01143673,0.07920515,middle,middle_dominant
P05698,0.46699964,4.657853,0.17337456,0.27963822,middle,middle_dominant
P05699,0.46744914,4.65320277,-0.19682835,0.21037845,middle,middle_dominant
P05700,0.46749489,4.70781523,-0.07348628,0.31098742,middle,middle_dominant
P05701,0.46767512,4.66878258,-5.12627185,-0.3223362,lower,middle_dominant
P05702,0.46768121,4.6737468,0.145275,0.25455368,middle,middle_dominant
P05703,0.4677444,4.68635872,0.06981432,0.1753747,middle,middle_dominant
P05704,0.46783254,4.69425283,-0.05676548,0.17144902,middle,middle_dominant
P05705,0.46790085,4.65778145,0.14537152,0.02597763,middle,middle_dominant
P05706,0.46813164,4.68898489,0.13242216,-0.02240905,middle,middle_dominant
P05707,0.46813556,4.66209797,0.10910283,0.07875686,middle,middle_dominant
P05708,0.46819801,4.65603751,0.00669873,0.20410949,middle,middle_dominant
P05709,0.46820247,4.66849715,0.09374418,0.15496105,middle,middle_dominant
P05710,0.46826902,4.63623115,-4.95652109,-0.13976769,lower,middle_dominant
P05711,0.46842323,4.62761396,0.0211816,0.25433714,middle,middle_dominant
P05712,0.46843766,4.71277769,-0.22941848,0.12392114,middle,middle_dominant
P05713,0.46857744,4.70036128,0.0607889,0.08967623,middle,middle_dominant
P05714,0.46862831,4.67320485,-0.01718933,0.13823759,middle,middle_dominant
P05715,0.46865187,4.70709783,0.09335005,0.12810746,middle,middle_dominant
P05716,0.46866372,4.67775017,-0.10382075,0.12663309,middle,middle_dominant
P05717,0.46873712,4.70119473,-4.86116418,-0.22853278,lower,middle_dominant
P05718,0.46907917,4.6632839,0.04807823,-0.03042368,middle,middle_dominant
P05719,0.46911276,4.67075126,0.09145623,0.02426378,middle,middle_dominant
P05720,0.46912372,4.65729718,0.09784254,0.15117995,middle,middle_dominant
P05721,0.46922857,4.69636289,0.16909085,0.20919054,middle,middle_dominant
P05722,0.46933548,4.69208566,0.06698462,0.17839592,middle,middle_dominant
P05723,0.46936631,4.70672799,-0.07633676,0.11395201,middle,middle_dominant
P05724,0.46939242,4.67530837,0.16173164,0.21013546,middle,middle_dominant
P05725,0.46946777,4.71547616,0.11633002,0.19470637,middle,middle_dominant
P05726,0.46950264,4.71151331,-0.10352198,0.12782933,middle,middle_dominant
P05727,0.46964711,4.69865849,-5.03937927,-0.08741858,lower,middle_dominant
P05728,0.46966978,4.70372779,0.12052827,0.28093667,middle,middle_dominant
P05729,0.46979978,4.69392325,0.09033337,0.08260445,middle,middle_dominant
P05730,0.46992407,4.69268179,0.15093196,0.21509506,middle,middle_dominant
P05731,0.47038831,4.69599123,-0.01393883,0.00420769,middle,middle_dominant
P05732,0.47040735,4.73990369,0.0582864,0.15055711,middle,middle_dominant
P05733,0.47061078,4.72383036,0.26220614,0.14491091,middle,middle_dominant
P05734,0.47068275,4.75283005,0.15122382,0.21163998,middle,middle_dominant
P05735,0.47068456,4.70955101,0.20475,0.32572485,middle,middle_dominant
P05736,0.47072512,4.74392152,-0.07422781,0.34057389,middle,middle_dominant
P05737,0.47077464,4.72176532,5.10119024,0.35226091,upper,middle_dominant
P05738,0.47078276,4.66915336,0.0435673,0.22956573,middle,middle_dominant
P05739,0.47080443,4.72052683,-0.03332632,0.0429114,middle,middle_dominant
P05740,0.47083349,4.71051769,0.04939756,0.0933315,middle,middle_dominant
P05741,0.47087771,4.75379768,-0.0071019,0.20488808,middle,middle_dominant
P05742,0.47110973,4.71070555,-0.04762307,0.18844415,middle,middle_dominant
P05743,0.47112464,4.72476361,-0.07306204,0.10571121,middle,middle_dominant
P05744,0.47113664,4.70316048,0.04082307,0.14067858,middle,middle_dominant
P05745,0.47120662,4.72746477,0.12021119,0.15404009,middle,middle_dominant
P05746,0.47122258,4.7570797,0.08949068,0.22589938,middle,middle_dominant
P05747,0.47124347,4.70218832,-0.00552922,0.19436881,middle,middle_dominant
P05748,0.47127277,4.70465668,0.21625332,0.00109364,middle,middle_dominant
P05749,0.47148217,4.71172183,0.04177773,0.15151574,middle,middle_dominant
P05750,0.47155273,4.70023266,0.10253304,0.27451029,middle,middle_dominant
P05751,0.47169558,4.71874133,-0.02940951,0.05798617,middle,middle_dominant
P05752,0.47170359,4.64637497,-0.09679849,0.02912376,middle,middle_dominant
P05753,0.47180257,4.73674246,-5.02603894,-0.16018259,lower,middle_dominant
P05754,0.47180303,4.66942099,5.18249153,0.27970703,upper,middle_dominant
P05755,0.47181242,4.72064819,0.10835384,0.12644574,middle,middle_dominant
P05756,0.47194613,4.71792374,0.07156525,0.27166192,middle,middle_dominant
P05757,0.47204519,4.73263913,0.00354495,0.32372038,middle,middle_dominant
P05758,0.47206745,4.73569737,0.10491877,0.16182047,middle,middle_dominant
P05759,0.47208827,4.70969659,0.16878234,0.23978872,middle,middle_dominant
P05760,0.47215513,4.74089768,0.15135832,0.17511692,middle,middle_dominant
P05761,0.4721994,4.74713764,0.15111287,0.14115929,middle,middle_dominant
P05762,0.47235546,4.70830809,-0.0423527,0.20454959,middle,middle_dominant
P05763,0.47237256,4.72228734,-5.10563701,-0.15359984,lower,middle_dominant
P05764,0.47241941,4.68577967,-4.90394669,-0.11783049,lower,middle_dominant
P05765,0.47246741,4.72051605,-0.05807527,0.23098939,middle,middle_dominant
P05766,0.47253322,4.69223158,5.09363317,0.22266932,upper,middle_dominant
P05767,0.47267855,4.73039391,-0.07002017,0.0936415,middle,middle_dominant
P05768,0.47278669,4.73967493,0.00554115,0.28263915,middle,middle_dominant
P05769,0.47285613,4.68400138,0.01383935,0.27669597,middle,middle_dominant
P05770,0.47291505,4.669824,5.04690899,0.37477206,upper,middle_dominant
P05771,0.47294737,4.65403776,0.1138901,0.09357525,middle,middle_dominant
P05772,0.47305585,4.75456971,-5.2497576,-0.07839733,lower,middle_dominant
P05773,0.47305676,4.76319339,-0.00860873,0.25933581,middle,middle_dominant
P05774,0.47308186,4.7534173,-0.06113748,0.21978712,middle,middle_dominant
P05775,0.47312004,4.69583808,-0.05061348,0.11641456,middle,middle_dominant
P05776,0.47320928,4.75329828,0.22343444,0.29185476,middle,middle_dominant
P05777,0.47322752,4.70005538,-0.01790761,0.08938365,middle,middle_dominant
P05778,0.47345986,4.71873111,-0.06951265,0.08860042,middle,middle_dominant
P05779,0.4734805,4.75730728,0.06316428,0.03720423,middle,middle_dominant
P05780,0.47359951,4.72339287,0.00822157,-0.05081995,middle,middle_dominant
P05781,0.473753,4.65602494,-0.01846566,0.04732211,middle,middle_dominant
P05782,0.473824,4.73278197,0.19821062,0.16502,middle,middle_dominant
P05783,0.47388034,4.75728183,-5.17211324,-0.15717758,lower,middle_dominant
P05784,0.47392513,4.7260605,-0.07477177,0.2729931,middle,middle_dominant
P05785,0.47394135,4.70351031,0.2502014,0.23475581,middle,middle_dominant
P05786,0.47398262,4.72656135,-0.16273171,0.1841817,middle,middle_dominant
P05787,0.4740455,4.68664438,5.09099627,0.23871454,upper,middle_dominant
P05788,0.47408844,4.77800852,0.01623335,0.05269473,middle,middle_dominant
P05789,0.47408906,4.75064784,-0.08042518,0.17917918,middle,middle_dominant
P05790,0.47417596,4.73423219,0.22985199,0.04472835,middle,middle_dominant
P05791,0.47422555,4.69636304,0.16016061,0.15209314,middle,middle_dominant
P05792,0.47426682,4.76612867,0.13323293,0.23315692,middle,middle_dominant
P05793,0.47446728,4.73219473,-0.01664487,0.18159376,middle,middle_dominant
P05794,0.47458924,4.7888792,0.15302953,0.21069693,middle,middle_dominant
P05795,0.47463976,4.71688457,0.0606874,0.09621046,middle,middle_dominant
P05796,0.47480951,4.75586768,0.0752569,0.20782953,middle,middle_dominant
P05797,0.47484779,4.7547609,0.06891616,0.32861542,middle,middle_dominant
P05798,0.47489265,4.76547788,0.13234039,0.18586556,middle,middle_dominant
P05799,0.47508415,4.74237058,0.09267558,0.18322949,middle,middle_dominant
P05800,0.4753294,4.75443913,-5.0214794,-0.29107177,lower,middle_dominant
P05801,0.47536475,4.75639245,0.06249572,0.1305882,middle,middle_dominant
P05802,0.47538643,4.74474334,-0.01767665,0.17291801,middle,middle_dominant
P05803,0.47544467,4.73051817,0.20520373,0.16548912,middle,middle_dominant
P05804,0.47562784,4.74797625,0.10884683,0.05365502,middle,middle_dominant
P05805,0.47580149,4.73719393,0.28784145,0.21675947,middle,middle_dominant
P05806,0.47589911,4.73801751,0.00768327,0.22690843,middle,middle_dominant
P05807,0.47593549,4.76995878,0.15294159,0.2386117,middle,middle_dominant
P05808,0.47596314,4.73162021,0.12876381,0.34302627,middle,middle_dominant
P05809,0.47603401,4.7606497,0.05209101,0.15669823,middle,middle_dominant
P05810,0.47642004,4.75057521,0.05999615,0.21575546,middle,middle_dominant
P05811,0.47643842,4.80568315,-5.08323375,-0.11777286,lower,middle_dominant
P05812,0.47655864,4.78880458,0.12859438,0.17185848,middle,middle_dominant
P05813,0.47656805,4.78566092,-4.89645466,-0.01507594,lower,middle_dominant
P05814,0.47683836,4.77886906,5.04342098,0.5528045,upper,middle_dominant
P05815,0.47687841,4.76601361,0.0824473,0.24512573,middle,middle_dominant
P05816,0.47692676,4.77754653,-5.31033814,-0.10425676,lower,middle_dominant
P05817,0.47696502,4.75551946,0.07685915,0.14387372,middle,middle_dominant
P05818,0.47698452,4.79465021,0.00239934,0.24797185,middle,middle_dominant
P05819,0.47699104,4.7099457,0.09686518,0.19124497,middle,middle_dominant
P05820,0.4770201,4.74255028,-0.10782431,0.26630447,middle,middle_dominant
P05821,0.47702751,4.74694089,5.0112633,0.50438331,upper,middle_dominant
P05822,0.47716162,4.82695447,0.09458549,0.15980766,middle,middle_dominant
P05823,0.47722193,4.76681323,0.04238192,0.15605457,middle,middle_dominant
P05824,0.47724211,4.76197611,0.00031251,0.20345008,middle,middle_dominant
P05825,0.47730204,4.71366692,5.10176501,0.35086885,upper,middle_dominant
P05826,0.47752755,4.72721331,-0.00065789,0.02000017,middle,middle_dominant
P05827,0.47757333,4.77944918,-5.03115351,-0.03810563,lower,middle_dominant
P05828,0.47761585,4.75502098,0.01390898,0.19485492,middle,middle_dominant
P05829,0.47764927,4.76884918,0.1953111,0.2148552,middle,middle_dominant
P05830,0.4776604,4.70220153,0.01880602,0.15003435,middle,middle_dominant
P05831,0.47769109,4.71819911,0.19076646,0.31438685,middle,middle_dominant
P05832,0.47777601,4.81206809,0.10060234,0.25375228,middle,middle_dominant
P05833,0.47790321,4.77094252,0.14757471,0.08523961,middle,middle_dominant
P05834,0.47792198,4.78760181,-0.1058151,0.13180046,middle,middle_dominant
P05835,0.47797372,4.770826,0.07578465,0.18196871,middle,middle_dominant
P05836,0.47800965,4.77747073,-0.04835484,0.12495802,middle,middle_dominant
P05837,0.47804651,4.77852377,-0.08123798,0.1507344,middle,middle_dominant
P05838,0.4781104,4.75466654,0.13575292,0.18155861,middle,middle_dominant
P05839,0.4782612,4.80678511,0.0217701,0.21365795,middle,middle_dominant
P05840,0.47835051,4.80394055,0.00145525,0.17650742,middle,middle_dominant
P05841,0.47842922,4.76906382,0.20587191,0.23606855,middle,middle_dominant
P05842,0.4784346,4.79061949,0.08435066,0.19088599,middle,middle_dominant
P05843,0.47852275,4.78972906,0.06252178,0.21350638,middle,middle_dominant
P05844,0.47857884,4.77039545,0.05689815,0.12299599,middle,middle_dominant
P05845,0.47862392,4.78292359,0.24488134,0.32836554,middle,middle_dominant
P05846,0.47867934,4.78657882,-4.95023819,-0.14913159,lower,middle_dominant
P05847,0.47876338,4.80388514,0.14374222,0.2933485,middle,middle_dominant
P05848,0.47889029,4.80121511,-0.02039254,0.07359208,middle,middle_dominant
P05849,0.47891413,4.78589294,0.08469625,0.16726493,middle,middle_dominant
P05850,0.47922936,4.79074546,5.11400327,0.51462287,upper,middle_dominant
P05851,0.47940283,4.8357974,0.15537688,0.12044317,middle,middle_dominant
P05852,0.47944164,4.77603658,5.3662403,0.40937096,upper,middle_dominant
P05853,0.47950203,4.78260118,0.06926236,0.26289143,middle,middle_dominant
P05854,0.47951321,4.79604908,-0.00905312,0.1716945,middle,middle_dominant
P05855,0.47952077,4.75526945,0.12795398,0.14026733,middle,middle_dominant
P05856,0.47980177,4.78193654,-5.01652079,-0.11059406,lower,middle_dominant
P05857,0.47980378,4.7765249,5.11779793,0.33198635,upper,middle_dominant
P05858,0.47983161,4.77556356,-0.09533863,0.27857203,middle,middle_dominant
P05859,0.48014541,4.80514481,0.04368105,0.03133892,middle,middle_dominant
P05860,0.48018194,4.79526221,-0.08542458,0.17795901,middle,middle_dominant
P05861,0.48022666,4.81262099,-0.05759938,0.22354907,middle,middle_dominant
P05862,0.48023309,4.81843155,0.09014337,0.13497028,middle,middle_dominant
P05863,0.48038651,4.77744864,0.05453693,0.23016044,middle,middle_dominant
P05864,0.48045646,4.79212348,0.18175027,0.22416986,middle,middle_dominant
P05865,0.48054055,4.812671,-0.02642854,0.18907785,middle,middle_dominant
P05866,0.48056638,4.7334603,-4.92142608,-0.15553029,lower,middle_dominant
P05867,0.48061863,4.82443903,0.08519528,0.23388159,middle,middle_dominant
P05868,0.48067489,4.83584773,0.15043756,0.28058401,middle,middle_dominant
P05869,0.48081893,4.83870101,0.0361422,0.378834,middle,middle_dominant
P05870,0.48084793,4.79851267,0.07871794,0.27169504,middle,middle_dominant
P05871,0.48085978,4.81032404,-0.00102093,0.23335855,middle,middle_dominant
P05872,0.48091922,4.80884732,-0.13560811,0.32750739,middle,middle_dominant
P05873,0.48103564,4.82083999,-0.05215634,0.25855589,middle,middle_dominant
P05874,0.48117311,4.81801377,0.04381624,0.11276503,middle,middle_dominant
P05875,0.48129408,4.79989713,0.03121959,0.16153178,middle,middle_dominant
P05876,0.48130492,4.80749156,0.08805802,0.11804808,middle,middle_dominant
P05877,0.48134598,4.85959596,0.15827669,0.22962805,middle,middle_dominant
P05878,0.48142274,4.83344545,-0.04513805,0.26158262,middle,middle_dominant
P05879,0.48145882,4.76288336,0.03646732,0.12087721,middle,middle_dominant
P05880,0.48150923,4.83443713,0.11997518,0.12528239,middle,middle_dominant
P05881,0.48152841,4.77869043,0.08946593,0.2040433,middle,middle_dominant
P05882,0.4815901,4.84365909,-0.03548494,0.27732513,middle,middle_dominant
P05883,0.48178642,4.84027028,0.0781726,0.04639028,middle,middle_dominant
P05884,0.48181986,4.86430458,0.1380154,0.25351053,middle,middle_dominant
P05885,0.48188641,4.81362983,0.00573339,0.19575055,middle,middle_dominant
P05886,0.48227645,4.79671006,5.10284863,0.3846446,upper,middle_dominant
P05887,0.48232555,4.80923539,0.06867458,0.13051929,middle,middle_dominant
P05888,0.48239006,4.8340426,-0.00709643,0.21870738,middle,middle_dominant
P05889,0.4824729,4.83624609,-0.01312633,0.115586,middle,middle_dominant
P05890,0.48249943,4.8382867,0.15428272,0.26294677,middle,middle_dominant
P05891,0.48249945,4.82869398,-0.0389375,0.16579867,middle,middle_dominant
P05892,0.48264625,4.83627793,0.04618753,0.09554853,middle,middle_dominant
P05893,0.48287263,4.8248386,0.18559836,0.23323691,middle,middle_dominant
P05894,0.48293289,4.84219255,-0.12998965,0.24745805,middle,middle_dominant
P05895,0.48293544,4.83245477,0.08244697,0.2254179,middle,middle_dominant
P05896,0.48296825,4.8285554,0.02961418,0.17947435,middle,middle_dominant
P05897,0.48300224,4.81747018,-0.03342279,0.23344427,middle,middle_dominant
P05898,0.48319633,4.82150325,-0.07905807,0.20573125,middle,middle_dominant
P05899,0.48335081,4.81707508,0.1867529,0.29512544,middle,middle_dominant
P05900,0.48343873,4.83596682,-0.00876337,0.31081119,middle,middle_dominant
P05901,0.48349215,4.87269579,0.21674595,0.18183426,middle,middle_dominant
P05902,0.48357648,4.83965644,0.08430652,0.14373151,middle,middle_dominant
P05903,0.48368791,4.80588245,0.11049881,0.28334613,middle,middle_dominant
P05904,0.48401791,4.83661862,0.21240343,0.18185362,middle,middle_dominant
P05905,0.48416807,4.8875421,-5.19553813,-0.08232246,lower,middle_dominant
P05906,0.48427932,4.82822688,0.35938769,0.19297786,middle,middle_dominant
P05907,0.48431897,4.88428062,0.04892254,0.21870899,middle,middle_dominant
P05908,0.4843561,4.80029391,-0.00465984,0.28549454,middle,middle_dominant
P05909,0.48438327,4.85219309,-0.01817273,0.15209732,middle,middle_dominant
P05910,0.48443303,4.82033333,-0.02574273,0.23356621,middle,middle_dominant
P05911,0.48447111,4.83425644,0.07434366,0.19056451,middle,middle_dominant
P05912,0.48459284,4.84748265,0.1283768,0.16085829,middle,middle_dominant
P05913,0.48474641,4.84539488,0.02013294,0.2442976,middle,middle_dominant
P05914,0.48481634,4.85734835,0.14942987,0.35887122,middle,middle_dominant
P05915,0.48485174,4.84563592,0.14780829,0.25797495,middle,middle_dominant
P05916,0.48504898,4.78469309,5.02219004,0.46283133,upper,middle_dominant
P05917,0.48509773,4.86944887,-0.03127341,0.18840996,middle,middle_dominant
P05918,0.48512924,4.8782288,-0.01470272,0.34357603,middle,middle_dominant
P05919,0.48517837,4.83205674,0.07383956,0.27454838,middle,middle_dominant
P05920,0.48535707,4.85243573,-5.04365751,-0.06488284,lower,middle_dominant
P05921,0.48549316,4.87387649,0.00307381,0.31583369,middle,middle_dominant
P05922,0.48550329,4.83910509,0.13473639,0.20509461,middle,middle_dominant
P05923,0.48591186,4.86207153,-0.06263515,0.1975456,middle,middle_dominant
P05924,0.48596703,4.86316244,5.01262257,0.41739407,upper,middle_dominant
P05925,0.48599663,4.88944285,-0.12666768,0.24230105,middle,middle_dominant
P05926,0.48601117,4.84075583,-5.26636764,-0.08260097,lower,middle_dominant
P05927,0.48607908,4.82846201,-0.01541912,0.15754862,middle,middle_dominant
P05928,0.48608156,4.85812354,0.07168193,0.12795946,middle,middle_dominant
P05929,0.48621626,4.82227959,0.12860438,0.12566929,middle,middle_dominant
P05930,0.48636473,4.86916916,0.00193609,0.34171448,middle,middle_dominant
P05931,0.48637811,4.8501169,0.00726561,0.02503775,middle,middle_dominant
P05932,0.48638034,4.83723842,0.12835048,0.25554654,middle,middle_dominant
P05933,0.48648441,4.81970108,0.18496555,0.18411553,middle,middle_dominant
P05934,0.48661946,4.82983766,-0.03080031,0.38639759,middle,middle_dominant
P05935,0.48681341,4.87162914,-0.00867365,0.10163327,middle,middle_dominant
P05936,0.48681591,4.85309974,0.10934235,0.12514046,middle,middle_dominant
P05937,0.48686303,4.84220818,0.14261951,0.36157243,middle,middle_dominant
P05938,0.48686907,4.87410413,5.00518187,0.33728608,upper,middle_dominant
P05939,0.48692435,4.89163662,0.13859315,0.01891085,middle,middle_dominant
P05940,0.48694606,4.88146737,0.14459764,0.19788606,middle,middle_dominant
P05941,0.48696323,4.8493909,-0.02216603,0.1815055,middle,middle_dominant
P05942,0.48715882,4.87233952,0.05403471,0.30072467,middle,middle_dominant
P05943,0.48720707,4.91290367,0.03923499,0.2257325,middle,middle_dominant
P05944,0.48725924,4.82585306,0.14335163,0.18589482,middle,middle_dominant
P05945,0.48736892,4.88248945,0.15966815,0.25753629,middle,middle_dominant
P05946,0.48738224,4.86883168,0.24207724,0.278366,middle,middle_dominant
P05947,0.48740111,4.9387573,0.07566532,0.20333977,middle,middle_dominant
P05948,0.48743185,4.88905635,0.10362946,0.2349995,middle,middle_dominant
P05949,0.48748647,4.8783434,0.2721028,0.22666003,middle,middle_dominant
P05950,0.48752388,4.8505218,0.12177492,0.14731223,middle,middle_dominant
P05951,0.487599,4.90282745,0.01521847,0.25135879,middle,middle_dominant
P05952,0.48761784,4.87345941,5.1078798,0.43454879,upper,middle_dominant
P05953,0.48763648,4.88558953,-5.13205314,-0.04152207,lower,middle_dominant
P05954,0.48783852,4.93928142,0.1221685,0.17307669,middle,middle_dominant
P05955,0.48786953,4.84814746,0.11996411,0.24621118,middle,middle_dominant
P05956,0.48789787,4.90798175,0.00587418,0.26488505,middle,middle_dominant
P05957,0.48792509,4.87382437,0.02625138,0.33790197,middle,middle_dominant
P05958,0.48792793,4.91834121,0.1860517,0.24603708,middle,middle_dominant
P05959,0.48811113,4.87263429,0.17642785,0.21457658,middle,middle_dominant
P05960,0.488132,4.93291606,-4.96104747,-0.04779044,lower,middle_dominant
P05961,0.48820661,4.87528706,0.03262176,0.28449541,middle,middle_dominant
P05962,0.48828438,4.91887921,-0.05344238,0.2277234,middle,middle_dominant
P05963,0.48871431,4.93587615,0.18314697,0.28535586,middle,middle_dominant
P05964,0.4887452,4.8710577,-0.12242438,0.22720555,middle,middle_dominant
P05965,0.48876429,4.9034162,0.1187279,0.24117872,middle,middle_dominant
P05966,0.48879561,4.84704535,0.19744316,0.11863158,middle,middle_dominant
P05967,0.48888601,4.90487969,0.11728612,0.18955664,middle,middle_dominant
P05968,0.48889708,4.89454994,0.25003071,0.26230799,middle,middle_dominant
P05969,0.48890875,4.89026203,0.01105649,0.36823672,middle,middle_dominant
P05970,0.48892422,4.89769585,0.02730041,0.25006971,middle,middle_dominant
P05971,0.48893506,4.93120192,-0.00256381,0.47092714,middle,middle_dominant
P05972,0.48895422,4.84292733,-0.03283438,0.2499622,middle,middle_dominant
P05973,0.48897069,4.88576569,-5.05782132,-0.21983608,lower,middle_dominant
P05974,0.48907904,4.87187514,0.10886985,0.32404812,middle,middle_dominant
P05975,0.4893227,4.93380574,0.04474041,0.29404518,middle,middle_dominant
P05976,0.48932922,4.89884796,0.10493073,0.30846341,middle,middle_dominant
P05977,0.489399,4.91006734,0.08212192,0.20564208,middle,middle_dominant
P05978,0.48943726,4.92112889,5.10867647,0.32540462,upper,middle_dominant
P05979,0.48949077,4.91178457,0.10163939,0.3183215,middle,middle_dominant
P05980,0.48959457,4.913796,0.13742422,0.25379884,middle,middle_dominant
P05981,0.48965591,4.85015091,-0.22498508,0.26950391,middle,middle_dominant
P05982,0.48985666,4.85649729,0.11996476,0.2553439,middle,middle_dominant
P05983,0.48994995,4.89490949,0.0634904,0.27761743,middle,middle_dominant
P05984,0.48999848,4.85339049,0.09368625,0.37949941,middle,middle_dominant
P05985,0.49000389,4.90151419,5.16279147,0.38686078,upper,middle_dominant
P05986,0.49005719,4.91864126,5.07433551,0.52732309,upper,middle_dominant
P05987,0.4900589,4.87396707,0.05055514,0.29532725,middle,middle_dominant
P05988,0.49018453,4.90698063,0.04484349,0.32911008,middle,middle_dominant
P05989,0.49026229,4.91613605,0.03129936,0.48186913,middle,middle_dominant
P05990,0.49028375,4.90070521,0.02023865,0.17692642,middle,middle_dominant
P05991,0.49042896,4.92178276,0.11454336,0.3328914,middle,middle_dominant
P05992,0.49054977,4.91716611,0.00880891,0.24172426,middle,middle_dominant
P05993,0.49074765,4.89340909,-0.04349762,0.50072635,middle,middle_dominant
P05994,0.49083228,4.91816393,-0.0560527,0.30656089,middle,middle_dominant
P05995,0.49092733,4.87728219,0.01250395,0.1862779,middle,middle_dominant
P05996,0.49098154,4.91494609,-0.01710667,0.21180008,middle,middle_dominant
P05997,0.49098972,4.93227051,-0.08970917,0.37034026,middle,middle_dominant
P05998,0.4910528,4.89240555,5.15423734,0.49819915,upper,middle_dominant
P05999,0.49121342,4.93678093,0.22213148,0.31052716,middle,middle_dominant
P06000,0.49147911,4.97275095,5.06121546,0.41887412,upper,middle_dominant
P06001,0.49148042,4.90097359,0.11537642,0.42573977,middle,middle_dominant
P06002,0.49152915,4.91212631,0.16450831,0.18585327,middle,middle_dominant
P06003,0.49154599,4.91694117,0.09265356,0.28775487,middle,middle_dominant
P06004,0.49169396,4.98193681,0.30334647,0.33343109,middle,middle_dominant
P06005,0.49170679,4.96124317,0.04351205,0.4826442,middle,middle_dominant
P06006,0.49181135,4.88038644,0.01328917,0.30412193,middle,middle_dominant
P06007,0.49184161,4.87370394,0.10874431,0.24173355,middle,middle_dominant
P06008,0.49198159,4.93077927,0.11027142,0.2129239,middle,middle_dominant
P06009,0.492068,4.9248769,-0.1125471,0.28048103,middle,middle_dominant
P06010,0.49228668,4.92794606,0.16961112,0.1361481,middle,middle_dominant
P06011,0.49235924,4.9638226,-0.00289355,0.30599891,middle,middle_dominant
P06012,0.49239384,4.92146157,0.0300814,0.21096578,middle,middle_dominant
P06013,0.49248908,4.93557455,-0.00263059,0.23740952,middle,middle_dominant
P06014,0.49250395,4.92364303,0.09092896,0.32075524,middle,middle_dominant
P06015,0.49262044,4.9380582,0.18164909,0.31285381,middle,middle_dominant
P06016,0.49262539,4.94411164,0.01748077,0.42922161,middle,middle_dominant
P06017,0.49270388,4.89394332,-0.01503315,0.30310897,middle,middle_dominant
P06018,0.49274522,4.88632304,-4.97914762,0.00058626,lower,middle_dominant
P06019,0.49276083,4.88405453,0.20006508,0.25219319,middle,middle_dominant
P06020,0.49276139,4.915244,5.16840167,0.31065868,upper,middle_dominant
P06021,0.49295354,4.90350477,0.03920926,0.16626671,middle,middle_dominant
P06022,0.49313129,4.93926467,0.09099438,0.26373749,middle,middle_dominant
P06023,0.49315762,4.94991644,0.02953307,0.39974238,middle,middle_dominant
P06024,0.49318676,4.97061671,0.02773619,0.27721889,middle,middle_dominant
P06025,0.49322805,4.93233712,-4.83369104,-0.20570694,lower,middle_dominant
P06026,0.49336792,4.92935586,0.12117064,0.3720438,middle,middle_dominant
P06027,0.49340008,4.90536829,0.22633973,0.39689632,middle,middle_dominant
P06028,0.49341506,4.98093939,5.15190514,0.4366229,upper,middle_dominant
P06029,0.49347835,4.97050458,-0.05099583,0.31193225,middle,middle_dominant
P06030,0.49360225,4.89856093,0.09316874,0.1709942,middle,middle_dominant
P06031,0.49365771,4.93377375,0.20349356,0.37324174,middle,middle_dominant
P06032,0.49367634,4.88682287,-0.02598912,0.08941226,middle,middle_dominant
P06033,0.49379715,4.9175196,-0.06428452,0.16126959,middle,middle_dominant
P06034,0.49382268,4.98235646,0.10666504,0.35648805,middle,middle_dominant
P06035,0.49383791,4.97892157,0.05650875,0.13602167,middle,middle_dominant
P06036,0.49391898,4.91530253,0.09885554,0.39058062,middle,middle_dominant
P06037,0.49394724,4.9566249,0.09685215,0.26508224,middle,middle_dominant
P06038,0.49398732,4.93428402,0.05113238,0.20086945,middle,middle_dominant
P06039,0.49401179,4.89821851,0.14894604,0.34302499,middle,middle_dominant
P06040,0.49406641,4.95175522,0.17810104,0.31116367,middle,middle_dominant
P06041,0.49409912,4.90582894,0.27509572,0.29238653,middle,middle_dominant
P06042,0.49412783,4.93205478,0.10356905,0.28288334,middle,middle_dominant
P06043,0.49415818,4.94625471,-4.95164524,-0.04569824,lower,middle_dominant
P06044,0.4941724,4.9439714,0.00256008,0.15186162,middle,middle_dominant
P06045,0.49435807,4.91360335,0.01701791,0.25541772,middle,middle_dominant
P06046,0.49443293,4.97760611,0.14100828,0.3363414,middle,middle_dominant
P06047,0.49451436,4.95561212,0.04928112,0.36349072,middle,middle_dominant
P06048,0.49458164,4.94513109,-0.02498374,0.20742824,middle,middle_dominant
P06049,0.49473206,4.92954945,-0.01356098,0.35045948,middle,middle_dominant
P06050,0.49473298,4.95224443,-4.97992822,-0.05531193,lower,middle_dominant
P06051,0.49489431,4.9450558,0.01415769,0.36680902,middle,middle_dominant
P06052,0.49493686,4.93228877,0.04637092,0.28386188,middle,middle_dominant
P06053,0.49495716,4.98212387,0.14125743,0.16684875,middle,middle_dominant
P06054,0.49512962,4.98697309,0.22357374,0.3028115,middle,middle_dominant
P06055,0.495132,5.00283382,0.02866927,0.23106017,middle,middle_dominant
P06056,0.49514005,4.97509616,0.03272169,0.3781891,middle,middle_dominant
P06057,0.495221,4.92707188,0.08733671,0.34499435,middle,middle_dominant
P06058,0.49522239,4.97190992,0.27058043,0.24929479,middle,middle_dominant
P06059,0.49529234,4.95226169,0.08676062,0.40056479,middle,middle_dominant
P06060,0.49529766,4.91787994,0.23688037,0.31189638,middle,middle_dominant
P06061,0.49533126,4.99964687,0.33387309,0.24278421,middle,middle_dominant
P06062,0.49534519,4.94272182,-0.01105812,0.10554968,middle,middle_dominant
P06063,0.4954302,4.9667865,0.09427999,0.39150037,middle,middle_dominant
P06064,0.49543787,4.95767115,0.24649428,0.29595673,middle,middle_dominant
P06065,0.4955021,4.97445468,0.2447104,0.28868981,middle,middle_dominant
P06066,0.49567642,4.95271944,-0.05049358,0.3300169,middle,middle_dominant
P06067,0.49580367,4.95879895,0.02210857,0.35494263,middle,middle_dominant
P06068,0.49591408,4.94875419,0.30985643,0.20464506,middle,middle_dominant
P06069,0.49597928,4.94328676,0.11730465,0.21913312,middle,middle_dominant
P06070,0.49598784,4.94552145,0.21873654,0.37409461,middle,middle_dominant
P06071,0.49611297,4.94200354,4.94930001,0.54483107,upper,middle_dominant
P06072,0.49619191,4.97068567,-0.19760503,0.22147575,middle,middle_dominant
P06073,0.49623639,4.98531759,5.15709469,0.61197718,upper,middle_dominant
P06074,0.4962554,4.97515845,-0.05085123,0.17764957,middle,middle_dominant
P06075,0.49632328,4.97179338,5.13929027,0.28078294,upper,middle_dominant
P06076,0.49634085,4.94005725,0.15948957,0.26546347,middle,middle_dominant
P06077,0.49641358,4.99702286,0.08136696,0.24602746,middle,middle_dominant
P06078,0.49642647,5.004345,0.12227683,0.37849426,middle,middle_dominant
P06079,0.49649097,4.98844535,0.32555803,0.35903797,middle,middle_dominant
P06080,0.49664672,4.97132897,0.21087481,0.38577832,middle,middle_dominant
P06081,0.49677547,5.0233614,0.09257015,0.24346424,middle,middle_dominant
P06082,0.49680481,4.99229614,0.1212638,0.29436499,middle,middle_dominant
P06083,0.49681885,4.99415642,0.20550934,0.14520467,middle,middle_dominant
P06084,0.49688851,4.96704394,5.19968296,0.50690173,upper,middle_dominant
P06085,0.49689263,4.96345888,0.21247346,0.41399123,middle,middle_dominant
P06086,0.49704053,4.96666019,0.09320566,0.33443646,middle,middle_dominant
P06087,0.49707379,4.96583077,-0.08247072,0.39547501,middle,middle_dominant
P06088,0.49708019,4.98212467,0.05787985,0.34626624,middle,middle_dominant
P06089,0.4971188,4.99054699,5.24040823,0.45304429,upper,middle_dominant
P06090,0.49712411,4.94929779,0.25685982,0.17632994,middle,middle_dominant
P06091,0.49712773,4.96695168,0.06397213,0.19339987,middle,middle_dominant
P06092,0.49713666,4.92647028,0.12396664,0.33785347,middle,middle_dominant
P06093,0.49717214,4.96276326,5.14792243,0.47316831,upper,middle_dominant
P06094,0.49721637,4.92978433,0.08488449,0.27320795,middle,middle_dominant
P06095,0.49734647,5.02681094,0.12040566,0.26715131,middle,middle_dominant
P06096,0.49753741,4.98601463,0.13325611,0.30230756,middle,middle_dominant
P06097,0.49761069,4.92292685,0.2171349,0.21082275,middle,middle_dominant
P06098,0.49762119,4.97553591,0.06524935,0.34237024,middle,middle_dominant
P06099,0.49778936,4.97165463,0.09992086,0.34614656,middle,middle_dominant
P06100,0.49782304,5.00085841,0.02896289,0.25947195,middle,middle_dominant
P06101,0.49792334,4.93735507,0.21421027,0.29160303,middle,middle_dominant
P06102,0.49794568,5.01439203,-0.06404776,0.42398685,middle,middle_dominant
P06103,0.49820997,4.97118939,0.07888351,0.36262541,middle,middle_dominant
P06104,0.49858548,5.00202257,-4.96299867,-0.01950888,lower,middle_dominant
P06105,0.49860095,4.97979822,0.18827303,0.3368598,middle,middle_dominant
P06106,0.49862841,4.97507612,0.08140363,0.36781346,middle,middle_dominant
P06107,0.49870811,4.97975732,0.07606261,0.27453546,middle,middle_dominant
P06108,0.49875271,5.02845285,0.2569946,0.26407075,middle,middle_dominant
P06109,0.49878075,5.00384682,-0.06143008,0.24869298,middle,middle_dominant
P06110,0.49899584,4.93809081,0.10133278,0.29641015,middle,middle_dominant
P06111,0.49901286,4.99333215,0.11437311,0.29618538,middle,middle_dominant
P06112,0.49915048,5.01245054,0.07391605,0.50065021,middle,middle_dominant
P06113,0.4991822,5.011098,-0.03041384,0.26921358,middle,middle_dominant
P06114,0.4992963,4.93393117,0.05463729,0.08771713,middle,middle_dominant
P06115,0.49930692,4.95406341,-5.05776174,-0.05457557,lower,middle_dominant
P06116,0.49943704,5.01240996,0.03177442,0.186361,middle,middle_dominant
P06117,0.4996122,5.00508709,0.06407545,0.33834769,middle,middle_dominant
P06118,0.49961476,4.98988369,-0.02495055,0.41997388,middle,middle_dominant
P06119,0.49962206,4.99549925,0.0842435,0.15915336,middle,middle_dominant
P06120,0.49973432,5.04656212,-0.00370251,0.23899192,middle,middle_dominant
P06121,0.49976919,5.00096669,0.16332807,0.21436448,middle,middle_dominant
P06122,0.499784,4.99766213,0.10028277,0.23993844,middle,middle_dominant
P06123,0.49998322,4.99581196,0.03301393,0.30829035,middle,middle_dominant
P06124,0.49999675,4.96282924,5.06508139,0.50820096,upper,middle_dominant
P06125,0.50006012,5.03904032,-0.05001557,0.29810129,middle,middle_dominant
P06126,0.50006579,5.03832636,0.04646941,0.27368307,middle,middle_dominant
P06127,0.50014263,5.00173264,0.17794032,0.18253347,middle,middle_dominant
P06128,0.50016094,5.03164598,0.02047185,0.25463108,middle,middle_dominant
P06129,0.50018013,5.02521192,-5.03311724,-0.05983142,lower,middle_dominant
P06130,0.50032862,5.00664851,-4.97002331,0.04256003,lower,middle_dominant
P06131,0.50041112,5.00731539,0.16412459,0.33384691,middle,middle_dominant
P06132,0.50042847,4.99520242,0.11800902,0.18252538,middle,middle_dominant
P06133,0.50049663,4.97281339,0.08443369,0.17212192,middle,middle_dominant
P06134,0.5006233,5.02684039,0.18196013,0.42528481,middle,middle_dominant
P06135,0.50067593,5.00315691,0.09157749,0.33015192,middle,middle_dominant
P06136,0.50077813,4.99392766,-0.11445508,0.2924068,middle,middle_dominant
P06137,0.50087551,5.05499832,0.12684876,0.25456162,middle,middle_dominant
P06138,0.50088067,5.00862479,0.13358311,0.30778212,middle,middle_dominant
P06139,0.50094559,5.02301972,0.03071603,0.34546941,middle,middle_dominant
P06140,0.50097312,4.95998948,0.01280251,0.3173645,middle,middle_dominant
P06141,0.50098741,4.98922593,0.06679035,0.42370429,middle,middle_dominant
P06142,0.50107242,5.02369586,0.24850979,0.37077311,middle,middle_dominant
P06143,0.50123773,5.00436789,0.04804338,0.24758337,middle,middle_dominant
P06144,0.50129966,5.00891121,0.16477492,0.39922894,middle,middle_dominant
P06145,0.50134619,5.00487965,-5.08017891,0.01429368,lower,middle_dominant
P06146,0.5015479,5.01265083,0.17130104,0.33140335,middle,middle_dominant
P06147,0.50160056,4.94603723,-0.07588737,0.27551177,middle,middle_dominant
P06148,0.50169194,5.02959522,0.17335824,0.23672442,middle,middle_dominant
P06149,0.50171729,4.98075727,0.04460267,0.32097075,middle,middle_dominant
P06150,0.50189467,5.03868611,0.17367912,0.21633041,middle,middle_dominant
P06151,0.5019464,5.03518927,0.07941099,0.31208089,middle,middle_dominant
P06152,0.50212452,5.04002302,-0.07128391,0.27325255,middle,middle_dominant
P06153,0.5024013,4.98762822,0.15282466,0.32124527,middle,middle_dominant
P06154,0.50240243,4.98463819,0.07499294,0.14193262,middle,middle_dominant
P06155,0.50241343,5.00016937,0.1355977,0.38385435,middle,middle_dominant
P06156,0.50247297,5.0598198,0.09809353,0.23792545,middle,middle_dominant
P06157,0.50257486,5.01930303,0.07021583,0.41391401,middle,middle_dominant
P06158,0.5026191,5.01436551,0.0698937,0.31067706,middle,middle_dominant
P06159,0.50268894,5.00611789,5.02488346,0.38617123,upper,middle_dominant
P06160,0.50277379,5.02357304,-0.00285738,0.30468647,middle,middle_dominant
P06161,0.50296433,5.01592803,0.14017935,0.25931225,middle,middle_dominant
P06162,0.50296605,5.05620246,5.35024822,0.49251504,upper,middle_dominant
P06163,0.50319842,5.07559426,0.04789088,0.27153078,middle,middle_dominant
P06164,0.50322812,5.03660381,0.03623735,0.43079068,middle,middle_dominant
P06165,0.50323842,5.03148178,-5.00590638,0.04505732,lower,middle_dominant
P06166,0.50324126,4.99096855,0.08438141,0.46819637,middle,middle_dominant
P06167,0.50329968,4.99416839,5.05898233,0.41422834,upper,middle_dominant
P06168,0.50332719,5.04815188,-0.03442594,0.21742509,middle,middle_dominant
P06169,0.50349047,5.05122061,-0.00408018,0.30665479,middle,middle_dominant
P06170,0.50357007,5.05355103,0.11899468,0.39120562,middle,middle_dominant
P06171,0.50377406,5.06959866,5.3052294,0.4740201,upper,middle_dominant
P06172,0.50389277,5.03424623,0.09879445,0.41489628,middle,middle_dominant
P06173,0.50396372,5.04510449,0.15601472,0.30383836,middle,middle_dominant
P06174,0.50399201,5.01916645,0.17200967,0.32718414,middle,middle_dominant
P06175,0.50421271,5.06121301,5.11216431,0.57891525,upper,middle_dominant
P06176,0.50431401,5.01921717,0.07882624,0.29010989,middle,middle_dominant
P06177,0.50439062,5.02134165,-0.02470889,0.39662091,middle,middle_dominant
P06178,0.50445837,5.04478155,0.01352898,0.38673384,middle,middle_dominant
P06179,0.50449552,5.01383911,0.0168904,0.1510021,middle,middle_dominant
P06180,0.50449603,5.04848495,-0.01492091,0.34411321,middle,middle_dominant
P06181,0.50453193,5.01380433,0.16945519,0.27227948,middle,middle_dominant
P06182,0.50458705,5.07260736,0.05887617,0.23081703,middle,middle_dominant
P06183,0.5046092,5.04571475,0.09423736,0.3605734,middle,middle_dominant
P06184,0.50474484,5.09038597,-0.08309805,0.30576459,middle,middle_dominant
P06185,0.50476108,5.01973826,-0.07257074,0.30855561,middle,middle_dominant
P06186,0.50481186,5.04448243,-4.89991176,-0.08985377,lower,middle_dominant
P06187,0.50496924,5.04003621,0.11105399,0.29043916,middle,middle_dominant
P06188,0.50537355,5.06050936,0.02257836,0.4625326,middle,middle_dominant
P06189,0.50559503,5.06006389,0.02572947,0.26659571,middle,middle_dominant
P06190,0.50570838,5.0494199,0.02740708,0.35856885,middle,middle_dominant
P06191,0.5057128,5.090039,5.1231799,0.41652409,upper,middle_dominant
P06192,0.50593764,5.09431921,0.08932379,0.37642241,middle,middle_dominant
P06193,0.50595896,5.08949879,-4.96464794,0.10174198,lower,middle_dominant
P06194,0.50597908,5.00035755,0.05134153,0.48115497,middle,middle_dominant
P06195,0.50600998,5.07435769,4.99459023,0.3710478,upper,middle_dominant
P06196,0.50607382,5.07722581,0.20966144,0.44226067,middle,middle_dominant
P06197,0.50647662,5.08389565,0.17703107,0.26403678,middle,middle_dominant
P06198,0.50656467,5.08589378,5.04392351,0.50345851,upper,middle_dominant
P06199,0.50675732,5.0859638,0.2771437,0.36165209,middle,middle_dominant
P06200,0.50679095,5.10594297,5.19997965,0.46962105,upper,middle_dominant
P06201,0.50688683,5.0109206,0.22027854,0.3934775,middle,middle_dominant
P06202,0.50697721,5.046148,0.03982043,0.45762787,middle,middle_dominant
P06203,0.50702514,5.0509036,0.14694529,0.35756897,middle,middle_dominant
P06204,0.50706827,5.08710584,-5.03296608,-0.00855245,lower,middle_dominant
P06205,0.50712764,5.12594078,-5.09261623,0.11462347,lower,middle_dominant
P06206,0.50716802,5.06833132,-0.0079525,0.39054283,middle,middle_dominant
P06207,0.50750534,5.06147609,0.30269795,0.32128384,middle,middle_dominant
P06208,0.5075069,5.08305179,0.11033414,0.20837285,middle,middle_dominant
P06209,0.50754615,5.07423264,0.03369971,0.38024409,middle,middle_dominant
P06210,0.50764598,5.06827853,0.02029402,0.2964979,middle,middle_dominant
P06211,0.50767414,5.01288354,0.24069558,0.40245837,middle,middle_dominant
P06212,0.50773765,5.07265278,0.03714073,0.44150112,middle,middle_dominant
P06213,0.50792528,5.12025183,0.20297056,0.43247151,middle,middle_dominant
P06214,0.50794086,5.06763528,5.19592853,0.3821601,upper,middle_dominant
P06215,0.50799825,5.08274783,0.25170968,0.29081317,middle,middle_dominant
P06216,0.50805942,5.09014285,0.10183735,0.38363263,middle,middle_dominant
P06217,0.50836826,5.0638808,5.02530668,0.48738548,upper,middle_dominant
P06218,0.50839723,5.08239169,0.05449146,0.34047097,middle,middle_dominant
P06219,0.50851007,5.06278655,0.21040141,0.47770254,middle,middle_dominant
P06220,0.50860005,5.04023309,0.10887863,0.48550143,middle,middle_dominant
P06221,0.50881051,5.06741584,0.07823699,0.25159369,middle,middle_dominant
P06222,0.5089211,5.08652794,0.00641732,0.24975065,middle,middle_dominant
P06223,0.50897775,5.10343285,0.137397,0.47191088,middle,middle_dominant
P06224,0.50909061,5.0667257,0.02405299,0.28587706,middle,middle_dominant
P06225,0.50915309,5.08018265,-0.10106571,0.34503917,middle,middle_dominant
P06226,0.50916435,5.09329993,-5.00247845,0.1100661,lower,middle_dominant
P06227,0.50925842,5.09085149,0.16124394,0.32048743,middle,middle_dominant
P06228,0.50940772,5.04024159,-0.06644317,0.26421813,middle,middle_dominant
P06229,0.50944118,5.13840868,0.00203541,0.43764135,middle,middle_dominant
P06230,0.50948633,5.0686106,0.03300309,0.39925314,middle,middle_dominant
P06231,0.50952487,5.09219391,-4.96526953,-0.02991521,lower,middle_dominant
P06232,0.50955736,5.08258406,0.01233749,0.35706589,middle,middle_dominant
P06233,0.50958969,5.09078907,0.08940221,0.32515036,middle,middle_dominant
P06234,0.50972534,5.12845597,0.17001403,0.42768066,middle,middle_dominant
P06235,0.50975982,5.07774081,0.1151475,0.42993571,middle,middle_dominant
P06236,0.50990068,5.10569777,0.00644946,0.36745729,middle,middle_dominant
P06237,0.50995502,5.10865646,0.17193553,0.36773883,middle,middle_dominant
P06238,0.51014949,5.15920889,0.03917644,0.34191725,middle,middle_dominant
P06239,0.51017262,5.10684224,0.1949312,0.38495323,middle,middle_dominant
P06240,0.5102264,5.15038479,0.08744855,0.26796275,middle,middle_dominant
P06241,0.51026419,5.09923344,0.10520037,0.15952669,middle,middle_dominant
P06242,0.5103127,5.10283277,0.32885268,0.25823197,middle,middle_dominant
P06243,0.51043593,5.14959321,0.14944295,0.50265997,middle,middle_dominant
P06244,0.51046836,5.09612521,-0.00354493,0.40179403,middle,middle_dominant
P06245,0.51050431,5.07079929,0.21062882,0.30597088,middle,middle_dominant
P06246,0.51053257,5.12136418,0.2210381,0.48960508,middle,middle_dominant
P06247,0.51056448,5.06715118,0.2430723,0.23187553,middle,middle_dominant
P06248,0.51060059,5.05289223,-0.04699236,0.22183987,middle,middle_dominant
P06249,0.51060224,5.10894495,0.04861377,0.40886746,middle,middle_dominant
P06250,0.5107447,5.13141732,0.03434791,0.27633731,middle,middle_dominant
P06251,0.51074746,5.09216838,0.03918713,0.40380954,middle,middle_dominant
P06252,0.51076416,5.05637766,-0.00395789,0.26479005,middle,middle_dominant
P06253,0.51086795,5.09846157,0.02535031,0.24696471,middle,middle_dominant
P06254,0.51095892,5.10941623,-0.00719675,0.51997097,middle,middle_dominant
P06255,0.51097015,5.06017348,0.17875968,0.46298509,middle,middle_dominant
P06256,0.51101665,5.1375461,0.14931262,0.35217551,middle,middle_dominant
P06257,0.51101779,5.13044621,-0.03516447,0.52101106,middle,middle_dominant
P06258,0.51107387,5.11359177,0.02710732,0.51405983,middle,middle_dominant
P06259,0.5111328,5.12191256,0.06595954,0.39700031,middle,middle_dominant
P06260,0.51113854,5.08985566,0.05586786,0.25990516,middle,middle_dominant
P06261,0.51122481,5.12000467,0.06992732,0.35345158,middle,middle_dominant
P06262,0.5112576,5.1212468,-5.10958957,-0.06470971,lower,middle_dominant
P06263,0.51128228,5.12720478,0.19050565,0.31001772,middle,middle_dominant
P06264,0.51130713,5.09633245,0.19681071,0.22518153,middle,middle_dominant
P06265,0.51141202,5.12706165,0.15991308,0.4355663,middle,middle_dominant
P06266,0.51142819,5.10782332,0.13590214,0.38618759,middle,middle_dominant
P06267,0.51146851,5.09483554,0.08128945,0.24123671,middle,middle_dominant
P06268,0.51149725,5.07687953,0.06141435,0.2984855,middle,middle_dominant
P06269,0.51167194,5.12174594,5.00710721,0.50036832,upper,middle_dominant
P06270,0.51186197,5.12843727,0.13915121,0.38741818,middle,middle_dominant
P06271,0.5119022,5.11434769,0.12486238,0.41477305,middle,middle_dominant
P06272,0.5119206,5.13089131,-4.98045432,0.02579748,lower,middle_dominant
P06273,0.51199854,5.07726372,0.11297307,0.33037853,middle,middle_dominant
P06274,0.51207564,5.15678645,5.03177651,0.47735716,upper,middle_dominant
P06275,0.5121827,5.08385418,0.2308595,0.40440412,middle,middle_dominant
P06276,0.51222993,5.10280569,-0.05587265,0.26089396,middle,middle_dominant
P06277,0.5122402,5.10044566,0.00513659,0.43357746,middle,middle_dominant
P06278,0.51235781,5.11713804,0.02886558,0.27696962,middle,middle_dominant
P06279,0.51236395,5.08964051,0.22725664,0.23747332,middle,middle_dominant
P06280,0.51236802,5.12232995,0.19808744,0.44961049,middle,middle_dominant
P06281,0.51245716,5.12113209,0.14160775,0.23539554,middle,middle_dominant
P06282,0.5124845,5.17856318,-4.91344718,0.10195471,lower,middle_dominant
P06283,0.51253289,5.17226039,0.07157341,0.35721957,middle,middle_dominant
P06284,0.51272073,5.1363076,-4.84536554,0.08171692,lower,middle_dominant
P06285,0.51274313,5.13520203,0.13851835,0.36395351,middle,middle_dominant
P06286,0.51277655,5.15125383,-0.06095303,0.27086985,middle,middle_dominant
P06287,0.5128089,5.06970697,0.02668961,0.40595935,middle,middle_dominant
P06288,0.51317261,5.12771394,0.16084224,0.35093677,middle,middle_dominant
P06289,0.51318235,5.12279541,0.17458797,0.39619445,middle,middle_dominant
P06290,0.5131865,5.20006148,0.15485298,0.37678585,middle,middle_dominant
P06291,0.5132154,5.11191045,0.09521581,0.36200872,middle,middle_dominant
P06292,0.51329118,5.1075755,5.13084972,0.37530898,upper,middle_dominant
P06293,0.51351605,5.13963552,0.17612187,0.32952907,middle,middle_dominant
P06294,0.51363566,5.13684234,0.18613686,0.37172691,middle,middle_dominant
P06295,0.51378445,5.16618179,0.13234624,0.36591034,middle,middle_dominant
P06296,0.51381945,5.11130329,0.20399081,0.30141781,middle,middle_dominant
P06297,0.51383267,5.09682389,0.13994026,0.46000796,middle,middle_dominant
P06298,0.51384693,5.15829251,0.21445955,0.36263183,middle,middle_dominant
P06299,0.51393861,5.09848956,0.09451606,0.51064484,middle,middle_dominant
P06300,0.51406486,5.18713703,0.08989421,0.48740504,middle,middle_dominant
P06301,0.51411929,5.15401365,0.27327445,0.48583367,middle,middle_dominant
P06302,0.51436717,5.16764182,-0.08319087,0.42248308,middle,middle_dominant
P06303,0.51439125,5.10111604,0.09410271,0.38462134,middle,middle_dominant
P06304,0.51451094,5.17246836,0.18072364,0.48899329,middle,middle_dominant
P06305,0.51451829,5.17493827,0.09263507,0.24504093,middle,middle_dominant
P06306,0.51460007,5.16077674,0.15462035,0.35086409,middle,middle_dominant
P06307,0.5148046,5.16618253,0.30278577,0.39466989,middle,middle_dominant
P06308,0.51487958,5.13289397,-0.03843837,0.38406436,middle,middle_dominant
P06309,0.51497291,5.15566511,0.00817118,0.31429551,middle,middle_dominant
P06310,0.51504047,5.20264395,0.07501997,0.51336694,middle,middle_dominant
P06311,0.51505751,5.19613982,0.23420328,0.37926604,middle,middle_dominant
P06312,0.51507719,5.15000819,0.09135409,0.36662124,middle,middle_dominant
P06313,0.51511491,5.13142134,-0.12035061,0.46794058,middle,middle_dominant
P06314,0.51527572,5.1539762,0.12578682,0.47943429,middle,middle_dominant
P06315,0.51529214,5.18269803,0.03230279,0.33248215,middle,middle_dominant
P06316,0.5156048,5.12350383,0.14290417,0.32595175,middle,middle_dominant
P06317,0.51562599,5.17051045,5.0305916,0.54356718,upper,middle_dominant
P06318,0.51565681,5.15804882,0.16223384,0.4556056,middle,middle_dominant
P06319,0.51577314,5.16501053,0.10865223,0.42603597,middle,middle_dominant
P06320,0.51580803,5.1716122,0.14332543,0.36157615,middle,middle_dominant
P06321,0.51587295,5.20172563,0.02236495,0.43087371,middle,middle_dominant
P06322,0.51589685,5.14071247,-0.02458666,0.35659037,middle,middle_dominant
P06323,0.51595683,5.14666217,0.1765137,0.41855747,middle,middle_dominant
P06324,0.51596405,5.14494464,0.11403175,0.40710933,middle,middle_dominant
P06325,0.51597397,5.11528452,0.02848513,0.37142783,middle,middle_dominant
P06326,0.51607534,5.19496792,0.0089249,0.42469806,middle,middle_dominant
P06327,0.51610191,5.18054721,0.17481542,0.33044376,middle,middle_dominant
P06328,0.51639059,5.17851499,0.11720866,0.51913976,middle,middle_dominant
P06329,0.51654154,5.17104874,-0.02130689,0.52909298,middle,middle_dominant
P06330,0.51656449,5.17583238,0.1062286,0.31529661,middle,middle_dominant
P06331,0.51669331,5.15258901,0.11927639,0.43510596,middle,middle_dominant
P06332,0.51672281,5.16935469,0.14196048,0.283629,middle,middle_dominant
P06333,0.51678171,5.1462218,0.05287642,0.41470418,middle,middle_dominant
P06334,0.51679299,5.14484672,-0.02653196,0.35692865,middle,middle_dominant
P06335,0.51701503,5.17462537,0.16143131,0.34341137,middle,middle_dominant
P06336,0.51702194,5.18046159,-5.08139017,0.04277078,lower,middle_dominant
P06337,0.51723267,5.16763574,0.06320692,0.36163252,middle,middle_dominant
P06338,0.51732266,5.21282541,0.06158949,0.5034618,middle,middle_dominant
P06339,0.51732366,5.14898457,5.17898133,0.51979807,upper,middle_dominant
P06340,0.51733825,5.20009257,0.14887002,0.32485258,middle,middle_dominant
P06341,0.51734362,5.16783994,-0.01950248,0.48581756,middle,middle_dominant
P06342,0.51748026,5.20046458,0.21770916,0.36883186,middle,middle_dominant
P06343,0.51748671,5.19066004,0.13586127,0.38216589,middle,middle_dominant
P06344,0.51754994,5.21761177,0.21507816,0.4040018,middle,middle_dominant
P06345,0.51765511,5.15176613,-4.98287507,0.22302374,lower,middle_dominant
P06346,0.5178566,5.15593792,-4.9375386,0.21525598,lower,middle_dominant
P06347,0.51795197,5.20504236,0.14290902,0.32116533,middle,middle_dominant
P06348,0.51797387,5.16453768,0.07129498,0.34207365,middle,middle_dominant
P06349,0.5180627,5.14054877,-0.00998104,0.29638756,middle,middle_dominant
P06350,0.51822851,5.16152493,0.16301112,0.47708331,middle,middle_dominant
P06351,0.51834714,5.16057592,0.04228225,0.35173641,middle,middle_dominant
P06352,0.51843565,5.14134656,5.08877678,0.33974703,upper,middle_dominant
P06353,0.51847868,5.19678587,0.19494778,0.42762551,middle,middle_dominant
P06354,0.51853491,5.21435874,0.12813844,0.4151901,middle,middle_dominant
P06355,0.51872784,5.22179397,0.1381273,0.42780521,middle,middle_dominant
P06356,0.51875757,5.16974511,0.01407969,0.33573543,middle,middle_dominant
P06357,0.51881666,5.19515905,0.03834036,0.28078984,middle,middle_dominant
P06358,0.51883194,5.18597606,0.1790131,0.26540558,middle,middle_dominant
P06359,0.51884406,5.19183079,-0.02092881,0.44337767,middle,middle_dominant
P06360,0.51889323,5.19630869,0.12173312,0.32463844,middle,middle_dominant
P06361,0.51891405,5.17186697,0.16196068,0.35638684,middle,middle_dominant
P06362,0.51893395,5.16487626,0.12298643,0.37011453,middle,middle_dominant
P06363,0.51898976,5.15508124,0.22937668,0.37720759,middle,middle_dominant
P06364,0.51899712,5.1504959,0.00928103,0.35125687,middle,middle_dominant
P06365,0.51907651,5.20656148,0.21779344,0.32150657,middle,middle_dominant
P06366,0.51910271,5.18787558,-0.06950586,0.39285676,middle,middle_dominant
P06367,0.51913844,5.21350906,0.23667791,0.40615332,middle,middle_dominant
P06368,0.51944947,5.17954362,-4.88249359,0.07054467,lower,middle_dominant
P06369,0.51962743,5.15982409,-4.92144217,0.00963711,lower,middle_dominant
P06370,0.51968481,5.15909318,-0.01997781,0.42836211,middle,middle_dominant
P06371,0.51968963,5.20046957,0.04853184,0.34814837,middle,middle_dominant
P06372,0.520029,5.19983265,0.13221679,0.35432441,middle,return_to_balanced
P06373,0.52004157,5.20154201,0.11478335,0.37467109,middle,return_to_balanced
P06374,0.52008071,5.19730922,0.06482223,0.42800077,middle,return_to_balanced
P06375,0.52008472,5.21399504,0.11519053,0.42255894,middle,return_to_balanced
P06376,0.52022896,5.22497765,0.0815193,0.5208307,middle,return_to_balanced
P06377,0.52027622,5.22834279,5.0311155,0.48085377,upper,return_to_balanced
P06378,0.52036068,5.22983321,0.0324118,0.36132691,middle,return_to_balanced
P06379,0.52037676,5.17140192,0.07384487,0.45429559,middle,return_to_balanced
P06380,0.52069231,5.23979338,0.17160448,0.28434829,middle,return_to_balanced
P06381,0.52076094,5.19558714,0.19118197,0.43675681,middle,return_to_balanced
P06382,0.52076741,5.15815971,0.21773041,0.40805392,middle,return_to_balanced
P06383,0.52100273,5.22459998,0.05620059,0.31947287,middle,return_to_balanced
P06384,0.52104796,5.23007864,0.04273234,0.40301096,middle,return_to_balanced
P06385,0.52122033,5.25414794,-0.05514949,0.36181294,middle,return_to_balanced
P06386,0.52127164,5.21738069,0.10159874,0.34103357,middle,return_to_balanced
P06387,0.52134506,5.23988734,0.05424149,0.35529986,middle,return_to_balanced
P06388,0.52134618,5.18434779,0.3248131,0.36082812,middle,return_to_balanced
P06389,0.52136742,5.20075073,-4.9455564,-0.00330153,lower,return_to_balanced
P06390,0.52151693,5.22643945,5.02728184,0.48694575,upper,return_to_balanced
P06391,0.52153619,5.20066859,0.04974136,0.52889681,middle,return_to_balanced
P06392,0.52153732,5.21624986,0.01549979,0.40563896,middle,return_to_balanced
P06393,0.52167935,5.19971803,0.20157512,0.37793712,middle,return_to_balanced
P06394,0.52170989,5.20180986,0.03448821,0.36634557,middle,return_to_balanced
P06395,0.52173297,5.2101331,0.1155399,0.3222801,middle,return_to_balanced
P06396,0.52180375,5.16951658,0.25787603,0.42660298,middle,return_to_balanced
P06397,0.52181962,5.18977349,-0.02881277,0.41831339,middle,return_to_balanced
P06398,0.52187664,5.18954424,-0.06975965,0.42332238,middle,return_to_balanced
P06399,0.52209174,5.24146412,-5.10217972,0.11120153,lower,return_to_balanced
P06400,0.52223251,5.269947,0.0281577,0.45630953,middle,return_to_balanced
P06401,0.52225549,5.21549135,0.03987822,0.33160105,middle,return_to_balanced
P06402,0.5224124,5.22496936,-0.09293826,0.35882875,middle,return_to_balanced
P06403,0.52241277,5.22007909,0.20007232,0.3678267,middle,return_to_balanced
P06404,0.52261989,5.22470493,0.18862984,0.4425207,middle,return_to_balanced
P06405,0.52265341,5.21473053,0.07004406,0.3207597,middle,return_to_balanced
P06406,0.52274687,5.19552382,5.00115886,0.48917922,upper,return_to_balanced
P06407,0.52287067,5.23531935,0.18693342,0.31097945,middle,return_to_balanced
P06408,0.52289559,5.24271561,-5.01728572,0.17288437,lower,return_to_balanced
P06409,0.5229097,5.2495018,-4.93478109,0.15757838,lower,return_to_balanced
P06410,0.52294738,5.20549061,0.11792846,0.29611549,middle,return_to_balanced
P06411,0.52298881,5.19725366,0.18213249,0.3717968,middle,return_to_balanced
P06412,0.52309454,5.23363912,0.11375466,0.41353573,middle,return_to_balanced
P06413,0.5234741,5.23049357,0.25959293,0.32673146,middle,return_to_balanced
P06414,0.52350123,5.22762264,-0.05520517,0.33633772,middle,return_to_balanced
P06415,0.52351947,5.20317667,0.03702043,0.51831778,middle,return_to_balanced
P06416,0.5235807,5.22530957,0.2713728,0.33596955,middle,return_to_balanced
P06417,0.52374813,5.24503394,0.01348764,0.31496567,middle,return_to_balanced
P06418,0.52379444,5.24240132,0.35523581,0.36821127,middle,return_to_balanced
P06419,0.52394029,5.2303813,5.2408047,0.53310676,upper,return_to_balanced
P06420,0.5239908,5.20553423,0.30966718,0.30224697,middle,return_to_balanced
P06421,0.52407132,5.30684832,5.24466288,0.39282807,upper,return_to_balanced
P06422,0.52430258,5.23587915,0.11180278,0.39353756,middle,return_to_balanced
P06423,0.52432374,5.28691291,0.19337975,0.38187291,middle,return_to_balanced
P06424,0.52465186,5.22346446,0.27794477,0.42999653,middle,return_to_balanced
P06425,0.52466232,5.25316526,0.16866131,0.2893952,middle,return_to_balanced
P06426,0.52470272,5.27643561,-4.89308109,0.10483245,lower,return_to_balanced
P06427,0.52474054,5.22028623,0.01972155,0.43004708,middle,return_to_balanced
P06428,0.5247573,5.24343872,0.08649234,0.4321053,middle,return_to_balanced
P06429,0.52481239,5.23915234,-0.00347887,0.402411,middle,return_to_balanced
P06430,0.52484463,5.24450157,0.09508135,0.46762919,middle,return_to_balanced
P06431,0.52518795,5.21935225,0.07492329,0.43870772,middle,return_to_balanced
P06432,0.52521429,5.29837923,-0.01163578,0.51946473,middle,return_to_balanced
P06433,0.52522183,5.23090397,0.22267387,0.42798457,middle,return_to_balanced
P06434,0.52529017,5.27530647,0.20023251,0.28015037,middle,return_to_balanced
P06435,0.52533037,5.27132083,-0.04162223,0.45638126,middle,return_to_balanced
P06436,0.52538397,5.2873344,0.20450081,0.50848516,middle,return_to_balanced
P06437,0.52549659,5.27512921,0.04875411,0.39820083,middle,return_to_balanced
P06438,0.52571053,5.18819844,5.07104136,0.35068963,upper,return_to_balanced
P06439,0.52576318,5.213842,0.1937046,0.37414792,middle,return_to_balanced
P06440,0.52593504,5.24322064,0.12124428,0.44992824,middle,return_to_balanced
P06441,0.52601677,5.25380033,0.01388106,0.29716381,middle,return_to_balanced
P06442,0.52621491,5.22944289,0.27673758,0.41290676,middle,return_to_balanced
P06443,0.52629574,5.27747634,-0.10464349,0.33676401,middle,return_to_balanced
P06444,0.52632506,5.24515263,0.10782516,0.54415955,middle,return_to_balanced
P06445,0.52644946,5.24707543,0.09780178,0.49130541,middle,return_to_balanced
P06446,0.52674767,5.25794096,0.12394844,0.37763288,middle,return_to_balanced
P06447,0.5267501,5.26840641,0.06525902,0.44078942,middle,return_to_balanced
P06448,0.5267816,5.25232362,0.09493584,0.27297701,middle,return_to_balanced
P06449,0.52678936,5.26550576,0.00583347,0.37912344,middle,return_to_balanced
P06450,0.52690743,5.25401884,0.27120507,0.3714391,middle,return_to_balanced
P06451,0.52697795,5.29520821,-0.06881543,0.39989474,middle,return_to_balanced
P06452,0.52699308,5.30279687,0.12605301,0.38740885,middle,return_to_balanced
P06453,0.52702094,5.22585198,0.24590902,0.41627943,middle,return_to_balanced
P06454,0.52706302,5.30296051,-0.0249129,0.36181285,middle,return_to_balanced
P06455,0.52723279,5.2813557,0.20149877,0.31756188,middle,return_to_balanced
P06456,0.52737518,5.27391256,0.0638594,0.39225069,middle,return_to_balanced
P06457,0.52752124,5.25771289,0.11928187,0.35995217,middle,return_to_balanced
P06458,0.52764842,5.28041396,0.07389892,0.18445608,middle,return_to_balanced
P06459,0.52785997,5.26591898,0.02900515,0.26133477,middle,return_to_balanced
P06460,0.52788744,5.26597006,0.0780112,0.37254784,middle,return_to_balanced
P06461,0.52800408,5.24074201,0.11220165,0.46423288,middle,return_to_balanced
P06462,0.52816146,5.32604995,0.08136238,0.50659748,middle,return_to_balanced
P06463,0.52818053,5.25436628,5.09949118,0.34810748,upper,return_to_balanced
P06464,0.5282205,5.28246476,0.07732897,0.49097971,middle,return_to_balanced
P06465,0.52828727,5.25891106,0.1331164,0.35652238,middle,return_to_balanced
P06466,0.52841528,5.30124777,0.06939658,0.42719276,middle,return_to_balanced
P06467,0.52844188,5.3151472,0.12764292,0.43921013,middle,return_to_balanced
P06468,0.52847815,5.22687418,5.18304432,0.34366318,upper,return_to_balanced
P06469,0.52857797,5.29918403,0.09179026,0.34196282,middle,return_to_balanced
P06470,0.52863912,5.31342463,0.05087239,0.43311059,middle,return_to_balanced
P06471,0.52893135,5.30995097,0.0344617,0.36158017,middle,return_to_balanced
P06472,0.52896697,5.26614805,0.20944977,0.4891156,middle,return_to_balanced
P06473,0.52908032,5.29433792,0.03007684,0.25873462,middle,return_to_balanced
P06474,0.5291015,5.29641122,0.23401451,0.40206241,middle,return_to_balanced
P06475,0.52966817,5.28156497,-0.02751647,0.34632005,middle,return_to_balanced
P06476,0.53036258,5.25858755,0.13108455,0.25920631,middle,return_to_balanced
P06477,0.53049284,5.32557848,-0.0874497,0.49141662,middle,return_to_balanced
P06478,0.53058637,5.31659909,-5.08441895,0.24364728,lower,return_to_balanced
P06479,0.53059394,5.30351782,0.21491688,0.33348107,middle,return_to_balanced
P06480,0.530594,5.33070867,5.11130176,0.49576028,upper,return_to_balanced
P06481,0.53060321,5.34215816,0.10560047,0.3546895,middle,return_to_balanced
P06482,0.53069658,5.30000819,0.04040821,0.35767944,middle,return_to_balanced
P06483,0.53083227,5.32579332,-4.88510397,0.15549619,lower,return_to_balanced
P06484,0.53084396,5.29791167,0.06175659,0.49725412,middle,return_to_balanced
P06485,0.53091076,5.27555716,0.09132655,0.38986138,middle,return_to_balanced
P06486,0.53095013,5.3097635,0.32053725,0.44135149,middle,return_to_balanced
P06487,0.53096208,5.28813534,-4.9863404,0.23267557,lower,return_to_balanced
P06488,0.53097419,5.30199499,0.12778463,0.4221801,middle,return_to_balanced
P06489,0.53105676,5.29152949,0.20726577,0.375145,middle,return_to_balanced
P06490,0.53111634,5.30443472,0.24016619,0.49803004,middle,return_to_balanced
P06491,0.5311916,5.35193611,0.19135597,0.39510416,middle,return_to_balanced
P06492,0.53119168,5.27994409,0.07800579,0.39268996,middle,return_to_balanced
P06493,0.53119225,5.29547275,0.12260627,0.41106212,middle,return_to_balanced
P06494,0.53123854,5.33767754,0.04039285,0.54494701,middle,return_to_balanced
P06495,0.53133992,5.28284516,-4.95399106,0.21292462,lower,return_to_balanced
P06496,0.53141901,5.30917967,0.18995612,0.36940189,middle,return_to_balanced
P06497,0.53145415,5.3153169,0.08030492,0.27499782,middle,return_to_balanced
P06498,0.53168215,5.33127867,-4.87070885,0.10054449,lower,return_to_balanced
P06499,0.53175105,5.27891941,-0.02993521,0.36065977,middle,return_to_balanced
P06500,0.53180254,5.32665551,0.10231529,0.52095516,middle,return_to_balanced
P06501,0.53189287,5.34859991,0.0909648,0.21540942,middle,return_to_balanced
P06502,0.53191076,5.3312642,5.20733178,0.54607606,upper,return_to_balanced
P06503,0.53193381,5.30997029,5.03831603,0.46738477,upper,return_to_balanced
P06504,0.53196573,5.31893944,0.22305904,0.39020707,middle,return_to_balanced
P06505,0.53220416,5.35806729,0.16233094,0.50747481,middle,return_to_balanced
P06506,0.53226396,5.3883358,0.12492087,0.3992578,middle,return_to_balanced
P06507,0.53231777,5.36543343,0.29624627,0.3781999,middle,return_to_balanced
P06508,0.53232574,5.30806321,0.05934951,0.44693146,middle,return_to_balanced
P06509,0.53268984,5.32437618,0.0775081,0.47183325,middle,return_to_balanced
P06510,0.53278812,5.30998285,0.02075186,0.36212204,middle,return_to_balanced
P06511,0.53280479,5.34068693,0.16021021,0.66174953,middle,return_to_balanced
P06512,0.53289091,5.34818771,-4.95325746,0.18081853,lower,return_to_balanced
P06513,0.53290377,5.31234261,-0.16195036,0.29524775,middle,return_to_balanced
P06514,0.53310219,5.31558633,-5.00121833,0.16861605,lower,return_to_balanced
P06515,0.53312856,5.28827422,0.21321724,0.4357396,middle,return_to_balanced
P06516,0.53313785,5.3350115,0.10908879,0.34515032,middle,return_to_balanced
P06517,0.53316135,5.32139891,0.0645536,0.46090432,middle,return_to_balanced
P06518,0.53318642,5.33658067,-4.96341872,0.08714731,lower,return_to_balanced
P06519,0.53330114,5.34278706,-0.01333075,0.5119598,middle,return_to_balanced
P06520,0.53333827,5.38300304,0.18001945,0.43823072,middle,return_to_balanced
P06521,0.53335356,5.36180015,0.1804049,0.47278253,middle,return_to_balanced
P06522,0.53341238,5.35475298,0.00841596,0.39789085,middle,return_to_balanced
P06523,0.53352812,5.33502076,0.1185049,0.44539258,middle,return_to_balanced
P06524,0.53372145,5.34731229,0.1125683,0.16364201,middle,return_to_balanced
P06525,0.53374742,5.32115428,0.27063927,0.47033228,middle,return_to_balanced
P06526,0.53375627,5.30647012,0.01684513,0.47649787,middle,return_to_balanced
P06527,0.53380835,5.33039633,0.12040529,0.35363375,middle,return_to_balanced
P06528,0.53387641,5.33510041,-0.15979647,0.343517,middle,return_to_balanced
P06529,0.53392189,5.31219074,0.05527727,0.42625162,middle,return_to_balanced
P06530,0.5339452,5.36805105,5.01332446,0.44160325,upper,return_to_balanced
P06531,0.5340159,5.34146942,-0.00528405,0.49914053,middle,return_to_balanced
P06532,0.53403254,5.32303686,0.09374282,0.41345648,middle,return_to_balanced
P06533,0.53406428,5.34082444,-0.02059019,0.32373824,middle,return_to_balanced
P06534,0.53419744,5.35956549,0.09837321,0.40777969,middle,return_to_balanced
P06535,0.53421251,5.33011189,0.09109667,0.45179876,middle,return_to_balanced
P06536,0.53421828,5.35318411,0.06072274,0.4335018,middle,return_to_balanced
P06537,0.53446311,5.37761388,0.03220388,0.34496374,middle,return_to_balanced
P06538,0.5345864,5.36206869,0.14704532,0.4644954,middle,return_to_balanced
P06539,0.53462098,5.29799428,0.28811776,0.42465498,middle,return_to_balanced
P06540,0.53472266,5.30934997,0.13860638,0.38067339,middle,return_to_balanced
P06541,0.53474383,5.32260759,0.35085474,0.3027852,middle,return_to_balanced
P06542,0.53493582,5.35167237,0.3537781,0.44691142,middle,return_to_balanced
P06543,0.53544962,5.3476643,-0.02121333,0.47907957,middle,return_to_balanced
P06544,0.53547564,5.35636093,0.12062293,0.36593193,middle,return_to_balanced
P06545,0.53552359,5.32472311,0.13587645,0.42849773,middle,return_to_balanced
P06546,0.53558966,5.37245318,-0.05939304,0.32154532,middle,return_to_balanced
P06547,0.53560503,5.34436985,5.17053289,0.45262835,upper,return_to_balanced
P06548,0.53562887,5.40390333,0.12945769,0.4019611,middle,return_to_balanced
P06549,0.53570316,5.3604494,-0.04898156,0.42037744,middle,return_to_balanced
P06550,0.53577596,5.34323045,0.15991964,0.3631783,middle,return_to_balanced
P06551,0.53578455,5.35039606,0.13605924,0.49573074,middle,return_to_balanced
P06552,0.53582797,5.31997332,0.1693641,0.37031723,middle,return_to_balanced
P06553,0.53610233,5.35765903,0.1262005,0.39784049,middle,return_to_balanced
P06554,0.53623778,5.34244493,0.22532681,0.20338992,middle,return_to_balanced
P06555,0.53644637,5.39073369,0.15649295,0.49361462,middle,return_to_balanced
P06556,0.53653969,5.38118701,0.13770532,0.29188015,middle,return_to_balanced
P06557,0.53658312,5.3476,0.0637529,0.40058427,middle,return_to_balanced
P06558,0.53706355,5.42295318,-4.97246523,0.09173757,lower,return_to_balanced
P06559,0.53712564,5.36398533,0.00282261,0.51685696,middle,return_to_balanced
P06560,0.53723002,5.35691971,0.02175453,0.39177819,middle,return_to_balanced
P06561,0.53727566,5.41386317,0.15644726,0.50345524,middle,return_to_balanced
P06562,0.53732784,5.3657191,0.28943369,0.39730812,middle,return_to_balanced
P06563,0.53737589,5.36197834,5.05735864,0.4112488,upper,return_to_balanced
P06564,0.53761996,5.37551023,5.06113132,0.46820991,upper,return_to_balanced
P06565,0.53762738,5.38332048,-0.0718268,0.47020526,middle,return_to_balanced
P06566,0.53794523,5.40260865,0.34161593,0.42610499,middle,return_to_balanced
P06567,0.53799148,5.35865331,0.0108435,0.31326309,middle,return_to_balanced
P06568,0.53801014,5.39181395,0.158134,0.46417138,middle,return_to_balanced
P06569,0.53803024,5.36711526,-0.02112657,0.51417138,middle,return_to_balanced
P06570,0.53815992,5.3591696,0.27276607,0.56606478,middle,return_to_balanced
P06571,0.53822866,5.33645767,0.00291138,0.36756145,middle,return_to_balanced
P06572,0.53858573,5.3670449,0.12682977,0.5053614,middle,return_to_balanced
P06573,0.53862812,5.34580708,0.17049391,0.55349166,middle,return_to_balanced
P06574,0.53876563,5.39425476,-0.07350725,0.40984258,middle,return_to_balanced
P06575,0.53893341,5.38385226,0.04995385,0.50814424,middle,return_to_balanced
P06576,0.5389711,5.41218563,0.04184171,0.50880409,middle,return_to_balanced
P06577,0.53908324,5.43963128,-0.02359826,0.52419237,middle,return_to_balanced
P06578,0.53912811,5.42271435,-0.01868281,0.41534281,middle,return_to_balanced
P06579,0.53922532,5.37916807,0.12256646,0.42706516,middle,return_to_balanced
P06580,0.53923258,5.38565156,-4.99540573,0.28342824,lower,return_to_balanced
P06581,0.53923617,5.43774374,-4.97766892,0.19618633,lower,return_to_balanced
P06582,0.53929959,5.38479279,0.14418315,0.35711432,middle,return_to_balanced
P06583,0.53936616,5.3945068,-4.87965657,0.08190302,lower,return_to_balanced
P06584,0.53943608,5.40165831,0.06044068,0.35963187,middle,return_to_balanced
P06585,0.53959238,5.4349408,0.06194171,0.43749569,middle,return_to_balanced
P06586,0.53966456,5.38370615,0.1343508,0.46123254,middle,return_to_balanced
P06587,0.53971325,5.38238802,0.1042175,0.33301788,middle,return_to_balanced
P06588,0.53974855,5.43256966,0.29541388,0.39187534,middle,return_to_balanced
P06589,0.53995594,5.38326901,0.13765137,0.39444517,middle,return_to_balanced
P06590,0.53996168,5.36501282,0.12055704,0.42364151,middle,return_to_balanced
P06591,0.54004055,5.39479087,0.17110188,0.53995752,middle,return_to_balanced
P06592,0.54007302,5.43121474,-0.04113749,0.46430288,middle,return_to_balanced
P06593,0.54008963,5.3995848,0.04776677,0.51040633,middle,return_to_balanced
P06594,0.54009383,5.40787597,0.20380272,0.27845272,middle,return_to_balanced
P06595,0.54012856,5.46529485,-4.98452931,0.26430113,lower,return_to_balanced
P06596,0.54027744,5.43163192,0.10149665,0.34334711,middle,return_to_balanced
P06597,0.54040811,5.36651765,0.17679562,0.43240681,middle,return_to_balanced
P06598,0.54041208,5.40672534,-4.91721617,0.17235623,lower,return_to_balanced
P06599,0.54049812,5.37154199,0.21514887,0.34115645,middle,return_to_balanced
P06600,0.54052534,5.39575151,0.04278845,0.48270735,middle,return_to_balanced
P06601,0.54062826,5.4059606,0.19725294,0.43976002,middle,return_to_balanced
P06602,0.54073434,5.44228985,0.30282714,0.37191017,middle,return_to_balanced
P06603,0.54086256,5.369453,5.21315461,0.37291066,upper,return_to_balanced
P06604,0.54087617,5.39937173,4.99094577,0.32923103,upper,return_to_balanced
P06605,0.54096585,5.3712466,0.00979819,0.38914092,middle,return_to_balanced
P06606,0.54107766,5.40971636,5.06389772,0.50061124,upper,return_to_balanced
P06607,0.54110459,5.3881935,0.26382614,0.5065087,middle,return_to_balanced
P06608,0.54115459,5.39781816,0.10223996,0.35940025,middle,return_to_balanced
P06609,0.54121867,5.46800317,0.23084627,0.46194334,middle,return_to_balanced
P06610,0.54122555,5.42850733,0.09336487,0.36110172,middle,return_to_balanced
P06611,0.5412328,5.42482121,0.22760729,0.32425368,middle,return_to_balanced
P06612,0.5412476,5.37651589,0.21435542,0.46162676,middle,return_to_balanced
P06613,0.54129001,5.45086995,0.11866268,0.37088967,middle,return_to_balanced
P06614,0.54138193,5.42295577,5.14850821,0.34166259,upper,return_to_balanced
P06615,0.54140211,5.47328429,0.07934598,0.28214662,middle,return_to_balanced
P06616,0.54145852,5.43247329,5.01837172,0.41217478,upper,return_to_balanced
P06617,0.54151792,5.44668402,0.01709464,0.46177759,middle,return_to_balanced
P06618,0.54154698,5.41630736,0.15034874,0.50433266,middle,return_to_balanced
P06619,0.54165297,5.41768838,0.37365632,0.4412312,middle,return_to_balanced
P06620,0.54174762,5.42422224,0.25542542,0.42713005,middle,return_to_balanced
P06621,0.54181439,5.38009551,5.08970267,0.44136829,upper,return_to_balanced
P06622,0.54200163,5.44157051,0.12847992,0.47692885,middle,return_to_balanced
P06623,0.54202456,5.42755829,0.15510615,0.5329649,middle,return_to_balanced
P06624,0.54202944,5.4009473,0.00693237,0.50878041,middle,return_to_balanced
P06625,0.5420302,5.44980983,0.0076231,0.50211444,middle,return_to_balanced
P06626,0.54233558,5.39494403,0.09469614,0.44983295,middle,return_to_balanced
P06627,0.54234219,5.4206353,-4.98525436,0.26619057,lower,return_to_balanced
P06628,0.54262939,5.39376749,5.02210447,0.44340754,upper,return_to_balanced
P06629,0.54263292,5.43344061,-0.01535116,0.39856382,middle,return_to_balanced
P06630,0.54273834,5.44043462,0.06885243,0.43830828,middle,return_to_balanced
P06631,0.5427419,5.37341438,0.18428928,0.29213749,middle,return_to_balanced
P06632,0.5427984,5.40980468,0.11247332,0.43286892,middle,return_to_balanced
P06633,0.54283153,5.43820152,0.02085423,0.43137287,middle,return_to_balanced
P06634,0.5430561,5.41618483,0.15781445,0.29838293,middle,return_to_balanced
P06635,0.54309127,5.43194115,0.15017898,0.45542066,middle,return_to_balanced
P06636,0.54319018,5.45425858,0.2124071,0.55155599,middle,return_to_balanced
P06637,0.54327397,5.47500056,5.03443097,0.31182286,upper,return_to_balanced
P06638,0.54332957,5.41204602,-0.00343182,0.39068853,middle,return_to_balanced
P06639,0.54338971,5.47727177,-0.06667493,0.30911568,middle,return_to_balanced
P06640,0.54339019,5.4453433,-0.02197165,0.42201641,middle,return_to_balanced
P06641,0.54350467,5.49315633,5.20196506,0.32044124,upper,return_to_balanced
P06642,0.54363124,5.38875918,0.04045581,0.48092918,middle,return_to_balanced
P06643,0.54369728,5.44810845,0.12222879,0.47452005,middle,return_to_balanced
P06644,0.5437133,5.42494884,5.22398096,0.37005898,upper,return_to_balanced
P06645,0.5437654,5.43769466,0.24134534,0.60245173,middle,return_to_balanced
P06646,0.54384701,5.43358814,0.1990874,0.44710493,middle,return_to_balanced
P06647,0.54400397,5.43941618,0.22743216,0.47956437,middle,return_to_balanced
P06648,0.54402622,5.43231226,0.06186958,0.33968027,middle,return_to_balanced
P06649,0.54423782,5.48709484,0.13479315,0.54650188,middle,return_to_balanced
P06650,0.54437592,5.41426843,-0.03031045,0.4193421,middle,return_to_balanced
P06651,0.54439431,5.47994489,0.18863745,0.52631542,middle,return_to_balanced
P06652,0.54464693,5.44024051,0.23055984,0.47489231,middle,return_to_balanced
P06653,0.54490806,5.4839204,5.10405322,0.26564274,upper,return_to_balanced
P06654,0.54493028,5.43238677,-0.00046802,0.43987423,middle,return_to_balanced
P06655,0.54507901,5.45803643,0.1650672,0.28068104,middle,return_to_balanced
P06656,0.54508864,5.38780826,0.27440255,0.50191316,middle,return_to_balanced
P06657,0.54514264,5.47556433,0.20159721,0.44113874,middle,return_to_balanced
P06658,0.54523862,5.44534074,0.03304137,0.67370831,middle,return_to_balanced
P06659,0.54529384,5.4072657,0.04558405,0.44220641,middle,return_to_balanced
P06660,0.54534319,5.46904036,0.10534823,0.41541746,middle,return_to_balanced
P06661,0.54552888,5.45619674,-5.18941153,0.37303217,lower,return_to_balanced
P06662,0.54560371,5.51650697,0.13990533,0.42749316,middle,return_to_balanced
P06663,0.54582429,5.48289922,0.18427702,0.52101706,middle,return_to_balanced
P06664,0.54592251,5.45966464,0.05052322,0.48431085,middle,return_to_balanced
P06665,0.54593091,5.48738148,5.0961526,0.28398052,upper,return_to_balanced
P06666,0.5459996,5.43797127,0.20025462,0.4331197,middle,return_to_balanced
P06667,0.54602703,5.45214101,0.19689993,0.44173569,middle,return_to_balanced
P06668,0.54606572,5.46591208,0.25665658,0.42541135,middle,return_to_balanced
P06669,0.5461021,5.45620736,-4.79757384,0.44563283,lower,return_to_balanced
P06670,0.54617796,5.43566355,0.43976864,0.57030132,middle,return_to_balanced
P06671,0.54622176,5.46157298,0.13107889,0.24841193,middle,return_to_balanced
P06672,0.54638181,5.46246638,0.05776995,0.47273843,middle,return_to_balanced
P06673,0.54643048,5.45583165,0.25665448,0.40093763,middle,return_to_balanced
P06674,0.54644491,5.50992872,-0.06056133,0.55286495,middle,return_to_balanced
P06675,0.5465753,5.46888042,5.08784116,0.43708219,upper,return_to_balanced
P06676,0.54667713,5.45965625,0.17802942,0.3482586,middle,return_to_balanced
P06677,0.54675606,5.51550092,0.07318723,0.50033918,middle,return_to_balanced
P06678,0.54677095,5.44627103,0.32549153,0.57132889,middle,return_to_balanced
P06679,0.54677579,5.43406643,-0.05394737,0.36313766,middle,return_to_balanced
P06680,0.54700514,5.51633962,0.12136277,0.44587124,middle,return_to_balanced
P06681,0.5471631,5.47624964,0.11320377,0.34355177,middle,return_to_balanced
P06682,0.54734174,5.45127736,0.15564676,0.52562492,middle,return_to_balanced
P06683,0.54753079,5.48295546,0.33562992,0.45156428,middle,return_to_balanced
P06684,0.54755735,5.50203694,0.09908811,0.58481154,middle,return_to_balanced
P06685,0.54761794,5.551356,-5.01748865,0.33466283,lower,return_to_balanced
P06686,0.5476802,5.50482734,0.22234919,0.44679686,middle,return_to_balanced
P06687,0.54774682,5.47186222,-4.94519991,0.26168573,lower,return_to_balanced
P06688,0.54783629,5.43154796,-0.00717067,0.54150263,middle,return_to_balanced
P06689,0.54793148,5.47159111,0.10047384,0.45923099,middle,return_to_balanced
P06690,0.54809312,5.42309351,0.12891312,0.50025359,middle,return_to_balanced
P06691,0.54834576,5.44688313,0.018602,0.421135,middle,return_to_balanced
P06692,0.54836276,5.50044221,5.19074535,0.3413535,upper,return_to_balanced
P06693,0.54846728,5.46883372,0.08683955,0.39729449,middle,return_to_balanced
P06694,0.54865762,5.49972697,0.1195486,0.44667319,middle,return_to_balanced
P06695,0.5488248,5.47971398,-4.88670825,0.21454017,lower,return_to_balanced
P06696,0.54888741,5.52664667,0.17889026,0.41041806,middle,return_to_balanced
P06697,0.54893317,5.50477665,0.05498449,0.45942344,middle,return_to_balanced
P06698,0.54906444,5.52888665,0.12964349,0.37531375,middle,return_to_balanced
P06699,0.54906901,5.47413896,0.00824966,0.42379346,middle,return_to_balanced
P06700,0.54913539,5.48210936,-0.01655754,0.46609066,middle,return_to_balanced
P06701,0.54914905,5.53487173,0.11357499,0.42898948,middle,return_to_balanced
P06702,0.54921763,5.46476883,-4.87888617,0.12234218,lower,return_to_balanced
P06703,0.54922436,5.48381949,0.08664935,0.37964529,middle,return_to_balanced
P06704,0.54929891,5.51044264,0.2929799,0.59501818,middle,return_to_balanced
P06705,0.54930489,5.51606764,0.09594586,0.50544333,middle,return_to_balanced
P06706,0.54941422,5.47066096,0.16174157,0.46528302,middle,return_to_balanced
P06707,0.5495261,5.4882194,0.04346141,0.48800001,middle,return_to_balanced
P06708,0.5496116,5.47364634,0.18784061,0.33780102,middle,return_to_balanced
P06709,0.5497216,5.52930208,0.17650912,0.68425097,middle,return_to_balanced
P06710,0.54983318,5.45616074,0.07901713,0.40158495,middle,return_to_balanced
P06711,0.54987224,5.52803419,0.02144987,0.46243271,middle,return_to_balanced
P06712,0.54990597,5.51984634,-4.87688318,0.36776718,lower,return_to_balanced
P06713,0.55008107,5.46856561,0.21877856,0.3779207,middle,return_to_balanced
P06714,0.55011173,5.49054688,-0.05254983,0.33622453,middle,return_to_balanced
P06715,0.55025026,5.49151293,0.04035536,0.2612181,middle,return_to_balanced
P06716,0.55027901,5.47293929,5.14056364,0.46443311,upper,return_to_balanced
P06717,0.55032347,5.49055651,5.30117937,0.34405097,upper,return_to_balanced
P06718,0.55035665,5.52774533,0.05616776,0.50908465,middle,return_to_balanced
P06719,0.55037395,5.52479535,0.04412344,0.33755698,middle,return_to_balanced
P06720,0.55040711,5.48720101,-5.00577634,0.19659165,lower,return_to_balanced
P06721,0.55056964,5.50477909,0.17914492,0.36081643,middle,return_to_balanced
P06722,0.55068674,5.47561336,0.21130175,0.44966389,middle,return_to_balanced
P06723,0.55071285,5.46930541,0.08903998,0.44926977,middle,return_to_balanced
P06724,0.55074759,5.42946657,0.13823292,0.3363721,middle,return_to_balanced
P06725,0.5507549,5.50865549,0.12221929,0.60655051,middle,return_to_balanced
P06726,0.55076735,5.48880756,0.12333499,0.52983033,middle,return_to_balanced
P06727,0.5508099,5.45752452,0.07684865,0.35558856,middle,return_to_balanced
P06728,0.5509725,5.5102123,0.09114628,0.40189982,middle,return_to_balanced
P06729,0.55107791,5.52237334,0.10341619,0.50583542,middle,return_to_balanced
P06730,0.55132272,5.48550867,-0.05179168,0.34270835,middle,return_to_balanced
P06731,0.55132495,5.52029486,0.14032401,0.53849603,middle,return_to_balanced
P06732,0.55172002,5.53023169,0.25828398,0.35605472,middle,return_to_balanced
P06733,0.55182887,5.5263158,0.19092882,0.48399129,middle,return_to_balanced
P06734,0.55194163,5.5189835,0.04412877,0.48587074,middle,return_to_balanced
P06735,0.5519573,5.46333319,0.2011399,0.30059759,middle,return_to_balanced
P06736,0.55224474,5.51289993,-0.01036927,0.4297324,middle,return_to_balanced
P06737,0.55242921,5.59699745,0.16040167,0.45172808,middle,return_to_balanced
P06738,0.55243215,5.55605213,0.21898935,0.55477125,middle,return_to_balanced
P06739,0.55248873,5.46720631,0.17770113,0.44851212,middle,return_to_balanced
P06740,0.55248999,5.51408891,0.1271667,0.43659008,middle,return_to_balanced
P06741,0.5525218,5.4680606,0.11139574,0.35247084,middle,return_to_balanced
P06742,0.55275793,5.52696316,0.10398874,0.37737153,middle,return_to_balanced
P06743,0.55277891,5.51970311,0.150589,0.54335084,middle,return_to_balanced
P06744,0.55285944,5.52432872,-4.81732027,0.26028601,lower,return_to_balanced
P06745,0.55294033,5.51906756,-4.72302856,0.30426403,lower,return_to_balanced
P06746,0.55298741,5.52665726,0.19142244,0.54517001,middle,return_to_balanced
P06747,0.55302317,5.53662529,0.07798677,0.21700395,middle,return_to_balanced
P06748,0.55315758,5.56331106,0.08997602,0.31980274,middle,return_to_balanced
P06749,0.55316649,5.51443199,4.94330016,0.2802535,upper,return_to_balanced
P06750,0.55338791,5.55094327,0.00439438,0.31034984,middle,return_to_balanced
P06751,0.55339298,5.53469295,0.19231971,0.52864037,middle,return_to_balanced
P06752,0.55342892,5.50589758,0.17714606,0.5306621,middle,return_to_balanced
P06753,0.55348457,5.51971996,0.12816583,0.58703148,middle,return_to_balanced
P06754,0.55406884,5.57360762,0.19427018,0.3982325,middle,return_to_balanced
P06755,0.55416809,5.52039886,0.15623434,0.49470404,middle,return_to_balanced
P06756,0.55417644,5.51864083,0.1638975,0.33555298,middle,return_to_balanced
P06757,0.55419273,5.5471163,0.05765542,0.45945935,middle,return_to_balanced
P06758,0.55423382,5.54534662,0.272703,0.41130925,middle,return_to_balanced
P06759,0.55424817,5.55656435,0.06017326,0.4758181,middle,return_to_balanced
P06760,0.55436084,5.55282094,0.19041251,0.54883039,middle,return_to_balanced
P06761,0.55436901,5.53936414,0.201583,0.36652762,middle,return_to_balanced
P06762,0.55437248,5.55697424,5.05390027,0.32467881,upper,return_to_balanced
P06763,0.55441395,5.53227081,0.20976666,0.51859846,middle,return_to_balanced
P06764,0.55444955,5.54247486,0.08772737,0.36577621,middle,return_to_balanced
P06765,0.55447691,5.5072422,0.10501684,0.37263983,middle,return_to_balanced
P06766,0.55448734,5.53562725,0.21286854,0.50469386,middle,return_to_balanced
P06767,0.55457394,5.52503791,0.14864717,0.4818719,middle,return_to_balanced
P06768,0.5546081,5.53514601,0.13323844,0.49466774,middle,return_to_balanced
P06769,0.55462824,5.58934594,0.12037379,0.54148418,middle,return_to_balanced
P06770,0.55464211,5.52417445,0.09326857,0.4846799,middle,return_to_balanced
P06771,0.55466141,5.58135674,-4.85896132,0.18087277,lower,return_to_balanced
P06772,0.55480417,5.5723139,0.1213259,0.30467057,middle,return_to_balanced
P06773,0.55482046,5.56511986,0.01761213,0.48583089,middle,return_to_balanced
P06774,0.55487888,5.57650463,5.10956797,0.36058651,upper,return_to_balanced
P06775,0.55496763,5.5946686,5.14602548,0.35685663,upper,return_to_balanced
P06776,0.55508674,5.57782531,0.06326024,0.47815937,middle,return_to_balanced
P06777,0.5551583,5.55332095,0.19560695,0.45265159,middle,return_to_balanced
P06778,0.55520457,5.53548813,0.0102598,0.50855513,middle,return_to_balanced
P06779,0.55533428,5.49114856,-0.00085296,0.52772009,middle,return_to_balanced
P06780,0.55546304,5.51774348,0.21466192,0.3499274,middle,return_to_balanced
P06781,0.55550459,5.52322406,-0.00284167,0.53295312,middle,return_to_balanced
P06782,0.55557635,5.53798669,0.08220623,0.43789429,middle,return_to_balanced
P06783,0.55557842,5.56014355,0.15281801,0.55429772,middle,return_to_balanced
P06784,0.55558658,5.57373228,0.11007617,0.32149622,middle,return_to_balanced
P06785,0.55563145,5.53868411,4.99597051,0.25249231,upper,return_to_balanced
P06786,0.55579194,5.55054855,-5.12286789,0.19810131,lower,return_to_balanced
P06787,0.55597441,5.590505,0.12886253,0.42973453,middle,return_to_balanced
P06788,0.55601629,5.56814563,0.22758243,0.36066712,middle,return_to_balanced
P06789,0.55606279,5.56521979,0.18162173,0.42371798,middle,return_to_balanced
P06790,0.55607112,5.55607919,-4.8448129,0.37621645,lower,return_to_balanced
P06791,0.55626498,5.55262704,0.07127881,0.30390475,middle,return_to_balanced
P06792,0.55634424,5.53266971,0.19749649,0.48783469,middle,return_to_balanced
P06793,0.55636353,5.57200786,0.19027877,0.45677032,middle,return_to_balanced
P06794,0.556609,5.58233925,0.11861877,0.39222071,middle,return_to_balanced
P06795,0.5566265,5.5838078,-0.03118398,0.37767071,middle,return_to_balanced
P06796,0.55680984,5.5626156,0.01757865,0.39823023,middle,return_to_balanced
P06797,0.55705343,5.57664449,-4.99446165,0.25397188,lower,return_to_balanced
P06798,0.5572253,5.60550667,5.02125981,0.34557521,upper,return_to_balanced
P06799,0.55755775,5.57278752,0.1848496,0.37592388,middle,return_to_balanced
P06800,0.55765778,5.60789848,0.10219127,0.37621237,middle,return_to_balanced
P06801,0.55768449,5.58911293,-4.97761303,0.18258604,lower,return_to_balanced
P06802,0.55782794,5.58800328,0.11777522,0.40175585,middle,return_to_balanced
P06803,0.55796369,5.58331515,0.15055203,0.46586007,middle,return_to_balanced
P06804,0.55805328,5.65000142,-0.09167631,0.41329427,middle,return_to_balanced
P06805,0.55836343,5.57754129,5.2553248,0.42358695,upper,return_to_balanced
P06806,0.55843396,5.61054914,0.14670709,0.50934877,middle,return_to_balanced
P06807,0.55855171,5.57957165,-4.93736179,0.26665687,lower,return_to_balanced
P06808,0.55855693,5.57683088,-4.88789962,0.24939747,lower,return_to_balanced
P06809,0.55861569,5.62349713,0.02684066,0.46256566,middle,return_to_balanced
P06810,0.55862547,5.59014862,-4.98930438,0.32059559,lower,return_to_balanced
P06811,0.5586272,5.51000021,0.18496858,0.45037047,middle,return_to_balanced
P06812,0.55871187,5.57685372,4.97297165,0.42308425,upper,return_to_balanced
P06813,0.5587532,5.61092154,0.01105961,0.44563364,middle,return_to_balanced
P06814,0.55877975,5.55113975,0.13148734,0.45846488,middle,return_to_balanced
P06815,0.55888353,5.5976942,0.00215669,0.44472356,middle,return_to_balanced
P06816,0.55910014,5.57455257,0.21296211,0.5843104,middle,return_to_balanced
P06817,0.55912614,5.60445208,0.12588856,0.49805898,middle,return_to_balanced
P06818,0.55923653,5.62544222,0.20525608,0.40233415,middle,return_to_balanced
P06819,0.55925011,5.58851243,0.16642556,0.53895268,middle,return_to_balanced
P06820,0.55932364,5.52352292,0.37036163,0.5518382,middle,return_to_balanced
P06821,0.55944866,5.58232315,0.1955028,0.51937167,middle,return_to_balanced
P06822,0.55945444,5.59334841,0.22285384,0.41462412,middle,return_to_balanced
P06823,0.55959435,5.59529549,-0.12298904,0.39059072,middle,return_to_balanced
P06824,0.56002496,5.56058036,-0.06530729,0.4103192,middle,return_to_balanced
P06825,0.56005073,5.62148166,0.0769694,0.46133822,middle,return_to_balanced
P06826,0.56018416,5.58691917,0.00856359,0.47579217,middle,return_to_balanced
P06827,0.56024897,5.57784756,0.21855001,0.38142828,middle,return_to_balanced
P06828,0.56032657,5.59858641,-4.80629868,0.31252434,lower,return_to_balanced
P06829,0.56033054,5.64259091,0.30952939,0.4707904,middle,return_to_balanced
P06830,0.56048969,5.62369126,5.12320292,0.4759446,upper,return_to_balanced
P06831,0.56059861,5.58184579,0.20765515,0.69295679,middle,return_to_balanced
P06832,0.56066097,5.60587409,0.20066387,0.34342021,middle,return_to_balanced
P06833,0.56071841,5.61565108,-4.66407789,0.33663604,lower,return_to_balanced
P06834,0.56076121,5.58306786,-4.76607451,0.40691062,lower,return_to_balanced
P06835,0.56081106,5.61083883,5.15184864,0.24107099,upper,return_to_balanced
P06836,0.56085962,5.62181965,-0.0435169,0.4803023,middle,return_to_balanced
P06837,0.56095593,5.56563246,0.1894064,0.42654995,middle,return_to_balanced
P06838,0.56096908,5.60762283,0.29170596,0.51443617,middle,return_to_balanced
P06839,0.56123501,5.61546559,0.13924781,0.42900041,middle,return_to_balanced
P06840,0.56124908,5.58575198,0.09702722,0.43053139,middle,return_to_balanced
P06841,0.56145132,5.58987615,4.99622875,0.38071339,upper,return_to_balanced
P06842,0.56155001,5.62159476,-0.00401425,0.44062344,middle,return_to_balanced
P06843,0.56156916,5.57761602,0.04085241,0.47343087,middle,return_to_balanced
P06844,0.5616092,5.67568808,0.40909996,0.40163748,middle,return_to_balanced
P06845,0.56164101,5.58163869,0.11908486,0.42693691,middle,return_to_balanced
P06846,0.56171597,5.63097283,0.00440948,0.58428445,middle,return_to_balanced
P06847,0.56192304,5.62958201,0.02637845,0.53476177,middle,return_to_balanced
P06848,0.56239366,5.60861989,0.11844067,0.53581677,middle,return_to_balanced
P06849,0.56248525,5.6292677,5.30252763,0.25741356,upper,return_to_balanced
P06850,0.56255432,5.67154246,0.28921377,0.42501929,middle,return_to_balanced
P06851,0.56258039,5.65661072,4.99842509,0.40061882,upper,return_to_balanced
P06852,0.56289675,5.62986145,0.10680173,0.47079339,middle,return_to_balanced
P06853,0.5629015,5.64264877,0.24762115,0.40534364,middle,return_to_balanced
P06854,0.56290698,5.64665799,0.11373288,0.41367102,middle,return_to_balanced
P06855,0.56292751,5.63198071,0.14463138,0.53613975,middle,return_to_balanced
P06856,0.56298332,5.62631201,0.07833146,0.45732921,middle,return_to_balanced
P06857,0.56303461,5.64277375,5.08159756,0.34274525,upper,return_to_balanced
P06858,0.56317021,5.6257978,0.10052933,0.5089344,middle,return_to_balanced
P06859,0.56340039,5.63398964,0.1568122,0.42218529,middle,return_to_balanced
P06860,0.56347664,5.695504,0.05711116,0.43657649,middle,return_to_balanced
P06861,0.56358357,5.62151372,0.06385837,0.50402243,middle,return_to_balanced
P06862,0.56370001,5.59458004,0.11931738,0.36877787,middle,return_to_balanced
P06863,0.56372584,5.62786215,0.09661041,0.40420184,middle,return_to_balanced
P06864,0.56373471,5.60638469,-0.02573758,0.55337908,middle,return_to_balanced
P06865,0.5638309,5.60845847,-5.085049,0.24400538,lower,return_to_balanced
P06866,0.56386218,5.65403322,0.10850624,0.49716533,middle,return_to_balanced
P06867,0.56390154,5.63851583,0.13589762,0.54462395,middle,return_to_balanced
P06868,0.56393029,5.63676354,0.10791924,0.41092612,middle,return_to_balanced
P06869,0.56396479,5.61837357,5.16845858,0.2375714,upper,return_to_balanced
P06870,0.56407207,5.66083022,-5.01721981,0.26220872,lower,return_to_balanced
P06871,0.56415005,5.66524048,0.20837968,0.39302282,middle,return_to_balanced
P06872,0.56417651,5.64829471,0.19573336,0.47083974,middle,return_to_balanced
P06873,0.56426386,5.65098921,0.05071533,0.3775334,middle,return_to_balanced
P06874,0.56441455,5.68064713,0.2251734,0.3021062,middle,return_to_balanced
P06875,0.56460639,5.63757304,0.15200691,0.45081761,middle,return_to_balanced
P06876,0.56473698,5.64737913,-4.8770644,0.31211888,lower,return_to_balanced
P06877,0.56473711,5.66383433,0.03591004,0.54966111,middle,return_to_balanced
P06878,0.56476997,5.69235214,5.18406983,0.31058339,upper,return_to_balanced
P06879,0.56490661,5.64474839,-0.03493715,0.4613331,middle,return_to_balanced
P06880,0.56490675,5.62975668,0.01134131,0.43606017,middle,return_to_balanced
P06881,0.56499487,5.64363305,0.06088551,0.63260743,middle,return_to_balanced
P06882,0.5654379,5.67919167,0.15901983,0.51338409,middle,return_to_balanced
P06883,0.56545516,5.61553836,5.00213934,0.33485493,upper,return_to_balanced
P06884,0.56557765,5.6616437,0.22086503,0.4619681,middle,return_to_balanced
P06885,0.56562763,5.65029461,0.2251536,0.36946944,middle,return_to_balanced
P06886,0.56564526,5.63364963,0.08359766,0.43433379,middle,return_to_balanced
P06887,0.56565825,5.65012893,-4.78146805,0.3564076,lower,return_to_balanced
P06888,0.56574064,5.67021228,0.30750277,0.43556863,middle,return_to_balanced
P06889,0.56579707,5.65687666,0.18191344,0.44180005,middle,return_to_balanced
P06890,0.56582333,5.67674722,-0.06185394,0.37830145,middle,return_to_balanced
P06891,0.56603819,5.63573208,0.13216624,0.50261209,middle,return_to_balanced
P06892,0.56612531,5.66949343,0.01102436,0.49764507,middle,return_to_balanced
P06893,0.56617709,5.67627535,0.13566583,0.634487,middle,return_to_balanced
P06894,0.56625046,5.64329197,0.16160611,0.49139911,middle,return_to_balanced
P06895,0.56634539,5.64103811,0.25325715,0.54344353,middle,return_to_balanced
P06896,0.56651844,5.65945243,0.00490659,0.39476118,middle,return_to_balanced
P06897,0.56683577,5.65215243,0.22518729,0.46558809,middle,return_to_balanced
P06898,0.56689131,5.66530983,0.30079471,0.59932035,middle,return_to_balanced
P06899,0.56693581,5.6699086,0.2343344,0.44850416,middle,return_to_balanced
P06900,0.56717185,5.66562195,4.97292531,0.50554618,upper,return_to_balanced
P06901,0.56735094,5.69333967,0.21759953,0.63848305,middle,return_to_balanced
P06902,0.5674129,5.65350325,0.01409075,0.50667501,middle,return_to_balanced
P06903,0.56765931,5.65033565,-4.99907318,0.24743378,lower,return_to_balanced
P06904,0.56771776,5.71202285,0.02739379,0.42598366,middle,return_to_balanced
P06905,0.56776565,5.66497631,-0.03257283,0.46212287,middle,return_to_balanced
P06906,0.56776928,5.67014853,0.15922121,0.41339246,middle,return_to_balanced
P06907,0.56785132,5.68072378,5.22764174,0.34423232,upper,return_to_balanced
P06908,0.56791501,5.70629803,4.97091233,0.34701535,upper,return_to_balanced
P06909,0.56794069,5.71345744,0.27923932,0.52855756,middle,return_to_balanced
P06910,0.567942,5.65741729,5.13920131,0.23759616,upper,return_to_balanced
P06911,0.56795262,5.64710283,4.95959104,0.35143018,upper,return_to_balanced
P06912,0.5680771,5.68374034,0.42266379,0.31867463,middle,return_to_balanced
P06913,0.56833429,5.64532016,-4.9802868,0.36235115,lower,return_to_balanced
P06914,0.56833443,5.6708083,5.36948694,0.23342221,upper,return_to_balanced
P06915,0.56834672,5.6602591,0.2674072,0.55651014,middle,return_to_balanced
P06916,0.5683704,5.63352226,-0.02617137,0.3387258,middle,return_to_balanced
P06917,0.56839696,5.65225209,0.10896645,0.53076313,middle,return_to_balanced
P06918,0.56841623,5.7097305,0.02457098,0.45245674,middle,return_to_balanced
P06919,0.56854512,5.65591755,0.08615393,0.48143775,middle,return_to_balanced
P06920,0.5685667,5.65294987,0.10725491,0.38766856,middle,return_to_balanced
P06921,0.56863179,5.71605228,0.04327729,0.52603622,middle,return_to_balanced
P06922,0.56881568,5.69630685,0.18173266,0.4672158,middle,return_to_balanced
P06923,0.56896112,5.71976941,0.0864548,0.4348576,middle,return_to_balanced
P06924,0.56898617,5.6848879,0.26230549,0.42257867,middle,return_to_balanced
P06925,0.56904783,5.66599361,0.19168197,0.44839619,middle,return_to_balanced
P06926,0.56905181,5.69387811,0.094613,0.5711331,middle,return_to_balanced
P06927,0.56918899,5.64295065,0.18665944,0.431232,middle,return_to_balanced
P06928,0.56924479,5.66960485,4.99001659,0.26578403,upper,return_to_balanced
P06929,0.56932753,5.74172632,0.22024455,0.33161123,middle,return_to_balanced
P06930,0.56939749,5.68518724,0.03359276,0.57419487,middle,return_to_balanced
P06931,0.56953252,5.69820997,0.06208744,0.58300749,middle,return_to_balanced
P06932,0.56953564,5.66227066,0.15440657,0.38628907,middle,return_to_balanced
P06933,0.56954131,5.73601878,4.92929769,0.42618066,upper,return_to_balanced
P06934,0.56958945,5.68489251,0.19012322,0.33450066,middle,return_to_balanced
P06935,0.56969028,5.68849856,-0.03461776,0.3469497,middle,return_to_balanced
P06936,0.56993391,5.72722454,-0.09438252,0.35344435,middle,return_to_balanced
P06937,0.56994612,5.69057298,0.12152493,0.48681369,middle,return_to_balanced
P06938,0.57052365,5.73221093,-5.05715014,0.34252829,lower,return_to_balanced
P06939,0.57056543,5.70383123,0.00048585,0.42299769,middle,return_to_balanced
P06940,0.57065808,5.75056394,0.09382573,0.36872269,middle,return_to_balanced
P06941,0.57068199,5.71961723,5.28685985,0.19925489,upper,return_to_balanced
P06942,0.57105889,5.70179995,0.08916175,0.3815886,middle,return_to_balanced
P06943,0.57110963,5.6777049,0.14797515,0.36557613,middle,return_to_balanced
P06944,0.57114314,5.71279999,0.1461248,0.50044038,middle,return_to_balanced
P06945,0.57126584,5.74671595,0.12793125,0.46286442,middle,return_to_balanced
P06946,0.5713476,5.66732908,0.13842399,0.5278039,middle,return_to_balanced
P06947,0.57142633,5.70864698,0.22724212,0.48959571,middle,return_to_balanced
P06948,0.5714649,5.75128215,0.23234605,0.6188959,middle,return_to_balanced
P06949,0.57151464,5.77465603,0.03755231,0.37665094,middle,return_to_balanced
P06950,0.57176319,5.74827902,0.16839365,0.58277236,middle,return_to_balanced
P06951,0.57185612,5.77095782,-4.92988969,0.27027702,lower,return_to_balanced
P06952,0.57197843,5.6879953,-4.70943449,0.38632162,lower,return_to_balanced
P06953,0.57204788,5.72082009,-0.06208547,0.42658337,middle,return_to_balanced
P06954,0.57211815,5.71927879,5.12616694,0.2798013,upper,return_to_balanced
P06955,0.57216946,5.74469554,5.13738935,0.28187357,upper,return_to_balanced
P06956,0.57218075,5.74783127,0.08209515,0.58041028,middle,return_to_balanced
P06957,0.57221684,5.72536469,0.23349,0.5986167,middle,return_to_balanced
P06958,0.57242599,5.75018258,0.04903385,0.25771938,middle,return_to_balanced
P06959,0.57243087,5.68896793,0.17514343,0.55031292,middle,return_to_balanced
P06960,0.57247278,5.72026003,0.08773446,0.51847977,middle,return_to_balanced
P06961,0.57252473,5.74005741,0.0800036,0.47816146,middle,return_to_balanced
P06962,0.5725404,5.72978189,0.15964187,0.31166417,middle,return_to_balanced
P06963,0.57267225,5.72841488,0.0235162,0.3625895,middle,return_to_balanced
P06964,0.57278906,5.73301721,0.05019131,0.45999192,middle,return_to_balanced
P06965,0.5728739,5.72914115,-0.05485288,0.46410599,middle,return_to_balanced
P06966,0.57293047,5.73763107,0.27052718,0.48038337,middle,return_to_balanced
P06967,0.57297203,5.74788554,0.04525517,0.40320999,middle,return_to_balanced
P06968,0.57304958,5.76806014,5.06398251,0.29343976,upper,return_to_balanced
P06969,0.57308297,5.73660139,-4.84942492,0.30975459,lower,return_to_balanced
P06970,0.57311114,5.7301262,5.14761005,0.17784288,upper,return_to_balanced
P06971,0.57312888,5.74537353,0.16618809,0.36878956,middle,return_to_balanced
P06972,0.57347345,5.74802474,-4.92748866,0.30894448,lower,return_to_balanced
P06973,0.57351379,5.75103024,0.04274841,0.37488846,middle,return_to_balanced
P06974,0.57361193,5.70592163,5.11887825,0.39829903,upper,return_to_balanced
P06975,0.57365489,5.74572625,0.09506337,0.41207251,middle,return_to_balanced
P06976,0.57376265,5.74670055,5.05246667,0.14592778,upper,return_to_balanced
P06977,0.5738917,5.73242017,-0.08673405,0.48744695,middle,return_to_balanced
P06978,0.5739386,5.71621982,0.20152484,0.41395226,middle,return_to_balanced
P06979,0.57414759,5.72879061,0.02366838,0.50157774,middle,return_to_balanced
P06980,0.5742429,5.71616455,0.09179487,0.51245268,middle,return_to_balanced
P06981,0.57426797,5.74772037,0.08133372,0.39935276,middle,return_to_balanced
P06982,0.57430562,5.72771898,5.06919114,0.16348118,upper,return_to_balanced
P06983,0.57451066,5.74598666,0.11087535,0.39147906,middle,return_to_balanced
P06984,0.57456154,5.68638111,0.27981005,0.52431456,middle,return_to_balanced
P06985,0.57473747,5.76962459,0.34788974,0.37582621,middle,return_to_balanced
P06986,0.57484886,5.72362994,0.15483886,0.42278774,middle,return_to_balanced
P06987,0.57490958,5.75279947,-4.81487856,0.32106088,lower,return_to_balanced
P06988,0.57497286,5.76950026,0.10226243,0.42900844,middle,return_to_balanced
P06989,0.57499141,5.7609975,-4.99975101,0.52744827,lower,return_to_balanced
P06990,0.57506555,5.75866587,0.09306856,0.38230787,middle,return_to_balanced
P06991,0.57512931,5.74482252,0.06023228,0.36541747,middle,return_to_balanced
P06992,0.57519196,5.78401097,0.14860836,0.52000835,middle,return_to_balanced
P06993,0.57533309,5.71423774,0.15985419,0.48883396,middle,return_to_balanced
P06994,0.57533664,5.7783436,-4.98200306,0.469585,lower,return_to_balanced
P06995,0.57536231,5.76677482,-4.68811094,0.30323175,lower,return_to_balanced
P06996,0.57560637,5.76168363,-5.00633014,0.23871995,lower,return_to_balanced
P06997,0.5756225,5.75655045,-4.81585972,0.2119848,lower,return_to_balanced
P06998,0.57572982,5.76537128,-4.95282375,0.40619034,lower,return_to_balanced
P06999,0.57573083,5.75475849,0.24266218,0.49925701,middle,return_to_balanced
P07000,0.57576548,5.74701585,-0.01216885,0.41362181,middle,return_to_balanced
P07001,0.57576637,5.74923379,0.10143425,0.41250127,middle,return_to_balanced
P07002,0.57599864,5.72131033,0.13765439,0.36450118,middle,return_to_balanced
P07003,0.57603631,5.78015166,0.15661282,0.4433103,middle,return_to_balanced
P07004,0.57606132,5.73225365,0.04476991,0.43513972,middle,return_to_balanced
P07005,0.57617715,5.75814247,5.24862797,0.43643176,upper,return_to_balanced
P07006,0.5762255,5.78830784,0.15500439,0.35551797,middle,return_to_balanced
P07007,0.57622989,5.82697659,0.15034079,0.56068714,middle,return_to_balanced
P07008,0.57628177,5.71008489,5.1028562,0.32784223,upper,return_to_balanced
P07009,0.57661337,5.73520857,0.20234783,0.45113448,middle,return_to_balanced
P07010,0.57675698,5.73534324,0.20738457,0.34739797,middle,return_to_balanced
P07011,0.57675759,5.77865561,0.22341747,0.40419822,middle,return_to_balanced
P07012,0.57686813,5.75915303,0.02589687,0.50073117,middle,return_to_balanced
P07013,0.57687667,5.74998588,-0.07302383,0.42830825,middle,return_to_balanced
P07014,0.57690456,5.78024212,0.22057397,0.5107965,middle,return_to_balanced
P07015,0.57694147,5.803477,-4.86596563,0.27566387,lower,return_to_balanced
P07016,0.57718324,5.78689154,0.09934521,0.43286727,middle,return_to_balanced
P07017,0.57728998,5.78877786,4.98998525,0.32444267,upper,return_to_balanced
P07018,0.57741043,5.80452498,0.17907481,0.43628496,middle,return_to_balanced
P07019,0.5774507,5.75785356,0.08264139,0.47359011,middle,return_to_balanced
P07020,0.57750346,5.79609971,0.16832581,0.46937195,middle,return_to_balanced
P07021,0.57790677,5.77739472,0.12386444,0.34610164,middle,return_to_balanced
P07022,0.5779306,5.74677186,0.10176413,0.43155665,middle,return_to_balanced
P07023,0.57801259,5.79399649,4.99316324,0.25489895,upper,return_to_balanced
P07024,0.57802403,5.76533355,5.14629371,0.31656316,upper,return_to_balanced
P07025,0.57816137,5.80946203,0.09148116,0.28843909,middle,return_to_balanced
P07026,0.57820405,5.73165481,0.14605556,0.40725754,middle,return_to_balanced
P07027,0.57826043,5.76831507,-0.01227251,0.4500193,middle,return_to_balanced
P07028,0.57827881,5.81848357,-4.78072843,0.30757833,lower,return_to_balanced
P07029,0.57837014,5.80479223,-4.86027244,0.45142592,lower,return_to_balanced
P07030,0.5784893,5.83205644,0.18651268,0.32534751,middle,return_to_balanced
P07031,0.57858114,5.78750787,0.1965279,0.43557638,middle,return_to_balanced
P07032,0.57866753,5.80354111,-5.01932332,0.36693984,lower,return_to_balanced
P07033,0.57880356,5.81700439,0.11447358,0.70841854,middle,return_to_balanced
P07034,0.57883137,5.75721902,-5.10203149,0.44060736,lower,return_to_balanced
P07035,0.57884458,5.79701638,-5.02774895,0.48398126,lower,return_to_balanced
P07036,0.57885163,5.78132626,0.22622057,0.55334326,middle,return_to_balanced
P07037,0.57890354,5.76879562,0.00663015,0.54927812,middle,return_to_balanced
P07038,0.57905015,5.81209521,4.96050117,0.21008163,upper,return_to_balanced
P07039,0.57916734,5.73516234,0.09456904,0.37541634,middle,return_to_balanced
P07040,0.57922644,5.81257567,0.13827708,0.34745846,middle,return_to_balanced
P07041,0.57932003,5.80587837,0.3925046,0.38072217,middle,return_to_balanced
P07042,0.57948486,5.81136419,5.17897875,0.33178529,upper,return_to_balanced
P07043,0.57951183,5.80093076,5.04755504,0.21255172,upper,return_to_balanced
P07044,0.57961203,5.7832387,-0.08506674,0.52030797,middle,return_to_balanced
P07045,0.5797142,5.78820419,0.17974729,0.24082609,middle,return_to_balanced
P07046,0.57984188,5.79437603,5.25456616,0.17659509,upper,return_to_balanced
P07047,0.58009523,5.77948388,0.12528272,0.46327787,middle,return_to_balanced
P07048,0.58032949,5.77906786,0.1372537,0.50290008,middle,return_to_balanced
P07049,0.58059679,5.81927871,0.21404032,0.41851535,middle,return_to_balanced
P07050,0.58074868,5.81361228,-4.84359622,0.36349599,lower,return_to_balanced
P07051,0.58097757,5.82143778,0.04428923,0.26448971,middle,return_to_balanced
P07052,0.58099276,5.77162916,5.1794567,0.25761388,upper,return_to_balanced
P07053,0.58133059,5.83269934,0.11524703,0.55361912,middle,return_to_balanced
P07054,0.58139345,5.83030041,0.20539889,0.44321838,middle,return_to_balanced
P07055,0.58142993,5.78266464,5.19040633,0.31752657,upper,return_to_balanced
P07056,0.58147155,5.80451098,4.94512959,0.25085756,upper,return_to_balanced
P07057,0.58159272,5.81091592,0.2220268,0.43138134,middle,return_to_balanced
P07058,0.58169904,5.81396174,-4.76610743,0.51372225,lower,return_to_balanced
P07059,0.58175143,5.80902245,5.10945933,0.23999271,upper,return_to_balanced
P07060,0.58180829,5.82180216,0.10449185,0.46931302,middle,return_to_balanced
P07061,0.58183084,5.75928384,-4.77038423,0.40077735,lower,return_to_balanced
P07062,0.58194282,5.82583712,0.09278017,0.46538533,middle,return_to_balanced
P07063,0.58197534,5.81913193,0.06340233,0.45008557,middle,return_to_balanced
P07064,0.5819898,5.84917006,0.08543386,0.44953374,middle,return_to_balanced
P07065,0.58200209,5.79757816,0.08737956,0.3944039,middle,return_to_balanced
P07066,0.58206013,5.82121543,-0.01394409,0.40919323,middle,return_to_balanced
P07067,0.58210875,5.84617328,-0.03295431,0.32545452,middle,return_to_balanced
P07068,0.58217387,5.82559416,-5.03187566,0.42889604,lower,return_to_balanced
P07069,0.58264456,5.86719155,0.11547211,0.45070329,middle,return_to_balanced
P07070,0.58264893,5.8158519,-4.88628512,0.45410901,lower,return_to_balanced
P07071,0.58267342,5.78848484,0.08359301,0.45472655,middle,return_to_balanced
P07072,0.58272994,5.79871326,5.0105554,0.35946576,upper,return_to_balanced
P07073,0.58282269,5.83489703,5.01830472,0.22973246,upper,return_to_balanced
P07074,0.58288558,5.81743092,5.15181116,0.2951511,upper,return_to_balanced
P07075,0.58291939,5.86545007,-0.18041166,0.41842149,middle,return_to_balanced
P07076,0.58298591,5.82993715,0.02023201,0.38494907,middle,return_to_balanced
P07077,0.58309529,5.78931501,0.10917595,0.37095466,middle,return_to_balanced
P07078,0.58318244,5.81401854,0.05075786,0.31478359,middle,return_to_balanced
P07079,0.58324733,5.83873059,0.12179813,0.49712803,middle,return_to_balanced
P07080,0.58325645,5.80917227,0.1485856,0.44411707,middle,return_to_balanced
P07081,0.58326964,5.80696195,-0.04097143,0.46226719,middle,return_to_balanced
P07082,0.58348604,5.83662179,-4.9751645,0.30894658,lower,return_to_balanced
P07083,0.58355026,5.8215856,-5.04583189,0.40395231,lower,return_to_balanced
P07084,0.58380831,5.85030029,0.10098271,0.3860205,middle,return_to_balanced
P07085,0.58383964,5.81087359,0.04268501,0.34637476,middle,return_to_balanced
P07086,0.58386657,5.8824882,5.07631716,0.2046529,upper,return_to_balanced
P07087,0.58395328,5.83728505,0.35160939,0.50546261,middle,return_to_balanced
P07088,0.58398056,5.82814794,0.11359264,0.49867553,middle,return_to_balanced
P07089,0.58411855,5.84688402,0.02088435,0.42720816,middle,return_to_balanced
P07090,0.58414719,5.80772278,0.11548686,0.46209046,middle,return_to_balanced
P07091,0.58420487,5.8773544,-4.93660529,0.45536776,lower,return_to_balanced
P07092,0.58425351,5.85747113,-4.83859099,0.33872138,lower,return_to_balanced
P07093,0.58437379,5.84209166,0.0383242,0.44076673,middle,return_to_balanced
P07094,0.58442646,5.87021742,0.00424386,0.34433172,middle,return_to_balanced
P07095,0.58451099,5.90280007,0.09231676,0.47818901,middle,return_to_balanced
P07096,0.5845187,5.8206948,-0.03712839,0.49990053,middle,return_to_balanced
P07097,0.58474263,5.85217911,-0.02606753,0.42363022,middle,return_to_balanced
P07098,0.58504904,5.88809436,0.00982389,0.3754838,middle,return_to_balanced
P07099,0.58509633,5.87419673,0.12921069,0.46736422,middle,return_to_balanced
P07100,0.58516559,5.86925275,5.17871699,0.25144404,upper,return_to_balanced
P07101,0.58522736,5.87857496,0.03814221,0.41828376,middle,return_to_balanced
P07102,0.5852506,5.84065804,0.19741166,0.47127661,middle,return_to_balanced
P07103,0.58529063,5.85831433,-4.91111652,0.3846809,lower,return_to_balanced
P07104,0.58533876,5.85659556,-4.85904627,0.44446118,lower,return_to_balanced
P07105,0.58548913,5.80807259,-4.8434431,0.25509687,lower,return_to_balanced
P07106,0.58553132,5.87629314,0.04494982,0.39465249,middle,return_to_balanced
P07107,0.58553489,5.87248929,0.18014596,0.28405063,middle,return_to_balanced
P07108,0.58554311,5.81697288,0.08263055,0.54402841,middle,return_to_balanced
P07109,0.58555495,5.88523664,0.09001213,0.23605919,middle,return_to_balanced
P07110,0.5856909,5.84914634,-0.07425984,0.3434955,middle,return_to_balanced
P07111,0.5858255,5.81401004,0.23785538,0.39472996,middle,return_to_balanced
P07112,0.5858784,5.85599834,0.09564232,0.4698032,middle,return_to_balanced
P07113,0.5860858,5.87181956,-0.02465303,0.49187229,middle,return_to_balanced
P07114,0.58620019,5.88109232,5.11278609,0.32268548,upper,return_to_balanced
P07115,0.58620156,5.82317676,0.00406911,0.40612692,middle,return_to_balanced
P07116,0.58626075,5.84120646,-4.85261035,0.50745271,lower,return_to_balanced
P07117,0.58627074,5.83058924,-4.90069721,0.50063427,lower,return_to_balanced
P07118,0.58634934,5.87636325,4.94752508,0.21871156,upper,return_to_balanced
P07119,0.58654159,5.87987731,-4.90315081,0.42526156,lower,return_to_balanced
P07120,0.58658332,5.90763053,0.10443871,0.47525899,middle,return_to_balanced
P07121,0.58663429,5.88106224,5.14543962,0.40648331,upper,return_to_balanced
P07122,0.58670468,5.87970306,0.15122547,0.33028284,middle,return_to_balanced
P07123,0.5867647,5.85805115,-4.95901182,0.51390486,lower,return_to_balanced
P07124,0.58677826,5.86052062,-4.92316852,0.34753154,lower,return_to_balanced
P07125,0.5867864,5.90359191,-4.78925428,0.44885948,lower,return_to_balanced
P07126,0.58680224,5.87164976,0.03077174,0.39083182,middle,return_to_balanced
P07127,0.58687976,5.83844836,0.24814761,0.4614604,middle,return_to_balanced
P07128,0.58691193,5.86656321,5.08516917,0.20306282,upper,return_to_balanced
P07129,0.58695197,5.88180946,-4.86655295,0.32059825,lower,return_to_balanced
P07130,0.5870532,5.85547079,-4.89692085,0.43752228,lower,return_to_balanced
P07131,0.58711377,5.8757071,-4.87393004,0.3776999,lower,return_to_balanced
P07132,0.58713999,5.82707285,-4.82746035,0.42381128,lower,return_to_balanced
P07133,0.58716794,5.90760304,4.96201709,0.18166338,upper,return_to_balanced
P07134,0.587203,5.86144287,0.00470806,0.32819004,middle,return_to_balanced
P07135,0.58733202,5.88933734,0.1850851,0.52221676,middle,return_to_balanced
P07136,0.58749579,5.90707083,-0.08001122,0.56450548,middle,return_to_balanced
P07137,0.58766235,5.86494077,5.3628043,0.18488101,upper,return_to_balanced
P07138,0.58774684,5.87640166,0.26276865,0.49370993,middle,return_to_balanced
P07139,0.58777206,5.89126261,0.13532374,0.47422248,middle,return_to_balanced
P07140,0.58781998,5.84422488,5.06802702,0.10156458,upper,return_to_balanced
P07141,0.58783354,5.82110648,0.14159595,0.29590815,middle,return_to_balanced
P07142,0.58784455,5.86931933,0.07091166,0.43231427,middle,return_to_balanced
P07143,0.58786623,5.87915566,0.02929671,0.39793368,middle,return_to_balanced
P07144,0.58798827,5.87200075,0.09036435,0.44961676,middle,return_to_balanced
P07145,0.58800603,5.89629111,5.1084575,0.16123659,upper,return_to_balanced
P07146,0.58822288,5.90311316,-4.80524576,0.51811634,lower,return_to_balanced
P07147,0.58825651,5.82830522,5.08130383,0.23485174,upper,return_to_balanced
P07148,0.58840394,5.91467904,-0.02766747,0.51839388,middle,return_to_balanced
P07149,0.58846424,5.91879096,0.11999153,0.36348499,middle,return_to_balanced
P07150,0.58856451,5.87213414,-4.91010275,0.34825253,lower,return_to_balanced
P07151,0.58860752,5.87121867,5.09197749,0.2709269,upper,return_to_balanced
P07152,0.58864241,5.90556547,-4.75600305,0.49914148,lower,return_to_balanced
P07153,0.58873108,5.8790123,-4.8433081,0.373532,lower,return_to_balanced
P07154,0.58875376,5.89806562,0.01855061,0.40095925,middle,return_to_balanced
P07155,0.58879991,5.84772206,-4.81538303,0.45455299,lower,return_to_balanced
P07156,0.58892413,5.90542275,-4.82862632,0.36924853,lower,return_to_balanced
P07157,0.58893741,5.85544718,0.03205757,0.41372967,middle,return_to_balanced
P07158,0.58908324,5.91917079,0.06806528,0.47994925,middle,return_to_balanced
P07159,0.58910474,5.92368442,5.21821532,0.18477528,upper,return_to_balanced
P07160,0.58914283,5.91656579,-4.80051937,0.31306601,lower,return_to_balanced
P07161,0.58936602,5.8671354,5.13906069,0.34139963,upper,return_to_balanced
P07162,0.58961753,5.93018523,0.05986971,0.31199041,middle,return_to_balanced
P07163,0.58961773,5.89960892,-4.89636697,0.26992314,lower,return_to_balanced
P07164,0.58966575,5.89224204,-0.05465968,0.41775516,middle,return_to_balanced
P07165,0.58969301,5.8767971,-4.97573448,0.4508369,lower,return_to_balanced
P07166,0.58970399,5.88487667,-5.09174704,0.44802396,lower,return_to_balanced
P07167,0.58991106,5.94496015,-0.00871285,0.41041836,middle,return_to_balanced
P07168,0.58991494,5.88349416,0.12290614,0.3874836,middle,return_to_balanced
P07169,0.58997768,5.87595895,0.44649618,0.46915798,middle,return_to_balanced
P07170,0.5900908,5.91456224,0.08595844,0.37033433,middle,return_to_balanced
P07171,0.59017587,5.90091976,-4.63050207,0.34643325,lower,return_to_balanced
P07172,0.59022121,5.91078627,0.10391585,0.29977523,middle,return_to_balanced
P07173,0.59051872,5.92042293,4.95117628,0.21749497,upper,return_to_balanced
P07174,0.59071758,5.88349849,-0.00414514,0.48721806,middle,return_to_balanced
P07175,0.59073055,5.92105005,0.07309285,0.39498851,middle,return_to_balanced
P07176,0.59075736,5.8750107,-5.10371326,0.58338216,lower,return_to_balanced
P07177,0.59113838,5.88389401,0.04295442,0.42360337,middle,return_to_balanced
P07178,0.59115189,5.92361295,0.06505173,0.51125059,middle,return_to_balanced
P07179,0.59139763,5.95245514,0.24705723,0.59567755,middle,return_to_balanced
P07180,0.59153659,5.89923825,-0.00541897,0.27764098,middle,return_to_balanced
P07181,0.59156963,5.94292966,0.06934684,0.52904824,middle,return_to_balanced
P07182,0.59162251,5.88089852,0.1006882,0.30455955,middle,return_to_balanced
P07183,0.59164462,5.90476281,-4.71106248,0.407834,lower,return_to_balanced
P07184,0.59168115,5.90187688,0.10759669,0.44287065,middle,return_to_balanced
P07185,0.59170979,5.91335251,0.12168767,0.29744009,middle,return_to_balanced
P07186,0.59178935,5.9368848,-0.0260693,0.47910206,middle,return_to_balanced
P07187,0.59189847,5.88597548,0.09656871,0.57950243,middle,return_to_balanced
P07188,0.59208186,5.90488451,-4.78663675,0.41018777,lower,return_to_balanced
P07189,0.59237195,5.93993589,5.20400837,0.38889578,upper,return_to_balanced
P07190,0.59238503,5.87765945,5.12739855,0.1740682,upper,return_to_balanced
P07191,0.59240432,5.91232502,0.14761866,0.41773693,middle,return_to_balanced
P07192,0.59243517,5.91178245,4.96128748,0.0841812,upper,return_to_balanced
P07193,0.59259467,5.96489473,5.04606391,0.22080693,upper,return_to_balanced
P07194,0.59305097,5.96315635,0.26234096,0.43280994,middle,return_to_balanced
P07195,0.59309817,5.94549238,0.25591673,0.40914771,middle,return_to_balanced
P07196,0.59324527,5.92977855,-5.09645201,0.44708397,lower,return_to_balanced
P07197,0.59337282,5.89710682,0.19208514,0.48575609,middle,return_to_balanced
P07198,0.59358077,5.94765424,0.19835499,0.36766252,middle,return_to_balanced
P07199,0.59370005,5.89393454,0.1305733,0.41702301,middle,return_to_balanced
P07200,0.59389684,5.94711591,0.16101121,0.4460324,middle,return_to_balanced
P07201,0.59395338,5.89508043,0.20622466,0.41942345,middle,return_to_balanced
P07202,0.59400107,5.94022543,0.12233533,0.44099029,middle,return_to_balanced
P07203,0.59404485,5.90261804,5.01862187,0.23404425,upper,return_to_balanced
P07204,0.5940961,5.9130055,0.20660506,0.46692161,middle,return_to_balanced
P07205,0.59426644,5.93276649,0.13291043,0.40731932,middle,return_to_balanced
P07206,0.59427698,5.92065697,5.02315282,0.25492618,upper,return_to_balanced
P07207,0.5943373,5.92968237,-5.08448481,0.32156519,lower,return_to_balanced
P07208,0.59438094,5.94449875,0.06962812,0.21138133,middle,return_to_balanced
P07209,0.59443575,5.90826998,0.10115697,0.41779397,middle,return_to_balanced
P07210,0.59486721,5.95322016,5.08138956,0.18181243,upper,return_to_balanced
P07211,0.59524118,5.97892521,-5.02260968,0.40343598,lower,return_to_balanced
P07212,0.59527125,5.97256691,5.19122521,0.09043088,upper,return_to_balanced
P07213,0.59528229,5.99672646,0.27707587,0.37767885,middle,return_to_balanced
P07214,0.59528346,5.94212582,-4.93780932,0.43013467,lower,return_to_balanced
P07215,0.595293,5.94673481,5.02949921,0.16596193,upper,return_to_balanced
P07216,0.59543821,5.96569358,0.12343633,0.54083544,middle,return_to_balanced
P07217,0.59549369,5.97433413,-5.00277377,0.29217337,lower,return_to_balanced
P07218,0.59553799,5.96047204,0.0324505,0.45620116,middle,return_to_balanced
P07219,0.59561947,5.97648214,0.14452823,0.43558628,middle,return_to_balanced
P07220,0.59577938,5.94930087,-0.01586468,0.38252804,middle,return_to_balanced
P07221,0.59584249,5.94791735,0.25570081,0.4315112,middle,return_to_balanced
P07222,0.59587702,5.92006074,0.13939657,0.35475436,middle,return_to_balanced
P07223,0.59591683,5.97794552,0.00141524,0.41217369,middle,return_to_balanced
P07224,0.59598391,5.95211762,0.08711258,0.32955353,middle,return_to_balanced
P07225,0.59606823,5.96969915,5.04072777,0.14675232,upper,return_to_balanced
P07226,0.59617027,5.95406224,-4.84932029,0.39019934,lower,return_to_balanced
P07227,0.59640623,5.9364402,5.02826465,0.27680997,upper,return_to_balanced
P07228,0.59641034,5.97473959,-4.93274719,0.48739335,lower,return_to_balanced
P07229,0.59648614,5.97054648,-0.0326752,0.3665649,middle,return_to_balanced
P07230,0.59652336,5.99272579,4.90008896,0.17611744,upper,return_to_balanced
P07231,0.59653639,5.96083601,4.91681108,0.11211116,upper,return_to_balanced
P07232,0.59680799,5.91920724,-5.02931057,0.30383617,lower,return_to_balanced
P07233,0.5968119,5.93754213,-4.83321723,0.22621939,lower,return_to_balanced
P07234,0.59682122,5.97784947,-4.85007019,0.45640021,lower,return_to_balanced
P07235,0.59687888,5.95904367,0.09175258,0.35542701,middle,return_to_balanced
P07236,0.59696089,5.99514753,0.27060601,0.45847567,middle,return_to_balanced
P07237,0.59713274,5.95185232,-4.95204133,0.51791768,lower,return_to_balanced
P07238,0.59722464,5.96513515,0.06099687,0.33509271,middle,return_to_balanced
P07239,0.59728642,6.03362124,0.1252746,0.43675792,middle,return_to_balanced
P07240,0.59729332,5.99578627,-4.77651241,0.35353058,lower,return_to_balanced
P07241,0.59754669,5.9147983,4.98159923,0.25363818,upper,return_to_balanced
P07242,0.59767879,5.9863838,-5.10497263,0.27754022,lower,return_to_balanced
P07243,0.59789591,6.02087255,-4.97057124,0.40475738,lower,return_to_balanced
P07244,0.5979255,5.95984884,5.08069516,0.14701636,upper,return_to_balanced
P07245,0.59801108,5.97540039,0.19683627,0.42427334,middle,return_to_balanced
P07246,0.59805327,6.00326401,5.17061032,0.14980806,upper,return_to_balanced
P07247,0.59807856,6.01740745,0.29425189,0.42555932,middle,return_to_balanced
P07248,0.5981191,5.99783773,0.09966773,0.41150139,middle,return_to_balanced
P07249,0.59817736,5.95987013,5.07976835,0.29566778,upper,return_to_balanced
P07250,0.59821188,5.98357971,0.1259627,0.32472208,middle,return_to_balanced
P07251,0.59831341,6.02885157,0.14787558,0.60508263,middle,return_to_balanced
P07252,0.59846985,5.95995316,0.24459968,0.45342763,middle,return_to_balanced
P07253,0.59849336,5.95720364,-4.80091767,0.35484917,lower,return_to_balanced
P07254,0.59859609,5.97865035,5.10956944,0.21625036,upper,return_to_balanced
P07255,0.59863325,5.97046016,0.23589217,0.41175506,middle,return_to_balanced
P07256,0.59865954,5.95906677,-4.91513282,0.47086266,lower,return_to_balanced
P07257,0.59867341,5.98457692,-4.80367554,0.47290329,lower,return_to_balanced
P07258,0.59868761,5.98236473,0.08318746,0.41190081,middle,return_to_balanced
P07259,0.59869642,6.01344187,4.87328429,0.30169841,upper,return_to_balanced
P07260,0.59869942,6.02358848,0.09668213,0.46356978,middle,return_to_balanced
P07261,0.59876863,6.02069367,0.14710087,0.2970337,middle,return_to_balanced
P07262,0.59882507,5.96441158,-4.88798584,0.45803294,lower,return_to_balanced
P07263,0.59887799,6.01677727,0.11015672,0.32151342,middle,return_to_balanced
P07264,0.59903301,5.99986584,-0.0066654,0.309028,middle,return_to_balanced
P07265,0.59911341,6.00719424,0.0723692,0.42997497,middle,return_to_balanced
P07266,0.59913789,5.97420121,-4.91008636,0.34025834,lower,return_to_balanced
P07267,0.59914151,6.03103278,0.11827807,0.29453839,middle,return_to_balanced
P07268,0.59916841,5.96426736,-0.04015911,0.36442353,middle,return_to_balanced
P07269,0.59944676,6.01612295,4.96811525,0.33763796,upper,return_to_balanced
P07270,0.59947461,6.04913818,4.90667563,0.22063803,upper,return_to_balanced
P07271,0.59954488,5.98832699,0.03540367,0.37267471,middle,return_to_balanced
P07272,0.59956451,5.99115575,0.14326524,0.43172695,middle,return_to_balanced
P07273,0.59963492,6.01483441,-4.99679354,0.38730183,lower,return_to_balanced
P07274,0.59970398,5.98722198,0.09477059,0.40065366,middle,return_to_balanced
P07275,0.59973909,5.98934213,0.13770524,0.41017171,middle,return_to_balanced
P07276,0.59974007,5.95402771,-4.69229831,0.45431686,lower,return_to_balanced
P07277,0.59976786,6.00195897,-4.87062821,0.54210683,lower,return_to_balanced
P07278,0.59986768,5.99485501,0.2860077,0.36268036,middle,return_to_balanced
P07279,0.59987101,6.00411842,5.06878888,0.14228529,upper,return_to_balanced
P07280,0.59996387,6.01433469,0.18171592,0.43797586,middle,return_to_balanced
P07281,0.60056107,5.99848958,0.10401002,0.45377421,middle,return_to_balanced
P07282,0.60058009,5.9975201,5.11305358,0.26885418,upper,return_to_balanced
P07283,0.60061477,6.05498275,0.03700149,0.34089824,middle,return_to_balanced
P07284,0.60066059,5.97575155,0.0281557,0.5111286,middle,return_to_balanced
P07285,0.60074759,6.01084319,-0.06403529,0.41614046,middle,return_to_balanced
P07286,0.60081262,6.01439081,0.23711345,0.34867067,middle,return_to_balanced
P07287,0.60094225,6.03172677,5.10091545,0.18013358,upper,return_to_balanced
P07288,0.60100154,6.04182886,5.05446582,0.1571035,upper,return_to_balanced
P07289,0.60101141,5.99725273,4.9698051,0.18999152,upper,return_to_balanced
P07290,0.60103133,6.03228305,5.22564345,0.13736973,upper,return_to_balanced
P07291,0.6011644,6.03249993,0.05418333,0.34094097,middle,return_to_balanced
P07292,0.6011864,6.02182773,0.13050043,0.21867843,middle,return_to_balanced
P07293,0.60122066,6.03423455,0.09949286,0.40908071,middle,return_to_balanced
P07294,0.60129992,5.98942505,0.05671273,0.50927718,middle,return_to_balanced
P07295,0.60131411,6.0658655,0.18226309,0.38640614,middle,return_to_balanced
P07296,0.60138161,6.01431412,-4.68876857,0.42721456,lower,return_to_balanced
P07297,0.60139537,5.99699197,0.0087252,0.38586638,middle,return_to_balanced
P07298,0.60151853,6.07045829,0.27636314,0.28277322,middle,return_to_balanced
P07299,0.6015253,6.02475962,0.02646109,0.5040025,middle,return_to_balanced
P07300,0.601591,5.9986104,0.3186087,0.31623244,middle,return_to_balanced
P07301,0.60161234,6.05181474,-0.06298183,0.35333017,middle,return_to_balanced
P07302,0.60162034,6.02536149,5.11393749,0.07896219,upper,return_to_balanced
P07303,0.60165739,6.02878271,5.01884001,0.1870098,upper,return_to_balanced
P07304,0.60171161,5.97191555,5.00077071,0.28507938,upper,return_to_balanced
P07305,0.60171941,6.06827485,0.23357977,0.49088615,middle,return_to_balanced
P07306,0.60183102,6.0450928,-0.12100629,0.52120123,middle,return_to_balanced
P07307,0.60193985,6.02569999,-0.07366592,0.57734507,middle,return_to_balanced
P07308,0.60203242,6.01509096,-4.87446608,0.53681018,lower,return_to_balanced
P07309,0.60214988,6.02821746,-0.00198038,0.52321579,middle,return_to_balanced
P07310,0.60226737,6.01233171,-0.13397106,0.33225382,middle,return_to_balanced
P07311,0.60230679,6.03734728,0.29913054,0.42404556,middle,return_to_balanced
P07312,0.60260501,5.99337486,0.11008894,0.5801094,middle,return_to_balanced
P07313,0.6026713,6.03169704,-5.07429562,0.41314782,lower,return_to_balanced
P07314,0.60267758,6.02863119,0.13371778,0.39857326,middle,return_to_balanced
P07315,0.60279614,6.02650696,5.05105605,0.1680986,upper,return_to_balanced
P07316,0.60285852,6.0070965,5.13127817,0.12073494,upper,return_to_balanced
P07317,0.60290567,6.00635867,-4.85370881,0.52306752,lower,return_to_balanced
P07318,0.60303885,6.01177638,5.15477843,0.188929,upper,return_to_balanced
P07319,0.60325836,6.06278069,-4.86535702,0.42354105,lower,return_to_balanced
P07320,0.60332268,6.08462854,0.15533498,0.38105488,middle,return_to_balanced
P07321,0.60347545,6.00962041,0.05782466,0.48054282,middle,return_to_balanced
P07322,0.60364797,6.05991589,-0.05003024,0.32473704,middle,return_to_balanced
P07323,0.60364984,6.0892325,0.08432581,0.46319955,middle,return_to_balanced
P07324,0.60366836,6.06204193,0.25199187,0.35140015,middle,return_to_balanced
P07325,0.60373093,6.04108532,0.06751884,0.36252566,middle,return_to_balanced
P07326,0.60374404,6.03122152,0.1728948,0.61710887,middle,return_to_balanced
P07327,0.60380107,6.03915213,-4.82962411,0.43089703,lower,return_to_balanced
P07328,0.60382441,6.0888697,4.976245,0.13133338,upper,return_to_balanced
P07329,0.60391535,6.08073524,0.12280075,0.31270549,middle,return_to_balanced
P07330,0.60402402,6.03095698,0.09996846,0.32898888,middle,return_to_balanced
P07331,0.6040596,6.05264311,5.01038473,0.03017568,upper,return_to_balanced
P07332,0.60410894,6.06187661,0.02762032,0.4388359,middle,return_to_balanced
P07333,0.60412593,6.068137,-5.00382557,0.46973982,lower,return_to_balanced
P07334,0.60417162,5.99457755,5.09772877,0.15498274,upper,return_to_balanced
P07335,0.60421659,6.07602293,0.18123909,0.34376125,middle,return_to_balanced
P07336,0.60423527,6.03124679,0.12617889,0.36333896,middle,return_to_balanced
P07337,0.60434441,6.0634604,4.90134857,0.13747066,upper,return_to_balanced
P07338,0.60457793,6.03259871,-4.88931602,0.46773506,lower,return_to_balanced
P07339,0.60458152,6.03000275,0.12757255,0.33261219,middle,return_to_balanced
P07340,0.60464286,6.04589485,-5.0187101,0.50610794,lower,return_to_balanced
P07341,0.6046523,6.03799511,0.00527963,0.31602613,middle,return_to_balanced
P07342,0.60485432,6.08193947,0.12271235,0.47120491,middle,return_to_balanced
P07343,0.60517914,6.01830156,0.05201982,0.37145096,middle,return_to_balanced
P07344,0.60518675,6.0459873,-5.05562395,0.53558239,lower,return_to_balanced
P07345,0.60520379,6.0877742,0.14669001,0.40348902,middle,return_to_balanced
P07346,0.60521406,6.06686174,-5.09860596,0.46794052,lower,return_to_balanced
P07347,0.6052232,6.06867031,0.23686986,0.26203385,middle,return_to_balanced
P07348,0.60524335,6.03663851,0.16142416,0.39432534,middle,return_to_balanced
P07349,0.60535852,6.01369108,0.16637345,0.38211895,middle,return_to_balanced
P07350,0.60539855,6.06990219,0.38341666,0.25953265,middle,return_to_balanced
P07351,0.60543045,6.09342588,-4.90513636,0.3144807,lower,return_to_balanced
P07352,0.60552216,6.0539201,4.86992448,0.11001182,upper,return_to_balanced
P07353,0.60557202,6.0250675,4.86728058,0.07125757,upper,return_to_balanced
P07354,0.60573809,6.08334993,0.08760559,0.37141942,middle,return_to_balanced
P07355,0.60584431,6.0265421,4.99548324,0.16457786,upper,return_to_balanced
P07356,0.60586007,6.01371788,0.1205281,0.30847308,middle,return_to_balanced
P07357,0.60587545,6.06817307,0.20316274,0.33104187,middle,return_to_balanced
P07358,0.60595847,6.05761141,-4.79783661,0.39451318,lower,return_to_balanced
P07359,0.60602195,6.05037379,4.98488075,0.07789375,upper,return_to_balanced
P07360,0.60603924,6.05855708,0.11027355,0.28259879,middle,return_to_balanced
P07361,0.60612327,6.05813557,-4.87340634,0.55225094,lower,return_to_balanced
P07362,0.60617565,6.02082838,-4.90438147,0.48608426,lower,return_to_balanced
P07363,0.60630847,6.07887688,0.14070785,0.24884328,middle,return_to_balanced
P07364,0.60640264,6.04456931,4.97534261,0.24071856,upper,return_to_balanced
P07365,0.60661132,6.05117478,4.9590372,0.2112738,upper,return_to_balanced
P07366,0.60671005,6.05643539,4.98098439,0.17540062,upper,return_to_balanced
P07367,0.6067588,6.09296489,-4.8807794,0.44671057,lower,return_to_balanced
P07368,0.60677041,6.05867675,0.16712213,0.39694557,middle,return_to_balanced
P07369,0.60678738,6.08752645,-0.00829357,0.34454375,middle,return_to_balanced
P07370,0.60679135,6.07816725,0.14751871,0.40258339,middle,return_to_balanced
P07371,0.60690022,6.09717634,-0.00161378,0.47943966,middle,return_to_balanced
P07372,0.60701766,6.03442009,0.13655116,0.42282845,middle,return_to_balanced
P07373,0.60716313,6.07851588,-0.00041066,0.43660358,middle,return_to_balanced
P07374,0.60766197,6.10804159,5.20283524,0.09414257,upper,return_to_balanced
P07375,0.60770929,6.04789367,-5.04598092,0.31336441,lower,return_to_balanced
P07376,0.60778292,6.03755409,-4.67153275,0.47393734,lower,return_to_balanced
P07377,0.60787031,6.11496668,5.03267216,0.17312612,upper,return_to_balanced
P07378,0.60792262,6.10818133,-4.91089672,0.36145573,lower,return_to_balanced
P07379,0.60809971,6.05836815,-0.03914854,0.36707232,middle,return_to_balanced
P07380,0.60814065,6.07858183,-0.05695754,0.27223403,middle,return_to_balanced
P07381,0.60840635,6.09252719,0.05412457,0.22641186,middle,return_to_balanced
P07382,0.60842387,6.07010971,-4.90552526,0.4029745,lower,return_to_balanced
P07383,0.60853283,6.06603543,0.13276072,0.37093417,middle,return_to_balanced
P07384,0.60860052,6.1051117,0.1162967,0.320627,middle,return_to_balanced
P07385,0.60870288,6.09457913,5.19284902,0.02329228,upper,return_to_balanced
P07386,0.60878108,6.04671069,-4.89078515,0.47474964,lower,return_to_balanced
P07387,0.60882135,6.12637923,-4.89380847,0.56043993,lower,return_to_balanced
P07388,0.60884967,6.10926439,0.09479905,0.37460144,middle,return_to_balanced
P07389,0.60887226,6.09862798,0.16911246,0.45660327,middle,return_to_balanced
P07390,0.60891038,6.0820754,-4.96358125,0.55693191,lower,return_to_balanced
P07391,0.60895064,6.13713573,4.81458121,0.30633247,upper,return_to_balanced
P07392,0.60904009,6.05262554,-4.82790053,0.44866656,lower,return_to_balanced
P07393,0.60905931,6.07008581,5.18491191,-0.01580891,upper,return_to_balanced
P07394,0.60909804,6.13413004,0.14308161,0.30374565,middle,return_to_balanced
P07395,0.60910613,6.07322394,5.02984537,-0.01734064,upper,return_to_balanced
P07396,0.60920495,6.07040902,-0.07294772,0.37696455,middle,return_to_balanced
P07397,0.60920817,6.10588185,0.05919247,0.45737425,middle,return_to_balanced
P07398,0.60933145,6.10051474,0.03263457,0.48072959,middle,return_to_balanced
P07399,0.60952076,6.05779273,-4.72674038,0.48643487,lower,return_to_balanced
P07400,0.60957703,6.08492875,5.1707781,0.0671597,upper,return_to_balanced
P07401,0.60960575,6.10691095,-0.00014074,0.26988425,middle,return_to_balanced
P07402,0.60967746,6.09615797,-4.83205043,0.50833997,lower,return_to_balanced
P07403,0.60971211,6.08699078,5.00687066,0.01160305,upper,return_to_balanced
P07404,0.60975198,6.06437706,-4.90477884,0.28637396,lower,return_to_balanced
P07405,0.60978905,6.09325391,5.09214413,0.05366388,upper,return_to_balanced
P07406,0.60991862,6.08661204,0.03216207,0.35416824,middle,return_to_balanced
P07407,0.6099784,6.1128477,-0.17089949,0.37638387,middle,return_to_balanced
P07408,0.61002262,6.07959083,0.15892902,0.47994096,middle,return_to_balanced
P07409,0.6100435,6.05412979,5.06318386,0.19772138,upper,return_to_balanced
P07410,0.61034652,6.08665275,4.86549551,0.10237197,upper,return_to_balanced
P07411,0.61038506,6.10177947,4.98576544,0.13627245,upper,return_to_balanced
P07412,0.61046488,6.11279881,-0.05160842,0.33046594,middle,return_to_balanced
P07413,0.61053324,6.0944458,-4.82008835,0.44821155,lower,return_to_balanced
P07414,0.61056801,6.11127376,0.13905208,0.3395882,middle,return_to_balanced
P07415,0.61057834,6.11578755,-4.93781231,0.35733069,lower,return_to_balanced
P07416,0.61063767,6.0996441,0.01656966,0.40836271,middle,return_to_balanced
P07417,0.61067121,6.13352497,4.99687731,0.01501807,upper,return_to_balanced
P07418,0.61067798,6.12235419,0.00912155,0.36943892,middle,return_to_balanced
P07419,0.6108206,6.11994602,0.14061232,0.44002269,middle,return_to_balanced
P07420,0.61085084,6.1310975,5.02599298,-0.00395964,upper,return_to_balanced
P07421,0.61118344,6.08738913,0.18661412,0.34392826,middle,return_to_balanced
P07422,0.61121037,6.14378753,0.13983859,0.41297371,middle,return_to_balanced
P07423,0.61121593,6.11903143,4.84987648,-0.06493382,upper,return_to_balanced
P07424,0.61126344,6.10186003,0.26436177,0.30518616,middle,return_to_balanced
P07425,0.61136108,6.10449784,-4.83513095,0.54339317,lower,return_to_balanced
P07426,0.61141801,6.13104278,-4.76860034,0.32479193,lower,return_to_balanced
P07427,0.61150832,6.12508711,5.01452375,0.05872387,upper,return_to_balanced
P07428,0.61151821,6.14131219,5.12799946,0.08764505,upper,return_to_balanced
P07429,0.61152899,6.1244221,0.23268075,0.33392365,middle,return_to_balanced
P07430,0.61159264,6.09677973,0.27260226,0.42167301,middle,return_to_balanced
P07431,0.61174879,6.12485438,-0.04119878,0.43765421,middle,return_to_balanced
P07432,0.61188584,6.14487456,0.15391426,0.27458277,middle,return_to_balanced
P07433,0.6119724,6.11934813,0.16578293,0.30195633,middle,return_to_balanced
P07434,0.61217508,6.1209958,0.19496098,0.2884385,middle,return_to_balanced
P07435,0.61227688,6.13019275,4.924986,0.07670101,upper,return_to_balanced
P07436,0.61247127,6.07050174,-4.75074581,0.47984951,lower,return_to_balanced
P07437,0.61247768,6.13077408,5.15376378,0.16540169,upper,return_to_balanced
P07438,0.6125365,6.17224429,-5.02187777,0.41280624,lower,return_to_balanced
P07439,0.61262995,6.12728626,0.24848325,0.46715164,middle,return_to_balanced
P07440,0.61268958,6.10431467,0.27919508,0.35905787,middle,return_to_balanced
P07441,0.61279846,6.1476408,4.93960912,0.02083562,upper,return_to_balanced
P07442,0.61280652,6.08663008,-4.98017358,0.42335322,lower,return_to_balanced
P07443,0.61285612,6.11748247,-4.93180286,0.43368338,lower,return_to_balanced
P07444,0.61307658,6.13036037,0.28021066,0.30346901,middle,return_to_balanced
P07445,0.61317144,6.14683666,0.09790872,0.37039625,middle,return_to_balanced
P07446,0.61320835,6.13176138,0.2555158,0.43498079,middle,return_to_balanced
P07447,0.61337187,6.15556531,-4.95564919,0.43747675,lower,return_to_balanced
P07448,0.61338996,6.17539815,0.02840894,0.26321385,middle,return_to_balanced
P07449,0.61349341,6.2062587,4.99074254,0.00105799,upper,return_to_balanced
P07450,0.61352724,6.14289181,-4.81357459,0.30935502,lower,return_to_balanced
P07451,0.61355702,6.18405525,-0.08862728,0.4530377,middle,return_to_balanced
P07452,0.61358687,6.14484203,-0.02986956,0.41658355,middle,return_to_balanced
P07453,0.61361833,6.10456777,5.13096472,0.02585084,upper,return_to_balanced
P07454,0.61367405,6.09919966,5.22778326,0.09683645,upper,return_to_balanced
P07455,0.6140854,6.11065028,5.12311102,0.05637821,upper,return_to_balanced
P07456,0.61416152,6.13985243,0.18596001,0.38126935,middle,return_to_balanced
P07457,0.61417278,6.14530021,0.31770426,0.35078299,middle,return_to_balanced
P07458,0.61424462,6.13449176,0.20133755,0.36045603,middle,return_to_balanced
P07459,0.6142886,6.14369822,5.05336318,0.11006396,upper,return_to_balanced
P07460,0.61446616,6.16587926,4.90033509,0.00657179,upper,return_to_balanced
P07461,0.61449866,6.1185932,0.15283577,0.40229639,middle,return_to_balanced
P07462,0.61455957,6.10099519,4.98362318,0.01070927,upper,return_to_balanced
P07463,0.61467491,6.13617651,-4.99540614,0.46215042,lower,return_to_balanced
P07464,0.61469542,6.15563154,0.2195075,0.32871457,middle,return_to_balanced
P07465,0.61491846,6.16236334,5.15043443,0.02776101,upper,return_to_balanced
P07466,0.61492332,6.12133953,0.21727764,0.56629903,middle,return_to_balanced
P07467,0.61500496,6.16466842,0.17413607,0.35894938,middle,return_to_balanced
P07468,0.615018,6.19381433,0.15799947,0.3266812,middle,return_to_balanced
P07469,0.61502281,6.15059704,0.20580482,0.24605607,middle,return_to_balanced
P07470,0.61506562,6.13640568,0.08709492,0.36273912,middle,return_to_balanced
P07471,0.61513379,6.13798976,-4.87960866,0.65638819,lower,return_to_balanced
P07472,0.61514754,6.14021648,0.08461433,0.35516811,middle,return_to_balanced
P07473,0.61524076,6.14363902,-4.87698124,0.44277957,lower,return_to_balanced
P07474,0.6152409,6.20811646,-4.8738656,0.49894879,lower,return_to_balanced
P07475,0.61532517,6.1564615,-0.07714327,0.30154255,middle,return_to_balanced
P07476,0.61533279,6.18592767,-4.80395906,0.42192794,lower,return_to_balanced
P07477,0.61538665,6.14854352,0.03485594,0.50770011,middle,return_to_balanced
P07478,0.61557323,6.11778622,5.02276367,0.1571362,upper,return_to_balanced
P07479,0.61557831,6.13039119,0.03568123,0.39048001,middle,return_to_balanced
P07480,0.61572166,6.1416136,4.97682065,-0.065746,upper,return_to_balanced
P07481,0.61575947,6.13845624,0.16945995,0.33495246,middle,return_to_balanced
P07482,0.61583557,6.16293051,4.99685069,0.0677125,upper,return_to_balanced
P07483,0.61623406,6.17987921,0.27265592,0.40749251,middle,return_to_balanced
P07484,0.61624307,6.178795,-4.87824075,0.5000017,lower,return_to_balanced
P07485,0.61630067,6.18489743,0.10719872,0.32248021,middle,return_to_balanced
P07486,0.61631724,6.14442712,0.06850523,0.41717797,middle,return_to_balanced
P07487,0.61642731,6.13914602,-0.08634446,0.40565651,middle,return_to_balanced
P07488,0.61643015,6.18616296,5.02137735,0.03928034,upper,return_to_balanced
P07489,0.61643903,6.16948289,0.01573889,0.33712047,middle,return_to_balanced
P07490,0.61645592,6.12553762,0.2811922,0.38169786,middle,return_to_balanced
P07491,0.61654445,6.16881955,0.19747708,0.28991264,middle,return_to_balanced
P07492,0.61659192,6.16359381,-4.92163475,0.46412411,lower,return_to_balanced
P07493,0.61671793,6.16672424,4.78483101,-0.02717464,upper,return_to_balanced
P07494,0.61681947,6.14775577,0.23189882,0.39909504,middle,return_to_balanced
P07495,0.61689564,6.14944969,-4.96268172,0.47571816,lower,return_to_balanced
P07496,0.61709217,6.13742209,5.09233918,0.04415617,upper,return_to_balanced
P07497,0.61733143,6.14492549,-4.94105382,0.44231719,lower,return_to_balanced
P07498,0.61737762,6.18365665,0.12185435,0.38292354,middle,return_to_balanced
P07499,0.61754126,6.16747048,0.02452309,0.43563128,middle,return_to_balanced
P07500,0.61758716,6.16371671,-0.08387303,0.35208912,middle,return_to_balanced
P07501,0.61768841,6.24054048,-5.01946155,0.50848126,lower,return_to_balanced
P07502,0.61772554,6.21218305,0.19343765,0.50007385,middle,return_to_balanced
P07503,0.61776253,6.21579073,5.09534449,-0.08073587,upper,return_to_balanced
P07504,0.61778186,6.16874092,0.21091347,0.21916195,middle,return_to_balanced
P07505,0.61783507,6.21019554,5.02090394,-0.09394314,upper,return_to_balanced
P07506,0.61784242,6.16001721,-4.93978935,0.33837607,lower,return_to_balanced
P07507,0.6178941,6.13574875,0.2295278,0.17039125,middle,return_to_balanced
P07508,0.61789668,6.17372416,0.02756081,0.34113911,middle,return_to_balanced
P07509,0.61795213,6.23332771,0.1739481,0.43859891,middle,return_to_balanced
P07510,0.6179585,6.1706769,-4.73821731,0.40225001,lower,return_to_balanced
P07511,0.61798335,6.15999531,-4.97924176,0.48193371,lower,return_to_balanced
P07512,0.61809297,6.16320954,5.02239001,-0.11600056,upper,return_to_balanced
P07513,0.61822167,6.19535449,0.06612476,0.29237074,middle,return_to_balanced
P07514,0.61831132,6.20046981,0.0655952,0.28497644,middle,return_to_balanced
P07515,0.61833425,6.18964343,0.14587996,0.41516382,middle,return_to_balanced
P07516,0.61834742,6.19519892,0.08306682,0.36270703,middle,return_to_balanced
P07517,0.61870871,6.19315362,-0.01202018,0.29651102,middle,return_to_balanced
P07518,0.61871257,6.19238252,0.15792989,0.40416449,middle,return_to_balanced
P07519,0.61886625,6.1755572,0.22179247,0.360841,middle,return_to_balanced
P07520,0.61888585,6.22538191,5.17972361,0.17790557,upper,return_to_balanced
P07521,0.61911287,6.20104647,0.27626044,0.37533675,middle,return_to_balanced
P07522,0.61917328,6.16363928,0.02557349,0.36531383,middle,return_to_balanced
P07523,0.61931309,6.19937042,0.13974883,0.44819498,middle,return_to_balanced
P07524,0.61935305,6.1928361,-5.08351177,0.6012338,lower,return_to_balanced
P07525,0.61946433,6.15920554,0.10370173,0.3364473,middle,return_to_balanced
P07526,0.61949014,6.20599538,5.0696531,0.12844229,upper,return_to_balanced
P07527,0.61955175,6.18446801,-4.81110274,0.51343124,lower,return_to_balanced
P07528,0.61975394,6.23512867,5.15609172,0.00592021,upper,return_to_balanced
P07529,0.61979565,6.17821904,5.13302019,0.0227209,upper,return_to_balanced
P07530,0.62004687,6.18603659,0.23867927,0.26527728,middle,return_to_balanced
P07531,0.62013365,6.20644833,0.149055,0.1996862,middle,return_to_balanced
P07532,0.62024836,6.24426875,0.12649125,0.34182381,middle,return_to_balanced
P07533,0.62030168,6.19598013,5.25954416,0.08014193,upper,return_to_balanced
P07534,0.6203736,6.23910524,0.00418533,0.2583212,middle,return_to_balanced
P07535,0.6203754,6.21092756,0.20200975,0.35597191,middle,return_to_balanced
P07536,0.62039578,6.17165827,0.01092412,0.52647582,middle,return_to_balanced
P07537,0.62040471,6.24816505,5.01843126,-0.05191332,upper,return_to_balanced
P07538,0.62042426,6.1881545,0.23177299,0.29802368,middle,return_to_balanced
P07539,0.62048192,6.18221845,4.84959442,0.19658778,upper,return_to_balanced
P07540,0.62048697,6.23437336,0.10587563,0.27996786,middle,return_to_balanced
P07541,0.62048978,6.19551994,0.20535879,0.17906102,middle,return_to_balanced
P07542,0.6204985,6.2052765,0.15714627,0.39001403,middle,return_to_balanced
P07543,0.62060672,6.24442349,0.03459617,0.38185408,middle,return_to_balanced
P07544,0.62068199,6.23297847,4.91061688,-0.12213751,upper,return_to_balanced
P07545,0.62080509,6.20743808,-4.81180746,0.48967171,lower,return_to_balanced
P07546,0.62086646,6.1937262,5.22776545,-0.00482289,upper,return_to_balanced
P07547,0.62110821,6.2279027,-0.15040395,0.36319759,middle,return_to_balanced
P07548,0.62114687,6.24254522,-4.90643268,0.45092786,lower,return_to_balanced
P07549,0.62125975,6.20744769,5.16027717,0.10634467,upper,return_to_balanced
P07550,0.62131197,6.19579093,-4.93521116,0.50702613,lower,return_to_balanced
P07551,0.62141097,6.18243315,4.82935755,0.22265444,upper,return_to_balanced
P07552,0.62141114,6.17569414,0.10595253,0.4423186,middle,return_to_balanced
P07553,0.62153835,6.20237766,0.00162156,0.35923593,middle,return_to_balanced
P07554,0.62154666,6.22968212,-0.01419874,0.35000428,middle,return_to_balanced
P07555,0.62162868,6.19867095,5.12359296,0.11068689,upper,return_to_balanced
P07556,0.62170103,6.21446822,5.07797713,0.00208824,upper,return_to_balanced
P07557,0.62170782,6.15807558,0.29425425,0.30051322,middle,return_to_balanced
P07558,0.62171106,6.2081288,-4.72248817,0.36750506,lower,return_to_balanced
P07559,0.62174656,6.271345,-4.9721685,0.52753501,lower,return_to_balanced
P07560,0.62182296,6.23542585,-4.9127499,0.51636543,lower,return_to_balanced
P07561,0.62203984,6.23544476,4.815433,0.14671452,upper,return_to_balanced
P07562,0.62204422,6.20545219,-4.8257074,0.37164924,lower,return_to_balanced
P07563,0.62231363,6.23717528,-4.72973627,0.48940722,lower,return_to_balanced
P07564,0.62231729,6.22781806,5.09181311,0.01285435,upper,return_to_balanced
P07565,0.62239768,6.18644605,5.12553122,-0.02114407,upper,return_to_balanced
P07566,0.62242202,6.20655171,4.81773822,0.05376764,upper,return_to_balanced
P07567,0.62243793,6.1970109,4.91815802,0.0034433,upper,return_to_balanced
P07568,0.62254168,6.19100433,4.96474621,0.04629077,upper,return_to_balanced
P07569,0.62268969,6.21790451,5.04356523,0.16311134,upper,return_to_balanced
P07570,0.62277778,6.25045547,4.98082326,0.09346981,upper,return_to_balanced
P07571,0.62289259,6.19502426,0.18873263,0.24912926,middle,return_to_balanced
P07572,0.62298524,6.22703571,-4.98850799,0.46781425,lower,return_to_balanced
P07573,0.62313897,6.22292143,5.0683259,-0.0392026,upper,return_to_balanced
P07574,0.6235155,6.21897599,0.1234135,0.3057683,middle,return_to_balanced
P07575,0.62367817,6.20261427,4.9808146,0.02594658,upper,return_to_balanced
P07576,0.62369472,6.25616766,-4.87088489,0.42914785,lower,return_to_balanced
P07577,0.62409018,6.22947216,5.01707315,-0.06241466,upper,return_to_balanced
P07578,0.62413782,6.22076459,4.93714803,-0.02676888,upper,return_to_balanced
P07579,0.62417978,6.27260585,4.97999615,0.02178584,upper,return_to_balanced
P07580,0.62440586,6.26626472,4.95075076,0.08780583,upper,return_to_balanced
P07581,0.62442082,6.25603087,0.08400466,0.38818688,middle,return_to_balanced
P07582,0.6246477,6.24487639,0.14158163,0.38986213,middle,return_to_balanced
P07583,0.62478068,6.23292402,-5.00351852,0.42933385,lower,return_to_balanced
P07584,0.62485116,6.22574474,0.22993825,0.47365487,middle,return_to_balanced
P07585,0.62492058,6.253387,0.03433569,0.24176564,middle,return_to_balanced
P07586,0.62496821,6.2207795,0.04466051,0.23331854,middle,return_to_balanced
P07587,0.62497812,6.2462046,5.2659876,0.10819177,upper,return_to_balanced
P07588,0.62501427,6.24724047,0.05201944,0.45706273,middle,return_to_balanced
P07589,0.62503788,6.28774505,4.93968728,0.02954585,upper,return_to_balanced
P07590,0.62510189,6.21155584,0.16364336,0.54641953,middle,return_to_balanced
P07591,0.62511609,6.24281163,-4.79762914,0.61960157,lower,return_to_balanced
P07592,0.62518161,6.2901837,-0.01277376,0.32299098,middle,return_to_balanced
P07593,0.62519508,6.32250443,5.09095296,0.0842807,upper,return_to_balanced
P07594,0.62523102,6.28365239,5.07985548,0.09402175,upper,return_to_balanced
P07595,0.6253543,6.28980506,5.10946589,0.17262563,upper,return_to_balanced
P07596,0.62536749,6.25244554,4.93439645,-0.09143728,upper,return_to_balanced
P07597,0.62548383,6.24387419,5.03915996,0.00318928,upper,return_to_balanced
P07598,0.62561974,6.26342307,0.0490756,0.37775173,middle,return_to_balanced
P07599,0.62568317,6.26763644,0.18675727,0.34043055,middle,return_to_balanced
P07600,0.62574701,6.248723,5.02745933,-0.01945308,upper,return_to_balanced
P07601,0.62590272,6.23084609,0.14145642,0.34075082,middle,return_to_balanced
P07602,0.62591556,6.25365042,0.11574047,0.07920443,middle,return_to_balanced
P07603,0.62595319,6.23637174,-5.05853216,0.42715131,lower,return_to_balanced
P07604,0.62595574,6.24194962,4.96770718,-0.07662257,upper,return_to_balanced
P07605,0.62619685,6.2457144,0.09119042,0.40708088,middle,return_to_balanced
P07606,0.62621974,6.26469742,-5.06540245,0.56685963,lower,return_to_balanced
P07607,0.62624822,6.21763822,5.01994685,0.10414215,upper,return_to_balanced
P07608,0.62626289,6.23629701,4.90023527,0.09821636,upper,return_to_balanced
P07609,0.62642744,6.28127671,-0.05876432,0.41940264,middle,return_to_balanced
P07610,0.6264722,6.24512571,0.29148247,0.25099867,middle,return_to_balanced
P07611,0.62657623,6.25375426,-4.71545089,0.43607205,lower,return_to_balanced
P07612,0.6265825,6.26492821,-4.75904661,0.56840801,lower,return_to_balanced
P07613,0.62673502,6.28843819,-4.77154392,0.43056136,lower,return_to_balanced
P07614,0.62678598,6.25353886,0.30415226,0.456409,middle,return_to_balanced
P07615,0.6268622,6.26377645,0.16064808,0.43305501,middle,return_to_balanced
P07616,0.62687909,6.24902664,5.02817433,-0.01037463,upper,return_to_balanced
P07617,0.62694239,6.28595486,0.05637528,0.26250596,middle,return_to_balanced
P07618,0.62700704,6.27260781,0.10128248,0.28112284,middle,return_to_balanced
P07619,0.62705666,6.24387577,-4.7740865,0.29349275,lower,return_to_balanced
P07620,0.62709656,6.27850301,0.01786007,0.32632588,middle,return_to_balanced
P07621,0.62721137,6.21775198,5.03946683,-0.04312095,upper,return_to_balanced
P07622,0.62724757,6.26983535,0.23298871,0.33764793,middle,return_to_balanced
P07623,0.62738986,6.26295898,5.04908782,0.16166561,upper,return_to_balanced
P07624,0.62741559,6.23956166,0.03924128,0.3739333,middle,return_to_balanced
P07625,0.62750407,6.26947296,-4.89415599,0.41436019,lower,return_to_balanced
P07626,0.62755071,6.25973623,0.24308363,0.28152133,middle,return_to_balanced
P07627,0.62770971,6.25174015,0.11370501,0.34040425,middle,return_to_balanced
P07628,0.62771734,6.28620429,4.97280913,0.11436951,upper,return_to_balanced
P07629,0.6278453,6.26658726,-5.05494572,0.34301839,lower,return_to_balanced
P07630,0.62796602,6.27254724,4.69106905,0.00828013,upper,return_to_balanced
P07631,0.62823146,6.31338412,4.88005554,0.01224716,upper,return_to_balanced
P07632,0.62824202,6.29011069,0.07572267,0.35452937,middle,return_to_balanced
P07633,0.62831462,6.30426522,-5.07797118,0.40396246,lower,return_to_balanced
P07634,0.6283213,6.27233153,-4.81135049,0.53710358,lower,return_to_balanced
P07635,0.62836387,6.27286018,-5.06167743,0.49918556,lower,return_to_balanced
P07636,0.62836862,6.30036329,-5.06629305,0.57576284,lower,return_to_balanced
P07637,0.62838669,6.28687599,-4.9426347,0.44108424,lower,return_to_balanced
P07638,0.62864132,6.27788539,5.0900959,0.10616458,upper,return_to_balanced
P07639,0.62867864,6.29033213,0.06916693,0.38464291,middle,return_to_balanced
P07640,0.62876187,6.32335773,0.08798618,0.28628156,middle,return_to_balanced
P07641,0.62876456,6.29302964,-4.9151437,0.51147733,lower,return_to_balanced
P07642,0.62885186,6.29641017,5.03240805,-0.0336043,upper,return_to_balanced
P07643,0.62889754,6.27722134,0.1120249,0.32358272,middle,return_to_balanced
P07644,0.62898356,6.30921705,-5.06072641,0.50059943,lower,return_to_balanced
P07645,0.6290435,6.31415949,0.08578359,0.32709829,middle,return_to_balanced
P07646,0.62914041,6.2883673,4.93419086,0.00299196,upper,return_to_balanced
P07647,0.62914997,6.28300998,-4.83001856,0.30009064,lower,return_to_balanced
P07648,0.62918664,6.24208804,5.00970041,-0.0993352,upper,return_to_balanced
P07649,0.62922889,6.29875756,5.04739963,0.19427489,upper,return_to_balanced
P07650,0.62934198,6.27548545,0.00522878,0.27031181,middle,return_to_balanced
P07651,0.62934531,6.28212072,-4.79456103,0.47887747,lower,return_to_balanced
P07652,0.62935426,6.2813748,0.0434177,0.37010169,middle,return_to_balanced
P07653,0.62937403,6.29864513,0.06155643,0.40681226,middle,return_to_balanced
P07654,0.62942555,6.31900869,4.9668769,-0.16679106,upper,return_to_balanced
P07655,0.62945696,6.30614569,0.02581732,0.25874772,middle,return_to_balanced
P07656,0.62960577,6.31720465,-0.04948988,0.37020175,middle,return_to_balanced
P07657,0.62985331,6.32701399,5.00586868,0.0478441,upper,return_to_balanced
P07658,0.62992054,6.26954833,0.03954247,0.35053336,middle,return_to_balanced
P07659,0.62999061,6.31086091,5.00533233,-0.17447786,upper,return_to_balanced
P07660,0.63000646,6.26983288,-4.70007721,0.61908429,lower,return_to_balanced
P07661,0.63004147,6.31282017,0.03972613,0.30594334,middle,return_to_balanced
P07662,0.63022694,6.30555954,5.0566049,-0.03621981,upper,return_to_balanced
P07663,0.6302402,6.31061734,-4.78164939,0.32941072,lower,return_to_balanced
P07664,0.63027394,6.31285952,0.13152355,0.30517137,middle,return_to_balanced
P07665,0.63038736,6.29648076,-4.7991045,0.46017258,lower,return_to_balanced
P07666,0.63040814,6.32454676,-4.74864125,0.45975848,lower,return_to_balanced
P07667,0.63053521,6.30147037,4.94069687,-0.0148057,upper,return_to_balanced
P07668,0.63064143,6.3080936,4.95961588,0.15405898,upper,return_to_balanced
P07669,0.63067815,6.32633664,4.99449112,0.07002051,upper,return_to_balanced
P07670,0.63076449,6.25422072,4.82630548,-0.0059124,upper,return_to_balanced
P07671,0.63077263,6.30849317,-0.0035086,0.33259842,middle,return_to_balanced
P07672,0.63079426,6.32917458,-4.80093072,0.34900955,lower,return_to_balanced
P07673,0.6308053,6.28102069,0.0538534,0.21054523,middle,return_to_balanced
P07674,0.63087563,6.34339308,5.14823966,0.02530804,upper,return_to_balanced
P07675,0.6308781,6.29921867,0.0652891,0.27508184,middle,return_to_balanced
P07676,0.63099086,6.26090497,4.86554764,-0.08026884,upper,return_to_balanced
P07677,0.63107173,6.31698636,0.10987395,0.2707656,middle,return_to_balanced
P07678,0.63116282,6.31971355,-0.04858523,0.33813857,middle,return_to_balanced
P07679,0.63126017,6.31282536,0.03772323,0.15971971,middle,return_to_balanced
P07680,0.63133183,6.32165782,0.14437034,0.27174101,middle,return_to_balanced
P07681,0.63135724,6.29443881,-4.96029832,0.58809778,lower,return_to_balanced
P07682,0.63143542,6.27606448,4.90266952,0.08916157,upper,return_to_balanced
P07683,0.63144805,6.32724866,-4.8550133,0.53674264,lower,return_to_balanced
P07684,0.63159951,6.31428136,0.06489003,0.41370271,middle,return_to_balanced
P07685,0.63164161,6.32920237,0.2503346,0.28770646,middle,return_to_balanced
P07686,0.63172239,6.33400078,5.01228186,-0.0892556,upper,return_to_balanced
P07687,0.63174862,6.33785487,-4.93004837,0.52189941,lower,return_to_balanced
P07688,0.63179193,6.32088947,-4.7512161,0.5983182,lower,return_to_balanced
P07689,0.63196526,6.3041335,0.254618,0.33575333,middle,return_to_balanced
P07690,0.63207426,6.3545884,-0.03424772,0.42861979,middle,return_to_balanced
P07691,0.63209073,6.32581192,0.23448237,0.34620857,middle,return_to_balanced
P07692,0.63211928,6.37052438,-4.90649476,0.3054079,lower,return_to_balanced
P07693,0.63212007,6.33537712,0.20261887,0.24400981,middle,return_to_balanced
P07694,0.63219997,6.35673312,0.04454407,0.19382132,middle,return_to_balanced
P07695,0.63239844,6.31047836,0.17416804,0.29220002,middle,return_to_balanced
P07696,0.63240353,6.30981844,-4.90070098,0.50773062,lower,return_to_balanced
P07697,0.6325469,6.36212554,5.03998702,-0.22066453,upper,return_to_balanced
P07698,0.6327146,6.34636667,-0.11295707,0.34059402,middle,return_to_balanced
P07699,0.63273994,6.32620771,-4.78789265,0.44079873,lower,return_to_balanced
P07700,0.63275935,6.31935669,5.07214399,-0.06687734,upper,return_to_balanced
P07701,0.63276731,6.32686015,0.14161004,0.31557329,middle,return_to_balanced
P07702,0.63283944,6.33359884,0.20360563,0.40737227,middle,return_to_balanced
P07703,0.63284017,6.30937819,-4.83172071,0.59289862,lower,return_to_balanced
P07704,0.63285638,6.31011805,0.07649232,0.33979895,middle,return_to_balanced
P07705,0.63288083,6.36909029,-5.01785515,0.48567999,lower,return_to_balanced
P07706,0.63292482,6.39178023,-0.18347421,0.33101542,middle,return_to_balanced
P07707,0.63298623,6.28963412,0.01171099,0.49847147,middle,return_to_balanced
P07708,0.63300048,6.33102585,4.96731157,-0.13555642,upper,return_to_balanced
P07709,0.63302498,6.3430087,5.06205041,0.04384556,upper,return_to_balanced
P07710,0.63307459,6.29958879,5.04250995,0.04965026,upper,return_to_balanced
P07711,0.63323322,6.31767943,0.29040283,0.27264399,middle,return_to_balanced
P07712,0.63327254,6.34612278,5.07930975,-0.07195199,upper,return_to_balanced
P07713,0.63335268,6.32635978,-4.8820674,0.53836391,lower,return_to_balanced
P07714,0.63337863,6.34529639,4.99416525,-0.08396181,upper,return_to_balanced
P07715,0.63341745,6.3265691,5.00516085,0.05978153,upper,return_to_balanced
P07716,0.63345235,6.30987553,5.14004068,-0.11828696,upper,return_to_balanced
P07717,0.63345383,6.34268086,-0.10788107,0.24714687,middle,return_to_balanced
P07718,0.63357303,6.32158316,0.14860109,0.45377814,middle,return_to_balanced
P07719,0.63360708,6.35881273,-4.86150047,0.46538947,lower,return_to_balanced
P07720,0.63383898,6.32011086,-4.78089441,0.50649319,lower,return_to_balanced
P07721,0.63400053,6.36149551,-4.93159682,0.32257445,lower,return_to_balanced
P07722,0.63407595,6.34707926,-4.81125214,0.47041757,lower,return_to_balanced
P07723,0.63413925,6.33942874,4.95239765,0.0757826,upper,return_to_balanced
P07724,0.63420804,6.32873631,0.13217313,0.15013338,middle,return_to_balanced
P07725,0.63424129,6.34318151,0.09823378,0.21427451,middle,return_to_balanced
P07726,0.63428569,6.40141173,-4.8444385,0.4582204,lower,return_to_balanced
P07727,0.63430958,6.32918516,5.07985812,-0.16191386,upper,return_to_balanced
P07728,0.63433921,6.33624492,4.74918315,0.03073373,upper,return_to_balanced
P07729,0.63455636,6.35719717,-4.79345738,0.42098574,lower,return_to_balanced
P07730,0.63464036,6.34621468,0.10522249,0.11672165,middle,return_to_balanced
P07731,0.63470448,6.35797724,-4.82970204,0.39285548,lower,return_to_balanced
P07732,0.63471667,6.35405979,5.03923497,-0.04588061,upper,return_to_balanced
P07733,0.63487217,6.38957994,5.08975495,-0.06943123,upper,return_to_balanced
P07734,0.63507922,6.35326239,-0.05090052,0.20092666,middle,return_to_balanced
P07735,0.6350965,6.36860762,-4.77841929,0.46880605,lower,return_to_balanced
P07736,0.63535597,6.31656909,-4.70196688,0.49751633,lower,return_to_balanced
P07737,0.6354948,6.39850389,5.20283726,0.05270941,upper,return_to_balanced
P07738,0.63570991,6.37025795,4.84343151,-0.12099794,upper,return_to_balanced
P07739,0.63577057,6.34416484,5.07048085,-0.06937404,upper,return_to_balanced
P07740,0.6359451,6.34768614,-4.93405025,0.37437233,lower,return_to_balanced
P07741,0.63619057,6.33928824,0.10314464,0.24962032,middle,return_to_balanced
P07742,0.63631415,6.34372645,-4.85485172,0.48593762,lower,return_to_balanced
P07743,0.63665187,6.35379373,0.22389925,0.29770822,middle,return_to_balanced
P07744,0.63678665,6.39647489,0.05982849,0.31173378,middle,return_to_balanced
P07745,0.63691218,6.38836847,0.06083167,0.43113052,middle,return_to_balanced
P07746,0.63722009,6.37329923,0.15581144,0.32118497,middle,return_to_balanced
P07747,0.63724487,6.37848774,0.19394981,0.39828036,middle,return_to_balanced
P07748,0.63730704,6.39022655,4.79400547,-0.11670272,upper,return_to_balanced
P07749,0.6376636,6.41611115,5.00901445,0.06676051,upper,return_to_balanced
P07750,0.63769079,6.34607884,5.21763584,-0.04193226,upper,return_to_balanced
P07751,0.63778365,6.37258185,0.15444602,0.42495183,middle,return_to_balanced
P07752,0.637839,6.34526674,-4.9993409,0.53953224,lower,return_to_balanced
P07753,0.63793946,6.35355509,5.03814222,-0.11858898,upper,return_to_balanced
P07754,0.63795243,6.38411274,-4.82220993,0.54521305,lower,return_to_balanced
P07755,0.63798197,6.37292094,4.98436777,0.02096853,upper,return_to_balanced
P07756,0.63807905,6.3866824,5.01623708,0.01732408,upper,return_to_balanced
P07757,0.63847557,6.40605557,5.17553039,-0.01879002,upper,return_to_balanced
P07758,0.63848628,6.33221225,-4.90694731,0.37314849,lower,return_to_balanced
P07759,0.63850781,6.42081386,-4.75414987,0.4702664,lower,return_to_balanced
P07760,0.63855386,6.39642476,5.09196594,-0.00461086,upper,return_to_balanced
P07761,0.63862134,6.42786545,5.09683912,0.00292456,upper,return_to_balanced
P07762,0.63867524,6.40743727,-0.02617367,0.3079149,middle,return_to_balanced
P07763,0.63879602,6.38460758,0.1732026,0.2385145,middle,return_to_balanced
P07764,0.63901796,6.3798246,-4.73405466,0.51166448,lower,return_to_balanced
P07765,0.63905927,6.37866598,-4.89071819,0.33120896,lower,return_to_balanced
P07766,0.63913702,6.39614968,-4.87361718,0.46770615,lower,return_to_balanced
P07767,0.63927056,6.39528369,-4.7741394,0.41689701,lower,return_to_balanced
P07768,0.6393002,6.38488863,0.03629301,0.23194605,middle,return_to_balanced
P07769,0.63934172,6.40214399,-4.99148202,0.21202625,lower,return_to_balanced
P07770,0.63942347,6.44390161,-4.88783438,0.3803352,lower,return_to_balanced
P07771,0.63943739,6.37982698,5.04726425,-0.08114494,upper,return_to_balanced
P07772,0.63944583,6.39030792,-0.05710804,0.27037754,middle,return_to_balanced
P07773,0.63945981,6.4353526,-4.92603633,0.42166202,lower,return_to_balanced
P07774,0.63946385,6.39937444,4.81334983,-0.15938759,upper,return_to_balanced
P07775,0.63949588,6.42350216,-4.90402001,0.46411741,lower,return_to_balanced
P07776,0.6395473,6.43869887,5.10325239,-0.02521739,upper,return_to_balanced
P07777,0.63957965,6.36652038,0.1765951,0.20281993,middle,return_to_balanced
P07778,0.63966072,6.38383506,0.10794515,0.1104086,middle,return_to_balanced
P07779,0.63970176,6.36719379,0.10320112,0.22946083,middle,return_to_balanced
P07780,0.63973024,6.38402381,-4.82264686,0.53241516,lower,return_to_balanced
P07781,0.63979772,6.41380838,-0.04594975,0.27852235,middle,return_to_balanced
P07782,0.63986493,6.42983056,4.90767495,-0.17420696,upper,return_to_balanced
P07783,0.63994881,6.43196433,-4.83832242,0.44571753,lower,return_to_balanced
P07784,0.64062217,6.43283025,4.89593669,-0.05329765,upper,return_to_balanced
P07785,0.64063186,6.40500821,0.1792334,0.25825479,middle,return_to_balanced
P07786,0.64077198,6.38561173,0.02963826,0.33874435,middle,return_to_balanced
P07787,0.64082831,6.36057069,0.04949875,0.21297308,middle,return_to_balanced
P07788,0.64085454,6.36708305,-4.85896521,0.40397875,lower,return_to_balanced
P07789,0.64095338,6.42872086,5.04446455,-0.13213598,upper,return_to_balanced
P07790,0.64105184,6.43633306,4.98120975,0.04859273,upper,return_to_balanced
P07791,0.64120354,6.43418695,5.00763021,-0.18532903,upper,return_to_balanced
P07792,0.64121754,6.41792804,-4.93348501,0.56383914,lower,return_to_balanced
P07793,0.64128331,6.3506396,4.8635293,-0.03606471,upper,return_to_balanced
P07794,0.64128839,6.41879341,-4.76006505,0.42790828,lower,return_to_balanced
P07795,0.64135857,6.43320927,0.22065227,0.29833986,middle,return_to_balanced
P07796,0.64136828,6.4279706,-4.9659823,0.50183717,lower,return_to_balanced
P07797,0.64151625,6.42759459,-5.04430755,0.50331875,lower,return_to_balanced
P07798,0.64159481,6.36988859,0.03568041,0.41486197,middle,return_to_balanced
P07799,0.64173088,6.42719151,4.89886944,-0.09608928,upper,return_to_balanced
P07800,0.64195721,6.42978015,0.23298735,0.2624446,middle,return_to_balanced
P07801,0.64199618,6.38881733,5.01128753,-0.03891781,upper,return_to_balanced
P07802,0.64211447,6.41368956,0.13668869,0.15554816,middle,return_to_balanced
P07803,0.6422036,6.43329711,-4.89459434,0.41144082,lower,return_to_balanced
P07804,0.64234643,6.40925029,4.96712878,-0.08301143,upper,return_to_balanced
P07805,0.64267908,6.45624836,5.08586495,-0.19684826,upper,return_to_balanced
P07806,0.64269687,6.40934146,-4.76311623,0.40881538,lower,return_to_balanced
P07807,0.64284619,6.45080806,-4.88611242,0.43993856,lower,return_to_balanced
P07808,0.6429728,6.44607889,4.97829552,0.02289665,upper,return_to_balanced
P07809,0.64300836,6.4365271,-5.0366263,0.52731193,lower,return_to_balanced
P07810,0.64301674,6.43340153,-4.914604,0.39419956,lower,return_to_balanced
P07811,0.64304232,6.42885514,0.06399022,0.30898229,middle,return_to_balanced
P07812,0.64309604,6.40451019,5.07131816,-0.11034931,upper,return_to_balanced
P07813,0.64315366,6.4093003,-0.01516075,0.20923128,middle,return_to_balanced
P07814,0.64318977,6.43273384,-4.99597408,0.45615383,lower,return_to_balanced
P07815,0.64335095,6.40312391,-0.0884039,0.33334221,middle,return_to_balanced
P07816,0.64342412,6.46352774,4.98557568,-0.00445963,upper,return_to_balanced
P07817,0.64351451,6.46509332,-5.00233391,0.41815274,lower,return_to_balanced
P07818,0.64366182,6.45020578,0.03505312,0.16051223,middle,return_to_balanced
P07819,0.64372598,6.43413817,-4.81645741,0.32540413,lower,return_to_balanced
P07820,0.64390649,6.44210409,0.04695434,0.38997721,middle,return_to_balanced
P07821,0.64404998,6.45712206,4.9660141,-0.05701048,upper,return_to_balanced
P07822,0.64412435,6.4396204,0.13348695,0.30160267,middle,return_to_balanced
P07823,0.6442359,6.46623305,0.08291481,0.22524077,middle,return_to_balanced
P07824,0.64433626,6.46328331,5.06776714,-0.04864681,upper,return_to_balanced
P07825,0.64437613,6.45762668,-0.00657496,0.1102735,middle,return_to_balanced
P07826,0.64441464,6.42323399,0.01745033,0.17387984,middle,return_to_balanced
P07827,0.64453257,6.47740455,-4.89742028,0.41561087,lower,return_to_balanced
P07828,0.64455092,6.41997192,0.10168261,0.1537818,middle,return_to_balanced
P07829,0.64467144,6.46486966,5.14790854,-0.14714549,upper,return_to_balanced
P07830,0.6446797,6.46657753,5.12528636,-0.03065251,upper,return_to_balanced
P07831,0.64491889,6.44913367,-4.90064486,0.4655638,lower,return_to_balanced
P07832,0.64504093,6.50274414,-4.87430252,0.60209723,lower,return_to_balanced
P07833,0.64505226,6.43909386,4.94942165,-0.07289716,upper,return_to_balanced
P07834,0.64508232,6.43548987,5.04346001,-0.18617691,upper,return_to_balanced
P07835,0.64513465,6.45832346,4.99311393,-0.12996862,upper,return_to_balanced
P07836,0.64525702,6.4180284,-4.79428857,0.52415314,lower,return_to_balanced
P07837,0.64526309,6.4390568,4.97050269,-0.13336509,upper,return_to_balanced
P07838,0.64536828,6.45884915,0.23056129,0.16821112,middle,return_to_balanced
P07839,0.64537325,6.41829482,-0.08392949,0.09387427,middle,return_to_balanced
P07840,0.64541266,6.4722139,-4.76862708,0.74203169,lower,return_to_balanced
P07841,0.64547561,6.41040396,4.73259221,0.05024931,upper,return_to_balanced
P07842,0.64593387,6.4365619,-4.89027035,0.37143832,lower,return_to_balanced
P07843,0.64596245,6.49749581,4.9007753,-0.26741028,upper,return_to_balanced
P07844,0.64598172,6.46164064,0.09886353,0.2240034,middle,return_to_balanced
P07845,0.64603628,6.45548433,-0.0477698,0.20820872,middle,return_to_balanced
P07846,0.64608542,6.46113685,0.16634198,0.33953105,middle,return_to_balanced
P07847,0.64623938,6.45434834,4.90071904,-0.0408351,upper,return_to_balanced
P07848,0.64628957,6.50672662,-4.93248104,0.40701204,lower,return_to_balanced
P07849,0.64631111,6.42938012,-0.08400275,0.25103342,middle,return_to_balanced
P07850,0.64633767,6.51595293,-5.0443561,0.36481729,lower,return_to_balanced
P07851,0.64634476,6.4911395,4.97443053,-0.16440458,upper,return_to_balanced
P07852,0.64637718,6.42081406,0.26163376,0.30746455,middle,return_to_balanced
P07853,0.64647363,6.45043177,-4.94146214,0.40137201,lower,return_to_balanced
P07854,0.64665994,6.46424556,-4.84843401,0.39019729,lower,return_to_balanced
P07855,0.64696008,6.4694817,0.04674613,0.32050857,middle,return_to_balanced
P07856,0.64717269,6.45449635,0.0756331,0.27651058,middle,return_to_balanced
P07857,0.64722372,6.47572901,4.82561414,-0.14382178,upper,return_to_balanced
P07858,0.64726176,6.51098022,5.0001702,-0.11816365,upper,return_to_balanced
P07859,0.64731091,6.46170453,4.93733956,-0.00342287,upper,return_to_balanced
P07860,0.6473162,6.46017719,-4.93301087,0.62910686,lower,return_to_balanced
P07861,0.64738905,6.49426928,4.91501376,-0.23974358,upper,return_to_balanced
P07862,0.64740567,6.48369856,5.00894664,-0.115418,upper,return_to_balanced
P07863,0.64743234,6.49876954,4.82676436,-0.07298742,upper,return_to_balanced
P07864,0.64759828,6.45269857,-4.78456907,0.420833,lower,return_to_balanced
P07865,0.64772952,6.44016293,5.1386663,-0.01389444,upper,return_to_balanced
P07866,0.64783494,6.51069077,0.11422986,0.24828511,middle,return_to_balanced
P07867,0.64788459,6.48817702,-4.85223983,0.37428633,lower,return_to_balanced
P07868,0.64791129,6.48917191,0.14849977,0.38543111,middle,return_to_balanced
P07869,0.64794068,6.47753219,4.90921545,0.055951,upper,return_to_balanced
P07870,0.6479802,6.47216507,-4.68437526,0.5245667,lower,return_to_balanced
P07871,0.64798345,6.49253305,4.95491517,-0.00379966,upper,return_to_balanced
P07872,0.64803102,6.4647558,4.86456864,-0.06571417,upper,return_to_balanced
P07873,0.64803924,6.46838388,-4.89436312,0.47996884,lower,return_to_balanced
P07874,0.64818029,6.54500379,5.16742194,-0.09461548,upper,return_to_balanced
P07875,0.64828837,6.48101806,4.96833395,-0.19066898,upper,return_to_balanced
P07876,0.64829918,6.47839943,4.93513168,-0.06500276,upper,return_to_balanced
P07877,0.64833138,6.45981884,-0.02688762,0.13994284,middle,return_to_balanced
P07878,0.6483613,6.46478101,-4.74534573,0.25239872,lower,return_to_balanced
P07879,0.64845338,6.48170484,4.83996475,-0.09378354,upper,return_to_balanced
P07880,0.648529,6.47688166,-4.9337459,0.3320755,lower,return_to_balanced
P07881,0.64859961,6.51625693,0.17842237,0.21977192,middle,return_to_balanced
P07882,0.64865523,6.49949559,-0.0171838,0.3526554,middle,return_to_balanced
P07883,0.64869859,6.50670807,-4.83324626,0.41573901,lower,return_to_balanced
P07884,0.64871962,6.47664402,4.9734487,-0.22689901,upper,return_to_balanced
P07885,0.64886243,6.53704152,0.12052921,0.31106354,middle,return_to_balanced
P07886,0.64891475,6.52873091,-4.85963317,0.28172029,lower,return_to_balanced
P07887,0.64893599,6.44246301,-5.10842036,0.3833091,lower,return_to_balanced
P07888,0.64893836,6.56265015,-4.85072743,0.41519832,lower,return_to_balanced
P07889,0.6489876,6.48711356,-4.89205631,0.49549462,lower,return_to_balanced
P07890,0.64902571,6.48367917,-4.9168859,0.51804395,lower,return_to_balanced
P07891,0.6490387,6.45308003,0.00107901,0.24132643,middle,return_to_balanced
P07892,0.64908291,6.52429395,-0.00008555,0.18172982,middle,return_to_balanced
P07893,0.64914985,6.4642876,0.05146564,0.28761675,middle,return_to_balanced
P07894,0.64926537,6.4890794,5.12166606,-0.24422187,upper,return_to_balanced
P07895,0.64929405,6.53384538,4.88860119,-0.0563446,upper,return_to_balanced
P07896,0.64929745,6.53182982,0.02139676,0.25220948,middle,return_to_balanced
P07897,0.64932143,6.46818307,-4.72021164,0.63095417,lower,return_to_balanced
P07898,0.64936446,6.49096619,4.98945412,-0.09992596,upper,return_to_balanced
P07899,0.6493938,6.48945367,-5.00388792,0.41768811,lower,return_to_balanced
P07900,0.64946855,6.50338706,5.02386534,0.01472032,upper,return_to_balanced
P07901,0.64952966,6.50857829,-0.02069063,0.31400291,middle,return_to_balanced
P07902,0.6495858,6.49353391,0.17540549,0.22966678,middle,return_to_balanced
P07903,0.65004092,6.5502814,-4.90012027,0.3882145,lower,return_to_balanced
P07904,0.65017293,6.51976951,-0.03324213,0.28591591,middle,return_to_balanced
P07905,0.65024815,6.48495497,-4.82664674,0.30389179,lower,return_to_balanced
P07906,0.65029743,6.51144908,-0.05291168,0.10757609,middle,return_to_balanced
P07907,0.65048911,6.5057607,-4.94961053,0.41195694,lower,return_to_balanced
P07908,0.6504981,6.51508568,5.11096045,0.10072217,upper,return_to_balanced
P07909,0.65050459,6.52568921,-0.05267895,0.21513069,middle,return_to_balanced
P07910,0.65054096,6.50083584,-0.05756924,0.12697382,middle,return_to_balanced
P07911,0.65057927,6.5477286,-4.8636989,0.37671218,lower,return_to_balanced
P07912,0.65098209,6.5137572,-4.94292645,0.39838712,lower,return_to_balanced
P07913,0.65114131,6.4808801,-4.81669619,0.52742109,lower,return_to_balanced
P07914,0.65114776,6.52012534,-4.88738022,0.50664492,lower,return_to_balanced
P07915,0.65116137,6.52068794,-0.0660841,0.17123763,middle,return_to_balanced
P07916,0.65119866,6.52469452,-4.84566085,0.31221035,lower,return_to_balanced
P07917,0.65144276,6.51907263,-4.87424203,0.34691464,lower,return_to_balanced
P07918,0.65152599,6.54205925,-4.88472509,0.36308797,lower,return_to_balanced
P07919,0.65157322,6.52062599,-4.84800122,0.46449539,lower,return_to_balanced
P07920,0.65160891,6.52026916,0.16716192,0.16264525,middle,return_to_balanced
P07921,0.65180229,6.52802113,-4.95220523,0.34596116,lower,return_to_balanced
P07922,0.65185623,6.49377928,5.04238485,-0.27285793,upper,return_to_balanced
P07923,0.65187798,6.54504573,4.97047049,-0.04852895,upper,return_to_balanced
P07924,0.65194114,6.48324251,-4.95256693,0.52200402,lower,return_to_balanced
P07925,0.65205511,6.51278346,5.17131401,-0.15509924,upper,return_to_balanced
P07926,0.65205955,6.58911656,0.12142428,0.25107147,middle,return_to_balanced
P07927,0.65213105,6.54822186,4.91256939,0.09243107,upper,return_to_balanced
P07928,0.65215334,6.47832774,-4.96290899,0.54333273,lower,return_to_balanced
P07929,0.65230267,6.49656104,-4.85337421,0.54811118,lower,return_to_balanced
P07930,0.65282793,6.57401467,5.06676775,-0.18325656,upper,return_to_balanced
P07931,0.65290229,6.55121024,4.97270755,-0.07330829,upper,return_to_balanced
P07932,0.65290957,6.56009604,-4.77421318,0.40425193,lower,return_to_balanced
P07933,0.65300336,6.51206147,-4.84447754,0.39005228,lower,return_to_balanced
P07934,0.65307948,6.48672835,4.98569363,-0.3082598,upper,return_to_balanced
P07935,0.65316255,6.52723766,-0.09468091,0.18157114,middle,return_to_balanced
P07936,0.65317219,6.53217471,-4.87482945,0.23663363,lower,return_to_balanced
P07937,0.65321408,6.52853351,0.02136727,0.32446019,middle,return_to_balanced
P07938,0.65331662,6.56127841,0.22210636,0.25463106,middle,return_to_balanced
P07939,0.6533947,6.4953771,-4.90649474,0.49222908,lower,return_to_balanced
P07940,0.65340306,6.52069332,-4.76597317,0.47006925,lower,return_to_balanced
P07941,0.65348479,6.54070515,4.98193698,-0.18209454,upper,return_to_balanced
P07942,0.65360601,6.53251825,0.18279849,0.22500042,middle,return_to_balanced
P07943,0.65360912,6.49203723,-4.83799309,0.45289387,lower,return_to_balanced
P07944,0.65363145,6.55021991,-4.60713311,0.36016831,lower,return_to_balanced
P07945,0.65384761,6.54849326,4.9508739,-0.07235311,upper,return_to_balanced
P07946,0.65403347,6.56287644,-0.0896568,0.39697155,middle,return_to_balanced
P07947,0.65414433,6.5357968,0.06357711,0.21251177,middle,return_to_balanced
P07948,0.65415375,6.58508518,-0.01321367,0.28257061,middle,return_to_balanced
P07949,0.65425418,6.55291904,4.79288988,-0.2465303,upper,return_to_balanced
P07950,0.65444541,6.56792147,4.78958237,-0.3403278,upper,return_to_balanced
P07951,0.65453748,6.53208251,-4.63701989,0.37696182,lower,return_to_balanced
P07952,0.65480767,6.52987337,5.03804273,-0.08314712,upper,return_to_balanced
P07953,0.65489353,6.58287549,-5.07070755,0.45675734,lower,return_to_balanced
P07954,0.65503974,6.4976099,-0.02002858,0.20422149,middle,return_to_balanced
P07955,0.65511215,6.5490744,0.11916637,0.18638126,middle,return_to_balanced
P07956,0.65538071,6.54842337,-4.91050226,0.28684633,lower,return_to_balanced
P07957,0.65542026,6.59272409,0.15915505,0.14054747,middle,return_to_balanced
P07958,0.65543603,6.57000079,0.04487249,0.14457006,middle,return_to_balanced
P07959,0.65554585,6.56446957,0.08922934,0.12400235,middle,return_to_balanced
P07960,0.65558499,6.52749434,-4.74704008,0.47973506,lower,return_to_balanced
P07961,0.65561442,6.5727906,0.21009566,0.19444914,middle,return_to_balanced
P07962,0.65564533,6.54461355,4.94957794,-0.09300039,upper,return_to_balanced
P07963,0.65571011,6.56230817,-4.95302892,0.35855297,lower,return_to_balanced
P07964,0.6557679,6.59049879,0.10763678,0.18906747,middle,return_to_balanced
P07965,0.65594314,6.55130088,-0.00843056,0.23854779,middle,return_to_balanced
P07966,0.655983,6.52935617,-4.87160267,0.41466643,lower,return_to_balanced
P07967,0.65613239,6.53878895,5.01244383,-0.09841905,upper,return_to_balanced
P07968,0.65618407,6.57782095,4.83801384,-0.02567292,upper,return_to_balanced
P07969,0.65620068,6.58836008,-0.08997701,0.09391672,middle,return_to_balanced
P07970,0.65621304,6.54289003,-4.91513102,0.41267934,lower,return_to_balanced
P07971,0.65670993,6.58141142,5.04355462,-0.15581731,upper,return_to_balanced
P07972,0.65671739,6.58719651,-5.15105436,0.49642953,lower,return_to_balanced
P07973,0.65694873,6.5554199,-4.80752521,0.50771609,lower,return_to_balanced
P07974,0.6570187,6.54285362,5.03262722,-0.17205249,upper,return_to_balanced
P07975,0.65713858,6.55564392,0.15582997,0.18520301,middle,return_to_balanced
P07976,0.65718567,6.62071993,-0.12457504,0.1862644,middle,return_to_balanced
P07977,0.65722656,6.58435602,0.07566169,0.0993435,middle,return_to_balanced
P07978,0.65744759,6.55921618,-4.76791417,0.37669538,lower,return_to_balanced
P07979,0.65751374,6.57189485,-4.78329798,0.55996551,lower,return_to_balanced
P07980,0.6575258,6.61239145,0.04619951,0.22738659,middle,return_to_balanced
P07981,0.65756277,6.54749709,-4.84435402,0.44688852,lower,return_to_balanced
P07982,0.65782527,6.59659512,-4.89505,0.28085422,lower,return_to_balanced
P07983,0.65795725,6.55826709,-4.84919055,0.33743211,lower,return_to_balanced
P07984,0.65799851,6.56765002,-4.95446094,0.34444036,lower,return_to_balanced
P07985,0.65851985,6.57422376,-0.10273213,0.21586979,middle,return_to_balanced
P07986,0.65857147,6.59717452,4.91669874,-0.07848607,upper,return_to_balanced
P07987,0.65857584,6.5692852,-5.07233721,0.52831803,lower,return_to_balanced
P07988,0.65871817,6.61729762,-4.81948079,0.31289943,lower,return_to_balanced
P07989,0.65889861,6.60815372,5.03650831,-0.19064434,upper,return_to_balanced
P07990,0.65894318,6.59343127,4.98738081,-0.18942385,upper,return_to_balanced
P07991,0.65896103,6.59786947,4.87612902,-0.17529058,upper,return_to_balanced
P07992,0.65902924,6.59349789,-4.88593281,0.3259304,lower,return_to_balanced
P07993,0.65911601,6.58827407,0.11933763,0.05853359,middle,return_to_balanced
P07994,0.65942704,6.56608188,5.03969651,-0.17637047,upper,return_to_balanced
P07995,0.65946995,6.57829359,5.11574898,-0.1335722,upper,return_to_balanced
P07996,0.65953502,6.57400429,-4.97410834,0.45038278,lower,return_to_balanced
P07997,0.65956779,6.59947429,0.05203065,0.04945935,middle,return_to_balanced
P07998,0.65968158,6.63426853,-4.83403396,0.332222,lower,return_to_balanced
P07999,0.65972585,6.61794516,0.08346732,0.13150854,middle,return_to_balanced
P08000,0.65982582,6.59434984,-4.89695518,0.43443074,lower,return_to_balanced
P08001,0.65985565,6.59240405,5.01535158,-0.14241557,upper,return_to_balanced
P08002,0.65994245,6.59627365,4.95547126,-0.06047724,upper,return_to_balanced
P08003,0.65995707,6.62366588,0.03445543,0.25167407,middle,return_to_balanced
P08004,0.65997279,6.57692923,-4.89783042,0.4012594,lower,return_to_balanced
P08005,0.660014,6.59609036,5.03108753,-0.09121268,upper,balanced_late
P08006,0.66005264,6.60002072,-4.98240204,0.54719119,lower,balanced_late
P08007,0.66019814,6.53210467,0.15198448,0.10919956,middle,balanced_late
P08008,0.66037954,6.6292024,0.19062708,0.19622115,middle,balanced_late
P08009,0.66051692,6.54594713,-4.89787332,0.37509671,lower,balanced_late
P08010,0.66054218,6.55890833,0.14460927,0.13538995,middle,balanced_late
P08011,0.66056703,6.58998041,-5.03889091,0.33005765,lower,balanced_late
P08012,0.66062835,6.62167395,-4.87373546,0.371028,lower,balanced_late
P08013,0.66063933,6.58078665,0.03943977,0.16445685,middle,balanced_late
P08014,0.66064401,6.56325209,4.93861763,-0.06129498,upper,balanced_late
P08015,0.6607069,6.56706843,-0.12163957,0.2491656,middle,balanced_late
P08016,0.66076095,6.60123403,4.89528645,-0.33351123,upper,balanced_late
P08017,0.66094753,6.60458546,0.05622428,0.21626277,middle,balanced_late
P08018,0.66101231,6.6456177,0.06853574,0.1720479,middle,balanced_late
P08019,0.66108313,6.62100232,-4.94655159,0.39154061,lower,balanced_late
P08020,0.66110237,6.61906386,4.93767278,-0.12974554,upper,balanced_late
P08021,0.66114676,6.64942504,-4.8235708,0.34357018,lower,balanced_late
P08022,0.66122057,6.59739603,0.01710224,0.22105772,middle,balanced_late
P08023,0.66122742,6.59316209,0.02984255,0.25530054,middle,balanced_late
P08024,0.66132521,6.59485504,0.00350026,-0.00350992,middle,balanced_late
P08025,0.66136363,6.61718563,4.90002045,-0.26790207,upper,balanced_late
P08026,0.66140837,6.60215969,-5.05336772,0.4170678,lower,balanced_late
P08027,0.66144968,6.59816304,-4.88007988,0.3571256,lower,balanced_late
P08028,0.66146746,6.56292503,0.07094033,0.24058276,middle,balanced_late
P08029,0.6616138,6.64538622,0.1383705,0.11866721,middle,balanced_late
P08030,0.6616656,6.66511417,-4.84842929,0.25703124,lower,balanced_late
P08031,0.66177333,6.67076074,-0.06618133,0.06876601,middle,balanced_late
P08032,0.66179345,6.56315223,0.07823631,0.17264857,middle,balanced_late
P08033,0.66188211,6.61690574,4.95495101,-0.22053497,upper,balanced_late
P08034,0.66189014,6.58693388,0.04827853,0.24938542,middle,balanced_late
P08035,0.66190048,6.62563348,4.97046786,-0.22744244,upper,balanced_late
P08036,0.66200526,6.595419,4.82179227,-0.17944227,upper,balanced_late
P08037,0.66214442,6.62555484,-5.01155577,0.49089466,lower,balanced_late
P08038,0.66215427,6.60374388,5.21261734,-0.0593534,upper,balanced_late
P08039,0.66219488,6.63504875,-4.65881946,0.47128159,lower,balanced_late
P08040,0.66222762,6.64930098,-0.00816894,0.29099109,middle,balanced_late
P08041,0.66223256,6.6403473,-5.09709594,0.39774248,lower,balanced_late
P08042,0.66230833,6.64776081,-4.89897801,0.43143292,lower,balanced_late
P08043,0.66242406,6.56745518,0.12803289,0.09924514,middle,balanced_late
P08044,0.66242675,6.64294064,5.03313341,-0.2603452,upper,balanced_late
P08045,0.66243897,6.61156587,4.80346923,-0.14952902,upper,balanced_late
P08046,0.66245612,6.61530256,-4.88615022,0.42447525,lower,balanced_late
P08047,0.66248591,6.61805604,5.00653622,-0.27018138,upper,balanced_late
P08048,0.6625172,6.63139659,4.94302108,-0.12213485,upper,balanced_late
P08049,0.66279576,6.60188317,-4.82627512,0.53837598,lower,balanced_late
P08050,0.66282623,6.62586331,4.93550429,-0.33021096,upper,balanced_late
P08051,0.66288089,6.6329567,4.95364895,-0.11820314,upper,balanced_late
P08052,0.66289904,6.60848176,4.88746887,-0.09086763,upper,balanced_late
P08053,0.66294009,6.64785387,-0.06450276,0.27667882,middle,balanced_late
P08054,0.66297712,6.6105844,4.83257895,-0.13381684,upper,balanced_late
P08055,0.66309861,6.62337394,4.88100248,-0.20885061,upper,balanced_late
P08056,0.66315089,6.61875151,4.97060775,-0.24382601,upper,balanced_late
P08057,0.66315449,6.61387071,5.01762347,-0.09720101,upper,balanced_late
P08058,0.66320875,6.65619635,-0.08941415,0.12199802,middle,balanced_late
P08059,0.66335289,6.61470471,-5.11693022,0.43211437,lower,balanced_late
P08060,0.66343606,6.6210618,-4.93643306,0.33911985,lower,balanced_late
P08061,0.66352976,6.64092506,0.00818662,0.21920034,middle,balanced_late
P08062,0.66356493,6.62721144,-4.90730438,0.41547982,lower,balanced_late
P08063,0.66395682,6.64050823,4.915075,-0.02253058,upper,balanced_late
P08064,0.66397706,6.59180783,-4.95337491,0.45575804,lower,balanced_late
P08065,0.6640851,6.64358905,-5.03774259,0.52261803,lower,balanced_late
P08066,0.66408782,6.64540765,-4.95233195,0.43352857,lower,balanced_late
P08067,0.66418012,6.63279489,-4.89139638,0.38216599,lower,balanced_late
P08068,0.66434802,6.63889876,-4.86283629,0.52687148,lower,balanced_late
P08069,0.66442836,6.63705749,4.84129776,-0.21943688,upper,balanced_late
P08070,0.66462724,6.62495136,-5.10144866,0.4209589,lower,balanced_late
P08071,0.66469776,6.65975981,-4.893853,0.48566649,lower,balanced_late
P08072,0.66472459,6.65684217,-4.88264564,0.46943692,lower,balanced_late
P08073,0.6647493,6.58336827,4.84909316,-0.30610896,upper,balanced_late
P08074,0.66478128,6.63072951,-4.77907649,0.3223563,lower,balanced_late
P08075,0.66480202,6.68867111,-4.94566987,0.44605047,lower,balanced_late
P08076,0.66480225,6.6291295,0.2059949,0.17907481,middle,balanced_late
P08077,0.66493257,6.62854956,-5.00700033,0.44325386,lower,balanced_late
P08078,0.66504039,6.64187195,-4.91282822,0.35507064,lower,balanced_late
P08079,0.6651488,6.62899079,-4.8957827,0.3420696,lower,balanced_late
P08080,0.66520123,6.67867938,-4.98722365,0.29764418,lower,balanced_late
P08081,0.66544049,6.64093203,4.84485819,-0.24512992,upper,balanced_late
P08082,0.66545007,6.62772377,-4.92272509,0.34942831,lower,balanced_late
P08083,0.66547402,6.65428721,5.08763546,-0.10633349,upper,balanced_late
P08084,0.66550005,6.64394067,-4.87520747,0.3377831,lower,balanced_late
P08085,0.66555115,6.61873847,-4.74390231,0.50169445,lower,balanced_late
P08086,0.66558072,6.67031058,-4.83447698,0.50144321,lower,balanced_late
P08087,0.66574255,6.66190741,-0.04167968,0.27214564,middle,balanced_late
P08088,0.66585302,6.63413923,-4.87315371,0.39480805,lower,balanced_late
P08089,0.66585884,6.65931077,0.02432422,0.12854064,middle,balanced_late
P08090,0.66604137,6.64094449,0.0766293,0.09860837,middle,balanced_late
P08091,0.66604196,6.63468777,0.09616209,0.059991,middle,balanced_late
P08092,0.66608839,6.6841681,4.92331595,-0.17365725,upper,balanced_late
P08093,0.66610274,6.66191927,5.06492397,-0.08744881,upper,balanced_late
P08094,0.66623755,6.69579578,4.88827932,-0.19092162,upper,balanced_late
P08095,0.66631282,6.67604943,4.89459941,-0.19913494,upper,balanced_late
P08096,0.66636248,6.63462723,-4.9713233,0.44498883,lower,balanced_late
P08097,0.66642791,6.64650804,-4.83643381,0.48431317,lower,balanced_late
P08098,0.6665593,6.6744152,4.87157338,-0.09578381,upper,balanced_late
P08099,0.66667124,6.66894522,5.14871994,-0.25378909,upper,balanced_late
P08100,0.66675564,6.63331843,-4.96909967,0.35056967,lower,balanced_late
P08101,0.66679921,6.63710412,0.16786755,0.26693227,middle,balanced_late
P08102,0.66681294,6.66938113,0.03916787,0.21647663,middle,balanced_late
P08103,0.6669883,6.6924416,-4.94495569,0.27245398,lower,balanced_late
P08104,0.66709558,6.67461726,-4.81844971,0.349677,lower,balanced_late
P08105,0.66710646,6.70383459,0.21301581,0.103211,middle,balanced_late
P08106,0.66720865,6.66833068,-4.97183329,0.47522047,lower,balanced_late
P08107,0.66724331,6.61304147,-4.87235146,0.42509046,lower,balanced_late
P08108,0.66749802,6.65395257,4.85074285,-0.28733175,upper,balanced_late
P08109,0.66749817,6.65202599,0.20298379,0.1282979,middle,balanced_late
P08110,0.66753785,6.69857162,4.99315656,-0.28336433,upper,balanced_late
P08111,0.6677708,6.65596832,5.08580477,-0.14126566,upper,balanced_late
P08112,0.66782502,6.67036286,-4.95015235,0.47283509,lower,balanced_late
P08113,0.6678271,6.66204378,-4.83358659,0.39920264,lower,balanced_late
P08114,0.66786731,6.69133401,-4.7688814,0.45188347,lower,balanced_late
P08115,0.66791357,6.68885096,0.08534751,0.22548137,middle,balanced_late
P08116,0.66805455,6.69166678,-4.94803963,0.43783796,lower,balanced_late
P08117,0.66811859,6.70973679,0.10060757,0.13806937,middle,balanced_late
P08118,0.66843447,6.70326345,4.95287484,-0.14607186,upper,balanced_late
P08119,0.66859374,6.6846995,4.81101858,-0.22690355,upper,balanced_late
P08120,0.66868701,6.67720535,0.06792313,0.12177282,middle,balanced_late
P08121,0.66895185,6.68749738,0.02149273,0.08770149,middle,balanced_late
P08122,0.66904059,6.68825239,-0.01468071,-0.04542059,middle,balanced_late
P08123,0.66908257,6.70724114,-4.91433555,0.41849603,lower,balanced_late
P08124,0.66914955,6.65049904,-0.05378745,0.07460996,middle,balanced_late
P08125,0.66932195,6.72477173,4.93403299,-0.22574554,upper,balanced_late
P08126,0.66955674,6.66473574,4.78477799,-0.22313472,upper,balanced_late
P08127,0.66962364,6.71205917,5.03696446,-0.25082902,upper,balanced_late
P08128,0.66974703,6.68236656,4.8917836,-0.13848334,upper,balanced_late
P08129,0.66974886,6.6780753,-4.90173166,0.46182557,lower,balanced_late
P08130,0.66974934,6.67751263,4.81652726,-0.27733194,upper,balanced_late
P08131,0.66977744,6.70972387,-0.03701789,0.17991697,middle,balanced_late
P08132,0.66978806,6.70151396,0.08141954,0.08386615,middle,balanced_late
P08133,0.66993718,6.68756837,-0.08761482,0.16244303,middle,balanced_late
P08134,0.66998943,6.69581196,0.15421133,0.10343785,middle,balanced_late
P08135,0.67003565,6.67994145,-4.86968164,0.36909903,lower,balanced_late
P08136,0.67016442,6.71939056,4.86711058,-0.1876435,upper,balanced_late
P08137,0.67017884,6.73559828,5.07712106,-0.29080716,upper,balanced_late
P08138,0.67039638,6.72223713,0.04470038,0.20406517,middle,balanced_late
P08139,0.67048532,6.6552784,5.01555356,-0.15652706,upper,balanced_late
P08140,0.67061725,6.7313978,-4.98247799,0.20538478,lower,balanced_late
P08141,0.67061949,6.68251839,-4.82801681,0.34283606,lower,balanced_late
P08142,0.6706671,6.73189241,-4.92107374,0.44267151,lower,balanced_late
P08143,0.67074865,6.72516543,5.03506453,-0.41258777,upper,balanced_late
P08144,0.67075529,6.72284127,0.1231116,0.18860371,middle,balanced_late
P08145,0.67077362,6.74671501,0.32408467,0.00750716,middle,balanced_late
P08146,0.670776,6.70558241,4.91670005,-0.23477189,upper,balanced_late
P08147,0.67082122,6.70170358,4.70541994,-0.29399359,upper,balanced_late
P08148,0.67109878,6.73262438,5.00196716,-0.25079747,upper,balanced_late
P08149,0.67128757,6.7434583,0.11610415,-0.04551979,middle,balanced_late
P08150,0.67141126,6.71165972,0.07116254,0.20667178,middle,balanced_late
P08151,0.67144976,6.7040191,0.04690295,0.11095148,middle,balanced_late
P08152,0.6714676,6.68300886,4.97084364,-0.1446962,upper,balanced_late
P08153,0.67154288,6.6959425,-0.19103705,0.14821351,middle,balanced_late
P08154,0.67157177,6.73512232,-4.96992115,0.42968437,lower,balanced_late
P08155,0.67173586,6.6878952,-4.83553377,0.34441511,lower,balanced_late
P08156,0.67175713,6.73921903,4.90190422,-0.25782738,upper,balanced_late
P08157,0.67190054,6.72371873,-0.01250642,0.0403218,middle,balanced_late
P08158,0.67207757,6.72181176,-5.07098308,0.29776618,lower,balanced_late
P08159,0.67232425,6.71889282,0.10763231,0.22529068,middle,balanced_late
P08160,0.67238599,6.75172318,4.85510597,-0.29658066,upper,balanced_late
P08161,0.67239395,6.72540994,5.1296656,-0.20441636,upper,balanced_late
P08162,0.67245539,6.68855177,5.01349967,-0.076085,upper,balanced_late
P08163,0.67246184,6.75727059,-4.82378145,0.49736999,lower,balanced_late
P08164,0.67246902,6.7566751,0.07371599,0.11010325,middle,balanced_late
P08165,0.67252739,6.70545702,5.06222787,-0.14338454,upper,balanced_late
P08166,0.67255517,6.76863197,0.01535462,0.13641542,middle,balanced_late
P08167,0.67261087,6.69264773,-4.97983908,0.35333515,lower,balanced_late
P08168,0.67261935,6.69986124,-0.00235226,0.15136449,middle,balanced_late
P08169,0.67277358,6.73299265,4.86072034,-0.23300473,upper,balanced_late
P08170,0.67281191,6.75170987,-4.9742532,0.39349353,lower,balanced_late
P08171,0.67282762,6.73531504,4.77080007,-0.23454215,upper,balanced_late
P08172,0.67300562,6.76374461,4.82421832,-0.37561835,upper,balanced_late
P08173,0.6731247,6.7205077,0.03204611,0.03868313,middle,balanced_late
P08174,0.67317045,6.72440804,-4.88669119,0.46313846,lower,balanced_late
P08175,0.6734274,6.75472562,5.12438315,-0.1762361,upper,balanced_late
P08176,0.6734313,6.72905941,0.12522799,0.00525371,middle,balanced_late
P08177,0.67345904,6.74996934,5.02679832,-0.24605662,upper,balanced_late
P08178,0.67356565,6.71768341,0.19777896,0.06328283,middle,balanced_late
P08179,0.6735922,6.72637523,-4.8036053,0.35866333,lower,balanced_late
P08180,0.67370926,6.75684944,4.99384252,-0.29930097,upper,balanced_late
P08181,0.67373319,6.77183912,0.00014627,-0.03820237,middle,balanced_late
P08182,0.67376532,6.75617953,-4.88343589,0.28102552,lower,balanced_late
P08183,0.67387564,6.73413489,4.9146579,-0.20065405,upper,balanced_late
P08184,0.67388715,6.74051721,4.89122374,-0.15082846,upper,balanced_late
P08185,0.67405356,6.7218928,-4.94361661,0.33027218,lower,balanced_late
P08186,0.67426549,6.703479,0.08080144,0.17017426,middle,balanced_late
P08187,0.67426904,6.75404389,-0.0734195,0.14917926,middle,balanced_late
P08188,0.67435409,6.76159051,0.1451187,0.03755862,middle,balanced_late
P08189,0.67440224,6.7675075,-4.93844352,0.45181822,lower,balanced_late
P08190,0.67445549,6.77058422,-4.9521205,0.32473611,lower,balanced_late
P08191,0.67458366,6.70717533,-4.93237871,0.34981211,lower,balanced_late
P08192,0.67461655,6.72073238,-4.97175516,0.25780422,lower,balanced_late
P08193,0.67466829,6.75649636,4.7999646,-0.29689266,upper,balanced_late
P08194,0.67466995,6.74532287,0.13909352,0.07808761,middle,balanced_late
P08195,0.67479531,6.75177382,-4.96517884,0.32348762,lower,balanced_late
P08196,0.67487194,6.70255496,0.0011494,0.13973863,middle,balanced_late
P08197,0.67490799,6.71749408,4.88265425,-0.34153859,upper,balanced_late
P08198,0.67512804,6.76492625,0.30509051,0.01336698,middle,balanced_late
P08199,0.67531377,6.70531003,-4.77567994,0.40088325,lower,balanced_late
P08200,0.67546055,6.77229956,4.94585448,-0.20761019,upper,balanced_late
P08201,0.67547608,6.74715762,0.19131898,0.10214342,middle,balanced_late
P08202,0.67548975,6.71585065,-4.77246944,0.33162413,lower,balanced_late
P08203,0.67557592,6.77022527,0.08610783,0.10553623,middle,balanced_late
P08204,0.67562767,6.77457833,-0.03693506,0.05145032,middle,balanced_late
P08205,0.67565505,6.74359474,-0.02261137,0.1622194,middle,balanced_late
P08206,0.67573016,6.75250981,5.04226375,-0.10046302,upper,balanced_late
P08207,0.67597185,6.75552252,-4.97589562,0.21714776,lower,balanced_late
P08208,0.67600026,6.78237784,4.87638382,-0.24440762,upper,balanced_late
P08209,0.67601641,6.73979656,-0.03314584,0.08790773,middle,balanced_late
P08210,0.67601968,6.71452294,0.09616445,0.04885039,middle,balanced_late
P08211,0.67603456,6.76921272,0.13927838,0.19290643,middle,balanced_late
P08212,0.67607047,6.78397196,0.11241111,0.01633752,middle,balanced_late
P08213,0.67647649,6.72765888,-4.843975,0.29434289,lower,balanced_late
P08214,0.67658385,6.78224022,-4.85851002,0.45275775,lower,balanced_late
P08215,0.67667614,6.79951144,-4.89864982,0.35056406,lower,balanced_late
P08216,0.67668975,6.75472373,5.11206518,-0.28363586,upper,balanced_late
P08217,0.67697063,6.76264121,4.97799918,-0.27139422,upper,balanced_late
P08218,0.67709091,6.79919024,0.12319518,0.09134071,middle,balanced_late
P08219,0.67712078,6.80113164,-4.8874831,0.23865724,lower,balanced_late
P08220,0.67723345,6.77566164,-0.10769068,0.23516203,middle,balanced_late
P08221,0.67730855,6.80407978,4.97184396,-0.15409565,upper,balanced_late
P08222,0.67741539,6.78177606,-4.97709383,0.3165436,lower,balanced_late
P08223,0.67744757,6.73026078,-0.32822563,0.10340254,middle,balanced_late
P08224,0.67769137,6.75507255,-4.9586081,0.37704829,lower,balanced_late
P08225,0.67791272,6.78070544,-4.88849633,0.34429342,lower,balanced_late
P08226,0.67792743,6.79791459,-5.03471343,0.43478942,lower,balanced_late
P08227,0.67797477,6.8144071,-5.0527541,0.32625607,lower,balanced_late
P08228,0.67843015,6.79919116,-0.01510184,0.16356001,middle,balanced_late
P08229,0.67855803,6.72716493,-0.06895429,-0.09334645,middle,balanced_late
P08230,0.67859675,6.80096246,4.86441796,-0.32350504,upper,balanced_late
P08231,0.67865637,6.80789044,-4.95653982,0.32378707,lower,balanced_late
P08232,0.67871991,6.74996833,4.8810618,-0.25847447,upper,balanced_late
P08233,0.67885415,6.7448792,4.86251389,-0.32877464,upper,balanced_late
P08234,0.67891409,6.77680539,4.8135746,-0.29699755,upper,balanced_late
P08235,0.67903753,6.78462908,4.94936731,-0.22820699,upper,balanced_late
P08236,0.67906993,6.78729981,-4.97589919,0.21739232,lower,balanced_late
P08237,0.67917474,6.84469796,-0.09448291,-0.07329407,middle,balanced_late
P08238,0.67921357,6.82767845,-4.94516444,0.41564169,lower,balanced_late
P08239,0.67921757,6.8200986,-4.88018543,0.44611975,lower,balanced_late
P08240,0.67945609,6.79151873,-4.99706441,0.28434369,lower,balanced_late
P08241,0.67948272,6.79528051,0.08720478,0.02843193,middle,balanced_late
P08242,0.67954012,6.75081225,-4.86177009,0.27731205,lower,balanced_late
P08243,0.67971025,6.77537253,4.72373745,-0.30294829,upper,balanced_late
P08244,0.67982397,6.81351242,-4.87753853,0.29299427,lower,balanced_late
P08245,0.68004995,6.82231689,-0.08972733,0.05875332,middle,balanced_late
P08246,0.68005363,6.77890071,-4.91446422,0.23654856,lower,balanced_late
P08247,0.68006794,6.77909042,-0.01625822,0.11864406,middle,balanced_late
P08248,0.6801422,6.79779905,4.87961216,-0.16798925,upper,balanced_late
P08249,0.68026102,6.79027746,4.94829584,-0.35080018,upper,balanced_late
P08250,0.68032338,6.81091664,0.00572697,0.15810309,middle,balanced_late
P08251,0.68036004,6.80746174,4.94375635,-0.15924989,upper,balanced_late
P08252,0.68043778,6.81097239,-4.91411852,0.36200151,lower,balanced_late
P08253,0.68045173,6.78832775,4.96999962,-0.30225509,upper,balanced_late
P08254,0.68076485,6.81953928,4.84704981,-0.25386214,upper,balanced_late
P08255,0.68076825,6.76169061,-0.18378354,-0.02246343,middle,balanced_late
P08256,0.68083177,6.86419473,0.02963971,0.07345767,middle,balanced_late
P08257,0.68086524,6.811041,-0.05257388,-0.04803426,middle,balanced_late
P08258,0.6810929,6.80262248,4.93053504,-0.20380274,upper,balanced_late
P08259,0.68115439,6.82406329,0.13051125,0.02114304,middle,balanced_late
P08260,0.68125509,6.80109876,-4.84505063,0.4317316,lower,balanced_late
P08261,0.68126512,6.82213773,-4.97931461,0.38304714,lower,balanced_late
P08262,0.68128236,6.81217426,-4.868869,0.35433971,lower,balanced_late
P08263,0.68138384,6.79158317,0.05035615,0.01729238,middle,balanced_late
P08264,0.68141363,6.8112124,-4.89729482,0.33489402,lower,balanced_late
P08265,0.68148022,6.84243542,-4.66405014,0.2445572,lower,balanced_late
P08266,0.6815522,6.80539234,5.00652796,-0.36716985,upper,balanced_late
P08267,0.68160612,6.79646635,5.08018444,-0.19489586,upper,balanced_late
P08268,0.68169876,6.81963137,-5.01205047,0.38279464,lower,balanced_late
P08269,0.6817073,6.82972034,0.09612974,-0.00530217,middle,balanced_late
P08270,0.68189035,6.77620971,-4.93186419,0.44940665,lower,balanced_late
P08271,0.68198698,6.83177738,4.82943789,-0.24663381,upper,balanced_late
P08272,0.68202718,6.82747521,0.05749418,-0.02658483,middle,balanced_late
P08273,0.68203081,6.81158975,-0.14442671,0.04640306,middle,balanced_late
P08274,0.68207616,6.81160482,-4.96331857,0.41436239,lower,balanced_late
P08275,0.68221371,6.78429941,-4.95274761,0.37978339,lower,balanced_late
P08276,0.68235774,6.7968551,-4.92149841,0.38221749,lower,balanced_late
P08277,0.68235869,6.88415258,-0.04372538,0.10483993,middle,balanced_late
P08278,0.68250859,6.84846102,-4.98777817,0.3367898,lower,balanced_late
P08279,0.68258358,6.8637574,0.14322106,0.03316122,middle,balanced_late
P08280,0.6826251,6.82635025,-0.02962927,0.19820542,middle,balanced_late
P08281,0.68263315,6.82761031,4.85758732,-0.29773763,upper,balanced_late
P08282,0.68267091,6.81326738,0.10376669,-0.12943073,middle,balanced_late
P08283,0.68273539,6.82818812,-0.03177472,-0.05164414,middle,balanced_late
P08284,0.68278066,6.88189881,-0.06310273,0.06990782,middle,balanced_late
P08285,0.68283891,6.8310028,-0.0695772,-0.12973311,middle,balanced_late
P08286,0.68294503,6.83211848,4.82772087,-0.21188364,upper,balanced_late
P08287,0.68302417,6.79199966,5.05627634,-0.29967093,upper,balanced_late
P08288,0.68306514,6.86525353,0.1081614,0.0426593,middle,balanced_late
P08289,0.68312292,6.85032979,4.69887944,-0.42675516,upper,balanced_late
P08290,0.68328511,6.87395905,-4.94683796,0.31888696,lower,balanced_late
P08291,0.68334414,6.83023345,-5.04398,0.32957003,lower,balanced_late
P08292,0.68335722,6.82593155,0.16117546,0.0796485,middle,balanced_late
P08293,0.6833639,6.82128195,0.00121792,0.15913807,middle,balanced_late
P08294,0.68344996,6.75425327,4.93266614,-0.25076677,upper,balanced_late
P08295,0.68356251,6.82601379,0.06704842,-0.00419651,middle,balanced_late
P08296,0.68366992,6.84201399,-4.95216181,0.26515329,lower,balanced_late
P08297,0.68392209,6.82859261,-4.99453032,0.33666378,lower,balanced_late
P08298,0.68395567,6.8512682,0.13533115,-0.03704414,middle,balanced_late
P08299,0.68403628,6.84173551,4.94329538,-0.09939253,upper,balanced_late
P08300,0.68427434,6.78657109,-4.90428626,0.31966847,lower,balanced_late
P08301,0.68434057,6.84290061,-4.79794774,0.47944176,lower,balanced_late
P08302,0.68434344,6.80464671,-4.76731402,0.33658782,lower,balanced_late
P08303,0.68438258,6.8144765,-4.90720776,0.37604615,lower,balanced_late
P08304,0.68442295,6.84383861,-4.97887852,0.22835954,lower,balanced_late
P08305,0.68490365,6.86140747,-4.87114243,0.28798331,lower,balanced_late
P08306,0.68514524,6.84639916,4.9315329,-0.27386444,upper,balanced_late
P08307,0.68533971,6.79615814,4.95085252,-0.28830826,upper,balanced_late
P08308,0.68538163,6.86368585,-5.04480847,0.38448527,lower,balanced_late
P08309,0.685422,6.89118273,-4.88370912,0.24186951,lower,balanced_late
P08310,0.68554853,6.88510419,-4.83898362,0.28987971,lower,balanced_late
P08311,0.68562734,6.87338078,-0.06696311,0.13325429,middle,balanced_late
P08312,0.68576571,6.87743993,5.12292213,-0.28405337,upper,balanced_late
P08313,0.68579484,6.80193821,0.27796442,-0.07403518,middle,balanced_late
P08314,0.68582745,6.86186908,-0.19731264,-0.05882284,middle,balanced_late
P08315,0.68598607,6.84494768,0.10206961,-0.00419502,middle,balanced_late
P08316,0.68619545,6.86992824,4.91260488,-0.25966136,upper,balanced_late
P08317,0.68635613,6.82798467,4.93059473,-0.24492042,upper,balanced_late
P08318,0.68642349,6.86502202,0.04499143,0.02570742,middle,balanced_late
P08319,0.68661166,6.83604165,-0.02154448,-0.0963118,middle,balanced_late
P08320,0.68671525,6.87018085,-4.81109943,0.25942585,lower,balanced_late
P08321,0.68680225,6.84165013,-4.93922886,0.26431172,lower,balanced_late
P08322,0.68698022,6.85821186,-4.91977564,0.16297529,lower,balanced_late
P08323,0.68699425,6.86420576,-4.9579026,0.53656516,lower,balanced_late
P08324,0.68701969,6.86695484,-4.81350047,0.1835432,lower,balanced_late
P08325,0.6870397,6.87450996,-4.9940379,0.38404274,lower,balanced_late
P08326,0.68706191,6.8545582,-0.12484719,-0.10497838,middle,balanced_late
P08327,0.68711613,6.88567883,-4.95274679,0.34450526,lower,balanced_late
P08328,0.68717812,6.82754435,-4.75710467,0.27919692,lower,balanced_late
P08329,0.68731658,6.87293894,4.82387671,-0.20907809,upper,balanced_late
P08330,0.68731933,6.87226997,-4.79653686,0.27640551,lower,balanced_late
P08331,0.6873249,6.8999875,-5.0584745,0.2833165,lower,balanced_late
P08332,0.68741278,6.87915661,0.01715921,-0.17076025,middle,balanced_late
P08333,0.68745432,6.83558473,0.12189874,-0.02693997,middle,balanced_late
P08334,0.68748045,6.8892718,-0.10530149,-0.00750632,middle,balanced_late
P08335,0.68754778,6.90009238,-5.0125807,0.35910958,lower,balanced_late
P08336,0.68755204,6.86659273,4.85923581,-0.18659524,upper,balanced_late
P08337,0.68757129,6.89839559,4.87248163,-0.22728983,upper,balanced_late
P08338,0.68768042,6.90315736,0.03319468,0.02676416,middle,balanced_late
P08339,0.68791048,6.87783612,0.05827155,-0.00936445,middle,balanced_late
P08340,0.68796341,6.88633805,-5.07864255,0.37374618,lower,balanced_late
P08341,0.68802018,6.92306459,-4.99682531,0.36274622,lower,balanced_late
P08342,0.68813146,6.90109156,-0.09294806,0.07514537,middle,balanced_late
P08343,0.68839565,6.8752888,4.80165548,-0.25537232,upper,balanced_late
P08344,0.68839871,6.86707038,-4.89004461,0.24353079,lower,balanced_late
P08345,0.68845293,6.89546236,4.82353828,-0.27776735,upper,balanced_late
P08346,0.68849289,6.89579733,-5.05112833,0.32780868,lower,balanced_late
P08347,0.6886966,6.89056593,-5.03664205,0.42677445,lower,balanced_late
P08348,0.68872424,6.91242827,4.94575324,-0.2377234,upper,balanced_late
P08349,0.68876151,6.87780197,0.23623352,-0.04214955,middle,balanced_late
P08350,0.68884251,6.8858812,-4.83757177,0.29713144,lower,balanced_late
P08351,0.68888818,6.85156152,4.89107386,-0.41682809,upper,balanced_late
P08352,0.68896614,6.90686483,-4.92456318,0.43831126,lower,balanced_late
P08353,0.6890155,6.86425032,0.00724579,-0.041687,middle,balanced_late
P08354,0.68915681,6.91258965,0.14927947,-0.01116995,middle,balanced_late
P08355,0.68938285,6.88121131,5.03526185,-0.20323351,upper,balanced_late
P08356,0.68945245,6.93369688,0.13528659,0.11354115,middle,balanced_late
P08357,0.68947629,6.92525408,4.85997044,-0.35808054,upper,balanced_late
P08358,0.68955314,6.92078453,-4.93484697,0.27091408,lower,balanced_late
P08359,0.68967769,6.91258784,-4.89125498,0.41084338,lower,balanced_late
P08360,0.68975495,6.9414597,4.89019396,-0.23595978,upper,balanced_late
P08361,0.6898268,6.89028234,5.07070085,-0.44566483,upper,balanced_late
P08362,0.68991046,6.899026,0.04237945,0.08883631,middle,balanced_late
P08363,0.68993956,6.89779406,4.97366438,-0.15566242,upper,balanced_late
P08364,0.69002807,6.90490037,-4.98598193,0.15143625,lower,balanced_late
P08365,0.69020133,6.90652838,-0.0079748,-0.04029996,middle,balanced_late
P08366,0.69023697,6.89441776,-4.79025145,0.30775515,lower,balanced_late
P08367,0.69028798,6.90856259,-0.04433316,0.03058152,middle,balanced_late
P08368,0.69032725,6.95433899,-4.94705247,0.35999088,lower,balanced_late
P08369,0.69037306,6.85258111,0.07326643,0.13747973,middle,balanced_late
P08370,0.69044329,6.89929506,-4.76816272,0.42905514,lower,balanced_late
P08371,0.69045881,6.91713117,4.94139636,-0.26076705,upper,balanced_late
P08372,0.69053546,6.89465638,0.01137595,0.04777408,middle,balanced_late
P08373,0.69067815,6.88541977,0.01760731,0.00296708,middle,balanced_late
P08374,0.69082556,6.92627178,4.93076251,-0.33050991,upper,balanced_late
P08375,0.69086518,6.9204253,-0.12880404,0.01436483,middle,balanced_late
P08376,0.69108067,6.92912518,-0.15184407,0.16301071,middle,balanced_late
P08377,0.69113322,6.90410643,-5.06077878,0.38314386,lower,balanced_late
P08378,0.69119407,6.90496084,0.03296216,-0.01963826,middle,balanced_late
P08379,0.69119975,6.94852104,-4.90961262,0.29888218,lower,balanced_late
P08380,0.69125875,6.89799166,-0.01891982,-0.07206827,middle,balanced_late
P08381,0.69133004,6.93185197,-4.99109798,0.27245726,lower,balanced_late
P08382,0.69138593,6.93757913,-4.81974138,0.30777454,lower,balanced_late
P08383,0.69141384,6.93868621,4.80622052,-0.34816518,upper,balanced_late
P08384,0.691522,6.93314421,-0.04274174,0.01994811,middle,balanced_late
P08385,0.6916332,6.9218329,4.8411542,-0.34787749,upper,balanced_late
P08386,0.69167696,6.93575153,-0.0181404,0.03307782,middle,balanced_late
P08387,0.69171767,6.92309449,-0.00401432,-0.08589283,middle,balanced_late
P08388,0.69173197,6.94399763,4.97938496,-0.31403287,upper,balanced_late
P08389,0.69190489,6.88984254,-0.10424479,0.0423944,middle,balanced_late
P08390,0.69209754,6.90128318,0.12124118,0.13689033,middle,balanced_late
P08391,0.69216333,6.91805787,-5.10589661,0.39677484,lower,balanced_late
P08392,0.69219343,6.88930128,4.89585814,-0.27963147,upper,balanced_late
P08393,0.69223207,6.95364407,-0.06680042,0.06311757,middle,balanced_late
P08394,0.69223685,6.93111958,4.89040958,-0.32107116,upper,balanced_late
P08395,0.69226859,6.94186636,4.95909145,-0.23722955,upper,balanced_late
P08396,0.69228176,6.94360321,-4.95236045,0.28714384,lower,balanced_late
P08397,0.69237951,6.94969631,-0.10411066,-0.02648249,middle,balanced_late
P08398,0.69249599,6.97235407,-0.05076806,0.12887408,middle,balanced_late
P08399,0.6925873,6.94447853,5.05511581,-0.24502658,upper,balanced_late
P08400,0.69268408,6.93941441,4.9352401,-0.36793461,upper,balanced_late
P08401,0.69276268,6.89951284,0.29078145,0.0275113,middle,balanced_late
P08402,0.69306667,6.98907792,-0.05477172,0.00527637,middle,balanced_late
P08403,0.6931623,6.92498305,-0.01810622,0.02931868,middle,balanced_late
P08404,0.69363069,6.88754986,0.04599329,0.11403724,middle,balanced_late
P08405,0.69364845,6.91425807,4.94812992,-0.42497941,upper,balanced_late
P08406,0.69368103,6.96355785,-4.96769176,0.18935528,lower,balanced_late
P08407,0.6936817,6.93788767,0.04843237,-0.09008148,middle,balanced_late
P08408,0.69376046,6.96214828,-0.1317411,-0.1334255,middle,balanced_late
P08409,0.69378885,6.90178943,0.17937203,-0.18828488,middle,balanced_late
P08410,0.69402088,6.89087701,4.99411307,-0.3020729,upper,balanced_late
P08411,0.69406559,6.91257589,-0.04063707,-0.04401459,middle,balanced_late
P08412,0.69425454,6.96761103,0.03715406,0.03804952,middle,balanced_late
P08413,0.69435642,6.93837513,0.03492714,0.07398979,middle,balanced_late
P08414,0.69450348,6.94103971,4.9523286,-0.33833384,upper,balanced_late
P08415,0.69459269,6.95294745,-4.81551221,0.26827043,lower,balanced_late
P08416,0.69468329,6.93503516,-0.04654769,0.03771588,middle,balanced_late
P08417,0.6947365,6.94421167,-5.07476072,0.30366936,lower,balanced_late
P08418,0.69488803,6.94435378,-4.83893832,0.20425017,lower,balanced_late
P08419,0.69492358,6.94889634,0.07218969,-0.00991999,middle,balanced_late
P08420,0.69498894,6.96571183,-4.99108947,0.40756137,lower,balanced_late
P08421,0.69508922,6.98525119,0.09310515,-0.09200389,middle,balanced_late
P08422,0.69529235,6.95882746,0.1172645,0.15268439,middle,balanced_late
P08423,0.69536878,6.94521775,-4.90532956,0.14587516,lower,balanced_late
P08424,0.69546908,6.98301874,-5.04021122,0.24879499,lower,balanced_late
P08425,0.69558203,6.9929687,-4.94835929,0.46135322,lower,balanced_late
P08426,0.69562692,6.9125272,-4.82774899,0.29975442,lower,balanced_late
P08427,0.69569262,7.00634104,-0.13393362,-0.03549054,middle,balanced_late
P08428,0.69571129,6.93002412,4.70519918,-0.28502153,upper,balanced_late
P08429,0.69585018,6.93969997,0.0551604,-0.10777283,middle,balanced_late
P08430,0.69595306,6.96783082,4.9474984,-0.34090102,upper,balanced_late
P08431,0.69599624,6.94643986,-0.03082275,-0.00905487,middle,balanced_late
P08432,0.696033,6.92498614,-4.85464642,0.31334051,lower,balanced_late
P08433,0.6960997,6.93575596,-0.11805672,0.07468485,middle,balanced_late
P08434,0.6961071,6.94415639,-5.00298536,0.1260688,lower,balanced_late
P08435,0.69610914,6.94633399,4.89761697,-0.2585907,upper,balanced_late
P08436,0.69616532,6.93336457,5.0849702,-0.23095241,upper,balanced_late
P08437,0.69622849,6.94387254,-0.05151253,0.02816368,middle,balanced_late
P08438,0.69627488,6.92989125,4.89239578,-0.33852862,upper,balanced_late
P08439,0.69645551,6.97338105,-0.29047276,0.04445638,middle,balanced_late
P08440,0.69647253,6.9466682,-5.01423679,0.31784754,lower,balanced_late
P08441,0.69670412,6.92913268,-4.92056067,0.12422205,lower,balanced_late
P08442,0.69691646,6.96857101,4.80703766,-0.23939,upper,balanced_late
P08443,0.69694407,7.03941067,4.85135831,-0.35174304,upper,balanced_late
P08444,0.69724437,6.97545865,0.0569067,-0.07705149,middle,balanced_late
P08445,0.69728877,6.96976157,0.0791451,0.02204108,middle,balanced_late
P08446,0.6974199,6.96987953,-4.89718255,0.26113593,lower,balanced_late
P08447,0.69744434,6.98737142,0.03899492,-0.03292182,middle,balanced_late
P08448,0.69748632,6.96571403,4.87647804,-0.35421525,upper,balanced_late
P08449,0.69751773,6.94116349,-4.98395962,0.32147998,lower,balanced_late
P08450,0.69763454,6.970256,0.02476009,-0.0331778,middle,balanced_late
P08451,0.69768713,7.00546403,4.85319101,-0.26358307,upper,balanced_late
P08452,0.69774301,6.98367598,-0.02013254,0.00863463,middle,balanced_late
P08453,0.69775007,6.96986599,-4.92321718,0.2218453,lower,balanced_late
P08454,0.69775228,6.974884,4.86813452,-0.27424663,upper,balanced_late
P08455,0.69775291,7.00869678,-0.11931609,-0.07726232,middle,balanced_late
P08456,0.69778291,6.99532643,-4.93524715,0.26477976,lower,balanced_late
P08457,0.69782946,6.9579729,-0.06795865,-0.18968463,middle,balanced_late
P08458,0.69787379,6.9755691,-0.08265481,0.06717009,middle,balanced_late
P08459,0.69787598,6.97894943,-4.78257235,0.30292292,lower,balanced_late
P08460,0.69788187,6.99094962,0.01118915,-0.04223518,middle,balanced_late
P08461,0.69812603,6.96642447,-4.92176634,0.37424521,lower,balanced_late
P08462,0.69816061,6.99469957,4.6923064,-0.35428803,upper,balanced_late
P08463,0.69818312,6.9763228,4.87471013,-0.38313391,upper,balanced_late
P08464,0.69823171,7.01229659,-4.72875808,0.29684502,lower,balanced_late
P08465,0.69828663,6.97443112,4.82920727,-0.50665597,upper,balanced_late
P08466,0.69847111,6.99143226,-4.93967955,0.31363725,lower,balanced_late
P08467,0.69847527,6.95845144,5.06771721,-0.29850146,upper,balanced_late
P08468,0.69851048,6.96982734,-4.90431849,0.23097091,lower,balanced_late
P08469,0.69856218,6.99595798,4.89847399,-0.38335031,upper,balanced_late
P08470,0.69858356,6.99104753,4.83904906,-0.35426537,upper,balanced_late
P08471,0.69866749,7.02284959,4.73532738,-0.39278032,upper,balanced_late
P08472,0.69926721,6.98733531,-0.12882917,0.01391551,middle,balanced_late
P08473,0.69936281,6.99989718,-4.89707155,0.4066193,lower,balanced_late
P08474,0.69936538,6.99112332,-5.02723005,0.30453108,lower,balanced_late
P08475,0.69945254,6.96547187,-4.87403164,0.36581406,lower,balanced_late
P08476,0.69949337,6.98677846,-0.26107649,-0.14147163,middle,balanced_late
P08477,0.69954309,6.96712598,-0.08751154,-0.17392599,middle,balanced_late
P08478,0.69958761,6.98781162,5.05441702,-0.37253151,upper,balanced_late
P08479,0.69960818,7.00659389,4.85932081,-0.39841011,upper,balanced_late
P08480,0.69966482,6.98821789,4.99766895,-0.41985278,upper,balanced_late
P08481,0.69974316,7.02968507,-4.82418561,0.337571,lower,balanced_late
P08482,0.70000881,6.95534812,5.16105123,-0.24978619,upper,balanced_late
P08483,0.70013388,7.00817719,-0.11810633,-0.03746729,middle,balanced_late
P08484,0.70025722,7.01895343,-4.83163865,0.32903529,lower,balanced_late
P08485,0.70036288,7.004653,4.78470365,-0.2767954,upper,balanced_late
P08486,0.70047555,6.98811656,0.14732651,0.0797233,middle,balanced_late
P08487,0.70048804,7.0177487,-4.98857841,0.2951688,lower,balanced_late
P08488,0.70064265,6.97365831,-4.93436813,0.27137986,lower,balanced_late
P08489,0.70066854,7.01311227,5.0115762,-0.30645558,upper,balanced_late
P08490,0.70069776,6.96098095,5.08380946,-0.26428726,upper,balanced_late
P08491,0.7007411,7.00103131,4.82047922,-0.19363033,upper,balanced_late
P08492,0.70078351,7.0078582,0.01773175,-0.02723069,middle,balanced_late
P08493,0.70089237,6.97271895,-0.04680043,-0.01613924,middle,balanced_late
P08494,0.70089439,6.97204742,4.78566297,-0.3111029,upper,balanced_late
P08495,0.70091093,6.98544997,-0.06814168,-0.17319788,middle,balanced_late
P08496,0.70091347,7.08168846,-0.13012994,-0.00650877,middle,balanced_late
P08497,0.70098805,7.00943707,-5.06033446,0.23803143,lower,balanced_late
P08498,0.70109079,6.95432624,-4.96157684,0.19806887,lower,balanced_late
P08499,0.70120068,7.03944882,4.91112628,-0.30275207,upper,balanced_late
P08500,0.70134135,7.02647912,4.90568509,-0.31028085,upper,balanced_late
P08501,0.70147594,7.01185495,0.1094371,-0.07240167,middle,balanced_late
P08502,0.70152655,7.02354685,-0.03867821,-0.18345098,middle,balanced_late
P08503,0.70153722,6.96444518,-0.20254097,-0.15265437,middle,balanced_late
P08504,0.70156307,6.99756725,-5.07913449,0.1882165,lower,balanced_late
P08505,0.70160583,7.03163533,4.88403466,-0.32878616,upper,balanced_late
P08506,0.70164306,7.03092097,-0.00074358,0.03998783,middle,balanced_late
P08507,0.70170601,7.0161805,-0.06818751,-0.0228784,middle,balanced_late
P08508,0.70170673,7.06465954,-4.95939359,0.24558304,lower,balanced_late
P08509,0.70177283,6.99688595,0.04436998,-0.10075929,middle,balanced_late
P08510,0.7018756,7.01677919,-4.82204116,0.28421117,lower,balanced_late
P08511,0.70200864,6.99594342,4.88671315,-0.27426797,upper,balanced_late
P08512,0.70204298,7.07886409,4.98829588,-0.3874884,upper,balanced_late
P08513,0.70214471,6.99581912,4.9897405,-0.39446662,upper,balanced_late
P08514,0.70218565,7.06135317,-0.09785474,-0.14926817,middle,balanced_late
P08515,0.70230014,7.00293872,-5.12032909,0.19807437,lower,balanced_late
P08516,0.7024621,7.04035522,4.84215683,-0.37895536,upper,balanced_late
P08517,0.70254441,7.09161979,0.20102406,0.00548995,middle,balanced_late
P08518,0.70269175,7.01025708,-5.03241879,0.35699632,lower,balanced_late
P08519,0.70282808,7.04096261,-0.0544911,0.02095062,middle,balanced_late
P08520,0.70294505,7.05303923,-4.8499473,0.26117402,lower,balanced_late
P08521,0.70299756,7.0014612,-4.99779005,0.2895538,lower,balanced_late
P08522,0.70300566,7.06237411,4.65066993,-0.3143524,upper,balanced_late
P08523,0.70311071,7.0299811,0.05615504,-0.07874771,middle,balanced_late
P08524,0.70333561,7.09118083,-0.00937746,-0.03067252,middle,balanced_late
P08525,0.70338214,7.03706588,-0.06696497,0.05700523,middle,balanced_late
P08526,0.70342092,7.01779962,-0.07664135,-0.10330018,middle,balanced_late
P08527,0.70357136,6.96723126,-0.07911625,-0.04847123,middle,balanced_late
P08528,0.70362674,7.00846354,0.03059689,-0.21460892,middle,balanced_late
P08529,0.70385095,7.04614307,4.69598208,-0.30109902,upper,balanced_late
P08530,0.70395599,7.04484452,-4.93012436,0.34325679,lower,balanced_late
P08531,0.70397436,7.06210424,4.89084099,-0.4719414,upper,balanced_late
P08532,0.70411506,7.07957357,4.88915328,-0.17478852,upper,balanced_late
P08533,0.70427073,7.05322055,4.90883453,-0.34235821,upper,balanced_late
P08534,0.70428506,7.01425187,-4.80867764,0.28485444,lower,balanced_late
P08535,0.70451711,7.04132595,-0.09913715,-0.22956695,middle,balanced_late
P08536,0.70455957,7.08657082,-4.74958651,0.38660238,lower,balanced_late
P08537,0.70461264,7.05051709,-5.28910815,0.15681429,lower,balanced_late
P08538,0.70468698,7.08864419,-4.99425116,0.32670166,lower,balanced_late
P08539,0.70473255,7.06019688,-0.07147276,-0.08894002,middle,balanced_late
P08540,0.70477551,7.04658676,-0.00423036,-0.01226802,middle,balanced_late
P08541,0.7047809,7.03921536,4.74038953,-0.27317267,upper,balanced_late
P08542,0.70485963,7.05407825,4.7013306,-0.26034189,upper,balanced_late
P08543,0.70488526,7.06109129,0.07298104,-0.07570168,middle,balanced_late
P08544,0.70500841,7.02748153,-4.94824663,0.21195818,lower,balanced_late
P08545,0.70510906,7.06373244,0.02904559,-0.03714461,middle,balanced_late
P08546,0.70542264,7.04626028,4.81969249,-0.45888443,upper,balanced_late
P08547,0.70544062,7.09041471,4.90322632,-0.29751713,upper,balanced_late
P08548,0.70572025,7.06519384,4.97665551,-0.399385,upper,balanced_late
P08549,0.70589635,7.0654707,0.01934481,-0.12526081,middle,balanced_late
P08550,0.70596449,7.08443919,-0.0113958,0.01237664,middle,balanced_late
P08551,0.70598981,7.10786374,-4.92595106,0.3372234,lower,balanced_late
P08552,0.70609834,7.06173628,5.10778585,-0.33094164,upper,balanced_late
P08553,0.70610034,7.08427427,-5.02339723,0.19921417,lower,balanced_late
P08554,0.706114,7.08919597,-0.08402464,-0.11373976,middle,balanced_late
P08555,0.70628577,7.08355029,4.92831557,-0.38661829,upper,balanced_late
P08556,0.70632649,7.078739,4.87756176,-0.38219053,upper,balanced_late
P08557,0.70647898,7.09207329,5.00387812,-0.22494924,upper,balanced_late
P08558,0.70661594,7.03238114,-4.85430948,0.21210717,lower,balanced_late
P08559,0.70679189,7.07352817,-0.03527284,0.06352598,middle,balanced_late
P08560,0.70703898,7.07036236,4.93240134,-0.51645443,upper,balanced_late
P08561,0.70704671,7.06311139,-0.24150135,-0.240996,middle,balanced_late
P08562,0.70713777,7.09260404,-4.92232528,0.32838583,lower,balanced_late
P08563,0.70717683,7.06835994,4.90604236,-0.35546452,upper,balanced_late
P08564,0.7071849,7.08852996,-4.97668834,0.4121392,lower,balanced_late
P08565,0.70719847,7.0271781,-4.90477968,0.38255953,lower,balanced_late
P08566,0.70728297,7.05519455,0.00692789,-0.15361953,middle,balanced_late
P08567,0.7073208,7.08129064,4.8941122,-0.32669429,upper,balanced_late
P08568,0.70734974,7.08680576,-4.88651622,0.30808713,lower,balanced_late
P08569,0.70737242,7.09150034,-5.01627841,0.26856723,lower,balanced_late
P08570,0.70740576,7.11147531,-0.09690037,-0.08627347,middle,balanced_late
P08571,0.70740652,7.06304385,4.88948638,-0.32038088,upper,balanced_late
P08572,0.70751398,7.07271278,-0.08598735,-0.17702874,middle,balanced_late
P08573,0.70763258,7.05410993,-5.22408697,0.17422652,lower,balanced_late
P08574,0.70774821,7.07775519,4.83113776,-0.31971666,upper,balanced_late
P08575,0.70789278,7.10147841,5.00240227,-0.36712186,upper,balanced_late
P08576,0.70795498,7.13345848,-0.052903,-0.0545134,middle,balanced_late
P08577,0.70803841,7.09271246,-4.74512793,0.27179007,lower,balanced_late
P08578,0.70806253,7.07995987,4.90146423,-0.32206588,upper,balanced_late
P08579,0.70818393,7.10647219,-5.2355188,0.13314736,lower,balanced_late
P08580,0.70820741,7.03874676,4.9270083,-0.58956706,upper,balanced_late
P08581,0.70827462,7.0894152,-4.78225047,0.07287914,lower,balanced_late
P08582,0.70829609,7.08171353,-5.02155715,0.1025875,lower,balanced_late
P08583,0.70837007,7.08776235,-5.01515827,0.36189199,lower,balanced_late
P08584,0.70839453,7.10623639,-4.88663267,0.20166064,lower,balanced_late
P08585,0.70853665,7.03880055,-0.07995319,-0.04345677,middle,balanced_late
P08586,0.70858356,7.0936283,-0.28765141,-0.16990006,middle,balanced_late
P08587,0.70858776,7.08421688,-0.1425451,-0.06328469,middle,balanced_late
P08588,0.70860313,7.10009361,0.15831426,-0.10465342,middle,balanced_late
P08589,0.70895641,7.10949503,-4.80892438,0.10700213,lower,balanced_late
P08590,0.70895928,7.10506899,-0.01121509,-0.15608064,middle,balanced_late
P08591,0.70920346,7.10149755,-4.87475469,0.32487462,lower,balanced_late
P08592,0.70922446,7.07428039,5.20598892,-0.44931713,upper,balanced_late
P08593,0.70926225,7.09174511,0.05456313,-0.02886196,middle,balanced_late
P08594,0.70931963,7.07455249,4.7880911,-0.28328244,upper,balanced_late
P08595,0.70938615,7.05143379,4.74622107,-0.33582765,upper,balanced_late
P08596,0.7094182,7.1105545,-4.81290787,0.11701445,lower,balanced_late
P08597,0.70948612,7.07462707,-0.14697931,-0.11674037,middle,balanced_late
P08598,0.70950201,7.10146551,4.84968052,-0.26857779,upper,balanced_late
P08599,0.70952095,7.08632902,4.89086966,-0.40344122,upper,balanced_late
P08600,0.70962416,7.10364245,4.869103,-0.30168475,upper,balanced_late
P08601,0.7098537,7.05387781,-5.05250792,0.21198756,lower,balanced_late
P08602,0.70989277,7.1004865,4.93032736,-0.3594648,upper,balanced_late
P08603,0.70999914,7.10867655,-0.10773035,-0.11835561,middle,balanced_late
P08604,0.71000687,7.05754436,4.81338064,-0.40396471,upper,balanced_late
P08605,0.71027459,7.11947061,-4.83410404,0.27166421,lower,balanced_late
P08606,0.71032057,7.09834242,-0.04741138,-0.13233218,middle,balanced_late
P08607,0.71055696,7.14524186,-4.88492716,0.27537391,lower,balanced_late
P08608,0.7105966,7.03525113,4.85472709,-0.36314683,upper,balanced_late
P08609,0.71074094,7.08196272,-4.90841751,0.23012721,lower,balanced_late
P08610,0.71074511,7.15518846,4.93436595,-0.33995762,upper,balanced_late
P08611,0.71075202,7.09259899,-0.04407287,-0.07967377,middle,balanced_late
P08612,0.71096573,7.10383209,-4.91624128,0.1214598,lower,balanced_late
P08613,0.71103675,7.10524908,0.12866293,-0.07241237,middle,balanced_late
P08614,0.71107699,7.09219141,-0.01139245,-0.21515153,middle,balanced_late
P08615,0.7111922,7.13968588,-4.91868684,0.25014355,lower,balanced_late
P08616,0.71121376,7.09995002,-4.89881189,0.19834045,lower,balanced_late
P08617,0.71130711,7.17827006,0.08838576,-0.15039085,middle,balanced_late
P08618,0.71142309,7.12210649,-5.0012316,0.19358404,lower,balanced_late
P08619,0.71155195,7.0501537,-4.81273274,0.12601872,lower,balanced_late
P08620,0.71189161,7.11028528,5.08148798,-0.37707267,upper,balanced_late
P08621,0.71202862,7.11482937,0.0120298,-0.00641724,middle,balanced_late
P08622,0.71202876,7.10804507,4.85921351,-0.36998884,upper,balanced_late
P08623,0.71204003,7.1282154,-5.06518755,0.32042167,lower,balanced_late
P08624,0.71249406,7.14572354,0.02180621,-0.08348604,middle,balanced_late
P08625,0.71258698,7.09678039,4.71071656,-0.38582573,upper,balanced_late
P08626,0.71262925,7.11420269,-4.81955833,0.25842731,lower,balanced_late
P08627,0.712657,7.14536963,0.03751435,-0.22295506,middle,balanced_late
P08628,0.71266045,7.09481922,-0.18627853,-0.19287852,middle,balanced_late
P08629,0.71293113,7.13728561,-4.92713559,-0.01292361,lower,balanced_late
P08630,0.71293669,7.156512,5.00531894,-0.36210889,upper,balanced_late
P08631,0.71299916,7.17185608,0.18241035,-0.17359231,middle,balanced_late
P08632,0.71311532,7.15091002,-4.92940127,0.16657563,lower,balanced_late
P08633,0.71313513,7.10785715,-5.04944076,0.29510643,lower,balanced_late
P08634,0.71334957,7.15013455,-4.78996724,0.08720028,lower,balanced_late
P08635,0.71336171,7.15993101,4.95961138,-0.30025071,upper,balanced_late
P08636,0.7134743,7.15953122,-4.87935901,0.25707219,lower,balanced_late
P08637,0.71354017,7.118413,4.78559464,-0.41993014,upper,balanced_late
P08638,0.71354113,7.14900298,4.83680359,-0.52023476,upper,balanced_late
P08639,0.71357701,7.15315049,4.85598758,-0.47879221,upper,balanced_late
P08640,0.71366324,7.13723311,-0.04117164,-0.12606263,middle,balanced_late
P08641,0.7137454,7.12118657,-0.12550672,-0.08515832,middle,balanced_late
P08642,0.71374764,7.15893447,-4.96069823,0.13497437,lower,balanced_late
P08643,0.71376811,7.12126786,4.77406477,-0.27006152,upper,balanced_late
P08644,0.71376992,7.12293138,4.87566969,-0.2513841,upper,balanced_late
P08645,0.71390763,7.11185097,0.06274123,-0.11177502,middle,balanced_late
P08646,0.71399316,7.11504694,-0.07718101,0.02738586,middle,balanced_late
P08647,0.71408956,7.11644261,-0.06282055,-0.07301715,middle,balanced_late
P08648,0.71413647,7.18653968,-4.76542096,0.25243572,lower,balanced_late
P08649,0.7142435,7.10762128,0.00722072,-0.24009119,middle,balanced_late
P08650,0.7143013,7.16630646,-5.00017087,0.11921404,lower,balanced_late
P08651,0.71439558,7.13566593,0.12406412,-0.12033218,middle,balanced_late
P08652,0.71457708,7.15015032,-4.78669928,0.20786036,lower,balanced_late
P08653,0.71459486,7.16518107,-4.97680003,0.31684697,lower,balanced_late
P08654,0.71460915,7.19853983,-5.06630395,0.02950779,lower,balanced_late
P08655,0.71467854,7.13114238,4.972836,-0.39348181,upper,balanced_late
P08656,0.71473358,7.13181953,-4.91368956,0.03866069,lower,balanced_late
P08657,0.71475021,7.16145872,4.76597779,-0.4313791,upper,balanced_late
P08658,0.71475199,7.16446571,-4.75838968,0.18766855,lower,balanced_late
P08659,0.7147665,7.13521558,-4.90805028,0.26967893,lower,balanced_late
P08660,0.71479566,7.12227681,4.96499093,-0.46133084,upper,balanced_late
P08661,0.7148287,7.15481689,-0.2131932,-0.19040486,middle,balanced_late
P08662,0.71487016,7.17003174,4.82898981,-0.37841384,upper,balanced_late
P08663,0.71496885,7.11000324,4.79853477,-0.38947155,upper,balanced_late
P08664,0.71498837,7.15342307,4.86042724,-0.31161299,upper,balanced_late
P08665,0.7151013,7.15064683,4.96941117,-0.32664241,upper,balanced_late
P08666,0.71515463,7.1404321,-4.88312917,0.2479716,lower,balanced_late
P08667,0.71524748,7.17171569,-4.85227889,0.26682894,lower,balanced_late
P08668,0.71525335,7.17058915,4.93538692,-0.44342453,upper,balanced_late
P08669,0.71532589,7.14954102,4.89201256,-0.42692465,upper,balanced_late
P08670,0.71537037,7.16424906,-4.86685447,0.04102265,lower,balanced_late
P08671,0.71543026,7.1483646,5.02453107,-0.32470505,upper,balanced_late
P08672,0.71555961,7.17603492,4.87664462,-0.4453414,upper,balanced_late
P08673,0.71556894,7.18948307,-4.93469325,0.21932997,lower,balanced_late
P08674,0.71564571,7.12167579,-5.18932181,0.22948808,lower,balanced_late
P08675,0.7156818,7.19034232,-4.99249888,0.21634946,lower,balanced_late
P08676,0.71568856,7.15206753,4.91541711,-0.34885117,upper,balanced_late
P08677,0.71569761,7.1060732,-5.15086263,0.07187485,lower,balanced_late
P08678,0.71572351,7.16943814,-4.91511097,0.23059036,lower,balanced_late
P08679,0.71583273,7.10592969,4.85088847,-0.32783085,upper,balanced_late
P08680,0.7158524,7.11983447,-4.99701074,0.05786654,lower,balanced_late
P08681,0.71585257,7.19026521,-4.89742242,0.17691432,lower,balanced_late
P08682,0.71621976,7.16908886,-0.03919311,-0.19530566,middle,balanced_late
P08683,0.7163033,7.12761067,-4.94233576,0.13347371,lower,balanced_late
P08684,0.71631977,7.15017537,-5.02914824,0.21300364,lower,balanced_late
P08685,0.71634304,7.13070001,-5.04855492,0.25138279,lower,balanced_late
P08686,0.71643572,7.13837642,-4.91153769,0.1334275,lower,balanced_late
P08687,0.71650719,7.20501955,-5.00505187,0.03811098,lower,balanced_late
P08688,0.71664578,7.13991744,-5.05910275,0.23250227,lower,balanced_late
P08689,0.71670351,7.18763742,-4.84289573,0.16314629,lower,balanced_late
P08690,0.71673199,7.18972564,5.07912307,-0.25851204,upper,balanced_late
P08691,0.71683464,7.14842724,0.04365759,-0.30177353,middle,balanced_late
P08692,0.71683956,7.16836685,5.05937593,-0.51111737,upper,balanced_late
P08693,0.71716827,7.15038197,5.04493472,-0.42771565,upper,balanced_late
P08694,0.71728603,7.18656378,4.83013444,-0.43026332,upper,balanced_late
P08695,0.71729043,7.12341475,4.94563308,-0.34136202,upper,balanced_late
P08696,0.7172964,7.14550336,-4.94335551,0.21031362,lower,balanced_late
P08697,0.7174825,7.12129987,-0.10616206,-0.3127561,middle,balanced_late
P08698,0.7175249,7.1886098,4.86619371,-0.41133038,upper,balanced_late
P08699,0.71755946,7.22266713,-0.01419429,-0.16176352,middle,balanced_late
P08700,0.71763439,7.13796337,4.93253583,-0.29437527,upper,balanced_late
P08701,0.71771351,7.16169664,0.01237963,-0.24717433,middle,balanced_late
P08702,0.71785828,7.12132074,0.00680086,-0.19486998,middle,balanced_late
P08703,0.71792037,7.18231739,-4.99177627,0.13029716,lower,balanced_late
P08704,0.71822153,7.18018745,4.8472686,-0.41075914,upper,balanced_late
P08705,0.71832048,7.20723279,0.08365922,-0.13889865,middle,balanced_late
P08706,0.71834293,7.20207166,4.59804589,-0.3534799,upper,balanced_late
P08707,0.71837049,7.19201933,-0.04422894,-0.16446719,middle,balanced_late
P08708,0.71870404,7.2148741,-0.08779224,-0.03584708,middle,balanced_late
P08709,0.71875216,7.20037181,-4.81845788,0.08405812,lower,balanced_late
P08710,0.71876015,7.17253587,-0.02196632,-0.204892,middle,balanced_late
P08711,0.71890824,7.17260833,4.91797692,-0.36886876,upper,balanced_late
P08712,0.71902979,7.1595692,-4.84719669,0.15145976,lower,balanced_late
P08713,0.71911594,7.20197503,4.97423875,-0.48258279,upper,balanced_late
P08714,0.71914366,7.2010292,0.11820697,-0.12101062,middle,balanced_late
P08715,0.7192656,7.20330579,4.89045305,-0.26212332,upper,balanced_late
P08716,0.71931672,7.20225181,4.72141501,-0.31853949,upper,balanced_late
P08717,0.71941466,7.20720267,-4.71788744,0.09003935,lower,balanced_late
P08718,0.7194341,7.1783821,-4.94832836,0.16676175,lower,balanced_late
P08719,0.71949015,7.17477136,4.75813061,-0.42936693,upper,balanced_late
P08720,0.71973173,7.19079475,4.9611754,-0.51530724,upper,balanced_late
P08721,0.71978228,7.18726444,-4.94602607,0.16436428,lower,balanced_late
P08722,0.71988446,7.25232057,4.81636435,-0.35906747,upper,balanced_late
P08723,0.71993217,7.20130416,4.91091287,-0.51753753,upper,balanced_late
P08724,0.72000176,7.16401768,0.09413024,-0.19141737,middle,balanced_late
P08725,0.72022376,7.16919696,4.90907996,-0.2999388,upper,balanced_late
P08726,0.72022458,7.20824571,4.87901297,-0.47513141,upper,balanced_late
P08727,0.72028881,7.22914322,-5.01148122,0.01464913,lower,balanced_late
P08728,0.72037076,7.211164,-5.07962975,0.08321411,lower,balanced_late
P08729,0.72041085,7.19887706,-0.21835221,-0.30856607,middle,balanced_late
P08730,0.72049303,7.24734758,-0.2675782,-0.10112819,middle,balanced_late
P08731,0.72052839,7.18982751,0.08611461,-0.18169783,middle,balanced_late
P08732,0.72057839,7.20960084,0.07692519,-0.24531522,middle,balanced_late
P08733,0.72066403,7.17190872,-4.87699117,0.20508986,lower,balanced_late
P08734,0.72068535,7.20613145,0.23565472,-0.20078571,middle,balanced_late
P08735,0.72097948,7.19388768,4.87197698,-0.39187911,upper,balanced_late
P08736,0.72100323,7.1894,4.73793026,-0.30943461,upper,balanced_late
P08737,0.72119186,7.1916026,0.13947994,-0.13569767,middle,balanced_late
P08738,0.72194916,7.20406482,-0.18502138,-0.33512354,middle,balanced_late
P08739,0.72199754,7.19497106,4.87631459,-0.44923975,upper,balanced_late
P08740,0.72207364,7.19190979,4.92951355,-0.39856464,upper,balanced_late
P08741,0.72214438,7.22562128,-0.21352627,-0.25635287,middle,balanced_late
P08742,0.72244777,7.2088686,-0.13734989,-0.17279071,middle,balanced_late
P08743,0.72261139,7.2066671,0.0045492,-0.14372519,middle,balanced_late
P08744,0.72291726,7.2261333,0.10900857,-0.19756838,middle,balanced_late
P08745,0.72310194,7.2099922,4.64606689,-0.42648061,upper,balanced_late
P08746,0.72314762,7.28627356,-4.80644345,0.24096669,lower,balanced_late
P08747,0.72317276,7.25979195,-0.28060525,-0.20545431,middle,balanced_late
P08748,0.72321229,7.22945465,0.0844827,-0.25382919,middle,balanced_late
P08749,0.72328744,7.23297866,4.92113788,-0.36731144,upper,balanced_late
P08750,0.72335716,7.19107687,4.77073432,-0.44800679,upper,balanced_late
P08751,0.7233687,7.2576015,4.847731,-0.47891413,upper,balanced_late
P08752,0.72339586,7.21727912,-4.9481997,0.15615107,lower,balanced_late
P08753,0.72341886,7.22265818,4.96200633,-0.48436924,upper,balanced_late
P08754,0.72342803,7.21159042,-4.9466732,0.22155614,lower,balanced_late
P08755,0.72343118,7.18401695,4.98546753,-0.548377,upper,balanced_late
P08756,0.72349313,7.20725821,-5.02464364,0.15758516,lower,balanced_late
P08757,0.72353876,7.2505509,0.02443083,-0.27453895,middle,balanced_late
P08758,0.72359864,7.26894345,-5.0442719,0.19629027,lower,balanced_late
P08759,0.72366207,7.21899596,-4.88720182,0.14216647,lower,balanced_late
P08760,0.7237531,7.23367489,-4.79570321,0.22386,lower,balanced_late
P08761,0.72378962,7.22234261,4.98367896,-0.37154183,upper,balanced_late
P08762,0.72384226,7.21698051,4.86626501,-0.42791073,upper,balanced_late
P08763,0.72395289,7.25023367,-4.95546513,0.27978889,lower,balanced_late
P08764,0.72401974,7.2167404,-0.1772464,-0.29473205,middle,balanced_late
P08765,0.72408752,7.22581351,4.90643567,-0.53141079,upper,balanced_late
P08766,0.72414176,7.24942944,-0.01971941,-0.21187972,middle,balanced_late
P08767,0.7243395,7.20490829,-0.0182436,-0.0596836,middle,balanced_late
P08768,0.72435787,7.24773619,-4.79509178,0.13515309,lower,balanced_late
P08769,0.72446149,7.2618383,-0.09602656,-0.24055255,middle,balanced_late
P08770,0.72449379,7.28325825,4.79556546,-0.47189967,upper,balanced_late
P08771,0.72452573,7.23103177,4.86628149,-0.41880284,upper,balanced_late
P08772,0.72462443,7.18983775,0.03871394,-0.16140642,middle,balanced_late
P08773,0.72463952,7.20965024,-4.79038064,-0.1356941,lower,balanced_late
P08774,0.72466359,7.23312391,-0.19161452,-0.21309583,middle,balanced_late
P08775,0.72466604,7.28513901,0.00349228,-0.17233066,middle,balanced_late
P08776,0.72467509,7.22159503,-0.00940828,-0.17815908,middle,balanced_late
P08777,0.72468635,7.26218129,4.82706479,-0.37971348,upper,balanced_late
P08778,0.72473255,7.24993056,-4.91231304,-0.0103759,lower,balanced_late
P08779,0.72486455,7.26266444,-0.03020133,-0.12258545,middle,balanced_late
P08780,0.72490148,7.21571174,-4.89259344,0.1800595,lower,balanced_late
P08781,0.72493397,7.29959689,4.89834513,-0.31634209,upper,balanced_late
P08782,0.72559311,7.20260799,4.90662414,-0.36233757,upper,balanced_late
P08783,0.72572941,7.23216577,-4.95748435,0.11680347,lower,balanced_late
P08784,0.72574774,7.28490204,-5.01721995,0.12760557,lower,balanced_late
P08785,0.72607836,7.29189878,4.89858402,-0.59221615,upper,balanced_late
P08786,0.72610899,7.31094123,-5.13882228,0.14518868,lower,balanced_late
P08787,0.72620503,7.29499534,-4.9518736,0.18188459,lower,balanced_late
P08788,0.72627221,7.26444172,4.9538824,-0.51632463,upper,balanced_late
P08789,0.72642092,7.23132894,-4.91857246,0.19858916,lower,balanced_late
P08790,0.72650719,7.2868463,4.89820933,-0.33094297,upper,balanced_late
P08791,0.72674923,7.22296871,4.57269077,-0.39891106,upper,balanced_late
P08792,0.72676842,7.27363098,-0.00578061,-0.1854744,middle,balanced_late
P08793,0.72678287,7.26046678,4.91016036,-0.34597488,upper,balanced_late
P08794,0.72683107,7.26964103,4.88572032,-0.57571231,upper,balanced_late
P08795,0.7269234,7.2645812,-4.88930685,0.0973767,lower,balanced_late
P08796,0.72693947,7.25979196,-4.79647245,0.19415424,lower,balanced_late
P08797,0.7271294,7.29208898,-5.09405154,0.02982002,lower,balanced_late
P08798,0.72736511,7.23771795,-5.05882322,0.15904457,lower,balanced_late
P08799,0.72745616,7.28328936,4.9084888,-0.26474983,upper,balanced_late
P08800,0.72751565,7.31321187,-0.16109659,-0.02298535,middle,balanced_late
P08801,0.72751689,7.25822161,-4.82128393,0.19599644,lower,balanced_late
P08802,0.72753356,7.27030698,-0.01594851,-0.21347952,middle,balanced_late
P08803,0.72766693,7.26050872,5.09328133,-0.45505075,upper,balanced_late
P08804,0.72770767,7.26645802,4.79940329,-0.42926143,upper,balanced_late
P08805,0.7278003,7.23087281,-4.89764659,0.04843186,lower,balanced_late
P08806,0.72786086,7.27361756,0.13865025,-0.11391232,middle,balanced_late
P08807,0.72792218,7.29016419,-5.01239599,0.10140735,lower,balanced_late
P08808,0.72793594,7.27576164,-0.00839648,-0.13545856,middle,balanced_late
P08809,0.72809864,7.28833852,-4.94402362,0.19864556,lower,balanced_late
P08810,0.7282594,7.33591713,0.0318664,-0.24000887,middle,balanced_late
P08811,0.72843876,7.23982551,-5.02649276,0.18792622,lower,balanced_late
P08812,0.72848883,7.30639705,-0.01306283,-0.31781072,middle,balanced_late
P08813,0.72849683,7.27560553,-4.92784808,0.13902822,lower,balanced_late
P08814,0.72851666,7.2988733,4.77893645,-0.35447846,upper,balanced_late
P08815,0.72854636,7.32239408,4.97685492,-0.28199232,upper,balanced_late
P08816,0.72862299,7.2996666,-0.16528302,-0.1597963,middle,balanced_late
P08817,0.72866852,7.30564046,-0.17265082,-0.29112805,middle,balanced_late
P08818,0.72876456,7.32856836,4.74285107,-0.44584281,upper,balanced_late
P08819,0.72877181,7.28070971,-5.03601297,0.02665355,lower,balanced_late
P08820,0.72892468,7.31981481,5.03453334,-0.38454601,upper,balanced_late
P08821,0.72902581,7.25582028,-5.11112446,0.11627559,lower,balanced_late
P08822,0.72913342,7.29959772,4.93270099,-0.40282366,upper,balanced_late
P08823,0.72918757,7.31773715,4.92375351,-0.44606781,upper,balanced_late
P08824,0.72931561,7.31939057,-5.12990208,0.06323207,lower,balanced_late
P08825,0.72936221,7.26798582,-4.94003178,0.22535727,lower,balanced_late
P08826,0.72946648,7.32304801,-0.02801572,-0.15143743,middle,balanced_late
P08827,0.72962987,7.3208149,0.03031797,-0.27982624,middle,balanced_late
P08828,0.7299629,7.29982908,-0.03001227,-0.49443265,middle,balanced_late
P08829,0.73008919,7.28854214,4.86024579,-0.52541672,upper,balanced_late
P08830,0.73013388,7.3021506,-4.97333713,0.07696778,lower,balanced_late
P08831,0.73015039,7.29634862,-5.0459263,0.15133274,lower,balanced_late
P08832,0.73027313,7.35810648,4.88645877,-0.41325674,upper,balanced_late
P08833,0.73061925,7.31953593,-0.10517951,-0.27902595,middle,balanced_late
P08834,0.73064857,7.33672673,-0.0391787,-0.1627307,middle,balanced_late
P08835,0.73067684,7.35438829,-4.76560928,0.07145031,lower,balanced_late
P08836,0.73077443,7.28480104,-0.24003821,-0.17665461,middle,balanced_late
P08837,0.73083613,7.29395505,-0.20615939,-0.13984078,middle,balanced_late
P08838,0.73088005,7.31145144,-0.09556643,-0.25540721,middle,balanced_late
P08839,0.7308956,7.31192,-5.16203703,0.0947075,lower,balanced_late
P08840,0.73092909,7.33319929,4.88744037,-0.48302268,upper,balanced_late
P08841,0.73104645,7.32773138,-4.88546004,0.14841013,lower,balanced_late
P08842,0.73123337,7.32501977,-0.10935096,-0.22084236,middle,balanced_late
P08843,0.73137112,7.3053946,-0.05000615,-0.32907483,middle,balanced_late
P08844,0.73139554,7.29116744,-4.92339131,0.21217506,lower,balanced_late
P08845,0.73156517,7.30816794,-5.00977606,0.09595264,lower,balanced_late
P08846,0.7316258,7.30501137,-0.00042313,-0.22119983,middle,balanced_late
P08847,0.73164374,7.35157641,-4.92763395,0.30938566,lower,balanced_late
P08848,0.73169776,7.34700226,0.12523107,-0.19688159,middle,balanced_late
P08849,0.73177824,7.31802393,-4.85801285,0.07847428,lower,balanced_late
P08850,0.73178017,7.31709577,-4.96371469,0.0461094,lower,balanced_late
P08851,0.73178483,7.28530364,-0.16624195,-0.2061825,middle,balanced_late
P08852,0.73178697,7.26007236,4.9531133,-0.48018523,upper,balanced_late
P08853,0.7320468,7.37109283,-5.01814356,0.11101824,lower,balanced_late
P08854,0.73225952,7.32355726,4.95862849,-0.4879402,upper,balanced_late
P08855,0.73234257,7.35988796,-4.77469805,0.24583948,lower,balanced_late
P08856,0.73252138,7.38167551,4.96553936,-0.46038791,upper,balanced_late
P08857,0.73257792,7.30632974,4.88597991,-0.47566216,upper,balanced_late
P08858,0.73266769,7.33446488,-4.92382898,0.05827875,lower,balanced_late
P08859,0.73277025,7.33534549,-4.91322206,-0.00202512,lower,balanced_late
P08860,0.73278756,7.31088517,-4.79614385,0.01073269,lower,balanced_late
P08861,0.73287822,7.35756804,-4.96315715,0.09348672,lower,balanced_late
P08862,0.73320031,7.37114,4.92937589,-0.37221651,upper,balanced_late
P08863,0.7332414,7.35303298,-0.14514648,-0.18828809,middle,balanced_late
P08864,0.7333888,7.35476286,0.09222477,-0.3996027,middle,balanced_late
P08865,0.73341501,7.34658808,-0.06915726,-0.14637847,middle,balanced_late
P08866,0.73360537,7.35592112,4.92411175,-0.42113983,upper,balanced_late
P08867,0.73371978,7.34343169,-5.03958036,0.13188308,lower,balanced_late
P08868,0.73372341,7.35021055,-4.92560731,0.1037974,lower,balanced_late
P08869,0.7337696,7.3911474,4.9582379,-0.45889665,upper,balanced_late
P08870,0.73402338,7.39398469,4.76910065,-0.50540235,upper,balanced_late
P08871,0.7343372,7.33357263,-0.03033138,-0.21636908,middle,balanced_late
P08872,0.73436777,7.35325913,0.01474757,-0.30986402,middle,balanced_late
P08873,0.73440274,7.27473528,0.13658549,-0.17901187,middle,balanced_late
P08874,0.73440813,7.34786825,4.86979914,-0.42825603,upper,balanced_late
P08875,0.73446619,7.3631162,0.08122539,-0.17001747,middle,balanced_late
P08876,0.73470857,7.36268054,4.77320223,-0.53946154,upper,balanced_late
P08877,0.73478262,7.41555104,4.959089,-0.47333347,upper,balanced_late
P08878,0.73505129,7.36776484,-5.10463442,0.00086203,lower,balanced_late
P08879,0.7351035,7.32516324,-4.99922271,0.07429034,lower,balanced_late
P08880,0.73512312,7.33768517,-4.99678722,0.01657025,lower,balanced_late
P08881,0.73543921,7.33406784,4.70066892,-0.42309625,upper,balanced_late
P08882,0.73548468,7.35548931,-0.10026752,-0.35384195,middle,balanced_late
P08883,0.73557848,7.33140506,-4.96170703,0.06494894,lower,balanced_late
P08884,0.73608676,7.34278378,-4.9873755,0.03686905,lower,balanced_late
P08885,0.73652737,7.35593599,-0.17861145,-0.26587741,middle,balanced_late
P08886,0.73675307,7.3756109,4.8045844,-0.50201796,upper,balanced_late
P08887,0.73690174,7.36552717,-0.12918789,-0.29218161,middle,balanced_late
P08888,0.73706866,7.37863224,4.8401378,-0.43279095,upper,balanced_late
P08889,0.73714697,7.39606878,4.73531696,-0.36998199,upper,balanced_late
P08890,0.73746605,7.37144751,-5.1871578,0.16647846,lower,balanced_late
P08891,0.73761154,7.36859399,4.81201984,-0.51718804,upper,balanced_late
P08892,0.73777317,7.43210466,-0.06568625,-0.2096079,middle,balanced_late
P08893,0.73777432,7.38866024,4.77206853,-0.47022927,upper,balanced_late
P08894,0.73780035,7.37892097,4.86983137,-0.46401691,upper,balanced_late
P08895,0.73792374,7.41786941,-5.03226105,-0.03152044,lower,balanced_late
P08896,0.73797896,7.35039786,0.0950298,-0.26981283,middle,balanced_late
P08897,0.73823891,7.37377855,0.04504801,-0.21886956,middle,balanced_late
P08898,0.73826799,7.39318342,-0.01685475,-0.36212933,middle,balanced_late
P08899,0.7383716,7.38257371,-4.97377849,-0.00563414,lower,balanced_late
P08900,0.73838565,7.4115511,4.81577581,-0.35557201,upper,balanced_late
P08901,0.73842035,7.38628374,4.74957818,-0.4461816,upper,balanced_late
P08902,0.73842214,7.35734357,-0.02000305,-0.22081161,middle,balanced_late
P08903,0.73851378,7.39819015,-0.02257124,-0.16260188,middle,balanced_late
P08904,0.73862823,7.37282249,-4.91780571,-0.00706198,lower,balanced_late
P08905,0.73866085,7.40311621,-4.84781894,0.05880959,lower,balanced_late
P08906,0.73884307,7.41569058,-0.04544137,-0.16785002,middle,balanced_late
P08907,0.73903795,7.39107704,4.88401522,-0.38347614,upper,balanced_late
P08908,0.73914851,7.42339978,-0.06214916,-0.32644082,middle,balanced_late
P08909,0.73930677,7.37639946,0.1214075,-0.42742051,middle,balanced_late
P08910,0.73935928,7.39826858,-4.88889618,0.05514704,lower,balanced_late
P08911,0.73936138,7.40097453,-0.06168726,-0.33560104,middle,balanced_late
P08912,0.73970965,7.4218703,-0.08014057,-0.3320397,middle,balanced_late
P08913,0.73974275,7.41578531,-5.01883126,0.12139544,lower,balanced_late
P08914,0.73979622,7.34861135,-0.02424821,-0.26948471,middle,balanced_late
P08915,0.73981682,7.3786009,-5.03134027,0.06420336,lower,balanced_late
P08916,0.73986281,7.39251919,4.81550882,-0.45416758,upper,balanced_late
P08917,0.73993504,7.39465965,-4.98948088,-0.05910216,lower,balanced_late
P08918,0.74024696,7.41738708,-4.99927889,-0.06289114,lower,shift_to_upper
P08919,0.74060741,7.41459024,4.9282849,-0.30479195,upper,shift_to_upper
P08920,0.74069964,7.39277499,-5.01230491,0.13821994,lower,shift_to_upper
P08921,0.74072188,7.39278043,0.06633555,-0.30116845,middle,shift_to_upper
P08922,0.74073196,7.39596032,-5.02976623,-0.02949898,lower,shift_to_upper
P08923,0.74075981,7.36096958,-0.03085843,-0.42079834,middle,shift_to_upper
P08924,0.74080744,7.42041435,4.96182493,-0.48755497,upper,shift_to_upper
P08925,0.74081051,7.43437427,4.82924076,-0.55277614,upper,shift_to_upper
P08926,0.74081315,7.43410003,5.00276925,-0.42288072,upper,shift_to_upper
P08927,0.74083995,7.45017642,-4.92182141,-0.13536666,lower,shift_to_upper
P08928,0.74097545,7.40931891,4.81220853,-0.24545069,upper,shift_to_upper
P08929,0.74111415,7.41330399,4.91845652,-0.27702381,upper,shift_to_upper
P08930,0.74111748,7.40432482,-4.92955327,0.14886281,lower,shift_to_upper
P08931,0.74114864,7.4339628,4.79192854,-0.40901132,upper,shift_to_upper
P08932,0.74125292,7.38372462,-0.07602952,-0.13044922,middle,shift_to_upper
P08933,0.74131093,7.40976131,4.73687647,-0.59419438,upper,shift_to_upper
P08934,0.74136213,7.39315541,-4.9593911,0.06774735,lower,shift_to_upper
P08935,0.74141472,7.4115153,-5.00042532,0.09193907,lower,shift_to_upper
P08936,0.74146539,7.4567337,4.81395176,-0.43513978,upper,shift_to_upper
P08937,0.74154903,7.45572779,5.0548283,-0.32557103,upper,shift_to_upper
P08938,0.74158832,7.4278297,-5.09607908,0.00822591,lower,shift_to_upper
P08939,0.74163591,7.40390815,4.83399101,-0.41171292,upper,shift_to_upper
P08940,0.74164994,7.3904352,-0.29559704,-0.20710342,middle,shift_to_upper
P08941,0.74167854,7.36992927,-5.07412025,0.1004438,lower,shift_to_upper
P08942,0.7417536,7.41216125,0.02740554,-0.37454242,middle,shift_to_upper
P08943,0.7417552,7.43022907,-5.06756842,0.0163941,lower,shift_to_upper
P08944,0.74184394,7.38261406,-5.04666551,0.03638588,lower,shift_to_upper
P08945,0.74184614,7.40929925,-0.04418629,-0.33125596,middle,shift_to_upper
P08946,0.7418619,7.46289935,-0.10798916,-0.25706936,middle,shift_to_upper
P08947,0.74191982,7.45574578,-4.81657073,0.08706251,lower,shift_to_upper
P08948,0.74196495,7.46124063,-5.08986265,0.21452331,lower,shift_to_upper
P08949,0.7421367,7.45826724,-0.14401046,-0.23201981,middle,shift_to_upper
P08950,0.74232181,7.45370838,-4.97716638,-0.00299746,lower,shift_to_upper
P08951,0.74233488,7.45894361,0.00136168,-0.33256182,middle,shift_to_upper
P08952,0.74235322,7.43289886,5.12283781,-0.41770399,upper,shift_to_upper
P08953,0.74240779,7.42854317,-0.14982716,-0.24293769,middle,shift_to_upper
P08954,0.74250096,7.39547395,-5.06579647,0.02263604,lower,shift_to_upper
P08955,0.74257757,7.46636798,-5.0116701,0.02559477,lower,shift_to_upper
P08956,0.74266685,7.43038561,-4.98970105,0.13486281,lower,shift_to_upper
P08957,0.74272199,7.41428612,0.05657533,-0.27220681,middle,shift_to_upper
P08958,0.7427247,7.4034823,-5.04824847,0.0890193,lower,shift_to_upper
P08959,0.7427518,7.41172092,4.79540859,-0.43324329,upper,shift_to_upper
P08960,0.7427611,7.43508596,-4.91469206,0.00681604,lower,shift_to_upper
P08961,0.74281867,7.42666062,-0.12617173,-0.20436241,middle,shift_to_upper
P08962,0.74283338,7.43912204,4.77623122,-0.45812779,upper,shift_to_upper
P08963,0.74294136,7.4309732,-0.09660257,-0.35400935,middle,shift_to_upper
P08964,0.74303309,7.42702003,-0.15206374,-0.31918654,middle,shift_to_upper
P08965,0.74304529,7.46543329,-0.05431978,-0.35653968,middle,shift_to_upper
P08966,0.74313104,7.42383251,-0.04839682,-0.31967891,middle,shift_to_upper
P08967,0.74328196,7.45483762,-4.87089068,-0.01798418,lower,shift_to_upper
P08968,0.74330839,7.42441686,-0.18001247,-0.19446855,middle,shift_to_upper
P08969,0.74334058,7.42830021,-4.98999274,0.00833636,lower,shift_to_upper
P08970,0.7433796,7.43369824,0.0971338,-0.32511576,middle,shift_to_upper
P08971,0.743691,7.4417014,4.85829526,-0.48685061,upper,shift_to_upper
P08972,0.7436979,7.4108015,-0.03723336,-0.36355079,middle,shift_to_upper
P08973,0.74377985,7.44333399,4.82011624,-0.51183583,upper,shift_to_upper
P08974,0.74380977,7.47903458,-0.08127221,-0.28695026,middle,shift_to_upper
P08975,0.74388845,7.39386225,-0.08787949,-0.29745139,middle,shift_to_upper
P08976,0.74394151,7.44066483,4.89892554,-0.47842304,upper,shift_to_upper
P08977,0.74396872,7.43828926,-0.02268732,-0.30374884,middle,shift_to_upper
P08978,0.74399985,7.43055016,4.75879291,-0.50827457,upper,shift_to_upper
P08979,0.74420534,7.39404894,-4.92213285,-0.01308148,lower,shift_to_upper
P08980,0.74429023,7.41284992,4.97605931,-0.40407402,upper,shift_to_upper
P08981,0.74430279,7.41562919,-0.09589228,-0.25397863,middle,shift_to_upper
P08982,0.74441974,7.41591183,-0.06441928,-0.29015898,middle,shift_to_upper
P08983,0.74450409,7.46789209,0.09257589,-0.31034009,middle,shift_to_upper
P08984,0.74458123,7.46951661,-0.07397611,-0.38186494,middle,shift_to_upper
P08985,0.74458221,7.48231136,-5.22753673,0.13169709,lower,shift_to_upper
P08986,0.74461172,7.47667836,-0.08430782,-0.30670779,middle,shift_to_upper
P08987,0.74496388,7.4221245,-0.0143905,-0.21991659,middle,shift_to_upper
P08988,0.74498483,7.46041375,-4.85977087,0.03450703,lower,shift_to_upper
P08989,0.74502735,7.46095946,-0.02435472,-0.29362593,middle,shift_to_upper
P08990,0.74520301,7.47583718,4.8029816,-0.40844437,upper,shift_to_upper
P08991,0.74532706,7.42306053,4.93588987,-0.35658286,upper,shift_to_upper
P08992,0.74538106,7.48988897,-0.02930666,-0.2613684,middle,shift_to_upper
P08993,0.7455538,7.45481469,-0.0726102,-0.25492346,middle,shift_to_upper
P08994,0.74556877,7.4393274,-4.91890478,-0.00982226,lower,shift_to_upper
P08995,0.74563802,7.44572922,-4.97400181,-0.00294435,lower,shift_to_upper
P08996,0.74568879,7.4529263,-4.99097953,-0.009484,lower,shift_to_upper
P08997,0.74577633,7.46773155,-0.16653262,-0.31233937,middle,shift_to_upper
P08998,0.74584654,7.4297403,-0.10903191,-0.34018319,middle,shift_to_upper
P08999,0.74586975,7.48320017,-5.10776124,0.02323115,lower,shift_to_upper
P09000,0.74589452,7.48880127,-0.0403838,-0.2473579,middle,shift_to_upper
P09001,0.74591138,7.50960051,0.02731842,-0.2574393,middle,shift_to_upper
P09002,0.74593403,7.4865038,-0.06551512,-0.26885989,middle,shift_to_upper
P09003,0.74597597,7.49491842,-0.11305814,-0.3667342,middle,shift_to_upper
P09004,0.74600144,7.49597334,-0.06679918,-0.28393465,middle,shift_to_upper
P09005,0.74611338,7.38480589,4.8900904,-0.39919193,upper,shift_to_upper
P09006,0.74614746,7.46400919,-0.04327227,-0.23114941,middle,shift_to_upper
P09007,0.74628469,7.45574602,-0.15703592,-0.18304029,middle,shift_to_upper
P09008,0.74631078,7.46830696,-5.02815878,0.08223428,lower,shift_to_upper
P09009,0.74639671,7.45246114,-0.11633969,-0.28221999,middle,shift_to_upper
P09010,0.74651823,7.47508124,-4.96106574,-0.17565545,lower,shift_to_upper
P09011,0.74651959,7.50678487,-4.98329522,0.01210468,lower,shift_to_upper
P09012,0.74655889,7.49488304,-4.94366105,-0.11816956,lower,shift_to_upper
P09013,0.74685881,7.48102926,-4.935144,-0.0135024,lower,shift_to_upper
P09014,0.74702241,7.42389109,0.07841163,-0.41080006,middle,shift_to_upper
P09015,0.74704268,7.47032898,0.04249634,-0.24632564,middle,shift_to_upper
P09016,0.7470539,7.48138402,-0.23416905,-0.20297739,middle,shift_to_upper
P09017,0.74720071,7.47587015,5.03518722,-0.47560159,upper,shift_to_upper
P09018,0.74724225,7.44018362,-5.13373566,0.00622639,lower,shift_to_upper
P09019,0.74733767,7.45777858,-5.05949708,0.05190319,lower,shift_to_upper
P09020,0.74746801,7.48513518,0.04497982,-0.22469204,middle,shift_to_upper
P09021,0.74746933,7.46927832,-4.95309272,-0.00236191,lower,shift_to_upper
P09022,0.74748712,7.47153044,0.05897826,-0.34119866,middle,shift_to_upper
P09023,0.74754542,7.45794611,-5.16373636,-0.00630991,lower,shift_to_upper
P09024,0.74756264,7.49091265,-5.16721134,-0.0080385,lower,shift_to_upper
P09025,0.74757229,7.50845252,-0.09529804,-0.49027298,middle,shift_to_upper
P09026,0.74763099,7.4956901,4.96676835,-0.48267991,upper,shift_to_upper
P09027,0.74763912,7.51396629,-5.03605606,0.09624918,lower,shift_to_upper
P09028,0.74768269,7.46042419,4.98062021,-0.41412194,upper,shift_to_upper
P09029,0.74776542,7.48455207,-0.04854266,-0.18343572,middle,shift_to_upper
P09030,0.74778509,7.45737112,-0.04155982,-0.34142813,middle,shift_to_upper
P09031,0.74784693,7.45398798,-5.04064865,-0.03633082,lower,shift_to_upper
P09032,0.74792904,7.46599614,4.87443104,-0.34344313,upper,shift_to_upper
P09033,0.74801074,7.49851238,5.05101964,-0.53778812,upper,shift_to_upper
P09034,0.74803014,7.4793524,4.79975281,-0.47922468,upper,shift_to_upper
P09035,0.74808317,7.49499777,4.89264464,-0.46200894,upper,shift_to_upper
P09036,0.74824624,7.50470246,-0.09009409,-0.36871875,middle,shift_to_upper
P09037,0.74833181,7.4568291,-0.26397422,-0.25098509,middle,shift_to_upper
P09038,0.74844525,7.46571202,-4.9612656,0.02017946,lower,shift_to_upper
P09039,0.74846796,7.46006317,-5.0478262,-0.01826635,lower,shift_to_upper
P09040,0.74847127,7.54313714,-4.93907416,0.05431746,lower,shift_to_upper
P09041,0.74886103,7.46911176,-4.89504717,-0.02857489,lower,shift_to_upper
P09042,0.74891558,7.46761937,-5.13562151,0.05643635,lower,shift_to_upper
P09043,0.74905421,7.55718602,4.80629461,-0.45194066,upper,shift_to_upper
P09044,0.74916151,7.48150898,-5.14603218,-0.20432056,lower,shift_to_upper
P09045,0.7491935,7.46194488,-4.9606612,0.05921608,lower,shift_to_upper
P09046,0.7492732,7.47636821,4.97782335,-0.46067268,upper,shift_to_upper
P09047,0.74936551,7.51658963,-0.15963336,-0.28156194,middle,shift_to_upper
P09048,0.74945943,7.48969472,-0.06769228,-0.28683081,middle,shift_to_upper
P09049,0.7494809,7.46155055,-0.05711155,-0.32296999,middle,shift_to_upper
P09050,0.74949539,7.47871628,4.83261956,-0.59043282,upper,shift_to_upper
P09051,0.74957417,7.4832121,-0.06054015,-0.24496609,middle,shift_to_upper
P09052,0.74962728,7.49339695,-5.01813119,-0.07787413,lower,shift_to_upper
P09053,0.74970773,7.52556788,-4.84069506,0.01059414,lower,shift_to_upper
P09054,0.74970779,7.47465192,-0.28992894,-0.28565677,middle,shift_to_upper
P09055,0.75006192,7.49153102,4.94460413,-0.3677146,upper,shift_to_upper
P09056,0.75007753,7.52304252,-5.12289909,0.0806659,lower,shift_to_upper
P09057,0.75010735,7.49396033,-5.12087031,-0.07394001,lower,shift_to_upper
P09058,0.75036464,7.50215166,4.97425566,-0.48835464,upper,shift_to_upper
P09059,0.75051679,7.49049499,-0.05020072,-0.20436237,middle,shift_to_upper
P09060,0.75053545,7.54783295,-0.08174952,-0.29817463,middle,shift_to_upper
P09061,0.75059954,7.55241906,-5.11161266,-0.07200034,lower,shift_to_upper
P09062,0.75063688,7.51050236,0.0822941,-0.28744041,middle,shift_to_upper
P09063,0.75066726,7.47980602,0.00616168,-0.28452925,middle,shift_to_upper
P09064,0.75070564,7.53134404,0.01471421,-0.29791391,middle,shift_to_upper
P09065,0.75074927,7.51470068,-0.04626145,-0.34273323,middle,shift_to_upper
P09066,0.75082302,7.46437908,4.80731447,-0.41780016,upper,shift_to_upper
P09067,0.75087381,7.46570046,-0.02065379,-0.40064561,middle,shift_to_upper
P09068,0.75096239,7.52608883,-0.08591459,-0.3532551,middle,shift_to_upper
P09069,0.75119428,7.54249665,-0.03052975,-0.30268749,middle,shift_to_upper
P09070,0.75122908,7.49128717,-0.11488435,-0.32739333,middle,shift_to_upper
P09071,0.75133714,7.52727066,-0.04888294,-0.39287117,middle,shift_to_upper
P09072,0.75140543,7.54019385,-4.82681558,0.02326217,lower,shift_to_upper
P09073,0.75147398,7.48801645,-5.17513123,-0.02514762,lower,shift_to_upper
P09074,0.7515367,7.46607767,-0.08437442,-0.29693758,middle,shift_to_upper
P09075,0.75154689,7.50105682,4.83362517,-0.45062121,upper,shift_to_upper
P09076,0.75158013,7.49466524,4.75436897,-0.48556343,upper,shift_to_upper
P09077,0.75158862,7.52262361,4.82013436,-0.56760518,upper,shift_to_upper
P09078,0.75165101,7.52163553,-4.97759332,0.15428807,lower,shift_to_upper
P09079,0.75170352,7.55063419,-5.02977608,-0.01886529,lower,shift_to_upper
P09080,0.75172872,7.52172222,-0.15930023,-0.18725753,middle,shift_to_upper
P09081,0.75174047,7.4906499,-4.93861241,0.05532427,lower,shift_to_upper
P09082,0.75174939,7.55579703,-0.06578498,-0.26587266,middle,shift_to_upper
P09083,0.75178496,7.48192905,4.78729135,-0.54902686,upper,shift_to_upper
P09084,0.75196883,7.52480196,4.83218224,-0.52212534,upper,shift_to_upper
P09085,0.75199899,7.50652123,-0.11370669,-0.32101136,middle,shift_to_upper
P09086,0.75201261,7.52750308,-4.93496125,0.21833486,lower,shift_to_upper
P09087,0.75202691,7.55131591,-5.00050612,-0.02074811,lower,shift_to_upper
P09088,0.75207346,7.44583725,0.05855896,-0.29264204,middle,shift_to_upper
P09089,0.752179,7.55327459,-0.27062145,-0.28178907,middle,shift_to_upper
P09090,0.75221259,7.54536285,0.12636035,-0.27315766,middle,shift_to_upper
P09091,0.75234993,7.52817789,-4.89441429,0.05912793,lower,shift_to_upper
P09092,0.752384,7.50059936,-0.1719711,-0.30938001,middle,shift_to_upper
P09093,0.75239373,7.53407137,0.1230707,-0.35395057,middle,shift_to_upper
P09094,0.75251363,7.54597547,4.82540402,-0.27251739,upper,shift_to_upper
P09095,0.75251482,7.53152877,-5.02000229,-0.10563511,lower,shift_to_upper
P09096,0.75271389,7.53683435,-5.15966061,-0.03108543,lower,shift_to_upper
P09097,0.75277849,7.45722946,4.66741001,-0.421405,upper,shift_to_upper
P09098,0.75299753,7.49854394,-0.05360602,-0.23830748,middle,shift_to_upper
P09099,0.75301197,7.4644633,-0.18822762,-0.37634361,middle,shift_to_upper
P09100,0.75311825,7.5300084,-5.00638021,0.00563957,lower,shift_to_upper
P09101,0.75322399,7.5769342,-0.13441096,-0.36574924,middle,shift_to_upper
P09102,0.75322605,7.54000734,-5.0285596,-0.0313015,lower,shift_to_upper
P09103,0.75322701,7.48445626,-5.04563362,-0.21283737,lower,shift_to_upper
P09104,0.75333015,7.52189554,-0.17049894,-0.13181093,middle,shift_to_upper
P09105,0.75333645,7.48709951,4.82513214,-0.5377024,upper,shift_to_upper
P09106,0.75336506,7.57068162,4.91942273,-0.53254409,upper,shift_to_upper
P09107,0.75351319,7.51776711,-5.05057736,0.01631402,lower,shift_to_upper
P09108,0.75353257,7.53263967,-4.85918898,0.02669342,lower,shift_to_upper
P09109,0.75377587,7.53603384,4.90520933,-0.37689528,upper,shift_to_upper
P09110,0.75380918,7.5454774,0.02613578,-0.44551721,middle,shift_to_upper
P09111,0.75384744,7.52011945,-0.30797039,-0.30083788,middle,shift_to_upper
P09112,0.75390615,7.56318682,4.97629606,-0.41078951,upper,shift_to_upper
P09113,0.75402888,7.56645229,-0.31514716,-0.36466467,middle,shift_to_upper
P09114,0.75409771,7.57347899,4.70898785,-0.36498941,upper,shift_to_upper
P09115,0.75424998,7.54484813,-0.007985,-0.38364749,middle,shift_to_upper
P09116,0.7543975,7.54723805,4.88844476,-0.33509755,upper,shift_to_upper
P09117,0.75443604,7.53593921,-5.02879837,0.11286751,lower,shift_to_upper
P09118,0.75462221,7.53771581,-5.23138046,-0.13544334,lower,shift_to_upper
P09119,0.7546898,7.54231682,4.76754593,-0.5079261,upper,shift_to_upper
P09120,0.75474309,7.53318036,4.86675013,-0.4673465,upper,shift_to_upper
P09121,0.75491818,7.54694683,-4.81387443,0.00667252,lower,shift_to_upper
P09122,0.75513442,7.55529169,-5.11329777,0.03170871,lower,shift_to_upper
P09123,0.75516816,7.57654874,4.89037171,-0.4042141,upper,shift_to_upper
P09124,0.75518898,7.55797739,-4.83766793,0.0238619,lower,shift_to_upper
P09125,0.75531029,7.54222347,-5.08609345,-0.05466888,lower,shift_to_upper
P09126,0.75532659,7.58400297,-5.01448446,0.02510023,lower,shift_to_upper
P09127,0.7553291,7.52577341,4.80155358,-0.51446414,upper,shift_to_upper
P09128,0.75542433,7.50972093,-0.24841682,-0.30839508,middle,shift_to_upper
P09129,0.755433,7.5168236,-4.84055393,-0.03705473,lower,shift_to_upper
P09130,0.75550568,7.56319779,-0.08921782,-0.23097344,middle,shift_to_upper
P09131,0.7556992,7.56385989,-5.07888237,-0.15206136,lower,shift_to_upper
P09132,0.75571724,7.58624948,-0.20562243,-0.41358188,middle,shift_to_upper
P09133,0.75575759,7.57440046,-4.95470633,-0.1239553,lower,shift_to_upper
P09134,0.75612305,7.53498754,-0.17389896,-0.32831728,middle,shift_to_upper
P09135,0.75624516,7.53791722,-4.8900649,0.02600903,lower,shift_to_upper
P09136,0.75629155,7.58151057,4.8521682,-0.50669877,upper,shift_to_upper
P09137,0.75633791,7.55597114,4.77357747,-0.46318344,upper,shift_to_upper
P09138,0.75637034,7.54689735,-4.981942,0.1038408,lower,shift_to_upper
P09139,0.75666692,7.5883451,-0.16739186,-0.21414744,middle,shift_to_upper
P09140,0.75678053,7.55749703,-0.04038777,-0.44897066,middle,shift_to_upper
P09141,0.75682166,7.55097353,-4.91449056,-0.17044292,lower,shift_to_upper
P09142,0.75688798,7.59047369,-4.93378748,-0.00365935,lower,shift_to_upper
P09143,0.75689657,7.55908007,4.82213268,-0.52093105,upper,shift_to_upper
P09144,0.75691648,7.55249717,-4.96820316,-0.03708481,lower,shift_to_upper
P09145,0.75696997,7.5406143,0.05654863,-0.42838368,middle,shift_to_upper
P09146,0.75697594,7.55716864,4.78171658,-0.44957789,upper,shift_to_upper
P09147,0.75699,7.62249357,4.93538566,-0.39227305,upper,shift_to_upper
P09148,0.75710073,7.56068612,0.09034794,-0.40715161,middle,shift_to_upper
P09149,0.75727856,7.49713956,4.84442773,-0.56776264,upper,shift_to_upper
P09150,0.75730628,7.58456213,4.91136862,-0.41448743,upper,shift_to_upper
P09151,0.75735287,7.6107921,4.89903724,-0.62647473,upper,shift_to_upper
P09152,0.75735295,7.54228408,-5.30336993,-0.1501389,lower,shift_to_upper
P09153,0.75736205,7.58287152,-4.97929137,-0.0467389,lower,shift_to_upper
P09154,0.75736949,7.58333436,-0.07247147,-0.29009776,middle,shift_to_upper
P09155,0.75737144,7.56487958,-4.98033844,0.00826789,lower,shift_to_upper
P09156,0.75746991,7.53752119,-0.07529226,-0.38625246,middle,shift_to_upper
P09157,0.75754367,7.56929318,-4.9328915,0.06606972,lower,shift_to_upper
P09158,0.75768482,7.59070532,-0.1061942,-0.33890282,middle,shift_to_upper
P09159,0.75772223,7.53641448,-5.16859282,0.02669391,lower,shift_to_upper
P09160,0.75774277,7.59243831,-5.03464057,-0.06235721,lower,shift_to_upper
P09161,0.75801749,7.51540589,-4.99739008,-0.07352594,lower,shift_to_upper
P09162,0.75810003,7.55890113,4.92049567,-0.48487363,upper,shift_to_upper
P09163,0.75810288,7.60396669,-0.12839052,-0.37612411,middle,shift_to_upper
P09164,0.75825186,7.55816472,-4.97003412,-0.22311997,lower,shift_to_upper
P09165,0.75826025,7.5809014,-0.06374579,-0.3827871,middle,shift_to_upper
P09166,0.75827754,7.56810112,-0.05586869,-0.37796804,middle,shift_to_upper
P09167,0.75829573,7.60620375,-0.14627787,-0.27306424,middle,shift_to_upper
P09168,0.75841638,7.58192675,-5.11228518,-0.05579873,lower,shift_to_upper
P09169,0.75843132,7.59396762,-4.92422677,-0.00942418,lower,shift_to_upper
P09170,0.75843692,7.5316007,-4.86991224,-0.09464741,lower,shift_to_upper
P09171,0.75853662,7.57943732,4.92270711,-0.43313027,upper,shift_to_upper
P09172,0.75854902,7.56428838,-5.23142803,0.01380431,lower,shift_to_upper
P09173,0.75858419,7.57051178,5.03656601,-0.45679185,upper,shift_to_upper
P09174,0.7586096,7.54687492,-0.08656264,-0.37690952,middle,shift_to_upper
P09175,0.75870359,7.58413723,-0.14406293,-0.26579553,middle,shift_to_upper
P09176,0.75871491,7.62518531,4.93830429,-0.34905112,upper,shift_to_upper
P09177,0.75874142,7.6107996,-0.06903605,-0.32604111,middle,shift_to_upper
P09178,0.75883385,7.59796756,-5.04281473,-0.03211472,lower,shift_to_upper
P09179,0.75896997,7.59850889,0.03884343,-0.24317006,middle,shift_to_upper
P09180,0.75907851,7.57130253,-0.18531277,-0.39640456,middle,shift_to_upper
P09181,0.75914777,7.65665868,-0.15889097,-0.36602173,middle,shift_to_upper
P09182,0.75941818,7.58939648,4.86602372,-0.44916718,upper,shift_to_upper
P09183,0.75944132,7.56570052,4.92772795,-0.39949595,upper,shift_to_upper
P09184,0.75956569,7.61981395,-4.88899435,-0.03948815,lower,shift_to_upper
P09185,0.75963164,7.59084686,-5.0212042,-0.07824968,lower,shift_to_upper
P09186,0.75966968,7.58502336,-5.09748747,-0.12178023,lower,shift_to_upper
P09187,0.75968054,7.5837079,-0.12578334,-0.4232392,middle,shift_to_upper
P09188,0.75968175,7.63235375,-4.86483077,-0.01214143,lower,shift_to_upper
P09189,0.75977001,7.60117588,-0.11206654,-0.22071591,middle,shift_to_upper
P09190,0.75980708,7.59656451,4.95748261,-0.42092947,upper,shift_to_upper
P09191,0.75995982,7.58653684,4.97779528,-0.46168759,upper,shift_to_upper
P09192,0.76017097,7.55848771,-0.10205459,-0.33743155,middle,shift_to_upper
P09193,0.76032848,7.56277134,4.94541957,-0.47761539,upper,shift_to_upper
P09194,0.7604721,7.59955437,4.84783627,-0.40037188,upper,shift_to_upper
P09195,0.76058672,7.6285957,-5.01770117,-0.17355846,lower,shift_to_upper
P09196,0.76062953,7.59200995,-0.26712477,-0.44252701,middle,shift_to_upper
P09197,0.76082249,7.60581449,4.99883642,-0.38844537,upper,shift_to_upper
P09198,0.76082497,7.56799348,-5.05710511,-0.13292391,lower,shift_to_upper
P09199,0.76091699,7.62650329,4.72425331,-0.50764672,upper,shift_to_upper
P09200,0.76101552,7.64041674,4.80325651,-0.47945233,upper,shift_to_upper
P09201,0.76102219,7.6357429,-5.0639312,0.08205613,lower,shift_to_upper
P09202,0.76102936,7.61267982,5.00611948,-0.45840956,upper,shift_to_upper
P09203,0.7610722,7.59595226,-5.12790802,-0.02049555,lower,shift_to_upper
P09204,0.76111062,7.63759873,-0.02691438,-0.28369184,middle,shift_to_upper
P09205,0.76112381,7.56442835,-4.97376008,-0.09021512,lower,shift_to_upper
P09206,0.76135972,7.61490942,4.81965179,-0.57045941,upper,shift_to_upper
P09207,0.7615076,7.62183543,4.85811733,-0.41400743,upper,shift_to_upper
P09208,0.76153369,7.66867534,-4.83559471,0.06566604,lower,shift_to_upper
P09209,0.76159705,7.62588331,-0.05225371,-0.48826466,middle,shift_to_upper
P09210,0.76179233,7.59318911,-4.93691511,0.00202479,lower,shift_to_upper
P09211,0.7617944,7.56484422,-4.9918783,-0.07511299,lower,shift_to_upper
P09212,0.76179629,7.60900321,5.12133339,-0.43448436,upper,shift_to_upper
P09213,0.76183635,7.62834779,-0.12731802,-0.3921275,middle,shift_to_upper
P09214,0.76199384,7.63338833,4.84970225,-0.64063971,upper,shift_to_upper
P09215,0.7621233,7.602913,4.80063471,-0.45705963,upper,shift_to_upper
P09216,0.76215562,7.61319697,0.00317835,-0.48389586,middle,shift_to_upper
P09217,0.76230925,7.6135199,-4.90546723,-0.04710574,lower,shift_to_upper
P09218,0.76232978,7.60010321,4.94070848,-0.39855548,upper,shift_to_upper
P09219,0.76252609,7.601458,4.90679685,-0.35925716,upper,shift_to_upper
P09220,0.76252727,7.69215832,4.80826883,-0.32915517,upper,shift_to_upper
P09221,0.76255883,7.63663519,4.85370281,-0.49190437,upper,shift_to_upper
P09222,0.76265251,7.60344168,-5.02599489,-0.11817685,lower,shift_to_upper
P09223,0.76268517,7.63170146,-0.17852949,-0.41449539,middle,shift_to_upper
P09224,0.76269116,7.65267731,-0.02898552,-0.27599288,middle,shift_to_upper
P09225,0.7627927,7.60316232,5.0777548,-0.33539158,upper,shift_to_upper
P09226,0.76282565,7.63067266,4.89495938,-0.34321865,upper,shift_to_upper
P09227,0.76283595,7.6353227,-0.08700307,-0.54743056,middle,shift_to_upper
P09228,0.76283877,7.65123758,-0.17437582,-0.26706044,middle,shift_to_upper
P09229,0.76319222,7.66927684,-5.01297783,0.10267256,lower,shift_to_upper
P09230,0.7633892,7.66445697,-5.16614419,-0.17086225,lower,shift_to_upper
P09231,0.76341065,7.64656883,4.83996458,-0.50771901,upper,shift_to_upper
P09232,0.76341829,7.63229623,4.9781259,-0.3553845,upper,shift_to_upper
P09233,0.76345538,7.60968883,-5.16395201,-0.0239936,lower,shift_to_upper
P09234,0.76381174,7.67983365,-5.18524815,-0.09066061,lower,shift_to_upper
P09235,0.76381384,7.69499777,4.86276466,-0.47724288,upper,shift_to_upper
P09236,0.76382397,7.66674644,-5.21331928,-0.07776924,lower,shift_to_upper
P09237,0.76395369,7.64531231,-0.04948327,-0.46213365,middle,shift_to_upper
P09238,0.76395537,7.61639859,-4.87784328,-0.02580495,lower,shift_to_upper
P09239,0.76396375,7.60573313,-5.07270643,-0.06670055,lower,shift_to_upper
P09240,0.76401405,7.59887438,4.68839049,-0.49476649,upper,shift_to_upper
P09241,0.764064,7.64040383,-0.27590428,-0.36072606,middle,shift_to_upper
P09242,0.7642987,7.6359772,-0.34086089,-0.50434548,middle,shift_to_upper
P09243,0.76436039,7.66779471,5.10788373,-0.45784971,upper,shift_to_upper
P09244,0.76472819,7.62448823,-4.8645899,-0.05766749,lower,shift_to_upper
P09245,0.76486313,7.66307683,-0.12995475,-0.40891934,middle,shift_to_upper
P09246,0.76487184,7.68159103,-4.96816424,-0.03488031,lower,shift_to_upper
P09247,0.7649605,7.60372493,-0.26801522,-0.38134116,middle,shift_to_upper
P09248,0.76496698,7.66555644,4.93523486,-0.46173153,upper,shift_to_upper
P09249,0.76501715,7.67441767,-0.19310628,-0.32609622,middle,shift_to_upper
P09250,0.76504043,7.65068174,4.6922581,-0.51136965,upper,shift_to_upper
P09251,0.76504503,7.67135744,4.80675193,-0.42707428,upper,shift_to_upper
P09252,0.76505796,7.65129279,4.95232565,-0.37198889,upper,shift_to_upper
P09253,0.76516089,7.67224187,-4.88228284,-0.03268062,lower,shift_to_upper
P09254,0.76519194,7.66448347,-4.97606659,-0.17874538,lower,shift_to_upper
P09255,0.76521419,7.66298486,-4.82582433,-0.10407665,lower,shift_to_upper
P09256,0.76556483,7.65695187,-0.11842445,-0.32806495,middle,shift_to_upper
P09257,0.76564105,7.68133976,4.84474414,-0.45882136,upper,shift_to_upper
P09258,0.76564913,7.6623734,-0.12708151,-0.41844577,middle,shift_to_upper
P09259,0.76578981,7.64828772,4.87687858,-0.34216328,upper,shift_to_upper
P09260,0.76585123,7.64256377,4.93304743,-0.50159462,upper,shift_to_upper
P09261,0.76589358,7.6883913,-5.01662127,-0.04606603,lower,shift_to_upper
P09262,0.7658984,7.63092243,4.84993194,-0.49172267,upper,shift_to_upper
P09263,0.76591375,7.68960093,4.79091677,-0.39038896,upper,shift_to_upper
P09264,0.76595207,7.72987659,4.90306917,-0.41249754,upper,shift_to_upper
P09265,0.76609014,7.62396513,-5.19488297,-0.10831286,lower,shift_to_upper
P09266,0.76612375,7.66462998,4.94694828,-0.46522992,upper,shift_to_upper
P09267,0.76616094,7.6575888,4.82697965,-0.54689884,upper,shift_to_upper
P09268,0.76617659,7.65670704,4.99026581,-0.50415653,upper,shift_to_upper
P09269,0.76621308,7.65283707,-0.19361981,-0.3309146,middle,shift_to_upper
P09270,0.76630279,7.64278858,-0.100781,-0.2895395,middle,shift_to_upper
P09271,0.76638521,7.68148505,-4.82098763,-0.15639621,lower,shift_to_upper
P09272,0.7666563,7.66658992,4.93009009,-0.60751214,upper,shift_to_upper
P09273,0.76678659,7.68027718,-4.98643657,-0.04854518,lower,shift_to_upper
P09274,0.76692023,7.71009899,-5.16860059,-0.02239943,lower,shift_to_upper
P09275,0.76694433,7.67165958,-0.12803645,-0.38639353,middle,shift_to_upper
P09276,0.7671019,7.65633686,-5.17362926,-0.13267314,lower,shift_to_upper
P09277,0.76722564,7.64865468,-0.15158118,-0.34926184,middle,shift_to_upper
P09278,0.76725659,7.69196281,4.93926407,-0.36136321,upper,shift_to_upper
P09279,0.76729612,7.66348262,4.89323607,-0.53377732,upper,shift_to_upper
P09280,0.76732661,7.69100689,-5.10807867,-0.10755288,lower,shift_to_upper
P09281,0.76739702,7.65432834,4.99982745,-0.47612211,upper,shift_to_upper
P09282,0.7675394,7.6632614,-5.01020812,-0.02678199,lower,shift_to_upper
P09283,0.76757289,7.70825866,-0.19858184,-0.3712018,middle,shift_to_upper
P09284,0.76764248,7.65839479,-4.93644974,-0.18935293,lower,shift_to_upper
P09285,0.76793452,7.68896703,4.851774,-0.43147635,upper,shift_to_upper
P09286,0.76797842,7.64118664,4.9955526,-0.28557142,upper,shift_to_upper
P09287,0.76806139,7.69113378,-5.06551239,-0.0551188,lower,shift_to_upper
P09288,0.76823584,7.68692242,-5.14481095,-0.07690173,lower,shift_to_upper
P09289,0.76824091,7.7017002,-0.24331049,-0.36633286,middle,shift_to_upper
P09290,0.76841087,7.71688787,0.01547015,-0.28905588,middle,shift_to_upper
P09291,0.76843883,7.68692444,-0.15284506,-0.4078848,middle,shift_to_upper
P09292,0.76846507,7.71589315,-5.0646295,-0.02208999,lower,shift_to_upper
P09293,0.7685167,7.7268798,4.80971339,-0.62363781,upper,shift_to_upper
P09294,0.76858962,7.67614956,5.00744729,-0.33286051,upper,shift_to_upper
P09295,0.76876356,7.68932312,-4.95175683,0.01575345,lower,shift_to_upper
P09296,0.76891518,7.68534646,-0.22499521,-0.24772139,middle,shift_to_upper
P09297,0.76897819,7.71913625,-5.10037895,-0.12481861,lower,shift_to_upper
P09298,0.76908338,7.66885254,4.99487957,-0.32376491,upper,shift_to_upper
P09299,0.76912948,7.68284334,-0.0144541,-0.41411162,middle,shift_to_upper
P09300,0.76960875,7.67774377,-5.10046512,-0.03807781,lower,shift_to_upper
P09301,0.76962717,7.67741159,-0.10076249,-0.46240255,middle,shift_to_upper
P09302,0.7696306,7.71122413,-4.99035449,-0.1208428,lower,shift_to_upper
P09303,0.76986037,7.71446488,5.11947392,-0.30574115,upper,shift_to_upper
P09304,0.77018369,7.70535987,-0.12485375,-0.42979441,middle,shift_to_upper
P09305,0.77047874,7.71615049,-0.28687754,-0.36636949,middle,shift_to_upper
P09306,0.77051455,7.71855728,-0.01634395,-0.31715273,middle,shift_to_upper
P09307,0.77056168,7.68971653,4.7913697,-0.42609109,upper,shift_to_upper
P09308,0.7705632,7.73167266,4.88763001,-0.48629181,upper,shift_to_upper
P09309,0.77057415,7.67997641,-5.09436933,-0.21048047,lower,shift_to_upper
P09310,0.77059088,7.65022689,4.86424582,-0.49954846,upper,shift_to_upper
P09311,0.77078319,7.74383811,-5.1442841,-0.06225306,lower,shift_to_upper
P09312,0.77079164,7.70950614,-5.15987135,-0.21716802,lower,shift_to_upper
P09313,0.770938,7.72717493,-0.07268015,-0.49405636,middle,shift_to_upper
P09314,0.77101263,7.70699529,-0.08942232,-0.48154152,middle,shift_to_upper
P09315,0.77114793,7.69887747,4.74807572,-0.3876391,upper,shift_to_upper
P09316,0.77136553,7.70838344,-5.02025998,-0.13409968,lower,shift_to_upper
P09317,0.77147584,7.72227591,-0.12012821,-0.42817872,middle,shift_to_upper
P09318,0.77151745,7.7531393,-5.08058154,-0.18065854,lower,shift_to_upper
P09319,0.77165482,7.72372153,5.14234792,-0.30727197,upper,shift_to_upper
P09320,0.77169127,7.70056643,4.75662032,-0.4095403,upper,shift_to_upper
P09321,0.77180828,7.70845222,0.02455744,-0.28530518,middle,shift_to_upper
P09322,0.77182647,7.72558796,4.77045698,-0.60991783,upper,shift_to_upper
P09323,0.77201831,7.72139666,-5.02173466,-0.21314006,lower,shift_to_upper
P09324,0.77207646,7.70733284,4.9390182,-0.48504291,upper,shift_to_upper
P09325,0.77219935,7.74747889,-0.17891422,-0.46557649,middle,shift_to_upper
P09326,0.77227518,7.72291861,-5.16406357,-0.19197067,lower,shift_to_upper
P09327,0.7723732,7.7310032,4.95312919,-0.37273924,upper,shift_to_upper
P09328,0.77252507,7.6996212,4.88875153,-0.41166362,upper,shift_to_upper
P09329,0.77260939,7.74042628,-4.89415291,-0.12220079,lower,shift_to_upper
P09330,0.77285064,7.70026,-0.07130602,-0.32554667,middle,shift_to_upper
P09331,0.77289516,7.72800403,4.77256954,-0.54682424,upper,shift_to_upper
P09332,0.77299662,7.73609235,-0.11399703,-0.43711481,middle,shift_to_upper
P09333,0.7731059,7.7301842,-5.06751459,-0.24602008,lower,shift_to_upper
P09334,0.77321019,7.72650696,-5.08752627,-0.23324672,lower,shift_to_upper
P09335,0.77324763,7.75661623,4.94037732,-0.38576906,upper,shift_to_upper
P09336,0.77327595,7.71667703,-0.20619721,-0.42976268,middle,shift_to_upper
P09337,0.77335988,7.79544161,-0.11329649,-0.42550072,middle,shift_to_upper
P09338,0.7733682,7.70827872,-0.14257871,-0.46522617,middle,shift_to_upper
P09339,0.77348666,7.75813213,-0.1958145,-0.45350958,middle,shift_to_upper
P09340,0.773542,7.70242398,4.83718818,-0.54588301,upper,shift_to_upper
P09341,0.77359099,7.72573105,-0.1642855,-0.22988289,middle,shift_to_upper
P09342,0.77366688,7.71091815,-0.14372334,-0.4658806,middle,shift_to_upper
P09343,0.7736856,7.74701655,4.69503234,-0.44203681,upper,shift_to_upper
P09344,0.77369264,7.74056799,-0.04676033,-0.41078124,middle,shift_to_upper
P09345,0.77369778,7.72847746,-4.84568829,-0.07692391,lower,shift_to_upper
P09346,0.77378226,7.70430082,-4.98254693,-0.08845021,lower,shift_to_upper
P09347,0.77389375,7.75924839,-4.95695948,-0.16347911,lower,shift_to_upper
P09348,0.77395179,7.74295323,4.95157498,-0.4645575,upper,shift_to_upper
P09349,0.77405519,7.74648731,4.77247395,-0.52788078,upper,shift_to_upper
P09350,0.77411775,7.70912965,-5.21842131,-0.04096508,lower,shift_to_upper
P09351,0.77415167,7.76881495,-0.19695777,-0.54132906,middle,shift_to_upper
P09352,0.77418482,7.73240205,-0.15501732,-0.55977488,middle,shift_to_upper
P09353,0.77421659,7.73931747,-4.84356049,-0.25146379,lower,shift_to_upper
P09354,0.77424751,7.72127718,-0.17834114,-0.36851736,middle,shift_to_upper
P09355,0.77435064,7.78929138,-0.22329208,-0.47727606,middle,shift_to_upper
P09356,0.77435598,7.75923829,-0.08364767,-0.41264197,middle,shift_to_upper
P09357,0.77443605,7.72480586,-0.27657206,-0.56555641,middle,shift_to_upper
P09358,0.77446148,7.73920871,4.82097905,-0.5027436,upper,shift_to_upper
P09359,0.7745195,7.76670174,4.8568124,-0.39189358,upper,shift_to_upper
P09360,0.77464988,7.75350335,-4.9430107,-0.17364839,lower,shift_to_upper
P09361,0.77495717,7.75791527,-0.0182995,-0.36439159,middle,shift_to_upper
P09362,0.77505109,7.71844331,-0.20698308,-0.40421154,middle,shift_to_upper
P09363,0.77516621,7.7936449,-5.11061803,-0.15153163,lower,shift_to_upper
P09364,0.77523005,7.69545579,-5.19055657,-0.00412987,lower,shift_to_upper
P09365,0.7752882,7.77831108,4.77159085,-0.6444661,upper,shift_to_upper
P09366,0.77532671,7.77797493,0.03581297,-0.51562149,middle,shift_to_upper
P09367,0.77535815,7.7485561,4.7455937,-0.39310219,upper,shift_to_upper
P09368,0.77537162,7.72754231,-0.33836268,-0.26801776,middle,shift_to_upper
P09369,0.77539597,7.71762867,4.89119889,-0.41358615,upper,shift_to_upper
P09370,0.77556505,7.79179545,4.75864453,-0.46235636,upper,shift_to_upper
P09371,0.77559766,7.79428532,-5.01112778,-0.09531817,lower,shift_to_upper
P09372,0.77572352,7.75959159,-5.02986139,-0.04523059,lower,shift_to_upper
P09373,0.77573211,7.81728934,5.11728056,-0.36888726,upper,shift_to_upper
P09374,0.77583899,7.78517615,-4.95015272,-0.22251922,lower,shift_to_upper
P09375,0.77589499,7.81579941,4.94315746,-0.42758394,upper,shift_to_upper
P09376,0.77597515,7.76717935,-5.08825394,-0.17225897,lower,shift_to_upper
P09377,0.77601756,7.77172076,4.84286215,-0.5489748,upper,shift_to_upper
P09378,0.77629272,7.72151733,4.78678945,-0.37202692,upper,shift_to_upper
P09379,0.77633499,7.7816908,4.96293466,-0.51341318,upper,shift_to_upper
P09380,0.77637428,7.79932225,-0.12206533,-0.35391516,middle,shift_to_upper
P09381,0.77638727,7.75722967,4.78298328,-0.37609334,upper,shift_to_upper
P09382,0.77642403,7.82279656,-5.08753237,-0.13633661,lower,shift_to_upper
P09383,0.77645733,7.76222559,-0.17988422,-0.51568039,middle,shift_to_upper
P09384,0.77662284,7.72870535,0.02570255,-0.39225698,middle,shift_to_upper
P09385,0.77668918,7.76679124,-5.01768587,-0.1808889,lower,shift_to_upper
P09386,0.77676231,7.75242789,-5.03203442,-0.09303789,lower,shift_to_upper
P09387,0.77685519,7.75305612,-0.10973808,-0.39483539,middle,shift_to_upper
P09388,0.7768597,7.77617251,4.6242937,-0.40304405,upper,shift_to_upper
P09389,0.77688862,7.75539571,4.77106526,-0.40436079,upper,shift_to_upper
P09390,0.77695197,7.74509004,-0.20295693,-0.47041943,middle,shift_to_upper
P09391,0.77706272,7.78288418,4.92332787,-0.37307747,upper,shift_to_upper
P09392,0.77740674,7.76801214,4.8944495,-0.55235186,upper,shift_to_upper
P09393,0.77745797,7.76829852,0.05323826,-0.32468818,middle,shift_to_upper
P09394,0.77760037,7.79423728,-5.13356609,-0.26048873,lower,shift_to_upper
P09395,0.7776855,7.77192629,-5.07250121,-0.11757732,lower,shift_to_upper
P09396,0.77777419,7.80600163,-5.21237492,-0.07496884,lower,shift_to_upper
P09397,0.77782272,7.76809795,-5.1376502,-0.00387626,lower,shift_to_upper
P09398,0.77823016,7.81330035,-4.91495474,-0.17412154,lower,shift_to_upper
P09399,0.77825854,7.77276036,0.1783557,-0.37673292,middle,shift_to_upper
P09400,0.77826065,7.81220235,-0.0481571,-0.38102512,middle,shift_to_upper
P09401,0.77840126,7.78164259,4.75725819,-0.46922439,upper,shift_to_upper
P09402,0.77840598,7.77728415,4.94923673,-0.45120632,upper,shift_to_upper
P09403,0.77922052,7.77504508,4.9284093,-0.51886905,upper,shift_to_upper
P09404,0.77943922,7.77406619,0.00231473,-0.3427503,middle,shift_to_upper
P09405,0.77945944,7.82817513,-0.17982256,-0.25242802,middle,shift_to_upper
P09406,0.77946885,7.8127849,-4.95967651,-0.14256344,lower,shift_to_upper
P09407,0.77966895,7.74997011,4.65855377,-0.6337864,upper,shift_to_upper
P09408,0.77967896,7.80360225,-4.72774136,-0.05228136,lower,shift_to_upper
P09409,0.77968016,7.79368018,4.78965503,-0.3417268,upper,shift_to_upper
P09410,0.77978468,7.80950002,-0.02565005,-0.2362161,middle,shift_to_upper
P09411,0.77990622,7.77429188,4.66915216,-0.39461384,upper,shift_to_upper
P09412,0.77993694,7.80739655,4.88543888,-0.39463358,upper,shift_to_upper
P09413,0.78001979,7.78924977,-0.32513637,-0.20620861,middle,shift_to_upper
P09414,0.78004439,7.80206077,4.9381973,-0.55326924,upper,shift_to_upper
P09415,0.78025804,7.73481528,4.95840345,-0.48277832,upper,shift_to_upper
P09416,0.78033849,7.78065052,5.02461232,-0.48810875,upper,shift_to_upper
P09417,0.78048455,7.78362252,4.93811633,-0.41559247,upper,shift_to_upper
P09418,0.78053793,7.81043076,-5.00518431,0.10638188,lower,shift_to_upper
P09419,0.78057658,7.81861051,4.88802211,-0.47565384,upper,shift_to_upper
P09420,0.78070365,7.83372416,-4.99289089,-0.18729885,lower,shift_to_upper
P09421,0.78082717,7.79770546,5.10516383,-0.40254325,upper,shift_to_upper
P09422,0.78098185,7.74051399,4.85231085,-0.38377919,upper,shift_to_upper
P09423,0.78101572,7.82631718,4.90900224,-0.43814506,upper,shift_to_upper
P09424,0.78108376,7.77358597,-5.08864962,-0.16970201,lower,shift_to_upper
P09425,0.78114424,7.82741459,-5.2476693,-0.0937495,lower,shift_to_upper
P09426,0.78114473,7.79529966,-0.13825714,-0.34465121,middle,shift_to_upper
P09427,0.78119127,7.80093777,-0.08042984,-0.30525457,middle,shift_to_upper
P09428,0.78126531,7.83301052,4.88190591,-0.37123279,upper,shift_to_upper
P09429,0.78129885,7.7986514,-4.85214408,-0.25806664,lower,shift_to_upper
P09430,0.78133692,7.80291429,4.8455699,-0.4831617,upper,shift_to_upper
P09431,0.78150566,7.81996423,4.91451924,-0.41961706,upper,shift_to_upper
P09432,0.78162897,7.77253628,4.84801038,-0.30283142,upper,shift_to_upper
P09433,0.78170135,7.81585598,-5.11580637,-0.23963437,lower,shift_to_upper
P09434,0.78178953,7.78143662,4.9412923,-0.24126369,upper,shift_to_upper
P09435,0.78202744,7.82865912,4.92533996,-0.38689994,upper,shift_to_upper
P09436,0.78205007,7.82881985,4.8334015,-0.41686535,upper,shift_to_upper
P09437,0.7821072,7.80868752,4.75906349,-0.50595311,upper,shift_to_upper
P09438,0.78211673,7.83846831,-5.08374884,-0.16510408,lower,shift_to_upper
P09439,0.78228321,7.8198899,-5.15351645,-0.1829332,lower,shift_to_upper
P09440,0.78243041,7.87604269,4.95946239,-0.35055654,upper,shift_to_upper
P09441,0.78250568,7.8131785,4.86924059,-0.43981351,upper,shift_to_upper
P09442,0.78253342,7.85094503,4.93251392,-0.52835098,upper,shift_to_upper
P09443,0.78259972,7.82225543,4.78191364,-0.57646209,upper,shift_to_upper
P09444,0.78274948,7.84065988,5.01538175,-0.32740831,upper,shift_to_upper
P09445,0.78287932,7.85086699,-0.21861619,-0.28746013,middle,shift_to_upper
P09446,0.78296864,7.81568994,-4.94576192,-0.24936864,lower,shift_to_upper
P09447,0.78302954,7.81965756,-0.09511011,-0.55923385,middle,shift_to_upper
P09448,0.78309589,7.82144099,-4.95518835,-0.19542022,lower,shift_to_upper
P09449,0.78311067,7.80590627,4.98286876,-0.29762894,upper,shift_to_upper
P09450,0.78318726,7.79338865,4.94322451,-0.33688877,upper,shift_to_upper
P09451,0.78322325,7.85438563,-4.96720376,-0.14588805,lower,shift_to_upper
P09452,0.78322966,7.83459747,5.14550832,-0.50677567,upper,shift_to_upper
P09453,0.78334408,7.84298172,4.83476019,-0.5008884,upper,shift_to_upper
P09454,0.78336626,7.79773119,-0.02688901,-0.3965385,middle,shift_to_upper
P09455,0.78337474,7.82017124,-0.06312781,-0.57861435,middle,shift_to_upper
P09456,0.78345103,7.83487444,5.03267524,-0.52470543,upper,shift_to_upper
P09457,0.78348185,7.82032027,4.97817154,-0.51093757,upper,shift_to_upper
P09458,0.78375014,7.8206227,-0.06791514,-0.44743003,middle,shift_to_upper
P09459,0.7838726,7.86981689,-0.2029406,-0.41670579,middle,shift_to_upper
P09460,0.78390598,7.77268029,-0.17988693,-0.30205919,middle,shift_to_upper
P09461,0.78427839,7.81747601,-5.11453486,0.02395296,lower,shift_to_upper
P09462,0.7843981,7.85507292,-5.16423757,-0.26883468,lower,shift_to_upper
P09463,0.78447417,7.9040384,-5.017933,-0.20480456,lower,shift_to_upper
P09464,0.78450862,7.83547967,4.91528361,-0.43982607,upper,shift_to_upper
P09465,0.78453777,7.83910684,-0.1024254,-0.42255048,middle,shift_to_upper
P09466,0.78454523,7.84184672,-4.99574422,-0.23600205,lower,shift_to_upper
P09467,0.78457253,7.85989926,-0.17321838,-0.51197804,middle,shift_to_upper
P09468,0.78462246,7.8499894,-0.00853648,-0.44470915,middle,shift_to_upper
P09469,0.78473412,7.87361179,-5.01865208,-0.22721532,lower,shift_to_upper
P09470,0.78478964,7.87311977,5.16451795,-0.46197908,upper,shift_to_upper
P09471,0.78490583,7.81228821,-5.09985596,-0.18823209,lower,shift_to_upper
P09472,0.78500294,7.86211667,-0.19038983,-0.38907441,middle,shift_to_upper
P09473,0.78501357,7.8295314,4.78912922,-0.39473485,upper,shift_to_upper
P09474,0.78513344,7.86794235,4.88653841,-0.43949323,upper,shift_to_upper
P09475,0.78525292,7.81344259,-5.02797378,-0.24517187,lower,shift_to_upper
P09476,0.78528098,7.86610185,-5.20158194,-0.1881836,lower,shift_to_upper
P09477,0.78532068,7.86601433,-5.01567406,-0.14481873,lower,shift_to_upper
P09478,0.78544037,7.85866051,4.87315697,-0.48128792,upper,shift_to_upper
P09479,0.78556215,7.86690693,-4.98924827,-0.0360726,lower,shift_to_upper
P09480,0.78566165,7.8259307,-5.12451502,-0.28864963,lower,shift_to_upper
P09481,0.78567539,7.88389863,4.90416433,-0.38390816,upper,shift_to_upper
P09482,0.78570348,7.82940373,4.96697227,-0.32694638,upper,shift_to_upper
P09483,0.7857083,7.85706224,-4.95227821,-0.22875795,lower,shift_to_upper
P09484,0.78609859,7.8848147,4.8438452,-0.50444639,upper,shift_to_upper
P09485,0.78616132,7.87998225,-0.04378835,-0.5565777,middle,shift_to_upper
P09486,0.78617312,7.90593853,0.09872238,-0.40915478,middle,shift_to_upper
P09487,0.78618803,7.84109918,-5.14901498,-0.27414617,lower,shift_to_upper
P09488,0.78623047,7.84551278,-5.09803363,-0.327089,lower,shift_to_upper
P09489,0.78626572,7.84576092,4.82709411,-0.50028116,upper,shift_to_upper
P09490,0.78633294,7.85767365,4.94131749,-0.34776555,upper,shift_to_upper
P09491,0.78637988,7.86806889,4.95352189,-0.41903607,upper,shift_to_upper
P09492,0.78661522,7.83469963,4.97364346,-0.49047351,upper,shift_to_upper
P09493,0.78662107,7.90597399,-5.18306795,-0.14127962,lower,shift_to_upper
P09494,0.78663048,7.87536542,4.90209139,-0.34861487,upper,shift_to_upper
P09495,0.78672748,7.86283277,4.76188362,-0.27213047,upper,shift_to_upper
P09496,0.78676355,7.87702161,-4.91614851,-0.15313542,lower,shift_to_upper
P09497,0.7868662,7.8574635,-0.16830946,-0.4652549,middle,shift_to_upper
P09498,0.78689959,7.86439565,4.96763975,-0.40649275,upper,shift_to_upper
P09499,0.78691427,7.86458188,4.8341235,-0.36781826,upper,shift_to_upper
P09500,0.78693859,7.87319731,5.02298516,-0.29609772,upper,shift_to_upper
P09501,0.78710859,7.91070237,4.98236887,-0.45461926,upper,shift_to_upper
P09502,0.78717678,7.90057469,-5.16594218,-0.18683039,lower,shift_to_upper
P09503,0.78731795,7.87339817,-5.21903361,-0.25582006,lower,shift_to_upper
P09504,0.78789757,7.84017694,-0.14168609,-0.28862489,middle,shift_to_upper
P09505,0.78803331,7.8642333,-5.11831933,-0.09876943,lower,shift_to_upper
P09506,0.78826288,7.92180065,-5.01386546,-0.24590577,lower,shift_to_upper
P09507,0.78840384,7.8681274,-5.15713332,-0.24805453,lower,shift_to_upper
P09508,0.78859272,7.85679018,-0.2679819,-0.50000973,middle,shift_to_upper
P09509,0.7886327,7.86728731,-5.10160046,-0.19291299,lower,shift_to_upper
P09510,0.78867111,7.87178845,4.72420132,-0.33731684,upper,shift_to_upper
P09511,0.78868339,7.87212502,-4.93725995,-0.03583607,lower,shift_to_upper
P09512,0.78880279,7.84720656,-5.0251807,-0.07090591,lower,shift_to_upper
P09513,0.78887727,7.89559623,-0.16009912,-0.45569314,middle,shift_to_upper
P09514,0.78892285,7.90180237,4.72307794,-0.2685582,upper,shift_to_upper
P09515,0.78895112,7.88317442,4.76667658,-0.36435754,upper,shift_to_upper
P09516,0.78899517,7.8693962,4.74029941,-0.4896969,upper,shift_to_upper
P09517,0.78899855,7.89191748,-0.26339788,-0.36007854,middle,shift_to_upper
P09518,0.78930166,7.92666904,4.91955607,-0.18167166,upper,shift_to_upper
P09519,0.78931395,7.90785329,0.0126979,-0.39440843,middle,shift_to_upper
P09520,0.78932858,7.89699798,0.01457522,-0.40666767,middle,shift_to_upper
P09521,0.78976734,7.94561354,5.06516918,-0.48639061,upper,shift_to_upper
P09522,0.78987207,7.88947988,0.04902957,-0.43081154,middle,shift_to_upper
P09523,0.79004815,7.91978261,-5.16733498,-0.04257906,lower,shift_to_upper
P09524,0.79009964,7.87354028,4.92323329,-0.3720478,upper,shift_to_upper
P09525,0.79011982,7.89080522,-0.04689646,-0.34427708,middle,shift_to_upper
P09526,0.79012357,7.90261537,5.06959515,-0.4946139,upper,shift_to_upper
P09527,0.79015255,7.93412782,4.87366783,-0.40790869,upper,shift_to_upper
P09528,0.79016812,7.91916247,-0.13926898,-0.25862543,middle,shift_to_upper
P09529,0.79020399,7.89380656,4.87216291,-0.35601432,upper,shift_to_upper
P09530,0.79046793,7.90389735,4.73654755,-0.47364747,upper,shift_to_upper
P09531,0.79049895,7.88169759,5.14779638,-0.49254163,upper,shift_to_upper
P09532,0.79055334,7.92049773,5.04792775,-0.39240514,upper,shift_to_upper
P09533,0.7905789,7.89019398,4.7467715,-0.60416173,upper,shift_to_upper
P09534,0.79069546,7.93400904,4.91544519,-0.33949432,upper,shift_to_upper
P09535,0.79070362,7.94030913,4.94826279,-0.31801024,upper,shift_to_upper
P09536,0.79078943,7.89555522,-5.17890935,0.03045626,lower,shift_to_upper
P09537,0.79080708,7.91172777,-4.99249872,-0.15741358,lower,shift_to_upper
P09538,0.79084145,7.90033279,-5.09075361,-0.29530672,lower,shift_to_upper
P09539,0.7908556,7.88755108,4.96643115,-0.46485879,upper,shift_to_upper
P09540,0.79093869,7.89937514,4.84093538,-0.43299858,upper,shift_to_upper
P09541,0.79096882,7.93896637,4.82022554,-0.35302797,upper,shift_to_upper
P09542,0.79098763,7.909754,-0.0671768,-0.4137831,middle,shift_to_upper
P09543,0.79106512,7.94146032,4.98095146,-0.32678738,upper,shift_to_upper
P09544,0.79107654,7.89100916,-4.94875614,-0.2074191,lower,shift_to_upper
P09545,0.79127313,7.89124783,-5.01382536,-0.27536289,lower,shift_to_upper
P09546,0.79151006,7.88945324,4.74148744,-0.41787021,upper,shift_to_upper
P09547,0.79169521,7.94434193,4.8253517,-0.43351823,upper,shift_to_upper
P09548,0.7917132,7.94755482,4.94702754,-0.48903226,upper,shift_to_upper
P09549,0.79174938,7.91959959,0.01143193,-0.26779736,middle,shift_to_upper
P09550,0.79175419,7.87093613,4.87644899,-0.42656416,upper,shift_to_upper
P09551,0.79176674,7.94382908,-0.01297505,-0.4462306,middle,shift_to_upper
P09552,0.79185777,7.89328323,4.94813802,-0.36338389,upper,shift_to_upper
P09553,0.79188848,7.93555759,-5.06169865,-0.12724255,lower,shift_to_upper
P09554,0.79194284,7.9008395,4.86090015,-0.44696658,upper,shift_to_upper
P09555,0.79213359,7.92139236,4.82948677,-0.42800013,upper,shift_to_upper
P09556,0.79217794,7.92065449,4.89056098,-0.41193793,upper,shift_to_upper
P09557,0.79271271,7.9238204,4.93287506,-0.31562504,upper,shift_to_upper
P09558,0.79277764,7.97804944,4.8209629,-0.37610643,upper,shift_to_upper
P09559,0.79286857,7.94891823,5.00930323,-0.56797952,upper,shift_to_upper
P09560,0.79287897,7.92148864,4.89820151,-0.41132841,upper,shift_to_upper
P09561,0.79295016,7.89953513,5.04547934,-0.22533728,upper,shift_to_upper
P09562,0.79296199,7.96554146,4.86300173,-0.43594415,upper,shift_to_upper
P09563,0.79298901,7.89123086,5.22493865,-0.45234718,upper,shift_to_upper
P09564,0.79309566,7.95391651,-5.03858455,-0.26574078,lower,shift_to_upper
P09565,0.79318278,7.91055855,5.00087746,-0.38527489,upper,shift_to_upper
P09566,0.79344432,7.8939788,4.8432451,-0.38241888,upper,shift_to_upper
P09567,0.79346214,7.94301223,5.01531444,-0.46048609,upper,shift_to_upper
P09568,0.7935001,7.90760608,0.05607525,-0.33200355,middle,shift_to_upper
P09569,0.79352124,7.95314238,0.05403944,-0.52759964,middle,shift_to_upper
P09570,0.79359109,7.94242604,4.85954623,-0.53916755,upper,shift_to_upper
P09571,0.79365103,7.91823328,4.82359595,-0.45683038,upper,shift_to_upper
P09572,0.79375588,7.96340845,4.76545949,-0.38868228,upper,shift_to_upper
P09573,0.79386178,7.96005074,4.94708746,-0.38977617,upper,shift_to_upper
P09574,0.79397193,7.91784973,-5.24952639,-0.26677023,lower,shift_to_upper
P09575,0.7940216,7.91454747,-0.08996147,-0.56230076,middle,shift_to_upper
P09576,0.79407206,7.96228281,4.77684951,-0.44695969,upper,shift_to_upper
P09577,0.79407218,7.94645879,4.92156203,-0.43039451,upper,shift_to_upper
P09578,0.79432517,7.96573781,-0.01980974,-0.47902798,middle,shift_to_upper
P09579,0.79446375,7.93258638,4.84909257,-0.33303622,upper,shift_to_upper
P09580,0.79451551,7.94798665,-0.19163553,-0.36749629,middle,shift_to_upper
P09581,0.79471586,7.92669982,5.12820913,-0.42928506,upper,shift_to_upper
P09582,0.79474962,7.94292476,4.91267958,-0.37212022,upper,shift_to_upper
P09583,0.79478342,7.94475699,-0.11589404,-0.44449943,middle,shift_to_upper
P09584,0.79503432,7.97807555,5.02385819,-0.31431466,upper,shift_to_upper
P09585,0.79506532,7.95621176,-0.0557678,-0.32523324,middle,shift_to_upper
P09586,0.79524856,7.94143036,4.89343915,-0.41060782,upper,shift_to_upper
P09587,0.79532115,7.97026865,-5.06810214,-0.26669557,lower,shift_to_upper
P09588,0.79548329,7.96219163,-5.11248982,-0.21761955,lower,shift_to_upper
P09589,0.79555168,7.95409508,-5.07977488,-0.35016335,lower,shift_to_upper
P09590,0.79555701,7.98773748,4.73950831,-0.34719621,upper,shift_to_upper
P09591,0.79567865,7.99295603,4.71391115,-0.2837565,upper,shift_to_upper
P09592,0.79570015,7.95173237,4.88038785,-0.32304552,upper,shift_to_upper
P09593,0.79590215,7.95934133,4.87234596,-0.49883591,upper,shift_to_upper
P09594,0.79590599,7.93789335,4.80566746,-0.45370172,upper,shift_to_upper
P09595,0.79595003,7.95658596,-0.25003752,-0.34744414,middle,shift_to_upper
P09596,0.79603209,7.94718353,-0.30692823,-0.26160967,middle,shift_to_upper
P09597,0.79629432,7.98540833,-4.94991477,-0.23426994,lower,shift_to_upper
P09598,0.79631867,7.95482676,4.83569909,-0.40505764,upper,shift_to_upper
P09599,0.7963257,7.98311227,-4.96795503,-0.19815957,lower,shift_to_upper
P09600,0.79634695,7.96130615,4.92241578,-0.40819177,upper,shift_to_upper
P09601,0.79644755,7.93594764,4.88565813,-0.37162637,upper,shift_to_upper
P09602,0.79662308,8.0058522,0.00168237,-0.52472997,middle,shift_to_upper
P09603,0.79664866,7.94540842,4.95911076,-0.41805984,upper,shift_to_upper
P09604,0.79693347,7.97634731,5.00048072,-0.36821084,upper,shift_to_upper
P09605,0.79711593,7.96508855,4.81999743,-0.3972041,upper,shift_to_upper
P09606,0.79722004,7.97041304,-5.05137905,-0.30824852,lower,shift_to_upper
P09607,0.79738264,7.97035823,-5.06776794,-0.26906437,lower,shift_to_upper
P09608,0.79750244,7.96652749,-0.07957141,-0.40430696,middle,shift_to_upper
P09609,0.79751968,7.91718198,-0.12386589,-0.44401407,middle,shift_to_upper
P09610,0.79754611,7.92353916,5.06446084,-0.43566063,upper,shift_to_upper
P09611,0.79780014,7.93706969,5.04135095,-0.34542762,upper,shift_to_upper
P09612,0.79794353,7.97955044,4.84710923,-0.36381914,upper,shift_to_upper
P09613,0.79804778,7.97341583,0.06031121,-0.35986992,middle,shift_to_upper
P09614,0.79811282,7.96271896,-0.36410579,-0.51865121,middle,shift_to_upper
P09615,0.79819927,7.97650342,4.89944314,-0.38281654,upper,shift_to_upper
P09616,0.79821113,7.97760031,4.96115256,-0.51151591,upper,shift_to_upper
P09617,0.79826082,7.99728455,-0.06440356,-0.41936978,middle,shift_to_upper
P09618,0.79834293,7.9312321,4.80795119,-0.32795671,upper,shift_to_upper
P09619,0.79836707,7.98168493,4.88019468,-0.39968795,upper,shift_to_upper
P09620,0.79851491,7.98889359,4.90596163,-0.23815278,upper,shift_to_upper
P09621,0.79853396,7.97703373,-5.10958779,-0.41280493,lower,shift_to_upper
P09622,0.79861993,8.0023986,4.86373258,-0.35967839,upper,shift_to_upper
P09623,0.79863625,7.99328618,0.09460954,-0.463988,middle,shift_to_upper
P09624,0.79868326,8.00562164,5.13065556,-0.39847329,upper,shift_to_upper
P09625,0.79872122,8.0118081,-0.12701625,-0.45787394,middle,shift_to_upper
P09626,0.7988641,8.00720992,-5.07148714,-0.15358837,lower,shift_to_upper
P09627,0.79888379,8.05419021,-5.26656811,-0.21000707,lower,shift_to_upper
P09628,0.79891985,8.02574427,-5.12606615,-0.30829681,lower,shift_to_upper
P09629,0.79893379,8.01006145,-0.08343559,-0.46905509,middle,shift_to_upper
P09630,0.79900895,7.97613397,-5.07063584,-0.31794135,lower,shift_to_upper
P09631,0.79907703,7.97653764,4.64892295,-0.39723514,upper,shift_to_upper
P09632,0.79916604,7.9570427,4.82229113,-0.47607972,upper,shift_to_upper
P09633,0.79917465,8.04255006,-5.01587006,-0.33369551,lower,shift_to_upper
P09634,0.79937212,7.96157041,5.01652577,-0.26059044,upper,shift_to_upper
P09635,0.79947998,8.00669656,4.92442709,-0.31886234,upper,shift_to_upper
P09636,0.79948164,8.01908308,-0.09550499,-0.41459804,middle,shift_to_upper
P09637,0.79954683,7.98774443,-0.02709756,-0.36261544,middle,shift_to_upper
P09638,0.79954912,7.98035384,4.94751819,-0.30106537,upper,shift_to_upper
P09639,0.79961255,7.96978342,4.99253225,-0.37847506,upper,shift_to_upper
P09640,0.79962033,8.01055031,-0.00317558,-0.34918618,middle,shift_to_upper
P09641,0.79975697,8.00421687,4.87814985,-0.38387647,upper,shift_to_upper
P09642,0.79984811,7.99911576,4.74123758,-0.44362773,upper,shift_to_upper
P09643,0.79999285,7.98089381,4.95211844,-0.41668998,upper,shift_to_upper
P09644,0.8000883,7.95550397,5.03408073,-0.44798851,upper,shift_to_upper
P09645,0.80012254,8.02202816,4.81445189,-0.4105307,upper,shift_to_upper
P09646,0.80015446,7.9738435,-0.12667993,-0.45793009,middle,shift_to_upper
P09647,0.80019013,7.962536,4.77979589,-0.33974446,upper,shift_to_upper
P09648,0.80025011,7.97417532,-5.22189859,-0.2954807,lower,shift_to_upper
P09649,0.8002939,8.00979099,-0.13371193,-0.45829764,middle,shift_to_upper
P09650,0.80053634,7.97987532,4.85611269,-0.482912,upper,shift_to_upper
P09651,0.80072329,8.01132748,4.85406877,-0.45948497,upper,shift_to_upper
P09652,0.80080484,7.99136211,-0.03061732,-0.41210095,middle,shift_to_upper
P09653,0.80084077,7.99495822,4.95559741,-0.50918123,upper,shift_to_upper
P09654,0.80085221,8.00133843,4.71177252,-0.40598081,upper,shift_to_upper
P09655,0.8009722,7.9884264,-4.98634234,-0.23521276,lower,shift_to_upper
P09656,0.80107271,7.9565038,4.94426531,-0.30723628,upper,shift_to_upper
P09657,0.8011659,7.98175073,4.75950918,-0.48235819,upper,shift_to_upper
P09658,0.80122236,8.01528718,4.87581711,-0.46116689,upper,shift_to_upper
P09659,0.80143478,8.00941042,4.92429335,-0.42200443,upper,shift_to_upper
P09660,0.80145602,8.04287896,-5.03760496,-0.32474095,lower,shift_to_upper
P09661,0.80147224,7.97559501,4.89389766,-0.34642876,upper,shift_to_upper
P09662,0.80150732,8.01481921,5.0077039,-0.32823457,upper,shift_to_upper
P09663,0.80163308,8.00693023,4.92343469,-0.44938815,upper,shift_to_upper
P09664,0.8017142,8.01285351,4.80532843,-0.42973192,upper,shift_to_upper
P09665,0.80178724,8.00129234,-4.87721539,-0.30988475,lower,shift_to_upper
P09666,0.80178924,8.01794144,4.81682299,-0.38556132,upper,shift_to_upper
P09667,0.80187598,7.98173978,4.8118891,-0.40343889,upper,shift_to_upper
P09668,0.80195779,8.01987815,-5.14838316,-0.34597239,lower,shift_to_upper
P09669,0.80200972,8.02449778,5.04522962,-0.37815665,upper,shift_to_upper
P09670,0.80204347,8.03543378,4.7982234,-0.42145021,upper,shift_to_upper
P09671,0.80210918,8.03001149,4.82698192,-0.40212604,upper,shift_to_upper
P09672,0.8022061,8.04264472,-5.06703719,-0.19167167,lower,shift_to_upper
P09673,0.80237515,8.07423547,-5.09784242,-0.34003643,lower,shift_to_upper
P09674,0.80243839,8.011977,4.97302192,-0.38959777,upper,shift_to_upper
P09675,0.80244562,8.03306912,0.04603104,-0.46821352,middle,shift_to_upper
P09676,0.80248363,8.03974942,4.78922378,-0.24108248,upper,shift_to_upper
P09677,0.80259064,8.03013891,4.81417001,-0.45593896,upper,shift_to_upper
P09678,0.80273377,8.03224182,-0.13963436,-0.42515889,middle,shift_to_upper
P09679,0.80286921,8.00682424,4.99939671,-0.50953338,upper,shift_to_upper
P09680,0.80304884,7.98030722,4.86762271,-0.29099387,upper,shift_to_upper
P09681,0.8031281,8.04100747,4.91406843,-0.40870844,upper,shift_to_upper
P09682,0.80322821,8.01437353,-0.14703454,-0.46781766,middle,shift_to_upper
P09683,0.80323016,8.08066529,-4.994365,-0.32107091,lower,shift_to_upper
P09684,0.80328761,8.02925973,4.83506899,-0.53397555,upper,shift_to_upper
P09685,0.8033163,7.99105825,4.94107796,-0.41761524,upper,shift_to_upper
P09686,0.80340122,8.02967871,5.05789354,-0.32610896,upper,shift_to_upper
P09687,0.80343437,8.04710744,4.84349572,-0.35392856,upper,shift_to_upper
P09688,0.80344216,8.01821876,-5.0857636,-0.28259033,lower,shift_to_upper
P09689,0.80344701,8.00441439,4.83373479,-0.29639597,upper,shift_to_upper
P09690,0.80357706,8.02776582,-0.04020131,-0.32099708,middle,shift_to_upper
P09691,0.80382991,8.01952854,4.98102088,-0.35271573,upper,shift_to_upper
P09692,0.80386615,7.99486445,5.06646683,-0.34891964,upper,shift_to_upper
P09693,0.80402496,8.07036995,4.93075191,-0.49294185,upper,shift_to_upper
P09694,0.80403227,8.06358763,4.82640793,-0.41719749,upper,shift_to_upper
P09695,0.80409117,8.02102648,-0.12117382,-0.40416858,middle,shift_to_upper
P09696,0.80411187,8.01340257,4.85295069,-0.3909025,upper,shift_to_upper
P09697,0.80415486,8.05215483,4.97958364,-0.21931728,upper,shift_to_upper
P09698,0.80420295,8.07422065,4.93187296,-0.52730637,upper,shift_to_upper
P09699,0.80426026,8.04429413,4.9082748,-0.23937075,upper,shift_to_upper
P09700,0.80428903,8.00988026,5.02101635,-0.36356483,upper,shift_to_upper
P09701,0.80434104,8.0399819,-5.09777888,-0.29811858,lower,shift_to_upper
P09702,0.80435968,8.03352427,4.96265362,-0.42283417,upper,shift_to_upper
P09703,0.80440762,8.02918108,4.94611708,-0.42858512,upper,shift_to_upper
P09704,0.80441681,8.03791118,4.88406278,-0.26780469,upper,shift_to_upper
P09705,0.80456666,8.0155294,-4.93556756,-0.27313218,lower,shift_to_upper
P09706,0.80463817,8.0470508,4.88120543,-0.39115248,upper,shift_to_upper
P09707,0.8047958,8.05353871,5.07747984,-0.37447504,upper,shift_to_upper
P09708,0.80483885,8.1005532,4.8577733,-0.27553185,upper,shift_to_upper
P09709,0.80490663,8.01362931,4.75437134,-0.21544579,upper,shift_to_upper
P09710,0.80501397,8.0546884,-0.12350416,-0.53366503,middle,shift_to_upper
P09711,0.80504345,8.03002052,-0.19806252,-0.40722446,middle,shift_to_upper
P09712,0.80518421,8.06397817,4.62380629,-0.39554316,upper,shift_to_upper
P09713,0.80529648,8.03176385,4.95218121,-0.17129085,upper,shift_to_upper
P09714,0.80532885,8.07056337,-0.06918097,-0.60495875,middle,shift_to_upper
P09715,0.80536215,8.0820637,4.80151837,-0.43755054,upper,shift_to_upper
P09716,0.8053633,8.04757997,-4.91893877,-0.40679225,lower,shift_to_upper
P09717,0.80539939,8.05702732,4.75473124,-0.46873997,upper,shift_to_upper
P09718,0.80554634,8.05103674,-0.20525114,-0.3327983,middle,shift_to_upper
P09719,0.80567361,8.08698904,-0.25446424,-0.3942231,middle,shift_to_upper
P09720,0.80568394,8.02397811,4.94824913,-0.35882401,upper,shift_to_upper
P09721,0.80568755,8.04404661,0.02187276,-0.40925434,middle,shift_to_upper
P09722,0.80569891,8.04686972,-4.98461005,-0.34823233,lower,shift_to_upper
P09723,0.80603671,8.0641357,-4.93338213,-0.13317696,lower,shift_to_upper
P09724,0.8060384,8.04456258,-0.01275554,-0.52002349,middle,shift_to_upper
P09725,0.806039,8.04733478,4.93390316,-0.36598317,upper,shift_to_upper
P09726,0.80627778,8.07335845,4.53568573,-0.17281703,upper,shift_to_upper
P09727,0.80655462,8.07465247,4.90089492,-0.37146443,upper,shift_to_upper
P09728,0.80656882,8.07786712,4.97204879,-0.36740849,upper,shift_to_upper
P09729,0.80668985,8.06124008,5.04755487,-0.29753599,upper,shift_to_upper
P09730,0.80674636,8.07750584,-5.33485333,-0.21318771,lower,shift_to_upper
P09731,0.8067615,8.0871956,-5.02746937,-0.32672876,lower,shift_to_upper
P09732,0.80677241,8.06011648,-4.94405025,-0.29706924,lower,shift_to_upper
P09733,0.80687594,8.03241007,4.97043614,-0.36790965,upper,shift_to_upper
P09734,0.80688161,8.09809578,4.91269041,-0.21816129,upper,shift_to_upper
P09735,0.80693853,8.07717757,4.82734173,-0.37447783,upper,shift_to_upper
P09736,0.80698073,8.04332728,-5.17288584,-0.30373112,lower,shift_to_upper
P09737,0.80699081,8.02008334,-5.22322233,-0.20418254,lower,shift_to_upper
P09738,0.80707465,8.04652615,-4.92445862,-0.29390538,lower,shift_to_upper
P09739,0.80717952,8.07792046,-5.05187954,-0.29297268,lower,shift_to_upper
P09740,0.80724697,8.07766539,-0.19831715,-0.5014045,middle,shift_to_upper
P09741,0.80725016,8.08217819,4.89917396,-0.3698548,upper,shift_to_upper
P09742,0.80741908,8.04272957,4.96749324,-0.26744353,upper,shift_to_upper
P09743,0.80743605,8.10597207,5.00345182,-0.36178133,upper,shift_to_upper
P09744,0.80743672,8.04828257,-4.96927394,-0.3590173,lower,shift_to_upper
P09745,0.80753321,8.0545413,4.91274447,-0.44440538,upper,shift_to_upper
P09746,0.80762034,8.12103473,-5.15474985,-0.34923722,lower,shift_to_upper
P09747,0.80769346,8.07754426,4.74067675,-0.44539388,upper,shift_to_upper
P09748,0.80773083,8.13242651,-5.03864517,-0.32206344,lower,shift_to_upper
P09749,0.8079329,8.08323812,5.03210591,-0.36764871,upper,shift_to_upper
P09750,0.80794169,8.08337955,-5.09682114,-0.39072166,lower,shift_to_upper
P09751,0.80799684,8.04335701,-4.98085437,-0.40633365,lower,shift_to_upper
P09752,0.80809395,8.04883036,5.13890912,-0.36870641,upper,shift_to_upper
P09753,0.80815833,8.10107378,-0.07820525,-0.35669385,middle,shift_to_upper
P09754,0.80818718,8.09065915,-0.01426635,-0.45359885,middle,shift_to_upper
P09755,0.80826643,8.09507425,4.79934602,-0.3286557,upper,shift_to_upper
P09756,0.80841019,8.01817006,-0.11788284,-0.47089968,middle,shift_to_upper
P09757,0.80856312,8.04516077,-5.07682346,-0.31529579,lower,shift_to_upper
P09758,0.80862901,8.1446915,4.8099845,-0.50681725,upper,shift_to_upper
P09759,0.80870165,8.04526711,4.95682262,-0.3177238,upper,shift_to_upper
P09760,0.80879661,8.09977902,4.91712139,-0.16581839,upper,shift_to_upper
P09761,0.80895041,8.09736913,5.01763915,-0.35688697,upper,shift_to_upper
P09762,0.80907102,8.11307599,4.90592695,-0.33732126,upper,shift_to_upper
P09763,0.80907114,8.10305092,4.76321613,-0.41604054,upper,shift_to_upper
P09764,0.80911341,8.08632981,4.91057404,-0.31161669,upper,shift_to_upper
P09765,0.80913,8.09581785,4.82609655,-0.24037731,upper,shift_to_upper
P09766,0.80927167,8.10927849,4.86626938,-0.40600545,upper,shift_to_upper
P09767,0.80942775,8.09157016,4.83840468,-0.31584104,upper,shift_to_upper
P09768,0.80956207,8.10226254,0.00036342,-0.51550533,middle,shift_to_upper
P09769,0.80960745,8.0758396,-0.02007204,-0.50360813,middle,shift_to_upper
P09770,0.80975411,8.11032142,4.88565476,-0.32868083,upper,shift_to_upper
P09771,0.80983798,8.08603749,-0.136505,-0.46200109,middle,shift_to_upper
P09772,0.80987233,8.13737478,-0.0672086,-0.53863497,middle,shift_to_upper
P09773,0.80990126,8.07139275,5.04952012,-0.32069978,upper,shift_to_upper
P09774,0.80995157,8.09511426,4.90391316,-0.27706031,upper,shift_to_upper
P09775,0.81005681,8.10497015,4.76898619,-0.3033479,upper,shift_to_upper
P09776,0.81007426,8.13545034,-0.14799234,-0.41321716,middle,shift_to_upper
P09777,0.81012856,8.12529638,4.85443012,-0.36239009,upper,shift_to_upper
P09778,0.81015454,8.08615701,4.84215068,-0.52674973,upper,shift_to_upper
P09779,0.81024474,8.10901952,-5.0946463,-0.39477416,lower,shift_to_upper
P09780,0.81042325,8.11424935,4.94972331,-0.31664393,upper,shift_to_upper
P09781,0.81055306,8.08063642,-0.21001537,-0.59563614,middle,shift_to_upper
P09782,0.81081826,8.08899801,-5.10641432,-0.22984881,lower,shift_to_upper
P09783,0.81109847,8.08026226,4.91062128,-0.39757112,upper,shift_to_upper
P09784,0.81134351,8.10906031,-0.22447051,-0.47400689,middle,shift_to_upper
P09785,0.81138383,8.12777384,4.93569284,-0.25915571,upper,shift_to_upper
P09786,0.81146752,8.13364859,4.92194061,-0.49053531,upper,shift_to_upper
P09787,0.81150522,8.14791432,-4.98410027,-0.38367377,lower,shift_to_upper
P09788,0.8117195,8.14658547,-4.98866198,-0.34862866,lower,shift_to_upper
P09789,0.81172492,8.19084721,4.67670374,-0.35246518,upper,shift_to_upper
P09790,0.81176921,8.14664959,-0.26564543,-0.42279775,middle,shift_to_upper
P09791,0.81186605,8.10275618,4.79377888,-0.30159649,upper,shift_to_upper
P09792,0.81195248,8.10683414,4.90815722,-0.31017015,upper,shift_to_upper
P09793,0.81205949,8.0997511,4.94661204,-0.35677382,upper,shift_to_upper
P09794,0.8120776,8.09852562,-5.07439359,-0.45977807,lower,shift_to_upper
P09795,0.8121271,8.1054119,5.07016538,-0.43549992,upper,shift_to_upper
P09796,0.81219901,8.06888702,-0.12546533,-0.37132777,middle,shift_to_upper
P09797,0.81232337,8.14786016,5.07456171,-0.44889291,upper,shift_to_upper
P09798,0.8123304,8.13668199,-0.04720196,-0.42943583,middle,shift_to_upper
P09799,0.81234143,8.09645492,5.07779036,-0.27172579,upper,shift_to_upper
P09800,0.81266855,8.09054101,-5.03533668,-0.26511127,lower,shift_to_upper
P09801,0.8127806,8.15318146,4.95637391,-0.4568773,upper,shift_to_upper
P09802,0.81279118,8.14281582,-5.27336297,-0.30055133,lower,shift_to_upper
P09803,0.8131825,8.16015371,-0.30640229,-0.33945569,middle,shift_to_upper
P09804,0.81325787,8.13513097,4.73250166,-0.23127128,upper,shift_to_upper
P09805,0.81345594,8.1524653,4.89701427,-0.41915332,upper,shift_to_upper
P09806,0.81360293,8.13684988,-5.07084907,-0.29655758,lower,shift_to_upper
P09807,0.8136091,8.1475849,5.00509074,-0.27728785,upper,shift_to_upper
P09808,0.81361211,8.14752758,-5.10840615,-0.33977668,lower,shift_to_upper
P09809,0.8138309,8.12483736,4.87955614,-0.400058,upper,shift_to_upper
P09810,0.81388638,8.11006542,-0.18262958,-0.37513262,middle,shift_to_upper
P09811,0.81397745,8.1462868,5.01061929,-0.26048923,upper,shift_to_upper
P09812,0.81397774,8.12561209,-5.0834614,-0.39388139,lower,shift_to_upper
P09813,0.81401947,8.17735407,4.87140385,-0.25214122,upper,shift_to_upper
P09814,0.81412441,8.12090522,4.94487498,-0.37732306,upper,shift_to_upper
P09815,0.81431697,8.11095815,4.95218627,-0.17170551,upper,shift_to_upper
P09816,0.81446911,8.20230435,4.87930727,-0.22224452,upper,shift_to_upper
P09817,0.814504,8.16673743,-0.02371196,-0.53598511,middle,shift_to_upper
P09818,0.81459089,8.13012803,4.76307527,-0.32964077,upper,shift_to_upper
P09819,0.81468014,8.13359629,4.92091336,-0.46678638,upper,shift_to_upper
P09820,0.81473193,8.09865067,4.86103109,-0.19258999,upper,shift_to_upper
P09821,0.81479237,8.11584014,4.89839397,-0.37155253,upper,shift_to_upper
P09822,0.81481225,8.12549749,4.98851257,-0.41366739,upper,shift_to_upper
P09823,0.81487994,8.1464011,4.86187325,-0.46514045,upper,shift_to_upper
P09824,0.81489853,8.14285402,4.97517421,-0.33280485,upper,shift_to_upper
P09825,0.81490744,8.15512767,4.87516973,-0.35470256,upper,shift_to_upper
P09826,0.81508507,8.13812781,4.98683517,-0.20607814,upper,shift_to_upper
P09827,0.81531341,8.19428056,4.73723462,-0.13620671,upper,shift_to_upper
P09828,0.81533729,8.17061554,-5.22966833,-0.40910583,lower,shift_to_upper
P09829,0.81542881,8.17308342,4.85259103,-0.46172816,upper,shift_to_upper
P09830,0.81553901,8.1143546,-4.93899991,-0.2612564,lower,shift_to_upper
P09831,0.81555364,8.17846428,4.84717179,-0.28376062,upper,shift_to_upper
P09832,0.81557083,8.15153072,5.06747456,-0.40363473,upper,shift_to_upper
P09833,0.81559859,8.18631501,4.93143712,-0.30108323,upper,shift_to_upper
P09834,0.81563624,8.15112101,5.05466876,-0.47354579,upper,shift_to_upper
P09835,0.81564346,8.13028451,4.89234737,-0.33749613,upper,shift_to_upper
P09836,0.81573841,8.14651751,4.88321728,-0.23801664,upper,shift_to_upper
P09837,0.81595493,8.14739883,5.13521602,-0.28948808,upper,shift_to_upper
P09838,0.81598249,8.20775347,4.71462743,-0.47117371,upper,shift_to_upper
P09839,0.81614952,8.13008641,4.65469696,-0.32432967,upper,shift_to_upper
P09840,0.81630517,8.16954964,-5.17806452,-0.37383817,lower,shift_to_upper
P09841,0.81631359,8.09833741,4.83068076,-0.2976662,upper,shift_to_upper
P09842,0.8163538,8.16882215,-5.10254882,-0.30957709,lower,shift_to_upper
P09843,0.81644502,8.20733313,5.06103045,-0.22990941,upper,shift_to_upper
P09844,0.81648003,8.16641766,4.80432053,-0.28460739,upper,shift_to_upper
P09845,0.81653597,8.18357491,4.9470063,-0.21298662,upper,shift_to_upper
P09846,0.81658345,8.14743582,4.7036504,-0.38422542,upper,shift_to_upper
P09847,0.81676923,8.12913032,-0.20930667,-0.44222306,middle,shift_to_upper
P09848,0.81677192,8.20854611,4.95538481,-0.38870279,upper,shift_to_upper
P09849,0.81678781,8.23102176,-0.0680127,-0.52214309,middle,shift_to_upper
P09850,0.81693331,8.16982103,4.78271931,-0.22742907,upper,shift_to_upper
P09851,0.81701875,8.13992711,4.92230372,-0.24433453,upper,shift_to_upper
P09852,0.81717055,8.12686383,-5.03233034,-0.40056854,lower,shift_to_upper
P09853,0.8171946,8.14802073,4.96939518,-0.37155964,upper,shift_to_upper
P09854,0.81731801,8.16343464,4.78485829,-0.33375732,upper,shift_to_upper
P09855,0.81738075,8.14544243,4.90583503,-0.26866478,upper,shift_to_upper
P09856,0.81766882,8.13131289,5.03108161,-0.4964968,upper,shift_to_upper
P09857,0.81787557,8.18120364,4.9011901,-0.31952012,upper,shift_to_upper
P09858,0.81796456,8.16754565,-5.16760662,-0.36319167,lower,shift_to_upper
P09859,0.81798673,8.19890209,5.05622645,-0.3067959,upper,shift_to_upper
P09860,0.81802277,8.18079073,5.17535471,-0.38007413,upper,shift_to_upper
P09861,0.81806343,8.1809494,4.94939165,-0.25035611,upper,shift_to_upper
P09862,0.8180778,8.21638107,4.98948051,-0.34548531,upper,shift_to_upper
P09863,0.81808458,8.21887236,4.9501114,-0.20359591,upper,shift_to_upper
P09864,0.81840012,8.15973075,-5.09301757,-0.36323247,lower,shift_to_upper
P09865,0.818564,8.18756645,-0.06427079,-0.37519576,middle,shift_to_upper
P09866,0.81862719,8.22873264,4.75399899,-0.32970111,upper,shift_to_upper
P09867,0.8187075,8.20017067,-4.90352532,-0.34823651,lower,shift_to_upper
P09868,0.81871082,8.20042227,-0.04265254,-0.51314441,middle,shift_to_upper
P09869,0.81877534,8.17036662,4.87157848,-0.20286201,upper,shift_to_upper
P09870,0.81877741,8.16350785,0.04016175,-0.42931096,middle,shift_to_upper
P09871,0.81878423,8.12145312,4.8378906,-0.22717729,upper,shift_to_upper
P09872,0.8187905,8.21991859,5.02516213,-0.34218148,upper,shift_to_upper
P09873,0.8189581,8.16235519,-5.24453964,-0.22268806,lower,shift_to_upper
P09874,0.81904418,8.1422622,4.76129427,-0.2691264,upper,shift_to_upper
P09875,0.81914276,8.20864461,4.84278442,-0.36847061,upper,shift_to_upper
P09876,0.81918285,8.20081278,4.92506062,-0.39124981,upper,shift_to_upper
P09877,0.81942948,8.17336836,4.89292396,-0.35496295,upper,shift_to_upper
P09878,0.81947224,8.17665786,-0.01719811,-0.42445135,middle,shift_to_upper
P09879,0.81957564,8.15540737,4.91480539,-0.35986685,upper,shift_to_upper
P09880,0.81964226,8.2039403,5.03569476,-0.24578502,upper,shift_to_upper
P09881,0.81980979,8.1925476,4.94443241,-0.3075693,upper,shift_to_upper
P09882,0.81987855,8.19252403,-5.0609224,-0.27382541,lower,shift_to_upper
P09883,0.82004633,8.15393558,-0.23804318,-0.43617056,middle,shift_to_upper
P09884,0.82014559,8.15819897,5.01241381,-0.23101324,upper,shift_to_upper
P09885,0.82041128,8.22715167,4.81766249,-0.06640095,upper,shift_to_upper
P09886,0.82049213,8.21405623,-5.02778581,-0.35739151,lower,shift_to_upper
P09887,0.82059138,8.19166848,4.89227686,-0.29109169,upper,shift_to_upper
P09888,0.82090506,8.22681074,4.6995228,-0.22831521,upper,shift_to_upper
P09889,0.82092905,8.2050877,4.78408994,-0.44521699,upper,shift_to_upper
P09890,0.82093121,8.24086516,4.766055,-0.29215339,upper,shift_to_upper
P09891,0.82098743,8.22565873,4.89374888,-0.26930406,upper,shift_to_upper
P09892,0.82107306,8.23220556,4.96596809,-0.33980495,upper,shift_to_upper
P09893,0.82109586,8.20435109,5.00580605,-0.34914015,upper,shift_to_upper
P09894,0.82126528,8.18407057,-0.18297483,-0.44752817,middle,shift_to_upper
P09895,0.82140951,8.20283119,-4.98637838,-0.44438482,lower,shift_to_upper
P09896,0.82156801,8.21294657,4.93263613,-0.2723503,upper,shift_to_upper
P09897,0.82176464,8.21524198,4.93758392,-0.36270389,upper,shift_to_upper
P09898,0.82184722,8.22328326,-0.15811219,-0.32909248,middle,shift_to_upper
P09899,0.82199673,8.24884328,5.20196432,-0.25793597,upper,shift_to_upper
P09900,0.82201069,8.25190397,5.04544748,-0.35791023,upper,shift_to_upper
P09901,0.82214072,8.22715192,0.16430195,-0.49928191,middle,shift_to_upper
P09902,0.82228966,8.22579773,4.87560134,-0.31616177,upper,shift_to_upper
P09903,0.82229424,8.2498063,4.99679386,-0.37916842,upper,shift_to_upper
P09904,0.82229538,8.21896783,-0.32870348,-0.5293879,middle,shift_to_upper
P09905,0.82235308,8.26242246,5.07958709,-0.30740205,upper,shift_to_upper
P09906,0.8224152,8.28676373,5.08152217,-0.33805963,upper,shift_to_upper
P09907,0.82250833,8.26624589,4.94950726,-0.43834739,upper,shift_to_upper
P09908,0.82275477,8.25379303,5.06567378,-0.23682303,upper,shift_to_upper
P09909,0.82278524,8.26168513,5.04063519,-0.22359978,upper,shift_to_upper
P09910,0.82279367,8.22184713,4.72292215,-0.20463969,upper,shift_to_upper
P09911,0.82282953,8.20114265,-5.1861241,-0.20759037,lower,shift_to_upper
P09912,0.82301075,8.22026114,4.77365516,-0.31650965,upper,shift_to_upper
P09913,0.82315226,8.2062245,4.84866723,-0.2914065,upper,shift_to_upper
P09914,0.82315946,8.21906302,5.02159102,-0.22925271,upper,shift_to_upper
P09915,0.82318828,8.20440545,4.92171669,-0.22051878,upper,shift_to_upper
P09916,0.82322663,8.23065307,5.0437213,-0.26722686,upper,shift_to_upper
P09917,0.82339836,8.24454765,5.03043017,-0.36207905,upper,shift_to_upper
P09918,0.82346867,8.21223814,-0.35782961,-0.41324378,middle,shift_to_upper
P09919,0.82361563,8.19957033,4.94334197,-0.44253519,upper,shift_to_upper
P09920,0.82385501,8.26956354,4.95648318,-0.18942721,upper,shift_to_upper
P09921,0.82390406,8.26504502,-5.12913465,-0.26753994,lower,shift_to_upper
P09922,0.82396426,8.21090559,4.89975324,-0.37877524,upper,shift_to_upper
P09923,0.82397711,8.25881531,4.95733784,-0.28073051,upper,shift_to_upper
P09924,0.82403385,8.28219673,-0.22224869,-0.49405643,middle,shift_to_upper
P09925,0.82403883,8.23162242,5.14099206,-0.13637742,upper,shift_to_upper
P09926,0.82410299,8.24098727,4.93567305,-0.2017611,upper,shift_to_upper
P09927,0.8241297,8.20644334,-0.10701952,-0.33940477,middle,shift_to_upper
P09928,0.8242542,8.26651793,4.91344798,-0.46281197,upper,shift_to_upper
P09929,0.82435716,8.306641,-5.03274625,-0.43874706,lower,shift_to_upper
P09930,0.82444865,8.24292681,4.91368988,-0.18422813,upper,shift_to_upper
P09931,0.82446203,8.22066781,5.07153484,-0.34875421,upper,shift_to_upper
P09932,0.82447143,8.24523048,4.97108629,-0.26738795,upper,shift_to_upper
P09933,0.82449525,8.22102351,5.04981351,-0.17825449,upper,shift_to_upper
P09934,0.82452803,8.23521184,4.95635241,-0.19669698,upper,shift_to_upper
P09935,0.82461251,8.23746608,4.89694416,-0.26859108,upper,shift_to_upper
P09936,0.82468843,8.23013614,4.82374617,-0.26110778,upper,shift_to_upper
P09937,0.82470434,8.25340387,4.87083898,-0.31659318,upper,shift_to_upper
P09938,0.82472765,8.25218597,4.95597441,-0.3148085,upper,shift_to_upper
P09939,0.82484961,8.24868208,4.98182411,-0.30808257,upper,shift_to_upper
P09940,0.82490071,8.21237676,4.97247452,-0.29239126,upper,shift_to_upper
P09941,0.82494378,8.29597804,5.01621552,-0.41970982,upper,shift_to_upper
P09942,0.82502636,8.21705597,0.02499189,-0.42401192,middle,shift_to_upper
P09943,0.825222,8.24015498,4.922105,-0.28509678,upper,shift_to_upper
P09944,0.8252241,8.23328824,4.8429415,-0.25086291,upper,shift_to_upper
P09945,0.8253294,8.25410843,4.73464872,-0.32824095,upper,shift_to_upper
P09946,0.82535082,8.25033528,4.83225799,-0.30968575,upper,shift_to_upper
P09947,0.82536012,8.28099208,5.0670921,-0.23294451,upper,shift_to_upper
P09948,0.82549505,8.25297703,-5.15646175,-0.26121047,lower,shift_to_upper
P09949,0.82562602,8.28047561,5.01293463,-0.28838214,upper,shift_to_upper
P09950,0.82567839,8.27857424,4.89041325,-0.35532741,upper,shift_to_upper
P09951,0.82578029,8.28271756,4.96116877,-0.40809779,upper,shift_to_upper
P09952,0.82591144,8.26734832,4.84984896,-0.36987453,upper,shift_to_upper
P09953,0.82601809,8.27464175,4.90650911,-0.40860268,upper,shift_to_upper
P09954,0.82607182,8.2757519,4.92320277,-0.47003899,upper,shift_to_upper
P09955,0.82608361,8.2566574,5.08692771,-0.26392486,upper,shift_to_upper
P09956,0.8264506,8.27027124,4.80531036,-0.29790098,upper,shift_to_upper
P09957,0.82657244,8.28617619,-5.00753943,-0.28018183,lower,shift_to_upper
P09958,0.82667335,8.25389559,4.96407583,-0.32170759,upper,shift_to_upper
P09959,0.82667571,8.22944872,4.7614032,-0.34492405,upper,shift_to_upper
P09960,0.82683212,8.25347041,-5.16013538,-0.36986328,lower,shift_to_upper
P09961,0.82694138,8.32903171,4.89347516,-0.20595119,upper,shift_to_upper
P09962,0.82730416,8.26986228,4.94586152,-0.25459999,upper,shift_to_upper
P09963,0.82757143,8.2692291,5.02800386,-0.16262128,upper,shift_to_upper
P09964,0.82758811,8.30067279,4.91657011,-0.26395475,upper,shift_to_upper
P09965,0.8276381,8.29554184,4.89898378,-0.2384999,upper,shift_to_upper
P09966,0.8277124,8.23154695,4.94349703,-0.2490629,upper,shift_to_upper
P09967,0.82782847,8.23860375,4.96004969,-0.280508,upper,shift_to_upper
P09968,0.82794397,8.25763307,4.8272567,-0.37105681,upper,shift_to_upper
P09969,0.82799723,8.28983319,5.03489451,-0.23558036,upper,shift_to_upper
P09970,0.82820496,8.31421771,4.95358718,-0.28113194,upper,shift_to_upper
P09971,0.82823674,8.28808469,-4.97617348,-0.40928376,lower,shift_to_upper
P09972,0.82831068,8.26256543,5.14812199,-0.28170967,upper,shift_to_upper
P09973,0.82853304,8.27554173,-5.15268308,-0.44312816,lower,shift_to_upper
P09974,0.82862767,8.28189497,4.96508797,-0.2269218,upper,shift_to_upper
P09975,0.82887642,8.2738643,4.99171427,-0.29482556,upper,shift_to_upper
P09976,0.82912325,8.27048742,-5.10007187,-0.4257516,lower,shift_to_upper
P09977,0.82927921,8.30533307,4.9195,-0.22130032,upper,shift_to_upper
P09978,0.82930049,8.29501345,5.08772057,-0.30603186,upper,shift_to_upper
P09979,0.829322,8.2385458,4.94149053,-0.23137329,upper,shift_to_upper
P09980,0.8294378,8.28447099,-0.2383397,-0.32072698,middle,shift_to_upper
P09981,0.82952162,8.32275913,5.04822303,-0.28416755,upper,shift_to_upper
P09982,0.82960131,8.33082299,5.0243527,-0.4486751,upper,shift_to_upper
P09983,0.82972542,8.24926803,4.86462571,-0.15886369,upper,shift_to_upper
P09984,0.82976422,8.28817622,5.0319554,-0.29388878,upper,shift_to_upper
P09985,0.82981274,8.2911193,4.96426481,-0.21350788,upper,shift_to_upper
P09986,0.82990266,8.29181337,4.71329789,-0.41536447,upper,shift_to_upper
P09987,0.82999073,8.25028857,-5.12576721,-0.29414544,lower,shift_to_upper
P09988,0.83001034,8.32809552,-5.0819977,-0.23090995,lower,shift_to_upper
P09989,0.83012345,8.30129452,4.94695619,-0.36806879,upper,shift_to_upper
P09990,0.83016996,8.2697824,-5.15215291,-0.35941369,lower,shift_to_upper
P09991,0.83031315,8.32035531,-5.0942699,-0.45575704,lower,shift_to_upper
P09992,0.83032443,8.28759625,-4.90804115,-0.50831431,lower,shift_to_upper
P09993,0.8305331,8.30527028,4.85175922,-0.31222777,upper,shift_to_upper
P09994,0.83057263,8.27395501,4.85325978,-0.24956222,upper,shift_to_upper
P09995,0.83061579,8.29684722,4.91902838,-0.24505021,upper,shift_to_upper
P09996,0.83063878,8.28927848,4.97917861,-0.17110842,upper,shift_to_upper
P09997,0.83064997,8.28950563,4.94508988,-0.4356955,upper,shift_to_upper
P09998,0.83066594,8.32381589,-0.12589353,-0.33706357,middle,shift_to_upper
P09999,0.83069882,8.31144826,4.96994792,-0.20538926,upper,shift_to_upper
P10000,0.83071522,8.30330504,4.93710396,-0.4016344,upper,shift_to_upper
P10001,0.83077175,8.28774649,4.6696235,-0.15203643,upper,shift_to_upper
P10002,0.83079788,8.30530525,-0.0910949,-0.30698,middle,shift_to_upper
P10003,0.83087045,8.31881695,-5.08732633,-0.39248963,lower,shift_to_upper
P10004,0.83095945,8.30373548,4.73410286,-0.24610467,upper,shift_to_upper
P10005,0.83099067,8.27481013,4.85742403,-0.31457361,upper,shift_to_upper
P10006,0.83115564,8.32166582,4.92456904,-0.33966204,upper,shift_to_upper
P10007,0.83119365,8.32393583,0.10660611,-0.44657269,middle,shift_to_upper
P10008,0.8312315,8.33697231,4.97179247,-0.31154618,upper,shift_to_upper
P10009,0.83124333,8.29574439,-5.17412866,-0.3525061,lower,shift_to_upper
P10010,0.83124914,8.29516221,-5.235821,-0.42292463,lower,shift_to_upper
P10011,0.83137321,8.29702545,4.92385913,-0.30555667,upper,shift_to_upper
P10012,0.83143043,8.33611529,4.97037828,-0.29405532,upper,shift_to_upper
P10013,0.83177265,8.29801866,4.97620692,-0.35506354,upper,shift_to_upper
P10014,0.83178184,8.2756951,4.88811803,-0.21233516,upper,shift_to_upper
P10015,0.83189089,8.29805944,5.02889972,-0.1465213,upper,shift_to_upper
P10016,0.83193612,8.31909174,5.04467248,-0.25263962,upper,shift_to_upper
P10017,0.83198284,8.30233437,4.99321247,-0.25361031,upper,shift_to_upper
P10018,0.8319878,8.31373128,4.84775626,-0.31361452,upper,shift_to_upper
P10019,0.83203204,8.32900654,4.76253455,-0.29364457,upper,shift_to_upper
P10020,0.83214657,8.31122717,4.9307337,-0.18103369,upper,shift_to_upper
P10021,0.83216492,8.26883806,4.79581079,-0.31086732,upper,shift_to_upper
P10022,0.83220233,8.35168414,-5.10760593,-0.31474564,lower,shift_to_upper
P10023,0.83222134,8.34295895,4.93841395,-0.35179033,upper,shift_to_upper
P10024,0.83242849,8.29853018,4.90233336,-0.47429845,upper,shift_to_upper
P10025,0.83259428,8.37482445,4.86260013,-0.15487474,upper,shift_to_upper
P10026,0.83267571,8.31589326,5.02766536,-0.27718025,upper,shift_to_upper
P10027,0.83269534,8.29952198,4.82303142,-0.19945376,upper,shift_to_upper
P10028,0.83270688,8.35488944,-4.93599926,-0.40584116,lower,shift_to_upper
P10029,0.83273437,8.33272843,5.10352582,-0.31224462,upper,shift_to_upper
P10030,0.83276741,8.31484703,4.79317616,-0.38509055,upper,shift_to_upper
P10031,0.8328437,8.3620089,4.87592807,-0.10683411,upper,shift_to_upper
P10032,0.83289,8.33531768,4.87253981,-0.11491382,upper,shift_to_upper
P10033,0.83291098,8.31505749,-0.20208555,-0.4149766,middle,shift_to_upper
P10034,0.83294169,8.283374,4.87377483,-0.31535816,upper,shift_to_upper
P10035,0.83305372,8.30993072,-0.10285701,-0.52174667,middle,shift_to_upper
P10036,0.83324491,8.34646284,4.84809166,-0.30244703,upper,shift_to_upper
P10037,0.83335745,8.34113295,4.91007603,-0.17480319,upper,shift_to_upper
P10038,0.83338457,8.3689063,4.82217858,-0.28422697,upper,shift_to_upper
P10039,0.83341262,8.32333009,-0.24422305,-0.51357846,middle,shift_to_upper
P10040,0.83342052,8.28413404,4.94937287,-0.24294868,upper,shift_to_upper
P10041,0.83347518,8.30479495,5.0529093,-0.20914797,upper,shift_to_upper
P10042,0.83349059,8.33373914,-0.19216959,-0.54214485,middle,shift_to_upper
P10043,0.83355298,8.34250035,5.12775629,-0.28591702,upper,shift_to_upper
P10044,0.8336985,8.28329151,4.8198757,-0.23403678,upper,shift_to_upper
P10045,0.8337265,8.37750185,-0.0271374,-0.49528961,middle,shift_to_upper
P10046,0.8338234,8.34394232,4.92688168,-0.30625952,upper,shift_to_upper
P10047,0.83385857,8.332715,4.72242972,-0.38638724,upper,shift_to_upper
P10048,0.83392231,8.28321505,4.96686748,-0.15170736,upper,shift_to_upper
P10049,0.83403996,8.32231045,4.90012678,-0.23721058,upper,shift_to_upper
P10050,0.83410589,8.32743313,5.0338047,-0.26575912,upper,shift_to_upper
P10051,0.83412924,8.38434426,-5.09686137,-0.31065902,lower,shift_to_upper
P10052,0.83418653,8.34343983,5.01811773,-0.12113499,upper,shift_to_upper
P10053,0.83419947,8.33972054,4.87928875,-0.32788961,upper,shift_to_upper
P10054,0.83439955,8.32835598,4.96215537,-0.2452048,upper,shift_to_upper
P10055,0.83449258,8.30067646,-5.1582541,-0.4887361,lower,shift_to_upper
P10056,0.83452367,8.33316129,-0.13166446,-0.40888175,middle,shift_to_upper
P10057,0.83458621,8.36390417,5.00641245,-0.25067965,upper,shift_to_upper
P10058,0.83461048,8.29181045,-5.16296639,-0.36039831,lower,shift_to_upper
P10059,0.83466736,8.30398553,4.87125008,-0.29585284,upper,shift_to_upper
P10060,0.83481734,8.35361869,-4.99248867,-0.43053852,lower,shift_to_upper
P10061,0.83510122,8.32210106,-5.24567756,-0.58675405,lower,shift_to_upper
P10062,0.83559317,8.36592167,4.83972234,-0.21032509,upper,shift_to_upper
P10063,0.83563648,8.37078233,0.10318468,-0.38547071,middle,shift_to_upper
P10064,0.83572588,8.38304731,4.92096892,-0.15464277,upper,shift_to_upper
P10065,0.83574288,8.37270155,-0.07766309,-0.30856885,middle,shift_to_upper
P10066,0.83582145,8.39060853,4.7817808,-0.07480042,upper,shift_to_upper
P10067,0.83590389,8.36405039,4.95460211,-0.19866192,upper,shift_to_upper
P10068,0.83597187,8.32945624,4.97942434,-0.2060415,upper,shift_to_upper
P10069,0.83602152,8.38937328,-5.04150958,-0.51221238,lower,shift_to_upper
P10070,0.83613692,8.36350734,4.7841262,-0.22357697,upper,shift_to_upper
P10071,0.83620614,8.34026041,4.89814247,-0.27857247,upper,shift_to_upper
P10072,0.83637351,8.37489546,5.03350378,-0.05688677,upper,shift_to_upper
P10073,0.83646541,8.34498609,4.9882577,-0.24585238,upper,shift_to_upper
P10074,0.83648519,8.37253363,4.98443475,-0.17773894,upper,shift_to_upper
P10075,0.8364859,8.36854679,4.87065289,-0.21263587,upper,shift_to_upper
P10076,0.83652792,8.36082498,5.03976402,-0.16066414,upper,shift_to_upper
P10077,0.83656239,8.3771331,5.04015713,-0.27708677,upper,shift_to_upper
P10078,0.83672224,8.39798418,-5.04566551,-0.49685611,lower,shift_to_upper
P10079,0.8368052,8.42102577,4.86678834,-0.3239517,upper,shift_to_upper
P10080,0.83683547,8.35129974,-5.12291558,-0.46161795,lower,shift_to_upper
P10081,0.83685688,8.32851684,-0.16954612,-0.40008906,middle,shift_to_upper
P10082,0.83711515,8.41257172,-5.08232843,-0.30449339,lower,shift_to_upper
P10083,0.83712106,8.40095154,-0.16724598,-0.34404691,middle,shift_to_upper
P10084,0.83713407,8.385894,4.8850164,-0.34713017,upper,shift_to_upper
P10085,0.83719278,8.39514841,4.81016004,-0.30066814,upper,shift_to_upper
P10086,0.83742335,8.37612011,4.79404721,-0.26514674,upper,shift_to_upper
P10087,0.8375099,8.3744338,4.90711555,-0.15032578,upper,shift_to_upper
P10088,0.83758025,8.34387064,5.05940533,-0.12682273,upper,shift_to_upper
P10089,0.83763859,8.38628263,4.93059878,-0.21873751,upper,shift_to_upper
P10090,0.83790789,8.39603285,4.9842058,-0.22470216,upper,shift_to_upper
P10091,0.83799572,8.38021144,5.03093798,-0.27514095,upper,shift_to_upper
P10092,0.83812506,8.36462676,-5.30831159,-0.51705105,lower,shift_to_upper
P10093,0.83817964,8.4085308,-0.21467609,-0.57241998,middle,shift_to_upper
P10094,0.8382162,8.4244133,0.04836578,-0.34147647,middle,shift_to_upper
P10095,0.8382549,8.3817666,4.95604637,-0.31564823,upper,shift_to_upper
P10096,0.83828866,8.40430474,-0.20623176,-0.48014325,middle,shift_to_upper
P10097,0.83830391,8.44269858,4.90465589,-0.3730084,upper,shift_to_upper
P10098,0.83831154,8.36438206,4.80234805,-0.24394425,upper,shift_to_upper
P10099,0.83837929,8.40528651,4.89711595,-0.23549377,upper,shift_to_upper
P10100,0.83838714,8.36346173,4.99090421,-0.16731824,upper,shift_to_upper
P10101,0.83882426,8.38647068,5.01573685,-0.24722981,upper,shift_to_upper
P10102,0.83885581,8.35048791,4.75977222,-0.37359458,upper,shift_to_upper
P10103,0.83885697,8.41234008,4.92152473,-0.24905945,upper,shift_to_upper
P10104,0.83905415,8.41045635,5.03465981,-0.10692354,upper,shift_to_upper
P10105,0.83921082,8.39377222,5.00842271,-0.25906798,upper,shift_to_upper
P10106,0.83928315,8.43641362,5.0158909,-0.08307648,upper,shift_to_upper
P10107,0.83936077,8.42317434,4.94799854,-0.14641302,upper,shift_to_upper
P10108,0.83938531,8.40618603,-5.23962563,-0.4867563,lower,shift_to_upper
P10109,0.83945982,8.38265715,5.0452392,-0.09041388,upper,shift_to_upper
P10110,0.83961137,8.35307326,4.877466,-0.19027396,upper,shift_to_upper
P10111,0.83973736,8.41020718,4.88778701,-0.30263384,upper,shift_to_upper
P10112,0.83987602,8.38241763,4.774974,-0.07240353,upper,shift_to_upper
P10113,0.83994484,8.40775749,-5.13062039,-0.49094553,lower,shift_to_upper
P10114,0.84013682,8.41023249,4.91434289,-0.15887262,upper,shift_to_upper
P10115,0.84017179,8.40457793,5.02009189,-0.42292507,upper,shift_to_upper
P10116,0.84018232,8.40696254,4.96706162,-0.26559979,upper,shift_to_upper
P10117,0.84023343,8.4245363,5.00407869,-0.33117308,upper,shift_to_upper
P10118,0.8403416,8.43050317,4.88305119,-0.37336343,upper,shift_to_upper
P10119,0.84035598,8.43735692,4.85929945,-0.28289144,upper,shift_to_upper
P10120,0.84039681,8.42985447,4.90346046,-0.27294246,upper,shift_to_upper
P10121,0.84055296,8.38649522,5.00939284,-0.27795551,upper,shift_to_upper
P10122,0.84057858,8.40595735,4.77980006,-0.28412132,upper,shift_to_upper
P10123,0.84064547,8.33224854,5.04542782,-0.13244029,upper,shift_to_upper
P10124,0.84089895,8.41133365,4.94908341,-0.21006554,upper,shift_to_upper
P10125,0.84107257,8.40898208,4.98783009,-0.1695987,upper,shift_to_upper
P10126,0.84113179,8.37507925,4.81060156,-0.18540264,upper,shift_to_upper
P10127,0.84114808,8.4138009,5.07408111,-0.18505915,upper,shift_to_upper
P10128,0.84137385,8.4122031,4.86927558,-0.11349157,upper,shift_to_upper
P10129,0.84142241,8.37143856,5.16033467,-0.29997215,upper,shift_to_upper
P10130,0.84152256,8.42030408,5.0127852,-0.11236642,upper,shift_to_upper
P10131,0.84153915,8.40633504,-0.14240511,-0.5559729,middle,shift_to_upper
P10132,0.84157056,8.41716008,5.09756229,-0.26283019,upper,shift_to_upper
P10133,0.84160665,8.42030029,-0.08594952,-0.3412467,middle,shift_to_upper
P10134,0.8416278,8.3992609,-0.1695696,-0.54126631,middle,shift_to_upper
P10135,0.84163895,8.45624838,-4.89823986,-0.25042257,lower,shift_to_upper
P10136,0.8417086,8.41339144,-0.13389537,-0.42049159,middle,shift_to_upper
P10137,0.84177247,8.40798488,4.77890152,-0.01735943,upper,shift_to_upper
P10138,0.84196552,8.38388815,-0.10715538,-0.50416083,middle,shift_to_upper
P10139,0.84202312,8.39977894,5.08075235,-0.09636928,upper,shift_to_upper
P10140,0.84215127,8.408092,4.88160969,-0.19085156,upper,shift_to_upper
P10141,0.84217503,8.4380778,4.86187805,-0.23475557,upper,shift_to_upper
P10142,0.84222673,8.4647277,4.98556625,-0.30366768,upper,shift_to_upper
P10143,0.84252401,8.4628277,4.92080554,-0.37012097,upper,shift_to_upper
P10144,0.84258843,8.48200161,4.82998881,-0.00847601,upper,shift_to_upper
P10145,0.84259076,8.44011666,4.87219402,-0.41792728,upper,shift_to_upper
P10146,0.8425956,8.43008457,5.01870847,-0.31305982,upper,shift_to_upper
P10147,0.84260503,8.43673947,5.01938958,-0.22502846,upper,shift_to_upper
P10148,0.84263813,8.42941098,5.00232438,-0.14294607,upper,shift_to_upper
P10149,0.84271837,8.41679936,4.82367513,-0.22829916,upper,shift_to_upper
P10150,0.84276817,8.43592147,-0.00057314,-0.35786802,middle,shift_to_upper
P10151,0.84282044,8.42744964,4.9484631,-0.037136,upper,shift_to_upper
P10152,0.8428511,8.42333179,5.06788442,-0.21263791,upper,shift_to_upper
P10153,0.84291502,8.40283905,5.07095423,-0.29031864,upper,shift_to_upper
P10154,0.84302857,8.42866387,4.91558346,-0.25507684,upper,shift_to_upper
P10155,0.84307915,8.43478447,5.10368266,-0.36597238,upper,shift_to_upper
P10156,0.84351509,8.42225354,5.03295952,-0.22573383,upper,shift_to_upper
P10157,0.84352709,8.43923249,4.98086917,-0.07577156,upper,shift_to_upper
P10158,0.84353433,8.43387189,5.01097129,-0.21756036,upper,shift_to_upper
P10159,0.84355034,8.45675601,-5.10197065,-0.38689075,lower,shift_to_upper
P10160,0.84356668,8.46704117,-0.10591652,-0.47315273,middle,shift_to_upper
P10161,0.84359099,8.47050027,4.86455986,-0.19846431,upper,shift_to_upper
P10162,0.84368487,8.43347131,5.05520191,-0.30986043,upper,shift_to_upper
P10163,0.84381036,8.46023199,4.90028994,-0.24847803,upper,shift_to_upper
P10164,0.84386185,8.4353933,4.84256248,-0.34288151,upper,shift_to_upper
P10165,0.84391823,8.45446296,-5.10306073,-0.33061746,lower,shift_to_upper
P10166,0.84396312,8.45526289,4.93189887,-0.17894304,upper,shift_to_upper
P10167,0.84398148,8.42560464,4.98197668,-0.13765326,upper,shift_to_upper
P10168,0.84430405,8.42169444,4.81976471,-0.11644063,upper,shift_to_upper
P10169,0.84453231,8.49395454,4.86926453,-0.17702902,upper,shift_to_upper
P10170,0.84453496,8.44461931,4.94500336,-0.21366311,upper,shift_to_upper
P10171,0.84488148,8.44578108,5.01218358,-0.21273216,upper,shift_to_upper
P10172,0.84496288,8.51517441,5.10745612,-0.06868408,upper,shift_to_upper
P10173,0.84499689,8.46244324,5.02691645,-0.11904942,upper,shift_to_upper
P10174,0.84505222,8.46700112,5.03085199,-0.19560441,upper,shift_to_upper
P10175,0.8450968,8.48069607,5.08032745,-0.10421266,upper,shift_to_upper
P10176,0.84513578,8.44740369,4.95649182,-0.18187713,upper,shift_to_upper
P10177,0.84528023,8.47365795,4.87135167,-0.14561026,upper,shift_to_upper
P10178,0.84535982,8.44548462,4.8231755,-0.20217096,upper,shift_to_upper
P10179,0.84541606,8.44258024,5.02551282,-0.22299942,upper,shift_to_upper
P10180,0.84542525,8.43647204,5.03903856,-0.29077258,upper,shift_to_upper
P10181,0.8455147,8.43412773,4.92411531,-0.22810246,upper,shift_to_upper
P10182,0.84561606,8.45982137,5.19755944,-0.02991073,upper,shift_to_upper
P10183,0.84563936,8.45685306,4.98461247,-0.16986136,upper,shift_to_upper
P10184,0.84565842,8.47581537,5.08789017,-0.18822093,upper,shift_to_upper
P10185,0.84567812,8.53274831,4.98988233,-0.1936224,upper,shift_to_upper
P10186,0.84575153,8.41312898,-5.18085171,-0.45186863,lower,shift_to_upper
P10187,0.84575807,8.4570973,4.94878975,-0.22354638,upper,shift_to_upper
P10188,0.84588213,8.47153739,5.11960423,-0.22090542,upper,shift_to_upper
P10189,0.84597055,8.48050983,4.90699412,-0.24074694,upper,shift_to_upper
P10190,0.84607335,8.47818923,4.9894977,-0.31950266,upper,shift_to_upper
P10191,0.84611492,8.46026854,4.91443119,-0.06988481,upper,shift_to_upper
P10192,0.84613619,8.42651529,-0.08754329,-0.47946275,middle,shift_to_upper
P10193,0.84617006,8.47666827,4.95295882,-0.0298554,upper,shift_to_upper
P10194,0.84627779,8.45728809,4.91276926,-0.24185916,upper,shift_to_upper
P10195,0.84668452,8.4194039,5.05803996,-0.18776548,upper,shift_to_upper
P10196,0.84678196,8.45108394,4.85005733,-0.16197061,upper,shift_to_upper
P10197,0.8467964,8.43844297,4.95450718,-0.22385956,upper,shift_to_upper
P10198,0.84682266,8.48554644,4.83979213,-0.28448033,upper,shift_to_upper
P10199,0.84691712,8.44247868,4.93027966,-0.04449688,upper,shift_to_upper
P10200,0.84699844,8.45194794,4.82739908,-0.11995155,upper,shift_to_upper
P10201,0.84701119,8.44176018,4.84017316,-0.14546242,upper,shift_to_upper
P10202,0.84726746,8.44794416,-4.99375258,-0.38994694,lower,shift_to_upper
P10203,0.84726932,8.46100714,4.74315397,-0.27792742,upper,shift_to_upper
P10204,0.84734395,8.47239522,-0.23908167,-0.24850246,middle,shift_to_upper
P10205,0.84736776,8.46237717,-5.01955921,-0.28803648,lower,shift_to_upper
P10206,0.84740367,8.47843237,4.95712146,-0.09113176,upper,shift_to_upper
P10207,0.84753049,8.44675249,5.05096738,-0.27533632,upper,shift_to_upper
P10208,0.84762978,8.478734,4.98361459,-0.12713494,upper,shift_to_upper
P10209,0.84770269,8.45875618,5.0554502,-0.12872557,upper,shift_to_upper
P10210,0.84777082,8.49961622,5.09497722,-0.15277354,upper,shift_to_upper
P10211,0.84788673,8.5276899,4.8613886,-0.37309091,upper,shift_to_upper
P10212,0.84792173,8.54863527,4.98713137,-0.10745579,upper,shift_to_upper
P10213,0.84806093,8.51224955,5.07479494,-0.19669162,upper,shift_to_upper
P10214,0.84807426,8.47898504,5.00088209,-0.02102787,upper,shift_to_upper
P10215,0.84831007,8.50183385,4.91804443,-0.19585849,upper,shift_to_upper
P10216,0.8484462,8.54269151,4.87828146,-0.08456585,upper,shift_to_upper
P10217,0.84846318,8.51140984,4.98059928,-0.09642347,upper,shift_to_upper
P10218,0.84847118,8.48206177,4.77595239,-0.00453933,upper,shift_to_upper
P10219,0.84880036,8.46575362,5.05341939,-0.1444084,upper,shift_to_upper
P10220,0.84887466,8.55406052,5.16515338,-0.25059044,upper,shift_to_upper
P10221,0.8488876,8.500683,4.80622181,-0.09330682,upper,shift_to_upper
P10222,0.84894352,8.47737788,4.9400385,-0.26526372,upper,shift_to_upper
P10223,0.84897722,8.48881986,4.80094329,-0.0760066,upper,shift_to_upper
P10224,0.84903043,8.50360011,-5.05135875,-0.39812831,lower,shift_to_upper
P10225,0.84903617,8.53064681,5.07569914,-0.18310725,upper,shift_to_upper
P10226,0.84909359,8.46854628,5.09769395,-0.06597511,upper,shift_to_upper
P10227,0.84913627,8.48758218,4.904329,-0.25149527,upper,shift_to_upper
P10228,0.849407,8.53897835,5.03428091,-0.0729615,upper,shift_to_upper
P10229,0.84952151,8.46173714,-5.13177336,-0.299076,lower,shift_to_upper
P10230,0.84952349,8.48009526,4.96496452,-0.18604386,upper,shift_to_upper
P10231,0.84957078,8.51140348,4.813191,-0.19106392,upper,shift_to_upper
P10232,0.84964829,8.50317122,4.95458663,-0.14915225,upper,shift_to_upper
P10233,0.84970158,8.53875563,-0.10567826,-0.42758216,middle,shift_to_upper
P10234,0.84980693,8.51427963,5.07234376,-0.10349632,upper,shift_to_upper
P10235,0.84986959,8.47762832,4.90306147,-0.08247843,upper,shift_to_upper
P10236,0.84994303,8.45379025,-5.34923132,-0.38976102,lower,shift_to_upper
P10237,0.85018266,8.47018609,4.902633,-0.06368088,upper,shift_to_upper
P10238,0.85020701,8.48764748,-5.17462709,-0.42641707,lower,shift_to_upper
P10239,0.85023095,8.48869264,4.96897785,-0.12394509,upper,shift_to_upper
P10240,0.85024254,8.49289915,4.87853985,-0.26417908,upper,shift_to_upper
P10241,0.85032661,8.49909429,5.03479329,-0.03077642,upper,shift_to_upper
P10242,0.8508876,8.49880878,5.02947354,-0.23617393,upper,shift_to_upper
P10243,0.85106101,8.50817886,4.77968834,-0.23718678,upper,shift_to_upper
P10244,0.85114575,8.53017785,4.97337837,-0.08338519,upper,shift_to_upper
P10245,0.85118039,8.51589721,5.00687192,-0.23497425,upper,shift_to_upper
P10246,0.85134047,8.54782784,-4.94253518,-0.4659749,lower,shift_to_upper
P10247,0.85136983,8.47129457,5.00041646,-0.15103796,upper,shift_to_upper
P10248,0.85154136,8.48238132,4.9634293,-0.11358722,upper,shift_to_upper
P10249,0.85160066,8.46800155,4.87421713,-0.0683886,upper,shift_to_upper
P10250,0.85166459,8.51860955,4.99080373,-0.24971145,upper,shift_to_upper
P10251,0.85173925,8.51039825,4.82882498,0.04526298,upper,shift_to_upper
P10252,0.85174904,8.50494519,5.15815582,-0.22529231,upper,shift_to_upper
P10253,0.85175194,8.4888333,5.02453457,-0.12573551,upper,shift_to_upper
P10254,0.85191386,8.5392285,-0.02770798,-0.4428868,middle,shift_to_upper
P10255,0.85195505,8.51919105,5.01828334,-0.28135553,upper,shift_to_upper
P10256,0.85203753,8.50720048,5.06951009,-0.09858379,upper,shift_to_upper
P10257,0.8520626,8.54233427,-0.11111107,-0.52511279,middle,shift_to_upper
P10258,0.85218079,8.48268102,5.04988386,-0.15458464,upper,shift_to_upper
P10259,0.85225653,8.5144997,4.94801936,-0.17910754,upper,shift_to_upper
P10260,0.8523907,8.50136704,5.18819764,-0.14795713,upper,shift_to_upper
P10261,0.85241154,8.51102973,4.88335351,-0.16563013,upper,shift_to_upper
P10262,0.85255669,8.52465338,4.76356965,-0.23603276,upper,shift_to_upper
P10263,0.85260657,8.56240462,4.85693095,-0.19500557,upper,shift_to_upper
P10264,0.85264257,8.50609559,5.10209789,-0.22603385,upper,shift_to_upper
P10265,0.85264869,8.50567135,-0.13651015,-0.47725629,middle,shift_to_upper
P10266,0.85275696,8.50559145,4.98947291,-0.07436889,upper,shift_to_upper
P10267,0.85278573,8.53438228,4.96628079,-0.20543372,upper,shift_to_upper
P10268,0.85318953,8.48567388,4.78097314,-0.26668921,upper,shift_to_upper
P10269,0.85333623,8.52084368,5.15398604,-0.2455714,upper,shift_to_upper
P10270,0.85334918,8.54711272,-4.98143025,-0.38144846,lower,shift_to_upper
P10271,0.85369283,8.52470306,4.85351575,-0.24845257,upper,shift_to_upper
P10272,0.85373524,8.48968824,5.07544483,-0.0687559,upper,shift_to_upper
P10273,0.85379543,8.57181372,4.88234453,-0.12944994,upper,shift_to_upper
P10274,0.85425067,8.55308484,5.15531111,-0.16577691,upper,shift_to_upper
P10275,0.85428464,8.5393169,4.71859646,-0.10010604,upper,shift_to_upper
P10276,0.85433413,8.52075132,-5.08616684,-0.54563343,lower,shift_to_upper
P10277,0.85466888,8.55642371,5.05917415,-0.09302157,upper,shift_to_upper
P10278,0.85468892,8.52442743,4.8632559,-0.08374087,upper,shift_to_upper
P10279,0.85470408,8.57061772,-5.11328786,-0.4931814,lower,shift_to_upper
P10280,0.85473554,8.54385074,4.88395293,-0.19357197,upper,shift_to_upper
P10281,0.85473945,8.55999071,4.8634888,-0.1558435,upper,shift_to_upper
P10282,0.85504681,8.57089353,5.09744272,0.00378654,upper,shift_to_upper
P10283,0.85518836,8.60143476,5.00796225,-0.12457874,upper,shift_to_upper
P10284,0.85521078,8.55548404,4.82949911,-0.17970498,upper,shift_to_upper
P10285,0.85529396,8.60312242,4.95863231,-0.09735465,upper,shift_to_upper
P10286,0.85537299,8.57598816,4.70662067,-0.13637125,upper,shift_to_upper
P10287,0.85552311,8.6125597,4.92921506,-0.16636128,upper,shift_to_upper
P10288,0.85553127,8.55984014,4.88046564,-0.1816348,upper,shift_to_upper
P10289,0.85590578,8.52815233,4.98490653,-0.04388821,upper,shift_to_upper
P10290,0.85597411,8.56433133,4.93946173,-0.24974661,upper,shift_to_upper
P10291,0.85622364,8.57492824,4.91774697,-0.02851837,upper,shift_to_upper
P10292,0.85624507,8.51333998,5.03214811,-0.29912718,upper,shift_to_upper
P10293,0.85626027,8.48830722,4.8668842,-0.06357378,upper,shift_to_upper
P10294,0.85636229,8.55625935,4.98256347,-0.16095052,upper,shift_to_upper
P10295,0.85647743,8.55745584,-5.16030541,-0.40134339,lower,shift_to_upper
P10296,0.85658712,8.60299575,5.01001951,-0.17709853,upper,shift_to_upper
P10297,0.85661647,8.5735835,5.04506534,-0.13281519,upper,shift_to_upper
P10298,0.8566184,8.60527973,5.10970109,-0.12801692,upper,shift_to_upper
P10299,0.85664695,8.52896368,4.84718883,-0.0278051,upper,shift_to_upper
P10300,0.85680271,8.56364713,4.95288503,-0.07908221,upper,shift_to_upper
P10301,0.85683178,8.55175235,-0.27466405,-0.30766668,middle,shift_to_upper
P10302,0.85685015,8.57550424,4.8440782,-0.10534723,upper,shift_to_upper
P10303,0.8569071,8.52533967,5.04200213,-0.15198843,upper,shift_to_upper
P10304,0.85692409,8.55987064,4.99346512,-0.11977645,upper,shift_to_upper
P10305,0.85704416,8.58937993,5.09540683,-0.19463952,upper,shift_to_upper
P10306,0.85705229,8.54538584,4.94385855,-0.0831231,upper,shift_to_upper
P10307,0.85710351,8.54697765,4.83173502,-0.29801183,upper,shift_to_upper
P10308,0.85737184,8.58437938,4.95920817,-0.21029737,upper,shift_to_upper
P10309,0.85753596,8.55774379,-0.21851912,-0.2989526,middle,shift_to_upper
P10310,0.85762987,8.57646703,5.09165217,-0.18077583,upper,shift_to_upper
P10311,0.85764331,8.5897457,4.95034234,-0.12737702,upper,shift_to_upper
P10312,0.85786917,8.61486972,4.85765616,-0.09430977,upper,shift_to_upper
P10313,0.85797238,8.63533775,5.00113607,-0.261689,upper,shift_to_upper
P10314,0.85808305,8.58044863,4.97548074,-0.13437701,upper,shift_to_upper
P10315,0.85821108,8.57910166,4.88804865,-0.01758729,upper,shift_to_upper
P10316,0.85824009,8.55928082,4.82064664,-0.11315988,upper,shift_to_upper
P10317,0.85825647,8.62347273,5.13935833,-0.07910224,upper,shift_to_upper
P10318,0.8582912,8.58835937,0.00978817,-0.25425468,middle,shift_to_upper
P10319,0.85831614,8.60956614,5.08851503,-0.209247,upper,shift_to_upper
P10320,0.85833705,8.57888133,5.03003873,-0.1646107,upper,shift_to_upper
P10321,0.85845016,8.58680887,0.01647218,-0.24120978,middle,shift_to_upper
P10322,0.85850001,8.5441069,4.79567372,-0.18765897,upper,shift_to_upper
P10323,0.85854859,8.60416477,4.97990503,-0.15796331,upper,shift_to_upper
P10324,0.85856247,8.54066049,5.08476629,-0.06457919,upper,shift_to_upper
P10325,0.85904237,8.59713992,5.09879306,-0.0401867,upper,shift_to_upper
P10326,0.85923693,8.56667693,4.87582881,-0.15692509,upper,shift_to_upper
P10327,0.85924146,8.60894163,4.90660641,-0.00942506,upper,shift_to_upper
P10328,0.85925007,8.61934734,5.00610515,-0.30906616,upper,shift_to_upper
P10329,0.8592868,8.56223337,-5.15904257,-0.2976053,lower,shift_to_upper
P10330,0.85934555,8.59384869,4.79825529,0.12360335,upper,shift_to_upper
P10331,0.85942331,8.59601311,-5.2151014,-0.59093983,lower,shift_to_upper
P10332,0.85949823,8.60293819,4.89293394,-0.11028266,upper,shift_to_upper
P10333,0.85952466,8.59730561,4.98996564,-0.08478902,upper,shift_to_upper
P10334,0.85968402,8.60058868,4.77292358,-0.16857939,upper,shift_to_upper
P10335,0.85970834,8.58514203,4.97713053,-0.11983853,upper,shift_to_upper
P10336,0.85974574,8.63272437,4.92190161,-0.10240742,upper,shift_to_upper
P10337,0.85989452,8.47895424,5.03577737,-0.11871649,upper,shift_to_upper
P10338,0.85994987,8.64241213,4.8406136,-0.0448399,upper,shift_to_upper
P10339,0.86006409,8.57443513,5.18011503,-0.0222931,upper,upper_dominant
P10340,0.86024829,8.60241413,-0.22937472,-0.27751024,middle,upper_dominant
P10341,0.86032796,8.59807305,5.09674212,-0.12329296,upper,upper_dominant
P10342,0.86036447,8.59348656,-0.00614761,-0.35175975,middle,upper_dominant
P10343,0.86049293,8.59016317,-5.09880894,-0.32845174,lower,upper_dominant
P10344,0.86059607,8.59759122,5.05171747,-0.13599831,upper,upper_dominant
P10345,0.86065932,8.6432848,4.94578613,0.05470489,upper,upper_dominant
P10346,0.86077742,8.6042618,5.20160784,-0.04419339,upper,upper_dominant
P10347,0.86087008,8.64373392,-5.03991903,-0.45388673,lower,upper_dominant
P10348,0.86091689,8.59117832,5.04936001,-0.19841394,upper,upper_dominant
P10349,0.86110711,8.61542346,4.8920034,-0.06184395,upper,upper_dominant
P10350,0.8611641,8.58621838,4.88114824,0.00532886,upper,upper_dominant
P10351,0.86123177,8.62440644,5.01248837,0.00953166,upper,upper_dominant
P10352,0.86134559,8.60349135,4.91486514,-0.10437484,upper,upper_dominant
P10353,0.86143847,8.60333808,5.0503178,-0.11447431,upper,upper_dominant
P10354,0.8615232,8.63852688,4.89379607,-0.25150313,upper,upper_dominant
P10355,0.86158148,8.60898297,5.01379178,-0.0393058,upper,upper_dominant
P10356,0.86158172,8.63268141,4.8396364,-0.04752994,upper,upper_dominant
P10357,0.86159948,8.64467439,5.01093296,-0.11002991,upper,upper_dominant
P10358,0.8617579,8.64478679,4.96465163,-0.13143271,upper,upper_dominant
P10359,0.86180017,8.58179937,-4.92576441,-0.53963076,lower,upper_dominant
P10360,0.86180583,8.65582602,-5.10644626,-0.47210223,lower,upper_dominant
P10361,0.8618179,8.63349409,5.13484398,-0.07934017,upper,upper_dominant
P10362,0.86198808,8.58187494,4.89037568,-0.1863666,upper,upper_dominant
P10363,0.86202479,8.60272713,5.05069585,0.00286429,upper,upper_dominant
P10364,0.8620852,8.59560025,5.22686142,-0.2333182,upper,upper_dominant
P10365,0.86225916,8.59815175,5.1242001,-0.01670075,upper,upper_dominant
P10366,0.86235047,8.63042404,4.88103786,-0.22649661,upper,upper_dominant
P10367,0.86242628,8.59734419,-0.16497494,-0.40504067,middle,upper_dominant
P10368,0.86261922,8.62453394,5.06562215,-0.08594654,upper,upper_dominant
P10369,0.8626533,8.64627515,4.93921087,-0.12410506,upper,upper_dominant
P10370,0.86271323,8.63380304,5.08805236,-0.0929512,upper,upper_dominant
P10371,0.86292903,8.60781133,4.94045802,-0.20636873,upper,upper_dominant
P10372,0.86297156,8.59417983,4.92073514,-0.09317064,upper,upper_dominant
P10373,0.86307295,8.59849574,5.02265102,-0.04489431,upper,upper_dominant
P10374,0.86315408,8.63339395,4.92364962,0.01539576,upper,upper_dominant
P10375,0.86317245,8.6476822,4.76747287,-0.16915281,upper,upper_dominant
P10376,0.86329292,8.65107347,5.00452611,-0.2536133,upper,upper_dominant
P10377,0.86330585,8.66604372,4.87806356,-0.05686959,upper,upper_dominant
P10378,0.8634987,8.67711239,5.12561086,-0.20068582,upper,upper_dominant
P10379,0.86351437,8.65215755,5.12309568,-0.12341312,upper,upper_dominant
P10380,0.86355506,8.60258028,5.05708026,-0.2072538,upper,upper_dominant
P10381,0.86374548,8.63430969,-5.13998871,-0.5049746,lower,upper_dominant
P10382,0.86380422,8.6553375,4.86454452,-0.18080364,upper,upper_dominant
P10383,0.86382529,8.65818101,5.04574658,-0.12265563,upper,upper_dominant
P10384,0.86382739,8.62460203,4.96263668,-0.0105893,upper,upper_dominant
P10385,0.8638671,8.63753765,-5.13510396,-0.28365775,lower,upper_dominant
P10386,0.86392415,8.66056232,4.99748606,-0.06405653,upper,upper_dominant
P10387,0.86406659,8.65976437,4.91451529,-0.05800053,upper,upper_dominant
P10388,0.86413664,8.60404357,5.07204636,0.13512131,upper,upper_dominant
P10389,0.86431395,8.63696244,5.00641264,-0.11894003,upper,upper_dominant
P10390,0.86444724,8.64941749,5.10831838,-0.18969668,upper,upper_dominant
P10391,0.86456974,8.64993669,5.04439974,-0.0090159,upper,upper_dominant
P10392,0.86465932,8.61797914,5.18424288,-0.11645046,upper,upper_dominant
P10393,0.8646647,8.64336282,4.77284038,-0.15879177,upper,upper_dominant
P10394,0.8647255,8.60822082,5.05042643,-0.10528094,upper,upper_dominant
P10395,0.86473198,8.6465666,0.03881766,-0.34007434,middle,upper_dominant
P10396,0.8650351,8.70069666,5.06097342,-0.07763766,upper,upper_dominant
P10397,0.86515772,8.68280973,-0.03730511,-0.29258838,middle,upper_dominant
P10398,0.86516045,8.63391603,4.99926278,-0.10385847,upper,upper_dominant
P10399,0.86518457,8.66817848,4.92799244,-0.14440821,upper,upper_dominant
P10400,0.86521201,8.6444733,4.95216535,-0.04843468,upper,upper_dominant
P10401,0.86521472,8.65381803,4.88155205,-0.15611539,upper,upper_dominant
P10402,0.86534515,8.69206211,-5.23254661,-0.45823936,lower,upper_dominant
P10403,0.8654178,8.65751019,4.88945053,-0.03400952,upper,upper_dominant
P10404,0.86548798,8.66462223,4.90434548,-0.16504609,upper,upper_dominant
P10405,0.86551336,8.66934682,4.9808619,-0.11489526,upper,upper_dominant
P10406,0.86566433,8.65492257,4.92285489,-0.02592831,upper,upper_dominant
P10407,0.86573537,8.6364016,4.88228315,-0.10518886,upper,upper_dominant
P10408,0.86582937,8.64813494,4.99054708,-0.10706251,upper,upper_dominant
P10409,0.86598084,8.69463246,5.04747299,-0.03600174,upper,upper_dominant
P10410,0.86603074,8.63397872,4.90204335,-0.05807137,upper,upper_dominant
P10411,0.86607194,8.62322798,5.11075418,-0.06032033,upper,upper_dominant
P10412,0.8661166,8.63335661,4.83043155,-0.00915074,upper,upper_dominant
P10413,0.86614515,8.68820197,4.92644163,0.04663129,upper,upper_dominant
P10414,0.8664355,8.66983162,4.96150676,-0.06635476,upper,upper_dominant
P10415,0.86664333,8.68846201,4.92761548,-0.02239656,upper,upper_dominant
P10416,0.866695,8.6593119,-0.115807,-0.36802847,middle,upper_dominant
P10417,0.86674035,8.6518077,4.86128112,0.03944693,upper,upper_dominant
P10418,0.86686646,8.6845985,4.8955921,0.04362656,upper,upper_dominant
P10419,0.86686938,8.68140429,5.06928323,-0.08675218,upper,upper_dominant
P10420,0.86690252,8.67588607,4.99586561,-0.25698493,upper,upper_dominant
P10421,0.86703209,8.63824695,5.10662634,-0.12015427,upper,upper_dominant
P10422,0.86705435,8.65118884,4.9524843,0.05987034,upper,upper_dominant
P10423,0.86712399,8.65826387,5.07936563,0.05765845,upper,upper_dominant
P10424,0.86715132,8.65822799,4.88614754,-0.10901561,upper,upper_dominant
P10425,0.86715354,8.64317573,4.9654759,-0.05926388,upper,upper_dominant
P10426,0.86716966,8.65730644,5.06671133,-0.1424206,upper,upper_dominant
P10427,0.8672285,8.66090948,-5.14219347,-0.51042237,lower,upper_dominant
P10428,0.86725636,8.64935544,4.98103159,-0.06166575,upper,upper_dominant
P10429,0.86728237,8.67931976,4.94135619,-0.07852747,upper,upper_dominant
P10430,0.86728714,8.71075359,4.9197263,-0.01326523,upper,upper_dominant
P10431,0.86730025,8.63770924,4.93250824,-0.24078671,upper,upper_dominant
P10432,0.86741428,8.66537033,5.0295722,-0.14966621,upper,upper_dominant
P10433,0.86759092,8.68679021,4.9899266,0.089909,upper,upper_dominant
P10434,0.86762473,8.69130889,-0.03875263,-0.42515868,middle,upper_dominant
P10435,0.86798177,8.65217056,5.06669292,-0.02938833,upper,upper_dominant
P10436,0.86813201,8.65503104,5.01855615,-0.10191207,upper,upper_dominant
P10437,0.86830133,8.64575493,5.04809948,-0.11129436,upper,upper_dominant
P10438,0.86840796,8.70411279,5.1001345,-0.10610683,upper,upper_dominant
P10439,0.86848813,8.67174284,5.00419495,-0.17822859,upper,upper_dominant
P10440,0.86872135,8.69118044,5.0681506,-0.04273444,upper,upper_dominant
P10441,0.86886236,8.67155727,4.82330778,-0.15244085,upper,upper_dominant
P10442,0.86889193,8.72045095,4.89771205,0.08153922,upper,upper_dominant
P10443,0.86889583,8.64957645,5.22384914,-0.11026708,upper,upper_dominant
P10444,0.86913307,8.70048345,5.0730997,-0.14458217,upper,upper_dominant
P10445,0.8693185,8.68365311,4.82792819,-0.10092813,upper,upper_dominant
P10446,0.86954822,8.67066748,4.97092415,-0.12403617,upper,upper_dominant
P10447,0.86971087,8.66002,4.90180719,-0.06727535,upper,upper_dominant
P10448,0.86978339,8.67983711,5.07182357,-0.02936628,upper,upper_dominant
P10449,0.86979929,8.72963157,4.88562822,-0.13553634,upper,upper_dominant
P10450,0.86987425,8.73912713,4.92590494,-0.13295267,upper,upper_dominant
P10451,0.86995317,8.66783989,5.17284049,-0.06841231,upper,upper_dominant
P10452,0.8699567,8.67929058,4.95966159,-0.17373871,upper,upper_dominant
P10453,0.86996749,8.7017846,4.85907558,-0.09550343,upper,upper_dominant
P10454,0.87005581,8.72018623,4.82799397,-0.07649219,upper,upper_dominant
P10455,0.87035429,8.70985883,5.01086291,-0.07294838,upper,upper_dominant
P10456,0.87046331,8.71862771,-5.18811388,-0.53684017,lower,upper_dominant
P10457,0.87053122,8.73326518,5.02006162,0.04346289,upper,upper_dominant
P10458,0.87086508,8.68796487,-5.17490386,-0.45035976,lower,upper_dominant
P10459,0.87090142,8.71280443,5.27698295,-0.22891111,upper,upper_dominant
P10460,0.87111794,8.72354885,5.02233857,0.04298103,upper,upper_dominant
P10461,0.87126098,8.67606664,-5.03409712,-0.42424322,lower,upper_dominant
P10462,0.87129226,8.72550109,4.91572755,-0.01918578,upper,upper_dominant
P10463,0.87133252,8.7472623,4.95137492,0.07753858,upper,upper_dominant
P10464,0.87133977,8.74822572,4.93773831,0.04646161,upper,upper_dominant
P10465,0.87141794,8.70461784,4.91090298,-0.09225844,upper,upper_dominant
P10466,0.87152959,8.71602259,4.91002062,0.04995013,upper,upper_dominant
P10467,0.8715503,8.73023176,5.06586436,-0.10296471,upper,upper_dominant
P10468,0.87162258,8.68632827,4.99047573,-0.01980041,upper,upper_dominant
P10469,0.87162557,8.71829924,5.006086,-0.20019917,upper,upper_dominant
P10470,0.87164018,8.70156107,4.97946335,-0.04066225,upper,upper_dominant
P10471,0.87174162,8.69892551,-5.19414255,-0.47507522,lower,upper_dominant
P10472,0.87183012,8.73498416,4.8662709,-0.03490602,upper,upper_dominant
P10473,0.87188973,8.68032873,5.12551589,0.11381901,upper,upper_dominant
P10474,0.87202275,8.73325823,4.88141334,-0.04151468,upper,upper_dominant
P10475,0.872086,8.67190858,4.84769784,-0.02563538,upper,upper_dominant
P10476,0.87215927,8.67068891,4.84016261,0.15975002,upper,upper_dominant
P10477,0.87223871,8.77394487,5.12847125,-0.18475759,upper,upper_dominant
P10478,0.87244895,8.70376328,5.00485858,-0.11514033,upper,upper_dominant
P10479,0.87263962,8.73157439,4.79761689,-0.12278808,upper,upper_dominant
P10480,0.8728074,8.74202462,4.75990536,0.06755106,upper,upper_dominant
P10481,0.87284101,8.73316549,5.04066701,-0.07295212,upper,upper_dominant
P10482,0.87292967,8.72397621,-5.17643784,-0.40654189,lower,upper_dominant
P10483,0.87294785,8.73532544,4.86861362,-0.08269592,upper,upper_dominant
P10484,0.87307217,8.71447087,4.9054956,-0.01672262,upper,upper_dominant
P10485,0.87330335,8.74504193,-0.02593116,-0.28122373,middle,upper_dominant
P10486,0.87335826,8.72193365,5.03523299,-0.20428206,upper,upper_dominant
P10487,0.87341957,8.6978402,4.80237126,-0.09779145,upper,upper_dominant
P10488,0.87343808,8.72370969,0.04890386,-0.35451995,middle,upper_dominant
P10489,0.87359884,8.73355277,5.09983495,-0.04992073,upper,upper_dominant
P10490,0.87365665,8.72729782,-0.0059512,-0.24881198,middle,upper_dominant
P10491,0.87366936,8.72954687,4.96991519,-0.08916708,upper,upper_dominant
P10492,0.87367009,8.70189838,4.90212086,-0.04646362,upper,upper_dominant
P10493,0.87367739,8.73757822,4.76932843,-0.10714658,upper,upper_dominant
P10494,0.87376767,8.76698159,5.09487236,-0.02710965,upper,upper_dominant
P10495,0.87384742,8.76112605,4.84249828,-0.13113044,upper,upper_dominant
P10496,0.87387415,8.74249565,5.02599319,-0.00310786,upper,upper_dominant
P10497,0.87389807,8.75633374,4.94059361,-0.12527884,upper,upper_dominant
P10498,0.87403338,8.74005541,-0.02885184,-0.22096455,middle,upper_dominant
P10499,0.87405997,8.74514735,5.08362887,-0.07140736,upper,upper_dominant
P10500,0.87415023,8.72601178,4.93059205,-0.04453757,upper,upper_dominant
P10501,0.87420619,8.72325275,-5.0069176,-0.58131448,lower,upper_dominant
P10502,0.87421774,8.71874809,5.00257447,-0.14662802,upper,upper_dominant
P10503,0.87422443,8.71018206,4.85361227,-0.07059919,upper,upper_dominant
P10504,0.87440063,8.72470665,4.87852691,0.04720072,upper,upper_dominant
P10505,0.87444826,8.74413248,5.00066044,0.00412064,upper,upper_dominant
P10506,0.87457724,8.73651964,-0.08032197,-0.24542999,middle,upper_dominant
P10507,0.87468918,8.77870889,4.82369571,0.0352185,upper,upper_dominant
P10508,0.87480744,8.76295733,5.03638293,0.05151942,upper,upper_dominant
P10509,0.8748333,8.74727532,5.07954938,0.05848504,upper,upper_dominant
P10510,0.87515984,8.76178935,4.98438373,0.01987012,upper,upper_dominant
P10511,0.87525149,8.75013854,4.91191897,-0.05838148,upper,upper_dominant
P10512,0.87542482,8.74247995,4.98314144,-0.12089337,upper,upper_dominant
P10513,0.8757135,8.76876554,-0.12257345,-0.28140083,middle,upper_dominant
P10514,0.87573234,8.7417388,5.01956906,0.066225,upper,upper_dominant
P10515,0.87584962,8.74012427,4.96514906,-0.03124555,upper,upper_dominant
P10516,0.8759569,8.74470242,4.90504469,-0.13222617,upper,upper_dominant
P10517,0.87613884,8.73317059,5.08805575,0.05731346,upper,upper_dominant
P10518,0.87630371,8.73559859,5.0057042,0.0045775,upper,upper_dominant
P10519,0.87630806,8.7916446,4.9838533,-0.02500324,upper,upper_dominant
P10520,0.87635378,8.73248568,4.96868874,-0.05578023,upper,upper_dominant
P10521,0.87667018,8.77986002,5.02585085,-0.14560629,upper,upper_dominant
P10522,0.87696852,8.77911057,5.112776,-0.03941338,upper,upper_dominant
P10523,0.87701694,8.80325285,4.98025988,0.00895821,upper,upper_dominant
P10524,0.8772283,8.75942646,5.0440544,-0.00878879,upper,upper_dominant
P10525,0.87735888,8.75437149,5.05708549,0.04010969,upper,upper_dominant
P10526,0.87738931,8.77897992,0.0102847,-0.29395588,middle,upper_dominant
P10527,0.87754934,8.75532893,4.8383164,-0.07706742,upper,upper_dominant
P10528,0.87756684,8.78793239,-0.02775191,-0.33098155,middle,upper_dominant
P10529,0.87759755,8.76818722,0.00684432,-0.30364972,middle,upper_dominant
P10530,0.87762356,8.78623427,-0.07212049,-0.41758883,middle,upper_dominant
P10531,0.87794797,8.79664934,5.01404725,0.07030234,upper,upper_dominant
P10532,0.87808476,8.81030039,-0.31499314,-0.2009245,middle,upper_dominant
P10533,0.87813931,8.78424089,4.95466974,-0.02647252,upper,upper_dominant
P10534,0.87815345,8.79296417,4.79720547,-0.07549746,upper,upper_dominant
P10535,0.87828766,8.77586536,5.12602466,0.06961032,upper,upper_dominant
P10536,0.87841342,8.77453167,5.09763977,0.02998638,upper,upper_dominant
P10537,0.87858047,8.79616545,4.90866572,-0.04761087,upper,upper_dominant
P10538,0.8786782,8.7655606,4.75436989,0.0579587,upper,upper_dominant
P10539,0.87882527,8.80404792,5.15736855,0.02224578,upper,upper_dominant
P10540,0.87892215,8.75540782,-5.35036536,-0.53759387,lower,upper_dominant
P10541,0.87894749,8.84366786,4.78037427,0.00939216,upper,upper_dominant
P10542,0.87896056,8.82488978,4.80621714,-0.04600912,upper,upper_dominant
P10543,0.87900055,8.74893932,4.97485127,-0.04457632,upper,upper_dominant
P10544,0.87900409,8.80649818,-5.25872443,-0.55455012,lower,upper_dominant
P10545,0.87906568,8.84099069,5.08076304,-0.15152316,upper,upper_dominant
P10546,0.87922029,8.78350699,5.134584,0.01458567,upper,upper_dominant
P10547,0.87949298,8.79586561,4.97810773,-0.02953579,upper,upper_dominant
P10548,0.87967742,8.76803128,5.01767283,-0.11532801,upper,upper_dominant
P10549,0.87972367,8.83003044,-0.13869151,-0.4328779,middle,upper_dominant
P10550,0.87990378,8.78546852,4.92928633,-0.14106317,upper,upper_dominant
P10551,0.87993831,8.82050346,5.16385103,0.0538329,upper,upper_dominant
P10552,0.8799564,8.86567161,4.96473359,-0.06173017,upper,upper_dominant
P10553,0.88018674,8.82117015,4.95684059,-0.00787459,upper,upper_dominant
P10554,0.88023278,8.76584552,5.0129655,-0.05276508,upper,upper_dominant
P10555,0.88035875,8.79334201,5.05098437,-0.14255091,upper,upper_dominant
P10556,0.88041558,8.80831547,5.0139554,-0.09398964,upper,upper_dominant
P10557,0.88051327,8.83829695,5.03098327,-0.1337479,upper,upper_dominant
P10558,0.88053936,8.79726815,-5.35015336,-0.48973299,lower,upper_dominant
P10559,0.88059828,8.77781421,5.10735902,0.14680679,upper,upper_dominant
P10560,0.88074881,8.79467181,5.10636026,-0.04868133,upper,upper_dominant
P10561,0.88078736,8.82378794,5.15135749,0.04192796,upper,upper_dominant
P10562,0.88108393,8.76049711,5.12026402,-0.01956204,upper,upper_dominant
P10563,0.88123573,8.8478844,5.13001079,0.04608102,upper,upper_dominant
P10564,0.88128196,8.83840802,4.96964853,-0.09825287,upper,upper_dominant
P10565,0.8812943,8.78583908,4.76864307,0.00085295,upper,upper_dominant
P10566,0.88131989,8.85580122,5.0627411,-0.01200398,upper,upper_dominant
P10567,0.88163796,8.78284119,-0.14203041,-0.19572676,middle,upper_dominant
P10568,0.88165541,8.7937003,4.87372473,0.02065527,upper,upper_dominant
P10569,0.88172725,8.82481362,4.98290291,0.03562555,upper,upper_dominant
P10570,0.88175013,8.79850674,5.11934568,-0.06191598,upper,upper_dominant
P10571,0.88189354,8.83191534,5.08272743,0.07732863,upper,upper_dominant
P10572,0.88189528,8.85980003,4.9487183,0.02737093,upper,upper_dominant
P10573,0.88207809,8.76731592,-0.17247137,-0.30820647,middle,upper_dominant
P10574,0.88213478,8.81175701,4.98837887,-0.08095867,upper,upper_dominant
P10575,0.88225767,8.82400111,5.03222645,-0.13271833,upper,upper_dominant
P10576,0.88243548,8.79432975,5.17657609,-0.02776904,upper,upper_dominant
P10577,0.88244636,8.84330709,-5.18817767,-0.47078044,lower,upper_dominant
P10578,0.88247068,8.82184712,4.81050438,-0.01630759,upper,upper_dominant
P10579,0.88262776,8.85831702,5.05815602,0.01331654,upper,upper_dominant
P10580,0.88267598,8.82752975,4.93240463,-0.09217079,upper,upper_dominant
P10581,0.88285772,8.82121664,-0.08713573,-0.31679721,middle,upper_dominant
P10582,0.88286683,8.82214115,5.06161927,0.00292242,upper,upper_dominant
P10583,0.88288871,8.80912265,5.13555949,-0.09752386,upper,upper_dominant
P10584,0.88294918,8.85410966,-5.12374434,-0.37968831,lower,upper_dominant
P10585,0.88299929,8.7703943,5.05212711,-0.16661675,upper,upper_dominant
P10586,0.88300099,8.82741322,4.85114221,-0.11889009,upper,upper_dominant
P10587,0.88322045,8.85787398,5.10957908,0.15483958,upper,upper_dominant
P10588,0.88339797,8.84491653,4.81469595,0.04849365,upper,upper_dominant
P10589,0.88348219,8.86445077,-5.2649424,-0.48319105,lower,upper_dominant
P10590,0.88355345,8.84704115,4.95205269,0.12002986,upper,upper_dominant
P10591,0.88355454,8.87043408,4.94099938,-0.02300331,upper,upper_dominant
P10592,0.88356425,8.84049469,4.91975775,0.06023191,upper,upper_dominant
P10593,0.88366669,8.86635833,5.03946081,0.03417572,upper,upper_dominant
P10594,0.88371476,8.83414496,0.03601314,-0.15112672,middle,upper_dominant
P10595,0.88373903,8.81539597,-0.18284333,-0.36779904,middle,upper_dominant
P10596,0.88378152,8.81593256,5.11706628,-0.06186366,upper,upper_dominant
P10597,0.88407065,8.81992598,5.1946832,0.13853965,upper,upper_dominant
P10598,0.8840905,8.84754127,5.06390121,0.04720942,upper,upper_dominant
P10599,0.88447032,8.89252821,4.91585871,0.0399144,upper,upper_dominant
P10600,0.88459098,8.83315559,5.00562962,-0.06133416,upper,upper_dominant
P10601,0.88470914,8.86069929,5.05295989,-0.10168595,upper,upper_dominant
P10602,0.88472085,8.84911003,4.92043779,-0.14407762,upper,upper_dominant
P10603,0.88501201,8.88309109,4.96416796,0.05831509,upper,upper_dominant
P10604,0.88515995,8.87179433,5.09160369,-0.24624357,upper,upper_dominant
P10605,0.88517979,8.84793215,4.90277877,-0.08933812,upper,upper_dominant
P10606,0.88537006,8.84018084,5.0772131,0.08863432,upper,upper_dominant
P10607,0.88539897,8.81606129,5.03980445,0.03275993,upper,upper_dominant
P10608,0.88544341,8.87771114,4.97394667,0.05631377,upper,upper_dominant
P10609,0.88559423,8.85833172,4.96197984,-0.00427026,upper,upper_dominant
P10610,0.8859302,8.89328001,5.05939727,0.01223604,upper,upper_dominant
P10611,0.88602809,8.86400276,5.10153619,-0.10074929,upper,upper_dominant
P10612,0.88623301,8.85510906,4.78390729,0.03387698,upper,upper_dominant
P10613,0.88656299,8.85667203,5.04542981,0.10615414,upper,upper_dominant
P10614,0.8866273,8.85826438,5.07938285,0.16161713,upper,upper_dominant
P10615,0.88671046,8.86775831,4.79823838,0.05177983,upper,upper_dominant
P10616,0.88677657,8.81494366,5.02907513,-0.01546893,upper,upper_dominant
P10617,0.88689683,8.86938279,4.92535657,-0.11349202,upper,upper_dominant
P10618,0.88694305,8.87911686,4.98770318,0.0827211,upper,upper_dominant
P10619,0.88716462,8.90299443,-5.18933625,-0.38253742,lower,upper_dominant
P10620,0.88718506,8.89140501,4.93950323,0.06656851,upper,upper_dominant
P10621,0.88719721,8.87842559,5.07059783,0.04327306,upper,upper_dominant
P10622,0.88723861,8.81470225,5.05256994,-0.13505129,upper,upper_dominant
P10623,0.88727836,8.89363639,-5.1518904,-0.40675557,lower,upper_dominant
P10624,0.88732227,8.86159866,4.99874027,0.01611148,upper,upper_dominant
P10625,0.8874059,8.86464447,5.26073178,0.08777725,upper,upper_dominant
P10626,0.88740634,8.8813601,5.20842087,0.02142172,upper,upper_dominant
P10627,0.88752694,8.89436737,4.94814025,-0.03482359,upper,upper_dominant
P10628,0.88761909,8.92166488,4.88496416,0.00773465,upper,upper_dominant
P10629,0.8876298,8.90540188,5.09567726,-0.09062708,upper,upper_dominant
P10630,0.88764782,8.86976154,-5.15135559,-0.44514462,lower,upper_dominant
P10631,0.88774671,8.86185034,5.0247319,-0.03204647,upper,upper_dominant
P10632,0.88790524,8.86161715,-0.10040381,-0.27047752,middle,upper_dominant
P10633,0.8879447,8.85910133,5.18194204,0.06277308,upper,upper_dominant
P10634,0.88822625,8.86275729,5.00004804,-0.02149924,upper,upper_dominant
P10635,0.88829661,8.90063785,4.98671967,0.0936466,upper,upper_dominant
P10636,0.88852545,8.91918534,5.10887286,0.09994359,upper,upper_dominant
P10637,0.88870103,8.91253889,5.15874687,0.24382607,upper,upper_dominant
P10638,0.88874704,8.87700341,5.03264747,-0.02181998,upper,upper_dominant
P10639,0.88886879,8.88854812,-5.21044757,-0.29857246,lower,upper_dominant
P10640,0.88898346,8.89161614,4.97514188,0.00112462,upper,upper_dominant
P10641,0.88898694,8.87233094,5.13901998,0.15079728,upper,upper_dominant
P10642,0.88902507,8.94296475,4.99883313,0.00787968,upper,upper_dominant
P10643,0.88902836,8.91636859,4.93278203,0.11245093,upper,upper_dominant
P10644,0.88907161,8.86379805,-5.04206,-0.40805328,lower,upper_dominant
P10645,0.88937267,8.90566761,5.13825997,0.10193699,upper,upper_dominant
P10646,0.88955741,8.93232717,5.04738956,0.15271679,upper,upper_dominant
P10647,0.88959059,8.88756415,5.09389543,0.02473884,upper,upper_dominant
P10648,0.88972083,8.87703928,4.93142001,0.09581023,upper,upper_dominant
P10649,0.88982723,8.9238509,4.80918945,0.18717018,upper,upper_dominant
P10650,0.88984003,8.89716969,5.17271629,0.22340331,upper,upper_dominant
P10651,0.8900067,8.89359965,4.86286649,0.00230338,upper,upper_dominant
P10652,0.890222,8.89556414,4.99778062,-0.11563034,upper,upper_dominant
P10653,0.89027942,8.91370279,4.93110587,0.11732515,upper,upper_dominant
P10654,0.89032357,8.89427172,4.93703424,-0.06196972,upper,upper_dominant
P10655,0.89037174,8.8709719,4.96302448,-0.00359251,upper,upper_dominant
P10656,0.89041772,8.88302303,5.03846215,0.03783599,upper,upper_dominant
P10657,0.89050832,8.89476075,5.18791303,-0.03088182,upper,upper_dominant
P10658,0.89060616,8.89806555,4.91420161,0.0731613,upper,upper_dominant
P10659,0.89072153,8.92867148,-0.21692125,-0.27954987,middle,upper_dominant
P10660,0.89087674,8.87439408,4.94551614,0.12848494,upper,upper_dominant
P10661,0.89088463,8.86843813,5.03720183,0.07332099,upper,upper_dominant
P10662,0.89090016,8.91834448,4.93801386,0.17451808,upper,upper_dominant
P10663,0.89092505,8.91220139,4.97923469,0.14968223,upper,upper_dominant
P10664,0.89095582,8.89658907,4.86513214,0.07936737,upper,upper_dominant
P10665,0.89096376,8.91006314,-0.21585546,-0.21957964,middle,upper_dominant
P10666,0.89108598,8.87330705,5.00590489,0.11857126,upper,upper_dominant
P10667,0.89112163,8.92712805,4.97911362,-0.07160474,upper,upper_dominant
P10668,0.89117561,8.97978212,5.25507273,0.01736361,upper,upper_dominant
P10669,0.89120285,8.86472751,5.035144,0.0461403,upper,upper_dominant
P10670,0.89152707,8.91694403,4.88442509,-0.02393494,upper,upper_dominant
P10671,0.89163926,8.91831268,4.98084626,0.06835422,upper,upper_dominant
P10672,0.89183863,8.94259103,5.13202702,0.09085615,upper,upper_dominant
P10673,0.89201263,8.90648995,5.11378505,0.00218036,upper,upper_dominant
P10674,0.89201913,8.91361914,5.0079546,0.17575091,upper,upper_dominant
P10675,0.8922405,8.91110804,5.09348334,0.14328938,upper,upper_dominant
P10676,0.89241208,8.96709272,0.11974039,-0.3080441,middle,upper_dominant
P10677,0.89251335,8.9630124,4.88369827,0.17283033,upper,upper_dominant
P10678,0.89259625,8.9124625,5.07791411,0.09231022,upper,upper_dominant
P10679,0.89264954,8.92842832,5.04725215,0.08928791,upper,upper_dominant
P10680,0.89267343,8.94773362,5.0504037,0.01324701,upper,upper_dominant
P10681,0.89267871,8.92260871,-0.04647357,-0.20831483,middle,upper_dominant
P10682,0.89280831,8.95586412,4.89144091,0.03830091,upper,upper_dominant
P10683,0.89281075,8.89181177,5.07879485,0.10324656,upper,upper_dominant
P10684,0.89284248,8.93095252,4.90384091,0.00526148,upper,upper_dominant
P10685,0.89313207,8.95164449,5.16041758,-0.01353754,upper,upper_dominant
P10686,0.8932588,8.95266252,5.00400289,0.05958837,upper,upper_dominant
P10687,0.89331994,8.97881654,-5.01148803,-0.49200852,lower,upper_dominant
P10688,0.89338585,8.90636861,5.10031571,-0.01402127,upper,upper_dominant
P10689,0.89339473,8.88301261,4.94714095,-0.03915425,upper,upper_dominant
P10690,0.89343721,8.93435505,5.01173773,0.04671609,upper,upper_dominant
P10691,0.89347437,8.89210276,5.09589302,0.23402474,upper,upper_dominant
P10692,0.89351733,8.95315857,4.9798186,0.06036226,upper,upper_dominant
P10693,0.89373666,8.92327307,4.84910506,0.19239869,upper,upper_dominant
P10694,0.89375093,8.97094992,4.96725758,0.15446718,upper,upper_dominant
P10695,0.8938117,8.92875289,5.11406381,0.18125553,upper,upper_dominant
P10696,0.89384584,8.92034284,4.9617079,0.06288355,upper,upper_dominant
P10697,0.89390076,8.95721315,4.97591085,0.01186532,upper,upper_dominant
P10698,0.89410954,8.92884212,-5.15359442,-0.47385805,lower,upper_dominant
P10699,0.89421581,8.95232666,5.05955334,0.11297394,upper,upper_dominant
P10700,0.89421934,8.9191326,5.00957574,0.20560132,upper,upper_dominant
P10701,0.89426135,8.95980172,5.0821525,0.04195727,upper,upper_dominant
P10702,0.8944347,8.95712614,5.25548107,0.11540132,upper,upper_dominant
P10703,0.89453473,8.94942887,5.05146179,-0.05112943,upper,upper_dominant
P10704,0.8945688,8.97156289,5.08178136,0.07066788,upper,upper_dominant
P10705,0.89463922,8.989107,5.09385296,0.10036911,upper,upper_dominant
P10706,0.89464101,8.91545629,-5.15327472,-0.52641577,lower,upper_dominant
P10707,0.89470305,8.946933,5.04221533,-0.03006986,upper,upper_dominant
P10708,0.89501503,8.95709008,0.12573972,-0.20731886,middle,upper_dominant
P10709,0.89516554,8.95060248,5.12236582,0.12675257,upper,upper_dominant
P10710,0.89521582,8.94962506,5.14006674,0.1225961,upper,upper_dominant
P10711,0.89553143,8.98257963,4.86796103,0.08765236,upper,upper_dominant
P10712,0.89558306,8.93554912,5.07460283,0.00045591,upper,upper_dominant
P10713,0.89565985,8.93794112,-0.23002725,-0.28179771,middle,upper_dominant
P10714,0.89566382,8.90373646,4.9463711,0.04707501,upper,upper_dominant
P10715,0.89570131,8.95527217,-0.16757524,-0.13219213,middle,upper_dominant
P10716,0.89594279,8.97537582,4.97620314,0.10338087,upper,upper_dominant
P10717,0.89616225,8.96081533,5.08701487,0.00171149,upper,upper_dominant
P10718,0.8962451,8.94130525,5.12433904,-0.00379733,upper,upper_dominant
P10719,0.89632861,8.96309549,5.13598473,0.19304346,upper,upper_dominant
P10720,0.89639622,8.99675383,4.89499529,0.15870427,upper,upper_dominant
P10721,0.89649226,8.94619904,4.90302515,-0.01084503,upper,upper_dominant
P10722,0.89665819,9.0142013,-5.04357352,-0.35779179,lower,upper_dominant
P10723,0.89666163,8.94049672,5.07269463,0.07131193,upper,upper_dominant
P10724,0.89673705,8.95518459,5.09484258,0.07683955,upper,upper_dominant
P10725,0.89676448,8.98163025,-5.09684794,-0.50580719,lower,upper_dominant
P10726,0.89684976,8.99193346,4.94298061,0.12895287,upper,upper_dominant
P10727,0.89686152,8.98351169,4.82787706,0.08088449,upper,upper_dominant
P10728,0.89688916,8.94529049,5.03971569,-0.0104657,upper,upper_dominant
P10729,0.89689603,8.94103086,-0.1718911,-0.12728673,middle,upper_dominant
P10730,0.89711787,8.97269475,5.09739513,0.0030052,upper,upper_dominant
P10731,0.89715351,8.92385251,4.93608209,0.14005763,upper,upper_dominant
P10732,0.89716863,8.9740147,5.40604906,0.07034072,upper,upper_dominant
P10733,0.89719984,8.95991293,4.90657439,0.07179924,upper,upper_dominant
P10734,0.89723686,8.98106562,5.03154667,0.13356689,upper,upper_dominant
P10735,0.89755243,9.00701769,0.03283251,-0.11963915,middle,upper_dominant
P10736,0.89759541,8.99845452,5.12699178,0.01308363,upper,upper_dominant
P10737,0.8976177,9.01162695,5.02089294,0.09302659,upper,upper_dominant
P10738,0.89764689,8.97896253,4.97196379,0.0941912,upper,upper_dominant
P10739,0.89768052,8.96840181,4.91771883,0.07409456,upper,upper_dominant
P10740,0.8977752,8.97546769,5.01123773,-0.15757794,upper,upper_dominant
P10741,0.89791172,8.94334764,4.95619965,0.08601165,upper,upper_dominant
P10742,0.89794821,8.94711571,5.06769156,-0.06845054,upper,upper_dominant
P10743,0.89799114,8.96684793,5.08375055,0.01337099,upper,upper_dominant
P10744,0.89800816,8.92598257,5.07610498,0.1640697,upper,upper_dominant
P10745,0.89801386,9.00774515,4.95782079,-0.05117765,upper,upper_dominant
P10746,0.89812744,8.9718233,5.02787276,0.11701095,upper,upper_dominant
P10747,0.89816534,8.98396761,4.96855612,0.12770424,upper,upper_dominant
P10748,0.89817457,9.01985745,-4.97341555,-0.36057225,lower,upper_dominant
P10749,0.89819043,8.98952046,4.83089193,-0.01662311,upper,upper_dominant
P10750,0.89822541,8.98172742,5.07708174,0.04108269,upper,upper_dominant
P10751,0.8982462,8.98208866,4.88329702,0.08504987,upper,upper_dominant
P10752,0.89826168,8.97839644,-0.11520115,-0.259217,middle,upper_dominant
P10753,0.89842634,9.00888846,4.9586702,0.15489982,upper,upper_dominant
P10754,0.89849344,9.00749763,-5.0648529,-0.3821814,lower,upper_dominant
P10755,0.89861572,8.97612164,4.91460265,0.0778819,upper,upper_dominant
P10756,0.89868091,9.01655278,4.9470064,0.09835766,upper,upper_dominant
P10757,0.89869398,9.05994617,5.11965889,0.05476516,upper,upper_dominant
P10758,0.89871062,8.99754455,4.96815125,0.06761837,upper,upper_dominant
P10759,0.89876278,8.9680919,4.96260714,0.0851385,upper,upper_dominant
P10760,0.89876909,9.01195233,5.09235735,0.12958597,upper,upper_dominant
P10761,0.89882257,9.04169328,4.98953537,0.07790283,upper,upper_dominant
P10762,0.89883534,8.9788533,4.89227933,0.18666025,upper,upper_dominant
P10763,0.89885181,8.96306539,4.9752249,0.0839617,upper,upper_dominant
P10764,0.89894436,9.00656192,5.0125807,0.00056933,upper,upper_dominant
P10765,0.89910714,8.99250704,-0.09139015,-0.30821325,middle,upper_dominant
P10766,0.89921672,9.01268768,5.09654565,0.09804924,upper,upper_dominant
P10767,0.89939793,9.03279359,5.02469883,0.04604373,upper,upper_dominant
P10768,0.89943911,8.98255196,5.06398365,0.06850846,upper,upper_dominant
P10769,0.89948128,8.99226391,-5.22790565,-0.46450466,lower,upper_dominant
P10770,0.8995377,9.03680802,4.96910868,0.16848637,upper,upper_dominant
P10771,0.89957505,9.04759275,-0.28695351,-0.27354039,middle,upper_dominant
P10772,0.8995851,8.99937842,5.03806826,0.0853425,upper,upper_dominant
P10773,0.8999047,9.01744766,5.25898198,0.1882371,upper,upper_dominant
P10774,0.90013694,9.03210909,4.95516039,0.17188858,upper,upper_dominant
P10775,0.90015165,9.02229728,5.04553959,0.04710162,upper,upper_dominant
P10776,0.90025092,9.06286577,5.12274913,0.18356005,upper,upper_dominant
P10777,0.90026684,9.00430268,-0.01177712,-0.2470831,middle,upper_dominant
P10778,0.90027686,8.95813078,5.13269172,0.05043982,upper,upper_dominant
P10779,0.9003025,8.98089511,0.0287905,-0.30596212,middle,upper_dominant
P10780,0.90030756,8.98215266,-4.9726265,-0.452386,lower,upper_dominant
P10781,0.90033057,8.98296671,4.95087204,0.03496231,upper,upper_dominant
P10782,0.90039283,8.9975543,4.94199758,0.10335186,upper,upper_dominant
P10783,0.90043699,9.00952049,5.04618602,0.0636355,upper,upper_dominant
P10784,0.90045501,9.01102529,4.99068787,0.07362621,upper,upper_dominant
P10785,0.90049894,9.00187658,5.07047289,0.17532703,upper,upper_dominant
P10786,0.90068706,9.02665327,5.08354167,0.11823793,upper,upper_dominant
P10787,0.90074143,8.98323113,4.84675966,0.19957323,upper,upper_dominant
P10788,0.90088145,9.02222034,-5.18016191,-0.36328367,lower,upper_dominant
P10789,0.9010692,9.01817415,4.90264171,0.02170673,upper,upper_dominant
P10790,0.90116412,9.00097833,5.10197214,0.03233838,upper,upper_dominant
P10791,0.90119064,9.0419968,5.18947289,0.16005986,upper,upper_dominant
P10792,0.90135587,9.0334139,0.00377007,-0.19396613,middle,upper_dominant
P10793,0.9015597,9.00388838,4.93880074,0.16612617,upper,upper_dominant
P10794,0.90168131,9.0533677,-5.17534184,-0.40696692,lower,upper_dominant
P10795,0.90175432,9.01082555,4.98803039,0.19479614,upper,upper_dominant
P10796,0.90181014,9.0710269,5.11628827,0.05308488,upper,upper_dominant
P10797,0.90198898,9.02256727,4.90109781,0.07578932,upper,upper_dominant
P10798,0.90203683,8.98621781,5.10027942,0.17423534,upper,upper_dominant
P10799,0.90226332,9.0533502,-0.04648054,-0.27829411,middle,upper_dominant
P10800,0.90230452,8.99068196,5.05341289,0.1921653,upper,upper_dominant
P10801,0.90242621,9.0539997,4.98342572,-0.02920767,upper,upper_dominant
P10802,0.90251597,9.06264765,5.0007823,0.24824899,upper,upper_dominant
P10803,0.90255848,9.00111029,5.05933291,0.05939057,upper,upper_dominant
P10804,0.90256316,8.97423634,4.97965641,0.18141493,upper,upper_dominant
P10805,0.90256639,9.04250067,5.06013278,0.17275912,upper,upper_dominant
P10806,0.90267121,9.00041586,4.98018678,0.21413442,upper,upper_dominant
P10807,0.90276592,9.01253745,-0.08946657,-0.07922835,middle,upper_dominant
P10808,0.90278446,9.01975827,5.20196059,0.12814164,upper,upper_dominant
P10809,0.90297388,9.00674082,5.13718342,0.28667244,upper,upper_dominant
P10810,0.90297635,9.0132261,5.01768065,0.08553026,upper,upper_dominant
P10811,0.90303764,9.0396933,5.0294013,0.24463114,upper,upper_dominant
P10812,0.90304657,9.05021407,5.09536332,0.09465597,upper,upper_dominant
P10813,0.90307706,9.0478322,4.88163588,0.15767634,upper,upper_dominant
P10814,0.90313603,9.0197885,5.16001366,0.03647235,upper,upper_dominant
P10815,0.90332656,9.07155906,5.02631971,0.09478966,upper,upper_dominant
P10816,0.90347353,9.04455292,4.98965669,0.01188884,upper,upper_dominant
P10817,0.90349412,9.05271555,5.04894545,0.2330913,upper,upper_dominant
P10818,0.90355583,9.07915609,5.00573251,0.02256908,upper,upper_dominant
P10819,0.90358271,8.99682877,5.06630881,0.15897841,upper,upper_dominant
P10820,0.90362758,9.02602231,4.95588872,0.08604708,upper,upper_dominant
P10821,0.90363716,9.01540633,5.02075761,0.11261637,upper,upper_dominant
P10822,0.90364858,9.04351471,5.14839722,0.14136909,upper,upper_dominant
P10823,0.90365276,9.03517332,5.03781259,0.05955455,upper,upper_dominant
P10824,0.90375613,9.06592272,-4.95935351,-0.4032831,lower,upper_dominant
P10825,0.90397679,9.04161597,4.98511962,0.13037514,upper,upper_dominant
P10826,0.90438701,9.08472401,5.02043876,0.05644567,upper,upper_dominant
P10827,0.90461861,9.05111378,4.9601617,0.16525159,upper,upper_dominant
P10828,0.90482373,9.05178567,5.01359165,0.21244657,upper,upper_dominant
P10829,0.90483949,9.0371978,5.04589476,0.27060331,upper,upper_dominant
P10830,0.90487898,9.04017072,5.06002461,0.16279599,upper,upper_dominant
P10831,0.90489695,9.09758123,5.01579937,0.03774962,upper,upper_dominant
P10832,0.90499326,9.07733006,5.00687871,0.12402754,upper,upper_dominant
P10833,0.90499901,9.04335884,4.99289244,0.27508235,upper,upper_dominant
P10834,0.90503253,9.05224519,5.1070654,0.22492141,upper,upper_dominant
P10835,0.90503876,9.03143938,5.18174353,0.28135657,upper,upper_dominant
P10836,0.9051085,9.07939715,5.06373354,0.11324491,upper,upper_dominant
P10837,0.90512045,9.03767941,4.95176116,0.08760271,upper,upper_dominant
P10838,0.90532745,9.03899406,5.07108325,-0.03033785,upper,upper_dominant
P10839,0.90546959,8.99551592,4.87133179,0.2133635,upper,upper_dominant
P10840,0.90549422,9.06390765,0.04676947,-0.18467261,middle,upper_dominant
P10841,0.90572223,9.05833551,4.9999033,0.1381743,upper,upper_dominant
P10842,0.90590272,9.04667026,5.19640416,0.07408409,upper,upper_dominant
P10843,0.90593793,9.03949915,4.83636901,-0.08801211,upper,upper_dominant
P10844,0.90597192,9.07052009,5.07806262,0.08162394,upper,upper_dominant
P10845,0.90598225,9.05608972,4.73037637,0.32838957,upper,upper_dominant
P10846,0.90599358,9.07383158,5.12269009,0.21214066,upper,upper_dominant
P10847,0.90603249,9.03571331,4.90761725,0.12702856,upper,upper_dominant
P10848,0.90608336,9.01953296,5.31475127,0.09797638,upper,upper_dominant
P10849,0.90631653,9.11374564,5.06126023,0.23007956,upper,upper_dominant
P10850,0.90646838,9.07765249,4.88549672,0.13902943,upper,upper_dominant
P10851,0.90650037,9.08687963,4.98083552,0.20255195,upper,upper_dominant
P10852,0.90658074,9.07120168,5.0467548,0.20764183,upper,upper_dominant
P10853,0.90671184,9.07619499,4.98313683,0.19392394,upper,upper_dominant
P10854,0.90679009,9.0560185,4.98845343,0.09498701,upper,upper_dominant
P10855,0.90680488,9.08243921,4.88384076,0.12908996,upper,upper_dominant
P10856,0.90690414,9.07205287,5.06352759,0.25904459,upper,upper_dominant
P10857,0.90721756,9.06178548,4.91514103,0.19139719,upper,upper_dominant
P10858,0.90729632,9.05395183,5.16896181,0.20281321,upper,upper_dominant
P10859,0.90731325,9.09981417,5.00490306,0.08642154,upper,upper_dominant
P10860,0.90734643,9.10168242,4.94068904,0.25144696,upper,upper_dominant
P10861,0.90740402,9.05088978,5.09361325,0.23450073,upper,upper_dominant
P10862,0.9074081,9.08980526,-0.0747221,-0.1650857,middle,upper_dominant
P10863,0.90761598,9.07133545,4.97336722,0.264616,upper,upper_dominant
P10864,0.90763385,9.08459738,5.10783312,0.21774307,upper,upper_dominant
P10865,0.90769442,9.03801391,4.95373909,0.26930956,upper,upper_dominant
P10866,0.90769546,9.07945877,4.98389945,0.21657654,upper,upper_dominant
P10867,0.90773331,9.11178247,5.08673165,0.11181082,upper,upper_dominant
P10868,0.90776082,9.04930969,4.9851726,0.19370294,upper,upper_dominant
P10869,0.90776812,9.1202916,5.04305659,0.27960527,upper,upper_dominant
P10870,0.90784248,9.08217637,4.96382071,0.03099146,upper,upper_dominant
P10871,0.90784493,9.1188903,4.97156142,0.15923782,upper,upper_dominant
P10872,0.90795476,9.04536691,-0.15657065,-0.22460348,middle,upper_dominant
P10873,0.90806111,9.07568154,5.11525732,0.12463736,upper,upper_dominant
P10874,0.90806266,9.06639239,5.00640951,0.09506554,upper,upper_dominant
P10875,0.90808028,9.07094345,5.06897957,0.20397003,upper,upper_dominant
P10876,0.90809049,9.04807943,-5.1393815,-0.49459067,lower,upper_dominant
P10877,0.90809534,9.03421276,5.14014691,0.23209446,upper,upper_dominant
P10878,0.9081265,9.12746488,5.0166119,0.18152143,upper,upper_dominant
P10879,0.9081553,9.08256534,5.14583336,0.27313103,upper,upper_dominant
P10880,0.9082541,9.11668418,4.95617363,0.20371337,upper,upper_dominant
P10881,0.90839055,9.13529248,4.9403469,0.08346536,upper,upper_dominant
P10882,0.9084119,9.06797624,5.01277406,0.11855345,upper,upper_dominant
P10883,0.90845621,9.08316548,5.12538279,0.22792435,upper,upper_dominant
P10884,0.90854381,9.11839335,4.97915004,0.15877283,upper,upper_dominant
P10885,0.90856472,9.06532186,5.10576451,0.15818847,upper,upper_dominant
P10886,0.90857839,9.07959082,-5.11409133,-0.43780536,lower,upper_dominant
P10887,0.90882938,9.08752848,5.05349414,0.21559576,upper,upper_dominant
P10888,0.90890689,9.09877293,0.10328835,-0.05369275,middle,upper_dominant
P10889,0.90893852,9.06752664,5.11150426,0.03443681,upper,upper_dominant
P10890,0.90908856,9.12608205,-5.03348298,-0.41120794,lower,upper_dominant
P10891,0.90913374,9.09502616,5.13686135,0.20864734,upper,upper_dominant
P10892,0.90918582,9.07662758,5.07005742,0.15061137,upper,upper_dominant
P10893,0.90924271,9.15628714,5.12652972,0.4056484,upper,upper_dominant
P10894,0.90925394,9.11021018,-0.0802692,-0.05188617,middle,upper_dominant
P10895,0.9093353,9.10602208,5.16706885,0.17977053,upper,upper_dominant
P10896,0.90954927,9.10649871,5.01734696,0.1365794,upper,upper_dominant
P10897,0.90969792,9.08823572,5.17455968,0.02395668,upper,upper_dominant
P10898,0.90971491,9.10146528,5.03083802,0.10412178,upper,upper_dominant
P10899,0.90973225,9.09661184,-5.00168106,-0.32168751,lower,upper_dominant
P10900,0.91005706,9.13394245,4.99595477,0.05471609,upper,upper_dominant
P10901,0.91012848,9.12224167,4.95078233,0.17586419,upper,upper_dominant
P10902,0.91039324,9.0808263,4.92328798,0.18924036,upper,upper_dominant
P10903,0.9104081,9.11874926,5.12492483,0.21661175,upper,upper_dominant
P10904,0.91041815,9.13349628,5.1177827,0.30521424,upper,upper_dominant
P10905,0.91044719,9.10748666,4.98502768,0.1276992,upper,upper_dominant
P10906,0.91045786,9.10095799,5.01126713,0.1266051,upper,upper_dominant
P10907,0.9104782,9.09472807,5.16254655,0.09782005,upper,upper_dominant
P10908,0.91048403,9.06375681,5.01050908,0.25492956,upper,upper_dominant
P10909,0.9105471,9.10849623,5.03298411,0.23427149,upper,upper_dominant
P10910,0.91061794,9.1265604,5.01826116,0.14097524,upper,upper_dominant
P10911,0.91065662,9.09820759,4.99928796,0.09199828,upper,upper_dominant
P10912,0.91074157,9.10833229,5.27756922,0.11042212,upper,upper_dominant
P10913,0.91083551,9.08082125,5.01786875,0.17439398,upper,upper_dominant
P10914,0.91089475,9.10609744,-0.01573489,-0.12313138,middle,upper_dominant
P10915,0.91092033,9.09454765,-5.15235103,-0.48490403,lower,upper_dominant
P10916,0.91112376,9.14312727,5.13487106,0.11815999,upper,upper_dominant
P10917,0.91112588,9.07730297,5.04074461,0.14307964,upper,upper_dominant
P10918,0.91114301,9.08165068,-0.05234162,-0.16485818,middle,upper_dominant
P10919,0.91133849,9.14012796,5.09110041,0.18460737,upper,upper_dominant
P10920,0.91143755,9.10525352,5.15513108,0.29083943,upper,upper_dominant
P10921,0.91166589,9.08678083,5.10896063,0.27102345,upper,upper_dominant
P10922,0.91187538,9.13400677,5.08135479,0.26581822,upper,upper_dominant
P10923,0.91191932,9.15661105,5.0499434,0.24636741,upper,upper_dominant
P10924,0.91192011,9.07357874,5.00605898,0.19954068,upper,upper_dominant
P10925,0.91200145,9.09834747,4.94907809,0.06435928,upper,upper_dominant
P10926,0.91205013,9.08010561,5.19961768,0.28184053,upper,upper_dominant
P10927,0.91217547,9.09160491,5.24279833,0.34931582,upper,upper_dominant
P10928,0.91227503,9.11250609,4.84105637,0.20988129,upper,upper_dominant
P10929,0.91232988,9.09228846,5.02106601,0.11214748,upper,upper_dominant
P10930,0.91259861,9.09551341,4.92522156,0.16892369,upper,upper_dominant
P10931,0.9126556,9.16147749,4.80716032,0.18538567,upper,upper_dominant
P10932,0.91271556,9.13362706,5.0494633,0.20554394,upper,upper_dominant
P10933,0.91272849,9.14101315,5.170985,0.17117216,upper,upper_dominant
P10934,0.91278994,9.1592427,4.92595213,0.14584224,upper,upper_dominant
P10935,0.91279054,9.09677922,4.9326677,0.20078169,upper,upper_dominant
P10936,0.91289689,9.1467123,4.99926758,0.20413804,upper,upper_dominant
P10937,0.91295928,9.14303296,5.01426895,0.23967308,upper,upper_dominant
P10938,0.91300378,9.15275829,5.00916372,0.01072672,upper,upper_dominant
P10939,0.91309541,9.11281746,5.28766615,0.1452259,upper,upper_dominant
P10940,0.9131042,9.11131789,5.00614709,0.01469801,upper,upper_dominant
P10941,0.91313872,9.13240814,4.87336904,-0.08402116,upper,upper_dominant
P10942,0.91316511,9.15202796,4.97182732,0.18465096,upper,upper_dominant
P10943,0.91328371,9.15141382,5.0829989,0.07532033,upper,upper_dominant
P10944,0.91328722,9.1240513,4.95710956,0.1754775,upper,upper_dominant
P10945,0.91336138,9.14516237,5.01695449,0.15038806,upper,upper_dominant
P10946,0.91336157,9.11961369,-5.36191309,-0.52384564,lower,upper_dominant
P10947,0.91344299,9.07824152,5.16502424,0.06451587,upper,upper_dominant
P10948,0.91360058,9.13293272,5.22390463,0.06906008,upper,upper_dominant
P10949,0.91360147,9.09644472,4.94914461,0.14861291,upper,upper_dominant
P10950,0.91364516,9.09536746,4.87459448,0.14471619,upper,upper_dominant
P10951,0.91383941,9.1173078,5.12536156,0.06999614,upper,upper_dominant
P10952,0.91388737,9.17515523,4.97510934,0.11546408,upper,upper_dominant
P10953,0.91427891,9.16352263,4.90350814,0.35235926,upper,upper_dominant
P10954,0.9143821,9.1593794,5.08550017,0.12898867,upper,upper_dominant
P10955,0.91454303,9.11930803,5.14642422,0.23255659,upper,upper_dominant
P10956,0.91457329,9.14073268,5.15210512,0.25290594,upper,upper_dominant
P10957,0.91469858,9.15309081,4.98901041,0.18018635,upper,upper_dominant
P10958,0.91485126,9.14338527,5.11230382,0.19886423,upper,upper_dominant
P10959,0.91499584,9.11023728,5.09007176,0.17941087,upper,upper_dominant
P10960,0.91501502,9.15663394,4.97914883,0.22234172,upper,upper_dominant
P10961,0.91504921,9.11926811,5.13346519,-0.02857622,upper,upper_dominant
P10962,0.91509689,9.16277149,4.88791118,0.23274892,upper,upper_dominant
P10963,0.91512191,9.12306615,5.25045388,0.15965915,upper,upper_dominant
P10964,0.91520437,9.1651719,5.13198199,0.22213508,upper,upper_dominant
P10965,0.91530791,9.1675144,5.04432801,0.20386612,upper,upper_dominant
P10966,0.91531901,9.12522804,5.00225914,0.24101446,upper,upper_dominant
P10967,0.91542182,9.1510244,-5.03836724,-0.37962231,lower,upper_dominant
P10968,0.91550435,9.18422134,5.01677764,0.19868098,upper,upper_dominant
P10969,0.9155478,9.15971768,4.91822438,0.18066926,upper,upper_dominant
P10970,0.9155646,9.17133977,-0.1259866,-0.12814779,middle,upper_dominant
P10971,0.91565956,9.11390048,5.02804825,0.12120169,upper,upper_dominant
P10972,0.9157071,9.1908661,5.09448076,0.16464724,upper,upper_dominant
P10973,0.91572982,9.1507494,5.11543472,0.24270032,upper,upper_dominant
P10974,0.91590142,9.19470549,5.2170458,0.2993606,upper,upper_dominant
P10975,0.9161459,9.15761787,-5.13556942,-0.2694295,lower,upper_dominant
P10976,0.91615215,9.14734505,5.09090694,0.26054521,upper,upper_dominant
P10977,0.91616601,9.13237301,5.01564331,0.13765455,upper,upper_dominant
P10978,0.91618898,9.19553096,5.00980045,0.04879456,upper,upper_dominant
P10979,0.91632259,9.18434567,-5.10407621,-0.40204302,lower,upper_dominant
P10980,0.91633539,9.19515422,-5.08527832,-0.3859644,lower,upper_dominant
P10981,0.91643984,9.14765465,5.12414902,0.15783925,upper,upper_dominant
P10982,0.91648167,9.12638031,5.04823001,0.25100445,upper,upper_dominant
P10983,0.91648835,9.17652488,-5.00772264,-0.35887947,lower,upper_dominant
P10984,0.91650018,9.12865656,4.9408729,0.32247052,upper,upper_dominant
P10985,0.91674605,9.20004955,4.90686597,0.20852189,upper,upper_dominant
P10986,0.91682953,9.15218823,5.07737916,0.36712591,upper,upper_dominant
P10987,0.91692688,9.15183731,-0.05342476,-0.32292153,middle,upper_dominant
P10988,0.91695118,9.16550899,4.98880384,0.13005669,upper,upper_dominant
P10989,0.9171343,9.16545044,5.10521173,0.2603211,upper,upper_dominant
P10990,0.91732801,9.18151234,5.0467554,0.19646064,upper,upper_dominant
P10991,0.91733593,9.18484507,5.07193025,0.19958377,upper,upper_dominant
P10992,0.91738798,9.11205214,5.09311999,0.16369701,upper,upper_dominant
P10993,0.91741442,9.16173394,5.14183784,0.26222801,upper,upper_dominant
P10994,0.91741566,9.17713428,5.09803272,0.27394892,upper,upper_dominant
P10995,0.91742064,9.21231648,5.1342109,0.28116078,upper,upper_dominant
P10996,0.91744076,9.14360002,-5.14557221,-0.43718141,lower,upper_dominant
P10997,0.91792578,9.19622766,4.9631655,0.07186175,upper,upper_dominant
P10998,0.91793212,9.20710732,5.02156187,0.10700085,upper,upper_dominant
P10999,0.91808662,9.15370994,5.12483888,0.37903018,upper,upper_dominant
P11000,0.91816032,9.1733559,5.04603447,0.1738142,upper,upper_dominant
P11001,0.91818915,9.1869493,4.82423785,0.14081721,upper,upper_dominant
P11002,0.91828196,9.16807654,5.05585706,0.36085714,upper,upper_dominant
P11003,0.91834704,9.20723135,5.03930066,0.11538114,upper,upper_dominant
P11004,0.91835292,9.16255467,5.21752322,0.16503149,upper,upper_dominant
P11005,0.91837101,9.19693663,5.15442992,0.17217392,upper,upper_dominant
P11006,0.91839741,9.169496,4.96759402,0.16155643,upper,upper_dominant
P11007,0.91842087,9.19719171,5.12740742,0.11120369,upper,upper_dominant
P11008,0.91846678,9.18527779,5.36469926,0.23799021,upper,upper_dominant
P11009,0.91858224,9.18863822,5.1226288,0.25209727,upper,upper_dominant
P11010,0.91859757,9.1385845,5.06608306,0.2529478,upper,upper_dominant
P11011,0.91861995,9.16178398,4.92483222,0.19410093,upper,upper_dominant
P11012,0.91874326,9.2195053,4.94187785,0.29050927,upper,upper_dominant
P11013,0.91882923,9.21533429,5.16929547,0.22383738,upper,upper_dominant
P11014,0.91886387,9.16996629,5.06684134,0.12896835,upper,upper_dominant
P11015,0.91887848,9.18194001,5.00418061,0.20012193,upper,upper_dominant
P11016,0.91898015,9.20913408,5.08937539,0.1161008,upper,upper_dominant
P11017,0.91899155,9.16354632,4.95368321,0.14398967,upper,upper_dominant
P11018,0.91899593,9.22057041,5.0522498,0.15900645,upper,upper_dominant
P11019,0.91903714,9.19459146,4.96258877,0.14452201,upper,upper_dominant
P11020,0.91913864,9.17235763,5.02510806,0.25301275,upper,upper_dominant
P11021,0.91934202,9.20134784,5.0037167,0.26510568,upper,upper_dominant
P11022,0.91939182,9.15917287,-5.0680558,-0.11570152,lower,upper_dominant
P11023,0.91943886,9.22150688,4.9941121,0.25724528,upper,upper_dominant
P11024,0.91949528,9.17229383,5.17944247,0.20622591,upper,upper_dominant
P11025,0.91956727,9.23626856,4.97587636,0.19085528,upper,upper_dominant
P11026,0.91958869,9.21593482,5.12101576,0.2012459,upper,upper_dominant
P11027,0.91959026,9.16470601,5.08836633,0.12540638,upper,upper_dominant
P11028,0.91963175,9.10957821,5.17114372,0.21624904,upper,upper_dominant
P11029,0.91973385,9.19023684,5.15331279,0.24343277,upper,upper_dominant
P11030,0.92013163,9.16578691,4.9931797,0.31247055,upper,upper_dominant
P11031,0.9202145,9.17823738,4.9704438,0.05753117,upper,upper_dominant
P11032,0.92037622,9.23237035,5.1947526,0.22109968,upper,upper_dominant
P11033,0.92042234,9.21087568,5.26689563,0.22156023,upper,upper_dominant
P11034,0.9204234,9.21448218,5.04237555,0.13676399,upper,upper_dominant
P11035,0.92044165,9.23423323,4.96542731,0.18492826,upper,upper_dominant
P11036,0.92048297,9.18816154,5.13137763,0.21319515,upper,upper_dominant
P11037,0.92053367,9.23775984,4.97746185,0.09324635,upper,upper_dominant
P11038,0.92059264,9.20353497,4.94961506,0.1451815,upper,upper_dominant
P11039,0.92080201,9.25154192,5.05983428,0.28734868,upper,upper_dominant
P11040,0.92096469,9.15829234,5.01265059,0.18661003,upper,upper_dominant
P11041,0.92113153,9.20544499,4.93121169,0.18368097,upper,upper_dominant
P11042,0.92129029,9.21938291,4.97826423,0.21183134,upper,upper_dominant
P11043,0.92154317,9.22775882,5.22626047,0.29140145,upper,upper_dominant
P11044,0.92180122,9.22935939,-0.17185506,-0.09010238,middle,upper_dominant
P11045,0.92180551,9.24647843,4.99885582,0.13945236,upper,upper_dominant
P11046,0.92185502,9.20352536,5.08945976,0.25734645,upper,upper_dominant
P11047,0.92191256,9.26424046,-4.9230357,-0.53321723,lower,upper_dominant
P11048,0.92192159,9.24055672,5.01163437,0.18226597,upper,upper_dominant
P11049,0.92195016,9.2114995,5.16759401,0.22666496,upper,upper_dominant
P11050,0.92197019,9.1905914,-5.10285252,-0.33375366,lower,upper_dominant
P11051,0.92198488,9.20274561,5.12982325,0.32643652,upper,upper_dominant
P11052,0.9220429,9.19000994,5.0816011,0.23984626,upper,upper_dominant
P11053,0.92207129,9.23494229,5.10883079,0.22602823,upper,upper_dominant
P11054,0.92212884,9.19347357,4.97735199,0.23864168,upper,upper_dominant
P11055,0.92219861,9.17793318,4.97555635,0.24080658,upper,upper_dominant
P11056,0.9222113,9.16119196,-0.07976675,-0.03944239,middle,upper_dominant
P11057,0.92222987,9.22144805,5.10503935,0.19637614,upper,upper_dominant
P11058,0.92238338,9.23035063,5.14410968,0.22359844,upper,upper_dominant
P11059,0.92241517,9.18648649,5.00792509,0.11008305,upper,upper_dominant
P11060,0.92245778,9.24639631,5.26046151,0.24138156,upper,upper_dominant
P11061,0.92248222,9.24648513,5.01510292,0.30220991,upper,upper_dominant
P11062,0.9225172,9.19801928,5.15523829,0.21770793,upper,upper_dominant
P11063,0.92263919,9.23146563,5.10769041,0.21282645,upper,upper_dominant
P11064,0.92270808,9.20915024,5.08801765,0.24755436,upper,upper_dominant
P11065,0.9227272,9.18282302,4.97888262,0.21559393,upper,upper_dominant
P11066,0.92275601,9.2451957,5.01420138,0.23812755,upper,upper_dominant
P11067,0.92280928,9.2178057,4.90628614,0.16352963,upper,upper_dominant
P11068,0.9228398,9.25492199,4.98741376,0.30286625,upper,upper_dominant
P11069,0.92296822,9.25480407,4.99040815,0.22227287,upper,upper_dominant
P11070,0.92306449,9.22738125,4.99498543,0.14471401,upper,upper_dominant
P11071,0.92310125,9.23927886,5.19701174,0.24791743,upper,upper_dominant
P11072,0.92317531,9.19871735,5.14436759,0.15783584,upper,upper_dominant
P11073,0.92320409,9.24717631,4.97853329,0.2432783,upper,upper_dominant
P11074,0.9232058,9.23621913,5.08500758,0.17832214,upper,upper_dominant
P11075,0.92321247,9.25207142,5.16406279,0.36736883,upper,upper_dominant
P11076,0.92341162,9.25163242,5.22068316,0.29003152,upper,upper_dominant
P11077,0.92342778,9.21660936,5.05512803,0.23951239,upper,upper_dominant
P11078,0.92355896,9.21523765,5.04188941,0.34011206,upper,upper_dominant
P11079,0.92366743,9.24976417,5.13517353,0.22052613,upper,upper_dominant
P11080,0.9236986,9.24673048,5.09051633,0.2432541,upper,upper_dominant
P11081,0.92371358,9.21866793,4.92798948,0.21457353,upper,upper_dominant
P11082,0.92381686,9.23638414,4.96642153,0.34861453,upper,upper_dominant
P11083,0.92384573,9.23449167,-0.02782342,-0.13794986,middle,upper_dominant
P11084,0.92385646,9.25430486,5.16509599,0.1418024,upper,upper_dominant
P11085,0.92388529,9.23857395,5.09399133,0.14438216,upper,upper_dominant
P11086,0.92414135,9.22422665,5.05249645,0.37110012,upper,upper_dominant
P11087,0.92418267,9.19547702,4.9661171,0.28957042,upper,upper_dominant
P11088,0.92424943,9.25272308,5.13537015,0.30639596,upper,upper_dominant
P11089,0.9243364,9.27208067,5.1224132,0.2682928,upper,upper_dominant
P11090,0.92441917,9.25301301,5.03769289,0.25638617,upper,upper_dominant
P11091,0.92449036,9.20231392,5.23167157,0.2360057,upper,upper_dominant
P11092,0.92450337,9.26900073,5.01213774,0.41475899,upper,upper_dominant
P11093,0.92450998,9.2649441,5.09019558,0.23680866,upper,upper_dominant
P11094,0.92451162,9.26914438,5.04516829,0.27203377,upper,upper_dominant
P11095,0.92469224,9.19891669,4.97748515,0.19213664,upper,upper_dominant
P11096,0.92487104,9.2447454,-5.09121606,-0.28768613,lower,upper_dominant
P11097,0.92493205,9.2598016,5.14788797,0.22807547,upper,upper_dominant
P11098,0.92519237,9.22270055,4.97515365,0.17394113,upper,upper_dominant
P11099,0.92563947,9.28848526,5.10376039,0.25031519,upper,upper_dominant
P11100,0.92567678,9.2932259,5.18520876,0.15602658,upper,upper_dominant
P11101,0.92571014,9.25018871,-5.03566581,-0.48317094,lower,upper_dominant
P11102,0.92572583,9.24130513,5.1016984,0.32261647,upper,upper_dominant
P11103,0.92575481,9.24690036,4.98263806,0.26328798,upper,upper_dominant
P11104,0.92585476,9.26918147,5.13265121,0.30975689,upper,upper_dominant
P11105,0.92588827,9.27623141,5.06216837,0.33605448,upper,upper_dominant
P11106,0.9259262,9.25806602,0.07919609,0.07744299,middle,upper_dominant
P11107,0.92602716,9.27704822,4.9647115,0.39267706,upper,upper_dominant
P11108,0.92612601,9.20811248,-5.06699151,-0.3686192,lower,upper_dominant
P11109,0.92619615,9.24332403,4.95335496,0.40081845,upper,upper_dominant
P11110,0.92622466,9.25423709,5.12291177,0.2025088,upper,upper_dominant
P11111,0.92631675,9.28530965,5.01488471,0.20694183,upper,upper_dominant
P11112,0.92635326,9.24913408,4.84474756,0.21786815,upper,upper_dominant
P11113,0.92637136,9.28036749,5.11623923,0.32681125,upper,upper_dominant
P11114,0.92649928,9.29764617,5.140061,0.37537516,upper,upper_dominant
P11115,0.9265905,9.25457984,5.01394673,0.19844052,upper,upper_dominant
P11116,0.92664755,9.26716664,5.04117955,0.25794895,upper,upper_dominant
P11117,0.92671292,9.29158699,5.10121316,0.24065062,upper,upper_dominant
P11118,0.92678403,9.27339142,5.06789578,0.32416188,upper,upper_dominant
P11119,0.92696228,9.29432507,5.15258953,0.18027079,upper,upper_dominant
P11120,0.92705243,9.29160452,5.01927709,0.28460398,upper,upper_dominant
P11121,0.92710949,9.27846272,5.07729094,0.23205039,upper,upper_dominant
P11122,0.92715073,9.31791926,5.25187038,0.12118795,upper,upper_dominant
P11123,0.92728037,9.27033032,5.06336404,0.32422305,upper,upper_dominant
P11124,0.92729676,9.2763364,4.96447023,0.33470098,upper,upper_dominant
P11125,0.92731058,9.27508422,-0.00438377,-0.11845652,middle,upper_dominant
P11126,0.92734651,9.30432174,5.18718862,0.326596,upper,upper_dominant
P11127,0.92739063,9.28077177,5.05192511,0.19857222,upper,upper_dominant
P11128,0.92747559,9.23339493,5.14272024,0.34216671,upper,upper_dominant
P11129,0.92753443,9.2363825,5.19158826,0.29840051,upper,upper_dominant
P11130,0.92760934,9.29879646,5.03817345,0.22815716,upper,upper_dominant
P11131,0.92761134,9.2754268,-5.08770935,-0.35223864,lower,upper_dominant
P11132,0.92775609,9.29321268,5.05928058,0.18223163,upper,upper_dominant
P11133,0.92785507,9.27396286,5.07411223,0.19715987,upper,upper_dominant
P11134,0.92788634,9.26520197,5.09438669,0.26265937,upper,upper_dominant
P11135,0.92796039,9.26423644,5.08567896,0.29038602,upper,upper_dominant
P11136,0.92816522,9.27921138,5.17267841,0.27366152,upper,upper_dominant
P11137,0.92821546,9.26875962,0.11038517,-0.05072317,middle,upper_dominant
P11138,0.92845645,9.27966142,-5.03749263,-0.42206763,lower,upper_dominant
P11139,0.92857943,9.30620235,5.00158491,0.34723691,upper,upper_dominant
P11140,0.92861621,9.26843911,5.10874686,0.25340964,upper,upper_dominant
P11141,0.9286466,9.28528873,5.13542776,0.26540145,upper,upper_dominant
P11142,0.92872477,9.28340828,4.9846854,0.26773667,upper,upper_dominant
P11143,0.92875356,9.2990892,5.06658472,0.24063432,upper,upper_dominant
P11144,0.92885877,9.26650431,5.10062351,0.27842647,upper,upper_dominant
P11145,0.92893742,9.24218862,5.2280922,0.45245068,upper,upper_dominant
P11146,0.9289408,9.30840843,5.09967179,0.17105242,upper,upper_dominant
P11147,0.9290328,9.30257825,5.00443243,0.15462678,upper,upper_dominant
P11148,0.92918246,9.30523441,5.0455329,0.30642454,upper,upper_dominant
P11149,0.92922256,9.26965011,5.25564973,0.32191714,upper,upper_dominant
P11150,0.92922382,9.26506203,4.9814583,0.19225924,upper,upper_dominant
P11151,0.92929983,9.31438031,5.11415041,0.20914924,upper,upper_dominant
P11152,0.92936504,9.32915496,5.18109628,0.46402226,upper,upper_dominant
P11153,0.92959682,9.31675259,5.11531913,0.24296834,upper,upper_dominant
P11154,0.92971629,9.27752182,5.14932737,0.2823609,upper,upper_dominant
P11155,0.9297524,9.29084196,5.02296583,0.19491133,upper,upper_dominant
P11156,0.92985303,9.29546025,5.00632331,0.31401378,upper,upper_dominant
P11157,0.92989238,9.28967967,-0.06988985,-0.11005864,middle,upper_dominant
P11158,0.92989484,9.30373071,5.10467884,0.26668988,upper,upper_dominant
P11159,0.9300733,9.34662956,4.94531531,0.30623819,upper,upper_dominant
P11160,0.93009334,9.31863113,4.9705076,0.32030971,upper,upper_dominant
P11161,0.9303209,9.29888371,5.05278085,0.16738478,upper,upper_dominant
P11162,0.93034544,9.26773906,5.11141875,0.33498847,upper,upper_dominant
P11163,0.93038274,9.3290848,5.14242303,0.17858538,upper,upper_dominant
P11164,0.93045912,9.28190259,5.02704016,0.21242039,upper,upper_dominant
P11165,0.93048011,9.26552858,5.07949749,0.21119851,upper,upper_dominant
P11166,0.93052513,9.27848864,4.99267028,0.21156361,upper,upper_dominant
P11167,0.93059167,9.33551751,0.11939929,-0.05453448,middle,upper_dominant
P11168,0.9306475,9.30030719,4.96208365,0.30944218,upper,upper_dominant
P11169,0.93066292,9.30427067,4.98066517,0.2947497,upper,upper_dominant
P11170,0.93070807,9.28556946,4.99005045,0.30754389,upper,upper_dominant
P11171,0.9307481,9.31755287,-0.10784279,-0.09312346,middle,upper_dominant
P11172,0.93076787,9.31809304,5.01952022,0.2930623,upper,upper_dominant
P11173,0.93081315,9.3053719,5.07755747,0.29673711,upper,upper_dominant
P11174,0.93090518,9.33936089,5.04659244,0.3229442,upper,upper_dominant
P11175,0.93097713,9.29023263,4.98360429,0.31359681,upper,upper_dominant
P11176,0.93100808,9.3189619,5.28731691,0.23033726,upper,upper_dominant
P11177,0.93101375,9.30417767,5.06525073,0.47683081,upper,upper_dominant
P11178,0.93110463,9.22519991,-5.29754847,-0.38494576,lower,upper_dominant
P11179,0.93115003,9.34434825,5.15264629,0.19575186,upper,upper_dominant
P11180,0.93126635,9.32739188,5.064128,0.17817911,upper,upper_dominant
P11181,0.93132162,9.27921292,5.11161498,0.19956653,upper,upper_dominant
P11182,0.93133948,9.30498751,5.15152912,0.21653349,upper,upper_dominant
P11183,0.93134218,9.29225595,5.1333693,0.30057267,upper,upper_dominant
P11184,0.93136981,9.34240497,4.978438,0.24859164,upper,upper_dominant
P11185,0.93155069,9.31845119,5.01308947,0.224437,upper,upper_dominant
P11186,0.93163608,9.32134868,5.08379075,0.1485461,upper,upper_dominant
P11187,0.93165184,9.27982053,5.01045196,0.36236671,upper,upper_dominant
P11188,0.93172332,9.29574677,5.06081654,0.35013921,upper,upper_dominant
P11189,0.93175159,9.35044017,5.14715281,0.30003947,upper,upper_dominant
P11190,0.93186166,9.30266939,4.97044435,0.24796121,upper,upper_dominant
P11191,0.93207256,9.30472606,5.071588,0.24350783,upper,upper_dominant
P11192,0.93208022,9.3313563,5.11144379,0.29722627,upper,upper_dominant
P11193,0.93214767,9.32152645,5.1631575,0.38443696,upper,upper_dominant
P11194,0.93218272,9.29535811,5.00962406,0.29376531,upper,upper_dominant
P11195,0.93229474,9.30377299,4.99914103,0.15900811,upper,upper_dominant
P11196,0.93233342,9.30095346,5.06349312,0.26327256,upper,upper_dominant
P11197,0.93240793,9.31206923,5.10573032,0.28623259,upper,upper_dominant
P11198,0.93246621,9.26029667,5.14879893,0.24048288,upper,upper_dominant
P11199,0.93269945,9.3532224,5.03825836,0.32049731,upper,upper_dominant
P11200,0.93279113,9.38991215,4.91996647,0.3192913,upper,upper_dominant
P11201,0.93288488,9.34759416,-5.11670228,-0.35049899,lower,upper_dominant
P11202,0.9331062,9.30559069,-0.08993514,-0.07472056,middle,upper_dominant
P11203,0.93316372,9.37982366,5.08324083,0.33718477,upper,upper_dominant
P11204,0.93324382,9.30937559,5.057536,0.2859327,upper,upper_dominant
P11205,0.93325895,9.35139844,-5.02233542,-0.27027279,lower,upper_dominant
P11206,0.93335753,9.3414416,5.14043937,0.26562989,upper,upper_dominant
P11207,0.93343668,9.32281019,5.17157819,0.25039263,upper,upper_dominant
P11208,0.93364938,9.34594648,-4.94332167,-0.35563184,lower,upper_dominant
P11209,0.93367125,9.36930863,5.03722115,0.23462515,upper,upper_dominant
P11210,0.9337298,9.30153335,5.25922936,0.29451262,upper,upper_dominant
P11211,0.93373075,9.35039261,-0.23220584,0.05214909,middle,upper_dominant
P11212,0.93374336,9.28843045,5.05506307,0.33925201,upper,upper_dominant
P11213,0.93377287,9.33664241,4.93142181,0.27534558,upper,upper_dominant
P11214,0.93390297,9.33468995,-0.11797424,0.10182198,middle,upper_dominant
P11215,0.93395879,9.35793994,4.92025037,0.43803789,upper,upper_dominant
P11216,0.93408978,9.3554275,0.01794689,-0.06476773,middle,upper_dominant
P11217,0.93429522,9.36760425,5.05994905,0.21659787,upper,upper_dominant
P11218,0.93443119,9.33259506,5.09866679,0.29328031,upper,upper_dominant
P11219,0.93446285,9.35129469,5.12848228,0.13835213,upper,upper_dominant
P11220,0.93461245,9.35816167,5.01514178,0.21674854,upper,upper_dominant
P11221,0.93466337,9.35763347,4.97812819,0.19946102,upper,upper_dominant
P11222,0.93473103,9.39794037,5.0308758,0.27720522,upper,upper_dominant
P11223,0.93488771,9.38341314,4.90296926,0.32280996,upper,upper_dominant
P11224,0.93489991,9.36846779,5.06104097,0.22404664,upper,upper_dominant
P11225,0.9349725,9.38927202,5.19675112,0.30606673,upper,upper_dominant
P11226,0.93512069,9.3085031,5.03506823,0.29046334,upper,upper_dominant
P11227,0.93518072,9.34343223,5.07303064,0.31092982,upper,upper_dominant
P11228,0.9353899,9.36272953,5.10564307,0.32658309,upper,upper_dominant
P11229,0.93551513,9.39268756,4.92819157,0.40216974,upper,upper_dominant
P11230,0.93577062,9.36110567,5.15818087,0.18905689,upper,upper_dominant
P11231,0.9357835,9.33534088,4.93571611,0.28072079,upper,upper_dominant
P11232,0.93580235,9.39006371,4.94040082,0.25385197,upper,upper_dominant
P11233,0.93580682,9.36321722,5.09922273,0.16556058,upper,upper_dominant
P11234,0.93591641,9.3690115,0.10843203,0.17108641,middle,upper_dominant
P11235,0.93594489,9.31698605,5.06041083,0.32710606,upper,upper_dominant
P11236,0.93597805,9.31471563,5.06664835,0.28990691,upper,upper_dominant
P11237,0.93599876,9.38611568,4.92214668,0.20254368,upper,upper_dominant
P11238,0.93608401,9.36700347,5.10033628,0.34527585,upper,upper_dominant
P11239,0.93610218,9.35476224,5.17628531,0.28931558,upper,upper_dominant
P11240,0.93616606,9.36878346,5.0739688,0.36872252,upper,upper_dominant
P11241,0.93622174,9.37142324,5.08414715,0.33213224,upper,upper_dominant
P11242,0.93635421,9.39325933,5.08714919,0.35421925,upper,upper_dominant
P11243,0.93643879,9.33403513,5.00973724,0.38588924,upper,upper_dominant
P11244,0.93658048,9.3641703,5.14245549,0.33320092,upper,upper_dominant
P11245,0.93659811,9.36078357,-0.01366026,-0.00902779,middle,upper_dominant
P11246,0.93666132,9.33424234,5.1388806,0.07837005,upper,upper_dominant
P11247,0.93678665,9.37830255,5.0404901,0.43400541,upper,upper_dominant
P11248,0.93691022,9.34461948,5.16050711,0.24248881,upper,upper_dominant
P11249,0.93713299,9.39020545,0.01715557,-0.07440518,middle,upper_dominant
P11250,0.93714924,9.37421103,5.081385,0.1759658,upper,upper_dominant
P11251,0.93735442,9.39000466,5.04745443,0.25498505,upper,upper_dominant
P11252,0.9373788,9.3949775,-0.08576867,-0.05276968,middle,upper_dominant
P11253,0.93739588,9.35522174,5.00743464,0.2072603,upper,upper_dominant
P11254,0.93742318,9.39486652,5.0065674,0.26412609,upper,upper_dominant
P11255,0.93761249,9.35067722,5.11749264,0.22796658,upper,upper_dominant
P11256,0.93771945,9.38446894,-5.0872725,-0.33352536,lower,upper_dominant
P11257,0.937847,9.37442422,5.16040301,0.37070517,upper,upper_dominant
P11258,0.93799966,9.39585272,5.06815213,0.19124084,upper,upper_dominant
P11259,0.93810853,9.38081203,5.19510969,0.37866962,upper,upper_dominant
P11260,0.93832527,9.38304469,4.98993381,0.4811278,upper,upper_dominant
P11261,0.93851287,9.37883409,5.15116991,0.22646291,upper,upper_dominant
P11262,0.9387986,9.35813589,4.97422102,0.21615302,upper,upper_dominant
P11263,0.93880346,9.38554451,5.07840022,0.15913595,upper,upper_dominant
P11264,0.93880754,9.40969738,5.01790536,0.23454644,upper,upper_dominant
P11265,0.93889087,9.37776795,5.2675122,0.32291365,upper,upper_dominant
P11266,0.93898817,9.37860065,5.07087783,0.37908606,upper,upper_dominant
P11267,0.93903511,9.39256145,5.04420014,0.39382574,upper,upper_dominant
P11268,0.93911748,9.39452242,4.91661378,0.34410864,upper,upper_dominant
P11269,0.93913171,9.35366155,5.01306925,0.36963001,upper,upper_dominant
P11270,0.93913661,9.45218325,5.16981106,0.23602839,upper,upper_dominant
P11271,0.93915051,9.38589761,5.22041932,0.44263209,upper,upper_dominant
P11272,0.93920437,9.41335802,4.90638336,0.32834552,upper,upper_dominant
P11273,0.93932121,9.41057045,-5.01858175,-0.37723365,lower,upper_dominant
P11274,0.93932916,9.35888088,5.18849495,0.45319545,upper,upper_dominant
P11275,0.93971375,9.41484409,4.93611701,0.23533411,upper,upper_dominant
P11276,0.93971775,9.40553419,0.0233345,0.1070724,middle,upper_dominant
P11277,0.93973397,9.41355744,5.03563443,0.15810297,upper,upper_dominant
P11278,0.93980355,9.36371337,-0.04641363,-0.042957,middle,upper_dominant
P11279,0.93991468,9.38125703,4.97362114,0.27189247,upper,upper_dominant
P11280,0.94001757,9.41551554,4.97841712,0.16329832,upper,upper_dominant
P11281,0.9400393,9.38812602,5.07193529,0.29458694,upper,upper_dominant
P11282,0.9400782,9.41254065,5.23388904,0.34085168,upper,upper_dominant
P11283,0.94007849,9.37936853,5.11412436,0.32719497,upper,upper_dominant
P11284,0.94012929,9.40482942,5.07791553,0.27109796,upper,upper_dominant
P11285,0.94016338,9.37478303,5.20840073,0.27062762,upper,upper_dominant
P11286,0.94023728,9.42196433,-0.08932822,-0.12679594,middle,upper_dominant
P11287,0.94046884,9.42135402,5.04321396,0.2819633,upper,upper_dominant
P11288,0.94065811,9.44767879,0.09414335,-0.12997557,middle,upper_dominant
P11289,0.94070308,9.44114743,-0.11776048,-0.05576264,middle,upper_dominant
P11290,0.94082363,9.40201608,4.97634309,0.15000692,upper,upper_dominant
P11291,0.94084379,9.39595366,4.94753502,0.39793587,upper,upper_dominant
P11292,0.94087629,9.38730043,5.1409536,0.22503075,upper,upper_dominant
P11293,0.94089955,9.42308415,4.91878211,0.30709072,upper,upper_dominant
P11294,0.9409007,9.36120491,5.08411221,0.41168098,upper,upper_dominant
P11295,0.94111355,9.40728804,4.98219063,0.35935933,upper,upper_dominant
P11296,0.94117109,9.40233993,5.12101527,0.24911992,upper,upper_dominant
P11297,0.94120249,9.40530362,5.22084359,0.35681733,upper,upper_dominant
P11298,0.94129591,9.40660794,5.13445343,0.37053933,upper,upper_dominant
P11299,0.94130154,9.4329803,5.11933001,0.36793694,upper,upper_dominant
P11300,0.94136585,9.44107128,5.1369172,0.20991806,upper,upper_dominant
P11301,0.94137448,9.41610513,5.27417991,0.28054565,upper,upper_dominant
P11302,0.94141489,9.44730653,5.15420346,0.24148358,upper,upper_dominant
P11303,0.94163601,9.40017881,0.00443784,-0.04894436,middle,upper_dominant
P11304,0.94165937,9.38372849,5.25751011,0.35468967,upper,upper_dominant
P11305,0.94169096,9.44000016,5.03452402,0.42558053,upper,upper_dominant
P11306,0.94177485,9.4123196,5.07309729,0.16227973,upper,upper_dominant
P11307,0.94196252,9.41881766,5.0427131,0.24716742,upper,upper_dominant
P11308,0.94200005,9.41257218,4.89516661,0.18328861,upper,upper_dominant
P11309,0.94205968,9.43829454,5.21512922,0.15010615,upper,upper_dominant
P11310,0.94224628,9.39065928,5.08301184,0.33948759,upper,upper_dominant
P11311,0.94229243,9.44958219,5.08615693,0.18662706,upper,upper_dominant
P11312,0.94229249,9.4126957,5.17890992,0.3206789,upper,upper_dominant
P11313,0.94229783,9.3963887,5.23808805,0.16178828,upper,upper_dominant
P11314,0.94237866,9.44540516,5.05143708,0.29296602,upper,upper_dominant
P11315,0.94267352,9.40669114,5.15637305,0.18751872,upper,upper_dominant
P11316,0.94293242,9.40643278,5.08986679,0.30627519,upper,upper_dominant
P11317,0.94293788,9.39805127,-5.13997265,-0.4301631,lower,upper_dominant
P11318,0.94296429,9.45124066,4.98590467,0.3029571,upper,upper_dominant
P11319,0.943019,9.42553646,4.9922859,0.39825961,upper,upper_dominant
P11320,0.94332581,9.42913511,4.98912556,0.23228556,upper,upper_dominant
P11321,0.94340963,9.39576231,-5.06335296,-0.39228589,lower,upper_dominant
P11322,0.9436169,9.4281773,5.13654731,0.26329867,upper,upper_dominant
P11323,0.94377143,9.42334523,4.90309015,0.35885095,upper,upper_dominant
P11324,0.94391087,9.40160312,0.13981041,0.03644633,middle,upper_dominant
P11325,0.94392591,9.42250872,-4.95358638,-0.19375862,lower,upper_dominant
P11326,0.94401842,9.41362162,5.04505405,0.34178446,upper,upper_dominant
P11327,0.94403738,9.44774173,5.0690852,0.20164699,upper,upper_dominant
P11328,0.94407371,9.41452405,5.23310365,0.21971546,upper,upper_dominant
P11329,0.94411853,9.4413626,5.13350209,0.35421337,upper,upper_dominant
P11330,0.94415931,9.44149071,5.15780772,0.37351989,upper,upper_dominant
P11331,0.94420344,9.41288415,4.97057977,0.35740036,upper,upper_dominant
P11332,0.94422087,9.44866372,5.23678212,0.41970337,upper,upper_dominant
P11333,0.94423901,9.48049085,0.12332489,0.03563616,middle,upper_dominant
P11334,0.94429291,9.40995119,0.03512817,0.0906703,middle,upper_dominant
P11335,0.94430086,9.4441411,5.08914598,0.18104324,upper,upper_dominant
P11336,0.94437302,9.4505669,-5.10603817,-0.26972083,lower,upper_dominant
P11337,0.94439948,9.48603531,4.97353869,0.25555072,upper,upper_dominant
P11338,0.94447181,9.42957295,5.14686177,0.26512633,upper,upper_dominant
P11339,0.94465368,9.49275355,5.02813203,0.13927702,upper,upper_dominant
P11340,0.94465634,9.47490111,5.14008123,0.3408335,upper,upper_dominant
P11341,0.94471732,9.42329491,0.02938512,0.1214386,middle,upper_dominant
P11342,0.94472575,9.41407275,5.07927408,0.3274315,upper,upper_dominant
P11343,0.94475207,9.4553098,5.12393944,0.46375908,upper,upper_dominant
P11344,0.94481421,9.47527062,5.13690319,0.50464083,upper,upper_dominant
P11345,0.94483793,9.42469983,4.99112013,0.40015338,upper,upper_dominant
P11346,0.94488974,9.44673628,5.00435288,0.36165533,upper,upper_dominant
P11347,0.94516577,9.44214975,5.10551265,0.17417487,upper,upper_dominant
P11348,0.94521099,9.4812567,5.04723944,0.32385596,upper,upper_dominant
P11349,0.94525401,9.41920858,5.12002747,0.41073721,upper,upper_dominant
P11350,0.94526787,9.41738088,5.03051005,0.42410989,upper,upper_dominant
P11351,0.94547337,9.46468782,5.2214768,0.29521184,upper,upper_dominant
P11352,0.94549634,9.4211529,-5.13673205,-0.14994413,lower,upper_dominant
P11353,0.94554658,9.44713817,4.93937331,0.41640118,upper,upper_dominant
P11354,0.94561627,9.49215336,-4.98581793,-0.33586567,lower,upper_dominant
P11355,0.94589584,9.37832638,0.00548572,0.13218797,middle,upper_dominant
P11356,0.94598018,9.46342271,4.8701874,0.4277956,upper,upper_dominant
P11357,0.94610395,9.49267858,5.01372691,0.3491689,upper,upper_dominant
P11358,0.94624669,9.4928081,4.94783281,0.29898303,upper,upper_dominant
P11359,0.94627617,9.43461195,5.09884615,0.47814754,upper,upper_dominant
P11360,0.94629307,9.40014349,5.15872162,0.36712973,upper,upper_dominant
P11361,0.94635905,9.4764823,5.05998806,0.35759075,upper,upper_dominant
P11362,0.94644315,9.48247438,5.01301637,0.21512978,upper,upper_dominant
P11363,0.94648268,9.47006787,5.06201805,0.19831423,upper,upper_dominant
P11364,0.94657416,9.46866654,5.16334814,0.31129817,upper,upper_dominant
P11365,0.94662406,9.47360033,5.19326563,0.2919656,upper,upper_dominant
P11366,0.94666553,9.46300102,5.01218801,0.25609942,upper,upper_dominant
P11367,0.94677682,9.45755672,5.17030978,0.27226816,upper,upper_dominant
P11368,0.9470353,9.47676129,5.10350978,0.39653936,upper,upper_dominant
P11369,0.9470613,9.44986178,5.03827312,0.38579944,upper,upper_dominant
P11370,0.94730872,9.48586841,5.02583132,0.31061117,upper,upper_dominant
P11371,0.94742638,9.4344477,5.26256002,0.27165381,upper,upper_dominant
P11372,0.94744346,9.49940166,5.13319847,0.39519575,upper,upper_dominant
P11373,0.94757474,9.46421493,5.23079033,0.33326745,upper,upper_dominant
P11374,0.94774461,9.49351685,5.10920175,0.41608817,upper,upper_dominant
P11375,0.9478616,9.48801743,5.20439578,0.25176582,upper,upper_dominant
P11376,0.94802506,9.45781349,5.11553188,0.35447377,upper,upper_dominant
P11377,0.94811995,9.48162949,5.05389786,0.30293049,upper,upper_dominant
P11378,0.94819104,9.49749659,-5.13078471,-0.20369389,lower,upper_dominant
P11379,0.94830831,9.46572,5.04193725,0.41282125,upper,upper_dominant
P11380,0.94837211,9.48043675,4.92795954,0.33999533,upper,upper_dominant
P11381,0.94849182,9.52387337,5.28050937,0.37182213,upper,upper_dominant
P11382,0.94868409,9.5006646,5.09978196,0.41186777,upper,upper_dominant
P11383,0.94871223,9.49560866,5.15583994,0.310444,upper,upper_dominant
P11384,0.94871594,9.50150978,5.03270758,0.3077582,upper,upper_dominant
P11385,0.94879141,9.48942158,5.22366644,0.35906057,upper,upper_dominant
P11386,0.94880335,9.5251817,-5.0983871,-0.47015199,lower,upper_dominant
P11387,0.94892194,9.52331803,5.12887022,0.3375726,upper,upper_dominant
P11388,0.94927354,9.50050591,4.93630669,0.45059069,upper,upper_dominant
P11389,0.94933383,9.47740343,-5.20470471,-0.1437355,lower,upper_dominant
P11390,0.94936948,9.4995806,5.21728512,0.3357853,upper,upper_dominant
P11391,0.94939001,9.50295657,5.16857496,0.27250476,upper,upper_dominant
P11392,0.94941528,9.50758273,4.97421904,0.31677743,upper,upper_dominant
P11393,0.94963773,9.46059025,5.20350035,0.35161124,upper,upper_dominant
P11394,0.94986816,9.52934205,5.18239742,0.34964192,upper,upper_dominant
P11395,0.9501088,9.51901935,4.90632104,0.37963078,upper,upper_dominant
P11396,0.95026419,9.4849947,-4.98982746,-0.21048038,lower,upper_dominant
P11397,0.95028569,9.52705018,5.18026007,0.35764937,upper,upper_dominant
P11398,0.95031843,9.5018783,5.15465599,0.38352455,upper,upper_dominant
P11399,0.95036224,9.51282419,0.01453146,0.04922106,middle,upper_dominant
P11400,0.95040357,9.50780832,4.93158373,0.32164599,upper,upper_dominant
P11401,0.95051364,9.49414268,5.2005057,0.41950339,upper,upper_dominant
P11402,0.95054195,9.50151483,5.14734875,0.44890212,upper,upper_dominant
P11403,0.95054258,9.46979975,5.39480057,0.30336067,upper,upper_dominant
P11404,0.9505636,9.48143546,5.06991308,0.4412868,upper,upper_dominant
P11405,0.95063345,9.5130543,5.13624026,0.37457558,upper,upper_dominant
P11406,0.95064405,9.52505079,5.03560235,0.36413335,upper,upper_dominant
P11407,0.95070767,9.4881904,5.16317083,0.44848581,upper,upper_dominant
P11408,0.95074705,9.50198922,5.11041112,0.31524605,upper,upper_dominant
P11409,0.95084371,9.50167663,4.99625039,0.15056051,upper,upper_dominant
P11410,0.95089027,9.50474001,-5.11079733,-0.28056891,lower,upper_dominant
P11411,0.95096365,9.51568851,5.29597491,0.23597311,upper,upper_dominant
P11412,0.95096655,9.54648529,-0.08344025,0.12525926,middle,upper_dominant
P11413,0.951113,9.5166881,5.18094404,0.43354003,upper,upper_dominant
P11414,0.95120093,9.5184365,5.23810652,0.32602016,upper,upper_dominant
P11415,0.95125445,9.52209577,-0.10582682,-0.1079497,middle,upper_dominant
P11416,0.95138446,9.48228593,5.11308551,0.47588835,upper,upper_dominant
P11417,0.95140999,9.54979237,5.25077164,0.42384155,upper,upper_dominant
P11418,0.95143028,9.49930302,4.94944007,0.39479412,upper,upper_dominant
P11419,0.95144903,9.49343326,5.27146339,0.31871126,upper,upper_dominant
P11420,0.95158831,9.46528957,4.93217756,0.31935146,upper,upper_dominant
P11421,0.95180053,9.55381293,5.20339169,0.44121664,upper,upper_dominant
P11422,0.9518167,9.5099623,4.80242994,0.41911167,upper,upper_dominant
P11423,0.95183773,9.56348059,5.06509549,0.43269656,upper,upper_dominant
P11424,0.9519083,9.50252217,5.10010858,0.35829522,upper,upper_dominant
P11425,0.95203547,9.52719739,4.8828785,0.53096102,upper,upper_dominant
P11426,0.95204169,9.53237747,5.24923852,0.41709178,upper,upper_dominant
P11427,0.95212942,9.5705597,5.22948406,0.13723588,upper,upper_dominant
P11428,0.95218478,9.49103386,5.16431837,0.43318026,upper,upper_dominant
P11429,0.95220937,9.55447518,5.14195482,0.34910245,upper,upper_dominant
P11430,0.95224069,9.55689757,-5.09860022,-0.32142918,lower,upper_dominant
P11431,0.95224615,9.51122609,4.97631678,0.44471863,upper,upper_dominant
P11432,0.95251845,9.48941727,5.00806293,0.3564686,upper,upper_dominant
P11433,0.9525764,9.47347958,5.43142359,0.53050799,upper,upper_dominant
P11434,0.9526683,9.53603593,5.17594186,0.19879825,upper,upper_dominant
P11435,0.95273816,9.52779743,5.08796653,0.33771216,upper,upper_dominant
P11436,0.95275612,9.49244205,4.8059094,0.24178348,upper,upper_dominant
P11437,0.95282929,9.52147893,5.00860978,0.30971778,upper,upper_dominant
P11438,0.95289916,9.54593662,5.22155486,0.42469098,upper,upper_dominant
P11439,0.95296317,9.55650087,5.09808644,0.31776265,upper,upper_dominant
P11440,0.95299773,9.53779906,5.03006473,0.5185196,upper,upper_dominant
P11441,0.95312713,9.53085906,5.09457879,0.41761813,upper,upper_dominant
P11442,0.95312857,9.54715332,4.96667769,0.29764751,upper,upper_dominant
P11443,0.95325572,9.57056572,5.05873788,0.29765107,upper,upper_dominant
P11444,0.95332962,9.51286891,5.16474279,0.40249994,upper,upper_dominant
P11445,0.95337662,9.56731633,-0.06171652,-0.02863236,middle,upper_dominant
P11446,0.95349227,9.4983315,5.19703712,0.41850098,upper,upper_dominant
P11447,0.95353434,9.54253192,0.12272861,-0.01341915,middle,upper_dominant
P11448,0.95360838,9.51322519,4.94680605,0.44864995,upper,upper_dominant
P11449,0.95362638,9.54822737,5.12002104,0.33427123,upper,upper_dominant
P11450,0.9537536,9.55362903,5.01210303,0.32454311,upper,upper_dominant
P11451,0.95381235,9.47867923,5.20488409,0.32973911,upper,upper_dominant
P11452,0.9538369,9.48921559,5.01833498,0.38945984,upper,upper_dominant
P11453,0.95395193,9.48807315,5.17092784,0.26634446,upper,upper_dominant
P11454,0.95406798,9.47842255,4.91747696,0.46638902,upper,upper_dominant
P11455,0.9541379,9.47625785,4.91610254,0.43295365,upper,upper_dominant
P11456,0.95415854,9.56054848,5.01741369,0.33391759,upper,upper_dominant
P11457,0.95418118,9.55492486,-0.08597437,0.15307401,middle,upper_dominant
P11458,0.95434892,9.5609348,4.93528302,0.21284861,upper,upper_dominant
P11459,0.95441139,9.53918129,5.10638138,0.33591834,upper,upper_dominant
P11460,0.95456069,9.51062046,-4.98285439,-0.23093474,lower,upper_dominant
P11461,0.95471319,9.57295998,5.04138829,0.2588923,upper,upper_dominant
P11462,0.95475803,9.50259704,5.19723703,0.32604937,upper,upper_dominant
P11463,0.9549485,9.54489312,5.05906379,0.3755663,upper,upper_dominant
P11464,0.95520886,9.53161327,5.11880774,0.26263192,upper,upper_dominant
P11465,0.95528632,9.56206511,5.10240311,0.25010263,upper,upper_dominant
P11466,0.95532798,9.58126044,5.14404714,0.42223343,upper,upper_dominant
P11467,0.95532827,9.53620694,-5.09340787,-0.25205268,lower,upper_dominant
P11468,0.95548008,9.59588833,-0.00432924,0.04963796,middle,upper_dominant
P11469,0.95553275,9.61036614,5.20177332,0.32885988,upper,upper_dominant
P11470,0.95564318,9.59583977,5.23276518,0.33917527,upper,upper_dominant
P11471,0.9556896,9.53535346,4.97122011,0.26773088,upper,upper_dominant
P11472,0.95571639,9.5367194,5.25970927,0.22397235,upper,upper_dominant
P11473,0.95572443,9.53255047,5.2513582,0.44010692,upper,upper_dominant
P11474,0.95574143,9.52735462,5.11576679,0.24009162,upper,upper_dominant
P11475,0.95576062,9.59357508,5.05166893,0.37659532,upper,upper_dominant
P11476,0.95591801,9.55116351,5.10366314,0.40231323,upper,upper_dominant
P11477,0.95599942,9.60079518,-5.01837628,-0.3111333,lower,upper_dominant
P11478,0.95603683,9.53804034,4.97170827,0.31165504,upper,upper_dominant
P11479,0.95615931,9.54811588,5.1035706,0.40338717,upper,upper_dominant
P11480,0.9562891,9.64125516,5.17342584,0.35037923,upper,upper_dominant
P11481,0.95634738,9.55589165,-0.07734305,-0.06092799,middle,upper_dominant
P11482,0.9563643,9.55143097,4.99719821,0.48921333,upper,upper_dominant
P11483,0.95651542,9.54838924,4.96610617,0.3554077,upper,upper_dominant
P11484,0.95695596,9.59496752,0.12979102,0.2420508,middle,upper_dominant
P11485,0.95708469,9.58580951,5.17664257,0.26699514,upper,upper_dominant
P11486,0.95732191,9.57683543,5.03846289,0.36122726,upper,upper_dominant
P11487,0.95750703,9.5700494,5.08771489,0.3018989,upper,upper_dominant
P11488,0.95752866,9.55734955,5.00352948,0.45168757,upper,upper_dominant
P11489,0.95763266,9.54584137,5.17764354,0.38990851,upper,upper_dominant
P11490,0.95765325,9.57578001,5.06912816,0.28595886,upper,upper_dominant
P11491,0.95770358,9.61815762,4.83538556,0.34135783,upper,upper_dominant
P11492,0.95774321,9.5637844,5.21891802,0.39831799,upper,upper_dominant
P11493,0.95775249,9.56725902,4.93528234,0.46072922,upper,upper_dominant
P11494,0.95787177,9.60396595,0.05004022,0.05937059,middle,upper_dominant
P11495,0.9579183,9.59760095,5.15237493,0.38557346,upper,upper_dominant
P11496,0.95793487,9.52782346,5.1370336,0.35098958,upper,upper_dominant
P11497,0.95798254,9.59312466,4.91061275,0.29256733,upper,upper_dominant
P11498,0.95822352,9.56663742,5.03872551,0.47800999,upper,upper_dominant
P11499,0.95834695,9.61128825,5.06018468,0.27828262,upper,upper_dominant
P11500,0.95842326,9.64395262,5.14096304,0.24786806,upper,upper_dominant
P11501,0.95850077,9.60312847,4.99973105,0.40937322,upper,upper_dominant
P11502,0.9585726,9.60174561,5.12173595,0.40067145,upper,upper_dominant
P11503,0.95857642,9.59263851,5.15522981,0.43680236,upper,upper_dominant
P11504,0.95857874,9.59432909,4.95171488,0.25752833,upper,upper_dominant
P11505,0.9586725,9.6115845,4.93528044,0.3786741,upper,upper_dominant
P11506,0.9587004,9.61051394,5.16741764,0.4715881,upper,upper_dominant
P11507,0.95874414,9.59483473,-0.03564685,0.22452372,middle,upper_dominant
P11508,0.95881247,9.56202606,5.17601033,0.37242672,upper,upper_dominant
P11509,0.95881502,9.57385653,-5.08424606,-0.24072981,lower,upper_dominant
P11510,0.95890167,9.62902228,5.10687823,0.30867528,upper,upper_dominant
P11511,0.95890461,9.58681466,5.06260893,0.27084925,upper,upper_dominant
P11512,0.95944468,9.59108991,5.05508263,0.33160302,upper,upper_dominant
P11513,0.95975881,9.60106987,5.11987734,0.41882458,upper,upper_dominant
P11514,0.95995877,9.62512838,5.16670106,0.21989581,upper,upper_dominant
P11515,0.96002336,9.59812489,5.18868994,0.40960105,upper,upper_dominant
P11516,0.96019936,9.61793961,5.07990547,0.37646824,upper,upper_dominant
P11517,0.96025479,9.59596333,5.11401137,0.36359241,upper,upper_dominant
P11518,0.96035114,9.58744111,4.9766287,0.57687314,upper,upper_dominant
P11519,0.96037312,9.61168281,-4.99560554,-0.30132831,lower,upper_dominant
P11520,0.96052924,9.57962029,5.01650342,0.53049326,upper,upper_dominant
P11521,0.96073419,9.59019146,5.01111942,0.34801792,upper,upper_dominant
P11522,0.96076744,9.61091405,5.11176871,0.54072555,upper,upper_dominant
P11523,0.96086329,9.60344634,5.10653776,0.38523193,upper,upper_dominant
P11524,0.96090396,9.64436942,5.09327824,0.37139612,upper,upper_dominant
P11525,0.96094715,9.66671803,4.86349123,0.31684539,upper,upper_dominant
P11526,0.96111729,9.65704436,5.13779967,0.47564529,upper,upper_dominant
P11527,0.96115302,9.55751868,-0.08966393,0.3029122,middle,upper_dominant
P11528,0.96118893,9.60201872,5.04152772,0.31332891,upper,upper_dominant
P11529,0.96156367,9.62107808,5.15049925,0.35223064,upper,upper_dominant
P11530,0.96171992,9.65315934,5.0807477,0.43382408,upper,upper_dominant
P11531,0.96177137,9.61632418,-0.0513681,0.07001243,middle,upper_dominant
P11532,0.96180433,9.6352554,5.16060279,0.22744284,upper,upper_dominant
P11533,0.96182174,9.5997667,4.98302699,0.41579989,upper,upper_dominant
P11534,0.9619192,9.63856503,5.22989948,0.44186864,upper,upper_dominant
P11535,0.9620872,9.64506543,5.18396386,0.38733884,upper,upper_dominant
P11536,0.96212656,9.6279732,5.11991478,0.43861116,upper,upper_dominant
P11537,0.96216274,9.59327123,5.0901852,0.34064835,upper,upper_dominant
P11538,0.96222645,9.62026937,-0.0866335,0.1043337,middle,upper_dominant
P11539,0.96261764,9.68745842,5.15178238,0.41353359,upper,upper_dominant
P11540,0.96262489,9.61997797,5.04328853,0.32721077,upper,upper_dominant
P11541,0.96274352,9.5968213,-5.01921811,-0.16106107,lower,upper_dominant
P11542,0.96274564,9.67175514,-5.25725159,-0.19153274,lower,upper_dominant
P11543,0.96322801,9.62233829,0.11285066,0.18566457,middle,upper_dominant
P11544,0.96323441,9.61393859,5.14385698,0.42522371,upper,upper_dominant
P11545,0.96337403,9.63529165,5.17479611,0.23232454,upper,upper_dominant
P11546,0.96339835,9.64138986,4.99248317,0.44606373,upper,upper_dominant
P11547,0.96342539,9.60748239,-0.0875401,0.1565187,middle,upper_dominant
P11548,0.96343039,9.64802837,5.1331454,0.38046527,upper,upper_dominant
P11549,0.96354701,9.62676788,5.23366193,0.34128516,upper,upper_dominant
P11550,0.96354978,9.63111693,4.96709686,0.32102622,upper,upper_dominant
P11551,0.96363465,9.68837514,0.04274012,0.17739269,middle,upper_dominant
P11552,0.96383786,9.65902881,5.28217798,0.41248282,upper,upper_dominant
P11553,0.96390174,9.6637017,0.01315362,0.10029602,middle,upper_dominant
P11554,0.96401677,9.62568036,5.10849048,0.44045759,upper,upper_dominant
P11555,0.96412564,9.66068471,5.20155504,0.41993063,upper,upper_dominant
P11556,0.96417225,9.59567093,5.1890741,0.38904977,upper,upper_dominant
P11557,0.96426202,9.66590581,5.11139338,0.48239829,upper,upper_dominant
P11558,0.96429899,9.66025337,5.05796298,0.41202452,upper,upper_dominant
P11559,0.96431981,9.62346682,5.23154054,0.44301893,upper,upper_dominant
P11560,0.96432352,9.61202636,0.08609621,0.17248173,middle,upper_dominant
P11561,0.96454851,9.68529791,5.03957337,0.5077908,upper,upper_dominant
P11562,0.96471079,9.67838621,5.06385411,0.41041917,upper,upper_dominant
P11563,0.96480886,9.61460961,5.19427757,0.60581639,upper,upper_dominant
P11564,0.9648602,9.63491257,4.89572044,0.36919298,upper,upper_dominant
P11565,0.96495298,9.66395618,4.97578,0.42658022,upper,upper_dominant
P11566,0.96499267,9.63049111,5.22073732,0.45493393,upper,upper_dominant
P11567,0.96504493,9.68199435,5.34407789,0.34167342,upper,upper_dominant
P11568,0.96510933,9.62611303,5.08613346,0.4210023,upper,upper_dominant
P11569,0.96527441,9.6392318,5.01995285,0.3037286,upper,upper_dominant
P11570,0.96536847,9.62296195,5.15343362,0.33096936,upper,upper_dominant
P11571,0.96542701,9.63995684,5.146645,0.33343609,upper,upper_dominant
P11572,0.96552207,9.66654777,5.26187855,0.41680273,upper,upper_dominant
P11573,0.96580566,9.64688034,4.99426141,0.39842238,upper,upper_dominant
P11574,0.96583653,9.6759802,5.19983023,0.32188713,upper,upper_dominant
P11575,0.96584284,9.6714877,5.01701987,0.3981757,upper,upper_dominant
P11576,0.96596562,9.68234675,5.15477284,0.37226831,upper,upper_dominant
P11577,0.9661296,9.65384676,5.10748636,0.29309752,upper,upper_dominant
P11578,0.96614977,9.68092538,5.16807698,0.46614343,upper,upper_dominant
P11579,0.96630534,9.66177182,5.16283624,0.43388976,upper,upper_dominant
P11580,0.96632229,9.63068611,5.1034366,0.46577397,upper,upper_dominant
P11581,0.96636199,9.63687704,5.05570142,0.43840606,upper,upper_dominant
P11582,0.96638322,9.69141522,5.06850237,0.49527115,upper,upper_dominant
P11583,0.96638506,9.66615766,5.08855375,0.34629028,upper,upper_dominant
P11584,0.96639023,9.67466769,5.05866473,0.36148334,upper,upper_dominant
P11585,0.96646875,9.6928509,5.04919288,0.39238754,upper,upper_dominant
P11586,0.96649105,9.60323572,5.16856603,0.27247386,upper,upper_dominant
P11587,0.96686247,9.64415313,4.93738722,0.31823584,upper,upper_dominant
P11588,0.966884,9.68752364,5.03043114,0.51029653,upper,upper_dominant
P11589,0.9671425,9.70299563,5.29668666,0.33420421,upper,upper_dominant
P11590,0.9671443,9.65660865,5.01360367,0.45865512,upper,upper_dominant
P11591,0.96729327,9.64398339,-5.19752796,-0.07867563,lower,upper_dominant
P11592,0.9673298,9.66178001,-5.04697726,-0.26248134,lower,upper_dominant
P11593,0.96736383,9.70591335,5.22148475,0.49573737,upper,upper_dominant
P11594,0.96743073,9.72800866,5.03973248,0.43361498,upper,upper_dominant
P11595,0.96748075,9.6869509,-5.29869836,-0.10625015,lower,upper_dominant
P11596,0.96762167,9.68943551,5.20454209,0.45472407,upper,upper_dominant
P11597,0.96765465,9.69826066,0.08426364,0.06554928,middle,upper_dominant
P11598,0.9679181,9.67641777,-0.07131515,0.08664447,middle,upper_dominant
P11599,0.96799182,9.67073635,0.03447657,0.14205432,middle,upper_dominant
P11600,0.96813996,9.71000963,5.11090064,0.47032234,upper,upper_dominant
P11601,0.96819104,9.64249059,5.09608022,0.4296937,upper,upper_dominant
P11602,0.96821857,9.65375227,-5.07492173,-0.24918223,lower,upper_dominant
P11603,0.9686452,9.66577556,5.14356089,0.44503027,upper,upper_dominant
P11604,0.9687419,9.66119771,5.07725742,0.29749317,upper,upper_dominant
P11605,0.96879493,9.68379215,5.08156419,0.60532931,upper,upper_dominant
P11606,0.9689099,9.71522173,5.17230239,0.46836652,upper,upper_dominant
P11607,0.9689335,9.69873682,5.03027102,0.27799326,upper,upper_dominant
P11608,0.96894968,9.71534536,5.09249093,0.39243003,upper,upper_dominant
P11609,0.96904573,9.65824116,5.026778,0.38796518,upper,upper_dominant
P11610,0.9693796,9.698609,5.04407897,0.44460178,upper,upper_dominant
P11611,0.96956685,9.68785191,5.18309271,0.41615096,upper,upper_dominant
P11612,0.96966225,9.67439078,5.03775696,0.22494812,upper,upper_dominant
P11613,0.96969547,9.67661822,4.99616541,0.4149044,upper,upper_dominant
P11614,0.96974099,9.67871167,5.15526862,0.45341859,upper,upper_dominant
P11615,0.96981339,9.70033524,0.24436563,0.23852359,middle,upper_dominant
P11616,0.96999246,9.71587087,5.04516766,0.44060463,upper,upper_dominant
P11617,0.97003787,9.68143146,0.07552164,0.06541186,middle,upper_dominant
P11618,0.97010068,9.68628342,5.06061271,0.41353223,upper,upper_dominant
P11619,0.97023272,9.71673084,5.01758964,0.32249915,upper,upper_dominant
P11620,0.9702393,9.64363545,4.99493947,0.52179411,upper,upper_dominant
P11621,0.97029737,9.69495322,5.04634999,0.32713745,upper,upper_dominant
P11622,0.97035697,9.69688695,5.18943163,0.54940579,upper,upper_dominant
P11623,0.97039807,9.69647813,5.17530289,0.30243186,upper,upper_dominant
P11624,0.97041403,9.67600545,5.17167152,0.42938585,upper,upper_dominant
P11625,0.97043736,9.73476108,5.12048636,0.34708647,upper,upper_dominant
P11626,0.97046534,9.70199482,5.19755142,0.30017686,upper,upper_dominant
P11627,0.97046956,9.7012376,5.31034624,0.4051078,upper,upper_dominant
P11628,0.97047372,9.71311109,5.06786733,0.39464523,upper,upper_dominant
P11629,0.97050249,9.70374448,5.10047651,0.41229968,upper,upper_dominant
P11630,0.97050309,9.67406349,5.0150542,0.36935229,upper,upper_dominant
P11631,0.9705566,9.75169474,5.02366512,0.39810253,upper,upper_dominant
P11632,0.97062476,9.68166973,5.15794408,0.3838494,upper,upper_dominant
P11633,0.97068724,9.69781331,-5.05952309,-0.2510147,lower,upper_dominant
P11634,0.97078958,9.68919391,5.11279716,0.29464619,upper,upper_dominant
P11635,0.97097636,9.6918455,0.30230014,0.23287521,middle,upper_dominant
P11636,0.97101519,9.69391448,5.03389109,0.52346924,upper,upper_dominant
P11637,0.97103823,9.67349857,5.07490969,0.4958535,upper,upper_dominant
P11638,0.97104606,9.71094443,5.12055494,0.55148958,upper,upper_dominant
P11639,0.97109935,9.70182754,-5.08167282,-0.23147579,lower,upper_dominant
P11640,0.97115358,9.65885896,5.0361333,0.42533905,upper,upper_dominant
P11641,0.97119002,9.71322665,5.28517658,0.37423219,upper,upper_dominant
P11642,0.97130636,9.73112668,5.14053496,0.39989572,upper,upper_dominant
P11643,0.97134529,9.71437465,5.12600058,0.38097991,upper,upper_dominant
P11644,0.97135478,9.68885387,5.17628046,0.57993491,upper,upper_dominant
P11645,0.97153903,9.70392275,5.12952382,0.21927113,upper,upper_dominant
P11646,0.97164037,9.69362869,-5.08080031,-0.13911369,lower,upper_dominant
P11647,0.97173815,9.73293284,0.04197083,0.03288256,middle,upper_dominant
P11648,0.9717548,9.69210009,5.07863384,0.31642698,upper,upper_dominant
P11649,0.97196305,9.68016334,5.04012569,0.35059162,upper,upper_dominant
P11650,0.97204331,9.68780173,5.21368796,0.49043995,upper,upper_dominant
P11651,0.97208114,9.73290795,4.986765,0.38033009,upper,upper_dominant
P11652,0.97208317,9.70979125,5.11440561,0.26874334,upper,upper_dominant
P11653,0.97212106,9.71783479,-5.09126396,-0.08068087,lower,upper_dominant
P11654,0.97212607,9.6987559,5.02742165,0.42554522,upper,upper_dominant
P11655,0.97214076,9.70292785,-5.1028193,-0.23120751,lower,upper_dominant
P11656,0.97216275,9.71657018,5.10325487,0.30407081,upper,upper_dominant
P11657,0.97217406,9.74815888,0.12758743,0.15797874,middle,upper_dominant
P11658,0.97233717,9.74825184,5.05484702,0.49871257,upper,upper_dominant
P11659,0.97234669,9.72836626,5.11326807,0.26832484,upper,upper_dominant
P11660,0.97241567,9.75217027,4.93353898,0.51082508,upper,upper_dominant
P11661,0.97255772,9.7489217,0.00836345,0.15114878,middle,upper_dominant
P11662,0.97264915,9.74953689,5.03901567,0.41316823,upper,upper_dominant
P11663,0.97267009,9.75214301,5.06333894,0.38326158,upper,upper_dominant
P11664,0.97274183,9.74711158,0.0659911,0.28260607,middle,upper_dominant
P11665,0.97284913,9.71671029,5.11309281,0.35598728,upper,upper_dominant
P11666,0.97291103,9.75515126,5.04049873,0.40652257,upper,upper_dominant
P11667,0.97294896,9.72931881,-5.1053374,-0.0093829,lower,upper_dominant
P11668,0.97314264,9.71725299,5.07421532,0.41978515,upper,upper_dominant
P11669,0.97315624,9.71803029,4.97235188,0.41991811,upper,upper_dominant
P11670,0.97327549,9.77741269,5.12538469,0.41924909,upper,upper_dominant
P11671,0.97356554,9.73533932,5.1455017,0.43994107,upper,upper_dominant
P11672,0.97366884,9.71058055,5.05884782,0.49073429,upper,upper_dominant
P11673,0.97367728,9.76493403,-5.09286941,-0.14009949,lower,upper_dominant
P11674,0.97372773,9.76757588,4.94922911,0.44226626,upper,upper_dominant
P11675,0.97380507,9.76371595,5.13549049,0.4215774,upper,upper_dominant
P11676,0.9738934,9.7624676,5.15931096,0.32072867,upper,upper_dominant
P11677,0.97391148,9.72955122,5.07299238,0.39784731,upper,upper_dominant
P11678,0.97393342,9.79147168,5.21907677,0.3915705,upper,upper_dominant
P11679,0.97394061,9.74953152,5.03055466,0.51283269,upper,upper_dominant
P11680,0.97395923,9.79406177,-5.17806891,-0.22200635,lower,upper_dominant
P11681,0.97398343,9.7661283,5.20913975,0.46631668,upper,upper_dominant
P11682,0.97401021,9.73693699,5.06248851,0.56851854,upper,upper_dominant
P11683,0.97407642,9.76705966,5.01897758,0.28398836,upper,upper_dominant
P11684,0.97408077,9.75411104,5.04745273,0.29625748,upper,upper_dominant
P11685,0.97416508,9.79342667,4.98242053,0.44762357,upper,upper_dominant
P11686,0.97417666,9.7542637,5.09215101,0.45518018,upper,upper_dominant
P11687,0.97420368,9.69975815,5.04805591,0.39676184,upper,upper_dominant
P11688,0.97421728,9.75960711,5.0321458,0.50458991,upper,upper_dominant
P11689,0.97425682,9.79898984,5.10447981,0.34591136,upper,upper_dominant
P11690,0.97439518,9.70267113,5.03558233,0.43111369,upper,upper_dominant
P11691,0.97441579,9.69203643,5.27693516,0.48494457,upper,upper_dominant
P11692,0.97469197,9.7296131,4.9980275,0.42601848,upper,upper_dominant
P11693,0.97477555,9.77306344,5.09134226,0.45678496,upper,upper_dominant
P11694,0.9749552,9.75890631,4.90759686,0.51562759,upper,upper_dominant
P11695,0.97505789,9.73781734,5.11561458,0.41435886,upper,upper_dominant
P11696,0.97515879,9.83749848,0.22680776,-0.01170348,middle,upper_dominant
P11697,0.97518249,9.75107731,4.92307006,0.40195959,upper,upper_dominant
P11698,0.97518944,9.73533303,5.22950047,0.50351275,upper,upper_dominant
P11699,0.97519723,9.71995058,5.16702682,0.49191378,upper,upper_dominant
P11700,0.97522399,9.7534345,5.06302484,0.36114203,upper,upper_dominant
P11701,0.9753457,9.73509752,5.38997651,0.50753446,upper,upper_dominant
P11702,0.97547305,9.72666461,4.92916584,0.55423295,upper,upper_dominant
P11703,0.97548265,9.72495313,0.30589727,0.09874231,middle,upper_dominant
P11704,0.97548811,9.76016767,0.1849058,0.23593129,middle,upper_dominant
P11705,0.97556027,9.76774269,5.08919041,0.31153455,upper,upper_dominant
P11706,0.97558133,9.72579036,-5.07991206,-0.22173155,lower,upper_dominant
P11707,0.97562524,9.77008629,-4.96115889,0.03972249,lower,upper_dominant
P11708,0.97571924,9.7660799,5.25992391,0.35218415,upper,upper_dominant
P11709,0.97585186,9.75743275,5.10982894,0.52067867,upper,upper_dominant
P11710,0.97596714,9.76127959,5.00010896,0.4945549,upper,upper_dominant
P11711,0.97599164,9.73776922,5.11327755,0.34436821,upper,upper_dominant
P11712,0.97617178,9.7647862,5.19513783,0.4354613,upper,upper_dominant
P11713,0.97629443,9.71153155,5.00819276,0.52528923,upper,upper_dominant
P11714,0.97639837,9.77651681,-4.86107968,-0.15730324,lower,upper_dominant
P11715,0.97643272,9.7265853,5.16541895,0.40960605,upper,upper_dominant
P11716,0.97644354,9.75483815,5.03583635,0.37695045,upper,upper_dominant
P11717,0.97659346,9.72431705,5.20071699,0.46078726,upper,upper_dominant
P11718,0.97659887,9.75225539,5.03507068,0.43349258,upper,upper_dominant
P11719,0.97665057,9.74237751,4.9772491,0.35720642,upper,upper_dominant
P11720,0.9767121,9.71810199,4.95923147,0.50276638,upper,upper_dominant
P11721,0.97679362,9.72280092,5.08197756,0.53036148,upper,upper_dominant
P11722,0.97682517,9.76965009,-5.14769551,-0.13302721,lower,upper_dominant
P11723,0.97709656,9.79217558,5.12902261,0.32035549,upper,upper_dominant
P11724,0.97723601,9.796207,5.14426597,0.27562791,upper,upper_dominant
P11725,0.97729007,9.79389158,0.02756839,0.21758706,middle,upper_dominant
P11726,0.97733703,9.76409958,5.02027291,0.38473543,upper,upper_dominant
P11727,0.97738226,9.77475296,4.86912619,0.45729404,upper,upper_dominant
P11728,0.97745849,9.77286324,5.05903812,0.34424524,upper,upper_dominant
P11729,0.97754183,9.73607336,5.16300359,0.3253325,upper,upper_dominant
P11730,0.9775667,9.76995046,5.01577952,0.36900302,upper,upper_dominant
P11731,0.97763349,9.78653909,-5.09780019,-0.17934572,lower,upper_dominant
P11732,0.97765489,9.79624481,5.26475146,0.35961864,upper,upper_dominant
P11733,0.97766637,9.76899429,5.04874095,0.19728362,upper,upper_dominant
P11734,0.97769945,9.78550183,4.97673445,0.31223288,upper,upper_dominant
P11735,0.97781161,9.82862051,-5.0470858,-0.18235443,lower,upper_dominant
P11736,0.97781944,9.79746608,4.97320768,0.51080771,upper,upper_dominant
P11737,0.97812554,9.76037763,0.15837627,0.28138788,middle,upper_dominant
P11738,0.97814356,9.76371987,-4.95850029,-0.03888951,lower,upper_dominant
P11739,0.97815067,9.80793052,5.11272144,0.38495461,upper,upper_dominant
P11740,0.97815489,9.76641938,5.05631464,0.34128512,upper,upper_dominant
P11741,0.97821451,9.77603363,5.14083878,0.37089782,upper,upper_dominant
P11742,0.97829773,9.75098933,4.95674413,0.44835955,upper,upper_dominant
P11743,0.97830201,9.81694239,0.13477192,0.23787508,middle,upper_dominant
P11744,0.97841277,9.81827777,-5.01693086,-0.22002056,lower,upper_dominant
P11745,0.97852607,9.80644934,5.00496674,0.39888577,upper,upper_dominant
P11746,0.97863909,9.75849133,5.12153121,0.50626483,upper,upper_dominant
P11747,0.97875082,9.83487199,5.31081068,0.41225665,upper,upper_dominant
P11748,0.97876511,9.79204352,-5.06132656,-0.09983947,lower,upper_dominant
P11749,0.97878339,9.79332806,-5.05771215,-0.10232517,lower,upper_dominant
P11750,0.97884101,9.78422832,5.2344561,0.60468038,upper,upper_dominant
P11751,0.97901963,9.82095945,0.11716324,0.10074093,middle,upper_dominant
P11752,0.97925378,9.7966441,0.01127491,0.11162104,middle,upper_dominant
P11753,0.97935189,9.78717018,4.9954022,0.24882768,upper,upper_dominant
P11754,0.97951057,9.82284082,5.1863573,0.35328578,upper,upper_dominant
P11755,0.97960621,9.81447245,-4.79827672,-0.08357587,lower,upper_dominant
P11756,0.97966098,9.81042304,5.08622658,0.32186841,upper,upper_dominant
P11757,0.97972904,9.7771354,5.17130596,0.28074825,upper,upper_dominant
P11758,0.97990588,9.8070128,4.99239444,0.47556319,upper,upper_dominant
P11759,0.97992408,9.82102387,5.15115669,0.45112992,upper,upper_dominant
P11760,0.97992805,9.79056504,5.04487654,0.33261845,upper,upper_dominant
P11761,0.97997497,9.80200391,5.24082252,0.45957182,upper,upper_dominant
P11762,0.97999564,9.80115706,5.09810249,0.48390134,upper,upper_dominant
P11763,0.98009821,9.74691472,0.03573802,0.22294564,middle,upper_dominant
P11764,0.9801468,9.80355754,5.26376991,0.49325266,upper,upper_dominant
P11765,0.98017517,9.80028435,5.23969298,0.33776115,upper,upper_dominant
P11766,0.98039252,9.75634461,-4.99683047,0.00595207,lower,upper_dominant
P11767,0.98053908,9.78227807,5.07156196,0.49049428,upper,upper_dominant
P11768,0.98060532,9.81506267,5.04128836,0.6390964,upper,upper_dominant
P11769,0.98064835,9.8034046,4.8113122,0.45547088,upper,upper_dominant
P11770,0.98080358,9.78920276,5.16425713,0.39232553,upper,upper_dominant
P11771,0.98086267,9.81080323,5.03118205,0.49664846,upper,upper_dominant
P11772,0.98090099,9.8343189,5.22801331,0.47017988,upper,upper_dominant
P11773,0.98105733,9.82902186,4.99774931,0.29205591,upper,upper_dominant
P11774,0.98108642,9.82733604,5.07718377,0.43867363,upper,upper_dominant
P11775,0.98119806,9.84056801,5.12763718,0.38363029,upper,upper_dominant
P11776,0.9813518,9.7901641,5.12230908,0.23469857,upper,upper_dominant
P11777,0.98150981,9.82144665,-0.01854016,0.23257108,middle,upper_dominant
P11778,0.98162051,9.77228395,5.21481202,0.49350483,upper,upper_dominant
P11779,0.98163851,9.83023308,5.06878063,0.49476653,upper,upper_dominant
P11780,0.98171104,9.80669147,-5.11827906,-0.08069138,lower,upper_dominant
P11781,0.9817863,9.83227962,-4.99332828,-0.00352555,lower,upper_dominant
P11782,0.98185482,9.80542661,5.06948989,0.4707424,upper,upper_dominant
P11783,0.98198699,9.83093597,0.19120469,0.13777515,middle,upper_dominant
P11784,0.98201515,9.82949222,5.17367437,0.30693722,upper,upper_dominant
P11785,0.98215652,9.7866829,5.15791511,0.43001484,upper,upper_dominant
P11786,0.98225571,9.80909748,5.24117532,0.51310383,upper,upper_dominant
P11787,0.98233278,9.82183859,5.12595134,0.35839398,upper,upper_dominant
P11788,0.98233963,9.80788184,5.19043085,0.42033331,upper,upper_dominant
P11789,0.98234046,9.79580462,5.01449554,0.40129774,upper,upper_dominant
P11790,0.98239225,9.87454219,-0.0139106,0.34716132,middle,upper_dominant
P11791,0.98248629,9.8142986,4.96352794,0.45657997,upper,upper_dominant
P11792,0.98258451,9.82403678,5.09171273,0.38041658,upper,upper_dominant
P11793,0.98270072,9.81268498,4.97892279,0.42701226,upper,upper_dominant
P11794,0.98273123,9.88185998,5.09842254,0.4552339,upper,upper_dominant
P11795,0.98285371,9.83964577,5.09205926,0.38526173,upper,upper_dominant
P11796,0.98289276,9.82853537,5.09220226,0.5460786,upper,upper_dominant
P11797,0.9829037,9.82404836,5.09722575,0.42373172,upper,upper_dominant
P11798,0.9830812,9.82667543,5.08983661,0.30257932,upper,upper_dominant
P11799,0.9830961,9.81798595,0.07161246,0.04639049,middle,upper_dominant
P11800,0.98314391,9.80055899,-5.18347791,-0.02956702,lower,upper_dominant
P11801,0.98325677,9.81900234,4.93350314,0.40629953,upper,upper_dominant
P11802,0.9832854,9.78427253,5.15562912,0.3958198,upper,upper_dominant
P11803,0.98349461,9.87777898,0.04038165,0.03664295,middle,upper_dominant
P11804,0.98350862,9.81351893,5.09060616,0.33663999,upper,upper_dominant
P11805,0.98360516,9.85854119,5.16943954,0.54430369,upper,upper_dominant
P11806,0.98360865,9.87071602,5.17843447,0.39961851,upper,upper_dominant
P11807,0.98380681,9.83896595,5.15709287,0.44065029,upper,upper_dominant
P11808,0.98384239,9.83810306,5.12694988,0.54055173,upper,upper_dominant
P11809,0.98411056,9.80959357,4.99219644,0.50078336,upper,upper_dominant
P11810,0.9843211,9.83568174,5.01047214,0.55961417,upper,upper_dominant
P11811,0.9843779,9.83151189,4.97872424,0.42182647,upper,upper_dominant
P11812,0.98443594,9.82511611,5.31621871,0.49464972,upper,upper_dominant
P11813,0.98447212,9.85485588,5.21599725,0.36107785,upper,upper_dominant
P11814,0.98475436,9.80848577,5.19963622,0.38430002,upper,upper_dominant
P11815,0.98477136,9.84318209,-4.91598478,-0.0608838,lower,upper_dominant
P11816,0.9848066,9.89061205,5.18717787,0.25287367,upper,upper_dominant
P11817,0.98481979,9.82741802,5.11770567,0.46125059,upper,upper_dominant
P11818,0.9848915,9.829515,5.34973168,0.31143411,upper,upper_dominant
P11819,0.98490021,9.82381599,0.04804509,0.14522794,middle,upper_dominant
P11820,0.98493194,9.84918181,5.12020673,0.37908682,upper,upper_dominant
P11821,0.98494344,9.83760553,5.24099306,0.28929228,upper,upper_dominant
P11822,0.98502027,9.81765634,5.10807345,0.45987393,upper,upper_dominant
P11823,0.98506128,9.89000075,5.123935,0.41215247,upper,upper_dominant
P11824,0.98508172,9.88912914,5.09719998,0.52919406,upper,upper_dominant
P11825,0.98518714,9.84021999,5.13713141,0.39665742,upper,upper_dominant
P11826,0.98520728,9.82193412,5.07294915,0.35976076,upper,upper_dominant
P11827,0.9854347,9.81797275,5.05897085,0.36676316,upper,upper_dominant
P11828,0.98551163,9.82389814,4.9576916,0.56535236,upper,upper_dominant
P11829,0.98565884,9.8064249,-4.88807413,-0.17780206,lower,upper_dominant
P11830,0.98566997,9.83483919,5.06666889,0.40959178,upper,upper_dominant
P11831,0.98578143,9.82336334,4.90847352,0.47271699,upper,upper_dominant
P11832,0.98587998,9.85127592,5.20878403,0.43599519,upper,upper_dominant
P11833,0.98588477,9.8374321,5.17529657,0.52057581,upper,upper_dominant
P11834,0.98600886,9.90201636,5.1772555,0.36707363,upper,upper_dominant
P11835,0.98606639,9.86480742,-5.12053955,-0.15044121,lower,upper_dominant
P11836,0.98609863,9.90590184,5.12248171,0.37660937,upper,upper_dominant
P11837,0.98614915,9.85214659,4.9550906,0.51336832,upper,upper_dominant
P11838,0.98622264,9.83004214,-5.04032187,0.00952973,lower,upper_dominant
P11839,0.98629014,9.84008959,5.29121009,0.39076967,upper,upper_dominant
P11840,0.98661038,9.84208878,5.04910443,0.44986112,upper,upper_dominant
P11841,0.98688481,9.90331148,5.16172834,0.46478693,upper,upper_dominant
P11842,0.98698933,9.90680468,5.1617804,0.4312373,upper,upper_dominant
P11843,0.98699474,9.86829374,5.18192643,0.59497998,upper,upper_dominant
P11844,0.98706377,9.91291738,5.03726211,0.53348887,upper,upper_dominant
P11845,0.98716763,9.87005984,5.09242377,0.43008094,upper,upper_dominant
P11846,0.98723741,9.85755337,5.13787057,0.42494307,upper,upper_dominant
P11847,0.98729159,9.86506735,0.0412855,0.3695588,middle,upper_dominant
P11848,0.98736823,9.83467915,5.19363754,0.35284592,upper,upper_dominant
P11849,0.98740149,9.83999178,-0.02468562,0.27538604,middle,upper_dominant
P11850,0.98761033,9.87873642,4.97475286,0.34565088,upper,upper_dominant
P11851,0.98766779,9.8485392,5.10527907,0.35011419,upper,upper_dominant
P11852,0.98773865,9.91606624,4.86307854,0.49779654,upper,upper_dominant
P11853,0.98776614,9.90175186,5.15100731,0.31100653,upper,upper_dominant
P11854,0.98786582,9.85968743,5.10184841,0.40988585,upper,upper_dominant
P11855,0.98794216,9.92639877,5.13013694,0.30974072,upper,upper_dominant
P11856,0.98799117,9.85160518,5.01736583,0.55502412,upper,upper_dominant
P11857,0.98812757,9.8984588,5.08352198,0.33521768,upper,upper_dominant
P11858,0.98815045,9.89290736,5.07720478,0.48450607,upper,upper_dominant
P11859,0.98817648,9.92791596,5.01983408,0.45734444,upper,upper_dominant
P11860,0.98822092,9.9015905,5.20922876,0.41487873,upper,upper_dominant
P11861,0.98826043,9.90003562,5.00489903,0.50878967,upper,upper_dominant
P11862,0.98835836,9.88414582,0.13457291,0.14560205,middle,upper_dominant
P11863,0.98839556,9.89193881,5.09736269,0.57504208,upper,upper_dominant
P11864,0.98857207,9.88819691,5.21459013,0.24373318,upper,upper_dominant
P11865,0.9887439,9.86437946,5.27850306,0.45518374,upper,upper_dominant
P11866,0.98875531,9.88376271,5.13490852,0.3750765,upper,upper_dominant
P11867,0.98883492,9.90276347,5.15028997,0.4625936,upper,upper_dominant
P11868,0.98890742,9.89447392,5.14575621,0.36565116,upper,upper_dominant
P11869,0.98892905,9.89629896,5.17294694,0.426978,upper,upper_dominant
P11870,0.98901887,9.90804409,5.140562,0.46531681,upper,upper_dominant
P11871,0.9890496,9.87596377,5.09957294,0.38798087,upper,upper_dominant
P11872,0.98910125,9.89253356,4.96092433,0.55893292,upper,upper_dominant
P11873,0.98913436,9.90050355,5.1000794,0.48836545,upper,upper_dominant
P11874,0.98938298,9.91654951,-5.10431786,-0.09517075,lower,upper_dominant
P11875,0.98939392,9.9080081,5.07238189,0.5091109,upper,upper_dominant
P11876,0.98963562,9.87598961,0.08230948,0.33826449,middle,upper_dominant
P11877,0.98971956,9.85241823,5.12429773,0.35591961,upper,upper_dominant
P11878,0.98972191,9.90707677,5.22159238,0.44422543,upper,upper_dominant
P11879,0.98972775,9.91471016,5.06304796,0.50492769,upper,upper_dominant
P11880,0.98988134,9.89515435,5.06393517,0.39570174,upper,upper_dominant
P11881,0.98988204,9.89372715,5.1201659,0.48362853,upper,upper_dominant
P11882,0.98991086,9.9084774,5.07161094,0.43125717,upper,upper_dominant
P11883,0.98991962,9.88205018,4.9536333,0.42732665,upper,upper_dominant
P11884,0.9899755,9.85392804,5.12975574,0.54431812,upper,upper_dominant
P11885,0.99004121,9.90017861,5.03319265,0.48619065,upper,upper_dominant
P11886,0.99005156,9.86059774,5.16585625,0.54854903,upper,upper_dominant
P11887,0.99010905,9.90164766,5.21840962,0.49760227,upper,upper_dominant
P11888,0.99013984,9.89735255,5.18768885,0.44334294,upper,upper_dominant
P11889,0.99021266,9.90557132,5.04952281,0.54038443,upper,upper_dominant
P11890,0.99045785,9.85203451,5.11032867,0.49009756,upper,upper_dominant
P11891,0.990579,9.95889687,5.04850783,0.45141783,upper,upper_dominant
P11892,0.99057927,9.90748793,5.0684026,0.53060217,upper,upper_dominant
P11893,0.99064013,9.893971,5.13175398,0.43168477,upper,upper_dominant
P11894,0.99093894,9.88586828,4.99446094,0.44056986,upper,upper_dominant
P11895,0.99104622,9.91976695,0.14174547,0.15103459,middle,upper_dominant
P11896,0.99116479,9.8784772,5.04919804,0.43260977,upper,upper_dominant
P11897,0.99130744,9.90693418,5.07456392,0.39136394,upper,upper_dominant
P11898,0.99138361,9.91720057,5.08325094,0.48588173,upper,upper_dominant
P11899,0.99139084,9.90144423,5.01814654,0.48739153,upper,upper_dominant
P11900,0.99139475,9.90461174,5.06219996,0.53047659,upper,upper_dominant
P11901,0.99143624,9.88154208,5.11133577,0.29196743,upper,upper_dominant
P11902,0.99155963,9.8995644,5.25749734,0.41990948,upper,upper_dominant
P11903,0.99164574,9.91824779,0.05117436,0.06925388,middle,upper_dominant
P11904,0.99166566,9.88632934,4.89139241,0.38152679,upper,upper_dominant
P11905,0.99169454,9.92609511,5.1809524,0.48474506,upper,upper_dominant
P11906,0.99171585,9.92020912,5.04276139,0.40568091,upper,upper_dominant
P11907,0.99177358,9.91367839,5.10030777,0.37794561,upper,upper_dominant
P11908,0.99189403,9.95936169,5.21553014,0.51544437,upper,upper_dominant
P11909,0.99194002,9.93193217,5.17622012,0.42218107,upper,upper_dominant
P11910,0.99227838,9.92587537,5.10656972,0.5448401,upper,upper_dominant
P11911,0.99231342,9.93004501,5.12956037,0.27302744,upper,upper_dominant
P11912,0.99253844,9.94973628,4.98350084,0.4791994,upper,upper_dominant
P11913,0.99265266,9.88973977,5.12309006,0.37374658,upper,upper_dominant
P11914,0.99266134,9.93725176,4.96799094,0.51908298,upper,upper_dominant
P11915,0.99266743,9.93761537,5.09082839,0.51214695,upper,upper_dominant
P11916,0.99270286,9.93100124,5.04080459,0.32970546,upper,upper_dominant
P11917,0.9927576,9.93364466,0.09191033,0.2601551,middle,upper_dominant
P11918,0.9928224,9.93784261,5.13982897,0.5280216,upper,upper_dominant
P11919,0.9928349,9.96582784,5.03117986,0.40714255,upper,upper_dominant
P11920,0.99288484,9.89953229,5.05017934,0.40852177,upper,upper_dominant
P11921,0.99296218,9.9552834,5.11209116,0.36796912,upper,upper_dominant
P11922,0.99306513,9.9307409,-5.02493519,-0.02859669,lower,upper_dominant
P11923,0.99320305,9.93911799,5.18602484,0.54243707,upper,upper_dominant
P11924,0.99328089,9.96822643,5.06233069,0.48749006,upper,upper_dominant
P11925,0.99334566,9.95090864,5.08820648,0.45070184,upper,upper_dominant
P11926,0.99338583,9.90701293,5.26586587,0.49039527,upper,upper_dominant
P11927,0.99339048,9.92727481,4.95356391,0.47151783,upper,upper_dominant
P11928,0.99366696,9.90239819,5.2092827,0.43361261,upper,upper_dominant
P11929,0.99367624,9.93922043,0.12516198,0.42451424,middle,upper_dominant
P11930,0.99368456,9.95261868,5.12974134,0.52207099,upper,upper_dominant
P11931,0.99370959,9.92533788,4.99867074,0.25506493,upper,upper_dominant
P11932,0.99386776,9.92133795,5.09270519,0.61657744,upper,upper_dominant
P11933,0.994034,9.94200355,-5.09991853,-0.09934391,lower,upper_dominant
P11934,0.99429335,9.9500409,5.18244672,0.48006529,upper,upper_dominant
P11935,0.99436585,9.90921465,5.13034728,0.51968205,upper,upper_dominant
P11936,0.99438069,9.95954599,5.01718265,0.47941247,upper,upper_dominant
P11937,0.99445931,9.94486977,5.09238001,0.55476622,upper,upper_dominant
P11938,0.99453336,9.94498545,5.11308062,0.42078596,upper,upper_dominant
P11939,0.99460265,9.9278673,5.11265892,0.43937499,upper,upper_dominant
P11940,0.99472985,9.95390529,-5.01298088,-0.04408381,lower,upper_dominant
P11941,0.994979,9.94691692,5.08304012,0.4889062,upper,upper_dominant
P11942,0.99500619,9.9278875,5.10728558,0.40671363,upper,upper_dominant
P11943,0.9950408,9.92962194,5.10207859,0.43322139,upper,upper_dominant
P11944,0.9951339,9.95137055,0.19340651,0.33872801,middle,upper_dominant
P11945,0.99528945,9.92492754,5.08047711,0.51609036,upper,upper_dominant
P11946,0.9956617,9.95301449,5.10874504,0.43845739,upper,upper_dominant
P11947,0.99566979,9.95066051,5.14894971,0.47862061,upper,upper_dominant
P11948,0.99571189,9.96662857,5.1407669,0.61916552,upper,upper_dominant
P11949,0.99583538,9.95374954,5.22658474,0.51536181,upper,upper_dominant
P11950,0.99600137,9.93753567,5.23706466,0.36799603,upper,upper_dominant
P11951,0.99613338,9.93575986,5.06455524,0.3950282,upper,upper_dominant
P11952,0.99618211,9.96359377,5.12029065,0.38851135,upper,upper_dominant
P11953,0.99631944,9.95366688,5.1231291,0.53190219,upper,upper_dominant
P11954,0.99647658,9.95270989,5.18762052,0.49534872,upper,upper_dominant
P11955,0.99673386,9.9989558,4.97011517,0.39619923,upper,upper_dominant
P11956,0.99682432,9.94208024,5.1616251,0.29707889,upper,upper_dominant
P11957,0.9968723,10.0019116,0.10746749,0.32717344,middle,upper_dominant
P11958,0.99696965,9.99612069,5.1793177,0.47861625,upper,upper_dominant
P11959,0.99701252,9.99607926,5.2036038,0.43400616,upper,upper_dominant
P11960,0.99706823,10.02625538,5.07098635,0.45236462,upper,upper_dominant
P11961,0.99707651,9.93727616,5.04394689,0.38102811,upper,upper_dominant
P11962,0.9970968,9.98436926,4.93557606,0.39277056,upper,upper_dominant
P11963,0.99729402,9.98131444,5.05385707,0.34797636,upper,upper_dominant
P11964,0.9974039,9.99649864,5.14542475,0.36626156,upper,upper_dominant
P11965,0.99744398,9.98371365,5.0726977,0.37232683,upper,upper_dominant
P11966,0.99750985,9.9370977,-5.09351674,0.01956434,lower,upper_dominant
P11967,0.99776976,9.96284767,5.08636276,0.56304585,upper,upper_dominant
P11968,0.9979021,9.97520691,5.19185683,0.41046714,upper,upper_dominant
P11969,0.99804744,10.01717622,5.07116945,0.50808109,upper,upper_dominant
P11970,0.99806149,9.99254931,5.18892373,0.42180309,upper,upper_dominant
P11971,0.9981932,9.98462249,5.199234,0.44007017,upper,upper_dominant
P11972,0.99823431,9.95132341,4.95595362,0.4661081,upper,upper_dominant
P11973,0.99832214,10.01242538,5.08435743,0.42616185,upper,upper_dominant
P11974,0.99835709,9.95537714,5.10105553,0.37202353,upper,upper_dominant
P11975,0.99857854,9.98674434,5.12005867,0.44433774,upper,upper_dominant
P11976,0.99890731,10.01376221,5.18839299,0.44001831,upper,upper_dominant
P11977,0.9989196,9.98372701,5.20994859,0.48486911,upper,upper_dominant
P11978,0.99905974,10.00976966,-5.10247757,0.02944499,lower,upper_dominant
P11979,0.99907224,9.98951314,5.1581521,0.38980551,upper,upper_dominant
P11980,0.99909551,9.96832367,5.14604307,0.55269218,upper,upper_dominant
P11981,0.99926621,9.98100602,5.12848065,0.51262467,upper,upper_dominant
P11982,0.99930513,9.97713287,5.06595053,0.56091331,upper,upper_dominant
P11983,0.99933926,9.95290003,5.25107322,0.35288354,upper,upper_dominant
P11984,0.99938558,10.0045305,5.08669379,0.35969869,upper,upper_dominant
P11985,0.99939883,9.99363184,5.04703134,0.45284212,upper,upper_dominant
P11986,0.99943694,9.99457922,5.14489181,0.39166091,upper,upper_dominant
P11987,0.99948124,9.98763148,5.14232674,0.38850985,upper,upper_dominant
P11988,0.99949397,10.02740217,5.10591365,0.46171515,upper,upper_dominant
P11989,0.99952789,10.0140435,5.19302684,0.50660581,upper,upper_dominant
P11990,0.99958136,9.99285463,5.11401767,0.478127,upper,upper_dominant
P11991,0.99973669,10.00209822,5.15724874,0.51178649,upper,upper_dominant
P11992,0.99976365,10.01600776,5.11667632,0.47856236,upper,upper_dominant
P11993,0.9998165,10.01332072,5.1727766,0.46697074,upper,upper_dominant
P11994,0.99986203,10.01402209,5.013094,0.44195373,upper,upper_dominant
P11995,0.99987178,10.05451753,5.26425111,0.48209473,upper,upper_dominant
P11996,0.999877,9.98365035,5.14407957,0.64537846,upper,upper_dominant
P11997,0.99990764,10.00336515,0.1119688,0.43067459,middle,upper_dominant
P11998,0.9999089,10.01860358,5.07777993,0.56389188,upper,upper_dominant
P11999,0.99992126,9.95255842,5.27400059,0.56225006,upper,upper_dominant
P12000,0.99994417,9.98382607,-5.09723197,0.00610008,lower,upper_dominant
